,F0semitoneFrom27.5Hz_sma3nz_amean,F0semitoneFrom27.5Hz_sma3nz_stddevNorm,F0semitoneFrom27.5Hz_sma3nz_percentile20.0,F0semitoneFrom27.5Hz_sma3nz_percentile50.0,F0semitoneFrom27.5Hz_sma3nz_percentile80.0,F0semitoneFrom27.5Hz_sma3nz_pctlrange0-2,F0semitoneFrom27.5Hz_sma3nz_meanRisingSlope,F0semitoneFrom27.5Hz_sma3nz_stddevRisingSlope,F0semitoneFrom27.5Hz_sma3nz_meanFallingSlope,F0semitoneFrom27.5Hz_sma3nz_stddevFallingSlope,loudness_sma3_amean,loudness_sma3_stddevNorm,loudness_sma3_percentile20.0,loudness_sma3_percentile50.0,loudness_sma3_percentile80.0,loudness_sma3_pctlrange0-2,loudness_sma3_meanRisingSlope,loudness_sma3_stddevRisingSlope,loudness_sma3_meanFallingSlope,loudness_sma3_stddevFallingSlope,spectralFlux_sma3_amean,spectralFlux_sma3_stddevNorm,mfcc1_sma3_amean,mfcc1_sma3_stddevNorm,mfcc2_sma3_amean,mfcc2_sma3_stddevNorm,mfcc3_sma3_amean,mfcc3_sma3_stddevNorm,mfcc4_sma3_amean,mfcc4_sma3_stddevNorm,jitterLocal_sma3nz_amean,jitterLocal_sma3nz_stddevNorm,shimmerLocaldB_sma3nz_amean,shimmerLocaldB_sma3nz_stddevNorm,HNRdBACF_sma3nz_amean,HNRdBACF_sma3nz_stddevNorm,logRelF0-H1-H2_sma3nz_amean,logRelF0-H1-H2_sma3nz_stddevNorm,logRelF0-H1-A3_sma3nz_amean,logRelF0-H1-A3_sma3nz_stddevNorm,F1frequency_sma3nz_amean,F1frequency_sma3nz_stddevNorm,F1bandwidth_sma3nz_amean,F1bandwidth_sma3nz_stddevNorm,F1amplitudeLogRelF0_sma3nz_amean,F1amplitudeLogRelF0_sma3nz_stddevNorm,F2frequency_sma3nz_amean,F2frequency_sma3nz_stddevNorm,F2bandwidth_sma3nz_amean,F2bandwidth_sma3nz_stddevNorm,F2amplitudeLogRelF0_sma3nz_amean,F2amplitudeLogRelF0_sma3nz_stddevNorm,F3frequency_sma3nz_amean,F3frequency_sma3nz_stddevNorm,F3bandwidth_sma3nz_amean,F3bandwidth_sma3nz_stddevNorm,F3amplitudeLogRelF0_sma3nz_amean,F3amplitudeLogRelF0_sma3nz_stddevNorm,alphaRatioV_sma3nz_amean,alphaRatioV_sma3nz_stddevNorm,hammarbergIndexV_sma3nz_amean,hammarbergIndexV_sma3nz_stddevNorm,slopeV0-500_sma3nz_amean,slopeV0-500_sma3nz_stddevNorm,slopeV500-1500_sma3nz_amean,slopeV500-1500_sma3nz_stddevNorm,spectralFluxV_sma3nz_amean,spectralFluxV_sma3nz_stddevNorm,mfcc1V_sma3nz_amean,mfcc1V_sma3nz_stddevNorm,mfcc2V_sma3nz_amean,mfcc2V_sma3nz_stddevNorm,mfcc3V_sma3nz_amean,mfcc3V_sma3nz_stddevNorm,mfcc4V_sma3nz_amean,mfcc4V_sma3nz_stddevNorm,alphaRatioUV_sma3nz_amean,hammarbergIndexUV_sma3nz_amean,slopeUV0-500_sma3nz_amean,slopeUV500-1500_sma3nz_amean,spectralFluxUV_sma3nz_amean,loudnessPeaksPerSec,VoicedSegmentsPerSec,MeanVoicedSegmentLengthSec,StddevVoicedSegmentLengthSec,MeanUnvoicedSegmentLength,StddevUnvoicedSegmentLength,equivalentSoundLevel_dBp,labels,filename,utt_label
0,31.402185,0.06909138,28.709126,31.7906,33.365902,4.6567764,31.945984,6.0559235,27.910242,0.0,0.1833865,0.75951743,0.11047332,0.12280164,0.21875602,0.1082827,1.107305,0.79167384,1.1950308,0.65831137,0.04944138,1.0049031,26.797308,0.1612667,-3.2633064,-2.4314642,16.278168,0.43486232,-10.050482,-0.8549516,0.020985117,0.82351595,1.362021,0.45929703,4.290425,0.37909764,2.4920526,2.8945425,18.489134,0.4477436,579.8253,0.34000418,1518.3752,0.15570758,-171.27419,-0.3854341,1586.0686,0.11536415,1320.8499,0.41428348,-171.48985,-0.37447608,2605.642,0.069858715,1054.4476,0.21639585,-172.44667,-0.36029902,-12.211486,-0.45516175,21.483847,0.29330942,0.0145959165,0.7686513,-0.011092778,-0.79286176,0.08357851,0.70687175,31.327484,0.10268434,-7.0670257,-1.8555654,16.109856,0.8457946,-17.043951,-0.70694286,-12.0895815,21.31894,-0.0018754083,-0.0011909264,0.043624815,1.0600708,1.7985612,0.078,0.029933259,0.38,0.39102426,-40.764606,q,Ses01M_script01_2,Ses01M_script01_2_F000
1,25.753952,0.0780698,24.451984,25.260115,28.132156,3.680172,15.09783,0.52429056,-2.8644636,8.654468,0.23925722,0.7720435,0.11139271,0.13501556,0.37916458,0.26777187,2.1323838,1.8001739,2.1543674,1.6763982,0.07080471,1.0502359,27.374134,0.37851325,0.29936382,25.54255,18.048738,0.75427455,-6.0254445,-1.6685137,0.0156381,0.93968874,0.9933052,0.73296946,5.4279504,0.3405575,3.0431826,1.800852,26.291988,0.27582568,572.8488,0.41989985,1339.3817,0.15813655,-143.76025,-0.6171443,1643.6406,0.15209422,1010.9926,0.34703127,-145.81708,-0.5659496,2691.992,0.11074891,1052.0984,0.33396408,-147.12741,-0.547794,-14.51747,-0.29272017,25.23013,0.21629466,0.029611656,0.5575609,-0.012295138,-1.3271596,0.1461678,0.63925,37.028458,0.2083556,-2.40905,-3.9086657,24.922546,0.8995307,-1.5584108,-9.698758,-11.537973,21.163088,-0.0027750388,0.0008341766,0.03961093,1.7817373,1.1261262,0.256,0.17828067,0.5083333,0.31179142,-33.188816,ans,Ses01M_script01_2,Ses01M_script01_2_M000
2,31.237972,0.050468117,29.598804,31.212822,33.035244,3.4364395,56.64697,30.089075,15.383915,9.72963,0.14121452,0.34326458,0.10535061,0.12193356,0.1711906,0.06583999,0.8137289,0.78427446,0.7016429,0.516522,0.04282463,0.568915,28.90134,0.16367678,0.2765123,19.843197,14.683852,0.5035039,-7.7788796,-0.71140903,0.0272948,0.8814585,1.2692798,0.4899932,5.217623,0.37077254,8.23115,0.83868825,26.419163,0.24000213,553.18115,0.2812222,1431.8055,0.12236217,-177.2673,-0.33611396,1603.5024,0.067506135,1079.1565,0.22808209,-177.52834,-0.32125106,2666.6995,0.06261998,1048.9008,0.38445997,-178.67732,-0.3030351,-16.424288,-0.28884536,26.320675,0.17870954,0.0072638206,2.371583,-0.009178132,-0.9883077,0.06132821,0.52136844,34.55504,0.10218631,0.8693696,8.927908,18.581984,0.7097585,-7.607218,-0.89304566,-14.165768,24.313766,-0.008030679,-0.0026216225,0.0404387,1.9867551,1.5625,0.07285714,0.045265656,0.4775,0.5599944,-43.77159,q,Ses01M_script01_2,Ses01M_script01_2_F001
3,25.478657,0.10953534,21.912317,26.233196,27.990618,6.0783005,47.570255,60.929543,23.156387,5.9098487,0.21480744,0.64676684,0.108683586,0.15916227,0.30156812,0.19288453,2.2112865,1.5745242,2.5588946,2.338746,0.06560156,0.8976687,28.444103,0.38759553,-1.3518827,-4.808818,15.493859,0.45942745,-7.989614,-1.1132175,0.016572315,1.0541275,1.1894853,0.7066691,4.976068,0.43226036,2.4970896,2.7509313,29.679853,0.19261968,660.82166,0.3695738,1409.4843,0.1891166,-154.50032,-0.52296424,1631.25,0.16005354,1173.4,0.25717017,-156.88075,-0.4846371,2708.9514,0.11006964,931.14575,0.24247038,-159.07616,-0.45409396,-14.967711,-0.27310032,27.749443,0.19774576,0.026821932,0.651047,-0.011316988,-1.5145665,0.13648757,0.47888264,41.197033,0.15551606,-0.96346915,-7.920672,11.529084,0.94506854,-8.298005,-1.653995,-10.896975,20.476828,-0.0037024121,0.0022490367,0.043824635,2.3743017,1.4064698,0.16,0.08497058,0.4818182,0.5281669,-35.571297,q,Ses01M_script01_2,Ses01M_script01_2_M001
4,28.384722,0.106664665,24.711388,29.292477,31.199173,6.4877853,62.581814,73.84332,13.273862,9.569108,0.33715442,0.8014747,0.107655846,0.22415574,0.6070668,0.49941096,5.0988507,3.1590717,4.126599,1.8861821,0.13062489,0.8948271,32.16354,0.24546479,-2.0447423,-4.6768255,20.818829,0.65178674,-7.1797833,-1.5548832,0.017466113,0.83160055,1.2991238,0.7244506,6.002854,0.4269263,3.8170676,1.7474954,26.219328,0.32862508,570.5756,0.3961432,1299.0302,0.17066926,-127.286224,-0.7267657,1661.9277,0.15820739,962.9121,0.2760047,-130.29536,-0.6588504,2674.1355,0.11270903,950.15027,0.2825808,-131.54468,-0.6406688,-15.329899,-0.4078425,23.400503,0.30406773,0.025519907,0.8060445,-0.015926389,-1.0148721,0.23104575,0.42060563,37.29293,0.20621336,-2.1788628,-5.52285,28.491146,0.6109858,-7.3111415,-2.2908425,-13.423114,24.048523,-0.0025846134,-0.001246471,0.0683596,2.4866786,1.6129032,0.23222221,0.16026212,0.36555555,0.4389409,-29.318666,s,Ses01M_script01_2,Ses01M_script01_2_M002
5,30.854065,0.043636948,30.190996,30.84572,32.04097,1.8499737,12.407494,0.0,-35.17503,34.11377,0.16886903,0.45560902,0.11013274,0.14915398,0.20072532,0.09059258,0.9883541,0.5285062,0.7319441,0.55506444,0.044498585,0.54444796,28.661785,0.16147475,-4.851466,-1.6365511,14.563431,0.40613657,-5.8603783,-1.1620796,0.018683687,0.9562514,1.2235545,0.7069806,5.3047643,0.4040237,7.9388466,1.5511554,23.120226,0.35961622,618.60205,0.29908186,1378.5844,0.08547089,-180.53906,-0.3130852,1717.1824,0.10175587,988.7946,0.13533852,-180.39716,-0.30405268,2791.4688,0.062214583,1009.678,0.5114143,-181.13795,-0.29084715,-15.587759,-0.38163924,24.652578,0.15372883,0.019672247,0.69036955,-0.0066781496,-1.6473728,0.07813311,0.34042442,28.803305,0.18133163,3.784362,4.0319777,18.473639,0.59371173,-5.7167478,-2.284624,-10.818679,20.937336,0.004897215,0.00044959548,0.04077794,2.5925925,1.1320755,0.089999996,0.0725718,0.76666665,0.3591038,-43.041973,c,Ses01M_script01_2,Ses01M_script01_2_F002
6,29.901104,0.10259043,27.51292,29.768951,33.27835,5.7654305,31.635334,32.189922,19.721136,0.89533836,0.38567027,0.81974274,0.11339465,0.24049003,0.696874,0.5834794,5.658907,3.0852714,4.2152524,2.366749,0.16099483,0.9724818,29.921356,0.22899798,-1.9239821,-4.308894,18.803331,0.64286155,-3.996443,-1.8706859,0.017375994,1.0469041,1.1348153,0.49672064,5.702949,0.56383073,7.7556973,1.4332893,22.603779,0.27501667,523.6754,0.40432575,1299.8619,0.11518864,-128.88846,-0.703573,1575.526,0.13841662,936.62537,0.20167823,-130.5927,-0.65463847,2538.8057,0.08383598,898.78876,0.2798183,-131.84265,-0.63742715,-13.251707,-0.3488541,21.009632,0.19512703,0.029115468,0.5919894,-0.0075403946,-1.110981,0.32238483,0.39315057,32.006992,0.21181253,-2.2606785,-4.5657687,25.55994,0.57920825,-0.32652,-22.938532,-12.863301,22.720783,-0.0021993755,-0.0019879453,0.06512304,3.2128513,2.0491803,0.17799999,0.1468877,0.24,0.28041634,-27.450775,q,Ses01M_script01_2,Ses01M_script01_2_M003
7,29.894707,0.019114437,29.429132,29.785534,30.382965,0.9538326,58.737694,0.0,0.016325474,10.0949135,0.20705292,0.65400505,0.11292537,0.14500755,0.3011853,0.18825993,2.4482749,1.5434945,1.4578122,0.9599149,0.05713141,0.78806347,27.16131,0.26533663,-5.7020936,-1.9603788,10.3489065,0.6683272,-11.339669,-0.58172524,0.017414283,0.65256286,1.4148227,0.4960577,3.2594092,0.27399454,1.1899991,5.4685783,9.800065,0.43706468,512.6295,0.20431769,1366.4463,0.09944702,-180.96008,-0.3172296,1578.8829,0.041724853,1000.82477,0.14732052,-181.11198,-0.31491905,2647.8481,0.044685863,984.38885,0.33159998,-182.10468,-0.29701993,-9.049702,-0.3015237,20.185688,0.08014013,0.027689401,0.46364102,-0.023031091,-0.43871877,0.14858674,0.27258652,31.59368,0.09504031,-19.78592,-0.45596468,4.167362,1.792091,-21.44466,-0.30997387,-10.690448,20.522484,0.0007264651,-0.0013695261,0.04806588,2.2140222,1.1278197,0.07666666,0.012472191,0.59,0.5109795,-40.329384,ans,Ses01M_script01_2,Ses01M_script01_2_F003
8,24.735327,0.121742025,22.88966,24.576347,26.770039,3.8803787,480.77618,459.25433,-41.474453,63.551395,0.19437952,0.42973396,0.11375695,0.15890092,0.28142822,0.16767126,1.407315,0.868527,1.5886649,0.77661884,0.04765113,0.58656377,21.684708,0.5258398,3.7817478,2.2819235,12.571621,0.44634044,-12.302546,-0.51568186,0.021941898,0.5613418,1.1156509,0.5309328,3.5244288,0.38778308,6.363625,0.9639487,32.621002,0.14680766,625.16406,0.27211088,1483.1935,0.14545357,-175.23491,-0.35557783,1624.7046,0.1718963,1331.8807,0.29046905,-176.79346,-0.3261277,2685.6072,0.09783796,1079.0182,0.2129444,-177.85922,-0.3091718,-17.360168,-0.22865783,28.395067,0.20729873,0.026526993,0.64799553,-0.025180047,-0.40441802,0.098219775,0.18530475,35.19086,0.17286661,9.28545,0.5913456,7.359212,0.98682463,-21.10863,-0.34752706,-9.915214,18.641432,0.0007654043,-0.0010010733,0.040553,3.5856574,1.6260163,0.0725,0.059319053,0.41599998,0.34360442,-41.11667,b,Ses01M_script01_2,Ses01M_script01_2_M004
9,38.355076,0.14049165,34.20049,36.688396,46.70267,12.502182,163.0227,209.67943,77.636635,65.00511,0.49467278,0.87646,0.1083684,0.35261178,0.8349023,0.7265339,4.8427496,1.8111931,4.3633227,2.615516,0.2423022,1.2249979,27.13265,0.28257495,-10.367014,-1.3339198,10.355881,1.1446412,-17.476763,-0.9117125,0.024604376,1.0456002,1.2664186,0.43883544,5.5797358,0.527894,6.3453097,1.9269408,20.617851,0.44491524,740.39545,0.3018689,1353.0552,0.16454108,-153.5725,-0.5401873,1731.7208,0.1671559,1275.8815,0.37999222,-146.73117,-0.5691829,2737.7358,0.105793625,948.32434,0.23613185,-148.6091,-0.5421557,-7.4831014,-1.0239908,20.99535,0.34291738,0.04558669,0.49291262,-0.011710355,-1.0415301,0.37634856,0.61778873,28.334747,0.30890113,-14.6308565,-0.99984294,5.2357464,2.370952,-25.020899,-0.5805582,-8.911079,21.14982,0.015093029,-0.0024318525,0.19301654,1.7094017,1.4450867,0.188,0.15509996,0.40166667,0.34729508,-26.591537,ans,Ses01M_script01_2,Ses01M_script01_2_F004
10,30.414782,0.19707954,25.508139,27.257324,36.20835,10.7002125,71.33918,46.692703,-67.32392,70.550064,0.4317859,1.088253,0.105886206,0.16473244,0.717445,0.6115588,4.840936,4.006113,6.9552526,5.270325,0.18127571,1.5391027,25.124832,0.45012698,-2.916243,-4.274784,20.652784,0.5501861,-7.1665134,-1.1912555,0.015787467,0.66396654,0.9554153,0.48373172,6.125186,0.42566898,12.857028,0.88535154,22.303692,0.403056,554.4225,0.505388,1298.2036,0.2199574,-146.5725,-0.5871956,1628.0056,0.16464081,875.7855,0.30929732,-138.55583,-0.6170251,2660.9937,0.109690376,909.27344,0.245279,-138.7119,-0.6141492,-12.132094,-0.6329161,20.773285,0.40145287,0.037583873,0.7524331,-0.010364748,-0.8863274,0.4107437,0.9017635,29.209236,0.3800692,-6.060034,-2.5646267,29.618423,0.4709776,-7.1535535,-1.552631,-10.234852,20.973085,0.00061329565,0.003132201,0.06217984,1.3550136,1.1019284,0.29999998,0.1423025,0.5875,0.47309485,-23.40383,c,Ses01M_script01_2,Ses01M_script01_2_M005
11,43.087418,0.09790315,39.70175,43.945038,46.6135,6.911747,60.360638,43.36975,75.1335,76.39472,0.81703144,0.7512532,0.12821993,0.73038346,1.4241718,1.2959518,10.970643,5.7097683,6.289962,2.4506695,0.41671214,0.98282385,19.934,0.47349513,-15.3629875,-1.1046367,10.005286,1.571799,-19.131363,-0.85663116,0.031805344,1.675168,1.2456584,0.44332954,7.0108104,0.53834116,8.923221,1.4919803,15.272804,0.70614374,840.837,0.3211273,1255.8235,0.21591774,-134.59482,-0.6590142,1806.291,0.13513686,1074.2036,0.3734104,-121.6399,-0.74106854,2828.9219,0.09514847,936.27136,0.4559435,-123.443726,-0.71148586,-6.114905,-1.0432496,17.195799,0.36481598,0.05305353,0.46313056,-0.00091692316,-16.438675,0.67887187,0.55929506,19.744667,0.43905008,-22.504568,-0.75850755,7.6346188,2.5766006,-27.421118,-0.5316179,-6.4652796,16.454565,0.01194805,0.00087818643,0.23035456,2.4911034,2.0286396,0.19764705,0.13683522,0.25944445,0.5072855,-21.055132,s,Ses01M_script01_2,Ses01M_script01_2_F005
12,31.193005,0.07084774,29.652231,30.420708,33.589703,3.9374714,15.454568,12.897042,14.789288,4.917341,0.61254853,0.64838064,0.14709952,0.65240353,0.98979914,0.84269965,5.9286346,3.102786,4.760237,2.5899897,0.2658066,0.77033716,34.14268,0.23085287,-8.553192,-1.1407595,17.091064,0.8905053,-6.4248095,-2.4853988,0.012737798,0.6208396,1.1469594,0.5370561,5.661505,0.4387483,5.4339094,1.6234235,21.332035,0.35632408,638.33453,0.37290382,1394.0028,0.33695358,-70.73717,-1.2492532,1636.9653,0.14494063,1031.9977,0.19944853,-73.86775,-1.111965,2709.6064,0.088548176,912.95593,0.21148123,-78.42488,-1.004558,-10.14819,-0.5132001,21.09517,0.29735354,0.03010772,0.73578066,-0.009438085,-1.5455096,0.34877878,0.5196146,36.490658,0.21489874,-10.692346,-0.9499319,17.157465,0.9940577,-5.148621,-3.4821944,-13.084632,23.059164,-0.0068017207,9.805398e-05,0.06237252,4.0,2.3809524,0.28,0.27175355,0.12,0.12980755,-24.599312,s,Ses01M_script01_2,Ses01M_script01_2_M006
13,34.265984,0.11109077,30.938303,33.679085,37.760563,6.82226,83.07376,80.122,38.376,32.250927,0.4446372,0.72137547,0.17639479,0.35625207,0.6847218,0.508327,4.4760847,2.3551733,3.1854072,2.3414392,0.18781431,1.2188808,27.453613,0.38060716,-3.091531,-3.9810069,15.071089,0.8297197,-16.170065,-0.8741556,0.017305162,0.7010149,1.2033837,0.50900227,5.7933707,0.49990264,7.4788804,1.313568,22.59858,0.36675,718.88947,0.28871396,1366.2871,0.16620272,-129.87952,-0.67703676,1739.5756,0.1452167,1098.5352,0.2189847,-126.25224,-0.6713553,2775.6152,0.08519997,935.1863,0.36857945,-128.79419,-0.6341788,-10.845817,-0.5714948,22.724257,0.27873477,0.030171707,0.7497432,-0.010816218,-1.3042121,0.2841441,0.8714025,32.496746,0.2568893,-7.687937,-1.7987015,11.820954,1.1215805,-19.539442,-0.7719115,-10.258572,19.113735,0.0064166873,-0.0044584367,0.12224633,2.0176544,3.2994926,0.113846146,0.09257334,0.16923076,0.24304043,-27.563583,q,Ses01M_script01_2,Ses01M_script01_2_F006
14,27.211878,0.09404552,25.728365,27.889746,29.489143,3.7607784,-2.5883741,15.778351,6.6215096,0.0,0.35021153,0.9209345,0.10672615,0.18932857,0.5829322,0.47620603,4.1615357,2.807167,3.7753994,1.9104201,0.11824573,1.0978103,30.606451,0.3043361,-4.0959716,-2.1311936,18.535418,0.6159407,-7.83349,-1.094272,0.015359112,1.1119568,0.89522994,0.5810762,5.342828,0.4194193,5.273175,1.5654248,21.912237,0.40079227,579.88684,0.43787885,1355.152,0.12229867,-135.9243,-0.6624655,1606.4059,0.17308083,1037.6138,0.1512151,-135.37164,-0.641297,2649.3237,0.12173331,859.37427,0.19567147,-136.82855,-0.61917245,-13.118513,-0.47357896,22.779871,0.27669564,0.025314057,0.84897137,-0.017447349,-0.79240215,0.23429996,0.5059313,37.79319,0.16299984,-7.915929,-1.4898033,15.92618,0.9103094,-7.4062986,-1.5822382,-11.9630375,20.805225,-0.0050389245,-0.0010394198,0.05836945,1.9920319,1.2195122,0.28,0.1451436,0.3875,0.305563,-29.52896,q,Ses01M_script01_2,Ses01M_script01_2_M007
15,36.28254,0.16013621,31.419554,33.914764,44.233067,12.813513,149.40689,138.00085,8.964973,9.564872,0.26389042,0.6723085,0.107223526,0.20324866,0.43140513,0.32418162,3.1135175,2.02385,2.147532,1.302433,0.0882451,0.92373693,28.234182,0.3106924,-4.9870257,-1.9988612,11.490625,0.92406195,-12.898461,-0.803358,0.02297218,1.0200043,1.192472,0.45481917,6.1571107,0.57377255,5.525328,1.4358597,22.97624,0.4744118,782.4404,0.26700503,1407.7212,0.16458969,-160.81741,-0.46535298,1734.9991,0.13082178,1145.4481,0.21635124,-159.56032,-0.4607896,2808.4758,0.08462777,1015.5284,0.3718427,-161.54291,-0.43294007,-10.218513,-0.5832042,24.045353,0.3253154,0.028752679,0.751544,-0.0055733193,-2.1328552,0.1502584,0.47651044,31.445105,0.36591768,-8.069528,-1.6039623,8.04337,1.7227609,-15.977602,-0.79430825,-10.96098,21.793104,0.0019856326,-0.0011016004,0.07048113,2.0392158,1.4173229,0.1511111,0.09965992,0.50578946,0.6801726,-35.592773,ans,Ses01M_script01_2,Ses01M_script01_2_F007
16,27.51999,0.08757135,24.731161,27.466906,29.7571,5.025938,130.95134,76.36045,11.626773,3.3241735,0.3015471,0.95312357,0.11274387,0.1875703,0.40865365,0.29590976,3.857356,2.6123595,2.5704293,1.4309001,0.10302137,1.3842725,26.718515,0.37035978,-2.0742295,-3.778167,16.424557,0.5315172,-7.9161153,-1.1899824,0.017071104,1.1698489,1.0572902,0.55787593,5.2809834,0.40886015,1.1562297,5.2900343,24.332472,0.39869505,608.8949,0.41181806,1372.8713,0.18779103,-145.68893,-0.5943755,1642.1205,0.15369168,1056.1315,0.20581572,-146.39159,-0.5632905,2660.2395,0.116621576,1028.2678,0.28006482,-148.28706,-0.5366011,-12.93719,-0.43135378,22.363892,0.3152892,0.031512372,0.60264677,-0.009235102,-1.6237162,0.25193623,0.7478277,36.585247,0.22985508,-4.675764,-2.5424364,17.680876,0.772773,-2.131577,-6.174678,-10.41934,19.625145,0.0006863149,0.0017809749,0.041115623,1.3559322,1.369863,0.205,0.16186415,0.505,0.529882,-30.340948,q,Ses01M_script01_2,Ses01M_script01_2_M008
17,30.920366,0.0765419,30.43523,31.238422,32.14342,1.7081909,62.189575,37.922188,18.766718,19.10359,0.2246688,0.71679157,0.11026613,0.1714919,0.2916424,0.18137628,3.4869413,2.562758,1.3189836,0.7933721,0.06697483,1.046092,28.698767,0.27684692,-3.9965725,-2.5962794,12.304273,0.96494824,-8.59506,-0.89923024,0.021032266,0.92677075,1.3346757,0.4933203,4.9008393,0.51505655,3.8931212,1.8909379,22.932255,0.4445065,680.5453,0.31659985,1510.2222,0.16566883,-165.14433,-0.43391442,1666.7837,0.14130595,1159.2168,0.19335613,-164.83943,-0.42523938,2738.1938,0.10021306,1055.1094,0.26943627,-166.4669,-0.4017501,-11.711815,-0.59295714,24.511057,0.31617332,0.017819012,1.1082635,-0.0055639716,-2.0590608,0.13120091,0.73533887,34.904133,0.21822995,-5.972777,-2.0901363,13.637104,1.2802413,-8.992865,-1.1032119,-10.323134,21.252693,-0.0015773254,0.0014600029,0.051728886,1.1811024,1.5825915,0.113749996,0.08615937,0.496875,0.67985946,-37.130028,o,Ses01M_script01_2,Ses01M_script01_2_F008
18,35.57207,0.18078956,28.491041,36.647495,42.707127,14.216085,41.82831,15.960085,178.84949,222.60385,0.81327677,1.0476624,0.12174706,0.5813366,1.4011735,1.2794265,9.587041,5.540972,6.035502,4.8181553,0.44691154,1.4757141,29.475378,0.31246078,-9.624253,-1.4822361,14.917793,0.9301407,-12.842328,-1.2445736,0.021937752,1.3513768,1.1335181,0.54391444,6.8090315,0.47591615,2.7781594,3.6614392,18.771198,0.5953613,722.6822,0.3246591,1305.623,0.17796074,-104.16977,-0.913358,1758.5552,0.14348903,1018.9888,0.23812637,-102.11952,-0.8745931,2761.5356,0.09331329,939.30896,0.25875917,-103.749,-0.8460949,-11.813349,-0.6888571,21.87827,0.3272942,0.040968362,0.5443117,-0.012866345,-1.5842805,0.65290016,0.96475464,30.809423,0.3428875,-10.809499,-1.4938229,14.991827,1.1731447,-16.673178,-1.186909,-10.286478,20.275513,0.0011729504,0.0012071899,0.211336,1.6509435,1.1933174,0.444,0.24856387,0.37,0.32255232,-17.501673,q,Ses01M_script01_2,Ses01M_script01_2_M009
19,37.686737,0.15006016,31.929398,37.598396,43.360695,11.431297,88.67521,131.60817,115.63012,188.00137,0.4622702,1.3090411,0.107809365,0.21607664,0.63257766,0.5247683,7.212305,5.4719534,4.8245144,4.611731,0.21838489,1.9306816,27.062138,0.28978962,-6.504411,-2.3198624,13.702631,0.7726375,-12.432777,-0.8925508,0.029074332,2.452747,1.1345259,0.48317388,6.904999,0.46748254,6.888384,1.5833125,21.038197,0.532467,750.2123,0.30690482,1392.5482,0.22129782,-146.51106,-0.5775664,1757.4296,0.1307086,1079.019,0.24935797,-142.42314,-0.5799204,2788.2993,0.09057819,970.9943,0.33384869,-144.11029,-0.55647653,-10.492908,-0.73891854,21.247263,0.34488213,0.0343537,0.65927374,-0.008639549,-1.6506996,0.44276768,1.3118899,27.52895,0.31796357,-10.535591,-1.7307768,11.9642,1.2722,-19.82636,-0.70509666,-11.018283,21.174913,0.0014430194,-0.00041255527,0.11416476,1.1029413,1.8450185,0.1628,0.16551787,0.345,0.52708375,-22.272766,o,Ses01M_script01_2,Ses01M_script01_2_F009
20,25.840637,0.04419291,24.65217,25.538889,27.255735,2.6035652,0.0,0.0,-0.25975817,0.0,0.20071134,0.59941745,0.12063284,0.15346098,0.23759931,0.11696647,2.0679736,1.6756465,1.5266061,1.0551484,0.052180357,0.7155517,20.785852,0.32497594,-1.4392728,-3.19042,19.111832,0.4533565,-10.27401,-0.602314,0.028942155,0.38131222,1.8246486,0.4256671,2.7986908,0.14750665,4.638676,1.1234596,11.214544,0.5460159,496.97318,0.2510394,1083.1736,0.072006136,-190.25238,-0.2224581,1606.3508,0.04247463,698.92914,0.14830188,-191.1497,-0.20280333,2512.1228,0.047922656,943.9293,0.11823592,-190.64806,-0.2138544,-9.355039,-0.24218306,12.623472,0.06653874,0.010089601,1.4349579,-0.020145867,-0.32656035,0.17368168,0.1283648,22.63901,0.13148184,0.00059794297,7176.637,34.57765,0.115570776,0.11778966,48.7017,-9.817734,18.140703,-0.0062403777,0.00035467066,0.045750253,1.980198,0.50761425,0.099999994,0.0,0.91999996,0.24,-41.108208,oth,Ses01M_script01_2,Ses01M_script01_2_M010
21,30.074745,0.13043801,30.32019,31.20398,31.954538,1.6343479,617.0742,612.12463,24.37921,18.143816,0.17726265,0.3719244,0.1175698,0.16501476,0.22402534,0.10645554,1.7569059,0.7305793,1.0215161,0.67010194,0.051271394,0.50183165,29.591366,0.20412296,-0.38232937,-24.276567,13.128556,0.80535334,-7.341235,-0.9061705,0.03501865,1.2329108,1.3283994,0.44938874,5.140009,0.47148046,9.292787,0.84282124,25.341179,0.26995263,633.3518,0.29635158,1447.5497,0.11981768,-154.31717,-0.50402933,1718.5713,0.11503876,1104.2455,0.11138214,-156.38489,-0.46203557,2748.0063,0.08652568,984.8179,0.20136595,-156.96405,-0.454264,-18.029022,-0.21916805,27.00374,0.18016861,0.0061793583,2.6339893,-0.011684808,-0.92176074,0.07349756,0.36499977,33.06413,0.1380757,4.4449954,1.8484995,21.51996,0.5292238,-5.856834,-1.3950459,-11.778552,23.392063,-0.007348628,0.000119656586,0.044420972,3.4883723,2.359882,0.0975,0.06533567,0.30374998,0.2728982,-41.284946,o,Ses01M_script01_2,Ses01M_script01_2_F010
22,0.0,0.0,0.0,0.0,0.0,0.0,0.0,0.0,0.0,0.0,0.20086436,0.6450831,0.1035166,0.12567098,0.3263011,0.22278449,0.44116017,0.31860504,0.7935573,0.0,0.0439638,0.6069697,23.199234,0.2814833,-7.5696373,-0.9330034,10.742599,0.43419528,-12.813601,-0.40560102,0.0,0.0,0.0,0.0,0.0,0.0,0.0,0.0,0.0,0.0,0.0,0.0,0.0,0.0,-201.0,0.0,0.0,0.0,0.0,0.0,-201.0,0.0,0.0,0.0,0.0,0.0,-201.0,0.0,0.0,0.0,0.0,0.0,0.0,0.0,0.0,0.0,0.0,0.0,0.0,0.0,0.0,0.0,0.0,0.0,0.0,0.0,-7.7468696,18.19314,0.0015794069,0.0024353832,0.045502927,0.97087383,0.0,0.0,0.0,0.96999997,0.0,-44.629997,oth,Ses01M_script01_2,Ses01M_script01_2_M011
23,36.846153,0.15417264,32.276043,35.401875,43.474907,11.198864,226.3839,406.90024,29.7008,22.721636,0.7890078,0.73553467,0.32350892,0.6364253,1.173605,0.85009605,7.6624455,4.423241,5.4530635,3.3236923,0.38418406,1.1145833,25.783772,0.42371616,-12.794864,-1.2221174,13.898943,1.1292021,-20.217443,-0.9516085,0.020784168,1.3000736,1.1705968,0.46865833,6.114419,0.5813435,6.117413,1.9145956,17.275528,0.7788698,733.758,0.32730657,1340.9247,0.19359863,-93.319336,-0.9928691,1754.1765,0.1510531,1114.7207,0.28021926,-87.25702,-0.9953054,2761.6704,0.089268886,987.9212,0.31481394,-89.79647,-0.9426358,-8.511832,-0.8283391,19.372158,0.4181281,0.04079213,0.60255474,-0.009096042,-1.6361028,0.49277747,0.961749,27.961697,0.3921826,-15.469798,-1.0102434,10.963158,1.525049,-24.080317,-0.9021437,-7.7269363,15.425502,0.017051065,-0.0066795032,0.21426597,2.2330096,2.9268293,0.19833334,0.22241226,0.12724137,0.13890946,-21.120188,o,Ses01M_script01_2,Ses01M_script01_2_F011
24,35.93343,0.24652217,29.296663,31.818224,47.871784,18.57512,594.61865,584.00977,15.929376,6.5285516,1.2047658,0.4643661,0.76705194,1.1655179,1.5864537,0.81940174,8.490204,4.890447,3.1164548,1.8769257,0.5290523,1.0045601,23.793905,0.6495833,-12.753101,-1.151641,2.6178472,5.0402913,-26.607426,-0.7724808,0.01493328,1.9625766,0.9455594,0.5932042,7.882154,0.4815563,1.5870229,4.3021965,18.155174,0.5096369,782.1755,0.35668927,1277.3185,0.13320203,-47.658367,-1.6996838,1778.0511,0.2004675,1159.2527,0.2574211,-52.074745,-1.4650419,2805.7378,0.09885619,865.1283,0.3639458,-57.75191,-1.2710686,-8.325352,-0.6386934,21.446667,0.3886239,0.050349325,0.5346181,-0.015804669,-1.2045826,0.6255831,0.91962874,27.877934,0.4961237,-15.350237,-0.8797678,-0.99886,-12.585607,-31.881807,-0.62948036,-1.1780734,10.3117075,0.01124171,0.011118255,0.19726764,2.5316458,1.7316017,0.4425,0.16990806,0.15666667,0.0047140447,-18.532703,c,Ses01M_script01_2,Ses01M_script01_2_M012
25,43.55201,0.12939823,40.01675,44.855938,47.8387,7.821949,95.45213,82.20429,74.62422,76.33965,1.0873998,0.45755637,0.6672801,0.9825877,1.540699,0.8734189,9.892136,4.380774,6.231969,3.592898,0.54844356,0.7151261,22.257374,0.42047995,-21.44229,-0.6406906,6.048115,2.5578942,-28.4644,-0.5272976,0.02286059,2.1678443,1.1431098,0.4601682,8.043359,0.48722938,6.577701,1.5455832,15.020852,0.7693666,866.0304,0.26051283,1227.746,0.17570406,-61.05558,-1.3517259,1838.0702,0.13132542,1066.9838,0.2861784,-56.760944,-1.3089012,2836.145,0.079582445,871.58905,0.3308986,-59.828823,-1.2098516,-6.3795795,-0.9022157,16.751188,0.41091737,0.05211973,0.4207934,-0.005134511,-2.8279738,0.59700704,0.689551,22.636257,0.3971781,-24.358416,-0.51930517,4.227583,3.464759,-30.841768,-0.47034368,-5.129283,15.167971,0.03433813,-0.0042122453,0.40158504,3.8975503,2.9180696,0.25346154,0.18706112,0.07909091,0.06775014,-19.28464,s,Ses01M_script01_2,Ses01M_script01_2_F012
26,41.368973,0.156301,33.532547,43.579403,47.297844,13.765297,80.02212,75.535965,60.780396,69.677895,1.2672173,0.43492416,0.7857528,1.1428348,1.7718054,0.98605263,11.289163,4.426409,6.9970527,3.4026413,0.6600408,0.6647044,23.80715,0.46201083,-19.430475,-0.7100462,5.9953628,2.5812163,-28.54183,-0.5954034,0.027010007,2.61989,1.1565249,0.48325917,7.2682886,0.58399355,2.9293997,3.4435675,14.380992,0.8739584,837.66,0.29943117,1232.3826,0.16646469,-53.79257,-1.4731433,1799.2931,0.15440677,1082.5983,0.30325076,-50.849506,-1.3931054,2825.3462,0.08753304,818.02026,0.34290344,-54.514442,-1.2590735,-6.165983,-1.0649468,18.05814,0.40298524,0.05249634,0.41410783,-0.010778729,-1.4343039,0.7177864,0.6492213,24.886482,0.40001073,-21.852337,-0.57055354,2.934478,4.826204,-31.434227,-0.51014614,-4.315869,14.776931,0.029135644,-0.0016806703,0.47799957,3.937008,3.2,0.23916666,0.16106203,0.07,0.048762463,-17.574305,c,Ses01M_script01_2,Ses01M_script01_2_M013
27,41.390457,0.18244816,34.360176,44.55915,47.92451,13.564335,493.5541,668.7607,112.77722,66.69793,1.5181308,0.48362574,0.8760207,1.3842608,2.127897,1.2518764,11.372612,5.6988096,7.589219,6.0377617,0.958648,0.7389664,23.00946,0.47547245,-18.620178,-0.76899546,-1.0471405,-16.501026,-32.62556,-0.55090714,0.02575332,1.4125631,1.187483,0.5247396,7.679561,0.5731927,2.9076812,3.9181092,19.722857,0.49612018,803.08716,0.31807882,1258.9539,0.2749534,-80.383,-1.2104039,1792.36,0.16697979,1049.5602,0.26020902,-75.34379,-1.1356529,2841.9055,0.08643163,794.6526,0.36967656,-79.40031,-1.0412786,-6.465553,-0.89247143,19.775879,0.36322206,0.04604078,0.3800861,-0.017217346,-0.87351286,1.0750836,0.572935,24.747887,0.45703837,-21.955921,-0.6305767,-2.829287,-6.1731524,-35.888405,-0.4677807,-4.2671337,15.522308,0.037415493,-0.015017885,0.70683724,2.5641026,3.49345,0.17875,0.15495463,0.11666667,0.09826268,-13.724454,c,Ses01M_script01_2,Ses01M_script01_2_M014
28,42.092884,0.13253532,36.89881,44.094696,46.322437,9.423626,257.99942,542.7243,162.90662,389.58313,2.007191,0.5596553,1.0389214,1.7696874,3.0757837,2.0368624,21.074274,13.469948,16.395668,10.826179,1.3429737,0.7537169,20.989578,0.5021507,-20.053045,-0.6510358,5.095247,3.6127615,-36.83267,-0.4680174,0.032810777,1.9198284,1.0931664,0.51166356,6.7389054,0.61918604,4.631826,2.299786,15.508086,0.6794591,833.9875,0.30887628,1236.2024,0.24527127,-51.03377,-1.6328113,1848.5115,0.15393145,1037.9296,0.30207407,-49.37679,-1.4621961,2837.6023,0.07922807,823.19055,0.33255625,-51.44749,-1.3809694,-5.478939,-1.2445662,16.759563,0.42833945,0.057891093,0.3378506,-0.017320415,-1.35055,1.4986316,0.6572917,20.182484,0.538795,-22.014814,-0.60313183,2.7002041,6.856948,-38.925194,-0.44339728,-6.3852563,16.116892,0.03784054,-0.01594477,0.8325239,2.8017242,2.6143792,0.295,0.20766559,0.07272727,0.033053923,-11.267463,c,Ses01M_script01_2,Ses01M_script01_2_F013
29,41.6075,0.11030123,38.08103,42.436314,45.720963,7.6399307,75.35411,26.915403,259.07816,437.07364,1.737116,0.77524567,0.2670605,1.5248839,3.0605345,2.793474,22.542028,13.995696,18.415157,9.922053,1.2295927,0.9453151,22.724209,0.38518918,-15.657618,-0.75367177,14.289385,1.5713909,-31.44004,-0.5583323,0.034668107,1.8252021,1.0333308,0.594726,6.3289027,0.6005471,7.901382,1.2886527,14.3846,0.75924957,818.9495,0.31442174,1202.8344,0.25993407,-87.499695,-1.0794985,1846.0173,0.15363708,1016.22797,0.4335856,-80.16657,-1.0797893,2810.0615,0.08608594,908.5785,0.38606632,-80.351814,-1.0747942,-6.2846622,-0.9173755,16.147852,0.50099,0.056962926,0.39715058,-0.021597272,-1.0777507,1.7355917,0.62662446,20.833355,0.43482503,-20.669111,-0.5370634,7.5319476,2.7560465,-37.55891,-0.42779285,-9.4458275,16.828178,0.0097944075,-0.0103499405,0.35241014,2.844639,1.9911505,0.31444445,0.20902479,0.1875,0.2853835,-11.492969,q,Ses01M_script01_2,Ses01M_script01_2_M015
30,31.812283,0.1190233,27.832699,32.376328,34.742264,6.909565,800.1644,0.0,4.8442345,19.759413,0.24406739,1.20642,0.10734024,0.11419755,0.24936801,0.14202777,5.6819468,5.172825,6.507059,4.984991,0.092223756,1.663127,26.192238,0.32688963,-3.4593747,-1.6279174,19.369167,0.64649934,-8.186658,-0.8111594,0.026120918,1.0649923,1.4727333,0.5965839,6.532339,0.2970177,9.079455,1.0490509,21.062077,0.32819813,642.2811,0.42917883,1146.7056,0.22729072,-187.74564,-0.24800818,1665.5393,0.11541337,888.21625,0.3269355,-184.16222,-0.27415374,2688.1323,0.071603626,874.1542,0.2553497,-184.17413,-0.27472067,-8.2520895,-0.7063463,16.105549,0.5348566,0.04213379,0.60295844,-0.004284479,-2.6315997,0.39740852,0.523912,27.171648,0.41912025,-10.981747,-0.7765408,38.50621,0.5145148,-3.1818287,-3.892414,-11.148008,21.34024,-0.0016292393,0.001302122,0.06286596,1.1494254,0.96711797,0.08399999,0.030724581,0.7733334,0.83211905,-30.711603,s,Ses01M_script01_2,Ses01M_script01_2_M016
31,33.430325,0.067962386,31.111588,32.890736,35.33404,4.222454,69.69732,46.930325,27.379137,0.0,0.17379953,0.6251147,0.10569217,0.11301448,0.25454298,0.1488508,2.0795732,1.6246315,1.2222071,0.76046515,0.050134093,0.79023015,29.011747,0.17422123,-5.2139254,-0.9288146,16.405285,0.4440388,-11.496217,-0.4796695,0.02715075,0.6667724,1.8650028,0.6598629,5.298823,0.4998084,0.47572222,14.032219,13.646981,0.44692904,668.098,0.26897216,1379.5371,0.0835863,-175.1551,-0.36017582,1708.9539,0.10131187,979.6732,0.24978879,-175.57118,-0.3480604,2759.7266,0.05366925,960.0418,0.3112325,-176.32588,-0.33643878,-12.93426,-0.2782896,20.585169,0.2120433,0.0028435695,4.6474237,-0.018379671,-0.40551335,0.11931612,0.2888217,32.031925,0.14254035,-10.08487,-0.7646966,23.359884,0.48219335,-14.739206,-0.6885043,-11.641505,21.77897,-0.0037048762,-0.00126508,0.039552737,2.3529413,0.8,0.16499999,0.13499999,0.70666665,0.4439469,-40.742516,s,Ses01M_script01_2,Ses01M_script01_2_F014
32,32.84194,0.06524526,31.770626,32.734837,34.82638,3.0557556,27.76616,13.5857315,21.688726,7.7515597,0.45101628,1.3294383,0.10475707,0.124438316,0.84157026,0.7368132,7.204038,4.9536066,8.319132,4.8853354,0.21591505,1.7822496,29.281788,0.19218022,-4.1618705,-1.6789441,18.604567,0.6918136,-9.398617,-1.166113,0.028356973,1.7844588,1.0258802,0.60948575,7.6181974,0.40217334,5.0080338,2.1123962,18.022667,0.53485405,612.51917,0.3795269,1236.5181,0.15478191,-148.47122,-0.5661357,1683.2931,0.14881611,974.8435,0.3924916,-144.4544,-0.57509965,2663.0056,0.10207277,913.2383,0.22262938,-144.88297,-0.5688452,-12.493042,-0.4070577,20.417212,0.35451543,0.02961763,0.77449125,-0.021452151,-0.6512088,0.6120308,0.8114141,32.592113,0.2510996,-5.9721136,-1.8890101,24.534416,0.7488752,-10.639911,-1.750568,-12.296248,23.122026,-0.0066617024,0.0027539763,0.03872218,1.2376238,0.5012531,0.615,0.315,0.90333337,0.59359545,-20.949947,q,Ses01M_script01_2,Ses01M_script01_2_M017
33,34.096043,0.15197992,29.746574,31.048147,40.352345,10.60577,21.000364,12.672094,43.33674,20.683256,0.23117314,1.1981224,0.103797786,0.11584632,0.30068997,0.19689217,2.5800977,1.240983,4.352086,2.5932608,0.084160805,1.876809,27.482319,0.21692173,-3.6711144,-1.9700245,16.159258,0.48274517,-8.808725,-1.0372258,0.021336826,1.0861306,1.3164691,0.6020055,6.193434,0.39599648,4.083994,1.818972,19.263918,0.48637185,615.6107,0.32132524,1403.2823,0.12707594,-158.96642,-0.48286265,1657.1748,0.10226415,1074.5671,0.3209586,-158.7283,-0.470885,2667.3687,0.078627445,1178.5919,0.6791024,-160.23058,-0.44871607,-12.808888,-0.4678917,20.602068,0.40670356,0.03166931,0.7699755,-0.019228011,-0.56861955,0.2494953,1.0358846,33.149834,0.22688866,-7.5565014,-1.7703471,19.537132,0.6788049,-15.098542,-0.94769716,-11.893587,21.746538,-0.00403686,0.0022954384,0.035399366,1.0526316,1.3333334,0.16399999,0.12126005,0.47,0.624126,-32.012016,q,Ses01F_script01_2,Ses01F_script01_2_F000
34,26.632654,0.113485105,24.542446,24.788754,27.635899,3.0934525,68.25016,52.78506,7.8621225,8.832474,0.13305046,0.5062323,0.09953196,0.10374236,0.15880695,0.059274986,0.9133401,0.9364698,1.1324612,0.7237181,0.03778285,0.80358416,28.98184,0.17575039,-3.4191086,-1.0997694,12.959821,0.39363828,-8.284601,-0.7654924,0.019446881,0.6319196,1.661964,0.5796472,2.5147314,0.38852012,-4.9506497,-0.9593353,18.006012,0.32870257,519.7698,0.2892867,1334.0431,0.09946564,-184.1896,-0.2794851,1514.8286,0.13592786,1091.7911,0.18481755,-185.34085,-0.25882784,2615.842,0.085565366,879.82794,0.24876136,-186.00414,-0.2470504,-13.802336,-0.1610536,24.471975,0.13654582,0.02575534,0.6428866,-0.0143946,-0.96030307,0.09070997,0.4736754,38.60401,0.14155059,-4.2808247,-1.8237488,7.2149663,1.1320204,-13.951925,-0.8609549,-12.411488,23.347023,-0.005338829,0.0020548457,0.033373266,1.183432,1.2012012,0.06,0.02,0.59999996,0.7217479,-43.806778,q,Ses01F_script01_2,Ses01F_script01_2_M000
35,30.980022,0.056868546,29.514456,30.28153,32.157402,2.6429462,54.345997,28.44741,8.956019,4.7065177,0.23527427,0.7855815,0.09793362,0.14414506,0.37262735,0.27469373,4.133595,2.9947207,2.3581445,1.1591656,0.07023179,1.1258801,29.382029,0.30425128,-2.2418118,-4.296449,16.840593,0.7446504,-7.375812,-1.1198319,0.021750523,1.4066703,0.9946154,0.4658982,6.9285555,0.30064312,4.9221587,1.5742452,23.24228,0.33104953,558.90906,0.29004008,1336.8351,0.105351426,-129.80635,-0.7045795,1622.6458,0.09793667,1000.74194,0.24251613,-130.08,-0.6631806,2672.0786,0.079764456,998.8644,0.26796946,-132.43626,-0.62998396,-14.127214,-0.38641036,23.958275,0.32136002,0.020831576,0.99837655,-0.015003124,-0.7739,0.1315031,0.7289379,35.401814,0.24345668,-2.1752682,-6.079032,20.751715,0.8761613,-9.635797,-1.0660166,-11.6779175,22.28973,-0.005877002,0.0048431465,0.031746294,1.9955655,1.3452915,0.28166667,0.13508227,0.4383333,0.53377324,-34.82813,q,Ses01F_script01_2,Ses01F_script01_2_F001
36,24.07303,0.12939093,22.478504,23.25834,28.109455,5.630951,30.46658,12.2815075,54.871185,0.0,0.14132477,0.40629086,0.09959898,0.11400244,0.17900677,0.07940779,0.6042384,0.36513633,0.7150316,0.46268436,0.034965094,0.67019576,26.86707,0.23706947,-1.4614625,-3.6184669,17.298384,0.5077451,-7.241942,-0.851211,0.014093148,0.9356432,1.1507297,0.5690377,3.5598006,0.6215231,2.0211976,12.335519,23.458332,1.0964328,521.4586,0.34362227,1442.0332,0.15039271,-162.2943,-0.4659897,1573.5305,0.13983491,1161.4843,0.27670032,-164.86517,-0.4225648,2586.9146,0.107749164,1025.8274,0.17269425,-165.66583,-0.4104532,-16.738508,-0.22187622,25.12206,0.20658414,0.009418581,2.0367193,-0.0086330045,-1.4186323,0.05438171,0.5519906,34.720013,0.111563556,0.7258467,7.1854706,23.203817,0.5834744,-6.6655173,-1.5293945,-11.415566,21.589104,-0.0042926394,0.007046926,0.030416172,1.7928287,1.609658,0.1125,0.06959705,0.4333333,0.542484,-43.8024,ans,Ses01F_script01_2,Ses01F_script01_2_M001
37,30.820824,0.087951064,28.522137,30.187794,33.270195,4.7480583,344.12003,84.05542,-5.0659704,15.772782,0.25194472,0.9017339,0.099823594,0.16404748,0.35617512,0.25635153,3.8429275,1.6197484,4.35497,3.3808994,0.081261344,1.2666242,26.45896,0.4401169,-0.6578414,-16.703375,13.776043,0.8664003,-6.3412147,-1.5001277,0.020401776,1.44837,1.153228,0.6040098,6.370314,0.2948324,5.623996,1.4758543,24.248486,0.2598531,559.0323,0.31706056,1363.1318,0.13481878,-141.70909,-0.6160659,1575.3284,0.115811266,1090.9635,0.2972279,-142.28442,-0.58966136,2646.5732,0.09074705,1025.6676,0.25171754,-145.35835,-0.5465909,-12.469694,-0.3549933,24.365839,0.2577488,0.022937546,1.0639304,-0.011365637,-0.9789276,0.18144107,0.7307008,36.042645,0.23397921,-6.527443,-1.4838518,14.681274,1.0647192,-7.6418834,-1.5370291,-10.957102,20.194824,-0.00822143,0.0037070257,0.035606008,1.7475728,1.372549,0.22142856,0.099775255,0.42499998,0.44802344,-32.78328,o,Ses01F_script01_2,Ses01F_script01_2_F002
38,27.44941,0.102361016,25.153797,27.797783,29.780788,4.6269913,22.005165,11.628556,63.878212,61.343212,0.15105633,0.42163604,0.098618045,0.12735316,0.2081303,0.109512255,1.2423215,1.4227717,0.7929712,0.5369738,0.044281512,0.7221622,29.41746,0.26897553,-1.291012,-5.093021,15.923366,0.45038322,-8.750692,-0.7709335,0.018416554,0.7500039,1.2519156,0.3891208,4.5287757,0.40713912,-1.881244,-4.4958625,27.378006,0.26033047,604.1116,0.37532365,1431.2284,0.14852259,-161.3409,-0.46912247,1639.1543,0.16727303,1172.4347,0.1664016,-163.0229,-0.4333081,2727.8413,0.11585771,1081.4517,0.3998144,-164.73386,-0.40953445,-17.625992,-0.25854924,29.447775,0.17580284,0.022883411,0.7130717,-0.006722584,-2.0561957,0.06872184,0.47958153,38.070843,0.104873225,3.4335294,1.8563403,15.045536,0.5355067,-9.806373,-1.0900849,-12.2095585,22.55312,-0.0026181103,0.003878078,0.037911218,1.907357,1.2345679,0.1622222,0.12821664,0.564,0.5152514,-42.156364,q,Ses01F_script01_2,Ses01F_script01_2_M002
39,30.239292,0.0657093,28.200535,29.853842,32.417816,4.2172813,17.814013,6.38901,3.6465867,5.0037913,0.187602,0.56306124,0.10146451,0.119128086,0.3055003,0.20403579,1.0208697,0.43700373,1.3532377,0.79126316,0.05641149,0.8310848,29.745695,0.25482324,-4.6565385,-1.5540817,18.691015,0.48847052,-7.203154,-1.2030109,0.015015519,1.045013,1.1307564,0.41335857,6.072604,0.28161898,2.7863445,3.4162612,25.120342,0.31198192,572.68054,0.38156196,1364.5038,0.12761095,-145.76065,-0.5928054,1651.7443,0.15466112,1030.7352,0.31591794,-146.79408,-0.55302185,2711.6052,0.113561854,1033.9596,0.3061416,-148.39153,-0.5307131,-15.626135,-0.30875796,23.936848,0.22367845,0.030647162,0.50868523,-0.012103661,-1.1043098,0.1028307,0.45587274,38.278774,0.12538192,-2.5620978,-3.086994,20.438627,0.6832353,-7.994304,-1.5410336,-11.556403,20.851925,-0.009775935,0.00526738,0.036934547,1.7416546,1.0233918,0.28285715,0.26708555,0.58875,0.91141975,-37.92629,s,Ses01F_script01_2,Ses01F_script01_2_M003
40,30.604282,0.10210189,27.67809,29.082832,34.376156,6.6980667,9.217964,6.5175686,17.123295,0.2710495,0.30706373,1.2071047,0.09631996,0.10125236,0.5315991,0.43527913,5.095348,4.281264,5.4016085,3.4912882,0.10778378,1.4777706,30.69891,0.22605519,-7.2449355,-1.2990377,16.075584,0.6597748,-4.0922127,-2.331639,0.012377608,0.8176052,1.1166474,0.64972866,6.6969852,0.36907884,5.949523,1.446021,15.131498,0.47767875,500.92505,0.33492047,1370.4176,0.13797347,-140.03076,-0.63841957,1558.0964,0.11030597,1039.8632,0.20325002,-141.5358,-0.61057734,2478.4746,0.10522747,1158.6613,0.20726122,-142.48378,-0.5966063,-9.504569,-0.6690814,17.553343,0.39451417,0.020974042,0.9459082,-0.011633199,-0.92509353,0.2563613,0.73360574,36.723816,0.25588262,-10.743714,-1.3627583,19.366953,0.9244224,1.7308325,7.920895,-11.970245,22.889488,-0.01178026,0.0056801443,0.04149628,1.6556292,0.67340064,0.45999998,0.089999996,0.6666666,0.40144184,-29.046017,c,Ses01F_script01_2,Ses01F_script01_2_F003
41,31.17063,0.0627697,30.010727,32.00529,32.612103,2.6013756,64.154976,66.10091,23.574177,2.479434,0.18229418,0.575866,0.097436026,0.14455268,0.2623163,0.16488026,3.429704,2.5979486,1.8738121,1.2762067,0.05659997,0.8165111,30.67384,0.19440214,-2.8341506,-2.4819624,17.664713,0.5598349,-6.5205297,-0.88359404,0.018580394,0.82178414,1.2484752,0.50970995,5.8209906,0.53184116,4.763871,1.9394943,24.519905,0.20750776,451.93954,0.2962423,1393.6765,0.11199483,-153.7094,-0.51929253,1519.881,0.09639266,1067.8745,0.18076544,-153.90396,-0.4862625,2528.3938,0.08927078,1000.45386,0.18662961,-155.20067,-0.46878138,-15.799695,-0.24328609,23.868372,0.16919045,0.02405377,0.57555544,-0.012486286,-0.88340575,0.10623714,0.5429146,35.42713,0.15771568,-1.3915651,-7.7134137,21.878992,0.6043847,-6.701374,-0.7261935,-13.042478,22.806019,-0.0048543336,0.00161434,0.038345065,2.1505377,2.189781,0.11,0.13466007,0.32333332,0.36044726,-39.197987,q,Ses01F_script01_2,Ses01F_script01_2_M004
42,27.808157,0.0444914,26.873379,27.226797,29.288074,2.4146957,12.069489,2.8013654,18.914597,10.13151,0.19701333,0.58853847,0.11849037,0.14862476,0.25984114,0.14135078,3.220644,2.671617,2.27538,1.0579054,0.060983066,0.85595745,29.704426,0.2506764,-4.9302497,-1.1821351,12.432866,0.6184592,-8.531115,-0.76191056,0.021563962,0.85880095,1.5046284,0.6370436,2.461301,0.79236,-0.63194454,-2.1908467,22.767717,0.22917877,575.43823,0.19467738,1289.2867,0.06443606,-171.55399,-0.3815273,1632.7423,0.0680576,961.7649,0.13351099,-172.9382,-0.3617616,2662.8486,0.06871309,1041.2576,0.27690345,-174.58675,-0.33672366,-11.943417,-0.3175232,20.269838,0.14476928,0.026934145,0.6015449,-0.025279097,-0.24691364,0.15346234,0.43512502,36.783825,0.09675042,-9.218856,-0.83405083,10.947185,0.9776188,-12.495385,-0.26512036,-11.253292,20.79689,0.00025658638,-0.002241262,0.04589409,3.0927837,2.1164021,0.06,0.040620193,0.3875,0.3300284,-39.841675,ans,Ses01F_script01_2,Ses01F_script01_2_F004
43,23.661613,0.003197122,23.606346,23.664621,23.717484,0.11113739,0.061742783,0.0,0.0,0.0,0.12981375,0.15063415,0.11111755,0.12503809,0.14837159,0.037254043,0.6108659,0.5434673,0.35633105,0.16929595,0.02500577,0.29916865,21.484524,0.32260343,-0.9552667,-7.6305623,13.404021,0.32379618,-9.269387,-0.50567263,0.0,0.0,2.3711362,0.0,1.4758729,0.07222475,5.7746797,0.062919445,28.76654,0.057779916,529.6585,0.20836097,1422.5015,0.035345726,-197.63188,-0.10739856,1583.8212,0.07962726,1114.2183,0.037762783,-197.86208,-0.09977115,2628.5925,0.05380196,925.9734,0.071379006,-197.98761,-0.09572645,-12.447411,-0.05336832,17.100142,0.08965735,0.00084680854,1.2558932,-0.009144121,-0.40514487,0.033883102,0.055999484,19.772211,0.095330216,13.2267685,0.0332318,8.816082,0.06306995,-11.896057,-0.18629748,-9.445685,17.641825,-0.0035055543,0.0024099879,0.025175916,4.494382,0.5780347,0.02,0.0,0.84,0.12,-50.023045,b,Ses01F_script01_2,Ses01F_script01_2_M005
44,38.020767,0.15218975,32.938087,35.795303,46.466827,13.52874,91.85588,29.04839,49.74978,24.73591,0.6678044,1.1874204,0.09993993,0.16063958,1.2610073,1.1610674,11.668343,5.0137596,11.506742,8.30852,0.44532982,1.5215249,25.949972,0.30578172,-9.041998,-1.4229251,12.833979,0.87866753,-16.592644,-1.1283851,0.024998685,1.482523,1.3098633,0.63522416,5.8600783,0.4908642,9.136975,0.95062184,21.219555,0.45581177,758.92206,0.37487307,1333.5358,0.24072732,-147.17377,-0.56779134,1767.1741,0.16308437,1142.872,0.34919882,-137.23784,-0.62639225,2783.3972,0.10760685,989.0436,0.37976757,-139.3748,-0.5945433,-8.271575,-0.8866711,19.302067,0.38395733,0.058857877,0.51452404,-0.017501563,-0.8459472,1.0395544,0.7164158,25.223827,0.4102569,-14.385481,-1.1241293,10.754962,1.3964136,-28.32363,-0.80582815,-10.384723,21.65685,0.0064542997,0.0011727844,0.15133782,1.6042781,2.1680217,0.14625,0.11575162,0.2925,0.47853288,-19.799555,q,Ses01F_script01_2,Ses01F_script01_2_F005
45,28.226904,0.030951563,27.546059,28.451298,28.819908,1.2738495,11.032433,5.8880796,14.10141,0.0,0.16277678,0.68510705,0.09872149,0.10603295,0.21524456,0.11652307,1.1135118,1.100782,1.3636595,0.863691,0.04525791,0.9777951,27.153475,0.27888697,-4.0954003,-2.0958505,14.009385,0.31466642,-7.2475896,-0.8214126,0.020068727,0.81727535,1.1807868,0.3618943,2.9945123,0.3869821,-3.8731725,-1.7238541,19.19384,0.37046716,492.81042,0.39332643,1452.28,0.14503317,-174.44907,-0.3784236,1461.741,0.15804936,1106.158,0.31278682,-172.86736,-0.3830815,2589.8645,0.094071664,927.4939,0.36078933,-174.22095,-0.3618533,-10.631728,-0.25166246,23.439837,0.2191024,0.031791974,0.6809145,-0.010590978,-1.2501872,0.14296854,0.17389311,39.730232,0.16119422,-12.134321,-0.699688,10.4309,0.67492735,-15.781668,-0.591349,-11.359714,21.887968,-0.006604474,0.0049824715,0.029421872,1.0309279,0.52910054,0.26999998,0.0,0.79499996,0.015,-40.7993,c,Ses01F_script01_2,Ses01F_script01_2_M006
46,45.083565,0.14756088,40.835228,45.76012,49.121994,8.286766,102.72946,32.332493,137.08812,73.532104,1.1608299,0.939004,0.11275091,0.85757,2.254591,2.14184,18.876457,12.326543,15.97012,11.98129,0.9267485,1.2638673,16.72499,0.8311159,-13.812398,-1.0878637,8.140041,2.4110773,-17.483868,-0.97809154,0.042865228,1.4253352,1.21286,0.5674669,7.272322,0.578623,9.755439,1.0431579,10.362826,1.296664,963.65967,0.24863985,1226.3818,0.24348317,-145.96999,-0.5570516,1831.3229,0.10434334,1058.2444,0.29636025,-134.12575,-0.62971646,2873.389,0.07259457,841.4448,0.23549937,-134.82881,-0.61590713,-5.1927547,-1.6670545,15.70091,0.5885767,0.06610725,0.46989638,-0.0051282523,-2.436306,1.8624188,0.5781014,15.231708,0.82606506,-21.740604,-0.7536972,7.224278,3.4947972,-24.9923,-0.64691657,-5.030443,15.509139,0.012758537,0.0024558355,0.41133562,2.283105,2.3094687,0.14899999,0.09883825,0.262,0.32313463,-14.265877,s,Ses01F_script01_2,Ses01F_script01_2_F006
47,35.03694,0.07772085,32.855495,34.898575,37.48098,4.6254845,53.178917,13.361673,9.559241,7.7136536,0.30108088,0.83936656,0.10043667,0.13014534,0.5923065,0.4918698,2.4098916,1.9754565,2.4840589,1.1680053,0.11168017,1.0352474,30.299253,0.27715734,-8.128608,-1.0914576,15.866831,0.6648381,-2.3333066,-4.501742,0.020674285,0.8194002,1.1200823,0.41759017,6.248927,0.47998783,16.34995,0.7959226,23.978588,0.34285742,754.94574,0.38870552,1308.9178,0.20112836,-155.48198,-0.50293744,1756.1365,0.15089488,1174.5026,0.28718564,-143.17636,-0.57294625,2788.9963,0.1183835,1015.5007,0.27609956,-145.25337,-0.54493237,-10.953892,-0.4034549,22.096514,0.27050075,0.042929206,0.4257344,-0.0036823126,-5.4518185,0.24663308,0.3037133,36.33389,0.2374956,-12.447975,-0.72486264,17.695578,0.85374653,-1.3643823,-12.15889,-10.824528,22.1749,-0.0013713338,0.006469684,0.052633516,1.724138,1.7621145,0.17,0.17874563,0.3725,0.33296958,-30.953558,s,Ses01F_script01_2,Ses01F_script01_2_M007
48,37.29347,0.11709566,33.19241,36.901917,41.559822,8.367413,276.89346,378.7608,42.83381,59.156067,1.0281564,0.86946744,0.2912693,0.77019846,1.5483934,1.2571241,16.28086,9.990784,11.129126,6.9026403,0.6114337,1.1091357,20.598852,0.6387393,-6.873975,-2.2572188,14.439017,1.0418903,-19.12682,-0.9594205,0.02203554,1.0995924,1.1813604,0.62031364,6.9218,0.48937842,10.155801,0.9593236,18.189434,0.6072441,790.2987,0.32935125,1343.886,0.20770243,-112.013405,-0.81051326,1773.2118,0.13729647,1139.6536,0.32362023,-105.42042,-0.8337815,2789.0774,0.08285069,1030.5288,0.3978999,-106.83955,-0.80888623,-8.721512,-0.86834973,18.694618,0.4577344,0.050382502,0.5337044,-0.011137432,-1.3761231,0.9718854,0.76986605,23.683348,0.51992166,-11.111427,-1.5167302,12.782041,1.3932657,-24.395044,-0.82595265,-6.1589828,15.3772745,0.017705288,-0.0019435945,0.22981417,3.1531532,2.6047566,0.19,0.12458626,0.17304347,0.1837161,-17.210125,q,Ses01F_script01_2,Ses01F_script01_2_F007
49,36.068733,0.22436222,31.752441,33.201458,46.406803,14.654362,81.937485,29.089867,8.247124,6.2638702,0.669807,1.0796105,0.16673715,0.4440431,0.8356735,0.6689364,16.363276,15.000201,5.950349,13.638724,0.36504215,1.8026513,22.830215,0.5813547,-11.256482,-1.0425069,15.763257,0.75511575,-12.935956,-0.8802607,0.014955168,1.0436736,1.0996644,0.47315305,6.3896947,0.63707495,7.2123013,1.5482714,17.16585,0.7211245,741.7882,0.39695624,1296.7662,0.18921818,-110.089676,-0.8466605,1721.826,0.15116534,1045.9945,0.2376327,-106.14948,-0.84482235,2736.3792,0.10954493,922.9215,0.23182045,-108.56724,-0.8038792,-10.228661,-0.71744275,19.217339,0.31026793,0.056148674,0.5830346,-0.00949813,-1.8278118,0.6595988,1.2614278,27.643982,0.5034715,-15.557611,-0.9053774,14.855609,0.9742401,-17.497194,-0.71014935,-6.624338,14.264881,0.007167886,0.005904568,0.055526778,1.8181818,2.3364487,0.20799999,0.21442014,0.24749999,0.20327014,-18.067415,q,Ses01F_script01_2,Ses01F_script01_2_M008
50,39.98893,0.13863571,36.215633,39.39514,45.51976,9.304127,59.033558,54.199223,27.230225,17.899954,1.1504204,0.8846948,0.13166738,0.91340876,2.0137541,1.8820868,23.07779,10.330091,14.739314,8.32918,0.6796073,1.132866,21.790342,0.48386657,-15.017014,-0.8600874,8.748128,1.9078546,-18.182014,-0.8750822,0.019120049,1.3371042,1.0881385,0.56205016,7.422772,0.5800791,6.828713,1.2980391,13.873175,0.85833675,800.5201,0.3259086,1276.1469,0.2054225,-102.46851,-0.91647094,1783.1862,0.14280073,1074.1155,0.2893121,-94.85387,-0.9483678,2779.066,0.08833953,959.1516,0.30584627,-97.60946,-0.89630073,-5.8549013,-1.0942098,17.4537,0.45056584,0.05539879,0.4622061,-0.0095566455,-1.3939888,1.0711097,0.7308846,21.225306,0.5482773,-20.037214,-0.6637945,4.4952073,4.2438703,-24.064512,-0.700301,-7.8744187,17.535156,0.009079032,0.0021980526,0.18099718,3.1569176,2.1455226,0.25347826,0.23530939,0.22,0.45178536,-15.510617,ans,Ses01F_script01_2,Ses01F_script01_2_F008
51,28.303314,0.08634025,26.507324,27.848797,28.909664,2.40234,29.218344,5.325539,32.014328,28.711199,0.17367786,0.52091056,0.10098928,0.13743806,0.2548196,0.15383032,0.9471159,0.43747345,1.1167849,0.5511947,0.05060807,0.7026336,31.586409,0.23723416,-2.1502018,-3.8526032,13.122758,0.6037736,-4.881078,-1.3423251,0.015952442,0.8403197,1.254833,0.50679743,4.34702,0.53819764,0.35916355,22.150772,26.295637,0.2653173,593.1774,0.31269512,1508.4764,0.23740828,-152.47305,-0.53810614,1597.2808,0.11403908,1130.887,0.19366267,-153.89436,-0.50439614,2668.762,0.08902526,1118.1508,0.44789663,-156.24449,-0.4716705,-15.030849,-0.3438681,25.84642,0.2608823,0.01682396,0.83695114,-0.0048712553,-2.5516222,0.07425096,0.40057483,38.735157,0.12339984,-1.1467382,-9.16544,10.471597,1.0087503,-3.4375734,-2.7165523,-12.394254,23.051258,-0.0015224281,0.002121631,0.043026302,1.6431925,1.4251782,0.17,0.15832457,0.43714285,0.36377832,-40.592716,q,Ses01F_script01_2,Ses01F_script01_2_M009
52,31.96114,0.067132674,30.215504,31.825851,33.768127,3.5526237,111.15348,121.7337,20.40736,8.05798,0.30542764,0.84810466,0.1064827,0.21984582,0.4406798,0.3341971,4.6945133,2.7738478,3.3601096,2.8194747,0.11465141,1.255521,28.757547,0.31005433,-3.651003,-2.7796605,15.71121,0.784503,-5.024536,-1.8260033,0.020019181,0.88667727,1.2219199,0.64922464,6.7350707,0.3900656,5.5603366,1.5895513,24.191044,0.30177546,621.50385,0.37234372,1409.1357,0.23378181,-142.49954,-0.59394443,1649.6499,0.12622565,1073.4082,0.30501133,-143.66254,-0.5589148,2728.6724,0.09213499,988.1758,0.35702094,-146.00586,-0.5271635,-13.551214,-0.44242015,24.428715,0.32021964,0.024655726,1.0721745,-0.008794609,-1.3882066,0.20203532,0.8376344,33.475266,0.27022323,-1.465818,-7.088154,19.3154,0.8279469,-5.6848736,-2.1460037,-10.501852,21.487463,-0.0014623356,0.0027573272,0.0746396,2.295082,2.0879123,0.14263158,0.10477254,0.31526315,0.4187496,-30.393597,o,Ses01F_script01_2,Ses01F_script01_2_F009
53,35.234615,0.1945344,27.113735,35.998325,42.11353,14.999794,28.42015,16.184402,23.69589,9.001595,0.87741107,1.1916748,0.115119874,0.2819923,1.6172112,1.5020914,23.836298,19.003,13.558947,8.615286,0.5132767,1.4354634,27.833704,0.34744763,-10.937836,-1.4463663,13.951649,0.78720737,-13.074978,-1.2688074,0.01568361,0.9391118,1.0677451,0.61554456,6.274588,0.47117475,5.979328,1.9475945,17.916811,0.7202104,760.5608,0.32426032,1376.7301,0.24715024,-103.1542,-0.89043784,1765.6582,0.13251065,1082.0681,0.2546074,-101.61653,-0.86144567,2771.4128,0.08559533,1015.1726,0.33099842,-103.58718,-0.82987624,-11.090086,-0.8397013,20.944199,0.44098172,0.028620975,0.8156489,-0.00999379,-1.5603746,0.7131913,1.1601906,26.792112,0.463852,-11.90601,-1.4965966,13.482528,0.9861134,-16.996155,-1.1990436,-11.690468,22.20577,0.0067746565,-0.0014262865,0.24875185,1.891253,2.8708136,0.17833334,0.11560228,0.17799999,0.26335526,-18.272337,q,Ses01F_script01_2,Ses01F_script01_2_M010
54,35.54825,0.15798445,30.270416,34.950302,40.117195,9.846779,225.98656,312.84137,27.596214,8.249759,0.8059771,1.0567753,0.109922476,0.53517085,1.3696709,1.2597483,17.858854,13.965055,12.773355,8.76127,0.46281973,1.317557,25.852242,0.38822776,-10.373316,-1.5312146,13.264727,1.0054814,-10.734274,-1.4250487,0.021262912,0.8930513,1.2030388,0.6283195,5.7697625,0.6006377,6.0714254,1.7524613,16.90284,0.6697842,750.51605,0.3380398,1381.9833,0.21663985,-115.2183,-0.79423314,1751.8942,0.13689221,1093.0105,0.29181388,-111.09165,-0.7979313,2754.5747,0.09350182,1021.4877,0.35214266,-113.00433,-0.7667041,-8.19858,-0.9908178,18.761269,0.41655794,0.040176325,0.59429157,-0.007679211,-1.8452628,0.74467045,0.93383026,26.17631,0.44096968,-13.711736,-1.2375569,12.898216,1.3355663,-15.415835,-1.2271459,-9.823196,20.520908,0.008348112,0.0013063978,0.20632215,2.2448978,2.7692308,0.16481481,0.09243097,0.18879999,0.29259285,-19.203285,ans,Ses01F_script01_2,Ses01F_script01_2_F010
55,31.323452,0.11731588,28.090054,31.321632,35.217136,7.127083,28.869644,0.75701046,-10.727535,19.69476,0.41754276,1.5997654,0.09864347,0.122207105,0.5253633,0.42671984,5.9964366,3.7399228,9.733323,10.134609,0.21704005,2.431323,25.129356,0.33611396,-4.2916656,-2.3077767,11.520223,0.8802397,-8.865799,-1.0705832,0.01760671,0.6787655,1.1405892,0.59727055,4.8545356,0.4858688,0.82007724,7.8163724,18.737848,0.35521466,606.7285,0.43091413,1388.7578,0.108527035,-150.2581,-0.5687231,1615.344,0.13653463,1155.4133,0.1773223,-149.60985,-0.5579046,2576.0896,0.10724664,1118.7996,0.2720904,-151.88803,-0.5250906,-7.94062,-0.9056437,19.957258,0.29071388,0.03450914,0.6640688,-0.008619412,-1.665522,0.6012067,1.3943257,29.68986,0.2835644,-10.77316,-1.2645367,10.544573,1.547216,-12.7129135,-1.0870281,-11.049947,21.870808,-0.0074434145,0.0021256353,0.078389816,1.4326648,0.5813954,0.45499998,0.235,0.8266666,0.53543335,-23.082447,s,Ses01F_script01_2,Ses01F_script01_2_F011
56,0.0,0.0,0.0,0.0,0.0,0.0,0.0,0.0,0.0,0.0,0.10746487,0.18440427,0.09589264,0.09949072,0.11408468,0.018192045,0.35324976,0.21622476,0.34890684,0.21331689,0.023041293,0.30909982,26.665129,0.13678983,-2.7470636,-1.019723,15.972299,0.30736655,-9.723098,-0.37640172,0.0,0.0,0.0,0.0,0.0,0.0,0.0,0.0,0.0,0.0,0.0,0.0,0.0,0.0,-201.0,0.0,0.0,0.0,0.0,0.0,-201.0,0.0,0.0,0.0,0.0,0.0,-201.0,0.0,0.0,0.0,0.0,0.0,0.0,0.0,0.0,0.0,0.0,0.0,0.0,0.0,0.0,0.0,0.0,0.0,0.0,0.0,-11.981603,21.92374,-0.0028808978,0.0029492856,0.02337441,3.2051284,0.0,0.0,0.0,1.5,0.0,-50.83611,oth,Ses01F_script01_2,Ses01F_script01_2_M011
57,40.16115,0.11644986,36.22827,39.82144,44.29123,8.062958,189.2385,298.36832,168.64499,478.8316,1.5880677,0.79708815,0.5716193,1.2200685,2.454801,1.8831818,22.946043,12.974706,15.52259,7.17134,1.0890915,1.1401236,18.739845,0.5523477,-16.564766,-0.8461993,7.850678,2.1488686,-20.190971,-0.84495014,0.021438073,1.1770308,1.1221925,0.655702,7.277815,0.5725842,7.0186734,1.4620651,13.073453,0.7645984,810.0472,0.3013118,1288.3511,0.22817482,-89.83467,-1.0106696,1792.3269,0.13409954,1099.4047,0.2724794,-80.615845,-1.0605305,2791.6636,0.08790183,959.768,0.33195776,-82.91287,-1.0075437,-5.5363083,-1.4575853,17.176342,0.47245687,0.048955105,0.48773083,-0.008706626,-1.5925093,1.3824649,0.87183994,20.079288,0.5192212,-19.16707,-0.6967703,5.753198,3.0868223,-22.939627,-0.7601661,-4.613512,14.240221,0.022320097,-0.0018625284,0.5706759,3.467799,2.627841,0.2354054,0.19835258,0.13114285,0.16702047,-12.586113,o,Ses01F_script01_2,Ses01F_script01_2_F012
58,34.45304,0.09133273,33.787556,34.70249,35.67486,1.8873024,72.13616,58.619987,16.314568,34.723766,0.814869,0.84985393,0.21073294,0.6757659,1.2691466,1.0584136,13.127993,6.326821,11.118843,5.016113,0.39953646,1.0404577,23.867739,0.35676187,-12.539196,-0.9746753,6.8039527,2.0762634,-17.738424,-0.81608146,0.025623022,1.0160321,1.1894238,0.56436676,4.1629953,0.9236086,1.1218754,6.3742785,14.133591,0.5381638,682.76227,0.33893654,1482.448,0.20387127,-111.09969,-0.8490669,1653.8126,0.12780984,1204.2538,0.2296997,-105.51701,-0.8641626,2668.0488,0.08359206,1061.9779,0.43708608,-109.19191,-0.8011462,-5.8369737,-1.2110549,18.5109,0.36460546,0.046289258,0.35895306,-0.012975936,-0.7634163,0.7000985,0.582802,28.302807,0.3013408,-17.319736,-0.6978726,6.9108496,2.575926,-20.734455,-0.71214867,-6.328069,15.953885,0.0056526703,-0.0011419462,0.12278024,3.097345,3.1674209,0.14714286,0.08875557,0.17166665,0.25294378,-21.646662,oth,Ses01F_script01_2,Ses01F_script01_2_M012
59,41.34371,0.19233379,32.779324,42.592457,49.050247,16.270924,96.32493,66.37779,173.24474,166.45503,1.3284315,0.9599033,0.48416942,0.8238732,1.9328647,1.4486952,12.916128,6.310179,8.572905,8.280792,0.962627,1.7914246,15.728917,0.8644764,-12.613466,-0.9881322,5.858258,2.5781755,-24.511387,-0.69399816,0.01925008,1.0553187,1.1052465,0.6605233,7.6928043,0.4922264,7.5474267,1.4842211,15.429685,0.702821,874.9681,0.27523112,1173.9961,0.23166588,-134.4949,-0.66362244,1889.392,0.14735842,1040.6372,0.26373062,-129.95609,-0.65082115,2849.2727,0.08239148,884.0713,0.37526894,-130.76236,-0.63889086,-6.1141896,-1.2332851,17.529102,0.46745545,0.053829927,0.57124406,-0.009966208,-1.8143247,0.95792603,1.4073701,17.261065,0.9484738,-12.652543,-0.8683612,4.699721,3.005024,-29.488197,-0.50271267,-3.2600772,13.330761,0.030210985,-0.006265641,0.96734565,3.626943,2.673797,0.138,0.076785415,0.2725,0.11882234,-12.686139,c,Ses01F_script01_2,Ses01F_script01_2_M013
60,43.467667,0.10783145,41.6346,44.45342,47.039818,5.405216,118.35649,88.66605,73.96675,92.497215,2.0157428,0.6288186,0.957342,1.7033501,3.0595448,2.102203,22.949038,13.663085,17.521885,9.135087,1.350104,0.8579658,18.430958,0.5536751,-19.491549,-0.57894087,6.9901237,2.465875,-30.139534,-0.5172735,0.023350222,1.6661816,1.2493929,0.56408685,7.771703,0.4849345,7.0930357,1.465861,12.28689,0.9593169,904.5833,0.2781233,1204.5012,0.22173904,-61.177063,-1.3454953,1881.627,0.13324289,1106.0323,0.35379985,-57.727364,-1.2874942,2847.0925,0.08046902,950.22864,0.3941941,-58.615364,-1.2578578,-5.1958814,-1.161236,14.850533,0.4924098,0.060929503,0.4825111,-0.011468408,-1.18405,1.5898534,0.7383579,18.484581,0.5389557,-21.633717,-0.5096469,4.5086246,3.8626246,-33.550888,-0.4382105,-5.252387,13.203337,0.034767006,-0.009147989,0.58616304,4.4117646,2.6600986,0.27851853,0.22411479,0.081999995,0.069742374,-10.860857,s,Ses01F_script01_2,Ses01F_script01_2_F013
61,43.68932,0.11546676,42.526073,45.002827,47.119335,4.5932617,106.73247,66.70171,98.299576,79.89422,1.8494196,0.7256174,0.5309447,1.6097411,3.0208764,2.4899316,26.749928,12.493504,15.719068,9.325531,1.3061008,0.97473425,19.18111,0.37962687,-23.157965,-0.5684388,6.957391,2.0365243,-28.64389,-0.6279827,0.040587872,1.7613362,1.1924099,0.5297198,7.4920993,0.48619813,9.258983,1.3339626,12.200852,0.82238007,877.8146,0.28796324,1290.4574,0.24407649,-72.76111,-1.2248527,1839.6038,0.12433556,1138.6648,0.28885883,-66.145546,-1.2450573,2804.6914,0.069199815,966.79156,0.3708723,-67.35212,-1.2063103,-6.8444304,-0.8466314,15.095126,0.4121208,0.06178423,0.41947213,-0.013278727,-0.84880334,1.6755528,0.77208096,19.90146,0.3506688,-26.137316,-0.48063165,3.380484,3.9681106,-34.810284,-0.48113054,-4.2168927,12.711708,0.018336568,-0.0009214223,0.4407451,4.1284404,2.8169017,0.24333334,0.13199326,0.111999996,0.08541662,-11.84605,c,Ses01F_script01_2,Ses01F_script01_2_M014
62,42.920662,0.109914586,39.041782,43.89553,46.617332,7.57555,85.19249,97.57647,64.40905,95.954094,1.9006587,0.7050317,0.7343208,1.6042814,3.0228038,2.288483,22.608175,13.941286,17.666155,10.424599,1.275362,0.91920406,20.213757,0.47288802,-18.194216,-0.5233608,7.6983647,2.3016596,-27.981836,-0.57543486,0.021069188,1.4257128,1.2354208,0.54050785,7.2543263,0.50729823,6.5869083,1.5558183,13.501035,0.87071717,893.8934,0.26930872,1206.3263,0.21882729,-75.14828,-1.1953391,1884.3481,0.13109657,1086.2982,0.34054384,-70.89274,-1.1674604,2865.1377,0.08135364,926.9512,0.39664978,-72.004486,-1.138689,-4.544849,-1.303104,15.086667,0.49153417,0.0577107,0.52596027,-0.013922055,-0.9737851,1.657469,0.69707364,20.06771,0.47767705,-20.73624,-0.454761,4.3242784,4.2801924,-32.800766,-0.41491482,-5.940162,13.4315405,0.018761957,-0.007969886,0.44195405,3.6262202,2.247191,0.29874998,0.2446905,0.14142857,0.2896021,-10.902794,q,Ses01F_script01_2,Ses01F_script01_2_M015
63,30.951471,0.12603165,25.953941,32.928303,34.319134,8.365192,334.88663,0.0,-1.3227167,17.415504,0.20621689,0.80302715,0.099872164,0.10647637,0.3559272,0.25605503,2.1291242,1.4116259,2.6817536,1.325873,0.06891661,1.1563145,24.838612,0.33565548,-2.3449695,-2.3603134,22.495728,0.5101693,-3.795882,-1.8177387,0.026812188,0.70837694,1.560807,0.5505936,5.2297792,0.43172568,12.494167,1.2531713,23.292109,0.3080188,732.912,0.3608702,1330.9648,0.24590024,-176.65526,-0.34490642,1756.4281,0.14547691,984.0453,0.2851042,-172.53859,-0.37074202,2787.674,0.09972345,1007.553,0.2151338,-172.9972,-0.3634719,-12.839734,-0.42180562,21.906036,0.35891235,0.034834273,0.592165,0.006752082,1.0841359,0.20191295,0.44469306,25.841112,0.3956903,-1.4351968,-5.2279477,30.863281,0.33734062,2.2883446,4.5329137,-11.251448,20.375483,-0.0052698376,0.004874673,0.045817267,1.4619883,1.1869437,0.12,0.030822068,0.56,0.62369865,-36.18604,s,Ses01F_script01_2,Ses01F_script01_2_M016
64,35.21317,0.07213704,32.161232,35.842697,37.195255,5.0340233,23.488228,15.232575,41.178032,6.1924,0.24292634,0.8681282,0.10148695,0.13468099,0.3713842,0.26989725,3.9650824,2.108208,4.8960495,3.1663377,0.081912935,1.3853867,23.296465,0.34182996,-5.525325,-1.0520605,15.45884,0.4566673,-10.891406,-0.71306384,0.02393586,0.61403555,1.2887436,0.3497137,6.990322,0.36445567,1.1329552,2.8125763,16.193115,0.37413648,807.9718,0.22182123,1374.7765,0.11855629,-177.85019,-0.33967215,1755.9342,0.096818976,1027.2975,0.31465903,-177.54436,-0.33435643,2821.7476,0.061302654,754.1016,0.2031818,-178.28972,-0.32176843,-13.21137,-0.28217253,22.856085,0.2794891,0.029241793,0.62188786,-0.021505538,-0.36737922,0.2546039,0.42311656,30.88931,0.27316937,-5.669496,-0.98376113,21.169693,0.729668,-20.126432,-0.5471529,-8.608736,17.821842,0.004321767,0.0015361058,0.057327535,2.5925925,0.3773585,0.34,0.0,1.14,0.0,-33.902546,s,Ses01F_script01_2,Ses01F_script01_2_F014
65,37.211544,0.062227353,34.88179,37.804005,39.470943,4.5891533,83.17127,66.486435,22.261919,13.365402,0.5012014,1.0675944,0.10934366,0.1789184,1.0290823,0.91973865,6.538563,4.3259687,5.847974,4.164328,0.24041314,1.3801397,24.030302,0.35785815,-9.699133,-1.1360474,14.197778,0.85798246,-11.802858,-1.0191287,0.02506167,1.4659995,1.2464997,0.4268789,5.187824,0.54310256,6.4507546,1.8939587,18.86618,0.4597523,648.7106,0.40922958,1297.6873,0.18151374,-161.66048,-0.4773382,1641.2928,0.19528523,1073.6842,0.18634933,-148.50334,-0.5600011,2681.1392,0.1065306,887.8993,0.20867278,-150.59029,-0.5290505,-6.7639976,-0.8972452,19.441097,0.36511979,0.052406173,0.34226945,-0.009099839,-1.3335263,0.6541665,0.47125527,30.40949,0.22018266,-19.1766,-0.7325722,6.6910725,2.6394258,-24.540075,-0.57236123,-8.294512,17.26246,0.004545874,0.0051069604,0.087123066,1.6717325,1.3782543,0.18888889,0.19891061,0.5144444,0.653029,-25.21042,q,Ses01F_script01_2,Ses01F_script01_2_M017
66,36.47757,0.08963717,34.363113,35.97816,39.072105,4.708992,34.068867,17.225233,53.330013,39.323364,0.2473197,1.1741841,0.061257146,0.11814095,0.34987062,0.28861347,3.2279572,3.2761276,2.5820937,1.432396,0.06708536,1.3029017,25.138208,0.2822165,-4.1562457,-3.0211866,19.152615,0.51608986,-15.283606,-1.0300782,0.035171587,2.0189893,1.1231719,0.6440559,8.532889,0.26863584,5.5422873,1.886846,17.021578,0.6323346,681.053,0.29260677,1438.2151,0.14220564,-125.83227,-0.7198248,1780.802,0.12808025,1102.6512,0.40657252,-123.23331,-0.6990178,2742.348,0.0729771,1096.0768,0.3142145,-122.801216,-0.70447016,-12.723365,-0.6714731,20.207432,0.44312096,0.044528462,0.41186982,-0.017258242,-0.7255727,0.12873176,0.76332474,28.582344,0.28119102,-8.145891,-2.1960003,20.136738,0.67801595,-27.66212,-0.5578212,-11.450363,19.969843,0.0020802505,0.006332814,0.022487497,1.7094017,2.183406,0.188,0.073593475,0.20666665,0.22932266,-34.078808,q,Ses02M_script01_2,Ses02M_script01_2_F000
67,30.931576,0.18008429,25.306692,30.955128,36.534386,11.227694,1.380825,0.0,125.73592,0.0,0.109587185,0.5790142,0.05774604,0.07412229,0.16747256,0.10972652,1.3789296,0.8424635,0.25900775,0.45784244,0.024758087,0.69478106,26.803371,0.42047206,-0.22650263,-26.981522,13.051893,0.7108705,-9.660374,-1.1916473,0.01738505,0.18505803,1.3121765,0.31623277,3.396467,0.7878235,-1.5970025,-3.2646422,20.875616,0.2993125,475.38202,0.1740845,1407.2385,0.069202885,-188.57303,-0.23815706,1428.1257,0.12664317,1087.9486,0.10822549,-188.16794,-0.23278908,2679.4773,0.04480073,800.5241,0.21008939,-189.02303,-0.21554786,-13.088098,-0.24445814,26.448238,0.09841704,0.028912595,0.78082037,-0.026105192,-0.54750925,0.039053906,0.10847302,32.72229,0.20081201,2.1794438,1.4282385,-1.0499747,-3.9566946,-22.17092,-0.62662494,-11.782234,22.153112,0.007127749,0.0012790977,0.02304173,2.1978023,1.1299435,0.049999997,0.0,0.53999996,0.33950943,-48.364243,q,Ses02M_script01_2,Ses02M_script01_2_M000
68,37.326477,0.083573595,35.61541,37.449432,39.263,3.6475906,46.332264,43.76811,233.86365,506.17953,0.3586343,0.7376505,0.15643671,0.2703693,0.5389513,0.38251457,4.096963,2.1052737,3.3696125,2.1014063,0.10180795,0.922524,23.795826,0.43521225,-6.3753586,-2.3677108,17.784521,0.9015626,-23.638292,-0.76170087,0.01839891,1.2042702,0.92922425,0.7342952,8.1763115,0.41511148,7.935037,1.1843932,17.32889,0.44470248,631.56854,0.34048247,1380.6517,0.15986963,-96.01801,-0.95755076,1695.5585,0.13970914,987.43335,0.3670898,-87.198166,-0.9743473,2716.373,0.09202919,992.60754,0.3713093,-87.4468,-0.9672991,-9.309132,-0.69868445,17.445524,0.37734908,0.053344633,0.3974099,-0.011854808,-1.0844333,0.13609402,0.7198392,25.201553,0.35976166,-10.399834,-1.4766738,19.066322,0.9606865,-31.072872,-0.5455743,-9.52465,18.332731,0.015895061,-0.0017189875,0.047448836,2.4509804,2.244389,0.2688889,0.20463759,0.175,0.12806249,-32.945995,ans,Ses02M_script01_2,Ses02M_script01_2_F001
69,33.87797,0.16604783,27.73967,32.822174,39.4758,11.73613,21.144005,0.94771004,495.16418,626.4877,0.21163537,0.89177936,0.11125525,0.17201237,0.24181159,0.13055634,3.7523,3.322859,0.89670736,0.35668936,0.058304526,1.2925732,23.363873,0.3520698,-1.1302986,-8.217521,21.67956,0.58628684,-8.385022,-1.6699607,0.019543927,0.76909876,1.1210093,0.56277114,6.4912143,0.41874295,8.175647,1.0926638,20.81977,0.23070772,612.04364,0.37989867,1350.8173,0.13718788,-140.39711,-0.6205885,1637.9199,0.13199271,951.87915,0.24226913,-135.87054,-0.6240935,2686.8901,0.080232985,1023.09015,0.3713068,-137.01941,-0.60718936,-11.662066,-0.4270421,19.962673,0.28556234,0.029991832,0.7070297,-0.006640455,-2.0147207,0.09320845,1.2378681,26.31788,0.29874575,-4.8871107,-2.5890133,21.413458,0.8052934,-13.672999,-1.1945122,-11.429668,19.463472,0.008536291,0.0021740461,0.040024478,1.6393443,1.3333334,0.26,0.14611639,0.4675,0.25292042,-37.238518,o,Ses02M_script01_2,Ses02M_script01_2_M001
70,34.657574,0.042023744,33.230755,34.784134,36.033173,2.8024178,107.203285,120.10943,11.409797,7.100008,0.17371295,0.7161633,0.080701634,0.1321941,0.23951423,0.1588126,2.0058303,1.1670262,1.9997177,1.1798737,0.038188193,0.81830955,25.089825,0.49561173,0.51705194,25.057785,13.792304,0.79651964,-9.158826,-1.3832066,0.020116145,0.93381345,1.2604166,0.84091794,8.027948,0.33620626,8.082965,0.9666007,26.835081,0.24391872,603.7051,0.3019802,1459.1869,0.11132183,-115.45696,-0.8092275,1628.4154,0.0852734,1123.0426,0.23788844,-115.66478,-0.757952,2701.4668,0.06497254,1016.5204,0.41936323,-119.641136,-0.6959353,-14.140901,-0.47827566,25.67366,0.2791824,0.040875234,0.44787893,-0.007036966,-1.3521689,0.06131652,0.5126753,34.30471,0.24929506,-4.50136,-3.249973,13.7756815,0.92894226,-14.664257,-0.9156246,-10.586297,18.469398,0.004133777,0.0076628923,0.018910805,3.7974684,2.250804,0.19857143,0.15075321,0.19624999,0.13480888,-40.621597,o,Ses02M_script01_2,Ses02M_script01_2_F002
71,33.59199,0.10463736,30.557379,33.75603,36.408867,5.851488,77.757515,77.6894,31.833696,32.760056,0.12385913,0.50906706,0.06131917,0.10851629,0.18986624,0.12854707,1.0791389,0.7308073,0.8965994,0.45845312,0.029713374,0.7133539,28.649643,0.2330893,-1.1816658,-5.7582526,15.32059,0.77030444,-9.886065,-1.2692994,0.018123215,0.8578683,1.3004892,0.4840349,6.1668496,0.4477157,5.453953,2.2426705,26.39184,0.34144625,706.5203,0.29106146,1397.0393,0.18143669,-149.60068,-0.5524014,1717.3168,0.14390545,1132.0955,0.22681844,-145.9775,-0.54957485,2849.6335,0.08601797,894.3018,0.29781538,-147.99931,-0.5215534,-13.588335,-0.34763604,26.1478,0.23970018,0.04267526,0.48763818,-0.00758087,-2.1070242,0.04194515,0.394182,34.344204,0.16216302,-2.952192,-2.8642125,6.143968,1.8104057,-21.311054,-0.5825753,-12.41052,20.923655,0.0070641288,0.0056248363,0.02477306,2.688172,2.169982,0.12833333,0.11429737,0.31083333,0.4183989,-45.257153,q,Ses02M_script01_2,Ses02M_script01_2_M002
72,26.602497,0.06880316,24.696968,26.937752,28.188309,3.4913406,25.460447,6.0543103,3.084875,6.4721484,0.11363564,0.53241056,0.05951048,0.09708442,0.15784004,0.09832956,0.7016119,0.4012712,0.54733145,0.30305147,0.024774313,0.6238264,29.27555,0.16812828,-0.6269068,-10.245699,22.079044,0.5091322,-8.007449,-1.3644031,0.023576504,0.82834893,1.1293823,0.40978274,3.981501,0.4875357,3.8102832,1.4927106,21.408823,0.28416443,653.40424,0.3322337,1402.3928,0.1574127,-151.25261,-0.5381457,1686.3702,0.16690965,1094.8452,0.33760974,-153.57924,-0.5003851,2732.119,0.09431127,1054.202,0.43276963,-154.4693,-0.48752722,-15.244501,-0.31690788,23.869083,0.24395667,0.019921245,0.95005107,-0.012418693,-1.3270603,0.042905156,0.33212355,32.316418,0.17467698,1.3316618,6.599063,22.371883,0.6071946,-16.566616,-0.6793148,-13.232609,20.957659,0.00069256563,0.0039580343,0.018565912,2.5125628,1.2722647,0.19799998,0.16314408,0.47166666,0.41422278,-46.27478,s,Ses02M_script01_2,Ses02M_script01_2_M003
73,36.424976,0.06846691,35.451405,36.28495,38.517838,3.066433,4.436571,13.818956,33.22181,12.606162,0.23400572,0.8703271,0.05736154,0.1827052,0.43859243,0.3812309,2.5907626,2.5340395,2.3582916,1.5363642,0.056628328,0.9565403,30.459646,0.24587394,-6.1243725,-2.0102365,15.078513,0.80361986,-8.377485,-1.4601536,0.019128466,1.3414595,0.76850474,0.968872,9.399682,0.33274698,9.597026,0.93525493,22.21066,0.32394332,661.05066,0.27978358,1514.5791,0.23286761,-117.62551,-0.788055,1712.6206,0.11012238,1089.5939,0.22047472,-117.079666,-0.74562746,2695.4485,0.08159573,993.4304,0.3602274,-118.46246,-0.7237928,-12.620868,-0.62201387,21.727854,0.3870023,0.05510595,0.36213574,-0.010616641,-1.1288222,0.09538191,0.56137955,33.59673,0.2516158,-8.704436,-1.8933252,14.219516,1.1435425,-16.736454,-0.7535749,-11.484235,21.155365,0.0037108657,0.008717065,0.024858125,2.1551726,1.7621145,0.255,0.12519984,0.23200001,0.20301723,-35.36461,c,Ses02M_script01_2,Ses02M_script01_2_F003
74,31.956045,0.18662795,25.79701,31.423473,39.417587,13.620577,172.45892,0.0,12.178826,7.8471923,0.21744393,1.236249,0.08069916,0.13336022,0.19659612,0.115896955,3.7698507,4.2721267,-1.0040842,2.1584618,0.053752247,1.4648685,25.84007,0.23864725,-2.3525198,-5.413767,20.629244,0.7092299,-5.977339,-2.3106675,0.016665528,0.6844815,1.1223716,0.61282605,7.0128927,0.4653682,11.318864,1.7575829,22.325537,0.3056217,580.22784,0.36424908,1433.7188,0.31044808,-139.92386,-0.6102311,1634.7041,0.110431015,1065.5532,0.32320467,-135.19856,-0.6202091,2643.134,0.079315916,1069.7476,0.36022463,-136.27957,-0.6013979,-11.719868,-0.7094045,21.271328,0.2616447,0.026659323,0.87740105,-0.005092857,-2.5666692,0.090219595,1.1851286,26.576395,0.24330366,-2.888347,-5.743238,21.933313,0.8426366,-11.520567,-1.5519022,-11.700657,19.672735,0.006767896,0.005171932,0.026120497,1.3824886,2.843602,0.11666667,0.07226495,0.21499999,0.20998016,-33.34221,q,Ses02M_script01_2,Ses02M_script01_2_M004
75,36.709892,0.0660905,34.181576,36.66991,39.439255,5.257679,5.7830296,7.295581,20.101269,3.2760763,0.35289297,0.91413796,0.076906756,0.18311137,0.67135894,0.5944522,6.376206,3.2277079,3.2452497,1.5917556,0.09243699,1.0265561,27.92273,0.31397378,-8.989181,-1.601544,6.7475667,2.4703686,-20.642296,-1.0600834,0.009643187,1.4871434,0.9139891,1.0629447,8.564276,0.46760106,0.37562737,26.857065,19.233809,0.49934486,609.231,0.28317243,1384.5157,0.13153194,-117.50545,-0.81649077,1564.8837,0.112749025,1179.6978,0.28945613,-108.250534,-0.87155354,2743.8164,0.08790281,1141.8708,0.538811,-113.85244,-0.7760137,-4.6732087,-1.186823,21.374504,0.25072676,0.04437049,0.48833054,-0.0124437865,-1.2941661,0.16648759,0.532241,31.633492,0.21604022,-17.739244,-0.8530705,-4.791676,-3.2074373,-36.17512,-0.6106615,-10.502332,18.864,0.007011226,0.00254616,0.027668854,2.197802,1.8656718,0.24599999,0.11740528,0.22333333,0.24212024,-30.799261,ans,Ses02M_script01_2,Ses02M_script01_2_F004
76,24.155748,0.09981494,20.487452,25.407852,25.686745,5.199293,584.3292,0.0,14.08658,6.3021674,0.082479015,0.41202694,0.058237404,0.06216206,0.11770058,0.059463173,0.49174494,0.21255443,0.48877978,0.10692604,0.017637337,0.67289644,30.095291,0.20273659,0.10872728,46.61683,14.247453,0.34501535,-8.317216,-1.2882901,0.015976857,0.23614739,1.4224002,0.47924873,3.1520324,0.49150208,-8.320573,-1.1817422,21.195034,0.47480893,680.5128,0.3147454,1410.7213,0.06680527,-184.50986,-0.27377436,1708.1959,0.1651767,1199.4615,0.10813363,-185.78838,-0.25051653,2763.5015,0.103279814,1166.7781,0.4078932,-186.31734,-0.24081734,-16.116385,-0.18494847,25.014303,0.2035312,0.025293125,0.9589524,-0.007959686,-2.2803514,0.028328383,0.4004058,31.155058,0.19481991,8.971152,0.6824668,15.710136,0.21432544,-21.791182,-0.62576425,-12.4901905,22.678608,-0.0011162311,0.0038185534,0.016696798,1.6574587,1.1363636,0.065,0.035,0.52666664,0.16438437,-51.110607,q,Ses02M_script01_2,Ses02M_script01_2_M005
77,39.119484,0.0978108,36.327366,38.74641,42.65351,6.326145,89.03387,36.133537,38.40226,4.8623524,0.40897262,0.7990096,0.12194416,0.28407198,0.7163209,0.5943767,4.8691015,3.6453,4.825281,1.2409995,0.13478406,1.2216965,24.948378,0.403322,-10.948558,-1.1322519,8.464216,1.8137348,-25.704838,-0.7040723,0.017592074,1.3109121,0.7240755,0.72311336,8.5143795,0.43000263,6.473532,1.223876,19.0576,0.4703167,704.66345,0.34669235,1410.4453,0.18254234,-116.03252,-0.8013153,1718.6091,0.14817454,1127.0339,0.2969614,-104.14375,-0.8721705,2760.1345,0.09124932,1055.9503,0.47336215,-107.3054,-0.81775415,-8.608496,-0.9772089,19.457842,0.47294194,0.064407624,0.23580006,-0.011276475,-1.2998576,0.22418521,0.8395124,26.757605,0.3221586,-16.777252,-0.80945396,5.2590113,2.9292576,-39.115135,-0.35832545,-8.173939,17.729004,0.018209998,0.0012124182,0.045046315,2.6785715,2.283105,0.216,0.15615377,0.24499999,0.12519984,-30.648806,q,Ses02M_script01_2,Ses02M_script01_2_F005
78,36.741337,0.1744006,32.1744,39.26385,42.28433,10.109928,82.60164,61.093082,362.077,537.75946,0.3386681,0.88274163,0.10780448,0.18304184,0.58692306,0.4791186,3.3554556,1.8579675,3.8089974,3.3868132,0.11302581,1.2350478,18.86632,0.7924019,-1.365008,-11.2844715,14.008013,0.9638787,-17.234137,-0.8297872,0.024199242,0.8047556,1.1139506,0.7566233,7.6159496,0.5128387,5.823889,1.5022502,18.387718,0.51042247,664.92236,0.3457569,1406.7158,0.13132922,-137.17355,-0.614231,1665.7773,0.14648916,1090.8822,0.30356744,-129.31761,-0.6539051,2725.3267,0.10521795,911.48267,0.2907303,-131.88022,-0.6160093,-10.866169,-0.9914044,21.752415,0.49337065,0.043446988,0.491157,-0.008020752,-1.6354616,0.19424257,0.851253,23.036194,0.5943015,-6.6073856,-2.595698,11.396184,1.3277725,-27.183908,-0.5425817,-6.777568,15.493582,0.012226905,0.004549485,0.061719712,1.8867925,3.3980584,0.105714284,0.07068181,0.23200001,0.23249947,-30.757603,b,Ses02M_script01_2,Ses02M_script01_2_M006
79,41.14706,0.1289479,37.364033,41.307224,44.604984,7.2409515,82.85886,101.89457,62.036446,29.03687,0.40988103,0.7059725,0.110607736,0.38727745,0.6439705,0.53336275,3.3056056,2.0819876,4.47605,2.882215,0.15391566,0.95829815,16.640057,0.9209933,-2.4603581,-6.427421,9.307276,1.6564169,-21.455952,-0.7793724,0.032207362,0.9400451,0.95961434,0.75481945,8.48697,0.47483122,9.670012,1.04515,16.960419,0.6219189,728.9289,0.3280729,1344.0101,0.16526878,-126.25123,-0.6819582,1739.3077,0.15393682,1038.0815,0.30256173,-112.42163,-0.76477987,2773.6023,0.109330036,931.01965,0.35070366,-114.45102,-0.72991544,-9.880427,-0.97166705,20.767498,0.476282,0.0571131,0.40961894,-0.0051489817,-2.5516284,0.23303977,0.6259011,20.291008,0.6641606,-9.182185,-1.6859405,8.197245,2.393667,-30.908087,-0.47704443,-5.9758477,14.68121,0.02412789,0.0063919723,0.08391215,2.2408965,3.125,0.14727272,0.10762654,0.16700001,0.17832834,-29.688437,s,Ses02M_script01_2,Ses02M_script01_2_F006
80,27.299253,0.14248021,24.02703,24.861685,32.02193,7.9948997,-0.38785934,0.0,33.223064,0.0,0.09740355,0.48302403,0.056860983,0.073993005,0.13844359,0.081582606,0.51960796,0.42154616,0.5570172,0.25443473,0.020641616,0.66993237,28.592585,0.21673372,-2.3643026,-2.0778325,19.106308,0.57527703,-5.5788164,-1.6547369,0.016356535,0.7525716,1.2720852,0.5198497,4.2481885,0.5468006,5.4945617,0.86071366,24.397188,0.26772457,647.3889,0.32449093,1423.941,0.13628829,-161.3399,-0.4579917,1605.9233,0.12952508,1143.5679,0.26492977,-162.5361,-0.43791687,2723.5122,0.06781821,884.59973,0.23613098,-164.2774,-0.4124119,-11.713537,-0.39643663,24.535149,0.20653164,0.015135334,0.85665673,-0.007027793,-1.827148,0.03351178,0.2916485,35.407825,0.14350928,-2.0937457,-2.531467,19.57684,0.80518687,-11.835083,-1.1666044,-11.708982,20.967058,0.0026439307,0.0073037962,0.017638322,1.9323672,1.4851485,0.13333333,0.08259674,0.3875,0.31673136,-48.88387,o,Ses02M_script01_2,Ses02M_script01_2_M007
81,39.74289,0.08383326,36.70572,39.403687,43.129192,6.4234734,80.8141,61.642452,48.62809,75.01995,0.34025478,0.7011618,0.1364895,0.30222943,0.47622955,0.33974004,4.3218355,2.3907607,3.6554372,2.7743492,0.11181918,0.9879834,21.614864,0.625399,-3.3790052,-4.5375876,13.706023,1.2638174,-24.997528,-0.7000232,0.024772815,1.3167653,0.9427417,0.81404155,9.431688,0.46768758,9.55513,0.9232947,20.33075,0.5111199,777.90326,0.2623944,1347.4576,0.16412923,-104.47422,-0.85944074,1844.7797,0.12957345,1061.1422,0.46825042,-100.997604,-0.8258379,2860.761,0.08810908,1036.6066,0.40777603,-101.492386,-0.81698304,-12.382325,-0.6788652,22.231329,0.4730866,0.057081234,0.3583436,-0.010874788,-1.2990533,0.15612864,0.7374709,26.356918,0.37630785,-5.8204575,-2.8964703,10.419098,1.9059579,-32.65717,-0.5255495,-6.2720895,13.24938,0.02183028,0.0013394217,0.055143654,3.2665966,2.542373,0.21374999,0.22193867,0.17227271,0.13931428,-31.902122,o,Ses02M_script01_2,Ses02M_script01_2_F007
82,24.67439,0.05737766,23.963531,25.216473,25.992218,2.0286865,-23.439175,0.0,6.85664,0.0,0.093085356,0.42075494,0.056891266,0.081005625,0.12231781,0.06542654,0.554308,0.32500488,0.36245778,0.14541572,0.017086426,0.5066636,27.280275,0.23815773,-3.0850565,-2.092282,19.466167,0.49118552,-7.824304,-1.0496825,0.022183934,0.6364555,1.0903717,0.5240119,4.1644163,0.2583482,4.70696,1.5977935,20.758268,0.33469364,627.09174,0.36487865,1369.9758,0.1283223,-171.79637,-0.391412,1629.3102,0.11665942,986.045,0.1414314,-173.16664,-0.36964637,2605.745,0.09257073,984.3612,0.38388693,-173.63939,-0.3622797,-14.61,-0.22496493,22.365257,0.13789062,0.009749441,1.7166587,0.0021656333,2.8586118,0.024325503,0.15704682,32.042065,0.13827948,-1.1701001,-6.074449,28.779016,0.41573352,1.9441094,1.4633831,-11.009463,19.414156,0.0046583833,0.0052852524,0.01605642,2.1097047,0.4310345,0.35,0.0,0.96999997,0.29999998,-50.923027,q,Ses02M_script01_2,Ses02M_script01_2_M008
83,37.493317,0.08616032,34.964397,37.686993,39.840214,4.8758163,42.344986,26.899876,19.78656,18.620445,0.3390144,0.70116,0.117513806,0.29021242,0.5512814,0.4337676,5.086724,2.4755628,3.9636369,2.253111,0.09760255,0.90094477,25.981531,0.50666386,-8.753374,-1.629344,10.157307,1.380629,-21.992535,-0.71650374,0.016658872,1.076378,0.92201173,0.78968114,8.603213,0.41627222,7.1078563,1.1993797,21.926353,0.4318202,713.42395,0.2790073,1420.098,0.15272968,-97.36949,-0.9541454,1740.7491,0.13775127,1097.8636,0.3395937,-93.85236,-0.92575395,2785.425,0.088473566,1034.0171,0.3921337,-97.06303,-0.8668253,-10.713726,-0.681664,21.431673,0.38458112,0.056586638,0.33384672,-0.011752513,-0.9894139,0.13595726,0.6130844,31.298592,0.3251692,-12.996376,-1.1086334,8.323689,1.8410968,-27.805471,-0.5831652,-6.606033,14.931999,0.016721422,0.004292174,0.04481451,3.448276,2.1252797,0.26578948,0.2067624,0.20411764,0.2210951,-32.860405,ans,Ses02M_script01_2,Ses02M_script01_2_F008
84,33.748966,0.08849778,31.486607,34.627533,35.760853,4.274246,242.05301,229.51453,7.8237395,11.286785,0.13782693,0.569494,0.06762788,0.11277195,0.21018985,0.14256197,1.8173406,1.0506365,1.4132837,1.1980791,0.032191668,0.7090982,31.802717,0.22511883,-1.331394,-6.365417,14.5594,0.63277775,-5.7321796,-1.5541182,0.014092565,1.1231049,0.92357767,0.58595407,8.430795,0.32656235,6.3804216,1.5440243,25.681786,0.33102366,592.2153,0.3576931,1415.3717,0.18418267,-142.73453,-0.59493357,1611.5107,0.13951756,1047.9528,0.19833733,-140.48436,-0.5844795,2708.086,0.08941943,943.49866,0.29289734,-143.02402,-0.54890704,-14.8942375,-0.47095552,24.964443,0.34003612,0.03778101,0.46994805,-0.0032799598,-2.875614,0.042641062,0.4465288,36.236526,0.20615497,-2.772936,-4.481659,11.173827,1.0040303,-6.0630913,-1.2660947,-13.377755,22.597248,0.0103828255,0.0023826573,0.02454497,2.3411372,2.0547945,0.15333332,0.11827462,0.31333333,0.29875666,-42.394848,q,Ses02M_script01_2,Ses02M_script01_2_M009
85,36.56647,0.082669064,33.564636,36.061584,39.872055,6.307419,43.052113,26.77569,64.29267,137.86755,0.29803813,0.79424655,0.115879685,0.22687733,0.42307925,0.30719957,3.6203394,2.0639713,3.3597543,2.9620903,0.07831525,0.99411,25.742626,0.44441608,-4.676637,-2.9124558,13.870974,1.0158981,-19.48626,-0.72363263,0.022874251,1.3444273,1.0058143,0.7141444,8.455751,0.39691398,6.599695,1.2847488,21.572077,0.37339678,694.1611,0.29520115,1409.1411,0.14609602,-87.7752,-1.0312481,1736.3961,0.12470348,1050.9181,0.33313224,-88.23536,-0.953953,2766.0098,0.090497844,959.50586,0.4166026,-91.020744,-0.9001003,-12.371096,-0.6092905,21.721308,0.37002963,0.043801,0.43036568,-0.013531821,-0.9365994,0.10649313,0.7580132,29.921898,0.30609784,-7.249215,-1.9763126,14.144009,1.1486336,-24.285627,-0.59531224,-8.38927,15.792902,0.013704684,0.0021048568,0.032441687,2.9177718,2.540107,0.23526315,0.13398226,0.14555556,0.1356557,-33.3263,ans,Ses02M_script01_2,Ses02M_script01_2_F009
86,37.970192,0.17963298,32.119884,35.835342,44.416252,12.296368,168.56026,141.2886,115.27011,200.26782,0.45338073,0.8286343,0.14153902,0.27720827,0.8108089,0.66926986,7.873618,5.478856,4.615083,4.66266,0.18405207,1.1308156,24.634644,0.4833059,-10.138876,-1.8423798,7.6007867,1.8095326,-19.413198,-0.8176213,0.023859145,0.93142086,1.261382,0.5379268,6.3503633,0.47117904,3.834675,1.6390688,19.193544,0.49228948,822.6852,0.24082501,1348.5037,0.21038726,-81.10555,-1.0651538,1813.2186,0.118941985,1118.4181,0.262595,-83.32847,-0.96280724,2819.2527,0.08654379,976.92285,0.48172152,-85.588684,-0.91970956,-9.134538,-1.0145508,21.04499,0.40475553,0.04291071,0.5610914,-0.006774368,-2.5050807,0.23331009,0.98671174,25.578878,0.44828522,-10.896423,-1.7623457,6.349818,2.1441474,-23.054796,-0.68853205,-8.118459,17.66092,0.019202549,0.0016410692,0.094467595,3.1007752,3.5714285,0.17333333,0.14605935,0.0975,0.092837214,-29.126049,q,Ses02M_script01_2,Ses02M_script01_2_M010
87,40.870663,0.11442826,37.537235,41.02905,44.58074,7.0435066,94.18669,98.46583,32.55701,18.475632,0.4345643,0.80254287,0.14177662,0.33016443,0.68595886,0.54418224,6.97601,4.614905,5.4706297,3.6298966,0.16401075,1.1506903,23.036903,0.47112018,-12.181074,-1.4149042,11.296972,1.3485972,-22.283512,-0.75191,0.022953238,0.98739624,1.0358497,0.7187213,8.518341,0.4441794,7.9512033,1.080893,17.009033,0.5433435,763.21075,0.29531023,1386.6959,0.16948014,-92.24528,-0.97144985,1787.0375,0.11264319,1083.7747,0.3132015,-86.510704,-0.9490547,2757.9585,0.081019625,1001.4724,0.38790837,-87.803116,-0.92431694,-9.825186,-0.90138775,19.603914,0.4423678,0.055602252,0.39140767,-0.008479923,-1.6614956,0.21617119,0.9368274,24.308893,0.43789098,-15.103398,-1.1580211,10.486316,1.6587722,-28.997862,-0.55993044,-7.9843626,17.186825,0.023279743,0.0027593882,0.07638582,3.2886724,3.0637255,0.19719999,0.14635628,0.11695652,0.1380118,-29.566574,ans,Ses02M_script01_2,Ses02M_script01_2_F010
88,43.684338,0.04527719,41.320225,43.676373,45.449276,4.129051,38.056736,14.319633,40.996716,12.6633005,0.27481607,0.8717699,0.0910387,0.17798352,0.44516578,0.35412708,4.6648684,2.0370572,2.7834573,2.9847932,0.100082144,1.2394068,15.7632475,0.43579227,-4.514664,-2.680945,17.081383,0.6955238,-17.32973,-0.7213716,0.042710483,0.787002,1.5678846,0.7039884,8.671527,0.4295553,10.614293,0.6779176,11.243753,0.74254364,907.20276,0.17597617,1315.5122,0.19339752,-151.20647,-0.5061018,1920.5436,0.07646752,818.2343,0.26491517,-147.73477,-0.52427423,2874.9697,0.06334354,1007.2834,0.35450682,-147.82095,-0.521387,-10.497525,-0.7260419,17.760818,0.39062503,0.06285485,0.36877224,-0.006013187,-2.2093136,0.23517953,0.53923905,17.636812,0.33290473,-10.482321,-1.6005361,15.522203,1.0062782,-29.139774,-0.34904578,-6.8009048,13.791132,0.01941877,0.0032800417,0.0454418,2.631579,2.7027028,0.099999994,0.048989795,0.20666665,0.2861041,-32.416042,b,Ses02M_script01_2,Ses02M_script01_2_M011
89,41.687073,0.07147051,40.03653,41.39756,44.34474,4.3082123,85.53486,91.36095,30.887094,10.954098,0.37091064,0.8860899,0.12594678,0.25933227,0.5602637,0.43431693,6.1969995,3.6819632,4.207017,2.7916229,0.12807222,1.247267,20.554482,0.52432364,-12.427742,-1.2015531,8.54919,1.7131634,-21.024244,-0.63188297,0.027693063,1.2321315,1.0917614,0.782075,8.447558,0.47181827,6.970971,1.5159587,18.444181,0.4813843,802.42334,0.23755468,1383.9896,0.19956398,-109.65478,-0.8351262,1804.3552,0.108528756,1045.331,0.2699591,-102.42927,-0.85559046,2846.494,0.086206526,1016.927,0.3730881,-105.61136,-0.80052733,-8.847966,-0.9638299,21.025188,0.40882576,0.049311902,0.41398996,-0.0044139074,-3.3134387,0.20500582,0.88405025,24.967375,0.39790908,-17.384474,-0.9459421,3.5755098,4.5053644,-28.158733,-0.44886038,-4.6609488,13.259044,0.01871356,0.005813567,0.04096335,2.9250457,2.5830257,0.19857143,0.13881421,0.16714284,0.12452358,-30.268126,s,Ses02M_script01_2,Ses02M_script01_2_F011
90,42.909355,0.09722578,40.503544,43.164196,45.701122,5.1975784,90.31312,92.44834,68.3358,69.42583,0.52734065,0.7113239,0.22648938,0.4147569,0.7744682,0.5479788,7.7615714,4.10364,5.8218594,3.1718216,0.20885527,1.0780289,18.028627,0.6606972,-14.106541,-1.2329695,8.093046,1.8022541,-26.964647,-0.6032165,0.02486976,1.5009555,0.9704036,0.736539,9.190906,0.46494865,7.9896183,1.146362,12.336336,0.94198006,845.4286,0.27467376,1333.9229,0.18947229,-79.58938,-1.0719615,1823.3164,0.11853263,1066.4293,0.35482103,-71.32908,-1.1022965,2827.2876,0.08919782,969.3598,0.34287867,-72.78613,-1.0669855,-8.686674,-0.99809635,18.17979,0.4980285,0.060648218,0.4290033,-0.0039645904,-3.2824328,0.25306678,0.94023836,19.15719,0.5997752,-16.809305,-1.0627203,6.913324,2.1730144,-30.497063,-0.5400473,-5.7365084,13.98212,0.033481132,-0.0003887786,0.10395385,3.5952065,2.2788203,0.30411762,0.3112982,0.12,0.1176329,-27.853748,s,Ses02M_script01_2,Ses02M_script01_2_F012
91,41.623333,0.16842373,29.902508,42.906776,46.94499,17.04248,70.11869,0.38775635,52.575306,44.566654,0.32909408,0.67098296,0.16261706,0.27394605,0.4472432,0.28462616,6.1935577,4.1320987,2.016626,2.1352217,0.13577262,1.2278774,22.364832,0.4291193,-6.8621416,-1.7914935,8.776595,1.6263434,-24.530275,-0.63607615,0.016428404,0.8682185,0.7079156,0.53570014,10.650131,0.39954472,5.3593917,1.0594578,14.115932,0.7926808,895.18835,0.22931795,1272.6611,0.17988405,-134.27582,-0.63192165,1910.2448,0.13999821,1042.7955,0.38597432,-130.05844,-0.6325764,3010.2202,0.11422693,886.38715,0.28767252,-131.75429,-0.60876423,-13.202445,-0.9524278,24.625319,0.4038186,0.0578763,0.6467158,-0.008655491,-1.3767029,0.17105602,0.8653822,23.23788,0.43983552,-4.618127,-2.6854649,6.9760056,1.7996788,-32.3803,-0.45902318,-7.5748396,16.83025,0.023737099,-0.0032665732,0.10989907,3.2085562,2.2099447,0.175,0.099373035,0.2575,0.27662024,-30.980612,c,Ses02M_script01_2,Ses02M_script01_2_M012
92,41.221622,0.09839204,39.794167,41.6489,43.855453,4.061287,60.191593,57.147842,22.235458,46.772938,0.35937175,0.5220445,0.17357492,0.3260525,0.5528387,0.37926376,5.1961627,2.1438005,3.4836078,1.5059109,0.111457415,0.63721645,24.742039,0.40877107,-5.152269,-2.2930293,9.336772,1.5961239,-32.333214,-0.5482927,0.016038826,0.97617376,0.86159366,0.77273196,10.655793,0.3472081,8.612627,1.0017068,18.621504,0.6633565,764.4999,0.30118814,1423.9797,0.18867354,-73.90254,-1.0947512,1788.2158,0.16588639,1031.0425,0.38630915,-65.10654,-1.0924631,2844.8687,0.10406712,1077.3839,0.36444482,-68.438835,-1.0086818,-13.061881,-0.5923253,22.495548,0.42691386,0.050229248,0.48709086,-0.012088141,-1.0432045,0.12853755,0.5161167,26.024912,0.382663,-5.9169292,-2.1243653,8.349832,1.9559498,-36.66994,-0.4747144,-9.815645,17.19392,0.02751465,-0.0022408944,0.06243095,4.6831956,2.5210085,0.29444444,0.28445312,0.08222222,0.046613727,-31.481802,o,Ses02M_script01_2,Ses02M_script01_2_F013
93,39.151665,0.12913072,39.626,40.61359,41.931564,2.3055649,35.170746,45.38905,69.69532,59.77779,0.30380863,0.57392323,0.14740877,0.27063772,0.45161617,0.30420738,3.3386145,2.8195887,1.9193722,1.2462164,0.07658821,0.645155,28.03081,0.33313426,-6.96648,-1.4724494,8.894275,1.7981136,-25.815474,-0.6662581,0.011579795,1.0309858,0.83459574,0.77291626,10.603014,0.3299427,7.7044296,1.2848597,22.580408,0.2551886,700.97375,0.30655408,1424.3757,0.12575155,-110.13687,-0.8094384,1715.9879,0.19196127,1187.7932,0.2633538,-95.33895,-0.908168,2765.165,0.124430954,1157.1156,0.42112362,-101.145546,-0.8044264,-12.141428,-0.6259602,24.949373,0.26877564,0.041157078,0.418214,-0.014060373,-0.5991509,0.1026753,0.40425873,32.807846,0.14661227,-10.712144,-1.0761431,2.8652203,5.194971,-35.07641,-0.4552762,-8.154194,16.59501,0.020827958,-0.002069093,0.04332243,2.857143,2.3529413,0.2375,0.15303186,0.16749999,0.12376894,-33.956573,c,Ses02M_script01_2,Ses02M_script01_2_M013
94,41.768364,0.087242156,39.52272,41.4448,45.264706,5.7419853,42.281094,39.668785,143.41455,220.41562,0.3694889,0.48605752,0.21380883,0.3190953,0.5287124,0.31490356,4.115249,2.1728299,3.1738281,1.5931698,0.11527054,0.6769683,24.661766,0.48692387,-10.029965,-1.3789955,9.913855,1.6045142,-23.27974,-0.57912534,0.022902656,1.1645595,0.888821,0.76949453,10.178892,0.33311507,9.696802,0.8194535,20.453285,0.49984777,773.4654,0.2548458,1403.0607,0.17206208,-82.92656,-1.0430108,1800.2501,0.13591692,1082.2722,0.34498572,-77.21466,-1.010588,2821.3403,0.09490536,996.1487,0.3370759,-80.27747,-0.94466376,-12.415848,-0.636038,22.952057,0.40461615,0.053138997,0.39305478,-0.011025852,-1.0761571,0.13787407,0.57148856,29.002172,0.307259,-13.691615,-1.038496,7.2917347,2.250575,-27.098734,-0.46934208,-6.2681336,13.4072075,0.030745534,-0.0015710499,0.066151336,4.576271,2.3931625,0.28142855,0.19924347,0.108,0.066653326,-32.22463,s,Ses02M_script01_2,Ses02M_script01_2_F014
95,39.771313,0.16139062,33.665913,40.99644,46.108425,12.4425125,70.83437,35.812992,293.79514,123.16411,0.33394417,0.4768425,0.20097837,0.29565978,0.48878318,0.2878048,2.7114396,2.337516,0.60836434,1.5710256,0.111570366,0.8052787,22.268507,0.5215375,-4.692487,-2.8715665,6.501782,2.7308247,-24.483154,-0.62899476,0.022634793,0.78095716,1.0869327,0.6324337,7.916521,0.5915012,4.590066,1.9709048,19.664387,0.6074719,810.9786,0.23996957,1363.5941,0.18011396,-112.83552,-0.80364496,1804.229,0.15506686,1052.9698,0.41360497,-110.90862,-0.7759869,2884.215,0.07971564,901.9199,0.28897378,-114.07558,-0.7233076,-9.922742,-0.5698057,22.682186,0.28385335,0.05077177,0.50556874,-0.012411998,-1.0917553,0.14326485,0.61884034,25.295736,0.3799203,-5.283186,-2.8560474,3.4192462,6.0894923,-33.94773,-0.30068105,-6.4991055,15.2210045,0.028546061,-0.00062937476,0.0750558,2.930403,3.3962266,0.13666667,0.11095544,0.15625,0.13237612,-32.54863,c,Ses02M_script01_2,Ses02M_script01_2_M014
96,39.8685,0.07868396,38.063908,40.25278,42.222626,4.158718,78.11283,72.50861,42.216763,65.92164,0.33777437,0.6485371,0.1490522,0.297609,0.5337118,0.3846596,4.3281865,3.4633074,3.6566074,2.4972062,0.12319556,0.8653012,23.722069,0.45398948,-0.9812676,-11.259869,11.611613,1.7269014,-26.42299,-0.7283457,0.023490014,0.91449225,1.1063716,0.7853956,9.231533,0.44749972,7.715314,1.3517509,18.399435,0.62217337,815.89374,0.24938573,1422.9657,0.18142918,-105.504425,-0.8328527,1816.1847,0.16429538,1165.1531,0.48616692,-99.425575,-0.8438133,2891.8857,0.07197943,1052.0907,0.51325786,-100.900154,-0.8153387,-11.053847,-0.6663502,23.175707,0.39403194,0.04673577,0.44898844,-0.01033433,-1.0115138,0.17370406,0.5910283,24.973093,0.43199676,-2.5751343,-4.732413,7.4384003,2.943169,-38.367157,-0.37680233,-10.570444,19.547531,0.022389682,0.0006248845,0.059865694,3.0959752,2.5157235,0.21875,0.14623931,0.15625,0.19684623,-30.580198,o,Ses02M_script01_2,Ses02M_script01_2_F015
97,30.804178,0.12814848,26.508745,29.271778,34.252483,7.743738,23.340307,0.0,30.835342,0.0,0.13266404,0.585921,0.058607183,0.12202084,0.19698347,0.1383763,1.011536,0.5738295,1.3361588,1.1895299,0.03178381,0.83372104,26.62852,0.36132312,0.28041008,25.241068,16.94638,0.7712369,-12.630102,-1.0725319,0.01953856,0.6722855,1.1106923,0.47510198,4.3521857,0.6480463,2.7428925,4.2101693,17.89819,0.30159652,687.16614,0.32428628,1404.9127,0.12416509,-164.1909,-0.43792933,1661.4313,0.17978558,1141.476,0.26630145,-165.12292,-0.4201135,2712.2678,0.072581396,835.6188,0.3158969,-166.4546,-0.4010111,-12.171386,-0.39962026,23.387358,0.19999248,0.025752418,0.5358841,-0.016673012,-1.0598665,0.05415684,0.31493306,33.72567,0.16172259,-1.2091781,-8.220672,12.880467,1.2938042,-22.050575,-0.7817471,-11.745708,20.057762,0.006102657,-0.0017346105,0.027125511,2.3529413,1.6,0.1125,0.042646803,0.392,0.41743982,-44.413563,q,Ses02M_script01_2,Ses02M_script01_2_M015
98,40.201706,0.11191856,37.58586,41.567093,43.04147,5.4556084,113.04904,96.20892,214.42278,241.35207,0.20305508,0.92326194,0.05785309,0.12403684,0.3547762,0.2969231,3.1763284,2.0726578,1.7637682,1.0135852,0.06153493,1.232748,25.296535,0.3959068,-3.44248,-3.50736,7.431623,2.0537984,-15.06742,-0.9069274,0.036134683,1.9365691,0.94933903,0.7795781,10.074304,0.4003517,8.709693,1.0733886,23.249067,0.42837906,748.9711,0.27963337,1510.1511,0.13843663,-142.76639,-0.60015184,1730.2085,0.14841986,1025.9569,0.27782646,-135.90283,-0.62089604,2882.8271,0.07418988,898.5561,0.29253885,-138.7865,-0.5809242,-13.094433,-0.5642906,24.845451,0.35752591,0.050580442,0.44514632,-0.010937661,-1.2805429,0.1249289,0.6865649,28.837881,0.26570028,-7.9014874,-1.7374245,3.2888446,6.062712,-26.496777,-0.47939357,-10.467129,20.125172,0.006955782,0.006056759,0.028309174,1.9455253,1.5873016,0.2175,0.16452584,0.312,0.185731,-35.813164,ans,Ses02M_script01_2,Ses02M_script01_2_F016
99,34.709843,0.1471279,27.43006,37.626755,38.725918,11.295858,13.050208,18.013834,130.56578,84.43742,0.11862434,0.52524495,0.056723133,0.1062551,0.17560364,0.11888051,1.0090702,0.46913365,0.8506732,0.56026024,0.031353578,0.7018581,28.966661,0.16979258,2.2276397,2.926916,16.185999,0.7764926,-11.974418,-0.8816942,0.024291888,0.73842955,1.5450866,0.40363258,5.692716,0.45944998,5.24396,1.2485256,16.71483,0.25428227,538.3474,0.34035778,1519.9207,0.16924892,-184.91672,-0.26780686,1542.9552,0.17663498,1053.1711,0.263369,-175.38986,-0.33571675,2624.7366,0.092988476,1127.5728,0.59265417,-175.68083,-0.33066753,-12.165368,-0.23979177,21.353565,0.1412894,0.03254225,0.54071844,-0.0096074985,-1.1594723,0.045720514,0.36043164,26.616617,0.18912347,2.4142385,3.6622767,11.872377,1.2804728,-15.20272,-0.6185953,-14.09921,23.250713,0.008886667,-0.0037724823,0.029670427,2.238806,1.9011408,0.064,0.031368773,0.36666667,0.3383128,-46.084602,q,Ses02M_script01_2,Ses02M_script01_2_M016
100,40.162464,0.1565093,36.29659,39.88922,47.351395,11.054806,258.6267,220.9472,170.60352,191.4,0.23501177,1.029788,0.078531,0.15760207,0.2631496,0.18461859,4.2902327,4.8547373,-0.25525832,3.3643239,0.07252576,1.6659636,15.889461,0.59932536,-1.522143,-7.073332,19.179415,0.74749213,-12.867686,-1.0573337,0.034264565,0.546245,1.9251487,0.7620119,6.0912623,0.65058917,4.580407,1.4695183,10.197805,0.97664356,822.4395,0.38395154,1283.2151,0.26012036,-172.73146,-0.34696224,1821.0803,0.14520247,1033.8558,0.30137146,-168.1554,-0.37423483,2780.0962,0.100310355,982.29346,0.28467712,-168.23926,-0.37276995,-7.523112,-0.755716,15.759519,0.3437409,0.04213879,0.8451486,5.09452e-05,254.94783,0.13682082,1.2852062,14.6085615,0.563826,-5.344231,-2.559958,12.711334,1.3383714,-19.590889,-0.92135775,-8.713451,16.522627,0.02049461,0.0059653586,0.043855358,1.4814814,3.448276,0.042222224,0.026152449,0.22777778,0.14006172,-35.063034,s,Ses02M_script01_2,Ses02M_script01_2_M017
101,46.696888,0.09204724,44.037064,48.03383,49.993294,5.95623,56.259285,21.00884,-4.8375645,35.19963,0.43404678,0.8270914,0.12841137,0.25497985,0.82829124,0.6998799,6.1793323,3.2363033,4.4027653,2.781879,0.17149863,1.0950469,15.98532,0.5136632,-15.889872,-0.7035586,8.311177,2.224689,-21.58938,-0.61747545,0.03534377,0.92896944,1.5522327,0.78646284,6.6896386,0.6925979,9.590159,0.8553305,14.856343,0.6218819,842.05994,0.26509127,1194.8872,0.22351648,-134.89124,-0.65017444,1800.195,0.095362544,955.2794,0.2306372,-127.65265,-0.67761815,2861.8367,0.07256581,785.7941,0.37567595,-129.53217,-0.6515508,-4.651111,-1.1049149,14.561616,0.585037,0.07750868,0.34127045,-0.002690064,-6.716315,0.3247969,0.5511877,13.9961195,0.5711427,-23.858448,-0.34936583,-6.5467014,-2.2339509,-29.642786,-0.32950705,-5.4721375,9.956436,0.027677864,-0.00045070692,0.0816802,1.9512196,2.5,0.148,0.13746272,0.19166666,0.22063671,-29.800896,s,Ses02M_script01_2,Ses02M_script01_2_F017
102,32.361122,0.17418161,27.365616,31.296482,38.747646,11.3820305,369.2218,165.40465,24.960573,12.838569,0.1474933,0.7086574,0.06610135,0.11167562,0.2231857,0.15708435,1.4967415,1.2552834,0.96352893,0.6903805,0.034053914,1.1809466,25.001322,0.22155957,-6.17721,-1.3005899,14.4337225,0.7721161,-9.4326315,-1.0580019,0.016684284,0.73514795,1.2953299,0.42535204,4.005305,0.41966766,4.829108,1.2629752,20.08392,0.2924815,623.6587,0.33478594,1386.6897,0.11946796,-172.13258,-0.37623075,1677.9966,0.13790451,1089.5703,0.30934808,-169.70863,-0.38177145,2641.1687,0.07327035,1100.3468,0.385163,-170.01869,-0.37771362,-10.83614,-0.39680505,20.513868,0.29148975,0.029729852,0.8834651,-0.005815561,-2.1305292,0.055574298,0.5902383,29.448025,0.15478025,-6.2146807,-1.9837193,14.832017,1.2748764,-12.394255,-1.1202636,-8.8296585,17.126526,0.009733118,0.0038579449,0.029936042,1.4112903,1.832994,0.08333333,0.06960204,0.39699998,0.5222078,-43.16058,q,Ses02M_script01_2,Ses02M_script01_2_M018
103,34.322727,0.15959826,29.679253,35.80362,38.961197,9.281944,53.7336,42.30845,60.45243,66.59501,0.23670748,0.73620945,0.12108302,0.17471883,0.3213458,0.20026278,2.8752227,2.5518143,1.2756368,1.3960766,0.068133995,1.1749343,28.476753,0.26767603,-5.351443,-2.4968946,17.276516,0.9789868,-17.334635,-0.824684,0.0294579,1.6389577,1.2317265,0.5257163,5.4140396,0.49206677,8.635445,1.2149733,20.771807,0.42024964,634.7047,0.3235396,1375.0786,0.14879067,-104.35443,-0.88853633,1657.4879,0.120596714,1121.5997,0.3387507,-99.26008,-0.8637732,2681.238,0.09545029,915.79584,0.39506644,-100.69054,-0.8370757,-11.07447,-0.55257386,20.868702,0.3099046,0.030153738,0.5598946,-0.0111232,-1.2659173,0.08872988,1.0859706,30.923582,0.21933731,-7.3590074,-1.9155414,16.114069,1.1523616,-22.810316,-0.59902555,-10.911379,18.836252,0.013104817,0.0004970998,0.03928896,2.3809526,3.8647344,0.13312499,0.14503098,0.105624996,0.07960596,-35.457565,q,Ses02F_script01_2,Ses02F_script01_2_F001
104,30.771923,0.17033017,26.255308,32.2007,34.507927,8.252619,182.66818,266.90158,118.34941,77.925476,0.32895482,0.6490336,0.13559827,0.27776623,0.50552773,0.36992946,5.4115424,2.260243,3.041439,2.7066004,0.10892213,0.96734333,26.33355,0.40988013,1.7874033,6.886303,23.612288,0.7696341,-10.035612,-1.4154775,0.031736646,1.7550044,1.1441355,0.5999485,5.971468,0.52838117,7.564975,1.1072267,22.506721,0.3109156,590.2465,0.33847666,1338.4918,0.15961994,-99.63651,-0.9370852,1681.8154,0.12933306,918.3915,0.38994053,-103.202614,-0.83736086,2721.3403,0.083411224,900.08606,0.3746101,-103.87402,-0.8249635,-12.878743,-0.40208653,20.942732,0.32958063,0.03053579,0.5383314,-0.014398031,-1.0397211,0.14256959,0.7347973,28.286913,0.39974296,2.5713475,5.3215756,25.965803,0.85171694,-15.421208,-0.9705555,-10.360787,18.585083,0.011559323,0.0017736775,0.0737972,3.846154,2.6058633,0.19749999,0.19967161,0.16624999,0.09668732,-32.03499,ans,Ses02F_script01_2,Ses02F_script01_2_M001
105,33.212765,0.10157946,32.639572,33.582363,34.29456,1.6549873,560.66156,152.80328,-3.2011015,6.5503373,0.13350154,0.45915827,0.08815803,0.11189568,0.16831015,0.080152124,1.0944276,1.1085894,0.6882715,0.40182737,0.027475728,0.5333314,26.046032,0.25338683,-1.6513697,-5.3684077,15.436587,0.7415139,-13.014287,-0.7376965,0.015236538,0.91898227,1.2530775,0.5297805,5.649315,0.46715257,5.721792,1.4415377,23.20723,0.31910056,644.55505,0.26952723,1469.2394,0.15935335,-148.46904,-0.5642099,1641.5422,0.11561796,1232.6238,0.19206421,-148.4462,-0.5416772,2660.717,0.08795054,1140.4772,0.3892557,-150.54283,-0.51135755,-11.7832365,-0.3991926,23.962069,0.18675329,0.02541466,0.5821566,-0.005037375,-2.1152678,0.03373416,0.34216556,31.9908,0.13167487,-7.654431,-1.2383655,7.3866343,1.4419961,-20.058128,-0.4790616,-11.868164,20.549997,0.0038521248,0.0027495148,0.025497641,2.3746703,2.1390374,0.121249996,0.101419605,0.2888889,0.24578422,-47.029133,s,Ses02F_script01_2,Ses02F_script01_2_F002
106,29.324749,0.23389907,19.940323,31.21099,34.899208,14.958885,30.07911,31.95781,40.999714,15.8802595,0.26032367,0.72589463,0.08602105,0.21321829,0.3939341,0.30791306,3.4377248,1.5164602,4.420314,2.871096,0.0844119,0.96772814,28.625647,0.38901567,4.0568967,2.3867474,16.383394,0.89868027,-9.605586,-1.3668427,0.02404453,1.3529044,1.1439034,0.7514204,6.5907116,0.601033,8.903874,1.4818269,29.21893,0.2696877,592.21716,0.34782097,1389.1476,0.12632273,-114.701004,-0.81971437,1642.0201,0.15774584,1126.3419,0.40053943,-115.16698,-0.75852436,2742.3596,0.10269705,972.6778,0.4234018,-118.11959,-0.7120576,-16.213366,-0.37648195,27.821924,0.25321037,0.03575868,0.7672635,-0.011667678,-1.4513686,0.12581381,0.63853043,35.05154,0.24458563,6.6145997,1.7854016,13.175956,1.3768382,-10.101036,-1.7169127,-11.279736,19.098494,-4.965033e-05,-0.0013372188,0.04757307,3.2315981,1.4492754,0.32125,0.28303874,0.34625,0.18734577,-33.05979,q,Ses02F_script01_2,Ses02F_script01_2_M002
107,25.487669,0.15968016,22.023376,25.752975,29.228909,7.205532,59.874813,70.94854,22.83193,8.383107,0.32952127,0.7627884,0.07550657,0.29704338,0.5214854,0.44597882,5.149167,2.8555536,5.0963626,2.7070422,0.102055624,0.8082094,29.727001,0.26249427,2.5448015,3.6298957,25.984444,0.579772,-11.965257,-1.2719276,0.018778179,0.71716934,1.0518414,0.8152525,5.356438,0.47289908,5.149623,1.0458,23.813473,0.3682686,556.2994,0.39237133,1319.7292,0.15040153,-98.369354,-0.961877,1618.4773,0.17054316,925.1659,0.35614765,-105.58016,-0.81517124,2646.5505,0.08785361,797.56323,0.35450324,-104.66354,-0.8311557,-15.421029,-0.4274773,22.021704,0.36431783,0.029568592,0.72073394,-0.019516261,-0.7900997,0.15382406,0.47760442,32.892452,0.23278257,5.721555,1.6097344,31.886246,0.53095216,-17.934763,-0.9988043,-11.997148,21.014082,-0.0028364311,0.0035298644,0.045952402,4.3478265,1.9283748,0.26714283,0.23180744,0.22857143,0.21026707,-30.945694,c,Ses02F_script01_2,Ses02F_script01_2_M003
108,36.736397,0.012267609,36.463825,36.57919,36.925106,0.46128082,13.330245,2.1324787,8.003807,2.668572,0.12911092,0.71029824,0.07570375,0.08372214,0.16484568,0.08914193,0.3729451,0.0,-1.0163513,0.0,0.028815372,1.0806304,25.850473,0.16862923,-5.9920635,-2.0680184,11.729806,0.8386534,-14.380042,-0.76836073,0.024458824,0.9039735,1.2295494,0.35032302,6.756692,0.32937482,6.636309,1.6564723,28.283863,0.26574916,581.54443,0.29853114,1400.6652,0.100932375,-160.06842,-0.4913902,1642.9944,0.06954528,1154.0792,0.1552186,-164.21191,-0.43162915,2740.9329,0.08070169,983.7356,0.3252807,-165.60976,-0.41060054,-15.566282,-0.40278304,26.026003,0.2114588,0.039624833,0.57663435,-0.0074226656,-1.3006172,0.03781614,0.6098716,29.49945,0.12578803,-4.410354,-3.8739278,8.355362,1.1427064,-26.847775,-0.46704918,-8.582426,19.977991,-2.0702031e-05,0.0107108615,0.027653119,0.89285713,1.869159,0.095,0.055,0.27666664,0.2003885,-45.93924,b,Ses02F_script01_2,Ses02F_script01_2_F003
109,28.832983,0.1307247,25.425175,29.11679,32.408363,6.9831886,45.851624,12.727972,0.73751575,17.259102,0.27523765,0.70447886,0.08675432,0.24883235,0.4188504,0.33209607,3.8467383,2.3937817,3.5377166,1.7570945,0.07762348,0.7752616,26.728252,0.32998508,-0.5772621,-20.039595,24.665245,0.54796,-2.9731078,-2.9416087,0.028031448,1.522273,1.1272796,0.7524374,6.742434,0.4817651,9.58908,0.6870777,24.632559,0.3041244,482.96085,0.34834892,1343.103,0.18023367,-119.92468,-0.78361976,1590.9941,0.1325637,912.0849,0.3866091,-122.83442,-0.6986834,2586.9785,0.095978566,938.7752,0.2726001,-122.05779,-0.7105798,-15.211891,-0.37621897,21.407104,0.30595085,0.026067952,0.82681686,-0.011006922,-0.9420339,0.13049175,0.34758008,30.035519,0.32013077,5.299471,2.3688319,32.90298,0.4060393,-0.40249914,-27.562868,-9.230003,18.180595,-0.0020387282,0.006167081,0.038873572,3.9647577,1.3513514,0.31666666,0.33559233,0.29999998,0.250998,-32.574493,q,Ses02F_script01_2,Ses02F_script01_2_M004
110,36.255768,0.038195718,34.644367,36.31437,37.97945,3.335083,5.954258,4.317812,25.691647,12.332492,0.14890978,0.5753021,0.06991719,0.12948716,0.21596757,0.14605038,1.0377867,0.45468292,0.83683616,0.535124,0.03164079,0.6499828,29.796457,0.210467,-9.833208,-0.9770903,14.5077305,0.5596389,-12.009385,-0.9621318,0.01505242,0.75492966,1.1870936,0.39066383,6.5529857,0.41801402,2.274875,3.2487733,20.102205,0.28358564,674.2162,0.24959159,1419.4882,0.13142282,-131.24194,-0.71565855,1737.1194,0.06929317,1049.6356,0.29722264,-133.405,-0.6533827,2757.4563,0.077731445,925.0893,0.29584616,-134.35925,-0.63943416,-11.33182,-0.42623132,17.321987,0.35889208,0.03659837,0.4130662,-0.015035257,-0.6010227,0.047492113,0.3726498,33.12024,0.10679155,-15.3081045,-0.6597152,15.385518,0.674902,-20.735863,-0.5443405,-10.775774,19.819994,0.0031347836,0.0031475513,0.023689788,2.747253,1.6949153,0.20333333,0.16048537,0.2725,0.26864243,-44.337093,c,Ses02F_script01_2,Ses02F_script01_2_F004
111,34.175285,0.06294644,32.219334,33.79532,35.853546,3.6342125,404.13205,514.1685,145.19518,174.91183,0.15998764,0.5303432,0.080425404,0.13190067,0.23781313,0.15738773,1.8242973,0.93627113,0.8839023,0.50852656,0.03793806,0.7488462,29.975431,0.19042078,-8.772928,-1.1796494,-1.2428992,-10.544155,-18.430744,-0.84264547,0.018788537,2.019411,1.3467879,0.43370178,4.033378,0.68975616,-4.957702,-1.037935,19.952461,0.41509074,657.0036,0.32111767,1382.9391,0.10952197,-132.68382,-0.705591,1642.8414,0.17821924,1280.5957,0.28641707,-132.28671,-0.6754447,2768.1772,0.09611593,1081.4799,0.452891,-137.07863,-0.6065323,-6.6795053,-0.5387464,26.5372,0.17532349,0.017997887,0.85272956,-0.012579904,-1.1129905,0.061235577,0.47499406,34.06309,0.1102711,-13.454853,-0.76447546,-14.086536,-0.642112,-29.83883,-0.521211,-9.445119,22.07787,-6.703692e-05,0.0035016518,0.026589185,2.3364487,1.9138757,0.175,0.0813941,0.26,0.13007689,-43.82367,ans,Ses02F_script01_2,Ses02F_script01_2_F005
112,25.920174,0.090125136,23.006346,26.044016,28.157951,5.1516056,8.187799,22.180597,125.11692,0.0,0.17193586,0.9667672,0.06499001,0.0778709,0.27766234,0.21267232,2.5958467,1.7932388,2.5236301,2.084607,0.049981065,1.2242857,27.631424,0.3721703,2.2070384,3.4617639,13.629389,0.39831355,-14.729696,-0.72763777,0.06923175,1.1698896,0.95850426,0.5165529,3.87171,0.588338,1.7670741,1.4720502,26.310379,0.277737,600.9879,0.37954316,1324.689,0.1795017,-159.45801,-0.4885322,1571.5509,0.2279779,1039.5997,0.37621054,-161.84221,-0.45467559,2720.5051,0.08880648,753.122,0.2804749,-163.92973,-0.42424846,-12.54301,-0.62412155,22.981745,0.42912573,0.026202299,0.56305873,-0.021968236,-0.720049,0.10213847,0.37996155,36.630226,0.33795804,4.612951,2.003705,13.870842,0.60342497,-28.494173,-0.2738865,-11.90075,22.288769,-0.0033805983,0.0033719132,0.037901435,2.3391814,1.2048193,0.16499999,0.015,0.42666668,0.097410925,-37.67242,q,Ses02F_script01_2,Ses02F_script01_2_M005
113,32.006485,0.22433011,23.250763,36.11582,37.286743,14.03598,50.316265,28.245775,34.22735,37.049206,0.17789611,0.64841014,0.07851726,0.12999877,0.271966,0.19344875,1.8755795,1.5629379,2.2485862,2.3007798,0.043369353,0.80144656,29.484207,0.23452285,-4.172147,-2.449545,6.533149,1.7213446,-17.183823,-0.7726878,0.018347142,0.7784222,1.1811928,0.43335965,4.2393365,0.7015283,1.6327665,3.2300649,24.362223,0.24414322,596.7132,0.38248396,1457.6472,0.13137315,-135.79547,-0.66583306,1530.159,0.16170669,1194.2827,0.22267416,-130.3639,-0.68540853,2673.1362,0.0935377,913.24786,0.32678285,-134.3925,-0.627089,-10.514187,-0.45280316,25.850763,0.16739741,0.035018876,0.5337598,-0.009438311,-1.4991654,0.069805585,0.41594645,34.05846,0.124971,-8.203347,-1.2915736,-1.27805,-9.140745,-27.088274,-0.49358717,-11.269252,22.263622,0.010268294,0.0045616957,0.02510548,2.3696682,2.4390244,0.14,0.07509993,0.25,0.21147104,-39.744804,q,Ses02F_script01_2,Ses02F_script01_2_F006
114,30.00403,0.2990889,21.39752,31.10208,39.00375,17.60623,209.67853,172.59138,466.1337,302.43942,0.23127672,0.55150867,0.118047774,0.20983824,0.34018844,0.22214067,2.1143105,1.3159622,1.6568298,0.6421875,0.0633072,0.76551956,24.949108,0.449217,-0.7263598,-19.996647,13.4147625,1.0285014,-16.189346,-0.6718925,0.037369385,1.3004915,1.4654665,0.62595356,4.1599474,0.666686,3.8520718,2.0490563,24.305199,0.28716853,633.8796,0.38439226,1363.1938,0.13255128,-127.46774,-0.6879655,1603.3416,0.16352426,1050.3867,0.17824337,-128.36165,-0.65254676,2736.83,0.084227346,829.35205,0.30324024,-131.60533,-0.60577226,-12.459057,-0.5933147,25.051003,0.2422838,0.025462681,0.6380919,-0.010759209,-1.1984936,0.08486627,0.5422691,31.859922,0.24538746,-1.7716407,-7.3908186,11.908222,1.2797595,-18.531902,-0.6509358,-7.6535583,17.347883,0.015874099,0.0034481836,0.0524803,3.1914895,4.371585,0.07875,0.06697714,0.11444444,0.06057339,-37.740295,c,Ses02F_script01_2,Ses02F_script01_2_M006
115,36.710106,0.21028034,32.65364,38.954903,40.85149,8.197849,180.93529,85.89409,253.0382,230.80533,0.185626,0.52732545,0.10759689,0.16307175,0.2433179,0.13572101,1.233209,0.52924097,0.99198,0.6398625,0.05117856,0.7950935,24.690922,0.39666033,-1.5515996,-8.292247,10.587111,1.3477517,-18.087557,-0.6076663,0.045725193,1.0161262,1.6591275,0.50151145,5.2584357,0.55912346,7.3343463,1.4747666,25.660236,0.29058716,710.44806,0.32051888,1404.2598,0.18220396,-157.08987,-0.45108652,1677.9509,0.14054371,1091.8909,0.19531353,-154.56389,-0.45191833,2738.493,0.076837696,932.59076,0.32557535,-156.32648,-0.4286801,-12.821922,-0.5958376,24.888847,0.2602065,0.030884696,0.7304428,-0.006125945,-1.8933913,0.06941158,0.6849625,28.22503,0.30371806,-0.36278173,-36.09002,13.123452,1.2510087,-20.716345,-0.5373352,-9.304183,20.443537,0.016626514,0.0018876514,0.04618536,2.5974026,4.620462,0.045714285,0.031331018,0.14,0.12575108,-41.496197,o,Ses02F_script01_2,Ses02F_script01_2_F007
116,23.449764,0.17087339,21.28128,23.580332,26.845734,5.564453,27.022429,29.564184,33.771866,7.3265095,0.23562695,0.9675934,0.064241536,0.115796216,0.40682247,0.34258094,2.7137578,1.8718572,4.1067924,2.2933438,0.059693974,1.0375515,29.900215,0.30511242,-3.339095,-2.3300955,23.247272,0.6487652,-7.035577,-1.531478,0.020794159,0.89468706,1.1352346,0.8349732,3.9602053,0.5816734,4.025579,0.7193441,24.881634,0.3278251,568.4199,0.37047786,1289.5857,0.12287054,-115.00884,-0.8199452,1594.5813,0.13062967,899.6836,0.21718454,-118.71905,-0.75130934,2617.5432,0.08200174,851.90967,0.24722718,-120.36747,-0.7256737,-12.060632,-0.48053753,21.564207,0.37928042,0.02018871,0.958355,-0.009525318,-1.1742903,0.10855408,0.5678569,35.98685,0.25020093,-4.864887,-2.0702775,31.850422,0.5867948,-5.3734493,-2.732474,-11.632632,22.15113,-0.007400452,0.007705153,0.02236037,2.5906737,1.5957447,0.26999998,0.24832775,0.25,0.19557607,-35.1368,o,Ses02F_script01_2,Ses02F_script01_2_M007
117,40.506985,0.08158445,37.319016,40.58812,43.465,6.1459846,87.54806,77.1543,28.568851,15.333053,0.1501137,0.48389226,0.08874332,0.13492641,0.19788402,0.1091407,1.2131271,0.650941,0.7796024,0.44318566,0.04060549,0.681437,26.835722,0.3178005,-1.0416791,-11.105979,10.801218,1.1239536,-18.719488,-0.62495387,0.02209684,0.7256134,1.4022862,0.43320978,7.9879365,0.37142107,10.740821,0.7519462,25.312115,0.4302247,769.4836,0.2639048,1365.472,0.14539872,-144.47644,-0.5619128,1818.706,0.13585722,1110.0643,0.27241316,-136.93272,-0.5838242,2875.7327,0.0930347,951.9913,0.32440338,-138.99118,-0.5561869,-14.73977,-0.5082393,26.256744,0.2785896,0.03283183,0.5989026,-0.0074277325,-1.4310434,0.056749705,0.52071184,30.764114,0.2240601,-2.4607394,-4.65332,7.9809837,1.8977258,-24.981363,-0.47680822,-11.826731,21.51342,0.012605724,-0.0003236023,0.03166088,2.5612473,2.9115343,0.115384616,0.08603356,0.2073077,0.19112134,-43.336945,o,Ses02F_script01_2,Ses02F_script01_2_F008
118,24.199335,0.35793298,17.185217,21.591307,37.772095,20.586878,242.2255,0.0,-4.953219,10.717795,0.2030807,0.6526094,0.0950136,0.16539723,0.3179046,0.22289099,2.3726265,1.5869254,2.1440053,2.2818608,0.04902185,0.6514585,27.794634,0.47020802,-1.3124442,-6.7944555,25.46021,0.64936393,-10.397921,-1.0435004,0.018612776,0.73369604,1.1109524,0.6703527,4.2769485,0.8194696,5.3999047,0.95028025,23.673206,0.2956604,549.956,0.29724514,1420.9583,0.1974204,-105.471405,-0.89042723,1626.2808,0.13449073,972.0465,0.34937567,-109.17205,-0.79918313,2653.897,0.086094156,1004.04376,0.2981134,-110.203156,-0.7826602,-14.491468,-0.37830678,21.261473,0.29343548,0.015107645,1.0250077,-0.011140372,-0.89049774,0.06347584,0.43721816,35.30862,0.22161047,-2.7442853,-3.4632602,29.953794,0.63795227,-8.022473,-1.5048254,-8.363353,15.85889,-0.003992859,0.005895429,0.03467812,3.846154,2.183406,0.222,0.20143485,0.212,0.15432432,-38.076233,q,Ses02F_script01_2,Ses02F_script01_2_M008
119,36.579773,0.1318374,34.64075,37.546978,39.22495,4.584198,53.936806,44.4861,20.670218,21.457224,0.16668327,0.50563633,0.09405507,0.14384595,0.24477161,0.15071654,1.5806882,0.7037643,1.0999742,0.54775465,0.039768584,0.7329544,29.519703,0.25967878,-6.7020464,-1.6028214,12.20787,1.0519583,-19.410381,-0.6072951,0.019084528,0.90376335,1.2811409,0.4389821,6.175363,0.5569198,8.862863,0.93541276,23.06198,0.41064185,700.08875,0.28465348,1440.2682,0.13667999,-130.4339,-0.6907908,1730.2799,0.12516889,1178.3724,0.24808422,-123.81404,-0.7012451,2741.2468,0.091555364,1059.6716,0.3319096,-125.82121,-0.6726107,-11.588709,-0.4675757,22.162958,0.33784348,0.031005718,0.60712504,-0.008784341,-1.0491554,0.048787203,0.54422176,32.393364,0.20037076,-8.594915,-1.2928984,12.079202,1.145461,-23.753622,-0.48394766,-10.334325,20.66822,0.011327998,-0.0004708082,0.033519052,3.3185842,2.335929,0.17047618,0.14849967,0.23761906,0.20165752,-43.183167,ans,Ses02F_script01_2,Ses02F_script01_2_F009
120,26.381392,0.25309756,17.80255,28.717434,32.42924,14.626692,215.80978,101.495,39.126797,10.22907,0.2357157,0.79604936,0.0722629,0.17798181,0.37024796,0.29798508,4.1557565,2.257773,3.4401114,2.2461774,0.07886243,0.916475,31.520666,0.35402244,3.772613,2.583448,13.802627,0.709602,-5.7705956,-1.9824699,0.06626431,2.662105,0.9958722,0.7516064,4.8931255,0.7562159,2.9702206,1.6941572,28.151384,0.29525113,580.3375,0.35061947,1380.9741,0.174054,-118.768166,-0.7898939,1638.1901,0.17018163,1076.7333,0.2719745,-123.65428,-0.69966465,2701.771,0.11939824,971.2977,0.31862494,-126.017334,-0.66488796,-16.191652,-0.37487084,26.271782,0.2877336,0.032748893,0.59239036,-0.013017795,-0.9981533,0.12448782,0.61245066,38.724342,0.20487607,3.8059206,2.6055825,14.24135,0.8296865,-5.192414,-2.407675,-12.468344,23.259398,0.00071310834,0.0043677967,0.046490148,3.8062286,1.7667845,0.234,0.21666563,0.312,0.33819523,-33.9095,q,Ses02F_script01_2,Ses02F_script01_2_M009
121,37.59045,0.14244393,36.150276,38.950512,41.268333,5.1180573,281.3087,305.01974,17.14825,14.391381,0.12810703,0.49696526,0.0765719,0.1052803,0.17907096,0.10249907,0.99196625,0.5551079,0.6850283,0.4530381,0.02940787,0.6811352,29.322472,0.2386109,-4.3771257,-2.408242,12.881362,0.85176617,-14.309057,-0.64540565,0.021481814,0.8243117,1.286783,0.40366125,7.0247025,0.39069465,7.9513803,1.3330877,26.530281,0.26828888,659.6363,0.24890657,1501.7025,0.14375995,-160.4774,-0.46092755,1680.7739,0.13358486,1196.1455,0.24583657,-153.80194,-0.4951639,2730.6538,0.096534036,1077.6906,0.28996,-155.88538,-0.4653963,-14.380572,-0.48762834,26.364271,0.2566912,0.024520647,0.7831994,-0.010099062,-1.1757623,0.04217485,0.53500766,34.039757,0.1805222,-4.3862767,-2.8461916,9.563875,1.6652309,-20.150835,-0.4569873,-11.63485,21.399683,0.007316295,0.0007606374,0.02512105,2.6442308,2.0556228,0.11647058,0.08777922,0.37,0.2850877,-45.920837,o,Ses02F_script01_2,Ses02F_script01_2_F010
122,32.014988,0.33208096,22.396133,28.333872,47.164864,24.76873,91.64484,95.21862,25.268147,1.5256596,0.29066196,0.5525983,0.12157476,0.27549836,0.4269174,0.30534264,3.446887,2.1074212,2.2305217,0.5596206,0.09041195,0.6589191,28.204863,0.3573967,-0.87680674,-14.849626,14.290015,0.9966146,-12.680669,-1.1656982,0.021479134,1.0295243,1.2043622,0.5874235,5.7414184,0.5545215,6.374654,1.1503569,26.008165,0.42632723,704.71893,0.3721654,1340.9294,0.1484613,-86.88755,-1.0422667,1732.0773,0.17272863,1095.2267,0.30636263,-92.363884,-0.89901423,2765.9814,0.107555375,922.53827,0.2982674,-95.68233,-0.8382031,-13.995583,-0.544622,24.462912,0.29016745,0.033808008,0.8381034,-0.0086730365,-2.0350518,0.10810166,0.5175805,30.385218,0.3620813,2.8890784,4.597615,13.468055,1.2420605,-14.716549,-1.1413219,-10.177958,19.943901,0.0004424709,0.004150742,0.058853514,3.5714285,2.739726,0.21166666,0.21597968,0.11285714,0.11460669,-34.625584,q,Ses02F_script01_2,Ses02F_script01_2_M010
123,41.300583,0.19256297,38.73909,41.533463,47.180904,8.441814,127.862076,146.58571,80.204895,97.25053,0.23032413,0.6221607,0.10155923,0.19437087,0.33055642,0.2289972,2.3403227,1.4944707,1.3641539,0.69909096,0.065216474,0.87201464,25.340124,0.27370274,-11.343172,-1.2501497,10.795107,1.3181831,-19.356314,-0.67180604,0.031224476,1.1376354,1.4750595,0.38225037,5.7604628,0.6147544,5.4233747,1.9877548,17.61744,0.6438313,780.27014,0.28727603,1336.0596,0.15145475,-142.65253,-0.5985507,1754.6656,0.12597811,1097.1742,0.26609877,-134.63414,-0.62686557,2772.637,0.092884265,928.1402,0.32666412,-136.5378,-0.5990088,-7.2621994,-1.0109891,19.793457,0.4167234,0.032836895,0.78708464,-0.0032692885,-3.7122746,0.08986316,0.6909249,25.158758,0.3119084,-14.578316,-1.0927399,6.007153,2.9620202,-24.561214,-0.6094948,-9.158532,18.049437,0.019348055,-0.00065905304,0.052027263,2.6713126,2.9205608,0.112399995,0.072789006,0.2092,0.24667259,-39.042343,ans,Ses02F_script01_2,Ses02F_script01_2_F011
124,25.483376,0.07361932,23.524357,25.804878,27.482971,3.9586143,0.0,0.0,-0.37347248,0.0,0.13581844,0.6518104,0.07327322,0.08930212,0.2289648,0.1556916,2.1862326,1.8848655,1.2769649,0.4987444,0.034305185,0.920286,21.63038,0.3184108,1.1677096,5.793635,22.830217,0.66887945,-5.046345,-1.8103371,0.027526721,0.29473647,1.307574,0.31081584,5.1332693,0.32392123,2.058811,0.58512,20.66177,0.09968288,592.8828,0.18793814,1402.8246,0.10136343,-179.16982,-0.32567105,1830.5448,0.038945634,384.46332,0.16266832,-180.74707,-0.29812378,2842.3696,0.031408265,966.4404,0.16584045,-179.7033,-0.31563404,-13.888748,-0.15569365,17.463505,0.11386286,0.012497937,1.6138439,-0.011936786,-0.38209802,0.08364346,0.12551665,22.464455,0.14146711,13.843842,0.2279639,52.64409,0.10447369,-2.4780135,-2.1150303,-10.372465,18.458683,-2.5095373e-05,0.005038938,0.029319169,2.3809524,0.82644635,0.13,0.0,0.525,0.155,-41.679363,b,Ses02F_script01_2,Ses02F_script01_2_M011
125,41.64101,0.040293455,40.306,41.247612,43.321762,3.0157623,30.437706,6.2576466,13.380579,10.396683,0.18859348,0.6764094,0.0826707,0.151366,0.27702916,0.19435845,2.1086469,1.5820537,1.1724677,0.57518655,0.049173754,0.8664682,26.959494,0.21953246,-11.542275,-0.98329735,9.239361,1.2914646,-14.286528,-0.72300065,0.024030225,0.7763908,1.367829,0.35183823,6.7724805,0.556617,8.117904,1.3689789,19.946823,0.4162143,761.75836,0.25842106,1332.819,0.102820136,-159.60947,-0.4685256,1770.0203,0.11103261,1072.7015,0.22706515,-148.64986,-0.5307949,2803.4612,0.08577349,930.7129,0.2551147,-150.58722,-0.50362724,-10.58062,-0.72945404,22.829565,0.32609412,0.02835679,0.68477756,-0.006273783,-1.9258381,0.0746023,0.68135226,30.007256,0.19048095,-13.758559,-0.86041707,6.6172595,2.110265,-23.381767,-0.36857828,-8.278048,18.922867,0.013121228,0.0038449902,0.039437283,2.4856596,2.3166025,0.11333333,0.10624918,0.29666665,0.26433355,-41.433254,o,Ses02F_script01_2,Ses02F_script01_2_F012
126,41.138653,0.15838413,37.810474,41.00341,46.299767,8.489292,58.79438,51.947044,129.85571,132.31853,0.2907154,0.7101752,0.14667837,0.2277617,0.3994325,0.25275415,3.0434299,1.5099158,1.6128763,0.93550736,0.08826438,1.0139734,23.175516,0.40853813,-8.021623,-1.7597145,12.049352,1.4099159,-24.621185,-0.521534,0.02868035,1.16008,1.3638144,0.43573028,6.798318,0.5237581,7.0094423,1.473511,19.246624,0.59405386,739.0234,0.31513706,1356.1215,0.15973957,-123.57579,-0.72487044,1767.4492,0.13410456,1065.135,0.29241514,-112.31459,-0.764261,2772.529,0.086286455,1041.5637,0.46652663,-114.63619,-0.72655654,-9.611325,-0.7243926,21.422152,0.33457574,0.037664723,0.562342,-0.010631281,-1.3948839,0.116462246,0.8884579,27.243498,0.28455624,-11.389664,-1.3144686,6.102596,2.8735855,-28.30225,-0.43643445,-7.4277883,14.851805,0.021253433,-0.0030137217,0.06275922,2.6352289,3.4916203,0.1296,0.11057956,0.14125,0.10837099,-33.480644,s,Ses02F_script01_2,Ses02F_script01_2_F013
127,34.10586,0.30736402,27.83139,32.239807,43.714607,15.883217,82.77827,54.622116,99.5641,0.0,0.4036774,0.84281784,0.12484706,0.32020354,0.6705642,0.5457171,3.81884,2.1763666,2.716398,1.1852503,0.1320304,1.0267637,22.103264,0.5392588,-4.7939796,-1.7560507,7.9451213,2.153426,-19.531305,-0.69764084,0.042438764,1.2023256,1.3258156,0.45613235,4.664446,0.7373576,5.084529,1.5479075,22.349688,0.27338904,770.78455,0.30936068,1255.0887,0.14678083,-149.7241,-0.5516439,1787.4528,0.14783145,1172.4094,0.24241537,-146.24324,-0.53356445,2794.0496,0.08047457,895.511,0.27544728,-147.71361,-0.5164512,-5.637633,-0.9525997,21.566341,0.2830785,0.039479855,0.5444048,-0.018203845,-0.7853793,0.25736955,0.60405093,27.162573,0.36905828,-6.1424766,-1.4072767,-1.1780584,-13.550392,-30.683,-0.41678974,-5.5695767,15.782561,0.011852967,0.0035149727,0.08489844,2.4096386,3.10559,0.086,0.103072785,0.17833334,0.13284284,-28.699476,c,Ses02F_script01_2,Ses02F_script01_2_M012
128,41.614014,0.14440893,39.864517,41.794914,47.053,7.188484,80.19358,54.27833,292.72348,498.91608,0.21143214,0.5904839,0.112882584,0.18456925,0.3001061,0.18722352,2.9485028,2.6800556,0.44229546,0.6559872,0.055979464,0.6787948,28.071562,0.27487758,-7.992994,-1.3645804,7.6305504,2.0795102,-24.576984,-0.5719101,0.026834812,0.8490945,1.3067584,0.44060105,7.617727,0.38513696,8.411058,0.7981829,21.91235,0.5187264,721.48804,0.29219267,1412.3336,0.14960225,-126.26666,-0.6965942,1723.8737,0.16823542,1095.7476,0.28702265,-109.86506,-0.77899855,2790.246,0.082651965,996.37683,0.3541311,-114.86239,-0.70186585,-10.256247,-0.77851087,23.617964,0.36385447,0.035834994,0.69826907,-0.0061617745,-1.8682683,0.06875945,0.50380856,29.92394,0.23143071,-7.9001193,-1.4358479,4.901792,3.7207458,-32.342793,-0.3297704,-8.889378,20.16294,0.018686494,0.004114675,0.04099211,2.4523163,3.8781164,0.11857142,0.10649327,0.1490909,0.12056341,-38.38615,s,Ses02F_script01_2,Ses02F_script01_2_F014
129,33.86247,0.32368478,23.01078,30.816128,46.5279,23.51712,652.1481,259.56268,35.14938,23.056602,0.29269513,0.5705305,0.13491786,0.27938557,0.37501067,0.24009281,3.560821,2.3184168,1.4462557,0.9350057,0.084453724,0.64490473,27.782051,0.40295178,-5.575275,-1.5189431,7.4874716,2.3118448,-22.405811,-0.6388837,0.024161665,0.67119354,1.4635675,0.53237784,5.324101,0.54881847,4.454088,1.0830168,25.142193,0.5122188,686.10657,0.3249391,1459.2743,0.11063282,-154.59373,-0.5127089,1625.5127,0.1871133,1093.0923,0.3010079,-146.56958,-0.5486525,2827.328,0.10351157,1075.0579,0.36619306,-150.72055,-0.49195415,-8.99459,-0.77710545,24.652172,0.25081617,0.034708384,0.7651663,-0.013484799,-0.84919804,0.111474134,0.299717,35.304146,0.22222711,-4.82498,-1.307625,3.7662942,5.809767,-30.573074,-0.5248562,-7.026578,18.450705,0.019714387,-0.0015187766,0.07504681,3.6842105,2.7027028,0.098,0.08541663,0.252,0.22426769,-35.26511,c,Ses02F_script01_2,Ses02F_script01_2_M013
130,40.050423,0.17454267,31.179428,41.211403,46.514973,15.335545,62.173977,46.158615,65.09334,93.811325,0.33437058,1.0652118,0.13486981,0.19445579,0.37798116,0.24311134,3.6281612,3.8253884,2.0504913,3.5027554,0.10437813,1.4168307,27.39276,0.33390263,-6.444206,-1.5883285,11.922813,1.2450395,-19.750595,-0.513244,0.01964275,0.7572405,1.143404,0.4910821,7.9155226,0.41128844,7.018981,1.3018737,19.108416,0.56028587,717.5825,0.31107208,1355.4805,0.17311059,-127.468864,-0.69922966,1758.3636,0.14258294,1081.5728,0.21859246,-114.47959,-0.74069387,2785.265,0.0977637,1061.6667,0.30419075,-116.90537,-0.7042739,-11.572999,-0.5643066,23.925663,0.34920278,0.039015654,0.57371664,-0.008677085,-1.6572964,0.13049717,1.3704635,31.07331,0.2653098,-8.50009,-1.2540067,7.241011,2.0954244,-22.978823,-0.4204817,-9.821139,18.740446,0.020217001,-0.0040944,0.08096984,1.1650485,3.137255,0.14375,0.12623762,0.16333334,0.17234331,-30.12512,s,Ses02F_script01_2,Ses02F_script01_2_F015
131,32.837826,0.23161912,27.075615,29.656702,43.478043,16.402428,305.69287,392.7419,42.99513,32.45032,0.51929915,0.80180085,0.19437373,0.37102914,0.7710597,0.57668597,4.2721553,2.8014016,4.129062,2.7298832,0.17844285,1.0048032,28.4051,0.44091895,-5.181572,-2.1139853,5.8943686,3.205066,-21.17748,-0.78057635,0.015222011,0.88491017,1.1081551,0.7801532,6.6525183,0.5563472,2.2552567,2.7378538,27.283901,0.3706161,690.68915,0.33399126,1356.1212,0.18791142,-110.94551,-0.8601169,1706.1771,0.16411011,1173.7642,0.3068734,-108.25959,-0.82638764,2837.5745,0.093023606,1035.5573,0.39782214,-113.0419,-0.7487834,-7.745724,-0.84623796,25.956568,0.29799265,0.03547584,0.63660973,-0.015383809,-1.0286425,0.23415308,0.83774555,35.360653,0.24809593,-5.5218987,-1.8713325,-4.5499196,-3.533434,-25.948168,-0.7371803,-6.9608946,16.79621,0.020836495,-0.002506744,0.12989178,2.749141,2.4475524,0.19285715,0.1180453,0.17,0.0926013,-27.145351,c,Ses02F_script01_2,Ses02F_script01_2_M014
132,36.741894,0.22321746,28.460121,39.067993,44.033127,15.573006,52.956726,13.521589,121.497955,102.82608,0.26458243,0.63347983,0.12811993,0.22043541,0.36547273,0.2373528,2.0783432,1.6181854,1.9330311,1.4606051,0.082869336,0.88382715,28.556965,0.36150816,-2.730496,-4.086873,9.216541,1.9903374,-20.838795,-0.7873324,0.018908298,0.6050026,1.2897925,0.67162323,7.150339,0.48341197,6.7132163,1.1199571,27.962078,0.42975008,691.8669,0.35915735,1382.0558,0.14284858,-131.15114,-0.67307454,1704.6925,0.18502551,1179.5089,0.395342,-124.42427,-0.6823167,2807.5361,0.09804153,1077.308,0.39139026,-127.999214,-0.63184756,-9.191891,-0.82190603,26.052355,0.31396267,0.02293639,0.70741105,-0.009225191,-1.6052511,0.10646541,0.61512285,33.428173,0.26669228,-2.2987776,-4.647018,2.5434637,8.232149,-28.59408,-0.6487461,-8.90302,19.99761,0.013380184,0.002461328,0.06765536,2.8125002,2.857143,0.13777778,0.09270955,0.19,0.09660918,-34.67651,c,Ses02F_script01_2,Ses02F_script01_2_F016
133,28.980038,0.11332297,25.983017,28.436283,32.682144,6.699127,48.997135,18.850874,120.87597,133.48624,0.30526224,1.0403217,0.07512138,0.1315038,0.5930712,0.5179498,5.258652,3.1019762,4.5074573,3.575103,0.11314851,1.2499119,31.465954,0.23019403,0.92835027,9.234133,15.397345,0.88970214,-16.532217,-0.95435566,0.027975768,1.7898548,1.2014238,0.87532014,4.4171233,0.7273824,3.9664447,1.543702,24.549917,0.37914217,612.1811,0.33001322,1411.446,0.14142475,-130.01917,-0.70756406,1666.6155,0.18294479,1108.0493,0.40493035,-133.96872,-0.63884705,2773.4946,0.1013762,1008.4075,0.4296693,-136.31775,-0.6057588,-13.592407,-0.61552435,25.866112,0.30766916,0.035016198,0.5058022,-0.023504348,-0.63611954,0.22474365,0.65672994,36.71838,0.2261511,3.1299295,3.9239523,12.613539,1.3549972,-21.681644,-0.8522833,-12.943528,22.516602,0.0025093288,-0.002956274,0.050906017,1.9672132,1.6666666,0.21,0.13667479,0.30666664,0.31642097,-30.273548,q,Ses02F_script01_2,Ses02F_script01_2_M015
134,42.915123,0.0554836,41.126312,43.12016,45.382366,4.256054,21.582758,15.045476,29.958038,2.0736275,0.10624309,0.4152626,0.070787564,0.09006862,0.1407759,0.06998834,0.8750603,0.5576748,0.4351756,0.20519638,0.024641344,0.59713566,27.634483,0.22692977,-0.7936836,-10.426107,9.994816,1.1497778,-10.366607,-0.8562167,0.024417708,0.72791874,1.3241217,0.4147333,8.129573,0.2140954,6.516193,1.1617113,26.221455,0.39153543,675.0478,0.2927124,1463.9086,0.14122939,-181.1762,-0.30936176,1604.2925,0.16850568,1184.4862,0.16257828,-169.847,-0.37956548,2734.1091,0.10763264,898.2018,0.20622292,-171.97963,-0.34843114,-12.36398,-0.49286497,30.31535,0.18101801,0.022252595,1.1315506,-0.0050482587,-1.5109526,0.037409242,0.4105386,33.552044,0.16890533,-3.0723965,-3.1784463,-4.2268453,-2.517445,-20.926807,-0.44378644,-12.769654,22.772753,0.0031537067,0.005053214,0.022227587,2.631579,1.6722409,0.094,0.049234133,0.40166667,0.25215185,-47.898273,ans,Ses02F_script01_2,Ses02F_script01_2_F017
135,28.799025,0.15255569,25.877716,28.818897,33.020702,7.1429863,112.67461,152.0034,51.517433,59.465656,0.4511514,0.86408776,0.06708607,0.33007154,0.8172982,0.7502121,6.9751763,5.6464276,6.0838923,3.6826646,0.1767086,0.913539,29.107182,0.28050822,5.676904,1.5944258,18.519897,0.8516113,-14.240203,-1.5074513,0.04409204,1.3620336,1.5217669,0.98477876,5.6120677,0.43155637,9.0059395,0.85858816,25.613518,0.4031967,589.5871,0.37441945,1411.1401,0.1474313,-107.61235,-0.8614071,1675.8239,0.15960272,883.25165,0.33990398,-107.435844,-0.8139205,2761.5422,0.09151688,984.6607,0.32185277,-109.2551,-0.7850533,-14.616581,-0.49304557,23.83686,0.2985885,0.030200385,0.87448317,-0.015698744,-1.1246203,0.24905322,0.5841552,29.189379,0.36073646,8.322939,1.3185468,20.98197,0.8244731,-11.287698,-2.0635319,-13.246483,23.685846,0.0007581343,-0.008561145,0.10635151,2.4096386,2.0491803,0.242,0.18872201,0.18666665,0.24039319,-26.925964,q,Ses02F_script01_2,Ses02F_script01_2_M016
136,36.838116,0.22485086,31.007618,36.179226,46.95663,15.949013,686.47363,813.04254,58.01798,37.542843,0.45142722,0.6379563,0.20362057,0.4289062,0.74143505,0.5378145,8.682467,4.391743,6.570689,4.0033402,0.17182165,0.79438794,15.591604,1.0801388,-0.76781076,-15.912599,29.047745,0.5755437,-13.083323,-1.195197,0.029102627,0.89459103,1.8772526,0.8903753,6.226503,0.4942514,14.65912,0.53694075,16.581955,0.5664684,720.59686,0.37508383,1121.3147,0.23332126,-141.74583,-0.58991796,1811.5067,0.16178301,780.97974,0.40936932,-136.00732,-0.5933539,2761.4094,0.10435183,910.6699,0.23714022,-134.53299,-0.6143612,-8.556785,-1.0936623,14.900444,0.8017722,0.050580375,0.60868573,-0.0070544533,-1.6187491,0.25369564,0.60819715,17.170675,0.73596746,-2.3272417,-6.3257537,28.360674,0.62541085,-17.740496,-1.1243448,-5.8710165,13.048497,0.006540159,0.0013394996,0.13063103,4.7619047,3.539823,0.0925,0.0481534,0.17,0.13774978,-30.496355,s,Ses02F_script01_2,Ses02F_script01_2_M017
137,42.815968,0.16359325,34.125584,42.17665,49.132977,15.007393,186.58589,159.39696,289.62854,245.98515,0.49996924,0.60141796,0.24265257,0.4399388,0.7204021,0.47774956,7.291419,4.155633,-0.650676,4.0149317,0.19711849,1.088136,17.674192,0.8387072,-12.926382,-1.0631713,17.620094,1.3312459,-21.198586,-0.66605747,0.035216838,0.9694543,1.6476153,0.60896087,6.188572,0.52941537,7.1186867,1.3327855,15.45775,0.57042235,839.90967,0.23710498,1197.2223,0.17075157,-111.02031,-0.8553479,1859.41,0.10250714,905.59546,0.36837116,-108.579,-0.79895556,2829.6365,0.07315473,913.6612,0.5451089,-108.57653,-0.7988788,-6.789942,-1.0301745,17.242172,0.44344354,0.05524069,0.44079882,-0.010583206,-1.5479107,0.22257124,0.90510213,22.475948,0.34826493,-18.037798,-0.70632017,7.26891,3.0434458,-29.442585,-0.40873572,-1.8746114,6.9073253,0.01362069,-0.0042793457,0.12146594,3.7037036,3.846154,0.12,0.062792175,0.13833332,0.13532881,-28.685965,o,Ses02F_script01_2,Ses02F_script01_2_F018
138,31.858355,0.18222229,26.25369,33.26323,37.717342,11.463652,131.76085,129.61629,63.2076,81.17298,0.4081296,1.0263005,0.07061529,0.22712983,0.6758415,0.6052262,9.437946,4.0646486,6.5040965,5.6178293,0.16132295,1.331489,25.491146,0.2855938,-4.1154094,-2.5520267,16.599361,0.8199207,-11.669423,-1.0632793,0.029640332,1.137894,1.3861198,0.75607,5.359299,0.6693063,6.6088,1.2947303,20.100622,0.4911931,577.32556,0.39284948,1402.8678,0.1837429,-133.39915,-0.67191225,1583.6948,0.17553602,1033.3733,0.27053526,-126.98068,-0.6877948,2652.703,0.09518665,927.0728,0.39538512,-128.55463,-0.66371936,-10.036307,-0.6889076,20.007322,0.3898588,0.04026151,0.67741776,-0.009834682,-1.3265356,0.30622998,0.79984546,27.14367,0.32388067,-4.054462,-3.4382944,13.115938,1.3757807,-15.85156,-1.051326,-10.270678,19.61603,0.00023775047,0.004790397,0.06957164,2.4719102,2.2727273,0.166,0.14277254,0.25399998,0.3694103,-28.46313,q,Ses02F_script01_2,Ses02F_script01_2_M018
139,37.636806,0.117703214,33.769638,35.64166,43.962784,10.193146,15.757847,3.398688,43.329163,0.0,0.10805088,1.0425886,0.04850252,0.056591567,0.1309861,0.082483575,1.8661162,1.780051,2.7522953,2.4836378,0.023741545,1.3930513,25.608908,0.20713112,-4.411642,-2.2438738,15.156115,0.56761974,-12.041405,-1.1327978,0.034699377,0.91238004,1.3224391,0.5543016,6.824428,0.41337463,4.669675,2.0004916,17.919874,0.40428904,700.5746,0.2185964,1399.2015,0.11769013,-155.46361,-0.50449747,1777.0736,0.117348164,1123.3094,0.37413508,-152.96454,-0.5049907,2710.7578,0.07260669,1105.4517,0.42923367,-153.20975,-0.5018827,-12.551952,-0.4769038,20.673807,0.3143696,0.02827665,0.83179265,-0.008895637,-1.3310109,0.06276898,0.7093152,29.713976,0.16821489,-10.288885,-1.650847,20.883339,0.6543329,-26.930729,-0.6514261,-11.439451,21.380419,-0.00020452858,0.010339242,0.009996455,1.6194332,1.2396696,0.20666665,0.07586537,0.5733333,0.3739281,-44.035664,q,Ses03M_script01_2,Ses03M_script01_2_F000
140,31.719051,0.12124931,28.464106,30.718246,33.97162,5.507513,38.559116,0.0,26.568508,33.786827,0.08525332,0.54625726,0.047285836,0.06368534,0.12783356,0.08054772,0.6420965,0.34591046,0.67827857,0.22217274,0.015945798,0.7084351,27.797998,0.31867325,-2.7546074,-2.4201734,10.558968,0.8586087,-12.377495,-0.9127163,0.021304699,1.1151485,1.7271608,0.45504102,4.235794,0.6637409,6.081274,1.7265476,18.005966,0.5358975,503.2433,0.366985,1315.7494,0.12790367,-167.58484,-0.40885058,1443.4823,0.15173295,1016.98755,0.102044664,-163.65063,-0.42612672,2579.9187,0.08248089,753.5482,0.29808477,-165.5897,-0.3985449,-11.901802,-0.2423319,22.835985,0.14207886,0.014348435,0.71667117,-0.008198885,-1.6113513,0.023915239,0.4643099,32.540524,0.12437889,-5.810791,-1.0091827,8.5523615,1.4332303,-21.582317,-0.6741534,-11.795777,22.194942,0.0058541875,0.005369423,0.01343806,1.724138,2.2026432,0.076,0.047159303,0.25,0.31254712,-51.738995,q,Ses03M_script01_2,Ses03M_script01_2_M000
141,38.435562,0.0630876,36.45903,38.10206,40.619213,4.160183,113.59635,173.915,22.94863,16.41156,0.24085507,0.72530615,0.07826552,0.20880674,0.36498109,0.28671557,3.4038568,2.1990967,2.6240573,1.6073114,0.058224212,1.0595115,19.621063,0.62099123,-5.916763,-2.8444772,19.703205,0.8689536,-21.721199,-0.8079567,0.019970234,1.065349,0.9589156,0.57415336,7.3805075,0.39903373,10.521823,1.1010315,17.30115,0.5558407,666.5374,0.39830226,1363.3103,0.15290534,-124.830666,-0.73664886,1724.2979,0.12630726,1099.6029,0.42514658,-112.5335,-0.793093,2671.705,0.09216061,987.99945,0.29722485,-112.83084,-0.78757876,-7.3120837,-0.91469973,15.878086,0.5511969,0.049530637,0.4136312,-0.00909753,-1.5546153,0.089654826,0.7667179,23.27769,0.38381222,-12.88245,-1.3671876,21.341343,0.97960275,-31.462526,-0.5689691,-6.4962053,13.48635,0.017446179,0.003776719,0.030082563,2.7829313,1.8726593,0.24700001,0.23052332,0.24181817,0.23217618,-38.604267,q,Ses03M_script01_2,Ses03M_script01_2_F001
142,35.350964,0.11009966,32.491196,33.90979,38.849606,6.35841,50.924587,0.0,13.802094,13.774052,0.16198623,0.7650803,0.07139497,0.12904291,0.20929751,0.13790253,1.7661418,0.84307534,0.67494106,0.6503803,0.035366993,1.1112746,22.348185,0.52921957,-3.3338575,-4.2126274,20.462473,0.9779555,-11.654391,-1.004035,0.021140002,1.1259283,1.3096586,0.424017,6.74758,0.39142507,9.282733,1.2209663,21.086596,0.25132754,714.9764,0.32838392,1406.8981,0.22615398,-135.95375,-0.6415293,1732.805,0.118458524,1014.0567,0.41712824,-134.31981,-0.63128555,2788.9922,0.06370261,949.4548,0.34862956,-136.03923,-0.605982,-8.897647,-0.7327024,19.516125,0.37621108,0.027493864,1.02215,0.0007411066,16.049696,0.048747126,0.7852004,25.823473,0.33517352,-5.8838053,-2.4940345,22.881495,1.1401057,-17.260035,-0.7130903,-7.712391,14.671544,0.010993709,0.0057438496,0.028068319,2.3333333,2.0408165,0.16499999,0.110415876,0.25714284,0.21763101,-42.44572,ans,Ses03M_script01_2,Ses03M_script01_2_M001
143,35.156315,0.04959122,34.165966,35.03144,35.870407,1.7044411,46.41286,39.34727,11.281983,10.88367,0.19402336,0.87078714,0.09037115,0.14124447,0.23890284,0.14853169,3.093759,2.9036815,1.5369741,0.96028346,0.047501784,1.4140725,20.027653,0.6586867,0.29388675,54.70475,13.475174,0.85918087,-12.535911,-1.1538337,0.020374212,0.73548126,1.2476423,0.490192,7.1913347,0.4014791,4.9278903,1.918188,18.848892,0.55209064,733.76587,0.290255,1439.3258,0.20929678,-119.24168,-0.7445523,1760.2369,0.13913924,1263.88,0.3252305,-118.215904,-0.712283,2765.4143,0.10027166,1032.3153,0.35786805,-119.60139,-0.68886787,-11.573007,-0.892711,23.120201,0.41031343,0.023604635,0.95264864,0.0017524057,8.155638,0.060623363,0.91263354,27.2576,0.3048046,-3.05847,-6.608393,15.967687,0.74474245,-17.763966,-0.8993558,-7.3386164,15.065307,0.012019775,0.006902331,0.0377291,2.8301888,3.1948884,0.136,0.12947586,0.155,0.13887045,-39.181564,s,Ses03M_script01_2,Ses03M_script01_2_F002
144,34.49501,0.10521371,32.013836,33.16937,37.499126,5.4852905,69.87549,57.274048,79.81171,79.38346,0.12698242,0.51186335,0.062479984,0.11960258,0.17841928,0.11593929,1.0898513,0.60265905,0.54984933,0.31563726,0.02707491,0.79976845,27.609484,0.2775842,-2.7910063,-3.633898,14.92559,0.9486152,-12.467619,-1.0128539,0.031540196,1.4319247,1.3440957,0.42109662,6.2993937,0.36496735,5.316276,2.1368895,20.09143,0.5238208,552.1066,0.3857624,1330.539,0.14602338,-111.98992,-0.83043605,1584.275,0.17000212,1022.3453,0.22278869,-105.11432,-0.8495236,2645.7354,0.11801134,938.53937,0.34617418,-107.85076,-0.8022371,-12.245123,-0.40722844,22.79361,0.31990454,0.032380924,0.6992121,-0.0057457234,-2.092922,0.036202062,0.63867307,31.711905,0.17731874,-5.027051,-2.1676538,12.016408,1.3408371,-17.559828,-0.8167728,-11.127999,19.19056,0.0073550525,0.0059889727,0.017845137,2.2544284,2.2727273,0.21785715,0.17292354,0.21692307,0.28582904,-45.70176,q,Ses03M_script01_2,Ses03M_script01_2_M002
145,31.45656,0.14134914,28.914974,31.085619,34.05481,5.1398354,115.98816,96.43228,60.586193,64.76099,0.13719037,0.61478037,0.045297194,0.13020486,0.21728411,0.17198692,1.3499589,0.75635386,0.90009385,0.5271744,0.027203389,0.72473615,29.744986,0.13383192,-8.307734,-1.0518097,20.291264,0.6292608,-14.575203,-0.84245986,0.015301709,0.8913161,1.16181,0.6253894,5.1940694,0.46167248,4.503491,2.1960268,17.786636,0.44523412,530.87555,0.44285488,1288.5013,0.14064465,-131.67807,-0.69070554,1556.0236,0.15890895,972.08295,0.2760131,-126.73865,-0.6889738,2564.0898,0.10531271,838.48315,0.2912377,-127.48784,-0.6788166,-11.190856,-0.3577929,18.068253,0.26188046,0.03971625,0.3808801,-0.01185928,-1.2400199,0.03890481,0.4253598,31.73147,0.11080266,-9.746572,-0.9305712,23.656637,0.6359138,-20.610226,-0.52208996,-11.453495,20.0241,0.007221529,0.0027972986,0.019873055,3.1578948,2.1333334,0.1775,0.19240257,0.24,0.29431653,-45.381477,c,Ses03M_script01_2,Ses03M_script01_2_M003
146,35.423523,0.08362651,33.176765,33.767212,39.886097,6.7093315,43.4883,21.115313,20.853765,17.413128,0.091549866,0.9634413,0.04436686,0.046466764,0.11977255,0.075405695,2.926539,2.3389213,1.695166,1.4538075,0.015858278,1.0588611,26.83181,0.1867467,-5.855297,-1.6178552,17.50209,0.62947774,-6.3294587,-1.4866738,0.013884927,0.71688026,1.3484328,0.8765412,8.605907,0.19578221,0.9481431,8.524634,13.9938135,0.74145895,690.0754,0.28194812,1362.9409,0.13147214,-161.46089,-0.45927775,1715.678,0.09348282,994.6599,0.23475851,-159.49968,-0.46104607,2724.7192,0.08425535,949.0854,0.2997603,-160.05905,-0.45382908,-10.449619,-0.7641101,18.954082,0.56235236,0.012743902,1.1924651,-0.002668183,-5.565414,0.03832667,0.5526624,28.816116,0.2411887,-10.483743,-1.5044267,26.104404,0.5778799,-15.031177,-0.96239233,-11.525466,21.159067,-0.0052955444,0.010688987,0.009503282,1.6460906,1.2605042,0.17333333,0.11440669,0.4475,0.3975157,-47.732418,c,Ses03M_script01_2,Ses03M_script01_2_F003
147,36.684364,0.043899108,35.58496,36.349804,37.256107,1.6711464,24.133959,22.176516,90.197205,101.07539,0.07094217,0.4908795,0.04542426,0.05217921,0.09415856,0.0487343,0.7223706,0.6555043,0.38914743,0.2779778,0.012309533,0.6546302,27.95354,0.17603734,-2.6160653,-3.2637138,10.311856,0.9174431,-9.571745,-0.8560546,0.033419766,1.5218961,1.1766396,0.51576394,8.072125,0.18892832,7.6040883,1.256772,25.437334,0.4296666,667.4412,0.35509098,1346.6716,0.14510539,-167.47792,-0.41615188,1714.959,0.17777292,1159.6294,0.29945627,-161.39355,-0.44652662,2737.111,0.09863842,981.2093,0.19412692,-162.65079,-0.4282179,-16.787682,-0.34532413,27.036314,0.2455886,0.032937836,0.5174399,0.00075273024,16.466166,0.017093627,0.3728039,31.047443,0.18741938,1.7559447,6.165175,10.025735,1.6047888,-14.039249,-0.69628775,-11.493928,22.04612,0.0039166547,0.008576463,0.011105069,1.344086,1.3623979,0.152,0.08084553,0.46666667,0.46132654,-53.283287,q,Ses03M_script01_2,Ses03M_script01_2_M004
148,36.438572,0.05679178,34.634315,36.744278,37.644756,3.0104408,128.34238,93.94613,19.007284,24.755434,0.085424155,0.8186459,0.044627786,0.04721045,0.13357432,0.088946536,0.8860382,0.99275553,0.8696912,0.9227067,0.014985326,1.0011626,23.992579,0.34104607,-3.2752259,-2.4770641,15.4116125,0.6747461,-9.343211,-1.1543782,0.023592612,0.76826304,1.2371473,0.4115319,5.599934,0.63134533,1.2251202,8.734098,10.190643,0.70192075,707.9567,0.24550185,1385.5344,0.14274338,-176.09666,-0.34936127,1783.686,0.13118657,1030.0391,0.36265182,-174.59442,-0.35366896,2743.8389,0.10710587,1169.652,0.5055287,-174.77643,-0.35041377,-7.158471,-0.9659105,15.57316,0.43246856,0.020802699,1.0893141,0.0030274054,5.808744,0.039748557,0.5517266,23.346842,0.4478998,-9.110189,-1.7772766,20.711397,0.84077054,-16.433683,-1.1072335,-10.975558,20.61026,-0.00031531302,0.009660899,0.010946701,1.6172508,1.0928962,0.122499995,0.07084314,0.616,0.45292822,-50.273193,ans,Ses03M_script01_2,Ses03M_script01_2_F004
149,25.533747,0.012446363,25.232777,25.580786,25.842628,0.60985184,0.0,0.0,-0.16632386,0.0,0.062927775,0.44066542,0.04439129,0.046994038,0.08613174,0.041740447,0.56161326,0.38653883,0.31662872,0.121260725,0.011503381,0.6569232,28.159609,0.17874496,-3.1230364,-1.5464298,11.146761,0.38726357,-13.956906,-0.93350965,0.007708489,0.3267841,1.483749,0.11735401,2.0374172,0.29178295,-12.682937,-0.1298562,8.676233,0.16210026,800.55115,0.08426064,1192.436,0.05211587,-195.45467,-0.15003832,1937.3077,0.07580144,867.49835,0.12516876,-195.89244,-0.13831513,3218.0757,0.09171978,972.3321,0.16875044,-195.92058,-0.13745682,-13.024551,-0.071285434,22.924871,0.038018577,0.030834343,0.41748476,-0.0114871375,-1.1360321,0.016345927,0.04674027,24.334637,0.12852521,7.827886,0.23495734,8.218338,0.16960524,-31.900135,-0.34572795,-11.958008,22.355322,7.2573646e-05,0.005115173,0.011499191,1.6483517,0.56497175,0.04,0.0,0.84999996,0.049999997,-55.767937,q,Ses03M_script01_2,Ses03M_script01_2_M005
150,34.2077,0.036617942,33.20403,33.635323,35.52001,2.3159828,67.86523,56.187336,11.604001,2.0240734,0.08221228,0.72537494,0.044478334,0.047576528,0.13308653,0.0886082,1.0187722,0.7789808,1.6554205,0.7563155,0.013984448,0.8336256,27.859482,0.24950927,-2.6827068,-1.8326622,12.967068,0.7806647,-7.0399637,-1.286111,0.0131557,0.7128974,0.93227285,0.6049453,8.118378,0.2143111,0.57149255,9.64756,20.106583,0.3322205,701.15814,0.2977871,1359.2283,0.16903737,-155.93874,-0.5093996,1708.2723,0.14029212,1035.103,0.21359655,-156.37607,-0.49053192,2772.7908,0.07555399,979.9134,0.38775074,-158.19302,-0.46464932,-11.602416,-0.3610635,24.128122,0.2629766,0.018498808,1.1539189,-0.005169268,-2.343127,0.030568609,0.41305885,34.80095,0.20317361,-5.791884,-1.3937932,13.4545,1.3595026,-16.324171,-0.7031805,-12.023466,22.612164,-0.0061785704,0.012940235,0.008740571,2.145923,0.877193,0.26999998,0.17,0.56333333,0.3851695,-49.459915,q,Ses03M_script01_2,Ses03M_script01_2_F005
151,28.941893,0.37265727,20.587315,21.71251,42.86915,22.281834,52.614548,0.0,-108.15607,0.0,0.0988949,1.2598141,0.047529537,0.0611369,0.08898053,0.041450996,0.22028852,0.08930977,1.0516489,0.0,0.027221879,2.4064367,26.72788,0.2347271,-1.6343254,-6.7543354,14.766374,0.77507967,-8.29586,-1.6592352,0.013075889,1.3020755,1.2296343,0.67384,4.312077,0.88564646,10.104665,0.46017602,23.884964,0.4970981,699.7081,0.40234482,1328.9467,0.164541,-162.6101,-0.4500865,1807.6482,0.17055114,939.8127,0.28532082,-161.34853,-0.4417705,2866.7478,0.107718185,1031.6556,0.56676596,-161.88338,-0.4346865,-14.426383,-0.5190953,23.083302,0.44821936,0.028718561,1.0312046,0.00017169249,77.63856,0.061405174,1.5691072,30.45309,0.16552058,-5.249757,-3.1082304,18.046877,0.83468807,-13.54781,-1.3806579,-11.636771,21.349596,0.0011883959,0.009812573,0.01837506,0.34364262,2.097902,0.09333333,0.05763872,0.31,0.2865559,-42.27519,c,Ses03M_script01_2,Ses03M_script01_2_M006
152,40.67985,0.15269549,36.04364,42.35296,45.254665,9.211025,115.45967,108.97029,22.135864,44.59325,0.2595356,0.9211555,0.04721106,0.14772925,0.48514813,0.43793708,4.9220138,2.4263363,3.9770586,1.9341439,0.08056815,1.1644073,22.523642,0.5180381,-10.706536,-1.4859662,9.807403,1.4967455,-18.863073,-1.0154183,0.016838817,1.112341,1.0016596,0.67870206,7.9602633,0.55949545,7.9990597,1.0000315,19.37546,0.619399,763.1237,0.3076796,1332.4106,0.20509344,-143.90935,-0.5942169,1743.8093,0.11979689,1016.92334,0.26898843,-134.39644,-0.6397454,2821.218,0.07889541,933.3536,0.46855435,-136.3646,-0.61048687,-7.453209,-1.1420313,18.890848,0.52217495,0.056238186,0.36715624,-0.0041981917,-3.8330867,0.1551665,0.6022091,22.603003,0.5483512,-18.105213,-1.0283475,5.79466,3.360777,-36.58489,-0.4396979,-7.4200273,17.905403,0.008690618,0.009827422,0.040567104,2.606635,2.1582735,0.15555555,0.08883331,0.28555554,0.35210827,-34.944115,o,Ses03M_script01_2,Ses03M_script01_2_F006
153,24.452196,0.029928112,24.044594,24.219233,25.091208,1.0466137,158.05803,108.22943,16.161951,7.951324,0.06571073,0.47463056,0.045092363,0.04923418,0.09203813,0.04694577,0.33397365,0.37535924,0.34229538,0.17355153,0.009790389,0.55812216,25.523785,0.20830427,-4.302495,-1.236405,15.267523,0.5394581,-4.395003,-1.3797699,0.009559546,0.634584,1.4200932,0.47590712,2.8260922,0.45814475,-0.23660883,-25.843624,12.729079,0.7016553,445.91135,0.26660728,1332.5042,0.13054706,-177.07034,-0.3390848,1521.517,0.06458159,1079.7043,0.32709232,-177.80588,-0.32188594,2455.6638,0.05495428,1008.08826,0.2168422,-177.77539,-0.32313904,-10.580324,-0.29088822,16.47666,0.20354997,0.010795027,1.417651,0.0048584794,1.9369555,0.015200046,0.22018558,29.619377,0.12769578,-6.9182687,-0.8963954,26.432583,0.46071735,-2.7397711,-3.5430489,-10.611073,19.52977,-0.00025566336,0.011811192,0.009134229,1.0135134,1.3745705,0.082499996,0.04602988,0.498,0.4574013,-56.115257,o,Ses03M_script01_2,Ses03M_script01_2_M007
154,37.00787,0.046123616,36.177814,37.40346,38.114124,1.9363098,33.181896,17.638824,18.228905,20.496105,0.09581997,0.7072634,0.04559648,0.053605765,0.14020917,0.09461269,1.1653283,0.64510196,0.9172505,0.5187487,0.015239832,0.75224185,26.09549,0.32852265,-4.803191,-2.238541,12.0470295,0.8364291,-10.101145,-0.98698926,0.017898075,0.84545577,0.90184915,0.6375369,8.603829,0.2921806,2.013212,3.9449492,19.497375,0.41315454,675.8987,0.26534343,1427.0789,0.13729087,-153.08614,-0.5300452,1686.8148,0.12714787,1146.7877,0.23953895,-153.28322,-0.5128725,2782.7073,0.06836444,1014.8491,0.38020843,-155.10347,-0.4867831,-10.877533,-0.6236126,22.175766,0.35317117,0.028626023,0.54473776,-0.002041735,-4.401565,0.026977992,0.4334779,30.615633,0.23853846,-8.023579,-2.1230578,10.379737,1.3528686,-21.385479,-0.42040345,-10.128876,19.559475,-0.0032771605,0.010785925,0.011295276,3.0030031,0.91463417,0.27666664,0.35593382,0.59499997,0.5239036,-49.6918,ans,Ses03M_script01_2,Ses03M_script01_2_F008
155,37.61541,0.041214705,36.435947,37.37777,38.73281,2.2968636,27.447924,10.660638,11.636167,17.503998,0.09452635,0.8245207,0.04528692,0.048151508,0.15770113,0.11241421,2.3248763,1.7843386,1.3945369,1.2260338,0.018344732,1.1487411,25.7898,0.30528417,-3.421778,-2.530311,13.621401,0.7398258,-10.174479,-1.061387,0.024081893,1.316061,1.0018106,0.70666635,8.860744,0.30173776,9.449517,1.114587,22.970062,0.39069283,751.7221,0.26260334,1426.758,0.16927058,-163.13388,-0.44830796,1735.0865,0.13102348,1209.5573,0.334251,-159.68747,-0.455927,2838.9497,0.09477778,984.5024,0.44931334,-160.63882,-0.44226712,-12.258446,-0.6108578,24.110699,0.38506302,0.03709257,0.44593495,-0.0032640623,-4.0530386,0.041442923,0.61888236,30.824324,0.3054446,-5.3930235,-2.4573326,15.010664,1.1293668,-21.53302,-0.6319888,-10.77886,19.972355,0.001051343,0.011542115,0.011467897,1.9877676,1.0785825,0.20714284,0.11144689,0.61125,0.6203917,-46.88899,o,Ses03M_script01_2,Ses03M_script01_2_F011
156,28.060911,0.104458556,26.2664,26.555311,28.75082,2.4844208,91.101295,0.0,-198.09695,0.0,0.055701885,0.24815296,0.045154244,0.04995221,0.064453974,0.01929973,0.22395383,0.16022204,0.20973586,0.1459192,0.008873153,0.4029682,27.945683,0.16947353,-2.3720639,-2.0372615,12.890861,0.48072368,-5.006587,-1.034697,0.06315442,1.421232,1.3631878,0.411786,3.8563232,0.44561,3.488168,2.5675974,20.243057,0.24365614,670.9647,0.4209056,1459.3325,0.19756348,-193.95035,-0.17120145,1620.7854,0.18555753,1101.0201,0.15121862,-194.26338,-0.163468,2725.7202,0.10311688,869.84204,0.27802983,-194.4334,-0.15972054,-15.172216,-0.26342404,25.929056,0.19141348,0.00394559,3.4745758,0.006760282,0.8633131,0.012623768,0.16638443,31.460703,0.13626105,3.4725554,1.8690274,17.095427,0.41405034,-9.639374,-1.035143,-12.190192,22.133701,0.00023624496,0.010793927,0.008765692,2.123552,0.5847953,0.053333335,0.0094280895,1.225,0.7956915,-58.237896,q,Ses03M_script01_2,Ses03M_script01_2_M009
157,37.83763,0.081985,35.29018,37.59337,40.602783,5.312603,60.58424,81.58715,46.552616,51.61359,0.2781659,0.8758472,0.06779168,0.21352647,0.4428409,0.37504923,6.01868,3.6395528,3.5941882,2.7826412,0.080401495,1.3189764,24.579771,0.44031975,-10.845149,-1.4191173,15.016003,0.9545624,-19.692255,-0.8074862,0.02050344,1.3372127,1.0917635,0.65903723,7.5745535,0.41884705,5.181416,2.019206,16.273375,0.56018686,681.5442,0.34211448,1389.6355,0.17979276,-100.028076,-0.9260528,1723.0636,0.1322405,1054.0712,0.3031726,-92.93429,-0.94744575,2711.5283,0.100443855,1019.26544,0.33474976,-94.56234,-0.91557086,-8.435114,-0.9971585,18.675453,0.4647159,0.041115686,0.5598731,-0.007824414,-2.2256322,0.11936897,1.026402,27.083986,0.34930825,-15.9288025,-1.0274806,15.468076,1.1045765,-26.559069,-0.6036245,-8.8918705,17.291916,0.008274376,0.006295688,0.027180225,3.1076581,2.3463688,0.23904762,0.1758491,0.18368421,0.20199558,-34.651115,ans,Ses03M_script01_2,Ses03M_script01_2_F012
158,38.223454,0.13634041,34.100864,36.269264,44.32264,10.221775,51.87558,23.527475,75.410545,90.72313,0.24924774,0.7060338,0.12514338,0.188324,0.3494105,0.22426713,4.5487685,2.148249,3.1263287,3.1725082,0.071358815,0.989376,28.403404,0.3653403,-12.464637,-1.2562084,11.676878,1.144015,-18.343164,-0.7543742,0.021030575,1.3258114,1.2315866,0.45304716,7.3906755,0.3711759,4.1966043,2.6389313,21.393381,0.38781738,712.2164,0.30166966,1384.0272,0.17762314,-90.37652,-1.0371695,1721.1014,0.13757825,1144.6953,0.2518112,-90.201164,-0.96779585,2739.3918,0.09829856,978.44574,0.3228085,-93.99235,-0.8950897,-10.066956,-0.6733615,21.764385,0.29780233,0.037051495,0.59650195,-0.0018365788,-8.135111,0.08534249,0.9767024,30.827414,0.2379722,-14.5383625,-1.1381578,10.047129,1.5114684,-21.123852,-0.69846535,-8.4260025,19.497395,0.018297534,0.004434837,0.04888752,2.9411764,2.2727275,0.25333333,0.14727148,0.14142857,0.15914312,-37.11418,q,Ses03M_script01_2,Ses03M_script01_2_M010
159,41.623394,0.105015,36.697113,42.22763,45.491085,8.793972,139.6082,176.22783,39.67717,30.195444,0.334201,0.8198586,0.12636884,0.2616612,0.4975874,0.37121856,7.3337774,5.3787823,4.9544196,3.4883556,0.10998294,1.1846894,21.574373,0.49678916,-13.149474,-1.3868027,13.200907,1.184245,-24.80137,-0.6745243,0.022189245,1.0446191,1.1414018,0.56225395,8.059027,0.45774513,8.3137045,1.1621122,16.394926,0.62853444,799.45624,0.2678646,1335.2013,0.17183629,-96.68209,-0.9363866,1816.9117,0.11290801,1032.808,0.35900277,-90.10642,-0.9440707,2814.1362,0.07548616,969.10925,0.350884,-91.16021,-0.92160726,-9.112227,-0.91390324,18.11513,0.48633778,0.0523977,0.45826045,-0.002602303,-7.0653763,0.1432561,0.94666916,22.620607,0.45443434,-15.7518425,-1.2660538,12.241391,1.5024526,-31.430107,-0.49907616,-7.4514065,16.750988,0.016439166,0.0044134418,0.060757145,3.3333335,2.657343,0.21894737,0.14703722,0.15117647,0.17579678,-33.359085,ans,Ses03M_script01_2,Ses03M_script01_2_F013
160,30.580336,0.00802336,30.390465,30.742657,30.750969,0.36050415,13.760873,0.0,-0.5291621,0.0,0.056504775,0.32603797,0.046043593,0.047992032,0.06518337,0.019139778,0.1593202,0.112924926,0.143226,0.0985416,0.009122583,0.43873227,25.584297,0.13178243,-3.291915,-0.9932168,17.033005,0.5413205,-7.6341534,-0.71204484,0.017690986,0.6732678,1.2291399,0.21211375,6.000552,0.13154134,-2.4520442,-2.2487018,15.3987255,0.20200907,507.3883,0.10715872,1384.9683,0.03711878,-191.43599,-0.2100513,1799.571,0.06425553,1277.8219,0.30301985,-192.66255,-0.18201526,2453.297,0.08720101,1319.143,0.29444396,-192.18275,-0.19256848,-14.547067,-0.05399815,17.061098,0.075763084,0.022076612,0.5543009,-0.009729965,-0.7926679,0.01885976,0.075512104,29.4625,0.07313312,2.2527413,0.9594475,38.878044,0.054055948,-19.073933,-0.24873938,-11.777187,21.080439,-0.004579814,0.012480049,0.0087147765,1.5706806,0.53763443,0.08,0.0,0.875,0.13499999,-57.38211,b,Ses03M_script01_2,Ses03M_script01_2_M011
161,40.003105,0.074645914,37.37352,40.24328,42.342,4.968479,40.718105,39.126945,36.23074,29.947298,0.17283604,1.0139109,0.0479407,0.12035691,0.24999498,0.20205428,4.736275,4.160727,2.7831626,2.2280455,0.0444234,1.4552456,21.90002,0.45762295,-5.843148,-2.3937907,11.566009,1.0879025,-15.588557,-0.9839184,0.02384675,1.0877275,1.3158904,0.7392774,8.408272,0.44623467,8.792826,1.2924328,17.587626,0.5802629,748.0114,0.2534292,1353.0896,0.1542424,-147.79665,-0.53567886,1797.3478,0.12872472,1095.7344,0.4145722,-141.04794,-0.5651223,2785.1436,0.096510746,1018.47003,0.42540652,-141.88528,-0.5534557,-10.083451,-0.8408669,19.278051,0.46316656,0.035929106,0.617927,-0.006577766,-2.4343781,0.08458924,0.9488373,24.1683,0.41202924,-10.004522,-1.669901,14.158675,1.2096733,-27.543314,-0.61646944,-9.001342,17.66795,0.005246685,0.0066722455,0.024865335,2.6086955,3.0,0.10125,0.06456988,0.22,0.3001159,-39.317432,o,Ses03M_script01_2,Ses03M_script01_2_F014
162,42.367264,0.123982966,39.042004,41.60324,45.596153,6.5541496,254.9908,575.87573,82.20453,103.82489,0.37178215,0.9902011,0.085686594,0.24569137,0.57136923,0.48568264,7.2264905,4.8299913,5.2207637,2.7999883,0.15938927,1.5787214,18.390467,0.58294636,-11.959007,-1.348091,12.879526,1.3147981,-25.99448,-0.7020183,0.027615665,1.2225384,1.159139,0.5989842,7.9729643,0.5624708,10.481057,0.9805455,14.840454,0.79685754,783.82294,0.32486638,1311.5228,0.20148179,-119.47528,-0.7634026,1806.5106,0.13780677,1040.3705,0.34186924,-105.99167,-0.8282844,2801.4307,0.084024526,971.27325,0.35854846,-106.49988,-0.81828207,-8.197128,-0.98499763,18.396053,0.45932958,0.05017918,0.5487901,-0.0076700174,-2.0189753,0.25998744,1.1428925,19.927326,0.52834153,-16.568829,-1.0767367,9.517748,2.1218014,-36.152084,-0.47027704,-6.066514,14.4033165,0.0138967335,0.0059291576,0.051768925,2.4982157,2.2922635,0.2178125,0.25296646,0.21033332,0.26192215,-28.188068,s,Ses03M_script01_2,Ses03M_script01_2_F015
163,24.01019,0.00034218022,24.003052,24.009636,24.017109,0.014057159,0.0,0.0,-0.0023140907,0.0,0.05643595,0.32284027,0.045368288,0.04819851,0.061726917,0.016358629,0.35309297,0.39268327,0.22807981,0.07265278,0.008219102,0.40981963,24.470222,0.24186431,-1.8794825,-1.9510072,10.248053,0.44108158,-9.363735,-0.5208524,0.05564466,0.0,1.2156276,0.12177967,2.7488933,0.041560456,4.385639,0.028674237,28.651031,0.021847613,761.0658,0.13663176,1258.7218,0.1253536,-198.66234,-0.09144161,1740.5918,0.066215724,1042.3687,0.021979775,-198.74202,-0.088189796,2937.2207,0.013046923,884.9513,0.07232356,-198.87447,-0.083162695,-10.284138,-0.17212233,21.385578,0.027802736,-0.0070442045,-1.1938331,0.00814386,0.19598195,0.013973196,0.06122262,27.886082,0.011151381,-0.39329135,-3.4146376,10.554974,0.21207276,-9.065399,-0.06687142,-10.62511,21.507755,-0.0028137458,0.011297334,0.008211126,1.8691589,0.31645572,0.03,0.0,1.55,0.96,-59.52165,c,Ses03M_script01_2,Ses03M_script01_2_M013
164,43.87582,0.10752556,40.35627,43.899727,47.728436,7.3721657,81.87629,103.76887,72.90775,109.39292,0.4459774,0.85457194,0.12974384,0.34764785,0.6525924,0.5228486,7.124914,4.901532,6.244311,4.472035,0.18338773,1.3277346,19.504236,0.46811783,-15.2842865,-0.93946564,10.534469,1.6101999,-30.142397,-0.5957196,0.022739759,1.0929624,1.145129,0.6181869,8.031411,0.5039885,7.611483,1.2946473,13.823023,0.8219541,806.8968,0.31020036,1277.1636,0.19755696,-100.09725,-0.9196831,1821.3448,0.1402995,1020.38165,0.30096978,-89.2437,-0.9644253,2826.0544,0.08246874,930.97797,0.36064902,-89.96336,-0.9488088,-6.734344,-1.149155,16.893084,0.5011992,0.06068483,0.4649297,-0.006833364,-2.0915718,0.26402336,1.0523542,20.21882,0.4279979,-19.831116,-0.7344568,7.149425,2.5969474,-37.981663,-0.41264024,-6.3514977,13.879102,0.0265539,0.0004359677,0.061425753,3.314394,2.568982,0.22666666,0.28799435,0.14185186,0.14471012,-27.58805,s,Ses03M_script01_2,Ses03M_script01_2_F017
165,42.62983,0.17199047,34.215233,45.335327,49.123795,14.908562,89.7579,92.427,120.74671,145.12897,0.43800935,0.94957757,0.05471178,0.31264758,0.6611481,0.6064363,8.5656395,5.696286,7.211675,4.9365916,0.19132867,1.3872354,22.137865,0.32584944,-13.796516,-0.98108107,11.613571,1.6223779,-29.645588,-0.6570391,0.02394899,1.0968328,1.2077754,0.5528758,6.9936414,0.58142364,6.8586454,1.5223399,12.895282,0.84114754,817.59283,0.30929893,1238.2899,0.20577969,-108.85529,-0.8661443,1847.956,0.14410459,978.0727,0.31982458,-100.086586,-0.89793885,2824.8242,0.083848275,933.2547,0.4131849,-100.29602,-0.8905845,-6.625649,-1.0055442,16.040682,0.412666,0.0659614,0.43147215,-0.009191425,-1.6830467,0.3070734,1.0056872,20.513716,0.37586656,-19.860565,-0.7345818,9.316239,2.4052246,-38.584484,-0.43848184,-9.644942,17.674116,0.020886661,-0.00083808484,0.057209875,2.4940617,2.0310633,0.25764704,0.29918572,0.21470588,0.34873077,-26.932898,c,Ses03M_script01_2,Ses03M_script01_2_M014
166,35.733654,0.11151503,34.06381,36.14242,38.47067,4.4068604,111.362206,102.04847,68.408676,67.183205,0.095690265,0.6124451,0.047027946,0.07161956,0.14463198,0.09760404,2.1183798,1.5444933,1.288279,0.6019232,0.018450385,1.0142447,22.475203,0.46831903,-2.2101352,-3.207316,17.411959,0.6239726,-14.408504,-0.89410067,0.05539068,1.6302828,1.3228781,0.713735,7.687025,0.36163524,7.35299,1.269315,20.073696,0.54254454,656.44653,0.29771963,1559.2847,0.27805278,-167.26872,-0.4056968,1697.3127,0.14654131,1145.642,0.39068022,-162.26918,-0.42221442,2722.8152,0.075645894,945.86426,0.32368022,-162.27522,-0.4232336,-13.06654,-0.323209,19.864754,0.38412353,0.035895355,0.53809506,-0.011158776,-1.26302,0.032534342,0.6945868,26.427101,0.30673027,2.3206463,2.6442652,24.829092,0.6323746,-27.26573,-0.54925436,-9.090465,17.384886,0.0039252485,0.008143924,0.014867662,3.514377,2.2727273,0.087142855,0.08580947,0.32999998,0.37762415,-48.533993,c,Ses03M_script01_2,Ses03M_script01_2_F018
167,29.802633,0.12127632,26.51033,29.862076,31.704939,5.1946087,205.0009,315.0654,59.114643,46.71324,0.12518543,0.6412809,0.049179524,0.11048993,0.18750983,0.13833031,0.9089488,0.7550141,0.6499899,0.31185424,0.027125662,0.74718595,29.444239,0.16631347,-4.225445,-1.8268461,17.12367,0.9610921,-19.877747,-0.9274038,0.030741466,1.4551917,1.4219066,0.47601393,4.7655168,0.50970244,1.6393467,6.733947,14.576783,0.6214745,544.4457,0.35113135,1293.7549,0.15703562,-129.14497,-0.6995432,1594.1896,0.17224146,905.92755,0.29356185,-125.56221,-0.70335853,2653.5078,0.10096733,957.31525,0.45801297,-126.84374,-0.6850801,-12.649962,-0.28965324,20.903362,0.22600575,0.028891552,0.71633637,-0.015444669,-1.1980565,0.043794278,0.39153072,30.79604,0.15406162,-5.6396747,-1.9086163,20.21079,1.0415403,-26.837551,-0.78986806,-12.886553,21.919298,0.0028534115,-0.00022531001,0.016573846,1.9662921,2.2792022,0.16624999,0.12579124,0.22333333,0.25157282,-44.689556,q,Ses03M_script01_2,Ses03M_script01_2_M015
168,31.197317,0.116268694,26.747087,32.097103,35.531662,8.7845745,581.7081,0.0,24.776579,17.246954,0.10738761,0.7112731,0.046102554,0.07573081,0.15289399,0.10679144,1.1058378,0.5130222,0.71618223,0.2685292,0.020248836,1.0417346,20.919085,0.40633503,-3.2682269,-2.1669297,26.05769,0.6056474,-10.919856,-0.9653871,0.021726394,0.6685761,1.7780476,0.29766724,3.8596303,0.38312295,0.05428682,139.75896,15.545577,0.520418,511.83728,0.3242194,1246.5227,0.1783695,-176.8008,-0.34947634,1605.1776,0.097039334,747.7586,0.33445966,-174.71617,-0.34780294,2541.2305,0.077623256,1028.2312,0.22683114,-173.91833,-0.3598482,-10.671121,-0.32751942,16.04901,0.317978,0.03755052,0.748292,-0.0071281423,-2.0492437,0.050645202,0.6737823,23.244822,0.18038328,-2.5238307,-2.837497,36.520145,0.4003827,-20.473642,-0.8689596,-8.53485,16.466112,0.00079020415,0.010939773,0.015114096,1.3636364,1.3953489,0.09333333,0.00942809,0.45,0.23032585,-48.419193,s,Ses03M_script01_2,Ses03M_script01_2_M016
169,39.80539,0.06066915,37.931675,39.137287,43.003174,5.071499,-25.024864,0.0,16.172565,0.0,0.090609424,0.7073453,0.046895947,0.064045504,0.13938025,0.092484295,1.329824,0.9675141,1.4651387,0.71562827,0.0147786215,0.7978251,25.809893,0.19343814,-6.617228,-0.9266128,14.534203,0.6440171,-11.786089,-1.0172366,0.022210881,1.0488153,1.271722,0.6250352,9.19787,0.3363813,5.4540324,2.182132,19.096804,0.34701258,686.4433,0.22609694,1358.8955,0.081311874,-162.52988,-0.4636378,1734.5798,0.099317655,882.8715,0.28683627,-157.46909,-0.48134023,2796.1316,0.08753225,802.7553,0.24953355,-158.81529,-0.46118444,-11.263331,-0.34697366,19.31971,0.23382802,0.030342635,0.4112686,-0.016641103,-0.46018988,0.032440983,0.32785106,27.105526,0.2202876,-11.236685,-0.6326587,14.141004,0.97653615,-29.917206,-0.30131054,-10.339854,19.885593,-0.0069696717,0.010748128,0.009705167,2.366864,1.2195122,0.185,0.114999995,0.40666667,0.2671246,-49.134983,o,Ses03M_script01_2,Ses03M_script01_2_F019
170,33.21303,0.11242265,28.564661,33.230927,36.677578,8.112917,73.69812,79.86766,61.75675,33.2509,0.14116304,0.8835383,0.04767132,0.06572272,0.226199,0.17852768,1.3336209,0.9114967,1.1549634,0.7943065,0.032461803,1.2015914,27.359816,0.16621399,-9.81096,-1.0960202,12.308453,0.98872125,-14.042691,-0.7781766,0.03291374,1.8822955,1.4807985,0.4306486,3.8299017,0.59033793,-1.0882205,-11.0341,11.70387,0.95059985,543.8368,0.39109722,1224.915,0.13100031,-167.41771,-0.4306669,1573.1699,0.17908522,944.3412,0.26674688,-163.32172,-0.45353085,2632.896,0.08461741,880.7496,0.3970441,-164.16843,-0.44132507,-7.08123,-0.7369872,17.665524,0.42467287,0.037352555,0.5007717,-0.0056171375,-2.3313203,0.07547455,0.6161328,28.95385,0.18152966,-16.725845,-0.77068067,11.412112,1.6493313,-28.627003,-0.33403373,-10.158301,19.741735,0.00270632,0.007867547,0.022412036,1.8394649,1.3490726,0.13374999,0.0724461,0.5211111,0.4620833,-43.064342,q,Ses03M_script01_2,Ses03M_script01_2_M017
171,39.739433,0.18049255,34.27464,35.927235,45.079235,10.804596,169.28644,54.79528,479.79837,356.46332,0.068823464,0.47438806,0.04886239,0.054430593,0.07848292,0.029620528,0.67986256,0.52624154,0.41568023,0.29546726,0.011441847,0.85355145,24.472448,0.19879694,-4.082076,-1.5362705,12.851472,0.5030816,-11.360716,-0.5925883,0.037206195,0.46800688,2.0766795,0.6180501,6.2430096,0.3186644,4.8329763,1.0003912,20.965828,0.558309,835.10785,0.31076714,1394.7115,0.1586069,-193.47372,-0.17041118,1826.6941,0.17205776,1328.3308,0.2749872,-191.36835,-0.18188813,2761.3623,0.097110584,892.33167,0.08148776,-191.61943,-0.17732522,-14.955295,-0.21939717,24.444942,0.19829568,0.037054203,0.61415154,-0.0043772184,-3.3992274,0.01934603,0.473332,29.356672,0.08740691,-4.541544,-2.222637,12.793354,0.6262615,-16.077929,-0.63141274,-10.674491,19.946358,0.011177187,0.0061930753,0.01110608,2.4734983,1.438849,0.0275,0.012990381,0.516,0.54408085,-54.899853,q,Ses03F_script01_2,Ses03F_script01_2_F000
172,26.99751,0.16348332,22.846401,26.026373,31.941145,9.094744,21.435192,0.0,-254.73447,226.41125,0.11742329,0.9050907,0.049231935,0.05570719,0.18289173,0.1336598,2.824811,2.545458,1.5244949,0.5809381,0.02565823,1.2375917,27.103785,0.2597103,-3.2134314,-2.3191824,13.413425,0.8050052,-12.236633,-0.88265204,0.023380803,0.82359993,1.3508087,0.7308869,3.5616765,0.80613583,1.8368983,4.210168,18.156252,0.3252398,448.85825,0.2862933,1293.7496,0.1274634,-142.42169,-0.61130464,1469.2994,0.12567303,929.69995,0.21430671,-145.07693,-0.56773365,2545.1926,0.073678575,851.10846,0.34336245,-146.77907,-0.54342085,-12.355073,-0.31285185,21.67732,0.24452214,0.040133037,0.39295483,-0.019709483,-0.7752414,0.058893118,0.52519584,33.953957,0.1973388,-4.7073283,-2.4048307,13.139797,1.3251535,-21.500526,-0.728629,-11.196918,20.85303,0.00533822,0.0075654993,0.012095698,1.4035088,2.142857,0.12833333,0.10302373,0.315,0.39773315,-43.986107,q,Ses03F_script01_2,Ses03F_script01_2_M000
173,39.99543,0.09365977,35.415527,40.642803,43.80692,8.391392,122.7261,37.193573,245.802,295.6938,0.10450172,0.4936494,0.063473806,0.091392785,0.1361863,0.072712496,1.0064769,0.7843422,0.43448848,0.23142357,0.01791568,0.73947334,20.759068,0.39796352,-3.6790383,-2.8901172,13.528596,0.6998326,-12.191743,-0.7483581,0.0293763,0.51696515,1.4590073,0.57338744,5.8172703,0.47803056,8.1821785,0.89231795,18.852818,0.53653055,749.8844,0.3286732,1441.1414,0.15849994,-186.77567,-0.24282213,1731.3015,0.12734747,1068.2502,0.22898422,-181.0871,-0.2847984,2762.3635,0.07080078,987.5836,0.34520495,-181.53497,-0.2771952,-10.599428,-0.63077134,21.649494,0.29189068,0.02733041,0.687151,-0.00063933525,-20.53047,0.032074813,0.48436597,22.978052,0.35138044,-5.811737,-2.394145,10.392697,1.4926863,-20.532888,-0.496024,-8.5857935,16.761757,0.010201672,0.0047954107,0.016244046,2.1645021,1.9693656,0.04555555,0.026293688,0.39699998,0.33567992,-51.248035,ans,Ses03F_script01_2,Ses03F_script01_2_F001
174,32.738644,0.07884502,31.158112,33.197117,34.717953,3.5598412,36.473335,34.539436,15.297119,7.4316096,0.19867459,0.5660017,0.087078676,0.17964382,0.30203733,0.21495865,2.1703513,1.0978197,1.5338887,0.8959895,0.041247584,0.73912376,26.797047,0.3910755,0.522886,20.778358,25.430754,0.62518644,-14.663494,-0.71646434,0.011958265,0.8188426,1.0083034,0.745905,8.302909,0.34190205,5.7019477,1.3326808,22.236465,0.31939745,532.5432,0.31336525,1345.8372,0.14737666,-91.21135,-1.0536652,1679.729,0.121741846,838.8094,0.5029792,-98.34465,-0.8808884,2690.8198,0.075665146,970.0486,0.42808172,-97.05959,-0.9051905,-14.950641,-0.37502256,20.457827,0.35254732,0.052323602,0.33857715,-0.017385818,-0.71523863,0.05546627,0.5257987,30.653688,0.25092882,1.0970769,9.131479,31.973392,0.51552325,-18.952694,-0.5163495,-9.981839,17.922874,0.019297393,0.0007140912,0.023450293,2.9498527,1.497006,0.372,0.28237563,0.272,0.20970453,-39.072235,o,Ses03F_script01_2,Ses03F_script01_2_M001
175,39.898582,0.089930005,36.677773,37.809605,44.605316,7.9275436,20.003016,13.558779,56.66784,0.0,0.09229815,0.41814417,0.05896844,0.08422256,0.1224269,0.06345846,0.84298754,0.5177175,0.43826455,0.288884,0.0128573,0.60085255,18.395761,0.47159293,-4.681009,-2.430834,9.699054,1.0408746,-9.747691,-0.9140639,0.013188054,0.7300841,1.2863145,0.38083816,6.5872636,0.40591007,-4.7049227,-2.8718216,13.609875,0.5445656,749.9992,0.20571856,1403.8729,0.14681749,-175.18553,-0.37759763,1699.195,0.09908826,1094.9729,0.17922,-169.64793,-0.4106552,2758.7498,0.07743012,895.9464,0.2025918,-171.37996,-0.38318902,-5.3798466,-0.82504994,20.969671,0.12921137,0.027215464,0.6458154,0.0026125049,3.9286692,0.025208224,0.31541407,26.76748,0.15581301,-19.424166,-0.48011944,-5.669207,-1.5142573,-18.834618,-0.3108975,-7.4514294,15.220486,0.0067459214,0.009776579,0.010577831,2.8938909,0.98039216,0.15333332,0.06798693,0.6325,0.58717006,-53.923676,o,Ses03F_script01_2,Ses03F_script01_2_F002
176,29.157785,0.11908019,26.712513,28.932716,32.442413,5.7299004,123.92732,142.65273,38.393154,39.542976,0.24601859,0.76303136,0.06159292,0.20912342,0.40715885,0.34556592,3.8892665,2.2058332,3.2656326,2.3164775,0.06326938,0.9574461,26.51819,0.44112414,-3.2286487,-3.9137535,21.522354,0.66856617,-11.291513,-1.070416,0.02661364,2.6342583,1.0922575,0.78171533,5.985814,0.5682718,4.2248836,1.7395391,21.847971,0.43305597,540.8537,0.3882566,1318.1964,0.17402074,-103.378716,-0.93150204,1591.9425,0.1483175,997.9894,0.36771828,-106.9912,-0.8422315,2625.5906,0.0974282,880.16675,0.3071247,-108.10158,-0.82267755,-13.14885,-0.496107,20.825603,0.3243701,0.047190532,0.43870854,-0.012798957,-1.079245,0.09800023,0.60338414,32.91094,0.23624735,-3.6551185,-3.7741048,25.05136,0.67897975,-14.249634,-1.0625176,-8.442664,16.04955,0.008189037,0.007171354,0.028393181,3.115578,1.7171718,0.28529412,0.26321805,0.2611111,0.3717808,-35.860874,q,Ses03F_script01_2,Ses03F_script01_2_M002
177,33.95697,0.0061638886,33.744865,34.03557,34.15914,0.41427612,6.9328547,1.6760111,4.023086,4.5084467,0.071579635,0.30767673,0.052419737,0.06453891,0.08948471,0.03706497,0.50579613,0.33535376,0.37440035,0.19882657,0.0098898085,0.34116605,21.537851,0.23754705,-3.0143647,-2.0208287,12.386526,0.46235627,-6.99176,-0.734743,0.018320983,0.9080211,1.0500582,0.49542344,5.724676,0.19019517,0.0054950803,744.08105,9.292534,0.7557109,725.55994,0.28737605,1287.0417,0.12018126,-185.47444,-0.27694422,1739.4675,0.1251881,1051.3638,0.1388836,-185.38083,-0.2694111,2663.577,0.10093867,984.05096,0.20356177,-185.46022,-0.26813048,-11.052652,-0.17988914,17.416784,0.2926986,-0.00581049,-1.6926086,0.0021230017,3.7105105,0.013096868,0.113405675,23.563051,0.1695251,-1.339602,-5.293292,16.709877,0.24259147,-3.2782943,-1.617507,-9.370923,19.138617,3.3171825e-06,0.010530153,0.009663988,4.029304,0.37313434,0.22,0.0,1.2149999,0.105,-57.18649,c,Ses03F_script01_2,Ses03F_script01_2_F003
178,29.159536,0.1914766,26.360828,28.2803,29.796017,3.4351883,134.03091,168.33612,15.388462,6.9536796,0.18124983,0.77299434,0.06470466,0.13849169,0.27944806,0.2147434,2.9082952,1.8583771,2.2723932,1.744387,0.040666234,1.0442497,25.015974,0.32881987,-1.9819607,-5.8688874,19.954277,0.88563275,-10.286009,-1.0681778,0.014864567,0.91216356,1.0079129,0.6946374,5.724284,0.49115434,7.0017786,1.3758339,20.924633,0.34480703,507.18848,0.34255257,1299.008,0.17605223,-118.306816,-0.7848217,1556.6375,0.13549146,897.8681,0.3415397,-115.68622,-0.76353586,2579.6553,0.094070345,895.36865,0.31240186,-115.97251,-0.75614727,-12.305437,-0.46416304,20.811039,0.25672382,0.025720535,0.6751554,-0.00876294,-1.3118647,0.063496284,0.5913097,29.157135,0.24849978,-2.597114,-5.767465,26.46564,0.85669386,-12.39975,-1.1920834,-10.36864,18.871086,0.0037338138,0.0054588676,0.021630129,3.3333333,2.6515152,0.16428572,0.16612019,0.19285715,0.26455972,-39.344902,q,Ses03F_script01_2,Ses03F_script01_2_M003
179,33.381054,0.27297598,21.08268,39.324387,40.59063,19.50795,112.062454,0.0,9.548703,0.0,0.10326076,0.666923,0.052279938,0.082787566,0.13929866,0.08701873,1.7073851,1.896443,0.85980034,0.5061247,0.019700518,0.8708392,29.330297,0.16537993,-7.2108483,-1.2809498,8.40203,1.300354,-12.4665165,-0.71054786,0.017025594,0.92519933,1.3886817,0.58987015,5.7282133,0.4606534,4.3815017,3.3611834,18.306387,0.28045818,494.14563,0.21234615,1266.7413,0.15944499,-172.66325,-0.38966048,1475.9082,0.13180426,1042.8242,0.26329494,-164.18091,-0.44593242,2533.1157,0.06148679,879.44037,0.32923138,-165.8903,-0.4190038,-9.088025,-0.5329033,22.863977,0.20710567,0.02255749,0.72545123,-0.0034674597,-4.4089212,0.04182514,0.6519032,30.263588,0.21616119,-14.165709,-0.70224744,1.982357,8.055039,-23.585049,-0.42306075,-11.171879,21.35381,0.009633043,0.0028111292,0.015091109,2.1390374,1.6574587,0.103333324,0.01699673,0.3575,0.38783854,-47.748768,ans,Ses03F_script01_2,Ses03F_script01_2_F004
180,27.583471,0.1939679,20.944927,29.911192,33.313255,12.368328,47.827374,0.0,-18.291664,0.0,0.12020757,1.2707179,0.047834143,0.051596303,0.15164605,0.103811905,2.568399,2.5012493,1.6090163,1.2081829,0.03442078,1.941241,28.645819,0.25759524,-1.7806697,-5.099871,10.79329,0.6650183,-13.588904,-0.839201,0.023949994,1.505407,1.324138,0.7610288,4.61218,0.61741775,1.1389265,6.922685,22.390923,0.38459897,659.2601,0.28362185,1311.8303,0.19180405,-175.14557,-0.3727744,1837.3021,0.19737263,1023.23944,0.5027176,-176.7546,-0.34159446,2793.715,0.10789979,871.92957,0.34704292,-176.7532,-0.34129715,-16.63037,-0.50342834,25.132402,0.36565188,0.047007628,0.44138122,-0.029244399,-0.6388903,0.11870845,0.80070394,35.69128,0.3648583,5.4845753,2.6556609,9.621027,1.003518,-32.37631,-0.47273985,-11.8737755,22.444723,0.003171501,0.00522697,0.022377968,1.1406845,0.7751938,0.16,0.04,0.7366666,0.09392668,-39.20435,q,Ses03F_script01_2,Ses03F_script01_2_M004
181,0.0,0.0,0.0,0.0,0.0,0.0,0.0,0.0,0.0,0.0,0.05642679,0.2505347,0.046666376,0.050738484,0.06399599,0.01732961,0.19400048,0.14997022,0.19125758,0.11524806,0.010013514,0.39006194,27.852423,0.14350732,-0.21362829,-17.254307,11.978166,0.6515852,-9.522144,-0.6201709,0.0,0.0,0.0,0.0,0.0,0.0,0.0,0.0,0.0,0.0,0.0,0.0,0.0,0.0,-201.0,0.0,0.0,0.0,0.0,0.0,-201.0,0.0,0.0,0.0,0.0,0.0,-201.0,0.0,0.0,0.0,0.0,0.0,0.0,0.0,0.0,0.0,0.0,0.0,0.0,0.0,0.0,0.0,0.0,0.0,0.0,0.0,-13.626357,24.868279,-0.0028701709,0.0057496806,0.010096117,1.4354068,0.0,0.0,0.0,2.03,0.0,-57.730923,q,Ses03F_script01_2,Ses03F_script01_2_F005
182,31.450645,0.23333506,24.97646,28.513222,38.57911,13.60265,842.1416,623.9705,39.18962,12.322496,0.15528508,0.67018485,0.04831499,0.14521435,0.2302769,0.18196191,1.5051161,0.88931686,1.6038425,0.49793997,0.028720831,0.9220532,15.992284,0.77177674,0.14747299,69.37586,20.876348,0.6047169,-9.552522,-0.7527265,0.020492714,0.5794666,1.1969813,0.4290995,4.826462,0.50729376,6.5654235,1.4067665,12.624162,0.81721234,647.9198,0.43758538,1233.7761,0.16571204,-159.0918,-0.4718306,1709.4141,0.118886836,742.2913,0.37160534,-159.35127,-0.4498561,2698.3381,0.07255331,849.0438,0.20734797,-157.96994,-0.4682202,-8.564635,-0.6503509,14.846439,0.4396626,0.028012495,0.73685575,-0.0070145098,-1.8532276,0.0551323,0.56618154,17.409605,0.6080114,3.7365243,2.7989519,31.030024,0.50959516,-11.769381,-0.78350973,-6.9099336,14.64165,0.0019144287,0.00932341,0.020987265,2.7237356,2.4,0.086666666,0.03815174,0.31,0.43627208,-44.2219,b,Ses03F_script01_2,Ses03F_script01_2_M005
183,34.07555,0.22991775,25.06113,38.349335,41.385403,16.324272,648.00543,699.4572,37.120903,12.589064,0.11664075,0.7237823,0.050262697,0.08279734,0.1773372,0.12707451,1.0449178,0.7425396,0.9700056,0.740222,0.01970326,1.0033326,19.6488,0.5688357,-2.633083,-4.074547,15.724318,0.75675154,-10.3222065,-0.7818428,0.019526958,0.5487372,1.1386806,0.38356522,5.0531425,0.5145258,7.7881684,1.1379501,14.013546,0.7212749,619.3595,0.31386164,1327.044,0.2052048,-175.75589,-0.35387075,1675.2378,0.09758476,859.3442,0.44728166,-171.86252,-0.36999643,2602.1584,0.06209501,963.398,0.3474326,-171.36076,-0.3768224,-8.208054,-0.59202266,14.907006,0.4156134,0.027079783,0.63701165,-0.0075554843,-1.6568378,0.045455135,0.62453145,17.425753,0.5852326,0.92223877,12.233817,27.557257,0.603693,-18.843538,-0.5379136,-7.7501903,16.675102,0.004597499,0.008576557,0.01489692,1.7699115,1.3422819,0.11,0.054160256,0.5257143,0.6563505,-47.06097,s,Ses03F_script01_2,Ses03F_script01_2_F006
184,25.062872,0.08124423,23.134964,24.819315,26.244741,3.1097775,32.377716,27.652218,31.61608,25.804817,0.13539612,1.0058748,0.04670607,0.05030918,0.23138385,0.18467778,2.1818025,1.2767996,1.8140563,1.1803839,0.025933292,1.057395,28.090712,0.22981456,-5.844876,-1.0692084,18.781588,0.71442205,-5.040729,-1.7597086,0.01355425,0.8058397,0.97456944,0.60440165,4.6868033,0.37985888,6.3567405,0.68213475,19.361328,0.41789073,547.8769,0.44383326,1344.6681,0.2053533,-139.14891,-0.64493984,1544.6045,0.10813496,913.6433,0.23815472,-140.32109,-0.61488664,2624.7444,0.09238053,930.4608,0.25305542,-140.8079,-0.60632104,-10.452902,-0.43206733,18.176575,0.35139456,0.031083517,0.52670246,-0.0044987374,-2.428196,0.05734005,0.3944358,34.854088,0.16388991,-10.903841,-0.6879381,28.618362,0.6268725,-0.13016057,-98.21395,-11.40703,21.577818,-6.7537585e-05,0.009002482,0.011618727,1.7421603,1.0638298,0.29333332,0.31846854,0.4675,0.45510298,-42.05569,o,Ses03F_script01_2,Ses03F_script01_2_M006
185,42.794846,0.0763343,41.942394,43.820457,45.010254,3.0678596,24.219645,9.351491,30.479528,20.997065,0.103456475,0.52340364,0.049178943,0.10096127,0.14739865,0.09821971,0.7502106,0.6506864,0.6879687,0.36271793,0.01861023,0.7333191,23.145407,0.34869304,-4.5629773,-2.143347,10.815411,0.97500837,-16.463997,-0.6358842,0.024867417,0.6382288,1.3551615,0.4167545,7.347867,0.3204974,9.568749,0.7431854,18.900618,0.4835287,814.3586,0.24069412,1353.9557,0.16525796,-146.66519,-0.5506208,1806.4839,0.12576264,1082.6477,0.29725978,-139.71063,-0.5787621,2799.0422,0.07693441,948.3632,0.36205164,-140.96213,-0.55994856,-10.144868,-0.5623682,21.251175,0.2528672,0.03142335,0.5000896,0.0008888966,12.52504,0.030317329,0.517991,24.22395,0.34535804,-7.5991745,-1.7649994,7.5994453,1.8662336,-23.165878,-0.42783082,-10.24495,19.378435,0.008820681,0.0041516344,0.01270532,2.4221454,2.617801,0.12066666,0.07672172,0.225625,0.2869662,-50.11328,o,Ses03F_script01_2,Ses03F_script01_2_F007
186,35.922794,0.12751715,32.778664,34.910675,37.07715,4.298485,93.65834,65.21207,-3.633833,33.37198,0.09207575,0.5202415,0.0519184,0.08575915,0.113824636,0.061906237,0.5249591,0.3216676,0.37472782,0.19908825,0.014823183,0.66334707,24.271969,0.34226778,-4.61651,-2.3583155,11.97753,0.69997066,-11.020293,-0.97388613,0.014806172,0.84688544,1.4623967,0.6462447,5.6400843,0.35593146,5.962771,1.9634292,17.962374,0.7230358,632.4134,0.3324959,1343.7383,0.1413256,-159.88417,-0.47084758,1661.1277,0.14070588,1192.1992,0.2638913,-157.27193,-0.47990346,2621.3765,0.124245994,1131.5728,0.3512506,-158.87582,-0.4568189,-8.059048,-1.1392522,21.49417,0.27722543,0.027549297,0.73733866,0.0050535975,3.8541229,0.02425999,0.4867752,28.560417,0.21612914,-12.364829,-1.3713795,8.114049,1.1347262,-10.563132,-1.2579738,-9.676501,19.4896,0.010200195,0.006248271,0.012189891,2.0930233,2.3529413,0.088,0.055099905,0.28727272,0.32232368,-51.723766,o,Ses03F_script01_2,Ses03F_script01_2_F008
187,38.851524,0.0013250372,38.81401,38.854362,38.88961,0.07559967,0.0,0.0,-0.042001087,0.0,0.053203445,0.15564921,0.04763385,0.05006335,0.056747675,0.009113826,0.10214664,0.073615216,0.077367686,0.059594117,0.008358051,0.31940544,25.509216,0.1733434,-0.18134587,-22.091528,13.5188,0.33274096,-11.690803,-0.49234068,0.01985761,0.0,1.1360631,0.0,6.3658557,0.04666393,18.616205,0.008931022,29.880352,0.038436543,776.5073,0.08744537,1319.965,0.018058164,-200.24173,-0.05616691,1955.6517,0.050346393,790.06055,0.059133124,-198.70575,-0.08270548,3297.0056,0.043769665,863.83875,0.058464322,-198.72179,-0.08199793,-13.567596,-0.073024504,19.246748,0.12716465,0.022122752,0.2263728,-0.0011444333,-0.32563993,0.011783374,0.019624375,29.615273,0.046304,-1.7183684,-0.4064017,23.099611,0.017646078,-30.011091,-0.045749776,-12.466265,22.3642,0.0017851008,0.008983811,0.008421223,3.0701754,0.44843048,0.02,0.0,1.09,0.17999999,-59.879868,s,Ses03F_script01_2,Ses03F_script01_2_F009
188,22.167582,0.04673673,21.262516,21.942282,23.249489,1.9869728,26.692055,0.0,8.038721,0.0,0.09220319,0.8132944,0.047648065,0.051380917,0.14227241,0.09462435,1.3833423,0.7536599,2.1595397,2.252544,0.015512785,1.0644017,26.316296,0.34029952,-3.1851258,-2.530044,17.499702,0.64484763,-10.781578,-0.6840361,0.019417817,0.68250054,1.1972191,0.45972615,2.8767958,0.5991,5.5146275,0.6245679,20.081415,0.4214023,454.88364,0.2734876,1287.2739,0.17491806,-160.16835,-0.5001511,1515.1349,0.12596068,943.62964,0.32816362,-163.42735,-0.45151213,2497.5461,0.06650325,973.71405,0.3623743,-163.44553,-0.45076236,-12.64189,-0.45288482,20.21648,0.3332946,0.035611432,0.3666617,-0.015024661,-0.6754074,0.0410324,0.53789973,37.818043,0.14774212,-9.886881,-1.1733744,27.885386,0.61849815,-12.579964,-0.86849916,-10.54373,19.863293,0.0027068309,0.009670326,0.009400507,1.7543861,0.71428573,0.26999998,0.14,0.7366666,0.32836294,-48.338108,q,Ses03F_script01_2,Ses03F_script01_2_M007
189,0.0,0.0,0.0,0.0,0.0,0.0,0.0,0.0,0.0,0.0,0.0648144,0.3362855,0.05051466,0.05803688,0.072352104,0.021837443,1.1679137,0.8349597,1.1809853,1.1768135,0.00992572,0.5789702,21.434652,0.26481804,-2.5033686,-1.868699,13.547786,0.48675233,-11.680973,-0.5485884,0.0,0.0,0.0,0.0,0.0,0.0,0.0,0.0,0.0,0.0,0.0,0.0,0.0,0.0,-201.0,0.0,0.0,0.0,0.0,0.0,-201.0,0.0,0.0,0.0,0.0,0.0,-201.0,0.0,0.0,0.0,0.0,0.0,0.0,0.0,0.0,0.0,0.0,0.0,0.0,0.0,0.0,0.0,0.0,0.0,0.0,0.0,-9.638924,18.815947,0.0024495993,0.009045932,0.009938347,2.647059,0.0,0.0,0.0,3.34,0.0,-58.621075,ans,Ses03F_script01_2,Ses03F_script01_2_F010
190,37.279945,0.014500478,36.522724,37.534775,37.599724,1.0769997,22.157373,26.0515,5.8829103,3.0971355,0.07318534,0.42690027,0.049265925,0.06310455,0.09171852,0.042452592,0.6533181,0.8605329,0.43217438,0.56858027,0.010104855,0.6001835,22.861258,0.28605556,-5.0484223,-1.3493305,12.004516,0.5201753,-9.959723,-0.6044635,0.011881416,1.0406288,1.3246089,0.56582844,6.8574405,0.2651966,0.318647,35.228798,15.518724,0.63703656,621.72754,0.29329708,1464.8921,0.14739932,-191.07225,-0.21784839,1569.3021,0.123385884,1286.9146,0.14350678,-187.2304,-0.25444907,2551.3674,0.0746797,1105.0767,0.24986817,-187.90965,-0.24077082,-7.8618207,-0.48282826,20.083622,0.22745302,0.030533481,0.5881643,0.007110683,1.6037383,0.02063212,0.43007836,28.374401,0.28386754,-15.052978,-1.0019845,6.006552,1.1541592,-15.133399,-0.566608,-9.194544,18.398264,0.004882813,0.009309704,0.0093235215,2.0028613,0.57636887,0.114999995,0.13124405,1.278,1.0075196,-56.794495,o,Ses03F_script01_2,Ses03F_script01_2_F011
191,34.92301,0.068147786,33.05489,36.354538,36.965485,3.910595,209.84637,0.0,69.02361,50.45194,0.05436931,0.19756761,0.048051566,0.05008028,0.058416013,0.010364447,0.27975583,0.18569069,0.1608577,0.076638766,0.00814023,0.2925792,27.362024,0.09229843,-4.7715373,-0.7791275,11.088205,0.3233761,-7.7551603,-0.66749483,0.015775839,0.32303718,1.1584088,0.18108088,5.2201376,0.1954936,-13.9556265,-0.32525924,9.590193,0.3303844,533.2482,0.20129347,1294.4036,0.10942821,-196.55714,-0.14398848,1560.4874,0.112647,1375.4397,0.19695929,-196.81451,-0.13554554,2401.178,0.11394253,1053.0171,0.21640106,-196.83118,-0.13509546,-15.370635,-0.10321509,21.304195,0.1555164,0.027021205,0.44032094,-0.014131941,-0.29038337,0.013023175,0.13803981,30.250837,0.037652873,-13.145811,-0.2490098,7.243449,0.83993334,-29.706594,-0.1301761,-11.343726,22.353752,0.0008202364,0.010178511,0.008027441,2.173913,0.21978024,0.089999996,0.0,2.215,1.0749999,-59.96657,o,Ses03F_script01_2,Ses03F_script01_2_F012
192,21.403612,0.15916388,18.834723,19.899847,25.006004,6.171282,539.4406,514.98456,106.193825,156.75053,0.0987396,0.64827174,0.048484195,0.06791714,0.15607424,0.10759005,1.2882044,0.77142596,0.8416158,0.5232959,0.020092573,0.9281783,29.043346,0.34824517,-2.6515977,-3.2407188,13.647262,0.76305145,-7.9952126,-1.2403549,0.020083519,0.75833946,1.1602547,0.92202383,3.0409718,0.53550965,5.462748,0.89103603,26.606909,0.3543782,592.0949,0.3675745,1354.1245,0.094035365,-155.841,-0.50774086,1622.2286,0.15681267,1112.7073,0.28182605,-158.7272,-0.4661481,2652.4016,0.1301543,990.716,0.38436323,-160.20543,-0.44571382,-15.837492,-0.34144858,25.273157,0.2894574,0.023225877,0.79041624,-0.012169665,-1.4062347,0.03927348,0.5247673,39.01217,0.20886487,1.1637405,7.822875,16.199884,0.7964529,-8.461401,-2.0207727,-10.514935,20.362762,0.0067566494,0.005008059,0.014611133,2.1126761,1.6627078,0.12857142,0.09553287,0.39499998,0.3905445,-46.745724,q,Ses03F_script01_2,Ses03F_script01_2_M008
193,37.31583,0.14099546,34.44081,37.64809,40.955173,6.5143623,162.24098,193.9062,17.417791,17.820427,0.1531643,0.7314963,0.056862004,0.10889263,0.2430526,0.1861906,1.7547066,1.3760729,1.1804038,0.63399297,0.031646118,1.0813931,22.802494,0.42929673,-8.65239,-1.6624664,10.95671,1.1736653,-13.8318205,-0.8069771,0.01909803,0.99151164,1.2986706,0.4237157,5.1835866,0.5965685,2.8470118,4.8659487,14.5900135,0.7068263,712.62695,0.31173238,1385.0216,0.14779647,-146.53902,-0.5808766,1715.809,0.1267787,1180.7549,0.30476037,-137.85919,-0.6227811,2672.3286,0.09159109,1085.9957,0.36938825,-139.2601,-0.6034933,-7.564895,-0.74537027,17.143597,0.3879937,0.03063603,0.7145922,-0.0024498315,-6.2788982,0.051649485,0.7539585,24.017353,0.38804114,-16.587814,-0.8153321,8.330635,1.9387513,-20.507174,-0.6162605,-8.724235,17.848614,0.008393572,0.007339672,0.022107352,1.7878428,2.2781775,0.1336842,0.07321277,0.25619048,0.36165592,-43.967594,ans,Ses03F_script01_2,Ses03F_script01_2_F013
194,34.7613,0.25450906,25.063019,37.8504,44.312653,19.249634,-5.2041435,48.04626,24.814892,0.0,0.20248182,0.66989154,0.07426103,0.17381638,0.32380536,0.24954432,1.9256613,1.6036186,1.5017228,0.9612984,0.046381474,1.034438,21.08983,0.61093485,-9.297431,-1.6347178,5.0513983,2.9537425,-12.735361,-0.677076,0.02223519,1.1136913,1.2677503,0.55260736,4.422987,0.6447897,5.8843427,1.8139337,19.26712,0.5593967,845.413,0.23268333,1361.6462,0.18605128,-145.12761,-0.58383226,1763.1237,0.10731246,1290.1519,0.33596757,-142.22235,-0.59812206,2776.1616,0.07945684,950.47943,0.19207925,-145.10449,-0.55681086,-5.8769574,-0.72952056,18.031206,0.34934348,0.031685933,0.4168822,0.0035651238,3.10487,0.0720798,0.6399462,26.63522,0.5028088,-17.75843,-0.6961077,1.2632422,14.336738,-15.15329,-0.6442391,-5.758674,15.138667,0.016961323,0.008306169,0.037415016,2.1978023,2.259887,0.125,0.053619027,0.29749998,0.3308606,-40.94121,c,Ses03F_script01_2,Ses03F_script01_2_M009
195,46.468975,0.07256273,44.42993,46.803173,48.422073,3.9921417,110.83036,25.047573,19.373325,24.955805,0.1888621,0.8488456,0.057214733,0.122169726,0.30545923,0.2482445,2.4988632,2.3105185,1.3245867,1.2845901,0.053024635,1.371087,22.024137,0.27073425,-15.957083,-1.0010568,2.6311476,4.975245,-15.159156,-0.792884,0.022154402,0.9628162,1.3598323,0.39446473,7.700712,0.45615178,8.357688,1.0221807,19.830574,0.45935377,775.43445,0.2935944,1349.5333,0.15065584,-151.33884,-0.5471081,1764.3893,0.12933883,1128.5153,0.18597148,-135.32355,-0.6390399,2781.7305,0.087047145,973.51196,0.33578038,-138.19774,-0.5970998,-6.5395494,-1.0304952,20.247099,0.31414354,0.05393304,0.41543666,0.0073046815,1.5676645,0.088240914,1.0000412,23.238432,0.26060814,-25.251856,-0.66804236,-5.433794,-2.5924382,-23.141249,-0.40806714,-7.463523,17.531385,0.01883296,0.0081026,0.032642473,2.0120726,2.2448978,0.14454545,0.21098743,0.306,0.4220474,-39.173008,s,Ses03F_script01_2,Ses03F_script01_2_F014
196,37.30979,0.30867007,28.017412,31.01462,52.50038,24.48297,817.85425,1122.5679,231.03062,243.98126,0.49001902,0.43385968,0.31336278,0.44322142,0.6449973,0.33163452,3.996024,2.4510064,2.5321167,0.9572416,0.15959379,0.64032954,21.25055,0.5724104,-20.264427,-0.76433,-0.06600116,-204.9922,-23.36066,-0.42067984,0.034700673,0.94281614,1.5138768,0.5973344,3.9632456,1.0975796,2.5656686,2.399389,15.900439,0.49526712,693.9123,0.3707233,1323.9869,0.14761512,-102.18677,-0.9230355,1634.8309,0.14383993,1178.2753,0.2687829,-94.174934,-0.93519855,2686.8643,0.07832567,965.283,0.3473447,-97.62444,-0.86411834,-7.5211368,-0.70385605,19.27224,0.29170105,0.04830348,0.379033,-0.010587841,-0.87258697,0.18988101,0.59530634,24.32359,0.5648767,-16.115358,-1.0301197,1.384512,10.76207,-23.125072,-0.35643533,-3.196702,13.809847,0.05155467,-0.0030347758,0.13134682,3.0674846,3.8216562,0.14,0.12754084,0.12,0.12409674,-31.84482,c,Ses03F_script01_2,Ses03F_script01_2_M010
197,41.87149,0.2551676,29.482815,44.580704,49.306248,19.823433,645.7677,884.2833,65.775475,50.382565,0.4209644,0.6066664,0.21322599,0.37730342,0.6247561,0.4115301,3.8401282,2.1551638,2.6035006,1.1351926,0.13743488,0.8361172,19.781933,0.59523964,-20.21319,-0.7993472,6.2188573,2.7231512,-23.206388,-0.44173908,0.033826336,1.078637,1.4804317,0.4552693,4.7629347,0.85135496,4.705539,1.9876297,15.856002,0.59430814,756.473,0.34435874,1386.8214,0.26116708,-96.76456,-0.9797232,1717.3508,0.15764692,1175.445,0.29051247,-83.44775,-1.0386156,2747.5566,0.08966676,955.3496,0.28237572,-86.76994,-0.95579463,-5.279532,-1.5061404,17.552994,0.3382404,0.049174722,0.45592222,0.0013511153,15.476502,0.16274586,0.7061881,19.155798,0.70840377,-21.401463,-0.79960173,2.7271583,6.104076,-25.33693,-0.37868696,-6.3098087,15.454301,0.031954028,-0.00054601324,0.10496927,2.7559056,4.016064,0.145,0.11698291,0.089999996,0.06616478,-32.84991,c,Ses03F_script01_2,Ses03F_script01_2_F015
198,45.711178,0.11116636,43.182983,45.862534,47.39627,4.2132874,122.46753,70.18586,50.195774,56.15395,0.30170768,0.87030536,0.11876453,0.22838417,0.43805632,0.3192918,3.5106335,2.2526226,2.7135448,2.5137444,0.09280041,1.1279843,20.817654,0.44914714,-17.329771,-0.90132993,6.3268685,2.5349936,-26.774786,-0.50798345,0.028242843,1.475513,1.376217,0.5086512,7.657846,0.43467334,8.757812,1.2909333,14.382815,0.840421,847.0028,0.2730906,1253.9343,0.20020045,-111.44319,-0.8275747,1829.9912,0.13011992,1068.7408,0.2850506,-94.982185,-0.9160202,2806.4521,0.09301686,948.97705,0.35863578,-96.69959,-0.8805596,-6.9507875,-0.81937236,17.115232,0.47364035,0.051479265,0.40484226,-0.001843505,-6.292514,0.13011184,0.83637786,20.922318,0.43042436,-22.684418,-0.68556565,0.9592856,18.726927,-31.867718,-0.37854683,-7.438278,15.697476,0.025492353,0.00043569005,0.035673056,2.479339,3.3333335,0.16166666,0.13930382,0.13380952,0.20915878,-33.363132,s,Ses03F_script01_2,Ses03F_script01_2_F016
199,39.225117,0.1240908,35.56841,38.309467,45.459198,9.890789,233.68478,319.42728,78.141075,71.47216,0.73949677,0.6861575,0.2108231,0.6112775,1.238129,1.027306,7.5361037,4.1883287,6.5853543,3.6195505,0.27567512,0.8719632,18.063087,0.6304379,-22.31559,-0.75917405,3.3825762,3.870658,-24.081942,-0.5857151,0.024698004,1.5603465,1.0369164,0.49633873,6.1121335,0.61560583,0.23787418,42.490364,12.481973,0.7735198,782.6967,0.33879682,1258.54,0.19876373,-99.597404,-0.95093185,1737.8485,0.15622887,1061.5074,0.2724243,-84.957054,-1.0739385,2772.3699,0.10430787,829.7716,0.28362915,-88.72553,-0.99405396,-3.3683357,-1.4125882,14.919939,0.4544055,0.061309893,0.3234523,-0.004441977,-2.4966254,0.37953952,0.591235,21.932589,0.43181965,-28.070345,-0.50461173,-0.81968087,-17.039892,-27.375381,-0.4685497,-0.48130363,8.479911,0.034856472,0.006074316,0.14409488,2.7559056,3.2258065,0.175,0.1768474,0.13285714,0.1262327,-25.36001,c,Ses03F_script01_2,Ses03F_script01_2_M011
200,43.573944,0.121703066,41.176636,45.377586,46.737362,5.560726,125.3202,127.15682,47.895386,42.670593,0.2231877,1.1302203,0.09252919,0.15113445,0.27111763,0.17858844,0.6221286,0.39214903,1.0768764,0.49959123,0.060728397,1.8875296,20.453035,0.39995736,-12.477078,-1.0344027,11.052378,1.245437,-23.879932,-0.5704555,0.025047971,0.6702029,1.3184428,0.39052537,6.363902,0.68857515,6.5902486,1.3729199,12.729103,0.9244517,819.27026,0.2708956,1309.8298,0.14853287,-138.20735,-0.61075026,1817.412,0.12710905,1158.8749,0.27365354,-128.61375,-0.64073724,2783.8923,0.06992806,895.0567,0.32514268,-128.7591,-0.6392203,-7.9178176,-0.90687656,18.132519,0.46116439,0.045533758,0.47830597,0.0043742405,2.815289,0.07658386,1.7593597,21.739292,0.3651642,-14.597762,-0.92154586,7.929246,1.8953001,-30.58566,-0.4459534,-6.6834702,14.498864,0.024017641,0.004802498,0.05179276,0.4376368,3.982301,0.09055555,0.072684415,0.14823529,0.1475779,-35.53164,o,Ses03F_script01_2,Ses03F_script01_2_F017
201,35.338078,0.17137778,27.572998,39.59129,40.83825,13.265251,523.2006,0.0,22.563911,25.811712,0.10787688,0.534016,0.055150244,0.09062381,0.15603268,0.10088244,1.1208544,0.818997,1.0295007,0.86684227,0.017626684,0.6406318,19.935322,0.5041919,-3.28641,-2.7982302,14.39446,0.9000607,-12.549943,-1.0352224,0.019908939,0.5939131,1.162658,0.41501424,5.8767385,0.42564288,11.823552,0.36729804,23.647194,0.33077523,741.1931,0.34328753,1303.2451,0.11451022,-180.63133,-0.31216866,1748.9285,0.17977102,1217.8494,0.29882327,-177.0177,-0.33404398,2753.522,0.06744815,900.51794,0.31274962,-177.17715,-0.3316538,-9.445596,-0.34123605,20.08111,0.3699572,0.011591018,1.3013042,-0.004408876,-2.6934068,0.032896176,0.4586441,28.390543,0.1978327,-8.056136,-0.66826123,9.584266,1.8431363,-23.224876,-0.970473,-7.18975,14.997604,-0.00023446765,0.0063352683,0.01567838,2.016129,1.234568,0.09666667,0.052493386,0.6933333,0.4309163,-50.231586,c,Ses03F_script01_2,Ses03F_script01_2_M012
202,39.009796,0.14535369,38.703022,41.543976,42.109932,3.40691,0.0,0.0,-1.0010167,0.0,0.07451012,0.3582286,0.053887505,0.064626575,0.09349883,0.03961133,0.451114,0.28601393,0.31399673,0.21500714,0.0111879,0.45136505,23.290417,0.28996256,-2.6470704,-2.532573,10.905005,0.6071536,-10.696659,-0.5875711,0.018530259,0.6030089,1.4288412,0.46743667,4.8754096,0.25429413,-1.2118018,-7.6350045,16.189383,0.56701005,710.6646,0.24363534,1428.6136,0.12080198,-188.51396,-0.22974098,1686.8439,0.115224876,1392.1788,0.29162186,-183.303,-0.28199396,2642.7415,0.16242817,1184.9855,0.3131262,-183.69077,-0.2755958,-8.563242,-0.32241747,16.198034,0.33744395,0.025315873,0.6297414,-0.0014739742,-4.7221036,0.016248612,0.3092785,24.58239,0.15468028,-12.360899,-0.24507117,2.7080874,1.985398,-19.143494,-0.3583388,-10.412238,19.875792,0.006123764,0.008298753,0.010895368,3.5928144,1.2345679,0.065,0.044999998,0.48,0.24385788,-56.53898,c,Ses03F_script01_2,Ses03F_script01_2_F018
203,43.33434,0.08965881,41.16312,43.936485,46.27739,5.1142693,34.492264,22.894701,51.99853,11.263934,0.16058968,0.7305548,0.0558194,0.13124895,0.23090136,0.17508197,2.3021288,1.9510299,1.5186173,0.8326258,0.043049816,1.0347959,24.150839,0.31967872,-9.134406,-1.095411,6.207415,2.5512636,-25.7565,-0.63025695,0.03350669,0.8748006,1.4098873,0.42687917,6.5812545,0.6801388,7.8501625,1.2883822,21.093212,0.58349407,842.1524,0.23491262,1348.6337,0.23178051,-137.41376,-0.64775705,1817.2831,0.14340179,1251.8741,0.33135524,-131.9386,-0.634551,2841.8528,0.08281247,914.4654,0.3640968,-133.04099,-0.61754864,-9.64008,-0.7181485,24.373667,0.26223847,0.04909539,0.5312556,-0.003872017,-2.7669206,0.07041822,0.6496031,25.995087,0.23718356,-13.574196,-0.79627407,-1.1729416,-17.343636,-38.44117,-0.3727133,-9.230435,19.340794,0.01886595,0.004107564,0.021412918,2.6041667,3.2,0.10833333,0.10714736,0.18416665,0.21677402,-41.272034,o,Ses03F_script01_2,Ses03F_script01_2_F019
204,32.003815,0.14343625,28.241858,32.536484,36.365498,8.12364,120.39244,72.34966,31.217255,44.56015,0.29611126,0.8520996,0.053507112,0.21843326,0.57597655,0.52246946,3.9244964,1.8273,2.7163045,1.5812216,0.07752739,1.0849636,24.47333,0.33041748,-5.860141,-1.550933,12.143909,1.0456038,-28.018707,-0.8086681,0.025497682,1.601739,1.0821215,0.66442424,5.579376,0.6388601,3.5448253,2.6679947,12.479398,0.80770105,665.9317,0.3831828,1218.7742,0.14589977,-127.48309,-0.7452618,1820.1383,0.19548327,739.8683,0.5426555,-123.29754,-0.7345745,2800.295,0.112691574,912.7361,0.47686544,-122.47969,-0.747758,-9.305443,-0.6512234,17.33197,0.4138189,0.0583833,0.35998544,-0.023745935,-0.8944825,0.14072931,0.59779465,26.220118,0.28446487,-7.8415422,-1.4861431,13.327809,1.3952018,-39.980526,-0.6019688,-8.837638,18.280407,0.015894892,-0.001670512,0.037251107,2.1052632,2.142857,0.17999999,0.16763054,0.26666665,0.2961231,-34.072536,q,Ses03F_script01_2,Ses03F_script01_2_M013
205,31.766466,0.037418168,30.475782,31.893166,32.939182,2.4634,28.741201,0.0,-18.920263,0.0,0.09105764,1.3067628,0.048507646,0.04975106,0.060457516,0.011949871,0.32910433,0.22931129,0.9920306,0.0,0.019584171,1.8638917,28.444859,0.153987,-6.9799104,-0.5761345,7.4931116,0.9590928,-9.732714,-0.8056388,0.015600911,0.6619164,1.2269613,0.3909335,4.3262105,0.22887307,-3.4793894,-0.9074084,23.465971,0.10397178,494.48904,0.23944202,1435.8414,0.12900135,-182.0873,-0.30979687,1443.2277,0.10413436,1087.7568,0.057805028,-180.85951,-0.32062495,2702.9434,0.042157277,949.1746,0.14891931,-183.23792,-0.27915403,-5.853414,-0.3792972,27.20894,0.112467505,0.03881923,0.4307073,-0.0123272985,-0.2815627,0.1227377,0.29901132,38.72357,0.057167865,-13.876503,-0.51370054,-10.016606,-0.36897016,-28.831915,-0.21086058,-9.792922,22.382404,-0.00051152275,0.012727217,0.008490635,0.61728394,0.6369427,0.14999999,0.0,0.695,0.024999999,-43.448307,q,Ses03F_script01_2,Ses03F_script01_2_M014
206,30.163282,0.13831665,27.262278,28.377436,31.440474,4.178196,309.80484,286.5427,1.7246352,4.034821,0.23926283,1.072201,0.04965949,0.09243048,0.5043165,0.45465702,2.8859305,2.4570692,3.7752306,1.7509304,0.061519537,1.3472774,25.55932,0.2728067,-7.377108,-1.129549,13.092418,1.06086,-22.383219,-0.92113453,0.020327425,1.4158611,1.1182321,0.7339731,4.7117677,0.7281751,3.2154377,2.19299,14.19573,0.6163301,618.2248,0.4029124,1272.254,0.15979195,-134.81415,-0.70132923,1740.9708,0.18322547,889.01575,0.41439462,-132.49875,-0.68596894,2723.6094,0.10587666,769.3757,0.28069928,-131.68417,-0.69825536,-9.336626,-0.4847307,15.871987,0.3720898,0.054771677,0.2599671,-0.027588021,-0.5362815,0.14376375,0.5986881,28.290752,0.2257594,-9.343943,-1.3342948,19.404736,1.0655702,-40.522545,-0.48156163,-8.739401,19.689041,0.006193485,0.0064178696,0.017551927,1.388889,0.7067138,0.49499997,0.035,0.89,0.16,-34.464283,q,Ses03F_script01_2,Ses03F_script01_2_M015
207,39.662037,0.031232273,38.650116,39.055782,41.40606,2.7559433,11.486054,0.0,11.170668,7.7138944,0.061659865,0.32656616,0.047720864,0.050999783,0.07678974,0.029068872,0.37436217,0.2201957,0.3521126,0.25852913,0.008731998,0.31266204,26.631067,0.09706841,-6.7267103,-0.86174387,12.202654,0.5234722,-10.867685,-0.6030798,0.013080001,0.61503005,1.3059788,0.25032163,6.949718,0.18582682,13.161188,0.8215651,19.4556,0.6443302,714.92615,0.2982299,1361.4259,0.11440999,-187.13715,-0.25158554,1726.3212,0.14350742,1063.532,0.17726596,-178.48552,-0.32495475,2774.1985,0.06516985,1130.513,0.6425923,-179.28455,-0.31192544,-8.104083,-0.7730492,20.867508,0.3413297,0.034208942,0.48621413,0.005217772,1.5471909,0.012770424,0.21150744,28.07949,0.11327913,-12.308611,-0.7445543,12.248699,1.1725333,-19.325563,-0.35873175,-10.225352,21.167433,0.0034219578,0.010541964,0.008284936,2.419355,1.234568,0.086666666,0.00942809,0.525,0.3871369,-58.530987,ans,Ses03F_script01_2,Ses03F_script01_2_F020
208,26.387342,0.1275567,23.084343,27.50785,29.315327,6.2309837,9.666431,59.367374,26.050163,1.0180826,0.11795267,0.9943611,0.0481269,0.05046362,0.17897364,0.13084674,1.9652537,1.6632576,1.9442003,0.7812464,0.025127146,1.3134508,23.254757,0.46061394,-3.3677342,-1.8855332,23.408703,0.75100285,-9.723934,-0.8197611,0.017963093,0.5223519,1.6076958,0.45855874,3.833822,0.33624285,-2.3518066,-2.513846,16.580608,0.44422796,493.1186,0.5216968,1219.6497,0.16435017,-164.47801,-0.4517923,1599.4698,0.14675783,834.8503,0.6389846,-165.14288,-0.4207977,2555.681,0.07691819,1015.73,0.5389826,-163.8885,-0.43943802,-10.018498,-0.5290315,15.069056,0.37188718,0.04293361,0.6044314,-0.0072409525,-1.5938516,0.07142487,0.62864417,24.526836,0.34058568,-2.2071788,-3.6124227,47.1047,0.25857458,-15.916896,-0.70525634,-8.964457,18.7848,0.0033572172,0.01071021,0.014418354,1.8181819,1.4814814,0.122499995,0.054025456,0.424,0.36224854,-43.861332,s,Ses03F_script01_2,Ses03F_script01_2_M016
209,31.108734,0.13469106,27.48208,32.561726,34.178905,6.696825,192.20146,142.47649,101.97665,56.412315,0.30641818,1.0494671,0.04803482,0.17014974,0.5513822,0.50334734,6.7164407,4.003153,4.848462,1.9265188,0.10805433,1.3304973,27.750576,0.17639339,-11.246383,-0.9462215,10.323363,0.6691006,-16.33191,-0.6794101,0.06833453,1.4316669,1.835104,0.59562075,3.0979533,1.0893086,0.479101,15.938358,12.678356,0.8284018,583.91003,0.44176105,1157.8887,0.14140038,-135.59412,-0.6662682,1655.5431,0.21436186,977.71576,0.31863028,-132.92477,-0.673914,2635.7612,0.10798302,820.2855,0.3251311,-133.58258,-0.6631001,-10.210384,-0.42455104,19.20905,0.2529797,0.042639427,0.56909496,-0.016553508,-0.6840378,0.23094472,0.6475986,30.920849,0.16083102,-18.084953,-0.7334503,7.1014977,1.2880224,-25.787037,-0.36991206,-10.250746,19.776827,0.007829051,0.0038277742,0.044089932,2.6041667,1.6042781,0.21,0.089814626,0.2925,0.34816483,-31.681635,s,Ses03F_script01_2,Ses03F_script01_2_F021
210,31.108734,0.13469106,27.48208,32.561726,34.178905,6.696825,192.20146,142.47649,101.97665,56.412315,0.29728705,1.0292006,0.051501043,0.16062924,0.5432785,0.49177748,5.237694,3.391987,4.4730825,2.656927,0.10117992,1.3683827,24.525194,0.3375075,-13.130515,-0.76683736,11.635136,0.62789464,-16.525412,-0.63222367,0.06833453,1.4316669,1.835104,0.59562075,3.0979533,1.0893086,0.479101,15.938358,12.678356,0.8284018,583.91003,0.44176105,1157.8887,0.14140038,-142.10217,-0.61882824,1655.5431,0.21436186,977.71576,0.31863028,-139.50209,-0.6271273,2635.7612,0.10798302,820.2855,0.3251311,-140.09634,-0.61753744,-10.210384,-0.42455104,19.20905,0.2529797,0.042639427,0.56909496,-0.016553508,-0.6840378,0.23094472,0.6475986,30.920849,0.16083102,-18.084953,-0.7334503,7.1014977,1.2880224,-25.787037,-0.36991206,-6.8488526,15.280795,0.009760848,0.0058497908,0.04327399,3.301887,1.4492754,0.21,0.089814626,0.3425,0.23123309,-32.10601,q,Ses03F_script01_2,Ses03F_script01_2_M017
211,33.873077,0.07842386,30.964466,34.814228,36.372143,5.4076767,78.73175,117.87414,31.610271,11.449743,0.45764458,1.1008652,0.054486874,0.25375628,0.78049237,0.7260055,10.040364,7.120845,5.3480983,2.4648771,0.16545022,1.2469319,23.728098,0.3738795,-11.258563,-1.232419,20.463692,0.9410004,-19.322638,-0.68781996,0.026871216,1.3736488,1.1530453,0.7190549,4.4250603,0.67499,0.6151189,15.131379,12.944394,0.74515265,609.49365,0.4425759,1266.1245,0.18964985,-127.990425,-0.7132,1656.2043,0.16552791,930.74615,0.34545702,-115.00393,-0.79298025,2711.1064,0.08279651,880.81757,0.33236194,-115.223114,-0.7902156,-5.974728,-0.964272,15.199347,0.53903556,0.060377017,0.46782306,-0.014431032,-0.996825,0.3235392,0.65751106,26.940268,0.31881762,-18.673586,-0.8644307,19.410112,1.1558915,-27.069353,-0.5323203,-7.7090044,16.206709,0.00843014,0.0066819806,0.03955617,2.1052632,2.142857,0.20166665,0.10776775,0.20857143,0.2546386,-28.080124,q,Ses03F_script01_2,Ses03F_script01_2_M018
212,35.75307,0.06633395,33.675724,35.058056,37.775944,4.1002197,37.629982,13.9721575,22.710608,21.187082,0.14915068,0.9913207,0.05674319,0.067900285,0.24427877,0.18753558,2.3489716,1.5767605,2.5187304,1.5566349,0.03310931,1.2740082,25.98812,0.29690033,-1.8938106,-4.063476,17.25382,0.59578097,-9.648882,-1.1176699,0.01627506,1.0525686,0.99645984,0.5565735,9.224944,0.19949725,6.4330935,1.1968392,20.785004,0.43667915,580.95386,0.27545032,1482.6205,0.16810788,-147.44292,-0.5714533,1671.8488,0.11101555,1028.3685,0.2347274,-146.09651,-0.55561554,2652.1497,0.09345227,1045.288,0.2337762,-147.09128,-0.5414742,-13.879022,-0.38556004,22.696701,0.30709538,0.03537479,0.54043907,-0.015946306,-0.61350846,0.08144913,0.5874006,31.915554,0.2690959,-3.8486416,-3.1959124,19.81088,0.85828185,-17.77442,-0.78014565,-11.061163,19.97965,-0.00036682768,0.007517092,0.012309855,1.7964072,0.9118541,0.32666668,0.14884742,0.56,0.6002916,-39.271713,q,Ses04M_script01_2,Ses04M_script01_2_F000
213,28.573948,0.11935498,26.53282,29.267733,31.205193,4.672373,158.04503,97.15984,49.177975,14.4472275,0.10283375,0.5154407,0.053522866,0.09344218,0.15158986,0.098066986,0.66960484,0.37499362,0.7107152,0.38933313,0.020561425,0.6352461,30.611065,0.20909265,-1.4865173,-6.4246492,13.8120575,0.6539306,-12.681818,-0.5502045,0.04137961,1.8485404,1.4317224,0.4442901,4.027713,0.5612296,5.8763433,0.8657439,26.577219,0.27307478,682.35724,0.29716226,1393.1716,0.12683086,-155.22574,-0.50965244,1741.1672,0.15471613,1207.844,0.25985414,-158.86412,-0.45411345,2765.8418,0.11013483,943.31946,0.2344717,-159.74736,-0.44199464,-17.892868,-0.2952942,26.907068,0.2454166,0.017793804,0.89631706,-0.015757073,-0.5975583,0.028565267,0.38211578,36.89698,0.13079335,2.2474813,4.2511787,14.526924,0.81376064,-15.8571205,-0.60443336,-12.915811,22.002047,0.011260974,-0.00053852587,0.018480394,2.074689,1.6949153,0.1325,0.09705024,0.4375,0.30408674,-48.804714,q,Ses04M_script01_2,Ses04M_script01_2_M001
214,37.028847,0.10216529,33.176006,36.8615,40.36103,7.1850243,40.463306,24.151926,40.45888,36.87,0.3006188,0.8446358,0.05643076,0.22501567,0.47954226,0.4231115,4.4171243,3.3979163,3.126188,2.2282825,0.09126569,1.1252589,24.915443,0.39511168,-2.0410943,-6.5797873,17.199085,1.0249963,-17.314611,-1.1278498,0.0276025,1.2438322,0.85170424,0.60379994,8.505356,0.3705047,6.0259933,1.6403004,18.216488,0.44278538,689.9492,0.31067652,1369.8295,0.13653725,-98.34565,-0.9296751,1741.1318,0.11058674,1046.192,0.3775718,-96.145134,-0.8756322,2750.0427,0.09404053,951.39624,0.3182611,-97.260254,-0.8561689,-12.899666,-0.47433132,21.97761,0.3256001,0.04249561,0.5066676,-0.012826794,-1.1082915,0.1287968,0.80175835,26.496748,0.3523753,-4.8898597,-3.0210228,17.676935,1.1158793,-22.769657,-0.99682814,-11.711079,21.198488,0.011383546,0.0023449834,0.039112486,2.910053,2.144772,0.265,0.116189495,0.16,0.28836703,-32.318363,q,Ses04M_script01_2,Ses04M_script01_2_F002
215,34.925,0.10551187,32.040207,33.246113,39.42728,7.3870735,27.109623,15.78898,42.346424,26.381632,0.23059985,1.099291,0.059816156,0.15320972,0.2693551,0.20953894,3.9296951,3.4597757,2.7007203,3.0998623,0.07402509,1.4491767,27.21104,0.30920246,-1.2186149,-10.550815,20.937656,0.95272636,-14.245463,-1.2858691,0.027891083,0.9973227,1.0948207,0.46547148,6.5379043,0.3443041,6.8278823,1.6163014,22.165068,0.32568404,641.0889,0.31076664,1396.4172,0.1429777,-115.83404,-0.80226487,1707.6871,0.1249319,1127.1112,0.34573513,-113.70394,-0.7563875,2700.2698,0.09480721,1024.2927,0.3698626,-114.73547,-0.73972476,-13.795381,-0.39055577,23.180307,0.25484568,0.03167838,0.6908001,-0.0131373685,-1.0414451,0.11887162,1.048138,29.882175,0.2775763,-3.4367955,-4.3509445,17.72271,1.3035039,-20.032238,-1.1824757,-12.366914,20.482847,0.010444965,0.0026324799,0.033544067,1.5151515,2.1538463,0.21714285,0.08547586,0.2242857,0.25308704,-33.862328,ans,Ses04M_script01_2,Ses04M_script01_2_M002
216,29.402596,0.12640354,25.928928,29.951576,32.49279,6.563862,261.96207,264.67398,29.018778,11.269934,0.09765141,0.5620656,0.051917773,0.07815936,0.14016758,0.0882498,0.6719463,0.37906113,0.53602195,0.28357014,0.023222016,0.9083313,30.262365,0.21550466,-1.1044009,-7.072353,21.058043,0.58328485,-11.494088,-0.84763455,0.016751437,0.7436541,1.1049067,0.5088134,4.9840403,0.5231699,2.3611598,4.024458,22.724134,0.32519642,656.00616,0.33475938,1423.6465,0.112949274,-161.11256,-0.4684349,1782.2521,0.13495448,1067.5155,0.338424,-163.0635,-0.43065923,2731.7214,0.10692009,1064.4402,0.32334307,-163.06337,-0.4308778,-16.006195,-0.20666003,23.196615,0.1967189,0.029660072,0.51547086,-0.011156528,-0.9647048,0.037299957,0.48748326,35.40799,0.12569514,0.93867904,6.740422,27.45314,0.6800009,-15.663299,-0.68869424,-13.817069,21.953987,0.005382646,0.0006804993,0.019721672,2.0576134,1.2474012,0.16166666,0.1916087,0.53,0.47880805,-46.303535,c,Ses04M_script01_2,Ses04M_script01_2_M004
217,34.38511,0.106659465,32.553192,34.610497,36.56675,4.0135574,196.00647,171.1369,8.393624,15.355447,0.1370587,0.99927986,0.050915245,0.06780321,0.2065582,0.15564296,1.0598366,0.576502,2.3974123,2.173071,0.032053325,1.5462112,30.602827,0.21620171,-1.827534,-6.3459053,16.308313,0.5400229,-7.340649,-1.6312863,0.04477557,1.9742478,1.0828621,0.7748443,8.841356,0.44635105,7.8693714,1.1088612,25.837505,0.42147964,632.76733,0.32061273,1498.2141,0.107859775,-142.19975,-0.5959479,1690.877,0.10390975,1130.5038,0.30953035,-138.1711,-0.6046195,2797.8123,0.0883696,1278.9404,0.45328996,-141.87894,-0.5546593,-16.628906,-0.5293945,28.45005,0.3236748,0.029960725,0.53668267,-0.008076534,-1.2368404,0.06840447,1.0204889,35.981678,0.17497067,0.19017398,88.542305,16.564535,0.7988632,-7.574532,-2.346873,-12.050529,21.198341,0.0007345499,0.009169437,0.013084585,1.0600708,1.0791367,0.31666666,0.23342855,0.5833333,0.34874377,-39.77581,c,Ses04M_script01_2,Ses04M_script01_2_F004
218,28.750504,0.087074675,27.09304,27.855463,30.000946,2.9079056,47.782955,35.806282,-8.779579,10.971522,0.09920236,0.62243855,0.052790835,0.07519281,0.13018456,0.077393726,1.7287407,0.82718056,1.6224645,1.801998,0.020032462,1.0431638,28.669102,0.24327122,-2.5121,-3.1641328,23.46581,0.5124952,-6.5343747,-1.1768641,0.017001484,0.76725435,1.211677,0.4548783,5.098986,0.43277025,5.1656165,1.0178818,20.306765,0.26483893,548.6827,0.36020026,1375.224,0.119867675,-137.52744,-0.63726175,1629.6005,0.13241686,1006.5054,0.2567626,-138.66467,-0.5992111,2565.6755,0.09058173,990.21265,0.21751872,-138.14752,-0.606677,-13.490111,-0.3017037,19.729136,0.2455136,0.021343017,0.97148347,-0.0014066763,-5.5475917,0.030153465,0.7859731,31.450424,0.25173196,-3.4011614,-3.0646267,32.725124,0.42161357,-6.770264,-1.2645571,-12.7853,20.468733,0.006266956,0.0058114124,0.014335519,2.0576134,1.2605042,0.26666665,0.2651205,0.3775,0.31035262,-47.06495,q,Ses04M_script01_2,Ses04M_script01_2_M005
219,35.293053,0.06871114,32.319763,36.065243,37.429,5.1092377,80.490326,105.49678,22.709646,10.989508,0.1955292,1.1447867,0.051120818,0.074802876,0.30307412,0.2519533,5.437675,4.5725503,3.0744383,1.865457,0.06626608,1.6703874,28.264662,0.3324201,-6.414814,-1.890634,12.523771,0.77380884,-11.254703,-0.7950115,0.013979626,1.1577808,1.1700796,0.5913538,6.023738,0.5422323,-2.82028,-2.909999,13.800357,0.538389,583.08307,0.22841209,1388.5443,0.12821968,-153.41222,-0.536977,1580.0532,0.110230856,1050.1993,0.1733202,-152.51538,-0.534878,2652.2178,0.07147214,1008.2553,0.45042473,-154.57784,-0.50412977,-8.634742,-0.4943128,19.805367,0.24082884,0.03914178,0.42221388,-0.01346999,-0.921675,0.19486576,0.8144129,33.043694,0.1855693,-22.673218,-0.4759877,2.7228723,4.2916284,-19.656803,-0.5096721,-13.409648,22.61398,0.0018377722,0.0013246392,0.025103137,2.5000002,1.2765958,0.18666665,0.12391753,0.42999998,0.3947784,-35.55333,ans,Ses04M_script01_2,Ses04M_script01_2_F005
220,25.763021,0.030329958,24.901588,25.636497,26.680462,1.7788734,23.271137,0.0,2.678903,8.654446,0.0741123,0.56171,0.049195807,0.052246284,0.09425711,0.0450613,0.35068062,0.31172332,0.22985351,0.18779227,0.015145168,0.6695224,28.4001,0.23999701,-0.6284684,-10.945809,13.200141,0.4101298,-11.06749,-0.97199243,0.017428668,0.36207846,1.2990661,0.41120937,2.4350789,0.41397694,-4.6600924,-1.144859,16.163511,0.30023977,648.9175,0.29742888,1355.4736,0.14649394,-184.8859,-0.29105082,1726.7941,0.19801556,1110.1388,0.1584158,-185.22617,-0.27761683,2648.0312,0.08221398,926.01746,0.31042048,-185.52496,-0.27173325,-15.520659,-0.23298782,24.315811,0.20592386,0.04826125,0.29710048,-0.025706775,-0.46177363,0.037537795,0.22059906,30.702122,0.22447102,1.3867817,4.022822,4.469829,0.7716915,-31.964352,-0.18321587,-13.879075,24.33819,-0.00018140579,0.0050172657,0.013240821,1.4134276,0.35971224,0.22,0.0,1.265,0.49499997,-52.17755,q,Ses04M_script01_2,Ses04M_script01_2_M006
221,31.765078,0.06789644,31.616165,32.285572,32.851555,1.2353897,109.028694,91.99268,16.129827,6.5078397,0.08346359,0.7388249,0.048078336,0.05097857,0.104864314,0.05678598,0.6773557,0.42872804,0.68790233,0.33600467,0.01445074,0.8815148,28.834227,0.27711663,0.25228724,35.874954,14.447044,0.4555435,-8.201301,-0.9506355,0.045284383,2.3301475,1.4133241,0.8071144,8.153484,0.30224058,8.774705,0.5518533,29.38107,0.2570123,705.7976,0.21869814,1393.248,0.11771237,-155.63666,-0.5018295,1698.0531,0.10879744,1244.2336,0.30776498,-158.17618,-0.46108618,2826.29,0.08256594,849.5891,0.36813322,-160.18085,-0.43320358,-18.07923,-0.33865243,30.024029,0.25035694,0.0157192,0.8919259,-0.0095964065,-1.1553149,0.028046547,0.42430758,38.294796,0.18855871,3.268755,3.955674,14.489501,0.63400865,-13.283596,-0.8057085,-12.408268,21.27079,0.0018361774,0.008142996,0.008836124,1.2195122,1.552795,0.148,0.086116195,0.47599998,0.68567044,-47.84342,c,Ses04M_script01_2,Ses04M_script01_2_F007
222,28.561735,0.09670491,27.562307,28.137829,31.695478,4.133171,-40.536564,0.0,11.442416,0.0,0.1324811,0.6244975,0.06996325,0.09696214,0.22600085,0.1560376,0.7203902,0.41136545,0.54271364,0.4532567,0.023622267,0.7131366,25.813223,0.45095006,0.14254694,92.79067,19.940847,0.42198455,-7.951216,-1.0211393,0.016621605,1.0935392,1.0750055,0.54434115,5.391771,0.47141743,3.963594,1.9602811,22.146753,0.32222736,557.40265,0.31954548,1340.4899,0.13983175,-128.20007,-0.70832145,1558.1434,0.15269029,1066.2626,0.2080336,-129.79634,-0.66606265,2644.2437,0.08456554,923.9939,0.4047776,-132.13103,-0.63184726,-12.966253,-0.5155597,21.483414,0.34225234,0.022858223,0.7169167,-0.0012944028,-8.175179,0.039882742,0.41745684,37.43022,0.18246719,-6.344816,-2.2132049,18.851662,0.35476777,-10.453444,-0.95701784,-10.675145,16.984642,0.0061886474,0.0071098697,0.013948482,2.8735633,1.775148,0.21,0.22686265,0.24749999,0.16422164,-45.118614,c,Ses04M_script01_2,Ses04M_script01_2_M008
223,36.857502,0.0642717,34.134594,37.053772,38.889027,4.7544327,29.86316,36.624447,30.077097,10.694868,0.27124682,0.8831019,0.054360196,0.23575497,0.42314523,0.36878502,3.8280134,2.4884007,2.9416244,1.2223798,0.076102555,1.1128649,20.260254,0.7393798,-0.57123536,-26.01705,14.2998705,1.1638367,-12.60033,-1.1008483,0.017876485,1.1085534,0.80202186,0.6837022,9.078298,0.32069224,7.246913,1.3906652,19.778118,0.53129804,624.55707,0.43814862,1354.4271,0.13975744,-144.15176,-0.5898653,1660.0558,0.1612154,1011.86145,0.34916747,-131.17445,-0.65587455,2700.858,0.1232465,1041.55,0.36684904,-133.28757,-0.6244371,-11.354189,-0.701593,22.297161,0.3663601,0.03547676,0.7131913,-0.005550595,-2.2159035,0.14725468,0.6246427,26.254374,0.49534798,-5.7292295,-3.1497808,16.351944,1.2898934,-19.60043,-0.85209244,-6.9115644,16.013802,0.0042408817,0.009273239,0.033246767,1.897019,1.6483517,0.22333333,0.12565385,0.31,0.38851362,-33.7165,o,Ses04M_script01_2,Ses04M_script01_2_F008
224,29.860567,0.14694327,24.889172,29.72777,35.522453,10.633282,75.38045,49.484978,66.89878,113.46097,0.08660004,0.6066494,0.050365884,0.07195339,0.11296785,0.06260197,2.9177778,2.044613,0.4594316,0.32285324,0.018490218,1.1061244,27.893362,0.24703828,-1.9201238,-3.0527327,19.09899,0.64329886,-9.212942,-0.88740665,0.015319437,0.5552202,1.3014586,0.5732416,4.4067,0.60294795,12.310894,0.7487729,26.374256,0.20026751,638.26196,0.24161433,1437.8157,0.09909839,-180.41586,-0.29628843,1779.4913,0.103420585,1028.0459,0.30113623,-181.1498,-0.2749598,2678.3445,0.10664708,983.158,0.3134839,-181.3116,-0.27314684,-14.340836,-0.30529234,22.386806,0.21591973,0.024748227,0.808597,-0.0005257701,-14.913769,0.028432328,0.3934534,32.31733,0.23088633,0.25420472,21.7406,29.798141,0.5402196,-9.18357,-1.4464936,-12.265509,21.608795,0.0075545637,0.0047658817,0.015014103,0.7968128,2.4489796,0.035,0.018929694,0.30142856,0.37881127,-47.70289,o,Ses04M_script01_2,Ses04M_script01_2_M009
225,40.355145,0.10411877,36.29262,40.068703,44.647533,8.354912,43.11612,13.877479,19.034891,20.228512,0.35113043,0.7576943,0.11065833,0.2960533,0.5434401,0.43278176,5.4032993,2.7336876,4.2114544,2.266548,0.11537917,0.9664579,22.613956,0.5919776,-4.8148165,-3.297674,12.430775,1.4354463,-22.380136,-0.83000875,0.019558668,1.2914041,1.0199815,0.72191536,9.818054,0.39009517,9.944742,0.7424296,22.125631,0.44983864,742.4987,0.3179468,1355.9739,0.16315866,-97.605705,-0.92502964,1752.0585,0.1343986,1056.8009,0.27228424,-89.89596,-0.9235566,2823.25,0.09176216,925.3181,0.37702087,-92.44166,-0.8739604,-12.461214,-0.6469847,22.479013,0.42253458,0.05590069,0.4248696,-0.006157734,-2.5705092,0.15950263,0.7218647,25.6244,0.45413357,-8.05854,-2.1791074,8.065944,2.4378917,-29.55747,-0.62589175,-7.7359548,15.60471,0.018576153,0.006809216,0.044041693,3.2552085,2.2280474,0.27058822,0.2520147,0.14888889,0.18867636,-30.495918,o,Ses04M_script01_2,Ses04M_script01_2_F009
226,30.932438,0.124117345,29.895721,32.351368,33.141724,3.2460022,24.107277,0.0,-63.66415,0.0,0.09978197,0.5713948,0.05162266,0.07462019,0.16395126,0.112328604,0.7952628,0.22634315,0.45894313,0.3361145,0.02233764,0.9873391,27.737164,0.31639943,-3.1642709,-2.4030561,21.328005,0.516749,-8.536895,-0.6984191,0.018691326,0.5243186,1.3767798,0.7888773,4.811842,0.49135208,8.753062,0.92270577,21.117683,0.24260178,625.5651,0.26599187,1376.637,0.10238673,-169.01477,-0.40184847,1682.2808,0.10984184,1062.0115,0.18614145,-168.65512,-0.38913113,2586.2383,0.09146286,943.52655,0.13676563,-168.61652,-0.38929024,-14.458979,-0.36351526,22.589273,0.1258925,0.029699769,0.41061595,-0.004014637,-1.7448046,0.05129286,0.53041464,34.120045,0.14975066,-5.1141644,-2.654188,29.138153,0.64431006,-4.1143622,-1.8348036,-11.118215,18.252457,0.009910722,0.0033575804,0.015894378,1.6304349,1.1173185,0.155,0.13499999,0.47666666,0.024944384,-46.415825,q,Ses04M_script01_2,Ses04M_script01_2_M010
227,38.19791,0.10360514,34.570774,38.041706,41.82892,7.2581444,65.37483,52.800953,27.044922,19.549246,0.37553257,0.6997778,0.115722604,0.34285802,0.615626,0.49990338,5.4952655,2.875342,4.3442864,2.109744,0.11287237,0.8689894,25.717537,0.5020274,-9.647178,-1.5093119,9.7066345,1.8136055,-20.412552,-0.83811814,0.018129949,1.362791,0.9342617,0.698402,8.86637,0.37100115,5.377347,1.6782861,19.199165,0.6252375,691.7877,0.3365941,1392.5417,0.18026064,-87.22039,-1.0314407,1687.2926,0.13755424,1119.1409,0.266928,-81.462074,-1.0244673,2766.9443,0.09746075,1008.4943,0.3547902,-86.17509,-0.9284194,-9.953316,-0.71825194,21.571226,0.40564576,0.048416805,0.38028294,-0.0054239323,-2.5512166,0.15056522,0.62882775,28.505775,0.38723445,-13.145616,-1.1103876,6.691884,2.9091291,-26.267704,-0.6510832,-7.977771,17.715956,0.011406219,0.005960296,0.044351064,3.875,2.3899372,0.2636842,0.20008448,0.14823529,0.20805076,-31.77275,ans,Ses04M_script01_2,Ses04M_script01_2_F010
228,36.973156,0.13577735,32.1953,37.468937,40.218803,8.023502,18.34133,73.45609,42.401413,16.495098,0.2291316,1.034953,0.068751365,0.14643332,0.33469802,0.26594666,9.15718,11.280515,3.777907,3.8814745,0.076175876,1.4034033,28.16345,0.34299913,-7.6127763,-1.4327226,15.576389,0.92107725,-15.294002,-0.99917424,0.01908884,0.7239318,1.4188123,0.61761963,5.615805,0.5429412,5.459845,1.2697176,24.852875,0.34426972,726.9116,0.22528338,1329.4071,0.16835438,-145.5387,-0.58215874,1776.9075,0.14175116,1111.6115,0.26129755,-142.06578,-0.5667676,2758.9668,0.079508916,945.7401,0.3796768,-142.667,-0.55870336,-12.9975195,-0.56879383,22.97847,0.27623433,0.053423617,0.445816,-0.01763477,-0.8444681,0.1536189,0.92595404,33.396244,0.19496061,-11.661414,-1.1774042,9.360228,1.4997978,-29.518084,-0.536207,-9.587356,18.564886,0.0132367965,0.006818545,0.040101733,1.8939395,2.3166025,0.13166666,0.110817656,0.23857144,0.2254157,-34.645073,q,Ses04M_script01_2,Ses04M_script01_2_M012
229,41.017696,0.120943785,35.986618,41.282837,45.554264,9.567646,92.960884,87.96722,46.320435,39.74108,0.41276282,0.8782933,0.085981034,0.315029,0.66870767,0.58272666,9.486583,7.587816,5.046354,3.3684146,0.16912155,1.2576703,22.874506,0.47859043,-12.565399,-1.4228344,11.988037,1.3098458,-18.35767,-1.0608244,0.026556402,1.4601258,1.0655738,0.6151399,8.1366205,0.4756951,6.9790998,1.3481411,15.152432,0.6535783,793.81836,0.32839322,1376.9752,0.21200992,-111.68565,-0.8104161,1769.0953,0.13895124,1150.9003,0.3236072,-100.360214,-0.87831146,2794.8008,0.098354824,998.31714,0.33516067,-102.764626,-0.83566064,-8.8223915,-0.96918446,20.03641,0.4178846,0.05599452,0.49013168,-0.0029167386,-5.570657,0.25536582,0.87959313,23.446959,0.47032478,-17.277056,-1.1028898,11.3333845,1.6580228,-26.993477,-0.7235675,-8.796743,19.253984,0.011895821,0.008667123,0.06704288,3.030303,2.2573364,0.23299998,0.21130782,0.23375,0.25636584,-28.906008,ans,Ses04M_script01_2,Ses04M_script01_2_F012
230,34.211006,0.0026162374,34.122223,34.2593,34.283375,0.16115189,0.0,0.0,-0.03644244,0.0,0.08341309,0.5701533,0.04992912,0.061274797,0.102850094,0.052920975,0.41496012,0.27639177,0.34886953,0.16649291,0.014627593,0.78449523,20.586071,0.43542948,0.44174275,11.86103,21.48789,0.63173926,-9.193506,-1.0506862,0.051032405,0.46804878,1.880017,0.034735322,7.0025644,0.12759013,8.786992,0.17234197,20.547606,0.07984969,561.044,0.07223702,1375.809,0.027373469,-195.0651,-0.15844159,1713.2396,0.037152395,1922.8915,0.46650788,-195.71362,-0.13992718,2556.2646,0.026189871,942.50946,0.27145496,-195.4311,-0.14811166,-12.270368,-0.18071668,16.483778,0.10464102,0.031957265,0.21735561,-0.015267624,-0.43473074,0.031837046,0.40721467,24.681492,0.14670724,4.1266336,0.50492233,41.321182,0.16163255,-27.962603,-0.15686372,-10.790009,19.29725,0.0027259851,0.0074587725,0.013985775,1.4778326,0.50505054,0.049999997,0.0,0.95,0.14,-51.71831,b,Ses04M_script01_2,Ses04M_script01_2_M013
231,40.270542,0.101741366,36.12574,40.08675,45.15593,9.0301895,41.100998,15.334241,61.27721,44.27939,0.43416655,1.0814539,0.072123736,0.2617659,0.66714764,0.5950239,10.233485,8.637588,7.0107102,4.0076766,0.20519936,1.7155759,19.042488,0.4375505,-11.850557,-1.3178818,10.628401,1.4099004,-18.117645,-0.9755369,0.022302676,0.96743584,1.1142713,0.59917593,7.3847146,0.5451355,3.425637,2.7945018,12.324692,0.63160545,818.40326,0.27594158,1455.1404,0.21374671,-124.92905,-0.7239076,1762.548,0.122384466,1197.8673,0.29274368,-117.90878,-0.75090575,2771.0508,0.071149856,974.5921,0.35619134,-120.009155,-0.7181326,-7.7966757,-1.1230288,18.930635,0.37546974,0.050122455,0.44137248,-0.0030490402,-4.3360815,0.39394233,1.1692678,20.218742,0.3732488,-17.368235,-1.1139169,7.008822,2.186677,-25.11236,-0.77621806,-5.9699383,15.681587,0.006730779,0.009894146,0.05958881,2.4024024,2.4390244,0.17375,0.10582267,0.28166667,0.2685403,-26.348171,o,Ses04M_script01_2,Ses04M_script01_2_F013
232,40.097134,0.102956034,36.36313,39.43684,43.614983,7.251854,234.28036,461.69214,70.17961,78.028824,0.42361036,1.1134917,0.06734334,0.26482186,0.65829045,0.5909471,7.841746,5.3872385,5.656595,3.6887434,0.17772298,1.7062732,21.256222,0.49949175,-12.345447,-1.3622367,15.740581,1.1803132,-18.872805,-0.8399481,0.022181995,1.0451137,1.114119,0.69712317,8.22877,0.41243,5.5164156,1.7933875,15.783845,0.6315719,815.6262,0.2558712,1321.1104,0.18240784,-117.33019,-0.7820972,1820.2281,0.11078277,1035.6094,0.27254888,-111.93345,-0.79863083,2874.522,0.0846293,960.6846,0.38204375,-113.36113,-0.7734714,-8.754331,-1.1273761,20.149914,0.46579424,0.050805025,0.55407214,-0.0062097535,-2.5789318,0.28922015,1.0484722,23.25618,0.42382896,-16.58609,-1.2221442,12.084395,1.8439783,-25.973421,-0.67851615,-5.7662544,16.08384,0.010041211,0.009741065,0.075556874,2.3853211,1.6666666,0.2822222,0.3416879,0.29555553,0.25798842,-26.90587,s,Ses04M_script01_2,Ses04M_script01_2_F014
233,41.385983,0.09730696,38.05477,40.89728,44.65856,6.6037903,68.54062,23.38316,34.789253,32.912758,0.35184819,1.0024792,0.060264207,0.21823564,0.59444,0.53417575,6.5070677,3.8601997,5.1929026,3.1808279,0.13094322,1.488298,20.558733,0.5370133,-7.3121557,-2.0714302,11.935655,1.4200506,-20.597683,-0.90395635,0.023904935,1.6919668,1.1081958,0.7646593,9.025903,0.50893646,6.334255,1.4223546,17.07663,0.7513462,764.18616,0.32481176,1358.1589,0.22426637,-136.90898,-0.6328766,1771.7513,0.14398946,1058.3699,0.32788122,-122.75969,-0.70567673,2826.9998,0.087822706,953.1587,0.30583346,-123.6526,-0.6890631,-9.191562,-0.98765963,20.142662,0.53277916,0.05070257,0.5430527,-0.00625676,-2.5660057,0.23506343,0.87149704,21.36184,0.545333,-11.678509,-1.5156741,9.097425,2.4015312,-32.80551,-0.56591123,-8.40495,17.888159,0.0070305616,0.0065058093,0.053803526,2.3456793,2.119701,0.19529411,0.17693861,0.2552941,0.37300238,-29.251091,s,Ses04M_script01_2,Ses04M_script01_2_F015
234,34.25407,0.17857146,29.149586,29.553617,41.067726,11.91814,-9.030217,0.0,50.76345,0.0,0.16458423,0.92943186,0.077916175,0.110779166,0.18385495,0.10593878,1.5395776,1.0375427,1.1511335,0.9903257,0.030658066,1.0475727,24.399086,0.52010286,0.8093022,11.864247,7.9587,1.7004819,-19.771368,-0.85788924,0.0082863495,1.1941168,0.79260695,0.7306216,8.935686,0.47603163,4.365053,1.2760739,29.225986,0.11296271,722.11597,0.21268472,1390.587,0.1973155,-138.36981,-0.6498134,1704.3043,0.15802383,1235.7375,0.30294618,-136.70699,-0.60964787,2811.7542,0.080954306,823.5309,0.3693256,-139.35066,-0.57417566,-16.55583,-0.32623595,27.344934,0.11624717,0.025413401,0.55471575,-0.020768726,-0.5726929,0.059458356,0.6664439,37.040543,0.12014321,-4.9074225,-1.9063388,-0.9664747,-17.003681,-34.83084,-0.5631582,-9.037535,17.067247,0.0042166417,0.005030468,0.01618824,1.2820513,1.986755,0.17,0.11224972,0.31333333,0.36645445,-37.48097,c,Ses04M_script01_2,Ses04M_script01_2_M014
235,37.26641,0.09870808,33.717457,37.05002,40.8192,7.101742,37.823822,27.637877,34.369846,19.697292,0.30142942,0.62600267,0.1296069,0.26940107,0.46169594,0.33208904,3.5578613,2.4916475,3.2655141,2.21016,0.08688336,0.739622,26.698442,0.45929766,0.53326106,21.158161,11.99333,1.165879,-25.159016,-0.7349454,0.014723515,0.9990725,0.88670665,0.69409627,9.360008,0.3340979,6.970296,1.4436516,22.569143,0.43344697,720.86066,0.2878803,1352.0448,0.15939473,-81.81928,-1.091901,1759.1996,0.14994538,1112.418,0.3003505,-84.66422,-0.9383229,2816.9473,0.07380035,836.1204,0.4231964,-86.1641,-0.90602267,-16.188118,-0.3954241,24.432539,0.32402453,0.051000904,0.34593326,-0.019398084,-0.7957091,0.11370119,0.5271444,30.822489,0.3469026,-1.5495334,-8.0849695,10.10269,1.501257,-32.75016,-0.5221062,-10.964893,19.304096,0.010707715,0.0029458923,0.03621053,3.0219781,2.793296,0.227,0.18777911,0.13625,0.15952566,-32.789295,s,Ses04M_script01_2,Ses04M_script01_2_F016
236,35.465744,0.05716234,33.23373,36.053177,37.359352,4.125622,9.78967,14.28811,27.242311,13.14403,0.23370844,0.59476066,0.08500854,0.19465956,0.37037873,0.2853702,1.2274697,0.67467034,1.226807,0.71266884,0.061672647,0.80925834,28.872252,0.39948726,-0.54830974,-18.655287,7.3209724,1.6169043,-26.416042,-0.7967744,0.013105241,0.66674775,0.8817967,0.65639514,8.00209,0.42059875,2.1395078,3.85202,28.414688,0.24019547,716.86993,0.25524202,1296.4004,0.13317457,-102.02474,-0.9466605,1752.1117,0.15826376,1160.4263,0.2715166,-110.37544,-0.781789,2891.878,0.056234453,648.3464,0.51652324,-111.97145,-0.7555244,-19.013365,-0.2596715,27.46764,0.15886776,0.058144484,0.3028048,-0.031009315,-0.43637252,0.09675017,0.4632038,38.381386,0.091062434,0.8693463,10.152613,1.9543535,5.698571,-41.22793,-0.43000168,-7.6604605,16.58519,0.011548258,0.0052401386,0.02863462,2.688172,1.6574587,0.29999998,0.13140269,0.42,0.37,-35.93366,c,Ses04M_script01_2,Ses04M_script01_2_M015
237,37.34041,0.10767249,34.527115,36.39218,40.317017,5.7899017,56.415047,16.542206,39.597008,28.553928,0.40070707,0.71627694,0.15340002,0.29132476,0.7161177,0.5627177,3.6868372,2.577637,5.0914984,3.6845655,0.14799534,1.1012361,27.378096,0.36129612,-3.0511713,-5.4019527,11.433575,1.894501,-22.453125,-0.8341197,0.02804537,1.5064908,1.0336493,0.8924753,8.706907,0.44488662,8.808651,1.4265774,21.630909,0.46566334,722.11066,0.39300787,1374.7526,0.21207725,-77.178986,-1.0989169,1726.4948,0.17298934,1138.4451,0.24859813,-74.231255,-1.0506494,2824.7183,0.09461926,912.7695,0.33747926,-78.309525,-0.96080625,-14.073868,-0.49225932,25.28655,0.28665206,0.047784697,0.44251412,-0.0060116146,-2.0282578,0.17054853,0.9242382,28.894838,0.29824078,-3.7318726,-4.8523436,11.751605,2.0133464,-23.683962,-0.8800901,-10.600101,20.310633,0.025416879,-0.0044060997,0.09950891,2.749141,2.1052632,0.32833332,0.20659272,0.14999999,0.09899495,-27.91173,c,Ses04M_script01_2,Ses04M_script01_2_F018
238,34.2766,0.10555435,32.842117,34.285526,35.966988,3.1248703,488.94675,663.9797,35.93193,34.750053,0.22875454,0.68920463,0.0769792,0.20773645,0.2936659,0.2166867,2.6024072,1.4365288,1.2776284,0.44649258,0.065518595,0.8305595,29.177088,0.48682985,-4.8779106,-2.735318,17.228653,0.81670636,-20.005827,-0.5929081,0.025239998,0.9512353,1.0220873,0.4733055,5.6657434,0.601789,9.564956,1.0831604,19.733482,0.36012062,693.6315,0.4053926,1318.2521,0.24288203,-120.28025,-0.7606804,1717.4303,0.19164962,1030.477,0.23676425,-114.14593,-0.78033674,2689.115,0.097211175,869.52106,0.46296412,-116.27317,-0.74535555,-12.271939,-0.37665838,20.82694,0.257121,0.046514273,0.49205923,-0.012435326,-1.3236732,0.09048919,0.5830857,35.00969,0.25063896,-11.105506,-1.0363731,23.007044,0.6432229,-21.244354,-0.45873162,-10.946358,19.961967,0.013888251,-0.0034669254,0.041936733,2.6178012,1.6216217,0.28666666,0.09877021,0.45999998,0.22999999,-35.905476,q,Ses04M_script01_2,Ses04M_script01_2_M017
239,39.296425,0.05199147,37.609936,39.705585,41.249733,3.6397972,61.964222,48.395153,8.599041,7.954426,0.26114732,0.68526465,0.10118569,0.23120293,0.38225,0.28106433,3.8812108,2.9211617,1.8380518,1.2801036,0.082933985,0.84446156,23.639938,0.5534656,-0.016532842,-864.2753,15.017366,1.1214901,-21.581226,-0.6642055,0.020708945,0.79868025,1.2440089,0.50954413,7.745868,0.4222982,7.369878,1.4776049,16.8053,0.55923486,662.3909,0.30089337,1389.0616,0.17699756,-136.27556,-0.6260267,1715.2002,0.11007696,976.18787,0.30296972,-123.87867,-0.67910147,2733.6401,0.090675466,971.49365,0.4477916,-123.69117,-0.6808765,-11.935055,-0.52653474,19.908133,0.39258805,0.037969083,0.49387497,-0.015523733,-0.82807004,0.124719016,0.47622344,26.15986,0.38727656,-5.6494966,-2.2558966,17.577938,0.95613414,-26.982967,-0.52602804,-9.672958,19.30849,0.014965381,-0.0025147477,0.0540391,2.857143,2.4509804,0.16799998,0.08518215,0.18166666,0.18986106,-35.728497,ans,Ses04M_script01_2,Ses04M_script01_2_F019
240,32.37559,0.19440769,27.577688,28.81185,39.48684,11.909151,85.59152,86.98182,30.735498,16.85511,0.14739403,0.96043456,0.04951701,0.090441056,0.22262669,0.17310968,1.7112814,1.4395435,1.5892718,1.2709128,0.03930763,1.3319986,26.866793,0.31403682,-1.6085974,-5.221835,20.28088,0.7698608,-12.788606,-0.99997884,0.018508658,0.8158326,1.1978418,0.49048376,6.1993194,0.47476274,5.343077,1.8389503,17.938185,0.4919746,633.8726,0.3414318,1382.7854,0.18382387,-148.82442,-0.5555972,1741.2689,0.1355717,961.52264,0.37763956,-146.72661,-0.5389206,2683.3696,0.096272014,1028.9829,0.3559629,-146.14326,-0.5470242,-13.807852,-0.38861626,21.167671,0.29125372,0.03125892,0.60523444,-0.015290823,-1.1182982,0.07945107,0.7748553,30.775822,0.26327997,-3.4732695,-3.1133482,27.494179,0.7257103,-19.134176,-0.87614095,-12.07527,21.799578,0.0049460325,0.0040841927,0.02230893,1.5789474,1.7699115,0.162,0.12867011,0.34727272,0.65975326,-39.944782,s,Ses04M_script01_2,Ses04M_script01_2_M018
241,37.5145,0.06370028,35.72892,37.826515,39.924324,4.195404,265.90488,243.9996,3.8289642,20.62723,0.12058665,0.91616106,0.048227742,0.06045112,0.1909218,0.14269406,2.099042,1.5781603,2.3736749,1.2394515,0.027015185,1.2493855,22.44286,0.41360933,-2.8518996,-2.5173187,13.8229475,0.58085936,-14.294352,-0.8290103,0.028573107,0.7811547,1.4924859,0.4787478,7.093013,0.37786683,-2.9685206,-1.684839,13.036514,0.5580425,745.5638,0.22588383,1354.9886,0.16383733,-169.64395,-0.38530847,1705.4548,0.11195133,1182.8367,0.40192035,-167.73792,-0.38955644,2760.844,0.08798481,869.82166,0.37432298,-168.4135,-0.37949353,-8.410632,-0.8739385,17.587368,0.505809,0.027165908,0.6883311,-0.0030014762,-5.0298066,0.077058576,0.5323097,21.548273,0.47847435,-10.115982,-0.7646428,18.999376,0.6896216,-27.324984,-0.6187159,-10.514651,20.385658,0.0012579431,0.0058077043,0.016583264,2.6455026,2.1739132,0.074999996,0.035,0.29,0.34263682,-43.867607,o,Ses04M_script01_2,Ses04M_script01_2_F020
242,29.222885,0.23930827,20.24462,27.873552,37.79342,17.5488,1950.1385,0.0,-6.085884,20.422342,0.084160894,0.7477356,0.047634874,0.054704588,0.101446375,0.0538115,0.6483818,0.735585,0.46721023,0.30191287,0.016950175,1.200695,26.417597,0.2727372,-2.559947,-2.7330592,14.985757,0.48501647,-9.915574,-0.89502805,0.01602474,0.84756386,1.1067233,0.4001773,4.7890916,0.6341233,9.411268,0.81393164,24.081095,0.31401533,548.207,0.33052424,1363.4464,0.12040338,-180.53795,-0.3200298,1596.5769,0.1354034,1151.7113,0.21172653,-179.03052,-0.3212397,2570.471,0.08009636,1032.3304,0.23229185,-179.49335,-0.31354994,-14.063553,-0.24214968,23.379704,0.16938785,0.031843703,0.9762525,-0.009811103,-1.0467767,0.044505302,0.6715371,33.58698,0.13735579,-5.9474993,-1.7203708,12.919038,0.8717066,-14.486728,-1.2021853,-11.913009,21.415783,0.001605344,0.006885161,0.0133413365,1.2006861,0.8650519,0.128,0.08280097,0.83833337,0.5461506,-48.305138,q,Ses04M_script01_2,Ses04M_script01_2_M019
243,36.490723,0.067367524,33.84115,36.10916,38.79595,4.9548035,36.912994,0.4210472,12.396902,9.164108,0.112634346,0.5720155,0.06183375,0.098616004,0.14887184,0.087038085,0.91486067,0.57402277,0.556393,0.25510627,0.020791342,0.87467974,23.088707,0.4633957,-5.0047703,-1.4916382,12.830796,0.68314034,-10.582022,-0.868273,0.020451577,0.8813013,1.2274915,0.3986793,6.181229,0.36150947,7.2574463,0.8396871,25.504625,0.27183422,741.70123,0.21038105,1491.2822,0.14475662,-150.57124,-0.5446748,1783.3665,0.12907429,1063.6317,0.1982956,-151.04887,-0.51596844,2887.1948,0.10295941,1009.62897,0.31789306,-153.20047,-0.48561424,-12.715416,-0.3286565,23.700365,0.20155089,0.034482755,0.39176354,-0.00902204,-1.0618885,0.038917515,0.5050754,34.711006,0.14202547,-9.311873,-1.0731754,9.828135,1.4500482,-18.786894,-0.5173695,-8.482875,16.757963,0.0073447092,0.008712424,0.014465209,1.9455253,1.984127,0.128,0.04578209,0.295,0.39752355,-48.121216,q,Ses04F_script01_2,Ses04F_script01_2_F000
244,24.800463,0.13060749,21.742565,24.616577,27.737747,5.995182,36.217445,0.0,-2.6876526,11.355839,0.14043869,0.89261955,0.055001557,0.06206962,0.26353425,0.20853269,1.8160951,1.675768,1.6053648,0.6653314,0.031887524,1.0499616,31.21817,0.23384792,-8.244245,-1.088058,19.420925,0.5270274,-4.4163947,-1.4972495,0.025204329,0.6331402,1.1994892,0.5528398,3.491682,0.4874835,5.788618,0.51461786,19.17514,0.28390062,440.52274,0.3298678,1305.456,0.14647342,-137.59006,-0.6670369,1461.4684,0.12079199,944.2442,0.29706702,-140.63065,-0.6095102,2466.0286,0.050805524,856.7778,0.24439968,-141.54039,-0.59587586,-12.183319,-0.3567348,19.81666,0.2301837,0.032549217,0.44991052,-0.015018841,-0.5591547,0.074353054,0.36405128,39.010193,0.19633666,-12.388562,-1.1868045,25.482306,0.6023156,-9.858714,-0.7960932,-11.804048,20.673681,-0.000644498,0.009836331,0.012341729,1.9704434,1.0101011,0.31,0.0,0.43666667,0.23795424,-41.509735,q,Ses04F_script01_2,Ses04F_script01_2_M000
245,37.967594,0.08335278,35.917988,38.33305,39.20937,3.2913818,18.290138,9.331248,71.91599,53.52583,0.12858404,0.59165245,0.058885563,0.10934281,0.18683493,0.12794937,1.1103405,0.5682481,0.6979748,0.42098728,0.029876694,0.79889745,29.530426,0.23144309,-4.3114123,-2.5746338,12.395681,1.1320666,-11.61958,-1.331472,0.029320247,1.8961091,1.2677953,0.44729656,7.540552,0.43841204,12.272218,1.031007,26.28429,0.37958613,681.26324,0.33425075,1384.0153,0.12798671,-133.64478,-0.6639849,1718.9678,0.11454236,1155.9745,0.31717792,-120.92746,-0.71321243,2742.6128,0.10010001,1058.6428,0.28367826,-123.51237,-0.6752646,-13.982648,-0.34355095,25.724472,0.304115,0.03846902,0.5521854,-0.013253188,-0.91188264,0.045566015,0.55467194,33.292877,0.17647094,-7.260912,-1.6965051,8.464894,2.1652563,-20.978533,-0.8309666,-12.787038,21.649506,0.010499549,0.0042949445,0.018282883,2.310231,2.6845636,0.15375,0.11682652,0.19624999,0.19228478,-44.35543,q,Ses04F_script01_2,Ses04F_script01_2_F001
246,24.833277,0.117598616,22.71177,24.981363,27.638615,4.9268456,29.2556,26.483023,47.891922,26.87317,0.13004439,0.7343742,0.056238234,0.07027021,0.21976541,0.16352718,1.2182094,0.7661339,1.3583478,0.77027,0.026985662,0.84134257,28.03968,0.35059428,-2.257633,-2.9044323,25.42258,0.6112717,-0.8466458,-8.523755,0.020026736,0.92309403,0.99939233,0.82802117,5.3894024,0.46496952,5.340243,0.87063295,24.890015,0.19865742,559.83344,0.42449236,1259.2913,0.14698416,-139.74074,-0.6334318,1704.8425,0.12193763,783.50104,0.31309816,-142.64284,-0.5742237,2665.1829,0.10425563,1067.8871,0.24876888,-142.40712,-0.5775488,-15.647723,-0.24636261,21.052052,0.19039118,0.026611743,0.67526025,-0.011110219,-1.1838752,0.05052964,0.3757552,35.950077,0.21343023,-1.6041235,-4.0366654,39.777264,0.39427033,-0.7044009,-14.871646,-10.791418,19.268536,-0.0017066633,0.00969407,0.016145425,2.0725389,1.5748031,0.195,0.13622896,0.35857144,0.41745582,-41.111843,ans,Ses04F_script01_2,Ses04F_script01_2_M001
247,24.77696,0.1585972,21.538237,23.316816,27.628094,6.089857,42.350033,17.674694,15.595288,15.5153475,0.15738012,0.7628762,0.060716134,0.10697081,0.23669459,0.17597845,1.7830087,1.2282286,2.5383904,1.8750613,0.036823075,1.3093354,27.798588,0.32314035,-1.1403162,-6.6975236,24.64795,0.57916844,-7.875519,-0.99928206,0.020162025,2.1834083,0.89060724,0.71357805,5.446598,0.37213355,6.3929977,0.7449962,25.189589,0.27855304,605.2024,0.32849032,1362.1265,0.12983535,-124.878426,-0.7361928,1739.6604,0.12980203,890.44946,0.32516414,-128.79599,-0.66957617,2717.727,0.10297569,1042.3995,0.29179576,-128.99265,-0.66643703,-15.802372,-0.2989633,21.535727,0.21674626,0.021968842,0.8860523,-0.016791789,-0.72493184,0.059712697,0.967912,34.824265,0.21746033,0.26256567,38.443096,34.396862,0.48578814,-9.380978,-1.1002176,-10.749421,18.235931,0.005063629,0.004105861,0.022169588,2.6030369,1.5350877,0.25,0.21057743,0.33249998,0.41850176,-38.317303,c,Ses04F_script01_2,Ses04F_script01_2_M003
248,33.833916,0.04114021,32.477795,33.731483,34.439228,1.9614334,44.266163,43.503094,8.311303,3.332277,0.08570254,0.4489915,0.056940537,0.06897679,0.11552612,0.05858558,0.3917362,0.26699257,0.4593758,0.57868165,0.014240823,0.5770262,27.328201,0.2797045,-0.32570606,-25.17249,15.590399,0.50551707,-6.6221695,-1.2216218,0.015495914,0.6339193,1.1639158,0.5604104,7.868692,0.252999,5.657725,1.6919632,25.233852,0.304237,728.3576,0.2787797,1535.5754,0.11663284,-143.24191,-0.59492755,1701.856,0.12669532,1180.3406,0.24307582,-143.98314,-0.5641286,2857.6255,0.09843305,1038.4143,0.32744515,-146.77332,-0.525611,-16.595266,-0.4404335,29.077494,0.19820511,0.011148846,1.4199468,-0.0011475787,-8.733222,0.02174949,0.44375873,35.495552,0.09828131,1.1610577,9.122763,14.440066,0.8104981,-7.1818013,-1.517123,-11.293466,18.957752,0.0031802214,0.006019028,0.01072915,1.2461059,0.9493671,0.32999998,0.06683312,0.525,0.46095008,-49.926353,c,Ses04F_script01_2,Ses04F_script01_2_F003
249,28.739765,0.06634938,27.773716,29.181328,30.158726,2.3850098,28.423666,16.861359,-7.062355,17.13051,0.12818404,0.65500766,0.056785963,0.08616408,0.21263137,0.1558454,1.3731786,0.94718736,1.5132273,0.9647296,0.028835367,0.78803563,29.337334,0.27231058,-1.4157254,-7.0108705,22.545017,0.56332624,-2.973138,-1.9951228,0.01750594,1.2855995,0.94427407,0.56644857,7.365505,0.33482048,7.8575854,0.8453654,26.776901,0.21736473,576.13873,0.3582044,1402.4933,0.1491237,-139.08391,-0.6245998,1658.933,0.12061881,1014.62225,0.3125425,-143.75444,-0.55442464,2661.4263,0.09939223,1050.5767,0.19546948,-143.86685,-0.552819,-17.45725,-0.3165706,23.442728,0.25113988,0.0243199,0.8103864,-0.01240293,-0.75946116,0.053142402,0.30879223,34.329914,0.26284736,4.536436,2.421571,34.863834,0.37343526,-1.4401379,-5.3207,-11.575502,19.352673,0.005543972,0.004065991,0.017643945,3.6101084,1.4705882,0.21249999,0.13736357,0.35599998,0.39123392,-41.255577,q,Ses04F_script01_2,Ses04F_script01_2_M004
250,33.776405,0.066740476,31.50307,33.922657,36.22792,4.7248497,45.885414,41.13941,23.085268,3.4678307,0.08361597,0.61805874,0.05508981,0.0584322,0.1003726,0.04528279,0.8145647,0.5105491,0.53488135,0.5046028,0.016578177,0.97838104,26.496765,0.25154305,-5.123918,-1.2505654,11.051353,0.78964704,-6.382535,-1.0843455,0.040675692,0.92306477,1.7097707,0.43195826,3.302178,0.46046805,-0.7310754,-8.083865,21.511133,0.25016776,629.6136,0.18082416,1497.8682,0.16664773,-171.24081,-0.40162995,1554.2133,0.09167998,1164.4968,0.13508633,-170.1688,-0.40027732,2649.093,0.071463645,960.55457,0.29243714,-172.33269,-0.3674577,-11.352709,-0.30407968,25.515362,0.19689748,0.029154109,0.81183636,-0.013271671,-0.5704425,0.04906622,0.33816755,35.66211,0.17054543,-12.754566,-0.7959775,-5.106508,-1.4372193,-16.33263,-0.55535114,-10.687725,18.732418,0.0058147414,0.0053080507,0.010512554,1.6233766,0.990099,0.15333332,0.018856179,0.625,0.592347,-50.59491,ans,Ses04F_script01_2,Ses04F_script01_2_F004
251,25.65967,0.18402104,21.296131,23.186523,31.8745,10.578369,249.33052,0.0,12.94705,21.255522,0.12871289,0.79865026,0.057087537,0.07028117,0.24523857,0.18815103,0.99090225,0.6491509,1.6596245,1.6217024,0.029819323,1.1374693,23.938522,0.46115473,-0.45692605,-25.43374,21.188986,0.49214816,-4.9698014,-1.0987728,0.023341836,0.89055264,1.292897,0.5556509,4.848921,0.61340487,7.377056,0.63856906,21.685541,0.47800198,503.76,0.36795747,1255.8923,0.117728345,-160.17195,-0.47969925,1599.3757,0.10639601,947.0037,0.26401082,-162.66399,-0.4376608,2541.1943,0.09188918,962.16614,0.18165788,-162.49037,-0.44128793,-14.095299,-0.50195867,19.62416,0.4847956,0.03466026,0.5065167,-0.01260401,-0.74334186,0.05856785,0.5376722,29.599846,0.3176328,2.504971,5.6393485,31.354929,0.39930663,-7.888294,-1.0233032,-9.991592,18.05552,0.0043636328,0.0059140474,0.022670465,2.0512822,1.5789474,0.12333333,0.0047140447,0.36499998,0.2594706,-41.5157,c,Ses04F_script01_2,Ses04F_script01_2_M006
252,33.876663,0.08102862,31.74201,32.128174,36.586117,4.8441067,-0.81800735,0.0,38.527267,0.0,0.07799948,0.603336,0.05505804,0.05949673,0.080060124,0.025002085,0.23878461,0.11510565,0.32652283,0.06415556,0.014959635,0.91225505,26.482927,0.23421507,-6.566631,-0.77246165,15.240277,0.38119566,-6.2901335,-1.3946812,0.015905248,0.6081359,1.2589353,0.46902683,6.4369907,0.42642748,2.2090948,3.500324,21.869688,0.34855592,709.87634,0.20242119,1398.6649,0.082395904,-186.88634,-0.2592769,1791.1713,0.12789723,1050.5017,0.13261265,-185.90564,-0.259622,2921.4531,0.06585273,984.2039,0.27614537,-186.80734,-0.24281879,-15.291663,-0.31989095,28.027655,0.10972167,0.02401743,1.049066,-0.012950094,-0.36733055,0.03849574,0.47424585,39.582584,0.089303315,-8.181652,-1.1772926,10.8498335,1.12855,-17.314722,-0.718088,-10.566995,19.5388,0.0012259649,0.008059512,0.0128369285,0.62893087,0.63897765,0.12,0.04,0.9466666,0.29488224,-51.256226,dag,Ses04F_script01_2,Ses04F_script01_2_F006
253,23.713692,0.087253414,21.675446,24.177542,25.282293,3.6068478,82.47445,46.707115,26.120535,11.521686,0.12290257,0.76757365,0.055117123,0.07293965,0.21130651,0.15618938,1.6202525,1.3557355,0.9360968,0.5357984,0.024490539,0.83144337,26.195286,0.5456411,-3.5254824,-2.4301841,20.94319,0.5259745,-5.050801,-1.5034924,0.018970525,0.9544836,1.0750912,0.6340182,4.0651135,0.5106705,6.6285934,0.7665733,22.871408,0.2863145,545.4961,0.36988547,1303.3462,0.19794554,-156.96924,-0.504733,1559.5742,0.14212453,988.4604,0.31790665,-158.76314,-0.4749286,2569.633,0.09853197,880.1682,0.23299323,-159.82094,-0.45927227,-13.2793045,-0.40141508,21.9381,0.25395545,0.018045954,1.0077931,-0.009228572,-1.4460303,0.044801924,0.48340568,37.027668,0.25811794,-7.294232,-1.8547626,22.741802,0.67194986,-5.3692865,-1.7970085,-9.712932,17.048052,0.0032127143,0.005354928,0.01876408,1.4084507,1.5166836,0.13866666,0.16704756,0.49933332,0.7428007,-44.459427,o,Ses04F_script01_2,Ses04F_script01_2_M007
254,36.024265,0.10603707,32.747364,36.648518,39.494423,6.747059,13.817749,14.220099,56.16911,44.44211,0.1704795,0.61238027,0.062375586,0.15797445,0.22795689,0.1655813,2.2277913,1.5519621,0.5304103,0.48088145,0.03696553,0.7481566,23.471016,0.47576413,-0.22523743,-55.491123,17.08574,0.9787285,-15.531124,-0.8823488,0.017034661,1.0234214,1.1548883,0.56814855,7.516116,0.41804802,10.241621,1.0009961,22.424072,0.4016362,706.65875,0.3232404,1379.7996,0.13159642,-121.52846,-0.73110676,1730.6897,0.1276211,1050.7009,0.33503917,-115.106346,-0.7420038,2792.4946,0.09029981,963.1444,0.29453835,-117.09002,-0.7092194,-11.97603,-0.4911723,22.952612,0.3296518,0.037105817,0.53307474,-0.0064340723,-2.0207646,0.052742857,0.49076614,26.137646,0.40741625,-0.67148876,-21.172438,17.753252,1.1771013,-23.993551,-0.5090588,-8.702821,17.46816,0.0075986846,0.0067915088,0.022658939,2.4324327,3.2967033,0.13416667,0.08558215,0.16181818,0.26477498,-41.323612,o,Ses04F_script01_2,Ses04F_script01_2_F007
255,35.93457,0.07336193,33.89905,36.00977,38.606903,4.7078514,84.057434,46.2341,20.299644,9.269497,0.122597896,0.6121487,0.061279327,0.102666564,0.17360425,0.11232492,1.3500717,1.1828351,0.33858865,0.41566703,0.027288448,0.9723536,25.848116,0.39052695,-1.2690878,-8.264048,17.565691,0.643761,-14.66053,-0.8028307,0.019618627,0.7914914,1.4068667,0.57155675,7.0588903,0.33136335,8.205441,1.0729961,25.355782,0.47111174,691.18945,0.348469,1360.9504,0.15152586,-135.7351,-0.6417733,1735.1226,0.15625414,1185.2628,0.4089395,-132.57512,-0.6238624,2745.465,0.10219437,941.8369,0.22100389,-133.97585,-0.6024159,-14.933949,-0.3903966,24.601248,0.29484585,0.035540015,0.57163006,-0.008020287,-1.5128064,0.039666012,0.6493365,30.188555,0.33545586,-0.78700453,-14.838673,14.701343,1.0067096,-22.779572,-0.52824455,-10.857405,18.610867,0.009416161,0.005231423,0.016922822,1.9396552,2.838428,0.12461538,0.10448521,0.2076923,0.23383604,-44.84537,ans,Ses04F_script01_2,Ses04F_script01_2_F009
256,28.136917,0.19265236,20.869198,30.565943,33.089134,12.219936,12.139583,14.823105,37.94557,1.7955608,0.23369192,0.64624465,0.08481789,0.17635497,0.36870718,0.2838893,2.6460648,1.1300486,2.444121,1.85718,0.06942158,0.9041303,28.376257,0.5088792,-2.8875618,-4.1690364,28.633253,0.47306338,-14.190842,-0.7255913,0.023049885,1.2601821,1.0566139,0.8006449,4.716408,0.75099856,5.3559675,1.2287093,24.24178,0.24214606,559.88904,0.34809148,1375.4626,0.20432612,-100.25836,-0.92458344,1705.005,0.15148614,1107.0361,0.24417666,-106.871445,-0.78807163,2619.466,0.08884933,952.2865,0.15849589,-106.67025,-0.7900483,-15.611656,-0.45081094,22.769817,0.28688565,0.034977246,0.60301566,-0.016726421,-0.93804365,0.0920626,0.6124776,34.05401,0.29339314,0.3769358,37.5372,29.82825,0.54043794,-14.724107,-0.7363986,-7.334848,12.912605,0.018956775,-0.0018965096,0.048671152,3.896104,2.6845636,0.1875,0.15769829,0.1625,0.085841425,-35.88533,q,Ses04F_script01_2,Ses04F_script01_2_M009
257,37.679264,0.14330694,33.612488,37.4412,42.28351,8.6710205,96.88589,57.770954,21.428747,10.303863,0.15691917,0.6410693,0.054555953,0.14128934,0.23690315,0.1823472,1.9717652,1.1566337,1.0316226,0.6746172,0.03796597,0.9251787,26.122555,0.36851707,-6.4380207,-1.8540769,11.793425,1.2095017,-17.410612,-0.88702613,0.02054342,1.3135369,1.2735767,0.47940513,6.851189,0.47766885,7.0960436,1.423103,19.234158,0.6175694,667.4443,0.33309862,1347.0851,0.1513991,-126.09169,-0.7276894,1687.8827,0.1690359,1141.7823,0.35216984,-116.2624,-0.77055013,2685.7085,0.07889991,990.0746,0.3510194,-119.20544,-0.7232402,-10.192697,-0.59594613,22.450926,0.29445472,0.0408903,0.5242158,-0.005309809,-2.5152965,0.06528576,0.53902817,28.861221,0.32939282,-10.162932,-1.3958241,7.111767,2.289982,-28.68543,-0.5354841,-9.680464,18.742188,0.006118919,0.0062277517,0.015836809,2.3381295,1.9963703,0.2190909,0.17026474,0.26181817,0.40020037,-42.246502,ans,Ses04F_script01_2,Ses04F_script01_2_F010
258,37.168102,0.07543191,34.706493,37.514782,39.283,4.5765076,44.45761,44.48966,16.445929,2.5233076,0.145945,0.6658898,0.055491317,0.12476607,0.21931055,0.16381924,1.3300763,0.86343884,1.0247992,0.59280735,0.032886256,0.86143833,30.655027,0.22859761,-7.654747,-1.24585,12.910794,0.96116126,-16.530985,-0.89627576,0.01709866,1.0474428,1.1215749,0.45529887,7.224849,0.3749717,7.5855875,1.063534,22.894333,0.45377332,728.93256,0.27074888,1398.6296,0.13439064,-123.08547,-0.7421604,1743.8774,0.12108049,1121.9194,0.26133072,-118.632355,-0.7420439,2805.962,0.08520068,1001.32416,0.3176289,-121.40216,-0.70255536,-12.274486,-0.37586114,23.46524,0.29709187,0.03977007,0.570495,-0.009354459,-1.1811386,0.04907376,0.5229494,34.573418,0.1693284,-12.509453,-0.92953,12.723307,1.1920675,-25.887869,-0.6013122,-12.111145,21.92384,0.01005419,0.0040083234,0.02019709,2.5096526,1.9493177,0.221,0.17632075,0.24636364,0.272906,-43.306557,o,Ses04F_script01_2,Ses04F_script01_2_F011
259,26.552172,0.114487186,23.775307,25.82384,29.731792,5.9564857,19.125011,8.6371565,17.635422,6.38984,0.20995699,0.7231809,0.06392252,0.18787432,0.31212622,0.2482037,1.7260839,1.0881202,2.212381,1.0700178,0.04614901,0.84813243,30.876701,0.4855513,-0.450807,-23.738,20.57944,0.7224672,-3.965138,-2.3379703,0.016010229,1.1272554,0.9289396,1.0895405,6.492348,0.33929336,3.5726705,1.5245085,28.292133,0.32546505,610.48627,0.37601906,1382.8123,0.13459252,-104.026474,-0.9233045,1675.471,0.13782567,1009.5068,0.26902452,-109.28755,-0.8142944,2713.137,0.11533291,1052.3718,0.28280815,-112.27719,-0.76686364,-16.029577,-0.39408723,24.604172,0.29465482,0.037746683,0.5311014,-0.015823763,-1.0017067,0.06598471,0.57640487,41.14462,0.24525389,-2.2737436,-5.153957,22.314192,0.80169845,-2.3862731,-4.868066,-9.577344,17.508823,0.007854257,0.0047708023,0.027439855,2.898551,1.4705883,0.332,0.14864723,0.27166665,0.18515009,-36.758724,q,Ses04F_script01_2,Ses04F_script01_2_M010
260,36.72643,0.09703239,33.10764,37.209023,38.747715,5.6400757,94.56602,102.13397,147.52278,316.57608,0.20107609,0.63914406,0.08341105,0.16747524,0.3045054,0.22109435,2.3098917,1.1321673,1.3862097,1.1988741,0.051194567,0.9140546,28.087631,0.2906779,-8.579365,-1.4699172,13.08974,1.0584102,-16.046036,-0.91667724,0.024952207,2.0706182,1.2918147,0.46934548,6.7611866,0.4942603,6.685422,1.6065291,20.377684,0.4279102,694.86816,0.35415074,1402.4679,0.17061982,-101.051025,-0.9130324,1688.0623,0.13905185,1147.7831,0.2995727,-92.41378,-0.9420051,2719.0503,0.08647395,1024.7917,0.36870685,-96.04712,-0.8740879,-11.48194,-0.5995101,23.167942,0.27844205,0.038602624,0.61451805,-0.0046198997,-3.068104,0.06723093,0.6819057,30.493382,0.24789898,-10.818655,-1.2235677,12.065442,1.3638246,-20.969292,-0.74824923,-9.417359,18.890295,0.0111643225,0.0052283215,0.026338028,2.7925532,3.0831099,0.17956522,0.1227751,0.14299999,0.17894413,-37.62562,o,Ses04F_script01_2,Ses04F_script01_2_F012
261,33.728504,0.12378679,30.428658,34.54596,37.130306,6.7016487,720.8257,981.4283,56.541916,22.766314,0.3398791,0.48467734,0.15895514,0.33836657,0.48855677,0.32960165,3.1948295,0.9289872,2.3569653,1.5128547,0.10132364,0.65432537,35.024418,0.22440131,-7.483528,-1.4935977,19.379925,1.1939508,-14.722859,-1.0205733,0.016545316,1.3280576,0.9670523,0.64494234,7.73687,0.51039416,4.551335,1.8215357,23.591259,0.39869413,712.1668,0.35103852,1286.1802,0.17470264,-65.85405,-1.2876414,1752.4175,0.1412488,1035.7709,0.36257797,-71.3813,-1.0598365,2772.652,0.105578475,898.2016,0.34260702,-72.9949,-1.0234871,-14.587672,-0.41144323,24.524775,0.23917384,0.050193064,0.41483703,-0.015078493,-0.9542352,0.112188995,0.5697844,36.674557,0.19989999,-6.69348,-1.6244385,18.6893,1.289756,-16.078585,-0.955976,-12.604157,21.688345,0.019563442,-0.004641234,0.061125606,5.4216866,3.10559,0.222,0.25222212,0.0975,0.059319053,-31.359097,q,Ses04F_script01_2,Ses04F_script01_2_M011
262,40.294678,0.11190417,36.58314,40.259693,44.16567,7.582527,143.43991,146.34543,40.395294,53.54966,0.2849123,0.7805714,0.10574837,0.21443641,0.42182204,0.31607366,3.4768136,1.9457881,1.8283741,1.1493444,0.09305806,1.2166151,26.32965,0.30048132,-12.526666,-1.1768829,11.226352,1.3952309,-20.42754,-0.8222932,0.024845663,0.9173529,1.2542832,0.46474087,6.5937304,0.51461536,8.421949,1.0918167,19.726347,0.50065166,764.173,0.31545067,1356.5284,0.16665849,-115.91424,-0.7783038,1772.7977,0.13542394,1132.3956,0.31084415,-103.513954,-0.83450735,2779.9214,0.09119744,994.3296,0.32223007,-105.98586,-0.79369146,-10.201295,-0.5550624,21.059916,0.26951072,0.047512937,0.49878836,-0.005673851,-2.3095295,0.1194258,0.9208531,27.355198,0.27305016,-14.619914,-1.0122224,10.60917,1.6045692,-29.319658,-0.5248425,-7.7931504,19.697475,0.019431682,0.0056168064,0.06453931,2.1818182,3.1707318,0.15807693,0.10455102,0.1416,0.17512693,-33.39267,ans,Ses04F_script01_2,Ses04F_script01_2_F013
263,33.541206,0.08138824,31.575165,35.013924,35.836563,4.2613983,95.59915,0.0,-57.80237,0.0,0.149674,1.1347514,0.056116506,0.06806318,0.1959878,0.1398713,3.0652084,2.6913817,2.1606455,1.2637304,0.03915567,1.5260586,21.460028,0.44316182,-1.0730762,-5.483661,22.37076,0.66265523,-10.584995,-1.0727199,0.024768783,0.6389463,0.67736113,0.88401794,5.761449,0.37164718,7.3711357,0.8927288,16.5782,0.38459128,531.1566,0.32911462,1242.3866,0.08301774,-181.5219,-0.30421013,1717.7762,0.099906825,841.63654,0.6253023,-183.60815,-0.26882264,2579.3574,0.0724934,1263.6244,0.22760688,-182.69928,-0.2849314,-9.628815,-0.36536604,14.532221,0.37814912,0.052333064,0.449554,-0.017226892,-0.73584807,0.17149267,0.38139495,26.3732,0.21332595,-6.102656,-0.9822321,43.959827,0.22285756,-24.640604,-0.61382365,-9.571595,16.406296,0.008994693,0.0012104621,0.026114939,2.2727273,1.1695907,0.074999996,0.055,0.50333333,0.31846854,-38.379044,b,Ses04F_script01_2,Ses04F_script01_2_M012
264,39.788757,0.09191506,35.93619,40.274673,43.38499,7.448799,131.16881,170.30504,113.85144,60.191193,0.22079213,0.87302005,0.057290778,0.1375666,0.39614177,0.33885098,3.280732,2.1182456,1.9202652,0.7755321,0.07027849,1.3873018,25.334553,0.20499082,-13.100108,-1.0957731,8.639494,1.7186832,-19.330006,-0.8732985,0.035512127,1.0992892,1.4785511,0.6143562,5.307444,0.8613451,1.3085518,9.429264,14.120779,0.90137595,724.54724,0.28754333,1410.343,0.23376915,-146.09003,-0.5709665,1721.4415,0.12486402,1111.2931,0.22809684,-139.22714,-0.60074234,2778.0835,0.0678725,924.70734,0.3184595,-141.17659,-0.5712562,-8.737769,-0.79398423,21.126192,0.25071564,0.042921916,0.4414333,0.0009907089,13.910536,0.14123794,0.93218666,25.197554,0.24139863,-18.532368,-0.8472077,4.495068,4.6722674,-29.992706,-0.6165418,-8.774859,18.909864,0.015302033,0.0047558285,0.037051417,2.1212122,2.7692308,0.108888894,0.08089011,0.20799999,0.23852882,-36.328033,o,Ses04F_script01_2,Ses04F_script01_2_F014
265,40.101868,0.10795853,36.38693,39.356438,43.336945,6.950016,111.10865,75.7916,30.431778,21.400934,0.20420745,0.80547535,0.06281538,0.14337318,0.34251207,0.2796967,2.4664745,1.4614395,1.2355355,0.8168253,0.057077035,1.1627858,25.455383,0.30093744,-12.455789,-1.1368902,13.395311,1.1854142,-17.123928,-0.86289924,0.033136718,1.700769,1.4911883,0.43198305,5.898528,0.5565676,5.2565446,2.1406937,17.984705,0.48564857,708.5996,0.30476764,1355.3215,0.13033952,-135.71965,-0.66330343,1713.5157,0.122058846,1116.7784,0.27816954,-123.34402,-0.72874516,2744.417,0.09138074,997.31323,0.3174305,-125.77319,-0.6892436,-9.09409,-0.79415715,20.794777,0.33381715,0.044347223,0.49447587,-0.004796621,-3.4857438,0.10386064,0.752552,28.73499,0.22867563,-19.655636,-0.8157919,7.5278096,2.5149338,-24.53624,-0.5641719,-8.941959,17.748268,0.012287118,0.004437763,0.0252268,1.559792,2.097902,0.18666665,0.15057299,0.26833335,0.2678878,-38.62904,s,Ses04F_script01_2,Ses04F_script01_2_F015
266,41.787796,0.086891,38.565292,41.29796,44.898132,6.33284,63.46401,36.40698,265.85043,591.6875,0.16255952,0.7744663,0.055645026,0.11552069,0.26467204,0.20902702,2.0296073,1.1848401,1.1915439,0.6672943,0.042252194,1.1539986,23.315979,0.35156804,-6.922302,-1.4616096,14.55525,0.91191334,-15.363149,-1.0085384,0.024132498,1.0023439,1.2733985,0.41260037,7.574933,0.4467825,8.806366,1.1654158,18.47739,0.63342285,835.1286,0.25550336,1331.6085,0.21948658,-153.56447,-0.5161901,1836.95,0.12939039,1071.6959,0.29704022,-144.6896,-0.5614376,2860.2617,0.086980864,992.2492,0.37347722,-145.92738,-0.5431127,-10.212998,-0.5704709,20.61253,0.3287088,0.04687683,0.45895916,-0.0060705612,-2.8322573,0.08334741,0.5911487,24.207064,0.38187173,-11.050152,-1.1120771,10.6863365,1.6943607,-29.164131,-0.46340466,-9.538035,17.22433,0.010456664,0.004816466,0.023714097,2.1714287,1.8390805,0.158125,0.15832004,0.3435294,0.60086155,-41.008125,s,Ses04F_script01_2,Ses04F_script01_2_F016
267,33.209343,0.14964764,29.119528,30.933422,39.88716,10.767633,18.074179,0.0,19.152771,28.967163,0.24757974,0.69429517,0.096530795,0.21183617,0.37742752,0.28089672,1.6885661,0.711543,0.91345733,0.38943547,0.058622953,0.8153135,25.513052,0.6505596,-2.0844615,-4.7532296,12.924876,1.1537427,-19.932102,-0.6545051,0.010421702,0.7262346,0.9713087,0.70390207,8.196659,0.22075914,3.4897482,1.9486068,27.848614,0.21015982,730.9988,0.27165097,1301.6455,0.19608289,-130.05428,-0.7142209,1810.4863,0.15594774,1036.219,0.4382034,-127.529205,-0.6846353,2881.4048,0.082182296,787.1614,0.25926754,-130.08664,-0.6477585,-14.913775,-0.24755728,23.441147,0.13719022,0.04040128,0.42828798,-0.030261928,-0.50081223,0.098638505,0.46510822,39.814316,0.14891465,-7.8769155,-0.8158457,10.675661,1.7268649,-28.04004,-0.4259914,-5.9935694,13.590792,0.006467829,-0.0003395456,0.035353232,1.3071896,1.3513514,0.29,0.099999994,0.42999998,0.32999998,-34.579147,c,Ses04F_script01_2,Ses04F_script01_2_M013
268,40.00809,0.112248346,37.953754,41.21621,43.26304,5.309284,236.8925,302.2149,-3.7231941,23.408907,0.19663455,0.5284546,0.0989973,0.17566769,0.30321467,0.20421737,1.2420446,0.7104709,0.89607656,0.48647302,0.048233695,0.69116837,25.080864,0.33784068,-6.3105955,-1.6841012,15.308311,0.85365796,-24.225737,-0.6527233,0.025757316,1.3975965,1.2565442,0.52271545,8.210801,0.4322243,8.642162,1.2686065,18.4096,0.57154435,762.01154,0.2706019,1273.2881,0.15936728,-116.23409,-0.7783302,1836.6208,0.13109341,988.1915,0.2845403,-109.76067,-0.7657898,2794.7505,0.087158985,954.6512,0.39832062,-109.83336,-0.7637783,-13.432514,-0.35462257,22.320374,0.27821356,0.040758625,0.5259627,-0.015350204,-0.84158194,0.06827593,0.4358402,28.28158,0.23061831,-9.370475,-1.1152866,13.953672,1.0744917,-32.569695,-0.37380606,-9.363173,18.360096,0.015080208,0.0011321073,0.027001448,2.7863777,3.1545744,0.153,0.1433213,0.15888889,0.17634842,-39.85607,s,Ses04F_script01_2,Ses04F_script01_2_F017
269,26.460861,0.14588004,24.437965,25.384928,25.929478,1.4915123,143.19011,55.083817,67.077385,72.765686,0.22200377,0.5458591,0.10479851,0.2117936,0.3630357,0.25823718,1.6837534,0.999403,1.1552707,0.62406397,0.040883366,0.69733363,23.089521,0.70412827,0.3188461,24.909145,13.903144,0.77830195,-19.515533,-0.953933,0.015122139,2.7555904,0.63920367,0.9603639,6.2763243,0.4178866,2.866359,1.2586629,23.937784,0.20186909,676.0064,0.27647102,1272.5889,0.09913329,-111.63627,-0.865953,1780.6622,0.17057489,1032.6696,0.34608978,-117.21427,-0.76530194,2760.403,0.09843927,790.7617,0.2401482,-118.72895,-0.74114496,-15.599665,-0.39441654,23.830957,0.22836098,0.03932165,0.3927771,-0.032386675,-0.63032985,0.05629383,0.42759523,34.27783,0.23271285,0.82312036,9.058015,14.409124,0.96686167,-27.571701,-0.7140962,-4.795493,13.006431,0.009039448,0.0032791595,0.030393815,2.5773196,2.1164021,0.2025,0.17654674,0.25,0.18934095,-37.960815,c,Ses04F_script01_2,Ses04F_script01_2_M014
270,42.663216,0.102986135,40.35665,43.90306,45.548187,5.191536,24.643814,14.22978,63.688507,101.654655,0.25169113,0.57736653,0.14211607,0.22623612,0.34408736,0.20197129,2.362387,1.6850561,1.3449868,0.8540138,0.07083216,0.88666034,24.914656,0.40541655,-11.727701,-0.9763021,6.556069,2.4265385,-22.763004,-0.6792127,0.014652874,0.82645047,1.0588523,0.40306243,9.654357,0.29239202,10.8192835,0.7606301,21.407328,0.4845992,796.8537,0.2829234,1341.7498,0.19540532,-81.66195,-1.088027,1802.9165,0.1259377,1081.8818,0.25775352,-73.19586,-1.0812865,2835.9153,0.100414455,995.92035,0.38763705,-77.097855,-0.9913967,-11.849792,-0.51633394,22.284885,0.3245606,0.049991492,0.41213083,-0.004732951,-4.0364056,0.08280046,0.68697983,26.939009,0.3486027,-13.660389,-0.8801652,5.058758,3.1484556,-26.210472,-0.54083234,-7.215631,16.272436,0.018054903,0.0042778924,0.034931332,2.2088354,1.8255578,0.37888888,0.420699,0.14888889,0.22834888,-34.701317,s,Ses04F_script01_2,Ses04F_script01_2_F018
271,33.59713,0.17025413,29.604671,32.428776,35.27536,5.6706886,23.711157,6.9195323,56.697258,62.293205,0.39833727,0.7018989,0.16199175,0.3502152,0.56486905,0.4028773,3.3960679,1.3240695,2.9554071,1.7272834,0.13056651,0.7917075,29.229023,0.5742557,-6.6286125,-1.8036505,7.2722764,2.7308326,-22.519688,-0.68465513,0.020671366,1.6113268,0.8845533,0.6665192,8.044797,0.4166116,-0.29141533,-30.721237,26.032064,0.43431398,752.2937,0.27631804,1297.2435,0.20830885,-109.291084,-0.88693386,1844.445,0.13482875,1132.2045,0.3348837,-113.179245,-0.7799486,2864.5386,0.103939906,962.4215,0.3653017,-115.280624,-0.7468124,-13.999292,-0.401217,26.722628,0.29920003,0.05638566,0.2991117,-0.029920666,-0.65105855,0.19523826,0.49886426,41.142643,0.26609388,-10.479656,-1.0904796,0.9869326,19.598553,-25.257193,-0.582198,-5.3086534,14.1244335,0.022138398,-0.002542237,0.07540721,2.8673835,1.459854,0.3225,0.12255101,0.272,0.19973983,-28.918894,c,Ses04F_script01_2,Ses04F_script01_2_M015
272,38.356075,0.09831646,34.741684,38.5122,41.700386,6.958702,170.92882,190.3174,202.21468,242.57904,0.28315514,0.71981305,0.108025566,0.23324484,0.398413,0.29038745,2.2793612,0.6970159,0.9300501,1.7981683,0.09165815,1.0094527,28.954075,0.2736425,-6.3930607,-1.9662579,10.790143,1.9594554,-23.410675,-0.76614094,0.02839522,2.0336914,1.1058818,0.52066875,8.1688795,0.4249711,7.51959,1.4505494,22.280882,0.40201136,711.7078,0.3061189,1435.7172,0.15254179,-87.405785,-1.0725611,1699.3179,0.1391513,1206.9608,0.37103638,-81.67491,-1.0082018,2762.914,0.086445004,896.05035,0.3048074,-83.58221,-0.96567327,-14.062036,-0.4180428,25.29248,0.20146762,0.04861153,0.49153185,-0.015175401,-0.9025746,0.118233345,0.8428729,31.871904,0.18261416,-8.378107,-1.6128136,8.842995,2.5515947,-27.821554,-0.6851436,-9.915807,19.326437,0.01779871,-0.0005415205,0.03439812,2.4734983,2.5270758,0.25142857,0.2725241,0.12428571,0.1326496,-32.59357,c,Ses04F_script01_2,Ses04F_script01_2_F019
273,34.026188,0.11089155,32.537045,34.081333,35.367672,2.8306274,38.14296,30.559422,230.0271,254.37091,0.32863185,0.87651074,0.08011888,0.19340308,0.6210722,0.5409533,4.6638556,4.2039504,5.249734,1.9779155,0.12507182,1.1720299,31.202168,0.31865394,-3.2020276,-3.3746922,21.389671,0.7445631,-21.004,-0.8440327,0.024327107,1.2518035,1.1487026,0.71243316,7.476188,0.46902242,4.483602,2.9636927,18.27971,0.3393086,640.92114,0.28182214,1350.7949,0.13259943,-114.50978,-0.79745024,1722.6062,0.12722428,896.82404,0.27840042,-110.476616,-0.7691133,2734.654,0.08472585,883.12256,0.2914709,-111.324425,-0.7531169,-15.08283,-0.32019958,23.811403,0.18186872,0.044033714,0.4474187,-0.023257837,-0.853313,0.17895533,0.7759115,35.36439,0.21261829,-4.7420244,-2.5111818,23.00313,0.83959484,-20.719542,-0.8686754,-12.569706,19.4054,0.01783603,-0.01294505,0.07620176,1.9138757,3.4313726,0.13714285,0.18436876,0.13428572,0.20098734,-28.885904,q,Ses04F_script01_2,Ses04F_script01_2_M016
274,39.604294,0.114230126,37.11733,39.62879,43.858364,6.7410355,38.023125,17.76541,-0.015530904,29.69154,0.33150235,0.9821332,0.07096485,0.19807802,0.5318232,0.46085837,7.963424,7.394555,3.368287,3.1625097,0.11803833,1.2945288,24.445118,0.41308,-2.9917803,-4.5638433,13.916701,1.2872772,-21.801409,-0.6869044,0.028362,1.850927,1.0167493,0.57960343,8.030233,0.41465703,15.379482,0.6631906,21.78588,0.4096334,696.8421,0.26461193,1304.9265,0.14818113,-120.629326,-0.7558589,1809.3845,0.103732675,945.81305,0.33357134,-109.52777,-0.76946074,2826.394,0.07394902,1052.5483,0.47211355,-108.36432,-0.788869,-12.983302,-0.47174835,21.724297,0.36230788,0.05405843,0.39017898,-0.020039061,-0.6551909,0.20075026,0.86312324,28.126541,0.353808,-6.606084,-2.2444928,16.057894,1.2861605,-30.14612,-0.49683985,-9.662612,18.348383,0.017752022,0.00045845725,0.029557101,2.4793391,2.542373,0.195,0.17231269,0.17833334,0.14553541,-29.887806,ans,Ses04F_script01_2,Ses04F_script01_2_F020
275,31.2582,0.23759279,23.680876,28.264324,39.355415,15.67454,231.71481,311.58212,30.007076,24.487617,0.22743547,1.1408188,0.053125683,0.10549798,0.38321057,0.3300849,5.4734683,5.879669,3.2547438,2.707514,0.07278278,1.5676411,27.19576,0.38804516,-3.449639,-2.593334,21.064243,0.7962735,-12.998408,-1.2193906,0.023300344,1.8438858,1.0157305,0.78942406,6.232011,0.51682204,9.835445,0.84839123,20.590452,0.3427321,665.3939,0.30692253,1307.1422,0.21749857,-142.66003,-0.6063057,1830.3483,0.12457515,815.13336,0.41126767,-139.01349,-0.5992364,2803.3843,0.081570424,1053.5872,0.4099855,-138.0986,-0.61220825,-13.123557,-0.43767467,20.474707,0.35651237,0.041931964,0.5855694,-0.02553049,-0.7993986,0.16606545,0.90898806,31.190134,0.3373473,-3.5680966,-3.6007657,27.734295,0.780711,-22.528261,-0.8819298,-11.047128,18.38783,0.006403882,0.0018009761,0.02496838,1.9538189,1.4336917,0.22999999,0.22299102,0.39666668,0.71547955,-32.560947,s,Ses04F_script01_2,Ses04F_script01_2_M017
276,42.238396,0.04102162,40.103924,42.950394,43.65627,3.5523453,24.93819,5.4243603,10.393453,22.886446,0.08705588,0.70366925,0.05359417,0.057302043,0.11167632,0.058082152,1.2910001,0.6007696,0.8696346,0.7737517,0.017902201,1.1490787,26.200016,0.14553241,-5.68737,-0.8334908,15.87818,0.38240224,-12.364973,-1.034955,0.026642703,0.81727684,1.5645716,0.59782386,7.0888586,0.4776791,12.711233,1.0570436,19.842745,0.2436428,578.54877,0.21805409,1597.0338,0.32436335,-189.17084,-0.24118558,1587.8771,0.07190014,1093.7458,0.15997855,-180.33871,-0.30730933,2639.1545,0.04714444,976.6517,0.40586883,-180.7595,-0.30046594,-11.18271,-0.22944339,18.944334,0.1578075,0.025272632,0.41832775,-0.008216232,-0.90231276,0.045649856,0.5566209,27.637108,0.13498433,-14.659716,-0.4173436,13.049728,0.7502922,-28.335865,-0.3376494,-11.3660145,19.188597,0.009246793,0.0030112485,0.01447687,1.5479876,0.9433963,0.11,0.008164966,0.92333335,0.79851246,-49.25133,o,Ses04F_script01_2,Ses04F_script01_2_F021
277,24.731127,0.17563097,21.37746,23.819061,28.654503,7.2770424,179.24452,105.5807,7.4717155,8.4723835,0.12541835,1.0870652,0.05415626,0.059189588,0.16567889,0.11152263,2.664007,2.9503224,2.204117,1.5443792,0.028356373,1.5859035,27.198517,0.32305261,-4.9556484,-1.5600976,18.007374,0.5178344,-6.942408,-1.2487841,0.016326569,0.6161004,1.0771718,0.6522837,4.7364683,0.4758222,4.3136916,1.076889,23.4325,0.30419898,596.0295,0.35962453,1309.8534,0.12318307,-165.66849,-0.43806586,1609.6356,0.1472045,990.1759,0.27577886,-166.78275,-0.41883928,2660.7725,0.10375164,939.9293,0.24528836,-167.7017,-0.4049688,-12.522817,-0.36463135,20.788465,0.27723938,0.027852193,0.7790284,-0.013600223,-0.9937716,0.08647483,0.813419,38.3633,0.22414592,-7.3543477,-1.5876029,22.807373,0.73914814,-6.329882,-2.4698195,-10.468817,18.073301,0.00618971,0.004671129,0.015337761,1.4102565,1.032258,0.16875,0.118367806,0.6922222,0.85158384,-39.06256,q,Ses04F_script01_2,Ses04F_script01_2_M018
278,34.999287,0.050952293,33.204575,34.657433,36.838264,3.6336899,19.036255,9.86524,20.627392,11.897799,0.09971706,0.6108287,0.059514716,0.07255833,0.12798841,0.0684737,1.2006309,1.2149099,0.6220587,0.41958666,0.017303912,0.66275144,24.743633,0.22673559,-0.3341067,-17.125961,18.312166,0.4355154,-9.248368,-0.87539047,0.013679232,0.6683164,0.80548686,0.6026483,9.598053,0.1909697,3.1230495,2.2479508,18.498861,0.2580581,722.2515,0.31066722,1408.1707,0.12186744,-152.15903,-0.52451783,1825.9717,0.12973765,1059.1703,0.32096884,-151.08711,-0.5124536,2783.9097,0.106605895,1104.9144,0.32965055,-151.35474,-0.50872016,-15.955803,-0.23673931,23.560665,0.24396348,0.01927644,1.0563521,-0.007744368,-1.0692639,0.029926864,0.4069371,30.664963,0.18313472,1.1973432,7.9411917,25.153696,0.42939755,-14.402287,-0.79571766,-11.904211,21.267307,-0.005264004,0.005067751,0.012413537,1.2345679,0.62695926,0.45,0.12,0.7466666,0.5758665,-46.3179,q,Ses05M_script01_2,Ses05M_script01_2_F000
279,26.188671,0.034638043,25.015308,26.230026,27.04341,2.028101,74.16702,46.94275,6.9408326,4.450894,0.0792081,0.41459945,0.056901015,0.06362125,0.10396843,0.04706741,0.6708416,0.61067003,0.3347005,0.30014333,0.014489506,0.52531487,25.148003,0.20397773,-1.56883,-2.7319024,16.501177,0.32905355,-9.250905,-1.0870259,0.013780425,0.25094578,1.9799895,0.4215296,2.2491117,0.5999366,2.5076408,1.3546968,19.470512,0.22708967,521.47614,0.35160327,1426.5415,0.20907725,-187.96367,-0.22857173,1429.3273,0.1755196,1316.364,0.45043895,-187.7694,-0.22582361,2535.5386,0.089641415,707.63293,0.22971694,-188.37268,-0.21548976,-13.797086,-0.21046585,21.660965,0.1652048,0.014669188,0.9049109,-0.01810147,-0.84961975,0.028309865,0.23411725,31.186777,0.16696605,0.8830871,6.923664,11.153224,0.77572185,-27.378538,-0.4409492,-12.2512045,21.215853,-0.0019607474,0.0058351364,0.013656533,2.419355,1.6460906,0.0325,0.008291562,0.442,0.4180622,-53.001274,q,Ses05M_script01_2,Ses05M_script01_2_M000
280,35.072075,0.07437392,32.75461,35.087074,37.26851,4.5139008,24.901316,16.651123,19.793562,8.119467,0.15389483,0.6513543,0.055850767,0.11999654,0.26596624,0.21011546,1.7256958,1.3719065,1.5825573,0.73192763,0.029224353,0.7050502,27.098337,0.401556,-0.31165966,-35.175396,18.983282,0.65541995,-11.236945,-1.1445525,0.015652444,1.0966048,0.8539017,0.733258,9.473105,0.32262987,6.3260183,1.4509518,21.343655,0.38008785,654.9299,0.31903434,1382.8046,0.14722753,-110.2718,-0.8310354,1679.6774,0.13553369,981.40485,0.31702226,-109.92963,-0.79697615,2746.2834,0.082974315,879.43274,0.32726738,-113.20473,-0.7441334,-14.105299,-0.456821,23.989532,0.26007685,0.019561425,0.964356,-0.007084506,-1.7479503,0.041641533,0.47423697,32.145344,0.30646804,-1.4070038,-9.816758,19.728271,0.80923045,-17.67743,-0.7792019,-12.048908,21.110798,-0.010787629,0.0070970096,0.016918415,2.673797,1.3550136,0.36599997,0.11019981,0.29166666,0.28439507,-40.589607,q,Ses05M_script01_2,Ses05M_script01_2_F001
281,34.73754,0.21469727,27.379898,31.237797,44.56896,17.18906,64.32149,41.968044,1.8055468,7.058143,0.09164151,0.69318414,0.053264644,0.063742034,0.12097554,0.06771089,1.1732336,1.1221287,0.8334754,1.4415557,0.020710316,1.1760924,23.878292,0.24482335,0.2263006,36.9607,20.007105,0.4580807,-6.053714,-1.5383186,0.024162548,0.827267,1.2714972,0.53461623,7.778692,0.42800972,9.389994,0.70351917,23.829206,0.39851806,636.9681,0.36291662,1414.9054,0.15460937,-172.9992,-0.36953372,1678.0415,0.11356628,1117.0574,0.572633,-171.10469,-0.36714193,2680.7937,0.09525096,1003.17206,0.35429603,-171.59885,-0.35936797,-16.175655,-0.3426919,25.413542,0.23756605,0.026280137,0.8861145,-0.002320423,-4.8545065,0.050274152,0.7236269,29.67049,0.19884914,0.26215583,50.34295,23.560402,0.72152096,-13.512734,-1.2200106,-12.154963,20.693089,-0.004030742,0.007376049,0.014651287,1.4466547,1.6453383,0.09333333,0.04666667,0.49444443,0.694552,-46.072502,ans,Ses05M_script01_2,Ses05M_script01_2_M001
282,38.804386,0.12153921,33.170258,39.582706,43.28607,10.115814,101.54838,60.642952,5.5316377,7.9789524,0.18459773,0.67632055,0.07886774,0.14651203,0.2733811,0.19451338,2.6104422,2.2293203,2.3149629,1.7021161,0.043746337,0.88325804,23.000296,0.47169322,-1.2134097,-12.828256,14.489943,0.8144181,-14.018373,-1.0398655,0.019910512,0.98259044,0.953122,0.57564855,9.577835,0.32556194,5.525471,1.6545324,19.547329,0.4197953,695.7711,0.33982238,1426.963,0.18073241,-115.75264,-0.7744854,1689.0662,0.13729312,1068.2512,0.30013272,-108.78438,-0.79642713,2793.6736,0.095896415,991.53015,0.33110103,-112.35877,-0.7390976,-13.005797,-0.51725376,23.763435,0.30797508,0.0319598,0.5746587,-0.0046608364,-2.59273,0.06465621,0.6011274,28.866375,0.30410776,-7.866362,-1.9911375,11.982515,1.0487123,-21.930443,-0.6329696,-10.756227,17.705963,0.0019349803,0.0051564896,0.023350857,3.4013608,2.4221454,0.20142856,0.2593634,0.16624999,0.15090871,-39.848938,s,Ses05M_script01_2,Ses05M_script01_2_F002
283,29.7304,0.104934976,27.081436,28.90717,32.66505,5.5836143,46.357304,62.890194,28.304735,24.272125,0.10559534,0.48674935,0.055970274,0.097639695,0.14949639,0.09352612,0.855958,0.42550912,0.70124394,0.43953043,0.023386467,0.6529672,28.13769,0.25103778,-0.34605494,-23.881372,20.839281,0.54368985,-9.404435,-1.058843,0.019401832,0.9407981,1.2762091,0.39481035,5.2437353,0.4242266,5.1079097,1.4974047,26.975716,0.28804806,599.70624,0.34820178,1371.1543,0.13574532,-146.81537,-0.56580937,1675.7366,0.15685597,1074.9834,0.23936698,-148.76544,-0.5203858,2666.7996,0.1043407,1041.9813,0.3794,-149.87827,-0.5048945,-16.551498,-0.25425318,25.399975,0.2513764,0.021933429,0.80444336,-0.010712313,-1.2240103,0.033070404,0.36787352,33.087975,0.21045338,4.2078557,2.036522,22.603392,0.6351555,-15.2020645,-0.84577036,-12.555749,21.518042,-0.00026988745,0.0048751542,0.019530179,2.7,2.1105528,0.12904762,0.0817024,0.3395,0.5629162,-47.158962,q,Ses05M_script01_2,Ses05M_script01_2_M002
284,33.023434,0.06893242,31.193258,31.717709,35.851532,4.6582737,-3.766496,0.0,8.350354,0.0,0.07816281,0.45780715,0.051519405,0.05574116,0.111282274,0.05976287,0.60210085,0.68812263,0.6885663,0.47014192,0.012562635,0.5402301,28.919903,0.2181861,1.0030136,6.333237,17.090967,0.38544592,-5.7054796,-1.1759953,0.015048201,1.1123616,0.8098236,0.7956134,9.725589,0.17710921,0.5727698,9.272543,20.455868,0.22645907,737.29675,0.27088842,1480.8348,0.117798775,-140.96129,-0.59767455,1811.6763,0.12084621,1091.0552,0.22886536,-142.34909,-0.564847,2838.3774,0.08601784,1248.3556,0.31102428,-144.20926,-0.5401545,-18.978773,-0.20056602,27.731304,0.2098372,0.0049295095,2.838168,-0.0075580636,-1.1266562,0.017718261,0.4521363,34.446877,0.18415068,5.28962,1.5023304,20.584246,0.46598253,-5.6470523,-1.6155512,-13.783362,23.785332,-0.008730113,0.006844569,0.0100821685,1.6666667,0.85106385,0.39,0.25,0.50666666,0.33638602,-48.490936,c,Ses05M_script01_2,Ses05M_script01_2_F003
285,28.921585,0.03811227,28.233252,29.178284,29.79799,1.5647392,14.978778,1.4384949,14.076558,7.789698,0.06960256,0.3680886,0.051271427,0.056047987,0.09131413,0.040042702,0.7230602,0.67375886,0.43442282,0.23552267,0.015680337,0.62131923,27.666143,0.1501983,1.4669183,4.2395926,22.480362,0.4149485,-4.516298,-1.3890443,0.023442335,0.6072216,1.4923302,0.3501417,5.4544244,0.31822968,13.777769,0.5264044,29.138464,0.13741264,689.53644,0.29443467,1523.8287,0.10167136,-160.11777,-0.460018,1736.4515,0.11061216,1091.0399,0.2674631,-161.99207,-0.43033573,2750.27,0.09904275,948.8182,0.19733045,-162.28452,-0.42617986,-19.992628,-0.14430791,26.211508,0.12933496,0.00470029,4.3121414,-0.0026502067,-3.778367,0.02223638,0.34329662,31.304806,0.18139727,9.12615,0.73858005,28.286242,0.32285973,-2.224057,-3.941875,-14.577581,22.966196,-0.010120348,0.005603477,0.013951905,1.8126888,1.5337423,0.136,0.06711185,0.49199998,0.51781845,-51.23664,q,Ses05M_script01_2,Ses05M_script01_2_M003
286,33.88938,0.032888852,32.895737,33.825443,34.534985,1.6392479,18.859394,8.206241,-2.4162242,11.415303,0.10055284,0.80840284,0.051761307,0.0558274,0.1575885,0.10582719,1.7266634,1.0131367,1.4725547,0.86991495,0.019033575,0.8172585,28.267122,0.24484073,-4.6464324,-2.0232468,13.221178,0.4407125,-10.154474,-0.8800933,0.02147637,0.9794937,1.3478287,0.63686335,6.72783,0.24921216,-3.657281,-1.1457181,16.587572,0.25220862,537.12994,0.1552455,1340.4839,0.081417404,-156.13809,-0.5144808,1534.8246,0.06508902,1037.9022,0.07894814,-156.73586,-0.4957607,2667.684,0.03665911,764.1084,0.20154859,-159.01929,-0.4627767,-9.898409,-0.47914147,21.57578,0.1799583,0.018947506,0.6798681,-0.008726512,-1.2432642,0.0441687,0.2601476,37.54408,0.0906234,-17.248566,-0.552914,7.6243243,1.0769691,-22.300848,-0.3035859,-13.235391,22.027458,-0.009304977,0.0053189253,0.011669308,2.419355,1.234568,0.17999999,0.061644137,0.45499998,0.42652667,-47.827675,ans,Ses05M_script01_2,Ses05M_script01_2_F004
287,30.31544,0.09719407,26.339214,32.147373,32.836098,6.4968834,86.862785,0.0,-16.736715,0.0,0.067416325,0.44911543,0.05204542,0.054945726,0.06784682,0.0158014,0.36921957,0.36891302,0.26725754,0.22274409,0.013714093,0.6753492,25.857573,0.22770192,0.5688745,11.33668,14.187321,0.36844805,-9.287859,-1.0881019,0.015192595,0.8012988,0.84117854,0.6050049,4.725497,0.501612,4.463966,0.9237268,30.094412,0.19915049,648.8162,0.2530687,1407.4868,0.10585769,-189.10587,-0.23661818,1727.0178,0.16835459,1400.3475,0.26152554,-190.23994,-0.2129461,2701.0874,0.08309249,1143.8699,0.13073972,-190.60751,-0.20475902,-15.4532995,-0.20067345,23.354427,0.18750879,0.024041992,0.3735794,-0.019463025,-0.47302157,0.031144733,0.23847702,29.485102,0.34114477,12.24241,0.8840642,8.467516,0.6638787,-32.964504,-0.14397748,-13.728244,23.558468,-0.010293422,0.004598518,0.012706926,1.4836795,0.60240966,0.089999996,0.03,1.03,0.086023256,-53.417393,q,Ses05M_script01_2,Ses05M_script01_2_M004
288,37.306614,0.12474696,31.768185,39.238518,41.601387,9.833202,27.927834,4.733551,21.227104,0.0,0.15277594,0.8562196,0.0509726,0.06844031,0.2685921,0.2176195,1.2682008,0.81936026,2.6393683,1.3623143,0.02822116,0.8480864,28.184952,0.26062596,-5.95308,-2.1745114,14.461294,0.5942965,-14.185968,-0.91821575,0.015509526,1.067717,0.8971982,0.7492341,9.585225,0.42518434,4.617107,1.4447007,18.255917,0.45117456,708.0892,0.3156569,1344.4733,0.11799,-129.40901,-0.69547147,1730.5184,0.15011707,1101.6517,0.2664372,-127.71985,-0.687169,2746.8083,0.095233545,988.4651,0.35583326,-129.97955,-0.6526439,-11.36712,-0.5368939,21.921968,0.30749896,0.022204677,0.62592334,-0.008719989,-1.1925192,0.05182769,0.36409622,32.49236,0.19813682,-14.769866,-1.0935538,12.970625,0.92675203,-27.10386,-0.4189441,-13.6193285,23.027046,-0.009595125,0.0046318243,0.013203172,2.542373,1.2987013,0.29999998,0.15121728,0.33499998,0.2927883,-41.54264,q,Ses05M_script01_2,Ses05M_script01_2_F005
289,27.155375,0.06694815,27.165688,27.81254,28.244726,1.0790386,-18.062378,29.300203,17.8569,3.6920862,0.06630615,0.35124037,0.05112034,0.05486372,0.07705165,0.025931306,0.37036714,0.20690268,0.25978807,0.19833702,0.012737603,0.52457494,24.909239,0.24501187,0.9189333,9.637165,17.791737,0.23926596,-7.7876143,-0.7623889,0.017843083,0.5634991,1.1540135,0.2961411,5.6053205,0.30970192,4.992588,0.8713594,32.242382,0.120573826,676.2032,0.2897411,1463.8458,0.08261223,-184.7829,-0.27380094,1734.0425,0.11450351,1185.3789,0.14481647,-184.98933,-0.26041037,2837.8545,0.0689541,1064.6691,0.24423519,-185.45659,-0.2518833,-20.711937,-0.15794939,31.1384,0.14184216,0.011826065,0.82450485,-0.00065590336,-14.268229,0.02598601,0.28488302,36.42745,0.19339938,9.848606,0.4822608,22.231094,0.22385418,-6.8499584,-1.1401799,-13.064997,21.581306,-0.010597206,0.007621558,0.0113729825,2.3809524,0.6042296,0.145,0.105,0.98999995,0.676215,-52.955578,c,Ses05M_script01_2,Ses05M_script01_2_M005
290,38.31582,0.14048824,33.06447,38.03518,44.468407,11.403938,75.4366,49.604156,58.461758,31.829689,0.21280828,0.73894894,0.059754997,0.20088924,0.32297546,0.26322046,2.2460918,1.2097163,1.359726,0.6981999,0.048946336,0.98230976,22.559061,0.5395495,-6.189667,-2.3996766,12.328001,0.85128105,-16.196627,-0.7690367,0.016026746,1.3204892,0.9542802,0.65655625,8.509593,0.4171373,6.4449806,1.3672402,18.305012,0.35402194,705.5404,0.34937912,1384.8234,0.17724961,-125.02356,-0.71986824,1660.0951,0.15080535,1031.3174,0.26623097,-118.0162,-0.760459,2734.1838,0.1028876,887.5493,0.32990173,-121.65449,-0.7030947,-9.460993,-0.79009575,20.859299,0.36644053,0.028889261,0.6708602,-0.00068451144,-24.501652,0.07626248,0.57504535,26.322124,0.41006058,-11.00777,-1.5980145,10.40439,1.312017,-23.43542,-0.5780485,-8.635638,17.877,-0.002633203,0.0066748788,0.027698288,2.5380712,1.7994859,0.23857144,0.16119452,0.25875,0.29062164,-38.64964,o,Ses05M_script01_2,Ses05M_script01_2_F006
291,30.512451,0.1658162,24.886078,30.456032,34.402607,9.516529,315.05545,258.9686,73.11344,50.188534,0.08221351,0.43811268,0.05441115,0.063764386,0.11124332,0.056832172,0.5479504,0.23142056,0.517824,0.35347456,0.018279746,0.68602574,28.69705,0.22097845,-1.1409558,-4.7260833,17.898766,0.4893145,-8.692852,-1.0475882,0.04852242,0.5343029,1.6005765,0.70621866,4.326579,0.6096529,8.223349,1.024848,26.13972,0.19167,641.5313,0.24755523,1499.0234,0.16624776,-185.04926,-0.2506406,1651.4666,0.13759151,1120.132,0.24979715,-185.01318,-0.24417938,2713.2683,0.07569465,877.3833,0.1681904,-185.32303,-0.23946664,-16.303698,-0.1856678,25.177984,0.12827675,0.021424409,0.681128,-0.0054683215,-1.8479431,0.030649407,0.35563144,34.96813,0.1536059,-0.029028475,-203.39081,24.20456,0.46527025,-12.04517,-0.90308136,-13.777245,22.733953,-0.0022954706,0.001975104,0.017226862,3.0303032,1.9553072,0.035714284,0.019166298,0.39749998,0.4672459,-50.418663,o,Ses05M_script01_2,Ses05M_script01_2_M006
292,39.09688,0.083018474,36.38338,39.061977,41.989307,5.6059265,44.626728,22.151093,31.554308,27.047821,0.24112715,0.6912046,0.0729413,0.21882536,0.36729833,0.29435703,3.45461,1.5820762,2.2943478,1.5877763,0.063569255,0.88418186,24.335272,0.4863522,-1.5925666,-8.904765,16.507385,0.8424885,-21.204504,-0.88095605,0.021152128,1.345897,0.9247868,0.78360665,10.005876,0.3399825,10.850587,0.86186093,20.968134,0.47731617,757.7051,0.2965565,1349.8591,0.1585066,-112.61638,-0.791513,1813.1022,0.14709428,1055.9594,0.32861775,-103.97761,-0.81696755,2864.4158,0.09758485,966.4949,0.34357706,-106.02807,-0.7823704,-12.960979,-0.5385325,22.839548,0.35989732,0.03462585,0.5430032,-0.00904605,-1.5483633,0.08917136,0.63451123,27.65449,0.3663587,-5.190952,-3.0321133,14.453981,1.0954484,-28.18092,-0.67838115,-11.224301,19.360867,0.0011288186,-0.000104860985,0.03352005,3.2828283,2.2871666,0.22944444,0.19466417,0.18666665,0.21121342,-36.009563,o,Ses05M_script01_2,Ses05M_script01_2_F007
293,30.010902,0.16336937,24.632702,30.769087,34.28357,9.650867,3.0143738,0.0,23.784266,0.0,0.1043196,0.68055266,0.05214665,0.06353782,0.1602777,0.10813104,0.77073336,0.5195963,0.5818351,0.42144644,0.023979587,1.0713649,26.041628,0.29149073,-2.959289,-2.0296214,17.691633,0.5571605,-12.533497,-0.999984,0.01564738,0.63762903,1.3271204,0.44171855,4.7282777,0.6027924,4.930685,2.007255,22.783186,0.36988312,651.6444,0.32096985,1394.0249,0.1225972,-168.96512,-0.41768432,1695.2925,0.20176786,1133.2903,0.15983464,-168.4294,-0.40311143,2708.92,0.084984854,986.17566,0.31416273,-169.48137,-0.3874823,-16.002224,-0.3783395,26.7679,0.20022853,0.029577501,0.69628435,-0.013854913,-1.5411775,0.049473397,0.39165395,35.0574,0.07862207,-1.4784137,-6.8468733,10.749738,1.3523291,-23.828585,-0.8220881,-11.5504675,19.778112,-0.0008923657,0.004339268,0.018905398,1.4749264,1.1976048,0.1375,0.0775806,0.53999996,0.5839178,-46.30781,q,Ses05M_script01_2,Ses05M_script01_2_M007
294,34.30608,0.07309026,31.963661,34.41215,36.684624,4.7209625,83.428894,157.32442,19.00113,8.990338,0.19140115,0.6572817,0.053280927,0.18066013,0.31477165,0.26149073,2.3561115,0.9888225,1.948985,0.97268885,0.041960347,0.7811525,29.793457,0.43419328,-3.9491644,-3.4043267,14.665223,0.94789547,-12.039486,-1.081982,0.01478596,1.1023687,0.9843424,0.81157476,8.5457115,0.36989364,3.5117395,2.8557491,21.013988,0.49695355,679.2043,0.2905605,1400.9939,0.1408758,-103.164246,-0.8944014,1691.9838,0.15996975,1079.8032,0.3344356,-104.541245,-0.8464131,2760.825,0.10092741,1008.47046,0.33085635,-109.30884,-0.767238,-12.306111,-0.538822,24.098083,0.34338123,0.026626099,0.79463565,-0.009001721,-1.292622,0.06169866,0.4900956,37.189518,0.25181207,-8.264715,-1.7221894,12.455343,1.3875691,-15.604965,-0.97805154,-11.448059,20.200571,-0.0048776777,0.005225214,0.019920457,3.4115138,1.607717,0.32066664,0.33405522,0.263125,0.40360436,-39.10208,ans,Ses05M_script01_2,Ses05M_script01_2_F008
295,34.84957,0.08805707,31.664093,35.46544,38.198284,6.534191,23.897236,3.151639,14.236886,14.182386,0.09570221,0.534294,0.053349733,0.078062125,0.14345561,0.09010588,0.5148467,0.3330366,0.49849552,0.3217109,0.02410234,0.7877681,29.06502,0.3020066,0.14015779,51.951977,15.511096,0.6214439,-8.051437,-1.0653902,0.021056743,0.96246845,1.058399,0.44501996,6.961753,0.43050152,9.910378,1.0855247,33.488445,0.18212461,717.588,0.2803293,1490.0428,0.10552588,-168.1041,-0.42260098,1738.2839,0.11723157,1198.7034,0.22833337,-167.67303,-0.4035017,2882.1226,0.09810744,1134.1833,0.21791722,-169.68594,-0.37405878,-16.968243,-0.21970795,27.170847,0.1575346,0.03609298,0.58150584,-0.007831568,-1.6832633,0.047788948,0.36654416,39.810497,0.13092633,-1.5426064,-5.1507773,8.167265,2.0292082,-10.54679,-1.2844355,-14.325507,23.349197,-0.0045319833,0.003338362,0.01895644,2.0316029,0.913242,0.195,0.19525623,0.70199996,0.79773176,-46.719078,q,Ses05M_script01_2,Ses05M_script01_2_M008
296,33.273594,0.073066466,30.85571,33.18168,35.48082,4.6251106,49.932312,35.601593,26.470728,14.282876,0.15648313,0.8025826,0.053455237,0.1212543,0.23500355,0.18154831,1.7977797,0.8963221,1.6649908,1.0951396,0.034532808,1.0454315,27.959997,0.35712123,-2.9424007,-4.0381775,16.123163,0.76920605,-10.684089,-1.0793041,0.02273073,1.4993203,1.0427994,0.6618013,7.4612093,0.40326136,3.0630658,2.7885265,19.797096,0.40550634,621.0161,0.31340018,1354.2709,0.14842947,-123.59399,-0.73511446,1674.5941,0.14407957,1001.9155,0.23718397,-124.06081,-0.7058541,2710.8486,0.083509594,970.0655,0.33933,-127.09905,-0.66043437,-11.256345,-0.60272944,22.429188,0.30194733,0.027696898,0.668949,-0.006198857,-2.0061715,0.05898539,0.7016329,33.68519,0.24648212,-7.507563,-1.9148364,17.057322,0.99536425,-17.129986,-0.7914064,-12.346583,21.182592,-0.004796355,0.004811584,0.017308222,2.1582735,1.9300362,0.208125,0.121563695,0.27235293,0.3943055,-40.72894,o,Ses05M_script01_2,Ses05M_script01_2_F009
297,36.973892,0.18574452,29.907484,39.15351,43.820778,13.913294,149.67525,133.6331,130.15842,154.95,0.27523738,0.9733823,0.059412204,0.17924482,0.43858922,0.379177,5.189068,4.170954,2.7201397,2.8808017,0.092855945,1.3346456,29.063995,0.33100596,-10.840113,-1.2215524,18.69864,0.6624663,-20.151382,-0.8255111,0.028260741,0.99198025,1.1186634,0.44171643,5.7159443,0.58018327,3.401749,2.0685472,19.990648,0.5629029,797.7595,0.25579357,1297.6373,0.1441167,-128.23428,-0.70084524,1805.5847,0.11670125,1070.5548,0.28861275,-124.047325,-0.6849167,2791.756,0.08318818,916.1192,0.28028738,-125.41139,-0.6659752,-9.271372,-1.0538135,18.349522,0.5458405,0.039334055,0.38857877,-0.007483393,-2.0245323,0.16832648,0.95577514,28.383703,0.4275774,-16.391201,-1.004399,16.309238,0.9136983,-29.605402,-0.6068098,-12.549968,20.134148,0.014868439,-0.0007600466,0.03854498,2.142857,4.0145984,0.09363636,0.10747284,0.148,0.1829098,-33.234722,q,Ses05M_script01_2,Ses05M_script01_2_M009
298,37.578808,0.09826907,34.580982,37.64915,40.837234,6.2562523,70.182686,55.00533,45.173645,46.876637,0.26725757,0.8562966,0.055358082,0.20289959,0.44875908,0.393401,4.7328634,2.4939747,3.492127,2.0222702,0.07678856,1.2033745,26.915516,0.36869112,-8.984752,-1.8282208,16.555075,0.7651389,-16.571716,-0.983942,0.020318454,1.1083336,0.99254704,0.722875,8.560011,0.38297242,4.2626643,2.2377996,17.410633,0.57135516,722.1635,0.3045567,1393.0236,0.20590025,-117.50047,-0.77728707,1741.915,0.13580832,1081.5768,0.28588614,-112.237755,-0.7842346,2751.872,0.101129554,1006.39294,0.28359395,-114.33165,-0.75082713,-10.5409775,-0.78572863,20.46232,0.4043418,0.032634318,0.64683515,-0.006942691,-1.7215748,0.124074414,0.8537424,30.780518,0.28234145,-15.179159,-1.129231,17.457497,0.9237175,-25.228407,-0.6853482,-10.826386,19.112768,0.00012521968,0.002160519,0.032596372,3.0239832,2.096436,0.2225,0.2175747,0.24526314,0.5276698,-34.43222,ans,Ses05M_script01_2,Ses05M_script01_2_F010
299,30.65353,0.031555835,29.537518,31.030754,31.60068,2.0631618,53.595734,0.0,-16.262056,0.0,0.08588677,0.3951958,0.056526423,0.077714965,0.10397338,0.04744696,0.72646713,0.5605284,0.571171,0.30261543,0.018488687,0.94415915,20.147045,0.38487047,1.0528959,6.559581,22.977465,0.56009376,-5.7778797,-1.3784918,0.009051126,0.30393198,1.4985684,0.52045,5.4123683,0.324096,10.268312,0.8892816,29.91903,0.08506443,702.71344,0.3464992,1720.6573,0.19466768,-189.11311,-0.22383784,1818.6372,0.13304748,1118.4594,0.111404836,-188.8384,-0.21462081,2801.8132,0.12260316,1123.5356,0.14172064,-188.90648,-0.21281394,-15.145192,-0.2724951,21.362965,0.16266039,0.022407396,0.68281424,-0.0035740964,-2.0128486,0.035207745,0.5477279,26.669775,0.21315908,4.9687767,1.3471366,30.498535,0.3375288,-10.899184,-0.2222399,-10.639498,17.527184,-0.0054168184,0.006964251,0.017816504,3.9473684,1.3605443,0.04,0.01,0.44666666,0.20677416,-49.058506,b,Ses05M_script01_2,Ses05M_script01_2_M010
300,40.089104,0.10115426,36.702145,41.38387,42.967274,6.265129,95.817215,72.85821,114.56711,134.6911,0.39124095,1.1989057,0.067379564,0.24258003,0.5981652,0.5307857,6.3892183,3.7908792,5.4306865,3.6488235,0.18203217,1.946101,22.464106,0.41622826,-12.810114,-1.3645064,12.587559,1.1567426,-23.445406,-0.74832916,0.032416806,1.2352128,1.3957387,0.86128044,7.169602,0.6142332,1.093762,10.305831,15.149841,0.6458123,785.1844,0.24120577,1365.8983,0.1511449,-137.0663,-0.6408597,1801.9823,0.11804836,1114.3939,0.33159274,-132.64705,-0.648828,2790.6582,0.08565061,992.1512,0.4106011,-134.46349,-0.62046164,-7.5239735,-1.3225509,20.136776,0.34749892,0.034238588,0.46467015,-0.008908959,-1.8741165,0.32191238,1.3552965,24.681973,0.39161277,-19.6573,-1.0261645,7.547035,2.3226733,-33.818756,-0.56339777,-7.283946,17.309647,0.0067328056,0.0024055273,0.10479194,2.3952096,2.5641026,0.13294117,0.11343641,0.23588236,0.23704202,-25.789276,o,Ses05M_script01_2,Ses05M_script01_2_F011
301,39.886993,0.080608435,36.94771,39.927547,42.91229,5.9645805,64.07212,39.353294,32.07376,23.442114,0.44917458,0.8003107,0.15578005,0.35982016,0.72621435,0.57043433,6.405751,3.5846295,5.357378,3.3374417,0.17746761,1.1394113,22.9643,0.505918,-8.755909,-2.1851864,12.343435,1.2213594,-26.84669,-0.70874465,0.022375332,1.2986261,1.0873908,0.7102345,8.695333,0.35127574,7.9993353,1.2431685,20.540543,0.53954357,795.2253,0.23608105,1317.8934,0.17339431,-91.84874,-0.9978028,1829.7845,0.113453045,991.37665,0.39470637,-89.49043,-0.9452025,2878.799,0.07860814,881.77704,0.3236436,-91.28357,-0.9089879,-11.465725,-0.73358715,21.288794,0.41924706,0.045942225,0.5041473,-0.017174967,-0.93081236,0.23486064,0.924609,25.658768,0.37851483,-11.690018,-1.6955574,10.2449255,1.7032003,-34.002205,-0.52711946,-8.797521,16.258114,0.011383663,-0.0043155835,0.0888856,3.9073806,2.3323617,0.255,0.2518184,0.18538462,0.17809315,-27.836206,s,Ses05M_script01_2,Ses05M_script01_2_F012
302,30.98272,0.051508926,31.203695,31.601923,32.001007,0.7973118,0.0,0.0,-0.27307084,0.0,0.08998704,0.52848756,0.05302058,0.0683863,0.13677439,0.08375381,0.6353929,0.406533,0.24704044,0.17222604,0.01789445,0.8687026,23.869978,0.39611956,-1.4755027,-4.959239,17.01929,0.43591434,-12.187565,-0.77045304,0.006800634,0.72168505,0.9431689,0.49387753,6.855761,0.3945744,0.467274,12.051354,32.3834,0.087825224,626.9663,0.17441742,1417.9911,0.122425824,-186.61049,-0.2641159,1651.7869,0.11460681,1436.8683,0.2541666,-187.15384,-0.23054564,2741.6016,0.059319768,933.2235,0.102617405,-187.51154,-0.22507077,-18.748405,-0.35199246,31.382858,0.23293899,0.02258536,0.629392,-0.03446387,-0.43786997,0.046934973,0.23030025,40.276714,0.2029543,8.588886,1.0908438,6.576731,0.93740016,-27.559227,-0.1987703,-10.569273,19.186172,-0.005546998,0.0027488158,0.015602885,1.4285715,0.9756098,0.074999996,0.055,0.6166667,0.44289452,-48.0957,c,Ses05M_script01_2,Ses05M_script01_2_M011
303,34.985985,0.07300193,32.913593,34.805817,37.239285,4.325691,32.615726,29.164618,16.995352,6.8169255,0.1523125,0.7607579,0.052151304,0.100767195,0.29001686,0.23786555,1.9837577,0.748712,1.9737688,0.8420628,0.033472225,0.90110445,29.741875,0.32194278,-1.0026168,-9.681575,14.945606,0.7955442,-13.457867,-0.9523261,0.015712747,1.294139,0.79556763,0.6668223,9.433972,0.29906684,3.8568842,2.4358618,23.09033,0.36817485,684.5538,0.324748,1363.5471,0.1385576,-126.32817,-0.7022033,1750.1926,0.17762917,1001.4196,0.3958128,-125.16896,-0.68183315,2821.7107,0.103153065,1037.2278,0.30042794,-128.39664,-0.63350105,-13.602374,-0.4477803,25.690254,0.3203581,0.02983605,0.6345837,-0.01229988,-0.8794691,0.057856336,0.43980107,35.733124,0.29959854,-2.6529856,-4.933228,14.194551,1.1629827,-21.270182,-0.70130616,-13.820974,23.46603,-0.004800715,0.002514812,0.016025258,3.468208,2.052786,0.19714284,0.16798931,0.235,0.33514923,-40.328056,s,Ses05M_script01_2,Ses05M_script01_2_F013
304,34.366673,0.043979403,33.25836,34.69276,35.73904,2.4806786,-34.646275,0.0,13.846971,0.0,0.08560814,0.48601893,0.05380646,0.06337905,0.11664445,0.06283799,0.6159108,0.31677696,0.33631203,0.10521605,0.018783942,0.84460413,22.962072,0.30711684,0.8983821,8.940331,17.662762,0.37042207,-9.258281,-1.0840107,0.026274804,0.37463203,1.0895313,0.39471018,6.2486887,0.38838252,10.027567,1.1463573,28.707497,0.16180094,696.10175,0.307224,1237.3633,0.09034138,-182.12466,-0.29699162,1820.0186,0.13369839,1191.4243,0.17620191,-182.48871,-0.27498475,2801.0017,0.06993493,935.055,0.18686676,-182.7148,-0.2714524,-22.64439,-0.17442097,31.885662,0.16330038,0.025521355,0.54552823,-0.016759695,-0.71182454,0.044203278,0.24624972,32.953953,0.18362534,13.89468,0.122431755,15.22552,0.4755578,-21.108671,-0.63425916,-11.696639,20.344553,-0.007986395,0.0061063864,0.015981652,2.2522523,0.92165905,0.11,0.07,0.6333333,0.3423773,-49.542995,c,Ses05M_script01_2,Ses05M_script01_2_M012
305,38.890167,0.07819486,36.155827,38.4669,42.50683,6.3510017,48.622143,33.876682,24.567045,19.787283,0.32978624,0.7229093,0.08692945,0.2911187,0.5082439,0.42131448,4.7323117,2.632396,3.6935997,1.7699685,0.094610885,0.8931227,26.582968,0.39694408,-11.525874,-1.2308446,15.631243,0.9808364,-17.610315,-0.9976892,0.015230497,0.96993196,0.90396065,0.61973816,9.151049,0.35122705,6.016206,1.6881454,17.95374,0.42898977,707.9576,0.323043,1376.8073,0.18646286,-96.47849,-0.9616079,1739.2023,0.12313149,1055.5137,0.25458625,-89.074615,-0.972856,2742.9517,0.108443275,1127.5765,0.525851,-91.76424,-0.91989243,-10.115198,-0.66573155,19.558899,0.3318819,0.04631804,0.33028883,-0.009342197,-1.5454499,0.12675309,0.5754689,30.437443,0.31878287,-16.736866,-0.8142471,14.580778,1.1723142,-22.777811,-0.7902731,-9.696995,18.923304,-0.00084251515,0.0049662692,0.046379026,3.7527597,1.3392857,0.45,0.36986485,0.23571427,0.28947526,-33.18339,s,Ses05M_script01_2,Ses05M_script01_2_F014
306,39.346855,0.13285463,33.991074,39.538692,44.023617,10.032543,96.991684,38.501606,83.16601,55.636284,0.42021954,0.921079,0.11473948,0.27596807,0.734127,0.6193875,7.9299088,6.830142,2.3009727,3.9708734,0.21019167,1.3107965,26.64676,0.41940022,-7.5999293,-1.7107472,3.9413278,3.9315872,-30.27473,-0.7380542,0.044792697,1.3730255,1.4977734,0.5976421,6.0735226,0.5435477,0.8451077,8.005832,25.05232,0.33103642,794.6759,0.29089397,1359.9695,0.18358098,-114.006584,-0.8313893,1723.5354,0.15988097,1296.6083,0.3989719,-110.66672,-0.79320043,2833.9302,0.072041355,857.89453,0.30531865,-114.10292,-0.73944604,-9.301859,-0.8468119,25.641907,0.1814202,0.049048416,0.46303686,-0.016753469,-1.2861044,0.36051917,0.8907092,31.381872,0.24425454,-12.032646,-1.2924801,-1.9624215,-8.211109,-45.052486,-0.40557057,-8.260271,18.858635,0.007644269,-0.0014532745,0.057028636,1.980198,3.0612247,0.14999999,0.12151817,0.186,0.18423897,-26.154554,a,Ses05M_script01_2,Ses05M_script01_2_M013
307,39.746002,0.11142639,36.191193,39.29234,43.570633,7.3794403,59.205837,37.371674,100.34998,61.653297,0.4457845,0.8995799,0.0735228,0.34567288,0.734127,0.6606042,8.156695,6.155303,5.3065934,2.6773283,0.21224628,1.2787713,25.41921,0.3693386,-8.855061,-1.9298016,11.125619,1.5700194,-31.681768,-0.6548821,0.03464226,1.3507221,1.2465752,0.5360806,6.429575,0.5186843,3.9944649,2.055277,18.675371,0.6688557,830.98694,0.23529068,1318.7743,0.18122935,-88.33868,-1.0368253,1801.6873,0.13568632,1109.2772,0.49075085,-87.78462,-0.9630503,2882.7837,0.059485614,806.4004,0.2966512,-89.292015,-0.93413526,-7.954352,-1.0196315,21.549236,0.37607315,0.048767593,0.42389044,-0.0130798565,-1.5587807,0.3216835,0.9080729,27.521362,0.33162102,-13.455066,-1.4714491,8.183765,2.5107777,-43.830303,-0.37467554,-10.309081,20.198956,0.0032246374,0.003362676,0.042013958,2.020202,2.3972604,0.25,0.19863823,0.24499999,0.25966322,-26.654774,c,Ses05M_script01_2,Ses05M_script01_2_F015
308,31.398565,0.101094596,27.69843,31.704302,34.77548,7.0770493,30.085752,9.457145,38.00353,10.611314,0.100412436,0.7366761,0.051227935,0.056234404,0.17450947,0.12328153,0.69025445,0.5405134,1.3017154,1.0607314,0.029284587,1.0174533,28.06084,0.16279353,0.4876111,10.236231,22.613945,0.5127042,-12.12833,-1.4667103,0.024011565,0.55796874,1.7242212,0.4335626,5.19931,0.48162273,12.486771,0.8045719,24.07424,0.31374398,608.3553,0.36884603,1440.1931,0.14207806,-168.80473,-0.404228,1738.0818,0.14195748,1026.7255,0.36468026,-168.1984,-0.38563028,2766.77,0.11025145,1061.4575,0.35427633,-167.9951,-0.388544,-17.06215,-0.2469909,22.453463,0.27563334,0.02847844,0.73996615,-0.015029041,-1.5397184,0.067771815,0.38363388,32.43989,0.17320043,5.101925,1.1835932,32.0885,0.51530397,-19.417112,-1.2658085,-14.841893,22.830307,-0.0069811563,-6.819573e-05,0.020958548,1.1363636,1.7291067,0.09833333,0.021921577,0.54599994,0.3953024,-44.334335,q,Ses05M_script01_2,Ses05M_script01_2_M014
309,34.44332,0.08890907,31.802334,35.012383,37.679096,5.8767624,53.435528,60.47095,53.10241,31.548859,0.10550903,0.74777603,0.05095864,0.05546441,0.17003796,0.119079314,1.5007209,1.1719989,1.2569746,0.6880627,0.019981923,0.78033715,27.12281,0.32927695,2.5766807,3.7848263,15.363491,0.655625,-9.599281,-1.1074328,0.03253203,2.562748,1.0537485,0.85346013,9.973981,0.2994525,5.233559,1.4960109,24.560759,0.24710628,715.42535,0.26015818,1423.9885,0.12958254,-148.2908,-0.5557527,1770.5397,0.13635384,1251.7682,0.5363362,-148.10141,-0.52279615,2845.4333,0.09332687,928.81165,0.3102613,-149.53465,-0.50408566,-16.705318,-0.45365512,27.488525,0.3359929,0.028834607,0.49047256,-0.009741724,-1.2519704,0.035557184,0.45253447,33.89738,0.31270415,5.235203,2.2526097,17.463966,0.9101896,-18.478378,-0.7844919,-13.634359,23.17821,-0.009433681,0.0045687603,0.013640566,1.8939395,1.5444016,0.1875,0.15089317,0.35,0.29380265,-44.10974,ans,Ses05M_script01_2,Ses05M_script01_2_F016
310,36.63095,0.13184687,32.72968,37.436535,40.346985,7.6173058,76.22225,68.345894,82.26269,83.78357,0.20045485,0.68128,0.08961056,0.18115258,0.26268765,0.17307709,1.9641334,1.9268326,2.1773355,1.4645425,0.062197994,0.8259734,23.499994,0.43175697,2.0385032,5.6804047,18.82147,0.91296774,-18.269934,-0.8032694,0.027078915,0.6964102,1.6937199,0.68723583,6.4968147,0.47992668,10.074508,1.1742091,22.148582,0.31445682,709.7269,0.3054717,1281.6985,0.17185427,-137.65347,-0.59136206,1826.487,0.15462752,1011.161,0.41920066,-132.31544,-0.5960167,2792.6936,0.101597816,1128.8176,0.46529925,-132.79842,-0.5892455,-14.050217,-0.34969074,22.650272,0.30139527,0.034906335,0.5980675,-0.010847978,-1.6290197,0.087243326,0.6277197,24.84699,0.38696626,3.045077,4.716385,19.979404,0.9841309,-22.404964,-0.72624785,-11.824384,20.122854,0.016849196,-0.005498555,0.04565223,2.967359,4.531722,0.076,0.05486954,0.14230768,0.15532367,-38.923054,s,Ses05M_script01_2,Ses05M_script01_2_M015
311,41.044422,0.07778431,38.01304,41.71257,43.89395,5.880913,27.212128,31.725348,36.628418,12.255531,0.30145633,0.67415744,0.1180799,0.2437813,0.45667368,0.33859378,4.0883374,2.428764,2.7998571,0.96898264,0.09840152,0.8280935,19.7694,0.43276575,-8.558813,-1.2854207,19.148956,0.79845744,-25.683622,-0.5869078,0.0206247,0.891084,1.2792133,0.759211,7.9301014,0.38752544,9.118706,1.0080867,18.196785,0.50986934,832.25586,0.2681571,1222.435,0.16126107,-133.17183,-0.6546889,1824.7446,0.11123731,986.2611,0.27461484,-125.81643,-0.67797416,2849.7808,0.07459604,861.6037,0.47555807,-126.56756,-0.66646445,-9.100348,-0.54588205,18.522684,0.32476404,0.03914693,0.4946313,-0.0074404622,-1.6895316,0.15375753,0.46887407,19.339636,0.45083576,-14.627174,-0.90489584,13.113924,1.2226467,-35.87976,-0.37956125,-9.06871,14.893099,0.020727815,-0.010565286,0.065818965,4.054054,2.7972028,0.1375,0.12356678,0.15799999,0.12023311,-34.80856,o,Ses05M_script01_2,Ses05M_script01_2_F017
312,39.767914,0.119125254,36.16561,39.42185,45.097015,8.931404,143.68039,83.52913,-14.529518,74.823524,0.26501307,0.8333003,0.060419403,0.19482641,0.4527429,0.3923235,2.7290869,1.4962224,2.9102209,1.7349315,0.09117789,1.1333228,24.084412,0.25387144,-10.55853,-1.0473659,12.4319515,1.6785347,-14.651789,-0.79583246,0.0275838,1.355359,1.4652585,0.57299465,5.628246,0.6278936,4.844532,2.5063536,22.219004,0.35504732,756.1387,0.36369842,1339.8837,0.19091648,-152.9578,-0.5344227,1740.3921,0.17419013,1220.0981,0.38217768,-142.81837,-0.5899128,2805.1948,0.08601648,926.498,0.33138847,-145.80598,-0.5469571,-7.6188517,-0.69145143,22.227995,0.2554489,0.04438142,0.43041846,-0.006683639,-1.7666696,0.18168533,0.5219309,26.74844,0.20052084,-17.682093,-0.6594205,-6.279404,-2.5050173,-24.888441,-0.4244866,-8.782162,16.556883,0.008217799,0.0017308968,0.054153085,2.5188916,2.8061225,0.09636364,0.11145915,0.2888889,0.31543425,-34.83001,q,Ses05M_script01_2,Ses05M_script01_2_M016
313,35.37363,0.13009809,31.751345,32.101307,41.225964,9.474619,9.722364,4.456307,27.685133,0.0,0.08795295,0.25739282,0.06512019,0.085392326,0.10861674,0.04349655,0.47487295,0.24345537,0.36404285,0.2114366,0.015459518,0.36890933,23.722273,0.21968961,0.40784734,13.142714,15.802374,0.42281878,-12.315028,-0.5342954,0.023107715,0.7477357,1.4238617,0.33902958,5.512497,0.31007448,7.5779057,1.0927124,24.46335,0.23713277,687.30164,0.22009553,1403.9689,0.12204371,-163.631,-0.43622163,1751.9453,0.09948709,1099.8085,0.19251838,-162.41891,-0.4246446,2732.3345,0.07458631,968.6425,0.22472331,-162.958,-0.4171632,-16.634943,-0.120494634,25.627161,0.09709463,0.008205841,1.1721772,-0.012858343,-0.6040516,0.020635964,0.29346842,29.526869,0.16108903,3.8302817,1.5275072,16.589693,0.64403707,-16.912544,-0.4827481,-11.276316,20.533432,-0.0002024214,0.0052796453,0.014148015,4.0441175,1.8726593,0.108,0.048744228,0.33666667,0.37769768,-52.61223,q,Ses05F_script01_2,Ses05F_script01_2_F000
314,26.847754,0.03157511,26.173584,26.524757,27.948034,1.7744503,18.824862,16.11617,10.874566,3.4565756,0.111402825,0.7716198,0.057588752,0.07293769,0.15756823,0.099979475,1.1757333,0.9358884,1.7529876,1.1430354,0.026920252,1.1087178,27.399197,0.3207912,0.5614671,10.863855,14.997644,0.5838855,-9.338675,-1.009438,0.018298728,1.1493052,1.3503965,0.6720065,5.5686817,0.39962572,2.549311,0.93153524,29.523905,0.1653501,464.08533,0.21119243,1343.948,0.10746007,-161.14604,-0.47657353,1456.154,0.110663645,1021.2811,0.10377451,-163.67126,-0.4402924,2592.8508,0.057230577,970.3822,0.34147266,-166.45558,-0.40018484,-16.281883,-0.2564082,30.22627,0.18533479,0.02630372,0.474949,-0.013899375,-1.1508254,0.06412518,0.5185405,38.907013,0.2566642,6.169251,1.5365422,10.092891,1.5068041,-16.821596,-0.8589698,-11.968579,21.739136,-0.0031557998,0.0067900545,0.017995216,2.3584907,0.9661836,0.19999999,0.07,0.53999996,0.3612017,-42.535446,q,Ses05F_script01_2,Ses05F_script01_2_M000
315,35.71744,0.05125035,34.64255,35.94415,37.438557,2.7960052,19.274414,3.0747252,-4.2409782,13.702408,0.085119046,0.32437664,0.05615083,0.081695,0.112579055,0.056428224,0.25810093,0.10094387,0.36356938,0.20005006,0.014870202,0.45358622,26.382698,0.23943678,-0.22281064,-30.186464,14.206237,0.6558491,-12.4674835,-0.7379458,0.016406652,0.7092411,1.2289828,0.34266314,6.1366735,0.35089806,2.533962,3.7978668,19.785381,0.39871296,708.4076,0.2481163,1376.5126,0.16093783,-132.6948,-0.67104584,1739.9855,0.11008908,1117.0825,0.20477064,-136.69945,-0.60028386,2776.7842,0.070318975,877.12537,0.31044647,-137.89296,-0.58444875,-14.72885,-0.2172133,24.552984,0.17864181,0.013470488,1.1938908,-0.004585413,-2.126252,0.01865173,0.3190806,31.108246,0.13725133,-1.7873183,-4.2374806,14.020126,0.9107183,-19.044346,-0.4563947,-12.26128,22.196692,0.00012499906,0.0073953397,0.01291548,2.278481,2.0512822,0.16624999,0.14949393,0.26666665,0.28225285,-52.296986,q,Ses05F_script01_2,Ses05F_script01_2_F001
316,28.763664,0.12172783,25.369791,28.904154,31.977247,6.607456,182.10922,186.65633,37.39405,25.935923,0.11397074,0.7633736,0.05394815,0.06613131,0.18674856,0.13280042,1.5908929,1.5021898,1.5290698,1.4964522,0.028415643,1.0354565,26.180998,0.38006738,3.3091753,2.906928,20.405527,0.544158,-6.258055,-1.384163,0.030751865,2.2996047,1.0371375,0.6980375,6.989674,0.36374635,6.2406974,1.2464663,30.02713,0.21811257,616.6677,0.3573548,1373.1772,0.14281842,-153.98888,-0.5029538,1691.5326,0.13748431,1086.9781,0.22633821,-155.78525,-0.46168655,2743.0623,0.10456215,1061.4817,0.28102222,-156.80035,-0.4481148,-20.543798,-0.29649886,29.504942,0.25004524,0.01073681,1.990098,-0.0078057707,-1.6642237,0.05443113,0.507598,34.012432,0.31044623,12.518268,0.5790664,28.400982,0.4724121,-2.220354,-5.0943766,-11.911804,21.907629,-0.0027334394,0.008838477,0.019385377,2.173913,1.8036073,0.13777778,0.09126003,0.3944444,0.45309088,-40.936707,ans,Ses05F_script01_2,Ses05F_script01_2_M001
317,30.509354,0.10389159,29.483236,31.620924,32.39521,2.911974,177.40195,129.65916,45.665657,39.015823,0.10141023,0.5402837,0.06434358,0.085410535,0.12612131,0.061777733,1.0014316,0.48438397,0.5186719,0.38562846,0.022955442,1.0308374,26.36507,0.34804696,4.432361,2.2611837,16.211708,0.6983788,-7.0506783,-1.3348272,0.020164728,0.85781837,1.2320437,0.48805454,5.4708533,0.485792,6.3900046,1.0422404,24.867584,0.15989217,675.0816,0.2837869,1422.0212,0.15622292,-146.35263,-0.55113167,1710.6332,0.121537894,1076.0198,0.18380213,-147.12344,-0.5218175,2795.0427,0.08745997,997.32153,0.30668914,-149.31992,-0.49186292,-16.370672,-0.3398075,28.558107,0.19375789,0.00600717,3.0158453,-0.004185905,-2.5690389,0.029831685,0.87867963,32.858265,0.22010279,3.201553,3.4594057,15.737039,0.87028265,-7.260945,-1.2612811,-13.620338,22.329163,0.003060876,0.002794687,0.020213164,1.618123,2.631579,0.106249996,0.0782524,0.22444445,0.24449998,-45.09292,s,Ses05F_script01_2,Ses05F_script01_2_F002
318,29.332855,0.11454075,26.936987,28.790518,31.839563,4.9025764,38.642624,19.417543,26.38125,21.34358,0.18328907,0.7209194,0.053674366,0.16916391,0.29301164,0.23933727,2.9062417,1.558814,2.456383,1.4154049,0.058324493,0.9204339,31.586393,0.34570628,3.6966884,2.7872925,19.176357,0.70925635,-10.392891,-1.2582188,0.023360739,1.3177098,1.2816478,0.7772644,6.8862348,0.42222401,4.399379,1.4994915,29.559134,0.22592804,571.9639,0.35469055,1386.0879,0.15712975,-117.2753,-0.78119075,1662.5665,0.16502544,1099.7395,0.3116998,-121.670074,-0.688651,2735.0903,0.10955423,1090.7136,0.32411334,-124.321556,-0.6497277,-18.793875,-0.36679727,29.604198,0.2951939,0.030697009,0.6923341,-0.016598428,-1.0933629,0.0923349,0.54328454,37.495777,0.2893865,8.276775,1.223851,20.393618,0.8390551,-12.372403,-1.2870941,-13.343552,23.169224,-0.0044646566,0.003216849,0.030667013,3.4836066,2.1627188,0.19999999,0.12671678,0.24142855,0.36392418,-36.048157,q,Ses05F_script01_2,Ses05F_script01_2_M002
319,32.477917,0.04215541,31.41163,31.95687,34.243942,2.8323116,11.219534,0.0,8.355406,12.375053,0.06823374,0.36654687,0.051878497,0.056513023,0.07919069,0.02731219,0.25803643,0.22264382,0.36990258,0.17621705,0.01248316,0.3214379,27.542048,0.18502645,-1.966017,-2.2567387,15.420538,0.36041087,-6.4458237,-0.9282438,0.020938033,0.398963,1.5983217,0.32925898,5.4957314,0.27737615,-3.049353,-2.1618457,19.972433,0.16014133,676.984,0.2883613,1429.5614,0.12920825,-174.48903,-0.35382196,1689.3956,0.11732618,1151.5688,0.20700039,-175.19781,-0.3379836,2729.288,0.07539344,1223.5386,0.3092402,-176.01768,-0.3255542,-17.83916,-0.18568075,27.127676,0.16948794,-0.009883146,-1.2056783,-0.006387172,-0.7585358,0.0147033315,0.17417203,34.65446,0.045048617,1.4969609,2.922516,20.94558,0.39391193,-6.6722984,-1.5665532,-13.124716,24.220802,-0.010689008,0.008470494,0.01216558,1.9607843,1.2,0.11333333,0.061282586,0.5225,0.46499327,-54.573257,c,Ses05F_script01_2,Ses05F_script01_2_F003
320,34.198456,0.12880889,32.519787,34.308495,34.95613,2.4363441,549.41675,882.39624,56.375244,32.7999,0.15101595,0.4363569,0.08400099,0.15297781,0.19661386,0.11261287,1.3529738,0.84158593,1.1345454,0.7664264,0.041909106,0.72026795,30.605667,0.304263,1.4913926,9.987249,15.7570305,0.8854398,-11.072176,-1.05478,0.026172105,0.9607962,1.3439553,0.8325193,8.137916,0.44308382,12.647014,0.6808076,27.736074,0.2554333,644.6831,0.30254093,1457.9634,0.15468717,-119.97332,-0.7310991,1745.9812,0.13842064,1202.8574,0.24693912,-119.50995,-0.68038505,2800.417,0.093728736,1027.6399,0.29654908,-120.985954,-0.658611,-20.786808,-0.35559392,29.67284,0.28457755,0.0148167275,0.98540217,-0.0087972935,-1.385688,0.055013277,0.56974316,32.585712,0.3041511,10.633028,1.3169111,21.570196,0.6804347,-10.406346,-1.2755594,-11.520865,23.30491,0.0025693055,0.0033814071,0.030709602,4.1509438,2.3076923,0.19833334,0.194886,0.18285714,0.19329578,-40.21059,q,Ses05F_script01_2,Ses05F_script01_2_M003
321,34.230408,0.17651473,28.724213,33.7511,35.18776,6.4635468,1082.1338,751.7405,61.124893,41.629456,0.13614753,0.48134938,0.05612898,0.13891084,0.18825054,0.13212156,1.4011865,1.0109291,1.2080437,0.86506224,0.036321975,0.7403716,30.932693,0.2519905,-2.0248733,-6.328461,14.197657,0.9275383,-11.848395,-1.0460098,0.02376783,0.7809443,1.2780018,0.69735336,7.4706073,0.49105826,12.538235,0.75527406,26.126844,0.22855483,631.3951,0.31785005,1362.9644,0.137398,-147.40129,-0.5402976,1719.3435,0.14243607,1116.636,0.1975931,-143.0575,-0.54001224,2795.6658,0.096573226,980.01556,0.33865693,-144.39685,-0.52094144,-19.158873,-0.4434764,28.306383,0.3340771,0.010508183,1.2044716,-0.0067840926,-2.031836,0.04877356,0.5951857,31.685064,0.2942465,7.253427,1.7917471,17.176094,0.91615003,-8.478692,-1.7083149,-13.006426,23.785295,0.001302887,-0.0016715224,0.032008965,3.517588,3.0927837,0.09833333,0.040585984,0.205,0.2445915,-41.492233,ans,Ses05F_script01_2,Ses05F_script01_2_F004
322,31.394863,0.12210767,30.503397,32.15819,34.920578,4.417181,39.3648,0.0,-56.923622,0.0,0.117331564,1.0260043,0.05302645,0.0606696,0.15117061,0.09814416,2.2009647,1.3240883,2.3415143,2.3036418,0.038787063,1.8600785,24.217493,0.4703651,1.1242393,8.03861,12.842585,0.5673074,-11.170303,-1.0244262,0.05488029,0.9227236,1.9365374,0.60477895,5.556456,0.47920728,0.22364321,24.989645,33.394646,0.16704302,635.7525,0.3781502,1415.0444,0.14010379,-179.00105,-0.32587197,1600.73,0.20690052,1340.0253,0.31369933,-179.97511,-0.30110604,2800.2327,0.075137824,835.62384,0.2002378,-180.83397,-0.28661498,-18.971886,-0.4094628,32.2518,0.30777335,0.03705663,0.8482594,-0.027204277,-0.79620993,0.16400623,0.634373,36.051014,0.38634545,15.967282,0.27362815,8.680377,1.2502028,-28.621946,-0.57428795,-11.180032,21.697731,-0.010520795,0.007541646,0.022176765,1.4035088,1.0714285,0.103333324,0.06182412,0.60499996,0.33026505,-37.710438,q,Ses05F_script01_2,Ses05F_script01_2_M004
323,37.72091,0.13835567,31.34896,40.36182,42.813866,11.464905,28.442595,10.83521,40.29341,24.866556,0.10581475,0.49130747,0.053531658,0.09420949,0.15603408,0.10250242,0.27477914,0.15952122,0.5616237,0.16922385,0.020071523,0.5138973,29.475378,0.21262689,-7.0167727,-1.4216111,10.672895,0.896383,-13.590628,-0.68599653,0.0154045075,1.1120745,1.0777135,0.36003178,6.7553525,0.42145517,3.1112204,3.0991366,20.610004,0.39110088,609.732,0.32037657,1298.4854,0.13984287,-153.32513,-0.5376721,1623.2197,0.10545273,1065.49,0.18352522,-146.7339,-0.55915725,2674.0579,0.075871155,964.247,0.22602661,-149.50623,-0.5201663,-10.9311695,-0.41069797,22.996574,0.25356737,0.012375035,1.1271433,-0.0070859776,-1.7358605,0.026235562,0.30499223,32.666393,0.16446505,-11.539482,-0.9843172,6.457525,1.8119391,-19.807287,-0.4168878,-11.723374,22.550394,-0.0012733355,0.0036033583,0.017854024,1.8181818,1.3953489,0.19999999,0.10801234,0.37,0.20285463,-49.520226,q,Ses05F_script01_2,Ses05F_script01_2_F005
324,31.82073,0.083074324,29.932886,31.76351,34.272114,4.3392277,59.677578,47.032017,11.880115,13.049132,0.15133996,0.8494525,0.05250323,0.07712051,0.25309262,0.20058939,2.7497358,2.234072,1.6448437,1.7390958,0.04411066,1.1754303,21.857218,0.58698624,4.0618606,3.106827,19.918537,0.47291592,-6.740455,-1.1611693,0.02186038,1.0446934,0.98781484,0.80105734,8.923427,0.31317925,10.13336,0.72958386,30.923044,0.21752235,599.8508,0.34997308,1465.7395,0.14560932,-161.09978,-0.45453072,1668.613,0.15652797,1214.9156,0.28053522,-164.1426,-0.40704125,2708.2717,0.08717942,1063.0509,0.35421002,-164.76189,-0.398336,-23.112503,-0.3567212,31.296793,0.31889653,0.025036966,0.85605085,-0.014566268,-0.9267351,0.11049606,0.4350242,30.841585,0.32881516,19.412811,0.5673568,28.12328,0.35039276,-7.3229537,-1.4811677,-9.3144455,19.151054,-0.008462046,0.010224193,0.025906833,1.994302,1.1560694,0.18249999,0.07790218,0.528,0.48954672,-35.451454,c,Ses05F_script01_2,Ses05F_script01_2_M005
325,41.34883,0.0722178,39.493538,41.758656,43.002216,3.5086784,22.054428,3.1136746,-3.4487178,41.72479,0.12984498,0.37011108,0.08743143,0.12687512,0.16288643,0.075454995,0.9459986,0.37272874,0.63565165,0.40813664,0.029370833,0.7160798,24.65459,0.43780977,-0.6814913,-20.163042,8.831115,1.3616697,-18.935732,-0.482545,0.02898214,0.7326744,1.4834718,0.5640057,7.941091,0.30832165,12.2948885,0.4717771,25.303583,0.35801175,745.2433,0.25415644,1395.7644,0.14366364,-145.73665,-0.55477977,1796.9838,0.13054188,1038.5015,0.1806302,-135.28806,-0.6044324,2808.5615,0.089724444,1041.9663,0.49419707,-137.50273,-0.5728694,-13.552828,-0.42369354,24.719122,0.2197823,0.02133096,0.7480779,-0.0037736192,-3.3452787,0.034359206,0.49374357,25.958916,0.3419503,-1.0651158,-14.477381,9.71773,1.4661231,-23.790073,-0.30868372,-9.257669,20.329432,0.0066657863,0.0014364406,0.026353663,3.1746032,2.4291499,0.14333333,0.1117537,0.21142857,0.14961174,-46.57218,o,Ses05F_script01_2,Ses05F_script01_2_F006
326,29.662354,0.18784185,23.76329,29.124565,35.947113,12.183823,54.892952,22.420893,4.1785755,26.201756,0.19975027,0.7134781,0.054952905,0.169279,0.35952473,0.3045718,3.646754,1.553075,1.7645006,1.0310984,0.06467778,0.8371485,31.483665,0.3043983,-0.5048016,-18.799868,20.259562,0.65523577,-8.152471,-1.7181077,0.021162793,0.64267653,1.1992003,0.45548895,6.4893026,0.49607491,13.0434265,0.50911874,27.81409,0.28105408,649.6624,0.34285527,1378.2802,0.13896829,-112.80338,-0.80697155,1687.0355,0.14783676,1058.4973,0.2984265,-114.55201,-0.7476433,2780.8965,0.10511389,1027.3157,0.49449626,-116.99179,-0.7090492,-17.035112,-0.49538404,27.161453,0.35797653,0.025592256,0.74258107,-0.013298623,-1.2424612,0.104610674,0.4023759,38.077168,0.19386216,1.6669254,6.6327157,23.779467,0.7155615,-9.717514,-1.9469078,-12.040935,22.199787,0.0018397206,0.007244325,0.0303581,3.2432435,2.2222223,0.21,0.16896746,0.174,0.19303884,-35.601574,o,Ses05F_script01_2,Ses05F_script01_2_M006
327,38.28866,0.08525917,35.370403,38.02385,41.51336,6.142956,79.564445,119.3373,26.102852,37.611126,0.12063903,0.5591996,0.054575294,0.11123344,0.17276187,0.11818658,1.1008562,0.60363084,0.59021825,0.34136,0.024405576,0.8053605,24.84324,0.3759083,-1.271748,-9.154619,13.601945,0.81145996,-21.198677,-0.64494574,0.017434675,1.3127127,1.171775,0.5758912,7.9853077,0.36980212,5.6440725,2.1514955,23.750082,0.50157636,683.1858,0.26499763,1403.2314,0.14309378,-136.84651,-0.6408468,1734.9865,0.13314135,1163.7291,0.2577576,-132.00829,-0.6310467,2730.9846,0.08885483,1000.3666,0.3838353,-133.54309,-0.6088742,-14.201988,-0.34381577,23.781704,0.29276225,0.019148946,0.88540053,-0.013847574,-0.8190205,0.035947066,0.6102111,28.803307,0.31037226,-2.7997224,-5.167429,10.280725,1.3060315,-31.484968,-0.3866077,-11.181176,20.067644,0.0019786614,0.0025125544,0.017463135,2.0790021,2.507837,0.14333333,0.12147244,0.22559999,0.34733358,-46.094963,o,Ses05F_script01_2,Ses05F_script01_2_F007
328,28.472944,0.13467725,24.37427,28.426434,32.051723,7.677454,29.247463,9.143188,28.035055,6.986388,0.21138161,0.83720046,0.05397415,0.16330947,0.3516225,0.29764834,2.85806,2.232668,1.7412138,0.814296,0.06833754,1.0928218,28.413929,0.39335287,-0.017346684,-646.96387,21.875427,0.5765626,-9.702223,-1.3195457,0.024127442,1.1927886,1.2070234,0.8442682,6.0862846,0.596861,6.1243863,1.2249079,26.324577,0.3264236,658.6103,0.3132287,1351.7471,0.13069807,-122.81068,-0.7356149,1694.3059,0.15359385,1066.0084,0.23103005,-126.90616,-0.6659169,2744.2014,0.1012443,894.42523,0.27158752,-128.19601,-0.64621073,-18.146982,-0.41007575,26.813534,0.29718938,0.02138884,1.3039807,-0.013327633,-1.3502959,0.12697499,0.57109255,36.213223,0.24765602,4.293343,3.428416,25.86302,0.61865133,-10.184373,-1.762488,-10.518856,19.856358,-0.0029809752,0.006440772,0.027613599,2.5270758,1.4705882,0.2775,0.40597874,0.304,0.24237159,-33.814613,q,Ses05F_script01_2,Ses05F_script01_2_M007
329,36.719376,0.079146154,33.810547,36.3183,39.590286,5.7797394,56.569595,49.278996,64.60657,93.08743,0.17336985,0.567301,0.08543697,0.16639261,0.24006724,0.15463027,1.638699,0.9785898,0.577999,0.47008243,0.039051354,0.96235865,28.432053,0.32314706,-8.31115,-1.7250984,12.74131,1.0645354,-22.55346,-0.5818435,0.019623103,1.6199634,1.1612815,0.48016006,6.519658,0.48546347,2.1338308,5.013871,19.990946,0.48114616,675.9577,0.28486726,1388.4418,0.13340208,-99.04366,-0.94709104,1719.2021,0.13966623,1120.5688,0.2870697,-96.48985,-0.91436934,2738.3867,0.088058904,1024.353,0.33055452,-100.0374,-0.85060185,-11.06845,-0.38093755,22.491165,0.26324657,0.023073908,0.7517302,-0.010808023,-1.0829959,0.050854985,0.7723184,31.624338,0.22007982,-12.24591,-1.1990407,10.96648,1.5010113,-28.603733,-0.43861368,-10.648016,19.749914,0.0025115332,0.0015634268,0.023009537,2.3106546,2.1963825,0.24764705,0.21918376,0.19749999,0.3211989,-40.012867,ans,Ses05F_script01_2,Ses05F_script01_2_F008
330,31.814476,0.117016815,29.50427,31.740929,34.596474,5.092203,85.86803,107.81633,32.5181,15.221415,0.19171375,0.70222193,0.05677349,0.17240664,0.3011491,0.24437562,4.092991,3.024114,2.3310044,1.9966295,0.059747256,1.1880602,25.549374,0.49691582,2.7925086,4.1685934,20.450535,0.6354975,-7.1625266,-1.5264844,0.022972267,1.0134716,1.0217072,0.78451025,7.916989,0.34852877,6.394282,1.3152043,25.221474,0.32202464,693.095,0.35358357,1368.3623,0.15651198,-134.45276,-0.630074,1771.6224,0.15582792,1045.3519,0.33914042,-135.11125,-0.5909735,2852.8547,0.10777279,1050.8707,0.3361386,-136.5844,-0.57140774,-18.363466,-0.35776243,27.194857,0.2552588,0.023182124,1.1467793,-0.009224817,-1.5546182,0.0904434,0.7661623,32.79565,0.23873575,7.5349,1.6098503,24.841986,0.56883836,-6.1237097,-2.2625043,-9.860346,18.889864,-0.00080735184,0.0047324956,0.04192776,3.2786884,2.484472,0.14416666,0.113904804,0.28399998,0.35595503,-35.194016,q,Ses05F_script01_2,Ses05F_script01_2_M008
331,36.55163,0.07710169,35.123314,36.726727,38.70138,3.5780678,40.009525,17.557964,25.68052,20.90964,0.16281155,0.83052695,0.06677082,0.13748874,0.21758379,0.15081297,1.7524332,2.0817049,1.0977255,1.7975112,0.04247991,1.6488246,26.101736,0.34876594,-5.702705,-2.223152,15.278167,0.8768161,-18.004742,-0.76426095,0.020481717,1.0481944,1.3361815,0.5710821,6.0142536,0.4959085,5.5080676,1.9901553,18.921144,0.46024895,637.00385,0.2957465,1376.7574,0.1446624,-137.16844,-0.6350062,1692.6412,0.13168082,1082.2332,0.36550844,-129.49074,-0.6610467,2690.4763,0.10024833,1024.6913,0.42520583,-131.0573,-0.63777924,-11.142251,-0.5309944,20.870968,0.3385943,0.02599646,0.8114395,-0.00966491,-1.1865335,0.064843155,1.548207,29.94009,0.2531051,-10.086568,-1.324878,15.929307,0.9798564,-26.23716,-0.5009789,-10.268092,19.728262,0.0055028144,0.0013175061,0.025850907,1.1002446,2.7093596,0.13318181,0.101908445,0.22571428,0.3428115,-38.2805,o,Ses05F_script01_2,Ses05F_script01_2_F009
332,36.63456,0.1804343,30.355682,37.41634,41.981937,11.626255,72.785286,14.009457,38.010643,15.868414,0.32241026,0.80094045,0.07046187,0.2652748,0.5241445,0.4536826,4.2676263,2.0164423,3.8627942,2.3323696,0.1356706,1.1538135,30.153128,0.28209335,-6.7690635,-2.104364,15.969746,0.944129,-17.262285,-0.90664953,0.024509162,1.0111712,1.3488041,0.57716066,6.904972,0.40856752,8.040957,1.492888,24.28054,0.43894315,698.23645,0.32142866,1352.2144,0.14864756,-123.42694,-0.72770053,1748.1498,0.13770671,1036.8804,0.20672305,-112.01588,-0.76788545,2762.1,0.09843989,961.94403,0.3758127,-113.40768,-0.7453613,-14.670218,-0.5362459,23.64609,0.3977924,0.050618786,0.5797802,-0.014215909,-1.2988169,0.21501687,0.8070605,31.858778,0.29129526,-8.226397,-2.14231,16.49637,1.1087056,-21.871635,-0.820475,-12.461933,22.908224,0.007373157,-0.0021112787,0.063505344,3.2967033,2.6119404,0.17999999,0.12671678,0.18285714,0.23112856,-29.55718,q,Ses05F_script01_2,Ses05F_script01_2_M009
333,43.451233,0.08173102,38.617123,44.488758,45.876553,7.25943,166.71872,242.93031,22.649391,25.304247,0.24477297,0.7679717,0.05416386,0.20854458,0.36281702,0.30865318,3.6772869,3.594759,2.016823,1.3605905,0.07944676,1.4288589,24.537067,0.29055303,-14.1710005,-1.1554545,12.228638,0.87347114,-19.82322,-0.67296594,0.01438443,0.80240273,1.119815,0.36351776,8.258325,0.2999222,10.590164,0.9240821,19.69114,0.5599491,708.2783,0.26341775,1351.3875,0.12642442,-138.72252,-0.63351876,1726.6416,0.117331825,1127.7775,0.17150284,-115.72893,-0.769495,2668.4236,0.08923818,1077.3328,0.40478972,-117.62723,-0.7387227,-9.574375,-0.7252329,19.456799,0.381761,0.043991994,0.56205666,-0.0025681185,-6.203982,0.12693875,1.1203908,25.28537,0.29679596,-20.161646,-0.76283145,10.366714,1.1741446,-29.315756,-0.36870247,-9.182176,19.205606,0.009128906,0.006999265,0.041827034,2.5157235,2.5559106,0.16875,0.1230282,0.20125,0.3447984,-33.021538,ans,Ses05F_script01_2,Ses05F_script01_2_F010
334,28.991518,0.01842933,28.424889,28.931084,29.633915,1.2090263,47.02956,0.0,8.280134,17.506958,0.082322374,0.7264452,0.051176343,0.05296783,0.097450875,0.04627453,1.0529023,0.90867436,1.1033794,0.75009173,0.020128062,1.2579098,23.794067,0.30360764,1.0873365,6.4974804,18.440067,0.5616591,-6.846297,-0.8176914,0.018069003,0.8927383,0.7922896,0.8068976,6.7153616,0.4212143,9.88572,0.62105584,27.974894,0.19533718,500.14703,0.2995911,1393.1492,0.10788679,-185.02496,-0.26416585,1737.592,0.12202238,1250.0148,0.64853853,-187.05537,-0.22760814,2621.4714,0.09032337,1008.316,0.189665,-186.54715,-0.23679276,-18.243298,-0.3240365,23.161161,0.264241,0.010107638,1.4407477,-0.016831674,-0.64416665,0.0689605,0.317082,27.39205,0.23505645,14.713054,0.48032162,40.39927,0.32077408,-9.541309,-0.63443756,-12.553772,22.41824,-0.005781551,0.0076794215,0.016245455,1.7543861,1.2048193,0.06,0.04,0.49666667,0.26132143,-44.87804,b,Ses05F_script01_2,Ses05F_script01_2_M010
335,41.01996,0.08766008,37.782253,42.507584,43.24782,5.4655685,14.768834,10.769525,39.578873,20.506554,0.17258975,0.58074695,0.05410498,0.16691709,0.27370206,0.21959707,1.7509911,0.8276737,1.1463872,0.3405197,0.038370054,0.70838165,26.19491,0.18531345,-12.597496,-1.0036165,12.054832,1.0413707,-25.173883,-0.5572432,0.015882976,1.0030571,1.1380953,0.4360952,7.2175517,0.3672917,3.8967452,2.746578,15.279255,0.50029385,757.068,0.2833861,1408.9617,0.18900456,-116.71219,-0.80488294,1741.7705,0.13693085,1109.2516,0.33981815,-107.67831,-0.85045266,2801.3103,0.08279168,910.2972,0.28870112,-110.78756,-0.796582,-8.5319195,-0.6225311,19.469332,0.25228277,0.021527318,0.67165256,-0.004632259,-2.551428,0.056698788,0.40123594,27.700253,0.16388887,-19.812178,-0.65426576,11.534481,1.3407668,-34.687466,-0.26508367,-10.458642,20.76544,-0.0002078558,0.0022857008,0.02155155,3.030303,1.8461539,0.25833333,0.2684782,0.2242857,0.21346508,-43.374783,o,Ses05F_script01_2,Ses05F_script01_2_F011
336,0.0,0.0,0.0,0.0,0.0,0.0,0.0,0.0,0.0,0.0,0.109299324,0.77075094,0.052883193,0.0636658,0.17947207,0.12658888,1.3206325,0.9716714,0.35834584,0.35514975,0.023226136,1.1151254,21.224062,0.33587873,-3.9497468,-1.0001656,14.097007,0.38313726,-6.8959045,-0.8781041,0.0,0.0,0.0,0.0,0.0,0.0,0.0,0.0,0.0,0.0,0.0,0.0,0.0,0.0,-201.0,0.0,0.0,0.0,0.0,0.0,-201.0,0.0,0.0,0.0,0.0,0.0,-201.0,0.0,0.0,0.0,0.0,0.0,0.0,0.0,0.0,0.0,0.0,0.0,0.0,0.0,0.0,0.0,0.0,0.0,0.0,0.0,-9.536398,20.121769,-0.0057690106,0.011189311,0.02336629,1.6393442,0.0,0.0,0.0,1.16,0.0,-47.826954,oth,Ses05F_script01_2,Ses05F_script01_2_M011
337,41.736797,0.060272414,39.58168,41.982944,43.809593,4.227913,38.023464,19.143387,32.62362,28.988287,0.24107659,0.7086003,0.08024743,0.20838173,0.35803658,0.27778915,2.5846386,1.7985556,1.3544095,0.6113957,0.06370608,0.939979,21.646606,0.3292217,-15.10407,-1.0676062,18.112638,0.7533469,-27.57952,-0.6092258,0.033370208,1.1650802,1.4429739,0.4276211,5.5586653,0.580514,8.855842,1.3979536,16.282438,0.7154538,770.2203,0.3035693,1391.2877,0.20559601,-140.29868,-0.6214814,1751.4021,0.1172659,1088.537,0.34401882,-125.41903,-0.7060337,2778.675,0.08196529,929.6279,0.3829309,-126.82049,-0.6819485,-7.868472,-0.7964307,17.245707,0.37865016,0.033750094,0.48349082,-0.0077688717,-1.9390761,0.0965069,0.60654145,24.22527,0.29324895,-22.218534,-0.75551724,14.446405,1.1259105,-37.12202,-0.32783437,-7.5167193,15.598092,0.009838708,0.0005592606,0.042525366,2.4420025,2.825553,0.13130435,0.109159,0.21045454,0.2911338,-38.585587,s,Ses05F_script01_2,Ses05F_script01_2_F012
338,28.001709,0.07371167,25.541542,28.06895,30.26155,4.720009,-5.6419916,0.0,21.817736,0.0,0.19273596,0.9115178,0.05900014,0.093666665,0.3464315,0.28743136,2.606176,1.8668104,2.9359906,2.2565756,0.05518406,1.270335,21.168991,0.57622313,-1.6733204,-4.716457,14.931809,0.7191785,-12.247855,-1.0130959,0.016977482,0.77123785,1.029797,0.5020898,6.101629,0.3502535,2.8335996,2.457919,26.929626,0.2103007,684.3933,0.2943015,1304.2316,0.07317346,-170.9103,-0.40132773,1776.8593,0.13498025,1237.5348,0.4291179,-172.41708,-0.3720006,2834.302,0.082465686,819.23346,0.27816063,-173.29622,-0.35808507,-16.459665,-0.2601499,27.006353,0.13871568,0.028679974,0.7868445,-0.025990486,-0.77190846,0.13942052,0.39395198,39.503735,0.18954763,1.131153,3.7905307,17.554384,0.7096514,-22.962223,-0.8587666,-7.5514984,17.444609,-0.0027931025,0.0075601167,0.040749703,3.1413612,0.53763443,0.29,0.0,0.77,0.01,-36.236393,c,Ses05F_script01_2,Ses05F_script01_2_M012
339,42.143764,0.1075398,37.250347,42.923176,46.816135,9.565788,43.581646,20.764996,12.239533,10.73528,0.2120497,0.49694595,0.122878484,0.19542451,0.29066426,0.16778576,2.1501157,2.7029548,1.2465357,0.79328334,0.052297585,0.66284424,25.170902,0.3109653,-11.087545,-1.1526318,16.337095,0.7029267,-28.481422,-0.5911434,0.020243656,1.0029685,1.2535042,0.54458743,8.109136,0.4036594,8.054203,1.0759755,17.997572,0.6820106,803.298,0.25612414,1264.7253,0.14989819,-118.59653,-0.7702747,1854.921,0.12832603,1152.0673,0.2926986,-107.705284,-0.8120598,2808.3796,0.09315487,998.6609,0.43994918,-108.414536,-0.79807514,-11.370326,-0.7960616,21.13628,0.4513788,0.030602017,0.6221692,-0.0082231695,-1.5872778,0.06458619,0.49499282,26.930193,0.31993282,-11.781527,-1.3297513,14.0243025,0.9329112,-36.059597,-0.4240706,-8.673858,17.697697,0.018671364,5.991662e-05,0.03899763,3.0769231,2.8213167,0.1711111,0.09146273,0.16333334,0.17113996,-38.596363,s,Ses05F_script01_2,Ses05F_script01_2_F013
340,37.269672,0.13604334,32.937477,36.026306,45.347336,12.409859,11.517968,14.446009,33.8725,13.461258,0.21892159,0.5532129,0.08343813,0.22661255,0.3364039,0.25296578,2.5308435,3.5079794,1.1892542,0.725961,0.05851681,0.71805924,24.899807,0.5467709,1.5850089,8.457828,14.963424,0.8060095,-19.605778,-0.93309534,0.01674489,1.2111953,0.9224883,0.5942026,8.628254,0.43021202,7.459905,0.9936892,28.655832,0.2278608,716.92487,0.29607147,1362.3887,0.13819158,-119.65315,-0.75134987,1778.692,0.1554883,1207.6982,0.24355333,-114.53022,-0.74015015,2882.3142,0.088789605,921.6955,0.32662165,-117.29675,-0.6959458,-16.94629,-0.5157513,28.669218,0.28627795,0.026052698,0.723999,-0.0114301685,-1.2948345,0.07752095,0.4259463,33.394093,0.22267695,2.1690164,6.6760964,12.933418,0.95623314,-28.023558,-0.6902284,-7.651999,17.588057,0.0022179487,0.0066722604,0.043799557,2.8901734,2.3809524,0.19749999,0.1042533,0.2025,0.20837165,-36.31033,c,Ses05F_script01_2,Ses05F_script01_2_M013
341,40.196247,0.14797339,37.616577,41.050922,44.157883,6.5413055,96.04936,68.005295,22.937382,19.880583,0.24318542,0.7673664,0.12899402,0.21964544,0.31392696,0.18493295,4.1163607,5.9884677,2.4259946,2.9912152,0.07003292,1.5313344,24.786486,0.37534088,-14.674721,-0.81398547,15.637537,0.8416892,-25.730003,-0.5981987,0.024393108,1.3243071,1.2124964,0.4116187,6.477244,0.49125528,6.2169795,1.7364721,18.543625,0.49199098,647.07104,0.31785396,1312.9296,0.15879765,-118.228485,-0.79776293,1691.8076,0.13177912,1044.1897,0.31706187,-98.8163,-0.9084475,2698.713,0.09768787,1011.06104,0.35200578,-101.11238,-0.86697567,-9.243457,-0.43507582,18.965544,0.3029685,0.028749978,0.7592748,-0.011326094,-1.3849583,0.08386192,1.3511946,27.876774,0.27052933,-19.508009,-0.5446448,12.473827,1.1319059,-32.722908,-0.4306269,-8.263462,15.546315,0.010487208,-0.0009767018,0.05557934,2.3090587,2.5089607,0.20642856,0.124361634,0.16,0.15483324,-33.815514,s,Ses05F_script01_2,Ses05F_script01_2_F014
342,28.157564,0.11379723,25.499817,27.463715,30.164787,4.6649704,111.250374,104.547935,13.813497,24.706594,0.2523193,1.0231321,0.057469606,0.16189976,0.39317137,0.33570176,5.993251,4.5357413,3.0717797,2.9917119,0.08175973,1.6032641,25.257027,0.62275994,1.3911287,7.175516,11.934051,0.82706434,-17.281012,-0.9611909,0.010722022,1.3053584,0.9455575,0.7264567,6.5483165,0.4239849,1.6004066,3.5795507,27.318563,0.2847469,658.6948,0.3030213,1335.902,0.122861944,-139.96286,-0.62852454,1704.1289,0.17696632,1211.5656,0.2781051,-143.70508,-0.56766665,2789.1777,0.10022056,937.4338,0.33678076,-145.55711,-0.5411382,-17.08928,-0.42230827,28.666878,0.24812452,0.038117457,0.7345922,-0.02944539,-0.8426302,0.16155714,1.0000365,40.077763,0.24371892,3.3153458,4.0730624,8.863654,1.3414264,-30.95393,-0.63292754,-8.780284,18.22094,0.0017395273,0.0050807837,0.04643053,1.882353,1.4285715,0.21333334,0.12618329,0.39857143,0.39010727,-31.129988,c,Ses05F_script01_2,Ses05F_script01_2_M014
343,36.15083,0.113677196,31.908401,36.47309,39.14098,7.2325783,39.677197,31.345066,23.47494,12.706833,0.11455786,0.6126529,0.054211974,0.0828826,0.17304848,0.11883651,1.0066969,0.5274142,0.5051598,0.4414504,0.026329033,0.8200972,30.215029,0.23397002,-5.377932,-1.461881,9.869031,1.2667408,-18.191057,-0.8306603,0.02401317,1.0640969,1.4389095,0.4162456,5.7271776,0.5191636,-0.383371,-22.805685,23.261883,0.3298999,632.7141,0.35437644,1431.0386,0.1391567,-128.88206,-0.7152686,1650.5168,0.18098731,1158.1509,0.22170864,-125.51145,-0.69584787,2757.4224,0.11425194,1039.0178,0.53019005,-128.70091,-0.6484339,-14.096227,-0.35229978,27.786184,0.15764882,0.028749388,0.55789703,-0.01640699,-0.6431589,0.045329638,0.43900087,36.101273,0.12960547,-6.2269006,-1.5917569,4.279004,3.9230418,-29.981592,-0.5294533,-11.347084,22.19435,-0.0026588836,0.008896358,0.013481585,1.7045455,2.017291,0.1942857,0.08261047,0.32333332,0.35287705,-45.318825,c,Ses05F_script01_2,Ses05F_script01_2_F015
344,29.29031,0.08126991,26.743933,29.693531,31.69701,4.9530773,145.21097,158.52263,16.562513,14.046263,0.15290387,1.0740865,0.05243961,0.054853145,0.25539464,0.20295502,3.568723,3.1889112,3.0343845,1.8576761,0.0626755,1.4217548,29.823154,0.2572312,3.04316,3.1724193,15.929064,0.75592893,-14.744816,-1.1347927,0.041533057,1.8817011,1.5108485,0.9577,6.920351,0.45204574,7.223264,1.3136753,31.345905,0.18001013,654.4802,0.25169632,1448.1903,0.11745112,-159.25772,-0.47698987,1849.0786,0.13013034,1148.3599,0.2587885,-162.30025,-0.42472398,2872.8555,0.08169809,1195.6647,0.47064075,-162.50226,-0.4217061,-23.960827,-0.22040577,32.929848,0.15087146,0.026601173,1.0986269,-0.026553554,-0.8567848,0.16180085,0.6633034,38.821495,0.1563574,15.461082,0.6627576,22.817488,0.810197,-15.506278,-1.4613928,-13.745802,23.94936,0.0020684283,0.00045235656,0.03415588,1.6666666,1.0169492,0.21666665,0.20072092,0.5575,0.4225148,-33.609867,q,Ses05F_script01_2,Ses05F_script01_2_M015
345,37.368374,0.071863435,36.16579,37.8743,39.932312,3.7665215,67.31005,2.6843808,29.69789,13.576078,0.11338352,0.85430413,0.055006873,0.080298334,0.14758472,0.092577845,2.0516305,1.0470037,4.2010508,5.431996,0.032042105,2.152995,28.41252,0.2196046,-4.063903,-2.4397101,16.01541,0.658769,-16.00799,-0.7364901,0.020221028,1.5847712,1.3936288,0.47904643,6.858861,0.27216047,4.3418345,1.7612673,22.854223,0.3801307,626.9982,0.26033294,1434.619,0.11789571,-157.30353,-0.50725776,1674.8113,0.14047426,1217.9177,0.34785345,-147.50333,-0.5426607,2727.634,0.08355113,1051.5178,0.5693693,-148.45174,-0.5283429,-13.932151,-0.4231334,23.632309,0.3180669,0.023774542,0.65253866,-0.015502397,-0.5876406,0.04433873,1.2573633,34.77398,0.1190614,-9.884964,-1.4627815,11.352676,0.9557163,-28.526522,-0.3088959,-13.062411,22.486704,-0.0014040218,0.00535758,0.014084984,1.2875537,2.2123895,0.121999994,0.06431174,0.31,0.30019993,-39.944065,ans,Ses05F_script01_2,Ses05F_script01_2_F016
346,34.736027,0.15636282,29.963284,34.897476,38.612923,8.649639,407.6562,711.3474,51.6167,20.026255,0.36187932,0.762106,0.09623816,0.33279198,0.55810255,0.46186438,6.9706964,5.8163757,5.183476,4.4561152,0.15629056,1.1622374,23.25199,0.5364385,0.07580728,172.16895,21.48281,0.9058733,-19.733307,-0.997262,0.034004472,1.1462208,1.2358818,0.61062026,6.7093973,0.54573345,9.825147,1.0097291,19.487091,0.5062467,718.4734,0.30195457,1367.2457,0.2254885,-125.31704,-0.70799357,1796.0645,0.13854894,1087.9877,0.49072513,-123.53798,-0.6768584,2800.3748,0.111516155,986.73694,0.33142707,-122.77138,-0.6867853,-15.72403,-0.52650976,22.42911,0.4452649,0.048196353,0.5283562,-0.022552872,-1.1127478,0.26248983,0.8250175,26.971205,0.44511643,3.836132,3.6342037,22.355808,1.0104496,-24.625248,-0.9193014,-9.242385,16.712868,0.011470658,-0.0033914899,0.07554936,3.2828283,2.5641026,0.162,0.09042124,0.22999999,0.21964619,-28.794619,s,Ses05F_script01_2,Ses05F_script01_2_M016
347,50.267372,0.0425186,48.355385,49.84561,53.258156,4.902771,41.14642,20.880274,68.63116,57.928856,0.25758177,0.6371991,0.10512356,0.22121821,0.39699602,0.29187247,3.9472246,2.1217074,0.9858551,1.0093534,0.07569168,0.9517704,20.522726,0.19815245,-19.615112,-0.70765424,23.669022,0.6887655,-33.131046,-0.57015663,0.034019254,0.70484483,1.6301028,0.3223522,5.644002,0.41525853,11.147092,1.1179708,10.395608,1.1587862,882.6847,0.21392296,1311.109,0.15174761,-163.1884,-0.46943098,1864.1337,0.07710647,1147.21,0.46664476,-152.3893,-0.5066639,2860.6667,0.06508508,818.4713,0.343234,-152.26764,-0.5082058,-5.5713496,-0.7556134,13.390929,0.45078838,0.05525258,0.2595034,-0.006141571,-2.5196624,0.1444518,0.58771044,18.892035,0.16135374,-32.50393,-0.38309187,12.447126,1.2250514,-52.88872,-0.13803726,-6.729754,12.460466,0.0121812755,-0.005142626,0.053771686,3.6363637,2.5000002,0.095,0.06020797,0.226,0.20924626,-37.86534,o,Ses05F_script01_2,Ses05F_script01_2_F017
348,36.92754,0.123924285,32.315037,37.152306,41.28517,8.970135,103.89687,126.22319,65.62549,50.61012,0.5255737,1.1340979,0.057654157,0.23020263,1.0251099,0.96745574,14.495997,10.020555,9.453703,5.521321,0.31541348,1.4302446,25.714895,0.32824373,-7.6179667,-1.7984838,10.819278,1.7722842,-15.984399,-1.0779859,0.036969047,1.4491615,1.2580566,0.7039496,6.691669,0.5993275,5.3469815,2.2900496,23.836494,0.3812289,795.7798,0.27356184,1331.6003,0.16013882,-136.01448,-0.65046835,1796.1179,0.15932986,1125.6296,0.32547215,-130.23346,-0.6697537,2875.0767,0.08773057,889.51105,0.37535855,-132.59967,-0.63345647,-12.516289,-0.7194702,25.67457,0.34609506,0.046925053,0.5842849,-0.019094177,-0.74065065,0.6438591,0.7640333,30.144384,0.2813481,-11.804822,-1.6089953,-0.836915,-24.519976,-24.397749,-0.8211798,-9.861815,18.473082,0.0071616373,0.003269316,0.11699431,3.0927835,2.0833335,0.173,0.12673199,0.31555554,0.39972517,-21.855154,q,Ses05F_script01_2,Ses05F_script01_2_M017
