,F0semitoneFrom27.5Hz_sma3nz_amean,F0semitoneFrom27.5Hz_sma3nz_stddevNorm,F0semitoneFrom27.5Hz_sma3nz_percentile20.0,F0semitoneFrom27.5Hz_sma3nz_percentile50.0,F0semitoneFrom27.5Hz_sma3nz_percentile80.0,F0semitoneFrom27.5Hz_sma3nz_pctlrange0-2,F0semitoneFrom27.5Hz_sma3nz_meanRisingSlope,F0semitoneFrom27.5Hz_sma3nz_stddevRisingSlope,F0semitoneFrom27.5Hz_sma3nz_meanFallingSlope,F0semitoneFrom27.5Hz_sma3nz_stddevFallingSlope,loudness_sma3_amean,loudness_sma3_stddevNorm,loudness_sma3_percentile20.0,loudness_sma3_percentile50.0,loudness_sma3_percentile80.0,loudness_sma3_pctlrange0-2,loudness_sma3_meanRisingSlope,loudness_sma3_stddevRisingSlope,loudness_sma3_meanFallingSlope,loudness_sma3_stddevFallingSlope,spectralFlux_sma3_amean,spectralFlux_sma3_stddevNorm,mfcc1_sma3_amean,mfcc1_sma3_stddevNorm,mfcc2_sma3_amean,mfcc2_sma3_stddevNorm,mfcc3_sma3_amean,mfcc3_sma3_stddevNorm,mfcc4_sma3_amean,mfcc4_sma3_stddevNorm,jitterLocal_sma3nz_amean,jitterLocal_sma3nz_stddevNorm,shimmerLocaldB_sma3nz_amean,shimmerLocaldB_sma3nz_stddevNorm,HNRdBACF_sma3nz_amean,HNRdBACF_sma3nz_stddevNorm,logRelF0-H1-H2_sma3nz_amean,logRelF0-H1-H2_sma3nz_stddevNorm,logRelF0-H1-A3_sma3nz_amean,logRelF0-H1-A3_sma3nz_stddevNorm,F1frequency_sma3nz_amean,F1frequency_sma3nz_stddevNorm,F1bandwidth_sma3nz_amean,F1bandwidth_sma3nz_stddevNorm,F1amplitudeLogRelF0_sma3nz_amean,F1amplitudeLogRelF0_sma3nz_stddevNorm,F2frequency_sma3nz_amean,F2frequency_sma3nz_stddevNorm,F2bandwidth_sma3nz_amean,F2bandwidth_sma3nz_stddevNorm,F2amplitudeLogRelF0_sma3nz_amean,F2amplitudeLogRelF0_sma3nz_stddevNorm,F3frequency_sma3nz_amean,F3frequency_sma3nz_stddevNorm,F3bandwidth_sma3nz_amean,F3bandwidth_sma3nz_stddevNorm,F3amplitudeLogRelF0_sma3nz_amean,F3amplitudeLogRelF0_sma3nz_stddevNorm,alphaRatioV_sma3nz_amean,alphaRatioV_sma3nz_stddevNorm,hammarbergIndexV_sma3nz_amean,hammarbergIndexV_sma3nz_stddevNorm,slopeV0-500_sma3nz_amean,slopeV0-500_sma3nz_stddevNorm,slopeV500-1500_sma3nz_amean,slopeV500-1500_sma3nz_stddevNorm,spectralFluxV_sma3nz_amean,spectralFluxV_sma3nz_stddevNorm,mfcc1V_sma3nz_amean,mfcc1V_sma3nz_stddevNorm,mfcc2V_sma3nz_amean,mfcc2V_sma3nz_stddevNorm,mfcc3V_sma3nz_amean,mfcc3V_sma3nz_stddevNorm,mfcc4V_sma3nz_amean,mfcc4V_sma3nz_stddevNorm,alphaRatioUV_sma3nz_amean,hammarbergIndexUV_sma3nz_amean,slopeUV0-500_sma3nz_amean,slopeUV500-1500_sma3nz_amean,spectralFluxUV_sma3nz_amean,loudnessPeaksPerSec,VoicedSegmentsPerSec,MeanVoicedSegmentLengthSec,StddevVoicedSegmentLengthSec,MeanUnvoicedSegmentLength,StddevUnvoicedSegmentLength,equivalentSoundLevel_dBp,labels,filename,utt_label
0,33.304993,0.053791836,31.42635,33.24363,34.66647,3.24012,24.575832,3.4639637,14.62402,6.222347,0.12749323,0.47281596,0.09736915,0.106014475,0.12614134,0.02877219,1.541587,1.2553192,1.7848023,1.3618544,0.033663176,0.6711262,28.688993,0.18210559,0.8703891,5.348235,12.690761,0.44837868,-9.625864,-0.54742795,0.017786566,1.1340326,1.1267092,0.65780973,8.061095,0.27851808,5.121881,2.0071056,24.597626,0.282879,626.02966,0.2792144,1439.7515,0.22358891,-181.53525,-0.31145263,1697.6835,0.09988312,1013.1452,0.25236762,-182.10643,-0.29651454,2776.9502,0.08491514,1132.1252,0.34277266,-183.20242,-0.27708885,-15.9259205,-0.29095548,25.691046,0.24830678,0.0128115555,1.2081308,-0.014107399,-0.80549306,0.08214234,0.46771067,36.05419,0.16925563,-0.58911234,-12.8711815,18.824469,0.5631615,-5.0180597,-1.6803813,-13.792906,23.543812,-0.0025412792,-0.003065916,0.027994776,1.1802576,0.43149948,0.235,0.16800296,1.648,1.5394336,-43.163395,q,Ses01F_impro02,Ses01F_impro02_F000
1,23.611528,0.0042335875,23.535843,23.629288,23.703285,0.16744232,7.546091,0.0,-4.1711807,0.0,0.12016334,0.28353083,0.09868089,0.10528945,0.13485318,0.036172293,0.72563046,0.54789513,0.39332604,0.16494519,0.03229875,0.3907451,25.586664,0.17899035,2.0268617,2.1190846,12.583671,0.42892706,-9.383861,-0.68681866,0.018138675,0.8297513,1.3119278,0.22371273,2.8458068,0.06735709,18.673412,0.047014646,25.191223,0.13791485,657.15826,0.19297971,1586.9598,0.026718505,-195.83437,-0.1491724,1628.1172,0.033472203,1326.3623,0.12416345,-196.00519,-0.14362335,2517.5933,0.03679565,1171.6724,0.022046141,-196.1655,-0.13922589,-12.098268,-0.13624574,19.726677,0.083095014,-0.008759054,-0.38524362,-0.00836258,-0.5942778,0.044391897,0.054693975,34.306747,0.05438741,-7.1617565,-0.2916737,16.182035,0.1643691,2.9107091,0.7320146,-13.295064,23.561014,-0.012521528,-0.001761607,0.03190447,1.6611296,0.33783785,0.07,0.0,1.43,0.04,-48.314796,o,Ses01F_impro02,Ses01F_impro02_M000
2,32.017952,0.019574083,31.492613,31.816795,32.637943,1.1453304,9.5609865,4.47774,12.014935,3.7331672,0.11484762,0.3711427,0.09373077,0.09910694,0.10879439,0.015063621,0.51131475,0.5487711,0.62850356,0.42323998,0.030744331,0.47602886,28.523357,0.14521006,2.1957388,1.3308755,13.451425,0.29051772,-9.260179,-0.48833355,0.011563528,0.7565791,1.2268701,0.6535015,8.511726,0.14201747,0.11768714,25.965103,23.378664,0.12762642,799.0843,0.06521871,1186.8334,0.14293289,-174.92032,-0.3660604,1868.4927,0.03512302,787.19196,0.21483201,-176.92783,-0.33415094,2982.523,0.023489837,706.25073,0.13619043,-178.35257,-0.31157866,-20.155691,-0.1559615,28.550224,0.19850437,-0.006342672,-2.4884925,-0.021753738,-0.3350487,0.05683133,0.32580706,37.363636,0.04777901,4.321436,1.1032603,16.658882,0.42007473,-4.6427474,-1.4881176,-14.598173,25.28574,-0.009347433,-0.002511494,0.02683291,0.6849315,0.34843206,0.39,0.0,1.225,0.114999995,-44.732513,ag,Ses01F_impro02,Ses01F_impro02_F001
3,25.975643,0.03458767,25.397524,25.956028,26.9337,1.5361767,38.446545,43.128902,10.891611,6.632469,0.12821847,0.3472589,0.09280467,0.10130416,0.17112148,0.07831681,0.7093224,0.4438748,0.6736521,0.46795973,0.034402255,0.43463722,29.632988,0.22316773,1.4827405,3.1978433,13.264276,0.47466138,-9.722622,-0.6150601,0.014767004,0.8087995,1.0839522,0.4706205,3.845317,0.41898054,0.49221814,9.635762,26.312965,0.23058395,576.2181,0.27718168,1427.2738,0.108950235,-171.28479,-0.39068502,1609.0524,0.15289359,1189.0541,0.22986755,-173.42693,-0.35795245,2688.4146,0.10381112,1040.3335,0.18582396,-174.81358,-0.33682683,-16.651283,-0.2272975,27.891882,0.14627698,0.006554138,2.4192946,-0.013936683,-0.81258726,0.049830846,0.20392172,37.32757,0.0855595,3.468245,1.8236365,10.26094,0.8469778,-7.9589167,-1.0062344,-13.856544,23.804604,-0.0063977567,-0.0031244545,0.031704918,2.249135,1.2216405,0.11571428,0.04337779,0.59625,0.8612917,-45.75312,o,Ses01F_impro02,Ses01F_impro02_M001
4,32.8968,0.065211035,31.059433,32.377552,34.070866,3.0114326,126.96426,177.32286,19.190031,3.355706,0.15256482,0.71954405,0.09164601,0.09929773,0.19607182,0.10442581,2.656167,1.6190019,2.354911,2.1983562,0.04678039,1.0088819,30.851456,0.20762274,0.18914664,36.017994,14.070621,0.39974082,-6.1077943,-1.1121491,0.016644822,1.0178195,1.188742,0.7088007,7.8473454,0.33827096,0.4195292,14.543294,22.631805,0.36826202,551.8565,0.23257202,1370.0944,0.12831876,-155.65173,-0.5122668,1626.5499,0.0908637,992.1375,0.27300704,-156.60474,-0.4843648,2701.4478,0.08725355,1003.8631,0.36643952,-158.86023,-0.45373872,-17.12942,-0.35078186,26.707495,0.2724711,0.012479888,1.9002559,-0.018561117,-0.55688775,0.09734937,0.74098986,38.986595,0.1124498,-1.8407439,-6.237887,17.942316,0.4382261,-0.5817142,-13.492459,-15.177832,26.096739,-0.012375407,-0.0029147414,0.030626023,1.4010508,0.8833923,0.26999998,0.16161683,0.7,0.7567695,-38.19632,s,Ses01F_impro02,Ses01F_impro02_F002
5,31.894836,0.046169337,30.350111,31.749727,33.300385,2.9502735,60.32723,83.41694,14.352345,5.603083,0.16506286,0.7523519,0.09109254,0.09834291,0.23003352,0.13894098,2.496241,2.541317,1.8610426,1.1834488,0.045554925,0.86606604,29.505032,0.20627506,-0.67643076,-10.004185,16.118423,0.5563953,-6.333645,-1.0452012,0.014020143,0.9024691,0.9716615,0.5490908,7.4985924,0.29223293,4.3705044,1.2623162,20.707352,0.29830283,575.9402,0.2660053,1405.1395,0.15972228,-152.612,-0.5350558,1647.5043,0.09570973,978.5903,0.32898477,-155.32422,-0.49423844,2671.064,0.07250037,999.55383,0.3039772,-156.68219,-0.47581235,-14.351602,-0.34182805,22.418972,0.27702677,0.021420335,0.9759638,-0.015602858,-0.6650787,0.09769647,0.4633393,35.83855,0.17847139,-4.550041,-2.3840199,24.382238,0.5607882,-3.147205,-2.6741605,-14.063835,23.997545,-0.0057253875,-0.002035957,0.02843763,1.7730497,1.0733453,0.225,0.26587903,0.5871428,0.69987166,-38.415882,o,Ses01F_impro02,Ses01F_impro02_F003
6,23.638266,0.0148448,23.379818,23.45653,23.900297,0.5204792,29.408972,31.230156,4.2603254,5.1245537,0.11633385,0.34430262,0.09130921,0.09779519,0.1363584,0.045049183,0.5664151,0.37597013,0.54785234,0.3581353,0.027321149,0.37254673,29.019077,0.20073764,0.6137414,7.843425,13.5006275,0.48382607,-9.178713,-0.80931526,0.009382564,0.9296269,1.0869213,0.51873183,4.4190793,0.31220877,5.4329605,1.0258871,29.42345,0.2598639,624.997,0.3126053,1621.57,0.16130851,-183.29541,-0.29785115,1636.0503,0.14433464,1152.8982,0.1478948,-183.88971,-0.28485957,2723.3748,0.10850026,1185.0792,0.24316198,-184.54308,-0.27260527,-15.842501,-0.31168184,26.445444,0.1992398,0.009750221,1.2225447,-0.004603087,-1.2383159,0.043645516,0.24891646,37.186935,0.1224988,0.01654124,456.4938,19.350054,0.66453755,0.49760413,15.236083,-13.0727,22.95042,-0.0022081514,-0.0015324686,0.02576903,1.9261637,0.48543692,0.17999999,0.1626858,1.3924999,1.3642099,-47.147243,o,Ses01F_impro02,Ses01F_impro02_M002
7,31.144289,0.07867842,29.427618,30.008785,33.98822,4.560602,39.7982,41.12835,28.21719,2.479205,0.1431048,0.6097456,0.09346113,0.10407506,0.16972964,0.0762685,2.262669,1.8369116,1.8224739,1.7664299,0.03875516,1.0531263,30.03494,0.20446569,0.5743707,9.924537,15.370217,0.43096817,-9.162132,-0.7420934,0.020422505,0.79269415,1.1081296,0.72043556,7.5111017,0.2721735,4.7279644,1.983055,27.132017,0.20468752,543.4864,0.35576567,1369.4219,0.1513987,-158.22128,-0.49044505,1636.6744,0.12849122,991.9289,0.22609526,-160.46307,-0.44955537,2733.5515,0.08557286,1041.1239,0.33804494,-162.2964,-0.423975,-18.733458,-0.23617671,29.22401,0.18284887,0.021791786,1.2961705,-0.0118145915,-0.63953024,0.07556155,0.7177426,37.409836,0.14785483,2.7126489,2.8239422,22.800867,0.32606632,-4.9147444,-1.9582658,-13.640633,23.305494,-0.0008772697,-0.0032812045,0.028130349,2.0833335,1.2259195,0.17714284,0.26531458,0.53999996,0.7299315,-39.25874,s,Ses01F_impro02,Ses01F_impro02_F004
8,25.593388,0.0724648,24.281618,25.892265,26.73122,2.4496021,91.5833,152.3143,324.40787,447.19574,0.14692642,0.35761273,0.098265246,0.14015995,0.17663142,0.078366175,0.73529756,0.58470577,0.4654573,0.2218757,0.036563795,0.43128833,27.304623,0.3039019,2.860437,2.0871403,18.395882,0.42338172,-5.822836,-1.1750813,0.0252071,2.1375248,1.2249899,0.5008368,4.2196007,0.35779348,5.3610826,1.4918474,28.819096,0.26450878,608.8869,0.30881506,1453.6128,0.106995955,-152.22417,-0.5153366,1663.7844,0.13121825,1237.3405,0.2606631,-155.55145,-0.4672161,2670.4893,0.102023415,1102.4485,0.2526076,-156.7075,-0.4516847,-18.587551,-0.17032398,27.715555,0.13927399,0.0017716805,7.5054355,-0.006013173,-1.5022743,0.04533374,0.18949081,34.030613,0.14928764,7.9826326,0.6241075,20.595871,0.4405892,-1.8511634,-3.5972795,-12.462259,20.767302,-0.002825706,-0.00083945435,0.03371169,2.3696682,2.2292995,0.10642857,0.07431661,0.3207143,0.41535637,-44.25252,o,Ses01F_impro02,Ses01F_impro02_M003
9,32.76393,0.18421291,32.253857,34.259136,37.261337,5.0074806,24.017572,0.0,-193.61295,0.0,0.1531984,0.7701191,0.09285446,0.10328799,0.13823806,0.045383595,2.2136445,2.796836,1.3007108,0.7515051,0.040805966,1.0747366,28.799063,0.18899767,-1.5477352,-3.136507,13.086303,0.40461817,-9.36512,-0.60856146,0.024526114,0.626172,0.93137807,0.50226426,8.2660265,0.5435827,1.5770305,5.2384233,24.564125,0.31777048,754.6118,0.2384797,1286.2461,0.13033281,-175.92094,-0.3519884,1774.1385,0.09113025,981.0323,0.18905477,-176.1159,-0.33927596,2897.8718,0.07096061,996.748,0.21422142,-177.71082,-0.31481203,-16.612484,-0.37520498,29.50883,0.33577392,0.017972233,0.7487432,-0.016579134,-0.82613856,0.1286678,0.24804705,36.414536,0.16781701,-2.9403734,-2.6628962,16.083683,0.6321069,-10.064329,-1.0650568,-12.6489105,22.173494,-0.0014181436,-0.0021461986,0.027439,1.5686275,0.8,0.16499999,0.125,0.70666665,0.52854097,-36.205997,ag,Ses01F_impro02,Ses01F_impro02_F005
10,28.220943,0.031458568,27.699018,27.951225,28.16846,0.46944237,53.00685,45.100296,2.263562,2.4447486,0.12662812,0.31400207,0.09568967,0.11130375,0.1584546,0.06276493,0.6643786,0.4693475,0.42698202,0.20673515,0.029662563,0.37821084,29.268488,0.20243248,-0.35894662,-14.348501,10.457078,0.730044,-11.0859165,-0.46111858,0.013785482,0.8559667,1.2728728,0.49697658,4.4106464,0.22504322,-0.3236411,-16.38774,26.992361,0.1346555,474.65485,0.28586298,1441.9436,0.12448378,-177.52553,-0.3458785,1494.8162,0.13406496,1186.7504,0.17895222,-177.89772,-0.32844016,2556.2102,0.08679922,1254.6489,0.48736057,-179.09938,-0.3088152,-15.349597,-0.2153014,27.21276,0.11114238,0.02167392,0.66360635,-0.015255568,-0.71969897,0.04143425,0.24810989,36.287754,0.13660778,2.1372857,4.0884495,2.3984885,4.289924,-14.742974,-0.5080568,-12.662754,22.365217,0.004312108,-0.0033642955,0.028117178,1.8237082,1.2345679,0.089999996,0.08093207,0.55799997,0.6229414,-47.326782,q,Ses01F_impro02,Ses01F_impro02_M004
11,31.799742,0.08711743,29.553316,30.36557,35.1684,5.6150837,115.38958,117.6455,13.376089,3.6128945,0.2035272,0.8211293,0.093675226,0.120088086,0.29419386,0.20051864,4.507107,2.886429,2.9066408,1.6679817,0.05962943,1.095015,30.178043,0.21592867,0.46226674,14.184286,19.606918,0.61751556,-9.162588,-0.8043186,0.018755738,0.88912106,1.2510667,0.64117384,7.5074587,0.34126297,6.5836277,1.5665821,25.083284,0.23556983,514.56647,0.25003532,1379.8794,0.15003851,-126.42735,-0.72955775,1638.4448,0.10089566,934.78217,0.2836487,-130.11153,-0.6541607,2671.422,0.06725533,1050.5062,0.36355588,-132.11398,-0.6261812,-15.986601,-0.24575731,24.200872,0.2852573,0.033417135,0.6808973,-0.01522514,-0.6125814,0.10993848,0.70028394,35.39431,0.1824251,-0.24878648,-31.171354,28.837301,0.49092177,-10.469207,-0.8994781,-13.5994215,22.449509,-0.0029031404,-0.0021596174,0.027162792,2.1428573,1.4457831,0.265,0.21344398,0.482,0.5492686,-34.258068,ans,Ses01F_impro02,Ses01F_impro02_F006
12,28.80435,0.20455438,23.78376,25.733631,34.94998,11.166222,63.49441,29.990818,10.439285,19.965294,0.31901532,1.2817469,0.09388085,0.12920061,0.4968574,0.40297657,10.065118,6.152361,7.78158,3.2098417,0.13475955,1.6977689,31.446472,0.18527836,-3.1599488,-4.4155583,15.578358,0.62391037,-8.046705,-0.8813586,0.021057807,1.1269766,1.2732962,0.5234626,4.171734,0.5041476,3.6792104,1.929888,24.552118,0.34708944,544.32404,0.36368635,1486.4224,0.14080349,-122.67571,-0.7545083,1568.2051,0.12761426,1118.441,0.21305148,-121.23151,-0.72232234,2658.5017,0.08324154,1063.9728,0.21357997,-124.575554,-0.67296976,-13.529703,-0.49995357,24.607748,0.30837455,0.024339965,1.2559448,-0.0064943396,-1.529019,0.19728178,1.3283105,34.676857,0.13826424,-5.333875,-3.0711732,17.45548,0.7448486,-6.8347054,-1.202686,-13.291681,22.596777,0.0022945518,-0.003379329,0.081659816,1.2145749,2.2540984,0.18272728,0.14365938,0.2409091,0.30278867,-29.495523,q,Ses01F_impro02,Ses01F_impro02_M005
13,34.750164,0.09949171,31.147432,35.01755,36.97673,5.829298,49.56652,40.039265,62.848373,68.91788,0.48782557,0.8710653,0.10321812,0.336303,0.89588475,0.7926666,8.868546,4.608192,5.6385336,2.9540708,0.20475338,1.0988389,29.596466,0.27937388,-11.569431,-1.2616131,15.228762,0.70807767,-9.819241,-1.1038338,0.021227509,1.1065314,1.2259146,0.57691777,5.938946,0.49197528,2.56442,2.8015993,18.527039,0.42326182,574.2578,0.37556398,1397.3419,0.14788722,-122.713005,-0.75408375,1598.5204,0.11725919,1036.5487,0.22170754,-115.771095,-0.7721849,2624.4531,0.08196243,1040.2595,0.21120894,-119.19953,-0.7201745,-8.837286,-0.65891325,18.47177,0.3848948,0.045308348,0.46652043,-0.011536465,-1.0688345,0.31809005,0.6605364,33.668377,0.21979427,-18.658348,-0.7841682,16.874102,0.82755566,-11.571613,-1.0573381,-9.93006,19.502634,0.008795611,-0.0018601562,0.11446477,2.917342,2.6143792,0.163125,0.11122718,0.18705882,0.3451984,-27.71078,ans,Ses01F_impro02,Ses01F_impro02_F007
14,25.834175,0.05216166,25.241203,25.689705,26.32347,1.0822659,108.188774,83.47398,23.961298,24.312805,0.13515368,0.30779988,0.0988395,0.124628566,0.16890392,0.07006442,0.84629035,0.46924385,0.5146841,0.3253423,0.030184232,0.43062973,26.381145,0.27031857,-2.5730135,-2.665643,13.767826,0.43168494,-6.8607483,-0.75022805,0.017658612,0.7495995,1.1886852,0.3635727,4.354828,0.28142506,1.2911268,4.837012,28.273165,0.18179998,524.977,0.32475862,1419.9673,0.07864862,-176.70825,-0.34888008,1556.4143,0.14104155,1123.8525,0.094888866,-178.33162,-0.32094803,2633.2112,0.08439313,1060.6086,0.17130448,-179.4206,-0.30331105,-17.71843,-0.20719221,29.021942,0.17479481,0.007729194,1.512702,-0.0056419903,-1.1081841,0.041894265,0.23696996,37.68167,0.08357828,4.192383,1.3204821,16.200878,0.28484866,-1.7182057,-2.8627372,-10.3665,19.08014,-0.0009581205,0.0016364512,0.028607754,3.3093526,0.86956525,0.13666667,0.106405936,0.84999996,1.3873717,-46.79876,s,Ses01F_impro02,Ses01F_impro02_M006
15,31.639538,0.058738414,30.063633,31.457233,32.672894,2.6092606,58.285206,45.06402,2.8575032,17.844967,0.17382242,0.5813163,0.09788552,0.12097737,0.25225848,0.15437296,2.3642588,1.4428762,2.2497296,1.4495256,0.044574264,0.88032615,24.385542,0.44031325,-0.88443184,-7.9184294,18.871872,0.64053345,-9.7525835,-0.9118912,0.026375262,0.82502544,1.2590437,0.5772428,6.1767917,0.4375998,3.6089218,1.539552,21.408478,0.20424546,538.814,0.2761781,1387.6583,0.12732323,-170.92928,-0.39184225,1614.8782,0.1243777,1109.339,0.5147222,-171.01746,-0.3781097,2655.2673,0.08956578,934.03467,0.34727612,-172.1145,-0.36170354,-13.005901,-0.4233607,20.559786,0.34253848,0.01687775,0.86247647,-0.014399998,-0.5253869,0.10288317,0.47454834,34.139797,0.2034857,-4.697053,-2.0355148,34.50922,0.44019175,-13.33912,-1.0942466,-10.595515,19.007652,-0.0036454957,-0.0012822289,0.033309788,2.5839794,1.0471205,0.14999999,0.09669539,0.626,0.66316205,-40.391064,s,Ses01F_impro02,Ses01F_impro02_F008
16,30.353157,0.10453903,30.580856,30.86777,31.696655,1.115799,389.28485,0.0,1.0125208,8.916591,0.15305446,0.57206154,0.09303908,0.11808299,0.20310144,0.11006236,1.112314,0.69766515,1.6655133,1.5602943,0.0341128,0.7305962,27.338875,0.24277624,0.111651726,74.144775,17.432674,0.52791417,-6.823476,-0.9626622,0.020780988,2.2999456,1.0678104,0.76715994,7.30867,0.31130993,1.820018,2.9742348,19.205585,0.42621472,625.2418,0.31652653,1406.1685,0.14283362,-152.88646,-0.51817274,1715.5919,0.12348882,1034.5492,0.29039243,-153.56186,-0.5022984,2735.2986,0.09505302,1038.709,0.31659007,-155.00735,-0.48211053,-16.245007,-0.37648442,24.68687,0.2549307,0.011573338,1.2997891,-0.012972029,-0.67993456,0.0598389,0.610563,33.13291,0.14131406,1.5927551,7.2305846,26.00327,0.45291045,-4.7607956,-1.5789261,-12.247162,21.819626,-0.0043740496,0.00013426795,0.025203027,2.0833335,1.1709602,0.216,0.20460695,0.5133333,0.68414587,-41.9033,s,Ses01F_impro02,Ses01F_impro02_F009
17,30.52553,0.032125175,29.711678,30.319895,31.357172,1.6454945,106.84666,124.14231,13.604002,7.4666233,0.13366835,0.5032045,0.0891146,0.09594293,0.17755431,0.08843971,1.5022017,1.6927559,1.2542754,0.8694284,0.032836676,0.86878115,25.124771,0.27511513,0.9537546,7.7151556,15.788822,0.43726423,-7.795685,-0.7406246,0.035279643,0.7606887,1.4052544,0.6467765,6.4444075,0.32251492,0.7449486,5.0437007,19.762735,0.2603237,627.1893,0.38265505,1417.4777,0.16372995,-180.53621,-0.30727607,1714.0117,0.14891835,1089.0018,0.35931143,-181.14975,-0.28818673,2723.3267,0.11175445,996.2744,0.18467845,-181.35333,-0.28490722,-16.867277,-0.28578576,23.287285,0.30833015,0.008833607,2.4255877,-0.0119756935,-0.97192,0.080170535,0.4867915,31.638832,0.17898665,4.642827,1.7767862,26.71181,0.39281648,-3.7194173,-1.8725972,-11.881308,21.33466,-0.004550152,0.00020269287,0.027152637,2.1226416,1.1933174,0.086,0.060860496,0.6083333,0.79358715,-44.031754,s,Ses01F_impro02,Ses01F_impro02_F010
18,24.527065,0.04251078,23.5203,24.048985,25.925983,2.4056835,0.0,0.0,-0.13146535,0.0,0.11218744,0.27297062,0.09038796,0.097151466,0.135878,0.045490034,0.3984781,0.2672372,0.30722743,0.14471042,0.02403723,0.28201565,24.424593,0.30084994,0.5288026,8.861079,14.111595,0.31260434,-10.175022,-0.54336333,0.021178437,0.4979748,1.1894857,0.4382512,2.218854,0.49844286,6.9982233,0.8241983,31.721756,0.09799851,703.52466,0.12544338,1546.5923,0.18198425,-190.89435,-0.2185368,1771.1664,0.07021162,1173.0454,0.16159622,-191.60873,-0.20206758,2801.1914,0.044779625,1096.8096,0.36863256,-192.09183,-0.19137739,-17.411406,-0.097185664,30.27591,0.046077523,0.0039582853,3.0586312,-0.01632336,-0.38760543,0.037480623,0.17425524,37.151024,0.03310727,5.840297,0.33270285,11.439479,0.33732754,-11.607407,-0.38320875,-11.380517,21.434666,-0.005379256,0.00091140025,0.023329781,2.6178012,0.265252,0.19,0.0,1.775,0.13499999,-50.47237,o,Ses01F_impro02,Ses01F_impro02_M007
19,33.083637,0.05466892,31.875263,32.924847,34.314167,2.4389038,58.818146,24.493563,14.447064,4.614734,0.13735001,0.60441935,0.08952218,0.09764008,0.16843279,0.078910604,1.3198377,1.2739599,0.9284539,1.1405364,0.034814876,0.96095026,28.376919,0.19179466,0.33748844,14.5853,16.027433,0.389104,-5.6758637,-1.2614474,0.011593521,0.4957854,0.9610944,0.7130221,9.376317,0.23506631,6.466662,1.1066575,24.972527,0.2521655,712.4928,0.33262515,1408.8701,0.12773696,-160.48293,-0.46494037,1758.9104,0.13216452,1092.2644,0.3994062,-160.19247,-0.44924748,2854.488,0.100557834,1105.1547,0.24379623,-162.41054,-0.41825986,-18.937561,-0.24541226,29.469532,0.2371775,0.011317082,2.4633498,-0.01256176,-0.5768528,0.076957025,0.62436414,35.28427,0.17477593,4.682069,1.2116882,20.440132,0.424858,2.4634402,3.43688,-12.53915,22.558926,-0.0071034445,-6.550585e-06,0.022092996,2.1084337,0.9174312,0.24666665,0.12036981,0.8166666,0.4930404,-38.979103,o,Ses01F_impro02,Ses01F_impro02_F011
20,13.398719,0.0062665176,13.336561,13.393546,13.459845,0.123283386,0.0,0.0,-0.06849066,0.0,0.09250275,0.09868672,0.08657326,0.08941808,0.096031815,0.009458557,0.20738636,0.10277825,0.16853553,0.074840754,0.02143346,0.22063363,28.289385,0.084516264,0.29001355,9.726687,13.261612,0.21934469,-9.233913,-0.4120804,0.007399812,0.0,1.2359433,0.0038573963,0.19416147,0.2261606,152.7285,0.23651826,34.301758,0.01959994,715.3489,0.09182536,1523.9247,0.020058637,-198.82135,-0.08434161,1727.9717,0.020639194,1056.6094,0.033805758,-198.91255,-0.0807826,2780.1047,0.036722433,1619.1024,0.40569055,-198.98901,-0.0777745,-18.165861,-0.06649148,28.1506,0.09784488,-0.021568624,-0.401183,-0.0036145854,-0.3613264,0.039054886,0.041836407,30.625753,0.01247058,2.6742742,0.5490535,22.635738,0.084783666,-2.3916557,-0.15571693,-13.686752,24.370365,-0.0066419826,-0.0017257385,0.021317342,4.961832,0.38910508,0.02,0.0,1.26,0.32999998,-51.733192,ag,Ses01F_impro02,Ses01F_impro02_M008
21,23.148535,0.00965371,22.913841,23.144753,23.404875,0.49103355,0.0,0.0,-0.043768957,0.0,0.105413206,0.18443093,0.08990953,0.09633426,0.12052778,0.03061825,0.34181234,0.22755362,0.33261874,0.20552479,0.024881179,0.2857644,26.446894,0.20198783,2.1682475,2.696504,14.058177,0.3474992,-10.202453,-0.5357215,0.01061469,0.80447406,1.4819453,0.33491582,2.6853616,0.289167,7.6219087,0.29034847,28.341621,0.18991475,445.2447,0.13519269,1410.6847,0.0776083,-193.75368,-0.1866179,1404.2036,0.059542414,1251.969,0.11572461,-194.24559,-0.17387098,2436.4805,0.06493915,1222.8829,0.27874565,-194.6502,-0.16277815,-16.649376,-0.21328504,27.60763,0.10625901,0.011925142,0.25306603,-0.010758439,-0.54356736,0.030910503,0.087456115,35.964794,0.08399948,7.0776234,1.1584911,9.121201,0.44769222,-13.433219,-0.18315119,-13.185706,22.762323,-0.008524492,-0.0012140997,0.024781175,3.5519128,0.27700832,0.12,0.0,1.73,0.26,-50.1513,o,Ses01F_impro02,Ses01F_impro02_M009
22,32.796406,0.036154337,32.013763,32.95884,34.10766,2.093895,20.000095,7.1522136,13.246373,5.9748125,0.1322865,0.55117244,0.08824112,0.09463657,0.1623989,0.07415778,1.5268534,1.4547924,1.4012139,0.7805254,0.0363365,0.8181942,29.182217,0.19926491,3.9837346,1.9047691,17.359392,0.5678368,-8.456215,-0.68319,0.019992549,0.75478756,1.1652567,0.6131991,8.392124,0.29323468,11.971337,0.7478173,27.294077,0.2603689,619.45496,0.35636485,1477.7794,0.1301182,-155.28145,-0.49735406,1714.4203,0.11873871,1180.7418,0.26868907,-153.79852,-0.47658244,2799.8137,0.09669362,966.9625,0.3730076,-154.83739,-0.46200767,-21.747694,-0.26457518,31.10534,0.18691444,0.003122211,4.7491245,-0.009847602,-0.7774677,0.07181044,0.46436298,35.368942,0.080943346,10.747275,0.9864634,27.340178,0.44693637,-6.1963344,-1.4361784,-13.67504,24.321064,-0.008569834,-0.0015993327,0.022813825,1.6556292,1.010101,0.27333334,0.11953614,0.69,0.46568945,-38.722893,q,Ses01F_impro02,Ses01F_impro02_F012
23,24.295206,0.15824702,24.938023,25.235453,26.242905,1.304882,1374.6377,0.0,31.781265,32.12638,0.094683126,0.106949784,0.087732464,0.09163251,0.09873821,0.011005744,0.22797702,0.0865166,0.20076759,0.1449927,0.02226879,0.25971448,29.075504,0.08934498,1.3731426,2.4168139,13.662944,0.24792191,-10.425009,-0.42172122,0.0150307445,0.5453979,1.369182,0.5259526,3.4480352,0.5099039,0.009401379,641.8416,24.473137,0.2135034,515.6989,0.2558274,1462.5679,0.08689656,-188.01398,-0.24311647,1561.8284,0.08689083,1329.0073,0.2380757,-188.78271,-0.22413044,2584.5044,0.08082992,1039.0104,0.14786957,-189.13431,-0.2170337,-18.966675,-0.09767222,28.673563,0.07366442,0.0041254237,2.3525705,-0.006353578,-0.8413808,0.029056327,0.18580708,33.448452,0.040173296,6.831062,0.58039546,19.080956,0.20631646,-5.244892,-0.9149531,-14.221269,24.610167,-0.006151258,-0.0026823569,0.021887178,5.4761906,0.72289157,0.086666666,0.047842335,0.955,0.99240863,-50.626926,q,Ses01F_impro02,Ses01F_impro02_M010
24,33.87584,0.062211566,32.373344,33.541122,35.73246,3.3591156,24.842707,4.1441026,21.485632,9.452933,0.16687682,0.97122097,0.091935694,0.096501745,0.19039996,0.098464265,4.319401,2.5863614,3.9921873,1.903603,0.051287904,1.5352653,28.339504,0.15834013,-2.8407652,-2.066952,16.467087,0.51908267,-9.031003,-0.5846506,0.030857733,1.6312102,1.2717495,0.832189,8.378809,0.27115053,10.960643,0.9866387,22.022854,0.45137337,478.06967,0.29335952,1368.9103,0.15459567,-172.13707,-0.39475855,1605.5396,0.10067908,898.53394,0.283583,-171.24792,-0.38296756,2593.3772,0.065712295,1067.0516,0.3271359,-171.69386,-0.37623987,-14.753048,-0.3572162,22.155254,0.30829343,0.036996774,0.7191599,-0.014213514,-0.6790841,0.18174587,0.65627307,33.59415,0.15819599,-4.7907495,-2.203813,30.03252,0.3864405,-8.6218195,-1.1883905,-12.536644,21.854198,-0.0026835443,-0.0017655324,0.025976274,1.309329,0.660066,0.24,0.11113055,1.002,1.1216309,-35.136826,ans,Ses01F_impro02,Ses01F_impro02_F013
25,0.0,0.0,0.0,0.0,0.0,0.0,0.0,0.0,0.0,0.0,0.10339332,0.09710868,0.09419494,0.101858675,0.11215091,0.017955966,0.22537448,0.10467517,0.2351529,0.1267202,0.021888686,0.21965183,25.432276,0.15281259,-1.9338019,-1.7814568,15.449877,0.23782393,-8.993362,-0.4142224,0.0,0.0,0.0,0.0,0.0,0.0,0.0,0.0,0.0,0.0,0.0,0.0,0.0,0.0,-201.0,0.0,0.0,0.0,0.0,0.0,-201.0,0.0,0.0,0.0,0.0,0.0,-201.0,0.0,0.0,0.0,0.0,0.0,0.0,0.0,0.0,0.0,0.0,0.0,0.0,0.0,0.0,0.0,0.0,0.0,0.0,0.0,-12.050411,21.369732,-0.0052027833,0.00050094136,0.021940725,8.099689,0.0,0.0,0.0,3.1499999,0.0,-51.948196,ag,Ses01F_impro02,Ses01F_impro02_M011
26,37.89412,0.098439775,35.108765,39.02558,40.33839,5.2296257,219.15643,207.85597,26.380587,12.852251,0.1845314,0.73381984,0.09790143,0.118439116,0.25452474,0.1566233,1.8806349,1.0321094,2.2575054,1.4500744,0.047193445,0.9511635,24.480345,0.29075605,-2.23679,-3.9185743,18.032824,0.5461026,-8.598816,-0.88913095,0.012449056,0.8429195,0.9665278,0.67719513,10.482823,0.26229832,12.87308,0.6537623,18.237204,0.5666794,738.90576,0.30995268,1410.5297,0.23945823,-170.2607,-0.38960752,1779.283,0.091454804,999.68585,0.33283257,-166.1975,-0.40952265,2781.833,0.07614597,955.70013,0.31999177,-166.63441,-0.40356717,-15.698987,-0.4501463,23.272688,0.3839053,0.023127439,0.5233006,-0.014264709,-0.5968005,0.10827159,0.48141438,27.724613,0.2695503,-1.8567505,-6.5100584,30.489035,0.3803167,-12.428368,-0.9659847,-10.705038,19.883993,-0.00126602,-0.0004748184,0.032368407,1.894452,0.9536785,0.19857143,0.10329272,0.72499996,0.8454141,-36.89173,o,Ses01F_impro02,Ses01F_impro02_F014
27,28.405048,0.21111758,24.011387,26.204292,31.688368,7.676981,88.31469,65.686424,191.9237,175.46268,0.14230376,0.3313547,0.10335228,0.12814723,0.17466904,0.071316764,0.8622126,0.5595132,0.50727105,0.3239282,0.03705417,0.5784617,28.634434,0.23637225,1.8309753,3.226267,16.925781,0.34457606,-6.034445,-1.021423,0.02395704,1.4387472,1.2290803,0.49519646,5.0142846,0.67347264,2.7590044,2.9693618,23.486317,0.3288051,551.91724,0.43875888,1331.2427,0.17817615,-146.14636,-0.5722002,1575.9982,0.18634771,1106.5128,0.23209985,-148.09166,-0.52433103,2627.002,0.1277251,995.9898,0.319088,-149.78958,-0.50167364,-18.158173,-0.1982568,27.646252,0.19478032,0.013315882,1.1767594,-0.0062066317,-1.7988156,0.054131884,0.49722317,34.745693,0.10929742,2.596565,2.7203643,19.146223,0.31080717,-4.55332,-1.6345698,-13.229352,22.14414,0.00019447073,-0.00040419173,0.030265016,3.2119913,2.1645021,0.12699999,0.11472139,0.313,0.37013644,-42.402977,q,Ses01F_impro02,Ses01F_impro02_M012
28,36.006683,0.093037345,34.011353,36.73077,38.89133,4.879978,114.52235,99.37149,19.080584,21.539526,0.16951069,0.8330762,0.09696275,0.110213995,0.19749755,0.1005348,2.0962436,1.284829,2.448975,1.699479,0.045621086,1.0447124,27.5702,0.19833545,-2.6028376,-2.5304127,13.512962,0.65326613,-9.023492,-0.7091676,0.024425905,0.9535215,1.0714458,0.68884885,8.409928,0.31676403,6.8679934,1.7455995,25.187796,0.29243055,625.26416,0.31789532,1426.2158,0.11341563,-166.12762,-0.42717874,1657.0828,0.12585829,1105.7935,0.20996636,-163.73085,-0.4315908,2790.6226,0.07724099,1043.7484,0.36471826,-165.99962,-0.39964026,-14.165014,-0.46788543,27.753208,0.19132201,0.027253773,0.7201003,-0.0050527514,-1.4861506,0.108008504,0.6486964,32.805984,0.13313568,-4.0365434,-3.2700846,11.186932,1.400268,-11.072541,-0.87487715,-11.70393,21.798155,-0.0015971821,0.0003529816,0.030057183,1.4005603,1.4204545,0.13399999,0.07172168,0.45666668,0.52423483,-38.584614,ans,Ses01F_impro02,Ses01F_impro02_F015
29,27.328531,0.088529386,25.896696,26.72398,27.58966,1.6929646,471.9163,468.93652,-7.4633684,8.342092,0.12172166,0.33264014,0.0936013,0.10128072,0.15268399,0.059082687,0.59847295,0.52314544,0.48340893,0.2588988,0.030383173,0.4848632,29.164158,0.1590934,-1.6801282,-2.430125,14.7663965,0.40544987,-8.042553,-0.67146146,0.018269876,0.72187257,1.2967663,0.45372003,3.212448,0.7621756,1.1841521,5.7127337,20.945663,0.22533374,584.5909,0.36483282,1339.6803,0.09671182,-175.74452,-0.35513,1570.5503,0.15555435,1131.3875,0.18215989,-175.94252,-0.33989623,2626.9885,0.11991667,1044.017,0.3011218,-177.01025,-0.32276645,-12.811996,-0.28275648,22.92026,0.16971046,0.010233267,1.6628898,-0.0053307125,-1.3825043,0.049410153,0.23862815,36.75401,0.09756745,-4.1554174,-1.3181224,11.10064,1.0316926,-5.779399,-1.4626787,-13.274208,23.089056,-0.0023727505,1.4040434e-06,0.027513124,2.3305085,1.2847966,0.09666667,0.14522015,0.5657143,0.51065385,-46.710003,o,Ses01F_impro02,Ses01F_impro02_M013
30,32.676712,0.02531033,32.108677,32.449043,33.27012,1.1614418,108.44593,67.00837,19.540749,11.587285,0.14792089,0.54603356,0.09589705,0.111649886,0.18755117,0.09165412,2.0623758,2.2955654,2.0315516,1.5839225,0.037539378,0.7958443,24.755909,0.32474956,0.7772243,9.965834,16.877554,0.5048175,-5.732589,-1.1822376,0.014016176,0.42617345,1.0048233,0.7017568,7.6470475,0.1829331,2.2387369,0.9037564,18.050093,0.42387515,481.6231,0.23450483,1334.8818,0.0993782,-173.9077,-0.37152028,1627.778,0.0621867,786.3509,0.18421833,-173.8006,-0.3605423,2649.0317,0.089834735,1257.8055,0.45571142,-174.64107,-0.34772602,-13.104582,-0.23164082,19.527391,0.26714,0.019749532,0.59478825,-0.022983873,-0.38071087,0.09248055,0.48091996,33.468277,0.13935772,-1.1569511,-5.36425,30.038296,0.29235858,-2.7955048,-2.2119553,-11.763537,20.833755,-0.008418002,-0.00052304054,0.02844162,3.211009,0.93896717,0.14999999,0.04,0.5933333,0.31372315,-42.27653,s,Ses01F_impro02,Ses01F_impro02_F016
31,26.065788,0.074658215,24.26766,25.75592,27.520096,3.2524357,15.407478,4.4853935,68.78373,58.371964,0.11791899,0.21360262,0.09681926,0.1099878,0.13710624,0.04028698,0.5036602,0.2956508,0.3300875,0.17249124,0.028488856,0.34925,28.496483,0.1970937,0.84791136,5.5309873,15.1211,0.43986228,-8.208315,-0.5334953,0.02298261,0.71526587,1.0748788,0.4640831,3.3348007,0.41287905,-2.4035068,-1.9040754,22.32444,0.20894773,432.5114,0.21252961,1347.1152,0.116966985,-180.29475,-0.32541758,1499.3677,0.062046852,1027.0365,0.19336785,-181.91344,-0.2923953,2508.9487,0.051393043,1010.9966,0.3023064,-182.32939,-0.28536245,-16.355017,-0.13470258,25.50242,0.15604673,0.019720793,0.608468,-0.0042719445,-1.3301485,0.042113677,0.25468028,35.789368,0.07627689,-0.24740915,-15.794518,22.916708,0.4795356,-6.8233128,-0.7015506,-13.4838505,22.862745,-0.0010925912,-0.002303748,0.027166342,3.478261,0.87912095,0.11,0.049497474,0.804,0.55326664,-48.028824,q,Ses01F_impro02,Ses01F_impro02_M014
32,36.20138,0.059816144,34.463413,36.288868,37.58324,3.1198273,84.911385,103.24165,28.914005,17.436255,0.3581079,0.825168,0.121938825,0.25013822,0.57475483,0.452816,5.876104,3.9986072,4.085023,2.7637177,0.12971999,1.1147556,24.525698,0.39008296,-5.4888554,-2.2912204,19.964437,0.59293437,-7.8314896,-1.176049,0.020736696,1.0606687,1.3205492,0.7059894,8.160426,0.33942094,13.145829,0.84109414,22.377207,0.42991006,512.0685,0.4069343,1356.2688,0.20845747,-130.77104,-0.69795686,1565.3945,0.100623436,936.3904,0.2614093,-119.73034,-0.7376075,2608.7827,0.07435213,1005.7909,0.33650443,-122.044556,-0.70349216,-12.099551,-0.54627854,21.176437,0.39051786,0.042771917,0.52876014,-0.008831519,-1.244917,0.22310598,0.73859996,30.04468,0.24539657,-8.671699,-1.6979327,24.14276,0.55859643,-9.420685,-1.1965806,-8.855532,17.45356,0.002784103,0.0019256582,0.057172127,2.560241,1.8237082,0.23333333,0.14800525,0.27153847,0.24905501,-29.944077,ans,Ses01F_impro02,Ses01F_impro02_F017
33,32.427017,0.08780535,27.90245,33.9421,34.264877,6.3624268,40.440224,29.973026,10.05194,0.0,0.17842092,0.51236284,0.10528177,0.14469743,0.23981538,0.13453361,3.293262,1.1206592,1.5564892,1.2585764,0.046439048,0.48975766,30.006222,0.22373673,-0.44067338,-11.308064,18.172417,0.46277422,-5.746503,-0.84431106,0.019217137,1.167781,1.2048256,0.8455314,8.256237,0.41117266,11.458939,0.63746303,23.842747,0.2568524,540.57635,0.2035716,1489.3578,0.12526195,-145.61548,-0.5818659,1600.5195,0.08127278,993.61017,0.28299597,-149.1397,-0.5304162,2618.0002,0.07059287,1037.7991,0.24978103,-150.44336,-0.51308745,-15.835389,-0.2874358,21.432655,0.31755456,0.020141484,0.5983321,-0.011358828,-0.6842051,0.06495244,0.36675397,36.69875,0.081606634,-2.4925075,-3.042022,25.558062,0.4695268,-4.706004,-1.3676486,-14.419868,24.68765,-0.011939218,0.0006487143,0.03819155,2.419355,1.6949153,0.16,0.08,0.41,0.049999997,-39.24761,ag,Ses01F_impro02,Ses01F_impro02_M015
34,33.602604,0.061387934,32.59152,33.94688,34.873013,2.2814941,29.8997,6.710369,34.125443,29.597473,0.17228508,0.7243406,0.09279231,0.10109393,0.24509181,0.1522995,3.0675895,1.535321,1.7105867,0.9276933,0.0437967,0.8314612,28.187847,0.23158845,-1.4066995,-4.982102,14.646615,0.5117276,-7.5559435,-0.79103446,0.024511252,1.052292,1.0232195,0.7610611,7.56139,0.5339573,10.64711,0.586528,24.210932,0.32036296,533.2601,0.2723986,1418.3356,0.11768949,-157.91908,-0.49896502,1593.4458,0.09657863,996.2881,0.2600834,-159.91386,-0.46662065,2643.4272,0.072790705,1011.29596,0.25181043,-161.62051,-0.44262013,-12.976094,-0.42338595,21.259491,0.30985457,0.025799898,0.5881022,-0.012109059,-0.8251384,0.090817176,0.4484927,35.078278,0.12204006,-7.4450097,-1.3614507,21.466896,0.55861217,-10.580245,-0.881213,-13.431376,23.125294,-0.008165216,-0.0014636463,0.030864943,1.9736842,1.0033445,0.21333334,0.16977109,0.57,0.62108773,-39.68394,s,Ses01F_impro02,Ses01F_impro02_F018
35,31.994379,0.17835513,28.310766,34.791176,35.246986,6.93622,100.33183,60.836365,18.518793,18.451473,0.1467093,0.570233,0.09284935,0.0976291,0.21938263,0.12653327,1.4112004,1.5765232,1.5417808,1.3139102,0.035956893,0.72240436,28.67324,0.23816106,-0.6724602,-9.880015,12.629478,0.57925767,-7.638447,-0.7995484,0.030405533,1.6113235,1.1017962,0.7227673,7.50722,0.46958566,8.370704,0.64799666,28.981476,0.17038289,568.89215,0.28798273,1561.6843,0.19894773,-166.1371,-0.42761126,1615.7053,0.1084238,1086.7804,0.29782125,-167.26222,-0.40386978,2757.393,0.09081172,1134.9651,0.31783068,-169.52759,-0.37183222,-16.68746,-0.2507785,26.540833,0.19797973,0.027432008,0.46192726,-0.013721607,-0.51130843,0.07283344,0.35812044,36.95673,0.1312777,1.413784,5.290625,17.443611,0.58277565,-8.802639,-1.1389949,-12.424052,21.689785,-0.0034345689,-0.0027326555,0.028062005,2.631579,1.3377926,0.13,0.10653637,0.47599998,0.4859465,-41.031437,s,Ses01F_impro02,Ses01F_impro02_F019
36,33.645702,0.112438224,33.104618,34.097897,35.405487,2.300869,120.0766,0.0,25.561996,6.0647845,0.15842527,0.5630297,0.09426114,0.12435164,0.20584935,0.11158821,1.8824891,1.7575072,1.6638613,1.2043686,0.04206399,0.6445745,26.190834,0.37229103,-0.35054034,-19.35752,13.669225,0.53788304,-8.439909,-0.81064653,0.017841829,0.9321936,1.1246402,0.8636223,8.104351,0.38641578,10.719723,1.1231592,27.57038,0.23765315,577.2759,0.33543083,1481.8102,0.12767413,-162.62985,-0.45650095,1567.798,0.112997465,1127.8378,0.22474399,-162.06216,-0.4393549,2672.061,0.105565764,1208.7081,0.45181674,-164.40947,-0.4061633,-14.733677,-0.36187893,28.807487,0.21889369,0.014160883,1.2176524,-0.0056679794,-1.6780888,0.07480599,0.47973812,37.032104,0.16899672,-1.7192246,-5.758815,13.884598,0.71906036,-10.202144,-1.0613476,-12.385872,22.481987,-0.011082439,0.0004051164,0.03344259,2.6548672,1.3422819,0.15333332,0.06847546,0.48857144,0.6263825,-41.17341,c,Ses01F_impro02,Ses01F_impro02_F020
37,0.0,0.0,0.0,0.0,0.0,0.0,0.0,0.0,0.0,0.0,0.11251895,0.27587637,0.09317685,0.10325585,0.12287235,0.029695503,0.3060979,0.27277604,0.2229377,0.1187615,0.042843517,0.61799634,24.484673,0.2638592,1.366014,3.1765654,13.885308,0.23924665,-4.4321237,-1.0752279,0.0,0.0,0.0,0.0,0.0,0.0,0.0,0.0,0.0,0.0,0.0,0.0,0.0,0.0,-201.0,0.0,0.0,0.0,0.0,0.0,-201.0,0.0,0.0,0.0,0.0,0.0,-201.0,0.0,0.0,0.0,0.0,0.0,0.0,0.0,0.0,0.0,0.0,0.0,0.0,0.0,0.0,0.0,0.0,0.0,0.0,0.0,-15.745554,26.69883,-0.023027658,0.001354618,0.043138858,1.1363636,0.0,0.0,0.0,4.3399997,0.0,-44.978382,o,Ses01F_impro02,Ses01F_impro02_M016
38,27.208672,0.02575019,26.616318,27.125238,27.721766,1.1054478,139.93726,94.33199,18.396555,8.746173,0.18575725,0.68001777,0.11484963,0.12600489,0.2533228,0.13847318,2.4103444,1.7975924,2.8882663,1.823539,0.052411456,0.86161935,26.610767,0.24508627,-2.5233855,-2.0973942,16.642767,0.40141365,-6.779656,-1.0260234,0.008785118,0.47963122,0.9821662,0.49755618,5.9967813,0.28671214,-3.0808232,-0.95818174,21.970652,0.29001513,607.7217,0.3892438,1322.769,0.18836795,-169.98741,-0.40980008,1616.0865,0.12105661,1048.0667,0.18283924,-171.94897,-0.37999737,2616.4067,0.11738399,1000.84106,0.26868117,-172.969,-0.36400083,-12.585275,-0.33655354,20.36073,0.26000825,0.02589527,0.67912674,-0.009558672,-1.1362239,0.12765478,0.43799695,37.872986,0.18456434,-6.9664288,-1.023895,21.47197,0.4655389,2.5687823,2.34245,-12.037133,21.934855,-0.0071984795,0.0021014768,0.039150003,2.1276596,0.9259259,0.16,0.12027746,0.6725,0.6628866,-38.307728,c,Ses01M_impro02,Ses01M_impro02_M000
39,36.42727,0.09901286,32.0752,37.17192,40.06561,7.99041,65.02395,0.0,-123.56469,0.0,0.14252752,0.3486405,0.109466866,0.11775711,0.17280884,0.063341975,1.701941,1.5135144,0.6383507,0.8236952,0.035003603,0.39418513,24.989674,0.21922342,-2.66673,-1.4676086,17.778254,0.32581177,-11.333319,-0.3877391,0.027261907,0.4045264,1.8024567,0.5128181,4.6788464,0.27641293,1.5906626,2.5967076,19.800953,0.12153002,697.9614,0.11458328,1318.1567,0.12820353,-192.9154,-0.18401325,1783.8569,0.08186791,1192.7777,0.33926755,-192.40814,-0.18132643,2689.86,0.07778368,778.76794,0.27282274,-192.59076,-0.17660484,-14.1931,-0.37171105,23.905523,0.3357774,-0.0005688612,-18.530567,-0.018562632,-0.339695,0.06613972,0.15595396,30.072084,0.1597358,-2.273911,-3.3829784,17.269327,0.516586,-16.04705,-0.42663404,-11.33996,19.976788,-0.004798506,-0.00047671323,0.03349627,3.254438,0.9009009,0.043333333,0.020548047,0.78249997,0.70634174,-46.715733,q,Ses01M_impro02,Ses01M_impro02_F000
40,24.910969,0.07356086,22.929539,24.718525,27.050003,4.1204643,45.76905,0.0,3.5717964,10.943143,0.1719897,0.46388575,0.11028325,0.13956927,0.22006398,0.109780736,1.7321073,1.349364,1.423804,1.0940659,0.039562073,0.57711154,23.475933,0.26603687,-5.049226,-0.8725509,15.317703,0.30681056,-8.232371,-0.603251,0.07487531,0.6549541,2.5094543,0.49914098,1.7215554,0.8774115,11.783985,0.4397141,21.842031,0.19068848,465.958,0.22990128,1392.0593,0.17411147,-191.61514,-0.20520267,1404.6725,0.07907795,1144.6107,0.15641925,-191.83537,-0.20025364,2414.0293,0.060374144,952.8058,0.10652199,-192.27937,-0.19008483,-11.012751,-0.102671154,21.553274,0.07227679,0.0032911303,3.7610297,-0.008064077,-0.94957465,0.104477614,0.25274307,29.832653,0.15008625,-3.9885957,-1.0254867,13.200268,0.4830065,-8.117122,-0.76003826,-9.562033,18.047821,-0.0038926569,0.0013684466,0.036564756,3.4666667,0.5405406,0.08,0.04,1.1633333,0.82544255,-44.592384,ans,Ses01M_impro02,Ses01M_impro02_M001
41,24.278843,0.04648953,23.654781,24.107979,25.103596,1.4488144,3.0114756,15.381391,13.470526,4.758017,0.18918431,0.5330981,0.10701564,0.1452021,0.2817621,0.17474645,2.2273438,1.2876084,1.7719086,1.150614,0.043499175,0.6023389,23.745533,0.3901681,-4.0563045,-1.2659861,13.24255,0.45792472,-9.333078,-0.6583153,0.023203364,0.60455006,1.2017436,0.40073648,2.5611355,0.33167782,11.787662,0.36897743,22.021196,0.20110948,467.8507,0.20529161,1346.3077,0.086336516,-177.9838,-0.3431633,1394.9491,0.09488804,1121.772,0.11053354,-178.67407,-0.3314534,2394.256,0.073305435,906.43286,0.16583297,-179.41357,-0.31909066,-10.80423,-0.20290974,19.092636,0.19383912,0.004461276,2.7060869,-0.012519286,-0.54231095,0.094928764,0.1926299,31.458736,0.1757665,-5.053719,-0.96311206,8.65885,0.7728385,-9.096802,-1.0326581,-8.919748,17.659967,-0.0039452612,0.0016471993,0.036986005,2.7972028,0.7075472,0.15666667,0.07717224,0.92499995,0.72431,-42.786537,s,Ses01M_impro02,Ses01M_impro02_M002
42,38.78017,0.01458945,38.155212,38.70623,39.41314,1.257927,0.23739307,0.0,0.0,0.0,0.15503359,0.6618732,0.105823204,0.112196624,0.1562599,0.05043669,1.2532233,1.0854852,1.0739665,0.55029356,0.04334409,1.0443361,26.367596,0.23927775,-3.0360985,-1.7947181,15.556969,0.36232063,-11.394465,-0.5888014,0.027474677,0.48160112,1.7038107,0.439682,5.294866,0.057358958,10.912492,0.28284267,25.496792,0.13061687,643.5949,0.273301,1316.5885,0.12307117,-198.20804,-0.10224235,1631.596,0.086537145,1204.3153,0.12935817,-197.10287,-0.122407176,2584.9648,0.07564487,910.334,0.18844941,-197.21483,-0.11877973,-7.9784937,-0.3127367,20.369946,0.2708824,0.02317159,0.41825688,-0.007561816,-0.68543786,0.13719422,0.35455066,26.610611,0.27291092,-10.312217,-0.20501764,13.529107,0.503343,-15.329993,-0.2794068,-12.185161,21.796062,-0.003463172,-0.0014003315,0.041807797,1.4184397,0.36101082,0.049999997,0.0,1.345,0.345,-42.65136,q,Ses01M_impro02,Ses01M_impro02_F001
43,24.511509,0.021232663,24.064556,24.527792,24.94581,0.8812542,10.131428,4.1634684,7.5647445,3.131851,0.19607241,0.56200343,0.11271797,0.1412439,0.29123056,0.17851259,1.4723514,0.9647402,1.4677793,1.1752058,0.047008336,0.62986714,25.428455,0.37189493,0.67091525,9.426418,14.318713,0.51535213,-11.998893,-0.5522931,0.0112033645,0.69987863,0.75475556,0.44520393,4.827156,0.30352217,9.7759905,0.5098112,30.867945,0.24231869,720.8922,0.28730696,1431.4847,0.15976325,-148.13066,-0.5804737,1790.3376,0.14521074,1062.9432,0.18658943,-151.7255,-0.5281018,2870.114,0.09740736,1082.6039,0.47621676,-153.1997,-0.50711,-15.604601,-0.38818058,25.723465,0.29687074,0.011101332,1.5129043,-0.020033322,-0.5864516,0.07907652,0.3422907,33.281578,0.22962731,5.679487,1.2522516,12.584271,0.9341507,-14.965137,-0.5806657,-10.622163,19.61632,-0.0072733765,0.001838016,0.03557529,1.8518518,0.3773585,0.71,0.0,0.955,0.405,-39.84326,ans,Ses01M_impro02,Ses01M_impro02_M003
44,45.16449,0.0847174,41.269466,45.010235,48.304977,7.035511,63.683517,5.4233947,22.921137,0.0,0.24328347,0.8988921,0.10572912,0.11459309,0.41504222,0.30931312,1.9195864,1.0179795,2.9920025,2.303748,0.08211407,1.1376036,25.160559,0.27312857,-6.714635,-1.3306797,15.059676,0.45337877,-13.939463,-0.7253088,0.024602447,0.7023237,1.2532011,0.37770304,6.598589,0.6415914,5.495333,0.8792376,4.422422,1.464257,912.0534,0.2774474,1262.0763,0.18280534,-176.01291,-0.3348968,1828.0248,0.14176778,1043.7854,0.32345527,-169.99104,-0.3816131,2797.396,0.105243854,962.5396,0.18608622,-170.54121,-0.37347606,-7.1481066,-0.7391521,14.913768,0.3170227,0.050031032,0.4512184,-0.006292844,-1.9012083,0.23390077,0.40556473,21.158333,0.42691624,-19.665462,-0.52269334,14.376777,0.9406316,-23.130716,-0.41172186,-11.877208,20.488167,-0.0009179638,-0.0019776318,0.05318649,1.2903227,1.9672132,0.074999996,0.07251436,0.3528571,0.55239004,-34.32694,q,Ses01M_impro02,Ses01M_impro02_F002
45,44.534756,0.009603406,44.02784,44.772038,44.902214,0.8743744,9.407267,0.0,0.8495967,0.0,0.18222997,0.9189134,0.104762316,0.10864621,0.22317842,0.1184161,0.9458929,0.84637946,1.5243882,1.251738,0.052617136,1.2973243,27.886913,0.13283148,-9.001116,-1.2252977,11.988337,0.5467585,-10.43242,-0.682086,0.006139282,0.86187565,0.8988629,0.29620668,9.964966,0.32518843,-0.19114986,-42.31984,21.446312,0.23022397,797.81134,0.16529752,1346.1698,0.12728263,-191.09877,-0.22775449,1691.9446,0.101269946,1162.247,0.11045387,-189.10889,-0.24164699,2754.274,0.046298873,842.44116,0.33276886,-189.93692,-0.22379132,2.6482654,1.4283905,19.550245,0.42031842,0.026804468,0.51333,0.023478026,0.35236925,0.27988347,0.3549625,28.376524,0.26352638,-34.460804,-0.1745453,-5.939882,-2.2781365,-26.55022,-0.34474716,-10.647122,21.15531,-0.0032880772,0.0032695855,0.038580023,0.62695926,0.31847134,0.17999999,0.0,1.4649999,0.055,-37.745396,q,Ses01M_impro02,Ses01M_impro02_F003
46,37.945454,0.25467142,28.454882,31.131662,48.491238,20.036356,49.820297,21.340353,48.5067,22.631927,0.27947402,0.5603171,0.108886875,0.26196158,0.40634033,0.29745346,2.7723155,1.3802693,4.253668,3.4515476,0.09133011,0.8682135,25.830812,0.28974354,-5.6841173,-1.4086864,13.619782,0.67483807,-11.458044,-0.90714455,0.022754194,1.1716505,1.108948,0.4624556,6.902804,0.3602131,4.063653,1.909249,15.08713,0.46403298,736.2937,0.30713513,1320.2765,0.16153236,-147.70308,-0.5615802,1743.4282,0.13653727,987.4884,0.1945445,-148.85728,-0.53128004,2749.81,0.09137881,965.4598,0.23227519,-150.31761,-0.5112202,-12.333359,-0.2897995,20.319517,0.26646036,0.029971417,0.8855598,-0.010578285,-0.84428066,0.13376144,0.597752,28.489452,0.1933613,-8.189465,-1.2154665,13.87844,0.60348755,-14.446127,-0.7107174,-9.986885,18.333738,0.00035271797,-0.0014974184,0.07012527,2.9520295,1.5037595,0.18249999,0.13179055,0.36799997,0.31606326,-36.001667,ans,Ses01M_impro02,Ses01M_impro02_M004
47,37.665535,0.2472207,28.882023,31.668161,47.760605,18.878582,37.282837,28.459124,153.12158,149.38536,0.32229552,0.57827777,0.11855114,0.32059073,0.48922428,0.37067315,2.8952029,1.4685602,2.9922073,2.0801733,0.11294482,0.83030933,28.212177,0.20929207,-9.009645,-1.13925,11.5567465,0.664319,-11.957734,-0.7852396,0.01990801,1.2309506,1.1652359,0.438481,6.261899,0.49107924,3.93976,1.9088745,14.895284,0.4607572,740.5406,0.28972772,1309.745,0.15679313,-129.9779,-0.6953849,1745.3429,0.1241174,990.6997,0.18231861,-132.60846,-0.6451254,2746.7073,0.087154806,956.9121,0.23589014,-134.8107,-0.6143573,-11.3843,-0.36138242,19.517622,0.26457512,0.028061196,0.9480175,-0.011191467,-0.6976204,0.14996389,0.5234078,29.460432,0.20689742,-11.294982,-1.0166482,11.82246,0.7931428,-14.747275,-0.63892055,-10.9791355,19.581017,0.0075203376,-0.0070642685,0.094842605,3.097345,1.8099548,0.19749999,0.11734031,0.33499998,0.26949024,-34.41648,q,Ses01M_impro02,Ses01M_impro02_F004
48,36.330975,0.118287824,31.988537,37.207138,39.46911,7.4805717,119.30528,90.42574,163.4951,187.9006,0.41469592,0.6121323,0.13198937,0.37958685,0.67700696,0.5450176,3.5066395,2.021551,2.7260313,1.0103114,0.1790273,0.8348651,27.017302,0.36903858,-4.2531915,-2.3448293,15.876827,0.8185367,-11.630547,-0.79560006,0.033039797,1.2092956,1.352631,0.3177324,5.698947,0.40687028,10.006053,1.1785862,22.306953,0.41536808,764.822,0.31254017,1320.4424,0.1321376,-148.38876,-0.5378864,1749.3785,0.1248667,1002.6764,0.20736696,-141.46208,-0.5567135,2772.8972,0.083213,888.6104,0.33928084,-142.11952,-0.54754984,-10.550399,-0.39437163,21.503847,0.3601065,0.030197084,0.70789266,-0.011278923,-0.90728915,0.2627101,0.43925583,32.016556,0.28987405,-8.607853,-0.7537584,15.685132,0.96133745,-17.122423,-0.6590474,-10.394673,19.53214,0.012976494,-0.003540545,0.14348406,3.1413612,3.2258065,0.09333333,0.061824124,0.16714284,0.1280306,-29.6186,ans,Ses01M_impro02,Ses01M_impro02_M005
49,35.739525,0.116995566,31.873966,37.056786,38.673954,6.799988,134.67964,95.22643,72.35896,93.36721,0.34309343,0.64875907,0.13601808,0.26778242,0.56374025,0.42772216,3.429123,1.9571371,1.9661202,1.0840021,0.13335219,0.9541876,25.965384,0.3858955,-1.7658763,-5.414902,15.291691,0.7947527,-11.407451,-0.80417496,0.02676731,0.84230626,1.24002,0.36702722,6.652935,0.4080146,12.101346,0.82250535,26.21889,0.3796757,748.10443,0.316199,1327.8971,0.15809785,-153.00684,-0.5074246,1786.4043,0.12810133,1067.8893,0.1989568,-148.03378,-0.51647305,2823.226,0.087303236,966.03253,0.29540077,-148.9586,-0.5044754,-13.624188,-0.41496587,24.16609,0.3153937,0.02895577,0.90729856,-0.011104604,-1.1798689,0.2025999,0.56441617,31.16238,0.27925068,-1.4387703,-7.4877167,17.36055,0.9628309,-17.122534,-0.67459536,-10.176131,18.677498,0.008782954,-0.0014360576,0.106312774,2.7190332,2.4539878,0.1125,0.066285364,0.24333334,0.24662161,-31.130484,s,Ses01M_impro02,Ses01M_impro02_F005
50,25.60991,0.054879174,24.26872,25.127705,27.363869,3.095148,23.071255,18.651945,19.54832,9.367612,0.1631233,0.52056485,0.10624832,0.11157922,0.25467837,0.14843005,1.7512857,1.3158714,1.4727321,0.99595016,0.04698547,0.7299625,27.841427,0.28816697,0.014186299,523.3054,15.750382,0.3830813,-5.8990707,-0.98950386,0.017277433,0.688476,1.0388843,0.4598507,4.9579015,0.30381584,5.0914307,1.0814183,31.412962,0.15807916,534.42615,0.4026216,1325.5544,0.07913934,-170.14621,-0.3981464,1556.939,0.13780442,985.8016,0.095309205,-171.75696,-0.3694103,2667.908,0.09609074,883.18964,0.18215227,-172.90147,-0.3513302,-16.368326,-0.2383766,26.129816,0.17014088,0.021361502,0.93617564,-0.0012820524,-9.858183,0.114874996,0.21147366,36.019077,0.23269834,4.453652,1.6062404,18.063704,0.5591687,1.698919,3.2651584,-12.440833,21.210821,-0.0054254625,0.0007268516,0.03477942,2.469136,1.6806724,0.085,0.08411302,0.39,0.41337633,-39.962788,o,Ses01M_impro02,Ses01M_impro02_M006
51,25.265072,0.04285899,24.346588,25.288843,26.19235,1.8457623,38.767597,62.05349,15.283708,6.545104,0.28057525,0.57513034,0.11322466,0.26220548,0.4218391,0.30861443,3.1542473,2.0673344,2.678236,1.6287748,0.07888466,0.6205199,30.054531,0.3649177,-0.86345696,-7.5738893,13.940659,0.7910435,-7.452504,-0.98836803,0.015645865,0.7906873,1.0728656,0.64251333,4.792211,0.38191867,5.7422924,0.8874515,28.522333,0.23159203,589.20935,0.3818249,1378.7915,0.14518537,-115.71356,-0.818255,1591.5596,0.16122158,1131.0698,0.2525311,-119.87427,-0.7427014,2658.2632,0.10534415,953.3306,0.26134604,-123.61778,-0.6869354,-14.131131,-0.35928968,25.709719,0.21326087,0.020292759,0.9297497,-0.012534875,-1.1870487,0.11177257,0.36661288,37.381096,0.18370388,-0.45242462,-17.116869,10.8571415,1.276969,-6.4635324,-1.3442987,-10.495581,19.15941,-0.003950176,0.0010213922,0.05442016,3.4077554,2.0094562,0.20705883,0.18801641,0.255,0.47333625,-34.96071,s,Ses01M_impro02,Ses01M_impro02_M007
52,25.769194,0.037478764,25.086681,25.846378,26.461252,1.3745708,15.520259,15.97229,12.025366,6.736987,0.40272757,0.38290533,0.26666486,0.3629146,0.5542639,0.28759903,3.411884,1.3126279,2.0830452,1.0528849,0.116286494,0.40685248,31.286623,0.41730958,0.17349069,43.43815,8.968607,1.3454882,-9.210609,-1.06328,0.0198451,0.822698,1.3116851,0.6347366,4.3768764,0.41063145,5.4692783,0.82584286,26.351313,0.24325116,597.2657,0.36801845,1335.5704,0.13499351,-61.6485,-1.3785981,1575.3412,0.18233432,1119.492,0.17863545,-66.95665,-1.20611,2596.6558,0.12805477,996.4579,0.27845284,-74.306656,-1.0237721,-12.3510065,-0.2802232,24.486786,0.19672644,0.021587463,0.8517276,-0.014264655,-1.0654205,0.12610212,0.33507055,35.559967,0.21559906,-0.87399817,-7.9557953,6.1177936,1.5913407,-8.512327,-1.1507598,-7.701043,15.942306,-0.0009356091,-0.0030233227,0.08259194,4.6979866,2.7972028,0.24499999,0.2670674,0.0925,0.08196798,-32.245804,oth,Ses01M_impro02,Ses01M_impro02_F006
53,36.574352,0.038731694,35.616978,35.926567,38.032707,2.4157295,30.759312,17.560078,23.874664,22.364264,0.26246086,0.6421835,0.1169841,0.2034505,0.4004999,0.2835158,6.282382,5.290065,2.9323568,1.994644,0.074564755,0.92995703,23.012972,0.4024823,-8.499289,-0.907857,13.933345,0.5109092,-7.477887,-0.66046244,0.021193229,0.69641274,1.3795074,0.36311594,5.6553855,0.4067745,5.9704604,0.93366796,22.509516,0.31517315,611.72345,0.30031878,1552.5608,0.13731094,-186.51279,-0.2589922,1612.4855,0.083306246,1032.7438,0.17763002,-183.34598,-0.28305078,2736.4346,0.08252225,1128.2638,0.35649577,-184.48695,-0.2630454,-9.283329,-0.41233158,21.271418,0.29325533,0.02883917,0.43035534,-0.0075359507,-0.843844,0.16158493,0.45826003,33.378704,0.08476888,-10.966453,-0.76097554,13.938544,1.0269544,-7.742183,-0.85085887,-7.3527966,16.53015,0.0021423604,0.0044340007,0.0665365,3.2051284,0.9771987,0.086666666,0.023570225,0.685,0.6236385,-38.16854,o,Ses01M_impro02,Ses01M_impro02_F007
54,25.683878,0.16153198,21.858503,26.083323,29.115242,7.2567387,301.72202,0.0,-137.28056,0.0,0.17783391,0.52401185,0.11012601,0.12654983,0.25577852,0.1456525,2.7792842,2.4007266,1.757639,1.344074,0.049589753,0.5617426,24.251503,0.32559538,-0.9569942,-6.7135067,16.005516,0.36250874,-6.869828,-1.0728656,0.50992835,0.48261985,2.0290568,0.49099407,3.7127566,0.5746141,10.836161,0.1663587,22.73283,0.13590865,441.149,0.11340782,1359.4263,0.118309855,-196.49661,-0.13413103,1587.7076,0.07380405,1018.75195,0.23245384,-196.8247,-0.124521405,2526.531,0.04237659,1005.957,0.10189717,-196.81151,-0.12520684,-15.443649,-0.2120005,21.053637,0.04616611,0.008296054,1.1302081,-0.010918203,-0.2817951,0.094412535,0.15698977,26.551939,0.106928356,10.590077,0.8589571,20.569496,0.35334456,13.08302,0.40065607,-11.111939,20.30811,-0.008962799,0.000292661,0.04889086,2.7431424,0.50505054,0.035,0.015,1.28,0.97255677,-43.43959,s,Ses01M_impro02,Ses01M_impro02_M008
55,26.02977,0.037732836,25.34354,26.221062,27.020363,1.6768227,8.878646,6.4432106,12.2964735,3.3863306,0.19603097,0.52958524,0.11938932,0.14996488,0.28407148,0.16468215,1.7539518,1.3392667,1.5466136,1.4208479,0.049237784,0.64995044,27.337576,0.30467096,-1.3597038,-5.018185,13.532682,0.77554643,-9.068661,-0.5475166,0.011153698,0.59598887,0.946954,0.7547324,6.2901473,0.24933039,4.922324,1.2363265,32.963264,0.20428239,485.65506,0.4029585,1458.0817,0.15379862,-156.72366,-0.51921004,1495.2764,0.15167655,1087.6849,0.16767755,-156.55952,-0.4959845,2596.8838,0.09650923,980.5206,0.19492093,-159.26537,-0.45700744,-16.448915,-0.2651989,29.8863,0.19451231,0.018208683,0.86904377,-0.011877917,-1.2437824,0.09646881,0.2895615,38.95963,0.15880999,4.851702,1.494796,11.409156,1.6037527,-7.324536,-0.99788845,-10.465035,21.085342,-0.0047752014,0.0027221648,0.034916464,3.0927837,0.6993007,0.33499998,0.024999999,0.71333337,0.43407625,-37.460423,s,Ses01M_impro02,Ses01M_impro02_M009
56,0.0,0.0,0.0,0.0,0.0,0.0,0.0,0.0,0.0,0.0,0.11883078,0.14305887,0.106730506,0.11345166,0.12203398,0.015303478,0.37309924,0.10658048,0.2415717,0.1791289,0.028451717,0.23004653,27.22957,0.090481825,-4.333034,-0.8060102,12.643528,0.21041396,-7.1251516,-0.62793034,0.0,0.0,0.0,0.0,0.0,0.0,0.0,0.0,0.0,0.0,0.0,0.0,0.0,0.0,-201.0,0.0,0.0,0.0,0.0,0.0,-201.0,0.0,0.0,0.0,0.0,0.0,-201.0,0.0,0.0,0.0,0.0,0.0,0.0,0.0,0.0,0.0,0.0,0.0,0.0,0.0,0.0,0.0,0.0,0.0,0.0,0.0,-11.4435,23.400309,-0.006102007,0.0022454148,0.028674813,8.0,0.0,0.0,0.0,1.1899999,0.0,-49.62903,oth,Ses01M_impro02,Ses01M_impro02_F008
57,24.858189,0.026647797,24.772364,25.003056,25.367722,0.5953579,46.00151,35.797615,3.3848553,10.879421,0.15005177,0.5030887,0.10571215,0.11132728,0.19626114,0.090548985,2.029205,1.1851681,1.8608776,1.5015746,0.043534935,0.5932817,29.371098,0.23544015,-0.899826,-4.4631567,13.785251,0.582451,-9.880812,-0.5007821,0.017591799,1.0518668,1.226324,0.78898,3.830084,0.53423285,11.391359,0.5013647,32.4275,0.11625028,526.3882,0.39331803,1359.263,0.09158562,-175.66858,-0.35708407,1476.3718,0.21839064,1142.0211,0.18636811,-176.9125,-0.33751923,2620.8442,0.12467468,859.2741,0.15270184,-178.63503,-0.30974773,-14.484958,-0.16559474,28.105549,0.11706133,0.008672393,2.1846204,-0.019376982,-0.6280118,0.07886739,0.2717559,39.003803,0.11458284,5.0593977,0.5040261,4.844153,1.8892084,-14.308051,-0.44727087,-12.825853,24.096132,-0.008955214,-0.0010402126,0.038765002,1.8726593,1.1450382,0.103333324,0.03858612,0.56,0.53390074,-42.492523,s,Ses01M_impro02,Ses01M_impro02_M010
58,24.58111,0.052717637,23.645407,24.383303,25.79026,2.1448536,72.054665,69.778175,19.84056,7.8981047,0.17620507,0.5455053,0.105771095,0.112919405,0.26397008,0.15819898,2.3513217,1.4726408,2.3330142,1.3315763,0.04503267,0.5835484,25.927223,0.3806319,-1.580811,-3.1334655,15.662372,0.52007025,-11.005889,-0.4334833,0.019865643,0.60897136,1.2962241,0.5840497,3.1506317,0.538714,11.201325,0.5551336,25.931234,0.17995131,511.01514,0.30055654,1341.1707,0.082777485,-174.0721,-0.3697462,1468.6287,0.14226079,1069.4945,0.16696487,-175.48123,-0.34745842,2503.7363,0.09243005,880.0643,0.105217725,-176.48418,-0.3312302,-12.895445,-0.22399594,22.831018,0.15591255,0.008640737,1.553436,-0.011103513,-0.59099466,0.075990416,0.2655818,34.10602,0.18362258,-1.5093001,-4.1235123,13.021178,0.648659,-12.775613,-0.552452,-10.43064,19.650948,-0.0027727627,-0.0012068604,0.040500484,2.6315792,1.2106537,0.103999995,0.044988886,0.5833333,0.64001733,-42.714798,o,Ses01M_impro02,Ses01M_impro02_M011
59,33.869305,0.037696995,32.627243,34.05566,35.058746,2.4315033,155.9618,108.42584,11.073372,2.084165,0.14134122,0.4948829,0.106556416,0.112651266,0.15132338,0.044766963,0.36573422,0.18698803,0.40381822,0.30722246,0.036385998,0.5207616,30.233795,0.1494129,-1.8718101,-3.4829712,13.335029,0.38802442,-7.6583805,-0.6740475,0.016820282,0.86473805,1.2766643,0.4705801,6.1328483,0.34398085,5.9460807,1.1318907,23.351885,0.3037032,598.44714,0.27703202,1557.8081,0.10832145,-173.9046,-0.3687219,1589.4413,0.066141166,1072.5724,0.16650346,-173.21315,-0.36809477,2702.5662,0.057827577,968.53174,0.284821,-175.0931,-0.33935934,-12.442861,-0.46313274,25.900553,0.19606751,0.0045372485,3.5517435,-0.0064711603,-0.81929797,0.07039775,0.36838925,36.303654,0.10109173,-8.646127,-1.1683348,16.454912,0.45263124,-3.2095582,-2.0504627,-13.487578,24.5715,-0.004311428,-0.0015989954,0.03063575,0.60790277,0.9259259,0.15333332,0.14817408,0.6775,0.5030594,-43.567226,o,Ses01M_impro02,Ses01M_impro02_F009
60,0.0,0.0,0.0,0.0,0.0,0.0,0.0,0.0,0.0,0.0,0.1341875,0.346688,0.106174305,0.11130195,0.16577339,0.059599087,0.27055368,0.093532346,0.3593333,0.32573482,0.038008723,0.41197282,30.09784,0.07489462,-3.3382375,-1.326531,11.222165,0.4946766,-9.003787,-0.76501906,0.0,0.0,0.0,0.0,0.0,0.0,0.0,0.0,0.0,0.0,0.0,0.0,0.0,0.0,-201.0,0.0,0.0,0.0,0.0,0.0,-201.0,0.0,0.0,0.0,0.0,0.0,-201.0,0.0,0.0,0.0,0.0,0.0,0.0,0.0,0.0,0.0,0.0,0.0,0.0,0.0,0.0,0.0,0.0,0.0,0.0,0.0,-12.693133,24.767366,-0.00840088,0.00035667984,0.038266275,1.6483517,0.0,0.0,0.0,1.76,0.0,-46.281094,s,Ses01M_impro02,Ses01M_impro02_M012
61,34.94256,0.1344939,32.526188,35.683853,39.579735,7.053547,3.9697833,4.974117,71.35893,0.0,0.1537852,0.6276036,0.105081074,0.10885633,0.18696828,0.08188721,2.3534715,2.0231125,1.6555284,1.1770244,0.04148414,0.7459388,31.444408,0.14428298,-3.4606233,-1.6995149,12.871815,0.37288702,-8.687866,-0.672772,0.019052653,1.2101647,1.2444761,0.53190583,7.0951624,0.43793586,9.144807,1.3377031,24.453272,0.30111203,544.033,0.2949592,1423.2949,0.13360463,-170.15338,-0.39224187,1531.5743,0.07653237,1145.2041,0.21665317,-161.2561,-0.45204556,2644.3,0.06882161,1093.1316,0.45615992,-163.9905,-0.41337544,-12.588321,-0.337948,26.881496,0.1387378,0.017870292,1.0739338,-0.006349335,-1.5131195,0.08572639,0.48319298,38.72234,0.08160694,-9.767128,-0.94021916,10.986155,0.67332876,-5.251472,-1.7811483,-13.302046,24.53368,-0.002962784,-0.0008755918,0.029988661,1.2307693,1.8750001,0.103333324,0.09620581,0.40666667,0.5865909,-40.739254,q,Ses01M_impro02,Ses01M_impro02_F010
62,25.026289,0.05827695,23.273903,25.82855,26.234524,2.9606209,29.73169,3.841998,51.206253,38.000916,0.14611037,0.42027032,0.10551917,0.11191559,0.1893413,0.08382214,1.4846239,1.1943593,1.5298866,0.8575663,0.04001622,0.4715512,27.154566,0.2765849,-0.39565355,-9.6162615,15.536296,0.5981182,-8.820303,-0.7656767,0.030110046,0.6253781,1.135474,0.5215276,2.0410936,0.50086296,8.644453,0.3818724,24.074463,0.1850224,481.17548,0.27669224,1258.9921,0.09084797,-187.65344,-0.2399134,1490.3253,0.10634858,1010.62946,0.082809426,-188.19785,-0.22992106,2525.476,0.08163679,955.711,0.22961932,-188.75032,-0.21856208,-12.675354,-0.26622948,22.23792,0.16477826,-0.0056854123,-2.5292335,-0.012624074,-0.82976025,0.060082607,0.23709032,31.569613,0.113347284,-0.54459155,-8.542278,8.806038,1.3229566,-0.7255104,-13.895174,-12.403808,21.927591,-0.007162355,-0.0017750869,0.03873256,2.4943311,1.146789,0.049999997,0.02607681,0.6666666,0.4226372,-45.33236,ans,Ses01M_impro02,Ses01M_impro02_M013
63,23.585724,0.047998533,22.614038,23.565742,24.378483,1.7644444,84.24797,80.01466,12.549921,2.475134,0.12956682,0.3546221,0.10531303,0.109401375,0.14142966,0.03611663,0.88718206,0.74425834,0.996201,0.93000656,0.034269273,0.4458879,28.947287,0.16657437,-0.52021295,-9.360311,14.953145,0.37202948,-8.819778,-0.55411613,0.021026975,0.5755892,1.0306664,0.510831,3.5535514,0.2550691,13.302512,0.3994791,28.445606,0.18462552,512.4559,0.32064897,1390.1371,0.104111634,-181.97513,-0.30488485,1560.9038,0.13824414,1046.4318,0.1544401,-182.71655,-0.28763187,2571.3428,0.09436712,1005.724,0.20794761,-183.1681,-0.279688,-16.111135,-0.22552596,24.593304,0.17556424,0.0004921202,30.75423,-0.00937485,-0.7954928,0.06202734,0.24630344,33.929317,0.12688665,3.9128265,1.9388294,21.013361,0.53908986,-2.97506,-1.7992995,-13.24316,22.806986,-0.0076910453,-0.0013364943,0.0312932,1.0804322,0.7246377,0.13,0.06324555,1.0528572,0.8136112,-45.322132,o,Ses01M_impro02,Ses01M_impro02_M014
64,25.349619,0.011878286,25.08189,25.357489,25.49802,0.41613007,70.5595,8.034325,0.7510579,8.519002,0.12491048,0.22931379,0.10627178,0.11017696,0.14599143,0.03971965,0.71521056,0.44706154,0.71004933,0.5776133,0.03367081,0.4106859,30.198727,0.12645315,-0.90570617,-3.1425276,16.046091,0.33601615,-6.5703216,-0.88580817,0.036744963,0.5908626,1.2454572,0.7101759,4.525166,0.19840199,10.008927,0.27227247,31.439754,0.123678364,474.38315,0.33316666,1527.5945,0.12308119,-188.60985,-0.22033063,1558.8721,0.09125463,1068.3645,0.118194215,-187.71457,-0.22375059,2619.2039,0.08809491,1156.0519,0.20129183,-187.88162,-0.22079419,-19.176958,-0.06848111,26.967133,0.11249689,-0.00985658,-2.1594625,-0.0067095384,-0.8752772,0.064254075,0.1812437,36.831554,0.07541709,4.4144554,0.40174606,26.965422,0.2313702,4.6862545,0.65245616,-13.443171,22.560036,-0.0071285926,-0.0008039279,0.03161572,3.524229,1.3513514,0.046666663,0.03091206,0.5025,0.46751335,-45.85925,o,Ses01M_impro02,Ses01M_impro02_M015
65,34.83407,0.01921495,34.183167,34.878513,35.455173,1.272007,13.757573,4.2193093,16.618916,19.291742,0.14328681,0.38178673,0.108292505,0.11534199,0.17233688,0.06404437,0.56363255,0.3402651,0.7083721,0.4048908,0.038174808,0.5990656,29.283985,0.1947014,-3.0771947,-1.5232679,16.512348,0.46314558,-8.445672,-0.7701914,0.014563687,0.60634065,1.0763433,0.3766767,7.3641605,0.3176074,9.953158,0.78328013,24.566797,0.2678344,764.7906,0.31989604,1394.8591,0.13961393,-183.3447,-0.290169,1733.1614,0.1289889,1166.553,0.24644606,-182.2223,-0.2951883,2831.428,0.10057917,1024.6482,0.3360542,-183.22464,-0.27715698,-13.258521,-0.4591797,27.082031,0.23365931,0.00749366,1.9731708,-0.000932151,-7.843296,0.064417,0.31131938,38.25165,0.077428624,-7.3295617,-1.435289,14.353327,0.7871449,-2.56142,-4.0610275,-12.497661,21.552925,-0.0031508366,-0.0011078593,0.035334487,1.4234875,0.53859967,0.18333334,0.18190351,1.2375,1.0067616,-43.63607,s,Ses01M_impro02,Ses01M_impro02_F011
66,24.150896,0.10480876,23.584694,24.298325,25.726122,2.141428,50.777924,118.8856,21.639217,12.189694,0.14672773,0.46759596,0.10823214,0.11444679,0.18409243,0.07586029,2.0339658,1.5516564,1.1678194,0.8191228,0.04091561,0.6197926,29.500147,0.20339052,-0.03375783,-105.50497,15.046445,0.49048555,-6.8090696,-0.8093268,0.034582265,1.139636,1.0048524,0.3387366,3.7537177,0.6211018,12.123134,0.50172085,32.537098,0.11858757,587.0775,0.37735182,1441.8325,0.10455097,-171.63728,-0.3806581,1556.4227,0.15740071,1112.2872,0.18531498,-172.11331,-0.3677899,2642.3662,0.11636567,963.1056,0.15973721,-173.5521,-0.34588218,-15.961073,-0.35527232,27.749317,0.15587069,-0.0009107906,-12.679558,-0.004456372,-1.596144,0.08191761,0.46979576,37.232525,0.10819506,3.394515,1.5681056,14.562004,1.0712893,-1.2911321,-6.1769357,-13.172824,22.610058,-0.0066018756,-0.0010579432,0.033323534,1.5981735,1.3856813,0.105,0.072284155,0.5933333,0.74329597,-42.55468,o,Ses01M_impro02,Ses01M_impro02_M016
67,35.48766,0.012324093,34.969322,35.546913,35.959534,0.9902115,6.45283,0.0,-13.431549,0.0,0.12760213,0.28037584,0.10751332,0.111981474,0.13688251,0.02936919,0.16489594,0.1014763,0.30452394,0.15970457,0.032513324,0.37143004,30.421215,0.1010761,-1.4309666,-2.617649,16.009037,0.32185102,-7.501063,-0.68161166,0.018480318,0.54081523,0.89947563,0.66010886,10.049064,0.10202563,17.093548,0.2994017,22.441105,0.27021265,698.1945,0.25960776,1484.9652,0.06367556,-182.49226,-0.2909601,1756.752,0.08422829,1055.9603,0.1306473,-181.15338,-0.29476675,2766.4548,0.052253343,1217.2466,0.49536228,-181.22884,-0.2939097,-20.013021,-0.2303513,26.909956,0.2260148,0.019299638,0.7382301,-0.0059290766,-0.7909558,0.04339696,0.14085972,36.141315,0.04892166,1.3032036,5.4110465,27.715578,0.15502031,1.5001793,1.8353875,-13.30017,23.56687,-0.002165956,-0.0018156344,0.03131161,0.88105726,0.45045045,0.25,0.0,0.96999997,0.01,-44.233868,q,Ses01M_impro02,Ses01M_impro02_F012
68,24.982624,0.07492798,22.74254,25.428692,27.014767,4.2722263,55.007843,35.290016,14.115262,5.854477,0.18010806,0.48007756,0.11285428,0.15152425,0.22572756,0.11287328,1.8991994,1.6924139,1.7276037,1.2595333,0.049209993,0.680092,28.23359,0.29121915,-1.8482937,-3.4460518,14.16108,0.56445765,-5.6724844,-1.4444106,0.015180675,0.61481977,1.0219297,0.6268106,4.9698105,0.41167226,10.21865,0.6913539,31.040442,0.21128614,546.2149,0.39269993,1354.865,0.15835947,-160.76031,-0.47203353,1553.4913,0.15797797,1113.1526,0.35566452,-162.07559,-0.44418484,2599.4263,0.11194447,934.2481,0.3014508,-163.79858,-0.41950133,-15.61416,-0.30335438,26.371527,0.21385202,0.0037379828,5.2074976,-0.0023428947,-5.8716435,0.09163933,0.3923847,37.106712,0.1640052,1.5516254,5.174453,17.428595,0.6828476,0.8200476,10.517301,-10.84547,21.079826,-0.004488591,0.0033057951,0.038048305,2.9985008,1.3595166,0.14777777,0.11272165,0.51,0.62609905,-39.14901,ans,Ses01M_impro02,Ses01M_impro02_M017
69,24.362698,0.025682008,23.736681,24.447968,24.944084,1.2074032,7.151881,2.9746175,19.719131,1.8338346,0.12834693,0.35158724,0.10454767,0.10850209,0.13359317,0.0290455,1.3501412,1.4233044,1.1179101,0.6479921,0.032208055,0.40387255,29.443293,0.12004194,-1.0501235,-3.040869,15.508492,0.2919114,-9.280511,-0.61312205,0.014743681,0.5790518,0.9048605,0.41947043,4.7048244,0.20671548,9.721996,0.5721334,30.483337,0.1503192,438.73074,0.35355267,1550.3768,0.08449011,-181.47922,-0.3189159,1531.6476,0.13488066,1224.2917,0.1991542,-181.8583,-0.3022872,2496.0308,0.104144774,1299.2311,0.18706478,-182.44452,-0.29210663,-17.29547,-0.17527285,27.945541,0.14828458,0.008419486,1.1501857,-0.0040746587,-1.5171914,0.058350336,0.105450615,37.0113,0.0801351,4.5858426,0.69596654,18.932665,0.47521284,1.6478611,3.545349,-13.091886,22.561638,-0.0024296101,-0.0025098422,0.029342737,1.5723271,0.31948882,0.32,0.0,1.39,0.53,-45.235065,o,Ses01M_impro02,Ses01M_impro02_M018
70,34.79933,0.018515823,33.9678,34.852753,35.34952,1.3817215,25.804499,18.114325,7.381482,1.9100399,0.13187657,0.44669345,0.105623335,0.10905546,0.13383336,0.028210029,0.645997,0.6523639,1.1996511,1.0576229,0.033013932,0.5214946,29.441511,0.14371145,-1.4722959,-2.785939,12.589334,0.4207045,-8.574262,-0.5446025,0.019409478,0.88149506,1.1221963,0.3861652,7.5368023,0.34466603,11.173483,0.84951115,25.916967,0.20998369,644.0194,0.34991613,1407.4623,0.14269052,-176.28252,-0.35425535,1637.958,0.13439588,1125.1729,0.3293929,-174.37569,-0.35801452,2690.0234,0.12604097,1039.0664,0.28583398,-175.76645,-0.33629698,-14.0577755,-0.327344,25.895815,0.13197492,0.018384784,0.7829253,-0.0030777387,-1.9291368,0.06540295,0.38150218,36.32766,0.13911588,-3.8694718,-2.0274947,14.276078,0.8230784,-4.981624,-1.5389125,-13.289927,23.324928,-0.005572156,-0.0012920932,0.027610686,0.7407408,0.75,0.18666665,0.13767917,1.12,0.6964194,-43.512173,q,Ses01M_impro02,Ses01M_impro02_F013
71,25.152172,0.024166476,24.671375,25.139166,25.8366,1.1652241,49.172855,44.57865,10.948578,1.580691,0.15295364,0.41156697,0.105135076,0.122992136,0.20769233,0.10255725,1.3344213,0.59123385,1.576254,0.71137315,0.039039057,0.5320601,27.668377,0.27483958,-0.10099775,-51.39737,15.397815,0.5804216,-9.454725,-0.71518564,0.014566944,0.9252551,1.3317108,0.67191213,4.7744093,0.26640072,8.692589,0.37834823,31.161638,0.12639906,539.28784,0.38653645,1471.2535,0.0925755,-171.07657,-0.3926476,1539.5931,0.17930146,1129.1014,0.09857785,-171.57454,-0.37727597,2605.5037,0.12538747,1128.7471,0.32697904,-173.42464,-0.3487359,-14.499956,-0.2837205,26.93651,0.16761683,0.009456455,1.6183022,-0.01439468,-0.47711003,0.068340026,0.29835227,38.757736,0.11295792,2.7392473,1.6648142,8.701718,1.5871421,-7.517478,-1.1375391,-11.826255,20.011896,-0.0030652732,-0.0002844251,0.033820868,3.133903,1.4450867,0.099999994,0.048989795,0.56799996,0.556,-43.152233,c,Ses01M_impro02,Ses01M_impro02_M019
72,33.51412,0.030188676,32.16109,33.751038,34.376602,2.2155113,160.86578,153.22229,1.812316,7.9823008,0.13651694,0.36035362,0.10734995,0.11316556,0.16376002,0.056410074,0.59130013,0.49025717,0.4170205,0.3480424,0.03288347,0.41152716,30.765423,0.19266386,-1.640783,-2.7013407,11.837288,0.5373476,-10.898259,-0.53841865,0.024879638,0.73635817,1.2228513,0.36928183,5.096426,0.2718272,0.8411111,4.2883654,27.082552,0.19613127,610.299,0.24913278,1484.6255,0.107955895,-165.58269,-0.4353549,1582.15,0.09463626,1184.7227,0.18076035,-166.24397,-0.40898487,2672.997,0.06778864,912.4397,0.21524501,-168.33319,-0.37869933,-13.164098,-0.2889041,27.18809,0.14809173,0.014651252,1.1709473,-0.016449207,-0.38835752,0.05416445,0.27076083,40.349678,0.053068273,-7.08723,-0.93187267,5.6354,1.9731678,-16.563929,-0.49369597,-13.44453,23.191128,-0.0032969457,-0.001983634,0.028288068,1.5444016,1.968504,0.086,0.039293766,0.39799997,0.32108566,-45.57931,o,Ses01M_impro02,Ses01M_impro02_F014
73,13.336868,0.009182594,13.222204,13.324877,13.477129,0.25492477,9.248856,6.9033275,13.257241,5.331874,0.113780946,0.11855574,0.10546298,0.10870745,0.11935821,0.0138952285,0.34394494,0.2452765,0.2520217,0.29137707,0.03370092,0.41851905,29.943775,0.082705714,0.44893405,8.801961,14.878748,0.1889251,-6.8139186,-0.7713922,0.011131259,0.6554321,1.0688273,0.48324144,-0.6518589,-1.5723559,-3.2994313,-0.88557374,31.437786,0.050105322,931.19836,0.15062036,1366.9877,0.24100658,-189.92975,-0.21281113,1962.014,0.117488965,1147.0573,0.20637427,-190.29622,-0.20541334,3034.6062,0.05831006,980.032,0.083322234,-190.57243,-0.20007809,-19.727732,-0.1515815,32.69312,0.069649875,-0.021673372,-0.6181659,-0.0025745793,-2.4935195,0.063051246,0.10769082,34.07673,0.053195782,8.0661335,0.48786533,16.860437,0.22529435,2.8377213,1.2277687,-14.406019,24.596575,-0.007795422,-0.0017097899,0.032227162,5.7971015,0.990099,0.049999997,0.02,0.62333333,0.45419034,-47.265507,ag,Ses01M_impro02,Ses01M_impro02_M020
74,33.8884,0.016216738,33.41986,33.507008,34.618095,1.1982346,14.037536,0.0,-6.0217543,0.0,0.114371344,0.158596,0.10231125,0.10697198,0.12297779,0.02066654,0.2980366,0.17355698,0.2632801,0.23448333,0.031082032,0.310535,29.177862,0.1103489,-0.6115741,-5.748218,14.3544035,0.26790792,-8.588963,-0.48477593,0.04135427,0.67501456,1.4711819,0.4759442,5.0215955,0.11133727,9.5939455,0.52769417,26.346336,0.13668874,658.28357,0.2625989,1525.6604,0.07436725,-192.48853,-0.18968245,1742.4398,0.109967284,1334.4087,0.11586717,-192.51953,-0.17891848,2639.5154,0.055086646,1078.2588,0.103723936,-192.56653,-0.17830014,-18.254135,-0.11359222,25.538391,0.1393009,0.010004364,1.4788847,-0.009322799,-0.5138045,0.0456669,0.14867099,34.713856,0.038314007,2.0030494,1.5060444,22.0534,0.2242482,-11.308779,-0.398747,-14.070339,24.70881,-0.008502894,-0.0021228737,0.030550577,4.104478,0.7604563,0.055,0.024999999,1.23,0.099999994,-47.841923,o,Ses01M_impro02,Ses01M_impro02_F015
75,29.283178,0.34853753,25.408173,25.826847,26.249556,0.841383,329.66843,229.70619,117.13414,0.0,0.17233917,0.54949725,0.108922035,0.12716965,0.23215817,0.123236135,1.8415055,1.1060922,1.8703125,1.2796091,0.04951223,0.80853814,24.968222,0.35080785,1.3157145,4.50066,18.362038,0.50018376,-10.823329,-0.6259458,0.019461574,0.751796,1.3047458,0.5655802,5.0862713,0.29873574,4.0071893,1.8236961,22.167713,1.0226974,702.947,0.43265942,1266.5938,0.2453595,-174.223,-0.36275175,1704.8899,0.17558624,1336.5209,0.6499365,-173.79985,-0.35420242,2747.6108,0.11032444,1128.2633,0.2583694,-173.53267,-0.35432753,-13.306967,-0.7495633,21.98214,0.6213603,0.0036030796,4.6449003,-0.0041875714,-3.1987839,0.09813921,0.46284947,27.62333,0.47802508,8.314356,0.74415094,22.08154,0.7279229,-10.390001,-1.1149007,-11.703995,20.48066,-0.007434242,0.00024697738,0.041468363,2.6666667,1.6216217,0.08333333,0.059628475,0.51,0.5694442,-40.7932,o,Ses01M_impro02,Ses01M_impro02_M021
76,34.557705,0.019671593,34.055218,34.53358,35.20202,1.146801,0.66555834,6.469516,39.843918,24.004578,0.13451158,0.3215954,0.106837824,0.11531451,0.15731657,0.05047874,0.40431818,0.33870623,0.45540315,0.30969644,0.035809617,0.3479614,27.17655,0.18343815,-2.0387454,-2.973355,16.209389,0.26847708,-10.619769,-0.43181545,0.031471062,0.47663078,1.266912,0.29209688,4.0476723,0.35671952,6.650833,1.2585771,24.018644,0.43317378,673.03375,0.15025592,1393.3615,0.09365427,-185.63237,-0.26473773,1692.8159,0.06453436,1112.6892,0.11854436,-186.64226,-0.24568307,2670.4604,0.06512348,1032.0964,0.4286459,-187.04343,-0.2384831,-11.338249,-0.4463146,21.259508,0.30693763,0.011018121,1.5514677,-0.006536176,-1.050569,0.059634365,0.19478731,34.58801,0.07898107,-12.454964,-0.851886,14.259532,0.34287444,-15.033064,-0.3721449,-13.370549,22.935965,-0.0093368925,-0.001382503,0.03406245,1.4035088,1.0714285,0.06333333,0.036817867,0.635,0.59785026,-46.689274,o,Ses01M_impro02,Ses01M_impro02_F016
77,26.110857,0.19529329,23.358398,23.751228,29.192286,5.833887,311.6849,308.0225,225.62848,152.21642,0.13924596,0.38213277,0.10457448,0.11007099,0.17190452,0.06733004,0.52316034,0.2577874,0.4550681,0.18554232,0.038357105,0.4292382,31.985895,0.16441827,0.9961034,4.462957,15.042888,0.33023167,-7.661639,-0.8317782,0.047636047,1.8370078,0.9376531,0.5262559,5.081228,0.47383922,12.231957,1.8047105,26.532402,0.73226094,643.04083,0.39384136,1473.9072,0.1636081,-149.9422,-0.54268533,1662.4735,0.16392845,1206.3728,0.17663188,-151.81021,-0.50119597,2756.1726,0.10247981,1078.4983,0.1750836,-153.86899,-0.47309238,-18.09921,-0.22543564,31.200039,0.1574303,-0.006511541,-1.760644,-0.010271043,-1.0087926,0.057032853,0.19260176,38.525444,0.1345162,3.899737,1.3859866,14.499287,0.5119735,-1.8054483,-3.6169686,-14.346359,24.893385,-0.0061678216,-0.0019184481,0.030953566,2.4271846,2.0,0.13,0.15700318,0.35,0.39401776,-42.17367,q,Ses01M_impro02,Ses01M_impro02_M022
78,34.66765,0.09012006,34.738144,35.302826,35.88866,1.1505165,67.62468,39.505703,9.361886,6.7308106,0.1356127,0.35448,0.10421826,0.10993478,0.16546753,0.06124927,0.8738896,0.750416,0.6148214,0.33762446,0.037427586,0.5051889,31.656412,0.14322425,-0.40854257,-13.223938,14.954395,0.30130118,-8.159443,-0.74491507,0.033086535,2.0953755,1.144253,0.53247184,8.00058,0.26048645,4.4199557,3.5383737,23.325556,0.6135086,669.0165,0.4006612,1458.4994,0.13270363,-168.83897,-0.39565518,1682.5278,0.1662252,1229.6594,0.2839881,-165.11884,-0.4046272,2765.3792,0.11543024,1128.0765,0.24726073,-167.14267,-0.37647614,-17.750141,-0.24354334,31.322273,0.17663428,0.0072007542,2.585768,-0.0022931055,-3.5454729,0.056523833,0.397037,37.6941,0.09574021,1.6021616,4.089836,16.160091,0.40959513,-3.760973,-2.3978913,-13.994312,24.803558,-0.004468214,-0.0023778584,0.0327153,1.8255578,2.0491803,0.089999996,0.068264194,0.34272727,0.5121095,-42.857227,s,Ses01M_impro02,Ses01M_impro02_F017
79,33.09606,0.27384913,24.375286,35.15043,39.73171,15.356422,225.74576,167.52504,95.23028,80.83181,0.21310711,0.5095221,0.11542803,0.18851541,0.28332227,0.16789424,1.5331848,1.2538793,0.9249709,0.6867561,0.0737841,0.8596529,29.169258,0.28428045,-0.31816164,-20.824034,11.653523,1.0190011,-14.92639,-0.6248414,0.04705269,0.91553324,1.5098312,0.4648093,5.084468,0.6236626,8.354946,1.2785887,22.810177,0.30632448,720.9559,0.35183915,1334.7606,0.15352868,-164.97876,-0.4408201,1764.1224,0.18321492,1039.6178,0.28868765,-163.35342,-0.43322712,2841.7146,0.121156186,856.75336,0.31070948,-164.83728,-0.41220313,-16.255035,-0.2833562,28.662937,0.18385851,0.036866993,0.5425211,-0.022482682,-0.6426011,0.12359936,0.5570455,35.20047,0.1120025,0.43040103,16.924194,5.627407,3.1394587,-20.793276,-0.5488084,-13.109841,22.659521,0.010756067,-0.0068756123,0.061816335,1.8867925,1.7142857,0.11,0.086281195,0.407,0.42799652,-37.564224,o,Ses01M_impro02,Ses01M_impro02_M023
80,36.63601,0.2242848,27.75919,38.263496,40.97608,13.216892,236.97456,152.64532,120.22033,78.82701,0.20406492,0.5576531,0.11205864,0.16675179,0.2800597,0.16800106,1.4376967,1.4601291,0.9728785,0.8486582,0.06882747,0.9494697,27.40985,0.30837727,-1.4022295,-4.1350136,13.202797,0.8936466,-14.059981,-0.66334057,0.05601288,0.82821226,1.5713372,0.42998224,5.820593,0.577209,11.056154,1.0274107,21.754196,0.3583177,814.6404,0.26653633,1314.5195,0.15590636,-173.83537,-0.37119743,1872.407,0.14793679,1015.3016,0.3068792,-171.54483,-0.37570387,2923.653,0.11937531,895.2336,0.28224814,-172.67609,-0.3585144,-15.255846,-0.29434082,28.267014,0.18761113,0.032406893,0.6487502,-0.023317676,-0.6379967,0.13912123,0.53727317,34.69327,0.11425322,-2.383157,-2.5693645,6.5052776,3.1638541,-21.146029,-0.5916668,-12.256324,21.430197,0.006523458,-0.0051574367,0.056110434,1.4553015,1.2605042,0.12,0.09780933,0.65333337,0.7704255,-37.87515,b,Ses01M_impro02,Ses01M_impro02_F018
81,26.368706,0.005963207,26.211824,26.375053,26.510498,0.29867363,6.4427853,0.0,-9.265214,0.0,0.14389025,0.36129102,0.10820189,0.11682833,0.18672958,0.07852769,0.98987365,0.62243235,1.2942764,1.427702,0.03786612,0.4466498,26.342033,0.23420604,-1.5365765,-2.5119023,15.960584,0.25652796,-7.0928583,-0.6106312,0.042808767,0.37705606,1.5891306,0.33584768,3.0493414,0.5469341,2.140995,2.9859214,32.49175,0.13956633,491.6815,0.48412696,1408.0778,0.094069935,-193.45663,-0.18787836,1534.174,0.14908178,1165.7053,0.30271217,-193.98709,-0.1743868,2752.7205,0.082656235,1142.6771,0.17994426,-194.50577,-0.16099353,-12.41721,-0.24716458,28.417534,0.1268378,0.036370393,0.3575305,0.012122093,0.3583713,0.06451379,0.052487727,32.755287,0.04127867,0.4372153,8.902192,12.28417,0.41174486,-0.8166463,-6.871752,-12.260859,21.74316,-0.0046096407,0.0016838768,0.03713088,2.5735295,0.37453187,0.089999996,0.0,1.275,0.16499999,-45.934044,o,Ses01M_impro02,Ses01M_impro02_M024
82,32.66469,0.008525875,32.376923,32.626167,32.9489,0.5719757,0.0,0.0,-0.08433744,0.0,0.11589074,0.13205042,0.10649299,0.11073941,0.1224742,0.015981212,0.26422736,0.20204154,0.21312009,0.17549491,0.030108422,0.20518991,29.649117,0.07930859,0.23144051,9.820537,14.713915,0.20569786,-8.629297,-0.4955812,0.011043121,0.3304552,1.0755078,0.30399248,5.6091814,0.1735665,-0.59644103,-4.920633,25.096188,0.15294021,423.14093,0.32636473,1530.4766,0.0882088,-194.23448,-0.17110161,1439.5299,0.15562926,1279.4636,0.16628052,-193.70445,-0.17430076,2472.7188,0.046097238,1232.4551,0.22820622,-194.1822,-0.16186827,-15.248866,-0.0464784,28.91471,0.12281436,0.0050034844,1.1627579,-0.007676741,-0.64235604,0.037770733,0.06020486,36.58978,0.0713699,2.0730867,0.5868224,8.707821,0.24400203,-10.016097,-0.13751386,-14.1367445,24.081121,-0.0041249357,-0.0034089151,0.029674271,4.8245616,0.44843048,0.08,0.0,1.06,0.42,-48.586872,c,Ses01M_impro02,Ses01M_impro02_F019
83,33.64174,0.02651806,32.979336,33.126774,34.89324,1.9139061,9.967937,0.0,4.472536,2.197229,0.13005713,0.20073701,0.108795285,0.121032216,0.14984152,0.041046232,0.39292765,0.17994256,0.47619224,0.36962748,0.034082245,0.2520925,27.773973,0.19065173,0.88368154,4.221412,16.243362,0.21896668,-9.346042,-0.5323184,0.022821082,0.9568687,1.1401069,0.34839657,6.0785413,0.24876563,6.381123,1.2094411,26.649231,0.27373,491.88232,0.23462066,1463.9478,0.12087329,-179.16154,-0.33309808,1556.9895,0.08901958,1112.9812,0.23581716,-178.81982,-0.32028076,2614.1099,0.09036589,1086.0553,0.32642955,-179.80994,-0.30400193,-17.488298,-0.19356467,27.626331,0.20906238,0.005956397,1.8024306,-0.0106250765,-0.77767885,0.0415352,0.17365931,36.213005,0.07912922,2.134476,2.9216378,20.004786,0.25067884,-6.742862,-0.6909122,-13.487799,23.226135,-0.006567577,-0.0014469079,0.03309864,3.298969,0.62500006,0.19,0.14165686,1.04,0.8611329,-46.373608,s,Ses01M_impro02,Ses01M_impro02_F020
84,29.52915,0.06607409,27.532942,30.055763,31.428596,3.8956547,12.865449,0.0,26.596754,0.0,0.13845363,0.36210895,0.10470371,0.110902615,0.17705303,0.072349325,0.72326314,0.42653522,0.45573434,0.44306877,0.03545533,0.36376193,26.403196,0.32741743,1.5736532,3.3433266,16.274807,0.29400262,-10.689166,-0.49753925,0.022247054,0.6150825,1.1317139,0.37299472,6.291983,0.14021264,2.0130107,4.063687,31.035192,0.26273805,731.29877,0.2511794,1518.1876,0.08001117,-175.62726,-0.34984234,1780.634,0.13302973,1250.8461,0.14867918,-177.64162,-0.318088,2902.2007,0.09826547,936.76166,0.14645602,-178.07974,-0.31142178,-22.394642,-0.12821643,33.622326,0.07435944,0.0018113748,7.087716,-0.0081032375,-0.83393764,0.059287842,0.27083424,36.09594,0.04038054,11.740946,0.20634212,22.938875,0.332535,-7.1305575,-0.696401,-12.621294,22.145983,-0.0045460104,-0.001320804,0.03180719,2.8688524,0.8368201,0.155,0.005,0.6766666,0.39364395,-44.73399,o,Ses01M_impro02,Ses01M_impro02_M025
85,0.0,0.0,0.0,0.0,0.0,0.0,0.0,0.0,0.0,0.0,0.12390446,0.3075459,0.106575534,0.1107618,0.12215358,0.015578046,0.08232848,0.0075574648,0.16108401,0.14984728,0.028881526,0.20842828,25.980255,0.23718126,-1.3707348,-1.5908943,14.713154,0.24101162,-11.713294,-0.37116042,0.0,0.0,0.0,0.0,0.0,0.0,0.0,0.0,0.0,0.0,0.0,0.0,0.0,0.0,-201.0,0.0,0.0,0.0,0.0,0.0,-201.0,0.0,0.0,0.0,0.0,0.0,-201.0,0.0,0.0,0.0,0.0,0.0,0.0,0.0,0.0,0.0,0.0,0.0,0.0,0.0,0.0,0.0,0.0,0.0,0.0,0.0,-12.121791,21.892935,-0.0025997618,0.000310394,0.028904537,0.913242,0.0,0.0,0.0,2.1299999,0.0,-49.378765,o,Ses01M_impro02,Ses01M_impro02_F021
86,35.16915,0.03462556,34.224125,34.48136,36.855305,2.6311798,6.605149,0.0,13.536718,13.037658,0.09590946,0.14534466,0.08496198,0.09266375,0.10527286,0.020310879,0.27978462,0.21334897,0.27967966,0.13600576,0.017901393,0.2910169,24.443855,0.17870043,-0.58927494,-7.6410027,12.857271,0.41932973,-8.536227,-0.54197603,0.027014885,0.6015491,1.6496463,0.42939427,4.8471465,0.24600086,3.9961739,2.216359,25.348383,0.27137455,600.66156,0.34868893,1529.745,0.17328496,-187.34943,-0.24760748,1634.9072,0.15224363,1272.7203,0.20930503,-184.3116,-0.26787716,2734.3672,0.08957692,1068.8041,0.16484445,-185.37062,-0.24935953,-13.150276,-0.22078194,26.649736,0.13812816,0.01123835,1.2352148,-0.00021985937,-39.591053,0.021552641,0.24318145,31.343851,0.0827168,-0.5076422,-6.05324,8.591709,1.0316993,-11.542027,-0.5558669,-11.321951,21.814802,-0.004200892,0.0074756457,0.017550794,4.0268455,1.0238909,0.08,0.06377042,0.655,0.4681079,-52.568146,s,Ses02F_impro02,Ses02F_impro02_F000
87,26.123228,0.13066283,23.43966,25.732273,30.084476,6.6448174,28.269678,14.953507,32.320576,12.555007,0.19650175,0.62398875,0.08682199,0.13932711,0.30756012,0.22073813,3.0265996,2.1715548,1.9561849,1.290911,0.0554124,0.92588896,25.305792,0.42433426,2.6125195,4.571155,17.832859,0.587787,-5.0302243,-1.4915845,0.019502277,1.3818073,1.013026,0.75251126,5.9198184,0.49167502,4.4580007,1.2617992,30.009413,0.26514205,533.20874,0.39588812,1295.0459,0.14453478,-145.26556,-0.58884597,1586.6881,0.15819162,1014.6876,0.26524818,-148.83763,-0.5281549,2693.983,0.103186205,836.4408,0.32904705,-150.3496,-0.5072101,-18.336166,-0.36611325,27.55153,0.2826268,0.017342573,1.2386458,-0.008557334,-1.3651103,0.086173564,0.48268074,32.659016,0.30695176,13.104442,0.91414636,21.31752,0.60570514,-2.9310958,-3.0716312,-9.606589,19.396648,-0.0054780515,0.00453275,0.042904098,3.310345,1.25,0.22555555,0.2083859,0.498,0.5444961,-37.009926,q,Ses02F_impro02,Ses02F_impro02_M000
88,35.572277,0.0687556,34.40376,34.792393,37.689426,3.2856674,38.744774,15.32357,114.51247,181.70828,0.10901324,0.32273814,0.077312775,0.098372824,0.1333159,0.05600313,0.64715797,0.48663554,0.6373611,0.38276574,0.021675587,0.3811517,27.27941,0.22225134,-2.0156088,-2.9843833,13.431143,0.46161473,-11.453146,-0.4540432,0.028362257,2.363743,1.261245,0.5389311,6.2767215,0.26937065,11.673632,0.6308503,27.430027,0.2130138,641.6068,0.33937532,1409.0017,0.12392955,-164.16106,-0.44499904,1658.7289,0.13947788,1215.6304,0.17253219,-159.51457,-0.4562234,2680.8499,0.08907439,1025.0074,0.22624001,-161.0976,-0.43350068,-13.5175,-0.34078866,24.828207,0.18734886,0.025156239,0.5204094,-0.0015657557,-4.382072,0.025956158,0.30801073,32.579887,0.10579923,-3.273655,-2.516796,9.981792,0.8666857,-13.145118,-0.45884016,-12.410901,21.79038,0.0040825764,0.0027756032,0.020517973,2.4958403,2.0134227,0.1025,0.07864742,0.3446154,0.4429901,-49.735302,ans,Ses02F_impro02,Ses02F_impro02_F001
89,31.345133,0.14992225,28.049355,32.65243,35.31344,7.264084,130.32419,135.04866,38.10532,30.10478,0.18693659,0.62266123,0.08287083,0.14870416,0.28200153,0.19913068,3.0689046,1.8935863,2.4240558,1.7309247,0.05756373,0.9394113,28.18196,0.36532944,3.673126,3.1927042,17.592733,0.5751627,-7.393603,-1.1596051,0.018120393,0.9181636,1.1624683,0.87249005,8.156853,0.46587697,9.466901,0.7374089,31.343752,0.23855497,534.34875,0.33331028,1404.6962,0.14873472,-140.01006,-0.6094911,1622.5256,0.15094599,1096.3035,0.32870322,-143.06628,-0.5444961,2709.2761,0.10104309,949.0208,0.32829148,-144.78627,-0.52097154,-21.122202,-0.30139005,30.266924,0.26804787,0.023129027,1.0630677,-0.013316945,-0.9700892,0.097581945,0.5573253,35.612103,0.22750673,13.823641,0.5745525,20.920937,0.6647339,-5.1399155,-2.11866,-10.839034,20.649836,-0.003193797,0.002699277,0.037648104,3.2305434,2.071006,0.15285714,0.1778213,0.35833332,0.4548229,-35.89002,q,Ses02F_impro02,Ses02F_impro02_M001
90,38.63044,0.11714184,37.599434,40.435066,41.26987,3.6704369,7.9500365,6.8583307,19.239458,0.0,0.10003618,0.29814774,0.074541196,0.09283787,0.119112074,0.04457088,0.4935273,0.34947637,0.41423282,0.28413817,0.022016931,0.3924986,28.627934,0.1308009,-1.6946924,-3.4242587,14.57077,0.4185189,-11.362821,-0.50552315,0.029563349,0.7780984,1.2092178,0.4269651,7.272104,0.33992907,11.599947,0.6114211,24.203463,0.25987834,673.0197,0.2754759,1452.3336,0.13341884,-181.10655,-0.30635566,1755.5846,0.12105132,1154.1605,0.23847464,-177.41687,-0.32259166,2781.917,0.0731463,1070.0686,0.3528561,-177.83867,-0.31672835,-17.296469,-0.28490937,26.013859,0.21071593,0.015199917,1.1908169,-0.011405444,-0.6687004,0.028682923,0.29710853,32.70928,0.060657386,0.6488271,11.482241,16.469133,0.54039097,-17.14735,-0.3151702,-12.7592535,22.90669,-0.0025865685,0.0013325517,0.021000203,1.9257221,1.1080333,0.11125,0.101542786,0.6844444,0.73940086,-49.844788,ans,Ses02F_impro02,Ses02F_impro02_F002
91,25.128433,0.14649096,22.56382,24.562126,28.363197,5.7993774,72.03174,57.477814,219.66835,475.88397,0.15833426,0.52840924,0.08552658,0.13416286,0.22191805,0.13639146,1.870755,1.2913924,1.6935085,1.4496888,0.044130143,0.80959654,28.393438,0.32730427,1.7966826,6.910373,16.742205,0.58104104,-4.3477516,-1.9674016,0.027955985,1.6280572,1.1664842,0.77236104,5.5902467,0.5072677,7.4939675,0.71099037,34.18978,0.27074334,575.81854,0.38810357,1451.152,0.14263047,-147.94931,-0.55322874,1660.4739,0.16377556,1128.04,0.2900221,-151.21753,-0.49842855,2758.4385,0.09948009,986.95886,0.35085022,-152.81747,-0.4769826,-20.544867,-0.3411515,30.234743,0.294313,0.0064311335,2.6501565,-0.008069446,-1.2549118,0.06826201,0.56174177,36.401405,0.23550056,12.605315,0.7122805,22.788464,0.51556396,0.42357138,19.122902,-10.293742,20.350195,-0.0041547394,0.004956681,0.03473606,2.923387,1.8237082,0.14722222,0.09403342,0.3605263,0.6023417,-38.765266,o,Ses02F_impro02,Ses02F_impro02_M002
92,35.473766,0.15045322,27.36017,38.867302,39.03944,11.67927,386.74802,0.0,146.64517,105.171425,0.08833627,0.253345,0.07571593,0.079847105,0.094574004,0.018858075,0.25175261,0.1756823,0.20560126,0.15900883,0.017571442,0.27016354,26.457985,0.13174495,-2.0872285,-3.213018,12.781698,0.30723286,-7.197932,-0.7934775,0.05373788,0.47026637,1.9999497,0.43131518,5.7735033,0.1479993,21.889301,0.13248633,28.567501,0.1246878,580.0541,0.33233407,1443.2847,0.08430044,-194.0191,-0.15612808,1730.8481,0.065736726,1331.8966,0.29413617,-193.9361,-0.15238166,2706.875,0.092080414,1130.7654,0.32283556,-194.0286,-0.15035094,-15.160363,-0.09983082,23.328665,0.19301727,0.0063097524,1.4637744,-0.006906622,-0.941952,0.020667339,0.27648667,30.979708,0.045002334,0.060146276,48.17609,16.293133,0.2528282,-10.866884,-0.32153213,-11.718989,22.260046,-0.0059707854,0.005455907,0.017576568,1.5503876,1.1857708,0.023333332,0.0047140447,0.59749997,0.47551945,-53.434086,dag,Ses02F_impro02,Ses02F_impro02_F003
93,26.834444,0.1589724,22.889267,27.91914,30.671022,7.7817554,101.12651,100.51901,35.876343,43.03689,0.19707611,0.6109371,0.081562966,0.16496377,0.30684018,0.22527722,2.9779327,1.8853117,2.1188598,1.3831733,0.055127084,0.77659816,29.71023,0.37321603,4.1640334,2.7151902,17.12037,0.63220876,-5.3087068,-2.0450914,0.01950009,1.0559753,1.0602353,0.8003628,6.4430647,0.47375494,6.396506,0.9264056,32.382133,0.24042533,533.75244,0.3498401,1408.3345,0.13731757,-123.18105,-0.74329257,1598.9816,0.15942374,1114.8372,0.29921818,-128.9263,-0.6475688,2674.6135,0.096729286,980.16785,0.32873544,-131.37245,-0.61328846,-18.883656,-0.3494443,28.679329,0.28105193,0.018292762,1.1205215,-0.012309423,-1.1409539,0.08292158,0.47537526,36.605637,0.25453806,11.280629,0.94671017,19.52303,0.72809374,-2.2723734,-6.012483,-10.840928,20.806684,-0.0035388835,0.005368623,0.036103535,3.3874383,1.8413597,0.2130769,0.1720637,0.29814816,0.30447328,-36.123627,o,Ses02F_impro02,Ses02F_impro02_M003
94,36.909195,0.12859522,34.40294,37.32331,40.977238,6.574299,88.80212,79.631615,26.806381,24.871578,0.11125756,0.4075989,0.07537923,0.094793975,0.14327818,0.06789895,0.6549025,0.43142942,0.44358748,0.3348084,0.023185382,0.56906796,28.841667,0.18849845,-3.108197,-2.3239577,12.376748,0.5641844,-12.162643,-0.5387964,0.019170266,0.87212604,1.1971185,0.4672504,7.1277494,0.36963746,7.5017943,0.9931621,25.92753,0.24093212,659.1663,0.2761259,1438.7585,0.14564456,-165.27748,-0.43088508,1667.1089,0.1301349,1153.2657,0.25873512,-163.02744,-0.42765337,2740.7998,0.07340884,887.5927,0.3339452,-164.46432,-0.4075871,-14.742178,-0.3297996,25.54166,0.20226867,0.020386346,0.84194785,-0.005325162,-1.7493955,0.03135652,0.5342718,34.006504,0.12855494,-3.6079874,-2.4778085,9.678834,0.9805599,-16.358633,-0.44555676,-12.174194,22.075996,0.0011490475,0.00290063,0.021057956,2.1381578,1.8166804,0.10636364,0.07437897,0.40521738,0.43229285,-47.791847,o,Ses02F_impro02,Ses02F_impro02_F004
95,24.433783,0.16285351,22.587952,24.409515,26.934181,4.3462296,157.73741,60.43822,98.97535,108.582886,0.16593212,0.68923163,0.07324905,0.105733946,0.26138866,0.18813962,2.719132,1.8132939,2.4946375,1.2639116,0.045030482,0.869931,26.880373,0.36749092,5.802945,1.8469706,17.69053,0.5390356,-7.595901,-1.1693212,0.027347146,1.51456,1.3315032,0.77833307,5.09485,0.4370834,4.322887,0.8708923,29.527971,0.18764184,529.17896,0.31236577,1404.3152,0.16963679,-140.19022,-0.6220802,1586.7766,0.14001772,1027.42,0.22919519,-143.63922,-0.5581509,2705.368,0.074535385,895.6805,0.321569,-145.09427,-0.53807753,-19.010944,-0.2760571,26.544523,0.19609147,0.009867693,1.9645404,-0.014562484,-0.841188,0.08655807,0.4221351,33.975246,0.2045761,11.892108,0.71450806,23.884623,0.5339852,-4.9296103,-2.4309287,-12.9328,21.776342,-0.006223243,0.0016447296,0.026375776,2.5806453,1.6393443,0.188,0.14593148,0.3333333,0.28252825,-38.245,o,Ses02F_impro02,Ses02F_impro02_F005
96,25.50113,0.21642865,22.681059,24.831083,27.028296,4.3472366,622.77454,616.14465,74.67564,56.246765,0.17450371,0.6634948,0.07370561,0.11907392,0.27510804,0.20140243,2.9381216,1.8061658,2.3215709,1.467465,0.048185002,0.8186503,26.981838,0.38060847,6.644925,1.6362761,17.984688,0.5473173,-7.367742,-1.2441449,0.021724459,1.0728971,1.337239,0.7513251,4.959509,0.48189104,5.288686,0.96957505,29.090431,0.18780053,504.0579,0.27888075,1367.9886,0.10690288,-128.72565,-0.70385736,1605.3491,0.12788935,998.01416,0.2374859,-133.8783,-0.61363626,2687.8474,0.081727795,864.62946,0.2737412,-135.19904,-0.59538263,-18.747688,-0.27356368,26.076298,0.2008181,0.0105291195,1.7776165,-0.015718637,-0.7604891,0.08332497,0.44502592,33.141666,0.23021026,11.863086,0.74864644,23.040426,0.56781906,-6.051429,-2.0418565,-13.017297,21.891474,-0.0053990697,0.0022891979,0.028103754,2.8268552,2.1582735,0.16666666,0.14149989,0.23571427,0.24206592,-37.854942,o,Ses02F_impro02,Ses02F_impro02_M004
97,25.921673,0.12859972,23.538052,26.487324,27.704622,4.1665707,57.025112,49.414864,19.876581,12.300764,0.19391264,0.546117,0.08946032,0.16583325,0.29571494,0.20625463,2.5423307,1.9047685,1.9698102,1.3740993,0.052772645,0.7420322,30.390907,0.33043486,3.9891684,3.068415,17.241295,0.69786996,-5.61012,-1.8644198,0.015068593,1.2197348,1.0480415,0.77983254,6.440737,0.40107164,7.18325,0.7866128,32.12954,0.27007854,539.85736,0.31482065,1394.8356,0.15855019,-121.55176,-0.7618565,1608.5101,0.15325563,1048.8032,0.2998971,-127.22799,-0.66793275,2688.597,0.08810958,976.93756,0.39974385,-129.46045,-0.6356081,-19.222635,-0.32054237,28.666838,0.30345687,0.016846038,1.2119205,-0.012970581,-0.95384634,0.07055022,0.5483691,35.825798,0.26057914,11.769033,0.88982326,20.756605,0.690486,-3.110549,-3.8499715,-10.980776,20.553968,-0.0035754084,0.004373253,0.040325016,3.762828,1.7221584,0.23133333,0.2791861,0.35214287,0.34282812,-36.426197,q,Ses02F_impro02,Ses02F_impro02_M005
98,39.18395,0.045006596,37.5558,39.330482,40.74631,3.1905098,15.53237,8.165717,27.495747,18.836647,0.13209814,0.30510297,0.09471828,0.12560833,0.16644469,0.07172641,0.7231156,0.44597837,0.4325985,0.27271813,0.026242752,0.43795526,28.319496,0.22759825,-5.758358,-1.1405733,12.06594,0.7740163,-16.169498,-0.5488184,0.019641519,0.63597345,1.2219689,0.38900483,7.2176256,0.31780574,8.701293,0.8257164,26.309303,0.2224397,688.38116,0.3075224,1384.122,0.12550366,-152.57597,-0.5215464,1692.6982,0.13538346,1191.9135,0.19984706,-138.86389,-0.59228396,2766.9426,0.095139764,992.935,0.3433074,-141.68861,-0.5532449,-12.979719,-0.39822072,25.524387,0.21719481,0.015631564,0.9682066,-0.008582887,-1.0960137,0.031415213,0.3527269,33.876747,0.13379143,-6.0132155,-1.2362243,7.4727125,1.4168458,-19.626425,-0.47534552,-10.118941,19.125015,0.0039592264,0.0025280565,0.023636539,2.4963288,1.923077,0.17,0.16861425,0.32846153,0.30119878,-47.293,ans,Ses02F_impro02,Ses02F_impro02_F006
99,35.112415,0.10002887,34.37511,36.24304,37.231064,2.8559532,44.85457,55.253597,50.69887,67.85928,0.11190108,0.47710294,0.07596743,0.09460053,0.13024919,0.054281756,1.0284321,1.0535406,1.0892068,1.8286058,0.024208628,0.7915445,26.324062,0.22653925,-2.0731447,-3.20239,14.928829,0.4738544,-10.91589,-0.6091143,0.020151837,0.70937854,1.4572091,0.4762559,5.617033,0.24016023,7.1026874,1.047409,27.03824,0.19279544,599.78046,0.2915054,1456.1849,0.15943235,-175.59326,-0.36005008,1626.8605,0.10961854,1227.767,0.24455301,-173.7786,-0.35604778,2671.3455,0.08414585,984.6614,0.23524301,-174.6014,-0.34320349,-14.10471,-0.32093567,24.312496,0.20212734,0.020045301,0.9239298,-0.0050200857,-1.9405613,0.03870784,0.67550147,32.16182,0.1433357,-2.487241,-4.0100293,14.1858225,0.93833965,-16.5487,-0.60697734,-11.778429,21.26122,-0.0025908276,0.003612193,0.021728195,1.3411568,1.2626263,0.10933333,0.077413745,0.62062496,0.7949328,-46.933178,o,Ses02F_impro02,Ses02F_impro02_F007
100,27.112638,0.12555832,24.900612,27.98547,29.853613,4.953001,86.16746,117.060486,32.93435,14.38762,0.21486706,0.49006656,0.10874893,0.20179181,0.306935,0.19818608,2.5335643,1.6829942,1.8560975,0.9827661,0.056442246,0.689102,24.327358,0.5146392,2.6752522,4.8007965,22.202232,0.5711221,-3.4380536,-3.0151525,0.018277882,0.8003574,1.1666737,0.7363514,6.157962,0.46644738,8.213625,0.69848293,30.905901,0.24430104,587.9121,0.38658747,1364.5004,0.19232057,-126.52947,-0.70733243,1656.8126,0.1489923,1027.2302,0.30139673,-130.79047,-0.6332972,2720.9597,0.100815505,1068.4407,0.45390397,-132.48346,-0.6090533,-17.532364,-0.3884359,25.88506,0.31052923,0.016483009,1.1699779,-0.0044975625,-2.8316956,0.07915062,0.48655888,31.96504,0.3336403,11.356465,0.9227299,26.119015,0.500261,1.116648,8.928846,-7.3188305,15.96868,-0.0037152327,0.00796056,0.042102374,4.107425,2.2292995,0.16857143,0.13809195,0.242,0.26830828,-36.861084,o,Ses02F_impro02,Ses02F_impro02_M006
101,24.828682,0.13455026,22.3218,25.076412,27.411068,5.0892677,153.92587,163.44258,21.706892,10.981135,0.19047518,0.69064677,0.07938639,0.13794658,0.30025136,0.22086498,3.68748,3.2650454,2.1115768,1.2917148,0.052980352,0.96304744,26.925076,0.47061118,1.884179,5.5253263,17.402128,0.6786478,-5.003385,-2.0781825,0.02401913,1.269121,1.2426999,0.8065901,5.210994,0.4830757,5.5992885,0.98253334,31.304895,0.24228552,597.14575,0.38915053,1376.6199,0.15157935,-141.42624,-0.606899,1641.388,0.15933712,1070.2229,0.37331146,-144.52077,-0.55533206,2722.6113,0.11417417,988.6368,0.31056204,-146.9382,-0.521535,-16.448505,-0.38973376,28.007723,0.27005568,0.01738252,1.1894166,-0.005707917,-2.5248065,0.09731227,0.60075444,37.24006,0.29126656,7.356091,1.3815227,18.4032,0.93363565,0.9076799,14.372824,-9.685358,19.319334,-0.004039052,0.008554506,0.03297323,2.4480712,1.787044,0.16666666,0.11268195,0.35759997,0.43769652,-36.324005,o,Ses02F_impro02,Ses02F_impro02_M007
102,37.332527,0.05327596,34.551537,36.70289,39.242317,4.6907806,5.517469,4.0044804,12.745927,0.0,0.12344402,0.821099,0.07744787,0.09112509,0.11263487,0.035187,0.80849177,0.86233497,0.38505563,0.3279701,0.02376659,0.83057207,23.232487,0.41525683,-2.5127575,-3.709905,13.099992,0.4337639,-8.574736,-0.5517248,0.026681831,0.796806,1.306072,0.5183469,7.997345,0.34986237,15.569299,0.42356104,30.405687,0.14922464,644.14014,0.34308517,1453.7574,0.11610292,-182.52682,-0.2968597,1702.8855,0.14162605,1219.9042,0.1828858,-177.65048,-0.3199538,2798.584,0.073809035,963.87823,0.17284502,-178.47379,-0.30677044,-19.08671,-0.21679421,31.344988,0.11214436,0.021280795,0.75957125,-0.0030123605,-2.278748,0.025066575,0.27979177,33.545895,0.07056154,4.326469,1.3801652,13.4927845,0.5954081,-11.214941,-0.56868494,-9.255877,20.010355,-0.00037100905,0.009759073,0.02376042,1.2376238,1.0025063,0.125,0.011180339,0.68,0.75662404,-48.16337,c,Ses02F_impro02,Ses02F_impro02_F009
103,26.46781,0.13968228,24.731504,25.79458,27.668156,2.9366512,68.636284,102.38994,38.104004,62.93831,0.27237913,0.71502674,0.11543003,0.21858011,0.3890138,0.27358377,3.0023518,1.8548152,2.821383,1.9028096,0.07546225,0.82856256,30.248383,0.36271277,-0.8637839,-12.928744,14.011927,0.8920336,-7.509598,-1.6151664,0.015980521,0.87432534,1.0766276,0.78937274,5.3921504,0.47880247,4.8759947,0.8642362,28.926958,0.3406458,559.61664,0.38490364,1375.072,0.14587212,-118.70639,-0.78433263,1541.6956,0.15432942,1082.5219,0.27494052,-120.931274,-0.73324454,2670.4092,0.098080926,1002.46277,0.4096242,-125.55738,-0.6649828,-12.918348,-0.5734852,26.13544,0.31824753,0.02101931,0.8397091,-0.00424207,-2.3549395,0.10909369,0.6250499,37.612034,0.21008751,-0.45655662,-27.530602,13.206418,1.1877487,-3.9437053,-3.3481777,-9.301432,19.630768,-0.0014030458,0.006087649,0.05076281,3.030303,1.9292605,0.21416666,0.14314668,0.26153848,0.22156249,-34.248535,dag,Ses02F_impro02,Ses02F_impro02_M008
104,38.328995,0.1787814,28.188698,41.009457,43.006973,14.818275,328.06927,359.10135,55.553192,71.75304,0.16205807,0.7925202,0.10194137,0.12881416,0.18166485,0.079723485,2.6176133,2.6943488,1.3342088,1.3875176,0.038018696,1.2413855,24.60443,0.28091538,-4.550778,-1.6856601,18.597332,0.46426788,-18.177647,-0.48174292,0.021498574,0.7039371,1.2282213,0.45072365,7.065184,0.50004685,9.042558,0.907736,19.991903,0.42600352,665.9375,0.35976565,1359.5706,0.15241407,-165.53636,-0.42588317,1689.6089,0.16696337,1127.5189,0.2823046,-151.49493,-0.50607175,2703.2607,0.09349177,944.8168,0.36574417,-152.48587,-0.4914076,-12.918513,-0.4491597,22.695143,0.30328077,0.016766235,1.1067778,-0.003906958,-2.498398,0.070246905,1.09769,28.957642,0.22828819,-5.772164,-1.7470042,15.44172,0.6515725,-21.621092,-0.453825,-10.041617,17.679934,-0.0020317205,0.0029371672,0.026014803,0.64102566,2.1935484,0.115294114,0.11907079,0.3022222,0.33295906,-39.574604,o,Ses02F_impro02,Ses02F_impro02_F010
105,40.576447,0.06550496,37.84414,41.507004,42.738735,4.894596,24.036596,23.572718,20.613096,13.732455,0.10778893,0.38322172,0.07524418,0.09143686,0.13599332,0.060749136,0.461851,0.26269838,0.43897632,0.21954507,0.024064159,0.4816609,26.741783,0.18140198,-1.7598815,-4.2789936,14.750772,0.39613363,-9.242906,-0.60188466,0.022476068,0.6799476,1.2976905,0.46235853,8.875041,0.29291388,11.606307,0.6772638,21.632137,0.40562132,742.8992,0.30174518,1435.9232,0.22362532,-174.23283,-0.3557228,1748.2264,0.12547886,1148.3295,0.27297023,-169.29475,-0.3783735,2795.4524,0.09003486,1026.7292,0.49134353,-170.18622,-0.36555797,-16.513607,-0.3325656,26.388355,0.2889768,0.012187873,1.0908494,-0.0021926775,-3.437714,0.03523513,0.35457513,29.636267,0.15268882,-0.7251632,-16.51538,14.53912,0.62878484,-13.140691,-0.4073146,-12.587368,22.715826,-0.004891133,0.0046847034,0.021638822,2.0706456,1.4705882,0.11416667,0.094468534,0.5030769,0.7125942,-47.7684,o,Ses02F_impro02,Ses02F_impro02_F011
106,21.84995,0.08977754,19.97572,21.840015,23.40411,3.4283905,29.593306,24.346788,19.88666,24.99467,0.14690663,0.6067189,0.08267524,0.113599025,0.20242701,0.119751774,2.294255,2.2379608,1.508269,1.2773675,0.03593434,0.7679817,26.390556,0.3279837,1.747963,5.630596,18.057571,0.38470426,-6.1501284,-1.3926346,0.016326552,0.9464024,1.0550226,0.8009667,4.3782544,0.43563515,5.0100727,0.6823548,30.666298,0.24984363,559.55383,0.33130717,1358.9398,0.15488231,-149.94748,-0.5514902,1613.3599,0.15226045,1066.2091,0.23399888,-153.86382,-0.4954515,2679.9885,0.09285705,948.68976,0.30458522,-155.46219,-0.4736477,-18.317904,-0.3115679,27.011137,0.2319595,0.005522642,3.265275,-0.014068284,-1.1183447,0.060948595,0.48886582,35.406006,0.17475237,10.2733,1.0881217,20.191483,0.5345673,-3.0510547,-4.4222264,-11.1006775,21.190296,-0.0095276935,0.008216079,0.027281094,2.3054755,1.3513514,0.18571427,0.15017676,0.5328571,0.550382,-40.657234,o,Ses02F_impro02,Ses02F_impro02_M009
107,22.472332,0.15083714,18.382797,22.717674,26.107418,7.724621,97.759735,86.5201,31.62516,22.288645,0.16363944,0.5434222,0.0828419,0.1364259,0.24520211,0.1623602,2.292605,1.6579314,1.8249077,1.3302695,0.046575397,0.6613572,25.385483,0.4433834,2.943465,3.4073846,21.375393,0.4760976,-2.0252664,-4.1969986,0.02782116,0.83905417,1.4876785,0.6151947,3.6361833,0.533331,5.9644494,0.6622468,27.824808,0.26230487,581.1558,0.42832446,1348.4274,0.18056887,-147.55435,-0.5413699,1614.2837,0.15393235,992.3825,0.29253072,-149.91159,-0.50045973,2631.0737,0.104459,952.95374,0.33433646,-150.73601,-0.48923907,-15.69569,-0.4059258,23.719826,0.3210561,0.006588358,2.3366067,-0.001482011,-6.3420215,0.06695746,0.42271203,30.231743,0.31241965,7.3933554,1.1342177,26.459064,0.47392562,3.1986973,3.1601665,-11.178398,20.20517,-0.0051122424,0.006056021,0.038870517,4.0951123,3.1914895,0.07958333,0.060997207,0.2048,0.19630833,-40.711094,o,Ses02F_impro02,Ses02F_impro02_M010
108,33.992462,0.10400576,31.936733,34.17276,36.726376,4.7896423,92.647095,59.728596,-1.3133559,11.050374,0.14070633,0.9684288,0.074215226,0.09132495,0.11938481,0.045169584,3.8599856,3.8308682,2.4213567,2.5380216,0.040023297,1.6819639,28.458618,0.20359403,-0.6973572,-12.214666,15.278111,0.47873423,-9.338852,-0.7607284,0.03165321,1.2247549,0.933803,0.5714757,7.806906,0.41998768,11.784141,0.7135468,29.358158,0.21496868,597.3336,0.32299298,1462.0338,0.14029446,-166.09148,-0.43075693,1643.3069,0.1515784,1118.9713,0.33160874,-163.56006,-0.42435458,2735.056,0.11800464,997.8167,0.27219504,-164.76105,-0.40726444,-17.518805,-0.34017664,28.30213,0.2617989,0.030238053,0.772408,-0.006277351,-1.8636191,0.09681121,1.162373,32.76787,0.20811114,7.521831,1.5773134,17.260538,0.6572141,-9.996979,-1.0816966,-11.503629,21.833675,0.0029253324,0.006570419,0.02192604,1.1164274,1.1272142,0.18142857,0.23691037,0.68571424,0.6642688,-36.6506,o,Ses02F_impro02,Ses02F_impro02_F012
109,32.826077,0.10659537,29.336285,33.691093,35.885117,6.548832,44.122417,28.689064,18.539501,11.067634,0.37698704,0.5093915,0.21953574,0.32902038,0.5394665,0.31993076,5.1424303,2.7992272,3.8723164,2.0531132,0.12542348,0.84576523,31.239727,0.42460653,6.407225,1.9953191,13.727476,1.1128238,-8.972982,-1.8287182,0.02313921,1.5650296,0.94054693,0.8666186,9.008553,0.37202156,12.115605,0.59588844,34.125687,0.26959097,639.7373,0.33216146,1403.6394,0.14252624,-59.026264,-1.347273,1740.4601,0.14604592,1100.7144,0.28132084,-65.66392,-1.0613582,2814.7595,0.10563954,1052.1506,0.34129217,-69.88752,-0.9636114,-19.576982,-0.39137733,29.89566,0.30360162,0.045528978,0.6018543,-0.011891066,-1.2351817,0.14811215,0.72868973,36.255047,0.23216178,10.231733,1.059745,13.405449,1.2745663,-9.788124,-1.8575087,-3.6257918,13.287738,0.010200139,0.017691819,0.052056175,3.196347,1.3856813,0.5533333,0.3646307,0.174,0.22195493,-28.879715,s,Ses02F_impro02,Ses02F_impro02_M011
110,37.166866,0.31640297,20.752756,45.26488,46.044285,25.291529,199.60542,170.39877,131.83955,98.57575,0.110334724,0.6538667,0.072963595,0.080470264,0.124229014,0.05126542,1.1753272,1.4683889,0.67867434,0.61248195,0.022224871,0.97209907,24.741749,0.25366354,-4.8025746,-1.5225823,13.980257,0.471281,-10.481882,-0.5704631,0.027333528,1.4513062,1.1374534,0.5411673,6.090739,0.4212817,4.607413,2.0063832,21.779745,0.37447247,766.5716,0.2667489,1298.0226,0.13716902,-187.12415,-0.25917166,1739.4432,0.107941106,1215.104,0.36854038,-186.02194,-0.26131546,2739.4814,0.08765197,853.31726,0.41677323,-186.4426,-0.2533567,-9.14741,-0.8720911,22.459497,0.2315447,0.026645746,1.1204449,0.0070507135,1.966662,0.06661854,0.6244966,27.944971,0.2402898,-14.139232,-1.0525254,6.341392,2.7118893,-12.815143,-0.92787474,-10.357976,20.062775,-0.0002551115,0.007894648,0.018337945,0.76335883,0.5363985,0.14285713,0.1382249,1.4875,2.7905185,-47.584118,o,Ses02F_impro02,Ses02F_impro02_F013
111,22.181717,0.018678384,21.789248,22.396126,22.510534,0.7212868,7.2636604,0.0,-23.274118,0.0,0.08533309,0.33593437,0.07020885,0.07375596,0.09127844,0.021069594,0.06949731,0.04511318,0.2585598,0.0,0.0195028,0.73632324,28.456837,0.14010252,-2.5776942,-1.1776124,14.021503,0.3047924,-7.457332,-0.86598694,0.027212624,0.83105856,0.9541938,0.09107915,4.279889,0.23204967,4.374181,0.23303206,27.462023,0.037531547,483.38348,0.48866805,1268.9287,0.14848365,-192.85431,-0.1883886,1496.4279,0.16294539,909.40344,0.10670998,-193.1876,-0.17998165,2639.962,0.09245033,871.5021,0.0708862,-193.57535,-0.17021948,-14.008574,-0.04793051,26.420456,0.030436618,0.0005281131,21.687868,0.0076095415,1.0991306,0.0371648,0.2714234,37.391197,0.024803964,-2.1960702,-0.40879503,22.955202,0.1340275,8.644143,0.3880344,-11.87506,22.773712,-0.0013595605,0.0070730867,0.018902997,0.5235602,0.53763443,0.07,0.0,0.88,0.03,-50.07919,ag,Ses02F_impro02,Ses02F_impro02_M012
112,41.694836,0.060677335,40.202858,42.32005,43.495865,3.293007,82.49024,131.18298,53.835846,88.83373,0.21071297,0.65411204,0.08115485,0.16639195,0.3399845,0.25882965,2.0977476,1.2026237,1.6205747,0.9144228,0.03953182,0.75339764,25.808523,0.35019907,-6.793841,-1.6554886,9.68068,1.3276672,-14.979762,-0.66953385,0.020068157,1.6124169,0.7450658,0.8023003,11.570697,0.2809126,10.55338,0.7704804,21.707054,0.34643674,774.1043,0.30201846,1391.7714,0.18652435,-117.80599,-0.76298136,1779.5593,0.13763098,1161.1083,0.3879402,-108.13275,-0.8027063,2833.4446,0.0969347,988.55383,0.34844044,-111.42636,-0.750102,-13.448288,-0.49434614,25.041533,0.33037984,0.04442227,0.4395892,-0.0057372223,-1.8477272,0.05928108,0.45500168,31.009237,0.22970024,-10.783303,-1.1950588,6.3854294,2.5519376,-19.43375,-0.56798863,-8.660576,17.795559,0.006475266,0.006083538,0.018368386,2.6957638,1.4211887,0.3581818,0.2503386,0.29749998,0.4592589,-37.240364,o,Ses02M_impro02,Ses02M_impro02_F001
113,40.803303,0.0869198,40.27445,41.13671,43.175323,2.900875,70.252655,39.081627,19.630869,0.0,0.16606657,0.6317911,0.059043296,0.15249062,0.26265222,0.20360893,2.3766274,1.3698336,1.3327727,0.7779313,0.036070533,0.76494277,29.918106,0.2512568,-1.7688768,-4.0400314,5.498951,2.2167692,-17.490376,-0.5985135,0.019247396,1.0382226,0.8241652,0.7116551,11.488967,0.3167417,7.9455876,0.96695966,25.693827,0.2812269,818.0276,0.22333576,1373.2008,0.19915299,-118.74509,-0.7548347,1850.8604,0.14773646,1171.1132,0.36258483,-114.06853,-0.7477559,2949.8184,0.08245113,926.4515,0.3284193,-117.90227,-0.69039696,-15.543599,-0.47067335,30.387552,0.21795733,0.036373947,0.49767032,-0.007463652,-1.7716802,0.055553634,0.44307306,34.755108,0.15367796,-3.7239451,-2.2694492,1.0499395,13.77864,-22.788748,-0.45738348,-11.799148,22.730375,0.0029748844,0.0024642125,0.017852908,3.1914895,1.4440433,0.33499998,0.2768122,0.33249998,0.27725214,-38.359875,o,Ses02M_impro02,Ses02M_impro02_F002
114,25.229132,0.060564324,23.687954,25.508097,26.003128,2.315174,28.522894,37.013554,54.351288,36.167404,0.078297116,0.2438639,0.061096072,0.07424282,0.090340436,0.029244363,0.4611192,0.41147968,0.28603268,0.20704606,0.013976284,0.35094625,29.920647,0.15847239,1.1971765,4.4894238,16.1429,0.3388066,-5.611569,-1.1751742,0.01941039,0.7070048,1.2866637,0.58849293,4.2141786,0.45485753,3.65592,2.5192454,26.22977,0.25283056,656.2331,0.36798537,1451.2781,0.14403833,-145.1264,-0.55251086,1672.2349,0.1533005,1239.4656,0.27643052,-148.05966,-0.50897455,2740.3647,0.091274366,1050.1675,0.28828728,-150.03653,-0.4834992,-16.974834,-0.23886307,28.604534,0.16175506,0.0058075693,2.7350702,0.0013090791,6.282,0.015823683,0.22336917,34.04084,0.082744874,4.426127,1.4627868,18.147383,0.31919864,-3.8073487,-1.8291779,-12.988503,22.903452,0.0028720628,0.0038302485,0.013292608,3.2258065,3.0434783,0.08857142,0.065667674,0.20466667,0.19818735,-52.542934,dag,Ses02M_impro02,Ses02M_impro02_M001
115,42.927795,0.0060650683,42.70018,42.94276,43.1614,0.4612198,0.0,0.0,-0.16410542,0.0,0.0674278,0.20672645,0.058397524,0.06324642,0.07635071,0.017953187,0.2932984,0.30216336,0.25153407,0.12060626,0.011725112,1.1762713,23.407946,0.1123226,-5.6128316,-0.7718072,14.543409,0.17306075,-9.699937,-0.4072074,0.0,0.0,6.0206,0.0,9.284936,0.03643326,14.641347,0.015149556,22.161913,0.013996008,860.0816,0.1959646,1979.8093,0.17623977,-197.2249,-0.101517275,1621.228,0.023804177,981.16724,0.05192926,-195.7876,-0.12979926,2814.3691,0.031266436,716.374,0.096920826,-195.91437,-0.12632087,-15.185235,-0.4562997,22.182379,0.4322737,0.049561266,0.41280705,-0.011013988,-0.5971241,0.053657647,0.6552132,26.396732,0.21361591,-0.745904,-5.4009433,15.078454,0.058320336,-18.617613,-0.22424647,-9.369319,18.30824,0.0033680103,0.008602248,0.010524528,2.2727275,0.78740156,0.03,0.0,0.60499996,0.155,-54.50554,b,Ses02M_impro02,Ses02M_impro02_F003
116,22.172173,0.008998595,21.951405,22.175547,22.384632,0.43322754,0.0,0.0,-0.071594514,0.0,0.0680684,0.21700338,0.056146313,0.059765086,0.08467124,0.028524924,0.42548165,0.33485723,0.26841962,0.08870088,0.010904366,0.33080566,24.851526,0.13960886,-0.9689615,-3.3859353,16.504581,0.3050817,-7.582844,-0.520525,0.006863442,0.26999158,1.2179828,0.36298478,3.2022076,0.05194182,15.462576,0.11593355,27.796072,0.09678291,426.81552,0.040220108,1308.1621,0.062249325,-185.68103,-0.26575503,1525.2838,0.017757816,937.9282,0.056940738,-186.6829,-0.2469602,2666.0835,0.016768152,1072.75,0.119833566,-187.13547,-0.2382534,-13.085656,-0.087351575,22.742847,0.13596864,0.016686892,0.33598945,-0.009173891,-0.2894942,0.011651386,0.12008774,29.743858,0.035294797,-1.9397076,-1.1067973,19.856735,0.19463041,-6.9894004,-0.5087663,-11.626723,21.181105,-0.0028773195,0.0056152535,0.011063536,4.166667,1.0989012,0.06,0.0,0.41,0.08,-56.88109,b,Ses02M_impro02,Ses02M_impro02_M002
117,40.994686,0.055964917,39.269897,40.98836,42.85344,3.5835419,97.561584,144.987,61.0884,87.02006,0.24403863,0.6879817,0.07418905,0.20373006,0.392559,0.31836993,3.106186,1.6483728,2.4376411,1.5459207,0.061680473,0.96539855,22.13972,0.42805052,-5.1220455,-2.271865,17.017298,0.5686774,-18.840591,-0.73492783,0.02160329,2.154172,0.87723416,0.8195003,10.342941,0.3350942,14.269286,0.58399457,17.155092,0.39628422,673.6703,0.35347277,1338.5496,0.13937126,-136.38933,-0.6172367,1776.807,0.14830336,940.0238,0.34652963,-117.42627,-0.7278998,2742.2808,0.1072439,1066.3226,0.40477976,-117.54713,-0.7268105,-12.667359,-0.54404646,20.09375,0.42026228,0.0417931,0.5008531,-0.012841083,-1.0462142,0.09796577,0.62386316,25.908417,0.3278585,-8.640767,-1.4420795,18.706863,0.59998655,-27.600092,-0.53582776,-8.371825,15.815418,0.015013112,0.003230321,0.030896205,3.1168833,1.8421053,0.24714284,0.146064,0.24,0.28548205,-35.36598,o,Ses02M_impro02,Ses02M_impro02_F004
118,26.330502,0.09486213,25.416874,26.168665,27.003857,1.5869827,74.67652,85.37939,23.873941,15.479974,0.078137234,0.2499971,0.061280943,0.072107986,0.091638304,0.03035736,0.41286469,0.3113909,0.17668705,0.15403685,0.014505891,0.4125927,27.211838,0.21065713,1.5011094,3.9234025,16.780912,0.4123326,-2.6044264,-2.2428877,0.01866944,0.79760647,1.2910389,0.5050444,4.288886,0.44610643,-1.427559,-4.6060157,24.077536,0.23456357,554.0087,0.32853764,1438.3169,0.1350024,-159.6611,-0.47400662,1599.2819,0.11374447,1157.2714,0.28259048,-162.59514,-0.4279295,2644.0518,0.08188297,1121.1608,0.32430103,-163.77155,-0.41164565,-17.554398,-0.1328601,27.406088,0.1512561,0.015171109,1.1311758,-0.0004637823,-16.31923,0.017222982,0.29042864,33.837967,0.11970666,5.6428843,0.56079876,21.202524,0.3458469,-2.2435896,-2.534944,-12.730097,22.308247,-0.001132845,0.0064546405,0.013798113,2.906977,1.6105417,0.12545455,0.118732974,0.435,0.57347625,-52.7398,s,Ses02M_impro02,Ses02M_impro02_M003
119,26.334871,0.19408157,23.929668,25.054235,27.51379,3.5841217,58.822365,21.911932,33.58714,56.861656,0.08559471,0.3956495,0.063511804,0.07627505,0.10129725,0.037785448,0.51845795,0.39915144,0.43248135,0.40782958,0.014977604,0.5395538,26.316412,0.2968325,2.2635996,2.927175,13.879615,0.45273957,-7.7189374,-0.95227545,0.015151639,1.2061722,1.2345458,0.44882366,3.8939455,0.4913409,0.6823032,9.619509,23.81525,0.27138594,610.93256,0.35677326,1383.4786,0.13413078,-161.46384,-0.45795843,1640.8944,0.16347086,1102.1686,0.18150128,-163.70079,-0.42086253,2726.3347,0.086794674,988.7055,0.38149238,-164.96745,-0.40287566,-15.504393,-0.21061717,26.744066,0.13003871,0.013651251,1.1798234,-0.0004646078,-23.42474,0.02066254,0.61258197,33.119183,0.1162341,3.957107,1.4903679,15.146046,0.53813595,-9.220215,-1.2004116,-11.9319,21.473175,-0.0011969082,0.0065208348,0.013533137,2.0231214,1.839303,0.10210526,0.11887981,0.41842106,0.4715067,-51.155464,s,Ses02M_impro02,Ses02M_impro02_M004
120,37.832947,0.16783126,31.464495,41.36955,43.513557,12.049063,92.93097,54.951984,-7.9746094,100.02662,0.15174119,0.6237792,0.06598143,0.106623374,0.25640726,0.19042583,0.912873,0.7320744,1.2123455,0.60600924,0.034168415,0.86300915,28.63266,0.37420318,1.3540744,6.5165386,9.512465,1.1425194,-13.011684,-1.0059543,0.046878275,1.0786276,1.5220194,0.7337747,6.629701,0.47963217,3.3369257,1.9886738,26.473856,0.24687082,704.9583,0.2972104,1363.56,0.17248824,-124.458336,-0.7361977,1692.5986,0.14319733,1153.0801,0.2233794,-126.5468,-0.65900016,2801.5261,0.06586931,884.03766,0.3718601,-128.9991,-0.6238463,-12.256196,-0.3459128,29.002777,0.22204086,0.02847938,0.62557715,-0.00773099,-1.4339228,0.057677817,0.5470945,36.68959,0.20253427,-3.9584582,-2.050292,5.841967,2.322308,-22.818142,-0.6560322,-11.979146,22.41521,-0.0013035431,0.008371856,0.01864952,3.2258065,2.6666667,0.1475,0.08135569,0.16399999,0.12986146,-41.48605,o,Ses02M_impro02,Ses02M_impro02_F005
121,24.78602,0.053763036,22.779865,25.444414,25.746243,2.9663773,13.327891,0.0,-3.7102222,0.0,0.09633295,0.3269651,0.07134187,0.08661412,0.11882254,0.047480665,0.4408152,0.43736783,0.16656862,0.27719778,0.013550004,0.19811213,21.311596,0.5113061,-1.231033,-3.261575,16.387896,0.28231826,-7.142147,-0.8824335,0.022515373,0.6246134,1.2198918,0.42105362,3.475602,0.31567195,3.2104666,2.6278603,23.119112,0.24500982,576.3594,0.28959614,1499.6029,0.06716937,-157.2579,-0.49269983,1627.8624,0.11047159,1199.4102,0.10564772,-159.17758,-0.45795074,2671.374,0.05792754,1164.9553,0.28316697,-160.34245,-0.4421881,-15.085882,-0.09124206,25.839264,0.076147914,0.014581851,0.98376906,0.00016459219,42.553825,0.012667579,0.12829927,30.983297,0.109604046,2.9492047,0.9661518,18.142626,0.24114437,-8.232366,-1.0246544,-7.6706715,15.7059765,0.002282447,0.0070548365,0.014119834,2.0547945,1.4184397,0.155,0.085,0.35,0.12027746,-54.485374,s,Ses02M_impro02,Ses02M_impro02_M005
122,41.632412,0.017933846,40.90782,41.603283,42.454838,1.5470161,33.3992,4.00696,14.706384,13.067272,0.112580165,0.46161678,0.071009696,0.10106826,0.13741669,0.066406995,1.1289741,1.1560528,1.119488,0.8383897,0.020999458,0.91131157,23.506636,0.488987,-4.339307,-1.8079925,10.368688,0.86647666,-11.920333,-0.7631886,0.02454028,0.48683888,1.2246106,0.59801185,9.463416,0.26679352,8.862502,0.7594722,22.692572,0.39116755,733.9183,0.40318313,1731.4725,0.27801257,-175.5103,-0.3560524,1541.011,0.12575567,1118.5773,0.13608116,-160.90825,-0.4570736,2745.1462,0.09535799,1002.5572,0.13548926,-163.36299,-0.4227699,-14.817119,-0.19220936,26.992691,0.18209364,0.02063867,0.77783674,-0.0055888286,-1.2800375,0.04361798,0.65105236,35.48858,0.12840034,-11.80004,-0.5706884,7.380686,1.5321045,-13.082109,-1.1531036,-8.171747,16.590435,0.009440424,0.0026393868,0.015262562,2.777778,0.7194245,0.29999998,0.0,0.53,0.19999999,-46.84935,o,Ses02M_impro02,Ses02M_impro02_F006
123,26.864063,0.27210316,22.21693,22.507944,38.388462,16.171532,79.85565,0.0,-14.101683,0.0,0.0734811,0.39600638,0.055104032,0.05882863,0.08957717,0.034473136,0.7512335,0.8411591,0.6080671,0.33171767,0.013376303,0.8216624,26.427778,0.24946758,0.1683381,27.607576,15.876596,0.3214441,-7.6497974,-0.6474507,0.015455252,0.4464371,1.0553972,0.448552,4.626032,0.8355506,16.440256,0.2635102,26.61497,0.09714695,447.915,0.26709643,1406.9067,0.14005926,-161.56372,-0.47350863,1474.9601,0.09922708,1075.7997,0.14395393,-160.26402,-0.45488435,2524.192,0.061473574,910.1623,0.11085866,-160.96063,-0.4446823,-17.85263,-0.14893611,26.701101,0.07952203,0.03378509,0.36166587,-0.002624389,-2.69151,0.024335222,0.7686798,33.576412,0.06624169,2.237615,1.4699409,21.954195,0.22936733,-9.032476,-0.40564254,-12.396355,21.15998,-0.0025306935,0.0077294973,0.010331097,2.238806,1.5503876,0.13499999,0.065,0.32333332,0.21669228,-50.479866,c,Ses02M_impro02,Ses02M_impro02_M006
124,39.16089,0.04784019,37.48437,38.383884,40.876915,3.3925438,107.58807,188.65259,17.624655,4.737683,0.14879587,0.52634764,0.06306299,0.13800068,0.20374946,0.14068648,1.4465008,1.003467,1.3526955,0.7315984,0.030299468,0.830156,26.531301,0.45822087,-1.8668125,-3.9616117,13.644962,0.6045625,-9.021696,-0.6590008,0.015014782,0.7731359,0.87211174,0.77062666,11.585543,0.20657928,16.153568,0.51089394,28.669905,0.2056391,678.9282,0.2898069,1420.6655,0.12813199,-124.818825,-0.7037072,1772.4376,0.12153761,1083.1011,0.21013856,-120.57469,-0.6874521,2824.184,0.07416794,1007.38446,0.230098,-123.790565,-0.6429242,-19.228266,-0.29284272,29.2057,0.2474817,0.047240663,0.29529965,-0.012501614,-0.7105363,0.048174918,0.54164827,35.841858,0.15835448,-2.1180742,-4.1266394,11.231206,0.9006746,-12.648647,-0.3874268,-8.315346,16.86124,0.0054539195,0.0070837582,0.016075047,4.0816326,2.094241,0.21249999,0.13386093,0.19399999,0.18510535,-40.100945,o,Ses02M_impro02,Ses02M_impro02_F007
125,30.914268,0.21030238,22.557322,35.28119,35.82862,13.271299,0.40454865,0.0,40.50217,0.0,0.09502783,0.43690425,0.062325776,0.07482514,0.13185646,0.06953068,0.508404,0.18488148,0.3443007,0.20276158,0.018017193,0.52487606,30.008144,0.15284951,-0.2588332,-19.459307,18.368767,0.36988246,-7.518517,-0.9362742,0.038366366,1.3725492,1.5421507,0.73192185,5.955041,0.5290072,13.661984,0.3379568,28.114033,0.15788215,616.2513,0.31327415,1399.2164,0.092038915,-161.40913,-0.4493522,1690.4474,0.13412403,1123.039,0.34288436,-163.08238,-0.41533223,2648.1523,0.08241554,1069.6254,0.29875386,-163.61661,-0.40746742,-16.820211,-0.2555278,25.982843,0.13255884,0.037023526,0.43344286,-0.008202787,-1.333841,0.02740378,0.36381447,33.02286,0.11596059,2.4616823,3.31354,21.584696,0.3299084,-9.628404,-0.95801073,-12.951912,22.033176,0.009026122,0.0023795725,0.015832607,1.9417477,2.4875622,0.076,0.06916647,0.25333333,0.15380362,-47.833305,s,Ses02M_impro02,Ses02M_impro02_M007
126,38.865963,0.028596094,37.969303,38.552006,40.200356,2.2310524,87.36656,100.70084,11.820968,5.399789,0.12338798,0.59796053,0.059393,0.09623467,0.18930627,0.12991327,1.0175525,0.8482701,1.0369203,0.51600385,0.02186115,0.8312213,20.995993,0.5145561,1.0066414,6.4409943,13.329103,0.655477,-11.535417,-0.6273811,0.0109611675,1.2053635,0.66625047,0.9454615,12.016809,0.2467779,14.907853,0.47659108,29.28736,0.14760283,695.0973,0.24709783,1353.3278,0.12855284,-152.59329,-0.5162962,1785.9456,0.10869273,971.5131,0.24755016,-152.27585,-0.49032265,2869.1038,0.067868516,854.17316,0.37369156,-154.06523,-0.46525997,-18.463724,-0.4389384,28.906208,0.26212457,0.033212602,0.41020575,-0.016344026,-0.7994979,0.039912935,0.56713396,31.252392,0.26078495,3.4233158,2.5739965,11.386924,1.2364628,-18.657633,-0.3157043,-8.627667,17.502617,0.0002803914,0.009114343,0.015151823,2.3255813,1.6891892,0.15799999,0.14496897,0.3433333,0.37410635,-41.553486,s,Ses02M_impro02,Ses02M_impro02_F008
127,23.29814,0.052891962,22.539906,23.525951,24.475033,1.9351273,38.655697,39.16583,22.163616,31.66724,0.09427511,0.6720532,0.05815664,0.07200207,0.11668438,0.058527738,0.41617346,0.17942698,0.3095984,0.21853839,0.01751569,0.6683636,28.505396,0.25346994,-2.851243,-2.1151323,14.045907,0.47619697,-12.176636,-0.5835269,0.011406651,0.817038,1.1676884,0.45298043,2.9051542,0.5708831,4.186829,1.5152967,23.413818,0.28852502,508.18146,0.30527037,1411.3367,0.12661885,-173.64806,-0.37623423,1453.4956,0.14862008,1166.824,0.18295565,-174.25883,-0.36062577,2560.0327,0.055302057,913.6419,0.2864791,-175.66109,-0.3386582,-12.786604,-0.35664997,23.24271,0.19095148,0.01222346,1.0529362,-0.00823149,-1.7656223,0.025009906,0.30120072,36.420185,0.12485119,-2.7919068,-2.3546548,14.603983,0.7073609,-19.32595,-0.59905565,-11.887052,21.637762,0.0009139389,0.00454893,0.016340964,0.96308184,1.1326861,0.11571428,0.15060423,0.6525,0.7684359,-50.563957,o,Ses02M_impro02,Ses02M_impro02_M008
128,26.684656,0.2138721,22.828367,24.81741,31.733517,8.905149,82.2532,87.093895,72.74631,32.009773,0.07974477,0.3917506,0.058373243,0.070614286,0.092550844,0.0341776,0.64999264,0.70887214,0.35169804,0.3572882,0.016033435,0.53537846,27.188662,0.22515209,-0.7162392,-7.4105854,16.023623,0.34100053,-7.199058,-0.8577692,0.01887423,0.688826,1.4817519,0.6504072,3.6301951,0.49931604,0.9634523,8.130955,21.33538,0.3413665,591.7238,0.28001496,1426.6643,0.15566838,-186.0814,-0.25417554,1635.0773,0.09226879,1055.5374,0.19379427,-187.14445,-0.23431006,2656.708,0.08592906,1140.4562,0.47255456,-187.4335,-0.22943786,-16.680979,-0.27114412,24.79395,0.24409682,0.007956656,2.6977105,-0.003964825,-2.2595787,0.026746238,0.5139004,32.953693,0.14572722,0.9142935,7.601713,23.111954,0.30075446,-5.399208,-1.6762203,-12.910659,21.998877,-0.0024922164,0.0052650054,0.015165774,1.6393443,1.2087913,0.054545455,0.029345475,0.6891666,0.68717366,-52.417927,s,Ses02M_impro02,Ses02M_impro02_M009
129,38.263092,0.04529601,36.551888,38.423084,39.90982,3.357933,36.245422,47.034203,22.40582,7.0759034,0.14370891,0.6378256,0.060289115,0.1098642,0.225575,0.16528589,1.7428334,1.1182246,1.2533835,0.7304959,0.02880402,0.8213804,24.298267,0.4400703,-2.1882238,-5.0271997,14.643625,0.74566334,-10.457824,-0.953055,0.017664444,1.2370607,0.8289961,0.7645259,10.841551,0.25900632,15.988077,0.37847152,25.635952,0.3467896,656.38214,0.2878278,1434.6218,0.12975174,-141.43686,-0.60522985,1757.6793,0.10515526,1029.0651,0.34208733,-140.16841,-0.57529867,2788.9626,0.0780914,1020.479,0.3003093,-141.15157,-0.5626829,-17.450436,-0.34046423,25.795593,0.34491467,0.042122487,0.5022537,-0.013463273,-0.9340113,0.049246036,0.44984704,31.882717,0.30282453,2.2088938,4.334905,17.940987,0.84544855,-14.970584,-0.7962456,-8.114908,17.956282,0.002573099,0.0079134675,0.018129002,2.7083335,1.2631578,0.26833335,0.23975101,0.42999998,0.5441901,-41.089603,s,Ses02M_impro02,Ses02M_impro02_F009
130,40.238464,0.058849875,38.619015,40.06582,42.4383,3.8192863,56.323925,54.700123,40.54556,46.19075,0.24192294,0.80051756,0.06263836,0.18690446,0.40071884,0.33808047,2.914418,1.6325504,2.3408382,1.6304728,0.062974826,1.1668326,25.294485,0.426388,-6.7361946,-1.6538982,16.663942,0.57520884,-19.318241,-0.645318,0.015229961,1.1781937,0.7662786,0.9154165,11.022449,0.32919312,13.7879095,0.5739593,19.954922,0.39269814,721.48157,0.30968037,1395.8134,0.16311969,-138.31827,-0.61642087,1799.1703,0.12989566,1047.0054,0.40476924,-126.0882,-0.6774478,2787.7185,0.08752916,1104.7643,0.4716894,-126.99477,-0.6649871,-13.267058,-0.5887237,20.633278,0.4860607,0.045454267,0.40887135,-0.016366927,-0.5965314,0.09711652,0.85955375,29.292818,0.3340848,-10.747733,-1.2213545,18.208508,0.7228935,-27.637804,-0.41731644,-9.960536,17.411968,0.015863577,-0.0012367766,0.039045937,2.5373135,1.8045114,0.2225,0.21564342,0.37,0.33683822,-35.233166,q,Ses02M_impro02,Ses02M_impro02_F010
131,0.0,0.0,0.0,0.0,0.0,0.0,0.0,0.0,0.0,0.0,0.06570642,0.17138846,0.056926765,0.061523713,0.07340843,0.016481668,0.22939827,0.116106704,0.15983889,0.11087093,0.014691062,0.53473276,27.992672,0.1394826,-0.9555253,-4.7886057,13.692813,0.23412156,-8.618437,-0.49193177,0.0,0.0,0.0,0.0,0.0,0.0,0.0,0.0,0.0,0.0,0.0,0.0,0.0,0.0,-201.0,0.0,0.0,0.0,0.0,0.0,-201.0,0.0,0.0,0.0,0.0,0.0,-201.0,0.0,0.0,0.0,0.0,0.0,0.0,0.0,0.0,0.0,0.0,0.0,0.0,0.0,0.0,0.0,0.0,0.0,0.0,0.0,-13.58384,23.787884,-0.0061370116,0.0047118235,0.014807771,3.2051284,0.0,0.0,0.0,3.06,0.0,-54.932728,ans,Ses02M_impro02,Ses02M_impro02_M010
132,22.266844,0.066114895,20.478962,21.943909,23.913881,3.4349194,15.624238,9.825207,25.276682,0.0,0.069361545,0.21366557,0.058035567,0.06477199,0.07808855,0.020052984,0.25371975,0.17175308,0.23939995,0.22253634,0.012978685,0.37763393,27.496918,0.17235091,-1.4300158,-3.116125,14.968909,0.2997495,-6.798315,-0.6497972,0.013367155,0.7098759,0.98293424,0.4288969,1.6467121,0.31857985,4.4084044,1.6071277,21.487595,0.16569729,562.0443,0.2982414,1330.2115,0.08936008,-193.03934,-0.18308954,1516.0698,0.10275433,1090.2222,0.1994711,-193.34843,-0.17605172,2584.5442,0.07567119,908.8036,0.14965636,-193.69536,-0.16763523,-11.164383,-0.3194565,22.823467,0.22698441,0.010652342,1.2233973,0.0017741184,4.281152,0.018294118,0.23910706,34.16643,0.10787309,-5.375067,-1.6492506,12.604878,0.30838272,-6.8141665,-0.744773,-13.013989,23.016706,-0.004931899,0.0051679583,0.01272782,2.886003,0.72674423,0.045999996,0.016248075,1.09,1.0845121,-55.401054,o,Ses02M_impro02,Ses02M_impro02_M011
133,40.778175,0.097392924,39.810352,41.251705,42.91603,3.1056786,468.59805,799.8959,31.535145,17.26178,0.22892272,0.5264371,0.111170396,0.22135898,0.33461556,0.22344516,2.1552565,1.220364,1.9173284,0.80751836,0.05647658,0.6880418,27.807625,0.3455269,-4.2121263,-2.7450418,9.103431,1.3488126,-13.760339,-0.6755704,0.022019023,1.3759983,0.8668179,0.7402382,11.279768,0.29599312,15.845748,0.4586812,23.622953,0.304664,657.8705,0.32789227,1448.6655,0.16398005,-96.601036,-0.89412516,1691.7799,0.14565276,1039.4004,0.27037117,-81.08943,-0.9621082,2761.8855,0.10768604,938.01697,0.29236674,-85.15895,-0.8845104,-16.171484,-0.40954578,25.319427,0.33106557,0.041351896,0.42781004,-0.0121836765,-1.0581472,0.06973697,0.4717111,32.15638,0.20468104,-7.223217,-1.661323,7.3372602,1.8264506,-16.318163,-0.58647555,-10.065484,19.142899,0.015458271,0.005611963,0.031335466,4.1262136,2.9484031,0.22,0.17883883,0.10545455,0.096517876,-36.10577,o,Ses02M_impro02,Ses02M_impro02_F011
134,31.694859,0.3012722,21.953682,38.789566,41.806145,19.852463,5.2188296,3.8243306,86.740074,0.0,0.079434544,0.5632195,0.059927206,0.06518211,0.085042864,0.025115658,1.0630275,1.0433363,0.8569742,0.7617404,0.013783655,0.81744003,26.034779,0.21172094,-2.5015428,-2.26751,12.62522,0.50755817,-6.941852,-1.0270578,0.012868443,0.5244748,1.0710878,0.6082768,6.773271,0.7584729,13.408071,0.2774951,29.594206,0.17639378,641.1042,0.23120624,1514.0317,0.1429716,-186.37286,-0.25889114,1575.1458,0.11580072,1221.4751,0.33519745,-184.9712,-0.26618063,2706.5432,0.087152116,987.3949,0.34809062,-186.02016,-0.24674943,-14.91537,-0.21717776,28.87107,0.14378147,0.018896284,0.919724,-0.010267476,-1.1640928,0.03270623,0.6166692,34.98871,0.19027461,-2.6501794,-2.4622467,7.1170497,1.7111943,-16.60319,-0.62662107,-11.163141,21.352436,-0.0035511826,0.006405415,0.012063335,1.0016695,0.84175086,0.094,0.08867919,0.8933333,0.88699234,-48.474083,o,Ses02M_impro02,Ses02M_impro02_M012
135,23.73782,0.0786283,22.314392,23.205772,25.820694,3.5063019,35.27167,16.936148,16.89642,14.445127,0.0808131,0.33187878,0.060070418,0.07427183,0.09393609,0.033865675,0.34797105,0.25247163,0.21724984,0.14157213,0.014782121,0.35993564,27.501505,0.24066979,-0.8053798,-8.87225,16.147507,0.4005723,-5.395282,-1.1085693,0.011730568,0.7442571,1.2772338,0.49959192,2.8805056,0.5927888,5.4710026,1.2799358,26.925907,0.2387385,558.6414,0.31888846,1476.0358,0.13045906,-169.30893,-0.4014845,1549.9532,0.1299573,1272.9727,0.20061944,-170.57118,-0.37695807,2615.2397,0.08230405,1003.5728,0.20007738,-171.92912,-0.35700053,-16.08229,-0.19163862,27.215353,0.12336511,0.0094238855,1.7268463,-0.0038605456,-2.5326579,0.01747156,0.27765942,34.77468,0.086955905,2.5986085,1.7751663,16.840582,0.47385442,-8.952054,-0.81106764,-11.979768,21.238894,-0.0005031488,0.0058021755,0.014304888,1.8604653,1.6374269,0.09214286,0.090567924,0.46466666,0.5521457,-53.430405,s,Ses02M_impro02,Ses02M_impro02_M013
136,28.664663,0.2618647,22.509686,27.5289,40.130424,17.620739,1075.1486,757.2182,24.19187,9.797888,0.074047714,0.31667596,0.05832434,0.06535173,0.083830774,0.025506433,0.4247758,0.41450155,0.17421907,0.13061787,0.013106919,0.4731001,27.170841,0.19921929,-2.205892,-2.2013857,14.423852,0.29982555,-4.684558,-0.95938134,0.018607331,1.0946176,0.90590507,0.5351643,5.1312733,1.0113537,9.674136,0.892414,23.812635,0.3193982,650.54407,0.37741223,1386.1399,0.14654668,-185.73422,-0.26620033,1659.809,0.16267474,1144.5132,0.26549116,-185.55962,-0.261344,2751.5945,0.12297751,1008.6503,0.27329975,-186.26186,-0.24820478,-16.483587,-0.45411742,28.234053,0.28153488,0.018718721,0.71455836,-0.007086172,-0.73628885,0.021018676,0.394685,34.881294,0.07686939,-0.5047605,-19.336643,12.106769,0.57857215,-4.431139,-1.0777484,-11.88975,22.154821,-0.00324346,0.0054714005,0.012432294,1.3530135,0.7425743,0.105,0.07135592,1.0457143,0.92608017,-51.338448,s,Ses02M_impro02,Ses02M_impro02_M014
137,38.220936,0.051255766,37.63946,38.59249,39.321358,1.6818962,136.45802,176.45099,12.112814,12.714603,0.12579703,0.5573234,0.060068194,0.10712847,0.18265171,0.12258352,1.2375424,1.019186,0.94864386,1.2413629,0.022050044,0.6917245,23.842712,0.44084707,-3.7435992,-2.319023,13.599625,0.63170695,-10.534413,-1.092153,0.01828061,1.8355085,0.7815333,0.7260346,10.613103,0.25218222,11.843407,0.706756,27.06568,0.22942612,617.5621,0.2632107,1407.2587,0.17235772,-157.55942,-0.49908438,1690.8672,0.10837195,992.1179,0.24868144,-149.47086,-0.53626966,2759.029,0.077149756,817.33276,0.3005385,-151.2152,-0.5113513,-15.446149,-0.26025766,25.516197,0.2567253,0.042652275,0.39080447,-0.017343987,-0.6851957,0.03626617,0.44756666,34.99041,0.16895008,-6.374126,-1.4082929,12.52584,1.1139971,-22.060703,-0.5686768,-8.441755,17.920443,0.0005818657,0.006981262,0.016099691,2.4038463,0.97323596,0.2825,0.10401322,0.578,0.6856063,-45.045815,q,Ses02M_impro02,Ses02M_impro02_F012
138,0.0,0.0,0.0,0.0,0.0,0.0,0.0,0.0,0.0,0.0,0.07192293,0.2254807,0.060891587,0.06683163,0.07986804,0.018976454,0.45464647,0.58369696,0.48016426,0.687692,0.013014875,0.42095962,27.848164,0.13091409,-3.674852,-1.2284749,14.152328,0.3583038,-5.6257095,-0.9554215,0.0,0.0,0.0,0.0,0.0,0.0,0.0,0.0,0.0,0.0,0.0,0.0,0.0,0.0,-201.0,0.0,0.0,0.0,0.0,0.0,-201.0,0.0,0.0,0.0,0.0,0.0,-201.0,0.0,0.0,0.0,0.0,0.0,0.0,0.0,0.0,0.0,0.0,0.0,0.0,0.0,0.0,0.0,0.0,0.0,0.0,0.0,-11.566252,22.144503,-0.002070383,0.0046906644,0.013071213,2.4615386,0.0,0.0,0.0,6.44,0.0,-55.845226,ans,Ses02M_impro02,Ses02M_impro02_M015
139,19.063622,0.046639636,18.260029,19.010174,19.951801,1.6917725,1.6243219,7.518947,188.57384,0.0,0.07944328,0.45225856,0.05756539,0.06653864,0.095467046,0.037901655,0.5452284,0.3078006,0.27897948,0.20221509,0.014525023,0.5851105,25.624342,0.21007751,-2.5688252,-2.6894312,13.59873,0.4256914,-4.077789,-1.3006374,0.020862138,0.5239222,1.4055575,0.28349885,1.644058,0.3102786,11.984138,0.47715428,31.240616,0.11183805,861.2232,0.22652529,1390.322,0.11118959,-198.08965,-0.10582732,1823.5645,0.1221657,1161.5068,0.10096206,-198.17523,-0.10270463,2790.3672,0.054337736,1265.5298,0.47853845,-198.27773,-0.098863244,-13.980695,-0.10308678,25.629438,0.14073561,0.0022179554,10.780944,0.0029785382,2.3221276,0.011021316,0.19338293,27.648033,0.09943852,3.9117234,0.61783,15.700956,0.1894033,-4.165308,-1.5196046,-11.116381,21.850786,-0.0023659323,0.0056855897,0.014652577,0.7704161,0.310559,0.04,0.0,2.1033332,1.5772196,-53.8486,o,Ses02M_impro02,Ses02M_impro02_M016
140,38.416267,0.05454203,36.57385,37.924763,40.231564,3.6577148,58.778034,50.777145,19.950651,12.012357,0.21945639,0.7202706,0.08251225,0.16701414,0.3300732,0.24756095,1.9762071,0.9030678,2.0290022,1.0252525,0.045144424,0.878261,26.195387,0.33613026,-3.9488962,-2.6441052,20.278841,0.5358309,-17.769098,-0.73624706,0.013389475,1.0210106,0.8291274,0.9611737,10.382917,0.29752177,13.627818,0.59335065,21.388063,0.43684584,645.6735,0.26910895,1440.751,0.19878985,-109.31475,-0.8365642,1771.9756,0.120043434,935.57916,0.3575466,-105.48856,-0.8084736,2761.1633,0.07952683,960.71747,0.3637048,-105.728355,-0.8060607,-14.098123,-0.50300366,19.213076,0.48441386,0.051788624,0.38495192,-0.0173171,-0.51114935,0.064176254,0.6518088,28.69368,0.31236956,-4.9537473,-2.5712917,22.02083,0.57216966,-24.824162,-0.48207054,-10.344258,18.279434,0.0116058225,-0.00011427324,0.023728892,2.7600849,2.145923,0.241,0.13888484,0.203,0.16395426,-37.630272,o,Ses02M_impro02,Ses02M_impro02_F013
141,37.243225,0.17906758,35.846348,39.27687,41.843754,5.997406,21.769875,0.3250594,62.463425,0.0,0.103067584,1.0946076,0.057543498,0.061568547,0.08352469,0.025981192,1.7913923,0.48444346,1.8759725,1.4408357,0.020931596,1.4618428,26.339893,0.1597702,-4.081489,-1.5126634,16.113667,0.47043437,-7.5096307,-0.9230062,0.019870033,0.94012195,0.94996274,0.705494,7.9521465,0.407834,8.824918,0.72423947,12.967169,0.6113112,618.2125,0.38896078,1361.3228,0.15651917,-185.87921,-0.26366037,1720.9266,0.110341646,870.4916,0.23120856,-182.02794,-0.29154226,2697.941,0.08887485,1034.1349,0.27693433,-181.6045,-0.29993325,-10.1596,-0.493656,13.690918,0.5118675,0.042549442,0.46120468,-0.015651615,-0.7158195,0.089609295,0.5885642,26.869196,0.29392165,-12.196791,-1.11768,28.604067,0.32852307,-21.502272,-0.40905392,-11.861576,21.126284,-0.0031550094,0.003928321,0.012953339,0.83507305,0.8438819,0.114999995,0.14239031,0.838,1.0882536,-43.349586,ag,Ses02M_impro02,Ses02M_impro02_M017
142,31.776623,0.31342098,17.361368,37.47508,38.855984,21.494616,346.36652,67.84419,38.181416,31.847317,0.07129511,0.37191015,0.058185272,0.062271897,0.07839872,0.020213448,0.34493393,0.3180794,0.13953826,0.08861002,0.01273101,0.64970595,26.525082,0.14905317,-2.2529266,-2.126176,14.152007,0.35750076,-5.7749486,-0.9735589,0.02381022,0.6402078,1.3579195,1.0553335,6.3742914,0.6709918,16.442558,0.36398813,26.84712,0.25158665,708.7318,0.2408029,1583.0486,0.13669492,-196.32985,-0.13829587,1673.7532,0.05784361,1163.4849,0.23471732,-194.63152,-0.16254997,2708.8628,0.07865031,1186.0206,0.35026884,-194.94888,-0.15393844,-15.798334,-0.32492566,26.35532,0.21280593,0.019933647,1.6019446,-0.0026985025,-2.5166502,0.037047006,0.6854399,30.413872,0.13348952,0.43596855,16.479242,16.880508,0.26746538,3.0307453,1.870588,-12.0200205,21.314669,-0.0034282852,0.0035173937,0.011872919,0.7159905,0.31948882,0.1025,0.11986972,2.4039998,1.3053981,-52.767944,s,Ses02M_impro02,Ses02M_impro02_M018
143,38.009205,0.011604143,37.60484,38.01445,38.4018,0.7969589,101.13487,56.94008,3.4891224,11.464387,0.06512099,0.18966125,0.05711124,0.059642106,0.07392888,0.016817637,0.3628218,0.28777125,0.3423909,0.2502826,0.010311704,0.33837163,23.799646,0.22727108,-1.5663881,-3.1585205,13.60484,0.3527557,-5.2425847,-0.7384857,0.03257131,0.5984114,1.3966426,0.47587332,8.817194,0.08856458,18.022305,0.27437785,21.784513,0.245833,709.0009,0.26641592,1632.7826,0.14369862,-190.47525,-0.20631512,1723.7202,0.08883916,1301.7797,0.4575053,-189.15633,-0.20951621,2783.1497,0.06262285,974.37335,0.14724672,-189.24768,-0.20752814,-17.739796,-0.14809088,25.663454,0.1339203,0.016456885,0.6915317,-0.0013304598,-4.658065,0.015582013,0.3378008,29.166191,0.10006528,3.1996646,1.4538274,21.669329,0.2365202,-4.143176,-0.8212667,-11.328709,20.547209,-0.004871276,0.0062952023,0.010032507,3.0418253,1.1627908,0.049999997,0.008164966,0.59,0.4202975,-56.624523,o,Ses02M_impro02,Ses02M_impro02_F014
144,35.80324,0.035595965,34.632042,35.50808,37.28804,2.6559982,27.733751,15.432663,8.645646,2.7439582,0.0792581,0.5197118,0.049787644,0.06003149,0.1112864,0.061498757,0.44707695,0.2659254,0.43956947,0.37282616,0.010963547,0.54172707,24.751547,0.22017843,-8.47354,-1.1647005,10.953846,0.84982127,-8.496363,-0.9220695,0.008707272,1.076931,1.142443,0.4585842,5.962275,0.5015285,-5.276085,-1.6512641,8.708954,1.0832455,586.666,0.29945177,1351.7024,0.12724371,-174.3187,-0.3777755,1587.3737,0.112844065,1164.7422,0.24151431,-170.7969,-0.40321943,2546.8357,0.10850929,1171.7213,0.35619032,-172.03386,-0.38325995,-5.2739854,-0.6783068,17.594225,0.35688087,0.018098319,1.0719687,0.0051727016,1.7949203,0.019540463,0.36590773,27.271168,0.20967291,-20.075201,-0.54750663,5.9736085,2.971785,-18.467983,-0.47083133,-9.207055,19.258133,-0.00043414035,0.011887162,0.009418383,1.5450644,0.862069,0.16700001,0.09209234,0.88363636,0.7431416,-54.81142,s,Ses03F_impro02,Ses03F_impro02_F006
145,28.900606,0.06799441,26.93689,29.017712,30.80404,3.8671513,27.004898,3.8277636,9.240756,11.3507595,0.10976187,0.68768287,0.049483232,0.07238034,0.15570821,0.10622498,0.8610018,0.65189654,0.9516077,0.57059515,0.018792372,0.82102776,27.770384,0.36702672,-3.2498338,-3.0541441,14.269078,0.5170665,-4.724672,-1.1636815,0.024575138,0.76247394,1.2084781,0.586408,5.8479166,0.39185932,-2.1779695,-1.7731931,23.129456,0.34450713,447.27542,0.13838033,1223.1688,0.13763201,-134.68161,-0.67724174,1479.7377,0.062671125,882.6671,0.17363402,-138.49939,-0.6163881,2599.9478,0.068652526,901.4539,0.21329805,-142.56903,-0.5601274,-13.248648,-0.44926214,26.019243,0.26625097,0.031039005,0.34269744,-0.011957407,-0.7155298,0.035818826,0.40813237,37.050224,0.1478502,-3.0474715,-4.1590424,18.97832,0.5087164,-6.000807,-0.9713595,-9.30584,20.44464,0.00011985268,0.01211363,0.010451373,3.0150754,1.0309279,0.32,0.26,0.41666666,0.22095752,-46.653313,q,Ses03F_impro02,Ses03F_impro02_M002
146,35.510056,0.033887,34.311806,35.35503,36.604443,2.2926369,17.780098,3.8629217,14.312816,6.3039155,0.079202786,0.4726917,0.050025515,0.068491,0.1015188,0.051493287,0.4754042,0.593835,0.31221688,0.24931361,0.011730123,0.5657662,27.10943,0.24024247,-9.979231,-0.95364666,10.59965,0.9603988,-8.038053,-1.0705204,0.010300084,0.6791401,1.2072922,0.42084348,5.1853294,0.3537644,-2.6966305,-2.2832208,15.27431,0.7800183,631.1449,0.24319893,1413.9182,0.16782835,-160.4887,-0.47973058,1612.5587,0.102879226,1153.0842,0.16314776,-160.72684,-0.4707015,2640.7559,0.11646087,1124.5508,0.42079356,-163.08618,-0.43680412,-7.691342,-0.76531154,21.70408,0.24658124,0.015822394,1.0286406,0.004498199,2.8166206,0.018433204,0.45250368,33.987694,0.15733302,-18.774488,-0.6341149,1.667893,7.1053886,-8.973493,-1.0901403,-9.017756,19.528393,0.0028883747,0.011774179,0.010021133,1.4705882,1.1131725,0.175,0.17356554,0.5225,0.3831367,-54.778625,ans,Ses03F_impro02,Ses03F_impro02_F007
147,27.01488,0.11952398,24.372313,26.082336,28.369236,3.9969234,397.41504,488.20175,41.43134,41.546207,0.1137139,0.56895214,0.06427928,0.093931824,0.16345632,0.09917704,0.797587,0.71859735,0.5125988,0.5601256,0.018048478,0.69504106,27.01636,0.29747733,-7.0558515,-1.2384038,12.219299,0.7735046,-10.705411,-1.0472728,0.02852715,0.73060757,1.3729444,0.4605917,2.8593864,0.610071,1.5531199,3.5772374,16.715534,0.39121377,521.2347,0.2770879,1328.1562,0.12740807,-137.15677,-0.64456695,1442.6869,0.118206225,1119.247,0.21406597,-139.0046,-0.6177485,2521.104,0.080566816,951.74915,0.34083745,-141.96083,-0.57626486,-8.133894,-0.41102678,18.481441,0.2418225,0.013563371,1.2451764,-0.00010794608,-88.33381,0.029842239,0.5014616,31.54066,0.16059667,-7.8998246,-1.1927476,10.323322,1.0885776,-16.619785,-0.72139716,-8.636474,18.364735,0.0011403642,0.009931008,0.0126469005,2.5454545,1.4814814,0.21249999,0.11945187,0.352,0.21367264,-48.647747,o,Ses03F_impro02,Ses03F_impro02_M003
148,33.767307,0.1294579,26.590313,35.201054,36.542374,9.952061,593.44995,562.97144,17.416769,15.600719,0.07243704,0.49189013,0.048819527,0.060340878,0.09332704,0.04450751,0.6132151,0.8561561,0.39609748,0.44673622,0.010515796,0.62111974,26.628548,0.21336848,-6.961725,-0.9755447,9.711651,0.8512822,-7.9839396,-1.0370734,0.014859092,0.8421084,1.2632614,0.370023,4.870676,0.45538244,-2.9827063,-2.9782164,14.328513,0.5580012,584.9939,0.30027115,1352.9523,0.17169005,-175.92807,-0.3525233,1569.386,0.13432746,1133.9576,0.1828612,-175.36624,-0.34998512,2606.364,0.09706565,1041.2805,0.318568,-176.50291,-0.33165133,-8.698941,-0.5941144,20.915026,0.28661072,0.012698521,1.369655,0.0027435387,3.6383436,0.018438231,0.6921119,31.707228,0.11402283,-13.022917,-0.7942657,5.8458457,2.2557716,-14.575509,-0.84842026,-9.447939,20.623205,0.0018560837,0.011873535,0.009315303,1.3513514,1.2810853,0.09352941,0.055724233,0.752,0.7094148,-54.828865,s,Ses03F_impro02,Ses03F_impro02_F008
149,36.522522,0.0672191,34.052788,36.15242,37.782692,3.7299042,16.001652,4.108135,28.486658,20.22087,0.0691354,0.4090321,0.0485832,0.05717812,0.08830149,0.03971829,0.48960546,0.44005808,0.29239598,0.1670221,0.010142656,0.5214427,27.448973,0.16210473,-7.2611637,-0.99377966,10.408473,0.83830464,-7.778562,-1.0438108,0.015657261,1.0576631,1.2634335,0.5134212,5.374549,0.4133346,-2.016322,-3.9002638,16.56268,0.80592525,611.90155,0.26643062,1377.403,0.14655079,-181.2765,-0.30872107,1596.9133,0.13523103,1154.6853,0.18762805,-177.28963,-0.3419697,2614.0085,0.090698056,1060.2992,0.28227207,-178.62962,-0.31954953,-7.9914174,-0.57845277,21.004139,0.39012882,0.014417659,1.2481174,0.00010121811,101.22027,0.017912462,0.45689046,32.441914,0.15781894,-16.923292,-0.5985797,3.4010437,4.518064,-16.93229,-0.55543685,-10.128786,20.762518,0.00081182155,0.010403352,0.009078812,1.5825915,0.99403584,0.114999995,0.04248529,0.7909091,0.7482763,-56.143845,s,Ses03F_impro02,Ses03F_impro02_F009
150,29.565344,0.17229761,23.4954,32.83031,34.38541,10.890011,17.502338,12.230565,63.454502,0.0,0.08194152,0.7124057,0.048761223,0.059532728,0.09455421,0.045792986,0.18922956,0.11481424,0.42222208,0.29983735,0.01367006,1.0364368,27.312813,0.19286998,-6.520733,-1.0961646,15.787711,0.48175326,-2.7748003,-2.3180623,0.02696582,0.8699616,1.4143134,0.61079985,6.940907,0.477036,7.033146,0.67378336,26.309317,0.2223501,510.68112,0.34755474,1427.3167,0.21981695,-173.40764,-0.3737194,1603.5176,0.101995595,944.97723,0.29101604,-174.72293,-0.3466225,2624.0994,0.06786111,849.49286,0.3731539,-175.05182,-0.3416612,-17.73657,-0.1880154,21.050104,0.2005264,0.027165812,0.74732465,-0.012451313,-1.0042822,0.03292572,0.34819743,35.25374,0.09397667,3.5475802,1.5907623,25.167358,0.2995725,-0.23552017,-40.033875,-8.938829,19.300272,0.00089168927,0.012940266,0.010693506,1.1049724,1.1363636,0.12,0.02,0.48999998,0.5189091,-47.660244,b,Ses03F_impro02,Ses03F_impro02_F010
151,29.54263,0.17286682,23.445755,32.81539,34.37752,10.9317665,16.126163,11.099372,67.22844,0.0,0.08900108,0.7392303,0.048901737,0.057802483,0.105896086,0.05699435,0.30933535,0.21241549,0.498023,0.0,0.01593185,1.0760181,28.335218,0.17834407,-5.8504477,-1.358435,16.953861,0.48057595,-2.0175738,-3.1554682,0.019173777,0.831614,1.2314081,0.65635043,6.897042,0.4904481,6.8782945,0.6975057,27.820467,0.2418499,568.2316,0.3508353,1432.0356,0.14045301,-163.71185,-0.44526082,1687.3909,0.08982391,870.7981,0.221505,-165.63237,-0.4087113,2804.241,0.071024165,815.6282,0.22590904,-166.21654,-0.40065166,-17.918756,-0.17507033,21.10735,0.19823906,0.024156637,0.78170663,-0.012193155,-1.0279942,0.032347504,0.353712,35.23874,0.07557273,4.1193295,1.3210859,24.84879,0.30541477,-0.06972566,-129.03436,-9.20379,19.448757,-0.00075688935,0.012518333,0.012358845,0.7407407,1.5384616,0.12,0.02,0.33666667,0.2574663,-46.44602,q,Ses03F_impro02,Ses03F_impro02_M004
152,0.0,0.0,0.0,0.0,0.0,0.0,0.0,0.0,0.0,0.0,0.057556204,0.16763194,0.04908015,0.053546906,0.067058034,0.017977886,0.2135747,0.14463778,0.14954326,0.111354396,0.008017866,0.22452489,27.22104,0.09427501,-6.769683,-0.64983207,11.78092,0.51304007,-6.9527464,-0.65002894,0.0,0.0,0.0,0.0,0.0,0.0,0.0,0.0,0.0,0.0,0.0,0.0,0.0,0.0,-201.0,0.0,0.0,0.0,0.0,0.0,-201.0,0.0,0.0,0.0,0.0,0.0,-201.0,0.0,0.0,0.0,0.0,0.0,0.0,0.0,0.0,0.0,0.0,0.0,0.0,0.0,0.0,0.0,0.0,0.0,0.0,0.0,-10.345996,21.237846,0.0015892411,0.011477101,0.00804527,3.1890662,0.0,0.0,0.0,4.33,0.0,-59.991055,ans,Ses03F_impro02,Ses03F_impro02_F011
153,39.56228,0.14425012,33.93169,40.101585,45.366016,11.434326,67.44207,63.61683,171.95757,104.76404,0.13676356,1.0461657,0.04870369,0.06771709,0.20522803,0.15652435,2.2355304,1.8160455,1.5113959,0.7552258,0.034683656,1.4936854,21.84216,0.45200846,-3.8628604,-1.9508966,11.813031,0.72310805,-8.529141,-1.0169038,0.03949335,1.4843069,1.0523164,0.5584334,8.648117,0.5075018,10.559749,0.97614336,16.270481,0.7150293,660.41113,0.36187938,1311.2313,0.14041267,-167.5621,-0.41943324,1712.2306,0.13724701,979.24335,0.37970984,-159.48589,-0.4598976,2721.0305,0.098543175,969.1447,0.24335627,-159.85188,-0.4525299,-14.758937,-0.5323759,22.485357,0.39328724,0.060515415,0.4278337,-0.0064770435,-2.330021,0.09637899,0.56532604,24.948292,0.33024326,-3.8893528,-2.5979927,15.31676,0.9647356,-12.5646305,-1.1879727,-8.9865,18.76776,0.0061925575,0.007930835,0.01634236,1.8518519,1.1709602,0.19,0.13535139,0.64,0.44321552,-38.43975,q,Ses03F_impro02,Ses03F_impro02_M005
154,0.0,0.0,0.0,0.0,0.0,0.0,0.0,0.0,0.0,0.0,0.05435501,0.1939226,0.047441907,0.050212715,0.05830992,0.010868013,0.5012863,0.19403929,0.10925082,0.036662903,0.007950629,0.24712542,23.691965,0.18661216,-4.6972575,-0.45332694,10.364133,0.34330025,-6.9081445,-0.49692878,0.0,0.0,0.0,0.0,0.0,0.0,0.0,0.0,0.0,0.0,0.0,0.0,0.0,0.0,-201.0,0.0,0.0,0.0,0.0,0.0,-201.0,0.0,0.0,0.0,0.0,0.0,-201.0,0.0,0.0,0.0,0.0,0.0,0.0,0.0,0.0,0.0,0.0,0.0,0.0,0.0,0.0,0.0,0.0,0.0,0.0,0.0,-10.212785,21.47978,-0.0011716173,0.011689019,0.007835911,2.0202022,0.0,0.0,0.0,0.93,0.0,-60.88312,b,Ses03F_impro02,Ses03F_impro02_F012
155,35.311447,0.029064782,34.361782,35.49863,36.204937,1.8431549,29.785616,14.076692,9.57496,6.303644,0.08565672,0.58233523,0.048044648,0.061737284,0.1271511,0.07910645,1.0601064,0.85641927,0.8090369,0.39260384,0.014374242,0.9001206,25.841915,0.24802886,-5.103974,-1.5707582,12.092156,0.73915255,-13.118067,-0.74353236,0.01538685,0.90227395,1.1215012,0.53356713,7.424502,0.33446303,5.3701954,2.2773964,19.853352,0.60059017,664.71497,0.32595995,1408.4429,0.107685745,-181.45079,-0.31188697,1617.5552,0.15415914,1135.5735,0.14791101,-180.68845,-0.31215584,2710.8086,0.10615327,970.894,0.3217594,-181.85052,-0.29221532,-11.021287,-0.6367303,23.928032,0.32285511,0.018939385,0.8400848,0.0038259982,2.3745344,0.026640324,0.4132066,31.01462,0.23002294,-7.4270253,-1.844054,8.521479,1.8336927,-8.21459,-1.4804674,-9.463801,18.89468,0.0057265298,0.0076417956,0.0118821105,1.4583334,0.63291144,0.16333334,0.07408704,1.045,1.2468861,-49.529568,ans,Ses03F_impro02,Ses03F_impro02_F013
156,34.6558,0.04929728,33.646915,35.067932,36.02049,2.3735733,33.40722,20.03346,5.9131575,8.3435335,0.17739773,0.7874412,0.058957838,0.1337409,0.2654296,0.20647174,2.5373993,1.6325965,2.2296228,1.3470018,0.040109355,0.9908616,22.904264,0.4272277,-0.43242803,-25.253809,17.796633,0.8772527,-9.3367605,-1.1439627,0.018288603,0.79213244,1.1316091,0.63301516,8.0134945,0.40579224,8.399791,1.4244541,21.127937,0.5363185,576.76154,0.34433782,1398.1311,0.12501901,-120.431305,-0.7677644,1643.6442,0.1379326,995.9064,0.27150556,-118.73741,-0.7373671,2711.0518,0.085025325,1036.5754,0.45838928,-120.14397,-0.7159568,-13.093004,-0.5343155,22.108734,0.3921502,0.03734647,0.7108963,-0.0023593695,-4.650693,0.07025627,0.5683287,28.22795,0.28526053,0.18996319,64.18075,17.611572,1.0980862,-6.985456,-1.9654766,-8.267495,15.571184,0.004755893,0.009163025,0.01576746,2.586207,1.457726,0.304,0.26203817,0.29999998,0.2902298,-38.56859,s,Ses03F_impro02,Ses03F_impro02_M006
157,36.67749,0.107869454,33.693268,37.646763,40.054634,6.3613663,423.02554,470.65454,65.9235,41.198345,0.13033234,0.7968081,0.060361937,0.07743626,0.2067653,0.14640336,0.8835838,0.9353075,2.0584474,2.1370406,0.029990606,1.2744902,24.301851,0.24552211,-4.0887957,-2.3538988,12.308024,0.9141718,-12.16739,-0.80149937,0.0478317,1.1075112,1.2368951,0.45568177,6.460011,0.3078727,9.361891,1.285891,22.734396,0.38838252,709.5727,0.2878951,1378.2487,0.1661306,-148.94693,-0.5519993,1746.1426,0.15595669,1128.6991,0.24472286,-140.14368,-0.5827074,2737.2456,0.11755087,1028.6355,0.2734055,-141.7776,-0.56061554,-12.879419,-0.31896043,23.172533,0.28678527,0.032536473,0.676694,-0.004640892,-1.9965086,0.052995123,0.9320397,27.874786,0.21305832,-1.4378896,-5.7288322,9.153927,1.3769696,-17.298174,-0.6058625,-8.951255,16.537764,0.009673679,0.008896282,0.017905049,1.8656718,2.2900765,0.13499999,0.10579067,0.33599997,0.24409834,-41.462383,o,Ses03F_impro02,Ses03F_impro02_F014
158,35.81312,0.10583215,32.47624,36.228233,39.613415,7.1371765,276.25934,407.66766,53.7984,41.250595,0.19734968,0.7436541,0.051078875,0.17696069,0.31763405,0.26655516,2.1883707,1.0339134,2.2055092,1.5681798,0.05812507,0.97527057,26.772697,0.27030227,-2.2951007,-5.383797,9.26236,1.2029346,-12.339536,-1.159937,0.041827023,0.9748953,1.1520573,0.65057975,7.2242384,0.4078608,6.9793954,1.563052,23.520273,0.42603892,762.87836,0.25005764,1423.7416,0.2530431,-129.94044,-0.6841228,1813.0574,0.14903972,1186.6934,0.37163308,-128.72711,-0.64973944,2842.0564,0.09946976,949.6221,0.44790205,-130.72379,-0.6213084,-14.46042,-0.47670606,25.792738,0.31617036,0.04155329,0.5963441,-0.012791364,-1.017205,0.10555767,0.53922397,29.351154,0.24748349,2.6677215,4.3335676,6.626312,2.1421244,-18.865862,-0.9363646,-9.434658,19.383724,0.007341158,0.0063663805,0.027092194,2.5000002,2.2222223,0.17428571,0.16211611,0.25285715,0.27921903,-36.905277,o,Ses03F_impro02,Ses03F_impro02_M007
159,35.550114,0.03216095,35.033165,35.548767,36.626194,1.593029,106.71817,116.7297,11.380363,8.065589,0.17581208,1.0261797,0.048111312,0.088196784,0.29194134,0.24383003,3.9613712,4.3297186,1.7343132,0.9503417,0.04054473,1.4598992,27.701214,0.34696132,-2.526207,-4.921648,10.984924,0.8276578,-6.6579666,-1.3124738,0.011702066,1.6586925,0.8254598,0.985618,10.779626,0.27054566,8.848534,0.9507544,26.78925,0.21026312,539.0778,0.26241747,1355.5399,0.086602524,-142.08832,-0.6150214,1672.3699,0.14314316,1064.4121,0.32733437,-140.48582,-0.5910707,2651.5322,0.07230877,1046.1243,0.2909801,-142.10173,-0.56694925,-17.474178,-0.37705922,25.74128,0.26071513,0.064531974,0.25408894,-0.013201148,-0.7978391,0.091074,0.8373799,36.208702,0.19501232,-0.16918336,-69.678,15.585151,0.80304766,-10.66679,-1.2533932,-9.312907,19.483942,0.004341519,0.008339878,0.013708956,1.0810812,1.1363636,0.29,0.01,0.57,0.42999998,-35.435127,b,Ses03F_impro02,Ses03F_impro02_F015
160,34.530647,0.082154475,32.403473,35.347565,36.91972,4.516247,37.184074,20.590271,-5.6668186,28.006489,0.2035713,0.8197054,0.050680768,0.16603746,0.311769,0.26108825,4.0380344,3.5754578,1.8148226,1.1005204,0.05913056,1.1955755,30.401474,0.36347607,1.9871215,7.447118,8.312744,1.3129344,-11.871701,-1.2271793,0.015231527,1.7841295,0.8520686,1.2764894,9.324257,0.3916268,6.981214,1.2265811,31.187916,0.29275143,597.0906,0.336389,1421.718,0.13049194,-122.30405,-0.7510287,1686.8853,0.1843163,1109.508,0.25526044,-123.6075,-0.683193,2795.5945,0.11055233,993.61786,0.41349196,-125.702705,-0.65054584,-19.610943,-0.47734058,29.955133,0.2601261,0.060046464,0.37663916,-0.018621521,-0.9524596,0.10436439,0.74379265,38.82894,0.17117693,5.839932,2.8800316,7.646377,1.9716483,-17.655592,-1.0047731,-10.075612,19.465946,0.006577896,0.0063305423,0.024148783,1.8404908,1.5576323,0.276,0.120432556,0.342,0.24782252,-34.474743,s,Ses03F_impro02,Ses03F_impro02_M008
161,38.89366,0.04651192,37.152336,39.164444,39.731644,2.5793076,157.23337,77.694565,18.80072,15.3063545,0.07991231,0.4822675,0.048607003,0.064692214,0.10458395,0.055976946,0.51328754,0.3446566,0.42799503,0.2985423,0.0118853,0.6893202,23.914772,0.24202698,-8.27489,-1.1190615,13.28597,0.6331635,-11.197472,-0.75892085,0.027613053,0.5915518,1.3640978,0.44575644,5.000616,0.45606837,3.402338,3.5265312,20.724148,0.42847568,713.1069,0.28800014,1452.1344,0.20314191,-183.78339,-0.2755889,1660.0151,0.11489956,1335.1775,0.17801727,-182.11707,-0.2818637,2671.9468,0.10313183,1031.7423,0.31743866,-183.07544,-0.2656124,-6.5113015,-1.07765,20.850065,0.28704342,0.022621332,0.64982086,0.00454607,3.1785986,0.02250828,0.5260627,28.328356,0.26643535,-15.85161,-0.67098796,6.686778,1.8841307,-20.641712,-0.5214411,-8.700102,17.85136,0.0049799876,0.010427412,0.010763762,2.6239069,1.6152717,0.04909091,0.024663018,0.4623077,0.5437356,-55.110153,o,Ses03F_impro02,Ses03F_impro02_F016
162,39.928482,0.05866717,38.88777,39.3377,42.1643,3.2765274,28.775663,24.388067,34.06254,24.82425,0.087468185,0.40251604,0.054784734,0.080144525,0.11194105,0.057156313,0.5830996,0.28977433,0.42965364,0.3078834,0.013865202,0.42631587,27.171606,0.21784832,-6.36972,-1.6117103,14.869674,0.54328084,-11.863643,-0.70492464,0.023453752,0.49188653,1.2335322,0.35812417,7.194182,0.35854417,10.215739,1.0214533,22.289722,0.48026156,635.9161,0.27794552,1474.1091,0.12890063,-158.85559,-0.46223107,1645.2866,0.12748718,1242.2354,0.24271208,-146.04674,-0.52403253,2663.5725,0.08648708,1020.106,0.27324814,-147.21968,-0.50799626,-14.522917,-0.46981892,24.724863,0.2765108,0.014582817,0.8827321,-0.0032991108,-3.6044939,0.016246656,0.36028114,32.303032,0.13983847,-5.7708316,-1.9822536,14.752794,0.556037,-16.8597,-0.5357311,-9.693282,19.002333,0.0051389653,0.008336247,0.012931126,3.286385,2.8503563,0.099999994,0.0712975,0.21384615,0.28923076,-53.22121,o,Ses03F_impro02,Ses03F_impro02_F017
163,39.808193,0.11109992,35.128494,36.354633,44.42653,9.298035,5.720393,0.0,51.705,0.0,0.11517197,0.36787665,0.06959848,0.11310097,0.15632324,0.08672476,0.7725692,0.2931281,0.5834353,0.29599783,0.015997466,0.38259342,22.551035,0.21434855,-14.494034,-0.8651026,13.702236,0.5958227,-9.870427,-0.5819473,0.023608187,0.585796,1.2495121,0.2827886,4.157616,0.9179422,-0.28826582,-48.640022,10.196217,1.3480597,584.32544,0.3438421,1364.4949,0.14088082,-174.5063,-0.35137466,1514.931,0.11585271,1157.4329,0.19433679,-160.55957,-0.46119425,2591.5176,0.07777871,1034.8871,0.18597695,-163.24127,-0.42325523,-3.1599164,-1.4756721,17.06521,0.42314228,0.0097907,1.7465329,0.016450893,0.49803472,0.021370513,0.2787164,28.022106,0.19292949,-23.728203,-0.35578257,6.3784275,0.82193595,-7.0932775,-1.0549567,-5.1646004,13.903689,0.01005746,0.011943288,0.015109861,3.937008,2.4590163,0.07333333,0.026246693,0.30666664,0.117284074,-52.935215,oth,Ses03F_impro02,Ses03F_impro02_M009
164,25.752628,0.06745709,24.06491,25.844461,27.4721,3.4071884,39.60725,22.995651,12.928665,5.5019736,0.12980436,0.716625,0.04770997,0.10749304,0.19801207,0.1503021,1.5809478,0.7815979,1.4787828,0.8648869,0.026088862,0.86484724,28.82497,0.3883344,-2.9046326,-4.116099,19.814886,0.5951916,-6.9577575,-1.3017201,0.01850298,0.771718,1.1128769,0.756,5.2524357,0.40673092,6.75175,0.815287,27.578815,0.3332387,575.26685,0.36434165,1353.4299,0.15263416,-125.04006,-0.722733,1634.4548,0.1517582,1027.1073,0.27352086,-128.6838,-0.65932554,2693.52,0.107237905,937.006,0.40270415,-130.42848,-0.6347369,-16.632067,-0.3890377,25.739382,0.26558736,0.022997746,0.90801764,-0.0072350143,-1.509245,0.039275903,0.55388474,36.385574,0.19405974,1.3389437,9.582349,24.066141,0.62073207,-5.8091273,-2.024564,-9.074143,17.97296,0.003804043,0.009229251,0.017685844,3.2894738,2.217295,0.171,0.14652304,0.23545453,0.31927085,-43.81219,s,Ses03F_impro02,Ses03F_impro02_M010
165,38.3586,0.03879177,37.085876,38.037537,38.92438,1.8385048,8.8039665,4.7568817,101.40607,72.94505,0.06962557,0.32272577,0.048325058,0.064950846,0.08302907,0.03470401,0.33612737,0.15817317,0.16992028,0.09776942,0.009708822,0.31831342,25.729435,0.27504995,-8.5604725,-0.6550976,12.183032,0.54035324,-9.279989,-0.784711,0.0111939935,0.5647975,1.1082488,0.5706461,4.9839835,0.30311385,-8.594716,-1.1356937,11.058293,0.4909449,630.6348,0.1813802,1445.8484,0.16639468,-188.05637,-0.24226545,1570.2378,0.12113549,1333.1669,0.2024682,-186.84308,-0.25035283,2547.842,0.09021072,1113.9386,0.30332953,-187.55743,-0.23619254,-6.530824,-0.9561686,20.555548,0.15500507,0.009426942,1.2035022,0.008776718,1.3066095,0.014069816,0.30304587,30.946466,0.06994,-18.123886,-0.46386844,2.1235514,3.6121826,-14.31803,-0.49290544,-8.698037,19.00655,0.0024747807,0.012000112,0.009324326,3.2345016,1.0928962,0.057499997,0.049180787,0.66800004,0.4880328,-58.007214,o,Ses03F_impro02,Ses03F_impro02_F018
166,37.335785,0.02319619,36.558018,36.940094,38.414352,1.8563347,18.375652,11.335592,11.042799,4.7700205,0.058817353,0.3116186,0.04634207,0.048994567,0.07521929,0.028877217,0.18025282,0.07927944,0.21198405,0.10650535,0.008663451,0.3369795,27.185919,0.12724665,-5.4972963,-1.0635108,11.941523,0.68762904,-8.899343,-0.8042138,0.013207351,0.60894376,1.3198587,0.45277312,6.870103,0.33876866,10.540105,1.1737565,20.396532,0.27497336,495.361,0.17384952,1400.4803,0.117110096,-188.87045,-0.23897065,1561.8707,0.10070363,1425.7042,0.4298377,-187.31332,-0.24644616,2405.6758,0.07571204,1138.9406,0.28031054,-187.16917,-0.24927188,-12.589386,-0.22314791,20.813597,0.24341041,0.031074744,0.38341832,-0.0060566533,-0.6394144,0.014552882,0.19109608,31.530191,0.13263002,-10.349898,-0.49999642,17.476515,0.9330418,-22.748524,-0.4253325,-10.963142,21.063978,0.0026318277,0.010126198,0.008250706,1.4563107,0.7371008,0.089999996,0.008164966,0.9325,0.40886274,-58.33413,s,Ses03F_impro02,Ses03F_impro02_F019
167,0.0,0.0,0.0,0.0,0.0,0.0,0.0,0.0,0.0,0.0,0.0838129,0.66412365,0.047231928,0.052779227,0.12708883,0.0798569,0.60420924,0.4167233,0.1714234,0.08524853,0.011870463,0.6896372,21.608913,0.3930991,-8.68468,-0.5953394,9.408244,0.3816854,-12.322144,-0.7849206,0.0,0.0,0.0,0.0,0.0,0.0,0.0,0.0,0.0,0.0,0.0,0.0,0.0,0.0,-201.0,0.0,0.0,0.0,0.0,0.0,-201.0,0.0,0.0,0.0,0.0,0.0,-201.0,0.0,0.0,0.0,0.0,0.0,0.0,0.0,0.0,0.0,0.0,0.0,0.0,0.0,0.0,0.0,0.0,0.0,0.0,0.0,-6.378678,16.140034,0.0013187502,0.013946081,0.012188993,0.6896552,0.0,0.0,0.0,1.39,0.0,-55.974525,dag,Ses03F_impro02,Ses03F_impro02_M011
168,38.612316,0.02035949,37.865967,38.427185,39.16183,1.2958641,7.5507035,4.3393884,1.6268839,6.9524226,0.072938636,0.51709867,0.04683966,0.04968697,0.09955637,0.052716713,0.34023657,0.2499906,0.31051907,0.15465963,0.010105771,0.5413312,27.878983,0.18150444,-8.190944,-0.8118996,8.521186,0.954628,-7.926639,-0.8368127,0.01626833,1.1231078,1.0462204,0.3931618,6.1976066,0.3057807,0.79681855,10.102711,20.331606,0.34041905,652.9355,0.2860649,1382.8735,0.10525589,-156.51651,-0.51478094,1597.9728,0.10637378,1226.0642,0.2311711,-152.49922,-0.52674055,2595.4978,0.09729909,1092.1658,0.36537266,-155.02484,-0.49113283,-6.980237,-0.7816694,21.68275,0.28498766,0.022849532,0.7948576,0.0032581463,3.587003,0.016976269,0.3842619,30.9199,0.24164616,-15.609858,-0.5648158,0.20879169,55.962933,-14.889851,-0.53539014,-10.682111,21.431152,-0.002261844,0.011021203,0.007824596,1.3227513,1.072386,0.22749999,0.057172984,0.68,0.4308712,-55.249203,ap,Ses03F_impro02,Ses03F_impro02_F020
169,37.60964,0.23191519,24.604147,42.48432,42.8199,18.215754,611.03735,293.46613,184.2453,130.25674,0.09668302,0.4482875,0.047821205,0.09460481,0.13415116,0.08632995,0.8478241,0.41344786,0.6960193,0.23149344,0.015988493,0.52392125,25.075003,0.31462002,-2.7435925,-3.4696345,11.542131,0.50903904,-8.555026,-0.71055365,0.028152276,0.6650999,1.463574,0.32509923,4.8009663,0.39944327,-0.89049,-5.4834313,16.453293,0.22217949,763.59155,0.24880308,1400.4946,0.119329296,-172.3652,-0.3576192,1613.293,0.09807926,1094.6646,0.13147217,-166.27322,-0.404268,2785.1292,0.06268923,910.45386,0.3659643,-168.90036,-0.36642122,-7.3651247,-0.44325745,22.424263,0.16032022,0.013794944,1.4570448,0.0023133708,3.2034097,0.025258206,0.33730152,29.427048,0.1118192,-12.671592,-0.37661648,12.87085,0.47086236,-10.085288,-0.9022531,-11.14079,20.803625,-0.00036803092,0.0031281891,0.014003743,3.6231885,3.007519,0.049999997,0.03316625,0.20799999,0.15841717,-51.53586,s,Ses03F_impro02,Ses03F_impro02_M012
170,37.877872,0.085358724,36.65647,37.914806,38.82338,2.1669083,338.06326,246.0362,75.56621,84.48436,0.078589454,0.40295047,0.052726448,0.06735013,0.09856606,0.045839615,0.5901303,0.41844198,0.42946434,0.2770082,0.011145137,0.4652578,27.01234,0.22330177,-6.157925,-1.6335785,10.4004545,0.75438225,-9.824531,-0.79405546,0.027124673,2.5181537,1.3922524,0.33444577,5.3604856,0.3806163,1.7790179,5.236909,18.091705,0.4447009,599.1547,0.27224773,1399.921,0.12690178,-171.42615,-0.39576343,1625.4753,0.09811581,1232.359,0.2373195,-168.5272,-0.40228316,2634.803,0.07426867,1078.6155,0.32988343,-169.523,-0.3877373,-8.909967,-0.70287853,18.928957,0.30742097,0.022459215,0.6605076,-0.0016325851,-6.2218556,0.01502583,0.4072391,30.875843,0.1233381,-13.445373,-0.96681935,7.344395,1.3361193,-13.83863,-0.7934529,-10.517962,20.263931,0.0067955377,0.0047216914,0.010404088,3.0257187,1.6768293,0.091818176,0.081555136,0.4433333,0.41685995,-54.94451,o,Ses03F_impro02,Ses03F_impro02_F021
171,25.363249,0.06118388,23.786106,25.289358,27.07175,3.2856445,90.779816,164.38269,10.302974,9.236867,0.121404916,0.7216656,0.04763552,0.08826681,0.19693197,0.14929645,1.2270842,0.764746,1.408609,0.89216757,0.022203978,0.84492916,31.655966,0.3207182,-1.7851555,-4.734639,14.778312,0.76473695,-6.83877,-1.3669752,0.01255446,0.9327038,0.86889577,0.8282805,5.776975,0.3702943,6.3940787,0.7287101,28.72001,0.27579793,479.77045,0.28987688,1375.083,0.13873471,-119.919754,-0.78663737,1492.4828,0.12566105,1058.9855,0.28709993,-123.98234,-0.7143364,2623.0093,0.0817841,929.8922,0.27544117,-128.1352,-0.6525737,-15.715217,-0.40137866,27.156551,0.25280163,0.02576446,0.6922293,-0.009160097,-1.2298249,0.037001763,0.4484047,40.46694,0.1803169,1.4454504,7.646011,17.092966,0.89007217,-7.441893,-1.6841342,-10.278305,20.32563,0.0015683762,0.010931537,0.011749627,2.4711697,1.3289037,0.30625,0.14848717,0.37777779,0.37290984,-43.59283,s,Ses03F_impro02,Ses03F_impro02_M013
172,37.60389,0.09760557,34.06746,37.83567,41.181633,7.114174,42.727715,40.402897,61.752815,44.494812,0.105899416,0.6627013,0.055915356,0.080357626,0.13925254,0.08333719,1.1680164,0.80606025,0.983053,1.3589145,0.01761549,0.9866778,24.347092,0.2975298,-6.557454,-1.3860103,12.749313,0.8131507,-12.662291,-0.7062174,0.019699655,1.5993453,1.0405672,0.4521943,6.8898735,0.46158287,4.219221,2.1157894,19.818943,0.54942614,621.5015,0.32365686,1399.0714,0.15661348,-159.96506,-0.47664022,1632.4559,0.123645924,1167.5428,0.24149463,-151.08966,-0.52355397,2645.1177,0.10069429,1110.4265,0.34814268,-152.72374,-0.50112236,-11.055401,-0.51415634,21.267181,0.39408356,0.023545424,0.90047836,-0.004662472,-2.1436598,0.0325406,0.6135109,29.326065,0.23588246,-9.855084,-1.178731,10.283046,1.23412,-18.599323,-0.5484758,-8.530683,17.154613,0.0043866755,0.008062273,0.012305539,2.201258,1.7432647,0.14454545,0.09198455,0.37416667,0.65073615,-46.46081,o,Ses03F_impro02,Ses03F_impro02_F022
173,36.221,0.11092809,33.483303,36.626205,38.50821,5.024906,84.80785,80.858444,21.684841,32.33645,0.17321673,0.46799096,0.106936544,0.14273404,0.2400141,0.13307756,1.6261407,0.70130163,0.92084676,0.79776126,0.03381132,0.6335196,28.363962,0.264779,-8.550414,-1.3239897,8.658733,1.429494,-15.640629,-0.5810862,0.023129651,1.3726366,0.9969137,0.44729084,7.1996818,0.5031878,2.8941965,3.136571,21.331957,0.50604033,624.478,0.3102474,1394.6127,0.14583234,-99.770386,-0.9131587,1639.727,0.12793055,1174.2167,0.23677821,-94.53495,-0.8953502,2690.0632,0.08931002,1057.8976,0.40470654,-99.13594,-0.81695396,-12.336434,-0.49374732,24.398886,0.3024375,0.027870849,0.82013553,-0.0040603513,-2.7464302,0.041262243,0.5624328,31.04642,0.23212612,-7.4107165,-1.6243621,7.0534215,1.5990194,-16.151262,-0.6134598,-7.5713506,16.784594,0.017567692,0.0018402583,0.024298081,5.1643195,3.8647344,0.14,0.103802696,0.111428574,0.082363054,-41.951668,s,Ses03F_impro02,Ses03F_impro02_M014
174,0.0,0.0,0.0,0.0,0.0,0.0,0.0,0.0,0.0,0.0,0.10221445,0.6307832,0.051408775,0.072876126,0.16530046,0.11389168,0.45259824,0.3882959,0.49194783,0.32191038,0.013902939,0.64962643,19.805408,0.38192686,-11.411287,-0.4284488,8.436212,0.65093744,-11.785455,-0.71987617,0.0,0.0,0.0,0.0,0.0,0.0,0.0,0.0,0.0,0.0,0.0,0.0,0.0,0.0,-201.0,0.0,0.0,0.0,0.0,0.0,-201.0,0.0,0.0,0.0,0.0,0.0,-201.0,0.0,0.0,0.0,0.0,0.0,0.0,0.0,0.0,0.0,0.0,0.0,0.0,0.0,0.0,0.0,0.0,0.0,0.0,0.0,-4.0246215,14.578612,0.002244139,0.014965475,0.014158633,0.9661836,0.0,0.0,0.0,2.01,0.0,-54.60722,oth,Ses03F_impro02,Ses03F_impro02_M015
175,30.819586,0.19277902,25.9595,26.020588,38.09613,12.136631,0.0,0.0,-2.4363716,0.0,0.052426208,0.19505128,0.04639709,0.048125714,0.055755246,0.0093581565,0.12723674,0.10483699,0.13112162,0.12882867,0.0076375986,0.23620787,27.7669,0.08883526,-4.0584,-0.6222722,10.660176,0.36993897,-8.106377,-0.56781787,0.008481446,0.66852003,1.1901846,0.23623794,3.5923352,0.04739496,0.12597398,69.74785,19.830341,0.35042086,512.93066,0.09363771,1420.2201,0.08959614,-196.53827,-0.12056203,1438.7164,0.04135501,1402.3495,0.019007718,-196.73656,-0.11544604,2466.3242,0.06363069,1131.3628,0.14377403,-196.92615,-0.10964861,-11.117667,-0.13101245,25.048151,0.074646614,0.0104411105,0.5847295,-0.009517545,-0.24456227,0.012621561,0.06837419,34.232006,0.034798082,-7.509125,-0.4616421,-0.6416035,-2.1405826,-18.758348,-0.15864359,-11.275851,22.255505,-6.9002075e-05,0.009617492,0.007516238,2.1645021,0.44247788,0.02,0.0,0.7266666,0.44499686,-60.55345,o,Ses03F_impro02,Ses03F_impro02_F023
176,23.763361,0.041955914,22.84504,23.816484,24.419403,1.5743637,41.727203,50.540817,12.513408,9.947692,0.09925715,0.61055523,0.048063923,0.08199628,0.1374198,0.089355886,0.8315035,0.76174295,0.47599813,0.30244616,0.017965203,0.6719748,33.942616,0.26284996,1.7124197,5.0548644,14.165253,0.8949239,-8.943909,-1.0058347,0.01629427,1.4000849,0.9557325,0.78378755,5.2715683,0.2956989,8.222157,0.33876863,32.454525,0.23707217,513.01294,0.28557092,1447.8933,0.14213942,-121.43328,-0.7763363,1539.2355,0.13941942,1219.9839,0.29547805,-127.06139,-0.68298894,2628.1416,0.0865086,1057.9905,0.23570994,-131.26143,-0.62252665,-17.977884,-0.35258842,29.359459,0.2196503,0.025449945,0.5079406,-0.014532097,-0.80930233,0.024969108,0.5378964,41.428253,0.15263358,5.087276,2.3367867,15.465406,1.153244,-12.979616,-0.7693493,-13.118781,24.423262,-0.00040471327,0.0076139886,0.013535594,2.5641026,1.6286645,0.24,0.13221195,0.29333332,0.26049098,-46.487522,o,Ses03F_impro02,Ses03F_impro02_M016
177,40.350983,0.030065397,39.332127,39.910904,41.341892,2.0097656,50.215847,14.810068,17.230036,7.6086564,0.085133664,0.48850787,0.05074596,0.072515525,0.11077272,0.06002676,0.601847,0.5299681,0.38695204,0.2501533,0.0120809395,0.6032873,23.76512,0.23252149,-7.4540157,-1.1516336,12.076372,0.7222048,-12.108847,-0.672458,0.017525192,0.79879326,1.3223794,0.41696835,5.797671,0.2801744,5.1043816,1.4812974,16.558496,0.43773544,574.25055,0.32131553,1471.7115,0.17318897,-177.89627,-0.34303832,1570.5562,0.12556888,1268.2029,0.28303283,-159.77028,-0.46237737,2496.9558,0.095155254,1137.8115,0.32894206,-160.5423,-0.45187047,-8.423333,-0.47078732,16.1271,0.32846373,0.013835624,0.8395865,-0.007260537,-1.0785084,0.018450987,0.478427,25.784883,0.22139336,-14.387219,-0.5918848,8.153859,1.2891266,-16.36348,-0.3924877,-9.4239855,17.614256,0.0012855756,0.005379749,0.010452453,2.4719102,2.0454545,0.09333333,0.092855915,0.33299997,0.37040654,-54.595547,o,Ses03F_impro02,Ses03F_impro02_F024
178,25.112541,0.021861723,24.607412,25.171309,25.466942,0.8595295,17.790222,6.4745903,10.62247,10.387066,0.091157705,0.7226369,0.049120985,0.065037645,0.13114324,0.08202226,1.0095161,0.6231275,0.76383513,0.81175417,0.01482101,0.83517593,27.60998,0.2948673,-3.2285225,-2.7037115,14.335942,0.64161444,-10.098319,-0.8425722,0.022535944,0.7240933,1.608708,0.8084268,4.384251,0.32876495,5.451623,0.91661566,20.210455,0.38723728,594.19305,0.33936852,1350.4048,0.11579484,-170.29956,-0.39565444,1638.036,0.17486957,928.70526,0.1776501,-170.8581,-0.3816317,2655.208,0.1061649,880.39294,0.105966605,-171.13785,-0.3776763,-11.661091,-0.4047231,19.833385,0.37226126,0.031374637,0.6275361,-0.004898502,-1.9422456,0.037277818,0.34390366,34.617893,0.20583485,-6.4031453,-1.67903,25.39005,0.4922405,-9.383767,-1.2791636,-10.14883,18.440536,0.007883952,0.0064476025,0.010279259,1.5384616,1.5873016,0.09333333,0.040276818,0.51666665,0.5845986,-49.23503,o,Ses03F_impro02,Ses03F_impro02_F025
179,24.871553,0.021583334,24.430693,24.746777,25.416862,0.9861698,21.286154,13.771954,9.2832,9.312706,0.10644755,0.63752556,0.059224486,0.07560083,0.14943038,0.09020589,0.8227108,0.38407347,1.2089473,0.81458575,0.01781991,0.7512491,27.808731,0.35640916,-4.1550193,-2.4018285,17.813637,0.48716384,-10.757052,-0.8307692,0.027495656,1.4719386,0.9761472,0.90481776,4.690761,0.30087125,5.3029532,0.7715582,23.31535,0.26059315,572.63116,0.2913146,1449.5757,0.11826291,-147.97623,-0.5646011,1559.2478,0.10064424,1049.1597,0.25475845,-149.23141,-0.53537315,2622.4136,0.058739953,811.0052,0.16849516,-150.45348,-0.51867753,-11.885617,-0.33415633,21.123247,0.30129364,0.034362525,0.48237374,-0.003740681,-2.9186637,0.0334213,0.42944786,37.606728,0.15876935,-7.3700743,-1.2908947,22.91094,0.4882635,-8.576015,-1.2796865,-9.43403,16.74153,0.01093496,0.005341642,0.012529641,1.8404908,1.8987342,0.13666667,0.062360957,0.275,0.16889344,-47.992966,q,Ses03F_impro02,Ses03F_impro02_M017
180,0.0,0.0,0.0,0.0,0.0,0.0,0.0,0.0,0.0,0.0,0.056138463,0.18855444,0.048234746,0.051302183,0.062185317,0.013950571,0.16534798,0.09134412,0.12174807,0.07764393,0.007931613,0.2443674,26.994972,0.1050853,-6.1451383,-0.74828297,10.017983,0.40682223,-8.978421,-0.5216818,0.0,0.0,0.0,0.0,0.0,0.0,0.0,0.0,0.0,0.0,0.0,0.0,0.0,0.0,-201.0,0.0,0.0,0.0,0.0,0.0,-201.0,0.0,0.0,0.0,0.0,0.0,-201.0,0.0,0.0,0.0,0.0,0.0,0.0,0.0,0.0,0.0,0.0,0.0,0.0,0.0,0.0,0.0,0.0,0.0,0.0,0.0,-10.330458,21.109127,0.0005426819,0.0097626075,0.008032559,3.9473684,0.0,0.0,0.0,2.22,0.0,-60.495316,ans,Ses03F_impro02,Ses03F_impro02_F026
181,38.673878,0.0032064267,38.561657,38.6535,38.743263,0.1816063,4.715687,0.0,5.9750876,0.0,0.07199704,0.5346643,0.048537858,0.05814777,0.08457883,0.03604097,0.5013812,0.6779403,0.26939484,0.20332006,0.009842412,0.59997267,24.45966,0.19810162,-6.4906673,-1.2273585,12.3462925,0.4818164,-9.972267,-0.53317136,0.0120383855,0.88729936,1.1321764,0.3239194,4.158135,0.65944684,-2.474428,-3.1716876,6.589809,1.2783754,496.20557,0.3054495,1342.6936,0.06920061,-200.21964,-0.063699216,1540.6764,0.080955304,1130.243,0.118621774,-196.10498,-0.15485162,2476.0237,0.056301095,980.57935,0.160403,-196.19284,-0.15213962,-1.3892869,-2.463353,9.245397,0.59849364,0.018610708,0.6846229,0.0003233658,13.770766,0.029666368,0.28012937,20.707718,0.1656271,-30.078789,-0.41541964,10.704175,0.51554966,-22.825472,-0.12288784,-9.559499,18.646872,0.0045181336,0.008950557,0.009401738,1.0869565,0.18281536,0.12,0.0,2.6599998,1.1899999,-56.723488,s,Ses03F_impro02,Ses03F_impro02_F027
182,22.121479,0.12677637,19.332382,22.636072,24.371777,5.0393944,28.258268,10.191103,33.62321,20.296873,0.09280818,0.5873431,0.047871575,0.07311463,0.13896367,0.091092095,0.9415909,0.6124011,0.9757219,0.88631254,0.016543228,0.66975325,31.813988,0.20238923,-3.5353425,-1.555854,14.158352,0.81665814,-8.666664,-1.0275902,0.019743713,0.80735815,0.9547151,0.70819646,3.1589127,0.5754902,4.7234335,0.7274911,23.571966,0.25803357,502.16766,0.35250556,1441.0798,0.11922688,-129.30847,-0.71280116,1516.0562,0.15277103,1012.41534,0.25149077,-131.96991,-0.66762537,2603.2212,0.080984205,925.7935,0.34695914,-134.69695,-0.62824994,-13.058796,-0.2929029,21.696493,0.24886173,0.026286202,0.576025,-0.004461985,-2.9481227,0.025474109,0.43821687,37.221622,0.13360322,-3.9271395,-1.8688669,18.483072,0.90941304,-8.790014,-1.4428047,-12.284749,22.965536,0.003650922,0.007865113,0.011704386,2.9411764,1.7369728,0.19999999,0.158565,0.31,0.28,-49.214695,o,Ses03F_impro02,Ses03F_impro02_M018
183,0.0,0.0,0.0,0.0,0.0,0.0,0.0,0.0,0.0,0.0,0.050856978,0.08087793,0.047882043,0.04947176,0.054134022,0.0062519796,0.12577711,0.079252765,0.114560224,0.08188595,0.007581963,0.20563684,27.5626,0.05857197,-3.9050493,-0.57343894,10.930195,0.25003433,-9.3544235,-0.4735572,0.0,0.0,0.0,0.0,0.0,0.0,0.0,0.0,0.0,0.0,0.0,0.0,0.0,0.0,-201.0,0.0,0.0,0.0,0.0,0.0,-201.0,0.0,0.0,0.0,0.0,0.0,-201.0,0.0,0.0,0.0,0.0,0.0,0.0,0.0,0.0,0.0,0.0,0.0,0.0,0.0,0.0,0.0,0.0,0.0,0.0,0.0,-11.666009,22.560583,0.0012935067,0.009516913,0.007626167,8.62069,0.0,0.0,0.0,2.26,0.0,-61.02715,q,Ses03F_impro02,Ses03F_impro02_F028
184,22.997454,0.044711918,22.322706,22.719292,23.665228,1.3425217,114.9813,116.7049,20.99481,12.142394,0.0718433,0.7546407,0.04699922,0.04877084,0.07803646,0.031037237,1.415285,1.253153,0.9799751,1.060549,0.0126729505,0.98476857,27.99789,0.20218506,-4.55858,-1.2886884,10.960996,0.47501752,-9.673501,-0.56828827,0.0115491105,0.78954285,1.3987284,0.68199813,3.1343372,0.8067496,5.994178,0.60046697,23.294317,0.33793333,566.88153,0.45212775,1485.6918,0.3303989,-182.87395,-0.2991249,1516.1942,0.19982968,1132.7439,0.1711944,-183.35594,-0.2877219,2598.611,0.12043403,892.2178,0.2566791,-184.10007,-0.27421865,-11.766187,-0.5866078,22.715221,0.25293663,0.038350023,0.3726878,-0.006077318,-2.5060751,0.036532674,0.47186872,38.79101,0.14613846,-8.069043,-1.6024513,10.8370075,0.90048593,-8.996063,-1.3539631,-11.33199,21.852383,0.0018004433,0.009582855,0.0103586335,1.4571949,0.9191176,0.089999996,0.054037027,0.81333333,0.796569,-51.150547,ans,Ses03F_impro02,Ses03F_impro02_M019
185,38.873207,0.033680532,37.812996,38.59797,39.529488,1.7164917,31.074253,21.203598,11.780552,11.43628,0.06786949,0.3430672,0.04904983,0.06056516,0.08158031,0.032530483,0.43658695,0.3559463,0.33758062,0.2888838,0.010014088,0.3709065,25.898893,0.20712774,-6.290647,-1.0490603,13.081307,0.56792116,-10.49074,-0.5947871,0.022887772,0.91960394,1.3358383,0.45886877,6.421621,0.1939319,4.699585,2.7959847,19.651655,0.42534956,579.8088,0.27633667,1335.1367,0.12217124,-191.94344,-0.19691317,1585.4385,0.13036162,1157.9528,0.2325948,-188.22931,-0.23563132,2594.622,0.06861276,1117.6449,0.3962991,-188.82242,-0.22320671,-9.858012,-0.58729833,21.679506,0.22172552,0.017771577,0.88971645,-0.0019502506,-4.1203265,0.014422171,0.2849582,29.435196,0.12732197,-11.397927,-0.7087419,8.1469965,1.8237666,-20.048767,-0.26728442,-10.350482,19.708015,3.3195865e-05,0.0078041917,0.009706574,2.3255816,0.9356725,0.05875,0.024206145,0.788,0.8435615,-57.34593,o,Ses03F_impro02,Ses03F_impro02_F029
186,25.271929,0.08004364,23.422897,25.80107,27.152126,3.729229,306.09882,297.13013,5.4584746,19.346144,0.070491835,0.3898686,0.04963552,0.059918046,0.090811625,0.041176107,0.56936574,0.41180563,0.543662,0.34710246,0.011642762,0.46816957,27.756617,0.27748114,-1.9509768,-4.394839,14.322506,0.6578654,-7.0627136,-1.0318794,0.016820695,0.8498365,0.712621,0.7473933,5.2579165,0.5665609,3.8863108,1.447419,31.379646,0.263858,670.4017,0.31660813,1401.7671,0.11378212,-173.48355,-0.38108987,1797.9261,0.122150995,1107.3607,0.23750852,-175.8719,-0.34295884,2833.8213,0.102930814,1092.4039,0.4189751,-176.29543,-0.3367432,-21.07051,-0.26712272,28.044476,0.27697855,0.018283552,0.98078865,-0.0031877146,-4.1087112,0.018508995,0.27775782,35.873264,0.10356019,10.766409,0.8958074,24.17571,0.463379,-4.4797316,-2.3613133,-10.362987,20.491837,0.0022007085,0.008989779,0.010612094,2.195122,0.4938272,0.28,0.22,1.1466666,0.6485539,-53.161472,dag,Ses03F_impro02,Ses03F_impro02_M020
187,34.050797,0.21879613,27.18866,29.065454,42.590633,15.401974,122.207535,0.0,-2.9580436,0.0,0.07305512,0.2893947,0.05011064,0.06801942,0.091189645,0.041079007,0.37319013,0.16077541,0.36784542,0.22901726,0.012968131,0.56415796,25.739393,0.18145742,-3.9410322,-1.8980684,9.745525,0.90342355,-9.830208,-0.7398073,0.04730622,0.755566,1.7464021,0.47929895,5.4777117,0.1477543,5.256255,1.3255341,19.557936,0.37573668,533.01666,0.25294766,1455.8401,0.099441774,-187.92717,-0.23359713,1645.7141,0.15705487,1018.2496,0.2075767,-182.49393,-0.26602355,2698.239,0.089588486,961.8988,0.17494068,-182.57013,-0.26579428,-16.734043,-0.36591667,24.532738,0.28767118,0.009471121,1.2742032,0.0032919385,2.0706534,0.022775562,0.42393896,31.610888,0.1405481,4.924267,2.4695609,22.650354,0.7235032,-3.755386,-2.5229733,-9.746988,21.22448,-0.0027867095,0.009370619,0.012015897,2.9126215,1.9900497,0.0425,0.03897114,0.35,0.2803569,-53.870766,b,Ses03F_impro02,Ses03F_impro02_M021
188,41.32192,0.030123426,39.888508,41.123108,42.584373,2.6958656,8.071589,12.827764,24.646431,2.4363241,0.07467322,0.3915889,0.05429173,0.06587722,0.087733395,0.033441667,0.33884743,0.09413519,0.2124315,0.14707395,0.0104019,0.46294194,23.838184,0.18340431,-6.486577,-1.3083478,12.409207,0.582383,-12.110688,-0.6564718,0.021273566,0.76353014,1.3530831,0.47292826,4.148184,0.6189988,4.211106,2.3187957,10.309508,0.9874125,584.2643,0.27923214,1342.2738,0.12268452,-193.1154,-0.19058256,1552.0166,0.11422286,1200.0969,0.18998858,-182.81255,-0.2809819,2534.8276,0.067178346,949.38885,0.23481733,-182.89047,-0.2789949,-6.192426,-1.1240498,13.05864,0.71160126,0.012187436,1.095463,0.004039657,2.7695074,0.017989771,0.497042,25.000324,0.21056023,-17.811293,-0.76574033,12.40625,0.6655179,-18.065687,-0.62240946,-9.795224,18.599148,0.0009399021,0.0069580055,0.0096764155,1.6771488,1.2711865,0.06,0.050990194,0.5985714,0.52710605,-56.75936,s,Ses03F_impro02,Ses03F_impro02_F030
189,31.065826,0.11941728,28.339268,30.160078,31.650429,3.311161,13.2546835,8.468072,43.35451,28.764933,0.12652227,0.521429,0.049998075,0.11795423,0.18983033,0.13983226,1.201958,1.1095024,1.0357975,0.7609914,0.024251089,0.7703648,30.92191,0.31318304,-3.5853798,-2.6761973,13.746189,0.783838,-9.039853,-0.8919354,0.02236425,1.2825001,1.0789475,0.68966323,6.8766737,0.31269607,7.071645,1.0193149,29.68037,0.24585374,579.5316,0.3121355,1433.2078,0.10264123,-119.830086,-0.77770996,1632.9124,0.13177969,1087.1381,0.20186847,-120.32473,-0.71261346,2697.8535,0.077581234,1046.9103,0.28337598,-123.724434,-0.66329277,-16.248585,-0.29754987,27.596294,0.24794541,0.029353319,0.6570306,-0.010630235,-1.1428232,0.03413937,0.57032347,37.186447,0.20589036,1.1467965,8.449174,17.140833,0.85302377,-10.719731,-0.9168222,-8.921017,18.34141,0.010653644,0.004084455,0.017210057,3.4482758,2.5252526,0.16799998,0.10943491,0.20799999,0.24408193,-44.467747,q,Ses03F_impro02,Ses03F_impro02_M022
190,38.477493,0.13662392,31.447262,39.590885,43.338963,11.891701,64.60895,69.07217,161.11949,205.83871,0.12652786,0.5103372,0.06733434,0.11587348,0.18088597,0.11355163,1.2425004,0.9711655,0.8569627,0.5724051,0.02164833,0.72280383,25.383993,0.3137844,-9.0214815,-1.3879184,15.339112,0.6961252,-15.062875,-0.6216072,0.028651785,1.8420333,1.1985344,0.49686795,7.1766977,0.39797324,6.9815855,1.4348124,16.637129,0.6790751,673.95386,0.34324354,1447.894,0.1356016,-132.19624,-0.67049086,1682.5205,0.13159072,1070.9812,0.29187217,-117.05619,-0.74633074,2705.2617,0.08199957,1061.9592,0.36880538,-118.13325,-0.72956204,-10.905938,-0.54376215,19.416658,0.37567654,0.027613202,0.7394449,-0.003767558,-2.8578389,0.028276557,0.56161994,27.008986,0.30169314,-10.382697,-1.3538677,16.684134,0.8293669,-18.03526,-0.6402512,-8.899075,17.422108,0.012509198,0.006377258,0.016166778,3.240741,3.286385,0.12785713,0.09096143,0.15642858,0.20299919,-46.693268,s,Ses03F_impro02,Ses03F_impro02_F031
191,44.898254,0.0035689888,44.733795,44.951035,45.051105,0.31731033,0.0689373,0.0,0.0,0.0,0.05399342,0.15954898,0.047691356,0.05155055,0.057901263,0.010209907,0.35593155,0.21551591,0.09800949,0.042559143,0.008455557,0.5713672,28.386269,0.095164075,-4.8545594,-1.0030586,9.1928835,0.33129326,-8.904545,-0.454853,0.041607313,0.23378983,1.3151872,0.18628792,8.360186,0.076350026,15.920038,0.13061303,27.570423,0.046885338,849.2393,0.119223565,1367.9485,0.1212888,-194.63477,-0.15303561,1856.8314,0.10772226,1412.4523,0.1316663,-193.82065,-0.1591894,2791.7527,0.090772256,1066.7538,0.20119731,-193.97281,-0.15627448,-17.75657,-0.12995662,32.49799,0.060113702,0.0345262,0.107633315,0.005335031,1.1327528,0.011608049,0.049474124,34.45921,0.028498065,-0.37147674,-6.61833,6.824188,0.19352616,-17.968504,-0.29916963,-10.947834,22.175905,0.0028161954,0.010733615,0.007640836,2.097902,0.7246377,0.049999997,0.0,0.65,0.01,-58.25852,ans,Ses03F_impro02,Ses03F_impro02_F032
192,26.06447,0.09401397,23.414005,26.569674,28.799908,5.3859024,29.077585,8.354304,15.08969,3.9536598,0.08730598,0.6756643,0.047390003,0.055536028,0.12727283,0.07988283,1.222785,0.7898963,0.8942686,0.6019039,0.015528842,0.8230551,29.746334,0.26267493,-2.6423688,-3.069892,9.22454,0.88244265,-8.275663,-1.0752887,0.019905008,0.7788067,1.0471449,0.77776164,5.06361,0.4971654,5.640351,0.9307078,28.924171,0.23158485,529.48254,0.36696708,1386.2911,0.13847402,-154.591,-0.52208364,1535.3783,0.16971742,1113.3441,0.20855749,-156.97523,-0.48535582,2615.1611,0.09582233,967.2768,0.25908872,-159.32404,-0.4520199,-15.6342745,-0.4464887,28.334719,0.23020688,0.023873324,0.8320726,-0.0051754974,-2.636343,0.030308908,0.43235496,39.13356,0.12568201,0.7601485,14.96511,10.053845,1.3120028,-4.0005527,-2.5462792,-10.891382,21.806728,0.0017588241,0.008057779,0.011079224,2.152318,1.3355594,0.16875,0.11741353,0.49666667,0.8350382,-48.299553,s,Ses03F_impro02,Ses03F_impro02_M023
193,22.857244,0.062328313,21.204014,23.074045,24.260841,3.0568275,69.39191,75.352455,21.177557,8.581928,0.08895964,0.66307956,0.048237894,0.05757125,0.12726921,0.07903132,0.9106805,0.6931917,1.1129625,0.6541828,0.015147425,0.77015287,28.337322,0.2539114,-3.213652,-2.9335632,14.876726,0.47296485,-3.4954498,-2.215473,0.017365167,0.79861534,1.0073632,0.5646192,4.069407,0.3920552,5.1108065,0.5786097,21.208035,0.53792894,400.22702,0.3013616,1422.8604,0.19096763,-158.53062,-0.49796212,1393.9153,0.08261519,984.98926,0.19976263,-160.16597,-0.46424842,2392.0547,0.09908286,869.674,0.22135055,-160.74467,-0.4576717,-13.138355,-0.4685757,20.947268,0.35280097,0.03662609,0.62203926,0.002630699,2.7247512,0.02930943,0.39009634,35.10459,0.18946779,-1.772153,-7.980258,22.155481,0.35678118,5.322176,1.3878608,-10.425664,19.821913,0.005498091,0.0091115255,0.011698407,1.6597512,1.6949153,0.1175,0.059319053,0.35999998,0.3508276,-48.420834,o,Ses03F_impro02,Ses03F_impro02_M024
194,38.656296,0.02388771,37.534767,39.090332,39.540497,2.0057297,14.0511055,6.593626,3.892288,6.6215653,0.07245423,0.32908857,0.050513647,0.064975254,0.093294315,0.042780668,0.49115536,0.2768547,0.21386476,0.10986479,0.0102263875,0.36390233,27.000526,0.133602,-9.067342,-0.9353438,12.686964,0.57142746,-12.261856,-0.43294016,0.0133403335,0.69189894,1.2277647,0.36970207,5.694532,0.27997833,5.4850307,2.547624,19.37054,0.45530108,486.3929,0.19652717,1358.0778,0.131238,-188.33315,-0.24794272,1513.7072,0.097559236,1113.256,0.19593869,-181.37619,-0.30365434,2502.271,0.07976903,1120.126,0.2831542,-182.35316,-0.28689376,-8.301108,-0.6212302,18.826674,0.2406601,0.016079647,1.0568486,-0.00027407633,-37.671898,0.013273488,0.2219357,30.23646,0.08356886,-17.255629,-0.50902385,11.436461,0.67824703,-14.244959,-0.4359431,-9.760439,18.663565,0.0083276825,0.0048675677,0.009875446,2.580645,1.0869565,0.078,0.019390719,0.5814285,0.37960234,-57.187714,o,Ses03F_impro02,Ses03F_impro02_F033
195,39.0812,0.01617212,38.538082,38.904198,39.89687,1.3587875,10.253939,1.6789436,6.7366443,5.566003,0.06659264,0.25554004,0.048828192,0.06508724,0.08245738,0.033629186,0.27817252,0.14231989,0.32799345,0.17802964,0.009102313,0.24383365,28.415714,0.09335312,-7.863555,-0.60697585,11.935756,0.6412999,-13.670928,-0.5272065,0.014004176,1.0475186,1.3485206,0.40613824,5.9335275,0.13854071,1.4312813,10.37672,18.54462,0.2103546,502.347,0.16529232,1329.9735,0.19936687,-188.85602,-0.22755548,1511.8909,0.123922855,1128.2709,0.1468876,-184.2869,-0.27172038,2503.912,0.073447086,1111.0483,0.23494558,-184.77325,-0.26633453,-10.009068,-0.29332846,19.925104,0.23800148,0.012077719,1.8559936,-0.0032078773,-3.3509717,0.011322581,0.16905312,28.21705,0.105735525,-13.526708,-0.38118196,14.333444,0.83993024,-24.625935,-0.4083461,-10.38248,20.747423,0.005394286,0.0058168857,0.008967982,3.2894738,1.0033445,0.07333333,0.06847546,0.675,0.3390059,-57.827976,s,Ses03F_impro02,Ses03F_impro02_F034
196,34.5679,0.21149601,25.5768,39.182114,40.90042,15.323622,26.331345,14.736838,37.51058,19.076286,0.14748181,0.48343274,0.07983815,0.13928242,0.2067402,0.12690204,1.3531417,0.9482967,1.1004937,0.6141885,0.027566152,0.7041939,30.429556,0.21181153,-10.941619,-1.1069407,7.928915,1.7316139,-17.057398,-0.55496424,0.015842073,0.88899815,1.1296092,0.47562397,5.190155,0.45180368,5.7296185,1.1145096,24.316004,0.27996218,607.86774,0.27974954,1441.2399,0.1421374,-104.1928,-0.9102359,1580.9883,0.1250673,1144.0162,0.19935939,-97.29346,-0.9257701,2677.8262,0.097793244,978.9687,0.36206478,-102.257126,-0.8390529,-9.329279,-0.7358561,20.810873,0.27711028,0.022797193,0.58415353,-0.0069332737,-1.6299118,0.036767647,0.5519643,32.933388,0.17429174,-12.0811,-1.1536037,4.321978,3.182289,-19.241121,-0.5020613,-8.567133,17.98675,0.0118210735,-0.0001639521,0.0163807,3.7249284,2.915452,0.177,0.12066896,0.146,0.1205985,-45.309822,o,Ses03F_impro02,Ses03F_impro02_F035
197,25.636461,0.13634565,23.678343,25.386833,27.79078,4.1124363,26.461935,15.854118,21.956131,21.111322,0.14050071,0.55506796,0.06684142,0.12752353,0.21368778,0.14684635,1.2953494,1.1122599,1.3156042,0.67340195,0.027687384,0.7060041,34.594078,0.16816361,-1.2269844,-8.214487,13.349839,1.0183655,-11.449718,-0.91077834,0.016707947,0.77412826,0.86901075,0.54839325,4.390282,0.5094899,3.9192872,0.9096707,29.336319,0.18362069,540.813,0.28765085,1469.5154,0.13493973,-79.116516,-1.1623445,1537.1741,0.12957294,1181.9761,0.22430883,-86.70416,-0.9774541,2632.6138,0.07879286,1056.4265,0.37577903,-92.11876,-0.87694865,-15.332108,-0.4330762,25.726084,0.22121304,0.022445105,0.6067438,-0.005183947,-2.4101985,0.035696704,0.5345045,38.042442,0.106877066,1.761754,6.140911,12.684566,1.2222575,-10.886388,-1.1425122,-10.999341,20.380676,0.0077008028,0.002108694,0.015805373,3.49345,2.232143,0.26999998,0.16321763,0.13,0.12701705,-44.131565,o,Ses03F_impro02,Ses03F_impro02_M025
198,25.934795,0.1006135,23.733261,26.761215,28.375696,4.642435,21.131182,7.7384048,34.422333,16.646664,0.14448524,0.8914845,0.05039439,0.09731793,0.22399218,0.1735978,1.5711322,1.0980884,1.1485906,0.4501404,0.027951606,0.97222936,30.709688,0.25094077,-5.005775,-2.475388,16.441883,0.81655395,-5.5512104,-1.4889144,0.015157414,0.843043,1.0595021,0.91126835,5.329081,0.51114213,6.2318316,0.8656656,23.217287,0.546763,510.5381,0.3807647,1400.5555,0.13919003,-126.76039,-0.7273176,1557.602,0.15531082,1036.5979,0.2408464,-129.88855,-0.6707488,2572.0002,0.113184944,853.9091,0.24224092,-130.76495,-0.6582437,-13.177611,-0.66078234,21.719574,0.4082315,0.030561365,0.5809564,-0.00085467304,-12.870461,0.04319703,0.7354278,35.900715,0.15342493,-3.388763,-4.739417,21.859133,0.75604826,-0.7634908,-12.147068,-10.402668,21.005219,0.004761009,0.006543998,0.018744146,1.9650655,1.7660046,0.20875,0.14269175,0.33499998,0.22577643,-42.069958,o,Ses03F_impro02,Ses03F_impro02_M026
199,24.290956,0.08688876,22.430557,23.990746,26.06913,3.6385727,76.386246,65.91446,11.390295,4.67422,0.1331103,0.9120242,0.049427554,0.10172125,0.17990501,0.13047746,2.4470522,1.8628336,1.5622847,1.2365179,0.027013874,1.2422878,29.778416,0.26768255,-0.43849626,-21.439157,20.068089,0.69468886,-4.024447,-2.5551386,0.017513845,0.933871,1.0427073,0.76435,4.9757013,0.3461835,7.2692595,0.61126447,26.713406,0.35393018,525.8826,0.4350409,1424.1791,0.16398683,-106.32752,-0.9039064,1571.57,0.15258114,1041.5565,0.2770709,-111.95783,-0.799377,2609.3083,0.1148263,951.89746,0.31076542,-113.10788,-0.7809999,-15.5131,-0.42699856,22.967302,0.32032567,0.021535525,0.8458873,0.0037948475,2.4584904,0.04290559,0.9789485,33.380875,0.21543463,0.92265326,11.381312,29.042309,0.48564824,-0.2854314,-44.701607,-11.049102,21.339197,0.0022261804,0.009387035,0.012263657,1.5360984,1.3931888,0.33888888,0.22486758,0.322,0.45538554,-41.6605,o,Ses03F_impro02,Ses03F_impro02_M027
200,35.846905,0.12661973,33.465965,37.81846,38.50576,5.039795,1053.1667,0.0,65.25437,48.699394,0.056194566,0.22352341,0.04758048,0.050053626,0.06530556,0.01772508,0.14241491,0.09011632,0.14293206,0.09237871,0.007970053,0.27295583,27.398056,0.10358098,-5.5934753,-0.8634403,10.537783,0.4615178,-10.977881,-0.41607958,0.025395455,0.35351056,1.4873855,0.39679188,4.259977,0.10968974,-6.6718554,-1.0283396,20.19117,0.23955597,597.5626,0.27840847,1496.9215,0.3952659,-197.42633,-0.11754449,1578.8182,0.07897263,1061.6069,0.22081292,-196.6249,-0.12647547,2697.667,0.046890873,880.6276,0.1673295,-196.89815,-0.118249014,-8.893181,-0.53822094,23.908533,0.19605577,0.019482447,0.61545444,-0.0012444721,-7.3724484,0.012530117,0.18244685,32.952717,0.05938867,-14.148129,-0.59769994,4.8883657,2.1881497,-14.39142,-0.3741867,-10.674771,21.129818,0.0033638072,0.008268941,0.007870183,1.7571886,0.64412236,0.024999999,0.005,1.204,1.5107163,-60.145283,o,Ses03F_impro02,Ses03F_impro02_F036
201,21.343466,0.10653191,18.83125,20.973167,24.09519,5.263941,349.51596,246.27379,9.659375,0.7997074,0.079661466,0.49025068,0.04864817,0.059687797,0.11345731,0.064809136,0.6559178,0.48248526,0.6104455,0.33713618,0.012257841,0.5537703,28.094131,0.313058,-1.9893552,-3.8261735,11.224923,0.67617965,-9.0191,-0.82637,0.012845006,0.95564795,1.1141107,0.60119325,3.2162519,0.5476145,4.7481003,0.5958235,23.66332,0.27417922,457.112,0.24466832,1362.2435,0.116612725,-148.20303,-0.5762835,1448.9402,0.10357015,1093.7386,0.17736346,-151.06996,-0.5351485,2449.5803,0.08296907,1042.4066,0.2104719,-153.49037,-0.5013868,-11.900435,-0.31885377,22.684708,0.24099608,0.025396042,0.5405433,-0.00220376,-4.2725005,0.019645479,0.3228984,37.556854,0.16281056,-4.791875,-1.6589491,11.485475,1.1335467,-7.382392,-1.2731898,-10.917582,20.767668,-0.0018384219,0.008207239,0.009783641,2.4528303,1.5238096,0.1625,0.10744184,0.42,0.45655715,-52.014374,q,Ses03F_impro02,Ses03F_impro02_M028
202,37.757603,0.004208041,37.590088,37.78991,37.877224,0.28713608,4.1290283,0.0,6.2297344,0.0,0.05819091,0.24930434,0.048457753,0.052210726,0.06547021,0.017012458,0.21743713,0.13168049,0.16362332,0.1212984,0.0084710345,0.35371003,27.337112,0.13870277,-5.051784,-0.89989465,9.290073,0.68023366,-10.727347,-0.5024873,0.0063899592,0.38761204,0.9143884,0.3079291,7.4461493,0.13074876,-10.414634,-0.50050396,20.623528,0.14857686,590.3816,0.20217967,1383.1747,0.09617932,-196.30267,-0.14973615,1517.3633,0.066683285,1133.2488,0.08521763,-196.44557,-0.14525606,2699.5103,0.07498586,991.95374,0.20031542,-196.84535,-0.13226841,-6.368936,-0.44431597,27.447536,0.13217494,0.023514533,0.54611635,0.010561218,0.41436526,0.012314895,0.12986569,32.058586,0.07730955,-18.647104,-0.13868628,-11.617942,-0.6235691,-22.616745,-0.22767931,-10.920531,21.55319,0.0039091064,0.0071403924,0.008401003,1.3227513,0.1331558,0.14999999,0.0,3.665,1.3349999,-59.336494,ans,Ses03F_impro02,Ses03F_impro02_F037
203,21.06579,0.07184,19.876186,20.71811,22.24125,2.3650627,84.83139,67.70742,12.335899,7.746198,0.09306208,0.5117762,0.04916971,0.07858049,0.1323573,0.08318759,0.7400523,0.30989823,0.6383472,0.31688178,0.014401166,0.54779184,28.17148,0.3935387,-1.8197547,-3.3456666,16.514553,0.6913828,-10.114201,-1.0068576,0.013610146,0.8963315,0.875124,0.6451118,3.6066823,0.34508422,5.763852,0.7621699,24.838589,0.24885795,535.3787,0.39369085,1402.9954,0.21037658,-129.10493,-0.7258794,1535.9253,0.16145368,1086.1874,0.36913478,-133.8703,-0.6544831,2593.9524,0.10208301,891.0348,0.2734835,-136.10602,-0.6218184,-13.938081,-0.3655332,23.114162,0.27472287,0.029060876,0.6316189,-0.005093338,-2.403221,0.021515325,0.30800325,37.172123,0.15972894,-2.3443696,-3.153482,21.244448,0.7536812,-10.312095,-1.4288087,-9.714868,19.40489,0.0015828821,0.009543276,0.010682167,2.3157895,1.4893618,0.22999999,0.1378405,0.36749998,0.3112776,-49.696804,q,Ses03F_impro02,Ses03F_impro02_M029
204,0.0,0.0,0.0,0.0,0.0,0.0,0.0,0.0,0.0,0.0,0.05927839,0.2455424,0.049171384,0.053967327,0.06501491,0.01584353,0.18178204,0.10314185,0.15688102,0.09517683,0.00809494,0.28464288,25.531363,0.13099623,-6.000887,-0.8240859,10.05896,0.5289481,-10.017825,-0.34672982,0.0,0.0,0.0,0.0,0.0,0.0,0.0,0.0,0.0,0.0,0.0,0.0,0.0,0.0,-201.0,0.0,0.0,0.0,0.0,0.0,-201.0,0.0,0.0,0.0,0.0,0.0,-201.0,0.0,0.0,0.0,0.0,0.0,0.0,0.0,0.0,0.0,0.0,0.0,0.0,0.0,0.0,0.0,0.0,0.0,0.0,0.0,-9.141094,19.947863,0.00265598,0.00988202,0.008107347,2.2058823,0.0,0.0,0.0,2.6599998,0.0,-60.4915,ans,Ses03F_impro02,Ses03F_impro02_F038
205,41.898422,0.034709692,42.275597,42.45761,42.5645,0.28890228,0.0,0.0,-0.17895292,0.0,0.062196027,0.25646046,0.050316572,0.05475674,0.07551795,0.02520138,0.21043614,0.13295396,0.15337148,0.058857005,0.008748369,0.30509776,28.218298,0.11309582,-6.756755,-0.686055,9.91655,0.5652949,-12.837505,-0.42233667,0.014199607,0.47532728,1.0952047,0.37975726,6.347865,0.35220793,7.691058,0.8321921,20.952675,0.2599087,629.9175,0.34755498,1426.6373,0.12958735,-193.97626,-0.17257614,1654.2455,0.17685123,1112.7798,0.0928712,-188.67415,-0.22940165,2733.327,0.13688152,1141.7332,0.45415297,-189.10669,-0.22133565,-10.148545,-0.2337794,19.957895,0.16977929,0.013735983,0.89207566,0.00041581813,20.031626,0.013938405,0.121735945,32.815853,0.08756352,-13.722902,-0.16165783,7.764463,1.0967407,-11.440629,-0.3161299,-10.914357,20.93939,0.005897676,0.004690453,0.008457391,2.0,0.2898551,0.19,0.0,1.0666666,0.74172467,-58.593304,o,Ses03F_impro02,Ses03F_impro02_F039
206,25.008371,0.06963773,23.601616,25.319704,26.338615,2.7369995,35.539097,18.174234,25.54705,26.758478,0.09374756,0.60411143,0.050751027,0.07188061,0.12815289,0.07740186,0.84372634,0.5507975,0.76196086,0.34428567,0.01728342,0.6961141,31.51424,0.3084155,-2.163447,-3.7561967,10.894364,1.03862,-7.6200023,-1.1206719,0.020992674,0.6631935,0.9953345,0.58487,4.566494,0.5142797,5.104893,0.5356067,28.603107,0.21560663,464.58795,0.2629619,1462.5396,0.13466477,-144.66914,-0.5876153,1496.1942,0.10960786,1171.9196,0.19414993,-147.35745,-0.5426172,2525.3413,0.08549429,1043.3545,0.24911098,-149.98451,-0.5056294,-16.166594,-0.44859046,27.312292,0.19440413,0.0203888,0.7625512,-0.0027229006,-2.6896226,0.026885899,0.4652228,39.80786,0.13017942,1.1750722,9.522351,11.812295,1.4497403,-0.068583794,-110.03297,-10.885836,21.008055,0.005472392,0.0054403674,0.013574168,2.9082775,1.8099548,0.1525,0.11594719,0.33666667,0.34286374,-48.251617,o,Ses03F_impro02,Ses03F_impro02_M030
207,0.0,0.0,0.0,0.0,0.0,0.0,0.0,0.0,0.0,0.0,0.053134795,0.14069611,0.048093505,0.05011333,0.058209036,0.01011553,0.13546517,0.17549868,0.111013,0.08224676,0.0077943853,0.22785178,27.321491,0.0659301,-4.860805,-0.7041309,11.535095,0.32822856,-9.851259,-0.3511466,0.0,0.0,0.0,0.0,0.0,0.0,0.0,0.0,0.0,0.0,0.0,0.0,0.0,0.0,-201.0,0.0,0.0,0.0,0.0,0.0,-201.0,0.0,0.0,0.0,0.0,0.0,-201.0,0.0,0.0,0.0,0.0,0.0,0.0,0.0,0.0,0.0,0.0,0.0,0.0,0.0,0.0,0.0,0.0,0.0,0.0,0.0,-11.705377,21.998144,-0.0028988721,0.008769055,0.007923751,4.458599,0.0,0.0,0.0,1.51,0.0,-60.6193,ag,Ses03F_impro02,Ses03F_impro02_F040
208,38.16991,0.046210296,37.217922,39.08613,39.598347,2.3804245,157.66296,0.0,17.220991,15.847405,0.058910143,0.29329872,0.048884254,0.05377914,0.06382928,0.0149450265,0.26687545,0.34364077,0.18363748,0.09781548,0.008358494,0.279368,27.354685,0.12544107,-4.7086782,-1.2896726,9.314173,0.6474713,-10.974165,-0.5223008,0.012311179,0.99735326,1.3603885,0.4774734,7.037986,0.21373649,-2.6967483,-3.835981,14.091832,0.4771864,574.9155,0.32931054,1306.7954,0.117008105,-194.18823,-0.175555,1628.3427,0.10615742,1049.1377,0.13923085,-191.52705,-0.20881277,2644.8696,0.07976465,1077.0377,0.3236248,-191.99861,-0.19744672,-7.613626,-0.6504638,21.085184,0.15641768,0.017591055,1.0649136,-0.0032832588,-1.5852886,0.014296405,0.25645036,32.03469,0.090912804,-20.059513,-0.53341395,3.2835183,2.7343223,-14.02829,-0.36575797,-11.448596,21.10821,0.0045672944,0.005956684,0.008096804,1.5850143,0.43541366,0.09333333,0.037712358,1.3019999,1.5054885,-58.91616,o,Ses03F_impro02,Ses03F_impro02_F041
209,0.0,0.0,0.0,0.0,0.0,0.0,0.0,0.0,0.0,0.0,0.04960898,0.058597732,0.047415547,0.04929974,0.05114557,0.0037300214,0.10680218,0.03764512,0.07153935,0.037085835,0.0070760283,0.23418424,27.406984,0.057599228,-4.296353,-0.5693092,9.304252,0.33455834,-9.108315,-0.34162244,0.0,0.0,0.0,0.0,0.0,0.0,0.0,0.0,0.0,0.0,0.0,0.0,0.0,0.0,-201.0,0.0,0.0,0.0,0.0,0.0,-201.0,0.0,0.0,0.0,0.0,0.0,-201.0,0.0,0.0,0.0,0.0,0.0,0.0,0.0,0.0,0.0,0.0,0.0,0.0,0.0,0.0,0.0,0.0,0.0,0.0,0.0,-11.223275,20.971083,0.0009211999,0.008593229,0.0071168705,9.146341,0.0,0.0,0.0,1.5799999,0.0,-61.791534,ap,Ses03F_impro02,Ses03F_impro02_F042
210,0.0,0.0,0.0,0.0,0.0,0.0,0.0,0.0,0.0,0.0,0.052193303,0.16038726,0.047093455,0.04904556,0.05523159,0.008138135,0.11972228,0.0919365,0.07726713,0.060426712,0.0077474955,0.23510446,27.174112,0.10803796,-3.6445076,-1.1756743,8.39699,0.58223194,-8.456514,-0.42425787,0.0,0.0,0.0,0.0,0.0,0.0,0.0,0.0,0.0,0.0,0.0,0.0,0.0,0.0,-201.0,0.0,0.0,0.0,0.0,0.0,-201.0,0.0,0.0,0.0,0.0,0.0,-201.0,0.0,0.0,0.0,0.0,0.0,0.0,0.0,0.0,0.0,0.0,0.0,0.0,0.0,0.0,0.0,0.0,0.0,0.0,0.0,-11.440303,22.549988,0.0010720409,0.009362728,0.007817907,3.0837004,0.0,0.0,0.0,2.21,0.0,-60.9367,ap,Ses03F_impro02,Ses03F_impro02_F043
211,21.581993,0.002068158,21.54041,21.615788,21.617779,0.07736969,0.021020507,0.0,0.0,0.0,0.05767823,0.27565247,0.04809163,0.050140932,0.0671718,0.019080166,0.34035042,0.24479999,0.16654395,0.105633244,0.010362433,0.5386492,30.191051,0.15045518,-2.318886,-1.1973237,10.428644,0.38597152,-8.625025,-0.47305125,0.03424974,0.3848648,0.73190707,0.4192085,2.904259,0.28220755,5.043947,0.06568733,28.324337,0.084287144,389.24136,0.05045808,1521.2233,0.020536186,-196.33205,-0.14116193,1366.3368,0.016994264,1172.5929,0.036706388,-196.54338,-0.13487656,2305.951,0.042084582,1482.1719,0.21940748,-196.87112,-0.124813676,-11.725313,-0.015566597,26.770922,0.034757726,0.04668195,0.1252343,0.0027937097,0.26643303,0.014377359,0.13992257,42.02634,0.009607593,-3.6923566,-0.042065643,-0.43030393,-6.0326076,-1.7612642,-0.24011539,-12.82726,23.901808,0.0030128628,0.0065328595,0.010356092,2.2123895,0.4524887,0.04,0.0,1.0699999,0.21,-57.433453,ag,Ses03F_impro02,Ses03F_impro02_M031
212,43.24769,0.15445144,44.72696,45.48526,46.83145,2.1044922,69.49616,44.408752,57.891464,0.0,0.063792154,0.32825196,0.048203785,0.05347568,0.07802352,0.029819738,0.18914326,0.17118028,0.210814,0.1315104,0.00927095,0.5463496,24.05466,0.17898196,-1.4030384,-3.8048341,14.638618,0.41436088,-11.310485,-0.557384,0.031484216,0.9888217,1.1263257,0.72130215,10.527091,0.3148083,2.717956,3.8422494,7.8251004,0.75036633,780.2147,0.2741046,1465.2981,0.16169557,-175.25594,-0.35646865,1880.4937,0.12779245,1110.7665,0.33288637,-171.12724,-0.3707272,2871.2803,0.11015293,1012.41907,0.27532932,-170.47783,-0.3774454,-19.645926,-0.17259263,26.064037,0.22947708,0.038327508,0.50747496,0.0034399333,2.4484134,0.014045127,0.49040127,29.23922,0.06548174,1.6980994,1.6477042,20.528597,0.44131836,-17.024609,-0.57021546,-11.046326,20.32174,0.0016853624,0.00841571,0.008276814,2.3460412,0.5952381,0.29,0.13,0.90999997,0.5097058,-53.487747,g,Ses03M_impro02,Ses03M_impro02_M000
213,0.0,0.0,0.0,0.0,0.0,0.0,0.0,0.0,0.0,0.0,0.047990106,0.0765622,0.045301314,0.04686292,0.049566917,0.0042656027,0.06887109,0.048353337,0.085893996,0.037238955,0.007437165,0.24254751,27.984234,0.0812191,-1.2793928,-2.3307893,10.89385,0.32378897,-8.508066,-0.4685454,0.0,0.0,0.0,0.0,0.0,0.0,0.0,0.0,0.0,0.0,0.0,0.0,0.0,0.0,-201.0,0.0,0.0,0.0,0.0,0.0,-201.0,0.0,0.0,0.0,0.0,0.0,-201.0,0.0,0.0,0.0,0.0,0.0,0.0,0.0,0.0,0.0,0.0,0.0,0.0,0.0,0.0,0.0,0.0,0.0,0.0,0.0,-13.131202,22.166769,-0.0028558758,0.0075496975,0.00751765,5.2631583,0.0,0.0,0.0,2.03,0.0,-60.791855,g,Ses03M_impro02,Ses03M_impro02_M001
214,43.24346,0.15448569,44.73046,45.4801,46.8268,2.0963402,69.48142,44.4008,57.94139,0.0,0.06553016,0.3365067,0.048593935,0.054576367,0.0857704,0.037176464,0.22799005,0.20400125,0.20351963,0.14386974,0.009595855,0.5646008,24.459757,0.16438702,-0.8838769,-6.2102666,14.564041,0.44868907,-11.838718,-0.56231296,0.024692714,0.9889557,1.0331063,0.5127176,10.529168,0.31478715,2.6146472,4.1355095,7.6772065,0.8501008,800.48895,0.27094454,1468.2108,0.12894355,-169.7635,-0.39677027,1883.149,0.14964366,1125.4916,0.2227221,-163.74214,-0.4217083,2835.1318,0.10265688,1128.6248,0.3786661,-163.60939,-0.4239248,-19.635141,-0.17326277,26.0551,0.22935478,0.03721498,0.5157627,0.0030964585,2.8266141,0.013897209,0.47489718,29.22037,0.07397874,1.6407287,1.5800797,20.610395,0.4503824,-17.085798,-0.5511551,-11.607994,20.723423,0.003001048,0.0076603005,0.008444362,2.8673835,0.729927,0.29,0.13,0.7033333,0.38577482,-52.743725,b,Ses03M_impro02,Ses03M_impro02_F000
215,43.488434,0.06411199,40.778194,43.556755,46.496014,5.717819,58.77378,83.87289,50.84955,57.34351,0.102906354,0.6903932,0.048614033,0.072269335,0.15958565,0.11097162,1.5341158,1.7557338,0.7316813,0.47556573,0.017905172,1.0646435,25.652445,0.26703292,-6.792544,-1.2833388,9.965043,0.88042367,-14.084512,-0.74482477,0.015105385,0.89583397,0.9069763,0.80366844,11.598636,0.30474502,10.147033,0.93811595,19.671259,0.36503708,811.09906,0.26905775,1377.9896,0.26953694,-154.37122,-0.5135461,1806.3864,0.13089421,1149.2976,0.2748511,-145.4611,-0.55244094,2864.1064,0.092176795,925.68677,0.34833583,-147.4212,-0.52598816,-13.07384,-0.45539173,25.59608,0.28592706,0.041089915,0.63411963,0.002211753,7.41537,0.027837321,0.8496303,31.19948,0.17514746,-11.393491,-0.77708083,5.0304046,2.4939783,-20.192623,-0.64133763,-10.020187,19.704063,0.008773354,0.008156866,0.013592235,1.6731017,1.4248705,0.20818181,0.15373047,0.4333333,0.37196177,-45.272015,s,Ses03M_impro02,Ses03M_impro02_F001
216,44.571316,0.08652249,42.398087,43.601044,48.09294,5.6948547,35.240097,0.0,-91.12852,0.0,0.07204847,0.6292131,0.045938242,0.048585046,0.09897688,0.053038638,0.68093675,0.419273,1.0151922,0.65136254,0.013069306,0.9166259,27.367472,0.1494458,-4.8987484,-1.4527044,8.022296,0.7705954,-11.2211275,-0.62816966,0.05436166,1.2093935,1.040159,0.5756816,8.9162245,0.30456114,9.161153,0.7409146,21.530666,0.18886879,819.5247,0.18511951,1335.18,0.15359227,-173.2189,-0.36986083,1708.0853,0.086949795,1086.4663,0.2181287,-164.31252,-0.42854595,2857.21,0.06808118,700.3273,0.3577574,-166.73615,-0.3947511,-9.868857,-0.53429836,26.557652,0.14324683,0.041779123,0.42898065,0.0016539915,5.6639605,0.03237225,0.40653068,31.252033,0.14090954,-14.148119,-0.5981724,1.4280796,5.5083933,-20.601418,-0.4160653,-12.029743,21.775194,0.0022483494,0.007245321,0.008467784,1.746725,1.3392857,0.14,0.08286535,0.4375,0.35138118,-52.19478,q,Ses03M_impro02,Ses03M_impro02_F002
217,22.664776,0.0,22.664776,22.664776,22.664776,0.0,0.0,0.0,0.0,0.0,0.052779786,0.21916716,0.045264654,0.047577005,0.057877947,0.012613293,0.1500404,0.11694386,0.16116382,0.15498923,0.008053578,0.23432356,28.160868,0.10032699,-2.8576558,-1.6074282,9.431277,0.48760068,-9.332421,-0.54643464,0.021231513,0.0,2.1562698,0.0,1.0661925,0.0,2.0129337,0.0,27.38617,0.0,401.57574,0.0,2013.4989,0.0,-199.65918,-0.060315322,1205.1382,0.0,1702.122,0.0,-199.71005,-0.058012035,2462.394,0.0,919.46045,0.0,-199.83006,-0.052583613,-13.780886,0.0,23.399174,0.0,0.0009857379,0.0,-0.019273678,0.0,0.010524699,0.0,34.20778,0.0,0.080878645,0.0,-1.4448396,0.0,-25.147972,0.0,-12.097471,22.640059,-0.0034390802,0.009898054,0.00806301,1.6722409,0.0,0.0,0.0,1.4499999,0.61,-59.88729,b,Ses03M_impro02,Ses03M_impro02_M002
218,49.88146,0.04348606,47.95506,48.91118,53.225567,5.270508,56.879658,0.0,10.400454,13.300827,0.094334304,0.6524709,0.047673278,0.055910513,0.14719912,0.09952585,1.5889177,0.79578435,1.3213458,0.783907,0.01941453,1.2502503,19.086945,0.5349717,-4.68484,-2.0723655,12.754314,0.58347255,-12.884519,-0.94463587,0.03731533,0.4176121,1.9895749,0.62594056,10.830123,0.2279279,6.7526994,1.117461,10.030911,0.84862334,766.87994,0.30718154,1297.1566,0.16640963,-192.94957,-0.17058681,1760.7715,0.14262389,1100.8008,0.18317436,-185.34917,-0.23966949,2739.3203,0.09468665,1053.6154,0.32926828,-185.75676,-0.23252515,-12.022437,-0.7267296,22.932167,0.5325639,0.052049547,0.72400206,0.0022725016,5.9633255,0.057733964,0.6863886,19.25335,0.59545493,-4.1770635,-1.2393318,7.7193913,1.7824484,-27.378027,-0.41777816,-7.666441,15.266822,0.010684707,0.007676424,0.01591115,3.3333335,1.7142857,0.043333333,0.026246693,0.3875,0.32298413,-47.757294,q,Ses03M_impro02,Ses03M_impro02_F005
219,45.255054,0.04362132,43.75672,45.16809,46.65863,2.9019089,45.3562,16.464281,42.68569,13.40087,0.0887561,0.857459,0.046655517,0.04939489,0.124437496,0.077781975,1.3538563,1.3714218,1.3757682,0.7658786,0.02089019,1.3608605,22.078297,0.3778153,-0.54378957,-13.351712,8.407223,0.9483198,-12.123738,-0.87110573,0.045201786,0.9665234,1.0387764,0.6187237,10.026125,0.5038899,4.0638747,2.7045121,10.826012,0.82531947,897.5552,0.23985934,1252.3079,0.21568581,-169.17001,-0.38428384,1912.7592,0.111087136,1116.1476,0.2730777,-165.30867,-0.3986181,2876.0432,0.10470889,906.24243,0.28994754,-165.67159,-0.39369872,-11.401155,-0.5986926,22.887466,0.4090212,0.062113505,0.39810988,0.0040533184,3.014615,0.06430396,0.5231467,21.245386,0.5610766,-2.060163,-5.164141,6.4960713,2.009312,-24.89845,-0.6183472,-11.098214,20.178244,0.004850037,0.009602727,0.0097078355,1.746725,1.7857143,0.107499994,0.030310888,0.42749998,0.37298626,-43.76143,q,Ses03M_impro02,Ses03M_impro02_F006
220,18.317698,0.0,18.317698,18.317698,18.317698,0.0,0.0,0.0,0.0,0.0,0.061588008,0.41841435,0.046770968,0.050595354,0.06681398,0.020043015,0.099913076,0.049192835,0.08606425,0.04494412,0.009640644,0.38156474,27.815912,0.27978095,-1.2977834,-3.8038635,8.644784,0.4442336,-11.018813,-0.47740886,0.0,0.0,0.80058247,0.0,0.13773322,0.0,5.594469,0.0,27.902897,0.0,526.08057,0.0,1536.8497,0.0,-199.0588,-0.072035275,1640.3105,0.0,1300.2231,0.0,-199.17308,-0.06775635,2558.517,0.0,1029.9272,0.0,-199.24153,-0.06518901,-18.129143,0.0,25.473997,0.0,0.01545307,0.0,-0.00788061,0.0,0.015638255,0.0,35.79086,0.0,5.9163065,0.0,12.18332,0.0,-14.172764,0.0,-11.992027,22.647701,0.0022548626,0.0062077516,0.009601691,0.4878049,0.0,0.0,0.0,0.97999996,0.19,-57.89169,b,Ses03M_impro02,Ses03M_impro02_M005
221,38.104416,0.065303035,35.835968,39.08506,40.362045,4.5260773,17.891645,22.599737,13.585108,6.5059752,0.07967336,0.60928595,0.046293795,0.050096158,0.12105739,0.074763596,0.8160426,0.4643608,0.8553764,0.44762582,0.012115946,0.6058688,28.43409,0.24511138,-2.5089462,-3.0974262,9.209043,0.78070986,-10.121147,-0.8268429,0.014504914,0.7962515,0.9892599,0.51250774,9.215156,0.328321,8.686231,0.71019465,24.681807,0.44994497,821.03375,0.271379,1440.1926,0.25979498,-151.21709,-0.54450226,1778.421,0.12822776,1202.8945,0.16762963,-149.67465,-0.53320885,2900.7056,0.08590402,1092.0367,0.47076178,-152.13264,-0.49929428,-12.172665,-0.54626054,25.063787,0.29218572,0.025281591,0.8253528,-0.0042082886,-2.9724185,0.021628143,0.23354003,33.041565,0.2056678,-7.175458,-1.483725,8.1237755,1.4095131,-14.457201,-0.8998685,-12.27033,22.57373,-0.0023597216,0.007062678,0.008480145,1.9455253,0.7936508,0.35,0.22,0.59,0.35137823,-50.708,q,Ses03M_impro02,Ses03M_impro02_F007
222,19.80716,0.00039346996,19.79973,19.806763,19.81443,0.014699936,0.0,0.0,-0.0036244392,0.0,0.052499987,0.10318122,0.047776777,0.051983085,0.056483798,0.00870702,0.13941507,0.07004911,0.09908782,0.069343366,0.008045363,0.2582005,28.359356,0.13052036,-0.7662796,-4.5142603,11.253002,0.4281648,-7.587628,-0.58195543,0.011136619,0.0,2.3541207,0.12013017,0.74318856,0.47337002,12.532705,0.28866467,31.191208,0.045608517,622.0824,0.09351397,1586.5133,0.012909422,-198.07454,-0.10616816,1605.631,0.07501238,1308.5986,0.08026513,-198.20523,-0.101139426,2710.2363,0.056105554,957.32153,0.027034065,-198.34392,-0.0962645,-17.042253,-0.020972397,25.905622,0.025596306,-0.00094976556,-1.1434221,-0.005485865,-0.19126262,0.009571367,0.14638259,36.489773,0.027724765,3.3041258,0.14098126,12.0201845,0.073269345,-9.9072895,-0.044234626,-12.855877,22.459421,0.0031312252,0.0068076095,0.008082386,6.181818,0.37037036,0.03,0.0,1.3199999,0.22,-59.875473,ans,Ses03M_impro02,Ses03M_impro02_M006
223,45.285275,0.11240903,40.959915,44.35461,48.253407,7.2934914,88.17051,132.55537,34.724014,21.79323,0.2106421,0.90118814,0.049536612,0.14897136,0.34070808,0.29117146,4.06297,3.0052333,2.9478188,1.63254,0.053379167,1.1439979,20.175562,0.5099573,-10.708921,-1.2538468,10.717422,1.2324396,-20.719698,-0.74709004,0.02134453,1.3700507,1.0126089,0.63362473,9.565417,0.39948007,7.607589,0.9866509,10.851229,0.9476927,870.5038,0.25716305,1239.7715,0.21173458,-130.61938,-0.68052,1861.187,0.11644033,958.8682,0.33246163,-120.57135,-0.72403014,2849.2517,0.07750353,948.9125,0.34654626,-120.10204,-0.7241809,-8.228724,-0.91099405,17.574593,0.49030417,0.051118016,0.58966255,-0.0026281697,-5.371835,0.09755742,0.6605453,19.16901,0.4395439,-18.379404,-0.825089,9.604589,1.7878497,-30.779604,-0.49213144,-8.249184,16.696533,0.010105411,0.0060334606,0.017963326,3.240741,1.7462165,0.24733333,0.22985405,0.28562498,0.48980823,-37.299103,q,Ses03M_impro02,Ses03M_impro02_F008
224,27.62447,0.044250093,26.893711,27.748484,28.813004,1.9192924,7.8609247,4.508856,22.55295,10.420847,0.07127332,0.37565273,0.049326736,0.057439234,0.096785426,0.04745869,0.54014724,0.4487521,0.33750206,0.23272501,0.011227719,0.49300236,30.457247,0.20957528,-3.485151,-1.4065574,9.058095,0.7538941,-10.568049,-0.8769875,0.00882427,0.5868364,1.115273,0.35661012,4.5891743,0.36763018,2.0645916,3.824388,22.766275,0.28571522,511.6558,0.2988449,1372.8137,0.12366489,-146.30325,-0.58260566,1463.1511,0.15540245,1194.8567,0.18608722,-148.48683,-0.54888034,2575.9146,0.06767516,997.8394,0.40752524,-152.01942,-0.49947277,-13.8821,-0.28670624,27.700836,0.12232646,0.022326816,0.6437574,-0.012765257,-1.0105681,0.017194731,0.2736126,38.110256,0.060618,-0.96041375,-6.123713,3.452316,1.6463956,-19.732227,-0.587104,-10.765674,20.742287,0.0016470623,0.0067893052,0.009025959,2.6058633,1.3245033,0.2025,0.13083863,0.424,0.43246272,-54.063286,s,Ses03M_impro02,Ses03M_impro02_M009
225,40.077694,0.18944883,29.38021,43.10021,45.181427,15.801216,158.02837,110.66149,87.608315,104.07417,0.10018448,0.54197514,0.051718183,0.080341674,0.14558859,0.09387041,1.4841366,0.9494626,1.1615678,0.8259669,0.016124863,0.6304208,25.349333,0.33156592,-5.380842,-1.6750915,14.465968,0.65885586,-9.869729,-0.89779466,0.03377795,2.1689045,1.1606916,0.4817131,7.7331247,0.4775557,7.1990595,0.9352318,15.118324,0.69585955,797.6473,0.36454073,1327.8636,0.16403404,-147.85332,-0.54805374,1771.6365,0.17360987,1188.0538,0.5006142,-143.3133,-0.5572438,2842.3728,0.11231284,874.18616,0.29099953,-144.49268,-0.54134256,-10.704958,-0.5775725,20.640532,0.42065817,0.027614674,0.71078146,0.007546538,0.87806606,0.02112584,0.50889105,27.537588,0.28389364,-6.8154964,-1.8344249,14.2664175,0.8854393,-15.167488,-0.55007416,-10.057691,19.68866,0.001392031,0.009840846,0.014063333,3.3033035,2.4390244,0.121249996,0.06808772,0.23777778,0.2989529,-50.385628,o,Ses03M_impro02,Ses03M_impro02_F011
226,34.758545,0.2707807,26.77879,28.553488,44.587723,17.808933,20.89054,7.899477,99.74271,85.38849,0.089652866,0.51747966,0.05000708,0.07409836,0.12162343,0.07161635,1.1610837,0.78314805,0.8536157,0.7945918,0.014111967,0.6046439,26.567505,0.27761325,-4.5426188,-1.8309151,15.290106,0.62917393,-7.8441005,-1.0699079,0.01989715,1.1725796,1.1480775,0.49259922,6.4030056,0.5603341,4.398963,1.9417045,15.490142,0.55258995,646.98846,0.44700044,1308.9684,0.16895668,-151.54364,-0.5320612,1641.5515,0.15173098,1041.8807,0.28740376,-147.301,-0.5395361,2684.0125,0.10375879,907.6126,0.4083822,-148.2394,-0.52784604,-11.372683,-0.4598306,20.033764,0.37166524,0.02718715,0.712055,0.0035296348,2.6637897,0.019040845,0.4893142,29.058802,0.23764847,-6.4798117,-1.6727545,17.35062,0.7002011,-12.162163,-0.7763449,-10.694748,20.141876,0.0023531602,0.008898674,0.012155665,3.1914895,2.3255816,0.115384616,0.06901676,0.27285716,0.33171478,-51.636917,s,Ses03M_impro02,Ses03M_impro02_M010
227,40.20298,0.045131795,38.757004,40.0758,41.746216,2.989212,79.30278,105.67688,11.761692,10.329641,0.124119684,0.8800002,0.04675051,0.068561256,0.20102261,0.15427211,2.2431402,1.7048395,1.6913724,0.7909378,0.024603976,1.263152,26.475344,0.23519865,-7.027072,-1.7132766,12.84361,0.81236184,-12.189887,-0.8632822,0.01696654,1.0059474,0.9681094,0.5999005,9.169963,0.39970702,14.395789,0.5614154,18.392544,0.55070394,662.6575,0.35356218,1433.0101,0.14522171,-153.57332,-0.51964474,1697.6141,0.122106135,1082.641,0.2973243,-134.67937,-0.6349747,2725.6694,0.0942343,1000.47437,0.25548276,-135.441,-0.624722,-12.417293,-0.5761438,19.64941,0.4691085,0.031799834,0.58936197,-0.010128161,-1.0801673,0.0432242,0.8959653,27.929655,0.26829553,-9.304807,-1.5312728,17.219328,0.81487507,-19.769312,-0.576623,-10.12867,19.837063,0.0061970297,0.008705761,0.014239711,2.0446095,1.1257036,0.315,0.3352984,0.47285712,0.49137458,-44.98586,s,Ses03M_impro02,Ses03M_impro02_F012
228,37.206993,0.102354646,38.29205,38.565918,38.800766,0.5087166,158.9275,104.93448,71.77401,53.568043,0.06736986,0.58619964,0.04526095,0.04744428,0.08103263,0.035771675,1.2189845,1.3518972,0.4321207,0.3660652,0.014259317,0.92279094,27.107489,0.19620751,-0.71441406,-7.8554225,11.501493,0.6809564,-12.448631,-0.9830497,0.028192772,0.63038886,1.5395427,0.60030526,7.085473,0.47242156,20.153467,0.52724993,26.722696,0.24889567,657.7867,0.35304558,1344.4397,0.15169008,-182.81444,-0.2886593,1774.9956,0.110896595,1144.2716,0.30249208,-176.33575,-0.33135882,2702.1182,0.099159814,929.81744,0.43109894,-175.87463,-0.3391616,-15.481999,-0.29201338,23.594585,0.2820485,0.039049875,0.6212209,-0.018636508,-0.87431663,0.029288393,0.54566926,29.761728,0.22989124,-1.3868248,-5.7613907,21.863995,0.68084776,-31.114056,-0.51917464,-12.816188,22.520515,0.0019874186,0.006530279,0.011784229,1.7621145,1.357466,0.09333333,0.057927158,0.62333333,0.8040039,-51.236202,ag,Ses03M_impro02,Ses03M_impro02_M011
229,36.086803,0.12192933,36.43063,38.255043,38.68613,2.2555008,76.885956,85.595505,119.237206,93.42771,0.0962447,0.65964425,0.047656264,0.069806285,0.1515875,0.10393123,1.7950169,1.3659834,0.84992373,0.23868418,0.019110866,0.8188836,27.316801,0.238672,-3.4983788,-3.218353,11.525329,0.80005234,-13.570444,-0.90325546,0.030917136,1.1563932,1.3018284,0.5861201,6.205547,0.5957034,12.792264,0.9180238,22.226727,0.36122555,594.2324,0.38360783,1431.0663,0.13751991,-160.81183,-0.47237957,1652.831,0.12690003,1218.2402,0.28469533,-149.29301,-0.53050435,2608.6865,0.11225618,1085.0027,0.47821325,-149.98512,-0.52098477,-12.121399,-0.6314227,21.42499,0.36086783,0.045050368,0.48207992,-0.010362768,-1.7765044,0.03276728,0.5284334,31.3218,0.18329513,-9.650019,-1.605855,17.016659,0.828367,-25.143158,-0.5627387,-12.097828,22.386707,0.00456851,0.00517738,0.014115641,2.6819925,1.953125,0.13399999,0.06280127,0.29666665,0.3534905,-49.32925,s,Ses03M_impro02,Ses03M_impro02_F013
230,40.705532,0.05831034,39.208134,40.531902,42.446358,3.238224,127.37271,143.98418,39.049446,65.957016,0.087814145,0.6103479,0.047423564,0.06692495,0.12205687,0.07463331,1.126005,0.60683906,0.8516046,0.6539482,0.015730849,0.759475,28.234564,0.21258783,-4.599277,-1.9754521,11.753873,0.7779919,-10.7263155,-0.9155937,0.036285006,1.315553,1.2816467,0.4244548,7.6757846,0.24349888,13.7455225,0.6909142,19.48788,0.45730084,644.5756,0.35454026,1395.8385,0.11747841,-153.86629,-0.51379377,1681.2244,0.13600144,1168.7711,0.30641127,-132.22696,-0.6390739,2664.3486,0.104380555,1079.1387,0.53562915,-133.62097,-0.6205452,-13.0922575,-0.42395157,21.939499,0.3303065,0.021322493,0.9020962,-0.0037964957,-2.9476726,0.023011157,0.50875217,30.418718,0.17838173,-7.041645,-1.4421469,15.403727,0.6856868,-16.091963,-0.7490968,-11.733945,22.453764,0.0036753966,0.009884706,0.011520422,1.8469657,1.8716577,0.1942857,0.19877172,0.27875,0.27988556,-50.574005,o,Ses03M_impro02,Ses03M_impro02_F015
231,40.307133,0.03873092,38.477543,40.4205,41.72023,3.2426872,277.3018,0.0,-1.5654373,18.127861,0.067858405,0.61963046,0.045694925,0.0474403,0.08313728,0.037442356,1.343721,1.4045746,1.1510967,0.6369435,0.012071347,0.87575954,24.648043,0.288417,-2.4310312,-2.7312856,11.673832,0.6760885,-9.2036495,-0.91944915,0.02235649,0.8375405,0.87889653,0.54334754,6.9852505,0.33415678,17.80781,0.33241087,14.987986,0.3478365,627.4279,0.21875477,1423.84,0.1270446,-188.63223,-0.23658009,1761.576,0.1278658,923.21564,0.38819626,-182.85023,-0.2810825,2719.1345,0.06904229,1015.0038,0.30414313,-182.3716,-0.28884587,-10.53703,-0.3817893,15.124688,0.29015207,0.030817585,0.5334954,-0.010312575,-1.0257666,0.028004926,0.52774763,24.107801,0.22267811,-5.949213,-2.3866723,22.044682,0.51461846,-23.989935,-0.43831822,-11.4041815,20.178312,0.0033766567,0.00783405,0.010477767,2.4734983,1.0791367,0.08333333,0.018856179,0.615,0.49520198,-53.884758,s,Ses03M_impro02,Ses03M_impro02_F016
232,27.241291,0.07797344,25.170898,27.293169,29.289198,4.1182995,22.267338,11.0320015,12.056814,5.839823,0.078511745,0.47257155,0.047450677,0.064523324,0.10570641,0.058255732,0.5833015,0.43150726,0.2942529,0.11818161,0.013844078,0.5983772,29.313808,0.23922263,-0.40357986,-19.682142,13.457149,0.7663208,-6.3444138,-1.4321436,0.017271923,0.68893987,1.348083,0.45373714,3.8003194,0.5924647,5.9958067,1.8520882,22.294003,0.48001108,593.8865,0.39550292,1379.2882,0.12452907,-144.10648,-0.57842463,1618.5947,0.17732334,1059.7455,0.21267897,-144.54184,-0.55694664,2658.7256,0.12691866,1009.41547,0.22465782,-146.43904,-0.5314846,-13.7825365,-0.44125664,23.369675,0.2274776,0.012623612,1.6645712,0.0004185738,29.554853,0.020193404,0.4112654,33.534245,0.16656779,0.554615,16.120049,15.522075,0.93533313,-6.1890235,-2.041037,-12.034564,21.775545,0.000503603,0.008701761,0.011127581,1.8675722,2.2260275,0.12923077,0.07600217,0.29846153,0.314223,-51.83811,dag,Ses03M_impro02,Ses03M_impro02_M015
233,39.698273,0.091385156,38.718292,39.469925,42.157585,3.439293,616.94855,785.05005,270.717,258.37003,0.09281691,0.5730117,0.048600744,0.07688975,0.13329841,0.084697664,1.554267,0.8960322,0.9814092,0.6078306,0.015134556,0.75697184,24.933247,0.31057695,-4.1933203,-2.4876149,8.994327,1.1052145,-7.2069545,-1.1949278,0.022064306,0.9772573,1.3493577,0.80146456,7.420561,0.35786563,8.239844,1.1828535,16.09243,0.61270535,777.6712,0.26150027,1439.9587,0.13903296,-165.3453,-0.4310822,1724.7301,0.11211736,1139.1957,0.2292095,-157.8186,-0.4691444,2775.0432,0.075381316,975.7322,0.30438957,-159.23186,-0.44944945,-7.689633,-0.86142266,19.327711,0.35624242,0.02542416,0.8420335,0.0009987807,10.3944025,0.024628738,0.4412,29.023699,0.2193471,-12.3178835,-0.87748027,10.421333,1.3906637,-13.060315,-1.0559374,-10.301605,19.851181,0.006972999,0.0087617,0.012429644,2.0231214,2.052786,0.10428572,0.07537661,0.31625,0.3170543,-50.57931,o,Ses03M_impro02,Ses03M_impro02_F017
234,39.694317,0.09138426,38.71852,39.435783,42.159042,3.4405212,616.9334,785.02856,270.7051,258.35452,0.09698927,0.5562977,0.04888274,0.08383045,0.14071195,0.09182921,1.555423,0.8951679,0.98740214,0.6025646,0.015956504,0.73124504,24.873173,0.32549524,-4.090865,-2.658567,8.647499,1.1870697,-7.352156,-1.2054412,0.020157827,0.8802167,1.2757815,0.73842186,7.420122,0.35808158,8.316116,1.1822054,15.562011,0.6396619,762.783,0.22352569,1422.328,0.11538094,-161.10542,-0.4597215,1701.672,0.105139695,1189.6743,0.2678473,-153.58893,-0.4963304,2745.9343,0.08305093,972.5576,0.40529767,-154.91164,-0.47774938,-7.688226,-0.8616307,19.325397,0.35643885,0.025797762,0.83834237,0.0009783478,10.648728,0.024622316,0.44035208,28.990772,0.22068189,-12.273324,-0.887393,10.3764,1.3838055,-13.001523,-1.0536455,-10.298325,19.82185,0.008251529,0.008301175,0.013248984,2.2222223,2.2580645,0.10428572,0.07537661,0.2775,0.3016517,-50.199528,s,Ses03M_impro02,Ses03M_impro02_M016
235,31.643509,0.059947435,28.465517,32.604603,33.025444,4.559927,19.273352,13.434827,10.190088,9.350997,0.08857342,0.48400944,0.048583347,0.077093884,0.115695745,0.0671124,0.6065983,0.5044244,0.3192086,0.21668394,0.017665775,0.71298724,32.505856,0.209686,-3.104728,-2.7734551,7.89631,1.03885,-11.206344,-1.0410646,0.01292053,0.88075256,1.1688397,0.41393688,6.0074816,0.239678,1.5037136,5.057264,28.419472,0.20486717,524.43506,0.34838742,1544.445,0.18696158,-148.34366,-0.57055026,1457.6456,0.15734166,1221.1461,0.21326788,-147.87488,-0.55091244,2636.763,0.07971039,1053.5442,0.34822202,-152.08624,-0.49183902,-13.126152,-0.4709181,29.247244,0.11672848,0.020751746,0.96206856,-0.004436855,-3.0355725,0.025483647,0.3455814,39.449417,0.08108342,-2.425093,-2.7960315,3.1593847,3.319131,-15.090186,-0.88622886,-12.234851,23.151606,0.007886564,0.0053837015,0.014796474,2.0771513,1.5060241,0.17999999,0.12312595,0.385,0.2784331,-49.79316,s,Ses03M_impro02,Ses03M_impro02_M017
236,41.43666,0.10243444,40.087387,42.368835,43.961807,3.8744202,51.31558,56.47611,32.15786,30.215794,0.23188248,0.5129243,0.13094635,0.21237694,0.3324838,0.20153745,2.4892359,1.3408688,2.510473,1.4405808,0.049361058,0.6545815,23.549337,0.41946426,-13.57283,-1.0000383,11.60301,1.1456031,-20.293581,-0.5643355,0.01903891,0.93189925,1.192881,0.6175252,7.7036304,0.41157976,8.173025,0.95390636,16.678877,0.756919,724.2361,0.36675915,1409.4111,0.1924762,-106.314606,-0.8533949,1685.9653,0.12222667,1109.736,0.23414958,-86.022766,-1.0020701,2696.0554,0.09161694,1041.5253,0.33252534,-89.877884,-0.9241076,-7.768712,-0.74137473,17.543272,0.5008038,0.032713868,0.54333544,-0.0041162483,-2.916294,0.05505416,0.50073916,26.815704,0.3157903,-16.936504,-0.772964,10.743636,1.3691286,-21.939882,-0.47023046,-6.5447893,13.629606,0.02215912,-0.0012699107,0.04192545,4.901961,3.3333333,0.174,0.21643475,0.106,0.10307279,-41.080944,s,Ses03M_impro02,Ses03M_impro02_M020
237,33.55528,0.1787702,28.03917,30.531944,41.27427,13.2351,71.049934,76.16547,22.323195,20.733955,0.08305857,0.58472604,0.056039587,0.06776602,0.08950214,0.033462554,0.36430973,0.23236679,0.3906404,0.32233444,0.014308349,0.69764125,25.653831,0.30201375,-0.09182348,-130.82133,16.936852,0.5049284,-7.8256383,-1.476229,0.021166587,0.65472466,1.1144979,0.53203255,7.262552,0.3901978,12.356796,0.55717355,27.631924,0.2895793,681.4756,0.34406742,1425.3312,0.16452834,-150.41916,-0.52786434,1730.0519,0.15549278,1126.514,0.2131055,-145.59209,-0.5353364,2784.2224,0.12799826,1016.4293,0.28344655,-146.51836,-0.5235896,-17.213795,-0.37103698,26.69453,0.27308634,0.010099961,1.7958885,0.0028642952,3.656149,0.022224503,0.6281616,32.1248,0.12719406,0.49329484,31.425983,16.784286,0.6683985,-10.181057,-1.7991277,-10.914122,19.505701,-0.004556367,0.010039895,0.010918423,1.6528926,2.234637,0.13125,0.10599971,0.2622222,0.43953958,-50.140068,s,Ses03M_impro02,Ses03M_impro02_M021
238,0.0,0.0,0.0,0.0,0.0,0.0,0.0,0.0,0.0,0.0,0.06434742,0.32079688,0.046920344,0.059388846,0.075471565,0.02855122,0.27113202,0.23728564,0.15954044,0.07838478,0.009597491,0.3489864,22.350544,0.38277555,-0.033854578,-315.3195,12.758967,0.46701843,-7.480442,-0.7410687,0.0,0.0,0.0,0.0,0.0,0.0,0.0,0.0,0.0,0.0,0.0,0.0,0.0,0.0,-201.0,0.0,0.0,0.0,0.0,0.0,-201.0,0.0,0.0,0.0,0.0,0.0,-201.0,0.0,0.0,0.0,0.0,0.0,0.0,0.0,0.0,0.0,0.0,0.0,0.0,0.0,0.0,0.0,0.0,0.0,0.0,0.0,-10.221594,19.347933,-0.0040611667,0.011024474,0.009522441,2.347418,0.0,0.0,0.0,2.07,0.0,-58.17322,ag,Ses03M_impro02,Ses03M_impro02_F020
239,30.569576,0.052416924,28.762995,31.022991,31.991478,3.2284832,25.487318,17.718145,8.47159,7.2045946,0.092438795,0.48475876,0.05201351,0.07877954,0.12318958,0.071176074,0.5335225,0.49355143,0.42611092,0.13761209,0.015714189,0.60749245,28.550097,0.32248965,0.36691934,34.984337,12.094268,0.69784224,-6.0079765,-1.9999703,0.012623937,0.8941077,1.1394005,0.4580916,6.227985,0.3607068,8.551513,1.1884682,26.79459,0.4235778,646.674,0.34489584,1429.6353,0.14827281,-125.698204,-0.7307101,1648.8608,0.15658292,1197.6372,0.25456354,-124.532486,-0.7086019,2694.771,0.11987024,1032.8868,0.27959415,-127.86434,-0.6592496,-14.536758,-0.44046083,24.983454,0.26038846,0.015300327,1.0980557,-0.0004935801,-25.575695,0.021467475,0.44819772,34.358013,0.17344962,-1.3237196,-11.013647,13.787423,0.8376823,-7.0512724,-2.2532766,-11.033789,19.97468,-0.00041469093,0.00862514,0.011892377,2.3188407,1.4705883,0.274,0.21171679,0.32,0.21825062,-49.27502,o,Ses03M_impro02,Ses03M_impro02_M022
240,26.815023,0.030107936,25.948708,26.740334,27.57995,1.6312428,68.232025,34.046688,3.0264673,3.159129,0.06601578,0.4027288,0.04557863,0.048989266,0.093639836,0.048061207,0.4406837,0.31928688,0.3509337,0.12646677,0.010526095,0.4255298,31.043602,0.14625268,-3.6028497,-1.463604,8.565052,0.69015944,-6.8014345,-0.8187882,0.014260024,1.2933372,1.2034036,0.4192389,4.1252213,0.26308239,7.0956974,1.0038586,22.87121,0.29575044,522.05414,0.23663554,1368.4836,0.12401132,-152.73077,-0.5246168,1485.971,0.11164773,1141.5569,0.17097276,-153.46835,-0.5064733,2618.949,0.07952546,908.7185,0.21700694,-156.36415,-0.46614337,-14.24352,-0.20173016,26.80935,0.0931354,0.0057546855,3.651288,-0.008314306,-0.970829,0.015027175,0.19183724,36.97614,0.06730795,-2.5579672,-3.076139,5.0710287,1.4434925,-11.889338,-0.6355064,-12.107168,23.42871,-0.0049315216,0.00918476,0.0091325855,1.8939395,1.9305019,0.121999994,0.031874754,0.31166667,0.4254573,-55.12277,o,Ses03M_impro02,Ses03M_impro02_M023
241,39.36761,0.04598974,38.34616,39.228947,40.683666,2.3375053,216.45097,348.105,20.356337,27.266886,0.11000991,0.6953496,0.04812851,0.08247474,0.17038366,0.12225515,1.1098851,0.65002286,0.9371377,0.44700935,0.018704088,0.813176,25.616821,0.30677608,-5.4341197,-1.9105773,17.029558,0.6744811,-12.471119,-0.8703462,0.016302293,0.9105634,0.97170675,0.5848939,8.624248,0.33224684,14.58967,0.65776384,18.94257,0.47631782,602.525,0.35455653,1393.7155,0.16984718,-156.77972,-0.49116433,1682.4263,0.10958392,1033.0206,0.3205438,-136.41171,-0.60877126,2646.1997,0.093080476,1095.3873,0.34266934,-137.04778,-0.59957504,-10.178944,-0.72815204,18.17379,0.44638073,0.029498078,0.5801007,-0.0063594123,-2.20484,0.030005725,0.5525048,27.319126,0.30148056,-9.920031,-1.2872807,21.21896,0.70445794,-17.548794,-0.7778268,-10.873222,20.026176,0.008941767,0.0074800747,0.012659364,2.2222223,2.2471912,0.14899999,0.15731813,0.25,0.31484482,-47.930172,o,Ses03M_impro02,Ses03M_impro02_F021
242,38.063965,0.19313762,27.453432,41.03998,44.44656,16.993128,102.35043,104.05851,56.15036,50.42517,0.2087357,0.7495892,0.09229988,0.15493396,0.2870968,0.19479692,3.3136604,2.6434088,1.4839385,1.6218275,0.04982347,1.2392874,25.164137,0.3072447,-10.893568,-1.344285,9.940569,1.6390526,-19.580225,-0.8662338,0.02353093,1.0628345,1.1186374,0.60497934,7.5306687,0.5741189,5.369448,1.8227241,17.817377,0.59441984,792.7001,0.26258752,1387.8882,0.1747811,-98.27522,-0.93129784,1787.2266,0.13030475,1101.2019,0.32231626,-96.06367,-0.89052933,2785.2844,0.09034483,987.1778,0.28222883,-97.53569,-0.86413765,-10.527548,-0.7113479,20.85417,0.34388784,0.02718328,0.7665825,0.0014001114,10.119756,0.058562532,1.2279345,26.851084,0.28080544,-10.333054,-1.558238,10.548646,1.749841,-20.93055,-0.9216407,-6.2866254,15.952264,0.014162855,0.0043506906,0.03698287,2.227723,3.2663317,0.16538462,0.1028528,0.12076923,0.058106206,-38.33156,o,Ses03M_impro02,Ses03M_impro02_M026
243,40.76575,0.12705886,38.8912,41.714455,44.650307,5.7591057,110.10217,123.785484,165.73772,293.3333,0.19863868,0.71001184,0.09037283,0.15712467,0.28361422,0.19324139,3.2213776,2.536154,2.1458783,1.4420787,0.047236405,1.1252679,24.572802,0.3765499,-9.600247,-1.5253608,8.299153,1.7610304,-22.89729,-0.80594224,0.019002534,1.069025,1.0916187,0.73405075,8.717634,0.45705137,6.229822,1.4793305,16.82169,0.6750408,816.5314,0.2595576,1347.8494,0.18347627,-109.30507,-0.8353699,1819.8998,0.13344772,1129.4615,0.29572165,-105.95881,-0.80527055,2820.8245,0.087429784,935.2543,0.36693624,-106.58692,-0.7937652,-10.25532,-0.74946463,20.228786,0.39760444,0.032866538,0.6695778,-0.0043835444,-3.769557,0.06416271,0.97151303,26.083147,0.3406446,-10.002364,-1.6394278,7.5607486,2.3183236,-30.580029,-0.63518417,-7.1120386,15.827112,0.016318275,0.0032387876,0.029359523,2.746365,3.257329,0.15149999,0.11984468,0.14105262,0.15950234,-39.032368,s,Ses03M_impro02,Ses03M_impro02_F024
244,31.594482,0.22471797,25.94486,27.847717,41.181313,15.236452,931.4992,651.3591,18.116192,5.9917192,0.0708014,0.58318806,0.05224655,0.057581756,0.06782255,0.015576005,1.3604347,1.0117459,0.59546757,0.921288,0.011453961,0.7048101,26.885092,0.16489561,-3.3413131,-2.9134328,11.626757,0.6782338,-4.9680467,-1.5260491,0.022216743,0.64705837,1.3671672,0.40109614,5.4225235,0.4407591,6.2842093,1.504467,20.767641,0.5686624,820.5007,0.2550668,1329.6654,0.13469422,-174.10974,-0.35558417,1830.72,0.12239421,1152.1141,0.16771685,-172.92244,-0.3555853,2828.9326,0.086776584,1026.5227,0.18740915,-173.66699,-0.34475568,-14.855135,-0.46511453,24.50616,0.29275185,-0.0005279828,-31.34428,0.005254866,2.1881938,0.017233998,0.5601465,29.947023,0.20141177,-3.42049,-3.7680192,17.192299,0.5983177,-5.53166,-2.0039978,-11.175063,21.246834,-0.0016837685,0.009554117,0.009557074,1.5831134,1.344086,0.11,0.076157734,0.614,0.45627186,-53.939346,ag,Ses03M_impro02,Ses03M_impro02_M027
245,40.662952,0.095145926,40.46465,41.40295,42.533863,2.0692139,148.08185,0.0,-102.207405,80.94685,0.0796493,0.62916,0.046720795,0.058763802,0.09970429,0.052983493,1.4298071,0.9637863,0.8109419,0.71485466,0.013410273,0.82109386,26.746452,0.14007582,-6.334517,-1.3154718,12.201498,0.93832195,-11.038121,-0.7224468,0.040653273,0.94243205,1.9461377,0.771219,4.4205923,1.0674084,2.444433,2.9771962,13.187777,0.62355804,795.90247,0.18639348,1353.657,0.18232791,-183.14415,-0.298379,1740.954,0.09184491,1294.2429,0.32346308,-179.44695,-0.32415426,2656.7122,0.06924901,1134.4395,0.30042318,-180.07388,-0.31294832,-5.2849455,-1.2686703,18.333456,0.19890061,0.028511258,0.5632586,0.0068847667,2.3860772,0.03502439,0.35376182,25.167963,0.18190943,-22.005226,-0.3339256,8.757328,1.6176056,-15.006709,-0.88396466,-10.6526985,20.274916,0.0063332957,0.006092363,0.0108101815,2.8880866,0.7352941,0.145,0.125,0.79333335,0.5473776,-52.922306,q,Ses03M_impro02,Ses03M_impro02_F025
246,42.299755,0.062172815,40.96367,42.154232,43.57402,2.6103516,20.944466,14.430638,43.11062,79.21642,0.15141226,0.7892032,0.047494084,0.12002819,0.23968592,0.19219184,2.3648016,1.9243323,2.1484444,1.2841208,0.030616377,1.1839398,23.03654,0.4009955,-6.5686903,-1.8320408,9.798474,1.1949244,-16.092419,-0.9159572,0.017091861,1.1011484,1.0147525,0.71832126,9.8945,0.3729277,12.123529,0.67253023,18.05773,0.5114898,738.7418,0.30156463,1369.7755,0.1617331,-140.51326,-0.60873395,1743.8057,0.124388285,1038.7732,0.24116756,-124.01618,-0.698522,2771.7341,0.077049695,893.1718,0.34524325,-125.497025,-0.67666554,-10.651876,-0.6683303,20.451515,0.37133986,0.035465956,0.59507066,-0.005393729,-2.4490614,0.051568016,0.8359461,24.62092,0.33361486,-12.018842,-1.1227251,8.780549,1.7091188,-26.795872,-0.59768265,-9.323241,19.154099,0.0071132295,0.0072281403,0.015510976,2.3222063,1.9005849,0.21384615,0.20764387,0.29076922,0.3828328,-41.862766,s,Ses03M_impro02,Ses03M_impro02_F026
247,0.0,0.0,0.0,0.0,0.0,0.0,0.0,0.0,0.0,0.0,0.051433567,0.19911052,0.045978107,0.04805369,0.05432418,0.008346073,0.23853406,0.24917877,0.33311552,0.36469254,0.008017672,0.29406095,27.654696,0.1163508,-3.5985074,-1.1409639,9.468655,0.44213143,-6.2106385,-0.5930698,0.0,0.0,0.0,0.0,0.0,0.0,0.0,0.0,0.0,0.0,0.0,0.0,0.0,0.0,-201.0,0.0,0.0,0.0,0.0,0.0,-201.0,0.0,0.0,0.0,0.0,0.0,-201.0,0.0,0.0,0.0,0.0,0.0,0.0,0.0,0.0,0.0,0.0,0.0,0.0,0.0,0.0,0.0,0.0,0.0,0.0,0.0,-11.47572,22.742231,0.00021249393,0.011298459,0.008061158,1.0050251,0.0,0.0,0.0,3.9199998,0.0,-60.6302,s,Ses03M_impro02,Ses03M_impro02_M028
248,39.922276,0.06977678,39.542118,40.396667,40.889297,1.3471794,765.4329,732.8868,23.839966,17.43494,0.09819592,0.7444837,0.047097325,0.050293654,0.15423128,0.107133955,1.4117934,0.5523865,0.8014853,0.37027615,0.018109377,0.8947053,28.482924,0.18102753,-6.0976334,-1.3850815,13.767024,0.93148124,-14.634807,-0.8374063,0.023660447,1.0677232,1.1367306,0.7092405,8.684955,0.3276023,15.43181,0.68127364,20.641655,0.5145887,611.42737,0.39825803,1397.2372,0.12861589,-176.79593,-0.33668002,1648.3458,0.16623954,1123.8849,0.18047886,-156.73747,-0.4728884,2635.1465,0.10344957,953.0192,0.27630398,-156.98064,-0.46946135,-13.928849,-0.34386054,22.134443,0.3648485,0.024379034,0.66977054,-0.011248432,-0.9721898,0.029281167,0.4216772,32.289116,0.20854038,-7.351915,-1.8360541,15.551168,1.2478501,-24.370665,-0.5622644,-11.629909,21.364193,0.0070225224,0.004687797,0.014697993,1.9498608,1.6949153,0.13666667,0.11469767,0.4333333,0.8021984,-47.855156,s,Ses03M_impro02,Ses03M_impro02_M030
249,38.21941,0.118192956,37.114777,39.76566,41.000923,3.8861465,15.501565,26.913515,36.196007,0.88666916,0.066849224,0.5772672,0.046938963,0.049475238,0.08061896,0.03368,0.9120478,1.0186912,0.6943174,0.44439912,0.010049922,0.76654977,26.899124,0.16858763,-5.715158,-1.0497526,11.949802,0.50557894,-8.133978,-0.7927353,0.025473267,0.91778696,1.1845257,0.6747601,8.390042,0.43488544,7.805198,0.62501097,19.224861,0.38346535,842.8019,0.22856806,1418.9946,0.15126067,-177.22617,-0.33870876,1755.5424,0.09350117,1130.5778,0.23441882,-172.9505,-0.36639765,2842.7087,0.08607901,970.6682,0.41576365,-174.1411,-0.3482075,-12.097923,-0.49784797,22.567226,0.3365168,0.027155502,0.6497952,-0.001035142,-9.574144,0.019341065,0.6899907,31.871725,0.16039672,-11.775951,-0.8241149,15.897783,0.6018753,-11.968493,-0.9476093,-11.028603,21.474531,0.002838505,0.010361764,0.008437908,1.4234875,1.2567326,0.111428574,0.07239348,0.58,0.55049974,-54.36876,s,Ses03M_impro02,Ses03M_impro02_F030
250,28.318314,0.0019828044,28.277157,28.3193,28.359673,0.08251572,0.0,0.0,-0.045842487,0.0,0.048417613,0.10261392,0.045542035,0.046646465,0.049144126,0.0036020912,0.07955,0.037411105,0.09348215,0.08013511,0.0077267285,0.336955,27.549723,0.08950681,-3.3675618,-0.78132457,11.464316,0.4710217,-4.442331,-0.7721203,0.020529099,0.0,1.5329957,0.2458285,3.9968545,0.06973431,4.8585305,0.3798249,22.1497,0.051534522,322.78867,0.089569636,1518.1642,0.059355453,-199.20589,-0.077845864,1227.8992,0.023825554,1144.7474,0.01400494,-199.37662,-0.07030394,2212.1711,0.003163419,744.90186,0.022580115,-199.38414,-0.06999154,-15.730331,-0.018304203,21.752829,0.07246093,-0.013137833,-0.08475999,0.010957868,0.1285731,0.0076340213,0.029034622,31.776924,0.007458678,-1.9214803,-0.3375889,28.487722,0.015871616,2.1814904,0.42617863,-12.175535,22.823437,-0.0033337832,0.011454527,0.0077673504,5.504587,0.310559,0.02,0.0,1.5849999,0.015,-60.25599,q,Ses03M_impro02,Ses03M_impro02_M031
251,35.391,0.1611363,26.284763,38.807777,39.36417,13.079407,71.44027,48.422882,292.41507,156.20517,0.059617363,0.47390646,0.045000643,0.04680567,0.06378464,0.018783994,0.3424655,0.29539624,0.6506845,0.56885767,0.010016601,0.7066841,29.11155,0.18373707,-4.621946,-0.86254495,8.446654,0.5038344,-7.8315277,-1.024285,0.015225418,0.8046915,1.0191067,0.78262746,8.234481,0.50515145,14.793829,0.64811283,32.44951,0.26348355,501.26276,0.31131643,1541.6469,0.12544312,-190.38951,-0.22222365,1560.4043,0.15620928,1233.1095,0.19106932,-183.7883,-0.27783287,2741.7273,0.11105033,1202.6438,0.4069493,-184.72101,-0.26049128,-15.75253,-0.20340519,29.289772,0.26777202,0.046282932,0.17513217,-0.025957571,-0.29069915,0.022676466,0.35088432,39.71333,0.078359276,-0.9047809,-5.8902416,4.3727627,1.7664235,-27.159697,-0.48396674,-11.502695,21.915876,0.0029059374,0.008728351,0.008799186,1.6286645,0.9933775,0.08333333,0.06944222,0.89666665,0.51409036,-53.778114,s,Ses03M_impro02,Ses03M_impro02_F031
252,0.0,0.0,0.0,0.0,0.0,0.0,0.0,0.0,0.0,0.0,0.052900013,0.2828725,0.04560291,0.047772188,0.05237561,0.0067727007,0.17030412,0.1452001,0.07604274,0.029277239,0.0073861233,0.3724049,25.697191,0.13761099,-4.5312366,-0.6642427,8.985076,0.34968954,-7.59872,-0.5239675,0.0,0.0,0.0,0.0,0.0,0.0,0.0,0.0,0.0,0.0,0.0,0.0,0.0,0.0,-201.0,0.0,0.0,0.0,0.0,0.0,-201.0,0.0,0.0,0.0,0.0,0.0,-201.0,0.0,0.0,0.0,0.0,0.0,0.0,0.0,0.0,0.0,0.0,0.0,0.0,0.0,0.0,0.0,0.0,0.0,0.0,0.0,-10.625549,20.961119,0.002055295,0.010318712,0.007425841,1.2765958,0.0,0.0,0.0,2.29,0.0,-60.840984,q,Ses03M_impro02,Ses03M_impro02_M032
253,39.50802,0.14456238,36.858704,41.48487,43.0974,6.238697,314.78104,242.10388,69.13388,63.687508,0.10576858,0.62556416,0.048022702,0.086073734,0.1427346,0.0947119,1.5876882,1.3110466,1.0443962,0.6066908,0.020733375,0.83033127,27.375015,0.23348127,-5.6221056,-1.3817384,18.452297,0.5583293,-13.483352,-0.8123515,0.045679655,2.1371253,1.2741184,0.7107254,8.871919,0.33827028,12.710959,0.73928905,18.26462,0.4282687,706.00024,0.30485037,1376.9552,0.14082476,-144.34358,-0.56676805,1792.8374,0.12559485,1047.1439,0.39203686,-136.12584,-0.58555305,2751.981,0.084958546,966.6227,0.29591766,-135.88016,-0.5895515,-15.30916,-0.41654348,21.478392,0.39957458,0.0315633,0.5177688,-0.0067943987,-1.7445034,0.030409217,0.6492464,30.121267,0.22005244,-4.6183457,-2.1030521,23.250896,0.4360758,-18.762375,-0.75736743,-10.67216,18.464529,0.009713859,0.0039073764,0.015395242,2.1333334,2.7027028,0.128,0.08806816,0.2009091,0.26259038,-47.13357,ans,Ses03M_impro02,Ses03M_impro02_F032
254,40.134064,0.13482441,32.887886,42.429874,45.096416,12.20853,99.978325,104.196945,24.73158,6.344206,0.22688912,0.8175593,0.07273025,0.14221577,0.36767924,0.294949,2.7333918,1.8695253,1.7708509,1.5769935,0.05594045,1.1136242,26.506832,0.30820227,-13.792036,-1.0320251,11.375299,1.0371727,-15.205078,-0.87282515,0.013646659,0.87809306,0.9849982,0.59775865,8.321191,0.33856222,3.554781,1.8139647,14.904052,0.7493302,789.15424,0.32690513,1351.3855,0.15554272,-102.0928,-0.89933074,1731.2874,0.12545247,1128.4529,0.22206067,-95.885216,-0.92961234,2786.0127,0.070714995,956.88135,0.2633105,-99.543625,-0.8633034,-8.140381,-0.95822495,19.541855,0.41938046,0.03495279,0.7272891,0.00392472,4.2829385,0.07631113,0.9256803,27.417528,0.3295164,-16.968302,-0.91553384,10.697477,1.363538,-18.54156,-0.7391169,-8.782374,19.400066,0.0025426121,0.009674865,0.030908016,3.5856574,2.4590163,0.22,0.09201449,0.202,0.2503917,-38.214027,q,Ses03M_impro02,Ses03M_impro02_M035
255,41.66241,0.11282916,40.074852,42.451263,45.02673,4.9518776,114.52258,137.36723,95.93738,148.29643,0.27162033,0.7109762,0.079760864,0.22143084,0.4596705,0.37990963,2.5315237,1.2530227,2.9336326,1.5473882,0.0750194,1.0059519,22.384087,0.3981727,-16.476715,-1.0050085,13.646646,1.2004794,-18.18179,-0.83738,0.017834459,1.0087864,1.1594659,0.65183544,7.6499057,0.4402949,5.2906823,1.1148603,12.006311,1.068998,849.3205,0.28145048,1347.2524,0.24218376,-107.30553,-0.83493125,1787.1864,0.12514623,1107.7288,0.26930544,-96.33413,-0.9044988,2781.481,0.08494193,1021.483,0.24685448,-98.262634,-0.86688054,-5.786624,-1.2164047,16.418442,0.511399,0.03889327,0.62232715,0.00030976353,60.28186,0.103391245,0.8108864,25.479422,0.34178564,-22.241241,-0.71691525,10.209423,1.8386922,-21.357243,-0.7784376,-6.512098,13.486636,0.021770418,0.0035069652,0.04151247,3.9285715,3.6363637,0.144,0.07683749,0.13374999,0.20499618,-36.682934,o,Ses03M_impro02,Ses03M_impro02_F035
256,32.062702,0.09672166,27.279097,32.860245,35.451782,8.172686,12.941681,5.37773,49.183563,18.577978,0.08182341,0.38318595,0.060135953,0.07446886,0.09230125,0.032165296,0.5429948,0.44357017,0.16647616,0.17232917,0.0162986,0.6833401,27.99318,0.30830678,0.8814792,8.653818,12.385976,0.7277911,-8.863122,-0.9639209,0.015123469,0.4971948,1.323701,0.34755746,5.084731,0.22039355,2.9600184,2.4013252,27.379593,0.21907917,595.0445,0.2905796,1441.05,0.110009186,-164.3067,-0.43221086,1575.5725,0.13627376,1122.3121,0.16960162,-164.83517,-0.41066685,2763.5679,0.07650716,977.138,0.3535993,-166.92274,-0.38188428,-13.7965555,-0.3215549,27.148647,0.15195955,0.016482797,1.0179563,0.00036159702,34.533726,0.021256447,0.64210063,35.073273,0.10827581,0.9732095,7.6689606,9.579125,0.9814365,-12.423065,-0.92714554,-12.444909,23.032507,0.0026890326,0.0058342093,0.014721104,1.8087856,2.1052632,0.08625,0.0964284,0.36624998,0.29601255,-51.345554,q,Ses03M_impro02,Ses03M_impro02_M036
257,42.901688,0.07437479,42.27021,43.48843,44.61483,2.3446198,47.70117,30.32467,308.45526,417.65628,0.106483564,0.6575839,0.04862524,0.08086151,0.15258743,0.10396219,1.5209382,2.0368416,0.978011,0.9463189,0.018870603,1.0097591,24.795605,0.37694588,-4.6073313,-2.607551,6.656066,1.7880614,-17.453531,-0.9361066,0.022578314,1.6978661,0.9973813,0.7611226,11.10995,0.28457227,7.300855,1.0464828,20.077879,0.5559394,845.0358,0.22348808,1370.715,0.17757376,-154.57619,-0.5042566,1879.8875,0.11598428,1143.8523,0.36406878,-148.23938,-0.5279404,2930.6462,0.095811084,966.04736,0.271759,-149.16867,-0.5146895,-13.32692,-0.58489275,22.52587,0.35537866,0.036935434,0.55208033,-0.0042903014,-4.3377776,0.031537607,0.61157995,28.464565,0.279891,-6.064743,-2.458657,5.210245,3.2952363,-30.568382,-0.6891847,-8.704859,19.29245,0.005488868,0.007089951,0.013680044,1.923077,1.7278618,0.1625,0.08671073,0.35111108,0.37417892,-46.60001,ans,Ses03M_impro02,Ses03M_impro02_F036
258,40.537144,0.0255681,39.78439,40.416023,41.643646,1.8592567,28.856297,23.68179,13.987341,8.111561,0.14503795,0.7917745,0.04829013,0.10175164,0.24611686,0.19782673,2.2779038,1.546441,1.9126092,1.0121664,0.023772014,0.92853415,24.35896,0.42506376,-8.815861,-1.473443,12.31032,0.9413405,-14.7354355,-0.80277103,0.013179947,1.0099522,0.94406146,0.7279789,10.160438,0.29117557,5.271809,1.3529444,17.037394,0.42471898,656.6285,0.31847718,1424.8582,0.14206687,-146.13654,-0.57513916,1676.6267,0.112875715,1111.0874,0.25672063,-125.239204,-0.7096458,2671.7446,0.10858871,1103.2064,0.27215958,-127.21838,-0.6792178,-9.509233,-0.71819067,18.537027,0.43473795,0.022513006,0.5988351,-0.010439599,-1.0748123,0.040215,0.59667885,29.37453,0.2613946,-18.82864,-0.7006135,10.572299,1.4593486,-22.256618,-0.46887532,-9.022657,18.361456,-0.0007180016,0.008890747,0.012914438,3.1512606,1.6985137,0.22999999,0.18801595,0.29999998,0.32988212,-43.875854,o,Ses03M_impro02,Ses03M_impro02_F037
259,25.466755,0.0016104263,25.42882,25.465954,25.494062,0.06524277,4.005432,0.0,3.5327911,0.0,0.05463588,0.30746704,0.045869343,0.047804583,0.058436863,0.01256752,0.3476885,0.25138122,0.21365921,0.23128757,0.008166613,0.3917765,26.755882,0.2042365,-3.9101603,-1.1213255,10.245484,0.5858524,-8.034065,-0.71619946,0.041429937,0.51149404,1.0633466,0.13171503,3.9144778,0.06842635,7.922944,0.3040861,27.97338,0.07156729,810.3923,0.10494798,1697.2346,0.13197227,-199.09053,-0.08628321,1723.4135,0.06284957,1250.6326,0.093248114,-199.14491,-0.084189095,2718.6875,0.034304187,971.53625,0.055512175,-199.19392,-0.08163965,-15.985748,-0.016015142,20.975353,0.059984297,-0.0088557,-0.7133169,0.009418585,0.42365414,0.009718914,0.18224145,28.633043,0.041643936,4.0319314,0.2695914,30.87505,0.108825706,-3.686913,-1.0745237,-10.751633,21.743595,-0.0009384704,0.009796086,0.008176259,1.1925043,0.17182131,0.049999997,0.0,2.87,0.82,-59.477097,ag,Ses03M_impro02,Ses03M_impro02_M037
260,22.141184,0.043441057,21.153397,21.779732,23.074818,1.921421,9.99608,5.267541,9.523285,4.3963733,0.086130604,0.6841337,0.055145513,0.06016539,0.08245847,0.027312953,0.8231452,0.4377417,0.98105854,0.63370925,0.013117343,0.76063013,25.080631,0.28968254,-2.9347372,-1.6595258,15.204581,0.79411674,-8.733096,-0.61371094,0.010395297,0.74704224,0.86631507,0.53545225,4.7436776,0.2158465,3.9167073,0.48937106,23.082664,0.14941111,660.7634,0.38079268,1380.9083,0.1782382,-167.00972,-0.44486317,1748.2007,0.10812503,1001.04083,0.30165896,-168.82568,-0.41078717,2657.3206,0.08359081,1065.2444,0.31267732,-169.00745,-0.40781197,-11.818844,-0.46932763,20.44343,0.1913578,0.01807829,0.6705106,-0.0044771247,-2.0111213,0.03251481,0.29037505,37.14832,0.17178003,-7.4833226,-1.1007769,28.974699,0.81213486,-2.9819038,-2.2618277,-10.272442,18.989794,0.003951023,0.008240679,0.009089839,1.6393442,0.23696683,0.72999996,0.0,1.73,0.37,-47.87273,q,Ses04F_impro02,Ses04F_impro02_M000
261,34.558434,0.031735864,34.278576,34.571686,35.682343,1.4037666,-2.9922485,0.0,10.861452,0.0,0.06322357,0.20619646,0.05429484,0.058581047,0.07008677,0.01579193,0.17625777,0.101555094,0.1649912,0.08013862,0.009789644,0.30456454,24.660303,0.14616223,-0.56402874,-10.697532,12.91016,0.34693718,-9.165014,-0.53240454,0.026591964,0.53438985,1.2720928,0.36670426,6.540758,0.1241224,9.869018,0.55717874,27.989084,0.22949837,579.183,0.3354969,1507.6508,0.14010362,-184.32716,-0.28824323,1638.5283,0.12319337,1211.4877,0.1799096,-183.39397,-0.27377245,2659.5154,0.073145345,985.837,0.07285516,-183.81592,-0.2664154,-17.96491,-0.11627312,27.668526,0.12879235,0.01789042,0.9124625,-0.0022122622,-2.449256,0.013031358,0.19371217,30.018616,0.116779916,5.998931,0.7563933,20.864044,0.17148376,-15.619302,-0.4859248,-11.50749,20.273384,0.0041078324,0.007089706,0.009477694,3.0555556,0.8450704,0.11,0.05715476,0.78749996,0.5481047,-57.12792,ans,Ses04F_impro02,Ses04F_impro02_F000
262,22.998102,0.081534065,21.396837,23.599342,24.413786,3.0169487,132.2605,157.03816,20.291306,4.8891225,0.09582747,0.7429685,0.052036595,0.0547509,0.15336269,0.10132609,0.69375277,0.46554473,0.8934782,0.5695459,0.015890148,0.7996951,26.904924,0.34721312,-1.1859757,-6.6017265,17.715271,0.565645,-8.90065,-0.75236243,0.012599778,0.6465254,0.8695101,0.5209078,4.921794,0.39224043,3.8661277,0.7218624,24.678474,0.24574305,472.25995,0.39261568,1337.5358,0.13416074,-159.45125,-0.49555346,1494.6206,0.10664226,981.9131,0.29153708,-161.79617,-0.45535475,2508.2363,0.065891586,917.0784,0.22209659,-162.52959,-0.4450935,-12.880448,-0.32112655,20.023262,0.29993656,0.025535688,0.64095247,-0.003950164,-2.5210814,0.03532385,0.29935557,33.673462,0.34059966,-0.04499028,-313.77502,28.544647,0.54626113,-6.088911,-1.4604878,-10.864683,18.972067,0.0049525076,0.0071103997,0.010826653,1.216545,0.9852217,0.205,0.19045997,0.63,0.4425833,-45.821537,o,Ses04F_impro02,Ses04F_impro02_M001
263,35.60324,0.0043952046,35.455822,35.699944,35.730236,0.27441406,2.4188995,0.0,-10.665607,0.0,0.058023598,0.12836605,0.052905712,0.055894498,0.06012165,0.0072159395,0.18576919,0.1769435,0.19817348,0.31558257,0.008938928,0.28424504,25.184385,0.10894139,-2.0498748,-1.8628453,14.170157,0.28591296,-10.252782,-0.36287415,0.016694805,0.18928634,1.8072858,0.36589727,6.095538,0.15240817,7.56071,0.5086062,25.693401,0.034732092,756.77106,0.1381258,1448.3574,0.066599324,-196.09065,-0.14326514,1716.5667,0.08470982,1195.5918,0.09849936,-196.49962,-0.13097145,2806.45,0.060828846,759.0011,0.13110445,-196.65117,-0.12656754,-15.853624,-0.1143919,26.596865,0.102240294,0.03322754,0.12585136,-0.0008798082,-3.823433,0.0119281355,0.18683748,30.609581,0.106855236,2.2524443,0.3801964,12.35372,0.086746745,-14.888605,-0.11447841,-11.720795,19.991407,0.0040225885,0.006272099,0.008908022,5.4545455,0.37037036,0.06,0.0,1.305,0.195,-58.733536,ag,Ses04F_impro02,Ses04F_impro02_F001
264,24.513092,0.038418926,23.54124,24.490719,24.94505,1.4038086,331.21033,0.0,-6.439766,18.345316,0.101077855,0.61859524,0.0600436,0.07664842,0.13064499,0.07060139,0.97306603,0.5828447,0.9714903,0.60900164,0.01644244,0.861688,18.081408,0.39939296,-5.08711,-1.9197237,15.1341715,0.4317439,-9.628887,-0.5449089,0.019370437,0.53129137,1.1090877,0.3051964,4.23727,0.24404117,4.3531036,0.86653566,27.198488,0.19753315,614.2986,0.36840343,1296.8226,0.21417528,-191.59364,-0.20598684,1589.3427,0.14572276,1033.4059,0.22117876,-192.23322,-0.19133383,2553.616,0.08009827,925.1689,0.17029674,-192.3375,-0.1889145,-13.639076,-0.50617623,20.609495,0.44134715,0.021293525,0.48320425,-0.004561485,-1.0064089,0.049398366,0.20726158,29.42158,0.5004875,5.662964,1.2143635,28.78273,0.5749321,-1.317515,-4.874147,-6.7596884,14.083089,0.0064144526,0.00807822,0.014918535,3.1476996,0.49019608,0.089999996,0.01,1.2833333,1.1431632,-50.494705,s,Ses04F_impro02,Ses04F_impro02_M002
265,33.73347,0.0374905,32.57323,33.67103,34.63577,2.0625381,49.10056,55.45139,20.883545,27.323957,0.07015353,0.41598243,0.051525135,0.054601014,0.08976302,0.03823789,0.3369268,0.2839938,0.16400664,0.070959166,0.011487552,0.6280647,26.830082,0.26251942,-2.3204064,-2.11199,13.627664,0.3905468,-9.273698,-0.75451154,0.022772033,0.76539296,1.3117353,0.49415696,6.283962,0.31865934,3.48848,1.85869,24.516188,0.24918148,702.0733,0.27460128,1414.4229,0.18140016,-171.8536,-0.38220322,1722.1093,0.15832882,1137.1963,0.18145499,-171.7546,-0.36711985,2774.4814,0.08643967,991.95593,0.28879616,-172.8149,-0.35139668,-16.394835,-0.25689554,28.498095,0.16040166,0.014871687,1.1418256,-0.007648667,-1.3734434,0.019069785,0.44721696,35.153633,0.16763619,1.2501498,5.3772063,10.45872,0.7490338,-13.601017,-0.7605116,-11.49377,19.439758,0.00508714,0.0048978697,0.010010718,1.1741683,1.1799409,0.13083333,0.081184804,0.695,0.9701847,-54.021095,o,Ses04F_impro02,Ses04F_impro02_F002
266,24.267666,0.16059865,21.983683,23.643856,25.768728,3.7850456,30.906954,0.9003391,1.5936724,22.290155,0.11554398,0.7776655,0.053487465,0.062190797,0.18791613,0.13442867,1.3133854,1.0045305,1.2834132,0.8967496,0.020826759,0.9694905,26.47971,0.42644307,-1.8671143,-4.3040547,18.551428,0.49604163,-5.813982,-1.2076416,0.015410095,0.99506027,0.9347325,0.8224431,5.1112494,0.47339377,2.5926504,1.4628687,23.813648,0.31938872,574.56635,0.41026852,1338.8103,0.13414812,-149.0238,-0.5725466,1630.7628,0.15054356,1009.6801,0.32356617,-151.4451,-0.52780783,2593.2927,0.11103618,1009.7719,0.39015612,-152.14114,-0.51688343,-13.7406025,-0.414134,21.08984,0.32864502,0.030412788,0.605015,-0.004481003,-3.2947893,0.04219592,0.52328074,35.349335,0.33124435,-2.1878967,-5.64963,26.340433,0.5117418,-0.9893707,-9.924964,-10.515184,18.64873,0.0047436296,0.006551283,0.013200539,1.8659296,1.1789181,0.21705882,0.19003913,0.57666665,0.79292005,-43.303955,o,Ses04F_impro02,Ses04F_impro02_M003
267,21.867006,0.055045936,21.221443,21.469938,22.020758,0.7993145,97.79462,94.42873,5.590192,5.1475897,0.111737,0.67670923,0.053034946,0.070969716,0.17275351,0.11971857,1.156476,1.0422252,0.9079898,0.59256583,0.016942797,0.7627188,28.703165,0.28967834,-4.337575,-1.9390607,20.538973,0.6569437,-5.492515,-1.2702318,0.0117341485,1.2651904,0.7880728,0.88110226,4.765052,0.3312242,1.9615371,1.451318,20.95464,0.36212188,550.07275,0.40299213,1380.733,0.17580676,-130.5031,-0.7274245,1618.0568,0.14467068,945.1031,0.32689333,-134.68985,-0.6575951,2589.3164,0.11776692,1011.58514,0.33602962,-135.50157,-0.6455601,-14.050219,-0.3939774,20.079838,0.2920837,0.03288439,0.48855382,-0.0052314,-2.1317663,0.025697082,0.47920382,36.122974,0.14286599,-4.5223637,-2.6627467,30.323233,0.57266235,-1.8094137,-4.9261737,-10.483852,18.718155,0.0071316096,0.0060869358,0.01232606,2.0833335,1.0477298,0.3244444,0.3048902,0.548,0.5500872,-45.305218,o,Ses04F_impro02,Ses04F_impro02_M004
268,30.08283,0.16810013,26.06278,31.237381,34.222378,8.159597,59.3811,63.26873,99.22129,96.12332,0.10261459,0.8853386,0.05277337,0.05895765,0.11871925,0.06594588,0.96909016,1.1995548,0.9931633,0.790173,0.021140413,1.1004132,28.417362,0.2694941,-2.870763,-2.132158,17.753471,0.52183783,-7.850634,-0.9694798,0.030344317,2.0165403,1.2580163,0.63662165,6.289303,0.4199558,8.022102,0.83298695,25.595095,0.23639894,705.9535,0.31714973,1367.4772,0.13024445,-158.94312,-0.48099023,1751.8152,0.12359289,1065.9127,0.24058387,-157.73834,-0.4696307,2770.3372,0.10650728,997.0776,0.3044565,-158.67253,-0.4568589,-16.508293,-0.20777409,24.865149,0.22954756,0.02863909,0.9395871,-0.00655909,-1.8062311,0.048254732,0.64102614,36.591255,0.15419231,-1.4922042,-5.160215,24.594538,0.5011889,-5.897295,-2.265885,-11.731133,19.81015,0.0062195254,0.003685231,0.012739938,1.0968922,1.4760147,0.15375,0.20055781,0.44666666,0.5611496,-42.78883,dag,Ses04F_impro02,Ses04F_impro02_F003
269,27.495535,0.18079193,24.999554,26.472378,31.069248,6.0696945,27.832033,38.58256,117.804184,96.99228,0.18936212,0.65916294,0.08652145,0.12963295,0.30979276,0.22327131,1.3510834,1.1724088,1.3566388,0.72541505,0.04369279,0.71076494,31.00316,0.386015,-3.114653,-2.8656754,20.255789,0.49823025,-5.0786824,-1.7698774,0.035858765,2.1175137,1.1821012,0.7402243,5.507093,0.5066358,5.542713,1.0774267,27.687529,0.20796409,702.5219,0.31946245,1372.2079,0.13236126,-111.25627,-0.8514045,1726.0399,0.12743059,1063.2725,0.25866428,-110.806625,-0.807456,2757.3176,0.11615681,972.5375,0.28956905,-113.3363,-0.7681594,-16.209616,-0.20801431,24.207739,0.21326308,0.037984364,0.6217117,-0.008254126,-1.5926625,0.06751637,0.37945643,38.48981,0.14858899,-2.5242665,-3.2000198,24.890636,0.49099866,-1.2300032,-9.038693,-10.539327,18.456245,0.012828951,-0.00048705732,0.023930263,2.4390244,1.8867925,0.25,0.28331372,0.26,0.22686265,-37.81203,o,Ses04F_impro02,Ses04F_impro02_M005
270,33.15272,0.11546918,29.729387,34.125317,36.278976,6.549589,164.69357,311.46484,31.917765,16.61917,0.13678806,0.630147,0.075189374,0.10824261,0.17543915,0.100249775,1.266911,1.0797343,1.2973125,1.0591605,0.033572596,0.9971543,27.125048,0.27076632,0.052063197,141.27441,17.70107,0.7277155,-10.19355,-0.8842168,0.020066412,1.1266025,1.3672915,0.5521769,5.7823777,0.38772842,7.8371506,1.5161842,22.907055,0.3036727,602.5591,0.37588614,1377.5732,0.13586617,-120.30383,-0.7556369,1661.7786,0.1363588,1149.0944,0.2952104,-118.89269,-0.72094864,2667.5813,0.088343985,1038.9855,0.2873317,-120.94343,-0.69069725,-14.278394,-0.36352238,24.472078,0.22501642,0.024407733,0.7439915,-0.0031076141,-3.2654035,0.04572432,0.83386767,30.437994,0.1944398,-0.32667124,-25.818958,19.293465,0.7929138,-12.236134,-0.85054874,-12.221918,21.099834,0.009437227,0.004061217,0.02403254,2.7124774,2.7372262,0.156,0.11429785,0.176875,0.16732149,-42.274567,q,Ses04F_impro02,Ses04F_impro02_F004
271,27.311518,0.12259023,24.720446,26.649773,30.87005,6.149605,164.03635,334.25055,30.49056,11.25931,0.16311686,0.6516672,0.06101203,0.12879296,0.2570079,0.19599587,2.0584126,1.1000949,2.0361798,1.0853446,0.042913172,0.8698675,30.394823,0.25691155,-1.8359301,-4.394664,20.629519,0.60740316,-4.9760976,-1.6773331,0.026558593,0.9997163,1.3568529,0.6977756,4.530687,0.50632423,3.7829185,1.7169383,23.944048,0.25302783,559.9079,0.37386695,1352.1366,0.13207936,-119.56923,-0.7661438,1613.5796,0.12844819,1041.1697,0.31897736,-122.45001,-0.697895,2617.5542,0.0967948,969.8467,0.25413677,-123.90011,-0.6769639,-14.478938,-0.38693747,23.059765,0.28037488,0.030093988,0.5656088,-0.009325389,-1.2408059,0.06458943,0.55306053,35.32482,0.15903145,-2.3880146,-4.4280496,24.868177,0.5869666,-4.3376884,-2.3567777,-12.294626,21.191154,0.007540404,0.00282257,0.02728866,3.6458335,2.977233,0.13470589,0.11412675,0.191875,0.23273425,-39.731674,ans,Ses04F_impro02,Ses04F_impro02_M006
272,33.429924,0.025215968,32.46156,33.771645,34.298553,1.8369942,74.54089,88.401764,14.066174,11.322512,0.07914812,0.2651583,0.05900168,0.07749653,0.0934422,0.03444052,0.434808,0.2121029,0.3152981,0.13811462,0.013987914,0.38058433,28.761265,0.22732668,1.0101837,6.565671,14.686226,0.52446795,-6.5359936,-1.2012575,0.024297215,0.68104595,1.2099822,0.4782753,7.1083174,0.27382052,8.618956,1.0382631,24.496712,0.28387836,737.8783,0.28123206,1424.181,0.16032979,-144.21013,-0.5664883,1750.6456,0.09468005,1238.2677,0.26958448,-144.898,-0.5344425,2810.4834,0.066438824,1025.5198,0.31952736,-147.1852,-0.503906,-17.583096,-0.29683733,29.58373,0.17504871,0.009253598,2.0087752,-0.0018833856,-5.048464,0.016823087,0.24479398,34.56347,0.09158457,2.0730114,3.6090918,16.391972,0.5090921,-5.608056,-1.6383703,-12.53817,22.272837,0.0047189966,0.0041615586,0.012835148,3.5353537,2.3017905,0.13,0.1029563,0.255,0.17269917,-51.687088,o,Ses04F_impro02,Ses04F_impro02_F005
273,23.056349,0.11225748,20.178104,22.973345,25.910927,5.7328224,18.628494,12.0636215,3.8576632,14.865575,0.11801104,0.5316956,0.055328395,0.100292385,0.18394016,0.12861176,1.51718,0.47163242,1.4178679,0.83461076,0.023915607,0.7106232,26.079567,0.4610006,0.9263052,8.884363,19.688948,0.6478489,-3.2823565,-2.4258928,0.015686836,0.7208939,1.1005449,0.5035143,4.52261,0.5318469,4.942015,0.67238414,25.72107,0.25715882,575.2872,0.3618657,1370.5657,0.13021427,-129.70534,-0.6940876,1666.0847,0.1378028,972.89966,0.28564426,-133.11076,-0.6386339,2629.1526,0.13221018,1117.8456,0.35276514,-134.63995,-0.6174419,-15.4613495,-0.30083555,22.568665,0.21328552,0.017986834,1.071229,-0.0009534076,-8.282853,0.038666725,0.3642565,32.789215,0.2572792,3.0310044,3.2014399,28.376247,0.5466308,2.8969162,2.472721,-9.388429,17.446127,0.0059296843,0.0067761517,0.01582846,4.5112786,1.9157089,0.18399999,0.13425349,0.26333332,0.22088204,-43.719685,dag,Ses04F_impro02,Ses04F_impro02_M007
274,38.02761,0.059971124,37.025127,38.415672,39.563175,2.5380478,23.42014,14.148231,-178.07469,153.78737,0.08053125,0.41856033,0.053936202,0.06247536,0.107954666,0.054018464,0.541154,0.37099183,0.3870485,0.15547383,0.014067481,0.6420326,28.16129,0.16269156,-2.475059,-2.2474294,13.804499,0.5916478,-12.718733,-0.723572,0.021754785,0.73895323,1.328779,0.53383577,7.7895017,0.3429671,7.487915,1.1530685,23.152044,0.33183202,679.676,0.26472926,1392.5858,0.1245845,-156.40184,-0.4876184,1744.8064,0.13057789,1098.9431,0.270553,-153.90932,-0.47617075,2784.4817,0.070044145,972.0644,0.22237334,-154.37715,-0.46999097,-15.337997,-0.23773238,24.450747,0.16965507,0.028965676,0.48603183,-0.009666063,-0.9671687,0.020480387,0.5073778,31.01644,0.14105527,-0.42008138,-15.466313,14.442692,0.9102319,-21.047424,-0.48863995,-11.992169,20.690826,0.008656041,0.004431802,0.011966917,1.923077,2.6058633,0.0925,0.06722164,0.26874998,0.2588647,-52.313927,q,Ses04F_impro02,Ses04F_impro02_F006
275,29.198036,0.042873036,27.83361,29.764069,30.369171,2.5355606,32.775707,8.462233,8.410923,17.052206,0.1304841,0.8302637,0.05429544,0.070786364,0.19209725,0.13780181,1.4175192,0.75726795,1.5511476,0.8678092,0.0243921,0.9034396,21.820107,0.6348245,-0.6026995,-16.55902,18.515835,0.52510554,-7.8161364,-1.2733843,0.02073481,1.1586689,1.2342403,0.75209737,6.679965,0.41253006,3.3736804,1.7889777,22.701654,0.31541649,660.86646,0.33012554,1378.6818,0.16387267,-163.9743,-0.44130275,1681.8212,0.15290034,1085.064,0.16903709,-164.38872,-0.42605275,2663.8188,0.09377199,910.2142,0.25199032,-165.2268,-0.4135434,-13.371967,-0.2842664,22.982752,0.2257432,0.023389189,1.0999773,-0.009138059,-1.321746,0.053078394,0.4136085,32.640915,0.2706743,-1.0235894,-12.581613,20.439573,0.71154493,-6.350249,-2.0354853,-7.373484,14.34744,0.009018799,0.007590048,0.01748438,2.2026432,1.3513514,0.14,0.05715476,0.4325,0.3308606,-42.734333,ans,Ses04F_impro02,Ses04F_impro02_M008
276,36.87231,0.051260434,35.311253,36.615047,38.913425,3.6021729,24.383568,12.279911,45.981426,56.607998,0.10618385,0.54508895,0.057153683,0.08506241,0.15470344,0.09754975,0.7238722,0.46045107,0.60525274,0.28245717,0.019640008,0.7767501,24.499128,0.26860666,-3.3412075,-2.4655252,11.509101,0.93055457,-14.262794,-0.7468253,0.017367294,0.83670473,1.2046432,0.35554346,6.571682,0.34613013,3.8960457,2.7312596,21.575163,0.40586838,631.2589,0.30198762,1402.8011,0.14977369,-152.31209,-0.53250766,1671.7682,0.12807289,1163.0798,0.2562141,-146.52454,-0.5504668,2679.455,0.09221925,1016.33923,0.26012945,-148.22752,-0.5264499,-12.187183,-0.39728054,23.922255,0.23848759,0.032644954,0.5087753,-0.006026788,-1.6746616,0.031220542,0.3897324,29.549623,0.23649205,-4.843966,-2.1083114,9.4484415,1.6440746,-22.05365,-0.4922243,-10.329513,19.145834,0.010319403,0.004428168,0.014843088,1.7857144,1.659751,0.17,0.086890735,0.38,0.4860991,-48.92378,q,Ses04F_impro02,Ses04F_impro02_F007
277,25.512726,0.19129932,20.007141,25.635029,30.263836,10.256695,20.51039,8.3180065,30.44802,22.237524,0.13709977,0.84978426,0.055479094,0.07571751,0.21067274,0.15519364,2.2718174,2.4583986,1.1906953,0.80225927,0.028700797,1.3024422,23.372896,0.48544514,-2.1648033,-4.481995,15.949867,0.5213747,-6.5551276,-1.2992941,0.021263557,1.3061197,1.1297601,0.9369201,5.1031265,0.48749074,5.856938,0.6918751,26.422615,0.2337329,530.75995,0.37699187,1409.7294,0.12695876,-151.95192,-0.55103713,1598.1556,0.12576139,1038.9048,0.2079431,-153.30579,-0.51434124,2624.485,0.10397283,1084.5398,0.27055767,-154.78996,-0.49332085,-14.966323,-0.31932837,23.408007,0.19950217,0.029544396,0.721764,-0.004563,-2.3424459,0.061892122,0.8433753,35.654957,0.20946574,-0.9223791,-11.321038,21.31704,0.5818095,0.27898002,35.20783,-8.042505,15.4962635,0.00905184,0.006301365,0.0173473,1.993865,0.9273571,0.26999998,0.19570385,0.6742857,0.7774106,-40.8548,ans,Ses04F_impro02,Ses04F_impro02_M009
278,21.73452,0.09510044,20.239998,20.97555,24.316399,4.0764008,148.636,112.24813,6.75388,3.6815674,0.11303712,0.74961454,0.053448893,0.0702926,0.17449543,0.121046536,1.2823002,0.87733895,1.3869613,0.8752511,0.020819373,0.9792677,25.584377,0.4705377,-1.5749002,-5.3873405,17.53322,0.5773012,-4.3653326,-1.8979454,0.011741386,0.914686,0.9903553,0.93256134,4.136886,0.3991206,3.1832693,1.1832298,23.924677,0.26208258,543.46423,0.4031942,1447.8792,0.14583494,-145.44495,-0.5942935,1574.748,0.110882096,1068.513,0.21048996,-147.51756,-0.5514951,2562.638,0.11131919,1072.7855,0.2118056,-148.9399,-0.53198355,-13.455587,-0.33784115,22.909853,0.24791871,0.028571704,0.6911363,0.0027912888,3.8276002,0.033722907,0.62562054,35.048496,0.2770836,-1.8420445,-5.706674,23.381582,0.6058212,1.6942111,5.889443,-9.036823,17.525814,0.0050801993,0.007858857,0.015985133,2.25,1.772152,0.15142857,0.07679817,0.3425,0.39155936,-44.82885,o,Ses04F_impro02,Ses04F_impro02_M010
279,34.03786,0.052775443,32.374905,33.679943,36.151844,3.7769394,39.340046,10.032001,2.5663066,7.521892,0.07347878,0.31467226,0.05307647,0.06531741,0.096894205,0.043817736,0.24429835,0.13466294,0.26693866,0.14196475,0.012560345,0.44477636,30.218018,0.1762304,-0.67709583,-7.76801,13.527999,0.43987778,-7.2438164,-1.0905273,0.01745028,0.74912566,0.95852333,0.49033535,8.050979,0.2177918,6.4409127,1.0844547,24.795488,0.27078974,702.6242,0.3035902,1405.0027,0.12285888,-153.01833,-0.5152215,1736.592,0.12778656,1223.3672,0.26844716,-154.36084,-0.48057923,2767.6558,0.09500545,1021.92194,0.33047003,-156.08736,-0.45764178,-18.033316,-0.23476696,29.894844,0.18860887,0.011652874,1.33661,-0.005337257,-1.4753685,0.01649045,0.30640617,35.374413,0.1302698,2.12507,2.7010648,15.056423,0.57943815,-8.800153,-1.1317999,-12.64269,22.299658,0.007890973,0.0047101458,0.011267978,1.8433181,1.6317016,0.15428571,0.1278232,0.3825,0.38947883,-52.072315,s,Ses04F_impro02,Ses04F_impro02_F008
280,35.394173,0.06748383,33.88005,34.464447,37.12759,3.2475395,25.596296,14.201137,58.72712,80.80686,0.09035484,0.58496344,0.05555814,0.06309611,0.12986732,0.07430917,0.831273,0.6519583,0.45704144,0.4046651,0.015743984,0.85262513,25.189997,0.25019035,-4.723858,-1.5122845,14.654537,0.6281283,-12.131363,-0.758595,0.022359222,0.92841476,1.2515246,0.47640973,6.304505,0.35755968,3.156171,3.3696735,17.811407,0.40963295,656.00397,0.28322378,1349.9052,0.14454737,-167.99467,-0.41857138,1703.2721,0.11905613,1053.7115,0.2356234,-164.85387,-0.4276203,2709.2043,0.071637094,1024.1045,0.4207904,-165.87074,-0.4131276,-12.64723,-0.41495004,22.702408,0.294774,0.022473495,0.9587793,-0.005414959,-1.8818791,0.029548185,0.5952258,30.226349,0.21546331,-7.790148,-1.3538369,16.440292,0.73831403,-18.94531,-0.64089173,-10.310635,19.23878,0.0061842473,0.0038917162,0.012386437,1.5772871,1.1627907,0.16,0.109295264,0.6225,0.63079476,-50.559986,o,Ses04F_impro02,Ses04F_impro02_F009
281,36.87343,0.077110596,34.45182,36.820213,39.261288,4.8094673,47.25014,37.19567,33.426586,22.151995,0.12643795,0.5921072,0.06334831,0.10729398,0.17088266,0.10753435,0.7257648,0.62785894,0.67421067,0.33552516,0.026408069,0.83592963,26.038,0.29067108,-5.2948666,-1.9257543,17.53738,0.7342631,-12.733468,-0.8824456,0.02318972,0.78838336,1.3436558,0.38909772,5.9800296,0.37854278,7.3879437,1.2960459,21.036322,0.4033501,630.9764,0.33935806,1489.4065,0.21591844,-141.58922,-0.59668046,1636.9525,0.123109356,1149.1927,0.2608732,-134.03763,-0.62462837,2689.6318,0.08395908,1037.0149,0.4471234,-136.06769,-0.5927975,-11.61104,-0.43762216,22.374523,0.30123565,0.03343892,0.5038278,-0.002986122,-3.230979,0.039627403,0.5963521,30.316814,0.17707184,-8.58122,-1.409566,16.021784,0.96252364,-20.177963,-0.59443235,-10.166098,18.01075,0.014438481,0.0041247737,0.019010255,1.4619883,2.6509573,0.12888889,0.10826351,0.21578947,0.34096327,-46.339973,s,Ses04F_impro02,Ses04F_impro02_F010
282,24.213398,0.092469074,22.027523,23.861853,26.234161,4.2066383,134.70459,137.92943,9.920778,11.504332,0.10739432,0.72632253,0.054549403,0.05956402,0.17740515,0.122855745,1.4930836,1.1292609,1.2121688,0.6673161,0.019987129,0.84568655,28.291204,0.3471979,-4.332425,-1.8933841,18.14234,0.5643712,-5.632706,-1.1133932,0.01658752,0.81606716,1.0756772,0.7897919,4.0978584,0.3565713,3.1410284,0.8642564,19.506407,0.28639936,554.8403,0.31760347,1376.4398,0.19441622,-156.69176,-0.5064724,1594.2827,0.10816337,1032.4037,0.37661248,-159.16609,-0.46854374,2531.142,0.08769561,1050.997,0.19159904,-159.61356,-0.4619,-11.323602,-0.4322712,16.761276,0.34431097,0.030442685,0.53875995,-0.011775734,-0.9891196,0.039691772,0.45896474,37.067432,0.28082165,-9.01022,-1.1677495,24.395452,0.65095544,-1.2396718,-7.3080964,-10.830604,19.1812,0.0053006657,0.0042204256,0.014540763,2.0044544,1.8018018,0.113749996,0.0632332,0.3733333,0.412903,-46.863018,o,Ses04F_impro02,Ses04F_impro02_M011
283,33.281418,0.030652266,32.182262,33.93969,34.146744,1.9644814,84.60013,16.171581,4.072552,8.127922,0.06659112,0.28560603,0.052838653,0.055742294,0.08353329,0.030694634,0.44215423,0.33145157,0.21139711,0.064668566,0.01196474,0.4729251,27.242668,0.15106842,-0.5167333,-13.4019,15.670065,0.48756137,-7.664041,-0.6646061,0.027171033,0.66547495,1.7021655,0.49385518,6.455691,0.23904933,5.1349764,1.2266952,22.446283,0.26051903,640.72833,0.2538367,1410.0281,0.09849848,-181.10092,-0.29125455,1713.3883,0.12346565,1074.495,0.18977578,-182.38841,-0.27099362,2709.1614,0.077976204,1100.7131,0.12701468,-182.85716,-0.263116,-17.523127,-0.1388255,26.82603,0.13829105,0.010836444,1.2383877,-0.0021528455,-2.7006307,0.017800987,0.34148076,31.332907,0.13379776,5.982184,0.79218405,21.757591,0.57462925,-9.188383,-0.58555996,-12.623666,21.21392,0.006477657,0.0040550134,0.011424001,1.5686275,1.6,0.057499997,0.0449305,0.436,0.2969579,-54.39142,q,Ses04F_impro02,Ses04F_impro02_F011
284,24.754158,0.0898112,22.634457,25.41068,27.12576,4.4913025,45.746185,31.983744,13.013038,8.61171,0.12542216,0.82207775,0.05422269,0.07813808,0.18583235,0.13160966,1.9337642,1.3075926,1.1436895,0.64276624,0.022040391,0.8503898,28.012835,0.3320394,-3.886333,-2.0214942,21.054153,0.61636686,-5.513234,-1.1675752,0.014429002,0.8991101,0.9440154,0.93482864,5.449691,0.4256163,2.693674,1.0642526,21.321192,0.34115306,585.59503,0.33922872,1429.5249,0.13062777,-139.84062,-0.63531667,1652.0315,0.111779906,1055.3463,0.41845873,-143.44241,-0.5799906,2608.577,0.094942406,1025.7175,0.22932038,-143.3574,-0.58144385,-13.7146015,-0.42205122,18.81803,0.3154244,0.025835,0.7011364,-0.011766597,-1.002265,0.04061295,0.44112676,36.328873,0.18367893,-5.517013,-2.13051,32.622955,0.4666066,-3.040342,-2.8276947,-10.4619665,18.842943,0.005384256,0.005625485,0.013837355,2.0202022,1.3081396,0.22888888,0.14730501,0.46299997,0.4711698,-43.051655,ans,Ses04F_impro02,Ses04F_impro02_M012
285,35.333782,0.05918931,33.372116,35.251884,37.953205,4.581089,19.70371,8.928857,41.392532,37.19831,0.12984613,0.5135404,0.059921965,0.11782712,0.18268795,0.12276599,1.0585616,0.6347716,0.72398823,0.32968557,0.028084362,0.6678606,29.397594,0.19581525,-6.752553,-1.6369088,14.435998,0.8960644,-14.353768,-0.8679151,0.019313319,0.88414603,1.2759825,0.3876704,6.1154137,0.33432218,6.868498,1.4561489,21.001432,0.41409123,581.988,0.32030258,1404.3643,0.11769939,-121.24136,-0.75977916,1593.2834,0.13594188,1167.1123,0.33871734,-117.33386,-0.7517525,2649.9192,0.08073019,1005.40656,0.2851895,-120.27093,-0.7063381,-11.634085,-0.5465878,23.018988,0.26766974,0.029245079,0.6008676,-0.0028490594,-4.1318293,0.036456775,0.4869708,32.67941,0.1295634,-8.164241,-1.4468354,14.682577,1.1041037,-20.051113,-0.6549596,-10.632596,19.895855,0.014741481,0.0029951495,0.021493811,2.6262627,2.4489796,0.175,0.17609183,0.19615385,0.23873182,-46.07534,q,Ses04F_impro02,Ses04F_impro02_F012
286,23.732603,0.15204851,20.590132,23.007072,26.280975,5.6908436,73.51422,71.658936,20.679699,13.246005,0.15349272,0.66589504,0.06001254,0.12476378,0.23335221,0.17333966,1.8460147,1.3420385,1.7009547,1.3012288,0.03047869,0.9316134,22.611803,0.6297217,-2.1100955,-5.4152822,20.596865,0.54074204,-5.996925,-1.4242355,0.01936498,0.9495231,1.3100108,0.72259104,4.2225842,0.4975595,6.0671325,0.701816,23.439594,0.29440394,569.33594,0.3960471,1366.4506,0.17017758,-139.71481,-0.62836707,1621.3784,0.1443283,987.0777,0.3024963,-142.4722,-0.5795744,2611.4526,0.10388981,1000.6509,0.28775015,-143.38315,-0.5668541,-12.824803,-0.46334448,20.216133,0.32727426,0.0231727,0.7671263,-0.0057070814,-2.3625758,0.050809883,0.6730307,33.158993,0.32710093,-2.8713417,-4.857198,28.2224,0.48196265,-2.4167514,-4.424216,-7.05286,14.518104,0.0054511176,0.0071087237,0.021163834,3.0368764,1.8867925,0.15846154,0.11179281,0.35076922,0.61195725,-42.14367,ans,Ses04F_impro02,Ses04F_impro02_M013
287,21.735994,0.057402212,20.79544,21.115255,22.643768,1.8483276,51.627216,51.472115,14.335736,6.2675576,0.1334997,0.52507,0.06998861,0.12279999,0.19203997,0.12205136,1.6619518,1.1012955,1.6563854,0.9510113,0.023884475,0.6862036,24.40877,0.5379418,-2.5576947,-3.1010108,22.940628,0.43871936,-7.6931634,-1.0668291,0.017279003,1.1437149,0.9611595,0.93734396,4.041012,0.34700853,1.8327819,1.3745075,22.027874,0.24065721,584.51337,0.38093877,1358.4415,0.13305587,-133.48164,-0.677234,1670.6743,0.15006463,973.63226,0.33767414,-137.40338,-0.6117585,2653.8105,0.09709786,987.0844,0.23934352,-138.15727,-0.6006777,-13.338694,-0.38237664,19.659586,0.3256444,0.029682089,0.4600223,-0.0052757794,-2.7321708,0.032116253,0.5180129,33.80289,0.26729095,-2.733416,-3.7068255,29.713877,0.3775301,-7.753533,-1.2338471,-7.8855925,14.928101,0.008237868,0.006626338,0.020264527,3.896104,2.310231,0.13857143,0.07548482,0.23875,0.19751187,-45.2314,o,Ses04F_impro02,Ses04F_impro02_M014
288,36.69553,0.06660065,34.924095,37.05601,38.933422,4.009327,64.099915,36.86406,-15.820629,22.636803,0.08863842,0.5251581,0.050567925,0.068174005,0.12737302,0.0768051,0.9058495,0.58628356,0.897247,0.78170794,0.017971303,0.6957406,27.096237,0.2117226,-3.9610822,-1.346896,18.508171,0.57666075,-11.875181,-0.98464346,0.021257183,0.76133925,1.4784458,0.5603001,7.273959,0.39484853,9.207297,1.0364897,19.495699,0.42885327,770.80756,0.31023625,1374.8611,0.14655021,-157.15044,-0.4706914,1822.0184,0.10291389,1042.8367,0.26945266,-151.57634,-0.49355367,2791.7483,0.07805046,1177.8444,0.44940615,-151.76703,-0.49151194,-14.769568,-0.31847563,21.33379,0.23118079,0.023903517,0.7497775,-0.004427026,-2.884874,0.02647442,0.34188384,29.330017,0.14413878,-2.4559891,-2.819231,26.045576,0.500779,-15.437881,-0.8928329,-11.312975,20.345873,0.00919722,0.008089943,0.014999005,3.2710283,2.8708136,0.086666666,0.08137704,0.28399998,0.29055807,-49.242714,q,Ses04F_impro02,Ses04F_impro02_F013
289,23.596436,0.08650998,21.617237,23.70969,25.82313,4.2058926,57.327625,75.85435,18.725027,13.572778,0.116546586,0.7226174,0.051846784,0.07673029,0.17962964,0.12778285,1.1075735,0.7016579,1.164225,0.8708724,0.02094381,0.9503191,25.976925,0.47060734,-1.433426,-5.5503297,20.991892,0.6323876,-5.9092603,-1.4434819,0.011548601,0.82592815,0.8092082,0.75417763,5.7349715,0.3686201,3.0836794,1.0288047,27.488235,0.25409505,576.6072,0.39331877,1412.8433,0.18438986,-143.7747,-0.6068126,1658.3734,0.15424787,1020.5622,0.35205108,-147.60265,-0.5445731,2636.0408,0.09999284,1060.3545,0.26226738,-148.11148,-0.53790677,-17.05185,-0.36996394,25.286379,0.29094878,0.023746831,0.7908879,-0.0005476888,-25.113293,0.036796346,0.5937245,35.728405,0.2645792,2.5482638,3.9494119,32.052082,0.5515569,-0.65468895,-14.006985,-8.856257,17.179117,0.0023605716,0.010310435,0.014564952,1.9261637,1.2944984,0.2175,0.13488421,0.47444442,0.4563408,-42.667797,ans,Ses04F_impro02,Ses04F_impro02_M015
290,31.991062,0.09781269,29.948725,32.329132,34.603485,4.6547604,66.04586,42.543926,5.210867,11.6910925,0.09400283,0.71378416,0.055233076,0.06972047,0.103850156,0.04861708,1.7205529,1.8476381,1.3902365,1.0807523,0.018931711,0.88964236,29.258005,0.24907717,0.23685266,25.925169,17.136114,0.57277143,-7.2600417,-1.0882355,0.024340648,0.67806965,1.1803912,0.49948567,6.8784075,0.28853995,8.179058,1.0008408,26.106262,0.24436596,715.13135,0.33209887,1437.0596,0.13131477,-149.31921,-0.52976406,1755.8301,0.1468723,1138.3317,0.27511898,-151.11147,-0.49511632,2775.5007,0.10248447,1024.2346,0.33012477,-152.66501,-0.47549993,-17.07502,-0.2622244,26.886007,0.2540425,0.013601449,1.4040177,-0.0028825307,-3.626709,0.029313691,0.7849616,34.166954,0.1443656,2.1848607,3.4842913,21.953354,0.6071589,-7.2775826,-1.454905,-12.838009,21.968088,0.0038937062,0.00576958,0.013719524,1.5250546,2.660754,0.09666667,0.06908127,0.28181818,0.37020436,-45.91993,o,Ses04F_impro02,Ses04F_impro02_F014
291,25.684841,0.14956157,21.761694,25.546465,29.03281,7.2711163,35.810047,13.7063675,23.985159,11.216662,0.14829275,0.67764956,0.054857463,0.13016932,0.2188252,0.16396774,1.9734106,1.4274791,1.7180473,0.92327076,0.031145392,0.7523027,28.782085,0.3321241,-2.1103823,-3.8661194,24.746258,0.54036754,-4.011883,-2.119585,0.021235373,1.0113498,1.0887581,0.74248797,5.3706837,0.48795515,5.871478,0.93301517,24.714329,0.23033595,620.814,0.3966154,1392.0536,0.16195509,-123.83198,-0.73662263,1678.2201,0.1426144,1110.5134,0.44845018,-126.20361,-0.67894906,2670.8296,0.1070734,1002.1961,0.20754504,-127.19857,-0.66479385,-15.362753,-0.3188941,23.250732,0.27309805,0.021659926,0.8291436,-0.0038647193,-3.1007657,0.049006697,0.4564278,35.259914,0.21014938,-1.4197683,-7.0679517,32.73138,0.41664323,-1.4647833,-7.091017,-10.521784,18.838028,0.0030906093,0.007225996,0.019128045,3.538175,1.8796993,0.211,0.1258928,0.27272728,0.5065945,-41.065304,dag,Ses04F_impro02,Ses04F_impro02_M016
292,39.182026,0.08720666,35.93664,39.339905,42.001556,6.0649147,30.993656,8.840553,27.67942,30.934166,0.15241656,0.4730998,0.08967927,0.14413458,0.20409788,0.11441861,1.3147311,0.83347267,0.8236538,0.3749851,0.034859657,0.6666005,30.108276,0.17214854,-9.773631,-0.9313787,16.686989,0.81875116,-19.16717,-0.7062011,0.023284536,1.0567067,1.188808,0.39096752,7.787987,0.34916234,8.2654295,1.3487052,19.977459,0.40946713,708.85114,0.29576373,1432.5576,0.15504739,-96.693985,-0.92980105,1725.9359,0.13374664,1084.702,0.2511417,-89.065384,-0.93263173,2778.3406,0.09272025,999.38104,0.37645945,-92.027756,-0.8786986,-12.817175,-0.373593,22.920591,0.26084667,0.030905994,0.5625844,-0.003950643,-2.6997852,0.041959137,0.5090066,31.394373,0.15925325,-10.943034,-0.87044036,17.042717,0.87415373,-23.723158,-0.5244774,-10.665799,19.155476,0.013134228,0.0009100833,0.02405569,3.3391914,2.6595745,0.22333333,0.19523205,0.14,0.2251666,-43.83553,o,Ses04F_impro02,Ses04F_impro02_F015
293,25.606756,0.10029051,23.384953,25.283455,28.034124,4.649172,108.51116,115.676765,18.345034,8.300617,0.13772117,0.58562523,0.05419029,0.12333759,0.21948789,0.1652976,1.6902055,0.9154247,1.4196631,0.6169802,0.027850457,0.65440965,30.056753,0.3604134,-2.1277633,-4.4709187,20.217602,0.64324415,-4.7184944,-1.6670375,0.013298958,0.78405744,1.0843456,0.9284188,5.822785,0.3936472,5.323837,0.66520643,26.826332,0.21749559,633.17883,0.3666072,1420.4348,0.14053671,-132.9521,-0.6499547,1639.3988,0.15921248,994.1573,0.241239,-135.22295,-0.61259973,2715.2827,0.107065134,970.5027,0.17907983,-137.60815,-0.57891023,-13.279594,-0.42616263,22.777132,0.24351867,0.017710999,0.89732367,-0.002949993,-3.3661654,0.04021659,0.40007442,36.11342,0.26310405,-4.084376,-2.7914085,25.478891,0.5962491,-2.3948247,-3.4171932,-11.735762,20.638754,0.0032579591,0.0048622796,0.021444973,3.4267912,2.8481014,0.11666667,0.0778888,0.2375,0.17354754,-43.235733,s,Ses04F_impro02,Ses04F_impro02_M017
294,35.33182,0.12318889,32.7345,36.02266,38.52702,5.7925186,432.00537,586.5142,19.529352,10.294458,0.16972579,0.58632874,0.104112566,0.14706472,0.21816069,0.11404812,1.2393024,0.9168044,0.85173064,0.6420937,0.03901465,0.91002095,29.83609,0.29580873,-7.099074,-1.6169947,20.166504,0.7838149,-16.767164,-0.67704463,0.019099474,0.9589053,1.2262064,0.46141297,6.499484,0.2829176,8.621441,0.9560304,22.165554,0.4335348,617.902,0.34139886,1396.5369,0.1420137,-111.11915,-0.80931234,1681.4283,0.13363384,1058.9001,0.2913517,-102.69329,-0.82370174,2675.8813,0.09755882,998.16974,0.22892722,-104.32467,-0.7959902,-12.619283,-0.3732769,21.152767,0.30132988,0.031443212,0.49953735,-0.009351411,-1.0882679,0.042745642,0.84006345,32.21415,0.24158895,-6.509185,-1.5070435,20.684032,0.8126264,-19.174866,-0.6283107,-9.565143,18.366343,0.01712702,0.00018203615,0.035437424,1.9417477,3.5889072,0.14136364,0.104198046,0.12699999,0.17872044,-40.911568,dag,Ses04F_impro02,Ses04F_impro02_F016
295,31.821001,0.16802968,24.784721,32.58271,37.81264,13.02792,635.55865,582.32025,25.030636,12.995788,0.19160557,0.6526482,0.10236011,0.16597913,0.24448945,0.14212933,1.5053555,1.04368,1.5674014,1.248357,0.048547804,0.94708663,29.060326,0.3881834,-2.6767983,-4.0172763,18.396177,0.7336264,-12.954021,-0.87079847,0.01641318,0.9269669,1.2171832,0.5742677,5.9648914,0.27402318,6.867198,1.2083502,23.335337,0.32743818,569.5516,0.3708948,1372.4917,0.13855602,-121.96072,-0.7293282,1612.74,0.14162192,1032.446,0.21040817,-117.252464,-0.71827024,2618.0464,0.08841169,997.8909,0.23889697,-119.18219,-0.6903011,-13.462761,-0.36721212,21.75491,0.2710059,0.028248407,0.54765564,-0.0110264495,-0.9422787,0.061291594,0.7888179,32.867527,0.29129258,-3.1176798,-3.3969314,18.981016,0.69506806,-12.186506,-1.0212871,-10.390632,18.160912,0.017025905,-0.0017806379,0.039183136,2.0618558,3.846154,0.11,0.06295741,0.12818182,0.10329289,-38.407402,dag,Ses04F_impro02,Ses04F_impro02_M018
296,34.274796,0.0016536985,34.229866,34.28219,34.322685,0.092819214,0.037246704,0.0,0.0,0.0,0.067028694,0.3448177,0.054126345,0.05731015,0.07083501,0.016708665,0.37156674,0.3123206,0.27403432,0.1345174,0.011750003,0.5731689,26.706846,0.1841967,-4.027434,-1.2521765,11.657927,0.49205974,-9.383282,-0.93735,0.036505178,0.0,2.2672,0.16900164,2.7851,0.05070167,2.3666995,0.0917481,19.801935,0.12872584,600.60455,0.15941559,1214.2043,0.04331817,-198.04175,-0.10595429,1615.5524,0.052679326,956.65485,0.071591415,-198.22159,-0.09938172,2738.363,0.006790695,612.4045,0.036868393,-198.3604,-0.09437919,-12.644277,-0.089490734,21.475243,0.05361738,0.01303521,0.5257516,-0.012557913,-0.09409399,0.022938428,0.036969088,38.352467,0.012110041,-10.792965,-0.055614542,8.612137,0.117877506,-20.616344,-0.013511139,-11.367745,20.483276,0.0020019026,0.0031697447,0.011718035,1.4869888,0.3787879,0.03,0.0,1.29,0.32999998,-56.038483,g,Ses04F_impro02,Ses04F_impro02_F017
297,22.80914,0.13129023,20.344837,22.40374,25.594784,5.2499466,218.85063,99.64983,27.648033,9.808028,0.11390483,0.695138,0.054022193,0.06991264,0.17967694,0.12565474,1.0656834,0.61467505,0.9340838,0.58649457,0.020414686,0.7405164,21.611454,0.6784461,0.5752452,20.909641,17.905762,0.50176346,-4.284727,-1.9134816,0.01626944,0.7389175,1.014563,0.61039543,3.9969208,0.6002025,4.2441964,0.85314506,24.42681,0.2469806,498.2999,0.4255985,1431.0834,0.21929477,-162.94371,-0.4604289,1538.1937,0.1581504,1012.23126,0.32171053,-165.35483,-0.4222998,2548.1104,0.08819721,926.0105,0.20845453,-166.14066,-0.41083407,-12.599293,-0.5365584,21.177933,0.42949855,0.025610745,0.86747783,-0.0017802671,-9.047483,0.041199204,0.35518643,33.373238,0.40743625,-0.98301667,-15.681746,25.367748,0.40125912,-0.56248444,-24.544085,-7.8776665,15.717106,0.000112078844,0.010669792,0.01567031,1.9455253,1.5717093,0.1125,0.11333027,0.44666666,0.46747547,-45.48719,o,Ses04F_impro02,Ses04F_impro02_M019
298,36.785538,0.050673213,35.32487,37.68669,38.30892,2.9840508,14.73014,12.176413,17.093145,0.16599846,0.1491946,0.7954313,0.053251628,0.075395,0.25583085,0.20257923,1.9967839,1.5172611,1.3703644,0.55493045,0.032307263,1.0350126,27.399199,0.17041287,-12.575418,-0.8395634,13.302605,0.43403244,-13.22293,-0.93783545,0.016182782,0.8040446,1.493132,0.37740088,4.869038,0.61633503,2.3724782,4.9271,16.78298,0.4174028,538.97034,0.38497743,1374.3092,0.28739792,-162.02701,-0.469062,1519.6096,0.11732511,1041.0912,0.24890667,-141.60297,-0.6142799,2570.9485,0.060846344,851.4812,0.22032066,-144.06248,-0.5773583,-7.0447683,-0.53497696,16.788534,0.28318366,0.04568754,0.36528754,-0.00886072,-0.88437617,0.0738885,0.414669,29.121717,0.15870216,-23.21798,-0.41118073,12.816384,0.539468,-27.256824,-0.44864136,-9.223438,18.90304,0.0058475826,0.0076006535,0.015095531,2.1186442,1.7316017,0.16499999,0.112805136,0.312,0.3133943,-43.620647,o,Ses04F_impro02,Ses04F_impro02_F018
299,29.558777,0.18933298,24.987284,27.642801,33.694077,8.706793,64.85084,91.34407,32.521664,41.513283,0.20988482,0.6793416,0.07872418,0.17031407,0.32183215,0.24310797,1.8516183,1.2305429,2.361741,1.5283451,0.051735267,0.8287416,29.57031,0.46308094,-2.9384224,-3.284288,22.389374,0.65292054,-5.4373546,-2.3756204,0.019208288,1.7941074,0.96900815,0.77051514,6.3661485,0.4982077,4.793338,1.238331,25.843966,0.34584093,692.19135,0.37620372,1385.2277,0.16783434,-105.884415,-0.8964338,1726.041,0.13570665,1075.3782,0.31386417,-107.95759,-0.8210177,2765.2778,0.107536025,1001.8497,0.27754748,-110.24617,-0.7838181,-14.635558,-0.43365178,23.130178,0.2801984,0.033055484,0.5980687,-0.0089962315,-1.9359423,0.071422145,0.585085,37.06441,0.23484696,-4.3736773,-2.5608795,23.346048,0.7443853,-5.762059,-2.7575932,-9.836313,17.195248,0.013204203,0.005522398,0.03128823,2.9545455,1.6018307,0.3092857,0.23538612,0.295,0.25675863,-37.228077,o,Ses04F_impro02,Ses04F_impro02_M020
300,36.96423,0.13745232,35.181896,38.6364,40.21776,5.035862,30.074404,18.912256,31.985022,37.54092,0.1599134,0.6882447,0.08947959,0.12811173,0.18719587,0.09771628,1.2761089,0.87906057,1.3456717,1.5783138,0.038503177,0.93598735,29.281967,0.29108164,-4.743888,-2.0369177,13.663856,1.0685151,-13.19754,-1.017295,0.022423666,1.823461,1.1956116,0.5289745,7.515308,0.4405774,6.7663155,1.1502001,22.380306,0.4282472,731.36957,0.33504114,1426.3553,0.16578686,-111.05802,-0.83293843,1746.7124,0.14310864,1081.9672,0.29466552,-102.066,-0.852187,2815.4019,0.098386936,1022.9638,0.2846781,-105.66157,-0.7914401,-13.530195,-0.40157706,24.54667,0.23819143,0.033567667,0.59116787,-0.0043054647,-2.6110735,0.05242336,0.78117776,32.96248,0.19372353,-6.956476,-1.3699409,15.261442,0.97326314,-16.692312,-0.8550483,-10.013095,20.0223,0.01592056,0.004791913,0.0226192,2.8725317,2.536232,0.20428571,0.24858783,0.15799999,0.16785707,-40.751785,o,Ses04F_impro02,Ses04F_impro02_F019
301,29.270464,0.11855686,26.638205,29.179308,32.203884,5.5656796,36.405148,12.628758,44.912014,18.607584,0.20167531,0.8200719,0.054402903,0.15366068,0.33142295,0.27702004,2.9375734,2.1047924,2.7283149,2.2299209,0.052066147,1.0061058,25.831789,0.5228381,-0.5235559,-25.767662,19.894524,0.6309468,-3.5960293,-2.4521575,0.025791598,1.3508259,1.1318359,0.9285569,5.8843036,0.49379575,7.9351134,0.8043274,24.770655,0.32544848,543.8155,0.4164746,1365.56,0.13105461,-131.34923,-0.6926327,1595.2406,0.12870274,1001.78064,0.34981403,-130.10455,-0.6631193,2610.527,0.09769995,954.488,0.27259183,-131.6377,-0.6400893,-12.199231,-0.5894078,21.014528,0.34650153,0.030264778,0.7328506,-0.0027169532,-4.1699758,0.089709975,0.5811759,31.586426,0.44250906,-2.8379993,-5.94286,25.85993,0.5776392,-0.07721349,-128.77824,-10.538805,19.268412,0.0007157785,0.006099827,0.0286712,2.9850748,1.6541355,0.22545454,0.28237188,0.32833332,0.5321784,-37.492504,ag,Ses04F_impro02,Ses04F_impro02_M021
302,37.26616,0.10827614,35.09754,36.98652,39.952362,4.8548203,18.836739,14.584858,41.836296,26.392206,0.16828933,0.547995,0.07529117,0.15138148,0.24251169,0.16722052,1.6331238,0.8005348,1.2872932,0.91139865,0.03590261,0.7798885,26.162788,0.43916756,-8.307102,-1.8341259,16.29026,0.78489846,-17.336084,-0.7459976,0.019990107,1.372399,1.2441709,0.5177777,7.005274,0.37193358,2.6651866,4.156262,16.671463,0.59706926,615.77155,0.34946868,1379.494,0.14638525,-119.82855,-0.7631276,1641.102,0.13740312,1071.9698,0.21399209,-111.52645,-0.79523844,2646.9194,0.088394284,1029.3342,0.24584018,-114.14151,-0.7529173,-10.426025,-0.52676034,20.344154,0.33638838,0.025627641,0.8447781,-0.0028661683,-4.06163,0.045969322,0.6344297,29.605492,0.21195406,-14.612379,-0.9558723,16.307434,0.9555199,-21.629408,-0.61516607,-8.281058,17.60365,0.009521701,0.002282835,0.027731357,3.030303,3.082192,0.14555556,0.06533863,0.15888889,0.13891998,-42.613487,s,Ses04F_impro02,Ses04F_impro02_F020
303,28.07447,0.10453476,26.248829,28.220291,29.794636,3.545807,103.681564,143.08716,30.819426,11.54687,0.18152732,0.7197776,0.05688003,0.14564498,0.2890091,0.23212907,2.6663036,1.4330791,2.43367,1.3265206,0.04729742,0.8709176,29.6875,0.39548618,-2.7942977,-4.3039355,20.67572,0.6604087,-3.3914077,-2.7381935,0.026013436,1.5564841,1.1503284,0.68702567,5.5014305,0.46173742,6.6385555,1.0010682,24.230415,0.39476478,602.41815,0.33085644,1403.3179,0.18042678,-126.228195,-0.71159995,1670.992,0.13049589,1067.6022,0.37778166,-128.53786,-0.6626613,2648.6533,0.09615272,1114.9899,0.28910428,-129.7983,-0.64414084,-13.512572,-0.49710563,22.279766,0.30638164,0.022952795,0.8812737,-0.0067327805,-2.1328425,0.08215155,0.44835165,35.94434,0.26977193,-4.081445,-3.5354714,26.182396,0.6441072,-1.2924634,-8.874423,-10.592906,20.017206,0.0043051247,0.0059168213,0.025070516,3.2319393,2.303263,0.16416666,0.18277757,0.25,0.27589247,-38.383797,dag,Ses04F_impro02,Ses04F_impro02_M022
304,36.343674,0.054416172,35.394367,36.294178,38.20945,2.8150826,242.91203,164.39635,7.846483,6.016721,0.09128384,0.8246245,0.052653015,0.057169,0.105292365,0.05263935,1.1163089,0.95381826,0.7817405,0.5747401,0.01774002,1.210091,26.715416,0.18524382,-4.954864,-1.986189,10.771548,0.68711865,-10.360824,-0.9407544,0.020988723,0.98384404,1.381185,0.39106786,5.2143307,0.4119262,-2.9018772,-3.5583158,16.678757,0.69715714,628.05817,0.34056,1398.3525,0.18943945,-173.37628,-0.3832664,1601.196,0.12647669,1172.1671,0.24202766,-165.7668,-0.4379391,2677.0947,0.086956866,1008.0084,0.30945855,-167.47379,-0.412535,-9.524073,-0.645176,21.499271,0.32541713,0.031978205,0.56072605,-0.0019643363,-5.8745985,0.047305897,0.6902135,30.41678,0.18368793,-16.583786,-0.9500105,6.2545185,1.8672769,-22.985947,-0.5218254,-11.497736,21.00942,0.0029751428,0.0065121953,0.011118911,0.6784261,0.81967217,0.21499999,0.11086778,0.8428571,0.7625655,-48.60478,dag,Ses04F_impro02,Ses04F_impro02_F021
305,26.809805,0.07007619,25.05576,27.460152,28.411816,3.3560562,26.790588,13.715288,31.571507,26.542007,0.116818085,1.060308,0.052730244,0.056329407,0.15825155,0.10552131,2.647312,1.788607,2.1551414,1.4358093,0.026195252,1.3138078,28.067936,0.2509568,-3.9474392,-2.0604267,17.675764,0.58299166,-5.22081,-1.20973,0.016717931,0.899832,1.2447327,0.61938083,5.9814196,0.3642719,4.9821057,1.1188899,25.850899,0.28516063,602.7589,0.43407726,1349.9558,0.17840478,-165.92679,-0.43944836,1714.9137,0.16786936,925.9499,0.30815026,-166.849,-0.41644168,2686.403,0.124107614,1049.8962,0.2792791,-167.34009,-0.4091218,-16.252398,-0.36486965,23.950504,0.22119762,0.026515393,0.6645061,-0.007902861,-1.3968953,0.07816672,0.4107057,36.61584,0.20441215,0.699624,18.241257,32.651028,0.46578404,1.3729298,7.0798492,-11.096735,19.354315,0.0031637012,0.005963351,0.0142396195,1.4195584,0.63593006,0.2875,0.19917014,1.26,1.3116974,-40.343567,ag,Ses04F_impro02,Ses04F_impro02_M023
306,34.523453,0.046788916,32.537464,34.58688,35.79487,3.2574043,5.438797,6.926441,12.063367,0.0,0.089702316,0.6369674,0.052041054,0.056269143,0.1342157,0.082174644,0.4645044,0.18746558,0.5934227,0.5519264,0.015645655,0.62629694,29.159185,0.15750076,-5.491984,-1.4948695,14.790468,0.52340895,-10.232168,-0.67884684,0.012049021,0.89647603,1.2790768,0.40601087,6.9342103,0.34135503,9.618464,0.6674001,20.192114,0.44239318,617.13196,0.39933416,1303.6714,0.15677343,-145.20737,-0.5983013,1694.9265,0.17557095,1099.5074,0.30399153,-139.14653,-0.6157026,2701.3115,0.11002984,978.54877,0.33178115,-140.2719,-0.59887767,-12.081147,-0.5544037,21.543318,0.32179916,0.025169933,0.7306182,-0.001796819,-6.747993,0.026724523,0.3494793,33.452286,0.15049545,-9.783467,-1.3196965,17.395618,0.6553086,-15.008564,-0.6276702,-12.456341,21.712343,0.00027257358,0.005702477,0.010240353,1.5209126,0.7751938,0.42499998,0.21499999,0.56,0.4248137,-49.407967,q,Ses04F_impro02,Ses04F_impro02_F022
307,23.382032,0.11118483,21.182121,23.771719,24.61322,3.431099,36.012703,29.263939,300.04398,478.33524,0.116435446,0.8186751,0.053990453,0.061135862,0.20652546,0.152535,1.4275916,0.8302032,1.1834284,0.77205956,0.020971905,0.8759283,29.817871,0.28736767,-2.8481953,-2.8752875,16.194853,0.7141762,-5.8062325,-1.4389122,0.023518227,3.4966993,0.82923377,0.7097624,4.9833255,0.49389923,3.7498071,0.9718717,26.338734,0.2872236,560.46564,0.36695325,1386.1124,0.15857938,-144.26808,-0.61059386,1589.7094,0.1655329,1045.1741,0.26892522,-146.8452,-0.56400615,2604.844,0.10216719,978.48456,0.273365,-148.52718,-0.5400348,-14.989572,-0.4647285,24.293247,0.23721549,0.020948734,0.7042234,-0.0065972875,-2.264094,0.04119788,0.40464926,40.069904,0.16155112,-3.6898541,-3.3052666,22.898558,0.7763678,-2.7919872,-4.75045,-11.969778,20.940237,0.00086977676,0.006321167,0.012735296,1.7569547,0.5899705,0.48999998,0.12449899,0.946,1.1020998,-43.18185,q,Ses04F_impro02,Ses04F_impro02_M024
308,23.344183,0.039840598,22.55438,23.088554,24.105865,1.5514851,74.7098,103.745575,9.942468,6.0276294,0.1302831,0.8444393,0.054919247,0.060428575,0.25477606,0.19985682,1.8554927,1.0499933,2.0148854,0.6390871,0.022235138,0.89572376,29.94412,0.26755637,-4.3634796,-1.4503253,19.423735,0.5896742,-5.812609,-1.3946877,0.009839447,0.66693985,0.8867776,0.92919636,5.1204963,0.3369804,4.2951565,0.7996709,22.779995,0.19490033,528.6375,0.41947716,1267.3044,0.19002569,-142.72797,-0.6237571,1533.1516,0.14683491,893.69025,0.3108112,-145.91296,-0.5746446,2504.5176,0.0842378,895.74524,0.28331715,-147.2664,-0.5550091,-12.9562845,-0.25110134,20.53425,0.17809439,0.027927643,0.409082,-0.0008694194,-11.695302,0.04846049,0.3366203,39.03075,0.15296182,-10.456487,-0.70720184,33.746704,0.27446225,0.3919256,26.064623,-11.978287,21.07713,0.0050966186,0.006514515,0.011662893,2.6455026,0.8042895,0.35666668,0.09030811,0.6475,0.59625393,-41.70745,q,Ses04F_impro02,Ses04F_impro02_M025
309,34.169834,0.20408018,24.349178,37.237473,39.717705,15.368526,51.595074,46.589233,134.12126,212.68504,0.115917966,0.6695284,0.054397225,0.08921378,0.16925997,0.11486274,1.1462673,0.7546937,0.71264833,0.42543286,0.024099967,0.8813697,28.18552,0.22049043,-5.2136555,-1.6925918,17.520271,0.62691146,-12.598809,-0.84344965,0.022470815,0.99929416,1.2537225,0.45142007,5.718616,0.46509928,4.573154,2.1443782,17.989845,0.5105332,675.548,0.336338,1368.0732,0.17996855,-155.58656,-0.49641308,1707.5071,0.13170138,1063.6906,0.30268595,-149.03027,-0.5252383,2705.5435,0.09225077,1034.3312,0.39354306,-149.95345,-0.5119448,-11.481037,-0.4605531,20.341644,0.303046,0.023729572,0.7520921,-0.0042476086,-2.8044288,0.041409235,0.67193425,30.757198,0.23791784,-8.278643,-1.3891026,20.229948,0.73396474,-18.860327,-0.6085005,-11.521955,20.527473,0.007995549,0.0053452025,0.017388195,2.1074817,2.4364407,0.10652174,0.06663389,0.27166665,0.44339278,-45.88163,ans,Ses04F_impro02,Ses04F_impro02_F023
310,22.693033,0.05702742,21.646877,22.958015,23.734396,2.0875187,155.21024,169.83664,31.440979,55.461414,0.11017398,0.73760533,0.052683625,0.0612438,0.18218203,0.1294984,1.5448967,1.02038,1.4349074,0.68853825,0.021226352,0.7913569,28.714495,0.32464552,-3.0183017,-2.4865732,18.48087,0.63191664,-5.745107,-1.1760598,0.016961057,0.8015868,0.9664545,0.78030205,4.2930055,0.4850292,4.097868,0.7789929,25.464563,0.23412207,607.27356,0.41570127,1405.116,0.20162237,-156.90808,-0.50386006,1631.8975,0.16021816,1006.76953,0.28595638,-158.40889,-0.47637382,2648.8186,0.099933095,966.3403,0.24874845,-159.70406,-0.4581166,-13.213178,-0.32942015,22.209259,0.22698343,0.020826725,0.81448805,-0.0037645437,-3.8385859,0.038974475,0.3745798,37.08498,0.22407244,-4.136634,-2.3601284,29.429094,0.571374,-3.2414029,-2.8755236,-11.550207,21.066587,0.00068122265,0.0074874805,0.016121969,2.2633746,1.344364,0.16076922,0.13430513,0.5221428,0.8744726,-44.4825,o,Ses04F_impro02,Ses04F_impro02_M026
311,42.506664,0.006747853,42.25193,42.574795,42.75897,0.5070381,0.0,0.0,-0.123354234,0.0,0.06391575,0.26237938,0.053376667,0.057227425,0.069092706,0.015716039,0.58520824,0.4899231,0.27376166,0.18308716,0.011021463,0.41168493,25.63503,0.124813415,-2.9310968,-1.5151714,15.418414,0.2974389,-7.8247795,-0.71728116,0.025483254,0.49264732,1.3368862,0.21824251,7.1483684,0.037325986,21.537561,0.16139556,27.448088,0.03633858,688.70215,0.07484558,1249.7516,0.05370929,-195.66026,-0.16170281,1751.3456,0.020606827,972.5671,0.116861284,-192.64171,-0.181156,2822.748,0.035181742,692.13556,0.187443,-192.86449,-0.17598723,-15.309896,-0.16283797,24.097788,0.12109276,-0.0006069454,-21.761755,-0.007510474,-1.6574677,0.018743621,0.25148207,31.776812,0.11313114,-4.972726,-0.30981463,12.088194,0.098799884,-19.631187,-0.3803297,-11.902699,20.564514,-0.00041958294,0.007872084,0.010667678,3.2894738,0.68027216,0.06,0.0,0.69,0.08,-57.17279,b,Ses04F_impro02,Ses04F_impro02_F024
312,23.207834,0.10218124,20.178598,24.109924,25.46682,5.2882214,69.16733,0.0,-9.519524,15.230045,0.07216395,0.34141335,0.05009639,0.062199432,0.094455004,0.044358615,0.5124291,0.2902598,0.36826828,0.33630696,0.013257819,0.4865844,24.419115,0.32793334,0.19096734,22.760063,19.207363,0.3089709,-6.261947,-0.81361985,0.013267121,0.5571422,1.2740654,0.5425868,3.6612654,0.2499991,3.9483273,2.7336378,26.459188,0.19544832,566.57416,0.33807138,1385.5317,0.09700059,-182.27097,-0.30105785,1602.0853,0.12091709,1108.8491,0.1420773,-183.73383,-0.27466807,2584.3833,0.06875497,1020.4561,0.2756978,-184.2515,-0.26585644,-17.132998,-0.107602,26.259462,0.08744879,0.021211436,0.6904975,0.005740152,1.1998599,0.017329687,0.2779643,33.417984,0.08881768,2.5778823,0.8480798,24.725801,0.23329298,-5.8883266,-1.4697629,-12.324962,20.952023,0.0006680476,0.0096302405,0.012994931,2.9972754,1.1049724,0.074999996,0.040311288,0.64599997,0.48351213,-54.635567,s,Ses04M_impro02,Ses04M_impro02_M001
313,34.17918,0.04166832,32.82898,34.382088,35.273434,2.4444542,175.2747,134.65031,19.87764,14.761528,0.10730752,1.2382748,0.05047984,0.055046633,0.12052235,0.070042506,2.6941116,1.9575837,2.1253977,1.8626244,0.023768252,1.7754879,23.707243,0.33320007,1.4095159,7.9596176,16.08039,0.59672385,-6.748611,-1.3425485,0.026385339,1.434272,1.1355588,0.69852626,7.446441,0.39143574,8.63472,1.1599575,21.62563,0.51119655,524.07367,0.28453788,1423.7141,0.18692447,-173.61662,-0.37945306,1576.6864,0.109113365,1030.182,0.20346811,-174.32092,-0.35654503,2577.7075,0.07259275,1009.82245,0.31803772,-174.7015,-0.35029724,-12.152502,-0.614266,19.704807,0.3769054,0.0341869,0.4315748,-0.0024749557,-4.5426583,0.08717212,0.9316909,28.621964,0.31845343,-4.6579623,-3.8861594,27.336542,0.4745712,-17.199867,-0.6864043,-12.529614,21.04675,-0.00077994674,0.006394454,0.013052003,1.1267606,0.85714287,0.16333334,0.10656245,0.73499995,0.5934012,-43.16342,q,Ses04M_impro02,Ses04M_impro02_F001
314,35.145256,0.11413631,35.781338,36.501118,37.563736,1.7823982,169.48015,189.5078,37.04926,36.159237,0.15485443,0.8739965,0.054213688,0.103898965,0.23840518,0.1841915,3.6823974,3.27945,0.6107706,1.9223049,0.03519075,1.0379748,26.381107,0.27521908,-0.82921064,-12.576132,19.516024,0.53904176,-9.112413,-0.83206624,0.018241862,0.7127685,1.3339986,0.6147984,8.327512,0.38947943,8.864451,1.3367476,21.226109,0.36536977,473.72507,0.29639202,1336.0944,0.11238598,-140.14308,-0.60287094,1592.1604,0.097769424,899.0164,0.2224687,-133.06886,-0.61545014,2559.3247,0.078013614,1052.5828,0.23021863,-134.065,-0.600962,-13.64813,-0.42106435,19.961437,0.39887455,0.042301733,0.44107378,-0.010983498,-0.9257687,0.062392727,0.65674585,28.630817,0.29935893,-3.0849543,-4.200988,23.563282,0.5677052,-12.494532,-0.79601526,-12.639161,20.414251,0.008604091,0.005220874,0.019158693,2.1164021,3.804348,0.08857142,0.0451754,0.15428571,0.2613622,-39.469093,ans,Ses04M_impro02,Ses04M_impro02_M002
315,36.762966,0.073626965,35.66248,37.150593,38.813503,3.1510239,71.57593,127.75455,24.125761,27.42546,0.22724997,0.7219182,0.05970857,0.20605333,0.35105816,0.2913496,3.2953937,2.329875,2.849646,1.6086066,0.04858194,0.90725046,27.832464,0.30654496,-3.3168862,-4.040006,17.267729,1.0202253,-15.883459,-0.89604354,0.01272641,1.1993808,0.90497124,0.83177,9.8244295,0.36752063,8.594638,1.230811,20.60923,0.43585843,615.6095,0.313452,1390.8103,0.13870077,-99.90878,-0.91672915,1700.0371,0.13674563,996.6347,0.3248037,-94.83261,-0.9042273,2717.9734,0.09292811,969.2553,0.27143016,-96.94759,-0.8643377,-13.160424,-0.562918,21.718143,0.39114845,0.04333114,0.4448843,-0.010614678,-0.8979823,0.06732508,0.6097946,30.213964,0.27188155,-4.0605783,-3.8526652,18.420105,1.1551229,-22.236454,-0.66616917,-11.106293,19.294418,0.0074508046,0.005487222,0.022758828,2.88,2.0967743,0.27076924,0.27150467,0.19916666,0.32399738,-36.694046,q,Ses04M_impro02,Ses04M_impro02_F002
316,25.309994,0.08704437,23.434963,23.689768,27.919296,4.484333,3.8354948,0.0,7.123576,11.629738,0.069647506,0.40234542,0.04786834,0.058427725,0.09102352,0.04315518,0.37807927,0.30532753,0.27046978,0.19951436,0.011487798,0.4600036,27.15946,0.21807656,-1.0040224,-6.6387095,16.815254,0.44954333,-5.8644805,-0.95912427,0.0111891385,0.66699123,1.0233268,0.47344732,4.505567,0.47642457,0.4286495,10.854992,23.703083,0.2530927,562.0672,0.35879406,1465.1448,0.1025769,-180.01762,-0.32377273,1671.7063,0.11470174,1147.83,0.2555167,-180.60179,-0.30348837,2608.5261,0.08818503,1139.8235,0.2465719,-180.9538,-0.29761872,-15.998509,-0.21671614,22.613792,0.22821899,0.027349334,0.5834225,-0.0011511405,-9.283671,0.015307527,0.28976047,31.931019,0.1828998,3.115007,2.2613997,25.38825,0.33030856,-9.479711,-0.88896793,-12.16787,20.986032,0.0050817616,0.006490974,0.011094128,2.2587268,0.8298756,0.122499995,0.07361216,0.848,0.7870045,-54.52965,ans,Ses04M_impro02,Ses04M_impro02_M003
317,39.386745,0.07640047,36.988758,39.457417,42.269894,5.2811356,33.57366,18.90604,12.149106,11.163252,0.17299177,0.8056344,0.05112895,0.12333417,0.26250675,0.2113778,2.7598596,1.9777478,2.1823804,1.1392094,0.04305773,1.0150487,26.016571,0.34837413,-2.3022726,-5.7271028,14.36276,0.7928425,-12.929856,-1.3196241,0.01759399,1.3896337,0.8661722,0.88310236,11.039766,0.27375898,12.633235,0.5736807,23.923054,0.36806938,742.3221,0.28279582,1392.8912,0.18544854,-125.87915,-0.70957816,1791.2328,0.121356755,1118.159,0.31952634,-118.94751,-0.710502,2869.4058,0.07965573,980.37695,0.3391394,-120.84291,-0.6827782,-16.938654,-0.4902173,27.243586,0.32499227,0.03622822,0.51141524,-0.0072960597,-1.8572913,0.071339235,0.6186592,31.015358,0.23600891,-2.4187038,-6.5797253,12.312134,1.2059331,-21.343058,-0.97689617,-10.9952135,19.653448,-0.0045816065,0.008614415,0.018419111,3.0,1.4141414,0.3257143,0.21406657,0.35857144,0.367751,-37.59452,s,Ses04M_impro02,Ses04M_impro02_F003
318,24.949947,0.11740108,22.836832,24.63321,27.836264,4.9994316,16.03206,6.0544615,14.757496,1.7731566,0.07243752,0.40671074,0.04935221,0.061885435,0.090558805,0.041206595,0.3843082,0.21534963,0.3258063,0.27401194,0.013528303,0.51056105,28.54206,0.21740112,-2.61918,-2.2001424,15.788415,0.40209365,-6.9745994,-1.0774596,0.012001341,0.9471762,1.328851,0.4089111,3.2514453,0.53085566,4.9133286,1.3241055,24.798592,0.2832996,593.6784,0.34529707,1513.8722,0.22827183,-170.48009,-0.39908177,1578.947,0.1366778,1140.2166,0.17079039,-170.85675,-0.3852323,2643.1777,0.08940266,1010.0668,0.36339182,-172.06438,-0.3669235,-14.044417,-0.2814138,24.01649,0.20368518,0.020331716,0.88480973,-0.0073970906,-1.3780109,0.020721747,0.4500871,36.373207,0.11167206,-4.3946466,-1.9559716,13.204739,0.79453313,-10.760865,-1.1670964,-13.223727,22.886322,-0.003163058,0.0066447984,0.012167052,2.2556393,1.3636364,0.107777774,0.05807615,0.544,0.6087725,-52.89363,ag,Ses04M_impro02,Ses04M_impro02_M004
319,37.5568,0.035603993,36.327374,36.95111,39.04371,2.7163353,52.62342,0.0,-12.515529,14.195811,0.05983752,0.5205976,0.047733013,0.04940584,0.051760077,0.004027065,0.86237496,0.7317861,0.9240048,0.75083053,0.011516262,0.6496602,27.797655,0.15023604,-2.362556,-1.9373819,14.835699,0.2658768,-6.431727,-1.0231421,0.016932571,1.0960428,1.1237564,0.84284675,10.842396,0.17243584,4.941247,1.3353181,28.258497,0.12536836,711.29376,0.26031193,1491.6368,0.085950494,-187.75421,-0.23848651,1688.7172,0.13612247,1287.1835,0.1315995,-183.84982,-0.26860762,2767.7864,0.102521606,1089.6511,0.108719,-184.56198,-0.25595412,-19.401014,-0.37091392,32.848267,0.20984939,0.02629153,0.8681565,-0.0032469002,-2.7329483,0.02724684,0.3185327,36.734455,0.10707648,2.780743,3.7553065,10.502288,0.83586806,-17.36349,-0.7699924,-13.170037,22.17595,-0.0046708756,0.009526425,0.009899236,1.0676156,0.7246377,0.13,0.01,0.8166666,0.6180794,-51.856625,c,Ses04M_impro02,Ses04M_impro02_F004
320,41.441093,0.028899636,40.561707,40.9825,42.396816,1.8351097,13.341888,4.366396,21.592035,1.9295812,0.08435764,0.9611769,0.047354773,0.049699336,0.08350965,0.036154874,1.7337859,1.4810096,1.4629545,1.6410145,0.017337067,1.4005294,25.86034,0.24218193,-3.0323555,-1.6388013,14.83739,0.5689013,-9.856674,-0.95446616,0.016450217,0.6090511,0.9980898,0.4254538,9.894693,0.16737004,6.6808834,0.85750866,19.20988,0.64335847,914.1171,0.13373029,1415.0116,0.28882682,-182.71458,-0.29428288,1933.8925,0.08534004,1006.9543,0.31118748,-182.94781,-0.28039524,2991.4897,0.05575371,1041.6476,0.58349377,-183.0092,-0.2797963,-13.759144,-0.46190834,25.536829,0.23707658,0.020736737,0.939486,-0.011660332,-0.9505049,0.07226705,0.50061846,29.643442,0.33901235,-0.67282903,-10.668544,12.681128,1.547152,-29.11982,-0.41771504,-11.82111,21.525135,-0.00095045526,0.009352604,0.010833128,0.9111618,0.46082953,0.22,0.01,1.2833333,1.3915538,-44.76564,dag,Ses04M_impro02,Ses04M_impro02_M005
321,41.149433,0.061763387,39.08968,41.38209,43.72297,4.6332893,31.128618,34.179718,36.591763,79.24888,0.24612038,0.69511014,0.07322388,0.22693208,0.39839447,0.32517058,4.2547817,2.507517,3.0940506,2.1252916,0.056724325,0.8733902,23.179531,0.43430093,-6.1301675,-2.016926,12.057394,1.1897229,-21.502714,-0.7780951,0.013648672,1.1337905,0.94804364,0.8496567,11.112329,0.33444205,10.447215,0.90642655,18.619602,0.54490614,761.50385,0.27831587,1376.8173,0.19972806,-108.43046,-0.8291478,1785.9735,0.1258878,1041.4904,0.3395098,-99.12221,-0.85514057,2843.3313,0.08608823,971.83966,0.40059915,-101.37627,-0.81628937,-12.574169,-0.6114504,22.53984,0.37507987,0.039087016,0.4863878,-0.0061831838,-1.8980454,0.08108831,0.5543926,25.2584,0.38279578,-7.316528,-1.9130445,10.28627,1.672224,-30.326494,-0.5025922,-8.693549,18.401066,0.0026757892,0.0072352844,0.02506138,3.583062,2.1346471,0.25846153,0.22201337,0.18846153,0.25672033,-35.603703,q,Ses04M_impro02,Ses04M_impro02_F005
322,33.35751,0.18885158,27.218699,36.045326,39.421555,12.202856,53.91246,36.243538,25.719482,1.7675048,0.12796845,1.050299,0.058597732,0.07436401,0.13942601,0.08082828,3.4297957,2.7000353,1.8203171,2.3032937,0.029128268,1.36497,24.036629,0.39732593,-1.7761483,-4.980131,18.301289,0.61907184,-9.833608,-1.0455682,0.021852944,0.9129293,1.2996547,0.7530125,7.2593436,0.6137311,8.453715,1.3475101,20.833838,0.24279964,598.5784,0.33608177,1414.8385,0.13409059,-165.4431,-0.4275773,1688.0226,0.13153385,1024.5504,0.21191859,-161.13022,-0.44432572,2716.8694,0.09260435,1012.27637,0.21657364,-162.03621,-0.43255502,-14.300254,-0.4159499,21.750141,0.32524964,0.031770885,0.5899764,-0.0045185653,-2.421524,0.06393033,0.8160135,28.654947,0.21885197,-3.0240042,-3.9523242,24.348373,0.61790365,-17.163502,-0.8768397,-10.909986,19.518486,0.0012894236,0.0074719423,0.017126188,1.6129032,1.8367347,0.11,0.114987925,0.41444442,0.3655775,-40.673393,ans,Ses04M_impro02,Ses04M_impro02_M006
323,36.442356,0.24901725,25.418512,42.587635,43.361145,17.942633,213.96915,181.83765,20.782648,5.325668,0.14505213,1.0942172,0.051534194,0.05897768,0.23778164,0.18624745,2.986277,1.6332964,2.747406,1.6938566,0.03342779,1.4234914,29.083132,0.20987509,-4.854131,-2.0341547,13.368663,0.90649414,-10.671529,-1.1724006,0.01364294,1.7217792,0.91213346,0.7214317,8.845339,0.55435205,7.528614,1.0140522,19.249065,0.55035657,770.3391,0.29120246,1433.6866,0.20591725,-150.5084,-0.540613,1750.4845,0.1309798,1125.4491,0.20347357,-143.94533,-0.57219124,2774.3645,0.100398526,1034.9756,0.23653315,-145.69969,-0.54722923,-11.024246,-0.4870964,22.82888,0.24984653,0.030150317,0.6782432,-0.0003973733,-23.21376,0.071145065,0.8201728,31.865126,0.22851002,-12.471172,-0.9891381,10.159422,1.6899441,-19.147617,-0.7414352,-13.1493635,23.835772,-0.00029582117,0.007960445,0.014320394,1.2882447,1.461039,0.20333333,0.22573335,0.4588889,0.6331306,-38.091858,ans,Ses04M_impro02,Ses04M_impro02_M014
324,42.847374,0.08668126,42.492508,43.17258,43.71028,1.2177734,47.580963,0.0,7.78172,10.471654,0.21611759,0.8972006,0.054455627,0.10804533,0.3927828,0.33832717,2.9737692,1.322893,2.8045123,1.6091084,0.05640006,1.1107008,28.57305,0.18973039,-7.760461,-1.3735446,9.612833,1.6540197,-17.141651,-0.977617,0.014341127,1.901264,0.92024326,0.8191908,11.667895,0.26136,8.247732,0.80229634,17.337673,0.7190254,817.9501,0.2708929,1379.6794,0.20634247,-139.96631,-0.61866283,1790.369,0.12329087,1095.4534,0.20355543,-128.0299,-0.6804871,2826.8818,0.10283584,1024.9558,0.24644965,-129.83368,-0.649126,-10.202313,-0.49854305,22.553871,0.2713836,0.037002712,0.47860047,-0.0022786686,-4.747826,0.10256742,0.584199,29.873745,0.2524275,-14.7712,-0.82653725,6.469193,2.9792495,-25.906675,-0.58695376,-12.274302,24.16812,0.0005330752,0.0048579336,0.026197284,2.4767802,1.2578617,0.3125,0.29354516,0.45749998,0.42150772,-35.188965,q,Ses04M_impro02,Ses04M_impro02_F012
325,41.349274,0.115506396,37.095448,42.885998,44.881176,7.7857285,195.62326,351.06897,64.90363,97.90207,0.3084293,0.7280075,0.06714835,0.2699119,0.53297174,0.46582338,4.994822,2.722963,4.39765,2.6793656,0.096472695,0.93300945,22.793674,0.43398052,-7.13716,-1.5914096,14.155219,1.2072477,-20.911047,-0.85097975,0.02097554,2.051444,1.0046043,0.7863382,10.148683,0.39873007,9.04936,0.8552223,16.471392,0.64603925,815.7318,0.29121876,1391.6188,0.22204952,-114.92458,-0.77887875,1795.7911,0.13363793,1037.4448,0.34625047,-108.53794,-0.7914026,2858.309,0.10325472,948.0831,0.33857837,-110.76442,-0.755501,-11.218195,-0.5963834,21.413464,0.385431,0.0589714,0.47866946,-0.0033699323,-4.1624837,0.14596789,0.58443576,23.681705,0.41112438,-9.984816,-1.2598326,10.714203,1.8518153,-28.948565,-0.6517538,-9.419295,18.80266,0.01482928,0.003983445,0.04544881,3.517588,2.6548674,0.18380952,0.112946525,0.17999999,0.23062958,-31.913818,c,Ses04M_impro02,Ses04M_impro02_F013
326,36.527523,0.21694148,26.318558,40.51256,44.064846,17.746288,29.568283,11.246988,80.82665,103.13055,0.16394623,1.1372887,0.051755637,0.084088445,0.22616935,0.17441371,4.1901493,2.5896807,3.3418946,2.5335546,0.040079698,1.4829079,24.773909,0.355993,-4.4045396,-1.8453523,18.24171,0.6133102,-10.29144,-0.911511,0.017781023,1.2636613,1.0196335,0.5944625,8.548675,0.46645018,7.451984,1.1182969,16.292805,0.5639242,810.6066,0.3409504,1401.7328,0.222408,-159.168,-0.47355545,1767.2507,0.14435445,1134.086,0.33191264,-154.89735,-0.49392346,2797.338,0.10542052,955.7603,0.2596065,-156.26985,-0.4747794,-11.300852,-0.4528553,21.048796,0.2999537,0.03883975,0.67757374,-0.00030045933,-35.25004,0.093585424,0.810308,26.386179,0.42273208,-8.114075,-1.2695867,16.981375,0.95189434,-17.442026,-0.73479664,-10.301304,19.478905,0.0066558165,0.0077564283,0.022386024,1.3333334,1.5384616,0.155,0.07483315,0.475,0.5722761,-36.842655,dag,Ses04M_impro02,Ses04M_impro02_M016
327,38.03329,0.13157631,36.189888,38.72187,41.754807,5.5649185,105.670715,127.63107,76.46575,85.219826,0.27337462,0.70249313,0.129252,0.21448791,0.3840784,0.25482643,4.8057733,2.6313496,3.4357822,2.0085514,0.08499563,1.0114844,20.46945,0.5799243,-1.303149,-11.606794,14.74185,1.1655772,-15.535443,-0.90711874,0.03444541,2.4423785,1.2628107,0.66426367,8.0618,0.43386,6.4295883,1.3623354,16.901108,0.50883275,659.9924,0.38586953,1385.9362,0.17893566,-119.76506,-0.7438272,1708.8762,0.14997959,1009.66125,0.25238416,-102.10978,-0.831002,2750.788,0.09780771,998.5625,0.29728782,-104.302536,-0.793074,-11.616757,-0.5560206,21.1018,0.33822244,0.042195104,0.4872239,-0.0030211075,-4.062558,0.1082813,0.83347845,25.021326,0.3590955,-6.558517,-2.2256405,15.944564,1.1534767,-19.498291,-0.7516587,-7.8254,15.647029,0.021236671,0.0041567264,0.058140777,3.924419,3.3724341,0.1526087,0.11625373,0.1290909,0.12033699,-34.866512,o,Ses04M_impro02,Ses04M_impro02_F014
328,36.497234,0.1806128,28.123346,38.32717,41.731777,13.608431,74.94154,68.91282,80.52808,88.43315,0.2581241,0.79887366,0.087296724,0.19142097,0.3836034,0.29630667,5.4188595,2.4667268,3.762284,2.111544,0.08022535,1.1321715,23.191895,0.43404996,-2.4206886,-5.7292724,15.146858,1.0632387,-14.512986,-0.95665914,0.03396681,2.5508852,1.2229556,0.6164047,7.390507,0.50873417,4.466734,2.081815,16.728668,0.4780852,652.6223,0.39790335,1384.3064,0.175823,-114.260056,-0.79702103,1693.55,0.14906266,1039.8408,0.25873747,-100.00548,-0.8583915,2723.3289,0.09660524,1015.1913,0.3031401,-102.27491,-0.8179273,-11.631417,-0.53132486,20.850689,0.32363603,0.042394534,0.4740663,-0.003558442,-3.2389822,0.10565623,0.8977607,25.47678,0.3461063,-6.933771,-2.0813231,15.729942,1.126138,-19.214571,-0.7696814,-10.476627,18.986069,0.017472353,0.0043336297,0.0498397,3.3070867,3.0158732,0.17421052,0.13176198,0.14388889,0.25501937,-34.835102,ag,Ses04M_impro02,Ses04M_impro02_M017
329,37.331345,0.071830004,35.551872,37.44058,39.287533,3.7356606,45.01379,24.017918,28.608393,15.878828,0.18328746,0.8161472,0.056622792,0.1244605,0.31365642,0.25703362,2.4912624,1.2531307,2.7187932,2.3810296,0.038731482,1.1113788,20.377666,0.56932,-5.233697,-2.5833693,17.896791,0.73779345,-11.231008,-0.8904948,0.023751525,1.0033176,1.1176823,0.7724381,8.9631815,0.32328868,11.237722,0.7841802,19.668264,0.40964025,612.97705,0.38682762,1334.162,0.1273798,-159.1157,-0.47770566,1648.5316,0.12870878,1015.5753,0.2742738,-139.43181,-0.6000775,2695.543,0.09265405,993.97644,0.27238142,-140.76881,-0.5806911,-11.175414,-0.41855204,20.743004,0.31440768,0.045124304,0.40078157,-0.0018302386,-5.875841,0.08303685,0.5332477,28.543756,0.3624942,-8.068104,-1.9934436,20.682549,0.8751438,-16.55044,-0.84136283,-6.039413,13.902047,0.008081303,0.010099931,0.016264107,2.9953918,1.1655011,0.28399998,0.1610714,0.55,0.586822,-39.019054,q,Ses04M_impro02,Ses04M_impro02_F015
330,29.483032,0.09155271,27.002876,29.806004,32.04695,5.044075,32.751144,42.664364,53.1296,56.5073,0.08255644,0.4837985,0.049052518,0.06960782,0.114208505,0.06515598,0.49749452,0.27001178,0.39304313,0.22043051,0.014176535,0.60178137,26.429808,0.28713733,-1.4329593,-6.1196275,18.447569,0.4956314,-8.967585,-0.801698,0.014480094,0.9271646,1.2126992,0.4770492,5.1879945,0.3866926,4.7817154,1.8634244,21.741924,0.34942123,632.949,0.33754885,1409.9232,0.13713749,-162.97931,-0.45112813,1727.738,0.13626252,1091.8308,0.21179196,-164.30846,-0.42106977,2667.9128,0.09860856,1079.2238,0.30243468,-164.58087,-0.4168172,-14.138625,-0.32465583,21.45526,0.2730846,0.022757921,0.8548756,-0.0066420366,-1.9060174,0.02262956,0.4334759,32.245304,0.21408714,-1.3576211,-7.783198,22.012867,0.57614297,-12.454222,-0.8743351,-11.571593,20.381758,0.004962021,0.0071129086,0.012097324,1.7975403,1.7110267,0.108888894,0.092188746,0.43105263,0.5078012,-51.556065,ans,Ses04M_impro02,Ses04M_impro02_M018
331,40.94791,0.10235573,37.052437,41.40006,44.810238,7.757801,49.7936,32.16592,77.69089,37.7368,0.18560345,1.0646672,0.051336918,0.08834402,0.29953137,0.24819446,4.9273157,3.580597,3.3461106,2.1314902,0.05739981,1.5988119,23.119343,0.39600664,-4.5360527,-2.6083589,13.738645,0.96593386,-15.330715,-0.9140865,0.029540824,1.7991438,1.193286,0.76516205,9.465223,0.36060444,7.8969293,1.0860572,18.951607,0.5783424,803.0008,0.28946847,1315.9679,0.16202115,-150.11563,-0.5297276,1798.2147,0.12105339,1065.236,0.2837532,-144.31735,-0.5480271,2838.3713,0.08820482,1043.3351,0.39603195,-145.46547,-0.53254986,-13.245594,-0.6627369,23.458017,0.44665495,0.046205685,0.5397082,-0.004050124,-3.3725176,0.13173948,0.9275592,25.175161,0.39542994,-7.212222,-2.2365634,11.911573,1.5747062,-26.950855,-0.6295647,-9.935351,19.200916,0.010379319,0.008051957,0.022600863,2.268431,1.994302,0.15142857,0.0982846,0.32904762,0.515132,-35.499973,o,Ses04M_impro02,Ses04M_impro02_F016
332,25.270351,0.112176366,22.072472,25.507072,28.239414,6.1669426,2.2226276,13.733971,16.314404,0.0,0.080659606,0.45370355,0.05379563,0.072517455,0.09907763,0.045282,0.40767914,0.40115845,0.3931075,0.29694134,0.012778288,0.55271626,23.996687,0.34295303,-1.4080396,-4.455945,16.00895,0.45096302,-6.828708,-0.9545119,0.011580379,0.7439548,1.2713146,0.5440979,4.238224,0.42528108,0.06862387,100.95623,21.406227,0.32965717,710.1215,0.27385908,1480.4407,0.27851945,-170.75156,-0.3941431,1739.2927,0.11388574,1111.8197,0.2146351,-171.36858,-0.37409246,2737.1172,0.080732934,1032.8394,0.2866488,-171.7849,-0.3682398,-15.051459,-0.17352341,22.625153,0.16292274,0.025443312,0.90358853,-0.0036385509,-3.4690514,0.024182282,0.43748832,33.0734,0.17964616,-1.6126639,-3.457472,19.818827,0.5350185,-7.469343,-1.4980721,-10.136349,18.406652,0.0013687459,0.0085428115,0.010633181,1.9607843,1.4888339,0.09833333,0.076029964,0.55,0.4410971,-52.006245,dag,Ses04M_impro02,Ses04M_impro02_M019
333,47.399845,0.044292387,45.15606,47.784035,48.865715,3.7096558,21.571905,2.280426,-3.113968,28.428265,0.14475407,1.111303,0.053936847,0.06951824,0.20414864,0.15021178,3.255539,1.8757463,2.5682185,1.7522329,0.03953708,1.6169327,23.039488,0.40695536,-3.4470778,-2.8414826,10.387361,1.146371,-16.18876,-0.95430636,0.01220636,0.6166314,0.7169727,0.5262206,12.392288,0.35302228,13.460405,0.5795795,23.25,0.34907657,904.18854,0.12527321,1200.4423,0.15784784,-172.20471,-0.39626944,1844.6324,0.08457382,1149.1378,0.25472903,-173.6428,-0.36268106,2910.9102,0.043930735,792.0895,0.5356696,-174.12207,-0.35537082,-11.768752,-0.8772443,24.551193,0.36380482,0.08013666,0.37150595,0.0019255963,5.858691,0.14338255,0.41746926,22.972836,0.3341127,-16.394125,-0.6740562,-8.528368,-1.4068191,-41.77038,-0.28914943,-9.987819,19.66248,0.010580164,0.006641252,0.02095663,1.47929,0.3003003,0.51,0.0,1.395,0.375,-37.94325,c,Ses04M_impro02,Ses04M_impro02_F017
334,26.951853,0.08430676,24.815977,26.504704,29.238495,4.422518,51.203323,43.307487,26.111185,13.163719,0.07039681,0.42201194,0.049402077,0.055723205,0.09433765,0.044935573,0.43191293,0.24744742,0.35944673,0.22473373,0.012774151,0.5642528,26.81192,0.21583332,-2.1218855,-2.886917,16.067808,0.40360534,-8.54853,-0.65903825,0.016090458,0.79684234,1.3612118,0.49698082,3.682989,0.474641,0.55368984,11.068405,22.209381,0.21296085,605.9603,0.34528223,1355.57,0.09580232,-186.55588,-0.2611826,1653.4756,0.15251563,1136.1301,0.24126907,-187.20335,-0.24358632,2637.9307,0.08632182,986.5473,0.41506395,-187.63936,-0.23517695,-14.982184,-0.21812885,23.70932,0.1617092,0.021048356,0.66769594,-0.01461816,-0.9575672,0.025431486,0.26170343,34.29794,0.18631218,-0.7234843,-10.889415,16.85562,0.5863923,-16.072495,-0.67664796,-12.025915,21.676378,0.002611871,0.006719902,0.011818912,1.5801355,0.90805906,0.0725,0.03897114,0.89555556,1.1959386,-54.251225,dag,Ses04M_impro02,Ses04M_impro02_M020
335,29.058025,0.1673959,25.659845,26.62173,37.066895,11.407049,461.31943,598.59064,24.730297,22.754768,0.0823112,0.48128483,0.05130502,0.06854589,0.10971339,0.058408372,0.46234074,0.43016326,0.4903299,0.439283,0.015988797,0.49889123,29.012417,0.22376458,-1.9386252,-3.2023158,19.591192,0.5183299,-7.351459,-0.823199,0.024995822,1.2292844,1.2710227,0.48422265,4.410393,0.429488,3.378724,2.291691,20.84093,0.33732876,696.1557,0.38146478,1413.8505,0.13751537,-153.25845,-0.5274222,1749.3612,0.14919701,1121.799,0.2699267,-154.22055,-0.49725163,2737.8762,0.10367615,1079.2526,0.23530504,-154.74644,-0.48989278,-15.000856,-0.22229563,23.653364,0.24443716,0.023853008,0.7507546,-0.0066022845,-1.6252863,0.020111598,0.4575537,34.157623,0.1626291,-3.4511743,-1.8111615,21.108822,0.61131996,-10.943155,-0.7264291,-13.34011,22.645296,-0.0020114486,0.006543666,0.014735194,1.369863,1.3856813,0.17666666,0.098432146,0.4485714,0.3312068,-51.58513,o,Ses04M_impro02,Ses04M_impro02_M021
336,39.966015,0.08987696,37.332207,40.190372,42.573257,5.2410507,58.15219,42.82226,17.820127,77.82685,0.26515818,0.96373,0.053280763,0.17275035,0.41516137,0.3618806,6.062744,3.8534677,3.761197,2.4635732,0.08027285,1.395522,23.808146,0.415604,-8.073522,-1.7418522,12.907666,1.0517035,-17.60815,-0.94059974,0.017050086,2.084321,0.99647105,0.7177533,9.4021635,0.36906978,7.322421,1.1459274,18.128101,0.4975603,715.33496,0.30116665,1392.6329,0.15615074,-124.101166,-0.7251626,1708.0071,0.124594614,1066.4989,0.2709566,-110.71443,-0.79919267,2768.0483,0.08452898,895.1495,0.30345035,-113.30848,-0.75751,-10.52569,-0.6950293,20.772003,0.3940755,0.044281863,0.49271753,-0.006159389,-2.2219927,0.13304245,0.9090019,26.416922,0.3391279,-14.175914,-1.1287428,10.269531,1.6471449,-27.724695,-0.6005054,-9.94132,19.597828,0.0070383027,0.008460824,0.029607464,2.5263157,1.9047619,0.25,0.22762054,0.24105263,0.33193046,-33.5224,o,Ses04M_impro02,Ses04M_impro02_F018
337,38.235275,0.13466541,33.685345,40.00685,41.556007,7.8706627,33.018158,15.164025,30.045147,14.605626,0.27184275,0.8519424,0.06130879,0.21836561,0.42167285,0.36036405,4.307952,2.1795027,4.4955626,3.1040103,0.07504139,1.1647719,21.646547,0.6026599,-6.864731,-1.8659856,14.690474,0.93621707,-16.19509,-0.84808356,0.018070817,0.864386,1.1411643,0.6316353,7.0965614,0.5744567,3.8291233,2.8686922,13.181899,0.753937,747.4357,0.33502838,1351.1007,0.19791973,-128.71297,-0.70101696,1743.6418,0.13239938,1067.7274,0.32141948,-118.24797,-0.7546041,2749.08,0.09029046,973.4649,0.34961575,-119.894714,-0.72817355,-6.9942255,-0.9460343,18.000149,0.4380317,0.043328192,0.43335137,-0.0076161693,-1.8592919,0.13208802,0.7695406,22.521982,0.58384484,-12.534453,-1.1420043,10.83885,1.5596567,-24.797419,-0.5812957,-8.955019,18.085093,0.015271008,0.007435517,0.030892393,3.3248084,2.0725389,0.205,0.12747549,0.22777778,0.30403864,-34.77512,q,Ses04M_impro02,Ses04M_impro02_F019
338,35.45879,0.14452796,29.16646,37.82879,40.369102,11.202642,24.552345,16.629057,15.202055,4.1575527,0.19453406,1.1166971,0.05199978,0.09446475,0.268015,0.21601522,2.7211263,1.0150114,1.9729111,1.2089394,0.04760493,1.6597352,25.574118,0.4587094,-5.580407,-2.019818,15.711762,0.8473125,-11.346778,-1.0609857,0.018928297,0.97260296,1.0715361,0.66837806,6.201469,0.6925532,-0.4016953,-19.971134,15.9840555,0.63535833,739.9715,0.3099643,1394.1224,0.18443954,-154.37149,-0.5286586,1710.0908,0.12725805,1075.4674,0.24452353,-148.64505,-0.55697083,2769.7434,0.07666975,930.9694,0.25454912,-150.71346,-0.5263365,-5.830851,-1.0557444,19.473589,0.3659352,0.036534157,0.37941006,-0.009831543,-1.5111206,0.122408144,0.9803706,27.14572,0.47013608,-13.809236,-1.1124052,6.227315,2.9840875,-22.90863,-0.6519799,-10.727528,18.657818,0.011416013,0.006853971,0.01996591,1.4492755,1.1764706,0.225,0.11412712,0.482,0.73667896,-36.87245,ans,Ses04M_impro02,Ses04M_impro02_M022
339,25.56427,0.082396016,24.15791,25.376078,26.291992,2.1340828,218.26509,143.71669,53.774227,67.77005,0.069186345,0.38288307,0.048176,0.05551284,0.09176006,0.04358406,0.40592635,0.275131,0.32883954,0.15800641,0.011843438,0.44744354,27.588484,0.23330547,-2.7586188,-2.2901084,16.590408,0.38304794,-7.645448,-0.78516084,0.022532139,2.4297595,1.2723882,0.4533663,3.194326,0.45392257,-0.5011639,-13.125631,20.655987,0.3779205,549.47,0.33821857,1325.0642,0.13358082,-172.73286,-0.38374695,1609.4169,0.1420491,1064.5502,0.20594044,-174.51447,-0.35323054,2572.81,0.08449232,1048.5065,0.26478577,-174.98117,-0.34579024,-14.279286,-0.27323526,22.438171,0.2059652,0.02445639,0.68110245,-0.0056345114,-2.383018,0.019388314,0.31182328,35.411358,0.12829746,-4.514765,-1.6081655,19.280605,0.4887308,-9.860957,-1.0113124,-12.054697,21.628523,0.001153107,0.008980943,0.0106085595,2.4390244,1.2850468,0.101818174,0.074567616,0.6008333,0.8652886,-54.693943,o,Ses04M_impro02,Ses04M_impro02_M023
340,34.892414,0.030226678,34.126762,34.609474,35.663532,1.5367699,22.258953,1.3137636,-2.9689572,14.849178,0.07098078,0.56832856,0.047267977,0.050139263,0.10805243,0.060784455,0.7345067,0.6083395,0.438521,0.39876485,0.013626847,0.7591247,27.370745,0.18712962,1.2452096,5.490953,19.00225,0.5302584,-6.719113,-0.88962245,0.011343336,0.790471,0.7714293,0.8428766,11.315587,0.14390643,19.025553,0.1982819,28.532827,0.25546265,631.7929,0.40900847,1463.6298,0.14006834,-162.98253,-0.44932875,1812.561,0.15291916,973.1492,0.2547926,-163.34421,-0.4218026,2795.9265,0.081389666,1093.7848,0.28322247,-163.72566,-0.41674653,-22.86975,-0.1961339,31.823889,0.2599407,0.02565944,0.63160414,0.0010564636,9.701533,0.029334482,0.3636154,34.496193,0.1518121,11.833914,0.5353103,33.53758,0.34673646,-5.2405953,-1.9628574,-12.659088,23.495754,-0.0037007749,0.011503595,0.009131801,1.6736403,0.42735043,0.52,0.0,0.895,0.195,-46.135777,q,Ses04M_impro02,Ses04M_impro02_F020
341,0.0,0.0,0.0,0.0,0.0,0.0,0.0,0.0,0.0,0.0,0.05134096,0.13346529,0.04738143,0.049142886,0.05205412,0.0046726875,0.098049395,0.043529987,0.09106897,0.09397495,0.009294273,0.27508837,25.442667,0.13902818,-1.0696963,-3.4882329,14.106405,0.2019052,-7.8694935,-0.39592707,0.0,0.0,0.0,0.0,0.0,0.0,0.0,0.0,0.0,0.0,0.0,0.0,0.0,0.0,-201.0,0.0,0.0,0.0,0.0,0.0,-201.0,0.0,0.0,0.0,0.0,0.0,-201.0,0.0,0.0,0.0,0.0,0.0,0.0,0.0,0.0,0.0,0.0,0.0,0.0,0.0,0.0,0.0,0.0,0.0,0.0,0.0,-12.910237,23.439476,-0.004013849,0.009804222,0.009385567,2.2988508,0.0,0.0,0.0,2.55,0.0,-59.6265,ans,Ses04M_impro02,Ses04M_impro02_M024
342,35.0125,0.063912615,32.815514,34.859657,37.227894,4.41238,63.905773,29.158758,39.041897,16.474564,0.15716566,0.93179256,0.048296273,0.07808672,0.283368,0.23507172,2.822871,1.2440759,2.515384,1.0232939,0.038591698,1.0720397,26.183125,0.3239871,-0.50937486,-17.011034,23.270895,0.70240813,-12.913076,-0.958317,0.0312258,1.5246962,1.0138782,0.8086285,8.150305,0.3721372,10.850679,0.67304206,21.870085,0.5058859,614.4112,0.39048517,1366.07,0.17000797,-141.74088,-0.60125226,1724.0228,0.13759096,956.82935,0.38794294,-135.53821,-0.61623234,2738.413,0.11496868,1081.7319,0.28453964,-135.9818,-0.6101247,-15.170722,-0.4804041,23.013365,0.4307576,0.0392484,0.47037554,-0.008962227,-1.1857622,0.07816909,0.47870448,30.913279,0.3361493,-0.30755258,-39.574352,32.549393,0.5452234,-17.826582,-0.81440884,-11.110528,20.848988,0.004284214,0.007770757,0.015445031,2.4291499,0.8179959,0.4475,0.2403513,0.75,0.51132184,-38.698883,q,Ses04M_impro02,Ses04M_impro02_F021
343,28.634377,0.10665921,25.782623,29.497965,31.130554,5.347931,23.004906,12.002102,52.423042,45.346092,0.08059349,0.5557785,0.047775153,0.06328711,0.10542065,0.057645496,0.48639148,0.36441013,0.419038,0.25741994,0.014974668,0.7572409,28.322466,0.2687282,-3.1618743,-2.5905836,18.329361,0.4670192,-8.591028,-0.73163164,0.018120902,0.73510844,1.1594323,0.47314042,4.416817,0.53394186,7.194948,0.960873,22.018227,0.33235133,550.73444,0.352812,1401.93,0.19678563,-173.51321,-0.37210992,1612.5757,0.13547419,1151.1736,0.39064527,-173.83992,-0.35462976,2561.969,0.088743,1101.5493,0.31084147,-174.18367,-0.349202,-14.100584,-0.33637673,21.753899,0.21688168,0.027140683,0.5355145,-0.0058683795,-1.7801256,0.032928698,0.46426213,36.918545,0.11646811,-8.825682,-1.1294978,24.103754,0.4204539,-7.994192,-1.1363868,-11.872157,21.136257,0.0024782685,0.0083846245,0.011954728,1.590909,1.4857143,0.089999996,0.05203549,0.60749996,0.77089906,-50.820366,ans,Ses04M_impro02,Ses04M_impro02_M025
344,39.985226,0.112957396,34.596165,41.700134,44.3777,9.781536,22.454407,7.7879295,19.171625,2.6769226,0.24573328,0.9533962,0.04897565,0.16212294,0.43075824,0.3817826,4.227561,3.395452,3.3714116,1.6848532,0.06350818,1.1644202,25.604378,0.25095883,-7.335141,-1.5192794,12.395028,1.0037745,-18.33216,-0.86267126,0.017929092,1.7960849,0.9226865,0.7195474,10.87681,0.3773453,7.2936096,1.4588034,17.175108,0.49624485,716.6045,0.32459447,1360.5369,0.21589658,-115.39821,-0.80532193,1707.7328,0.13912718,1082.8179,0.32011265,-109.49457,-0.80683255,2774.9883,0.09554026,904.24896,0.3309659,-112.18105,-0.76402336,-12.953808,-0.5866472,23.115385,0.3841188,0.042537782,0.47594675,-0.008959582,-1.3780893,0.11256579,0.68635786,26.776892,0.26211068,-11.43536,-1.1893725,9.242204,1.7209551,-29.083038,-0.5163775,-10.939047,21.792273,0.004436998,0.01181659,0.015555195,2.8169014,2.0,0.24142855,0.09508321,0.27333334,0.34494767,-33.71932,o,Ses04M_impro02,Ses04M_impro02_F022
345,31.361849,0.11221909,28.504225,29.481304,35.41516,6.9109364,26.061079,22.502832,88.97301,125.63705,0.13135815,0.80917513,0.048658792,0.085324824,0.19883251,0.15017372,2.1950088,2.1552026,1.9694405,1.7444109,0.026740596,1.0612397,29.242443,0.29049233,-4.362725,-2.2440257,17.273432,0.5600693,-7.897845,-1.0064044,0.017291306,1.4611,1.0703505,0.6721743,6.385326,0.40583432,7.4143806,1.0983852,21.829037,0.3555616,616.781,0.369376,1362.5444,0.14895953,-142.01323,-0.6072558,1646.3944,0.1520305,1099.1587,0.26535237,-139.42584,-0.60102385,2644.435,0.09916739,1048.3076,0.27730024,-141.17827,-0.5760136,-11.951163,-0.38133505,21.211002,0.26059583,0.027165493,0.66673714,-0.0042091534,-2.2990422,0.047431733,0.6648421,35.36391,0.2523721,-8.5738735,-1.3277855,19.120087,0.64820796,-9.133233,-1.1967231,-11.902199,21.623795,0.00377991,0.0079999585,0.01649689,1.6536119,1.6608392,0.19210525,0.1741318,0.45999998,0.735663,-43.437836,dag,Ses04M_impro02,Ses04M_impro02_M026
346,35.286343,0.0682802,32.841908,35.58926,37.212753,4.370846,31.01012,29.745958,117.60588,158.62729,0.18268602,0.8123258,0.050419874,0.11855996,0.32833943,0.27791956,3.0655518,2.1356633,2.8827932,1.5853889,0.040766403,1.0251276,25.729576,0.3295329,-2.9452841,-3.9123578,18.926094,0.56070405,-11.350333,-0.81714064,0.020530883,1.141023,1.2162279,0.781264,7.29086,0.4203716,6.388141,1.3924834,18.319708,0.49299088,583.22546,0.3865171,1360.1724,0.15003125,-144.40935,-0.58454096,1632.015,0.14076905,1035.232,0.24284147,-134.79648,-0.6254605,2629.8113,0.088373005,1039.5801,0.31158704,-135.95319,-0.60851586,-11.544336,-0.5025813,19.731836,0.34648794,0.039068315,0.44333857,-0.0057320343,-1.636426,0.07309489,0.53553134,28.080318,0.2900957,-6.1706324,-2.30035,21.77426,0.5923509,-15.55361,-0.7136138,-11.262775,20.348825,0.0059444914,0.0070845904,0.023126407,3.1746032,1.8766756,0.18428572,0.18623005,0.3783333,0.5024081,-40.153263,o,Ses04M_impro02,Ses04M_impro02_F023
347,27.128998,0.03781466,25.677849,27.671946,27.795841,2.1179924,4.306388,0.0,-18.820667,0.0,0.06448661,0.44314292,0.04745381,0.05129099,0.07396433,0.026510518,0.40413925,0.4160418,0.3630346,0.25602084,0.011425266,0.47666952,28.338718,0.1481507,-2.44978,-2.8968775,16.76893,0.3832006,-7.185666,-0.60984606,0.018846298,0.8779207,0.9481388,0.4409287,4.628633,0.39403567,1.6813287,2.2848463,21.212128,0.31061026,463.2574,0.27464893,1388.6627,0.09241588,-186.66797,-0.26602462,1491.6874,0.09792656,1167.8517,0.31939986,-186.80833,-0.2559473,2527.323,0.07936038,1012.1391,0.13850488,-187.26413,-0.24675694,-14.034159,-0.2727584,23.231295,0.20173141,0.023529584,0.7748682,-0.0011475038,-7.0615325,0.022420485,0.15839145,36.160995,0.084205896,-5.0090694,-2.3648202,18.254889,0.36587694,-6.647644,-0.7629331,-13.167677,22.890734,0.0003542035,0.008424416,0.010550747,1.8390805,0.46511632,0.155,0.065,1.3133333,0.84246993,-54.833267,s,Ses04M_impro02,Ses04M_impro02_M027
348,37.16647,0.10063087,33.863354,36.99077,41.196976,7.333622,130.39606,252.49815,27.235826,12.185306,0.2849778,0.96130574,0.054685395,0.19057554,0.46835345,0.41366807,5.362242,2.762648,3.8264618,1.9042451,0.087276004,1.3055682,24.765635,0.3821869,-8.285895,-1.5833763,16.155184,0.908948,-18.50674,-0.8885335,0.027261771,1.7123337,1.1105616,0.67068297,7.423457,0.47585922,6.152899,1.4479598,17.263268,0.55872595,637.216,0.37961537,1408.286,0.19413662,-120.87963,-0.7638885,1650.7299,0.13940257,1047.7042,0.29213515,-108.73113,-0.8257128,2694.145,0.09154364,1038.6118,0.41504207,-110.515015,-0.79589534,-9.623906,-0.693227,18.89714,0.43656155,0.046922367,0.4678287,-0.008468388,-1.4129876,0.14719403,0.8342811,26.673681,0.3612886,-12.649871,-1.2649459,17.008087,1.0789515,-28.783257,-0.5553908,-9.730737,19.681871,0.009822242,0.008880944,0.02806046,2.7179008,1.5065913,0.321875,0.25468653,0.31937498,0.4332936,-33.82818,o,Ses04M_impro02,Ses04M_impro02_F024
349,24.592823,0.050168324,24.668617,24.953705,25.317305,0.64868736,78.885864,74.350235,14.086067,12.410334,0.05981259,0.30672404,0.0481217,0.052324127,0.065078005,0.016956307,0.20438655,0.112601236,0.22810096,0.18823422,0.010218209,0.41844133,28.198187,0.17896329,-0.85719633,-5.144439,14.563202,0.4708738,-8.883949,-0.69726306,0.0059238058,0.46757844,1.1140827,0.69745016,4.8767385,0.37042308,-7.3090234,-1.1366036,22.147507,0.4661217,718.633,0.31947744,1369.8865,0.14870802,-180.37679,-0.32276842,1783.924,0.12794885,1061.6315,0.22230566,-182.20982,-0.2898218,2810.9092,0.07525269,830.2125,0.22638088,-182.46024,-0.28591394,-19.482273,-0.22780116,27.536312,0.20359883,0.030663613,0.63908464,-0.013287003,-0.85408044,0.01753389,0.30403313,37.648537,0.09845247,2.658393,2.2328138,20.048298,0.2532482,-13.832711,-0.7969497,-12.765286,22.996635,-0.00041251516,0.006544777,0.009449919,2.5936599,0.58479536,0.175,0.13499999,1.0066667,0.63897485,-55.335976,dag,Ses04M_impro02,Ses04M_impro02_M028
350,38.32931,0.06591304,36.733627,38.403038,40.622757,3.8891296,29.087273,11.196232,26.926287,9.278759,0.2821807,0.9525984,0.04981855,0.18296903,0.50539225,0.4555737,4.8054266,3.031211,4.3196006,2.480366,0.08071583,1.081363,28.365364,0.3090471,-10.357187,-1.2958068,7.0340996,2.0575502,-17.569975,-0.93490565,0.015613212,1.265458,0.9468869,0.7017199,8.856726,0.38978282,3.3901353,2.5278049,21.504189,0.58732116,717.2175,0.33118084,1346.2516,0.16139819,-123.28293,-0.7484325,1680.3718,0.15007916,1089.2504,0.20560223,-109.38656,-0.83928245,2784.9712,0.12097396,982.464,0.24509573,-114.26573,-0.76060194,-8.947579,-0.74623585,21.834726,0.35487604,0.04813233,0.39381355,-0.006476459,-2.0963922,0.14620742,0.54166996,32.199463,0.27494955,-17.75477,-0.8113683,0.5118338,34.044945,-27.543245,-0.66759056,-10.914573,21.755724,0.0015215279,0.00913431,0.019620651,2.9209623,1.3864818,0.3425,0.41435942,0.31777778,0.50692487,-33.11051,o,Ses04M_impro02,Ses04M_impro02_F025
351,33.219692,0.105437644,28.838734,35.5608,36.03786,7.199127,212.90604,0.0,4.873846,15.169955,0.080762856,0.4757278,0.0555113,0.06932916,0.09878031,0.043269012,1.3372526,0.89475,0.3674263,0.37373954,0.014296661,0.8537462,21.808067,0.37409857,-0.16423401,-46.110813,17.430964,0.40717018,-8.93,-0.6521185,0.01250238,0.45313516,1.3827225,0.5521761,8.621135,0.29625162,9.158409,0.2749908,20.761007,0.5288848,873.6833,0.21427576,1511.9497,0.19241059,-192.39346,-0.18565309,1859.7874,0.10248393,989.83435,0.22374898,-192.71309,-0.17875639,2938.3674,0.054168392,987.972,0.22066838,-192.67915,-0.17946857,-20.01581,-0.28588188,28.476955,0.28322783,0.01881346,1.0826811,0.0035469702,2.631772,0.03357678,0.59955263,28.451603,0.23310466,8.240941,0.72143215,27.081,0.31374195,-3.472414,-1.5229268,-10.386474,19.197403,0.0019053787,0.009952691,0.012535017,1.4124295,0.5730659,0.074999996,0.024999999,1.0966666,0.64850247,-50.17411,q,Ses04M_impro02,Ses04M_impro02_M029
352,42.96611,0.104300514,40.076485,43.248634,46.775875,6.6993904,42.52311,29.029236,52.377483,29.320875,0.4301289,0.6547602,0.14099671,0.38797337,0.6811757,0.540179,7.236696,4.5027757,5.2049584,2.90499,0.15906775,0.84824747,21.254055,0.4342271,-13.226593,-1.0765529,9.3291,1.9516835,-26.654972,-0.61727977,0.030353855,1.8191533,1.0969664,0.8103311,9.684896,0.41664743,9.05358,0.8681116,15.32536,0.83146346,853.22314,0.2931681,1315.7825,0.2244471,-81.95078,-1.0509554,1808.6649,0.12786952,1057.6962,0.3013463,-76.464165,-1.0382749,2856.048,0.0923761,964.1023,0.28195998,-79.12108,-0.9825961,-10.393469,-0.6736166,20.877333,0.388236,0.06468498,0.4545489,-0.0010524561,-12.887808,0.20378344,0.63200814,22.455973,0.4133545,-16.197077,-0.89481944,7.321018,2.739517,-30.675797,-0.50175065,-6.952567,16.287085,0.017744808,0.005379708,0.060903504,3.943662,1.9858156,0.34,0.29895052,0.16416666,0.15548088,-29.39422,ans,Ses04M_impro02,Ses04M_impro02_F026
353,42.68823,0.055643443,40.054314,44.007153,44.727627,4.673313,23.835585,0.0,1.9226923,0.0,0.3712879,1.124988,0.0883217,0.1152655,0.71165884,0.62333715,10.656333,9.268918,1.2022644,4.721025,0.13757235,1.5304016,18.701881,0.3194965,-17.412395,-0.65980345,13.05022,0.8118085,-22.853498,-0.626452,0.0115077635,1.0534227,0.99558586,0.81642604,9.616098,0.43654254,6.758938,1.1776013,13.941726,0.5372335,833.5051,0.2261478,1441.6875,0.26457,-147.00966,-0.55352813,1698.1346,0.11777517,1081.4598,0.24052729,-135.08842,-0.64070934,2856.8591,0.09127516,853.54474,0.22660117,-137.74141,-0.6035257,-5.7587743,-1.4142088,18.72626,0.42913064,0.054499064,0.45834622,0.010821164,0.7909897,0.3426929,0.7319047,21.215199,0.2687139,-26.76529,-0.54136586,4.9976482,2.5427675,-34.66697,-0.4392496,-3.8559885,12.375607,0.00509608,0.010800151,0.0242868,2.542373,2.6785715,0.12,0.086023256,0.23333333,0.29465607,-28.626081,oth,Ses04M_impro02,Ses04M_impro02_M030
354,38.896034,0.09009079,36.007492,38.617474,41.964333,5.9568405,46.168514,22.014908,30.977623,29.32058,0.4882121,0.63180816,0.21077108,0.4191949,0.7531869,0.5424158,7.4506884,4.5718293,5.8812923,3.1626086,0.169311,0.8706375,28.054493,0.34623143,-15.724233,-1.0018704,8.334646,2.2745254,-26.010746,-0.6060047,0.026020909,1.76023,0.98257303,0.7600537,8.261464,0.46403697,5.1486783,1.7628635,18.764946,0.5860092,761.39923,0.34967154,1337.2566,0.19108398,-66.234535,-1.2420493,1730.9329,0.15449415,1084.758,0.24719314,-58.770702,-1.272014,2792.4133,0.111494236,1007.9928,0.29234183,-64.125305,-1.1182055,-9.462161,-0.7556805,20.874615,0.39134797,0.049035244,0.4035345,-0.0052370518,-2.815163,0.1974727,0.7507424,28.342724,0.33044297,-17.648634,-0.9324591,8.013161,2.3805299,-29.152334,-0.54972625,-6.6324544,18.765022,0.030293144,0.0027224403,0.08276229,4.612546,2.048417,0.36545455,0.29267928,0.11,0.12320714,-29.383549,o,Ses04M_impro02,Ses04M_impro02_F027
355,37.857864,0.19311377,25.796038,40.846336,44.607567,18.81153,62.50613,0.0,269.1796,0.0,0.36538813,1.1573335,0.09450358,0.14435798,0.65924406,0.5647405,9.182202,6.309868,0.82067966,4.414362,0.16329528,1.5334822,29.079618,0.24888197,-13.753895,-1.1248512,5.250175,3.9985607,-15.58259,-0.71568507,0.045521367,1.2581018,1.2167765,0.617545,7.3864813,0.5154447,4.2130466,1.5475373,18.894217,0.45798782,759.1019,0.3421388,1310.5714,0.15498453,-140.3594,-0.6118387,1741.4292,0.14819463,1043.0315,0.16938657,-135.1165,-0.6380629,2818.0847,0.13364166,874.48926,0.1865664,-138.1248,-0.59454066,-9.237314,-0.7642446,20.389992,0.2515451,0.043648425,0.5374467,-0.0022477156,-6.1158705,0.24998786,0.8940907,25.740463,0.27610877,-15.521335,-1.2081534,7.627362,3.0035229,-20.422333,-0.5872064,-7.4521775,21.02738,0.022356771,0.0061733793,0.061555166,2.5210085,2.6548672,0.12333333,0.083399974,0.355,0.16499999,-27.781782,s,Ses04M_impro02,Ses04M_impro02_M031
356,39.362736,0.121284425,35.663677,39.710155,44.17888,8.515202,102.371574,53.143314,-8.636386,31.762396,0.3699074,0.94056416,0.05756692,0.28704834,0.63529897,0.577732,6.735865,4.010362,5.7738514,3.0004547,0.14287885,1.2819196,22.854626,0.44561392,-9.860293,-1.6101534,13.965045,1.1217711,-18.010466,-0.85832363,0.026661158,1.3277782,1.0255896,0.5915039,8.350712,0.41714838,4.553762,1.8029176,14.450622,0.5447161,789.8746,0.36483973,1361.2245,0.19924106,-118.68205,-0.7486969,1749.5203,0.15421891,1066.0051,0.23543732,-110.80656,-0.7966063,2837.585,0.10176275,918.1645,0.3176261,-113.95643,-0.7458143,-9.269981,-0.74662644,20.217098,0.290808,0.05417097,0.37114796,0.0002926076,46.706036,0.22437982,0.6775229,25.25569,0.31913742,-16.07989,-0.932808,15.348069,1.1610781,-26.961512,-0.51255107,-8.463277,19.549484,0.008553515,0.009514115,0.070527494,3.8194447,2.4734983,0.18857142,0.23191306,0.22666666,0.3163156,-29.32784,o,Ses04M_impro02,Ses04M_impro02_F028
357,26.527695,0.09578605,24.601353,26.005737,29.346647,4.7452946,16.15842,4.613979,15.514078,9.298687,0.09386658,0.46750426,0.05302806,0.08143282,0.12964703,0.07661897,0.42829877,0.21729673,0.34181195,0.19228347,0.017029548,0.6393637,26.125294,0.38786528,-0.6463375,-15.01793,15.852096,0.56150603,-6.765365,-0.9888309,0.0102774035,0.8127082,1.135638,0.50698984,4.318199,0.4223993,1.7724279,4.5488625,22.903643,0.41728523,666.97253,0.32784033,1406.65,0.16350152,-147.88559,-0.57110244,1666.624,0.13374537,1141.4254,0.17873226,-150.91748,-0.52551067,2688.2273,0.09693334,968.9492,0.15930903,-152.48038,-0.50394213,-12.849342,-0.356306,23.049706,0.22173105,0.028333899,0.56698895,-0.0033481081,-3.1801271,0.025698481,0.46411464,35.319584,0.18090323,-4.4234166,-2.2035086,14.587674,0.7247407,-10.03314,-0.83420753,-11.018541,20.577744,0.0031972567,0.009667402,0.0140169645,2.579365,1.6032065,0.15875,0.082679726,0.3944444,0.4210598,-49.79615,o,Ses04M_impro02,Ses04M_impro02_M032
358,38.76948,0.1350484,35.90159,39.16329,42.920338,7.018749,81.71347,9.7226715,18.62356,4.8442583,0.3162233,1.0441703,0.05405024,0.21090984,0.5359629,0.48191264,5.2084627,3.9636047,5.8276224,5.7085085,0.11993762,1.4728677,26.29123,0.28698742,-9.2551775,-1.5029638,12.36589,1.116752,-15.190733,-0.9829163,0.027369967,1.4887726,1.0461851,0.6075191,8.523092,0.4775258,9.1892605,1.123568,18.547482,0.50757146,694.1645,0.3771441,1306.9338,0.18047616,-111.18256,-0.8452931,1697.7825,0.14986779,1049.6692,0.2618615,-99.768936,-0.89645565,2745.4272,0.112867676,936.88275,0.19538492,-103.07649,-0.8400521,-10.429028,-0.5598865,20.790434,0.37777916,0.048742123,0.44007722,-0.0061953254,-1.8875955,0.20178764,1.0073615,27.664175,0.32703567,-13.640888,-1.2046233,11.525936,1.5589432,-22.514923,-0.7204339,-11.411192,21.52338,0.0019132873,0.009935607,0.022808872,2.2160666,1.1235955,0.4825,0.5031091,0.308,0.34649098,-29.446005,o,Ses04M_impro02,Ses04M_impro02_F029
359,23.679888,0.06314465,22.271332,23.049921,25.343285,3.0719528,7.167327,7.155616,13.513565,0.0,0.06800327,0.39932224,0.04709427,0.054628324,0.088637196,0.041542925,0.42767328,0.2877449,0.40057215,0.23617038,0.011722738,0.4209187,27.047462,0.22669259,-1.8499943,-3.01722,16.249176,0.49983168,-5.289673,-1.0309279,0.007397404,0.98373216,1.1226627,0.58801895,2.3071601,0.3700962,-2.3862765,-1.8514022,16.392445,0.33920202,534.3229,0.38576424,1420.5339,0.13113661,-175.07286,-0.36582547,1568.1449,0.12250942,1052.586,0.15105829,-176.44576,-0.34084854,2515.707,0.06429059,1192.8641,0.43608427,-176.66055,-0.33810782,-11.483159,-0.33158028,18.532991,0.23896733,0.027529618,0.47558415,-0.0017071896,-4.4701433,0.015786022,0.32869074,32.505867,0.132609,-8.071765,-0.85860205,19.902044,0.6374935,-5.5599413,-0.6803513,-13.059495,22.715502,0.0007344505,0.009455219,0.0112015195,1.7977529,1.3636364,0.085,0.052519836,0.5371429,0.44790667,-55.332962,s,Ses04M_impro02,Ses04M_impro02_M033
360,34.755337,0.045643672,32.827435,35.008835,36.083057,3.2556229,20.71254,10.399719,12.3235655,15.883405,0.1216623,0.78646535,0.046677485,0.07104564,0.18977843,0.14310095,2.0150604,1.1645529,1.2552196,0.58807886,0.02905283,0.99559075,27.212439,0.37913385,3.2937531,2.9599755,16.049953,0.7585725,-8.208851,-1.3582968,0.016857661,0.83129126,1.1303918,0.79732955,9.510015,0.28838482,12.808514,0.7707494,28.64844,0.3201863,700.0646,0.3168773,1408.0055,0.1355147,-138.51595,-0.62077063,1795.7924,0.13321991,1155.0403,0.255536,-141.31302,-0.5605899,2844.853,0.1154542,1117.7351,0.39320815,-142.76172,-0.5411268,-17.99601,-0.45914763,29.018293,0.33239332,0.03326226,0.60262126,-0.0006159317,-19.588608,0.055235084,0.5083872,33.194916,0.3060901,7.3295746,1.6545496,21.238352,0.72934777,-13.064086,-1.1049689,-12.710682,22.769817,-0.0013916685,0.008258616,0.015460886,2.7431424,1.2626263,0.26799998,0.12448292,0.41833332,0.46261632,-40.256977,s,Ses04M_impro02,Ses04M_impro02_F030
361,24.112022,0.01731288,23.976383,24.135551,24.201519,0.2251358,17.612751,8.600959,-7.63295,8.564604,0.055002138,0.28896162,0.04553019,0.0475945,0.063816436,0.018286247,0.17201224,0.115211666,0.19337949,0.086288095,0.009262185,0.31618232,26.252619,0.166708,-0.90435797,-5.72159,14.871223,0.37830335,-5.4037952,-0.8068154,0.015932878,0.8553115,1.2948058,0.35410357,1.8747404,0.6900021,-0.0442542,-127.92467,16.81908,0.2687847,511.5167,0.27133536,1447.232,0.17121437,-189.7852,-0.21942991,1590.4481,0.090991914,1053.6431,0.12091905,-190.05833,-0.21058536,2520.535,0.06750319,1087.755,0.23504855,-190.18166,-0.20786467,-13.174262,-0.24790059,18.777025,0.18562566,-0.00025405502,-49.61435,-0.0012951297,-4.7798376,0.013503713,0.21448727,31.935762,0.10667463,-4.81329,-1.4339708,22.483795,0.33421063,-1.5180428,-4.1788297,-13.11742,22.902208,-0.0025881229,0.009287492,0.0090338895,1.2987013,0.93632966,0.054,0.030066589,0.8266666,0.57057476,-58.58841,dag,Ses04M_impro02,Ses04M_impro02_M034
362,39.43211,0.016230574,38.918278,39.291683,40.047405,1.1291275,19.351273,12.18603,47.85743,48.218052,0.06289509,0.5393127,0.045613334,0.047191203,0.08064329,0.035029955,1.0181292,0.6132087,1.0273662,0.61671954,0.011479258,0.8328317,25.949356,0.21573484,-1.1880879,-4.4028053,15.429017,0.30887324,-9.819878,-0.7319828,0.020943962,0.67120165,1.1086242,0.5450638,10.257122,0.18439163,5.7566504,0.92611045,19.80488,0.56643337,743.88055,0.2086603,1377.2137,0.23698689,-189.41463,-0.22868687,1870.4515,0.10020471,972.4249,0.3334981,-187.71207,-0.23365818,2928.6104,0.08271466,1036.8602,0.18631713,-187.97295,-0.22883187,-17.042599,-0.27713397,25.651405,0.32495293,0.012206031,0.72656363,-0.007600707,-0.89751726,0.02324021,0.41099897,29.563152,0.27063012,2.3049924,1.8543061,21.855091,0.52377516,-19.553177,-0.8247511,-12.340939,21.671864,0.0028552571,0.008159413,0.01060461,2.1582735,0.73260075,0.095,0.015,0.83,0.50046647,-53.776062,dag,Ses04M_impro02,Ses04M_impro02_F031
363,25.421974,0.013935317,25.103836,25.310717,25.772352,0.66851616,8.94501,0.0,-11.49621,0.0,0.06498986,0.40792775,0.045340277,0.049191084,0.09108982,0.045749545,0.40121606,0.18912977,0.42222005,0.26245162,0.010567719,0.4749516,24.735796,0.23865384,-1.6177592,-2.8893592,15.56566,0.3078447,-7.10174,-0.70014685,0.013453678,0.38817227,1.4605734,0.5196758,2.6408322,0.30478185,-4.6438384,-0.7540378,18.78642,0.16427545,437.5399,0.1988977,1429.5441,0.08154878,-194.33035,-0.18197447,1398.3353,0.09967934,1149.1205,0.07554898,-194.7795,-0.16916178,2412.4417,0.04689236,1019.12036,0.168272,-195.0298,-0.16240992,-12.512724,-0.1860889,22.115,0.14808969,0.034611363,0.5459243,-0.007893774,-1.2210568,0.025524184,0.15924382,37.85166,0.08337564,-7.839305,-0.28974125,13.970819,0.6445542,-13.612538,-0.66472626,-11.780194,21.274788,0.001619501,0.011016637,0.010122494,2.5225227,0.18181819,0.17,0.0,2.6499999,1.29,-56.721237,q,Ses04M_impro02,Ses04M_impro02_M035
364,32.31716,0.0027794586,32.241055,32.311905,32.38912,0.14806366,6.1849594,0.0,4.5996985,0.0,0.07295149,0.15869811,0.061928198,0.071848825,0.083929986,0.022001788,0.30280513,0.14956443,0.2506226,0.118833035,0.012547218,0.29683188,22.555565,0.21329625,2.855582,1.4164032,16.050543,0.33060566,-10.297797,-0.52305603,0.0092750285,0.47080383,1.5529673,0.2710341,5.021743,0.26490918,2.5541534,1.8702122,17.652205,0.13026801,759.14026,0.12267536,1327.8611,0.116218895,-194.81512,-0.16656002,1735.6083,0.061532002,999.9895,0.11176991,-194.37622,-0.16450955,2847.555,0.054902963,714.344,0.099101566,-194.7322,-0.15536942,-15.68681,-0.10777028,27.039225,0.084393546,-0.0036708824,-1.8425673,-0.0009979791,-7.06093,0.012014955,0.18184565,30.779089,0.033111736,-0.5071235,-5.3905654,12.035275,0.3213201,-4.626013,-1.0083843,-12.843628,21.464779,-0.0009011474,0.004134639,0.012643696,5.2419353,0.41152266,0.08,0.0,1.16,0.61,-55.83552,s,Ses05F_impro02,Ses05F_impro02_F000
365,25.26028,0.012723434,25.081352,25.279652,25.55906,0.4777069,14.816952,0.8782387,-1.9449049,10.286298,0.070867345,0.58098406,0.054503333,0.057654236,0.06539236,0.010889027,0.15733291,0.110459514,0.19968432,0.15079078,0.014126578,0.913348,23.895546,0.18285692,1.7711378,3.4611676,17.637783,0.29458028,-7.3412657,-0.5133588,0.015597296,0.59927154,1.2831013,0.6521913,5.8710876,0.25247848,0.2323182,5.7299466,29.430288,0.08635368,456.3755,0.2242921,1337.3333,0.1315949,-185.46274,-0.27854794,1507.4917,0.09472914,977.0877,0.13967572,-187.1109,-0.2468676,2610.2197,0.05772812,845.98846,0.1373241,-187.5765,-0.23781809,-18.536987,-0.118291125,26.61903,0.13988413,0.01305592,1.3266057,-0.0022064669,-2.4561605,0.04384991,0.26770064,30.310062,0.35822344,14.668606,0.7549449,27.493034,0.27970037,-2.6642222,-1.1159363,-13.18192,22.552391,-0.006014997,0.008316756,0.011695021,0.7117438,0.36231884,0.21,0.0,1.26,0.089999996,-48.234344,q,Ses05F_impro02,Ses05F_impro02_M000
366,34.355453,0.011458994,33.864502,34.52082,34.707607,0.8431053,0.17471313,0.0,19.259035,0.0,0.060096323,0.20834479,0.053358648,0.05576542,0.06182447,0.008465823,0.36679682,0.44902328,0.3315256,0.2549863,0.010960573,0.5515206,25.332378,0.17526409,-0.4778581,-6.3201823,15.587039,0.2655745,-8.722951,-0.40204912,0.021242248,0.14084059,1.6201599,0.36223152,4.736842,0.0553196,-11.060215,-0.29221192,12.356351,0.2758732,742.3548,0.3223491,1198.1553,0.08317528,-194.05698,-0.1594906,1711.0917,0.17722209,1064.6833,0.07392354,-194.2545,-0.15344848,2691.1367,0.10815563,924.6224,0.12206809,-194.71744,-0.14265941,-14.793647,-0.20102555,28.846346,0.079296395,-0.0072402973,-0.74235463,0.0036611173,1.6377127,0.010280262,0.25251746,31.305544,0.06614818,-1.4912407,-3.110527,10.006148,0.68885505,-9.218476,-0.7075222,-13.157689,22.564941,-0.0023409692,0.0076354635,0.011085819,1.8433181,0.9433963,0.03,0.01,0.66999996,0.5486954,-56.614635,b,Ses05F_impro02,Ses05F_impro02_F001
367,29.04329,0.042659596,28.166843,28.644327,30.56144,2.394596,62.3242,0.74902344,6.7248607,13.135431,0.07098694,0.5083367,0.052945055,0.057390958,0.06730522,0.014360167,0.7767216,0.93887585,0.69602895,0.7376274,0.014900539,0.86869943,22.810389,0.3222403,1.9335642,4.5142756,18.426474,0.3211421,-6.0493426,-0.7358779,0.023133872,0.69097245,1.5573878,0.6403175,7.561551,0.19347174,9.418954,0.7647855,32.979256,0.17784643,629.2118,0.27702034,1395.2695,0.06547906,-185.70703,-0.25392076,1712.3137,0.10087786,1136.6404,0.22351256,-186.90544,-0.23210202,2742.941,0.08504694,1065.3936,0.33066976,-187.03793,-0.22949511,-23.66957,-0.23965305,30.61716,0.18766236,0.0027011936,9.213034,-0.0052045924,-2.2493722,0.043985594,0.45204455,31.757086,0.24261235,16.806324,0.33117265,32.273182,0.1985566,2.017496,3.3003128,-12.205355,21.246317,-0.0059364503,0.009638855,0.012441664,1.4981275,1.1450382,0.06333333,0.012472191,0.59,0.5329634,-49.301865,s,Ses05F_impro02,Ses05F_impro02_M001
368,28.642067,0.1741409,22.833994,31.957409,32.960808,10.126814,107.23104,19.918535,117.011345,124.45131,0.09582148,0.5937632,0.05859869,0.07577417,0.11204079,0.0534421,0.5434474,0.4714048,0.5337956,0.52457595,0.018735366,0.9678489,24.348213,0.3516459,-0.82913876,-8.637154,14.216457,0.58156955,-11.657513,-0.65492636,0.0323907,1.4038817,1.3947711,0.5010357,3.538656,0.54917264,0.14914751,40.363796,20.937052,0.44494236,549.3779,0.27890715,1279.9388,0.15680066,-170.86787,-0.3960928,1582.5889,0.16532022,1227.9152,0.4076601,-171.83797,-0.37247542,2605.733,0.09832567,1037.258,0.21685018,-172.82912,-0.35715172,-14.884995,-0.27816,26.052639,0.20267326,0.011090301,1.6168821,-0.018340874,-0.8105004,0.045347717,0.6542368,35.87253,0.20758128,-3.5545435,-3.0292997,8.994447,1.450537,-20.318089,-0.36403415,-11.933662,20.796486,-0.008521323,0.004793481,0.013770457,1.5929203,1.0714285,0.14166667,0.10945572,0.65999997,0.7051848,-46.936577,s,Ses05F_impro02,Ses05F_impro02_F002
369,28.404089,0.17653996,22.833994,28.245134,33.38786,10.553865,97.27678,26.962276,29.575914,17.243292,0.15213962,0.53877133,0.07143589,0.14347614,0.22994284,0.15850696,0.7812213,0.47924897,0.8943805,0.47569898,0.035356894,0.8017655,30.63619,0.2964606,-4.8054285,-1.7530435,12.176543,0.8893218,-15.200344,-0.6091091,0.03362891,1.4444668,1.3337427,0.47036588,3.4066963,0.52342427,0.2049948,27.834963,20.209867,0.49243307,567.80054,0.27426782,1258.6923,0.16607247,-103.95676,-0.88658434,1603.1617,0.16352692,1220.2257,0.44784924,-108.000046,-0.8031014,2624.3684,0.09954866,1003.6264,0.15742984,-111.38815,-0.7483507,-14.385251,-0.2936502,25.8074,0.21831682,0.012004384,1.588275,-0.019103412,-0.8367165,0.05115277,0.57121825,37.005028,0.20362067,-6.1427364,-1.6079246,8.867602,1.5376875,-21.051449,-0.31721935,-11.842428,21.03464,-0.0043070205,0.0033550365,0.020968685,2.631579,2.7210886,0.1775,0.11882234,0.13399999,0.13169663,-41.694645,q,Ses05F_impro02,Ses05F_impro02_M002
370,36.92686,0.05691317,34.929085,36.96827,39.06794,4.138855,26.057829,25.625677,23.26332,9.4028845,0.090527266,0.36289492,0.06090305,0.08150885,0.120232284,0.059329234,0.5912627,0.506678,0.39587948,0.23645632,0.015936637,0.49832627,24.372828,0.197961,-3.2825613,-2.1766474,14.825539,0.43517694,-11.946388,-0.7895369,0.0268121,0.7859679,1.5798208,0.49908337,5.1199956,0.55231345,-1.2991949,-9.618061,19.439144,0.3533404,561.79974,0.23394272,1326.9044,0.08982219,-175.91045,-0.35565373,1611.116,0.08978898,1118.5132,0.107846916,-172.32883,-0.36151123,2665.4548,0.070884496,927.2453,0.22572948,-173.42354,-0.3447933,-11.807788,-0.26531115,21.846582,0.14197718,0.014398348,0.920718,-0.007344329,-1.0927994,0.02537483,0.3701818,29.248848,0.14784405,-9.30901,-1.0852289,9.548032,0.9521225,-21.914413,-0.26198053,-11.737096,20.691591,-0.003119644,0.005054033,0.014330627,1.8666667,1.891892,0.07285714,0.04025429,0.43285713,0.34874117,-52.64444,ans,Ses05F_impro02,Ses05F_impro02_F003
371,35.17221,0.025011193,34.142914,35.630783,35.83781,1.6948967,0.7441203,0.0,11.89003,0.0,0.07468141,0.37067407,0.05513589,0.060004275,0.09437288,0.039236993,0.3653225,0.23347841,0.5651003,0.38284236,0.01324598,0.4550353,27.21005,0.16641657,-5.7813087,-0.9982851,14.436486,0.51846105,-11.131506,-0.80855095,0.021230727,0.48217982,1.2812586,0.32276148,4.2542987,0.29232383,-8.310868,-0.42969012,18.248459,0.12964313,573.8719,0.28716293,1441.6724,0.21868567,-176.07825,-0.3599231,1547.6368,0.1709708,1292.5712,0.20874187,-176.57788,-0.3464043,2562.3923,0.06565027,1011.9121,0.27041253,-177.98088,-0.32358754,-12.554507,-0.17932212,24.494616,0.18012163,0.009129067,1.0808526,-0.018385215,-0.6712043,0.023914918,0.2468052,35.237328,0.07539104,-11.051827,-0.54200834,1.2949264,5.8115225,-27.15497,-0.36925033,-11.975973,20.496061,-0.0022945607,0.004283927,0.011744234,2.183406,0.89285713,0.13499999,0.024999999,0.64,0.4233989,-54.618866,s,Ses05F_impro02,Ses05F_impro02_F004
372,28.55822,0.13416258,24.191845,31.411045,32.151047,7.959202,98.722565,0.0,5.818025,9.628403,0.06979532,0.38485247,0.053172242,0.05553786,0.089459024,0.036286782,0.47238562,0.4428033,0.58814293,0.41921476,0.013063444,0.49250808,27.934914,0.15440054,-2.8983598,-0.9100987,19.960325,0.25230962,-5.7869515,-0.8828442,0.022658516,0.6254303,1.209265,0.54124653,4.2804704,0.272243,2.3229785,1.6454557,18.283262,0.27477118,585.34595,0.1728414,1351.5797,0.1771289,-168.3465,-0.4108358,1614.7109,0.06702928,1387.0537,0.56717074,-170.59497,-0.37765434,2638.7554,0.07927889,934.9342,0.25523677,-171.71234,-0.36099148,-15.461399,-0.077967584,26.394342,0.08716648,-0.0035214992,-3.3091297,-0.015067499,-0.7297329,0.020606518,0.31849998,34.16022,0.05611051,-3.4437478,-0.7203159,24.145899,0.32705218,-11.763077,-0.35875654,-13.745546,22.386007,-0.010571643,0.0072874743,0.011817531,1.775148,1.2195122,0.13,0.02,0.4433333,0.2444495,-53.235462,b,Ses05F_impro02,Ses05F_impro02_M003
373,34.358814,0.0486153,32.842205,33.99804,36.181355,3.3391495,2.1211972,8.997822,13.09324,0.67506504,0.071064234,0.24379832,0.053861234,0.06863479,0.088512,0.03465077,0.2676768,0.13281332,0.28881782,0.1754984,0.012577772,0.32859635,26.74687,0.24392977,-0.22075036,-34.748096,15.903316,0.49078423,-9.980549,-0.7658453,0.02014303,0.79051924,1.2498568,0.37860426,5.5749807,0.26122814,3.143302,3.2844954,24.148003,0.22490412,570.507,0.24574688,1403.4854,0.08647698,-171.16296,-0.39093217,1627.5413,0.1260173,1211.6958,0.14755312,-173.09917,-0.35866055,2626.4016,0.095150135,1048.4679,0.19802557,-173.77626,-0.3478023,-16.499208,-0.15710993,25.766302,0.12409067,0.010529461,1.0942663,-0.008172869,-1.019703,0.015076532,0.20091528,33.04906,0.14639802,1.8997433,4.108832,15.712132,0.6208563,-18.726183,-0.4147061,-13.208012,21.532646,-0.006476982,0.004850736,0.012199793,3.4482758,1.1661808,0.125,0.050249375,0.56799996,0.5280681,-54.812996,s,Ses05F_impro02,Ses05F_impro02_F005
374,26.115023,0.057901226,24.752008,25.474627,27.494259,2.7422504,13.3441925,0.0,1.0670042,18.386974,0.09713555,0.89422035,0.05281081,0.055075437,0.13122831,0.0784175,2.1990066,1.5856452,2.7104182,1.1805334,0.024103386,1.2220529,26.914116,0.1939547,-3.257614,-1.6879662,16.878372,0.45331398,-8.791277,-1.4294508,0.021500394,0.52855814,1.5907547,0.45448843,3.8108945,0.39971265,2.563725,1.1033839,21.115545,0.2291868,580.6084,0.35328296,1301.5498,0.14143226,-177.17737,-0.3468146,1675.555,0.21248896,948.7122,0.37227768,-178.89677,-0.31957483,2704.138,0.10304317,822.5943,0.24075985,-179.36613,-0.31077734,-14.856219,-0.29284823,24.069088,0.1789155,0.020574827,1.0310524,-0.02920108,-0.93689865,0.07229311,0.41682535,35.345886,0.19530271,4.935493,1.2456914,18.5991,0.930133,-27.27945,-0.9116477,-11.887046,20.363571,-0.0054579917,0.007304084,0.017937794,1.8348624,0.93896717,0.12,0.07,0.6133333,0.29329544,-44.472935,s,Ses05F_impro02,Ses05F_impro02_M004
375,34.741646,0.04210956,33.220444,34.83745,36.20036,2.9799156,-3.6787033,0.0,26.354841,0.0,0.08921919,0.4000203,0.055314485,0.071451336,0.12525927,0.069944784,0.49790186,0.21611604,0.4840797,0.40550447,0.014722055,0.41078076,24.877634,0.22077796,-9.838189,-0.85216516,12.593426,0.40742543,-8.943003,-0.8300066,0.023619693,0.5239631,1.6501466,0.27973315,4.425958,0.66045755,-7.469292,-0.67180717,13.235875,0.2634871,496.39243,0.17510034,1292.5046,0.11476612,-178.07277,-0.33393636,1551.15,0.069597594,1088.6787,0.094529,-177.97122,-0.3245355,2506.0376,0.064062424,1085.8406,0.18348756,-178.26309,-0.31984025,-11.4915285,-0.1923178,19.67767,0.15517068,0.017739946,0.96818686,-0.012478561,-0.5278573,0.02278654,0.113279745,30.986881,0.1380038,-17.325085,-0.16646862,5.265331,0.70516336,-21.169538,-0.438607,-9.364802,18.301702,-0.00405904,0.010091034,0.013590531,2.2058823,1.5267177,0.07,0.0,0.3733333,0.24458581,-53.45083,s,Ses05F_impro02,Ses05F_impro02_F006
376,28.7285,0.093131036,25.928474,28.77974,30.47879,4.550316,37.59447,13.640584,104.371544,162.34865,0.15862618,0.5956675,0.063993245,0.13742225,0.23522031,0.17122707,2.9447203,1.6932751,2.5281205,1.1088375,0.04795428,0.84638375,25.501436,0.45891252,4.638349,3.0500069,22.839567,0.5357117,-6.9723606,-1.2939357,0.046220805,1.3822665,1.7733914,0.55387414,5.5916224,0.44694775,3.3473248,2.0541878,25.699278,0.23130248,566.5315,0.33247358,1407.7787,0.19233067,-124.995415,-0.68415,1640.7303,0.14015079,1024.1316,0.26437616,-128.51936,-0.6216348,2681.6252,0.08677622,929.8765,0.32903165,-129.74298,-0.6052499,-17.434828,-0.35777417,25.17798,0.2533698,0.021333821,1.1261802,-0.0070022363,-1.9638304,0.08031958,0.5205186,30.28735,0.3098637,8.937685,1.5253264,29.15387,0.49974728,-6.5070157,-1.9148666,-10.418932,20.094002,0.0029824777,0.0054079536,0.026617901,4.8859935,3.97351,0.094166666,0.067138955,0.13583332,0.19414163,-39.59295,o,Ses05F_impro02,Ses05F_impro02_M005
377,38.0472,0.035736874,36.578197,38.104465,39.234932,2.6567345,-0.7477125,0.0,11.390418,0.0,0.07657562,0.37092093,0.054670896,0.06593181,0.095192656,0.04052176,0.39905277,0.2757199,0.43653828,0.40122125,0.012454895,0.40366673,26.838924,0.17956027,-6.3329816,-1.0945324,10.734737,0.79132676,-9.524429,-0.7845795,0.0111046,0.9779934,1.2032908,0.34065473,6.6076055,0.39131036,-7.058702,-0.7197499,15.783874,0.42880973,583.8302,0.30761272,1298.5715,0.099589154,-172.85704,-0.3902343,1636.3345,0.14727724,1202.7881,0.18955936,-170.46663,-0.3964442,2612.75,0.13972482,1273.8146,0.27293772,-171.67938,-0.37851515,-10.865296,-0.28232437,21.430954,0.3538499,0.012831176,0.7054163,-0.0060740085,-1.2277393,0.019776478,0.2242921,32.92225,0.1459889,-13.152522,-0.67240715,0.96369,11.577098,-16.372297,-0.5554903,-11.328442,21.492071,-0.0046408162,0.005837305,0.011208415,1.904762,0.96774197,0.15666667,0.13767916,0.64,0.68062466,-54.414978,ap,Ses05F_impro02,Ses05F_impro02_F007
378,35.33562,0.08540897,33.006393,34.640675,38.947926,5.941532,92.60186,63.071434,4.7616334,17.374086,0.13385805,0.81918967,0.05432211,0.076036416,0.2183876,0.1640655,2.5917287,1.8706473,3.1251395,1.241791,0.042976588,1.2203199,28.357666,0.29109794,-1.6827148,-3.3797667,16.68375,0.4566511,-5.634093,-1.5059545,0.027157934,0.7805202,1.178227,0.5995538,8.531642,0.16444047,11.217715,0.5964017,24.137276,0.28984237,567.1085,0.41392085,1298.0177,0.14764418,-169.64104,-0.39610466,1618.606,0.13561013,1062.929,0.28336328,-159.94055,-0.4512573,2576.1233,0.12450786,1075.7762,0.35329336,-160.88956,-0.4392194,-16.492865,-0.34746656,23.946575,0.2726905,0.037605733,0.55206233,-0.005378345,-2.4158006,0.11268837,0.41000265,34.544537,0.22312158,0.104599744,62.23904,23.50195,0.438089,1.7237222,4.431569,-12.370098,21.765251,-0.0018116807,0.004895906,0.022911271,2.714932,0.92592597,0.24499999,0.13499999,0.53999996,0.3766519,-38.41206,q,Ses05F_impro02,Ses05F_impro02_M006
379,43.14249,0.0003007823,43.13296,43.1438,43.15255,0.01958847,0.008843422,0.0,0.0,0.0,0.078617126,0.37218788,0.055473164,0.06765348,0.09660603,0.041132867,0.5200605,0.71887577,0.25836715,0.13857993,0.01437049,0.58319825,23.834913,0.26803178,-3.9072945,-1.2565832,16.280935,0.3163677,-7.4192724,-1.2223556,0.060398825,0.052774005,2.0314631,0.20637952,5.197565,0.24980557,13.0408325,0.024526559,26.21053,0.0037332077,575.52686,0.11208186,1286.4583,0.17619741,-199.45807,-0.077365965,1561.7374,0.04012367,961.616,0.041815888,-198.19753,-0.100076124,2798.7878,0.02161608,646.66724,0.09595277,-198.33571,-0.09492536,-10.874681,-0.060502473,21.0765,0.05307313,0.016763264,0.47392422,-0.014646705,-0.2633184,0.036193237,0.39125064,31.241127,0.07874997,-16.071316,-0.15677446,8.97208,0.19760811,-36.196922,-0.16722344,-11.042746,20.13242,-0.0044010156,0.0066214562,0.0140923,1.4981275,0.38167942,0.03,0.0,1.28,0.71999997,-54.0486,ans,Ses05F_impro02,Ses05F_impro02_F008
380,34.32729,0.093366854,31.496168,34.580746,37.063904,5.5677357,79.58047,49.840504,92.33758,94.27095,0.21218479,0.7847175,0.06353603,0.15900366,0.34978658,0.28625053,3.5234046,2.25481,3.5051723,2.0446315,0.072399795,1.0386332,22.977118,0.57342696,1.1549778,10.586973,19.094213,0.6297423,-5.2614756,-1.8930436,0.035953462,1.1155081,1.3899783,0.6236607,8.0384445,0.29180348,8.2542715,1.2678189,23.057356,0.38140512,638.2734,0.42933434,1333.1323,0.18327083,-144.1919,-0.5661658,1661.7764,0.17512128,1059.2056,0.35611963,-138.41779,-0.580248,2726.2021,0.12286502,977.92975,0.29923248,-139.78304,-0.56133497,-15.758256,-0.41028562,25.011358,0.33476305,0.03911106,0.6713147,-0.008321134,-1.5891488,0.14652413,0.42352483,31.956995,0.3340626,1.0350078,12.286306,21.987434,0.7825241,-9.120134,-1.5672524,-9.681574,17.755451,-0.003233686,0.00766359,0.03236255,3.5315983,2.2514071,0.14916667,0.14545666,0.27333334,0.3858612,-34.46891,o,Ses05F_impro02,Ses05F_impro02_M007
381,36.609467,0.06455132,34.412495,37.23355,38.771355,4.35886,141.48012,0.0,-3.8606281,25.952856,0.10899268,0.70408946,0.052646287,0.069316104,0.19074269,0.13809639,1.4908962,0.9603663,1.373588,0.938313,0.027614702,1.1648985,19.015728,0.6737244,4.926396,1.7504715,16.79281,0.51048887,-5.3717933,-1.4426512,0.027982099,1.1530309,1.1686565,0.8678551,10.547321,0.2577372,11.715022,0.32656857,25.179947,0.2845385,842.6973,0.2588699,1269.8469,0.15514192,-181.3427,-0.28625795,1934.6742,0.10556805,986.45465,0.27403688,-180.4675,-0.28024757,2905.87,0.070940204,922.1427,0.12876175,-180.70761,-0.27665383,-23.290817,-0.43005234,31.550169,0.3726032,0.026256109,0.8133444,-0.013118533,-0.9635364,0.08664613,0.45211828,28.035345,0.2920316,14.264301,0.5411639,26.102514,0.20701614,-3.731311,-3.7178156,-10.417708,18.620928,-0.0037208437,0.008550464,0.019900477,3.2467532,1.3422818,0.085,0.055,0.42333332,0.26386023,-42.387413,s,Ses05F_impro02,Ses05F_impro02_M008
382,41.39385,0.03384531,39.899445,41.826157,42.24982,2.3503761,56.078842,50.01581,-3.3690052,36.738197,0.08257517,0.48732895,0.05324283,0.07013201,0.10233986,0.049097028,0.4795625,0.26488099,0.46139663,0.3886313,0.013612135,0.58160657,22.927385,0.30800137,-5.2803516,-1.3782873,14.704714,0.3853181,-12.116228,-0.8049547,0.023224572,0.48500562,1.3802634,0.526789,7.3240585,0.28301743,14.822668,0.67321336,23.840069,0.23532225,550.50775,0.19180837,1351.8119,0.15000427,-195.11983,-0.15520307,1616.2517,0.061571874,1039.5087,0.2015611,-189.45436,-0.21240255,2685.486,0.05835477,1014.3821,0.36629486,-189.6156,-0.20908397,-11.514166,-0.30019504,20.226995,0.20372477,0.005012514,2.46047,-0.012666762,-0.47119042,0.024016967,0.26342162,27.97508,0.12724824,-12.112405,-0.52429956,18.366238,0.46243644,-30.931524,-0.2015254,-10.132633,19.720474,-0.0028269282,0.004617175,0.013018161,1.9277108,1.2195122,0.041999996,0.022271058,0.63,0.6874591,-53.428387,ag,Ses05F_impro02,Ses05F_impro02_F009
383,32.0065,0.0710306,30.20566,31.706202,33.598354,3.3926945,51.076065,51.022026,21.915068,7.889746,0.16890855,0.69720757,0.064825706,0.1284868,0.27276126,0.20793554,2.8327672,2.025781,2.4147446,1.4766378,0.046701603,0.98924506,24.086052,0.4801939,-0.9440024,-12.341091,21.401876,0.5109898,-4.5531664,-1.9306843,0.025814682,0.77807194,1.3524449,0.7571125,7.8476944,0.25930956,7.965432,1.0597551,24.672697,0.3046142,556.21045,0.36475548,1363.6013,0.14177045,-142.2023,-0.5962193,1629.0112,0.12678567,1065.6349,0.34368291,-142.01727,-0.5580097,2598.6323,0.108038396,1092.861,0.34616005,-142.81189,-0.54670125,-16.443571,-0.3892969,25.102922,0.32937142,0.027234858,1.0075233,-0.0072783534,-1.4975034,0.08640772,0.46507818,31.397243,0.35201105,6.4329,1.5649724,26.982111,0.49798322,-2.6811469,-4.1229925,-7.6328316,16.928818,0.0031891426,0.009209624,0.027444752,3.7694016,2.0179372,0.15777777,0.08256684,0.285,0.3281539,-37.95112,s,Ses05F_impro02,Ses05F_impro02_M009
384,36.1995,0.080027804,33.056557,35.87041,39.68358,6.627022,70.35944,82.643295,27.376493,41.614918,0.10943995,0.44613194,0.06115458,0.10228709,0.15218264,0.09102806,0.913057,0.7476469,0.64827293,0.4173016,0.019455604,0.6248564,27.258389,0.27915117,-7.180816,-1.310905,13.815756,0.8071222,-13.526061,-0.84556633,0.015175832,0.88583046,1.2369756,0.42656124,6.2352114,0.38271186,-0.49624902,-19.772202,16.622286,0.4665737,574.4454,0.28648257,1375.5577,0.14405337,-129.57831,-0.6971144,1600.4417,0.13202266,1175.9623,0.374609,-121.76614,-0.72142124,2637.6494,0.08982092,1001.86383,0.28216848,-124.131134,-0.68563473,-12.139256,-0.3943097,22.120638,0.26982918,0.013044126,1.4214075,-0.00930129,-1.0739827,0.02590324,0.52391976,32.03417,0.16682272,-9.693139,-1.1161717,11.733317,1.1662034,-20.662489,-0.54234385,-10.2323265,19.526716,-0.0041490784,0.006648677,0.014742748,2.739726,2.201835,0.18416665,0.14826542,0.22923076,0.33478948,-49.06565,o,Ses05F_impro02,Ses05F_impro02_F010
385,27.02989,0.08858151,25.141136,26.74938,29.271223,4.130087,54.99674,16.42119,2.2041767,14.531308,0.18679926,0.89262515,0.05950516,0.1037746,0.3242222,0.26471704,3.6100378,2.7642388,2.8794084,2.1291282,0.058222853,1.2273561,26.965988,0.35455307,-4.497404,-1.7358106,19.886204,0.6156496,-9.158761,-1.2165818,0.03632889,1.0652347,1.4610008,0.6156419,4.436724,0.60656536,3.5407438,1.7829326,23.818613,0.36129478,680.5279,0.38023064,1216.5135,0.14864266,-144.25288,-0.5943725,1757.5104,0.14893632,955.23517,0.27975252,-147.65088,-0.53961015,2774.5525,0.11083698,937.3673,0.31470326,-148.00711,-0.53481877,-14.94432,-0.38211995,24.622377,0.30040002,0.03916274,0.5466731,-0.013537954,-1.4536759,0.14175513,0.54706025,36.129883,0.22492905,-2.0129716,-4.9465513,27.35834,0.6577552,-7.950017,-1.9261987,-10.269283,19.041376,-0.000899801,0.002866607,0.024088427,2.6936026,1.369863,0.2075,0.16872685,0.39999998,0.2941428,-35.580677,q,Ses05F_impro02,Ses05F_impro02_M010
386,37.166107,0.0907652,34.718975,35.408337,42.59278,7.873806,0.0,0.0,-0.733448,0.0,0.08108053,0.37588227,0.057217214,0.06562249,0.11141357,0.054196354,0.2798831,0.15766217,0.2582175,0.25237945,0.014076086,0.5860927,24.09639,0.17428063,-9.135908,-0.6175462,13.116027,0.5305682,-6.0155697,-1.0973448,0.026956484,1.024296,1.8471347,0.1804825,5.6427584,0.2169704,-11.1567,-1.384884,12.504347,0.46520582,536.2089,0.13315734,1360.2568,0.15261908,-193.45868,-0.18629338,1592.5259,0.045568004,1001.0361,0.050429605,-191.28937,-0.20166437,2656.0166,0.06080816,1259.758,0.09343141,-191.68689,-0.19222951,-12.029569,-0.121763326,21.414364,0.0945483,0.011030632,1.0162997,-0.018267851,-0.47524402,0.031635936,0.25314882,32.064007,0.096875146,-16.680859,-0.2513095,2.229351,4.0949287,-14.642286,-0.24053252,-9.590567,18.667606,-0.005807911,0.008538499,0.013280363,1.7857143,0.913242,0.044999998,0.024999999,0.68333334,0.6311013,-54.24043,ans,Ses05F_impro02,Ses05F_impro02_F011
387,31.491743,0.14540496,26.925526,30.99143,35.785393,8.859867,46.294228,32.642624,54.235653,59.987923,0.25130787,0.63637716,0.09190282,0.2372874,0.38342434,0.29152152,3.9347851,2.5533917,3.9956183,2.1756637,0.07932961,0.8346737,26.501976,0.4247648,-3.4220228,-2.9750779,28.689766,0.4759602,-7.46274,-1.7432609,0.027206715,1.0627203,1.3386734,0.6736306,5.5823107,0.4170683,7.118579,1.2139204,19.818579,0.38531157,630.1817,0.45561123,1263.4736,0.19887689,-110.4759,-0.80441767,1670.8854,0.14767486,957.84265,0.3401558,-109.16389,-0.76642054,2643.9521,0.10901227,946.4003,0.35667083,-109.27089,-0.7640441,-12.468623,-0.46648455,19.284178,0.3501357,0.03400335,0.6417845,-0.009013723,-1.3957028,0.1066153,0.5520811,31.250319,0.286355,-5.2607446,-2.072724,34.026142,0.40663192,-4.687481,-3.008855,-10.499105,18.586609,0.010695725,0.0009462482,0.052948132,4.4543433,3.8288288,0.12352941,0.117320135,0.13066666,0.19254322,-35.51884,q,Ses05F_impro02,Ses05F_impro02_M011
388,34.65324,0.09126091,31.661543,34.05699,38.968925,7.3073826,37.26201,30.370447,53.9923,52.987293,0.14778124,0.88806754,0.053009454,0.102662265,0.20833552,0.15532607,2.7950766,3.005985,2.5356817,2.0874832,0.036320522,1.3434641,24.02992,0.3870366,-5.339456,-1.3933113,18.865198,0.5871637,-12.79549,-0.77663285,0.017906725,0.58518445,1.233583,0.56002855,5.9460354,0.34660223,5.015361,2.0362806,19.069569,0.37780693,558.59375,0.40340272,1292.1401,0.18055008,-157.1707,-0.49372625,1593.6937,0.117950715,988.6807,0.31709874,-152.4288,-0.50736487,2621.4553,0.09136359,977.0658,0.38496664,-153.35536,-0.4935371,-11.506251,-0.34735802,19.203169,0.28260002,0.031796917,0.70693326,-0.01077697,-1.1113995,0.07710588,0.8568431,30.203035,0.22361325,-9.02281,-0.91579545,25.663637,0.62015676,-16.951012,-0.6565384,-9.588781,18.173416,0.00245613,0.005863888,0.02217968,1.6129032,2.03666,0.12,0.119833216,0.3866667,0.7771029,-40.18618,ans,Ses05F_impro02,Ses05F_impro02_F012
389,30.692661,0.0020418654,30.642036,30.647774,30.75069,0.10865402,0.0,0.0,-0.030086517,0.0,0.07307243,0.48619217,0.054715343,0.063491724,0.076889016,0.022173673,0.89712465,0.61963576,1.2592593,1.6365273,0.0133858565,1.3419056,20.755867,0.3551823,-2.8845708,-2.743657,14.516276,0.3360983,-3.8124838,-1.1051826,0.03269551,0.0,2.9603257,0.12609991,4.9320908,0.048430454,12.802127,0.06739655,24.177298,0.010084335,563.54224,0.33464321,1535.4395,0.13222487,-197.0598,-0.12496842,1502.3774,0.028663754,847.6994,0.18077143,-197.38152,-0.11439613,2590.2852,0.04028685,894.89044,0.11461523,-197.30222,-0.11718912,-15.309211,-0.06919945,25.044878,0.058001876,0.045057874,0.02012161,-0.0059281983,-0.7067116,0.09085149,0.4885791,30.670048,0.0153189935,1.6083215,1.6325592,30.212278,0.2573021,0.8779154,6.236813,-9.573818,18.441645,-0.0053666,0.007344003,0.011875216,1.2096775,0.41152266,0.04,0.0,1.18,0.099999994,-51.22851,s,Ses05F_impro02,Ses05F_impro02_M012
390,33.39078,0.108150624,31.286907,32.466545,34.569508,3.2826004,66.35281,56.133507,57.95339,53.772743,0.2783419,0.64542234,0.10062521,0.24847573,0.40704393,0.30641872,5.027527,2.497127,3.8639648,2.2816179,0.09161219,0.8751759,22.343855,0.5894935,2.8789487,3.9545376,23.305489,0.5822061,-9.240247,-1.3759406,0.03153522,1.2181867,1.3748492,0.6800123,6.928256,0.42815626,7.76115,1.1758567,21.161016,0.38291588,660.80383,0.34506452,1364.4722,0.17897798,-112.82345,-0.778057,1707.3369,0.13254948,963.1298,0.2345919,-111.71382,-0.7421979,2755.739,0.09777729,958.448,0.2658298,-113.14253,-0.71918815,-14.585508,-0.5390402,21.726355,0.39390075,0.029624851,0.8927102,-0.012325521,-1.0002456,0.1334704,0.615563,29.253792,0.36525613,0.10448156,123.15032,27.190434,0.49281067,-10.932806,-1.4765315,-8.931538,15.973705,0.008184611,0.0013575992,0.051820267,4.187192,3.491272,0.13499999,0.108216055,0.121999994,0.118838824,-33.35757,q,Ses05F_impro02,Ses05F_impro02_M013
391,33.48109,0.10801118,31.293644,32.537743,34.62369,3.3300476,66.35281,56.133507,69.44672,57.19278,0.20754693,0.8558668,0.06404871,0.1429567,0.33629668,0.27224797,5.007493,2.5276396,3.85498,2.2939258,0.064810544,1.1666857,22.72601,0.48687512,2.0500076,4.765928,21.22276,0.55821353,-8.742349,-1.2403527,0.032265015,1.1931729,1.3903749,0.66775036,6.887258,0.4276458,7.8430624,1.1530337,21.232483,0.3776452,661.271,0.341137,1366.4739,0.17704263,-142.38623,-0.5786817,1709.8268,0.1313546,959.4203,0.23630343,-140.3408,-0.5669881,2757.9707,0.09676583,959.253,0.2628283,-141.30197,-0.5531209,-14.575242,-0.53318065,21.680712,0.39129293,0.029276814,0.9007325,-0.012052569,-1.0215454,0.13063274,0.63656026,29.236103,0.36111233,0.05734857,221.80574,27.188297,0.48735476,-10.998129,-1.4531342,-10.884892,18.335226,0.0035949582,0.0029479053,0.031497397,2.7868853,2.479339,0.12733333,0.10841074,0.22352941,0.31635687,-35.115025,ans,Ses05F_impro02,Ses05F_impro02_F013
392,36.638733,0.103186935,33.83329,36.56003,39.29411,5.4608192,162.98079,324.9818,32.40687,7.706571,0.23486288,0.6714527,0.075329706,0.21541283,0.3679412,0.29261148,4.0642786,3.4051611,2.7729068,2.77989,0.07401472,1.0127989,20.611715,0.68307054,-1.9345809,-6.261609,15.55478,0.6854089,-13.852333,-1.0119573,0.026742762,1.0278515,1.3794816,0.6527508,7.2409954,0.43341786,5.340712,2.1162264,19.23547,0.46155685,609.6042,0.33745673,1391.0887,0.121992745,-133.13959,-0.666438,1638.8625,0.12804878,1052.6779,0.28941444,-124.452446,-0.69050515,2735.7554,0.097616374,952.91516,0.31520978,-126.59158,-0.6595133,-12.801731,-0.47407225,21.90271,0.3374363,0.03930939,0.6051309,-0.009423122,-1.3143287,0.1129239,0.69023466,27.683846,0.38643265,-5.643252,-2.126403,14.341831,0.848757,-18.796976,-0.9064776,-7.901003,16.196413,0.0016436249,0.0022181103,0.046811502,4.0476193,2.4096384,0.16499999,0.0951052,0.20818181,0.3394867,-35.178543,q,Ses05F_impro02,Ses05F_impro02_M014
393,37.083714,0.085875764,34.88567,36.61995,39.19523,4.309559,225.3555,326.1567,53.576145,37.067635,0.21580487,0.46011797,0.13244079,0.20030637,0.274033,0.14159222,2.7600448,2.7776494,1.6697718,1.2045844,0.05786301,1.019879,22.124018,0.42066887,-4.726004,-2.6551974,13.723703,0.8452565,-18.40461,-0.6899325,0.03216907,1.237304,1.3353184,0.4856398,5.7694025,0.44614464,5.111748,2.309368,17.675917,0.37072715,549.149,0.38507986,1345.8002,0.159032,-123.828766,-0.71268016,1602.4333,0.116642565,992.4013,0.22720137,-109.120445,-0.78673255,2634.6106,0.070321895,993.2214,0.4002138,-110.41502,-0.765779,-10.55284,-0.3915072,19.018818,0.32276717,0.031964596,0.61634654,-0.010708017,-0.7008784,0.060006734,0.9721486,23.587074,0.3473733,-6.8895783,-1.7337795,15.503005,0.8421314,-22.28682,-0.60041463,-9.497013,18.295624,0.018859876,-0.0050182506,0.05236411,3.9513679,3.7383177,0.12416667,0.09214647,0.12166667,0.1436334,-38.87244,ans,Ses05F_impro02,Ses05F_impro02_F014
394,32.637188,0.18934238,26.925833,31.032166,38.25387,11.328035,104.46232,95.51026,44.627777,48.382504,0.18061009,0.8358115,0.053509947,0.12953804,0.3176098,0.26409984,3.5683906,2.6731048,2.468849,1.8993468,0.057457678,1.3382264,22.224798,0.6395682,0.77794147,15.960387,19.19668,0.67932516,-5.566438,-1.7675301,0.02836431,0.9297075,1.257127,0.6586502,7.1344504,0.5369216,8.032996,0.873646,24.969524,0.28583276,700.32227,0.33264118,1344.2599,0.27737963,-157.67738,-0.47468364,1768.5433,0.14597207,1019.69244,0.30779934,-156.23566,-0.4634603,2803.2583,0.11188443,1106.4302,0.47958088,-157.06042,-0.45239735,-15.737293,-0.4458731,23.935171,0.3930407,0.036205515,0.74041873,-0.010566074,-1.2548513,0.12838969,0.7884689,29.646866,0.3714932,3.4936187,2.721476,21.926247,0.87851435,-7.257915,-1.9603635,-9.755384,18.176771,-0.00026493953,0.006186109,0.033698462,3.0872483,2.0270271,0.11533333,0.05463413,0.33374998,0.5982565,-35.054356,o,Ses05F_impro02,Ses05F_impro02_M015
395,39.266884,0.042177692,37.426193,39.16349,40.792747,3.3665543,55.985813,29.530544,18.56416,8.976502,0.12800416,0.59099555,0.056381494,0.115955494,0.17934614,0.12296465,0.5977994,0.28178915,0.65213645,0.4446836,0.023811964,0.71419513,23.729712,0.26802143,-5.703092,-1.4233148,14.994587,0.48341292,-13.926793,-0.645744,0.021604648,0.6929859,1.181042,0.41154966,6.1362987,0.40338674,6.542429,1.3792682,20.750078,0.31917715,593.73834,0.36451355,1364.8339,0.13691765,-168.63918,-0.4028851,1626.6615,0.1157373,1132.3396,0.1621488,-151.54118,-0.5072669,2567.106,0.08202038,1086.087,0.26639748,-152.56567,-0.49307925,-11.08938,-0.38333938,19.5822,0.28076044,0.020844132,0.79224914,-0.008805372,-1.211857,0.029255887,0.4860126,23.682678,0.27399093,-8.435183,-0.9886242,14.4123745,0.60423523,-21.92293,-0.3330384,-10.827701,20.230452,0.00280332,0.003236098,0.022154136,1.9178083,2.777778,0.086,0.067409195,0.22999999,0.21311542,-48.124954,o,Ses05F_impro02,Ses05F_impro02_F015
396,29.16014,0.09233835,26.984985,28.480865,31.8498,4.8648148,144.18924,187.39613,43.39089,37.096672,0.19554405,0.9539015,0.054327965,0.078306265,0.37088618,0.3165582,4.1001315,1.9947942,4.541517,2.6900384,0.06310326,1.1616447,31.234423,0.2740157,-3.504656,-2.2963848,18.086752,0.43051243,-9.3256,-1.2807423,0.025600636,1.1422526,1.2892498,0.5660379,5.935864,0.44392356,0.9624925,6.7149587,22.9995,0.3162899,581.2214,0.36327505,1304.5337,0.12307987,-136.76512,-0.64724755,1602.985,0.1546601,1012.8376,0.19366649,-137.16228,-0.61582625,2658.2073,0.11625144,878.2006,0.28739366,-139.25311,-0.5861604,-15.670716,-0.28323343,24.242802,0.26620924,0.036308184,0.6038948,-0.016813217,-0.9473393,0.13250782,0.47077322,39.777805,0.16096275,-3.9092526,-2.5703194,19.033386,0.59414035,-11.06613,-1.4838407,-13.584912,23.080061,-0.006492698,0.0040807035,0.026301447,3.2323234,1.4285713,0.23571427,0.19137526,0.44142854,0.38102975,-34.635967,o,Ses05F_impro02,Ses05F_impro02_M016
397,39.942646,0.08255767,38.659157,40.371204,41.959183,3.300026,161.85072,202.59158,65.43624,89.0998,0.26920724,0.8961325,0.08560276,0.16643736,0.44115257,0.3555498,3.5121233,2.0619473,3.1925046,2.0123458,0.09191123,1.5474408,22.94346,0.5470816,0.020209614,632.45374,12.227609,0.8572171,-24.319975,-0.68644905,0.0218236,1.3286262,1.1435757,0.4724253,7.956337,0.48042893,10.861529,1.044744,22.763067,0.38356912,637.7997,0.3090811,1348.1902,0.19367427,-132.4051,-0.6845814,1736.6095,0.17178883,1065.1914,0.29314452,-116.54944,-0.72756475,2726.1533,0.077855125,908.4652,0.38683715,-116.895645,-0.72259855,-14.6790905,-0.45036024,22.65404,0.28170913,0.038403098,0.8617642,-0.021584164,-1.1565167,0.14136961,1.3264773,25.312422,0.44360843,-0.8904411,-14.459896,9.297831,1.177653,-32.67585,-0.5137729,-10.69376,18.921795,0.0076733455,-0.001235103,0.04863834,1.5873016,3.0120482,0.14666666,0.14112246,0.16533333,0.17454195,-29.85383,o,Ses05F_impro02,Ses05F_impro02_F016
398,40.229256,0.100075915,37.69557,40.330074,44.157116,6.461544,205.99686,224.81224,64.71944,69.52138,0.32428002,0.70919687,0.1285985,0.2579658,0.47097608,0.3423776,3.1727626,1.7091931,3.0994632,2.0102222,0.11296079,1.2893656,18.02766,0.7383296,1.7723,7.5418878,13.34148,0.95939416,-24.449533,-0.7430238,0.022586683,1.4165192,1.0464876,0.6054562,9.129193,0.49790147,14.1514015,0.57535136,23.042564,0.3890941,695.83673,0.31312126,1324.2551,0.2251344,-132.84848,-0.6750836,1813.7754,0.16353948,970.20245,0.34116912,-122.95013,-0.67840666,2785.7046,0.08340164,861.1785,0.4742249,-122.3546,-0.68820596,-14.8961525,-0.47341695,21.718554,0.34164548,0.057777688,0.4282623,-0.026627602,-0.95731866,0.17860883,1.0613524,22.912464,0.49487188,0.72742194,19.542322,7.7719936,1.4636657,-35.720913,-0.4994876,-7.262124,13.786459,0.014555233,-0.0028072747,0.063797645,2.690583,2.7210886,0.1525,0.13982876,0.17923076,0.20645212,-29.153246,s,Ses05F_impro02,Ses05F_impro02_M017
399,38.95739,0.12744163,34.18349,39.46788,44.123524,9.940033,128.10269,100.57709,43.279133,23.814302,0.38787115,0.67618674,0.1546343,0.33341846,0.61050874,0.45587444,7.625778,4.8577375,5.11353,2.4214933,0.15947425,0.9043347,24.476227,0.43167877,-4.3232255,-2.9183946,14.7428665,0.79382217,-20.32641,-0.7564919,0.027996304,0.99489933,1.2491953,0.6531888,7.6788735,0.4520776,10.971594,0.8466029,18.216843,0.48412448,755.75134,0.32979095,1273.0349,0.17028806,-99.32741,-0.8896655,1818.7059,0.14650299,982.1904,0.3231345,-87.37169,-0.92154205,2809.3838,0.10487785,938.2799,0.4887082,-88.77997,-0.89489406,-12.465616,-0.44508845,20.37048,0.30031943,0.051691458,0.49301785,-0.012082427,-1.4328046,0.20510182,0.7128978,25.3483,0.4561681,-5.8301897,-2.2085967,13.481931,0.9766085,-24.41491,-0.6595085,-11.603954,20.134766,0.015540628,-0.0028919098,0.08707538,3.7470727,3.8004751,0.156875,0.10360494,0.09714285,0.13376036,-29.294645,s,Ses05F_impro02,Ses05F_impro02_M018
400,37.406864,0.11718715,33.86658,37.168053,41.05708,7.1904984,160.2937,115.81222,26.083977,10.738327,0.31096327,0.8386269,0.12267886,0.17807698,0.5379516,0.4152727,8.459447,5.0846,4.973683,2.700714,0.114550576,1.2094238,26.470951,0.3711166,-5.705554,-1.9931977,11.968351,1.0863888,-21.777891,-0.7223522,0.023596887,0.8967517,1.2957964,0.59165514,6.786677,0.4395872,4.9027514,2.3115351,20.12072,0.38247448,726.18933,0.31933984,1300.1323,0.15971501,-105.03282,-0.8707958,1779.1346,0.16091597,1037.6735,0.31812903,-96.897514,-0.8797348,2801.502,0.102469966,916.3983,0.45561245,-99.67845,-0.829899,-12.181931,-0.3771809,21.855825,0.21923386,0.038633,0.82972974,-0.012595054,-1.3076336,0.15387458,1.0216762,29.446342,0.3065322,-6.1695232,-1.8276218,11.402796,1.210013,-26.884876,-0.6165063,-8.830346,19.212559,0.014466659,-0.00057383307,0.066778764,1.9780221,3.5555556,0.14999999,0.11559628,0.11125,0.1438695,-30.591356,o,Ses05F_impro02,Ses05F_impro02_F017
401,37.91933,0.1267434,34.587334,36.506474,41.923256,7.3359222,40.07078,13.380481,47.022762,30.623787,0.19912423,0.73392725,0.06151432,0.17152189,0.3053194,0.24380508,2.3639429,1.173392,2.384226,1.2003738,0.06639027,0.93723917,30.388708,0.26755336,-4.5341225,-2.7857053,11.600495,1.0993934,-15.690621,-1.2853994,0.031754963,0.91649276,1.2118577,0.4733424,7.824711,0.44807526,9.239491,1.2234434,26.095682,0.31419256,779.5231,0.28425223,1340.2588,0.15345383,-113.648094,-0.7912701,1785.584,0.15352976,1073.2068,0.3316642,-110.72656,-0.77521634,2953.6653,0.092086695,863.9865,0.37296984,-114.53541,-0.7168071,-16.954979,-0.5103458,27.577995,0.28223535,0.038537852,0.54187876,-0.013302992,-1.2661057,0.107463285,0.51465577,35.382317,0.19012082,-3.4454448,-4.629764,10.33878,1.5738218,-21.171707,-1.1837741,-10.355949,21.543873,0.0021071902,0.008087473,0.023994222,3.3254156,1.923077,0.25625,0.16286018,0.384,0.4970151,-35.361458,q,Ses05F_impro02,Ses05F_impro02_M019
402,42.202923,0.13062708,35.596775,43.92966,46.90865,11.311874,47.327633,24.957333,42.609142,25.910093,0.26328263,0.55975175,0.13467754,0.22173063,0.3795361,0.24485855,4.4737873,3.4652388,2.3371751,3.0904398,0.084921785,0.96981597,23.486961,0.5225673,-7.477252,-2.0196056,9.582462,1.2750853,-26.030943,-0.648068,0.03160866,0.8787805,1.3263402,0.40783226,7.1072855,0.49729666,9.665951,1.0243839,20.363842,0.49113837,769.83765,0.29714152,1343.6046,0.18521495,-94.101425,-0.9470073,1773.0275,0.13371214,1095.3959,0.2893489,-86.809685,-0.93448067,2838.3984,0.0784359,923.82605,0.5193094,-89.275955,-0.8855865,-12.346831,-0.6407382,21.99804,0.40201962,0.045149192,0.50211376,-0.006987953,-2.221595,0.09885988,0.85586965,25.984858,0.44375423,-9.315946,-1.7231851,8.141764,1.6039224,-29.510345,-0.58375883,-8.769559,18.325228,0.025855538,0.0017114305,0.05677932,3.6414566,3.6931818,0.1623077,0.14439017,0.111999996,0.10215673,-35.424496,ans,Ses05F_impro02,Ses05F_impro02_F018
403,37.61249,0.17226851,31.954855,36.14236,45.06758,13.112726,475.20444,824.9825,40.392323,35.985615,0.26817596,0.5902021,0.107637696,0.23693678,0.40946317,0.30182546,4.3356667,3.6033766,3.2805824,3.1426435,0.09078762,0.9953796,21.299555,0.5810276,-0.80392796,-15.702561,19.593704,0.68874204,-19.678253,-0.72852254,0.033311363,1.2955363,1.2648023,0.5158249,7.2403765,0.45611358,9.557217,0.873124,20.140102,0.5379616,732.61847,0.33477858,1407.4784,0.19206648,-126.260376,-0.6711574,1789.3376,0.13396111,1051.9714,0.33144137,-118.37549,-0.68863416,2800.3423,0.10645715,962.6923,0.45331016,-118.66566,-0.6829499,-14.513933,-0.53426486,21.686317,0.3849859,0.041278698,0.74590904,-0.011032724,-1.3131049,0.12458884,0.78226084,23.908865,0.5467476,1.1735173,11.596288,20.610563,0.7978941,-19.994675,-0.7497885,-8.977211,15.790415,0.022697615,-0.0057515455,0.062446352,2.6570048,3.667482,0.119333334,0.118460484,0.132,0.17933951,-34.048367,o,Ses05F_impro02,Ses05F_impro02_M020
404,37.479343,0.19756952,31.320488,36.381115,45.940716,14.620228,202.46361,154.41891,68.75714,35.55585,0.19659044,0.63000673,0.093216054,0.14650668,0.32037294,0.22715688,1.8122543,0.9295019,1.7078301,1.5922407,0.051578756,1.0480382,21.158525,0.5788195,-0.6495563,-16.258408,18.720715,0.57031405,-18.084036,-0.72258186,0.037007876,1.3924843,0.9868221,0.55763423,7.264848,0.40704557,8.490279,1.0354203,22.021095,0.5222034,686.3775,0.34324408,1295.8634,0.12200126,-147.40196,-0.54539156,1789.9464,0.1589837,1015.79675,0.2934219,-141.9718,-0.5453247,2783.2207,0.112529606,954.85547,0.35890296,-142.05434,-0.5432121,-15.464562,-0.4587333,23.6062,0.33642182,0.04231996,0.6236242,-0.01353887,-1.1908915,0.08312142,0.7393611,26.968681,0.43011785,1.4363852,6.8492427,17.010036,0.8353927,-23.506199,-0.58830476,-8.94464,15.566456,0.0122626005,-0.00357397,0.0362584,2.65252,3.2258065,0.094166666,0.08664663,0.2109091,0.25677916,-37.02339,dag,Ses05F_impro02,Ses05F_impro02_F019
405,33.66455,0.080179065,32.371403,33.929703,35.6211,3.2496986,53.927845,64.37155,38.113075,18.231195,0.20453781,0.6841074,0.0652,0.1651633,0.31680337,0.25160336,2.5771685,1.6743585,2.80633,1.421552,0.06092459,1.0308131,18.129482,0.7662599,4.96654,1.8922781,25.333948,0.5435796,-3.8429935,-3.2258685,0.024949903,0.85597134,1.120428,0.6711617,7.125725,0.40469027,11.4033575,0.7704282,19.400984,0.41114172,611.8296,0.46407008,1304.2108,0.16741627,-133.97202,-0.63638645,1664.0555,0.13942984,963.8998,0.4009321,-128.01329,-0.64622426,2679.9714,0.10256924,970.9673,0.22723262,-127.31059,-0.65611917,-13.624709,-0.52380484,19.22686,0.43399528,0.030567618,0.77799803,-0.0054985103,-2.3376377,0.0924168,0.6345973,24.028175,0.42780918,3.4547086,2.6104991,32.06929,0.4485824,-3.8676429,-4.259412,-8.710094,15.578447,0.0012715654,0.0054891496,0.040409375,3.9007094,2.5270758,0.15428571,0.04065785,0.1925,0.2031471,-35.99472,o,Ses05F_impro02,Ses05F_impro02_M021
406,37.48607,0.0699806,34.838497,36.900795,40.846786,6.0082893,27.570377,0.0,35.30309,0.0,0.096572034,0.8089125,0.05270418,0.063112065,0.11301667,0.06031249,2.038092,2.0545084,1.3781557,1.9102924,0.01995318,1.3909787,22.792309,0.25324032,-7.133145,-1.0551394,17.895067,0.32929963,-8.14658,-0.7615925,0.018368319,0.7120602,1.8500143,0.82448137,7.8587737,0.54139644,7.031118,0.75380695,14.870064,0.24475248,630.5431,0.3626017,1419.8282,0.14368844,-192.43758,-0.18924452,1658.1095,0.13413379,1101.7877,0.23815618,-191.74263,-0.19355308,2597.5632,0.08894262,984.3993,0.10721925,-191.76204,-0.19291039,-15.363547,-0.48349595,22.406918,0.37281787,0.0228283,0.8675955,-0.010005128,-1.0940325,0.074523725,0.6235118,29.329716,0.17784241,-3.193285,-3.4882948,22.256186,0.31514615,-10.67535,-0.8768844,-9.427171,17.836975,-0.0012981972,0.006567153,0.017109443,1.4,0.6060606,0.07666666,0.023570225,1.1625,1.0929861,-46.653137,s,Ses05F_impro02,Ses05F_impro02_M022
407,39.21444,0.012235049,38.88103,38.926952,39.7669,0.8858681,-4.238456,0.0,20.880129,0.0,0.06434646,0.2835514,0.05095067,0.054519504,0.07987295,0.028922282,0.34567353,0.23094867,0.33806252,0.32821172,0.011876974,0.42528942,27.68762,0.12450352,-2.5032187,-1.7268378,15.00634,0.42738545,-12.116187,-0.6355798,0.012289402,0.4299214,1.0953475,0.38692117,6.193891,0.12897548,-2.4901698,-1.0391041,26.559044,0.31931722,784.71875,0.15101254,1366.5544,0.0625672,-188.26555,-0.24146754,1782.6227,0.07051031,1395.5735,0.31847572,-187.47717,-0.23339956,2762.565,0.046807624,1245.7086,0.4298619,-188.10074,-0.22228096,-13.86639,-0.18203227,24.780548,0.15665807,0.013943827,2.184879,-0.016087469,-0.48759928,0.015023074,0.084087275,33.694088,0.09984584,-6.1847095,-1.0240331,7.921211,1.4181948,-25.31483,-0.31110153,-13.841414,23.200544,-0.0033329793,0.0017081667,0.011801639,3.9106145,1.1494253,0.055,0.015,0.52666664,0.2960105,-56.277332,q,Ses05F_impro02,Ses05F_impro02_F020
408,32.99669,0.12561065,29.604883,32.335907,36.04961,6.444727,78.09006,48.865807,53.20797,51.639656,0.32103845,0.6448587,0.16182823,0.2641704,0.48996583,0.32813758,5.691243,3.2085705,4.1113386,2.089696,0.1274425,0.8948508,29.512432,0.31801203,-1.9443775,-5.9546876,20.845467,0.65898633,-16.765902,-1.0928261,0.028123181,1.3773698,1.2877265,0.5933852,6.5428467,0.5030459,6.2845817,1.5802197,22.060791,0.30180088,629.6556,0.38471255,1307.1007,0.15411048,-103.61262,-0.86508805,1724.2211,0.18224452,962.17975,0.298068,-100.64777,-0.82264227,2727.0132,0.110787176,985.68677,0.30389673,-102.08202,-0.79831487,-14.5327635,-0.37118068,22.886469,0.27501667,0.04394946,0.57975143,-0.018932467,-0.94230115,0.16875707,0.6876704,32.286022,0.22839798,-1.5032924,-7.149374,21.087479,0.7186691,-19.23752,-1.1282144,-11.417774,19.78295,0.017913105,-0.0063217166,0.07710756,4.0995607,3.6873157,0.1424,0.06640964,0.11208333,0.17272277,-31.180414,ans,Ses05F_impro02,Ses05F_impro02_M023
409,38.616505,0.08385437,35.845345,37.306065,42.92849,7.083145,44.468666,38.997795,39.04437,36.585075,0.36158082,0.64811075,0.17374715,0.2705989,0.58911186,0.4153647,5.2791524,2.5607107,5.8805585,3.587914,0.14535458,1.0004331,25.375862,0.44812486,-5.694694,-2.2181003,16.55651,0.8988687,-20.093966,-0.7004982,0.022256346,0.90818113,1.1964365,0.5339348,7.931224,0.38152015,14.660529,0.45924285,24.058897,0.34965277,696.0879,0.36874795,1307.9236,0.18619348,-105.68184,-0.86123973,1791.2318,0.16580917,994.2511,0.26955134,-92.95119,-0.89038783,2796.7021,0.095455684,998.1274,0.3489169,-94.51921,-0.8620736,-13.412476,-0.41160694,22.92925,0.28512812,0.050764963,0.5518322,-0.013773699,-0.94724095,0.19161792,0.78677946,27.996025,0.31233537,-5.4201136,-1.9929987,13.08493,1.1931075,-23.61531,-0.7064477,-7.683905,15.01796,0.028017724,-0.0033814937,0.081282094,3.514377,3.257329,0.175,0.11209372,0.111999996,0.08681013,-29.57183,o,Ses05F_impro02,Ses05F_impro02_F021
410,36.05734,0.13175148,34.267128,36.66253,38.98204,4.7149124,194.92114,308.49887,48.895344,37.855408,0.34099057,0.6533506,0.12613992,0.29830912,0.5451979,0.41905797,4.4034553,2.1595309,5.3294873,3.2962894,0.13233998,1.0457188,23.253347,0.5034079,-0.30734545,-36.37825,21.853662,0.8240591,-14.023064,-1.2019501,0.025140502,0.97302526,1.3287877,0.75336814,7.977342,0.42219588,14.429836,0.48001957,21.959164,0.40293607,651.31647,0.3770925,1359.8042,0.15491982,-101.25293,-0.88621414,1748.844,0.14813443,889.1927,0.3458895,-94.42478,-0.8657231,2765.686,0.101411715,997.53076,0.3385882,-94.182594,-0.86890537,-13.724028,-0.42236242,21.30677,0.3464064,0.048620533,0.60318077,-0.015446706,-0.815093,0.18653809,0.7894993,26.799185,0.35172918,-2.046464,-5.1596193,20.890583,1.0112851,-18.85659,-0.96388847,-9.883787,16.298319,0.009290775,0.00043705312,0.055010412,3.468208,2.9325514,0.196,0.10287857,0.122999996,0.0901166,-30.090689,s,Ses05F_impro02,Ses05F_impro02_M024
411,42.594532,0.08530904,39.971012,42.736614,44.97758,5.006569,130.56866,156.81134,235.99644,364.812,0.1445192,0.66777074,0.060818933,0.1085925,0.22537847,0.16455954,1.3291568,0.77821237,1.0185754,0.6711362,0.029911283,0.9498667,22.930994,0.2713911,-9.64663,-1.0955793,17.902185,0.69325215,-20.223957,-0.8477366,0.02762508,0.985161,1.3168368,0.4343394,6.789866,0.4416973,10.758071,0.8719216,15.355548,0.6876467,754.2034,0.34791666,1341.2303,0.16259398,-155.70026,-0.50704545,1780.3619,0.12912036,1025.1726,0.33053496,-138.3722,-0.603521,2790.9446,0.08659797,959.2451,0.3125977,-138.64803,-0.5984107,-9.07943,-0.5542027,18.20781,0.3634463,0.030007912,0.63534415,-0.0071720793,-1.885837,0.050861277,0.6182046,24.061022,0.31110457,-15.008956,-0.7972292,18.759653,0.9094902,-35.087276,-0.38474256,-9.53622,17.964573,0.0045740725,0.003182954,0.019162301,1.8691589,2.032838,0.15846154,0.1447994,0.33791667,0.58388054,-44.11603,o,Ses05F_impro02,Ses05F_impro02_F022
412,43.35733,0.13421501,39.77429,46.874485,47.139824,7.3655357,133.23083,37.978886,122.19681,91.30211,0.13645789,0.6818023,0.07288219,0.10300066,0.19395134,0.12106915,1.3878727,1.2431645,1.0638375,0.51123697,0.031868987,1.1196002,18.740261,0.4427601,-4.9686775,-1.7916247,17.81929,0.5529476,-13.407967,-0.96617067,0.055737156,1.4764748,1.3624138,0.6681992,6.6221566,0.4554972,10.394582,0.9274166,12.9186535,1.0692132,658.9575,0.3218017,1297.6558,0.13202657,-179.89232,-0.31524697,1644.7548,0.09454751,991.5312,0.49268895,-173.38441,-0.35596928,2701.8247,0.077335835,867.72424,0.23129252,-173.61932,-0.35296157,-9.614434,-0.34260485,17.201944,0.5138353,0.052719645,0.51413137,-0.008603773,-1.4186023,0.06997812,0.6634961,24.093594,0.19779426,-13.649015,-0.7178601,18.38168,0.73301476,-26.404655,-0.49279147,-8.877473,17.371382,0.0054111313,0.004140347,0.024633855,2.030457,1.5789474,0.086666666,0.03399346,0.39249998,0.30433327,-43.71927,o,Ses05F_impro02,Ses05F_impro02_M025
413,39.491924,0.10135803,36.042618,39.37955,42.599403,6.5567856,78.05162,67.07829,113.95072,100.58617,0.111786015,0.81300795,0.053341802,0.07257427,0.16400824,0.11066644,0.98402125,0.6100253,0.725856,0.44231012,0.024964724,1.195501,25.903688,0.20280458,-7.369177,-1.1027459,15.104363,0.5904231,-15.788739,-0.8490226,0.032502722,1.4908602,1.2534441,0.4959294,6.093863,0.595244,7.971083,1.5887234,20.403528,0.41587192,551.1085,0.37627333,1351.3186,0.16938153,-175.92606,-0.35843122,1586.517,0.11512816,1070.0853,0.28719622,-161.31548,-0.45767066,2633.2466,0.0776797,1038.8866,0.41147894,-162.37827,-0.44288644,-11.383187,-0.37968528,20.417511,0.3187856,0.03366343,0.7570153,-0.013998722,-0.96396226,0.047679104,0.82175946,28.469877,0.17121296,-15.137505,-0.69371516,15.798449,0.7769836,-31.989132,-0.3848643,-11.315417,21.047064,0.0029862756,0.0029903965,0.019247223,1.0221466,1.5463918,0.12666667,0.10913804,0.5,0.66028607,-45.691288,ag,Ses05F_impro02,Ses05F_impro02_F023
414,35.690983,0.11528803,32.079502,35.92122,39.584896,7.505394,123.540115,181.33336,71.0164,55.34773,0.14532518,0.98064697,0.052243654,0.079685904,0.22682458,0.17458093,2.239909,1.7679691,2.0879056,1.291165,0.048795205,1.59818,25.149004,0.35920948,1.4994167,6.3781104,17.243038,0.5854486,-10.008687,-1.3773438,0.030150056,0.80407536,1.1877716,0.66990685,7.7902956,0.46976575,9.106395,1.16542,23.428669,0.41817138,727.75476,0.3241819,1338.7749,0.17107259,-161.8203,-0.44518077,1790.4972,0.16130921,1074.5547,0.37600517,-156.95638,-0.46294272,2820.8745,0.099252425,936.206,0.28997874,-157.93024,-0.44950086,-17.552536,-0.4050145,26.44024,0.3123778,0.03711106,0.8534091,-0.016541561,-1.1281372,0.12406204,0.9413298,30.346285,0.29562375,4.0399733,2.714333,16.400473,1.0102358,-18.740124,-1.1447154,-13.009258,21.474504,-0.0014474586,0.0024840955,0.023718229,1.5639374,1.8484288,0.1265,0.13100669,0.4136842,0.558072,-36.661892,o,Ses05F_impro02,Ses05F_impro02_M026
415,33.340237,0.16168806,25.059103,35.58841,36.999866,11.940763,531.17664,375.9594,57.873425,15.25256,0.074848294,0.3204055,0.052393068,0.06928291,0.093083404,0.040690336,0.37511504,0.3106047,0.34549633,0.3421849,0.012192361,0.36676762,27.196896,0.19277737,-3.9889188,-1.7115635,15.554316,0.44187883,-9.823308,-0.6791321,0.021325845,0.86855626,1.2165453,0.41632372,4.858567,0.41358194,4.918296,1.1045884,18.513052,0.31548572,601.1045,0.30926582,1392.2881,0.15537275,-167.94315,-0.40575698,1600.4373,0.11842527,1127.1392,0.1299867,-167.95392,-0.39509636,2599.2803,0.08509434,988.80255,0.21535547,-168.84927,-0.38231826,-12.857328,-0.42871752,22.532837,0.27583134,0.012096163,1.0608276,-0.0070121055,-1.4101706,0.014697331,0.37280044,32.248196,0.094801195,-7.0928245,-1.4819906,14.84474,0.5187363,-12.710867,-0.43862304,-11.995356,20.94375,-0.00042264446,0.0027338087,0.011742405,2.8037384,2.21519,0.07,0.03380617,0.315,0.33593154,-54.960896,o,Ses05F_impro02,Ses05F_impro02_F024
416,32.25199,0.10771031,28.88232,32.58038,35.327755,6.4454346,168.08778,270.241,23.204372,8.75195,0.2586346,0.6959346,0.055488955,0.24218898,0.39240003,0.33691108,5.325803,3.3728793,4.879342,2.9104207,0.08889754,0.9917246,27.02123,0.30868828,-2.0407078,-4.502825,24.332613,0.60059196,-7.27256,-1.7092007,0.03318769,1.1364921,1.4899158,0.6244371,6.886972,0.4517616,9.500474,1.0310954,21.108513,0.38442776,648.7759,0.41956598,1287.7932,0.19848448,-118.09968,-0.76678044,1687.6493,0.1224335,918.7857,0.2885618,-115.09825,-0.73805773,2710.6726,0.10663293,818.5431,0.37145358,-115.2708,-0.7358593,-14.242042,-0.4234127,19.734219,0.3920356,0.036749806,0.6412987,-0.005541267,-1.8876035,0.12899473,0.6856118,29.83383,0.2697276,-0.8833437,-12.301485,31.613592,0.47452417,-2.6556864,-4.532457,-11.56509,20.683182,0.00879949,0.00021161295,0.054328777,4.775281,3.133903,0.14272727,0.11615748,0.15636364,0.23480251,-33.600204,q,Ses05F_impro02,Ses05F_impro02_M027
417,37.20994,0.102006085,34.02224,38.79947,40.153194,6.1309547,161.69556,218.61589,19.077158,17.378414,0.1644838,0.66755044,0.0805389,0.1412844,0.22068885,0.14014995,2.476357,3.4685519,1.655115,2.7625768,0.034784775,1.2413912,24.611538,0.2839692,-8.397142,-1.2659376,17.9963,0.8334104,-20.659813,-0.6762424,0.022140274,1.1117979,1.232131,0.48409992,5.961646,0.5778769,2.6466794,4.4734225,15.414718,0.5887455,596.40094,0.34241444,1355.7539,0.16310728,-130.91257,-0.69080514,1661.0305,0.12718505,1010.61017,0.29422548,-119.74518,-0.7305576,2690.3723,0.09093277,1029.4794,0.32777408,-120.54197,-0.7172375,-9.862447,-0.37095714,18.122658,0.32477412,0.02245161,0.7525455,-0.011629825,-0.90365607,0.045996107,1.0003666,26.718248,0.2327126,-11.750859,-1.0190952,18.597277,1.0335041,-28.81247,-0.4252152,-9.720955,18.0219,0.0025289285,-0.0014643924,0.026658375,1.6713092,3.0855541,0.13181818,0.09828697,0.17227271,0.22972178,-41.677284,ans,Ses05F_impro02,Ses05F_impro02_F025
418,34.57217,0.10793326,31.600208,34.592926,37.29473,5.694523,56.389263,59.860744,49.021423,46.15583,0.26379198,0.81325775,0.059074543,0.20961323,0.4642287,0.40515414,4.341182,2.4189801,3.4256978,2.154317,0.08628374,1.088794,25.794298,0.45164618,-4.2772284,-2.548409,15.574475,0.8765727,-12.142107,-1.0949792,0.021777617,1.2499638,1.1320052,0.6989291,7.310811,0.4391076,6.3296504,1.6947093,22.897907,0.34820855,646.1692,0.35756704,1305.1743,0.13350676,-123.28446,-0.7448488,1682.0042,0.15671405,959.057,0.27584708,-119.98197,-0.73120576,2712.5366,0.10515001,938.2255,0.3349751,-122.12878,-0.6984099,-13.031414,-0.4170349,21.73559,0.33867663,0.049856227,0.5240944,-0.014577606,-1.0091952,0.14998712,0.57033694,33.041027,0.24497993,-6.581606,-1.8269186,14.206747,1.3033243,-16.54401,-0.9645678,-9.48666,17.906385,0.0021472524,0.0039103846,0.035893608,3.0150754,1.9343988,0.21956521,0.18167047,0.30190474,0.64514756,-33.15803,s,Ses05F_impro02,Ses05F_impro02_M028
419,37.930443,0.07450369,35.50217,38.31765,39.948307,4.4461365,56.89375,46.126915,34.64975,17.302174,0.11185388,0.6622856,0.053041186,0.07961205,0.16682746,0.113786265,1.1950545,0.69009584,0.6331895,0.38924536,0.01992987,0.8235108,25.492773,0.26588288,-5.543695,-1.8443571,16.25604,0.60712034,-13.943562,-0.9621286,0.0130544165,0.9771191,1.0734202,0.48060155,7.9178834,0.40180022,3.2398126,2.8636808,17.98997,0.31566796,627.9223,0.2958088,1404.5924,0.21059735,-144.51263,-0.5961359,1714.6659,0.108818166,1023.2264,0.2367803,-139.61974,-0.6003423,2682.998,0.08566102,1034.2501,0.35570186,-140.56802,-0.58674455,-12.290418,-0.28194702,19.483318,0.25351846,0.023394393,0.6583968,-0.012410404,-0.8236588,0.02988816,0.61547905,29.213459,0.18562311,-10.972729,-0.938914,17.669485,0.8153917,-25.340961,-0.5110604,-12.014376,20.746485,-0.0036601091,0.004521803,0.015072059,1.8255578,1.7329257,0.18294117,0.13149658,0.37411764,0.8356192,-46.800587,ag,Ses05F_impro02,Ses05F_impro02_F026
420,32.76693,0.09357594,30.795021,32.12899,34.753555,3.9585342,77.30322,90.44509,83.58526,73.23448,0.13906491,0.8297866,0.055111885,0.0908253,0.21643019,0.1613183,3.2187374,3.2451024,2.4375296,1.7291119,0.038733993,1.2541375,27.382423,0.41804287,-2.4826381,-3.3438406,19.24838,0.51357645,-7.691235,-1.3708342,0.030914959,1.4886076,1.4121399,0.7607501,7.340079,0.42999077,6.784843,1.4921442,26.158358,0.4009166,581.7679,0.36177674,1382.115,0.1406356,-154.16306,-0.5074429,1624.3256,0.15246655,1042.5443,0.2935592,-151.96518,-0.4993405,2692.9314,0.12721215,1003.67664,0.3738741,-153.83598,-0.47408772,-17.333525,-0.36702073,27.038843,0.31019333,0.030558014,0.8188313,-0.01181622,-1.1127105,0.082473576,0.71243376,37.80415,0.20302676,-0.23874833,-41.86729,21.000853,0.63274103,-5.924325,-2.2930732,-10.864821,19.494415,-0.00052034453,0.003963416,0.02243038,2.349486,1.923077,0.13384615,0.07908501,0.36461538,0.5551246,-39.401104,o,Ses05F_impro02,Ses05F_impro02_M029
421,34.974552,0.09917936,32.673775,34.08565,34.74906,2.0752869,45.29802,0.0,13.961841,10.562169,0.11880051,0.6695808,0.060510807,0.099497795,0.16089636,0.100385554,1.7280743,2.1190147,1.8003668,1.7049794,0.032344017,1.2145461,28.517166,0.3115386,-1.3257102,-6.491238,19.369133,0.6586768,-11.159169,-1.0755321,0.016077694,0.45530945,1.2284751,0.60918236,9.251501,0.18392979,16.613403,0.33773252,30.612204,0.15642174,543.75726,0.38780102,1332.8303,0.18848255,-163.49362,-0.43999708,1639.9545,0.14142255,889.0956,0.28912392,-157.1906,-0.45793304,2753.8323,0.12716427,978.31696,0.26249447,-158.4856,-0.44098595,-18.629606,-0.3358134,26.236223,0.31252143,0.015323408,1.280272,-0.0059129163,-1.2193811,0.061699137,0.7771486,34.066708,0.23036346,4.5222187,1.943281,29.835272,0.5266154,-3.9662611,-2.923201,-11.84669,21.641989,0.0034852705,-0.0005920046,0.023835367,1.7142857,1.764706,0.13333333,0.057927158,0.3075,0.28699955,-42.035667,ag,Ses05F_impro02,Ses05F_impro02_F027
422,36.53836,0.099872775,33.994183,36.403877,39.726883,5.7327003,516.6891,759.32385,35.076233,25.441797,0.18899123,0.856471,0.056946374,0.11519777,0.3325863,0.27563992,3.0965521,1.6501976,2.5846605,1.5430971,0.06013473,1.1724052,26.584898,0.38801014,-3.041323,-3.0625877,15.113097,0.91688967,-13.815993,-1.2730796,0.019488726,0.98087114,1.259145,0.7291774,8.014537,0.45371643,7.6050787,1.2329606,24.789894,0.4115694,639.4376,0.33634114,1400.3451,0.1857507,-145.57083,-0.5692291,1711.3617,0.13969457,1021.4966,0.3005151,-139.7488,-0.57476205,2767.9893,0.09156567,965.14746,0.334183,-140.60582,-0.56341815,-15.555856,-0.42777255,25.011562,0.29981488,0.046856657,0.59841806,-0.020499904,-0.9544112,0.121598326,0.6177497,33.31704,0.1904,-4.2269444,-2.771343,12.395434,1.5605154,-23.052475,-0.97623974,-10.996621,19.587011,0.0040003518,0.0017978697,0.028824585,2.5974026,2.6162791,0.12166667,0.08789197,0.268125,0.50486654,-36.12119,s,Ses05F_impro02,Ses05F_impro02_M030
423,36.568573,0.122776635,33.49502,35.90896,42.227097,8.732075,576.489,739.64575,22.836926,32.786465,0.1928837,0.804599,0.05903843,0.13827129,0.32819948,0.26916105,1.5339857,0.8466712,1.3792615,0.60073984,0.049683046,0.9095977,26.995352,0.17410809,-6.430878,-1.2045144,22.347036,0.76766086,-17.190237,-0.9604799,0.017931677,1.0580372,1.1878875,0.7202712,7.56321,0.5194674,11.987031,0.86087364,20.440151,0.48835775,536.44824,0.35368714,1449.1122,0.18028997,-144.74857,-0.56151164,1638.9801,0.099184,780.8984,0.26323408,-130.88837,-0.63214666,2729.2607,0.06979647,972.8064,0.37310755,-130.96721,-0.63083875,-13.039315,-0.4179953,20.069939,0.34087917,0.04226652,0.750616,-0.016695786,-0.72182566,0.08935505,0.47541735,28.671312,0.16301514,-7.5724597,-1.4602522,28.118523,0.64151204,-20.098597,-1.0010034,-10.939523,20.51229,0.005029,-0.0026455096,0.027500706,1.6304349,3.3519554,0.10666667,0.080346465,0.2525,0.3177558,-37.090355,ag,Ses05F_impro02,Ses05F_impro02_F028
424,0.0,0.0,0.0,0.0,0.0,0.0,0.0,0.0,0.0,0.0,0.07149427,0.46254775,0.051935446,0.055258647,0.09477183,0.042836387,0.78873783,0.5657312,0.74970704,0.9396697,0.011476799,0.71771544,21.07214,0.30859867,-4.495824,-1.06979,16.795067,0.21776205,-5.9828067,-0.9867109,0.0,0.0,0.0,0.0,0.0,0.0,0.0,0.0,0.0,0.0,0.0,0.0,0.0,0.0,-201.0,0.0,0.0,0.0,0.0,0.0,-201.0,0.0,0.0,0.0,0.0,0.0,-201.0,0.0,0.0,0.0,0.0,0.0,0.0,0.0,0.0,0.0,0.0,0.0,0.0,0.0,0.0,0.0,0.0,0.0,0.0,0.0,-9.974131,18.148903,-0.003468299,0.007052228,0.011570663,1.4423077,0.0,0.0,0.0,2.02,0.0,-55.76118,b,Ses05F_impro02,Ses05F_impro02_M031
425,40.76188,0.04328363,39.031544,40.765453,42.23521,3.2036667,18.893332,9.487457,14.083107,9.654455,0.08507054,0.47066697,0.052854877,0.06372307,0.12276138,0.0699065,0.57613957,0.30027992,0.5303083,0.30552274,0.014658773,0.56238973,25.457544,0.18750577,-4.5219746,-1.4801879,14.9738455,0.47287956,-12.491188,-0.8574778,0.016495312,1.0052818,1.1400373,0.43314832,7.9540353,0.2649402,6.685615,1.7430868,19.750628,0.36818448,601.19635,0.2788753,1426.8192,0.14047673,-176.31558,-0.35822088,1620.2117,0.10399216,1194.8937,0.2483131,-163.87128,-0.4349249,2607.5347,0.077501394,979.8245,0.27803347,-164.7448,-0.42209256,-12.5581455,-0.26431546,20.353462,0.23224412,0.012071681,1.063289,-0.011791053,-0.9306794,0.023175932,0.33349755,29.106676,0.11667578,-10.741521,-0.6653679,14.687735,0.71694356,-25.991812,-0.41228613,-12.06463,21.26872,-0.0028900902,0.0046186717,0.012587062,2.0057309,1.4395393,0.12933333,0.11156264,0.544,0.9821595,-52.09507,q,Ses05F_impro02,Ses05F_impro02_F029
426,24.524918,0.018021774,24.139244,24.637962,24.864662,0.7254181,16.114935,0.0,-11.832237,0.0,0.090525635,0.65440094,0.051295273,0.054005247,0.1359322,0.084636934,1.3134692,1.0791154,0.7790623,0.4307139,0.021704018,0.896296,26.582397,0.20334601,-0.22785471,-26.603388,16.309147,0.37277335,-10.85659,-0.79823405,0.046020273,0.40474626,0.89199543,0.34990162,3.8211505,0.1933352,4.4321814,0.2867865,23.994228,0.13005675,614.07056,0.37784034,1466.7853,0.098990165,-186.77342,-0.2601431,1655.2622,0.15536676,1197.8453,0.22516994,-186.71367,-0.2525067,2582.7969,0.1105426,880.59515,0.07860274,-186.68619,-0.253081,-15.185354,-0.12700999,21.151842,0.12433201,0.012702049,0.87220323,-0.0031386914,-2.685013,0.028690021,0.20165248,26.357637,0.09062862,6.3669143,0.70087624,32.282562,0.16178682,-9.992071,-0.5927968,-13.689685,23.19698,0.0020205246,0.001089623,0.021558382,1.6393443,0.56179774,0.13,0.0,0.81,0.07,-48.616573,ans,Ses05F_impro02,Ses05F_impro02_M032
427,38.4413,0.03310569,37.41461,37.54916,39.742466,2.3278542,8.57626,3.3690917,21.551443,0.0,0.06789516,0.28062654,0.053488985,0.058194175,0.08821239,0.03472341,0.20914507,0.08301928,0.2702022,0.18160076,0.011181215,0.2749005,24.450861,0.20566565,-1.0308869,-4.208616,16.84147,0.2826882,-9.012415,-0.78515,0.020002654,0.6709823,1.2799002,0.30648416,5.7678037,0.30401963,7.5325785,0.8791969,18.134525,0.29819414,556.3235,0.28977722,1481.602,0.12176122,-188.97746,-0.22573549,1595.6992,0.16945717,1190.6074,0.17401133,-183.80064,-0.27292946,2568.3723,0.074418634,1099.73,0.21550943,-184.1701,-0.26685598,-14.215116,-0.16360845,21.053207,0.16322146,0.012358802,1.394508,-0.0060074786,-0.723607,0.013858953,0.10372135,28.981306,0.14034551,-2.0753436,-2.5434306,18.157972,0.3799794,-18.181288,-0.5408352,-12.443399,20.915659,-0.005411562,0.0056934454,0.010924652,1.9607843,1.1363636,0.0725,0.03269174,0.62799996,0.5391252,-56.420467,o,Ses05F_impro02,Ses05F_impro02_F030
428,28.07471,0.1230062,25.746332,27.72952,30.462574,4.716242,142.87393,0.0,-4.58912,17.959078,0.08498325,0.66689974,0.052563325,0.0556105,0.11050135,0.057938024,1.1642488,1.266018,0.98910165,0.80546,0.017412093,0.893999,23.883963,0.379591,-1.5442134,-3.6321833,18.347649,0.2998927,-5.570737,-1.0333422,0.03309489,1.0464524,1.4454987,0.7671105,5.250238,0.4668815,1.3983212,4.073776,21.624935,0.26120305,577.90564,0.3689321,1370.978,0.20231204,-180.70798,-0.31385383,1602.1829,0.15362437,1135.0886,0.41802704,-181.96292,-0.29221898,2649.335,0.09086387,997.7999,0.30359343,-182.51448,-0.2827838,-16.84538,-0.23469077,25.893684,0.21315071,0.020991882,1.1595514,-0.012441673,-1.1118239,0.051693607,0.45920417,36.765163,0.15647833,-0.11570857,-80.788475,23.273077,0.33368638,-9.599429,-1.0858014,-11.697039,20.984806,-0.010289258,0.008057455,0.013395941,1.1802576,0.7551241,0.13142857,0.07395531,1.025,1.1697222,-48.10795,ag,Ses05F_impro02,Ses05F_impro02_M033
429,28.486385,0.24472289,24.058296,26.515388,29.64824,5.589943,179.94742,142.73802,36.188435,24.522427,0.1394769,0.67142487,0.05779986,0.117080964,0.20329982,0.14549996,1.5933069,0.9876848,1.2365606,0.85048866,0.034090035,0.94253963,27.17637,0.41956228,-1.8609111,-4.7070074,18.003191,0.6616849,-8.920063,-1.1672646,0.03502167,1.5263473,1.3478163,0.76916134,4.9900465,0.45343778,2.87521,1.7732157,24.166069,0.3265048,575.15717,0.33137378,1394.2017,0.17093858,-145.53085,-0.57449985,1587.5132,0.14866999,1144.0822,0.32322586,-145.1246,-0.5511013,2654.3303,0.10603365,1045.0366,0.29210743,-147.54999,-0.5175011,-14.730947,-0.3745262,27.05531,0.25671342,0.02498724,0.76151896,-0.013170051,-1.5077786,0.058975603,0.5640433,37.196945,0.22068295,-0.019096384,-552.6425,14.17321,1.1718131,-10.096577,-1.5351055,-10.281834,19.447254,-0.004945468,0.006002882,0.023403002,2.56,2.2580645,0.12642857,0.080054194,0.276,0.3246906,-41.88609,ap,Ses05F_impro02,Ses05F_impro02_M034
430,38.877907,0.17371221,29.087904,41.08218,45.155613,16.067709,104.56728,110.354904,16.012754,5.18594,0.11771284,0.5415608,0.06677234,0.10608333,0.15022892,0.083456576,1.1037081,0.9059746,0.8072548,0.46575502,0.02276804,0.9393592,26.582527,0.30886826,-7.6682625,-1.0368935,12.979073,0.77318347,-11.459933,-0.9125462,0.01537491,1.049236,1.1147898,0.5067893,7.538782,0.28693438,9.434213,0.83315176,25.682032,0.31927302,604.6874,0.35556802,1341.0682,0.16086751,-155.12779,-0.52072555,1581.8254,0.12767632,1065.099,0.1867544,-131.16302,-0.6667308,2674.6309,0.10297075,1012.16315,0.27724153,-134.56747,-0.6177107,-10.865968,-0.33147094,22.67767,0.3454572,0.023395684,0.84161377,-0.0034164672,-3.473647,0.034411117,0.8378728,33.28077,0.21725874,-11.540443,-0.6741706,7.1664762,1.640858,-17.598873,-0.6628233,-10.271179,18.242182,0.0025551792,0.005383376,0.016280212,2.967359,2.1084337,0.16571428,0.08466019,0.25125,0.3796853,-44.98857,o,Ses05F_impro02,Ses05F_impro02_F031
431,27.861143,0.05182269,26.768917,27.658424,28.981184,2.212267,0.0,0.0,-0.32914272,0.0,0.07796422,0.69593626,0.051234465,0.054097347,0.0905891,0.039354634,0.49079993,0.5392448,0.78785574,0.036053926,0.018992271,1.1251915,26.42241,0.2382089,-0.15834418,-31.662134,15.870091,0.35095274,-10.916542,-0.7552107,0.03403559,0.28787857,1.215453,0.53750706,3.5886474,0.3038057,-2.9367158,-1.4128062,28.31185,0.13420969,492.46634,0.2543744,1480.733,0.117536075,-188.65239,-0.23250543,1468.1266,0.202082,1160.8705,0.1447575,-188.8403,-0.22183797,2514.2673,0.055547822,1064.4296,0.43811458,-189.60199,-0.20610714,-20.066233,-0.21124107,30.651007,0.18606362,0.03961234,0.26997596,-0.039587166,-0.40303126,0.07600044,0.28446198,39.835785,0.08151156,8.870958,0.8055261,11.495295,0.85172725,-29.094387,-0.41906124,-13.516649,23.422169,-0.0052143857,0.004247171,0.0151073495,0.9433963,0.9661836,0.06,0.04,0.6333333,0.44514668,-47.43921,ag,Ses05F_impro02,Ses05F_impro02_M035
432,36.856438,0.17025475,29.453917,39.498116,42.680206,13.22629,31.015137,10.392697,30.899206,14.195716,0.15255384,0.72276676,0.08133822,0.109034106,0.20861661,0.12727839,1.9456081,0.9196309,1.916992,1.3586735,0.039620563,1.1812559,26.532309,0.3552318,-3.1605484,-2.555162,17.17511,0.5853096,-15.714122,-0.80773604,0.022129526,0.6951106,1.2111126,0.6166325,6.893157,0.44024694,9.1475115,1.1157056,23.810247,0.3103406,638.36804,0.31779355,1363.5522,0.15996544,-132.95381,-0.6718435,1701.02,0.14664306,1093.8083,0.2657509,-120.445015,-0.70726424,2710.5652,0.094786294,1042.8419,0.36534077,-121.77794,-0.6877262,-15.181774,-0.27275428,23.987349,0.22156402,0.030668797,0.7057627,-0.013908846,-1.2372352,0.06077848,0.96283305,31.855244,0.20697957,-4.1615963,-2.4381275,15.196811,0.79692787,-21.706194,-0.6470376,-10.884051,19.016579,0.008833299,0.0013203853,0.021820256,2.0725389,2.887139,0.14454545,0.05646618,0.16583334,0.3114337,-40.092663,s,Ses05F_impro02,Ses05F_impro02_F032
433,31.822865,0.120118126,28.720533,31.494368,34.24937,5.528837,58.431988,40.97753,29.281528,26.128456,0.20570335,0.6445426,0.07736167,0.18153858,0.31655514,0.23919347,2.5715678,1.3817749,2.2804465,1.0465683,0.059324183,0.825928,31.293882,0.27700102,-2.2652085,-3.873027,20.6595,0.58697957,-9.691252,-1.3996474,0.027634516,1.3881338,1.2299625,0.71503013,6.3215165,0.42953506,4.237588,2.3765876,23.797792,0.29492515,596.076,0.40719625,1353.3438,0.16182543,-97.476135,-0.9431986,1646.6703,0.1537531,1045.8792,0.29400906,-97.9532,-0.86587,2679.5527,0.10475288,971.72705,0.35892692,-100.5008,-0.8227352,-15.751588,-0.31555608,24.982113,0.2171096,0.038722645,0.58158445,-0.013571372,-1.0871838,0.08197066,0.5986459,35.58993,0.17852512,-2.928885,-3.460476,21.123753,0.64298004,-10.76945,-1.5335815,-12.653997,21.773977,0.006684187,0.00066259864,0.031120453,3.5007613,3.0816643,0.175,0.11160197,0.13578947,0.25854483,-36.96859,ag,Ses05F_impro02,Ses05F_impro02_M036
434,32.93501,0.0901328,31.491108,32.229645,34.702507,3.211399,58.2599,31.900583,33.99286,32.597225,0.15550011,0.71804065,0.060887873,0.115629755,0.25563326,0.19474539,1.5369452,0.9697183,1.4982556,1.0200765,0.037884057,0.92353326,28.571625,0.337406,-1.8632885,-4.4643993,16.706818,0.7261392,-10.205725,-1.0062406,0.035490986,1.5272013,1.3092585,0.658464,6.0387096,0.4213627,2.8474178,3.6326904,23.758171,0.29081008,587.8716,0.36863005,1393.2924,0.15450712,-122.135605,-0.7411691,1609.0387,0.12718886,1042.9768,0.18334273,-119.79483,-0.7280554,2696.8997,0.08574873,907.8002,0.2435002,-123.327545,-0.6757903,-15.261307,-0.37238076,25.995771,0.216346,0.031049673,0.7705053,-0.009841679,-0.8727422,0.059779003,0.59167224,34.80858,0.22080377,-2.8119857,-3.711399,18.339977,0.78633773,-9.484095,-1.2145014,-12.019485,22.58542,0.00093609816,0.0029237736,0.02144455,2.7692308,2.1875002,0.1942857,0.13189359,0.24285714,0.2431175,-39.592163,o,Ses05F_impro02,Ses05F_impro02_F033
435,27.841919,0.095124125,25.529568,27.488953,30.137629,4.608061,34.35869,22.832697,18.529772,13.370939,0.1648711,0.733472,0.05508828,0.12650922,0.25718868,0.2021004,2.5421143,1.2308208,2.259295,1.1535418,0.043674037,0.92750674,31.586405,0.28247833,-2.563427,-3.0636127,21.970936,0.51394224,-6.987565,-1.9058739,0.01997838,0.83367586,1.163091,0.680422,5.6588707,0.4007652,1.9689407,3.271478,23.508396,0.2466499,574.3255,0.35784602,1363.8793,0.1686478,-112.704025,-0.82422554,1625.2792,0.15702716,1048.1931,0.37881246,-117.20293,-0.7375739,2648.3545,0.108384386,965.0608,0.3128868,-119.213455,-0.7073561,-15.580259,-0.31712797,23.219086,0.25288647,0.029228434,0.6611588,-0.014098988,-1.3274394,0.070971414,0.5315338,38.25462,0.16278356,-3.0927377,-3.1881394,25.76081,0.54788446,-7.4792385,-2.3427186,-13.154015,22.128521,-0.004485611,0.0045953114,0.020439727,3.2738097,2.0989504,0.21285714,0.14483629,0.22666666,0.33705917,-39.22888,q,Ses05F_impro02,Ses05F_impro02_M037
436,0.0,0.0,0.0,0.0,0.0,0.0,0.0,0.0,0.0,0.0,0.061566066,0.1753665,0.052408855,0.0583389,0.07107822,0.018669363,0.19041088,0.07738807,0.17637935,0.10976591,0.010268325,0.2493376,24.521301,0.11828013,-2.9790363,-1.6071235,16.86583,0.23098162,-6.552481,-0.7731075,0.0,0.0,0.0,0.0,0.0,0.0,0.0,0.0,0.0,0.0,0.0,0.0,0.0,0.0,-201.0,0.0,0.0,0.0,0.0,0.0,-201.0,0.0,0.0,0.0,0.0,0.0,-201.0,0.0,0.0,0.0,0.0,0.0,0.0,0.0,0.0,0.0,0.0,0.0,0.0,0.0,0.0,0.0,0.0,0.0,0.0,0.0,-12.459621,21.642466,-0.0072931773,0.0073641813,0.010304234,3.007519,0.0,0.0,0.0,2.6,0.0,-58.081696,ans,Ses05F_impro02,Ses05F_impro02_F034
437,27.9637,0.0643932,26.5736,27.914719,29.832699,3.259098,26.736757,0.5679989,43.146526,69.574554,0.1190122,0.65219337,0.05631286,0.0866268,0.15688324,0.10057038,1.4000593,1.0370089,1.4106736,0.8001251,0.027268276,0.78018767,30.374668,0.2856579,-0.11877904,-77.60138,22.683964,0.5244067,-4.3528204,-2.8651206,0.021730004,0.9657037,1.1060984,0.7660887,6.8951063,0.26734614,2.9916875,2.5631878,27.790903,0.2410847,630.2237,0.32350227,1374.9856,0.15109658,-130.28778,-0.6806866,1702.7714,0.14762647,1001.2122,0.2222014,-135.35187,-0.60469115,2739.7437,0.10509441,952.4217,0.27044436,-136.47626,-0.58927166,-18.83093,-0.23294127,27.425358,0.2367858,0.022514593,1.1002742,-0.012250933,-1.5919869,0.04580257,0.44579276,38.563995,0.14873329,5.0264773,1.920454,25.905926,0.6134442,-7.090935,-2.6498706,-12.72992,21.591208,-0.006977791,0.009235188,0.016850082,3.3898306,1.7316017,0.2075,0.039607447,0.278,0.2738905,-41.95737,q,Ses05F_impro02,Ses05F_impro02_M038
438,37.488728,0.026824413,35.902725,38.009373,38.198048,2.2953224,8.577983,0.0,-34.97598,0.0,0.06364644,0.32561147,0.05194965,0.055212546,0.07083999,0.018890344,0.13127346,0.23961638,0.23781489,0.19439888,0.01096041,0.32001743,22.788141,0.27718714,-2.5123992,-1.9977834,16.896751,0.3069985,-7.663264,-0.67827165,0.017773235,0.26730734,1.5127467,0.25398844,5.812877,0.17841992,16.919895,0.18704222,27.871231,0.09030887,465.23584,0.1210732,1265.5938,0.095692515,-195.56471,-0.15383756,1492.79,0.16072653,1221.643,0.40178806,-196.22003,-0.13445002,2495.2239,0.091453016,1142.371,0.20780095,-196.26234,-0.13355125,-18.597595,-0.064045705,26.228327,0.113852575,0.021003215,0.43989477,-0.010490458,-0.41078022,0.014250435,0.25257596,33.24467,0.05357052,2.7017019,0.72202396,16.767168,0.19934638,-15.558282,-0.18830602,-11.98345,21.167238,-0.0076977974,0.008924345,0.0108392425,1.6706444,0.4830918,0.044999998,0.024999999,1.3333333,1.3324746,-57.42838,ans,Ses05F_impro02,Ses05F_impro02_F035
439,0.0,0.0,0.0,0.0,0.0,0.0,0.0,0.0,0.0,0.0,0.08334045,0.5304972,0.05340429,0.06346323,0.10434884,0.050944548,0.9399966,1.1010399,0.5051449,0.39661217,0.012437549,0.482909,16.490969,0.57121253,-1.2869409,-4.7067733,16.664104,0.42195925,-8.245816,-0.77308106,0.0,0.0,0.0,0.0,0.0,0.0,0.0,0.0,0.0,0.0,0.0,0.0,0.0,0.0,-201.0,0.0,0.0,0.0,0.0,0.0,-201.0,0.0,0.0,0.0,0.0,0.0,-201.0,0.0,0.0,0.0,0.0,0.0,0.0,0.0,0.0,0.0,0.0,0.0,0.0,0.0,0.0,0.0,0.0,0.0,0.0,0.0,-8.450781,16.814976,-0.005706145,0.009898143,0.012536083,1.5037594,0.0,0.0,0.0,3.9299998,0.0,-55.743416,q,Ses05F_impro02,Ses05F_impro02_M039
440,0.0,0.0,0.0,0.0,0.0,0.0,0.0,0.0,0.0,0.0,0.05591931,0.05733253,0.05295775,0.055641904,0.05883063,0.005872879,0.1487633,0.10921932,0.08977306,0.060236946,0.0100425165,0.21680301,25.910927,0.049785946,-2.8512459,-0.8887686,15.34034,0.21630989,-6.948419,-0.47661173,0.0,0.0,0.0,0.0,0.0,0.0,0.0,0.0,0.0,0.0,0.0,0.0,0.0,0.0,-201.0,0.0,0.0,0.0,0.0,0.0,-201.0,0.0,0.0,0.0,0.0,0.0,-201.0,0.0,0.0,0.0,0.0,0.0,0.0,0.0,0.0,0.0,0.0,0.0,0.0,0.0,0.0,0.0,0.0,0.0,0.0,0.0,-12.4963455,22.448956,-0.004997456,0.010223499,0.010006392,9.82659,0.0,0.0,0.0,1.67,0.0,-59.172134,ans,Ses05F_impro02,Ses05F_impro02_F036
441,31.367344,0.1027771,30.24787,31.86967,32.771942,2.5240726,239.6136,197.44945,21.462702,8.544313,0.10335277,0.6748807,0.053538185,0.068416715,0.14582247,0.09228428,2.1381595,1.3631521,1.668805,1.0291448,0.028079601,1.1533808,25.152533,0.377863,-0.2842725,-30.712002,20.530436,0.52132356,-4.74499,-1.4969352,0.031922586,0.7377439,1.4961402,0.80368817,7.216059,0.36763778,10.364444,0.8545831,26.295174,0.32657656,592.2443,0.3583202,1392.8322,0.20963664,-172.77478,-0.36462662,1696.9313,0.127432,992.0123,0.3220964,-173.31874,-0.34300265,2683.1216,0.11354008,1027.5775,0.27945527,-173.46848,-0.34148747,-19.237267,-0.39140114,25.375063,0.35361722,0.02472907,0.8033607,-0.010058365,-1.6111672,0.069433995,0.47043183,32.99053,0.27837262,7.7471147,1.2132336,33.24516,0.40945232,0.3154939,32.917248,-11.384804,20.130772,-0.0007358818,0.006287847,0.020362943,2.718676,1.6646849,0.087142855,0.054040797,0.45999998,0.65048695,-42.993546,o,Ses05F_impro02,Ses05F_impro02_M040
442,0.0,0.0,0.0,0.0,0.0,0.0,0.0,0.0,0.0,0.0,0.06295479,0.19775467,0.053335957,0.057207376,0.07354091,0.020204954,0.31573454,0.32877034,0.32418555,0.20407309,0.011553873,0.3376179,25.101805,0.13094646,-2.7248776,-1.2054294,17.301231,0.34477225,-7.262716,-0.8592138,0.0,0.0,0.0,0.0,0.0,0.0,0.0,0.0,0.0,0.0,0.0,0.0,0.0,0.0,-201.0,0.0,0.0,0.0,0.0,0.0,-201.0,0.0,0.0,0.0,0.0,0.0,-201.0,0.0,0.0,0.0,0.0,0.0,0.0,0.0,0.0,0.0,0.0,0.0,0.0,0.0,0.0,0.0,0.0,0.0,0.0,0.0,-12.449253,21.227522,-0.0046652853,0.0062528932,0.011663604,2.5210085,0.0,0.0,0.0,1.13,0.0,-57.216633,ag,Ses05F_impro02,Ses05F_impro02_F037
443,28.482405,0.036020145,27.815575,28.858816,29.35569,1.5401154,17.2094,2.1393423,-9.048294,14.495951,0.06799266,0.49544525,0.050793517,0.052392963,0.08126427,0.030470755,0.5279503,0.4345999,0.5868644,0.43909287,0.014289004,0.8174113,26.215502,0.24117093,0.57028705,13.308468,16.683573,0.5205458,-6.289417,-0.88708305,0.01931488,0.97022665,1.228251,0.969184,7.884885,0.17742537,5.4590473,2.1691067,33.077152,0.17010868,601.0042,0.3871466,1375.5588,0.09411197,-175.40962,-0.35405138,1716.0133,0.16930097,1121.5457,0.22600417,-178.30725,-0.30848804,2744.5908,0.107818745,1099.2876,0.318662,-178.76653,-0.30078873,-22.83268,-0.20734656,33.876232,0.16452172,0.0077844844,4.0887814,0.0004553235,33.472744,0.039853495,0.31242353,35.37944,0.27374044,16.082867,0.36153546,31.57532,0.49275672,-4.414159,-2.779067,-12.319977,22.964493,-0.008311915,0.010263446,0.010482327,1.3043479,0.8888889,0.145,0.005,0.63666666,0.42460436,-47.483097,o,Ses05F_impro02,Ses05F_impro02_M041
444,38.931965,0.053441573,37.286015,39.420998,40.539536,3.253521,82.60869,83.32043,23.353048,5.4239626,0.0690324,0.29682103,0.051716745,0.06131792,0.08554297,0.033826225,0.50402933,0.3816129,0.19017556,0.12104002,0.011757867,0.38503522,23.373837,0.26596627,-1.106923,-3.9356563,16.880571,0.34131417,-10.065146,-0.67466414,0.031792436,0.5259971,1.4693953,0.44597322,7.937441,0.28385594,9.455524,1.0187957,23.032887,0.25797826,715.6063,0.30272895,1413.2499,0.10503528,-188.38585,-0.2277652,1674.7253,0.12662499,1118.7625,0.19994693,-184.8293,-0.2546652,2764.232,0.067921795,890.5421,0.32257178,-185.51012,-0.24288884,-16.912575,-0.17616622,28.609907,0.12619245,0.012823041,1.1198218,-0.008729059,-0.93231267,0.018369362,0.30191678,30.595793,0.13522461,2.3793306,2.3132787,14.235503,0.64180374,-15.668618,-0.5632772,-12.028977,21.199781,-0.00553467,0.0058952775,0.0111280475,1.8472906,1.3630731,0.057272725,0.03910148,0.6008333,0.81081706,-55.06057,o,Ses05F_impro02,Ses05F_impro02_F038
445,37.050922,0.014620961,36.61089,37.046417,37.494083,0.88319397,15.981619,11.6776,15.624577,6.776912,0.076042354,0.23403257,0.06408178,0.06953195,0.08686697,0.022785187,0.399093,0.39550585,0.2824883,0.13359529,0.01341597,0.35988492,25.30123,0.15881275,0.9000427,6.10536,12.594999,0.4010472,-12.059344,-0.390009,0.028332004,0.46366566,1.0547447,0.39664605,8.935606,0.24134558,7.7902637,0.69424874,23.335407,0.21118493,858.51843,0.17306402,1374.281,0.12164708,-177.76952,-0.32155982,1880.3861,0.09778937,1046.036,0.15682039,-177.44994,-0.31672186,2935.3933,0.0534409,829.7186,0.23665312,-178.10463,-0.3063893,-21.289877,-0.14763921,32.92114,0.111977965,0.013025471,0.80438364,-0.009027795,-1.1133527,0.019946571,0.3208106,29.657604,0.17022282,10.833512,0.28985068,17.370111,0.4124388,-11.35104,-0.339186,-12.419299,22.465147,0.00077878323,0.0010663121,0.012294031,3.5555556,0.9090909,0.145,0.035,0.62,0.40472212,-52.117935,q,Ses05M_impro02,Ses05M_impro02_F000
446,24.004368,0.05112447,23.254944,23.510986,24.180485,0.9255409,-0.3916502,0.0,18.54567,0.0,0.0705226,0.24744713,0.056547407,0.06525278,0.08267576,0.026128355,0.35901743,0.25742424,0.23270857,0.17555438,0.012826096,0.3895124,24.19055,0.20040977,-0.97682863,-4.500792,14.855812,0.35423395,-10.00884,-0.63455,0.0097682355,0.8951718,1.3283101,0.3710385,1.4992021,1.0368755,0.48699814,8.895955,21.048546,0.2201145,497.1838,0.15854937,1391.2817,0.0839641,-194.72755,-0.17221518,1513.1659,0.09386314,1301.7815,0.11794495,-195.15163,-0.16027176,2469.0022,0.056279834,1325.0974,0.3851281,-195.38026,-0.15385488,-14.750309,-0.13896163,23.53896,0.14762267,0.004769378,2.2387505,-0.011500784,-0.90380245,0.014575149,0.11858705,33.769615,0.07191479,-0.36529782,-10.337523,12.0194025,0.52227384,-14.795885,-0.5234583,-12.300503,22.22708,-0.004431549,0.0036504252,0.012787457,2.9598308,0.21253985,0.14,0.11,3.0266664,3.6155803,-55.91091,ans,Ses05M_impro02,Ses05M_impro02_M000
447,38.407497,0.039148934,36.94112,37.994343,40.293053,3.3519325,0.18979536,0.0,0.0,0.0,0.07736191,0.32497337,0.059016272,0.06490738,0.08888142,0.029865146,0.89614725,0.667353,0.3681239,0.25851575,0.012664049,0.4835424,24.701372,0.1847774,-2.8804567,-1.7537848,12.513366,0.43447578,-11.55811,-0.42955998,0.030833514,0.50453067,1.2166448,0.43057582,8.482884,0.27103627,0.43152702,15.120731,17.404387,0.48262495,932.00214,0.059200726,1219.4308,0.1395905,-178.82285,-0.32692677,1915.526,0.067428574,1060.0161,0.13922466,-180.65715,-0.29697588,3051.9016,0.041035917,735.0208,0.37750706,-180.86047,-0.2935817,-17.21,-0.28174567,29.63632,0.22917236,0.0030056476,4.4350686,-0.00013659797,-49.900417,0.020587327,0.21203084,31.873322,0.11144158,1.3811265,6.4904823,14.205233,0.23577297,-15.042762,-0.515081,-10.159261,20.07914,0.0025387907,0.0029118983,0.011321521,1.6759777,0.57471263,0.19999999,0.0,0.755,0.085,-53.10871,q,Ses05M_impro02,Ses05M_impro02_F001
448,36.65368,0.20581962,28.745594,39.57628,44.632607,15.8870125,29.271938,0.0,-2.025517,0.0,0.09509657,0.76460224,0.05586553,0.06539327,0.11574814,0.059882607,1.4735384,1.5765553,0.68875074,0.6463829,0.018994402,1.1232636,24.798628,0.2636289,-0.45299363,-16.128973,14.054405,0.6290444,-11.644113,-0.844867,0.015901458,1.3719863,0.8884928,0.46485597,8.912042,0.46896678,7.165337,1.2125218,22.7195,0.38085178,761.451,0.20171975,1392.9385,0.23015545,-170.12946,-0.39890084,1789.6815,0.13644989,1057.5616,0.2879502,-170.60786,-0.37956846,2870.2114,0.08164648,906.81976,0.34359354,-171.32495,-0.3667889,-16.00017,-0.28558144,26.614384,0.21637292,0.024972849,0.8032239,-0.013136642,-1.0626419,0.045099877,0.75426626,29.087084,0.22249886,0.4252519,28.08778,7.3378873,1.7881582,-24.23717,-0.48803672,-12.225544,21.661867,-0.0024884539,0.0027904606,0.013202905,1.4059753,0.88809955,0.186,0.102097996,0.91599995,1.066257,-45.0118,ans,Ses05M_impro02,Ses05M_impro02_M001
449,39.841007,0.17984764,29.61863,43.24128,45.72362,16.104992,21.672459,0.0,-14.434814,0.0,0.17879185,0.57039213,0.0923668,0.14907254,0.2793871,0.18702029,1.9369025,1.5612607,1.0716455,0.5961764,0.041075245,0.8118603,24.685856,0.3618122,-0.57079035,-18.257645,15.26463,0.83881044,-23.409021,-0.6502244,0.022482464,1.267737,1.0296545,0.8186769,9.771243,0.35553795,9.69385,0.923248,21.785776,0.418138,813.9873,0.15983382,1304.4485,0.26183188,-104.37841,-0.8642412,1896.3829,0.122437075,919.13947,0.3450505,-108.78132,-0.7672005,2942.4832,0.060604397,876.6479,0.32665882,-109.89896,-0.74511707,-15.882053,-0.2882787,25.662037,0.2543109,0.029034112,0.75935405,-0.012575049,-1.100693,0.04976544,0.6332265,27.008434,0.26749906,0.101787455,121.21477,10.10093,1.3607028,-30.10145,-0.4947384,-11.1877165,18.129316,0.00795028,-0.002870831,0.03370115,2.5906737,2.6595745,0.19,0.06870226,0.205,0.146714,-40.02147,s,Ses05M_impro02,Ses05M_impro02_F002
450,40.059746,0.14473884,32.731106,42.997223,44.737255,12.006149,29.142761,12.027624,76.441956,63.597836,0.20022346,0.8448489,0.057369467,0.118676186,0.32355633,0.26618686,2.522227,1.3302323,3.114706,1.9814008,0.046876643,1.0141885,25.434658,0.37034383,-2.469321,-5.262566,18.54788,0.7307132,-18.845814,-0.7940105,0.023223035,1.8926951,0.94423664,0.48240635,9.424722,0.29357547,9.838098,0.75238335,19.99093,0.4836906,733.0667,0.25215077,1418.5577,0.14863797,-126.08918,-0.7105957,1748.3945,0.121905416,997.2588,0.24398932,-119.48012,-0.71722835,2805.93,0.08142732,948.55566,0.3847714,-121.17531,-0.68906534,-12.896373,-0.5990966,23.042086,0.32905236,0.024442496,0.66479266,-0.0076045753,-1.5773126,0.07147923,0.70743257,28.234589,0.28042623,-7.039706,-2.2806785,20.005033,0.9248177,-28.635014,-0.5734623,-12.9526615,22.323013,-0.00062906375,0.0004178899,0.02724208,3.1914895,2.5270758,0.17,0.16970561,0.20285715,0.23143739,-37.51913,ag,Ses05M_impro02,Ses05M_impro02_M002
451,42.359444,0.084729366,39.733078,42.970222,44.953346,5.2202682,38.52034,17.660995,48.27469,49.67577,0.23650834,0.68615144,0.068845496,0.23140612,0.3517673,0.2829218,2.3662994,1.0362357,2.9712589,1.9491353,0.053546626,0.9331665,23.080105,0.43829814,-6.3601985,-2.1391866,13.937385,0.9943793,-22.365837,-0.69098985,0.016669825,2.0578852,0.9217215,0.6076186,10.464525,0.27105287,11.295622,0.5983858,19.188969,0.44576547,738.90375,0.28315288,1433.2891,0.1910091,-114.53625,-0.795505,1734.5094,0.120743394,1015.9429,0.27031532,-98.336044,-0.8886471,2828.2935,0.086068854,972.3718,0.39047632,-101.74329,-0.8260288,-10.675229,-0.5794029,21.096342,0.317777,0.0333584,0.5670313,-0.0057910318,-2.1789844,0.074430175,0.6915441,26.158728,0.29144505,-12.543645,-1.0989395,12.846754,1.3416965,-31.913137,-0.42134655,-10.037748,18.806149,0.0041468684,0.0027450302,0.029049939,3.0456855,2.5706942,0.20799999,0.21381299,0.17555554,0.16964741,-36.882282,q,Ses05M_impro02,Ses05M_impro02_F003
452,32.042233,0.08717052,28.987001,31.170279,34.962955,5.975954,-2.5520885,20.202158,13.5298605,2.8465033,0.09026321,0.43584266,0.055709053,0.07559488,0.1245644,0.068855345,0.7536237,0.47897953,0.4411287,0.22266972,0.017358972,0.6092715,25.253628,0.26454234,1.2075485,6.628599,17.436384,0.47209254,-10.225479,-1.0087842,0.023606755,0.6745444,1.1911012,0.5967454,6.9509573,0.24746548,9.340483,0.5838189,29.442848,0.2694827,697.6368,0.30861998,1448.6335,0.10313974,-172.57986,-0.36775914,1752.6927,0.13707969,1176.1079,0.19016771,-173.3441,-0.34361377,2766.1375,0.10376932,1044.3557,0.27972767,-173.74828,-0.33780077,-17.796085,-0.2629977,27.928905,0.23638725,0.0150315175,1.4689039,-0.0017976823,-5.759365,0.02615524,0.29484206,31.470112,0.22423933,8.9548025,0.845816,19.822186,0.7271858,-9.938469,-1.2209067,-11.821768,20.189901,0.0024575386,0.0028343133,0.015766604,2.9723992,1.502146,0.09857142,0.06770283,0.5442857,0.5249995,-50.203842,ans,Ses05M_impro02,Ses05M_impro02_M003
453,42.20155,0.069433354,40.50403,42.906586,43.80462,3.3005905,92.46469,48.131416,16.239916,0.0,0.12691164,0.9106407,0.053823456,0.05858843,0.20872088,0.15489742,1.5563432,0.9881989,1.2768714,0.7174985,0.025735198,1.1366456,25.608418,0.17710909,-5.135993,-1.6300865,14.372101,0.5915377,-13.681984,-0.9865697,0.025592081,2.7491794,0.8411127,0.8779381,10.681231,0.330953,12.699692,0.35803646,18.116804,0.32942045,760.6356,0.2281028,1363.292,0.15733461,-159.5801,-0.483276,1853.9391,0.10535542,944.9661,0.46314427,-152.29536,-0.517903,2806.3672,0.107119575,1024.1173,0.2872073,-153.07562,-0.50697124,-13.539843,-0.46596938,19.896257,0.31454903,0.030435184,0.54358476,-0.015784757,-0.6467157,0.060463723,0.59301364,27.570332,0.19637433,-12.1851015,-0.96706223,12.446336,1.1866429,-30.524279,-0.5196049,-12.634145,21.972374,-0.0044678007,0.004946587,0.013412573,1.9157089,0.78125,0.33499998,0.035,0.6133333,0.39668068,-42.199055,q,Ses05M_impro02,Ses05M_impro02_F004
454,23.316666,0.0077027706,23.14221,23.260813,23.505152,0.36294174,0.0,0.0,-0.077329636,0.0,0.06284883,0.22253771,0.053528033,0.056771636,0.0725685,0.019040465,0.42721686,0.37679508,0.19402516,0.22287908,0.01226068,0.31800684,25.535988,0.15896045,-0.22317459,-13.151373,15.2732115,0.23745029,-8.1580105,-0.62729484,0.015178649,0.37983248,0.6288087,0.33831602,1.4028463,0.2660685,4.0966215,0.5249562,25.47051,0.01901684,524.35846,0.22811529,1506.1019,0.058544572,-195.57886,-0.14997067,1597.7769,0.08247221,1160.5344,0.083872154,-196.04092,-0.13697584,2655.6616,0.02956539,1142.8182,0.20288165,-196.14738,-0.13361534,-17.956432,-0.051280852,26.617859,0.048110392,0.008918729,1.6461958,-0.0048390366,-1.5554831,0.013540147,0.06384235,32.34388,0.03220788,5.737058,0.111994214,22.029985,0.030146236,-7.142442,-0.33330768,-13.961617,23.9185,-0.008246185,0.004038718,0.012306507,2.293578,0.46948358,0.049999997,0.0,1.025,0.205,-56.84251,ans,Ses05M_impro02,Ses05M_impro02_M004
455,40.16935,0.1801712,32.764835,40.947765,47.012264,14.247429,418.69193,453.38666,60.766216,37.063583,0.19679256,0.73006034,0.0638749,0.13846707,0.31989557,0.25602067,2.1567798,2.046737,2.8360255,1.4629946,0.051105224,0.9958734,23.575184,0.3848171,-0.9586256,-10.004052,18.754122,0.57650024,-20.451696,-0.6423282,0.02286578,0.7703572,1.3501208,0.5523817,7.7456384,0.4908843,9.956631,0.941571,15.230462,0.6609119,764.84235,0.23749064,1286.4999,0.14695352,-119.20508,-0.7425587,1843.6115,0.13546635,906.0463,0.3967735,-118.82055,-0.70148677,2796.747,0.08957935,1074.7845,0.4225578,-119.70351,-0.6883879,-13.68345,-0.34030762,21.71063,0.3306955,0.03796286,0.7945184,-0.011234769,-0.84012294,0.07470059,0.7330744,24.764091,0.3987887,-0.51052195,-20.239098,18.353489,0.74560076,-28.372747,-0.41767406,-11.195383,19.563162,0.0054539666,0.0028563738,0.02786069,2.690583,3.2258067,0.13428572,0.09678505,0.17999999,0.23572583,-37.57141,ap,Ses05M_impro02,Ses05M_impro02_M005
456,39.26567,0.17549902,32.510517,38.1758,46.843376,14.332859,327.73706,422.91168,52.536583,37.047825,0.22158788,0.6099062,0.10677605,0.20686719,0.3435103,0.23673424,1.7489908,1.8303931,2.5429177,1.6858729,0.05867646,0.7973526,27.102985,0.4014288,0.9353875,10.768051,17.722956,0.67694205,-24.97403,-0.5083603,0.018869847,0.8486434,1.1136289,0.6411975,8.225515,0.39668778,6.743148,1.8919102,16.184292,0.6257671,727.866,0.28374338,1307.574,0.15672806,-100.77075,-0.87183195,1821.091,0.14356004,872.18097,0.41555813,-102.81775,-0.7952985,2830.8992,0.08434545,897.42145,0.34496653,-104.40095,-0.7671439,-14.446141,-0.34398204,22.91206,0.3526353,0.03997867,0.730973,-0.014852,-0.85351235,0.07386669,0.6391166,26.837831,0.38051078,-1.1070417,-9.475433,19.55178,0.7479304,-29.33494,-0.40532786,-14.907475,23.641792,0.020097956,-0.0075139496,0.043004718,3.0172415,4.4052863,0.116000004,0.11740528,0.11125,0.111963995,-36.98157,o,Ses05M_impro02,Ses05M_impro02_F005
457,33.459824,0.058270775,32.27423,32.595524,33.651585,1.3773537,42.684303,23.21786,20.706516,31.938093,0.12455017,0.68814135,0.06014591,0.098495744,0.1557823,0.09563638,0.42602435,0.114711516,0.48441002,0.28946725,0.02859512,0.70594096,31.740692,0.22955577,-1.2251358,-6.1682253,15.9854355,0.5344318,-16.960527,-0.8137387,0.015467391,0.8363209,0.9939296,0.46799445,8.091749,0.21413007,-5.5332346,-2.196872,23.043262,0.33550453,609.3169,0.36253875,1335.4584,0.114842325,-152.48341,-0.518329,1656.8938,0.13988562,1056.96,0.2528755,-152.68047,-0.5027267,2769.9675,0.087944716,892.0477,0.2013923,-155.02678,-0.46879056,-17.16454,-0.25466156,30.697903,0.12170115,0.02657497,0.8260518,-0.020779124,-0.67861235,0.043436214,0.40197465,37.338367,0.08987644,-3.1627617,-2.8587523,14.513608,0.98655176,-24.165733,-0.6220983,-15.733876,24.95136,0.006566728,-0.004437945,0.024746342,1.6,2.5000002,0.09666667,0.04921608,0.28333333,0.28767264,-42.28286,ag,Ses05M_impro02,Ses05M_impro02_M006
458,38.066555,0.17447145,31.986132,38.793945,45.464706,13.478575,190.12346,192.51346,51.527916,68.19223,0.20058627,0.8975767,0.06898703,0.13601449,0.29063222,0.22164519,3.626239,3.384996,2.4577456,1.4693696,0.05136003,1.0891813,25.630674,0.45098987,-2.2892272,-5.737866,15.666792,0.71566844,-16.151333,-0.8745649,0.030182514,1.6296268,1.2691102,0.6608945,7.6426167,0.506439,6.7640324,1.5938609,20.85162,0.43566242,667.371,0.3207425,1437.774,0.23530261,-116.95057,-0.7804783,1682.929,0.13311784,1093.4015,0.26687822,-110.3636,-0.7855236,2710.6409,0.08950785,1041.0707,0.31390023,-113.36768,-0.7383933,-14.06638,-0.41341504,24.401283,0.32005998,0.032802373,0.85965395,-0.01094045,-0.9936403,0.07676174,0.8285236,30.01585,0.29539233,-7.8364577,-1.833245,13.143538,0.9593115,-22.078253,-0.7247835,-11.604005,20.173082,-0.0013388195,0.0020547304,0.0253386,1.8518519,2.2916667,0.21,0.1245355,0.226,0.19905777,-37.112972,o,Ses05M_impro02,Ses05M_impro02_M007
459,39.003006,0.14967781,32.84818,39.811417,44.952217,12.104038,168.6863,171.0692,58.832214,69.48591,0.27639353,0.7043417,0.11625998,0.21838458,0.4316273,0.31536734,4.0420637,2.8409662,2.4087222,1.2172331,0.07368181,0.852977,26.562668,0.36656195,-6.3136964,-2.2638662,15.45526,0.91222364,-24.340942,-0.7008134,0.02759958,1.6279902,1.1944836,0.65427476,8.038193,0.48381692,9.986649,0.9748755,21.194986,0.40394786,698.7557,0.31774116,1433.1871,0.16319467,-73.22026,-1.1580963,1730.394,0.14381303,1047.6833,0.31931403,-69.46774,-1.0955381,2765.774,0.08812968,1012.33704,0.38767815,-73.02299,-1.0086408,-12.837869,-0.48111838,22.69743,0.3291077,0.038624406,0.63374305,-0.01187983,-0.851585,0.08950072,0.70258856,28.034428,0.31900078,-8.970012,-1.6754688,14.008171,1.0978696,-29.512274,-0.55256706,-11.601599,19.812677,0.007256511,-0.0011429922,0.03477039,2.8915663,2.9268293,0.23833333,0.1403468,0.08166667,0.07301065,-35.061142,dag,Ses05M_impro02,Ses05M_impro02_F006
460,33.926506,0.19700159,27.785297,31.451159,43.38655,15.6012535,186.18886,230.53918,9.380323,42.933155,0.13985586,0.69824266,0.069447584,0.11577269,0.17422533,0.104777746,1.7506204,1.4053828,1.065811,0.9104379,0.031846277,0.961028,30.419703,0.22015676,-4.326016,-1.928527,18.665512,0.65859663,-14.584192,-1.0105054,0.021210318,0.8840797,1.2471735,0.50144076,6.020731,0.57375306,5.094032,1.5462972,22.826689,0.35703254,630.5878,0.34495524,1439.9615,0.19779679,-126.40848,-0.71172553,1642.5111,0.14170788,1124.0786,0.3164891,-123.65204,-0.694478,2697.5627,0.092937715,943.9686,0.34988436,-125.95459,-0.6599566,-12.423641,-0.40454057,23.003147,0.2522431,0.02797773,0.6132927,-0.0060829185,-2.469847,0.047317505,0.8547093,32.366283,0.23854533,-6.6934323,-1.5340827,15.7127,0.96816015,-20.745098,-0.8237451,-13.44703,22.150158,0.003395394,0.00024899543,0.020085335,2.140309,2.754491,0.14434783,0.12730743,0.20818181,0.27438584,-42.7211,s,Ses05M_impro02,Ses05M_impro02_M008
461,41.940517,0.11200406,36.23496,44.376766,45.15808,8.923122,4.0842843,0.56121546,65.16337,0.0,0.14440688,0.69252414,0.05442753,0.10109021,0.24293129,0.18850376,1.6262237,0.78315383,1.882871,0.7075436,0.028684309,0.7699865,25.900816,0.28979075,-4.498362,-1.7614223,12.331936,1.070098,-17.032143,-0.79521716,0.017019706,0.967778,1.124721,0.59252214,9.166425,0.41495097,5.0205283,1.9881653,17.57199,0.62053555,707.0116,0.30810305,1392.5812,0.1998485,-135.6276,-0.65012777,1670.5264,0.1557098,1155.7357,0.2483839,-127.5185,-0.6851267,2728.145,0.10330567,906.29034,0.30183727,-130.31491,-0.6420092,-9.036129,-0.55277175,20.851742,0.25212523,0.03239849,0.5235509,0.00085489097,14.773624,0.049390912,0.39378572,26.375046,0.3746194,-8.091272,-1.2330223,2.8232584,5.2500453,-28.798462,-0.44934085,-13.031503,21.859718,-0.003394056,0.0052391794,0.015637517,2.734375,1.5936255,0.24249999,0.17977417,0.29,0.32569927,-43.210663,q,Ses05M_impro02,Ses05M_impro02_F007
462,31.527254,0.022485701,30.501081,31.965424,32.01768,1.5165997,54.332417,0.0,-0.7154783,0.0,0.06734481,0.25977087,0.05491612,0.058549836,0.08124429,0.026328169,0.1735915,0.101521306,0.28571796,0.17370255,0.0133846,0.4314626,26.070545,0.1808682,3.7862003,2.0445464,20.1341,0.2901373,-5.6479526,-1.00444,0.021294577,0.16802102,0.9921379,0.1685517,7.671852,0.27326465,16.493174,0.29426786,24.732216,0.17132452,913.618,0.14865814,1408.0171,0.109354116,-193.6815,-0.1588674,1921.7822,0.07331408,1202.89,0.1365351,-193.24393,-0.16242711,2922.7173,0.054768395,1006.3677,0.069858365,-193.27849,-0.16167513,-22.649439,-0.11583673,32.55698,0.09563167,-0.009385398,-0.6370383,0.00598808,0.7887844,0.019979732,0.15340208,31.006863,0.035323273,11.056328,0.28840226,33.322712,0.054398578,6.324014,0.39827278,-15.038172,23.987438,-0.0041903337,0.0028381306,0.0132256,1.3761468,0.93896717,0.04,0.02,0.6666666,0.4235039,-52.957912,ans,Ses05M_impro02,Ses05M_impro02_M009
463,0.0,0.0,0.0,0.0,0.0,0.0,0.0,0.0,0.0,0.0,0.09024035,0.5190568,0.054277726,0.0643403,0.135159,0.080881275,0.3819032,0.21188137,0.515096,0.3885332,0.014523321,0.60385966,20.109495,0.31355733,-4.939975,-1.7412615,8.071551,1.221664,-9.441708,-0.61862075,0.0,0.0,0.0,0.0,0.0,0.0,0.0,0.0,0.0,0.0,0.0,0.0,0.0,0.0,-201.0,0.0,0.0,0.0,0.0,0.0,-201.0,0.0,0.0,0.0,0.0,0.0,-201.0,0.0,0.0,0.0,0.0,0.0,0.0,0.0,0.0,0.0,0.0,0.0,0.0,0.0,0.0,0.0,0.0,0.0,0.0,0.0,-8.032929,18.768198,-0.0032597499,0.009056326,0.015071979,3.0612247,0.0,0.0,0.0,0.91999996,0.0,-54.631638,q,Ses05M_impro02,Ses05M_impro02_F008
464,30.631636,0.0031648946,30.549944,30.646473,30.730453,0.18050957,4.560232,0.0,-5.8956532,0.0,0.075983755,0.4633425,0.05460096,0.061396725,0.08166818,0.027067222,0.26726308,0.18771867,0.3895061,0.25032952,0.013043411,0.48727563,24.186172,0.2529095,-2.4685862,-2.6770992,12.845002,0.65666157,-8.624734,-0.57710373,0.040055383,0.42545643,1.8894645,0.5330063,4.6379614,0.17916773,10.251371,0.5452968,30.20883,0.09337029,712.62286,0.36240992,1737.8873,0.10631683,-192.60088,-0.18686703,1671.5063,0.09382977,1347.4169,0.10651372,-192.29599,-0.17916535,2668.969,0.11081058,960.874,0.15622807,-192.53291,-0.17382805,-17.076036,-0.11801777,27.232271,0.10684962,0.01762621,0.4419247,0.0003456925,5.9934216,0.010576215,0.14561324,31.293999,0.054972894,3.467659,0.8351713,20.914087,0.13993555,-8.791868,-0.31946692,-11.311508,21.829437,-0.003718088,0.005627886,0.013334498,1.4423077,0.9852217,0.04,0.01,0.6333333,0.44251803,-55.23758,ag,Ses05M_impro02,Ses05M_impro02_M010
465,31.464016,0.11362695,28.841362,31.086649,34.34582,5.5044594,40.80051,29.197987,15.199639,10.634792,0.08167117,0.5952893,0.05406552,0.057394326,0.103232086,0.049166564,0.50190246,0.36792243,0.3951592,0.21652214,0.015822798,0.63561434,27.066584,0.22510195,-1.2044364,-5.6116853,16.284016,0.42488304,-7.873167,-0.8573268,0.016457947,0.6428624,1.2957456,0.46838158,5.757934,0.40162587,5.955455,1.8600993,26.736446,0.2613032,643.21173,0.32998016,1441.371,0.13093928,-169.39413,-0.40949437,1667.8156,0.13492212,1129.4034,0.20191129,-169.8089,-0.38634288,2710.6987,0.09707576,1019.62506,0.30378446,-170.79646,-0.3711087,-16.032463,-0.27906424,25.783096,0.16167384,0.02264999,0.8492794,-0.0034164786,-3.13176,0.026583387,0.32327893,34.609985,0.13365145,-0.15264678,-48.284554,18.138498,0.51422846,-10.481138,-0.9222095,-13.003467,22.888247,-0.005852524,0.005604435,0.013651697,0.9987515,1.1306533,0.14444445,0.09190709,0.64699996,0.8307473,-51.142307,o,Ses05M_impro02,Ses05M_impro02_M011
466,32.34772,0.12486184,27.8975,32.306667,36.64496,8.747459,191.28639,308.68317,18.24388,6.6615577,0.10429547,0.37640396,0.067275204,0.10192415,0.13127483,0.06399963,0.7503534,0.3892868,0.53798014,0.2980058,0.020105576,0.51559496,25.175848,0.32780844,0.120334715,68.66686,19.909195,0.5013486,-11.302795,-0.96436805,0.020557044,0.71936786,1.3461101,0.39090106,5.3732705,0.41135412,6.487763,1.4874088,24.036386,0.31025895,567.91583,0.3401851,1388.5222,0.14286755,-151.28032,-0.5315325,1608.7703,0.15454465,1118.7068,0.24757423,-148.52216,-0.5225715,2627.4646,0.10375728,951.4485,0.3166794,-149.71977,-0.5057548,-14.335153,-0.29147288,23.13365,0.2377849,0.020910667,0.9580341,-0.0065060346,-1.7575003,0.027564444,0.37183154,31.258074,0.18244104,-0.76313895,-11.304999,19.559095,0.6669006,-18.862848,-0.669644,-11.790571,20.189371,0.0024757334,0.0038581884,0.01718043,3.117783,2.4390244,0.10952381,0.076995745,0.2672727,0.44531074,-49.58448,o,Ses05M_impro02,Ses05M_impro02_M012
467,43.98848,0.06255595,41.440113,44.159843,46.346684,4.9065704,70.90177,103.36044,40.625957,21.490005,0.2253918,0.8176423,0.058396313,0.16741629,0.40620825,0.34781194,3.435776,1.9095811,2.7611458,1.7333316,0.055532057,1.0758098,23.245352,0.34723103,-8.529558,-1.6574278,13.229707,1.068939,-23.640406,-0.7647476,0.0187773,1.1783496,0.96612406,0.8162413,10.856604,0.3092735,9.782601,0.8088465,16.786926,0.68750554,858.61285,0.21272792,1352.1519,0.19485344,-120.42882,-0.7578066,1820.9863,0.1094665,1058.6013,0.3865467,-117.53903,-0.7418155,2847.5544,0.061164487,894.9294,0.35188514,-119.01515,-0.71809673,-11.068534,-0.61348116,20.877337,0.3983219,0.0492991,0.55246645,-0.0052078776,-1.7294273,0.09662456,0.65721464,24.621338,0.33695704,-16.613173,-0.8824651,10.656766,1.7859851,-38.005833,-0.38701308,-11.145749,19.950651,0.0060340986,0.0027325554,0.021350611,2.7906978,2.1176472,0.20777778,0.13112994,0.2422222,0.26649067,-36.052128,o,Ses05M_impro02,Ses05M_impro02_F009
468,38.471138,0.14399047,32.50479,39.221573,43.921627,11.416836,56.639946,25.073486,26.553236,14.89766,0.15311892,1.0532207,0.054401655,0.07019704,0.22762175,0.1732201,2.816303,2.6563976,3.1918592,3.2140563,0.039737467,1.5564382,28.69955,0.24139719,-5.433163,-1.6329055,15.3984,0.57244134,-14.175952,-1.0045701,0.02919555,1.7307398,1.3384883,0.47873697,6.38139,0.44697818,4.691909,1.8613824,20.37693,0.40090004,755.9316,0.2862684,1336.1396,0.13328438,-149.7106,-0.55175304,1737.0663,0.14184166,1121.4686,0.32550713,-144.40271,-0.5686784,2778.9612,0.09391972,955.5772,0.386752,-145.94708,-0.5468156,-11.300983,-0.409716,22.058271,0.24908128,0.036152646,0.62993544,-0.008735357,-1.4642756,0.08700687,1.0068265,33.319904,0.21137144,-12.623507,-0.84639055,10.107439,1.0849673,-26.674906,-0.61174417,-13.102996,22.709187,-0.0032946009,0.004429588,0.01882664,1.6930023,1.7045454,0.17066666,0.13398838,0.45538458,0.8529912,-39.182457,q,Ses05M_impro02,Ses05M_impro02_M013
469,40.29452,0.122671716,36.026955,41.649765,44.47167,8.444714,86.46495,18.832047,47.46419,27.795412,0.26869684,0.74895,0.086500004,0.22242992,0.41219407,0.32569408,3.2566774,2.5714743,3.8772786,3.2320435,0.07582831,1.0967263,26.076775,0.391421,-7.569997,-1.6710805,17.088388,0.64757633,-22.238392,-0.70965403,0.028798956,1.1813983,1.3436725,0.50588524,6.9468694,0.49092734,10.000951,0.6464454,19.63068,0.5311013,805.32513,0.28638572,1351.7377,0.154774,-114.93071,-0.77875924,1805.2195,0.12852488,1063.425,0.36467734,-108.056915,-0.7886554,2843.3123,0.097292185,1024.0691,0.3555805,-109.2608,-0.76882964,-11.773128,-0.46017256,20.708277,0.35848877,0.049408197,0.54686177,-0.010609745,-1.0927821,0.10813459,0.89735,28.979292,0.33120832,-11.897884,-1.0883263,13.459395,0.90085936,-29.110832,-0.46164605,-10.698987,17.794289,0.013347109,-0.0042406875,0.044571947,3.3942559,3.968254,0.118,0.091811396,0.12,0.11401754,-35.329796,q,Ses05M_impro02,Ses05M_impro02_F010
470,37.500523,0.111233056,36.037327,36.340363,41.262455,5.225128,126.72097,40.1612,55.911453,45.692802,0.24321929,0.65991974,0.06693223,0.23289579,0.4080113,0.34107906,2.289409,0.92760575,2.97642,1.411497,0.0573175,0.7262252,25.036316,0.3457242,-6.838213,-1.6052492,19.407393,0.4225346,-18.734459,-0.70692676,0.031958397,1.0061334,1.3237506,0.37174505,4.848125,0.8096969,13.7004385,0.49206933,23.701187,0.44769943,868.5801,0.2696407,1395.6886,0.17812423,-140.28459,-0.60990846,1845.4442,0.12095909,1146.6403,0.26016724,-131.96321,-0.6479958,2898.1216,0.08773441,1132.3074,0.28712758,-133.34917,-0.62623304,-12.440127,-0.4972113,21.695837,0.42991573,0.06954598,0.33663142,-0.012187152,-0.9878361,0.0880228,0.28217962,29.41219,0.31933445,-9.539607,-1.294992,14.697237,0.61236495,-25.331982,-0.37862465,-9.810013,16.09695,0.020196209,-0.0033515606,0.04280578,3.7593987,3.125,0.107499994,0.096274346,0.152,0.07082372,-37.352303,q,Ses05M_impro02,Ses05M_impro02_M014
471,41.74082,0.11193735,36.759094,43.051872,46.73481,9.975716,20.160717,2.8454618,2.7089396,11.254172,0.28421825,0.8603102,0.10410284,0.14741246,0.49012485,0.386022,4.2241707,3.0551672,3.1493745,1.6363518,0.08389554,1.1336765,31.331661,0.17850819,-14.514061,-1.0876558,5.0127726,2.8042123,-21.278484,-0.7855672,0.014729842,0.7400084,1.1547005,0.46870402,8.672632,0.38380238,13.91125,0.57518154,27.366968,0.40655714,673.0037,0.36539677,1412.6243,0.16536961,-64.98333,-1.3756533,1609.7638,0.11758162,1092.3127,0.14748508,-58.91616,-1.268367,2721.9314,0.09167692,934.10077,0.31871495,-66.70639,-1.0597963,-11.583465,-0.6071823,24.669077,0.35245776,0.050475847,0.3483084,-2.7100232e-05,-359.6318,0.10757933,0.9478114,32.70263,0.17762606,-17.87186,-0.96122146,2.2499366,6.461431,-24.709084,-0.70451397,-11.819679,22.157772,0.015337032,0.00457884,0.017816504,2.739726,2.1276596,0.35,0.21400934,0.09333333,0.046427958,-34.530052,q,Ses05M_impro02,Ses05M_impro02_M015
472,43.091953,0.10140023,36.85716,44.241154,46.964996,10.107838,23.593925,0.5877466,2.7089396,11.254172,0.28028807,0.90672463,0.05685078,0.14911687,0.5156631,0.4588123,4.3923182,2.6246712,3.2765894,1.7611902,0.0828133,1.1848968,28.678091,0.15145917,-15.7241335,-0.9515338,6.6753097,2.191224,-21.137941,-0.8123666,0.0152268885,0.7482442,1.1097788,0.42525974,8.487525,0.43192422,11.857035,0.6430984,24.076204,0.4046141,721.86646,0.34098265,1382.508,0.17033753,-95.0294,-1.0284659,1647.3615,0.11522736,1057.1144,0.14121138,-84.15106,-1.0412618,2737.1997,0.098866045,864.43677,0.27555838,-89.52684,-0.9339927,-9.653403,-0.67478645,21.397747,0.3015136,0.052292395,0.34072125,-0.00042488167,-24.208008,0.12936373,0.81845695,30.516333,0.13974631,-23.622293,-0.6189849,1.7787918,9.039409,-29.177973,-0.5765406,-12.271407,23.017075,0.0026344808,0.0074348454,0.015094816,2.1276596,2.2058823,0.27333334,0.21638444,0.235,0.205,-34.462948,ans,Ses05M_impro02,Ses05M_impro02_F011
473,32.058353,0.05593266,31.454437,32.156937,32.964817,1.5103798,45.53173,18.924341,15.6412,8.534607,0.104526244,0.46874458,0.063280486,0.08540634,0.1401852,0.07690472,0.68426895,0.37403485,0.5650462,0.3888874,0.022169245,0.6975217,27.52517,0.31452549,-1.5044539,-4.407573,19.61648,0.6077259,-8.031807,-1.2259943,0.017735694,0.9094914,1.1328627,0.50481445,6.8997364,0.33200887,3.1237745,2.609473,27.23376,0.22438112,681.6149,0.30442068,1428.1396,0.14197588,-150.59993,-0.5331006,1742.9227,0.13250524,1215.9797,0.5466554,-151.16736,-0.50220966,2822.5637,0.10362715,1183.5863,0.5188411,-152.85413,-0.47952634,-17.063658,-0.29535633,29.097092,0.23179853,0.017045466,1.3830855,-0.009343134,-1.2697756,0.036127113,0.3897132,36.440796,0.1759003,2.8551931,2.4027963,15.936414,1.032663,-10.864653,-1.4739728,-11.297411,19.222685,0.0012149893,0.004598592,0.016841596,2.962963,1.5,0.18166666,0.11710632,0.39714286,0.43331656,-46.576828,o,Ses05M_impro02,Ses05M_impro02_M016
474,36.14444,0.08034241,33.520027,36.2927,38.910625,5.3905983,61.136288,46.005016,24.848295,18.76566,0.17372085,0.51513857,0.085766494,0.16063473,0.25744537,0.17167887,2.1045055,1.3005692,2.093934,1.0212529,0.037469927,0.64588714,29.57495,0.3123099,-1.3601396,-8.307908,12.7304945,1.0830576,-16.605204,-0.86163664,0.014610981,0.9732179,1.004858,0.66432524,8.9296255,0.26654422,5.926585,1.6416013,22.828268,0.44191274,622.34216,0.33486548,1414.9418,0.13109161,-87.365456,-1.0261059,1625.4386,0.13909824,1184.1125,0.3145564,-83.21692,-0.99239564,2669.5017,0.090359986,1026.7196,0.37467474,-87.43941,-0.9091549,-13.763826,-0.3550512,24.74117,0.25212234,0.0308337,0.7231758,-0.012239396,-0.95712364,0.046280887,0.50730395,33.363785,0.20484637,-5.2392383,-2.015145,10.292741,1.4815688,-21.272198,-0.70818317,-13.457152,22.294771,-0.00065859506,0.0017562591,0.019982737,4.923077,2.5000002,0.25,0.19091882,0.1275,0.15698327,-40.995663,q,Ses05M_impro02,Ses05M_impro02_F012
475,33.193546,0.09898766,31.356438,33.42043,35.528297,4.1718597,56.641205,57.25034,38.639797,16.591244,0.11361878,0.4979502,0.059035983,0.09706817,0.1630978,0.10406181,0.80604523,0.5035126,0.77476984,0.54755974,0.024913156,0.7009688,27.671005,0.2958944,-0.09986649,-74.24974,18.373539,0.63358545,-10.9432745,-0.9656803,0.018806428,0.70306087,1.1875739,0.47921774,6.294602,0.35431615,7.3914943,1.5408659,22.977455,0.32302526,598.7401,0.36901033,1355.5449,0.15198559,-145.74677,-0.56947637,1616.2468,0.14608276,1044.289,0.29241773,-142.75795,-0.56726444,2648.6802,0.104910314,1022.19336,0.3429815,-144.62057,-0.5408829,-13.584129,-0.27665055,23.486567,0.21716198,0.0251532,0.775116,-0.007754258,-1.2896554,0.03889013,0.43131188,33.925663,0.16854191,-2.7480567,-2.7708116,19.040476,0.88741297,-12.713174,-0.9529595,-12.671949,20.709768,0.0020525304,0.0003491345,0.018578347,2.5065963,2.124834,0.141875,0.10465531,0.4083333,0.6953036,-46.580734,ans,Ses05M_impro02,Ses05M_impro02_M017
476,41.889557,0.08209028,38.695274,43.48757,44.231213,5.5359383,94.59668,0.0,5.546053,27.573643,0.12905362,0.6422061,0.060111895,0.08186091,0.21743149,0.15731959,0.77567965,0.5359818,0.57574,0.27792445,0.022387803,0.6626617,24.361294,0.3202596,-2.5318081,-4.082555,12.123238,1.0487611,-18.481384,-0.75824016,0.0312775,1.7131618,0.6932222,0.50391036,9.595681,0.382683,13.5221,0.50571495,24.291784,0.38107833,718.6637,0.25358975,1478.9802,0.101740025,-148.09737,-0.57762694,1679.5596,0.120167896,1110.0066,0.37399012,-139.7401,-0.6152308,2765.1213,0.087582715,898.9714,0.40740463,-142.42383,-0.57721364,-10.62579,-0.4125606,22.664953,0.24708846,0.03210522,0.42429203,-0.006863687,-1.4343575,0.036711473,0.34663108,27.178665,0.24050048,-9.178793,-1.223443,7.0959744,2.8219264,-35.861534,-0.2396929,-12.373112,21.267462,0.00078847335,0.0031516727,0.015770044,2.183406,0.89285713,0.35999998,0.28,0.48999998,0.3980787,-45.237106,s,Ses05M_impro02,Ses05M_impro02_F013
477,33.493477,0.1621204,29.839346,31.887749,39.47621,9.636866,37.121563,27.56804,40.50686,31.469912,0.12598446,0.58532554,0.0619782,0.10795068,0.18078327,0.11880507,1.4250244,1.3123564,1.0577195,1.1977342,0.026648302,0.69816047,28.369665,0.29515782,0.23377147,38.19255,16.83763,0.64802545,-14.907308,-0.977022,0.023585152,1.3278217,1.1653681,0.4742514,5.6914062,0.5034248,5.6048613,1.5588655,22.219551,0.4199337,634.7156,0.33280334,1458.1544,0.19800931,-134.72157,-0.64149106,1625.4343,0.16156566,1136.2811,0.3041768,-130.86891,-0.6370389,2696.8662,0.09593587,937.37036,0.29282355,-132.68787,-0.61168325,-14.517998,-0.330814,23.69739,0.25938573,0.023217186,0.9425553,-0.013289964,-1.1079172,0.03804514,0.47472724,33.14182,0.19658753,-1.9428087,-5.1627855,17.92565,0.77149737,-20.108133,-0.8834592,-13.60526,22.667736,0.0019648916,-0.0010127701,0.019271953,2.5331726,2.7912621,0.12956522,0.1239733,0.20869565,0.44907925,-44.943127,s,Ses05M_impro02,Ses05M_impro02_M018
478,38.358612,0.1443113,32.95662,40.759384,43.017166,10.060547,96.97545,83.78651,36.0691,29.54165,0.15972878,0.62627727,0.06333253,0.1298225,0.26415437,0.20082185,2.403355,1.5109551,2.2108338,1.5730722,0.033915333,0.737613,24.842691,0.3705654,-2.8126004,-3.7234883,21.463507,0.47737455,-15.053618,-0.9960022,0.037180506,1.3769575,1.0702254,0.5760084,7.806779,0.40314472,10.967534,0.5667262,16.318361,0.57570636,662.657,0.32090577,1453.1388,0.16415851,-128.11612,-0.6772936,1720.4243,0.12317484,988.4891,0.43361548,-115.33173,-0.74077356,2728.4595,0.08714933,932.50226,0.23833337,-115.18783,-0.7430001,-13.11477,-0.39031693,19.978106,0.3642337,0.032446865,0.65725785,-0.013301549,-0.7484229,0.049320064,0.43504384,27.68542,0.290203,-6.112432,-1.7956973,25.122606,0.47409305,-23.29669,-0.6982322,-11.838737,20.039099,-0.004649836,0.004213911,0.020560367,3.8812785,2.5404158,0.1790909,0.12957655,0.19454546,0.3608919,-42.167,q,Ses05M_impro02,Ses05M_impro02_F014
479,30.31925,0.05056091,29.196669,29.91475,31.888962,2.6922932,81.78618,63.871372,21.847363,9.36306,0.08104015,0.50416607,0.053863037,0.059689168,0.10162656,0.047763523,0.5074499,0.7841358,0.3635184,0.07873369,0.015131617,0.617232,25.378267,0.26049873,-1.474281,-6.5785837,18.792135,0.35588303,-7.237508,-0.86032075,0.021213619,0.69623524,1.1364913,0.5066782,6.4528074,0.20156223,6.298948,1.0736746,29.77291,0.14312579,527.2045,0.31784925,1451.7416,0.1673107,-185.64812,-0.26453483,1612.7968,0.10912887,1102.5889,0.25804144,-185.51892,-0.25270125,2667.6155,0.07395398,1348.4132,0.37849894,-186.05612,-0.24274768,-19.333813,-0.23685078,28.379793,0.19135632,0.009722292,2.068072,-0.0023822684,-2.5237951,0.020605959,0.26260585,33.17986,0.1819785,7.546592,0.4825385,27.861616,0.14314736,0.2970086,19.001444,-11.460277,20.455782,-0.0022290815,0.003667415,0.014712073,1.1363636,0.9195402,0.0875,0.06259992,0.78199995,0.69846684,-52.1297,ans,Ses05M_impro02,Ses05M_impro02_M019
480,37.915974,0.050877545,36.871857,38.04335,39.39247,2.5206146,82.70139,139.2666,10.712514,17.629854,0.20435263,0.65961826,0.05648811,0.18993118,0.3177762,0.2612881,2.6245189,1.314624,2.578791,1.4559838,0.042526968,0.7731374,29.565321,0.2761657,-5.8285832,-1.9847777,16.511518,0.84128356,-20.850336,-0.75326455,0.016355941,2.5978017,0.8274119,0.8066939,9.904191,0.29842827,11.538264,0.90949225,22.662899,0.4467578,604.23395,0.30502856,1427.0491,0.13708808,-110.11407,-0.85010713,1675.8854,0.15321061,1094.6095,0.3118586,-95.27954,-0.9209994,2710.7083,0.10914473,1015.093,0.34941173,-97.884285,-0.87301165,-13.212664,-0.5270158,23.42706,0.33225912,0.039042857,0.40555656,-0.012239732,-0.9605042,0.05933941,0.5153431,33.133305,0.19779167,-9.0032835,-1.4329196,15.538054,1.0998299,-29.47928,-0.48052898,-12.373688,21.182545,0.0010233719,0.0026418488,0.01992044,3.386454,1.2072436,0.4733333,0.23886304,0.28571427,0.3056542,-38.845055,q,Ses05M_impro02,Ses05M_impro02_F015
481,33.134186,0.1461435,29.186348,31.667074,40.474583,11.288235,117.16858,78.43663,9.71821,3.4966426,0.07947661,0.43145517,0.054093495,0.05780616,0.11000408,0.055910587,0.71279716,0.5236141,0.52243376,0.32929915,0.015190192,0.54138476,27.843428,0.20618418,-0.7752806,-8.555919,16.944904,0.53770393,-6.4047437,-1.4470948,0.022495367,0.77342856,1.259815,0.46569166,6.563887,0.29501584,4.067174,2.070538,25.408491,0.22565328,668.52466,0.35139117,1405.7372,0.1497585,-154.97557,-0.5147044,1695.2256,0.13350329,1182.0024,0.31033507,-154.84322,-0.49092585,2748.1829,0.111248344,1068.2023,0.4968176,-156.5325,-0.46720403,-16.552462,-0.2801496,26.353819,0.1767608,0.01676792,1.0064068,-0.008156029,-1.2623668,0.025000403,0.29034483,34.24093,0.1271452,1.5797889,5.313706,17.633877,0.7580277,-10.736668,-1.4059505,-13.015662,22.02243,-0.006112248,0.0045092343,0.011707356,2.2584693,1.011378,0.24875,0.2764705,0.71999997,0.89245445,-50.69317,ans,Ses05M_impro02,Ses05M_impro02_M020
482,37.26116,0.1696958,28.229061,40.696484,42.326664,14.097603,123.53168,95.12181,-5.125651,31.569012,0.11289864,0.38687977,0.06506723,0.10827208,0.16066802,0.095600784,0.8204668,0.53604054,0.59257054,0.33454952,0.019424358,0.41137108,28.885548,0.22463152,-2.0142539,-5.17197,10.519604,1.2103893,-12.453518,-1.002113,0.02710611,1.2003529,1.2698268,0.48893255,7.2751923,0.33350965,2.944835,2.5349782,25.98017,0.22914538,815.6351,0.21968953,1319.3955,0.15412143,-104.312225,-0.907828,1792.3184,0.10103932,1094.8951,0.21502237,-108.26421,-0.8044188,2922.6287,0.07282711,914.713,0.436488,-113.30108,-0.72475094,-12.254681,-0.5906371,26.28013,0.1562691,0.0162652,0.9785688,-0.003545869,-3.358027,0.023231694,0.27022833,32.474747,0.10474434,-4.5354295,-2.6020222,6.7631817,2.2629118,-18.788727,-0.63855267,-13.178423,22.61136,-0.0008784259,0.0031824044,0.016176801,4.347826,1.980198,0.25,0.22770596,0.22999999,0.20808652,-48.286278,s,Ses05M_impro02,Ses05M_impro02_F016
483,31.32662,0.068308495,29.554718,31.259739,33.21627,3.6615524,29.068848,10.403604,36.245983,27.68848,0.096124776,0.49076432,0.056751832,0.0715965,0.14052825,0.083776414,0.6327593,0.39636442,0.40051374,0.20594063,0.018850343,0.62155545,25.587658,0.26424235,0.014947252,481.96503,18.984032,0.4212232,-10.760665,-0.9184756,0.019529732,0.594527,1.1810126,0.46684068,5.558424,0.33715242,1.234418,7.3978143,22.70185,0.29236415,622.7714,0.30792364,1339.8329,0.11937477,-159.47737,-0.48090327,1663.4803,0.13137463,1127.8466,0.3048262,-160.29315,-0.44821396,2649.415,0.09566834,879.955,0.3118274,-160.81105,-0.44023147,-14.510425,-0.30161837,23.314005,0.19602962,0.026176548,0.50504714,-0.010667169,-0.92011726,0.03403144,0.272941,33.205597,0.15719867,-0.93158203,-10.213735,21.469255,0.5523756,-20.163889,-0.63941413,-12.304524,21.64112,-0.0056682313,0.005866748,0.014687739,2.52809,1.7094017,0.12333333,0.054365024,0.37714285,0.44586077,-49.17231,o,Ses05M_impro02,Ses05M_impro02_M021
484,34.06526,0.17100148,28.224514,32.313457,38.582882,10.358368,59.154,37.723602,32.409286,25.873018,0.12287206,0.4957844,0.0637081,0.11163187,0.16238841,0.09868032,1.2144564,0.79023224,0.8023833,0.71751773,0.026075676,0.6665619,25.49531,0.39781675,-0.18402152,-50.920692,20.021145,0.55557054,-9.6581135,-1.3174323,0.023517903,1.1860615,1.2974015,0.4794857,6.317227,0.48806348,8.191618,1.1695398,22.165766,0.4602337,608.62146,0.39210725,1358.8624,0.13286111,-146.96307,-0.55594856,1620.1112,0.15870874,1091.3998,0.25447872,-143.58018,-0.5513183,2656.7627,0.11168967,971.1067,0.31436974,-144.73618,-0.535959,-14.709817,-0.29487765,23.08599,0.23787805,0.030729495,0.7905333,-0.0055529806,-2.1365194,0.03888883,0.44366127,31.59867,0.18916005,-2.0850708,-4.502842,19.921457,0.6877902,-15.647819,-1.0852089,-11.720527,19.999685,0.002234472,0.0037121812,0.020291965,2.7253668,2.6399157,0.1116,0.06739021,0.25708333,0.40831444,-45.41411,o,Ses05M_impro02,Ses05M_impro02_M022
485,39.192345,0.16381037,31.612549,43.277138,44.21071,12.59816,116.91681,13.5347395,42.778683,31.184238,0.17728423,0.6344941,0.07746365,0.1288953,0.27710527,0.19964162,1.9843388,1.2467057,1.3874431,0.85673326,0.04109772,0.8304054,27.753513,0.24543954,-7.5602527,-1.6596806,15.531014,0.89730865,-22.55806,-0.7765809,0.03458095,1.3843191,1.2711442,0.62015516,6.844419,0.6043542,4.1229343,2.0298328,16.096851,0.7764365,730.5095,0.23471417,1415.213,0.14903416,-127.815704,-0.70652324,1715.1057,0.11246087,1107.1625,0.31185368,-122.85699,-0.70653856,2790.1,0.06142547,988.5068,0.4313038,-124.43548,-0.68102056,-11.086396,-0.43947396,21.012053,0.18309902,0.041759137,0.4864146,-0.009228231,-1.6479826,0.0617676,0.60827607,29.356432,0.246013,-13.153041,-0.94702846,11.728838,1.5414633,-33.1679,-0.46456513,-12.267776,21.312134,0.013420624,-0.002888449,0.02765942,3.4749036,3.1620553,0.123749994,0.10011712,0.19571428,0.17982984,-41.140236,s,Ses05M_impro02,Ses05M_impro02_F017
486,31.283436,0.10587576,29.572918,30.732006,33.96123,4.3883133,150.4723,152.11958,12.519467,9.442685,0.09825211,0.43283394,0.05985017,0.086515665,0.13070072,0.07085055,0.8923431,0.6261723,0.60711974,0.3253504,0.021761483,0.5999621,27.72045,0.23767039,1.5969094,4.7992973,21.1729,0.37319517,-6.1011033,-1.2324321,0.019005638,0.740579,1.5459411,0.57668144,5.8809423,0.36912066,5.8739653,1.5601387,23.980936,0.2671676,624.3323,0.38724914,1404.6799,0.12844138,-149.74472,-0.53444076,1670.4967,0.15539956,1145.7787,0.30461264,-150.40855,-0.5031799,2666.1577,0.11393881,1018.4574,0.26455572,-151.62122,-0.48657963,-17.024124,-0.2926658,24.741716,0.1997774,0.0153446635,1.5237192,-0.00349888,-2.460506,0.030522339,0.4451639,32.221306,0.16522701,2.1232982,4.0463753,23.649864,0.4597124,-7.5644894,-1.1565733,-14.250999,23.472124,-0.0012072197,0.004133332,0.018434484,2.6530612,2.6859505,0.09615385,0.081196666,0.3009091,0.20917389,-48.059032,q,Ses05M_impro02,Ses05M_impro02_M023
487,41.034225,0.09288916,39.688614,42.190647,43.47853,3.789917,85.582664,79.371445,42.170975,62.00478,0.2648722,0.5340574,0.12745173,0.2482555,0.3933711,0.2659194,2.9279313,1.5165368,2.1188517,1.0684383,0.06392144,0.6932414,25.304136,0.4197656,-10.13602,-1.3988489,14.541723,0.98778737,-31.565699,-0.5589387,0.026729869,1.7102098,1.1652359,0.5540107,7.546045,0.46984255,10.653712,0.6457115,17.995218,0.49613544,685.9106,0.35092667,1343.3717,0.17055427,-117.411705,-0.781554,1729.3795,0.14810424,1028.8214,0.3784993,-95.813995,-0.9130923,2761.0754,0.093080215,956.3544,0.35312432,-97.379196,-0.8850883,-8.359393,-0.52702457,18.227057,0.40672353,0.034237552,0.5661355,-0.013112579,-0.91975975,0.07881317,0.56413716,25.924911,0.3289131,-16.152233,-0.7755966,16.141987,1.0083574,-36.657104,-0.4048516,-10.227227,19.049025,0.0208659,-0.012517522,0.045579866,4.489164,2.8081124,0.19166666,0.105580404,0.14333333,0.11160447,-38.161545,ans,Ses05M_impro02,Ses05M_impro02_F018
488,40.56439,0.09135869,38.878365,41.976868,42.87682,3.998455,104.75659,82.966156,54.6016,65.76308,0.3338298,0.37165305,0.22435571,0.312115,0.46429688,0.23994116,3.2875907,1.0195546,2.413148,1.1200238,0.08221314,0.542085,29.110914,0.21332972,-16.973257,-0.5825024,16.051655,1.0766776,-36.678387,-0.3524122,0.02871103,1.8711416,1.1648452,0.5636191,7.0115924,0.53029114,10.508478,0.66009754,18.66603,0.45091236,690.44446,0.3380678,1350.7375,0.13821131,-77.42719,-1.139772,1727.43,0.14475295,1085.3376,0.40589228,-62.457413,-1.2098142,2730.1812,0.087784104,961.2341,0.2892465,-64.215996,-1.1611825,-7.46691,-0.57511973,17.433521,0.42422366,0.035543445,0.5033566,-0.01397725,-0.6304203,0.08443677,0.5340714,27.991875,0.22458999,-19.392689,-0.48345736,17.041212,1.0461569,-38.72522,-0.30794498,-10.159261,19.608316,0.033890158,-0.017560057,0.0738335,4.7169814,3.5483873,0.1990909,0.12116514,0.07666666,0.06847546,-36.408154,o,Ses05M_impro02,Ses05M_impro02_M024
489,41.843067,0.093776435,39.091297,42.840107,44.620506,5.529209,181.34048,236.36346,45.276474,31.494497,0.2847831,0.6217857,0.12837459,0.23625927,0.44934708,0.3209725,4.207156,2.403635,2.9095757,1.7117378,0.07440931,1.0601343,24.853958,0.32348856,-15.510502,-0.7782194,16.453043,0.76151603,-29.396276,-0.6294675,0.026264222,1.378954,1.0849632,0.5734041,8.298257,0.42502385,11.720919,0.5673966,17.713621,0.4842539,663.08716,0.41930306,1370.4075,0.1699477,-118.65163,-0.7738849,1683.7341,0.15493977,1057.0338,0.30472222,-91.77779,-0.9500725,2722.2373,0.10398126,989.5189,0.34856197,-93.37677,-0.9207918,-8.874775,-0.4943246,17.729055,0.34524313,0.045120664,0.47398505,-0.012980141,-1.0422443,0.096188396,0.87034756,26.983816,0.26340178,-20.788057,-0.5265556,15.252201,0.91709685,-36.56046,-0.47931686,-8.138858,16.3002,0.017746367,-0.003235206,0.044799756,3.6608863,2.534113,0.22307691,0.12455364,0.16333334,0.20101133,-36.04863,o,Ses05M_impro02,Ses05M_impro02_F019
490,33.06061,0.15902527,28.727804,31.958889,38.401394,9.67359,100.292595,85.33444,39.174004,25.088747,0.14884609,0.8253702,0.06583014,0.11444465,0.17784166,0.11201152,1.8437443,1.7743392,0.9953253,1.1892738,0.033418972,1.0941204,26.846985,0.31522176,-3.125117,-2.990728,22.753778,0.3922413,-10.645463,-1.1164405,0.023615211,1.4471905,1.1602094,0.48971665,6.235603,0.4439521,8.059094,1.639997,23.606365,0.36914727,608.34766,0.39955962,1410.3492,0.14832044,-143.14453,-0.59331375,1644.8534,0.13331282,1139.4276,0.32432312,-139.14589,-0.592729,2646.8467,0.10232475,1003.0621,0.34420893,-140.365,-0.575508,-14.636875,-0.3413357,23.301754,0.2437918,0.03194471,0.82921803,-0.010411878,-1.2630793,0.053751092,0.89598006,32.96183,0.19411132,-6.5995827,-1.8020825,22.920614,0.47166947,-16.846144,-0.9615982,-11.402484,18.9257,0.00347423,0.0036552595,0.023091128,1.280683,2.145923,0.1495,0.14256488,0.2965,0.3662004,-41.179306,o,Ses05M_impro02,Ses05M_impro02_M025
491,38.04412,0.1596409,33.514908,35.138332,46.598526,13.083618,81.2412,131.02856,13.877083,13.068875,0.1692494,0.76769394,0.06229043,0.1283612,0.24084944,0.178559,1.824591,1.3273419,1.8972349,1.694381,0.04115464,1.2636381,27.094933,0.3103287,-0.45983988,-18.67237,18.328606,0.61802524,-16.107994,-0.76318735,0.022560978,0.7611042,1.1755844,0.46620148,8.309235,0.35985363,9.983008,1.0417993,21.921951,0.4668916,745.38165,0.3193408,1367.02,0.14949355,-107.39642,-0.8462607,1743.613,0.13141556,1040.379,0.24748755,-107.310486,-0.78582746,2809.3088,0.09212537,903.8387,0.35284936,-109.265625,-0.75473875,-16.004927,-0.30528498,24.765327,0.23398933,0.039582662,0.7268556,-0.0056538857,-2.15445,0.05470557,1.1064404,29.924772,0.28443393,-1.7348356,-5.1258836,18.62776,0.67066884,-20.224607,-0.64954776,-12.938151,21.568619,0.009185309,0.0006900016,0.025999608,1.9083971,2.504817,0.20153846,0.15747264,0.17615385,0.19940443,-38.079678,s,Ses05M_impro02,Ses05M_impro02_M026
492,44.598713,0.14656292,35.025127,46.54994,48.3229,13.297771,337.4949,424.3411,17.064808,20.568245,0.228191,0.70329833,0.0994063,0.18387067,0.3319378,0.23253149,2.113684,1.1992998,1.65504,1.6511077,0.058053527,1.1821569,23.169563,0.4178519,-4.9905252,-2.5904193,11.807707,0.98525953,-23.854095,-0.5312823,0.026002718,0.66359,1.2249987,0.53954023,9.281005,0.41715652,6.1196985,0.98277056,15.996661,0.5855455,822.6356,0.2848137,1289.607,0.12604316,-119.77896,-0.7349035,1770.6353,0.13333409,1127.7234,0.37562835,-113.92241,-0.728255,2878.04,0.08284938,846.4978,0.26637334,-116.10738,-0.69281644,-13.746407,-0.4023148,24.09647,0.2544644,0.051059477,0.5334182,-0.0035461595,-2.1562798,0.07041114,1.164731,27.589008,0.2763197,-6.989194,-1.4948459,12.30965,1.0096493,-26.274986,-0.41573256,-8.798624,17.426497,0.021261951,-0.004898089,0.0473543,3.5087721,3.2142859,0.14444445,0.088205695,0.14444445,0.16111493,-36.022713,o,Ses05M_impro02,Ses05M_impro02_F020
493,47.036057,0.18068495,44.18387,44.69163,55.399933,11.216064,937.3097,0.0,28.401176,25.324654,0.16148314,0.8226887,0.06340271,0.1036338,0.23010714,0.16670443,1.5584588,0.33468944,0.8118256,0.070394754,0.033772774,1.013668,20.966291,0.4197925,-4.722852,-2.2363057,14.369237,0.78638166,-19.576529,-0.71800685,0.019254694,0.6708565,1.3816563,0.63468146,7.390332,0.5828833,9.755838,0.55822396,25.127985,0.22079933,802.9714,0.17096794,1215.3724,0.097308464,-184.0072,-0.28149265,1825.9141,0.086504936,1235.9601,0.42138815,-180.30092,-0.29412344,2883.795,0.051873244,926.8019,0.18699622,-179.93356,-0.29339045,-8.468768,-0.75138324,24.023842,0.3412357,0.038843162,0.36960018,-0.007113241,-0.720427,0.04727322,0.8824542,28.47898,0.37039724,-7.5868115,-1.3101476,2.3618624,3.6633625,-31.387466,-0.29992425,-8.643807,17.530039,0.008742695,-0.0023235274,0.03249265,1.5706806,1.6129032,0.06666666,0.052493386,0.5333333,0.22125901,-44.32524,o,Ses05M_impro02,Ses05M_impro02_M027
494,40.0786,0.14028881,31.029488,41.089474,45.24542,14.215931,29.362429,13.5743265,799.41235,1024.4895,0.1456842,0.7236547,0.053588893,0.11674447,0.2374688,0.1838799,1.516027,0.94681764,1.0760182,0.7874548,0.030439723,0.86447906,25.603828,0.22603433,-5.4294524,-1.4469752,17.113289,0.50408006,-20.366295,-0.8034862,0.023787465,1.0297813,1.3227555,0.63834924,8.78221,0.464954,7.5215926,1.4221373,17.202162,0.6875178,764.2938,0.304863,1341.7565,0.18116082,-153.60413,-0.5176564,1798.699,0.15399249,1074.999,0.32274428,-145.8909,-0.5488576,2783.686,0.093591064,911.3254,0.36522177,-146.35045,-0.5419532,-13.257677,-0.4187055,21.372845,0.2445555,0.031853903,0.645512,-0.013965928,-1.3386593,0.04549915,0.49536255,28.212215,0.22703318,-9.671295,-1.1587238,14.785123,0.8359158,-34.18272,-0.45810863,-11.733061,21.005976,0.0077159205,-0.00031608556,0.024114864,2.0930233,2.1176472,0.13333333,0.086023256,0.31888887,0.5360026,-42.924927,s,Ses05M_impro02,Ses05M_impro02_F021
495,32.300095,0.13021366,28.976307,31.509016,34.954258,5.977951,29.167358,18.228912,29.157001,22.28117,0.14485735,0.40533447,0.09355008,0.1386798,0.19455667,0.10100659,1.1414376,0.5911951,0.7749727,0.39106357,0.030272592,0.49901924,26.631523,0.34945256,-1.8458052,-5.044438,22.546953,0.4888745,-13.148108,-1.1389074,0.025199808,1.1045003,1.3155183,0.4568332,6.001798,0.47397855,4.9887066,2.262265,20.537748,0.3870045,591.81555,0.3913296,1377.4387,0.1794855,-117.213554,-0.7839753,1623.3743,0.15059881,1009.3428,0.23763986,-117.97633,-0.7246924,2616.4272,0.095788896,960.84796,0.39026907,-118.79443,-0.7122156,-14.69187,-0.3054078,21.84703,0.24099046,0.02589413,0.7425124,-0.009214748,-1.8656158,0.03674373,0.39057657,31.32206,0.21600762,-2.7160347,-3.4390202,24.479856,0.46900767,-15.66611,-1.1232024,-10.697498,18.2805,0.0099774115,0.0011709982,0.024805602,3.0555556,2.7027028,0.16068965,0.12913322,0.2025926,0.2818141,-44.769974,s,Ses05M_impro02,Ses05M_impro02_M028
496,38.055676,0.071077436,35.878784,38.781822,40.3953,4.5165176,156.9003,244.61954,36.386375,18.274925,0.23950462,0.6340676,0.108484626,0.18991418,0.38655522,0.2780706,3.1170046,1.8795503,2.7920904,1.970292,0.052368402,0.81365895,26.763111,0.35991263,-2.069379,-6.7442427,16.458456,0.96544206,-24.382765,-0.72920173,0.017827524,0.91635907,1.0661104,0.59573966,8.326257,0.46800274,9.297055,1.049152,22.374342,0.4016808,662.1262,0.29594895,1383.8425,0.12594059,-78.44184,-1.1152282,1740.3035,0.122754924,958.6826,0.27582142,-72.020645,-1.083381,2798.0254,0.079533465,910.2468,0.39133516,-74.15223,-1.0327873,-14.053689,-0.36263174,23.37223,0.25014853,0.036554813,0.7138643,-0.018161144,-0.6151307,0.06263097,0.6739193,29.308369,0.2688462,-4.5156627,-2.8886838,16.413755,1.0854611,-31.965797,-0.46302405,-11.680166,19.387218,0.004586987,-0.00041129833,0.029505279,3.7470727,2.3866348,0.289,0.285007,0.108,0.14190137,-37.165947,q,Ses05M_impro02,Ses05M_impro02_F022
497,38.387066,0.060449522,36.17065,38.955666,40.200466,4.0298157,167.82962,269.64423,42.479584,16.525925,0.32236588,0.46681443,0.17186159,0.33224306,0.451278,0.2794164,4.1006064,1.4111193,3.421611,2.0159228,0.072056234,0.5988447,29.217361,0.33350652,-7.2013407,-1.8900235,11.258304,1.4185404,-30.231667,-0.51628274,0.01984953,1.2063247,1.1244495,0.5894644,7.725202,0.50831133,8.692172,1.1500196,24.504288,0.3772239,606.27155,0.32994056,1399.2083,0.12096274,-53.811665,-1.4964163,1672.5638,0.118512586,1027.7312,0.25222203,-49.19354,-1.3194317,2738.4841,0.087946445,1004.8547,0.36577109,-52.71416,-1.2029641,-13.214356,-0.35239404,23.022247,0.2851019,0.04797633,0.4571778,-0.020924311,-0.5203817,0.07595166,0.5461151,31.51482,0.2008134,-9.758708,-1.141121,12.0014105,1.4115386,-33.39147,-0.3783337,-11.45092,18.079113,0.019943379,-0.0111220535,0.05591992,4.8245616,3.6036036,0.2175,0.18053739,0.053333335,0.042295255,-35.104576,ans,Ses05M_impro02,Ses05M_impro02_M029
498,30.13108,0.10881984,28.086937,29.035843,32.097782,4.010845,329.98123,220.24374,42.09688,62.696938,0.14526573,0.45915174,0.096179165,0.13030139,0.18951185,0.093332686,1.0597254,0.73577267,0.851892,0.38084832,0.03140388,0.56802696,26.936193,0.35382396,0.8091989,12.743471,20.679392,0.5777648,-9.870118,-1.5288304,0.026678773,1.0509164,1.305201,0.50808394,5.464011,0.37028855,2.6993701,3.7198436,22.794256,0.4383747,705.4317,0.35036132,1345.544,0.17478754,-117.295265,-0.74679905,1739.9355,0.13375838,1055.5325,0.33996585,-120.408325,-0.6809194,2782.3904,0.09867353,1014.91797,0.39552954,-121.97542,-0.65915084,-15.12755,-0.3056054,25.249537,0.26626366,0.020322869,1.2461553,-0.0015948262,-9.383288,0.03565631,0.46198848,30.193336,0.31491187,2.4308221,4.3054442,23.612488,0.5710368,-9.563994,-1.5625534,-11.206976,20.09161,0.010541162,9.8727476e-05,0.02834194,3.0241935,3.665988,0.11444444,0.085194044,0.1305263,0.11194329,-44.755726,s,Ses05M_impro02,Ses05M_impro02_M030
499,31.309608,0.10806735,29.016449,31.186405,32.698765,3.6823158,108.869934,39.070858,18.498268,12.98366,0.12673411,0.43210968,0.07851421,0.12383487,0.15713492,0.07862071,0.74223477,0.40400618,0.6221034,0.26790714,0.026324918,0.53757596,27.341381,0.33352143,-1.1654165,-8.078942,20.181488,0.4640865,-8.481852,-1.6064075,0.018286742,1.1411372,1.1738491,0.45050418,4.873216,0.39119583,2.7274907,3.6305902,21.217701,0.33087894,615.2174,0.41259855,1387.2789,0.1363497,-143.1816,-0.57851374,1611.9093,0.17226069,1164.9269,0.3254772,-142.74994,-0.55897737,2646.9575,0.114389464,972.3141,0.3052164,-144.66684,-0.5324143,-13.663991,-0.40742865,23.633139,0.2643827,0.020738004,0.93298256,-0.0065718796,-2.5848498,0.03513454,0.4529825,33.94078,0.17658646,-5.0044837,-2.0379388,16.791927,0.64224184,-13.573741,-1.1018534,-12.921939,21.240887,0.0010234135,0.003809763,0.02230765,2.3504274,3.030303,0.09571428,0.07198356,0.21428572,0.14998637,-46.708168,q,Ses05M_impro02,Ses05M_impro02_M031
500,40.689247,0.00955688,40.30084,40.650436,41.1415,0.8406601,15.678787,6.372199,19.852018,3.204298,0.07823136,0.4727837,0.05369358,0.05872172,0.10767238,0.053978797,0.48584098,0.4084063,0.6887337,0.36364397,0.015378944,0.7253457,26.651735,0.20867175,-2.022649,-1.6634225,18.300821,0.23792599,-10.73527,-0.8904152,0.018849736,0.24871106,1.092489,0.3412186,7.473473,0.096793644,16.725893,0.34011894,22.273369,0.30413058,725.5233,0.25439116,1515.1093,0.10947211,-181.08383,-0.30449417,1727.4722,0.107821114,1117.5952,0.18671927,-176.51106,-0.33086857,2841.591,0.10140441,664.47363,0.46589425,-176.50716,-0.33091736,-16.35979,-0.11116842,23.543882,0.15171184,0.020573488,0.58151644,-0.010166879,-0.42617425,0.023781687,0.2268165,30.230036,0.1064829,-0.0027277821,-1339.5586,23.701502,0.2507311,-31.191284,-0.15288539,-12.969717,21.580322,-0.0013254698,0.005785112,0.014332116,2.4,0.8333334,0.16,0.0,0.505,0.195,-51.314953,ans,Ses05M_impro02,Ses05M_impro02_F023
501,33.52403,0.18863912,27.489105,31.681675,41.619392,14.130287,84.79117,0.0,-56.07878,0.0,0.070801474,0.52016324,0.052959256,0.055795286,0.07236039,0.019401133,0.2846794,0.09953511,0.38270774,0.1602713,0.01375329,0.5972737,26.058134,0.25234747,0.16556701,19.648909,18.245966,0.28089058,-6.569237,-0.8115569,0.019065822,0.58325744,1.2202677,0.560707,7.181115,0.31107992,5.9292183,1.4539454,23.67209,0.30174026,562.8456,0.3617283,1460.0725,0.14472364,-188.08397,-0.23969474,1523.9089,0.11991893,1084.0206,0.17863938,-187.06213,-0.24349119,2704.666,0.09634696,773.1455,0.38425654,-187.90065,-0.22741197,-17.073114,-0.24462143,29.366615,0.13356474,0.013327231,1.4929771,-0.004228782,-2.2347033,0.02985592,0.5234803,32.149845,0.2768332,5.0109563,1.0771799,16.952654,0.3375918,-11.114795,-0.8356679,-13.744098,22.641405,-0.010097694,0.007793659,0.012384136,0.97087383,0.7371008,0.09666667,0.03858612,0.92749995,0.679977,-52.29231,o,Ses05M_impro02,Ses05M_impro02_M032
502,39.46658,0.07724329,36.0865,41.32245,42.45576,6.3692627,0.0,0.0,-0.4324131,0.0,0.077450246,0.6909978,0.052390963,0.054211985,0.06349534,0.011104375,0.17268501,0.1028191,0.2999705,0.0,0.015504596,0.8165763,25.504623,0.12817226,-0.55909026,-6.0131025,16.794207,0.18621954,-6.7738175,-0.7205923,0.020776182,0.4112745,1.2057323,0.5539901,8.824752,0.20135443,11.908153,0.6881052,19.029186,0.36007652,720.4184,0.24243389,1446.18,0.17064078,-183.71939,-0.26474544,1683.7002,0.049101025,932.0912,0.10091602,-180.40324,-0.2922397,2916.8684,0.04387869,586.3338,0.3388671,-181.38579,-0.27641582,-15.2196245,-0.28557372,27.769463,0.16790883,0.023389492,0.77923995,-0.0015833032,-3.2057927,0.03921723,0.4349578,24.968754,0.2162104,2.2859135,2.4334805,15.72599,0.35135636,-11.729857,-0.5210498,-13.551519,23.255909,-0.007210205,0.009004376,0.012551189,0.7092199,1.4705882,0.07,0.01,0.39,0.2192411,-49.879997,oth,Ses05M_impro02,Ses05M_impro02_F024
