,F0semitoneFrom27.5Hz_sma3nz_amean,F0semitoneFrom27.5Hz_sma3nz_stddevNorm,F0semitoneFrom27.5Hz_sma3nz_percentile20.0,F0semitoneFrom27.5Hz_sma3nz_percentile50.0,F0semitoneFrom27.5Hz_sma3nz_percentile80.0,F0semitoneFrom27.5Hz_sma3nz_pctlrange0-2,F0semitoneFrom27.5Hz_sma3nz_meanRisingSlope,F0semitoneFrom27.5Hz_sma3nz_stddevRisingSlope,F0semitoneFrom27.5Hz_sma3nz_meanFallingSlope,F0semitoneFrom27.5Hz_sma3nz_stddevFallingSlope,loudness_sma3_amean,loudness_sma3_stddevNorm,loudness_sma3_percentile20.0,loudness_sma3_percentile50.0,loudness_sma3_percentile80.0,loudness_sma3_pctlrange0-2,loudness_sma3_meanRisingSlope,loudness_sma3_stddevRisingSlope,loudness_sma3_meanFallingSlope,loudness_sma3_stddevFallingSlope,spectralFlux_sma3_amean,spectralFlux_sma3_stddevNorm,mfcc1_sma3_amean,mfcc1_sma3_stddevNorm,mfcc2_sma3_amean,mfcc2_sma3_stddevNorm,mfcc3_sma3_amean,mfcc3_sma3_stddevNorm,mfcc4_sma3_amean,mfcc4_sma3_stddevNorm,jitterLocal_sma3nz_amean,jitterLocal_sma3nz_stddevNorm,shimmerLocaldB_sma3nz_amean,shimmerLocaldB_sma3nz_stddevNorm,HNRdBACF_sma3nz_amean,HNRdBACF_sma3nz_stddevNorm,logRelF0-H1-H2_sma3nz_amean,logRelF0-H1-H2_sma3nz_stddevNorm,logRelF0-H1-A3_sma3nz_amean,logRelF0-H1-A3_sma3nz_stddevNorm,F1frequency_sma3nz_amean,F1frequency_sma3nz_stddevNorm,F1bandwidth_sma3nz_amean,F1bandwidth_sma3nz_stddevNorm,F1amplitudeLogRelF0_sma3nz_amean,F1amplitudeLogRelF0_sma3nz_stddevNorm,F2frequency_sma3nz_amean,F2frequency_sma3nz_stddevNorm,F2bandwidth_sma3nz_amean,F2bandwidth_sma3nz_stddevNorm,F2amplitudeLogRelF0_sma3nz_amean,F2amplitudeLogRelF0_sma3nz_stddevNorm,F3frequency_sma3nz_amean,F3frequency_sma3nz_stddevNorm,F3bandwidth_sma3nz_amean,F3bandwidth_sma3nz_stddevNorm,F3amplitudeLogRelF0_sma3nz_amean,F3amplitudeLogRelF0_sma3nz_stddevNorm,alphaRatioV_sma3nz_amean,alphaRatioV_sma3nz_stddevNorm,hammarbergIndexV_sma3nz_amean,hammarbergIndexV_sma3nz_stddevNorm,slopeV0-500_sma3nz_amean,slopeV0-500_sma3nz_stddevNorm,slopeV500-1500_sma3nz_amean,slopeV500-1500_sma3nz_stddevNorm,spectralFluxV_sma3nz_amean,spectralFluxV_sma3nz_stddevNorm,mfcc1V_sma3nz_amean,mfcc1V_sma3nz_stddevNorm,mfcc2V_sma3nz_amean,mfcc2V_sma3nz_stddevNorm,mfcc3V_sma3nz_amean,mfcc3V_sma3nz_stddevNorm,mfcc4V_sma3nz_amean,mfcc4V_sma3nz_stddevNorm,alphaRatioUV_sma3nz_amean,hammarbergIndexUV_sma3nz_amean,slopeUV0-500_sma3nz_amean,slopeUV500-1500_sma3nz_amean,spectralFluxUV_sma3nz_amean,loudnessPeaksPerSec,VoicedSegmentsPerSec,MeanVoicedSegmentLengthSec,StddevVoicedSegmentLengthSec,MeanUnvoicedSegmentLength,StddevUnvoicedSegmentLength,equivalentSoundLevel_dBp,labels,filename,utt_label
0,33.09183,0.103238724,30.549425,33.99157,36.267902,5.7184772,47.126858,20.188972,45.034546,40.15775,0.368958,0.8380116,0.13218535,0.23682031,0.55695283,0.4247675,5.23071,2.8593106,5.0274153,3.3845801,0.14125414,1.1796232,22.101574,0.44452554,-1.0636282,-11.037471,18.777575,0.5263579,-7.613123,-0.96232706,0.02779291,1.7008317,1.1669666,0.6967779,7.0142756,0.36759943,11.33531,0.9086349,24.369692,0.26301453,576.79553,0.4203438,1297.4109,0.16941343,-167.97923,-0.40629536,1644.4568,0.13604397,957.28314,0.20900369,-161.52962,-0.4396496,2696.9102,0.09956877,937.28644,0.28509006,-162.57574,-0.42477515,-13.374289,-0.40592653,22.14171,0.29841456,0.035360307,0.8533223,-0.009966998,-1.0737108,0.32126963,0.68932885,27.529013,0.3806296,0.47646323,33.956272,22.542818,0.5780602,-6.321176,-1.2149103,-9.483344,17.895407,0.0026701938,0.0007243243,0.09165959,2.3346305,1.768173,0.11444444,0.098105505,0.387,0.4708301,-28.193523,q,Ses01M_script02_1,Ses01M_script02_1_M000
1,32.42513,0.1399055,28.205961,32.040997,36.685772,8.479811,51.050358,38.493732,59.12721,65.68517,0.39680612,0.6920562,0.13332668,0.33255866,0.6150774,0.4817507,5.938073,3.408768,4.2790837,2.7335625,0.17209856,1.0746872,28.540989,0.39492655,-1.8562056,-5.14069,14.216839,0.72804236,-8.856297,-1.2144641,0.025347738,1.3535876,1.1426344,0.5678954,6.997584,0.38858044,4.8763876,1.964518,26.644806,0.3134166,642.55536,0.36175302,1397.6526,0.17815849,-127.66556,-0.7034572,1673.3636,0.1594914,1062.9464,0.23999347,-125.437584,-0.68316185,2789.3145,0.10663249,962.2547,0.34698915,-128.89168,-0.6339263,-15.504284,-0.3909226,27.02652,0.28655294,0.032511625,0.6946338,-0.016718453,-0.86323816,0.2962529,0.67303383,36.478256,0.20267996,-0.9597102,-12.205085,13.440246,1.0501363,-9.994914,-1.4133745,-9.796975,18.654297,0.0018403735,-3.585804e-05,0.0839409,3.3361135,2.0938025,0.1904,0.13811532,0.30136365,0.44908282,-27.450129,q,Ses01M_script02_1,Ses01M_script02_1_M001
2,31.550865,0.06364937,28.885416,31.975962,33.18103,4.2956142,33.961987,0.0,65.58568,26.441673,0.22611657,0.81970024,0.10867818,0.13220373,0.3385201,0.22984193,3.8474498,3.1884005,0.1686672,2.3180146,0.081588954,1.218899,27.62561,0.29529732,-3.8350024,-1.4326668,15.354576,0.40619427,-5.424396,-1.1958593,0.031530425,0.9275805,1.2030247,0.68520147,5.571974,0.34243664,-2.7369494,-2.3014252,18.64162,0.31445795,538.76117,0.31985223,1367.4198,0.15269333,-177.40128,-0.3356762,1622.2067,0.11181113,969.7115,0.23937277,-177.5877,-0.32146335,2655.8135,0.11006339,1018.4854,0.07873648,-178.15675,-0.31250766,-13.333988,-0.23939626,21.529758,0.23264372,0.028561637,0.7627129,-0.015174146,-1.1904262,0.2442624,0.5266797,36.15491,0.10004645,-9.1058035,-0.67797416,18.668781,0.539836,-1.8588977,-5.8089075,-11.771392,20.73031,-0.0053284937,-0.00028881826,0.053608276,2.1739132,1.6759777,0.06666666,0.041096095,0.50333333,0.3318969,-34.245182,ans,Ses01M_script02_1,Ses01M_script02_1_F000
3,38.54023,0.087394625,35.70394,38.187023,41.604588,5.900646,59.26208,47.838947,74.47504,42.204384,0.47765028,1.1349288,0.12467798,0.21994086,0.75272226,0.6280443,12.272123,7.8880754,9.677859,6.4922276,0.29777196,1.7660589,23.245089,0.3294156,-6.4691267,-1.4976001,11.580032,0.7253921,-11.687916,-0.84195566,0.023842657,0.90140265,1.5210263,0.6733524,7.9006624,0.4055832,15.663944,0.49571702,28.840677,0.28604856,679.9246,0.32165223,1403.6616,0.21781363,-173.40509,-0.3662404,1695.4299,0.12794375,1068.2162,0.1872196,-166.1514,-0.41130838,2777.1018,0.08094111,893.42346,0.26948756,-167.71655,-0.38867587,-14.4291315,-0.38640884,24.934168,0.23639983,0.047207993,0.55035055,-0.015742043,-0.7993713,0.786938,0.7774971,25.569368,0.34191945,-1.4632858,-9.057537,6.719274,1.8305407,-16.50663,-0.83766323,-8.79667,18.179941,0.004860595,-0.0017428492,0.18606482,1.832994,1.4403293,0.12428571,0.037742414,0.63666666,0.4246829,-21.690182,q,Ses01M_script02_1,Ses01M_script02_1_M002
4,28.916626,0.17064323,25.779991,29.56522,33.62329,7.8433,116.389885,132.79868,55.36421,31.227488,0.26518846,0.80602896,0.11123043,0.14733702,0.4292861,0.31805566,4.7177496,3.580296,4.002532,2.8418076,0.104068905,1.1610695,29.790785,0.35462967,0.68161225,10.562464,12.871747,0.8400212,-8.73347,-0.81862426,0.028524904,1.4608723,1.2409694,0.69795907,5.4688263,0.60396445,6.0289826,3.5542047,31.342472,0.24014007,666.5002,0.3518109,1339.2611,0.11520547,-144.3623,-0.5847917,1713.3411,0.16485439,1125.8623,0.21041577,-144.9477,-0.5507864,2828.1545,0.09696242,1013.9916,0.24558587,-148.38832,-0.5030457,-16.445955,-0.39124244,32.422104,0.20818508,0.018701673,1.1992192,-0.021375839,-0.7100852,0.19648644,0.71820056,40.221672,0.1961104,2.2603664,3.9469175,5.284638,2.988492,-11.296644,-0.8773541,-12.281022,22.561562,-0.0036645702,-0.0006185923,0.063043974,2.4,1.891892,0.15571427,0.14927033,0.3075,0.28547108,-31.567041,ans,Ses01M_script02_1,Ses01M_script02_1_M003
5,27.924944,0.1372558,23.860916,31.44236,31.542442,7.681526,808.31604,0.0,3.7111266,2.2751026,0.17747754,0.49608395,0.10958664,0.13749686,0.2440167,0.13443007,1.0964,0.6056134,0.59560627,0.28159875,0.042622715,0.51571995,26.216652,0.29893395,-1.9394737,-2.744099,18.01979,0.3084053,-10.030738,-0.68388945,0.01716224,0.62942404,1.2835709,0.44205388,5.5050125,0.5172667,11.847456,0.6384681,30.054518,0.29601377,782.76514,0.27218592,1454.4904,0.1416433,-166.3899,-0.42647606,1743.3485,0.14324978,1281.3009,0.24405946,-167.3189,-0.4021641,2837.0059,0.08623442,863.44824,0.30826685,-168.63612,-0.38319588,-17.854767,-0.23711301,29.52163,0.18893762,0.0026086792,6.8047285,-0.011774265,-1.0130355,0.082852565,0.25726172,35.74396,0.14578624,4.6843996,1.1452256,16.909771,0.3792426,-13.819435,-0.8224396,-10.306046,18.756048,-0.006239687,0.004948276,0.034307897,1.1627908,1.1976048,0.14999999,0.01,0.66499996,0.45499998,-40.596172,b,Ses01M_script02_1,Ses01M_script02_1_F001
6,28.154907,0.20267023,22.984055,27.103834,31.684607,8.700552,95.69207,87.28567,39.05366,28.504011,0.35177577,0.96178216,0.10695978,0.18489416,0.57473785,0.46777806,6.524876,4.874034,6.033051,3.9268572,0.1581744,1.4032347,31.168573,0.25240102,-4.2998776,-2.082175,12.95008,0.91708535,-11.550581,-1.0014503,0.023132626,1.0600058,1.3270171,0.53611034,4.2288456,0.6033999,4.387245,2.6569781,23.648348,0.45082766,617.70026,0.40630734,1323.9637,0.19377796,-132.56435,-0.68627125,1644.193,0.19348925,1024.3217,0.2822981,-132.72406,-0.6551483,2722.0386,0.12081209,908.5974,0.26008773,-135.39545,-0.6169196,-12.89124,-0.36948022,24.894072,0.29807633,0.026292397,0.93972534,-0.02075369,-0.68246526,0.3208734,0.86032134,36.587456,0.21339937,-6.3949137,-1.9342488,9.874791,1.7024363,-17.10462,-0.92012966,-12.1151705,22.43455,-0.0006984982,-0.0018495005,0.066062026,2.4217963,2.0283976,0.16950001,0.10389778,0.30249998,0.3762828,-27.774252,o,Ses01M_script02_1,Ses01M_script02_1_M004
7,32.38152,0.19263817,25.400455,33.294918,39.25357,13.853115,245.71423,441.4516,123.80934,145.05585,0.48369154,1.0030409,0.11068882,0.28296605,0.80602443,0.6953356,4.0908175,2.708756,3.2308877,1.8998513,0.18084444,1.352624,27.201792,0.4370372,-5.5905275,-2.5826876,9.000191,1.5594505,-14.406319,-1.0487268,0.01486901,1.4925522,1.0304252,0.7054185,7.405672,0.63339007,4.0957036,2.4122767,24.729597,0.37070563,685.908,0.3622659,1272.6646,0.1882434,-132.62347,-0.70736575,1772.477,0.19546935,962.88885,0.28714114,-129.24345,-0.69680333,2825.4224,0.12460207,951.9574,0.30850413,-131.8775,-0.65662813,-12.897852,-0.69887835,23.888868,0.29268497,0.039946727,0.5933712,-0.027244978,-0.82933223,0.38004383,0.7714552,35.092384,0.22511996,-8.788672,-2.1677756,2.8831625,6.4892735,-23.571653,-0.8335083,-9.237978,18.635975,-0.0014996777,0.0009952871,0.059378,1.3047531,1.0299627,0.35999998,0.57684094,0.64699996,0.9012885,-22.089575,q,Ses01M_script02_1,Ses01M_script02_1_M005
8,28.524563,0.11448701,25.403986,29.917482,31.392912,5.988926,11.190955,21.112085,14.772362,1.1334386,0.29561168,0.89844334,0.111002244,0.19035068,0.42501572,0.31401348,3.4727209,1.9542023,2.8131661,1.6743962,0.09210064,1.1437701,26.663216,0.43142372,-6.5119367,-1.4349079,12.856094,0.76178426,-8.250684,-0.9189725,0.019356664,1.245236,1.3986698,0.56639737,4.989691,0.4540589,0.48671404,21.323168,18.215319,0.60942584,563.6844,0.37295505,1273.7694,0.12030467,-166.34756,-0.43207955,1563.5906,0.17627557,1060.0364,0.2442292,-165.49184,-0.4320457,2606.172,0.12578914,917.16754,0.23871212,-167.34674,-0.4049753,-9.306295,-0.48930454,22.425909,0.25804585,0.021561278,0.86798596,-0.015128642,-0.8101412,0.2520995,0.54037094,39.334385,0.18653825,-13.202697,-0.9270864,6.0918636,2.5073683,-7.2991185,-1.2488803,-8.860813,18.78819,-0.003555969,0.0020369126,0.056081057,2.195946,1.1925043,0.14714286,0.11852838,0.58625,0.7891758,-31.98963,ans,Ses01M_script02_1,Ses01M_script02_1_M006
9,35.287964,0.17424244,29.238817,33.812775,43.95983,14.721014,30.067608,0.0,-63.751072,0.0,0.21455966,0.646466,0.11001312,0.14554526,0.3499891,0.23997596,1.616682,0.96993375,1.2977102,0.8677511,0.06672165,1.0057787,28.168629,0.24209045,-6.8411264,-1.1181043,9.535231,1.0274156,-14.231982,-0.7169639,0.04216379,1.0701149,1.3081766,0.39005736,3.9278305,0.9478534,2.619321,2.9434674,23.711382,0.40766633,621.0494,0.26440215,1410.1686,0.08558589,-168.65254,-0.4079217,1577.8147,0.09926371,1129.787,0.12040336,-165.45456,-0.41926357,2759.0786,0.06452685,1035.1433,0.4450961,-167.61633,-0.38775882,-10.742131,-0.32535902,26.240028,0.24264558,0.026939513,0.47586274,-0.011637957,-0.9004384,0.1426961,0.584202,33.026848,0.21609446,-8.4554615,-1.2569699,-2.5524235,-2.7662055,-27.607323,-0.3694035,-10.421182,20.873102,-0.00026621026,0.00053910696,0.049896855,2.0408163,2.094241,0.08,0.035355337,0.29999998,0.24190907,-38.666206,q,Ses01M_script02_1,Ses01M_script02_1_F002
10,33.41753,0.1631516,29.322935,34.59107,38.511078,9.188143,79.26531,27.985712,27.11066,16.010912,0.46707612,0.7834669,0.11397379,0.42106852,0.7827255,0.6687517,4.7064204,3.1345582,5.9536276,3.274126,0.21907997,0.97170055,30.830042,0.3774142,-0.3309169,-34.552307,10.750385,0.9747387,-13.222196,-0.8901503,0.023384066,1.005425,1.0720656,0.616766,6.60609,0.548389,7.864347,1.1474864,29.461422,0.28563628,650.77313,0.3382085,1352.4092,0.14548099,-121.128105,-0.7585146,1710.5461,0.18528189,1118.0111,0.27016088,-113.023094,-0.77119905,2795.5146,0.10447824,957.6229,0.24289744,-117.21916,-0.70609534,-14.605815,-0.5082699,27.44255,0.2797613,0.033508938,0.6976932,-0.021092912,-0.80610335,0.3721394,0.5191421,36.334312,0.26802513,-0.28751966,-49.62018,5.956915,2.0854733,-18.74554,-0.69925195,-11.9161825,21.90802,-0.0029088669,-0.0008737254,0.077747,2.3923447,1.9370459,0.24249999,0.18012148,0.28571427,0.2384987,-25.819742,ans,Ses01M_script02_1,Ses01M_script02_1_M007
11,38.650944,0.23446602,30.1198,33.197784,51.84969,21.729889,26.789803,12.318203,78.522095,0.0,0.24753276,0.6920202,0.10710719,0.14165668,0.3913893,0.28428212,2.2858098,1.0214056,2.2103949,1.1646869,0.0807834,0.9130366,30.025213,0.18620475,-7.343891,-1.143355,9.602924,0.8975445,-13.640804,-0.70014167,0.01784139,0.5626703,1.5346212,0.43524015,6.270072,0.5965488,4.075763,2.2757046,20.139296,0.3408701,602.6601,0.33411172,1425.1268,0.12656626,-162.65393,-0.4523424,1537.2283,0.1047695,1114.5629,0.24999133,-153.17737,-0.50876015,2668.6665,0.09194461,842.93274,0.32232714,-156.75017,-0.4596103,-9.472579,-0.3546929,24.171936,0.15431592,0.026544508,0.5466297,-0.012036468,-0.7823914,0.15343896,0.43963543,32.681046,0.21874818,-12.752604,-0.7152883,-0.2944094,-24.29066,-21.296648,-0.47226444,-11.719038,22.779413,-0.00095068396,-0.0027372297,0.058611657,1.8939395,2.7027028,0.08142857,0.047034506,0.2657143,0.32784393,-36.479664,dag,Ses01M_script02_1,Ses01M_script02_1_F003
12,36.044758,0.0494701,34.221306,37.100113,37.92375,3.702446,35.862446,0.0,-26.54543,0.0,0.16884224,0.7663653,0.10612418,0.111882634,0.15012117,0.04399699,1.5099937,1.6034276,1.9906833,0.85012347,0.059409607,1.1494772,28.894913,0.15527296,-0.03821012,-201.11073,15.377202,0.25364512,-5.8745937,-0.86162084,0.023096928,0.77364933,1.8294067,0.6585381,9.722887,0.17989537,22.301313,0.14596212,27.252407,0.18881774,458.32913,0.562098,1269.5645,0.109094664,-189.85594,-0.21497458,1446.4679,0.20059769,953.3253,0.17870346,-183.9604,-0.27013117,2471.0393,0.09893402,719.4105,0.213229,-184.77394,-0.2550574,-15.396667,-0.26515538,24.5412,0.2031513,0.019686176,1.0606952,0.0053464337,0.8427642,0.15822874,0.3740135,29.477127,0.42831668,5.372888,1.9023342,18.935764,0.3039827,-2.4252546,-4.657259,-13.75449,23.720768,-0.0043917745,0.0011765241,0.050354913,1.0869566,1.1173185,0.074999996,0.005,0.53,0.36083236,-35.935127,q,Ses01M_script02_1,Ses01M_script02_1_M008
13,41.048046,0.120542474,38.502586,40.793198,43.4993,4.9967117,106.503456,38.52858,62.837715,67.0752,0.40106145,0.64020306,0.11631456,0.39000416,0.62244105,0.5061265,6.2189713,2.758905,3.4603677,1.1403435,0.16382127,0.83592194,29.700083,0.19975676,-13.938417,-0.9629911,7.64113,1.4786881,-14.170091,-0.8358573,0.035537727,1.1116245,1.3985746,0.37351453,4.2780843,0.7570349,8.056973,1.5518368,18.316858,0.43031132,699.0225,0.31074056,1390.2567,0.12934169,-150.44809,-0.5380396,1689.4329,0.10046179,1109.5808,0.22610614,-142.87566,-0.5702525,2730.8,0.07679131,930.7093,0.2721799,-145.36827,-0.5361583,-6.301493,-1.1580857,19.045078,0.27684033,0.02437232,0.9154374,-0.008668244,-1.876972,0.2216336,0.5468974,27.929281,0.21945088,-20.612644,-0.714728,6.3010645,1.9218092,-19.178497,-0.6052387,-10.416389,21.873646,0.015227605,-0.0051398533,0.13666151,2.8673835,3.2846715,0.08333333,0.037712358,0.2225,0.19207746,-31.884962,ans,Ses01M_script02_1,Ses01M_script02_1_F004
14,35.85487,0.16013536,29.780668,34.279575,42.190346,12.4096775,72.54623,0.0,26.091778,2.1581411,0.412287,0.7321175,0.14835133,0.3174002,0.6482858,0.4999345,8.515393,5.2771325,1.8698152,2.4584956,0.20228054,1.0380183,32.110416,0.4068103,-3.085721,-3.422485,10.891647,1.422756,-20.536194,-0.55509156,0.020895163,0.9313913,1.6179668,0.7415747,7.4290943,0.30311134,1.4239985,6.9448605,14.762642,1.1247075,732.8739,0.3851421,1307.8112,0.13933972,-156.0452,-0.49269408,1735.0404,0.16927734,1003.24976,0.3763135,-154.23302,-0.48707336,2764.4358,0.08780129,985.5942,0.24814259,-154.91629,-0.4785479,-14.392187,-0.43005496,24.390827,0.35742608,0.03442031,0.6319008,-0.024772761,-0.9217164,0.2683799,0.5565005,30.904902,0.44964623,-1.0060457,-8.898563,18.588705,1.2580107,-27.901789,-0.4303728,-11.469743,23.403831,0.012995566,-0.014334291,0.17358592,3.2258065,2.2222223,0.107499994,0.054025456,0.3225,0.17893784,-27.801176,ag,Ses01M_script02_1,Ses01M_script02_1_M009
15,38.043446,0.10617551,35.157715,37.01005,42.120846,6.963131,134.87115,268.04648,19.572412,9.965562,0.47621164,0.5267726,0.2567823,0.44675338,0.66105425,0.40427196,5.4534817,2.426473,2.2844827,1.4548163,0.18855461,0.8974117,26.757225,0.39884523,-8.481035,-1.5437192,11.458778,1.4489812,-16.353415,-0.76204544,0.017937303,0.9685464,1.1954088,0.44815135,6.7972827,0.47505176,6.742933,1.7322406,17.344149,0.6859296,683.2721,0.3751915,1425.2638,0.15059717,-118.661736,-0.7728012,1661.1471,0.13523896,1060.9407,0.27598903,-104.93141,-0.8516156,2719.9739,0.08827081,1040.2416,0.32219914,-108.57392,-0.7892631,-10.446136,-0.517118,21.151443,0.36563584,0.03160526,0.56268984,-0.010705103,-1.0424174,0.22892518,0.5778643,29.171331,0.3234268,-12.039856,-1.0407135,12.701074,1.4619666,-18.652607,-0.62760353,-7.855865,16.149866,0.019404791,-0.0066957693,0.14225444,3.846154,2.37581,0.20727271,0.23069425,0.17666666,0.14573568,-29.005816,q,Ses01M_script02_1,Ses01M_script02_1_F005
16,28.742815,0.09654061,26.151623,29.056732,31.102806,4.9511833,56.46442,51.611637,55.028095,40.91494,0.40125152,0.7505135,0.12547347,0.31679538,0.63623154,0.51075804,5.111945,3.0620954,3.500235,2.0787401,0.15135576,1.0257999,27.208397,0.44336748,-3.895003,-3.0735228,13.126472,1.0659552,-13.504437,-0.7711739,0.016920567,1.0277386,1.4330261,0.79021645,5.1298003,0.52046186,0.068897955,167.89804,20.653946,0.5512966,596.9807,0.44605532,1337.5946,0.16070256,-133.00412,-0.6669741,1611.527,0.19974375,1079.1295,0.22047038,-132.40137,-0.6455235,2677.167,0.118481755,961.866,0.33032364,-135.3854,-0.6024228,-11.914579,-0.48795578,24.475422,0.2846163,0.027239507,0.73423886,-0.016377851,-0.9661171,0.25948316,0.53832525,35.319366,0.2576515,-5.738261,-2.5399065,9.120653,2.052031,-15.634537,-0.86502165,-8.481538,17.71221,0.0027877395,-0.000604947,0.09102392,3.3674965,2.9498527,0.11449999,0.0731078,0.2261111,0.28979185,-28.811005,ans,Ses01M_script02_1,Ses01M_script02_1_M010
17,33.16024,0.068744734,32.552994,33.303307,34.526993,1.973999,168.76175,98.07601,55.99719,49.47587,0.20579757,0.63275075,0.11226994,0.13231674,0.3289709,0.21670097,3.596786,1.988245,2.895999,1.964484,0.06042304,0.93448615,24.519987,0.39145046,-3.0025213,-2.3461015,14.538721,0.5264552,-9.750118,-0.6313909,0.037595045,1.0042233,1.5478779,0.54862183,6.812045,0.44386712,6.2597575,1.3856391,25.387983,0.41347957,612.7238,0.3291687,1417.9567,0.117945656,-181.20033,-0.30414128,1673.0026,0.1284604,1156.5077,0.15321422,-181.20709,-0.2897286,2670.1267,0.07726735,1095.1082,0.27349353,-181.83694,-0.2792482,-15.34226,-0.47126132,25.115131,0.3265041,0.014745946,0.9595161,-0.0051098145,-2.5586271,0.15748003,0.4584066,34.152725,0.19449162,-0.5382939,-22.005117,16.310358,0.6338882,-1.969062,-3.6438212,-9.875494,19.108627,-0.0018918818,-0.00057435414,0.048844032,3.0828516,1.1673152,0.086666666,0.059348315,0.6414286,1.0559956,-37.957893,s,Ses01M_script02_1,Ses01M_script02_1_M011
18,33.86684,0.16583906,28.482494,33.878864,40.398773,11.916279,82.76766,41.98207,85.99852,133.27452,0.32580045,0.81118786,0.109736875,0.19972496,0.529951,0.42021412,5.172379,3.0011249,4.366061,2.6700163,0.13866098,1.207121,28.421124,0.36712742,0.8565305,10.7203,11.139093,0.9896091,-13.870964,-0.8381749,0.027661702,1.8991628,1.113513,0.6639963,7.472283,0.50903565,6.320121,1.6095319,28.619446,0.29416746,675.26117,0.32977802,1338.0844,0.1861689,-142.22516,-0.60270846,1698.4062,0.16821812,1135.6781,0.25577417,-137.97401,-0.59476435,2774.6523,0.10178217,912.8663,0.35232764,-140.13329,-0.5644135,-16.698015,-0.4308878,28.566193,0.2595393,0.033537924,0.6257034,-0.022665363,-0.90050155,0.2703445,0.6657256,36.038677,0.23357606,1.1140196,10.7183695,5.085088,2.749416,-19.543959,-0.81829125,-11.551899,21.168196,0.0044608014,-0.0013481425,0.068070784,2.9446409,1.902497,0.176875,0.12533548,0.3275,0.4704187,-28.970804,q,Ses01M_script02_1,Ses01M_script02_1_M012
19,34.301014,0.061033912,32.816486,33.556347,36.90529,4.0888023,107.42095,110.96008,23.993187,14.783358,0.15530504,0.46594945,0.1078562,0.11843132,0.20255485,0.09469865,1.1610626,1.2549521,0.74450463,0.32411844,0.04555394,0.85586077,30.713057,0.13119881,-0.54995555,-9.417681,13.580939,0.5730465,-10.647722,-0.41045853,0.027996678,1.2911351,1.2221093,0.292344,6.1744103,0.44561902,11.232746,0.61840117,29.087671,0.13625288,627.11975,0.2378027,1460.2673,0.1718017,-160.95164,-0.4669004,1693.5577,0.06114856,1076.2463,0.20133711,-161.6975,-0.43571994,2737.806,0.0679041,1056.4768,0.44499943,-163.21753,-0.41446283,-16.840227,-0.24978437,28.148441,0.19964784,0.011904197,1.8463951,-0.0116473045,-0.5635595,0.09201151,0.73330873,32.506313,0.16840856,2.8525336,2.8845356,18.501167,0.6486045,-13.658098,-0.3928959,-12.981496,25.036066,-0.004593853,-0.0022680077,0.03337814,1.6393443,1.6853933,0.12333333,0.08178562,0.45,0.107082516,-40.919193,ans,Ses01M_script02_1,Ses01M_script02_1_F006
20,32.765846,0.053784553,31.3457,32.24254,34.23233,2.886631,39.177826,37.047596,91.24008,148.0547,0.266445,1.0379688,0.10600865,0.118097894,0.41816312,0.31215447,4.730376,3.9908888,4.697493,3.7058983,0.10186131,1.3434751,31.726849,0.20796697,-2.891978,-3.0881858,14.787736,0.5672855,-8.978554,-0.98735577,0.019636663,0.88351214,1.237732,0.6148002,7.1201806,0.37860608,2.0048275,5.299794,24.134834,0.44619128,610.1663,0.34891424,1360.1958,0.15137063,-149.27116,-0.5561847,1691.5176,0.13807917,1080.1581,0.3039291,-150.07242,-0.5243857,2722.1257,0.11574847,1028.0302,0.2434576,-151.67177,-0.50180364,-15.390834,-0.42687082,25.025959,0.30538234,0.03136601,0.63008493,-0.020130891,-0.84465206,0.26075533,0.6465051,37.510937,0.22723225,-3.0943346,-4.6554427,15.824206,0.89639413,-8.741823,-1.7506856,-13.067845,23.55323,-0.0007520959,-0.0009636132,0.039877597,1.9444445,1.3986015,0.19299999,0.14170744,0.55444443,0.5400434,-30.325695,q,Ses01M_script02_1,Ses01M_script02_1_M013
21,32.498634,0.04737447,31.071455,31.746227,34.335228,3.263773,29.20668,2.5695562,13.874107,1.8501128,0.26212043,0.74806243,0.11085104,0.15559168,0.39877057,0.28791952,3.3605943,1.5970895,2.7546363,1.8526896,0.09907577,0.8835656,31.694017,0.20469552,-1.1733556,-5.07765,18.40466,0.39483812,-11.800647,-0.3816356,0.020250704,0.89626557,1.3270837,0.5598537,6.7848773,0.37617126,-0.252766,-28.739664,24.837788,0.30306554,584.5547,0.29316014,1472.6135,0.21431853,-122.61238,-0.7521097,1620.2144,0.12580584,1087.3232,0.22080997,-128.40292,-0.6540279,2719.0137,0.1082283,958.47614,0.27703285,-130.14427,-0.62914175,-16.560247,-0.2947461,24.620321,0.28805995,0.025162984,0.84298986,-0.019487089,-0.53646594,0.18480745,0.45321286,35.557873,0.22713481,0.32172644,25.46947,20.347038,0.4825986,-13.910002,-0.41671258,-13.249288,22.37159,0.0035352064,-0.003556635,0.047844276,3.937008,2.4590163,0.15666667,0.099777535,0.34,0.31,-32.487194,ans,Ses01M_script02_1,Ses01M_script02_1_F007
22,27.874529,0.12940091,24.730032,27.749002,30.868761,6.138729,135.98709,122.75804,66.27083,48.296368,0.32416362,0.7251891,0.119696565,0.24804002,0.49949002,0.37979347,6.382584,5.0433674,4.2453628,3.0129273,0.11340639,1.1684031,25.756163,0.4745306,-4.2547145,-2.165431,12.026773,0.90086323,-9.920964,-0.932712,0.031933036,2.190145,1.3450757,0.7150474,4.577299,0.55963224,2.4821513,3.4552493,20.380753,0.40283167,599.65967,0.37132025,1303.7324,0.14719756,-157.48718,-0.49499202,1597.9529,0.16112746,1047.1022,0.24828401,-157.6917,-0.47810048,2653.3816,0.10031122,920.25726,0.28786033,-159.53244,-0.4517655,-11.077489,-0.4619193,22.923521,0.30867934,0.021613395,1.1040709,-0.015105192,-0.8735144,0.21357612,0.66538334,35.66175,0.29534575,-6.6963124,-1.757191,9.302669,1.7201945,-8.53631,-1.234683,-8.945316,18.299923,0.0040410617,-0.0013024748,0.08378242,2.7570362,1.8433181,0.115624994,0.10775949,0.39424244,0.5396578,-31.990046,o,Ses01M_script02_1,Ses01M_script02_1_M014
23,31.186707,0.07089253,28.673332,31.261332,33.385616,4.712284,31.25093,20.807531,45.15823,31.564484,0.31614578,0.8630568,0.10885177,0.14391996,0.6090697,0.5002179,3.5614715,1.8095534,3.735332,1.6441224,0.11890683,1.0752053,32.022434,0.25474337,-2.604881,-3.4171348,13.71278,0.93584585,-11.087947,-0.9906859,0.015769033,1.1601995,1.0128298,0.60107636,6.3345714,0.41777894,-1.2392566,-7.420749,23.490152,0.41560966,555.595,0.3553569,1393.7717,0.14830355,-133.05614,-0.683523,1612.8657,0.1507663,1092.0139,0.24036023,-132.11156,-0.64890075,2639.925,0.11467244,1105.5375,0.39151356,-134.76756,-0.61237717,-13.598424,-0.43880418,25.870018,0.32011825,0.036441058,0.57250774,-0.02052833,-1.079718,0.24997261,0.48163334,38.82436,0.20734042,-3.581294,-3.368489,11.444177,1.7122256,-13.255336,-1.2253485,-12.7542515,23.133009,9.227788e-05,-0.0014399027,0.042045508,2.1148036,1.8404908,0.195,0.10750969,0.28,0.30128297,-29.813477,q,Ses01M_script02_1,Ses01M_script02_1_M015
24,32.515312,0.00034732185,32.508,32.520554,32.523678,0.015678406,0.0069758096,0.0,0.0,0.0,0.11611896,0.16950378,0.10609122,0.11132967,0.12131815,0.015226923,0.3980722,0.33080816,1.9129401,1.8606232,0.03231616,0.65018666,27.440075,0.09449669,-0.15163735,-14.98092,14.476522,0.24651323,-8.250688,-0.4697817,0.13814186,0.0,1.5697055,0.0,6.9789953,0.020835605,9.722693,0.015771149,18.00153,0.004946551,883.3749,0.059038524,1639.0433,0.014759928,-197.89049,-0.097342886,1689.1876,0.00055821415,1239.352,0.06293834,-197.95422,-0.09535881,2836.4558,0.008235739,1023.7236,0.038094558,-198.09448,-0.09091207,-18.332676,-0.09467966,30.521381,0.08286095,-0.02306201,-0.25763404,-0.008790577,-0.15910037,0.050414413,0.034505308,33.921734,0.020245254,1.6584259,1.2846578,20.807537,0.060454823,0.7654796,2.5799477,-13.6810255,24.783556,-0.007714012,-0.0010544974,0.03229278,1.1560694,0.5952381,0.02,0.0,0.815,0.36499998,-47.977005,ans,Ses01M_script02_1,Ses01M_script02_1_F008
25,32.60879,0.10551576,29.827427,32.798832,35.63932,5.8118935,250.77309,328.96304,31.461927,22.111134,0.74949914,0.5965529,0.22218221,0.74144554,1.1720252,0.949843,9.825261,4.7435064,7.577158,4.053066,0.39757794,0.84343076,27.731104,0.36918408,-5.1956306,-2.4955516,13.232968,1.0092133,-7.277886,-1.5837675,0.025564432,1.079428,1.3088422,0.5777163,5.446328,0.5828483,6.618828,1.8895437,20.104403,0.5189191,661.20483,0.386975,1286.0735,0.1504352,-121.418884,-0.73462373,1667.9143,0.15695769,1064.7095,0.2482628,-116.12931,-0.74316615,2675.4788,0.11511921,999.8806,0.33497483,-118.83124,-0.7015731,-9.241751,-0.59402925,20.408731,0.32812148,0.03948741,0.5683221,-0.013097286,-1.1098955,0.5133802,0.61886525,30.604206,0.27631435,-8.9672365,-1.4960254,11.048751,1.3334851,-8.114975,-1.5893316,-10.277045,19.036379,0.013788094,-0.006545466,0.31041455,4.2735043,3.7572253,0.11230769,0.10054879,0.13384615,0.13470985,-21.846998,o,Ses01M_script02_1,Ses01M_script02_1_M016
26,30.409399,0.12901577,26.632717,30.302341,32.569813,5.9370956,60.107067,51.84211,30.815071,21.5941,0.5281412,0.7742209,0.1277499,0.4193543,0.9032738,0.7755239,8.811006,4.966969,7.891235,4.562805,0.2117285,1.0479271,24.110348,0.39560342,-6.6912465,-1.3871772,15.595774,0.69742393,-10.995223,-0.93166536,0.017311066,1.0911787,1.3178552,0.58532006,4.7515645,0.539542,1.8534724,5.350611,14.943115,0.48020852,571.17523,0.422652,1296.5134,0.15105513,-128.48744,-0.7254807,1595.9794,0.1746649,917.192,0.22366326,-121.16499,-0.75322974,2618.8484,0.11371561,851.2177,0.2917268,-122.50318,-0.7316869,-10.06374,-0.37297615,18.228031,0.2628284,0.03841352,0.46210817,-0.012995711,-1.1415201,0.39165717,0.56982994,29.538597,0.25650802,-11.339397,-1.0107957,17.336664,0.86920786,-15.2900305,-0.8541071,-8.09965,16.598034,0.006210089,0.0036841384,0.083865896,3.4013608,1.3761468,0.29666665,0.3112698,0.35,0.4760252,-26.385454,o,Ses01M_script02_1,Ses01M_script02_1_M017
27,33.98875,0.08396017,32.466988,34.46712,36.821117,4.35413,34.507076,18.778528,22.606358,1.5481377,0.24283864,0.4601434,0.14302152,0.201111,0.36244777,0.21942624,1.7773616,0.782022,0.9362859,0.31455448,0.06871512,0.53102624,26.310413,0.26372582,-1.9398841,-3.888232,14.603404,0.54727906,-5.784118,-1.5146966,0.022871723,0.6208197,1.2447594,0.4034787,6.1741576,0.3016027,9.544445,0.8423297,25.463701,0.29530925,657.58044,0.3997438,1312.5629,0.13544983,-153.22478,-0.5105036,1693.903,0.14364684,1243.1617,0.47815403,-150.55124,-0.4993473,2676.2332,0.10380087,1061.044,0.19891566,-152.00313,-0.48020086,-15.888772,-0.1895213,24.677258,0.16231307,0.019325977,1.1849827,-0.013761244,-0.75520355,0.098351,0.33077437,30.60247,0.18961391,1.3679744,3.1117456,13.37332,0.61968035,-8.570068,-1.2249371,-10.38086,19.060078,0.0027635898,0.001025437,0.058228992,2.6431718,2.7027028,0.095,0.094824396,0.21714285,0.2700642,-38.596657,o,Ses01M_script02_1,Ses01M_script02_1_F009
28,30.43594,0.19798881,25.830078,28.77835,33.984818,8.154739,35.475998,21.212183,5.1852436,15.425182,0.3779738,0.6029605,0.11881034,0.35076824,0.6036903,0.48487997,4.31477,2.3771496,4.2725635,1.8865583,0.14370382,0.8517164,33.341805,0.23662761,-2.2856338,-2.880797,16.428516,0.97418505,-4.4996166,-2.7882102,0.02729882,1.5423394,1.0222946,0.74500024,7.1311345,0.36106524,8.031211,1.0452487,24.868416,0.28426096,615.43854,0.40063053,1371.4071,0.15672477,-95.60304,-0.9597289,1621.3148,0.15785821,1057.574,0.2770634,-96.0774,-0.90817654,2713.0933,0.12092957,1005.21936,0.3129385,-101.133896,-0.81962794,-13.732495,-0.34006524,24.269444,0.2778712,0.025905436,0.7582695,-0.016171671,-0.8210242,0.18553893,0.5333084,37.928238,0.16511202,-3.6989636,-2.1019542,15.301703,1.2603111,-4.13306,-3.7539592,-13.404038,23.874483,-0.0022451205,-0.00012454123,0.0932795,3.5714285,2.1818182,0.25333333,0.17876115,0.15714285,0.21571901,-28.777689,o,Ses01M_script02_1,Ses01M_script02_1_M018
29,27.464333,0.046658214,26.262619,27.44712,28.440712,2.178093,76.3994,133.7029,18.285326,9.483018,0.40493888,0.60583556,0.15251786,0.34754705,0.6443892,0.49187136,3.7700453,2.912604,3.7731078,3.1408906,0.12116753,0.7915564,29.71432,0.39743942,-1.8320122,-7.0841026,18.724257,0.621288,-5.390882,-1.6220132,0.014918221,1.2135787,0.99327767,0.698607,6.3603835,0.27641633,0.38250566,13.8050785,22.768085,0.41101488,586.1331,0.43607366,1264.9596,0.16208777,-88.97945,-1.0519246,1590.631,0.16727701,974.6441,0.24552484,-93.7958,-0.9393833,2657.4443,0.118285164,858.0531,0.23052591,-97.488525,-0.8739402,-12.647238,-0.36362797,23.534594,0.27540737,0.030581271,0.6116831,-0.007050672,-1.7093546,0.16021563,0.5429278,36.13835,0.22219758,-4.9876323,-2.6289003,19.702978,0.6634152,-5.1854725,-1.9391412,-10.293903,19.32367,-0.002215609,0.0020181665,0.07342518,3.3536587,2.4767802,0.2225,0.17115417,0.15875,0.20478265,-29.818163,o,Ses01M_script02_1,Ses01M_script02_1_M019
30,30.219164,0.09730648,28.13192,28.792648,34.96868,6.8367615,1.3165474,0.0,30.173613,0.0,0.16252278,0.27087438,0.124589466,0.15519212,0.18828826,0.06369879,1.5066259,0.66335934,0.6248478,0.5685346,0.037479,0.32706192,23.87774,0.28653595,-1.665253,-4.3446517,11.442614,0.46998328,-12.353037,-0.5625701,0.021886604,1.0753007,1.2045181,0.33996892,3.7948937,0.9362937,0.8227655,9.864202,25.775028,0.0839629,709.66785,0.19030043,1414.5592,0.18700948,-174.34224,-0.36203998,1730.054,0.16146013,1259.349,0.18624441,-175.24568,-0.33645463,2759.7654,0.09313254,924.5289,0.15508305,-176.23537,-0.3212195,-17.291271,-0.18966402,29.51164,0.1529266,0.0038772984,1.7403016,-0.015424282,-0.87234,0.047281276,0.14412805,33.61773,0.05062895,3.8903124,0.98015434,5.8301167,1.0992552,-20.350586,-0.55041546,-10.260764,20.220167,-0.00075345,0.001288097,0.036041826,4.188482,1.6129032,0.08,0.016329931,0.3875,0.2786014,-45.783222,s,Ses01M_script02_1,Ses01M_script02_1_F010
31,32.62525,0.10811628,29.937006,31.1268,35.130455,5.193449,52.690163,69.38467,29.752808,7.5337043,0.50145566,0.6822987,0.15945835,0.42785975,0.7958404,0.63638204,5.9478416,4.6759152,5.2127433,2.5936146,0.1939474,0.84569865,27.81585,0.376288,-9.375029,-1.2907201,19.548635,0.79551816,-12.904216,-0.9010168,0.016553128,0.9419308,1.2039628,0.5900228,6.374032,0.38618967,3.79568,3.8754375,19.790787,0.517397,646.4205,0.35893074,1305.5193,0.12869303,-119.565414,-0.7792439,1734.2429,0.12435521,958.6537,0.22211665,-116.56243,-0.7578673,2741.0605,0.0934319,1143.8113,0.40491268,-118.15796,-0.7321778,-11.723149,-0.61170715,21.145683,0.35016897,0.029295983,0.6603558,-0.018459408,-0.8334449,0.30001223,0.51428676,32.864742,0.28809404,-9.926388,-1.5411286,18.558903,1.0767515,-13.43713,-1.1774852,-8.385084,15.696451,0.012033568,-0.004888904,0.10511437,3.1358886,2.1276596,0.20666665,0.15162086,0.24333334,0.30070287,-27.165716,q,Ses01M_script02_1,Ses01M_script02_1_M020
32,35.031178,0.09432555,31.306711,34.98459,37.81076,6.5040493,24.7916,35.823692,27.018295,6.0219073,0.25074372,0.71866655,0.11304501,0.19017635,0.35289866,0.23985365,3.0169427,2.01313,1.7893409,1.2464174,0.08409934,0.7914481,32.481716,0.19791013,-3.212986,-3.4007988,11.902786,0.9188372,-14.146151,-0.5386371,0.01965625,0.825743,1.3521518,0.3410172,5.311525,0.36019757,6.1222363,1.6613717,25.818377,0.34263715,618.8001,0.28641176,1473.3553,0.18018372,-131.66815,-0.6850388,1606.2974,0.122855864,1162.3076,0.23016346,-130.36433,-0.6628653,2713.7976,0.08316411,1046.0067,0.32766196,-134.57849,-0.6028525,-11.972238,-0.5200866,26.149343,0.30615926,0.019750722,1.0308852,-0.013566522,-0.9091497,0.12272512,0.5417693,34.782066,0.21251555,-7.6201625,-1.8298612,5.64289,1.9556127,-18.86875,-0.4180633,-15.603564,26.17428,-0.005399224,-0.00960027,0.06195031,1.7730497,2.166065,0.16666666,0.10338708,0.23428571,0.2625075,-36.274548,c,Ses01M_script02_1,Ses01M_script02_1_F011
33,35.91384,0.15456775,30.498476,37.053402,40.251,9.752523,67.682434,29.511747,153.5105,237.11047,0.4293698,0.7243701,0.10748336,0.43072185,0.73115087,0.6236675,5.7177515,2.7696319,4.9681034,2.8865225,0.19117552,0.8969497,32.973038,0.2614423,-5.1776233,-1.8070499,12.160596,1.0278419,-11.509455,-1.0177325,0.021419642,1.1551093,1.1757749,0.65240014,7.5832705,0.4212357,7.361759,1.4503617,23.108902,0.3802949,643.52075,0.35047528,1427.9706,0.20962624,-124.26101,-0.72788256,1640.6791,0.1529074,1087.5695,0.27033436,-113.875854,-0.7725964,2705.1633,0.09830282,935.07477,0.32562086,-117.5816,-0.71560454,-12.460173,-0.38374913,24.1384,0.26799917,0.037455626,0.58210766,-0.01536414,-0.8201401,0.30812514,0.4858957,36.625008,0.2407209,-9.760053,-0.9840059,9.367758,1.7537575,-14.154309,-0.93604904,-14.769308,26.277122,-0.005199363,-0.002971142,0.08497671,3.0598052,2.2440393,0.2025,0.18869619,0.2723077,0.42970747,-27.352793,q,Ses01M_script02_1,Ses01M_script02_1_M021
34,38.95746,0.17013875,35.209793,38.416405,43.84455,8.634758,113.921715,0.0,108.79324,115.463104,0.28976354,0.6702929,0.10916634,0.22296381,0.49696952,0.3878032,2.9334016,1.7593075,1.8836428,0.8323796,0.12348769,0.90904146,33.435345,0.16533107,-7.5752425,-1.1262136,13.665805,0.8092677,-11.903333,-1.0194094,0.025698995,0.82984173,1.6141244,0.51901186,8.009386,0.51370704,10.0333185,1.1749878,25.334007,0.2658109,643.19684,0.25694433,1366.6946,0.13140005,-164.54189,-0.4355394,1691.1793,0.12028228,990.98145,0.20530443,-159.27907,-0.44538063,2739.4895,0.08670434,919.4585,0.3112739,-161.06998,-0.42092142,-15.903429,-0.37522462,26.994205,0.27651548,0.026436133,0.6652169,-0.020350484,-0.5701472,0.20729338,0.5017978,37.428593,0.14071235,-9.5680275,-1.2534424,10.005067,1.1291848,-20.829865,-0.70048183,-12.238465,21.737867,0.012518708,-0.009313929,0.10174382,1.869159,2.3923447,0.088,0.04791659,0.306,0.31270432,-32.40401,ans,Ses01M_script02_1,Ses01M_script02_1_F012
35,34.929955,0.2438959,27.565325,30.64737,46.543427,18.978102,253.91437,0.0,-25.669098,0.0,0.22672048,1.1188021,0.10423802,0.11017536,0.22478245,0.12054443,2.6426537,2.557821,3.591799,1.3803055,0.099366225,1.701771,29.367752,0.12285915,-6.43274,-1.4073538,18.455217,0.85801214,-14.096422,-0.53252107,0.06717899,1.0338184,3.9663815,0.37195382,2.0496109,0.931173,8.181083,0.93190354,16.882923,0.33496267,657.58356,0.37563708,1586.4946,0.24900128,-190.09422,-0.22628261,1632.825,0.17037524,1162.4908,0.14886919,-185.97104,-0.26410323,2656.256,0.08768993,1125.1279,0.19484627,-186.41075,-0.25564182,-10.444967,-0.27065894,22.929304,0.1372876,0.045484427,0.5600733,-0.01506851,-0.46966815,0.32401776,0.5954391,37.72328,0.14869677,-21.511497,-0.6837304,-6.891842,-1.4448696,-15.5819845,-0.666863,-12.16922,20.823414,0.0051444406,-0.0043393928,0.08558506,1.1976048,1.2345679,0.049999997,0.02,0.48999998,0.33356658,-32.840847,ag,Ses01M_script02_1,Ses01M_script02_1_M022
36,42.39498,0.08210365,38.236588,42.952312,46.04518,7.8085938,27.748825,0.0,-0.81169134,0.0,0.23383835,0.83724713,0.105551556,0.11137221,0.41274804,0.3071965,2.991082,1.7210513,2.653339,1.3402716,0.096084096,1.2913315,30.990763,0.13875194,-7.2408433,-1.1852525,12.075792,1.0701506,-16.810286,-0.6374495,0.024338612,0.87382936,1.3577231,0.37385732,7.9963894,0.31254676,12.793665,1.2046299,31.5285,0.2980481,755.2633,0.17996824,1309.7167,0.110117085,-161.68361,-0.479093,1739.5112,0.079725064,1009.0849,0.13949606,-160.99829,-0.45621866,2865.8105,0.05707195,910.0315,0.31818444,-163.62009,-0.41871667,-14.817905,-0.36677778,29.990265,0.23692301,0.03707861,0.52008086,-0.018659886,-0.51289266,0.24348544,0.5901896,38.154335,0.09330767,-15.532405,-0.51659244,-5.336148,-1.9449935,-28.324377,-0.40191585,-12.662068,22.025366,0.00022005413,-0.0047737528,0.056532025,1.8348624,0.93896717,0.225,0.105,0.5433333,0.35036486,-33.74049,s,Ses01M_script02_1,Ses01M_script02_1_F013
37,36.065483,0.15912652,32.942177,36.822987,39.279774,6.337597,35.475834,17.08726,103.0302,92.25568,0.3071389,1.0954831,0.10596362,0.131973,0.4754566,0.36949298,5.758091,3.4083986,3.863434,2.2870595,0.14855146,1.5574008,30.704725,0.2840289,-3.056494,-2.9025075,12.054575,0.7603689,-13.317272,-0.5464839,0.023772312,0.94024414,1.4277283,0.46681777,5.8472033,0.61095566,6.940869,1.5076212,24.47651,0.34660158,631.0538,0.361735,1254.7657,0.12289356,-165.52124,-0.4299553,1672.1066,0.16291727,981.62683,0.22264136,-151.4487,-0.51898307,2743.7354,0.11304461,849.0717,0.25959092,-153.312,-0.49281085,-13.20165,-0.44002855,25.548046,0.2758148,0.041809075,0.45493126,-0.020493453,-0.5367449,0.40163642,0.7665701,36.325462,0.27223003,-10.428661,-1.2641866,7.0805163,1.8470958,-18.008831,-0.5069283,-13.373803,23.676466,0.0044857813,-0.00250541,0.057698976,2.1126761,1.4336917,0.17999999,0.15890248,0.39599997,0.2773878,-28.04994,s,Ses01M_script02_1,Ses01M_script02_1_M023
38,45.241585,0.049725898,43.29587,45.345757,47.857346,4.561474,24.703318,0.0,-20.911154,0.0,0.26992103,0.9684216,0.10775249,0.1431064,0.41173035,0.30397785,2.6143582,2.4322314,1.8731451,0.4260067,0.1297071,1.6502728,27.848637,0.23696257,-5.167195,-1.2744104,6.9906664,1.7247748,-20.617918,-0.70904297,0.017883096,0.49564415,1.2355183,0.30227318,9.417102,0.20027693,18.303667,0.33980942,31.402328,0.4038065,787.5038,0.28683695,1285.074,0.07461033,-173.38077,-0.38130215,1790.6136,0.123021476,1216.519,0.1561041,-165.01067,-0.4193405,2865.1763,0.05922652,1040.523,0.27365488,-166.6734,-0.39531964,-16.174263,-0.25639158,30.035105,0.23224115,0.039306194,0.53683966,-0.007718794,-1.0034828,0.15826978,0.5340424,33.05365,0.12646565,-10.100423,-0.6455057,-1.6642039,-8.555471,-29.85873,-0.28551808,-11.007205,21.421556,0.011945766,-0.0070197564,0.12556876,1.3100437,0.89285713,0.22,0.17,0.5833333,0.3933051,-31.098515,c,Ses01M_script02_1,Ses01M_script02_1_F014
39,33.68154,0.089990094,31.550632,33.431103,36.49189,4.9412575,46.86053,39.015232,47.645893,51.787544,0.5592483,0.66584826,0.14501268,0.5165644,0.9156252,0.77061254,7.7366486,4.1771555,6.057443,2.7770953,0.2530201,0.8600408,31.207159,0.30716825,-3.4584897,-3.0175674,11.577613,1.2074218,-14.732122,-0.8768879,0.02113901,1.4176549,1.2297035,0.77730966,7.1219254,0.42689985,2.417899,4.2664814,24.477688,0.37124565,638.4016,0.37721315,1395.8097,0.19260095,-106.65663,-0.877238,1651.4218,0.17068517,1148.0479,0.25821736,-104.62288,-0.8393969,2712.3606,0.10392798,1001.74023,0.39109105,-108.58736,-0.7733905,-13.32637,-0.4161359,25.48637,0.29943338,0.040279113,0.52051705,-0.019836994,-0.83940387,0.35375625,0.5569146,35.19148,0.24703541,-4.7411,-2.431471,7.9716544,2.0801814,-16.01185,-0.93064815,-11.606286,20.95635,0.013337071,-0.0066145174,0.14407916,3.4440343,2.4752476,0.2025,0.18830493,0.18049999,0.2408625,-24.679771,s,Ses01M_script02_1,Ses01M_script02_1_M024
40,36.225315,0.15816827,31.840734,34.2886,37.528236,5.687502,69.53378,44.535145,-3.811646,10.18241,0.28681907,0.8622909,0.10623225,0.11406015,0.5015283,0.39529607,4.0650187,2.4238136,4.059595,2.2953954,0.10743024,1.075086,27.531502,0.34053814,2.335676,3.1567879,14.946359,0.56036663,-11.3210535,-0.6833853,0.019777738,0.8316569,1.0353355,0.5296402,8.572914,0.23935285,9.539099,1.2597371,22.872837,0.42050147,611.31274,0.40413436,1424.9792,0.251885,-154.70909,-0.50522786,1673.0763,0.1662634,1004.7125,0.18171623,-151.05879,-0.49629316,2738.9663,0.092372976,894.4761,0.18825157,-152.1857,-0.48024938,-16.000725,-0.39174917,25.917162,0.29883823,0.040536243,0.628091,-0.013966507,-1.0585048,0.23830472,0.39950177,31.40595,0.3317978,2.0441072,3.5097468,16.441843,0.733849,-9.600924,-1.4098376,-13.035506,22.105783,0.003166319,-0.003242897,0.058659114,2.0408163,2.094241,0.1275,0.02772634,0.262,0.27271962,-30.078352,q,Ses01M_script02_1,Ses01M_script02_1_M025
41,32.16424,0.07237642,30.24494,31.43811,33.732094,3.487154,12.324604,0.0,22.745657,12.413372,0.15276827,0.36805448,0.10802927,0.119318604,0.21098861,0.10295934,1.1501951,0.6862574,0.8558148,0.41530538,0.044365775,0.5266607,30.764845,0.20695782,1.6813092,3.9603417,13.878109,0.41256753,-10.783867,-0.5292225,0.012479626,0.6584953,1.395398,0.65919757,6.7643642,0.23539986,1.1782229,7.172319,29.769852,0.23623492,626.7384,0.2440942,1468.8881,0.08680277,-162.92413,-0.45925015,1707.0238,0.09733919,1259.6028,0.3486022,-166.98819,-0.39985064,2840.258,0.065843634,897.6916,0.2587155,-168.04785,-0.38484326,-20.99292,-0.16106804,31.090832,0.124880955,0.02757864,0.5626499,-0.018690191,-0.31296295,0.07333517,0.36127537,37.842655,0.106405646,6.4521527,0.86262715,14.428163,0.59353286,-15.99887,-0.4644225,-14.143645,24.486492,-0.0012090122,-0.003538272,0.03822036,2.586207,1.3215859,0.13666667,0.12283683,0.4475,0.28154707,-42.08542,ans,Ses01M_script02_1,Ses01M_script02_1_F015
42,40.77199,0.07415738,37.699066,40.570168,44.088127,6.389061,40.227028,0.0,-23.025799,0.0,0.25661805,0.9840811,0.1080582,0.12248844,0.47505662,0.36699843,4.0496325,4.3244567,2.8405275,0.64559746,0.10552318,1.4049232,28.506397,0.30919573,-0.88040984,-13.329316,7.3687644,1.3943089,-13.581464,-0.5817898,0.035607472,1.4166954,0.9219641,0.61219895,7.0389414,0.3976525,7.2645936,0.71483445,29.261091,0.12540615,570.13245,0.26544085,1483.4156,0.092291385,-183.6935,-0.29840672,1470.8265,0.103081755,1156.4517,0.12249466,-175.9689,-0.351799,2684.8562,0.043219917,759.48956,0.18908492,-177.62164,-0.3261661,-13.069546,-0.23182356,27.899015,0.13071692,0.047830794,0.23539898,-0.02763887,-0.46356928,0.30267268,0.31766135,39.803646,0.0651365,-9.872578,-0.41699734,-9.440228,-0.78320843,-26.265339,-0.22104396,-12.552449,22.546986,-0.0010085213,-0.004653666,0.075910464,1.0928962,0.56179774,0.22999999,0.0,0.76,0.01,-32.370964,q,Ses01M_script02_1,Ses01M_script02_1_M026
43,36.765377,0.053026214,35.05796,35.299576,39.0885,4.0305405,0.35791588,0.0,0.0,0.0,0.13900223,0.34798452,0.10526617,0.11862944,0.16796988,0.062703714,0.95852464,0.78003144,0.59729755,0.36149988,0.038866594,0.54660004,26.77065,0.28114152,2.3388226,3.0322778,12.284019,0.48423126,-11.310242,-0.5384536,0.024544587,0.3887667,1.6171594,0.67780787,6.696486,0.17338085,10.766821,0.7197136,31.463512,0.16456306,672.9128,0.19034307,1411.4049,0.088238455,-194.6063,-0.16651547,1782.0035,0.029284323,947.6267,0.17327139,-194.68614,-0.15477408,2848.7478,0.053971153,736.09875,0.24143016,-194.94322,-0.14812519,-16.919422,-0.2397113,23.804976,0.29415682,0.031464305,0.4624198,-0.02315972,-0.35936788,0.07791176,0.19572419,27.334103,0.34777507,10.942835,0.498494,15.365314,0.3828087,-24.130234,-0.14149243,-13.890354,23.727936,-0.0028920267,-0.0056659793,0.037588894,1.764706,0.59701496,0.049999997,0.01,1.0666666,0.3380664,-44.772346,ans,Ses01M_script02_1,Ses01M_script02_1_F016
44,29.652245,0.18983625,22.538004,32.487213,34.179844,11.64184,76.136246,52.7223,198.46338,300.36917,0.28531137,0.96548104,0.10720393,0.1319226,0.48003992,0.372836,5.6798286,3.4824393,3.4265914,2.574207,0.11980551,1.3550868,29.775335,0.32778573,0.6676805,14.819091,12.542335,0.9334973,-10.162578,-0.80313545,0.029145982,1.0309142,1.1127354,0.46902052,5.383439,0.58462054,6.9153614,1.3652163,30.439238,0.34085128,584.76575,0.347634,1380.1652,0.16136281,-153.68938,-0.5279382,1586.7423,0.14741862,1081.8163,0.30376285,-153.47545,-0.5098392,2711.5486,0.09921841,988.72864,0.31156155,-156.32011,-0.46929413,-13.311733,-0.5950876,27.430164,0.28645903,0.025324605,0.7867033,-0.012349137,-1.154256,0.26297793,0.75162584,36.865963,0.2701411,-2.6411927,-5.065009,10.04503,1.7842375,-9.519296,-1.118635,-13.658455,24.145037,-6.827042e-05,-0.003039167,0.07250434,1.8552877,1.6853933,0.1411111,0.101373285,0.38799998,0.4350586,-29.858807,o,Ses01M_script02_1,Ses01M_script02_1_M027
45,32.459732,0.115514055,29.37996,32.762104,35.975292,6.595333,166.43234,249.87086,19.389664,9.91042,0.4705056,0.79393953,0.11384621,0.37569737,0.7596227,0.6457765,7.080356,3.6524706,6.707144,3.6645384,0.20470372,1.0448823,25.39059,0.45665535,-1.8458248,-6.9547796,17.235823,0.74867904,-10.548333,-0.9160226,0.02016192,1.0436044,1.2360786,0.6397598,6.478265,0.46112832,3.0764406,3.817102,19.740698,0.52438825,636.27075,0.43352363,1244.7169,0.16566409,-140.57646,-0.6153525,1683.3838,0.1754335,963.6562,0.24664189,-136.05014,-0.6212765,2700.0413,0.11098379,917.7153,0.43839848,-137.40184,-0.60192484,-11.143983,-0.505793,20.7915,0.3533275,0.04269136,0.5788994,-0.014294924,-1.1367333,0.38796625,0.55885077,30.975555,0.3449594,-8.1726055,-1.8331851,16.758444,1.0111787,-13.773366,-0.89381593,-10.606552,19.05547,0.0059367707,-0.0011094309,0.10887168,3.4729316,2.4640658,0.13208333,0.10267177,0.24319999,0.45076573,-25.93702,o,Ses01M_script02_1,Ses01M_script02_1_M028
46,41.4316,0.110562444,38.32634,41.749218,45.030914,6.7045746,31.138332,11.643908,261.34473,441.85678,0.44835702,0.6666479,0.16936666,0.39796507,0.6928395,0.52347285,4.829656,2.8702242,3.1867619,1.7650911,0.1654653,0.9456478,23.907885,0.3471457,-12.2702,-1.0492041,11.889786,1.1536124,-18.991709,-0.6189087,0.017855102,1.0880392,1.2125608,0.49668318,7.699759,0.48708445,11.303312,1.0251948,18.936562,0.5509163,684.9131,0.32925308,1354.5701,0.19148351,-136.26556,-0.65142834,1702.5223,0.12224197,1064.9552,0.31542453,-121.33681,-0.72955537,2713.4426,0.08755305,974.41626,0.41652372,-122.99977,-0.7030237,-9.704375,-0.54930264,19.243292,0.38244337,0.02749756,0.76541775,-0.014525215,-0.99726194,0.23487762,0.61482114,27.061226,0.23912224,-17.280487,-0.7343341,9.442381,1.5978405,-25.934933,-0.4300681,-7.968107,16.650587,0.00580491,-0.0040845415,0.11531981,2.5583982,2.2371366,0.182,0.13223463,0.24399999,0.3035029,-30.190966,s,Ses01M_script02_1,Ses01M_script02_1_F017
47,30.828981,0.1356567,27.081064,30.756056,33.86035,6.7792873,104.43262,137.14462,49.29773,33.867638,0.5269967,0.80280703,0.14766385,0.40023428,0.8674675,0.7198037,7.327491,4.1631165,4.7134056,2.7067513,0.232414,1.2172562,26.783804,0.49084282,-5.400211,-2.5648086,14.245576,1.099834,-11.814759,-0.8692725,0.0190778,1.3942055,1.1477568,0.7403992,5.598865,0.5643275,1.1409432,9.032403,21.194845,0.49565902,638.1593,0.41225922,1299.9636,0.1496546,-130.56699,-0.6973716,1649.7019,0.17338464,1016.6494,0.28496996,-126.99784,-0.6941172,2715.1611,0.11383276,895.7262,0.28214666,-129.79172,-0.65281,-10.918664,-0.50816965,22.98519,0.32554358,0.03839572,0.52490824,-0.014691056,-1.0208672,0.38610077,0.79109573,35.067028,0.2793072,-10.679517,-1.4521772,11.018224,1.9342132,-15.565736,-0.78614897,-8.696401,16.992426,0.0057348213,-0.0012639137,0.13458432,2.6530612,2.3890786,0.15457143,0.16643049,0.25029412,0.31102756,-25.330492,s,Ses01M_script02_1,Ses01M_script02_1_M029
48,38.049515,0.16517365,31.481998,39.832848,43.72094,12.238941,169.06012,224.59627,33.17848,15.748057,0.3056015,0.67514354,0.13004977,0.24845858,0.4588478,0.32879803,3.4318523,2.709531,1.8748755,1.207462,0.10321242,0.9867615,25.583572,0.3673765,-7.265708,-1.5283417,13.860697,0.8184466,-12.403555,-0.7431574,0.023347491,0.89025676,1.2904989,0.3948573,6.3354826,0.43723384,9.380602,0.9742432,18.629923,0.54810846,769.66187,0.33029053,1404.1014,0.19812305,-161.91154,-0.45176697,1697.2942,0.12718426,1194.9973,0.29764944,-154.99062,-0.49223033,2744.615,0.09524556,1046.2001,0.33412507,-156.74559,-0.46809265,-9.814114,-0.62064314,21.223572,0.40472978,0.029558156,0.73471254,-0.007901384,-1.1639043,0.18334098,0.7102592,29.461008,0.278309,-13.352397,-1.0051416,13.9585085,0.8815225,-13.804306,-0.7943553,-8.955821,18.877762,0.008755404,-0.002449873,0.07689086,1.690141,1.9811321,0.11571428,0.10697447,0.3518182,0.42302626,-34.602238,o,Ses01M_script02_1,Ses01M_script02_1_F018
49,29.017166,0.20220347,22.363129,27.830788,35.581894,13.218765,0.0,0.0,-0.5690391,0.0,0.24167717,0.9356441,0.113799356,0.17433985,0.26683998,0.15304062,0.8817808,0.6136174,1.8271757,0.0,0.095856294,1.2915261,24.512794,0.42005256,3.8258245,2.0404088,15.676301,0.5794106,-7.33649,-0.98917633,0.019357739,0.46789184,1.4184402,0.2763163,5.7726183,0.46475157,16.096588,1.6275462,25.25475,0.12735248,529.3093,0.4101828,1472.6683,0.40296787,-169.85623,-0.4000412,1642.9664,0.08091632,1043.6934,0.28380504,-172.32501,-0.36214945,2571.969,0.05857096,1059.0321,0.3263961,-173.0951,-0.35007372,-15.617726,-0.2601231,23.091599,0.16609563,0.03350004,0.53837717,-0.011328374,-0.78257775,0.2297917,0.71996474,29.477024,0.27017042,3.0821998,4.5151167,27.81834,0.37167665,-6.596939,-1.3646243,-13.158826,22.722443,-0.0030727142,-0.003270223,0.075158544,0.62893087,1.948052,0.07,0.016329931,0.315,0.24540782,-31.7201,dag,Ses01M_script02_1,Ses01M_script02_1_M030
50,30.192274,0.06801768,28.65654,30.156189,30.223804,1.5672646,12.753439,0.0,161.58826,114.94587,0.1931982,0.5959307,0.110949636,0.13408159,0.2588836,0.14793396,0.7243208,0.7472094,0.90096754,0.76198107,0.051965162,0.8048545,27.67708,0.24348837,-1.7851326,-4.0811,13.7415695,0.9415172,-12.191787,-0.5594079,0.016765492,0.7062651,1.2211559,0.43767434,4.645402,0.55658555,10.504981,0.9432481,22.179966,0.18798526,729.511,0.34791142,1375.3496,0.14296468,-159.75224,-0.47919697,1765.0581,0.17197788,1168.0255,0.2612817,-158.91246,-0.47017837,2812.837,0.1344286,1032.7844,0.32530904,-160.11502,-0.45269495,-8.990784,-0.6398899,22.023293,0.15412462,0.00998004,2.1611378,-0.0069359746,-1.3786,0.10138486,0.51780623,32.565083,0.23046906,-4.983099,-2.3377938,11.792465,1.8204682,-14.28463,-0.6692529,-11.853973,21.335604,-0.0006361123,-0.003747733,0.03814226,1.369863,1.4018693,0.15333332,0.09568467,0.4025,0.30474374,-40.02324,b,Ses01M_script02_1,Ses01M_script02_1_F019
51,29.857925,0.113846816,26.416536,29.727829,32.398888,5.9823513,73.18267,110.85154,26.896992,13.627083,0.49215966,0.71596175,0.14473176,0.4298679,0.7988099,0.6540781,6.991094,4.850009,5.6761036,3.2450511,0.20633295,1.0330741,29.966078,0.40847418,-4.149897,-2.64796,14.344388,0.82536745,-12.790611,-0.922528,0.015291975,1.1647648,1.1839762,0.66269314,5.95695,0.49935377,-0.7125219,-12.300047,20.597342,0.38519007,625.5882,0.38907117,1297.808,0.17856194,-108.80321,-0.86714506,1659.3805,0.17830954,1000.76166,0.2418374,-108.93678,-0.8232729,2715.953,0.11038326,902.60767,0.3074256,-112.56869,-0.76426333,-12.190226,-0.42860544,23.099659,0.27999046,0.036961813,0.5406609,-0.019173905,-0.8065952,0.30856022,0.7515404,35.928093,0.26723891,-7.6895638,-1.6063269,11.981225,1.1465969,-15.619247,-0.90548134,-10.568156,19.87846,0.0048399735,-0.002703576,0.10917606,3.3078883,2.6164646,0.17780487,0.15355164,0.1928205,0.25866473,-25.658634,o,Ses01M_script02_1,Ses01M_script02_1_M031
52,31.477936,0.13427927,28.493496,32.85544,34.628586,6.13509,42.713486,52.024616,39.46375,30.344429,0.38654923,0.70166326,0.11821535,0.33286455,0.6063398,0.48812446,6.3401666,3.1851928,5.2969365,3.6372657,0.1574557,0.9869399,27.904291,0.4497836,2.7371452,3.4942386,16.412624,0.7289643,-9.778318,-0.98648995,0.019124763,1.025189,1.1503783,0.62590826,7.06909,0.388347,6.182527,2.061531,26.575233,0.31507942,564.6587,0.37420526,1343.138,0.13117549,-112.234505,-0.8295207,1640.6458,0.16014266,1024.3953,0.27030656,-114.29996,-0.74983263,2695.0398,0.10196921,1015.4697,0.32209677,-116.9269,-0.7102737,-16.015396,-0.32589477,26.114017,0.2802271,0.028247248,0.81169605,-0.018246895,-0.7877932,0.250112,0.64668286,34.512394,0.287576,2.1707072,4.4961357,16.340546,0.92073375,-9.518272,-1.2645746,-11.107125,19.677591,-0.0011676451,-0.0018365069,0.07129898,3.841388,2.244389,0.20666665,0.15712698,0.21777779,0.39134464,-27.51515,o,Ses01M_script02_1,Ses01M_script02_1_M032
53,34.12433,0.040335767,33.10384,33.406513,34.72303,1.6191902,32.971302,0.0,6.071908,4.682048,0.16141772,0.3808926,0.10742631,0.13851434,0.23769842,0.13027212,0.68276465,0.2825791,0.68011194,0.4525321,0.047348216,0.6042562,28.318726,0.31649864,-0.27086556,-26.72351,13.621297,0.51876193,-7.4137,-0.8898935,0.024730466,0.9052351,0.97735935,0.5125725,8.480132,0.27492937,12.208657,0.6400967,31.552145,0.20487571,769.9042,0.24336614,1380.4209,0.16532968,-175.60175,-0.3464956,1765.8978,0.11196559,1262.3423,0.1892379,-176.35872,-0.32435006,2901.7437,0.053784974,920.8057,0.260152,-177.63919,-0.30503407,-20.950407,-0.38752484,38.49822,0.098369785,0.0010375341,12.280174,0.0012329624,4.55676,0.08017276,0.4262604,39.051212,0.092421845,8.6653185,1.0679984,17.060474,0.70263267,-0.5383422,-11.968721,-11.875226,23.73328,-0.0067158123,0.0015813084,0.0425825,2.7906978,0.952381,0.145,0.125,0.58666664,0.40803045,-40.385155,s,Ses01M_script02_1,Ses01M_script02_1_F020
54,30.968971,0.018490277,30.385399,30.942293,31.610744,1.2253456,19.109344,0.0,-4.669361,6.3945737,0.2095989,1.0100644,0.10483977,0.108619295,0.22174798,0.11690821,0.30264044,0.24822104,1.4090418,0.0,0.06816106,1.3987422,30.957542,0.18676531,-4.407068,-1.4030824,14.430688,0.5760341,-8.221555,-0.87159276,0.007787384,0.44150737,0.62065834,0.6439404,8.2030325,0.16735193,6.30322,1.1016426,33.83959,0.1591204,826.5264,0.2858058,1574.7473,0.26881096,-181.35297,-0.3093332,1703.8888,0.1151823,1228.8964,0.15336221,-180.47786,-0.31595516,2979.6812,0.033117816,1052.2467,0.36146638,-182.62292,-0.2798824,-9.608407,-0.20544372,31.893267,0.17391193,0.028038425,0.3068899,0.008150066,0.849257,0.15219098,0.44298294,43.11566,0.11445542,-3.6933103,-1.6902521,2.250054,5.5089836,3.765977,1.9056698,-12.497885,22.879879,-0.0020663014,-0.0016827916,0.060106255,0.55865926,0.57471263,0.17999999,0.0,0.765,0.16499999,-34.126804,q,Ses01M_script02_1,Ses01M_script02_1_M033
55,40.49683,0.020916369,39.630875,40.819218,41.264153,1.6332779,24.236338,0.0,-3.7748973,0.0,0.22980434,0.9819719,0.10781348,0.11375167,0.3006987,0.19288522,0.66506976,0.45579073,1.4889765,0.0,0.07171814,1.1806358,26.665539,0.17137904,-5.826575,-2.3532367,13.853495,0.5066783,-11.63565,-0.792248,0.011929422,0.53895926,1.1898569,0.18161583,7.106366,0.21447013,12.047299,0.6941967,19.461086,0.37657678,639.0305,0.11365675,1430.6221,0.060727205,-188.37679,-0.25199875,1843.4321,0.05970621,906.3844,0.21244271,-182.5408,-0.2981761,2876.2175,0.051585067,914.1336,0.135066,-182.9224,-0.29069683,-12.667356,-0.5900706,17.463087,0.45324728,0.027308064,0.34363732,-0.026505796,-0.37193307,0.2013039,0.43154192,28.790508,0.09111675,-13.326164,-1.4148136,25.198223,0.20690666,-31.381886,-0.24454363,-11.141771,22.177578,-0.002341678,0.0002815071,0.05985778,0.6711409,0.6944445,0.13,0.0,0.64,0.17999999,-36.948902,ans,Ses01M_script02_1,Ses01M_script02_1_F021
56,31.724476,0.01826254,31.253796,31.648157,32.149204,0.89540863,17.365677,10.195437,8.6770735,14.388309,0.16680111,0.5502155,0.11169245,0.12502879,0.21085954,0.099167086,3.0603607,2.4423034,2.3536563,2.1527905,0.042885493,0.72259957,24.967604,0.32293108,-4.2296968,-1.3245184,14.460173,0.2733318,-8.996189,-0.513923,0.015411356,0.9432044,1.2137653,0.97709054,7.600795,0.16770586,-8.241465,-0.66322905,17.786926,0.31653664,533.1058,0.2424015,1392.2227,0.14044678,-184.71783,-0.28482234,1569.4768,0.12632322,1241.1094,0.22930202,-185.58679,-0.26237914,2598.847,0.07204783,989.50165,0.14408723,-186.0301,-0.25452033,-18.366276,-0.13103585,28.050959,0.11579228,0.014028422,1.0946176,-0.027567133,-0.19202112,0.11434433,0.25475267,41.226345,0.070124045,-1.2059988,-4.8985667,14.464135,0.46400213,-7.972442,-0.65354383,-10.373149,20.296158,-0.0028202995,0.0032677297,0.03614011,2.5723474,0.3267974,0.26,0.0,1.385,0.255,-41.86685,ag,Ses01M_script02_1,Ses01M_script02_1_M034
57,33.29863,0.13872425,27.983856,34.293102,36.34742,8.363564,33.91639,9.091893,28.721212,23.57714,0.45095634,0.70268995,0.16769955,0.36104634,0.7164024,0.54870284,6.799472,3.6299882,5.9411607,4.326839,0.18405996,1.0518308,26.738224,0.4602655,-1.6797072,-5.6600437,15.609392,0.9002755,-9.243647,-1.219553,0.016869761,1.1905847,1.0762136,0.67023283,8.149248,0.31642902,6.5908747,1.5106014,24.961916,0.3145096,594.85077,0.40346456,1352.581,0.14145991,-123.634445,-0.74182624,1622.9082,0.17024168,1035.725,0.28191033,-120.474,-0.7245011,2688.7773,0.10458935,932.5068,0.2656791,-123.86508,-0.6746795,-14.117699,-0.36306748,25.56013,0.28895497,0.03220935,0.7282781,-0.011740801,-1.1757,0.2970438,0.7127508,35.33697,0.23979552,-3.6350133,-2.8513365,14.13598,1.3343571,-9.53795,-1.5574331,-9.294734,17.681738,-0.00032809374,0.0009995494,0.095945925,3.230148,2.0325205,0.20799999,0.1707708,0.28071427,0.4283934,-26.189026,s,Ses01M_script02_1,Ses01M_script02_1_M035
58,30.345793,0.093637414,27.466263,29.98782,33.3424,5.876137,105.257355,132.21178,31.50905,21.008766,0.48044822,0.66489834,0.15574066,0.42695978,0.7354509,0.57971025,5.2729115,2.3954053,4.498246,2.0949821,0.19740139,0.850651,32.206043,0.3992713,-3.6821527,-3.1004605,14.936522,1.1015519,-7.2792883,-1.5462081,0.020957578,1.1623935,1.1537535,0.66270626,6.243433,0.4372288,1.3104608,7.319942,25.227518,0.37461606,635.0847,0.43462083,1362.3357,0.20789693,-105.78237,-0.8823415,1619.6528,0.15143439,1048.6383,0.27595913,-105.18792,-0.8413732,2696.2844,0.11191138,928.38104,0.33083987,-109.502075,-0.77053595,-12.500451,-0.42664102,25.163227,0.30569544,0.033409186,0.6109092,-0.008247838,-1.7904656,0.26687396,0.63495874,36.676136,0.25940394,-6.365492,-1.8534127,16.285677,1.1440289,-5.1558695,-2.6350176,-10.959021,21.53463,0.0045244307,-0.0030929113,0.12636007,3.25,2.7672956,0.17636363,0.15607533,0.1573913,0.18582875,-26.845024,s,Ses01M_script02_1,Ses01M_script02_1_M036
59,32.20029,0.1149696,30.28798,31.210052,33.347485,3.0595055,90.70551,112.929405,334.15765,707.8046,0.26555356,0.74888015,0.10982205,0.20631662,0.3665031,0.25668103,2.9520164,2.5886116,1.6993343,0.9051674,0.087115586,1.0778984,29.49699,0.28535512,-5.193075,-2.4618738,15.102726,0.8067663,-10.871153,-0.8814301,0.020484207,1.2337699,1.1770314,0.49457616,5.4995437,0.51189625,4.0879655,2.9026763,22.51868,0.5114435,563.9271,0.31900436,1387.354,0.123305306,-146.8487,-0.57825106,1618.557,0.11636915,1140.4454,0.30882463,-147.03293,-0.54748976,2646.137,0.09780038,1067.1132,0.28504804,-148.79367,-0.5226156,-14.054871,-0.5395907,24.219172,0.3408703,0.026055042,0.6676967,-0.011593153,-1.045293,0.118610606,0.6831968,34.80625,0.20530541,-4.828823,-3.4075863,16.302595,0.8728305,-9.633721,-1.139894,-10.84731,20.2839,0.0076076733,-0.0053656446,0.074323356,1.7142857,1.8637993,0.14769231,0.11294341,0.3824,0.41413307,-35.359936,s,Ses01M_script02_1,Ses01M_script02_1_F022
60,28.351349,0.12944603,25.31448,27.678186,32.508038,7.1935577,218.0838,106.32111,-2.4524918,22.324755,0.29188406,0.77129114,0.11087198,0.18772207,0.49476328,0.3838913,4.406227,2.8095555,4.155792,1.939169,0.11114112,1.065491,27.016193,0.4300322,-1.0019466,-9.4541235,15.455234,1.0109338,-10.771785,-0.7466497,0.026737165,0.62280816,1.1802101,0.50308126,4.2713084,0.7538592,8.401845,1.0370091,24.584908,0.3616087,673.9665,0.4085899,1326.4009,0.13793021,-150.69484,-0.5475991,1752.9796,0.15028316,1032.1383,0.30343714,-151.72737,-0.5156137,2780.8608,0.13464373,999.50696,0.24146885,-152.5257,-0.5045484,-14.0337515,-0.51798743,23.342768,0.37381646,0.02535096,0.7487572,-0.01469633,-0.8038334,0.23337713,0.57133496,35.603107,0.23101868,-2.5463765,-5.492869,21.78448,1.0645865,-8.139549,-1.3393651,-10.46115,20.775318,-0.0005820132,-0.001876761,0.068542995,4.054054,1.3824886,0.18666665,0.062360957,0.385,0.2857009,-32.17172,s,Ses01M_script02_1,Ses01M_script02_1_M037
61,36.087082,0.093554415,32.31183,36.661766,37.80807,5.4962425,52.723217,32.422348,61.8904,54.7266,0.33657226,0.47094443,0.18836367,0.31938913,0.4703329,0.28196922,3.6478226,3.4663217,2.605702,1.3583474,0.13288528,0.6656287,31.144716,0.28674507,-4.692586,-2.094469,18.801725,0.79856694,-6.1057115,-1.6815292,0.028045397,1.2840304,1.2920729,0.44111437,7.507835,0.31798753,17.142086,0.5212286,22.976625,0.48412463,615.83606,0.38796234,1377.7089,0.16246445,-118.34882,-0.76786506,1708.6293,0.12990713,990.8021,0.34315398,-106.14022,-0.8112836,2720.8765,0.12109583,1085.633,0.27883023,-106.45446,-0.8076267,-14.70545,-0.36366734,20.5506,0.41059965,0.033707887,0.68641144,-0.010435934,-1.2486675,0.144995,0.38872555,33.397835,0.16175343,-5.5275426,-2.1112156,25.048056,0.509838,-2.9140472,-3.739723,-11.5485115,21.639795,0.012750057,-0.0110776005,0.10879181,4.5454545,2.3584907,0.21399999,0.15473849,0.15666667,0.14670454,-31.751274,s,Ses01M_script02_1,Ses01M_script02_1_F023
62,31.223545,0.10564384,28.46589,31.84934,33.734123,5.2682323,24.093952,20.593534,24.56343,13.853832,0.43444002,0.6701247,0.14604045,0.38119516,0.63378537,0.48774493,5.849095,3.2232268,4.715438,3.4010377,0.17265604,0.94972414,26.302212,0.4630538,-0.29329777,-40.779194,14.251451,0.9579587,-9.7805195,-1.1225303,0.023684831,1.050066,1.2501831,0.5941985,6.5684724,0.49769267,4.2517014,2.2527595,24.960724,0.2911017,603.88983,0.41135696,1372.0116,0.12957075,-128.51552,-0.7057526,1625.774,0.17658362,1036.5815,0.23730156,-126.485886,-0.6797767,2701.3962,0.11523307,955.6158,0.2729976,-129.67406,-0.6341753,-13.91312,-0.35854366,25.21329,0.24168189,0.027145453,0.7868828,-0.0119781345,-1.1581784,0.2556508,0.5328837,33.09806,0.2628044,-0.39567456,-28.322298,16.144327,0.9766037,-8.186739,-1.6549281,-9.330898,18.211842,0.007112673,-0.003941502,0.11884477,3.4334764,2.1691973,0.17899999,0.10857716,0.26,0.40686607,-27.780773,o,Ses01M_script02_1,Ses01M_script02_1_M038
63,29.58549,0.16503853,24.817268,29.144934,34.66538,9.84811,42.190193,18.514486,42.71219,32.98982,0.31100565,0.8474523,0.108083904,0.17828993,0.50436616,0.39628226,5.1661596,3.8489363,4.3080235,3.9318354,0.114481695,1.2204704,27.321619,0.40065873,-0.5131084,-18.318914,15.771831,0.64600056,-8.305602,-0.99828786,0.024780914,1.414488,1.1780305,0.8419506,6.1803417,0.44412455,2.9240813,2.9182997,21.456188,0.3742402,507.34726,0.3996672,1327.9069,0.17622277,-150.59714,-0.5502101,1532.4769,0.14301994,1000.6185,0.3035296,-150.90279,-0.5240157,2562.341,0.10045693,944.9484,0.26836726,-152.26654,-0.50498414,-13.259399,-0.348286,22.411991,0.29892585,0.02946679,0.7172039,-0.015839558,-0.8656404,0.23643151,0.69292325,34.62133,0.28671557,-4.7631006,-2.2547734,17.604265,0.8691551,-6.272074,-1.950257,-11.798244,21.204351,0.001732007,-0.002236529,0.06957224,2.1097047,1.6101694,0.15947369,0.17655993,0.419,0.49658734,-29.93213,c,Ses01M_script02_1,Ses01M_script02_1_M039
64,24.256807,0.060120203,23.304115,24.56293,25.46872,2.1646042,105.367966,105.33393,19.488716,11.002712,0.21791142,0.69010276,0.104720086,0.13182107,0.33229512,0.22757503,2.3383508,2.0366554,1.8573462,1.2658646,0.059632402,0.8074541,27.376707,0.38177884,-0.7888127,-11.29332,15.528164,0.6560603,-8.640672,-0.86815894,0.018194286,0.8467857,1.0630364,0.62290376,4.361026,0.4679379,8.852552,0.76190615,23.863865,0.31764585,482.51913,0.38652351,1280.469,0.13900284,-157.2965,-0.509271,1508.131,0.1392943,970.69244,0.26232085,-159.50027,-0.47338268,2535.818,0.10153102,893.3228,0.2159262,-160.6922,-0.45647216,-13.479807,-0.37097487,22.31494,0.22595729,0.020344706,0.86001897,-0.012406085,-0.8894272,0.120036654,0.46819967,36.726326,0.15700798,-5.4181566,-2.1374474,17.71082,0.9562023,-3.4519176,-2.3535132,-11.306437,20.225761,-0.0031479246,-0.001790791,0.042840492,1.842752,1.2360939,0.169,0.16114898,0.5627273,0.53802824,-36.992718,s,Ses01M_script02_1,Ses01M_script02_1_M040
65,26.744429,0.087616354,24.283821,26.750425,29.142185,4.858364,28.390028,11.761887,80.870186,128.93973,0.3165348,0.67662156,0.10898036,0.279278,0.51397693,0.40499657,3.9621778,2.8618755,3.1046846,1.5394521,0.097667545,0.7629837,32.55798,0.34477204,-2.483204,-3.588081,16.729008,0.76323557,-8.081368,-1.2505558,0.01795608,1.13507,0.9837684,0.6225221,5.481513,0.4443047,3.74621,2.7287066,24.851439,0.33188203,559.6943,0.38629413,1361.3704,0.15553677,-107.28243,-0.8933036,1600.4349,0.17393662,1047.7418,0.22601992,-111.95409,-0.8020089,2662.2876,0.11226895,997.0612,0.31448448,-115.48677,-0.7449321,-14.650344,-0.36348927,25.591074,0.25695962,0.02140654,0.8047138,-0.014576695,-1.0552251,0.14709263,0.43289155,39.156116,0.19004843,-3.771217,-2.90429,16.547407,0.9509446,-7.3037486,-1.7207216,-12.022595,21.685463,-0.005303555,-0.0017784587,0.05254379,2.9445074,1.4806379,0.31692308,0.21272534,0.31357142,0.34962443,-32.136616,s,Ses01M_script02_1,Ses01M_script02_1_M041
66,27.950403,0.07892418,25.933552,27.560093,29.980171,4.0466194,89.24624,134.6408,31.525509,21.974504,0.25972965,0.61051106,0.11026673,0.21117626,0.40288484,0.2926181,3.1693873,2.4693377,1.9766692,0.9368242,0.084823474,0.8244426,26.674006,0.5264762,3.811862,2.6410573,13.459936,0.9488586,-10.135339,-0.9914222,0.020482577,0.86754674,1.1700124,0.6746465,5.75754,0.4302466,0.8073607,9.630358,29.050678,0.25622904,598.79834,0.34034154,1406.2821,0.15622228,-149.28859,-0.55271,1649.5613,0.17186198,1133.4708,0.23112476,-152.51788,-0.5002321,2739.416,0.10667107,1037.5846,0.25843045,-154.88191,-0.46744367,-16.575151,-0.41251546,29.403963,0.28248268,0.018109223,1.0527636,-0.0229944,-0.8228682,0.14868589,0.4886874,37.597023,0.2817739,6.602449,1.6359524,9.306606,2.084799,-11.425214,-1.2851412,-10.415724,19.090246,-0.0027614266,-0.002112384,0.06144969,2.7703307,1.7055656,0.14999999,0.101618476,0.39499998,0.43750998,-34.044193,s,Ses01M_script02_1,Ses01M_script02_1_M042
67,27.580908,0.08362721,25.542751,27.424753,29.642223,4.099472,49.26683,61.75798,15.35426,6.7887497,0.29491735,0.6518273,0.11384036,0.24777523,0.44843,0.33458966,3.3008797,1.7134244,2.8198893,1.6910877,0.09060802,0.84361583,29.810987,0.39668202,-0.23510292,-48.08048,11.684905,1.0189922,-8.408078,-1.324307,0.01539069,0.81426644,1.120132,0.6400498,5.36028,0.5383217,3.7177222,1.89973,26.285267,0.32679036,617.58856,0.35251153,1381.5143,0.13500802,-126.783806,-0.72126806,1620.3298,0.18819553,1103.8158,0.21445103,-129.22096,-0.6708729,2689.8726,0.114722304,973.1019,0.26827574,-132.60103,-0.6218903,-13.726249,-0.46288553,25.998158,0.27762905,0.01930572,0.9997212,-0.017186321,-0.9631221,0.15029813,0.5412311,38.24937,0.17584026,-0.324724,-34.4374,9.233895,1.5591877,-9.895188,-1.5043743,-10.535493,19.687483,0.00024764013,-0.0022500919,0.05302855,2.6252983,1.6806723,0.22357143,0.16011634,0.32733333,0.32591343,-32.416252,s,Ses01M_script02_1,Ses01M_script02_1_M043
68,27.137459,0.06214587,25.546688,26.674385,28.978203,3.4315147,63.80198,40.513977,14.42822,8.529167,0.2127173,0.59304655,0.10861559,0.16876018,0.31175125,0.20313565,2.1066642,1.5926945,2.2918875,1.291467,0.06454322,0.81867284,29.195154,0.35906592,0.6118932,14.411084,14.546561,0.6309535,-6.861309,-1.2338843,0.014477734,0.7325828,0.9882354,0.58578324,5.9928336,0.3596789,2.6188,2.5399823,30.82882,0.22285156,654.78503,0.32988858,1415.2489,0.12968826,-147.13597,-0.5634434,1708.6658,0.15307537,1134.8009,0.23743427,-149.77586,-0.5166868,2778.9014,0.1046728,1128.6893,0.31985682,-152.08302,-0.48464227,-18.087915,-0.33146837,29.244217,0.22784333,0.013901258,1.4172419,-0.016804475,-1.0186535,0.11462463,0.36631656,38.38841,0.20170617,6.68056,1.4240199,14.554239,0.9738695,-3.8079517,-3.2615414,-11.260664,20.805828,-0.0016958673,-0.001886019,0.044448227,2.748691,1.71278,0.15923077,0.13881153,0.40307692,0.46967065,-36.153908,s,Ses01M_script02_1,Ses01M_script02_1_M044
69,29.252832,0.11953841,25.830135,28.84457,32.94211,7.111973,81.71525,102.270226,32.39186,20.549868,0.32144067,0.8840033,0.10932729,0.18663202,0.4913013,0.381974,6.405382,5.277052,4.3667517,2.4329317,0.12395506,1.2474548,29.326212,0.40187395,-0.9065661,-9.7277975,14.251715,0.84347695,-7.511625,-0.9941479,0.016683148,0.7288158,1.2607697,0.7763394,6.229559,0.456593,7.8176403,1.5624344,29.046432,0.3324698,648.9194,0.38258973,1363.039,0.15780428,-140.93747,-0.6193772,1697.5482,0.15900044,1058.0195,0.23721795,-141.67094,-0.58381134,2776.4202,0.10865333,991.3138,0.3219142,-144.32532,-0.54676753,-14.828433,-0.43178514,27.927551,0.25062335,0.03147042,0.5850786,-0.013677223,-1.1729267,0.27067327,0.6706351,37.590057,0.28463435,-0.20725149,-55.858448,15.59263,1.1251819,-6.7198677,-1.5097466,-10.725001,21.233635,0.0038124544,-0.0013131205,0.05372365,2.2135417,1.4416777,0.21727271,0.21545263,0.4175,0.5348384,-28.41356,s,Ses01M_script02_1,Ses01M_script02_1_M045
70,29.966618,0.10051394,26.16447,30.767927,32.136005,5.9715347,76.96124,62.590603,33.9669,12.801168,0.40305516,0.78138196,0.12728469,0.29176173,0.6628263,0.5355416,7.0914016,6.2632794,5.484221,4.044912,0.156075,1.279058,21.78212,0.44546336,-3.6066296,-2.1920907,16.453968,0.570083,-3.9395566,-2.230737,0.020526709,0.9057159,1.2268193,0.56557745,5.905491,0.41068873,5.7392793,1.8735986,19.209997,0.3528215,645.26013,0.4115339,1313.6378,0.17290244,-158.56516,-0.48268303,1642.3896,0.15411614,972.415,0.20575987,-156.73357,-0.47993973,2650.057,0.10884939,897.42413,0.2366216,-157.69516,-0.46709225,-12.026472,-0.34870982,20.26571,0.27601546,0.031063879,0.7105548,-0.010793063,-1.3445795,0.35566857,0.7116367,29.793547,0.30489394,-4.1816106,-2.2172482,24.29233,0.5039909,0.5179703,19.560013,-7.315299,15.926105,0.007517633,0.0029346775,0.093735084,2.811736,1.599016,0.14153846,0.092140876,0.42999998,0.62201285,-27.685734,s,Ses01M_script02_1,Ses01M_script02_1_M046
71,32.593536,0.03204596,31.748314,32.05168,33.206924,1.4586105,-2.146064,0.0,8.099816,0.0,0.14658421,0.422988,0.10943443,0.118589744,0.17318372,0.06374929,1.9871526,1.343677,1.0426362,1.0273525,0.035964865,0.57959604,27.054462,0.2219897,-0.526041,-9.632453,13.523808,0.36801162,-10.222627,-0.47473013,0.022157598,0.469058,1.1209608,0.6601167,7.58526,0.18981996,1.6056603,3.9315424,26.008162,0.344298,580.56067,0.27775967,1565.3018,0.11232534,-173.92642,-0.3667888,1610.4828,0.10669279,1245.2621,0.153201,-174.0477,-0.34941345,2708.2676,0.07279643,1079.3618,0.20035361,-175.1044,-0.33393598,-18.7481,-0.19492872,30.424212,0.1775771,0.014089158,1.2097613,-0.013215068,-0.4586725,0.056215666,0.44848758,35.015583,0.16915444,5.196464,0.7687533,15.988656,0.49083278,-9.35329,-0.7198986,-11.647587,21.86458,0.0026670264,-0.00073880854,0.032532368,2.6490066,1.010101,0.14333333,0.084983654,0.6175,0.6235533,-43.991577,o,Ses01M_script02_1,Ses01M_script02_1_F024
72,31.769684,0.10961139,28.617138,32.261963,34.134354,5.5172157,68.80066,46.466587,29.272263,18.066566,0.25291103,0.5767748,0.1298019,0.21984313,0.3529306,0.2231287,2.5384946,1.7264508,1.7890699,1.0378284,0.08143494,0.97210485,26.030659,0.41205016,-2.096392,-5.422284,13.817082,0.63508034,-6.5380797,-1.3195773,0.023942977,0.670568,1.3205848,0.4988031,5.7617044,0.4203466,1.6960275,6.603932,22.949726,0.3715718,638.4051,0.36169636,1445.1947,0.16315,-158.06886,-0.46302834,1646.9591,0.15869468,1229.1642,0.3168533,-156.24174,-0.4594095,2676.2341,0.10637173,1064.1416,0.26493806,-158.04932,-0.43535328,-15.440139,-0.39647478,26.796886,0.2490803,0.008609373,2.932943,-0.008972281,-1.0369185,0.10996121,0.7420734,33.798706,0.19899677,0.3242591,33.26416,15.806402,0.6428499,-5.346196,-2.063773,-9.357415,18.558233,0.0012520842,0.00023422121,0.07260063,2.777778,2.937063,0.07571428,0.04614382,0.2555,0.3056219,-36.569645,a,Ses01F_script02_1,Ses01F_script02_1_M000
73,28.928234,0.097136095,26.175108,28.937935,30.906387,4.7312794,51.169884,49.574463,18.077578,20.734385,0.20911852,0.44655833,0.13173278,0.17676248,0.29129612,0.15956335,1.7017761,0.82589996,1.1969352,0.67663836,0.05358177,0.67392963,25.955526,0.34364918,0.7160171,10.046955,14.526707,0.51875174,-12.649133,-0.6181098,0.014980162,0.86096764,1.1704361,0.4979613,4.9080772,0.42700708,-2.134007,-3.706378,22.537073,0.36764324,614.81995,0.31142253,1347.6108,0.14659916,-139.62068,-0.6317545,1648.4109,0.14886817,1071.5366,0.19043808,-141.70401,-0.58068764,2690.4575,0.0912544,937.6842,0.2842923,-143.66193,-0.5534658,-14.388671,-0.3183065,24.804821,0.20225155,0.027624454,0.62838113,-0.011723063,-1.3012385,0.07839102,0.42676142,33.736492,0.19914116,-0.084628806,-114.71448,12.8133335,0.7918018,-15.239294,-0.658114,-10.960648,19.101736,0.00043348968,-0.0013523872,0.04193974,2.764977,1.8575851,0.16499999,0.13973188,0.3253846,0.42476448,-39.640892,q,Ses01F_script02_1,Ses01F_script02_1_M001
74,33.19902,0.049323924,31.658497,32.532146,35.212906,3.554409,-4.7195435,0.0,20.358774,0.0,0.20710544,0.69334835,0.1269517,0.16145238,0.22921793,0.10226624,2.4893453,1.5977951,1.2837775,0.41762853,0.04908607,0.90850425,19.879293,0.3908758,-2.2546227,-2.952359,16.398699,0.40284964,-9.596243,-0.6829297,0.017104682,0.6756077,1.1804287,0.53952634,6.435706,0.40052125,0.4126372,5.649486,15.562583,0.4648829,671.2342,0.32244945,1518.712,0.10918597,-179.02042,-0.3294649,1665.4995,0.09911168,1195.4073,0.23272751,-176.67844,-0.33770525,2643.3772,0.05816366,1100.2565,0.21231931,-177.40161,-0.32598457,-10.142381,-0.55425715,18.569899,0.44908097,0.019163916,1.2834511,-0.012726199,-0.87448204,0.13667673,0.47968763,33.81019,0.22090904,-12.852746,-0.7598418,11.789227,1.0504254,-8.2656765,-1.133272,-9.381189,17.536253,-0.0068886452,0.0027575435,0.036342084,2.4271846,0.99502486,0.125,0.074999996,0.57,0.4329742,-39.124832,ans,Ses01F_script02_1,Ses01F_script02_1_F000
75,37.62472,0.079322785,35.447624,36.73915,41.133865,5.686241,74.19061,44.146957,36.030285,29.976828,0.25898397,0.9596472,0.092846155,0.11984309,0.48151597,0.38866982,3.8202417,2.6144476,3.7001204,2.0101933,0.09053218,1.4052553,23.456457,0.27149034,-4.6055546,-1.7398736,16.379974,0.45218572,-11.436969,-0.50642884,0.033365227,1.0971684,1.3362488,0.41759944,6.30378,0.45923734,11.946926,1.3849483,18.553785,0.50313735,497.50916,0.4071542,1193.1041,0.1806697,-177.6586,-0.34057626,1596.3204,0.14105068,857.1317,0.39352575,-160.21867,-0.4719256,2663.8423,0.083353646,895.61255,0.37678254,-160.85005,-0.46170384,-11.24939,-0.3830726,20.868214,0.29557422,0.03176827,0.65082365,-0.021016143,-0.37806857,0.24031688,0.47582787,26.380758,0.19145226,-10.411326,-1.1781213,17.725765,0.6522692,-14.269216,-0.54726267,-10.325672,19.121824,0.0008807012,0.00036400475,0.051767495,1.6501651,1.3422818,0.14999999,0.07968688,0.57,0.49173164,-32.979866,ag,Ses01F_script02_1,Ses01F_script02_1_M002
76,29.233854,0.14614588,26.034662,27.924496,32.96951,6.934847,221.6785,153.34846,10.915627,0.56228304,0.16203967,0.56894994,0.09372453,0.11276412,0.2367889,0.14306438,1.0333279,0.82512355,0.9010109,0.7424612,0.03980013,0.8875521,26.461258,0.3532555,-0.38996705,-17.604935,12.829471,0.534814,-11.198112,-0.5756428,0.018439095,0.8904838,1.2245106,0.53503203,5.530868,0.6852396,2.3261826,3.957277,24.062973,0.3399791,575.20886,0.35340363,1478.0721,0.1722662,-167.23225,-0.4180475,1539.1494,0.14397703,1223.3574,0.30219382,-167.4831,-0.40328774,2666.0986,0.08743441,959.8247,0.25598902,-169.44777,-0.37461323,-15.747556,-0.31830907,28.980734,0.22038694,0.014626895,1.3624419,-0.014922946,-0.78762835,0.063938856,0.49739447,35.744854,0.18303242,3.8154955,2.117872,10.364884,1.0462447,-14.048613,-0.7542545,-10.739206,20.445091,-0.002097051,0.00033038642,0.03434214,1.5174508,1.3761468,0.12444445,0.08577893,0.523,0.53615385,-41.466297,s,Ses01F_script02_1,Ses01F_script02_1_M003
77,0.0,0.0,0.0,0.0,0.0,0.0,0.0,0.0,0.0,0.0,0.21325953,0.51191545,0.1132184,0.17619704,0.310781,0.1975626,1.4870383,0.6806185,0.7605605,0.36496007,0.037374694,0.52319515,15.745258,0.4607836,-8.87475,-0.5567802,11.782251,0.32720643,-6.453816,-0.6982711,0.0,0.0,0.0,0.0,0.0,0.0,0.0,0.0,0.0,0.0,0.0,0.0,0.0,0.0,-201.0,0.0,0.0,0.0,0.0,0.0,-201.0,0.0,0.0,0.0,0.0,0.0,-201.0,0.0,0.0,0.0,0.0,0.0,0.0,0.0,0.0,0.0,0.0,0.0,0.0,0.0,0.0,0.0,0.0,0.0,0.0,0.0,-3.4033427,12.730295,0.001590755,0.009599695,0.038363524,3.3557048,0.0,0.0,0.0,1.43,0.0,-46.240562,oth,Ses01F_script02_1,Ses01F_script02_1_F001
78,28.158913,0.13352336,25.547665,27.153631,31.68518,6.137516,69.0119,36.739735,11.698422,12.128331,0.263667,0.52009267,0.13380751,0.2454588,0.37389794,0.24009043,2.4900432,1.8444835,1.6077228,0.8882061,0.07860592,0.81105375,28.016172,0.32209557,-4.982502,-1.7180345,14.905075,0.73223615,-7.6677537,-1.1890726,0.018142564,0.97509825,1.4007754,0.48640648,3.9747543,0.55755615,7.08751,1.4530922,20.871904,0.36942324,633.5444,0.3405708,1346.6404,0.1568283,-144.65422,-0.5813509,1676.3638,0.17407882,1048.9325,0.20419756,-144.56084,-0.56432813,2728.398,0.11277913,1031.5103,0.43096608,-146.73563,-0.5328376,-11.390228,-0.37257776,22.974777,0.20306143,0.01595687,1.220047,-0.017651098,-0.6467816,0.11375777,0.60596323,36.514107,0.17339109,-5.9221177,-1.3799202,9.838408,1.4749333,-11.453881,-1.0477765,-9.922675,17.885754,0.0014719866,-0.0024164314,0.06389872,2.8901734,2.2093024,0.12789473,0.10385105,0.3036842,0.43736303,-36.404297,o,Ses01F_script02_1,Ses01F_script02_1_M004
79,38.756035,0.059453093,37.322666,38.19986,40.650253,3.3275871,19.564798,0.5283734,9.940755,6.7924833,0.37993053,0.60453176,0.11065436,0.3742032,0.5821228,0.47146845,2.7279606,1.7709739,2.4367344,1.043263,0.158095,0.7820775,33.589073,0.2388034,-7.291767,-1.4416804,-2.173978,-6.579134,-19.1355,-0.8231105,0.014951161,0.8977455,1.1241368,0.5146119,8.993828,0.34456557,5.689036,1.1968212,31.632528,0.20961519,767.95483,0.2646879,1391.7787,0.17555794,-94.24379,-1.0427314,1789.8346,0.14820509,1229.6923,0.31552416,-93.065254,-0.9480309,2879.6985,0.08777934,954.0813,0.30252507,-98.14835,-0.8565337,-16.16525,-0.44830868,30.101902,0.21270296,0.029010175,0.81263673,-0.02567983,-0.58046883,0.23051749,0.45078382,39.055683,0.12240484,-7.658633,-1.4890906,-8.149565,-1.7505229,-21.36258,-0.7899107,-9.677981,20.865732,-0.0025391618,-0.0052308557,0.05595858,2.5210085,0.5681818,1.04,0.58,0.4633333,0.53105766,-28.590857,q,Ses01F_script02_1,Ses01F_script02_1_M005
80,38.86158,0.09059935,35.456932,37.298943,43.150837,7.693905,18.870024,4.686767,22.12883,4.0288167,0.3842748,0.5371062,0.17307106,0.33419967,0.609443,0.43637195,4.2276907,1.9245282,3.0696392,0.79989964,0.14820133,0.767811,33.602074,0.22410297,-8.692104,-1.0758215,-1.1743445,-12.825057,-20.54628,-0.5845154,0.019380497,0.76127815,1.3115777,0.5925688,7.067723,0.281735,4.441771,1.7607714,29.199629,0.24742825,656.725,0.32730654,1404.8413,0.13848054,-80.68443,-1.1766032,1617.0288,0.13169777,1178.1375,0.23913585,-81.44486,-1.0502304,2724.804,0.10946997,1006.7048,0.54624736,-88.64647,-0.90275615,-11.826598,-0.3871567,28.225098,0.10408314,0.019222302,0.81401736,-0.017002944,-0.50026965,0.19172673,0.60808855,36.483124,0.123250395,-12.577325,-0.7658978,-5.5223994,-2.9137006,-22.909992,-0.52882063,-11.456189,20.818369,0.00068372575,-0.010844324,0.06145349,2.857143,4.0404043,0.1475,0.08227241,0.11,0.065319724,-30.525919,q,Ses01F_script02_1,Ses01F_script02_1_F002
81,35.493256,0.09058576,32.834908,35.699306,38.319237,5.484329,103.64065,170.26958,23.696684,7.958869,0.31306547,0.5241255,0.14997259,0.2895022,0.44155627,0.2915837,2.923025,1.7924061,1.7529722,0.9381712,0.09956445,0.79256934,25.914415,0.4340329,-6.6197658,-1.74121,11.857528,0.9981863,-13.7722025,-0.85928965,0.019352747,0.9267601,1.2055311,0.4310515,6.4424667,0.54253036,3.8482912,2.093772,18.97044,0.43295,627.4825,0.34507558,1385.665,0.17988673,-148.78117,-0.5548185,1609.1659,0.1542741,1113.5692,0.2556776,-141.4745,-0.5866059,2644.4106,0.09703441,943.4755,0.3190944,-143.81969,-0.55340314,-11.238864,-0.49327308,23.053495,0.24893335,0.015803944,1.3964474,-0.0108190235,-1.1800627,0.15321772,0.4629976,33.50941,0.2534671,-8.769417,-1.3566048,8.5848875,1.6474603,-13.98401,-1.0719447,-8.109536,16.757097,-0.00029420067,-0.004312395,0.07556174,3.3670034,2.0373516,0.14833333,0.07945998,0.3225,0.43627444,-34.432587,ans,Ses01F_script02_1,Ses01F_script02_1_M006
82,36.528435,0.20511945,29.953201,31.35344,45.969437,16.016235,23.603859,13.4826,91.82688,0.0,0.31733054,0.96791065,0.11408823,0.16985828,0.48583105,0.3717428,6.7051325,5.2699847,3.2403853,2.2379925,0.12124251,1.5652257,22.574064,0.32567406,-8.676878,-1.0260186,9.5675125,0.9618659,-15.320504,-0.78821135,0.016300343,0.8045592,1.4898709,0.4785086,4.376849,0.8840383,4.230223,1.324831,18.370571,0.4204795,702.3675,0.3091803,1392.8569,0.15582491,-166.20001,-0.42497087,1600.6833,0.12224345,1232.2682,0.1730053,-163.2701,-0.43653658,2661.2336,0.07907563,1057.8027,0.40797976,-165.48973,-0.40529466,-7.5166316,-0.6511045,20.971203,0.27933988,0.039676577,0.6421086,-0.008703521,-0.7301064,0.3615819,0.7327007,27.6248,0.24572554,-17.513338,-0.7045962,1.1981025,6.7512016,-28.348028,-0.3943502,-7.9620376,16.602545,-0.002980913,0.002254997,0.065894976,2.0408163,2.094241,0.085,0.03201562,0.296,0.32153386,-31.23425,q,Ses01F_script02_1,Ses01F_script02_1_F003
83,36.33242,0.15403901,31.77673,37.343987,39.062027,7.2852974,389.64832,467.67416,97.7513,162.3386,0.26736426,0.68799156,0.105767146,0.22578275,0.3824718,0.27670467,3.2499316,2.5356865,0.94571793,1.2862577,0.09518374,0.8687266,31.031801,0.2793861,-1.7965627,-5.437702,9.56231,1.1144704,-16.16272,-0.67355883,0.020811222,0.8503849,1.3672962,0.41927552,6.1352234,0.44538486,4.452761,2.560629,26.591196,0.29455522,615.8267,0.30258426,1359.5817,0.1522278,-158.83997,-0.4734053,1611.4858,0.1632321,1124.3654,0.17154887,-151.86368,-0.4985849,2726.7852,0.09655687,939.86523,0.3653599,-154.48288,-0.46288037,-12.995202,-0.4458538,24.961569,0.30331942,0.02554326,0.9036372,-0.016251715,-0.8066313,0.14516999,0.6220054,32.429142,0.29361784,-2.8992214,-4.767772,4.714769,2.5293787,-22.484743,-0.46870613,-12.310007,23.783934,0.0043122475,-0.006844793,0.074621394,2.2727273,3.1791906,0.07454545,0.062720686,0.22,0.24334785,-35.34711,ans,Ses01F_script02_1,Ses01F_script02_1_M007
84,33.462082,0.17895238,28.79753,31.056541,40.392284,11.594755,115.32249,25.264269,36.25762,0.0,0.34916264,0.7347698,0.11058788,0.27111614,0.59570515,0.48511726,4.8798356,2.7994633,2.9631274,1.4355054,0.11423407,0.8766258,28.804441,0.33430555,-7.038028,-1.6809345,13.118211,0.9160089,-16.63395,-0.73688763,0.016654283,0.8079471,1.4868599,0.6445441,5.667671,0.5310765,3.6278899,2.5688465,20.38533,0.405515,562.2922,0.26654148,1425.2826,0.14335743,-125.42083,-0.7187906,1531.9344,0.111991376,1136.546,0.1744596,-123.0637,-0.71126395,2618.9233,0.09588718,940.64764,0.35937488,-127.557594,-0.6429869,-9.604418,-0.5448591,23.597208,0.27799785,0.03166538,0.72076356,-0.010595329,-0.93984234,0.1762658,0.49928916,33.35884,0.28325382,-10.40912,-1.3809693,6.179587,2.1519346,-19.565098,-0.651708,-10.696867,19.25447,0.0047640293,-0.005931038,0.0762603,2.7649772,3.773585,0.098749995,0.06679025,0.12888889,0.1912209,-32.739914,dag,Ses01F_script02_1,Ses01F_script02_1_F004
85,34.601234,0.13405603,30.45655,30.645721,40.13445,9.677898,45.563175,2.093618,35.113716,0.0,0.24664827,1.3236153,0.09736941,0.12482287,0.2096439,0.11227449,13.29327,12.511318,-4.0031457,6.237526,0.10632265,2.0056808,27.68358,0.17683615,-3.1938212,-4.422815,15.17535,0.51573205,-8.698944,-0.809495,0.033061665,1.1669401,1.8230134,0.5832992,5.5848,0.4646854,7.9702444,1.3256849,21.215607,0.43935674,434.5505,0.2548672,1287.3064,0.095592186,-161.51054,-0.46224236,1484.1394,0.10984874,939.78894,0.20268396,-156.70186,-0.48030332,2452.5752,0.05653732,1132.562,0.42002672,-158.34879,-0.45719254,-11.690685,-0.81577855,22.502804,0.3658043,0.033968844,0.6524137,-0.005112806,-3.2060108,0.24967624,1.1896248,28.350573,0.25087693,-4.941193,-4.386659,19.282465,0.4477234,-11.635088,-1.0335444,-12.376973,21.854559,0.0038386458,0.0010164167,0.03272395,1.2987013,2.0134227,0.11,0.061644137,0.36666667,0.16977108,-31.694998,q,Ses01F_script02_1,Ses01F_script02_1_M008
86,38.287395,0.13726859,32.440266,39.10246,42.243233,9.802967,68.066124,33.32461,108.98036,83.16949,0.5700258,0.6958228,0.18292192,0.46540746,0.96033895,0.77741706,8.969171,6.530164,6.33122,2.726089,0.2797324,0.9191227,27.711742,0.36107674,-11.684122,-1.4128675,9.446255,1.5227491,-15.698605,-0.9280782,0.026980639,1.1883544,1.3365804,0.58238703,5.570445,0.6278885,7.9561596,1.2039461,21.432436,0.4409933,769.7941,0.3226818,1464.9069,0.16718276,-104.9734,-0.84877455,1685.4786,0.11906673,1160.4121,0.21943824,-100.86592,-0.8546662,2770.6208,0.10715402,1047.1232,0.355467,-105.442696,-0.78091824,-7.382752,-1.0649499,20.58179,0.4640612,0.041030567,0.55589974,-0.0066816118,-2.009617,0.39144808,0.5902949,29.315683,0.31919694,-17.071533,-1.089951,7.737039,2.028475,-17.569002,-0.9275051,-9.910721,20.435888,0.017682854,-0.0044484553,0.16341488,2.9787235,3.9130435,0.12777777,0.05730576,0.096,0.07914543,-26.745836,ans,Ses01F_script02_1,Ses01F_script02_1_F005
87,35.21178,0.22223361,25.195747,40.140175,42.042717,16.84697,69.9603,0.0,33.20732,38.828392,0.35931623,0.7992975,0.13287391,0.25690588,0.568361,0.4354871,5.59154,4.1574855,1.8891916,3.0882847,0.16409206,1.1352866,28.906826,0.37588328,-3.5748081,-2.585269,12.782902,1.1465918,-20.323994,-0.4656455,0.02223141,0.82597405,1.6329775,0.5572146,5.106569,0.6563421,8.041725,0.9842854,16.240704,0.8189321,817.26807,0.3603844,1443.2972,0.22169246,-143.87852,-0.558999,1822.8221,0.15780771,1161.2375,0.35114312,-138.14445,-0.58377147,2817.4329,0.10049776,1131.1527,0.33547258,-139.07747,-0.5722166,-11.440176,-0.5245811,22.023865,0.41918546,0.040200315,0.4645193,-0.019036599,-0.7798738,0.30503145,0.7397725,28.105358,0.47121873,-5.7615533,-2.1050744,16.133284,1.1056148,-26.529306,-0.344598,-12.5859375,24.19769,0.015922692,-0.010378075,0.07648558,2.9239767,3.030303,0.106,0.032,0.204,0.2037253,-29.53949,ag,Ses01F_script02_1,Ses01F_script02_1_M009
88,35.435513,0.105748326,32.332207,35.085957,38.94795,6.6157417,73.68182,93.03377,31.909071,13.335036,0.58177185,0.7069689,0.2249339,0.49127853,0.85126466,0.62633073,7.7782483,4.3254123,5.173971,2.6138248,0.23894474,0.80011433,26.865698,0.42536187,-7.5503182,-2.2516296,14.141356,1.1312618,-12.276452,-1.0295068,0.019342521,1.0277876,1.3159766,0.6244563,6.677594,0.448912,6.1394877,1.5398287,17.622915,0.68314296,714.1915,0.34099215,1421.7051,0.167122,-83.434746,-1.0515155,1715.4642,0.12383604,1183.1803,0.35388815,-81.54222,-1.0146679,2717.5132,0.10174472,1070.0339,0.3273146,-84.83215,-0.94635683,-10.322496,-0.8254321,20.11558,0.471554,0.039405324,0.5688318,-0.010189651,-1.3688909,0.31118396,0.6297911,28.268919,0.3667695,-9.980549,-1.9394388,16.513554,0.952869,-15.130851,-0.8025128,-8.954114,18.402035,0.018423187,-0.0036419213,0.10866624,3.716216,3.4364264,0.17899999,0.14549571,0.09199999,0.077562876,-25.884815,s,Ses01F_script02_1,Ses01F_script02_1_F006
89,41.664753,0.06337962,40.237022,41.86368,44.06433,3.8273087,31.292095,9.511455,12.597608,10.270873,0.5471836,0.67558736,0.2694887,0.43099862,0.69545496,0.42596626,11.066635,7.181348,2.7308931,4.6730537,0.2305183,0.66353136,29.397984,0.40177238,-5.5679884,-2.4076407,-0.81005454,-13.845697,-16.75009,-0.90275556,0.024246713,0.9943497,1.7111592,0.46551052,7.336591,0.4147593,12.525581,0.45887423,22.728159,0.35521868,694.2014,0.29301655,1518.4698,0.17212339,-113.66929,-0.813815,1632.8585,0.10381182,1275.1857,0.35354066,-91.44073,-0.96931994,2729.741,0.095205285,994.4697,0.44572094,-97.27184,-0.86135286,-10.6865835,-0.6276151,22.96158,0.35875964,0.030776454,0.5011657,-0.010199636,-1.0854733,0.27576676,0.6237816,26.796772,0.35455912,-7.245666,-2.1385138,-0.8559091,-13.789488,-19.142267,-0.68067575,-10.166303,22.35588,0.038823515,-0.018199071,0.16009036,4.464286,2.8301888,0.19666666,0.11469767,0.19999999,0.01,-27.006752,dag,Ses01F_script02_1,Ses01F_script02_1_M010
90,39.442173,0.15648818,30.817589,43.24256,44.105274,13.287685,22.008419,9.500251,69.73326,51.561146,0.5216794,0.6350392,0.29210028,0.41867802,0.6993041,0.40720382,8.949995,5.3999205,6.6067014,3.7675045,0.22140957,0.70286083,28.781107,0.38341817,-5.2854366,-2.0531926,6.7661023,2.101093,-24.107435,-0.49747655,0.019905832,0.83920014,1.3583398,0.5580151,7.5237236,0.49593008,8.686928,1.3760735,19.013111,0.4861314,679.10913,0.35433796,1370.4817,0.14803635,-96.559074,-0.9467127,1712.3132,0.124051206,1164.6746,0.34252366,-87.7756,-0.95100415,2708.5574,0.09575218,1049.1552,0.36259627,-91.17539,-0.88523114,-11.524294,-0.52875525,21.782442,0.36036322,0.0405677,0.51927096,-0.012556578,-1.1251062,0.26737094,0.6248098,27.617535,0.332965,-7.9714556,-1.4900148,9.7736,1.4887435,-23.758032,-0.5420865,-11.566288,22.621082,0.035004232,-0.020525083,0.15612732,3.3149173,4.0,0.14428571,0.08278321,0.09833333,0.040173233,-27.358953,q,Ses01F_script02_1,Ses01F_script02_1_F007
91,29.530155,0.114933,27.888992,30.419378,31.981041,4.0920486,30.944498,14.832199,31.22074,15.85729,0.24136795,0.5907269,0.12075267,0.19397874,0.34080926,0.2200566,2.0164254,1.174292,1.2333181,1.2037987,0.07455069,1.0193093,29.179676,0.32368377,-3.0619795,-3.3327632,11.848255,1.180556,-13.730534,-0.7016287,0.019147292,1.2439523,1.3091862,0.45834413,4.4658017,0.6207184,-0.7949318,-14.017012,22.174112,0.4461912,625.0125,0.35326743,1391.4711,0.14838544,-138.48337,-0.62812704,1637.6669,0.16448091,1109.1332,0.18552192,-140.36115,-0.58878165,2720.81,0.11315332,998.76807,0.23030843,-143.4588,-0.5456262,-11.484662,-0.5951015,24.801237,0.2624253,0.025398634,0.76829237,-0.016722532,-0.81869,0.124230206,0.80380374,35.72737,0.21459523,-4.265463,-2.9619825,5.9738727,3.016191,-16.75474,-0.69226766,-10.535608,19.911348,0.003381178,-0.0032508592,0.05106036,1.7883755,2.4024024,0.126875,0.080445535,0.28599998,0.2943875,-36.351334,ans,Ses01F_script02_1,Ses01F_script02_1_M011
92,31.278133,0.111751795,28.465593,32.69031,33.62977,5.164175,26.34386,10.746945,52.97014,17.357553,0.1706083,0.42719337,0.102843046,0.15616132,0.22139451,0.11855146,1.4840548,0.9818928,0.8187779,0.56601983,0.04414919,0.72456753,25.852564,0.33632186,-1.0174336,-7.745049,14.951515,0.48995623,-10.288141,-0.5424171,0.023485122,1.1289148,1.3033986,0.41718727,5.745392,0.42934075,2.2410054,4.055092,24.182634,0.3381465,603.2796,0.3016738,1388.623,0.11809072,-173.04543,-0.37335917,1602.1844,0.1441244,1112.1428,0.1564266,-173.84465,-0.3506911,2690.7756,0.09607602,958.5783,0.26589102,-174.85028,-0.33581975,-16.052607,-0.2788392,27.899061,0.22846493,0.017127218,0.99792624,-0.012825166,-0.74984443,0.08771426,0.38153806,37.886726,0.15043966,1.7133924,5.217948,11.106121,0.8617819,-6.3205276,-0.9283795,-10.686783,19.473312,0.0005255975,-0.0009939254,0.036467664,2.7510316,1.2465374,0.11333333,0.08445905,0.60099995,0.61012214,-41.69943,o,Ses01F_script02_1,Ses01F_script02_1_M012
93,36.780285,0.058183312,35.369896,37.636932,38.183155,2.8132591,78.74834,64.23475,42.8064,30.03759,0.23912029,0.41485772,0.14171624,0.24085028,0.30964565,0.16792941,1.3334255,0.93629676,1.2632405,0.7586491,0.06867092,0.56875014,29.689693,0.24866717,1.2275327,6.285281,14.010542,0.6043664,-14.458234,-0.56148005,0.016663956,0.76348364,1.1858674,0.6368427,8.669143,0.36126536,8.883228,0.94728446,29.460577,0.26801828,590.3026,0.31335673,1440.355,0.11658008,-135.66779,-0.6355006,1619.7256,0.11955646,1167.5472,0.23910384,-124.950714,-0.6599229,2697.345,0.08697095,976.7727,0.23939197,-128.34186,-0.61265796,-18.18915,-0.26873904,29.776823,0.19197842,0.034876913,0.5393574,-0.014208221,-0.7835495,0.08695792,0.40704018,33.60501,0.19538707,3.2464952,2.239899,12.133837,0.79283464,-17.582554,-0.49472973,-11.955098,21.767712,0.009765655,-0.0031477783,0.056053203,2.7707808,2.8061225,0.14454545,0.16532962,0.175,0.17211914,-36.507805,q,Ses01F_script02_1,Ses01F_script02_1_M013
94,36.155125,0.0276714,35.369373,35.783974,37.56142,2.192047,8.183861,0.0,8.054352,17.10297,0.18491305,0.69673985,0.1083908,0.13833433,0.19365521,0.08526441,1.0823122,0.905105,0.71369094,0.4293827,0.052034292,0.9308476,29.172495,0.22074243,-2.2919035,-3.6964383,15.303354,0.57496107,-11.621287,-0.605646,0.01243464,0.87084866,1.0027854,0.86134857,8.677841,0.35778892,12.09871,0.5619904,29.793564,0.19919074,654.13275,0.2897288,1412.1028,0.0794633,-171.20561,-0.3856556,1726.2642,0.09515418,1171.9548,0.2857925,-169.90916,-0.37783134,2801.8455,0.08865103,957.5995,0.14761351,-170.80014,-0.36465186,-17.949924,-0.29851258,26.6367,0.19447882,0.049121257,0.45076194,-0.011891672,-0.57941,0.08404907,0.5013075,34.929283,0.15410617,-0.5184434,-21.00998,21.323223,0.5315477,-19.529804,-0.33798125,-11.270726,21.452734,0.000617208,-0.0011681113,0.046952203,1.4705882,1.5267177,0.105,0.044999998,0.35,0.29877526,-38.47112,ans,Ses01F_script02_1,Ses01F_script02_1_F008
95,29.332203,0.10202696,25.99562,29.003294,32.182262,6.1866417,25.559671,18.714392,146.24374,290.82608,0.14589143,0.48777676,0.09978257,0.11317619,0.19199283,0.09221026,0.97432363,0.7320566,1.0361574,0.8933274,0.037969865,0.6489101,29.776693,0.22670498,-0.46235228,-12.103617,13.576076,0.61905205,-11.696947,-0.57145685,0.015171904,0.9212373,1.2956914,0.5191145,4.7015877,0.44620314,0.70828575,11.029504,23.941666,0.34943762,661.85944,0.30704656,1359.6376,0.13066915,-167.38606,-0.42707193,1695.2257,0.14995827,1180.8256,0.24397282,-168.70604,-0.39739224,2772.0647,0.09736521,1084.3895,0.24177352,-170.17545,-0.3751125,-14.299442,-0.44725847,27.9279,0.19633038,0.020920398,0.7752054,-0.02131765,-0.7028772,0.07794965,0.32844412,39.74934,0.13340282,-2.2884026,-4.3734937,5.2880597,2.773151,-13.908024,-0.8089803,-13.148186,22.424164,0.0009986175,-0.0029468974,0.029338855,1.9102198,1.0556622,0.16,0.13843279,0.7025,0.9427895,-42.834675,q,Ses01F_script02_1,Ses01F_script02_1_M014
96,26.438742,0.108167894,23.69604,26.12827,27.068764,3.3727245,31.046535,9.259045,11.117073,4.211451,0.19907527,0.38634858,0.13525693,0.17779791,0.27051374,0.13525681,1.5470387,1.0129285,1.0710505,0.5114897,0.04877435,0.543745,25.401285,0.38501126,-0.75689214,-11.758862,13.110842,0.7487989,-7.559966,-1.0479478,0.013388381,0.9635571,1.1330253,0.5344928,3.8577113,0.636087,4.676786,1.4077587,19.000957,0.32096028,611.2461,0.40736157,1370.0715,0.14210466,-154.46422,-0.5103597,1567.0632,0.1774186,1118.6261,0.16729762,-155.31487,-0.49463463,2620.1353,0.12171417,992.62115,0.30441737,-157.43852,-0.4639941,-11.495395,-0.47475016,22.550121,0.28702542,0.009448832,2.102509,-0.006956516,-1.6328216,0.0646723,0.2872356,33.12547,0.22734584,-3.7975428,-2.5619268,11.311631,1.0578115,-6.448453,-1.6389245,-10.401795,19.26074,0.0019935376,-0.00055325544,0.04401391,3.1390135,1.9578314,0.11461538,0.14118266,0.3746154,0.42554244,-41.67956,o,Ses01F_script02_1,Ses01F_script02_1_M015
97,32.805923,0.07263814,31.249144,32.580856,35.024406,3.7752628,28.775824,13.254344,11.87586,20.450071,0.3249485,0.59056467,0.1357979,0.2851453,0.47907677,0.34327888,3.19997,1.5975441,2.3310623,1.4878947,0.10505601,0.87385315,25.87724,0.3744423,-6.68466,-1.4643643,14.841901,0.74981093,-10.55703,-0.9056936,0.022144949,0.92661834,1.3630987,0.33230108,4.8024907,0.5984173,-1.1274889,-9.683921,14.537959,0.647207,547.9385,0.3731096,1327.8737,0.13873543,-142.67894,-0.5909658,1564.1261,0.17974369,1068.3477,0.241932,-139.37538,-0.60343355,2580.5178,0.10459643,918.62775,0.28040823,-141.72102,-0.5693228,-9.901108,-0.44339502,20.519173,0.2722873,0.027616914,0.6499622,-0.012923397,-0.88765496,0.19158038,0.5012494,32.646927,0.24458162,-10.843335,-1.1313733,8.656188,1.6653631,-13.860385,-0.84613675,-8.833978,16.99281,0.0067326133,-0.0005965691,0.06446722,3.652174,2.4561405,0.12357142,0.08388828,0.28153846,0.38681832,-33.801533,o,Ses01F_script02_1,Ses01F_script02_1_M016
98,37.984802,0.031822667,37.942112,38.124886,39.02815,1.0860367,33.69581,44.745377,11.98005,1.78333,0.47366703,0.6596203,0.19435728,0.4709202,0.6598935,0.46553624,5.6879125,5.5773344,4.593411,4.7202415,0.21268845,0.8541748,23.70226,0.32889014,-3.4854455,-1.6403775,14.730244,0.6041966,-8.149627,-0.65664196,0.012384213,0.57122654,1.3202993,0.41415808,7.4996767,0.28889367,19.344809,0.318581,25.807167,0.25115004,610.0216,0.3529279,1347.0569,0.10589629,-186.89737,-0.25136313,1575.0023,0.1069194,1077.794,0.21247475,-166.20944,-0.41552246,2613.412,0.11609965,885.8613,0.155111,-167.69597,-0.39362937,-12.920482,-0.25411415,20.55193,0.22764002,0.03369956,0.30847546,-0.017686337,-0.4187115,0.2830118,0.36070246,27.05276,0.18988349,-0.30098104,-13.254297,6.001674,1.3844457,-5.5107703,-0.67834586,-8.583015,17.545788,0.017738134,-0.008964833,0.2036057,1.6949153,1.7441862,0.09666667,0.046427958,0.34,0.20518284,-29.193281,oth,Ses01F_script02_1,Ses01F_script02_1_F009
99,25.883759,0.12453013,23.47624,25.061607,27.98149,4.505249,28.389217,23.50154,100.56316,103.11584,0.15470643,0.3190033,0.111805886,0.14438638,0.19597283,0.084166944,1.0580648,0.7731441,0.49739033,0.4615297,0.04047454,0.46831724,28.335865,0.31316808,0.19881928,34.198246,14.748977,0.6368355,-9.095885,-0.7885117,0.015688974,1.1631627,1.2042669,0.44841146,4.400747,0.40853935,9.036266,0.7947104,29.316599,0.23038153,613.3773,0.32597926,1449.5942,0.12952802,-150.7723,-0.53724724,1635.7803,0.14836252,1165.3387,0.15592259,-152.82906,-0.5018114,2724.8186,0.10360861,1073.5,0.29056507,-155.28174,-0.46779707,-16.286383,-0.25429097,28.498783,0.17575626,0.00927393,2.0043983,-0.010114451,-1.1036572,0.04813127,0.33099046,36.27829,0.14668347,3.4069264,1.9418187,12.634163,0.74900657,-7.3797517,-1.1352422,-12.05342,21.451248,-0.0045145154,-0.0006545358,0.03784399,3.0129125,1.734104,0.14416666,0.08361202,0.38,0.40884453,-43.7378,o,Ses01F_script02_1,Ses01F_script02_1_M017
100,30.492725,0.098162964,28.581741,28.690132,35.395878,6.8141365,1.9693222,0.0,30.300426,0.0,0.17928554,0.45421237,0.11821467,0.14825644,0.21561164,0.09739697,2.7700408,1.3430245,1.2991987,1.0545697,0.042145204,0.73461574,23.053356,0.37534395,2.8716326,2.9612663,13.108466,0.53073525,-10.812926,-0.9555451,0.010348908,0.54355735,0.7612674,0.4985502,8.17155,0.29695994,3.2702217,2.5324605,31.869139,0.17557867,768.79193,0.2379781,1546.2225,0.19043107,-153.59853,-0.512589,1765.5835,0.13378422,1217.8213,0.1473235,-155.15297,-0.46871674,2889.8892,0.100031815,882.99915,0.2287348,-156.5097,-0.45142314,-21.128042,-0.22709043,31.969164,0.19724217,0.027964622,0.56487894,-0.017743727,-0.65176183,0.058058046,0.47407562,34.887653,0.17367403,12.448556,0.57117975,14.359223,0.33592886,-17.00633,-0.82468337,-8.530941,18.483734,-0.0040283096,0.006217872,0.036582608,2.6178012,1.6129032,0.15666667,0.12918547,0.32999998,0.22192341,-39.400593,s,Ses01F_script02_1,Ses01F_script02_1_F010
101,33.038795,0.08111908,30.72873,32.049366,37.184284,6.455555,14.759494,1.891877,10.316438,7.655342,0.36525366,0.7805324,0.12714624,0.3003579,0.50831425,0.381168,7.55858,8.015228,1.4648749,2.889549,0.11996804,1.054981,27.963427,0.2734626,-8.154315,-1.5506337,16.206503,0.86932254,-12.587881,-0.9205631,0.014526617,0.89633,1.041604,0.48351815,6.647576,0.35151926,-2.1933112,-5.953186,15.760402,0.6055031,647.94366,0.36163756,1353.998,0.146993,-101.77401,-0.92772347,1696.2377,0.13883375,1085.5787,0.30798465,-103.37267,-0.8546801,2674.091,0.09622322,912.44666,0.17658821,-106.160126,-0.8061979,-11.653498,-0.61727536,22.13785,0.28503427,0.024425996,0.93231475,-0.016824817,-0.97217226,0.1714586,0.8612659,32.457397,0.20041938,-8.84311,-1.7084821,16.334303,1.0506316,-15.133222,-0.9394661,-8.950702,18.334482,0.0062839775,-0.0017937383,0.059556246,2.3255816,1.9138757,0.26999998,0.19532023,0.2325,0.19136027,-31.801743,q,Ses01F_script02_1,Ses01F_script02_1_M018
102,33.58436,0.1027757,30.321762,31.910402,37.6505,7.328739,9.336905,1.0381635,16.200106,6.603387,0.3324465,0.89167154,0.115239695,0.24070871,0.49533778,0.3800981,7.208757,6.7409525,3.3452454,2.5360014,0.113333896,1.157044,29.81401,0.26962283,-4.1935205,-2.9863057,9.0592165,1.0935657,-13.079707,-0.6779238,0.014691594,0.6027697,1.0900527,0.44461614,6.262658,0.31346932,4.3711176,1.9596536,26.09947,0.39137894,670.3804,0.2955728,1468.6887,0.135852,-112.56724,-0.83047485,1632.596,0.110514104,1093.6044,0.19918573,-113.309074,-0.7897885,2728.6484,0.08876834,1013.73615,0.38152337,-119.79509,-0.69051886,-10.681051,-0.5641507,25.275824,0.3066214,0.033110403,0.7244333,-0.008956268,-1.4625485,0.18516327,0.8409329,33.381924,0.23147213,-8.259266,-1.6208775,5.5622563,1.9745119,-16.57189,-0.4876721,-12.008231,23.3176,0.0058325636,-0.004807376,0.05454389,2.293578,2.347418,0.19,0.10733125,0.212,0.22868317,-31.947077,c,Ses01F_script02_1,Ses01F_script02_1_F011
103,35.50132,0.06970461,33.469654,35.09651,37.95365,4.4839973,35.597507,12.225803,25.24217,15.829306,0.23119137,0.62112343,0.09473552,0.2008091,0.36953562,0.27480012,2.113437,1.3296409,1.8391515,0.7605077,0.07663941,0.8702647,32.65408,0.24410383,-4.9178476,-1.8217343,9.778706,1.1746542,-11.189435,-0.9274957,0.017751245,0.9213643,1.2031399,0.50630957,7.384574,0.34294903,3.3989067,2.916832,24.45279,0.28692493,697.20416,0.33604765,1399.4067,0.16583548,-149.36122,-0.5472316,1696.1936,0.15082225,1188.9272,0.23211549,-142.56471,-0.57515395,2717.5842,0.119436406,1064.4324,0.2832723,-145.28471,-0.53751534,-13.083927,-0.3993625,25.027391,0.23950236,0.025396813,0.7548987,-0.010248635,-1.1353303,0.1135207,0.45560962,36.284058,0.2438699,-7.322745,-1.4728124,8.4211645,1.76639,-11.457419,-1.0112872,-12.317644,24.123016,0.0070324275,-0.005893375,0.05941939,2.6533997,1.8394649,0.16454546,0.14987046,0.32833332,0.57637995,-36.1379,q,Ses01F_script02_1,Ses01F_script02_1_M019
104,39.55317,0.13401115,34.96332,38.21626,45.419556,10.456234,127.846,0.0,-35.273617,39.200077,0.34639278,0.85400015,0.09801836,0.23012793,0.5548739,0.45685554,4.644178,1.8949504,4.7966967,2.265828,0.1545722,1.1154485,29.542084,0.2865093,-5.689603,-1.664183,12.877868,0.8014159,-13.979429,-0.91381824,0.02966532,1.0373292,1.366337,0.64144754,6.6547346,0.6216717,13.381403,0.6741538,24.463589,0.31714803,649.763,0.32340056,1300.2683,0.12603673,-162.44537,-0.44535923,1687.6538,0.08738174,1033.7985,0.25043327,-151.94514,-0.5010511,2730.9836,0.07503103,853.1839,0.29549944,-153.9767,-0.4732047,-12.987073,-0.48967522,21.287737,0.37206858,0.055546753,0.57240915,-0.019897327,-0.61488926,0.3271879,0.5219672,30.461885,0.26963064,-11.225847,-1.1324298,12.509804,0.9312902,-21.436703,-0.67914736,-11.756837,21.772041,0.0072743627,-0.007582486,0.09741583,3.1847136,2.631579,0.0925,0.028613808,0.212,0.20380382,-29.808386,ans,Ses01F_script02_1,Ses01F_script02_1_F012
105,32.313885,0.008570735,32.03902,32.28433,32.570534,0.5315132,0.14495888,0.0,0.0,0.0,0.17160301,0.52705467,0.10556899,0.13448888,0.22203776,0.11646877,1.2031872,0.62524754,0.96358496,0.5731097,0.049569614,1.0640783,24.228539,0.33284757,-3.0488136,-2.7038262,13.324825,0.683554,-8.006963,-0.8035474,0.029097868,0.0,2.3049161,0.0,1.3059824,0.8475242,-14.792176,-0.20637524,16.19959,0.2327015,754.8472,0.09363613,1344.3506,0.07013823,-195.6988,-0.14586863,1624.338,0.046835404,1243.0806,0.10523398,-195.96309,-0.13856249,2584.0283,0.023789804,1005.02026,0.09405711,-196.25755,-0.1304197,-9.3204155,-0.2871607,25.654102,0.20844525,0.031904373,0.55468494,-0.012497786,-1.0268607,0.06819461,0.20939423,31.246483,0.20920406,-5.3226295,-0.40726444,4.164114,1.7318531,-12.311732,-0.5093904,-10.419941,19.720787,-0.0028837859,-0.0011405592,0.05020662,2.6595745,0.5464481,0.04,0.0,0.88,0.32999998,-40.91472,ag,Ses01F_script02_1,Ses01F_script02_1_M020
106,42.15976,0.13225995,34.143585,42.021988,48.128662,13.985077,49.119465,0.0,-43.721962,0.0,0.35487565,1.1375515,0.099033624,0.122056216,0.5466534,0.44761977,6.8674493,6.594595,7.176986,3.71272,0.15498513,1.5269363,24.687984,0.26417837,-7.33798,-1.433649,14.229983,0.82690793,-14.883783,-0.78275454,0.024526417,1.0068762,1.3535899,0.55801594,8.046951,0.40109694,7.261484,1.3392637,23.294104,0.40472862,737.6639,0.30770656,1297.4456,0.14626735,-167.4066,-0.4344488,1712.4365,0.109068215,1126.7432,0.28896642,-161.02791,-0.45861408,2793.8977,0.08161292,1085.7703,0.3531723,-163.40207,-0.42568594,-10.231867,-0.6215042,23.521364,0.29736862,0.029628715,1.4799647,-0.01679057,-0.6771669,0.43726704,0.5977325,30.62136,0.12446053,-19.380875,-0.5713914,1.9608531,8.03828,-27.837337,-0.4426817,-9.833021,18.654331,7.533297e-05,-0.0016286409,0.08326835,1.5151516,1.5544041,0.12666667,0.03681787,0.48999998,0.3149603,-28.309786,s,Ses01F_script02_1,Ses01F_script02_1_F013
107,34.035473,0.06140812,31.423592,34.690353,35.728493,4.304901,41.96333,0.0,-25.461578,0.0,0.17986672,0.6888885,0.09309232,0.09905809,0.27058408,0.17749175,2.5591335,2.0156298,2.3135743,1.2001861,0.062422965,0.8853636,30.986795,0.18514068,-0.43550104,-16.500475,13.682898,0.4795798,-8.769303,-0.68267727,0.02401957,0.5964619,1.3546562,0.48401695,5.4120617,0.25604177,2.169774,6.298467,25.474813,0.35109982,488.7153,0.30836484,1284.8322,0.11217082,-173.06213,-0.3732494,1520.3363,0.081174925,1020.28937,0.17720488,-172.85684,-0.3578657,2602.1245,0.059932735,1050.7692,0.32040933,-174.36809,-0.3355992,-14.31104,-0.32663426,25.64669,0.17612249,0.030647393,0.6054056,-0.011081256,-0.6278706,0.13783981,0.371944,34.399147,0.18550774,-4.256129,-2.92912,12.349215,0.9851569,-11.360696,-0.9628459,-14.108612,24.23313,0.0021494222,-0.0043020183,0.048654873,2.2727273,1.8604653,0.0725,0.012990381,0.354,0.2889706,-38.545467,s,Ses01F_script02_1,Ses01F_script02_1_M021
108,43.377266,0.14457561,38.78337,45.418888,47.46494,8.681568,40.33506,0.0,-277.73157,0.0,0.39648905,1.0999327,0.09302247,0.11878358,0.8004533,0.70743084,9.103717,7.187145,7.1180716,3.4415357,0.2248216,1.6048535,27.983397,0.20492217,-5.9175096,-1.9455805,5.083569,2.46786,-21.56807,-0.8106544,0.040538333,1.1291084,1.1432221,0.5303691,6.9190683,0.5182432,9.89967,0.7914952,23.702616,0.38908783,783.5441,0.23553875,1481.4479,0.30620384,-156.5242,-0.50744873,1654.9222,0.11940861,1198.2108,0.26994297,-146.26009,-0.5577005,2843.9263,0.079885855,811.248,0.40722212,-149.37965,-0.5130532,-9.480204,-0.75084645,24.550705,0.30703217,0.061985143,0.25599506,-0.013055544,-1.0401984,0.44659412,0.7663773,28.38535,0.24890241,-14.4767885,-1.069153,-5.937635,-2.1738324,-35.244133,-0.34817764,-12.214955,22.92115,0.006571914,-0.006184138,0.14085008,2.0618558,1.5873016,0.17666666,0.13719411,0.3225,0.27878082,-26.56012,c,Ses01F_script02_1,Ses01F_script02_1_F014
109,32.363552,0.08652914,30.106314,32.537704,35.4592,5.352888,152.7831,255.16205,38.0724,39.51059,0.2615268,0.5141128,0.10859282,0.25138968,0.38115507,0.27256227,2.5127213,1.9153478,1.6637818,0.91805196,0.08487951,0.67843527,32.825756,0.23583385,-1.4561276,-5.669385,11.734564,1.001094,-10.103557,-0.9483937,0.016003702,1.030296,1.163693,0.5378513,6.399233,0.3939109,2.0064535,5.545763,24.323643,0.3465,629.9578,0.3437093,1366.6306,0.12880568,-125.46042,-0.7197903,1645.9294,0.15505949,1120.1208,0.19636175,-126.42832,-0.6706812,2714.3435,0.10338503,1018.101,0.25836596,-129.93686,-0.620764,-14.054947,-0.37698781,25.94781,0.2271263,0.025022537,0.62115663,-0.012376211,-1.1050512,0.11155679,0.41582558,36.139057,0.18296489,-1.9587388,-4.617832,9.149537,1.4577683,-10.231189,-1.0475271,-13.242381,22.926567,0.007487935,-0.0073587988,0.065961935,3.3594627,2.7057498,0.1425,0.14669271,0.21565217,0.23708053,-35.169537,q,Ses01F_script02_1,Ses01F_script02_1_M022
110,34.103477,0.07885821,31.061785,35.370567,36.835243,5.7734585,23.68635,13.768782,29.945496,10.588494,0.19403473,0.7046561,0.09328205,0.10240977,0.33876464,0.2454826,2.829592,1.2132276,3.2491727,2.2286346,0.06629359,1.045738,30.643232,0.2105419,0.6415592,10.27414,16.776598,0.51293,-9.746858,-0.74051374,0.02106288,1.3971653,1.3621042,0.70201814,8.30318,0.2567028,5.5065618,1.7443262,28.813972,0.19967662,573.3188,0.30893388,1423.5757,0.11278994,-139.94582,-0.63552654,1651.0574,0.1024509,1101.6423,0.24563713,-144.00757,-0.5597182,2743.4353,0.0764063,1042.3835,0.3725978,-146.37471,-0.526395,-17.070597,-0.3200339,25.987785,0.26629195,0.045516267,0.42651618,-0.013994896,-0.67283446,0.13154215,0.4985895,34.09553,0.26975507,2.5734982,3.595726,17.98588,0.7363828,-14.8643675,-0.6570134,-14.700357,24.365955,-0.0044785463,-0.0023107033,0.03741843,2.5974026,1.7699115,0.17,0.09721111,0.37,0.40945083,-35.160748,ans,Ses01F_script02_1,Ses01F_script02_1_F015
111,31.923054,0.011588602,31.561533,32.019794,32.264328,0.702795,0.14952959,0.0,0.0,0.0,0.10769222,0.28313068,0.091293156,0.095798984,0.10486603,0.013572872,0.41464046,0.43800223,0.65444976,0.17116185,0.026431786,0.4143218,29.9276,0.1491455,-2.6387055,-0.9233251,12.137687,0.4195577,-7.9823523,-0.42550772,0.019815402,0.29623207,2.3030581,0.17334989,4.2310543,0.35197642,-7.4425116,-0.2089616,22.685776,0.15926693,593.0328,0.14375438,1562.0946,0.09540278,-193.72122,-0.17799331,1590.9084,0.08866427,1381.2206,0.04294919,-194.33646,-0.16237462,2637.941,0.041533012,1182.6794,0.07388446,-194.7565,-0.15124454,-13.292331,-0.10781374,26.58417,0.07442531,0.0074437982,1.2916642,-0.017933276,-0.3191523,0.041972633,0.33751562,39.843945,0.1256874,-3.2323823,-0.6681996,2.541598,2.422929,-14.806708,-0.12002657,-13.451179,23.936972,-0.006522658,-0.0018535166,0.0262322,1.0416667,0.53475934,0.06,0.0,0.89,0.099999994,-48.858925,q,Ses01F_script02_1,Ses01F_script02_1_M023
112,33.043144,0.06798477,31.788483,33.386047,34.11711,2.3286285,88.34372,95.411606,23.69035,4.893961,0.21267617,0.7837552,0.09822744,0.14968494,0.2864891,0.18826166,2.8348656,3.0317967,2.4029174,0.9104164,0.06282104,1.1531332,22.608156,0.47432864,1.7703984,5.7216043,15.749945,0.53538895,-7.971226,-0.738458,0.019100675,0.69998133,1.0573201,0.47937372,6.037029,0.42835674,8.163141,1.1757922,26.661425,0.1977689,606.2395,0.26115102,1392.6604,0.10890971,-159.55032,-0.48101738,1708.3942,0.0739304,940.7229,0.25623122,-160.71184,-0.4489132,2795.8567,0.0786226,1240.9034,0.44239742,-162.0625,-0.4297611,-12.024612,-0.44936243,18.668486,0.34085655,0.035667606,0.57515323,-0.017590635,-0.5708207,0.16147096,0.57900894,27.16904,0.46803492,3.032473,5.1454067,19.971077,0.70237,-12.863071,-0.5340611,-11.365618,20.697514,-0.0022127077,0.000157319,0.035861496,2.34375,1.5936255,0.13,0.047434162,0.38,0.30199337,-35.908035,ans,Ses01F_script02_1,Ses01F_script02_1_F016
113,32.637745,0.12080111,29.597147,33.14414,35.973305,6.3761578,176.15959,293.96194,22.093422,16.050137,0.27176255,0.54245853,0.12932843,0.25129494,0.39531165,0.26598322,2.4447322,1.7559743,1.4755002,0.8527527,0.092521876,0.80384254,27.949652,0.35693341,-1.4896954,-6.63745,15.535658,0.78922945,-9.793284,-0.84141046,0.01918426,0.8947132,1.270158,0.459774,6.226576,0.43830353,5.0874977,2.1664507,23.444756,0.44942966,657.68774,0.35538083,1353.7855,0.15395306,-135.1099,-0.64592654,1704.4545,0.15327227,1079.624,0.25360417,-133.26637,-0.62338006,2724.4814,0.103333205,1023.7558,0.36333746,-134.902,-0.60038215,-14.199462,-0.40764454,23.853582,0.2928848,0.02903322,0.71669793,-0.012051524,-0.9701134,0.13069686,0.5437619,32.76991,0.24104537,-2.631761,-4.609682,16.703749,0.90250856,-11.197743,-0.83543867,-11.071473,20.036665,0.0068810624,-0.00216293,0.06988748,2.2568095,2.5000002,0.14093749,0.09677162,0.25366667,0.30957478,-34.60686,o,Ses01F_script02_1,Ses01F_script02_1_M024
114,39.797523,0.10795777,35.995995,40.857082,43.26048,7.2644844,39.41458,21.218798,80.07097,217.34216,0.7013847,0.73774844,0.19283915,0.6138458,1.1716214,0.9787823,10.788266,4.9126287,6.3978987,3.4152086,0.30721956,1.053493,20.378647,0.5832005,-10.909867,-1.4447052,16.24327,1.0206938,-18.772324,-0.69317806,0.020904217,1.4382828,1.0323594,0.69286174,8.088613,0.5205933,10.604228,0.9731466,16.278164,0.6469083,656.0479,0.3704154,1359.6182,0.17196245,-127.73783,-0.7085011,1702.7584,0.11771903,1043.4832,0.3364372,-111.33292,-0.80510634,2689.9736,0.08649275,1086.3334,0.39088055,-112.072784,-0.7929462,-8.400465,-0.80415416,16.720854,0.481231,0.04579283,0.49971893,-0.01663872,-1.015717,0.39801654,0.65062016,23.920597,0.34589785,-16.610441,-0.96416074,14.624135,1.3301866,-25.607302,-0.4920959,-5.752755,13.7742405,0.0136754485,-0.0015490125,0.2251839,3.1938326,1.9933555,0.23277777,0.19846089,0.2617647,0.30686718,-24.011715,s,Ses01F_script02_1,Ses01F_script02_1_F017
115,30.675209,0.122480124,26.957052,31.787888,33.573387,6.616335,40.64246,23.845291,79.614555,63.656162,0.24014618,0.6806865,0.09753902,0.18131346,0.38053066,0.28299165,2.3225467,1.6922675,1.5262152,1.1335863,0.08763362,1.0741953,31.324028,0.27368423,-3.8576443,-2.5947793,15.000146,0.9611665,-9.332266,-0.99433833,0.024856254,1.6266409,1.351169,0.48547092,4.823928,0.53526473,1.3278712,7.6998034,21.670717,0.407916,617.64105,0.365213,1362.8124,0.14990658,-139.25323,-0.6160383,1633.5829,0.16309227,1087.6061,0.27249202,-140.32205,-0.58282626,2691.1375,0.105087556,1037.8275,0.3958993,-142.89291,-0.54652905,-12.587621,-0.5146231,24.72812,0.25056925,0.023448884,0.7792544,-0.014103543,-1.1146967,0.15132947,0.7373931,37.092037,0.18442056,-4.760021,-2.5703166,11.43263,1.6546795,-12.640923,-0.9735725,-12.032332,21.290903,0.00093018985,-0.0022828013,0.056487713,1.911315,2.532617,0.12121212,0.105966195,0.260625,0.31632593,-34.26479,o,Ses01F_script02_1,Ses01F_script02_1_M025
116,30.715462,0.14368436,26.133009,30.764727,35.375317,9.242308,204.8322,319.3551,43.537468,22.907923,0.20282385,0.6473334,0.102246,0.15796435,0.2677011,0.16545509,2.5984614,2.2383375,1.2165053,0.95148367,0.05575939,0.88648444,26.45307,0.3605902,-1.7752192,-6.073609,13.499555,0.7888642,-6.6856327,-0.9967415,0.015205246,0.8830579,1.3373525,0.3730419,4.250873,0.6035994,1.2849582,7.246685,18.86652,0.36461973,602.8655,0.34735978,1379.8701,0.12592088,-159.48708,-0.4812885,1599.9088,0.14849855,1126.1743,0.16501966,-157.0619,-0.482558,2659.2795,0.116406,1038.7739,0.22176296,-158.73888,-0.45968816,-10.647937,-0.44162872,21.4756,0.23699142,0.03226278,0.51952034,-0.012272089,-0.83397657,0.10831367,0.5781548,35.49265,0.2007194,-8.494398,-1.7055204,6.417255,2.2162359,-6.6647153,-1.4061921,-11.098955,19.320625,0.0014922052,-0.000506301,0.040296756,1.9455253,1.768173,0.12333333,0.089814626,0.379,0.37930068,-39.19923,o,Ses01F_script02_1,Ses01F_script02_1_M026
117,32.99683,0.17025593,27.951649,30.74395,40.18031,12.228661,47.98053,34.281788,24.903543,13.4019985,0.36960557,0.7889727,0.11330538,0.28347376,0.5691247,0.4558193,5.3144736,3.712728,3.9573934,2.442228,0.12878126,1.1306994,24.181042,0.54663646,-3.095243,-3.7100413,17.78725,0.7373974,-8.925686,-1.298788,0.019491185,1.3971082,1.1446843,0.60638124,6.5994577,0.55865157,6.605828,1.5365005,19.239382,0.48841307,558.2509,0.3578667,1382.4269,0.1627377,-120.632515,-0.77901286,1616.3656,0.111768804,1017.697,0.2649197,-118.94174,-0.7440244,2598.5625,0.08672319,1076.6294,0.4108709,-120.36044,-0.7234546,-12.422571,-0.44468516,19.425207,0.42148235,0.037389636,0.5563181,-0.0172352,-0.6551491,0.19025655,0.6673549,31.334297,0.31607798,-6.429328,-1.9440315,18.984919,0.85441494,-9.000657,-1.388065,-8.277232,15.318986,0.00830518,-0.0036226942,0.08022925,2.5114155,1.836969,0.233125,0.25533602,0.29,0.36436588,-30.084906,o,Ses01F_script02_1,Ses01F_script02_1_F018
118,33.507034,0.13435557,26.716278,34.475403,38.202423,11.486145,213.15422,0.0,130.63914,110.55322,0.18344168,0.36920142,0.1067458,0.19027644,0.25162733,0.14488152,1.0383567,0.4230172,0.7894771,0.4340576,0.059288286,0.7042581,25.540642,0.5391718,1.6220866,3.819216,14.918109,0.6149791,-5.5589533,-1.7816179,0.030797087,0.39640176,1.6178054,0.46666273,5.7680783,0.34944293,5.3581886,0.8056268,23.95621,0.24275625,691.25385,0.33790785,1477.8298,0.2619342,-184.56152,-0.26632917,1707.4022,0.09809887,1173.1617,0.26370555,-183.63292,-0.25681162,2799.193,0.071420535,957.25946,0.28440672,-184.11311,-0.24846555,-15.975365,-0.113744244,26.499521,0.13666221,0.0051361145,3.7430322,-0.0027447508,-3.7091424,0.06902307,0.21382803,32.964424,0.14122781,-0.7883266,-5.4801617,22.140541,0.33100513,-4.139649,-1.7786511,-12.17593,21.321157,0.009876612,-0.0011047537,0.05893937,4.43038,1.9607843,0.04,0.014142135,0.33499998,0.21100947,-40.31634,dag,Ses01F_script02_1,Ses01F_script02_1_M027
119,27.44996,0.36690742,13.225267,34.120026,34.87724,21.651972,2167.0564,0.0,100.03729,70.43291,0.18980053,0.4604987,0.10508788,0.17732646,0.24169911,0.13661124,2.0166962,1.0858274,0.86025876,1.4810506,0.0586957,0.5267461,29.616402,0.24429007,-1.395592,-6.0075827,16.493256,0.9153394,-9.831215,-0.9150418,0.025876459,0.65174514,1.5489705,0.8690081,4.127821,0.8069295,-4.538419,-2.5502052,16.412592,0.46035203,651.788,0.3799293,1571.875,0.2269615,-185.11433,-0.26469055,1570.3915,0.12722367,1439.8998,0.21445683,-184.1216,-0.25966245,2639.1895,0.10002107,718.82367,0.32656202,-184.43161,-0.2541505,-16.941397,-0.15686823,26.84604,0.18223852,0.0115575325,1.900955,-0.012441237,-1.5954211,0.078403205,0.22431906,34.286747,0.18412274,3.2162135,2.6709545,22.760855,0.8140991,-16.272703,-0.6938794,-11.605721,21.284786,0.006608503,-0.00094996113,0.056455627,3.030303,1.8867925,0.04,0.016329931,0.47,0.089814626,-41.029915,b,Ses01F_script02_1,Ses01F_script02_1_F019
120,31.821527,0.14766954,28.028904,32.025593,35.868576,7.839672,54.468044,55.482113,34.414043,35.65863,0.23655172,0.5175191,0.13238965,0.20645078,0.3290465,0.19665684,2.1273897,1.3532457,1.3583431,0.7963366,0.076844744,0.78011715,29.760515,0.33569002,-0.58786047,-13.427933,14.455282,0.8230897,-10.287886,-1.074904,0.018566081,0.8763893,1.3144807,0.5519432,5.833433,0.52943027,1.5390081,12.457899,22.86483,0.79396445,644.5889,0.36368406,1350.586,0.15851422,-135.32068,-0.6398951,1673.653,0.17102796,1085.7036,0.2621805,-131.63794,-0.63089484,2750.4775,0.11734928,996.9082,0.28198448,-134.61177,-0.59023744,-14.473194,-0.35882765,25.661457,0.21614566,0.025535708,0.73899627,-0.0144660445,-1.0303692,0.110937394,0.5623624,34.971912,0.24281558,-0.28729293,-30.104383,12.732779,1.1032219,-11.360102,-1.2099112,-11.525544,20.779856,0.00466445,-0.003735646,0.05616212,2.9547553,2.8756957,0.12354838,0.09430726,0.20354839,0.23841612,-35.639576,o,Ses01F_script02_1,Ses01F_script02_1_M028
121,29.864548,0.110582575,27.527348,29.891214,32.501587,4.9742393,49.30187,28.249819,44.724064,36.472527,0.19619578,0.49974608,0.097829126,0.17827342,0.2614556,0.16362646,1.2721943,0.7421532,1.0089071,0.63613176,0.05565881,0.81579924,28.11169,0.3153796,-1.3473978,-7.034674,17.066637,0.5223168,-6.509554,-1.2164705,0.016795786,0.8362141,1.3494654,0.4633185,4.8455677,0.4739918,3.5713482,2.0947154,22.589586,0.38778308,503.1225,0.33972037,1414.9823,0.14498442,-152.695,-0.5292334,1532.5836,0.15157203,1070.0428,0.25397038,-153.71873,-0.5001202,2561.8198,0.101805635,1048.4769,0.26532072,-155.44734,-0.47663164,-13.722471,-0.40978214,23.38383,0.29663262,0.017497553,0.98813975,-0.006596832,-1.8265698,0.07850652,0.4576484,35.650707,0.164376,-3.065903,-3.9308195,18.117252,0.66042393,-3.991357,-2.5280895,-11.846535,20.298788,0.00095755333,-0.0031060292,0.048183795,2.1739132,1.7783858,0.13538462,0.12382465,0.37714285,0.5866786,-39.418793,o,Ses01F_script02_1,Ses01F_script02_1_M029
122,31.051153,0.04940844,30.062534,30.458223,31.347702,1.2851677,-1.435299,0.0,26.88426,0.0,0.16212536,0.30270752,0.11870351,0.15251327,0.19012083,0.071417324,0.97730947,0.6573819,0.6034562,0.21148872,0.03546942,0.43871424,22.577919,0.40707847,-0.93274075,-10.42548,11.986858,0.56202704,-6.61398,-1.2262862,0.019203082,1.1671683,1.673089,0.7548748,6.465167,0.24688597,5.0885086,1.0934236,24.577707,0.17280383,628.2011,0.28805578,1479.3013,0.13898416,-170.75537,-0.3916967,1586.9532,0.08838035,1230.827,0.18901321,-170.80417,-0.38557833,2732.172,0.09718901,1075.5125,0.16349232,-173.32368,-0.34657305,-11.409816,-0.6511201,27.647722,0.3047632,0.005769382,1.8592745,0.003191256,1.8022208,0.058352333,0.38457838,32.84045,0.27487734,-1.9800991,-7.1854496,8.749928,1.4215273,-2.41332,-5.0253053,-8.935539,17.349714,0.0007975612,0.0036371083,0.031536054,4.972376,1.1363636,0.13499999,0.105,0.48,0.24913183,-44.823837,s,Ses01F_script02_1,Ses01F_script02_1_F020
123,40.37844,0.20194176,30.105797,46.63488,47.06814,16.962341,189.7478,0.0,-6.3021183,0.0,0.17770602,0.51782656,0.104783915,0.13229835,0.24071139,0.13592747,1.4830985,0.75299585,1.0810125,0.5772388,0.054806396,0.9299496,27.589155,0.21439627,-4.573377,-1.4366534,12.928972,0.6598222,-9.003377,-1.054763,0.024098327,0.34340352,1.4264685,0.28788912,7.453064,0.18337175,7.7612004,0.461548,31.204794,0.15029344,751.4571,0.22222812,1454.0295,0.13547955,-178.59639,-0.32550058,1671.9188,0.07047104,1166.6339,0.14324774,-177.9917,-0.31592318,2799.6038,0.0476418,974.2182,0.18233293,-179.39407,-0.29380435,-14.408412,-0.22166088,27.462933,0.108054824,0.039807804,0.620333,-0.009617528,-0.76120836,0.09461308,0.47174275,34.298767,0.076334246,-7.3356237,-1.3148507,7.1772428,1.9579937,-14.526988,-0.77611,-10.787562,20.533566,0.004046276,-0.00039599687,0.046808228,2.0408165,1.438849,0.08,0.02,0.39333332,0.17249799,-39.23809,q,Ses01F_script02_1,Ses01F_script02_1_M030
124,34.830116,0.07242953,31.664127,35.729523,37.14356,5.479431,17.283718,0.0,-44.43181,0.0,0.24335615,0.89376783,0.10288893,0.13503206,0.37887022,0.2759813,1.0989434,0.5736444,0.8872828,0.36795813,0.068219356,1.2873882,28.112377,0.17670304,-8.144351,-1.0421287,11.351716,0.88217854,-7.6140976,-1.1885338,0.024026778,0.913262,1.0052513,0.6414575,5.6923065,1.0498774,5.732635,1.7358844,20.236149,0.3486164,487.15356,0.17941305,1469.4113,0.09170814,-155.79483,-0.52419263,1567.8062,0.087491445,1194.6174,0.2761212,-154.74129,-0.51423734,2542.4058,0.08225004,1065.4493,0.1655497,-156.5661,-0.48820892,-9.987991,-0.565451,17.82615,0.2582249,0.05097433,0.4076677,-0.0154611105,-0.64352316,0.19087161,0.5744769,34.23706,0.10248319,-15.013864,-0.8093028,10.828408,1.6357285,-11.00197,-1.159302,-9.634266,19.150906,-0.0006252571,5.055933e-05,0.030757476,0.78740156,0.8196721,0.29,0.0,0.45,0.08,-35.0112,ans,Ses01F_script02_1,Ses01F_script02_1_F021
125,32.241814,0.061359543,31.545696,32.377903,33.122074,1.5763779,22.516106,21.41332,41.709766,34.547523,0.21846804,0.6301611,0.100556575,0.16551779,0.3132766,0.21272,1.9928117,1.4173739,1.5405973,1.132917,0.08377673,1.3395339,30.020142,0.25226513,0.72776073,11.889329,16.886786,0.6040275,-6.509046,-1.1924968,0.019437123,0.7273571,1.2248595,0.6390139,7.4343767,0.30629304,-0.4774595,-20.29807,23.060839,0.35495576,610.41534,0.3476425,1372.1669,0.13848424,-144.53638,-0.5713899,1636.4103,0.14854577,1145.401,0.322095,-145.38618,-0.5425409,2709.2507,0.088550776,966.4143,0.33377388,-147.7454,-0.5106197,-17.140654,-0.23883499,28.373947,0.19142862,0.017334832,1.0384156,-0.010707881,-1.0881948,0.09834413,0.6589602,34.695736,0.23697002,4.24604,1.9054766,19.300434,0.67434376,-8.142492,-1.1688901,-13.260077,22.119165,0.0021124224,-0.0019703454,0.07783975,1.7142857,1.8705037,0.15846154,0.11667484,0.3546154,0.36067492,-33.713898,s,Ses01F_script02_1,Ses01F_script02_1_M031
126,32.741257,0.0789934,30.815142,32.35246,35.35015,4.5350094,195.3725,235.27493,24.944014,26.897535,0.2813656,0.49366906,0.14414662,0.27246547,0.376017,0.23187038,2.4045177,1.2469049,1.4287412,0.7561311,0.09288007,0.6870434,30.663654,0.32764363,-2.9911494,-2.8538833,15.784241,0.8514719,-5.97616,-1.4501343,0.01587429,1.0494721,1.250231,0.48168185,6.6000156,0.3304386,4.890419,2.125047,26.306757,0.31824142,623.3684,0.41143316,1335.0342,0.14673847,-103.845,-0.8967681,1631.3412,0.15404695,1030.3816,0.26308447,-103.115776,-0.8486124,2731.8171,0.10576952,945.0474,0.24415357,-108.07366,-0.7674697,-13.095576,-0.3502722,25.268017,0.24105196,0.0336619,0.5829696,-0.0034024748,-2.8592772,0.12315676,0.460074,35.01626,0.22299202,-4.106726,-2.1870368,15.895234,0.9177911,-4.861666,-2.0297236,-9.880678,19.686092,0.0054831333,-0.00045352618,0.06008382,2.861446,2.8831565,0.17421052,0.15516768,0.15157895,0.18821216,-34.841988,s,Ses01F_script02_1,Ses01F_script02_1_M032
127,31.464289,0.10272517,28.956856,30.751501,33.577442,4.6205864,78.674,106.425095,25.243618,28.14786,0.3954776,0.73235804,0.15713419,0.31069052,0.6054406,0.44830644,5.8776183,4.5279965,3.9516222,2.7754958,0.1404672,1.0953726,27.825483,0.4412414,-4.227052,-3.314642,15.26882,0.9777091,-9.290016,-1.2126791,0.018098684,1.8897214,1.1411237,0.76730555,6.348343,0.47902778,2.897705,3.3640058,21.761593,0.45143133,555.6895,0.31848794,1394.3661,0.159638,-107.95566,-0.8806776,1626.5479,0.12047085,1085.0265,0.32449174,-110.50698,-0.8070067,2644.3906,0.098998815,1075.6329,0.33221722,-113.63855,-0.7563806,-13.550535,-0.5232734,22.96621,0.34839767,0.03513163,0.5910283,-0.017556915,-0.73538107,0.1929578,0.78812444,34.716953,0.22246286,-5.179933,-2.9946077,16.00686,1.0749556,-10.347137,-1.2218122,-8.087348,16.141575,0.007675842,-0.0037096266,0.09104326,2.9814665,2.10356,0.22307691,0.15610078,0.22333333,0.24078575,-29.91675,s,Ses01F_script02_1,Ses01F_script02_1_F022
128,28.982557,0.06948917,26.256134,29.255281,30.90654,4.650406,176.91615,258.66522,44.808594,38.129,0.2536894,0.46200138,0.15855058,0.21492812,0.31589875,0.15734817,1.3171803,0.6107583,1.3087544,0.5260874,0.077251434,0.78833115,32.231155,0.35386533,-4.265421,-2.697375,9.577829,1.5212117,-6.7272515,-1.9149173,0.020643212,1.4050751,1.33493,0.62789744,5.3553987,0.67580086,3.3140447,1.6472166,23.855669,0.39620933,660.11334,0.40325314,1439.3218,0.19490604,-131.2367,-0.6711846,1583.4064,0.14430255,1068.5344,0.15768805,-130.65785,-0.6577469,2680.5186,0.1372202,917.3619,0.1299986,-134.77744,-0.6015004,-13.287698,-0.42669794,23.421114,0.20774682,0.013847375,1.0460024,-0.008757376,-1.1495112,0.084093355,0.76197666,39.100407,0.062435742,-5.353512,-1.7455742,13.630162,1.053865,-0.6375783,-19.780252,-8.511118,19.812994,0.0057766014,-0.005619291,0.075344235,2.2123895,2.2727273,0.15799999,0.111427106,0.262,0.19732209,-37.020504,s,Ses01F_script02_1,Ses01F_script02_1_M033
129,32.076115,0.105665356,29.690033,30.867212,32.19212,2.5020866,30.295578,15.270991,-2.7324982,21.476082,0.34118715,0.7872602,0.13237931,0.26146692,0.4573676,0.3249883,6.0798283,5.078331,2.5871255,1.2431132,0.13190553,1.1135075,31.95474,0.23004775,-4.2323003,-3.0780747,21.303806,0.664174,-3.1857011,-4.011703,0.014612511,0.92085546,1.0932653,0.52077085,7.7035246,0.27884424,5.5913796,1.30403,23.026495,0.37872872,611.35657,0.41842642,1436.4645,0.19578804,-90.902145,-1.0220381,1659.033,0.10454421,1019.20154,0.18475984,-93.678604,-0.9242218,2689.5674,0.11224597,1075.5925,0.2445062,-96.20427,-0.8809239,-15.157542,-0.41486144,22.039415,0.31570598,0.03093694,0.84351164,-0.010415871,-0.9374271,0.16412555,0.87665445,35.51248,0.16431871,-3.3283474,-4.085994,25.771982,0.5478125,0.94821125,14.483812,-9.73012,19.174257,0.0065747024,-0.0067190365,0.08993604,2.7131784,1.1857708,0.4933333,0.18926759,0.24499999,0.2850877,-30.214563,s,Ses01F_script02_1,Ses01F_script02_1_F023
130,30.97825,0.13264106,26.241995,31.76631,35.157906,8.915911,67.471985,32.14302,128.09216,154.98642,0.2051187,0.43120328,0.11950362,0.18898396,0.27816746,0.15866384,1.6198822,0.8846531,1.1453247,0.585303,0.06273664,0.67259836,27.736584,0.37784457,1.0408486,8.570317,14.032097,0.73828393,-9.564986,-0.8664618,0.016360642,0.8697443,1.3784634,0.5416874,5.753478,0.46697962,4.9428396,1.421771,26.694822,0.2618475,613.0548,0.33432233,1419.2633,0.13432501,-163.52646,-0.43626243,1641.4556,0.14763731,1111.5714,0.260062,-162.09917,-0.4298284,2704.8052,0.10664506,984.97186,0.31071854,-163.68951,-0.40737945,-15.330027,-0.39001888,25.161276,0.2989939,0.023311518,0.6510667,-0.00985331,-1.116545,0.09668417,0.41959375,35.311718,0.2364381,1.6571639,6.6576214,14.690106,0.71501756,-7.702149,-1.1662263,-10.950783,19.55616,0.0075094625,-0.00415048,0.05380003,3.254973,2.201835,0.08833333,0.09136313,0.34416667,0.2842375,-38.68217,o,Ses01F_script02_1,Ses01F_script02_1_M034
131,32.024788,0.19850627,25.165081,36.705128,37.823467,12.658386,-2.1673045,0.0,12.94003,0.0,0.22138909,0.9275418,0.09370848,0.15350662,0.26195705,0.16824856,3.1917212,3.0770102,2.3754978,2.1071057,0.067448705,1.6888928,22.907719,0.37507516,-4.4584627,-2.3762374,14.504524,0.5164549,-9.305467,-0.85975003,0.015382269,0.90081686,1.1967646,0.4684057,6.193021,0.44957635,11.787319,0.7093318,26.400858,0.29277578,732.08936,0.3509094,1373.3594,0.21470255,-173.77739,-0.3766405,1749.8212,0.16575053,1043.32,0.22853363,-168.75844,-0.40507692,2800.4016,0.114691585,942.1066,0.24381839,-169.84819,-0.38857734,-12.562627,-0.42013243,23.103975,0.20566818,0.03333939,0.91634023,-0.008456172,-1.0501689,0.2082805,0.9921798,30.11077,0.21261908,-2.98118,-3.9582703,12.80652,1.0655637,-12.119002,-1.1128007,-8.284893,16.281662,-0.0016213037,0.0034109603,0.038023554,1.3679891,0.8264463,0.20166665,0.12307404,0.8457143,0.7994794,-33.219017,s,Ses01F_script02_1,Ses01F_script02_1_M035
132,27.710016,0.12109741,25.249094,26.855478,29.021765,3.7726707,24.354942,13.667026,34.54772,31.117264,0.20806004,0.5761717,0.113827914,0.17460212,0.28178895,0.16796103,2.51669,2.708833,1.3340827,1.0980308,0.056298167,0.8675928,26.286337,0.40785426,-2.9502118,-3.3643713,16.408344,0.56605315,-6.581892,-1.0365784,0.015540151,0.9966739,1.2623014,0.44972163,5.41274,0.3936214,4.350772,1.797131,25.647247,0.2991483,571.0357,0.3610958,1409.0963,0.18571675,-159.20305,-0.4878171,1620.1271,0.1431976,1070.3892,0.21612132,-159.5887,-0.4628691,2675.926,0.08834719,1069.9337,0.3778186,-160.98741,-0.4425682,-14.820626,-0.38036978,25.515926,0.2144147,0.019844964,1.0363548,-0.00892779,-1.1468178,0.08133031,0.5228103,37.286182,0.1695325,-2.6381464,-3.4847002,18.463419,0.6493975,-4.5373144,-1.9945033,-9.387157,17.47603,0.0052990676,0.0009685672,0.049274568,1.8159806,1.3398294,0.16,0.2012687,0.5183333,0.5584179,-39.245663,c,Ses01F_script02_1,Ses01F_script02_1_M036
133,25.581736,0.05934934,23.985817,25.8059,26.75671,2.770893,22.879337,13.825491,12.988727,6.390617,0.14252391,0.39005846,0.096965834,0.12083069,0.1854061,0.08844027,0.9487723,0.6497771,0.62672216,0.40916225,0.034324616,0.52565897,27.383743,0.2806993,-1.2894835,-5.263496,16.274265,0.4605027,-5.6157274,-0.9571173,0.018723838,0.8191383,1.1835613,0.43653655,4.0430684,0.40500665,5.2372365,1.4756585,26.390335,0.27680007,634.24225,0.313966,1413.405,0.14546873,-163.85915,-0.4395971,1676.4731,0.13352726,1106.6796,0.2609057,-165.26215,-0.41416904,2709.8977,0.09300919,1032.8041,0.27504963,-166.33344,-0.39894903,-16.074686,-0.26204607,25.388393,0.20109622,0.0070288996,2.6378891,-0.0077070007,-1.2219474,0.05251964,0.2854414,33.606293,0.18970315,2.43726,3.251924,20.131802,0.4645165,-3.9664168,-1.8409885,-11.539704,20.093822,-0.0033740401,-0.00091139175,0.029959282,2.3255816,1.6,0.11458333,0.06550948,0.4704,0.6210924,-44.58995,s,Ses01F_script02_1,Ses01F_script02_1_M037
134,25.307707,0.07554098,23.702356,24.557497,26.818888,3.1165314,111.93173,215.80573,14.199897,9.442661,0.16009124,0.47719103,0.096858256,0.13728173,0.21435748,0.117499225,1.0343634,0.827993,0.743753,0.49371794,0.039235163,0.59287727,28.681593,0.34688267,-0.33528966,-27.659508,11.922747,0.7277546,-7.96441,-0.93408626,0.011508727,0.9553517,1.1623669,0.45455742,3.8974423,0.4784964,7.347893,1.2412173,27.653671,0.33834186,670.5425,0.2884594,1436.014,0.15199856,-155.29544,-0.51383436,1664.3931,0.16530173,1202.7615,0.24603564,-156.9419,-0.48476762,2728.7356,0.102532536,1048.7555,0.23531395,-159.14381,-0.45366344,-13.942792,-0.4771764,25.844225,0.24755123,0.007445419,2.8138566,-0.014926428,-0.8731339,0.060168758,0.417509,37.260433,0.17259207,-0.32698682,-37.88555,7.37585,1.506629,-9.79774,-1.0517652,-11.356535,21.047722,-0.0036230336,0.00027671855,0.032764703,1.6427106,1.3049451,0.17368421,0.081512704,0.5715789,0.50806403,-43.010754,s,Ses01F_script02_1,Ses01F_script02_1_M038
135,30.394024,0.08173699,28.00798,31.500505,32.471954,4.463974,255.05585,337.3227,14.258479,8.440198,0.173287,0.54394937,0.09388295,0.11842379,0.26681343,0.17293048,1.2882164,1.0107441,0.97857624,0.45769182,0.049974073,0.7517428,29.825373,0.2495028,-0.82218313,-9.473374,15.451936,0.52438813,-3.8341043,-1.798014,0.016690232,0.6498139,1.2363813,0.5503691,6.392585,0.5013981,6.7608223,1.1798736,25.829,0.26165628,652.4485,0.28565407,1406.2141,0.14528213,-159.48271,-0.47259927,1706.3779,0.12144065,1074.2977,0.27826387,-160.45865,-0.4493024,2766.335,0.095081456,970.774,0.2158815,-161.89955,-0.42931637,-17.827408,-0.34372854,25.489908,0.22833088,0.015959036,1.0650017,-0.013914697,-0.75618994,0.09656155,0.33749053,34.730103,0.17453483,4.7696853,2.224235,18.792984,0.65866405,-0.7626851,-13.292337,-12.129818,21.603857,-0.00079493754,0.00016485486,0.03649071,2.4060152,1.0606061,0.20714284,0.20126133,0.625,0.64247566,-37.702812,o,Ses01F_script02_1,Ses01F_script02_1_M039
136,29.658367,0.1238854,25.873877,29.490917,33.16843,7.2945538,73.85013,50.520184,19.61461,14.236274,0.18081354,0.5012989,0.09883522,0.15536949,0.25122947,0.15239424,1.4129193,0.84069705,1.027924,0.7508436,0.05192487,0.84260046,27.89744,0.38060716,1.5324891,5.0396724,16.242136,0.67906135,-6.817768,-1.0685177,0.018387893,0.8820084,1.1075754,0.5295811,5.6885233,0.47840583,5.8268547,1.5931621,29.290815,0.26370728,672.2476,0.3381978,1399.0597,0.1540261,-147.82434,-0.55968976,1692.1082,0.13981725,1111.222,0.29795143,-148.48549,-0.5302112,2808.2058,0.10082208,1010.9625,0.26695225,-151.17548,-0.4927132,-15.149235,-0.38991785,28.514368,0.22963631,0.020589912,1.0344003,-0.006389475,-2.0672035,0.09392165,0.55659354,36.260666,0.2791978,2.7354252,3.2739866,13.521893,1.0808963,-3.689729,-2.2361689,-11.4111395,20.595028,-0.0021330225,0.00083306193,0.034971777,2.2972975,1.6326531,0.17,0.14927602,0.42083332,0.556394,-38.627224,o,Ses01F_script02_1,Ses01F_script02_1_M040
137,25.81456,0.065715715,24.1077,25.60935,26.343277,2.2355766,88.24445,55.243202,11.053821,9.4889555,0.141294,0.42136368,0.093759954,0.11641648,0.19035041,0.09659046,0.90221334,0.6889973,0.57237005,0.37219453,0.034315843,0.67536783,26.182962,0.3564445,1.108211,6.5371327,15.931926,0.5122153,-5.99198,-1.1751511,0.01485201,0.88974315,1.1167647,0.46886036,4.8548226,0.35157233,5.587654,1.4739696,28.948671,0.23502746,616.5335,0.37055317,1405.6061,0.14382812,-166.99475,-0.42069265,1639.3597,0.14560544,1106.0077,0.20450018,-168.88622,-0.39082748,2731.3535,0.10270545,997.5444,0.24454062,-170.23032,-0.37107876,-16.434645,-0.21453373,26.29914,0.19180161,0.011643605,1.6443766,-0.006105132,-1.7933528,0.05066211,0.26225016,35.07322,0.19743377,5.0092397,1.3234189,17.763296,0.6629109,-2.194084,-4.5194798,-11.38425,19.745289,-0.00435029,-0.0012666554,0.030822488,1.7839445,1.2948207,0.12846154,0.046051167,0.57857144,0.67933637,-43.84895,s,Ses01F_script02_1,Ses01F_script02_1_M041
138,28.269526,0.14935651,23.992655,26.13873,32.663223,8.670568,79.84812,56.19799,115.522484,103.494606,0.2147013,0.47395518,0.12786782,0.19331312,0.2782938,0.15042597,1.83483,1.0771302,0.9815296,0.73443,0.06374261,0.799522,25.897024,0.40263924,-0.80321926,-8.817205,15.335211,0.4822479,-3.3689458,-2.7770832,0.027137464,0.8001824,1.5066108,0.53367794,4.94222,0.4289115,5.8539505,1.3316041,25.510805,0.28678897,659.03925,0.3805275,1432.6849,0.1718079,-169.96553,-0.38538954,1637.6351,0.14630426,1176.2213,0.31287065,-170.46326,-0.36985677,2665.8052,0.102657855,1013.6884,0.2687792,-171.57565,-0.35361233,-16.212759,-0.27112117,25.80444,0.26343217,0.00670495,3.7312996,-0.00849341,-1.7125221,0.09275192,0.5993028,35.672943,0.15349735,0.14771679,60.315838,19.167597,0.4235189,1.8447392,4.7226367,-9.878587,18.83791,0.0016726822,0.00048727027,0.058349103,2.8725317,1.9927536,0.07545454,0.046780653,0.37166667,0.35540664,-38.420776,s,Ses01F_script02_1,Ses01F_script02_1_M042
139,29.661345,0.06352553,28.288574,28.770916,31.672165,3.3835907,5.3292027,0.0,10.73031,10.465599,0.15211532,0.6247062,0.096028484,0.11540575,0.18510439,0.0890759,1.0337901,0.6875891,1.5863786,1.2845848,0.03695678,1.0812364,26.659437,0.25675875,-2.4284306,-2.278632,15.533301,0.35124603,-8.05123,-1.2169831,0.022551626,1.1274337,1.2250792,0.72240293,5.9206963,0.28193998,1.9699212,1.4640679,25.392336,0.24478407,557.07117,0.25080732,1467.5854,0.11464615,-165.24992,-0.44882327,1550.5854,0.12045314,1114.2723,0.24231379,-166.62724,-0.41974404,2639.1577,0.057668295,877.22253,0.19204643,-167.8867,-0.40107337,-14.876506,-0.2631701,22.559065,0.32163167,0.022186773,0.8246309,-0.019718928,-0.7944075,0.08556566,0.8435531,35.55551,0.16155124,-1.8035463,-4.034728,19.178389,0.3649327,-17.993315,-0.9101868,-11.152994,20.095871,-0.003848203,0.0014351052,0.026278416,0.7692308,0.78431374,0.22999999,0.099999994,0.68,0.57781196,-40.84568,o,Ses01F_script02_1,Ses01F_script02_1_F024
140,34.59195,0.048397515,32.67293,34.9925,35.729256,3.056324,21.82946,9.284115,12.864967,0.8845133,0.14002185,0.55648845,0.09289132,0.09870446,0.20587899,0.11298767,1.2612429,1.0580615,1.0999708,0.5339812,0.040493518,0.9255315,28.497053,0.17085184,-0.36697987,-19.382841,12.843745,0.5952683,-5.8846707,-1.072081,0.027851865,0.7726458,1.4930346,0.61991155,7.707798,0.322899,8.876333,0.96909666,30.50306,0.23246235,716.4535,0.3485625,1528.9323,0.19798909,-172.9811,-0.3628238,1709.592,0.1903947,1156.4326,0.28310272,-169.15756,-0.3834464,2846.5808,0.10800452,1052.9177,0.17621015,-171.27779,-0.35236233,-16.31101,-0.23238647,29.782764,0.1640016,0.026973477,0.64484876,-0.009435473,-1.1052699,0.10067057,0.35786104,34.516003,0.1876115,9.194655,1.0208228,4.8966966,2.78567,-1.8649344,-5.9394894,-12.5194845,21.839834,-0.0031699797,-0.00063900935,0.02776176,1.369863,1.3937283,0.12,0.09721111,0.5725,0.57902396,-40.11443,q,Ses01F_script02_1,Ses01F_script02_1_M043
141,34.374676,0.030179497,34.004395,34.607105,35.127953,1.123558,23.2265,0.0,-19.472073,15.809434,0.15554634,0.92130905,0.09104725,0.09486519,0.1308036,0.03975635,1.49218,1.5115507,2.4607592,1.4711214,0.04215195,1.131928,30.156181,0.21744557,-4.0330243,-1.6467943,12.026329,0.59718686,-8.712136,-0.7920737,0.013052984,1.1342709,0.8416677,0.41220102,6.9703355,0.5360124,2.236144,2.1140513,28.81489,0.30597937,631.4415,0.2676616,1482.9058,0.10485975,-174.95815,-0.37882313,1581.5981,0.15113266,1273.067,0.30987144,-174.56508,-0.36853194,2673.6682,0.0881385,1041.5936,0.22431722,-176.57092,-0.33644384,-11.768672,-0.4556745,28.44795,0.2286345,0.032975927,0.34649104,-0.015589346,-0.5081651,0.13942246,0.37866727,43.62074,0.12321342,-11.038936,-1.0219737,-2.7163475,-2.547309,-21.962715,-0.31542072,-12.799459,22.01233,-0.005883769,-0.00069872476,0.026418356,0.8130081,0.4149378,0.32999998,0.0,1.025,0.065,-38.93194,q,Ses01F_script02_1,Ses01F_script02_1_F025
142,31.920048,0.10701762,30.408897,31.66211,32.108894,1.699997,379.125,265.27942,71.19901,49.58219,0.16386747,0.3999116,0.096652254,0.14837162,0.22604337,0.12939112,1.0305732,0.6509344,0.8471038,0.46108684,0.040327393,0.65886617,26.16174,0.33923727,-3.8928075,-1.4252323,12.119177,0.64245254,-8.094265,-0.70710546,0.027414618,0.82475823,1.2782543,0.32599634,4.521271,0.5419946,-4.403982,-1.4741997,20.42769,0.36629686,585.8449,0.3272329,1490.9805,0.27184978,-181.62482,-0.2931134,1532.5646,0.1652034,1172.5983,0.18122278,-179.9924,-0.2978818,2685.793,0.08762355,984.42444,0.27599254,-181.22783,-0.27784207,-11.678316,-0.24376726,27.198622,0.2602226,0.014058417,0.8112932,-0.015347151,-0.3925024,0.064400904,0.28002468,38.39428,0.14903818,-1.4467397,-3.301337,2.048114,2.9705591,-12.135624,-0.5872081,-10.06526,19.383352,-0.0010156587,-0.0001021297,0.037519444,3.5422344,1.6574587,0.06,0.04618802,0.44714287,0.568198,-43.782932,ans,Ses01F_script02_1,Ses01F_script02_1_M044
143,28.680035,0.09113847,25.198692,30.10553,31.005167,5.8064747,18.802166,0.0,10.805291,7.550426,0.086164095,0.39828753,0.05916313,0.07253444,0.11028868,0.05112555,0.40595827,0.19444582,0.32317775,0.14258967,0.015124449,0.52054566,24.794405,0.25808108,-1.5228914,-3.827338,14.924118,0.47405872,-8.5032,-0.8988921,0.013198597,0.71371615,1.5583442,0.5255644,4.23104,0.29635036,0.8393856,6.2490954,22.411158,0.22871405,643.758,0.27472562,1388.2346,0.11408323,-175.95767,-0.3527399,1655.7366,0.14483559,1168.8909,0.15867892,-175.23503,-0.34436008,2728.462,0.07103416,861.3225,0.21319848,-176.15729,-0.32965797,-11.632255,-0.3571812,23.129602,0.22742093,0.017631005,0.7165092,-0.009401944,-1.0580809,0.025079709,0.26534715,30.749548,0.22405908,2.0199933,3.9930785,11.759039,0.58446574,-20.34345,-0.2981571,-10.900966,20.157616,-0.0020725138,0.005382005,0.013692757,2.0958085,1.2158055,0.107499994,0.040233694,0.554,0.36978912,-52.471634,q,Ses02M_script02_1,Ses02M_script02_1_M000
144,29.4524,0.17095359,23.799433,33.260006,34.204777,10.405344,63.182354,20.526043,47.015995,42.67123,0.112638995,0.51104635,0.067161225,0.098677754,0.14411531,0.07695409,0.78980577,0.81125605,0.5118077,0.27927467,0.024564495,0.8337811,25.162176,0.18829632,-2.2368925,-3.3993888,20.037773,0.4101698,-4.017432,-1.6625861,0.029633138,0.7157861,1.3374959,0.35229415,5.492432,0.32479566,14.453302,0.57511723,26.136127,0.16439016,594.6452,0.39854297,1434.7559,0.15093058,-178.60435,-0.3245727,1633.1737,0.12923537,1090.8792,0.2502189,-175.95128,-0.33426172,2654.4001,0.0818161,1029.3296,0.31656027,-176.45178,-0.32719877,-15.6193285,-0.26516107,23.699184,0.1951691,0.020065509,0.85333514,0.005213247,1.5984273,0.036307152,0.57387406,29.255642,0.16330133,3.8032053,1.8683085,24.125174,0.34488913,1.0074346,5.9329844,-10.9299,19.698658,-0.0006633421,0.0050440594,0.022858107,2.2675738,1.146789,0.11399999,0.07863841,0.6133333,0.4454087,-47.12159,o,Ses02M_script02_1,Ses02M_script02_1_M001
145,21.683985,0.099579155,20.08228,21.464956,23.071747,2.9894676,86.19409,57.68353,38.191822,11.801527,0.087072395,0.28673,0.066329464,0.07883771,0.10882236,0.042492896,0.41464505,0.19590001,0.29556894,0.1662948,0.01740009,0.5135699,29.728024,0.20530748,-0.5012055,-8.767324,14.088182,0.42376813,-7.3101883,-0.88385034,0.014396802,1.0210263,1.6053545,0.41971493,2.0674107,0.43612215,8.318536,0.7476097,25.8847,0.18218493,526.9822,0.38798916,1506.4559,0.16165915,-177.16895,-0.33645302,1497.4119,0.17183939,1190.0917,0.1715898,-178.14046,-0.318232,2588.8875,0.0653331,961.4399,0.302914,-179.1847,-0.30143613,-14.22012,-0.2752179,24.800695,0.1673942,0.022868328,0.5128305,-0.0059310324,-2.1231055,0.024161164,0.34847477,36.159252,0.08794583,-0.71573937,-6.6467533,14.065162,0.5598094,-12.803468,-0.66355777,-13.003749,22.828075,0.0031842527,0.0015138657,0.016567761,3.3898304,1.8803419,0.055454545,0.04314113,0.4175,0.5343084,-51.460075,o,Ses02M_script02_1,Ses02M_script02_1_M002
146,34.169178,0.004277637,34.023365,34.154995,34.322525,0.29916,17.926025,0.0,1.3276415,8.614592,0.105778344,0.43978652,0.061365522,0.098806605,0.132133,0.070767485,0.8450457,0.7315561,0.55095834,0.32367072,0.022842374,0.7854483,23.788418,0.33386964,-3.3315644,-1.7557181,18.878176,0.5210042,-5.1608357,-0.78767926,0.042461433,0.67407745,1.3420961,0.2349877,6.85905,0.21518292,19.503002,0.21835749,20.317364,0.18749548,746.22595,0.4790077,1390.731,0.19630241,-190.38551,-0.20997125,1825.414,0.17491145,852.2406,0.09839248,-189.77658,-0.21056104,2891.0513,0.16645311,1155.5741,0.13663515,-189.67143,-0.21309978,-15.318145,-0.08479119,21.652912,0.03570032,0.032829445,0.11916335,-0.009804921,-0.3627779,0.051909264,0.20088312,28.303566,0.071731895,1.1581734,3.414134,39.422455,0.18290114,-3.0232306,-1.1076978,-10.163476,18.16191,0.00068817334,-5.7697085e-05,0.021543475,2.8169014,0.729927,0.08,0.0,0.63,0.04,-48.09545,q,Ses02M_script02_1,Ses02M_script02_1_M003
147,36.925,0.043188933,35.087906,36.911736,38.53306,3.4451523,0.64606667,0.0,18.453888,0.0,0.11878067,0.7946722,0.061606698,0.0780929,0.12915923,0.06755253,0.556679,0.38565877,0.36536837,0.1940581,0.018694382,0.95158833,24.040743,0.40038505,-4.599622,-0.9798377,12.291269,0.70790964,-9.674803,-0.7070747,0.013026718,0.8511055,0.92706454,0.846075,10.144632,0.24407126,5.879546,1.3620801,28.262142,0.15275024,729.6934,0.24800724,1273.3042,0.13479541,-156.52335,-0.51270044,1768.2146,0.11965295,919.3552,0.1898349,-155.85634,-0.48642427,2863.5,0.085135706,1020.0564,0.68966675,-158.02202,-0.45646518,-14.180019,-0.3432944,25.9206,0.18522577,0.044853088,0.3948929,-0.016267342,-0.64481556,0.045889325,0.36772406,37.478687,0.1481109,-6.5425973,-1.063275,4.448677,2.989613,-18.138933,-0.40699813,-8.193797,16.097647,0.0010033749,0.005016766,0.009863958,0.7246377,0.75187975,0.32999998,0.0,0.48499998,0.035,-43.266888,ans,Ses02M_script02_1,Ses02M_script02_1_F000
148,30.58285,0.119950905,26.650433,33.92378,34.067207,7.4167747,93.220215,0.0,60.826733,43.138718,0.07392763,0.36575282,0.058000773,0.061217252,0.08683361,0.028832838,0.5161822,0.47594115,0.24497342,0.19255994,0.012343566,0.5670598,25.14486,0.16394426,-2.4028833,-2.4314854,12.092566,0.5538852,-8.526021,-0.7075275,0.027472245,0.6491781,1.8986664,0.47356206,4.925877,0.3120061,0.7231043,3.1378295,19.375175,0.0913659,702.1904,0.26035053,1472.968,0.11851718,-196.06595,-0.1412379,1712.443,0.14792904,1220.178,0.21152382,-196.00314,-0.13943246,2773.8662,0.06148131,904.05756,0.31549016,-196.28831,-0.13134237,-12.783989,-0.39881632,26.90692,0.19342412,0.016018968,1.2192501,-0.012371396,-1.1152526,0.023472765,0.2809517,30.236929,0.15328102,3.82051,1.440807,7.6690416,1.0571641,-15.918762,-1.0507483,-11.227637,21.252592,-0.002791975,0.0016870383,0.012081628,1.44,0.48387098,0.046666663,0.016996732,1.4975,1.057293,-54.742485,s,Ses02M_script02_1,Ses02M_script02_1_M004
149,26.219833,0.19000225,22.606945,24.226093,29.896309,7.289364,96.58451,45.142128,11.272569,13.682444,0.11974325,0.45854,0.06579966,0.1102988,0.16795847,0.10215881,0.8493336,0.39807796,0.5338737,0.33729017,0.022478359,0.5793995,27.077686,0.2502735,-1.9089397,-3.5597794,19.697292,0.54204965,-8.611229,-0.8401947,0.015825907,0.6923834,1.2889869,0.42758855,3.799284,0.5787388,5.2371564,1.7494845,18.941612,0.3742561,571.6307,0.42040154,1324.9667,0.11395068,-136.94244,-0.6368318,1579.9485,0.18121392,1037.4176,0.24481578,-139.07697,-0.5981149,2597.774,0.08964275,902.7335,0.27771363,-140.26347,-0.58068997,-12.814934,-0.26887012,21.82963,0.2314181,0.016766816,1.0386074,-0.008581483,-1.4750868,0.0317472,0.39379406,30.789333,0.23934808,-1.0794165,-6.514884,19.90425,0.70941556,-11.989693,-0.75965446,-11.5332155,19.435068,0.0005910129,0.0016591973,0.017887259,2.3214285,1.9819821,0.1609091,0.09848438,0.29583332,0.263643,-47.388374,q,Ses02M_script02_1,Ses02M_script02_1_M005
150,32.521328,0.10846902,31.017473,32.426197,36.252842,5.2353687,40.310303,19.72859,18.510347,0.16482544,0.093087345,0.45250273,0.0617921,0.07790675,0.11857234,0.056780238,0.58527786,0.46186015,0.54112464,0.3932143,0.016329726,0.7123583,25.210579,0.27779463,-3.5411694,-1.9253165,12.481858,0.61580074,-5.4504375,-1.391165,0.018404061,0.93285584,1.1758869,0.41993484,5.49722,0.33899024,4.088984,2.1625636,23.055998,0.3106792,600.54156,0.36319405,1414.2175,0.14191039,-174.50153,-0.3680639,1592.8036,0.11878366,1134.6456,0.17861368,-172.85426,-0.36681098,2640.1865,0.08984713,1143.2855,0.4372161,-174.16238,-0.34664792,-11.984444,-0.37742516,24.0948,0.20646945,0.024194412,0.80952305,0.0012430156,7.7316217,0.033865094,0.41391718,32.7824,0.12873833,-4.9591246,-1.8146616,8.749404,1.2961942,-2.37856,-4.657484,-9.845709,19.000475,5.9895538e-05,0.005043555,0.01322399,1.8079097,1.25,0.11272727,0.051006403,0.6108333,0.60590786,-50.636597,s,Ses02M_script02_1,Ses02M_script02_1_M006
151,36.73584,0.044200305,35.23654,36.02016,38.753204,3.5166626,12.7404785,1.4179137,13.311103,0.0,0.1061451,0.7201955,0.05860422,0.06306822,0.15286887,0.09426464,1.5394057,1.1630646,1.2132866,0.7456046,0.0205424,1.0370401,24.595896,0.40139338,-2.9333813,-1.8422328,12.194436,0.67397255,-11.335829,-0.74480176,0.020337876,0.9362315,1.0155863,0.54617363,8.912431,0.3044999,2.5447044,1.596686,26.141783,0.27834588,736.18866,0.190739,1312.7435,0.17273338,-158.95293,-0.48609683,1728.8414,0.0876764,1111.6771,0.47565722,-159.70541,-0.45499197,2814.606,0.08606435,787.7392,0.25201777,-161.70691,-0.42630383,-14.844825,-0.34737182,24.864754,0.3533446,0.041428655,0.5410613,-0.018338865,-0.6825745,0.04468633,0.66734254,33.4414,0.24791975,-2.2268968,-2.9211483,4.3015127,2.4882207,-21.549612,-0.43273655,-9.4226675,18.423681,-0.0014789443,0.0032325448,0.013660716,2.4038463,1.4778326,0.14666666,0.024944382,0.38,0.29563493,-45.448326,q,Ses02M_script02_1,Ses02M_script02_1_F001
152,30.142937,0.14636193,24.06834,31.539234,33.5249,9.456558,62.45735,41.53679,45.86999,6.8753233,0.10355796,0.41438565,0.065127924,0.095469244,0.13102901,0.065901086,0.6743598,0.58813715,0.569677,0.26427537,0.022786409,0.5738308,29.255444,0.23859513,0.61407965,10.556575,14.488664,0.5205785,-11.520746,-0.96130496,0.01780159,0.917834,1.4560337,0.4022313,4.3929343,0.6847173,1.1961455,4.5299172,24.501394,0.25747263,599.2683,0.3072817,1371.0195,0.19716974,-152.4901,-0.52616704,1609.9086,0.13340575,1090.7552,0.24136542,-154.39185,-0.4915506,2706.3064,0.087747276,886.4785,0.3913305,-156.3257,-0.4643235,-14.006115,-0.2880984,25.066442,0.17818777,0.021605326,0.90085316,-0.008799301,-1.7896483,0.030876,0.5000927,32.42297,0.18401864,1.9121188,4.746554,10.726588,0.96994567,-20.117897,-0.6961066,-13.277403,23.450758,0.0066738874,0.0005769584,0.020397693,2.5000002,2.2222223,0.10428572,0.050950155,0.28375,0.13114281,-48.402283,ans,Ses02M_script02_1,Ses02M_script02_1_M007
153,35.428017,0.102881745,33.32101,35.08751,38.061886,4.7408752,78.12218,26.566568,47.787853,0.0,0.13288417,0.592129,0.0631563,0.09747888,0.19509096,0.13193467,1.7347066,0.7362171,1.0698773,0.66844094,0.024948811,0.6642932,24.757082,0.36884254,-2.2055624,-3.4776547,14.193264,0.7163643,-14.802263,-0.8998638,0.040105414,2.1800125,1.170949,0.65153056,7.4511757,0.4005368,5.9842415,0.5966568,21.352417,0.16200979,757.20233,0.11798922,1371.8232,0.12791981,-134.88509,-0.6456167,1812.3837,0.06183743,920.3871,0.25196064,-138.08847,-0.58752054,2863.9333,0.044356223,796.546,0.35359678,-139.02054,-0.5747546,-13.281843,-0.24874605,20.948008,0.21225028,0.037085883,0.46007955,-0.018281069,-0.52975684,0.03766113,0.4230722,30.163681,0.1558453,-4.8785133,-1.4892157,11.783825,1.2330148,-25.464344,-0.37768233,-10.031911,18.200989,0.002124527,0.0008020868,0.018945616,3.2967033,2.824859,0.11399999,0.032619014,0.18166666,0.11950127,-45.527122,s,Ses02M_script02_1,Ses02M_script02_1_F002
154,25.438787,0.0012942039,25.404701,25.45276,25.467836,0.06313515,1.4744759,0.0,-1.0026932,0.0,0.07699023,0.23418497,0.05919631,0.0768808,0.09301378,0.03381747,0.4084316,0.21051331,0.18915266,0.035670776,0.016687794,0.5188111,24.958864,0.1266619,-2.138207,-2.995161,15.076101,0.3682156,-5.2107186,-0.7832903,0.020857058,0.32838738,1.5516163,0.5212716,4.6179485,0.13952295,-5.6556807,-1.0714041,23.445616,0.2520296,485.4805,0.40237933,1457.7169,0.06545629,-187.6539,-0.2467144,1568.7141,0.100562684,1099.2222,0.18547922,-188.8401,-0.22228247,2743.93,0.048663083,985.5541,0.080828466,-189.26482,-0.21405517,-17.453297,-0.06386738,29.9773,0.025816763,0.0053765867,1.9915504,0.006519668,0.49000055,0.020738358,0.112245865,31.631813,0.043465577,5.1910224,0.5302607,23.127756,0.20558019,0.08531848,65.62353,-12.196083,22.36862,-0.005544595,0.0074892165,0.016395574,2.9850748,0.7751938,0.08,0.0,0.59,0.04,-53.348392,q,Ses02M_script02_1,Ses02M_script02_1_M008
155,37.555077,0.05287799,36.00701,37.47682,39.25148,3.2444687,76.7989,107.67857,139.73459,196.9606,0.19002938,0.767617,0.059861686,0.1482032,0.3031761,0.24331442,1.8836907,0.8832775,1.6464717,0.94417137,0.04695726,1.0590172,26.520733,0.36796373,-4.142744,-2.715705,12.154414,0.791535,-14.56011,-0.6716264,0.024253225,1.3599426,0.900341,0.61574596,9.020644,0.32673296,8.554381,0.87149394,24.978182,0.27259597,631.93115,0.2995272,1426.3127,0.13818981,-123.023964,-0.7337971,1694.3523,0.12380222,1016.4707,0.28041247,-117.824455,-0.7220208,2760.0388,0.07392099,889.284,0.29069662,-120.72227,-0.67946315,-13.975191,-0.42459387,22.934504,0.34926346,0.04868886,0.28125855,-0.015239024,-0.68916327,0.06904965,0.6662536,31.769,0.25670165,-6.141693,-2.1853878,12.3100395,0.9029052,-21.101847,-0.4382807,-10.185236,19.656605,0.0068847924,0.0015123828,0.029847974,3.2921813,2.9411767,0.14714286,0.097205855,0.14999999,0.15684387,-39.275375,ans,Ses02M_script02_1,Ses02M_script02_1_F003
156,36.032253,0.087988734,35.83479,36.56385,37.915054,2.080265,154.59128,52.38216,13.434898,0.0,0.11485882,0.7095317,0.062282797,0.08150247,0.15614781,0.09386501,2.677724,2.4543555,1.2532045,2.405278,0.029022172,1.2624093,26.412315,0.27243963,-0.92671084,-7.056395,16.091011,0.49472582,-13.039268,-0.693071,0.022674548,0.8268159,1.555612,0.8413139,9.114985,0.39929065,10.2948065,1.0387307,25.658539,0.17681646,568.4949,0.22531544,1308.1648,0.11545949,-177.95636,-0.33000246,1765.7103,0.13078193,1066.2426,0.36108723,-179.2465,-0.2961656,2653.2566,0.0930477,983.24866,0.3169313,-178.97318,-0.30014855,-17.232687,-0.38851342,22.7835,0.34197083,0.04609577,0.36691517,-0.017607247,-0.6321597,0.060997695,0.8081971,25.80685,0.27430925,8.590059,1.1409056,26.914309,0.40379232,-25.512867,-0.2723534,-11.897261,20.833931,0.010519034,-0.003796795,0.021154188,2.6548672,1.8181818,0.06,0.040620193,0.47,0.43422344,-43.34571,ag,Ses02M_script02_1,Ses02M_script02_1_M009
157,35.75118,0.06354765,33.39629,35.898502,37.61911,4.2228203,43.396984,32.374916,26.426453,15.82648,0.24167284,0.5813885,0.12064853,0.20363551,0.34838974,0.22774121,2.8428862,1.3866768,2.268935,1.4414955,0.05477283,0.7782085,26.122877,0.5039262,-2.5490978,-5.6889963,12.7484255,0.9176013,-14.2900505,-0.6807824,0.016235154,1.0532663,0.96471566,0.8005701,8.710936,0.3628515,5.523484,1.4508475,21.921988,0.3204005,642.4669,0.25403807,1425.192,0.16895634,-89.09659,-1.0236701,1674.9862,0.1006178,1042.0848,0.28013268,-91.85065,-0.92448294,2713.8442,0.08132694,942.9052,0.3844878,-95.552284,-0.8567389,-12.600318,-0.4699711,21.107635,0.35515678,0.04223022,0.48947063,-0.013598269,-0.8853081,0.06688816,0.6512405,31.81318,0.28956726,-6.977046,-2.0817733,13.206201,0.9847319,-15.951332,-0.6195529,-8.616887,15.854223,0.01782201,-0.003982783,0.03673289,3.646833,2.906977,0.196,0.15213151,0.119375,0.08081373,-37.825195,q,Ses02M_script02_1,Ses02M_script02_1_F004
158,31.768148,0.07013316,29.936508,31.486403,32.843426,2.9069176,27.952833,18.991522,91.58151,69.69728,0.12251948,0.5571718,0.0620106,0.10344143,0.1733689,0.1113583,1.1860389,0.8600706,0.9254821,0.94136053,0.026264038,0.7979707,27.960342,0.25909254,-2.44847,-2.5841868,11.751353,0.9042751,-11.15396,-0.83545995,0.014266068,0.9923114,1.0761328,0.47213557,5.4332557,0.45408452,1.7363579,4.13682,22.712688,0.42198697,602.1189,0.34274548,1352.0836,0.15754335,-153.29639,-0.5284112,1572.0245,0.15266976,1109.9636,0.22008406,-153.97302,-0.5074833,2728.5872,0.07209455,904.70715,0.3600823,-156.67017,-0.46982116,-12.423783,-0.39471745,26.073872,0.24267152,0.026747085,0.71439815,-0.009093064,-1.515406,0.043368507,0.44721416,33.329174,0.21160133,-2.7834377,-2.8268366,5.613,2.3584895,-17.388891,-0.6058033,-10.845542,20.703384,0.006354681,0.0029137204,0.020736188,2.4922118,1.5698588,0.151,0.13567977,0.46599996,0.458131,-46.12849,ag,Ses02M_script02_1,Ses02M_script02_1_M010
159,33.45605,0.0944681,33.334152,34.24196,35.156708,1.8225555,3.368293,2.3792663,129.0875,0.0,0.08104632,0.507314,0.05583601,0.061211973,0.09772023,0.041884217,0.49259225,0.4013917,0.43332914,0.32660615,0.015497923,0.72462845,27.344362,0.17603229,-2.9663486,-2.3535595,14.153278,0.48792082,-4.591546,-1.1026287,0.017826697,0.6616928,1.448712,0.42889497,5.8272295,0.2530818,9.62912,0.9626231,24.481647,0.27587283,550.01746,0.4772363,1382.5342,0.12514363,-173.82558,-0.37847543,1586.6108,0.17323175,1087.3328,0.15948698,-170.93576,-0.38715518,2603.034,0.11861883,1128.3964,0.3465522,-172.00652,-0.37080947,-12.249979,-0.45196018,23.613695,0.23990089,0.02967913,0.51644,0.0060654185,1.3282915,0.030141477,0.2966198,33.59583,0.11575002,-4.917919,-1.8556632,12.384831,0.9564762,-0.7553891,-10.543071,-12.038496,21.023973,-0.0018355608,0.0034843727,0.012723379,1.1516315,0.7751938,0.2025,0.23123309,0.85199994,0.9070038,-51.292374,o,Ses02M_script02_1,Ses02M_script02_1_M011
160,31.26201,0.067716666,29.470667,31.309431,32.33222,2.8615513,75.33028,90.15302,58.27592,53.308693,0.082178585,0.34458786,0.060935766,0.072604716,0.09779588,0.036860116,0.4538137,0.21442984,0.3761027,0.34248567,0.016341027,0.48711637,28.606478,0.29158852,2.6930838,1.7792029,14.109894,0.39688724,-8.284223,-0.91037315,0.016497904,0.61762923,1.2150636,0.4970114,5.882144,0.34375653,3.054935,2.651321,28.99315,0.19320066,661.24536,0.31908035,1407.2593,0.123519056,-160.17348,-0.47025684,1726.0597,0.15606415,1188.9243,0.22637947,-162.46127,-0.4266534,2745.8188,0.1089114,1094.0022,0.3685855,-163.75307,-0.40889856,-17.28847,-0.25215736,28.877363,0.13637997,0.02442208,0.6982944,-0.007523213,-1.6943309,0.021384345,0.3741693,34.573288,0.14412801,5.7801785,0.8609254,11.227659,0.55461377,-11.358238,-0.89983714,-13.774575,23.608479,0.002585344,0.002146135,0.01507369,2.0833335,1.7208413,0.11777777,0.12181751,0.39799997,0.41989997,-51.257927,q,Ses02M_script02_1,Ses02M_script02_1_M012
161,37.175755,0.03799199,35.679256,37.575775,38.539803,2.860546,23.390451,20.771675,13.675197,1.8277636,0.07765897,0.49588257,0.055046692,0.059137985,0.08324063,0.028193936,0.37738356,0.42300123,0.25446618,0.13101067,0.012755553,0.46504322,24.463175,0.23811245,-0.8996855,-6.4651103,13.703552,0.39516538,-8.099557,-0.72589886,0.029217657,0.69181967,0.96815413,0.5542963,8.680781,0.23615238,7.2293305,0.9951807,18.383556,0.1981412,814.75604,0.14364351,1301.5096,0.15047207,-160.60672,-0.4599026,1870.6455,0.07580273,918.9966,0.26885852,-162.38052,-0.43450826,2855.221,0.04379054,849.4884,0.30244148,-163.38232,-0.4206319,-15.356052,-0.3007153,24.777828,0.22204138,0.017681986,0.732568,-0.012969488,-1.0318815,0.02124172,0.32202974,28.91126,0.08827259,0.7187116,10.517349,17.791824,0.5074241,-12.489285,-0.72159886,-11.848257,21.556849,-0.009743908,0.0040465137,0.010519398,1.734104,1.1904762,0.175,0.105,0.42666668,0.18803073,-51.730015,ans,Ses02M_script02_1,Ses02M_script02_1_F005
162,30.668453,0.112259366,28.328096,31.090193,34.35916,6.031065,39.92052,30.89751,175.84888,200.40115,0.089044385,0.44356138,0.05830817,0.07643252,0.11569759,0.057389423,0.6270735,0.3748179,0.54436034,0.34604692,0.017394757,0.6458422,27.346512,0.23595065,-2.380542,-2.138731,14.811435,0.5741019,-8.068445,-1.0138378,0.016623028,0.8756488,1.2598549,0.44058517,4.163454,0.5304204,3.424563,2.0966883,22.03195,0.3248093,586.99445,0.33019567,1429.9517,0.123271555,-182.42879,-0.2955056,1590.308,0.14264365,1116.9585,0.15649003,-180.72018,-0.3024365,2634.0762,0.083953835,1060.637,0.23639968,-181.40543,-0.29068753,-11.743636,-0.39626607,22.983135,0.2213641,0.015032666,1.1545271,-0.0058021895,-2.3175888,0.033193216,0.45672756,33.58384,0.14708507,-4.6553874,-1.7132156,10.604506,1.0825757,-11.873497,-1.2745585,-12.02229,21.275265,0.001643594,0.0020841544,0.0155584635,2.013423,1.0810812,0.0925,0.0703118,0.7211111,0.7537527,-51.30828,s,Ses02M_script02_1,Ses02M_script02_1_M013
163,32.487247,0.05116386,31.354622,31.880173,33.810947,2.4563255,228.68736,193.2519,18.818764,9.887406,0.106644966,0.42385784,0.065410204,0.096244425,0.13937147,0.073961265,0.7051281,0.4707382,0.5453541,0.3493438,0.019051302,0.58947444,21.80762,0.33589324,-1.7523751,-5.1029944,12.628833,0.6396183,-5.150939,-1.3497638,0.022775663,1.0956252,1.3515252,0.31587043,4.6695952,0.29625797,4.380584,2.0118396,21.644108,0.242486,531.10333,0.35396236,1376.0038,0.15792628,-182.11263,-0.2964705,1541.4009,0.12033486,984.9635,0.16046596,-179.23094,-0.31137222,2563.6821,0.069030315,966.4961,0.21595792,-180.07971,-0.29728097,-11.046054,-0.33360416,21.398117,0.21988837,0.030228842,0.5404857,-0.0025283734,-3.2434592,0.037368435,0.45750043,26.393703,0.38171282,0.32080895,30.763199,8.602346,1.1214299,-4.8263173,-1.2551831,-9.200424,18.177444,0.0015028906,0.006031196,0.016680954,2.7565086,1.5432099,0.066,0.04431704,0.51,0.57126653,-50.632473,s,Ses02M_script02_1,Ses02M_script02_1_M014
164,30.531668,0.065533236,29.581135,29.948965,31.833021,2.2518864,21.388752,11.804761,30.809155,25.236025,0.15536281,0.595917,0.07080208,0.12606233,0.24572727,0.1749252,1.7072021,0.9264492,1.0146633,0.57706004,0.03103123,0.78780335,25.357359,0.28514615,-4.53368,-1.7443441,18.170698,0.61437273,-9.715871,-0.93262815,0.016503518,2.011931,1.2157462,0.42661536,5.464438,0.40021986,1.0651848,5.951149,16.706562,0.58903533,516.9538,0.3600887,1313.0741,0.12833866,-132.31943,-0.6904557,1509.6974,0.14799838,1017.30023,0.21670151,-131.97983,-0.6709604,2557.1575,0.08927539,853.9402,0.28070432,-134.09898,-0.6389717,-10.494186,-0.51708573,20.187614,0.31846708,0.030514132,0.5216118,-0.005813619,-1.9495673,0.051714957,0.4534249,30.779915,0.15578222,-5.629329,-1.9321011,14.783007,0.8623636,-14.770613,-0.80508614,-9.247588,17.266851,-0.0004883763,0.004568013,0.01931784,2.7196655,1.0570824,0.34,0.36507532,0.48666668,0.4342682,-44.01009,o,Ses02M_script02_1,Ses02M_script02_1_M015
165,26.132278,0.19397129,22.626348,24.07109,27.887169,5.2608204,134.83699,146.07169,52.7007,48.43766,0.11469312,0.43658182,0.068878666,0.10613519,0.14568107,0.0768024,0.74120265,0.5876169,0.7500974,0.68560714,0.024412131,0.6913854,25.644901,0.31425488,1.1631235,6.446026,16.746243,0.6072243,-7.072734,-1.3105074,0.025374591,1.3893255,1.3796296,0.5394799,4.025897,0.5220619,7.425058,1.2134398,25.0163,0.33846802,597.74695,0.4026323,1393.7415,0.16356313,-156.1356,-0.49486804,1592.2483,0.15205997,1091.8768,0.27591112,-156.40106,-0.4713872,2635.2852,0.0886784,987.0138,0.28958282,-157.70802,-0.45330328,-14.568979,-0.36872482,25.877089,0.2087903,0.020666111,1.0308763,-0.00088984927,-14.345858,0.034360956,0.5584601,30.30502,0.18960197,3.4405901,1.8337462,20.015865,0.62662375,-5.6960573,-2.246706,-10.82905,20.262869,0.005225216,0.005126131,0.021388665,2.2257552,2.2435899,0.099999994,0.06301927,0.30333334,0.25428766,-47.376835,q,Ses02M_script02_1,Ses02M_script02_1_M016
166,36.121784,0.03511667,35.22705,35.545124,37.905956,2.6789055,5.338478,1.3105309,14.689867,2.0041661,0.13926755,0.5598873,0.060696263,0.1250504,0.20509608,0.14439982,1.6551867,1.3380367,0.83709764,0.53873533,0.022503031,0.85415745,25.871725,0.46229002,-0.114608586,-99.29979,4.678378,2.0679653,-15.004205,-0.92304623,0.008816784,1.3605809,0.6927062,1.2196535,12.022292,0.18655552,9.158587,0.5224513,39.95187,0.16900079,720.8265,0.2780377,1558.0625,0.14124314,-155.73932,-0.49751818,1778.1257,0.1654451,1445.8711,0.22844528,-150.55193,-0.4958086,2957.8352,0.089233816,1194.3522,0.24394599,-153.21542,-0.4616908,-18.496859,-0.3016258,36.094746,0.22332636,0.052904446,0.37488055,-0.018346293,-0.88352305,0.031770643,0.57379264,40.942924,0.1887872,11.863388,0.8914795,-0.9679148,-8.261899,-29.007208,-0.5534294,-6.582266,17.4584,0.0027669591,0.012601561,0.019254848,2.484472,1.2820513,0.225,0.114999995,0.35333332,0.1302135,-40.98928,s,Ses02M_script02_1,Ses02M_script02_1_F006
167,25.732204,0.07856123,24.445633,25.144594,26.364578,1.9189453,255.74226,0.0,11.143262,0.0,0.109688416,0.56909066,0.055684973,0.08934777,0.16077445,0.105089486,0.6446082,0.5887348,0.50117,0.20180415,0.020508576,0.8504251,25.661049,0.31564763,-3.7164633,-1.8926421,17.193048,0.38756636,-11.124485,-0.71439165,0.017529262,0.7704085,1.2517616,0.41663727,3.41548,0.32699358,-2.88339,-2.4031968,20.476597,0.30892262,595.3073,0.31196845,1374.756,0.14367792,-159.07523,-0.48821878,1676.0427,0.15339719,1105.8998,0.13346298,-160.70761,-0.45082915,2632.5828,0.09939979,948.3225,0.31239828,-161.58183,-0.43870875,-16.435415,-0.283602,23.932034,0.16275173,0.024998352,0.4284168,-0.015067503,-1.0346348,0.036154248,0.47965655,35.553596,0.13162287,-0.20522404,-45.802803,19.263735,0.5356846,-17.055138,-0.7032138,-9.539658,17.874367,0.009230986,0.0040184837,0.016665295,1.8072289,1.242236,0.17,0.14999999,0.40666667,0.21561283,-48.164265,q,Ses02M_script02_1,Ses02M_script02_1_M017
168,36.105488,0.08423602,33.662148,35.254326,38.808342,5.1461945,25.212667,18.822615,21.62939,1.5000992,0.15014125,0.7028351,0.05771815,0.13355859,0.22632787,0.16860971,1.9027047,1.267298,1.9830711,1.3087671,0.031326603,0.8632328,26.360888,0.5517923,-1.1009877,-10.44809,8.316724,1.1516266,-12.263002,-0.83049476,0.01603986,0.9975318,1.023809,0.83330995,8.565973,0.28502312,6.7921515,0.89462554,28.952578,0.25630322,742.738,0.29265082,1452.2356,0.21097396,-138.8715,-0.62382317,1716.964,0.15513511,1273.5947,0.33272636,-136.6112,-0.6116018,2808.218,0.07348747,956.6923,0.31244972,-140.16818,-0.56100017,-11.378375,-0.39511958,26.773783,0.28727025,0.041266475,0.45679733,-0.007354945,-1.5571804,0.057720196,0.4920582,36.778084,0.2815721,-7.670853,-1.3368877,1.6487867,7.0504365,-20.414042,-0.5025007,-10.226643,19.12877,0.0037327115,0.0046365657,0.017836973,2.9850748,1.9011408,0.17799999,0.16067357,0.27166665,0.24518135,-41.91522,s,Ses02M_script02_1,Ses02M_script02_1_F007
169,35.021744,0.113052405,33.69225,34.41295,35.993828,2.3015785,60.05472,46.266052,28.697187,17.695932,0.15090887,0.44325405,0.080075994,0.15000631,0.21493667,0.13486068,1.3153474,0.73013,0.65789616,0.3601851,0.036768664,0.5691949,30.951159,0.26233375,-1.3261344,-7.244334,15.480982,0.82402515,-7.4630866,-1.453151,0.014829568,1.2228446,1.031862,0.49217576,7.272578,0.47504583,7.382244,1.085782,24.835316,0.28594118,627.897,0.38396764,1350.073,0.14331537,-126.43692,-0.7294226,1643.4271,0.13853511,1081.6842,0.26477024,-120.22109,-0.72679514,2674.7158,0.10670565,967.0684,0.26056936,-123.7093,-0.67476517,-12.74382,-0.41949683,24.038218,0.20410872,0.03171438,0.6237859,0.00026961142,49.784687,0.04336936,0.4448594,33.928757,0.19319905,-5.9883766,-1.5890759,13.830587,1.0847706,-8.950277,-1.2931958,-14.0696,23.934319,0.015570785,0.00042534605,0.03233464,3.9325845,2.2727275,0.18416665,0.20450991,0.21692307,0.29859632,-43.51597,q,Ses02M_script02_1,Ses02M_script02_1_M018
170,34.24456,0.0553511,32.37486,33.984524,35.978573,3.603714,17.291504,2.3577886,7.096407,4.5454006,0.17594403,0.60653985,0.07422957,0.15795429,0.2619965,0.18776694,2.017369,1.2000312,1.3384312,0.42146468,0.033897478,0.5859532,33.25716,0.20058742,-6.659108,-1.8411803,18.28667,0.48055604,-10.029085,-0.9848412,0.023210987,0.8813461,0.96173346,0.7243845,8.565747,0.257708,6.660703,0.9907518,24.964445,0.2936993,653.6526,0.2930206,1491.3425,0.123616,-118.2792,-0.77970856,1683.4901,0.12299197,1087.7021,0.32500473,-117.37921,-0.74384147,2749.8909,0.08368743,899.15826,0.22815302,-120.03347,-0.704175,-14.079569,-0.40755546,22.279823,0.33552918,0.039585065,0.5231271,-0.007895383,-1.5076252,0.04186338,0.5099783,35.726276,0.17693153,-7.159452,-2.0114248,17.7378,0.5627634,-13.7377615,-0.8001837,-11.839416,20.280796,0.018772962,0.0022690257,0.02841067,3.5874438,1.8348624,0.24249999,0.19408439,0.22399999,0.09604166,-41.71342,ans,Ses02M_script02_1,Ses02M_script02_1_F008
171,0.0,0.0,0.0,0.0,0.0,0.0,0.0,0.0,0.0,0.0,0.11375468,0.6860869,0.0595031,0.0719343,0.16971625,0.11021315,0.5718633,0.30202317,0.36711085,0.032518417,0.027817274,1.1593974,26.877008,0.28221735,-5.0614552,-1.0803553,13.5341,0.92231655,-10.646379,-0.74632657,0.0,0.0,0.0,0.0,0.0,0.0,0.0,0.0,0.0,0.0,0.0,0.0,0.0,0.0,-201.0,0.0,0.0,0.0,0.0,0.0,-201.0,0.0,0.0,0.0,0.0,0.0,-201.0,0.0,0.0,0.0,0.0,0.0,0.0,0.0,0.0,0.0,0.0,0.0,0.0,0.0,0.0,0.0,0.0,0.0,0.0,0.0,-10.22813,19.86098,0.015868409,0.001841814,0.02897329,0.9090909,0.0,0.0,0.0,1.04,0.0,-46.784782,b,Ses02M_script02_1,Ses02M_script02_1_M019
172,34.895607,0.046706554,33.69023,34.212963,36.578438,2.8882065,33.37843,25.185146,-9.209843,23.932833,0.12668186,0.8120488,0.05644231,0.07620847,0.21041697,0.15397467,1.4387858,0.9369019,1.4583439,0.41315627,0.026899694,0.9848089,27.610588,0.26154187,-3.7949932,-1.591307,13.27479,0.65470374,-11.299553,-0.8052732,0.02780206,0.6357678,1.2811254,0.8410041,7.0762935,0.4105082,5.0395126,0.90590864,27.394432,0.3078568,788.5376,0.18167286,1471.599,0.16738068,-157.11827,-0.49171224,1731.5693,0.11277161,1133.9669,0.1797809,-157.2255,-0.47254676,2819.2214,0.062810406,955.3767,0.21781771,-159.3765,-0.44340166,-11.186591,-0.39100564,24.639261,0.29688412,0.041254714,0.58062315,-0.0080809,-1.2110672,0.06193282,0.4374582,35.212677,0.21577238,-7.78173,-1.1878948,5.6012244,2.0707245,-19.56342,-0.5692236,-11.3175,19.992685,0.007301311,0.004485447,0.016736928,2.3952096,1.8518518,0.12,0.05715476,0.29749998,0.16238457,-43.416595,s,Ses02M_script02_1,Ses02M_script02_1_F009
173,35.74166,0.0066297324,35.53464,35.784477,35.965813,0.43117142,0.0,0.0,-0.13467503,0.0,0.09880536,0.5639226,0.055958178,0.07269002,0.13982661,0.08386843,0.53952074,0.21779695,0.8493116,0.56673074,0.023458606,0.8023166,28.353743,0.23592699,-1.2551887,-4.8906612,12.911752,0.63079333,-6.651482,-1.1767237,0.03136303,0.0,2.433863,0.045417294,5.84992,0.042573035,17.23774,0.06270981,27.420372,0.058983147,360.4847,0.026754694,1115.1233,0.03079526,-198.5285,-0.0974547,1462.162,0.005463432,689.085,0.025187856,-196.64246,-0.12236729,2479.9692,0.011457444,844.2244,0.02249139,-196.68869,-0.120981045,-15.748112,-0.010228123,26.597727,0.035844017,0.045803607,0.10148245,-0.0006394519,-3.1561472,0.02612403,0.11293872,24.647049,0.008294964,4.8177247,0.1819097,22.569908,0.07589255,-5.870606,-0.15556698,-12.667997,23.296112,0.008466528,0.0026923246,0.023760257,1.7964072,0.61728394,0.03,0.0,0.78,0.34,-48.535236,ag,Ses02M_script02_1,Ses02M_script02_1_M020
174,35.718452,0.033299237,34.61985,35.43181,37.239834,2.6199837,45.23492,0.0,-8.017334,11.479385,0.12964559,0.82499975,0.057692192,0.07665888,0.2298272,0.172135,1.2897463,1.0432197,1.5970328,1.2283951,0.023765888,0.8951336,27.822527,0.42008805,-2.1084526,-4.259476,6.0295663,1.7882582,-6.082412,-1.2518477,0.009651387,1.7908021,0.54794514,1.0646117,10.388465,0.30930924,-0.13406193,-31.32095,30.419027,0.21571174,624.46716,0.22567724,1521.2494,0.15514863,-156.32864,-0.518744,1546.0748,0.06710792,1017.46674,0.11917813,-156.80548,-0.49995908,2792.28,0.04186808,865.7483,0.34150398,-161.45671,-0.4342337,-11.599913,-0.3596234,30.081848,0.22401437,0.04437512,0.4136144,-0.006332439,-1.1101112,0.051162522,0.44599032,41.02671,0.1727262,-7.4909906,-1.2910283,-8.957314,-1.1911811,-14.9253235,-0.511842,-11.544738,22.370337,-0.0037779426,0.006967259,0.016064925,2.0100503,1.0309279,0.21499999,0.005,0.48666668,0.22065559,-42.25512,c,Ses02M_script02_1,Ses02M_script02_1_F010
175,26.511806,0.17628169,21.808487,25.24049,32.226646,10.4181595,59.687458,34.29015,37.663853,30.810072,0.09623464,0.48762605,0.05945949,0.07756363,0.12648843,0.06702894,0.566705,0.47158486,0.4360451,0.32097077,0.02176961,0.9135446,26.74477,0.22910109,1.0507052,6.638637,16.452637,0.52883697,-3.7549179,-1.760627,0.015181629,0.97352743,1.3916519,0.4310976,4.2019167,0.50688255,5.6023817,1.6647735,24.987146,0.2513301,541.55475,0.42218545,1331.0686,0.11587721,-170.58275,-0.38928476,1578.0135,0.16048175,1014.70306,0.24935517,-172.35526,-0.36037782,2642.0198,0.09707424,915.67346,0.22983448,-173.24576,-0.34701258,-15.530896,-0.20177808,24.755499,0.15533966,0.022551533,0.7979336,-0.0020145597,-5.9409213,0.037420873,0.7335949,32.573513,0.17088503,2.1888769,3.4484503,20.051956,0.5245086,-4.577032,-2.369534,-12.303635,21.15453,0.005342968,0.005136104,0.018969947,1.8181818,1.8285714,0.07625,0.043138586,0.449375,0.57271796,-47.735893,dag,Ses02M_script02_1,Ses02M_script02_1_M021
176,35.858543,0.09583779,33.55937,34.854473,40.676575,7.1172066,76.80226,50.269825,15.248051,0.0,0.11570664,0.5994198,0.057614036,0.09764132,0.15895371,0.101339675,1.1316068,1.0600684,1.0048159,0.60908055,0.022295142,0.9482942,24.592619,0.44331425,2.3147755,3.522234,15.040547,0.68965524,-9.152499,-0.65457153,0.012581255,0.6392121,0.81150025,0.6742177,10.02084,0.22462904,5.948644,1.4123333,27.608046,0.24048994,673.37177,0.25500825,1369.3259,0.15198825,-131.53882,-0.6658681,1770.1702,0.098804966,979.541,0.24250716,-133.54494,-0.6128728,2846.1956,0.0544134,862.32336,0.2980252,-136.21631,-0.5761781,-17.483694,-0.31062287,28.233694,0.2899506,0.02878935,0.54510474,-0.008472768,-1.2327789,0.035070665,0.7249022,32.462757,0.26941127,3.763598,2.4395027,15.425111,0.9656235,-12.609981,-0.5127979,-9.841184,17.857521,0.0029807333,0.007621913,0.015036783,3.2608697,1.6759777,0.22333333,0.13474256,0.2625,0.13589978,-43.72718,ans,Ses02M_script02_1,Ses02M_script02_1_F011
177,31.564373,0.072173215,29.776592,30.771618,32.594673,2.818081,15.490324,0.0,53.64435,0.0,0.10869573,0.7209956,0.056203153,0.0629372,0.19195977,0.13575661,0.6750633,0.6118347,0.55898064,0.12902342,0.022876417,0.9795941,27.94835,0.179982,-4.5992813,-1.3905221,10.899382,0.70085233,-6.8663235,-0.8340762,0.022101894,0.5914156,1.3010393,0.40021187,6.2380285,0.3094468,0.5429411,11.019291,21.97025,0.315064,620.43024,0.4353744,1410.0691,0.1205115,-177.40118,-0.3201202,1641.007,0.16950984,1138.7572,0.16721182,-176.60172,-0.31310302,2711.3726,0.12134987,968.62573,0.23506494,-177.41751,-0.30156556,-17.64629,-0.36763266,28.152708,0.3059868,0.015518333,1.2408218,-0.0043358854,-1.4787033,0.039558996,0.52321625,35.96359,0.059699412,1.0931082,11.292517,20.55545,0.18650608,-1.9053154,-2.6130736,-9.328051,20.251966,0.009239435,0.009333717,0.020962141,1.3605443,2.1126761,0.056666665,0.024944384,0.295,0.24984995,-46.577023,q,Ses02M_script02_1,Ses02M_script02_1_M022
178,37.285385,0.08374142,34.89965,36.253525,40.312546,5.412895,28.44023,6.0951557,77.801796,32.92099,0.17181857,0.7162472,0.069689125,0.13524443,0.2647075,0.19501838,2.2990956,1.6919416,1.2439883,0.8099536,0.04064796,1.0401338,20.964579,0.6332265,-1.5079968,-7.8543963,12.250371,0.92288226,-11.380474,-1.0007236,0.045002066,1.7312603,1.3156444,0.8119075,7.6932535,0.3435951,10.395404,0.9421318,25.68109,0.31404656,695.6614,0.34733632,1371.4882,0.13709371,-146.42528,-0.5618589,1801.3354,0.112254456,1063.0387,0.24760506,-145.72336,-0.5368699,2813.6143,0.074816436,1015.99567,0.23314407,-147.15863,-0.51787096,-13.246577,-0.52863646,22.928387,0.37034267,0.051935278,0.3368121,-0.010758354,-0.9851137,0.08636534,0.45326087,29.685825,0.35306972,-3.9226325,-3.34648,15.35428,1.1417289,-21.730518,-0.4805905,-7.743274,16.288147,0.009068881,0.007360692,0.020834927,2.7681663,2.1126761,0.13833332,0.09370461,0.26857144,0.1497072,-40.558926,ans,Ses02M_script02_1,Ses02M_script02_1_F012
179,31.71676,0.14282633,27.624912,31.435787,37.46062,9.835709,83.54916,71.21118,238.59685,238.22374,0.10463218,0.4120123,0.06370102,0.09545067,0.1382918,0.07459079,0.7640328,0.39905408,0.52957976,0.38243824,0.02442084,0.6386376,27.00892,0.22044124,1.8897785,4.870349,11.679989,0.8062684,-4.9485135,-1.9668726,0.028344406,1.3818532,1.3098292,0.47350234,5.098602,0.4524574,4.751528,1.9392079,25.860928,0.30266464,704.4368,0.30326116,1490.621,0.15854518,-165.12953,-0.42806146,1693.1083,0.14999703,1294.0841,0.43828058,-164.97298,-0.4124514,2795.3328,0.09912953,1066.4457,0.47472942,-166.26993,-0.39385405,-14.652838,-0.39406252,26.560287,0.2332508,0.018542193,1.1787094,-0.0046276557,-2.5753605,0.030317854,0.45880166,30.722733,0.15974419,4.3841,2.2491913,7.976278,1.7602618,-8.855706,-1.5930644,-12.619103,22.667791,0.0066647944,0.0034529513,0.023167087,2.895753,1.9493177,0.093,0.0603407,0.36272728,0.25107372,-48.543224,s,Ses02M_script02_1,Ses02M_script02_1_M023
180,35.616413,0.10978335,34.057568,34.66691,38.55181,4.4942436,261.64368,315.07675,85.53739,133.3544,0.15209252,0.5342647,0.08603471,0.13434519,0.20142256,0.11538785,1.3089701,0.76780653,0.9186771,0.7558267,0.037429504,0.6729945,26.066666,0.29024667,0.8060075,13.6995735,13.327227,1.0717111,-8.706619,-1.2715942,0.02500983,1.2474219,1.2944052,0.5185922,6.9879184,0.45201424,8.710251,1.2665917,24.855745,0.3991593,656.102,0.36979666,1381.5725,0.1852545,-145.06926,-0.5842813,1668.3334,0.14387225,1070.9324,0.2554632,-138.6599,-0.59866685,2717.633,0.08761203,929.15894,0.33048466,-141.08626,-0.5645706,-13.621122,-0.4433763,24.935204,0.2625165,0.034024257,0.62650007,-0.0022299218,-5.6691117,0.05154865,0.50650775,28.644112,0.24798231,-1.0050472,-13.392931,9.763394,1.7208436,-12.307797,-0.97694784,-12.206769,21.062222,0.018052297,0.0013910674,0.030396082,2.247191,2.1356783,0.14999999,0.13603632,0.315,0.26568308,-43.12492,s,Ses02M_script02_1,Ses02M_script02_1_M024
181,36.67101,0.06817048,34.581654,36.32965,38.992813,4.4111595,35.547794,74.46225,56.38076,80.492935,0.24704537,0.61217415,0.11185895,0.2185093,0.35567313,0.24381419,2.4669268,1.3548771,2.1584709,1.0875852,0.055677414,0.86652756,26.531246,0.5319829,-5.053281,-2.8620641,7.253592,1.8838583,-11.712008,-1.0355257,0.014059015,1.2125034,0.773426,0.7944072,9.659708,0.35224062,11.880918,0.7673375,30.090126,0.3117931,652.6443,0.36716837,1445.1368,0.16381338,-106.40636,-0.88249487,1637.2477,0.1096389,1165.5498,0.30988842,-98.28911,-0.8991422,2786.3828,0.08735486,948.793,0.34078857,-104.45886,-0.79423976,-12.8210125,-0.64291734,25.971119,0.3459925,0.055097353,0.3487993,-0.0062917033,-1.8580306,0.071813986,0.62745506,34.518234,0.23577644,-7.0254626,-2.042071,4.590261,3.0762496,-13.75674,-0.9482478,-5.348303,13.984629,0.014319362,0.004456555,0.036075167,2.722063,2.1645021,0.24733333,0.19003391,0.2223077,0.19756804,-36.9021,s,Ses02M_script02_1,Ses02M_script02_1_F013
182,30.267414,0.13953173,25.805054,30.980019,33.963753,8.158699,168.47508,265.88266,116.56883,86.46545,0.124603644,0.4015154,0.07978587,0.117580615,0.16319309,0.08340722,0.93502253,0.47485897,0.507193,0.23085167,0.028256867,0.5652388,26.803827,0.28052473,2.358143,3.4578388,15.184966,0.8415433,-9.764612,-1.0542318,0.019932896,0.67659193,1.3091302,0.46792653,4.521374,0.41180947,2.5269861,4.955115,24.329082,0.3050196,623.90125,0.30718747,1442.2721,0.16606933,-148.55092,-0.5463356,1645.248,0.1188795,1127.4503,0.23454504,-150.24634,-0.5085766,2733.7195,0.08348214,915.3846,0.3512585,-151.98238,-0.48517016,-14.9733,-0.39529598,25.818937,0.22952493,0.022016943,0.83726364,-0.007689346,-1.7281568,0.034650855,0.44661957,30.92368,0.20058706,5.066909,1.5971961,12.929752,1.1043773,-12.7033615,-0.90374434,-11.71655,20.580315,0.009461907,0.00041694607,0.025828669,2.967359,2.4850895,0.103599995,0.09507387,0.2676923,0.24043724,-46.921043,s,Ses02M_script02_1,Ses02M_script02_1_M025
183,35.16093,0.14978804,30.463943,33.55162,41.019783,10.55584,402.97607,419.2203,136.46803,93.1907,0.19390975,0.78358865,0.099969916,0.15281165,0.24391179,0.14394188,2.5176969,3.066487,0.59356743,1.4726337,0.05144942,1.4458492,25.335396,0.2928724,-1.4977318,-9.102619,9.703761,1.3279514,-8.747279,-1.549812,0.040612593,1.5407748,1.1484147,0.50548446,6.0898166,0.5007325,7.421738,1.3531983,22.962408,0.52175283,627.52374,0.27921492,1414.0598,0.13326456,-144.61737,-0.58126724,1657.2539,0.12405988,1142.5438,0.18115146,-139.84052,-0.57841945,2703.3853,0.083877444,1047.2603,0.36596146,-141.305,-0.55839264,-13.096377,-0.68655914,23.343882,0.38133225,0.035892345,0.49247903,-0.008933592,-1.770488,0.079012774,1.412379,28.19621,0.2492643,0.22289732,68.74649,7.472204,1.9954584,-16.251587,-0.98492897,-10.286699,20.436596,0.0148807075,0.0049048564,0.03408035,2.0833335,2.4390244,0.13,0.107238054,0.22999999,0.24513035,-38.27724,o,Ses02M_script02_1,Ses02M_script02_1_M026
184,37.85966,0.10792579,34.164165,37.32246,42.283356,8.11919,61.42434,74.1244,28.670568,17.953594,0.25313526,0.5441036,0.13236186,0.23263624,0.35136062,0.21899876,3.7548563,3.1829214,2.3275137,1.2633854,0.06854138,0.8931072,26.535395,0.47435173,-2.9603078,-4.280196,14.851176,0.9109195,-17.467945,-0.7975613,0.025214706,1.3180242,0.9506804,0.7331786,9.022632,0.36990687,11.543507,0.76459336,24.84637,0.382986,658.28174,0.3357725,1404.0824,0.15083972,-89.29903,-1.0161918,1705.9248,0.12410196,1087.0767,0.3333429,-87.789635,-0.9344807,2753.8904,0.08150908,883.40607,0.34206426,-90.64122,-0.87998617,-15.085982,-0.4811852,24.70986,0.3352671,0.054463994,0.39989474,-0.013307136,-0.97099894,0.085230134,0.7411427,31.709301,0.27472568,-4.3399262,-3.178701,13.998409,1.0286885,-19.80027,-0.6701412,-7.6431017,15.464034,0.01923531,4.672615e-06,0.040969513,3.2828283,2.2871666,0.26833335,0.28451225,0.14052631,0.16410759,-35.580505,o,Ses02M_script02_1,Ses02M_script02_1_F014
185,26.434343,0.308822,19.572933,19.62191,35.306183,15.73325,1.1806215,0.0,329.2234,0.0,0.117318206,0.66574097,0.06224875,0.08811677,0.1627742,0.10052545,1.7710737,0.93003064,1.5665421,0.6274855,0.0290259,1.0077733,25.304132,0.230674,-3.9855883,-1.945628,14.764382,0.6606814,-7.789787,-0.90222156,0.05833877,1.2447395,1.703947,0.57639754,5.126692,0.5811004,8.277385,1.7900642,26.501192,0.36067814,781.53125,0.21065493,1480.1261,0.06333358,-181.3369,-0.30171466,1814.0074,0.07787049,1106.5797,0.10381836,-181.76192,-0.2934863,2823.3513,0.08884341,1083.5325,0.18223134,-182.22961,-0.28619236,-17.659456,-0.17057706,24.425787,0.13114281,0.024707247,1.0860504,-0.0061427685,-3.2503726,0.04192834,0.8248862,27.319887,0.11835367,4.0590463,1.1198726,21.421516,0.46785796,-10.666702,-1.3495892,-10.374138,20.667652,0.0060060793,0.0036570102,0.02671166,1.388889,1.438849,0.06,0.01,0.40666667,0.13199326,-45.77256,dag,Ses02M_script02_1,Ses02M_script02_1_M027
186,38.324306,0.12198805,33.27031,35.9751,43.640396,10.370087,19.873373,12.813413,65.08639,0.0,0.15769875,0.6106406,0.07025354,0.11662716,0.26938894,0.1991354,1.8319111,0.27073485,1.5213671,0.74949497,0.04209828,0.73533094,28.3098,0.2088857,-4.573232,-2.682945,12.603645,1.0388533,-14.77274,-0.7812589,0.021029927,0.9120916,1.1017227,0.58966464,9.0754175,0.30968273,9.485329,0.9676279,25.782045,0.257888,719.2679,0.34481895,1180.7853,0.17903541,-142.687,-0.5985813,1682.8844,0.1446589,1114.4908,0.23865303,-145.76541,-0.53753096,2777.8367,0.08741314,602.90027,0.35445642,-146.59775,-0.52704,-12.709726,-0.6091732,24.502506,0.18949181,0.047356915,0.49136016,1.27943795e-05,1801.9642,0.06847339,0.26291782,27.290026,0.18125397,-0.50549245,-33.714252,16.493195,1.2263763,-27.613382,-0.3299744,-10.742091,23.467762,0.009269488,0.009940184,0.03234476,2.586207,1.8018018,0.16499999,0.015,0.24333334,0.11897712,-40.256695,b,Ses02M_script02_1,Ses02M_script02_1_F015
187,31.919239,0.09728332,30.286913,31.941404,33.80573,3.518816,111.75391,111.30182,139.73918,345.19156,0.1354563,0.41007605,0.080907464,0.12481981,0.18302307,0.1021156,1.0172098,0.6025893,0.6707521,0.34182143,0.030088892,0.5648197,24.594711,0.37131152,3.190477,2.639698,16.66978,0.67620057,-8.9017105,-1.2057009,0.01892668,1.4930346,1.343726,0.5338951,6.2386856,0.39462364,6.8321147,1.365574,25.770557,0.33334342,581.1999,0.40207464,1389.1096,0.13622662,-138.43463,-0.6236793,1628.1188,0.16504404,1113.065,0.26484475,-136.97173,-0.5978494,2716.9011,0.089441955,951.24695,0.36132714,-138.84142,-0.5708584,-15.317156,-0.32959083,25.507553,0.23415533,0.027102452,0.7710647,-0.00411895,-3.2776508,0.037271824,0.35209247,29.553427,0.22398295,5.712007,1.3543273,14.408951,0.88440317,-11.476722,-1.2034417,-10.714961,19.271723,0.0064640143,0.0039838874,0.02633585,2.9175053,2.6289182,0.12538461,0.1091305,0.25291666,0.16501209,-45.19711,s,Ses02M_script02_1,Ses02M_script02_1_M028
188,35.168255,0.13202246,32.09498,34.35131,38.815502,6.720524,143.00237,139.31616,81.62325,85.45956,0.122276336,0.44143772,0.07531649,0.110471696,0.16109519,0.0857787,0.74325895,0.46496132,0.4917206,0.44752714,0.026963152,0.6676055,22.068312,0.3732313,2.611208,3.6040237,15.352766,0.6621471,-4.781848,-1.7258594,0.019822748,0.88129723,1.3271031,0.52528596,6.3081603,0.46072584,8.975147,1.1862653,20.768444,0.3517654,652.5813,0.3692419,1358.1166,0.1370187,-166.64455,-0.41435495,1656.8417,0.1274243,1081.8866,0.2704025,-161.3055,-0.4367718,2711.6711,0.08705118,899.2405,0.28773558,-162.013,-0.4268241,-12.031938,-0.58439285,22.077,0.34207258,0.023130026,0.8353945,-0.0010345414,-9.674257,0.03970525,0.5605121,25.004953,0.2901707,0.75156087,14.190755,12.314049,1.1124986,-9.996093,-1.0729285,-11.476611,19.569658,0.0050762636,0.0048204116,0.02346456,2.4358976,2.064516,0.0975,0.07137051,0.39,0.3782239,-46.545464,o,Ses02M_script02_1,Ses02M_script02_1_M029
189,39.758656,0.044899695,38.506363,39.53216,41.789215,3.2828522,97.60265,0.0,-2.441021,11.283407,0.13984902,0.6821984,0.06481394,0.10312678,0.23255831,0.16774437,1.209119,0.8303015,1.0324388,0.26345813,0.03220722,0.85598123,25.140577,0.40727678,-0.00027450465,-41759.637,10.370253,1.1028656,-7.853413,-1.1924675,0.028521536,1.1275162,1.178495,0.8629488,10.952215,0.297977,11.4945755,0.44986224,27.035105,0.27765933,827.2535,0.24089795,1385.5474,0.14236106,-153.77592,-0.5110828,1771.8596,0.10119759,1152.6453,0.23628563,-147.44473,-0.5285807,2903.4517,0.07467025,917.1512,0.32616267,-150.85977,-0.48051125,-14.769016,-0.74261,29.694181,0.39025238,0.033519354,0.5624588,-0.0058616246,-1.486521,0.060059253,0.50586134,29.330605,0.46221575,0.6262592,23.125387,1.880842,7.383959,-14.52486,-0.8163562,-10.883592,20.325232,0.009584031,0.0068260846,0.021179134,3.0864198,1.9108281,0.14999999,0.07483315,0.2625,0.21486913,-41.605827,s,Ses02M_script02_1,Ses02M_script02_1_F016
190,37.192482,0.19043286,28.338587,43.116676,43.46821,15.1296215,107.670555,0.0,0.15021105,0.0,0.08388198,0.3664101,0.058232818,0.06639979,0.12059474,0.062361922,0.24426006,0.18413982,0.30991128,0.07817163,0.01768754,0.8030845,27.900782,0.2360772,-3.7669637,-1.1921242,12.585105,0.46803513,-6.4387517,-0.65001565,0.06582346,1.7926474,1.7108155,0.31325832,6.7624993,0.2790459,4.802268,2.1292496,27.720762,0.26931483,885.79004,0.103796154,1337.6399,0.17305048,-156.59799,-0.48932305,1929.551,0.0782186,1000.9487,0.14523251,-158.84839,-0.44989884,2996.7678,0.07442562,915.60095,0.19294612,-160.70679,-0.42467588,-16.419468,-0.22458042,27.31544,0.12723158,0.027117541,0.33039507,-0.0032307452,-2.6348796,0.036657795,0.34827054,34.82598,0.08556291,-0.64186335,-7.46362,11.2199745,0.8799355,-8.36789,-0.7761038,-10.538969,20.197252,0.0072514247,0.0061922437,0.01224084,2.4793391,1.724138,0.13,0.049999997,0.28333333,0.2085399,-49.546795,q,Ses02M_script02_1,Ses02M_script02_1_M030
191,39.12807,0.01606563,38.38978,39.473038,39.68759,1.2978134,6.722927,0.0,-2.1716595,8.791237,0.090501,0.65893525,0.057277553,0.06064249,0.10553956,0.048262008,0.91554236,0.625754,0.3422435,0.16023473,0.015629185,0.7478618,27.535593,0.1276634,-4.4139977,-0.9401891,12.969394,0.35500398,-7.235694,-0.81144816,0.012687586,0.50014585,0.85076946,0.83194715,11.886048,0.12068027,21.08922,0.2928727,24.217695,0.20338742,810.4144,0.17237532,1150.2825,0.15917078,-165.30624,-0.42313033,1832.6603,0.07263572,890.9752,0.13975945,-163.86948,-0.42110974,2900.6392,0.04587067,575.10913,0.39644182,-164.85281,-0.40789682,-14.868931,-0.3235292,26.426018,0.1275088,0.028649423,0.5646419,-0.008427984,-1.3105664,0.031452987,0.4617378,31.255877,0.1169293,-4.3312173,-1.8625267,18.442795,0.25568908,-15.823473,-0.43486837,-10.707787,21.262026,0.003266298,0.0066867196,0.011880854,1.0204082,1.0752689,0.19,0.0,0.355,0.105,-46.331635,ans,Ses02M_script02_1,Ses02M_script02_1_F017
192,30.026726,0.18751556,26.434769,29.642323,36.288246,9.8534775,59.606617,22.929205,106.35184,60.59744,0.095948875,0.43132365,0.058899138,0.087839544,0.117116295,0.058217157,0.5180662,0.27220458,0.28934774,0.106429964,0.020184921,0.65767884,27.300268,0.23189479,-0.5151871,-15.291508,14.83631,0.6380118,-3.876042,-1.9959601,0.020425657,1.2107819,1.3862637,0.51030755,3.776357,0.6130204,2.9291875,2.4780636,23.267227,0.40942368,532.66766,0.33143073,1382.3579,0.11879134,-175.07634,-0.34990546,1561.3304,0.12562533,1107.1022,0.17295891,-174.4642,-0.34348992,2649.2239,0.07890994,1134.4517,0.33435127,-175.76048,-0.32364577,-12.538111,-0.40611514,24.512465,0.25400886,0.023175959,0.6508792,-0.0033833617,-3.153747,0.029629862,0.48380676,31.725529,0.20693512,-1.0229384,-10.374696,8.911246,1.6182716,-7.3762236,-1.6512157,-12.223009,21.671007,0.00567432,0.003957372,0.018771153,2.0576134,2.0790021,0.059,0.043,0.36454543,0.3554348,-49.85796,s,Ses02M_script02_1,Ses02M_script02_1_M031
193,30.889725,0.13135786,26.84137,31.735313,34.845615,8.004246,72.78413,76.30909,85.25317,96.830894,0.1603484,0.5610658,0.09558748,0.13894163,0.21543458,0.119847104,1.3973933,0.9406122,0.7253529,0.36861154,0.03611049,0.64134204,26.670135,0.34876353,0.6241312,17.223286,14.6768,0.86888885,-7.877589,-1.3741816,0.017283147,0.9548853,1.206884,0.49606222,5.536703,0.5047615,5.1594014,1.6855006,25.048569,0.37475157,545.3391,0.36165875,1411.7622,0.1292221,-129.45456,-0.6904917,1552.0681,0.13290893,1135.1692,0.33137387,-129.72055,-0.6565321,2621.9814,0.09474669,954.06146,0.2709351,-132.66734,-0.61521626,-13.570727,-0.49720258,24.42167,0.2761397,0.033281136,0.6747974,-0.002590541,-4.3845205,0.0445194,0.473939,31.379091,0.23826733,0.54905695,20.959745,13.704094,1.0430869,-9.200162,-1.2629831,-10.426394,19.40535,0.009372221,0.0029632251,0.03018032,1.506373,2.8004668,0.12833333,0.103789315,0.2173913,0.21399345,-42.916737,s,Ses02M_script02_1,Ses02M_script02_1_M032
194,38.152493,0.087108105,35.3289,37.41076,40.93472,5.6058197,54.925392,56.00001,38.063374,26.932907,0.2674141,0.6358871,0.12015797,0.23271382,0.3960716,0.27591366,4.545041,2.310146,2.7067602,1.6278356,0.06766584,0.86237127,25.387972,0.5123704,-6.7104225,-1.992436,12.721033,1.0355479,-15.856773,-0.8013928,0.01625869,1.172637,0.89220333,0.8797683,9.35374,0.39189416,9.642348,0.7939961,21.286102,0.5127404,686.4504,0.33554354,1402.6816,0.15877211,-97.48841,-0.94331676,1731.5983,0.13558471,1069.9918,0.3369779,-93.119064,-0.9183235,2756.88,0.09968989,1022.3516,0.3502716,-95.62975,-0.87301826,-13.014715,-0.5787189,21.74082,0.4248692,0.05552765,0.3962145,-0.011472017,-1.0736359,0.091939524,0.64712334,30.937065,0.30771258,-9.913574,-1.4189994,12.591919,1.1577922,-19.499084,-0.68624854,-6.4184904,14.36141,0.015986638,8.627605e-05,0.033079654,3.515625,2.3552504,0.24249999,0.11504528,0.16782607,0.1387195,-35.317364,s,Ses02M_script02_1,Ses02M_script02_1_F018
195,33.338314,0.027773723,32.620174,33.603092,34.025772,1.4055977,73.06793,114.55083,18.46014,2.1483743,0.12277421,0.48643357,0.06468929,0.10838521,0.171473,0.1067837,1.2175584,0.6000471,1.1161854,0.4460097,0.026077922,0.7207861,27.038582,0.35965735,-0.70014805,-12.407544,18.768337,0.6091718,-9.0871525,-1.0322422,0.020320391,0.7986565,1.1329527,0.5236903,7.568384,0.31653568,9.516742,0.5858773,28.930412,0.168056,648.36554,0.27746376,1400.5409,0.11084289,-145.85638,-0.588398,1726.316,0.12664673,1097.4377,0.37569183,-149.99402,-0.51877695,2765.0427,0.07219106,883.12683,0.27350754,-150.33647,-0.51411945,-17.882538,-0.23370859,27.023518,0.17000553,0.029800173,0.6017027,-0.009944768,-1.0628586,0.039693933,0.47097725,35.97914,0.1767189,2.553022,2.912592,21.104132,0.58391804,-14.299116,-0.5825633,-9.911715,18.512655,0.003315397,0.0052559585,0.0200264,2.4509804,1.0050251,0.28,0.049999997,0.45999998,0.28855965,-45.434242,o,Ses02M_script02_1,Ses02M_script02_1_M033
196,34.022434,0.1344502,32.700806,35.024334,36.45902,3.758213,126.524216,109.31831,23.253286,11.559511,0.15404932,0.45834917,0.10400949,0.13451588,0.20160878,0.09759929,1.9795278,1.49852,1.3950495,0.87134075,0.03201622,0.6607932,27.03478,0.43449718,0.16035275,64.33461,16.868113,0.66885597,-9.106474,-0.9391167,0.018427035,0.80349845,1.0455705,0.6957136,8.818756,0.2963995,11.500425,0.69656426,25.918423,0.26496476,565.1158,0.3005014,1474.079,0.14891887,-110.90012,-0.8343091,1655.562,0.09671254,1102.0526,0.29408324,-113.6081,-0.7366165,2622.6812,0.06741321,954.3439,0.2677186,-114.5946,-0.7215899,-17.047419,-0.33613074,24.561172,0.24918044,0.037933104,0.5092304,-0.008208177,-1.2211574,0.04029092,0.5464913,34.138668,0.1818044,-0.26259172,-38.987583,22.295708,0.45346397,-9.680022,-0.7880846,-8.439467,17.797956,0.014793746,0.0042150808,0.025428573,4.0,2.5641026,0.18399999,0.15027973,0.15333332,0.08900686,-42.44605,s,Ses02M_script02_1,Ses02M_script02_1_F019
197,33.847126,0.08751273,31.03088,33.993546,37.477047,6.446167,32.030937,25.260649,49.697987,47.41499,0.11966078,0.48099896,0.06625279,0.10414531,0.16534968,0.09909689,1.3105702,0.6143041,0.60340637,0.2947719,0.023926038,0.7049159,24.58806,0.29518336,-1.7401202,-5.969294,13.254032,0.7775203,-6.207013,-1.801763,0.013727476,0.6879359,1.1871816,0.45930827,6.822854,0.3498475,4.2940845,2.266965,22.002289,0.35430756,640.16534,0.4038965,1383.9526,0.19943266,-154.18585,-0.5182829,1611.2128,0.14904925,1135.002,0.3598652,-148.10532,-0.5422593,2724.5142,0.08105708,887.78864,0.46473053,-150.40948,-0.5099869,-13.006034,-0.35283858,24.538078,0.17747392,0.028883312,0.6755671,-0.003800164,-3.1035001,0.035957057,0.3798351,29.568676,0.19242507,1.3373976,7.85402,10.464243,1.2926095,-10.802124,-1.3528982,-9.2674885,18.712608,-0.00022069845,0.0066566486,0.019288244,2.4961,1.5723271,0.174,0.17350504,0.442,0.68713605,-46.98456,o,Ses02M_script02_1,Ses02M_script02_1_M034
198,36.40111,0.00019993582,36.39568,36.3985,36.406025,0.010345459,0.005747477,0.0,0.0,0.0,0.08081962,0.63763964,0.057625424,0.06467156,0.08244023,0.024814803,0.60580015,0.79378647,0.451336,0.35367665,0.013941667,0.98425,23.3,0.2145975,-3.387824,-2.2102804,13.148505,0.43592468,-7.073946,-0.7157913,0.0,0.0,1.568021,0.0,1.536905,0.1604681,-14.872014,-0.06641278,2.3691423,0.37847278,480.7208,0.09828803,1172.4454,0.10677148,-199.81396,-0.064314924,1560.542,0.018162902,916.3391,0.047366723,-199.84227,-0.06283699,2561.3523,0.024780778,1070.7269,0.038849395,-199.86156,-0.061802562,-7.1683526,-0.18051167,16.211414,0.056556925,0.022886924,0.19029617,-0.01036178,-0.21139173,0.11012175,0.037986707,25.730984,0.016500674,-20.375708,-0.03341407,8.861143,0.21513231,-19.16259,-0.14269847,-10.265118,19.370415,-0.0014375212,0.00447497,0.013483414,0.5870842,0.19762845,0.02,0.0,2.5049999,1.6949999,-52.63039,q,Ses02M_script02_1,Ses02M_script02_1_M035
199,28.86993,0.097396046,25.913303,29.19985,31.612434,5.699131,76.8564,79.44353,32.93531,16.303026,0.09895063,0.562437,0.06205071,0.077612415,0.11949503,0.057444315,0.49148846,0.25540808,0.36289015,0.29288608,0.019454742,0.9038066,24.212053,0.24672195,-1.1895205,-7.083431,15.861985,0.47904602,-5.6621633,-1.1162845,0.01889253,0.8128511,1.3286184,0.46617347,4.3330593,0.4843702,2.0634317,4.2866974,20.373222,0.4018559,491.3017,0.3879515,1326.0631,0.16326842,-175.00749,-0.36127076,1519.3494,0.12933834,972.4562,0.21627396,-175.25232,-0.34817767,2609.2102,0.06778133,934.55554,0.29036587,-176.21587,-0.33286577,-13.231931,-0.39400056,23.53522,0.2383244,0.02427984,0.84293205,-0.004787563,-1.8412633,0.04622403,0.54563564,31.677063,0.14511408,-1.6592252,-6.7770276,16.717712,0.51309866,-2.8296802,-2.8429706,-10.710083,19.099165,0.0022250868,0.0046174,0.015211248,1.5447992,1.242236,0.1025,0.07327175,0.68083334,0.67887723,-47.927315,c,Ses02M_script02_1,Ses02M_script02_1_M036
200,30.088816,0.13665864,26.351568,32.112,34.322025,7.970457,243.85742,223.0911,33.9595,9.219038,0.10001071,0.36730272,0.06850026,0.09066943,0.12507604,0.056575783,0.48909453,0.2369426,0.4473157,0.31889522,0.017734095,0.606958,23.098679,0.37699616,1.6323695,5.984552,16.044659,0.5212938,-8.522252,-1.0197037,0.014870674,0.8101303,1.2325118,0.6182847,6.298304,0.6051339,4.3955994,2.0965977,22.758734,0.2803642,668.4773,0.43606827,1376.1721,0.19338843,-173.4196,-0.36557156,1668.2598,0.20495246,1003.28064,0.22399232,-173.62344,-0.35323358,2850.429,0.13409735,958.9329,0.2725848,-174.81529,-0.33525226,-15.83526,-0.35920885,25.69916,0.27444398,0.019821055,0.9058511,-0.0017203836,-4.7117286,0.028889151,0.35969073,28.053175,0.2710874,8.742169,1.352519,17.469591,0.75950754,-6.7228074,-1.6319026,-9.94018,18.152094,0.006012483,0.001571954,0.015848517,3.1712472,1.2820513,0.11,0.08286535,0.5557143,0.5001102,-48.747284,s,Ses02M_script02_1,Ses02M_script02_1_M037
201,26.295582,0.061537333,24.583017,27.00324,27.765488,3.1824703,18.39465,12.317845,34.94481,35.803673,0.0927187,0.4231464,0.059636187,0.07748389,0.1260351,0.066398904,0.5629361,0.30978623,0.38267344,0.22506252,0.018329572,0.54518676,28.71485,0.22408678,-2.195511,-2.7754402,18.414316,0.600845,-6.2795563,-1.0963042,0.013843029,0.948172,1.2676389,0.43017632,4.282661,0.37892023,3.9146173,1.8452144,22.355991,0.3487536,575.55634,0.3729424,1370.0289,0.13970327,-161.0806,-0.46599025,1637.1732,0.1483997,1126.6025,0.28288072,-162.45728,-0.43684912,2632.4905,0.09270296,1007.68005,0.26561156,-163.44841,-0.42183712,-13.5286875,-0.43993947,22.712032,0.2737829,0.011343522,1.2940067,-0.008935306,-1.3656304,0.027575139,0.31237188,33.345207,0.20418875,-0.9674597,-9.25848,22.010767,0.77986014,-8.433484,-1.2075901,-12.353124,21.445295,0.0008988129,0.0025496942,0.01589461,2.6900585,1.5294118,0.12769231,0.13728991,0.46642855,0.56899166,-50.08175,s,Ses02M_script02_1,Ses02M_script02_1_M038
202,30.489449,0.113739505,26.977093,30.883392,33.2745,6.297409,119.66973,156.72855,51.248875,70.099525,0.10364789,0.5175746,0.059365466,0.0883046,0.13637856,0.07701309,0.8010344,0.52156264,0.48898017,0.41053408,0.020645427,0.69816583,28.142344,0.25195393,-0.7997253,-11.671113,12.020249,0.68852526,-7.7835784,-1.3050251,0.016191643,0.7782384,1.1356575,0.4535844,5.421326,0.39311615,2.3983874,3.2267015,25.898323,0.3216168,635.6974,0.30724224,1448.2831,0.15033378,-151.41519,-0.5373949,1652.117,0.13271417,1207.0901,0.26210928,-152.66438,-0.50189775,2734.819,0.092630744,1007.484,0.38681298,-154.52492,-0.4764455,-15.916455,-0.3602134,27.40025,0.23642579,0.02391904,0.8061637,-0.01132375,-1.3548499,0.031112347,0.4715938,33.286705,0.17113785,4.0439706,2.7154949,10.691847,0.91623175,-11.460614,-1.2040836,-11.07862,20.843288,0.0011431634,0.0025448082,0.01678439,2.1796918,1.5458422,0.1651724,0.1325771,0.44599998,0.5434556,-48.305397,s,Ses02M_script02_1,Ses02M_script02_1_M039
203,30.225985,0.113870285,26.088959,30.433237,33.702526,7.6135674,34.47,26.935562,11.740335,7.6800833,0.115510814,0.4752763,0.061443273,0.10484007,0.15974216,0.09829889,0.9406495,0.85759395,0.5430489,0.33933902,0.023686614,0.6454953,26.951225,0.2921753,-1.0009681,-9.1071005,14.344884,0.835728,-3.9999568,-2.1744292,0.01776472,0.97032964,1.1764213,0.47754565,5.580574,0.37555474,6.316464,1.0334755,26.18969,0.3127176,673.10315,0.30715945,1433.5371,0.16916198,-160.26111,-0.4712077,1684.4851,0.114881285,1174.4382,0.32824838,-161.02943,-0.44863856,2741.4949,0.095925555,1010.3612,0.36722586,-162.66583,-0.4261386,-12.90504,-0.4440631,25.407627,0.27181885,0.026067507,0.658498,-0.0036963634,-3.817754,0.037585,0.3438148,31.759295,0.20357117,2.4073675,3.7080915,13.809869,1.3470455,-7.715279,-1.459746,-10.838139,20.568851,0.003194987,0.0043925126,0.019841671,2.2569447,1.3949434,0.14874999,0.16563797,0.5152941,0.48586023,-47.06993,o,Ses02M_script02_1,Ses02M_script02_1_M040
204,27.480892,0.09319277,25.692183,26.929474,30.919641,5.227459,260.495,233.82346,31.533442,28.974337,0.10084046,0.442569,0.06445331,0.09124747,0.12718897,0.062735654,0.7173188,0.49758026,0.38752878,0.19781528,0.019134946,0.6755018,25.560843,0.37591067,0.9312802,9.563267,14.129673,0.72076184,-6.549701,-1.2945896,0.026343727,2.2745047,1.3490653,0.5852601,4.7397385,0.45081288,1.8354208,4.1385255,26.643686,0.283804,608.63245,0.37203228,1424.5359,0.109101646,-167.73326,-0.4084988,1639.7076,0.14048025,1217.9288,0.46519122,-169.19714,-0.38183883,2723.6028,0.09357992,1068.4308,0.23639987,-170.62294,-0.36105266,-15.849035,-0.2887788,27.710531,0.16925095,0.013517451,1.1743761,-0.0023920226,-4.7274685,0.021928392,0.37542552,34.0094,0.17011736,3.6057966,2.0410585,14.704934,0.8815669,-4.140075,-2.4881635,-10.567351,19.11324,0.003153603,0.0016775533,0.018600563,1.9189765,1.7148982,0.094375,0.07968443,0.4405882,0.6884208,-49.957874,s,Ses02M_script02_1,Ses02M_script02_1_M041
205,28.858713,0.1623568,22.877232,27.853409,32.659466,9.782234,172.43285,192.68945,207.39615,316.441,0.15442856,0.4604962,0.10498065,0.14038053,0.19435422,0.08937357,1.7653426,1.0762874,0.83654565,0.32303447,0.038455598,0.6207083,28.323896,0.2588543,0.94780535,9.46371,13.523329,0.8348511,-9.625104,-1.1363977,0.021476403,0.96176577,1.35855,0.51285076,4.913247,0.48475257,5.526955,1.4303747,27.818697,0.21821833,575.9433,0.37434453,1378.3363,0.12495631,-140.44734,-0.6015634,1587.8171,0.15724716,1072.5037,0.23545381,-142.22578,-0.5630829,2671.8503,0.09052004,972.94745,0.412676,-144.95432,-0.525979,-15.152693,-0.22646245,26.80641,0.17691854,0.031104768,0.63184583,-0.0108637735,-1.069958,0.04894949,0.5202689,32.57513,0.15381673,2.9121165,3.1000645,10.936127,1.2047008,-12.2497425,-0.91277325,-11.378398,21.32963,0.008890281,0.001591969,0.033001244,3.468208,3.2258067,0.089090906,0.054515142,0.18333334,0.15664893,-43.17336,s,Ses02M_script02_1,Ses02M_script02_1_M042
206,32.780636,0.127182,31.206898,33.458504,36.824142,5.6172447,89.61396,55.135883,13.39928,0.0,0.15350074,0.6277068,0.061331652,0.13032329,0.2158003,0.15446866,1.625141,1.1029602,0.99430454,0.42494452,0.029592032,0.79375744,27.691122,0.35282835,-2.1517339,-2.7168777,11.334827,0.96519756,-8.891877,-0.610514,0.015142162,0.8636372,1.0552882,0.64374995,8.051188,0.29124573,3.7712033,1.7181562,28.546127,0.22178675,578.82416,0.2934066,1457.0709,0.12473148,-112.73408,-0.84699667,1635.7,0.099497534,1015.80646,0.20534973,-115.08492,-0.764399,2734.9153,0.07135077,844.71277,0.43262845,-118.83973,-0.7089465,-15.542722,-0.30555633,26.274008,0.22151601,0.042708084,0.49374303,-0.012441678,-0.76146734,0.047909353,0.49140984,35.087093,0.19810255,-1.2191569,-6.114362,8.355121,1.6085006,-10.467917,-0.47166434,-9.190353,17.899895,-0.00064008764,0.0056594675,0.015061942,3.2894738,2.0408165,0.22,0.16083117,0.24333334,0.124988884,-42.07542,s,Ses02M_script02_1,Ses02M_script02_1_F020
207,23.16868,0.039520312,22.50118,22.857912,24.366436,1.8652554,8.08082,3.5929346,50.14448,0.0,0.08409013,0.33017698,0.057714038,0.073984355,0.11459021,0.056876175,0.3154611,0.21651575,0.539983,0.24928266,0.016048072,0.50447345,29.234625,0.19643147,0.47246912,14.544769,16.520445,0.5461227,-10.555541,-0.79002243,0.0106957955,0.7756683,1.269789,0.36006936,3.0576901,0.33036005,6.2070923,1.5006964,27.814013,0.30786067,510.41455,0.30102578,1508.9027,0.121330835,-149.99332,-0.5626924,1487.102,0.10261717,1379.8622,0.4507168,-154.17659,-0.5030814,2629.3494,0.05822992,1055.6765,0.24659146,-155.97212,-0.47761595,-18.139584,-0.113795,28.782867,0.17144306,0.020172916,0.45555314,-0.0126296645,-1.1744419,0.025127646,0.22430664,36.513668,0.103259556,5.6456485,0.9122377,19.010874,0.6835222,-14.951756,-0.6562416,-12.76161,20.82065,0.003968296,0.0010672667,0.013526977,2.5974026,1.3422818,0.17999999,0.049999997,0.35999998,0.16872066,-50.64341,q,Ses02M_script02_1,Ses02M_script02_1_M043
208,34.976013,0.035120215,33.786457,35.335068,36.063766,2.2773094,30.573362,0.0,5.3983603,20.350573,0.10840979,0.7924279,0.056658823,0.061453186,0.16654813,0.10988931,0.64779234,0.57332677,1.0352734,0.13297644,0.0203982,0.9221597,30.204027,0.24454147,-5.531464,-1.0343677,7.9631634,1.0349674,-8.779946,-0.6752825,0.02074629,0.8057723,1.0586679,0.8736106,7.3074,0.5175396,5.0969453,0.4721954,36.41137,0.13467738,618.25836,0.3811953,1730.7676,0.21931888,-163.57393,-0.4600843,1554.2189,0.13891326,1207.4099,0.17235392,-157.09341,-0.49278277,2857.6477,0.081791595,1084.0728,0.22849618,-161.5663,-0.42995918,-12.639846,-0.24229576,31.943396,0.14374481,0.04700274,0.40758502,-0.009966261,-0.86628234,0.04092782,0.272962,41.9851,0.105197705,-4.521606,-1.6970769,-3.926884,-1.8064951,-16.766603,-0.41595578,-10.856608,20.764463,-0.0005747721,0.00566061,0.014739194,1.5151516,0.78740156,0.29,0.0,0.475,0.015,-45.22923,q,Ses02M_script02_1,Ses02M_script02_1_F021
209,23.688238,0.229785,19.882927,20.380829,31.971733,12.088806,163.27032,0.0,-2.70195,0.0,0.06612295,0.22879478,0.056293175,0.05916642,0.07834616,0.022052988,0.16923352,0.13291085,0.1287628,0.075028926,0.010856983,0.41204357,26.002174,0.19637558,-1.519822,-3.2102022,13.814686,0.24245813,-7.640976,-0.5664383,0.023028236,0.40144923,1.5769696,0.32590547,2.2562492,0.707036,1.75463,5.108584,25.820505,0.17320615,544.7583,0.19515468,1373.2985,0.06735171,-188.18056,-0.23431791,1599.3431,0.097521946,1153.699,0.119852275,-188.90912,-0.22027637,2722.2603,0.052126378,826.31824,0.14187998,-189.34027,-0.21176746,-15.86571,-0.07970869,25.620943,0.04581106,0.023135005,0.552488,-0.010378285,-0.36005586,0.018190334,0.12200035,34.995045,0.13632451,2.117835,2.476577,14.9748,0.105683826,-12.648766,-0.33340126,-11.724118,20.64428,0.0022174648,0.004785844,0.010533496,1.8750001,1.2903227,0.04,0.02,0.4733333,0.19154344,-56.201405,ans,Ses02M_script02_1,Ses02M_script02_1_M044
210,39.35199,0.053803846,37.09278,40.448776,41.37727,4.2844887,44.825012,0.0,-35.51832,0.0,0.12874512,0.68311304,0.05868171,0.086815305,0.18995611,0.1312744,1.7571787,1.2179954,2.0484173,2.1552286,0.030365003,1.0701466,19.536499,0.5109454,1.279099,5.567216,14.631285,0.42693222,-7.0132375,-1.4569366,0.015938433,0.89733976,1.4561284,0.6625816,9.924127,0.26661003,18.825645,0.5512949,23.31875,0.333075,704.4579,0.32929432,1278.8107,0.15078877,-179.67203,-0.30933696,1764.8351,0.1000162,927.9338,0.32710984,-176.95862,-0.32122892,2801.6907,0.06796472,819.17084,0.34547538,-177.44568,-0.31368458,-13.628603,-0.47191092,19.66944,0.3976946,0.04552978,0.4477353,-0.012824878,-0.9841514,0.07742399,0.4650982,21.39819,0.46976936,2.4619048,3.446588,16.092354,0.42345688,-18.030224,-0.8412517,-10.085342,17.727303,-0.0009373157,0.0036843473,0.023590436,2.7906978,1.4285715,0.086666666,0.049888767,0.4425,0.32259688,-42.19163,o,Ses02M_script02_1,Ses02M_script02_1_F022
211,23.068733,0.17975353,18.435488,23.181274,27.816345,9.380857,49.27478,26.846615,17.757214,28.214788,0.18769947,0.72214216,0.08077131,0.1278318,0.3190282,0.23825689,2.5548,1.5935289,2.7598639,2.4691927,0.052870285,1.0074953,25.830118,0.43420714,0.55454177,15.38049,17.380533,0.5381656,-6.013955,-1.3080544,0.025635773,0.9598353,1.3398205,0.8930457,3.7644837,0.57304645,4.795063,0.64158785,30.247154,0.2382663,532.1198,0.35972193,1391.388,0.15083277,-151.9401,-0.5308923,1526.361,0.13222119,1085.9983,0.22684519,-154.32843,-0.49076897,2691.7458,0.07335138,883.5236,0.39219338,-156.6846,-0.4584803,-14.858452,-0.38547298,27.031544,0.25958988,0.009088319,2.537468,-0.0061270907,-1.9713517,0.09270336,0.58147806,36.521484,0.22448751,3.9541194,2.0657117,16.470055,0.7907155,-4.5894337,-2.1564572,-9.402216,18.58451,-0.0014883165,0.0060476107,0.040048465,2.7855153,1.9774011,0.12,0.0896023,0.36285713,0.30625454,-37.99308,q,Ses02F_script02_1,Ses02F_script02_1_M000
212,22.853914,0.1806351,19.117455,22.301807,27.546097,8.428642,43.46584,21.016188,38.82804,14.93234,0.21971428,0.78576934,0.08721095,0.16340181,0.31407297,0.22686201,4.4633427,4.5782905,3.0204902,2.1961641,0.06530106,1.0096316,25.654448,0.38513952,-1.5204666,-7.435081,22.949705,0.45117062,-1.8506026,-4.246129,0.028826479,0.67337084,1.667911,0.6911887,3.3264806,0.75610375,8.388251,0.46146154,25.380405,0.33725238,561.18805,0.39033765,1344.9432,0.14062089,-142.16966,-0.58926487,1632.3594,0.12691733,961.43207,0.24721555,-144.69756,-0.54488117,2662.9531,0.08917127,968.1435,0.3505034,-145.25882,-0.53751504,-15.2388935,-0.3970586,22.019928,0.337168,0.010235705,1.7095947,-0.0038810489,-2.8068566,0.09748332,0.74708164,30.526793,0.266723,4.5979166,2.5452383,29.621801,0.35111073,4.036975,1.9581265,-9.045185,17.631592,-0.0016316725,0.0035868066,0.051906247,2.669903,2.4570026,0.118,0.07922121,0.267,0.23979364,-35.941048,o,Ses02F_script02_1,Ses02F_script02_1_M001
213,19.071949,0.08019984,17.887533,19.220718,20.322094,2.4345608,151.98576,126.00678,28.036934,11.072609,0.21256946,0.62284666,0.093003385,0.17352523,0.31750965,0.22450626,2.7479262,1.6563736,2.2957265,1.5153514,0.06400591,0.720797,29.799976,0.36141258,0.56371486,16.678541,18.95282,0.43675303,-7.7909937,-1.4949622,0.02579873,0.7698093,1.2935393,0.68488705,1.8700447,0.74162847,5.0188026,0.467667,25.526642,0.2522744,555.8165,0.40989915,1364.3771,0.16927998,-120.330315,-0.75761515,1555.0919,0.1796404,1089.9374,0.2573085,-124.68289,-0.6902232,2644.7908,0.08869339,855.8196,0.30654612,-127.37653,-0.651929,-14.581954,-0.348508,24.142862,0.2336034,0.016392251,1.0473974,-0.009357356,-1.5016382,0.09941543,0.38339207,37.856327,0.1420132,-0.089366615,-122.56828,20.581383,0.50270575,-9.40272,-1.5769098,-11.311035,20.368082,-0.0016260528,0.0041791243,0.0400437,4.0983605,3.140496,0.12105262,0.08321784,0.16799998,0.15516444,-37.58428,o,Ses02F_script02_1,Ses02F_script02_1_M002
214,29.039244,0.10044921,26.334274,29.128653,32.30997,5.9756966,56.159435,0.0,-76.13435,0.0,0.22199975,1.0707468,0.07753904,0.08787857,0.3247223,0.24718325,2.7310498,1.3284112,2.8364148,2.2546935,0.07750998,1.3545219,25.937784,0.26945853,-0.21747205,-35.39637,25.388683,0.5780096,-4.438556,-0.98589224,0.024804343,0.8138039,0.9916159,0.5441283,4.651237,0.62421155,6.7195444,0.67261434,15.5333185,0.21527563,464.94894,0.32059708,1171.2046,0.09939291,-158.88515,-0.4795361,1603.2664,0.064933166,655.1449,0.56640047,-161.82959,-0.42850327,2552.7117,0.039307736,1132.1194,0.3761114,-160.16829,-0.45320573,-10.033499,-0.32890666,14.830258,0.22189905,0.025518524,0.6959622,-0.011471136,-0.814648,0.22389041,0.55058813,22.758005,0.3381789,2.2424214,5.895591,48.09194,0.27254653,-4.1711454,-0.98287916,-12.467259,22.699846,-0.0025415134,0.004361794,0.039797973,1.8518519,1.9417477,0.105,0.055,0.38,0.14999999,-33.190502,q,Ses02F_script02_1,Ses02F_script02_1_M003
215,36.88443,0.027753472,35.58648,37.074707,37.774807,2.1883278,0.0,0.0,-0.18011767,0.0,0.09730932,0.3313529,0.07361541,0.07990933,0.13101606,0.05740065,0.38439494,0.28943622,0.39596817,0.23222937,0.018740892,0.34831193,28.580284,0.20139037,-5.420091,-1.4617182,15.39584,0.50656366,-8.342429,-0.8371732,0.01988138,0.7582521,1.6110232,0.597739,6.037412,0.18176177,1.3640878,3.0871935,30.213287,0.1613906,711.8282,0.12466647,1453.3407,0.08327583,-175.13419,-0.3564882,1653.1372,0.06728808,1149.2466,0.13103034,-176.91396,-0.3292293,2797.7393,0.057389267,820.1181,0.19347219,-178.50006,-0.30247316,-13.162194,-0.32195985,29.371815,0.06263428,0.020845462,0.5015554,-0.0032100382,-1.3731209,0.029533878,0.22020653,38.063885,0.068283714,-5.090605,-1.1573952,1.3998404,7.491351,-18.60635,-0.25461644,-10.835132,21.686,-0.0023457075,0.009252366,0.017408177,2.2556393,1.5625,0.074999996,0.044999998,0.35999998,0.24535687,-51.423347,ans,Ses02F_script02_1,Ses02F_script02_1_F000
216,26.19367,0.19659999,21.481628,25.637396,31.490738,10.0091095,206.73804,221.781,66.970024,46.74829,0.14401414,0.8428479,0.07414994,0.08687725,0.19326594,0.11911601,2.3916097,2.879306,1.5317926,1.3485938,0.037996877,1.229461,26.094173,0.3333996,-0.5051259,-16.571655,15.138074,0.5807706,-8.454423,-1.1678085,0.030784046,0.8259185,1.6619112,0.71969396,4.3455753,0.6005012,3.6347377,0.91952443,26.274336,0.2506268,551.1775,0.31839308,1267.0045,0.091722675,-171.61887,-0.3820481,1622.372,0.12693878,978.9488,0.24911813,-173.54227,-0.3511285,2669.8113,0.08553446,942.4907,0.41755843,-174.2379,-0.34044936,-15.397663,-0.37902132,24.307287,0.3088484,0.020177744,0.9257765,-0.015966753,-0.9101261,0.10990526,0.67504305,32.244274,0.3195316,6.961118,1.2615196,21.867117,0.67896783,-9.060223,-1.4535016,-10.283244,21.062962,-0.005149493,0.005549709,0.02552901,1.7175573,1.5414258,0.089999996,0.07245688,0.47777778,0.43266043,-40.758568,s,Ses02F_script02_1,Ses02F_script02_1_M004
217,19.55119,0.11822678,17.592587,19.540781,21.778486,4.1858997,155.19135,197.29155,40.70258,33.661266,0.23778583,0.5977023,0.11744191,0.20127332,0.33613208,0.21869017,3.5277698,2.1590517,2.6900444,1.3533846,0.06567222,0.74320775,27.119226,0.45812738,-1.5698819,-6.1019516,23.522163,0.5797996,-8.347659,-0.9991149,0.0246809,0.57929844,1.2778066,0.59766614,2.0432022,0.6714426,5.5741506,0.50705504,21.93655,0.30195346,483.6083,0.35918272,1270.1565,0.17633405,-119.998024,-0.76409405,1535.44,0.15327449,909.77356,0.32856923,-125.74405,-0.6743602,2564.7854,0.08115113,849.3854,0.32315278,-126.3356,-0.6671602,-13.463167,-0.36701208,21.387775,0.31140512,0.014013578,0.99013764,-0.01359915,-0.85075396,0.092618994,0.51271945,33.333492,0.25480574,-0.10231446,-95.25008,28.489437,0.564516,-10.391657,-0.9777721,-8.482228,17.039774,0.0012783847,0.0022410676,0.04814574,3.805497,3.2051284,0.118,0.09873872,0.1625,0.14863966,-36.947773,q,Ses02F_script02_1,Ses02F_script02_1_M005
218,28.153656,0.13641629,24.9671,28.636948,30.75105,5.783951,172.09166,137.81502,75.86662,61.09654,0.25932175,0.8395461,0.08459184,0.19251423,0.39537534,0.3107835,4.713835,3.2487352,3.9431946,2.995979,0.07661576,1.02692,26.502626,0.41382498,-2.9324675,-3.231382,16.639217,0.7065722,-7.532501,-1.3588674,0.021250606,0.91147214,1.2787327,0.7979805,5.3975477,0.50675035,4.72515,1.3884383,24.307442,0.37793085,569.4861,0.40412635,1346.4098,0.1832691,-147.52098,-0.5561902,1589.233,0.1630536,1024.2867,0.30478904,-148.3652,-0.5287249,2674.809,0.10028169,956.7432,0.35693374,-150.23984,-0.50281394,-11.964721,-0.51739293,23.072218,0.31977716,0.021824677,0.95733416,-0.007906883,-1.6816182,0.14228897,0.65286946,33.6477,0.28355026,-1.5650812,-7.1600313,17.265196,0.96853936,-4.2348943,-3.1389902,-8.733268,18.287382,4.410289e-06,0.0038478356,0.050570108,3.045067,2.3284314,0.11421052,0.099647574,0.32764706,0.41885737,-34.08098,s,Ses02F_script02_1,Ses02F_script02_1_M006
219,36.371273,0.03302822,35.42106,35.72406,37.109604,1.6885452,-0.37323,0.0,19.124424,0.0,0.1049292,0.25535378,0.07834442,0.10120984,0.1256584,0.047313973,0.59037364,0.39109525,0.3679487,0.36582747,0.020584093,0.33927488,28.47099,0.19575495,-1.1838405,-4.806791,10.271456,0.83537376,-11.139187,-0.50917137,0.017256089,0.8125617,1.4595944,0.3897457,5.330162,0.2546036,2.8228893,3.806615,25.786005,0.24495454,691.4737,0.22281711,1387.4059,0.109705575,-163.53491,-0.4516876,1627.8165,0.08034086,1071.9012,0.16838078,-162.73138,-0.44135633,2863.0208,0.07708703,833.5401,0.50716335,-165.50095,-0.40105274,-12.435379,-0.23794651,27.24494,0.1403715,0.023967834,0.5324313,-0.005867181,-1.2963814,0.027781807,0.23598994,33.634033,0.07428601,-5.7086763,-0.6463132,0.44447288,28.164885,-18.801582,-0.34531122,-12.563488,22.821285,0.0035439637,0.0016700852,0.018919226,4.2735043,1.7857143,0.105,0.074999996,0.42499998,0.205,-50.689255,q,Ses02F_script02_1,Ses02F_script02_1_F001
220,26.362078,0.15586784,22.171227,27.320507,30.276905,8.105679,73.05952,13.57005,135.94212,83.71201,0.2800175,0.7332657,0.09610484,0.22874796,0.40254843,0.3064436,3.4169865,1.7516384,3.198737,0.91051126,0.098559424,0.82037634,30.035736,0.36677378,3.8590631,2.5251245,18.616598,0.45707592,-14.044482,-0.94233775,0.030139249,1.0404,1.4456356,0.5295335,4.119695,0.5384277,1.4641442,2.6157465,24.227016,0.2941883,501.73843,0.33164963,1341.5608,0.13274,-126.31421,-0.7078276,1496.0886,0.14889559,1014.86847,0.23362012,-128.95613,-0.65293354,2641.0422,0.069364585,716.1269,0.32080504,-131.20322,-0.62206465,-15.059161,-0.44982627,23.500706,0.3130411,0.029624581,0.72618985,-0.0135279205,-1.2840775,0.14316997,0.596628,33.785816,0.26206285,4.977249,2.0913079,20.336836,0.52295387,-20.530111,-0.7942675,-12.538763,21.377361,0.0057771495,-0.0008827269,0.07251043,3.2142859,3.2727273,0.11,0.0837987,0.17333333,0.10852546,-33.382385,ans,Ses02F_script02_1,Ses02F_script02_1_M007
221,35.238655,0.022588981,34.43454,34.877464,36.192936,1.7583961,6.327947,0.0,-23.298454,0.0,0.092863895,0.1729685,0.07662731,0.090964705,0.108564585,0.03193728,0.29830658,0.122804835,0.2602285,0.11349587,0.019236848,0.2899072,29.885105,0.14568348,-0.86042047,-3.8845112,12.452423,0.4113737,-13.030435,-0.38605794,0.035725046,0.35078534,2.665613,0.35878253,5.0582085,0.09702902,10.826749,0.48565784,32.22732,0.0524701,715.109,0.19715665,1603.9469,0.15612866,-188.52519,-0.23348431,1817.9387,0.08338517,1163.6058,0.097779274,-188.49689,-0.22011638,2881.6177,0.042383485,1137.7212,0.23073,-188.8649,-0.21283522,-16.911877,-0.10943807,27.191164,0.12977275,0.033233717,0.26702657,-0.0036563969,-0.86337113,0.022295091,0.109843284,33.667286,0.029882867,0.17882535,9.287784,14.189405,0.20156722,-16.863523,-0.16074827,-13.624317,23.986729,0.008026868,-0.0024271773,0.019075459,4.597701,1.183432,0.049999997,0.01,0.5133333,0.28802004,-51.798027,s,Ses02F_script02_1,Ses02F_script02_1_F002
222,25.062883,0.089139365,22.785563,24.097534,27.848272,5.06271,50.53914,0.0,3.9598627,8.992463,0.12447999,0.7280364,0.07402281,0.07854833,0.16839096,0.09436815,0.87312627,0.6701537,1.6884627,1.1086009,0.033221465,0.955543,28.446138,0.17023417,2.7855957,2.9274213,20.589518,0.4256396,-8.727456,-0.5569358,0.048255052,0.8530887,0.94088465,0.39785683,5.0661864,0.38339964,-1.2839869,-1.5823677,27.007963,0.28557315,511.4326,0.5078908,1473.2823,0.1376527,-168.91626,-0.41175094,1561.5387,0.1375105,1136.1165,0.24555387,-170.47884,-0.3778581,2662.2258,0.09839585,888.77155,0.30713418,-170.89226,-0.37229905,-17.559809,-0.30360514,25.425955,0.28066838,0.0032801556,6.8258185,0.005391459,1.5235974,0.06105749,0.43421674,27.081226,0.39567527,14.140786,0.73883677,31.836245,0.23246926,-4.814032,-1.0426961,-14.161563,24.371122,0.0005559576,0.004794095,0.0288641,1.6806724,0.877193,0.19,0.0,0.45999998,0.02,-41.011093,q,Ses02F_script02_1,Ses02F_script02_1_M008
223,35.026928,0.050453477,34.78351,35.15749,36.258423,1.4749146,25.162998,6.6898794,286.7046,192.6191,0.113002785,0.37915373,0.075647,0.103341036,0.14191593,0.066268936,0.48026213,0.45333534,0.3836721,0.17751442,0.02447019,0.51513594,30.951054,0.17796862,-3.0035062,-2.636379,11.661938,0.8039304,-10.594578,-0.6208956,0.015973793,0.49362984,1.334001,0.4193353,6.035089,0.21904756,5.0169,1.7605007,28.35904,0.25140882,666.592,0.2767795,1535.2147,0.11655796,-162.42564,-0.44500446,1649.2252,0.09859115,1202.5369,0.11704954,-158.37492,-0.45921096,2780.3499,0.086449586,1193.2416,0.2842141,-161.00742,-0.42193064,-14.069669,-0.31911626,27.04661,0.23531757,0.021100545,0.46826634,-0.00092166685,-15.727712,0.02871936,0.28907925,35.74273,0.09738118,-3.2833052,-2.300407,9.050154,1.0831069,-9.645292,-0.83922493,-12.787519,23.869497,0.007719902,0.00045156895,0.023683744,2.6548672,2.2624433,0.094,0.08163333,0.27166665,0.11275588,-48.73503,ans,Ses02F_script02_1,Ses02F_script02_1_F003
224,24.270105,0.27124897,18.541857,22.4861,25.610773,7.0689163,65.26855,0.0,114.11333,25.433784,0.15565784,0.5131228,0.09409773,0.12621236,0.22405446,0.12995672,1.0555192,0.62419575,1.613743,0.8579673,0.04311365,0.5851542,29.89151,0.45389524,2.707422,2.300516,17.717587,0.50439453,-12.880545,-0.66347593,0.03109663,0.9764122,1.6388484,0.517956,3.5228636,0.67218834,6.143887,1.3169824,30.801546,0.20703587,599.6921,0.34298426,1509.6217,0.22191553,-162.2099,-0.4491403,1618.7449,0.135203,1190.0566,0.18058391,-163.33162,-0.41446593,2690.163,0.08786389,776.0322,0.24519059,-164.65994,-0.3963125,-18.098307,-0.38516006,26.043499,0.38111287,0.016227739,1.1302618,-0.011477572,-1.4886822,0.051028106,0.41223085,34.869244,0.28850076,8.002049,0.83678603,21.636915,0.3292826,-15.494318,-0.85490227,-11.556942,21.55546,0.009362496,-0.0017178509,0.04180756,4.054054,2.8169014,0.065,0.045552168,0.26999998,0.014142135,-42.303143,ag,Ses02F_script02_1,Ses02F_script02_1_M009
225,35.65157,0.08422894,33.392757,35.95377,37.671177,4.2784195,109.92839,147.46985,13.228603,3.25152,0.13966672,0.36991826,0.09910807,0.12768032,0.1677062,0.06859814,0.8510487,0.5076277,0.85493934,0.7925277,0.030476108,0.51033443,28.712519,0.30241185,-1.5129845,-6.014529,11.826593,0.739151,-11.291015,-0.6453467,0.017494256,0.8140464,1.2800568,0.49463093,6.242538,0.34829634,10.546645,0.7019476,27.074305,0.21295486,692.11755,0.26509088,1476.747,0.18703686,-131.78477,-0.681955,1709.6333,0.10333499,1167.9385,0.24710669,-131.82892,-0.6446614,2758.4648,0.084807776,958.1578,0.35950515,-134.7689,-0.602936,-13.842813,-0.43657333,23.520216,0.27575862,0.028231794,0.51975775,-0.00444259,-2.3395379,0.033010077,0.38285235,32.688644,0.14587261,-3.971752,-2.600307,11.89661,0.7193736,-13.358301,-0.44955844,-11.864812,21.467964,0.014922919,-0.00021916686,0.029262563,3.1358886,2.108963,0.17,0.12909944,0.26153848,0.16842464,-45.82413,q,Ses02F_script02_1,Ses02F_script02_1_F004
226,24.933823,0.114842504,22.297424,25.323198,27.02966,4.732235,131.68033,185.83298,55.856644,46.303795,0.27687576,0.78714585,0.093610585,0.20068681,0.43436,0.3407494,3.6728413,1.8455827,3.3583088,2.3334184,0.086644165,0.95939237,26.285648,0.44404384,-2.6164474,-3.907913,17.44283,0.74154794,-13.937183,-0.8220137,0.019924002,0.7797467,1.1495973,0.8125701,3.7863677,0.56340444,4.5319786,0.78466105,22.10375,0.411185,518.57904,0.37180573,1322.3069,0.1613035,-148.23268,-0.5647623,1521.5469,0.15496586,979.71545,0.27563637,-150.23808,-0.5295362,2612.7935,0.105291195,818.9711,0.34215528,-151.51326,-0.51197124,-12.399644,-0.539034,21.655943,0.35825613,0.024620995,0.7380201,-0.014673067,-0.8267793,0.14023513,0.5721899,33.292168,0.24675079,-2.1736302,-5.6445227,22.536516,0.8618204,-17.215631,-0.86572564,-9.000228,18.454287,0.004356476,-0.0002346199,0.06761203,2.8490028,2.0086083,0.125,0.091865584,0.32866663,0.2937996,-34.123333,ag,Ses02F_script02_1,Ses02F_script02_1_M010
227,28.700653,0.15420583,24.02148,30.296112,32.30498,8.283501,23.621828,9.602581,16.995008,31.246637,0.18142761,0.82932013,0.0789242,0.11781453,0.24823642,0.16931221,3.6797714,2.5520132,4.141643,3.4297707,0.056679863,1.0763005,27.21631,0.35371435,0.66764224,14.525725,16.682955,0.5317373,-5.6491914,-1.3419272,0.033514872,0.84472114,1.3647364,0.5893577,6.0413637,0.38212824,6.235194,0.7616709,31.590778,0.30214816,561.2286,0.37352702,1343.0978,0.11708372,-155.37943,-0.5106213,1610.5945,0.14436677,1029.0001,0.20837891,-156.60907,-0.47714433,2701.4446,0.10679924,992.38635,0.19942582,-158.62674,-0.4499959,-15.311322,-0.42769432,28.029371,0.29560274,0.022805573,0.86600804,-0.0039969548,-2.8553064,0.12560031,0.55213726,37.354137,0.23218831,2.2767463,4.487556,19.349546,0.59657633,-0.06896678,-128.04556,-11.089097,20.775028,-0.002170322,0.003881443,0.034570858,2.0120726,1.4227642,0.16428572,0.081215255,0.4525,0.52141035,-36.686424,o,Ses02F_script02_1,Ses02F_script02_1_M011
228,27.988577,0.11314928,26.66857,28.461735,29.898163,3.2295933,86.69783,72.14139,17.01708,19.177477,0.26144785,0.6740516,0.101953655,0.22573963,0.39980477,0.29785112,3.0607135,1.3854853,2.1645446,1.2126334,0.07545479,0.85196215,33.76874,0.34878388,2.582858,3.8292873,16.957214,0.69020337,-11.559842,-1.088395,0.019697893,1.2118452,0.8988154,0.79871196,6.7599444,0.36592934,1.9150621,2.4496677,30.600317,0.25399646,590.6238,0.37372074,1388.1763,0.14778326,-99.695816,-0.9532223,1629.1471,0.17530425,1108.7948,0.25932613,-105.02929,-0.83243966,2728.266,0.10723305,1029.2798,0.4020586,-109.463715,-0.76069814,-16.066751,-0.39507967,28.82852,0.25662535,0.033601306,0.6198282,-0.0101567535,-1.5786527,0.10336149,0.647861,41.24363,0.17600666,3.1630836,3.693993,16.253162,0.88766664,-10.857058,-1.3274472,-11.432563,21.193819,-0.00024646084,0.0024298218,0.045303658,3.1645572,1.7057569,0.30249998,0.13881192,0.23333333,0.14399074,-33.281494,q,Ses02F_script02_1,Ses02F_script02_1_M012
229,36.519283,0.009245619,36.126965,36.65466,36.84005,0.7130852,10.350037,0.0,0.5467241,5.0812793,0.1006288,0.2797586,0.076309495,0.0863735,0.12577058,0.04946109,0.83390254,0.6488129,0.46945336,0.49230382,0.019406168,0.4360712,25.526134,0.25518337,-0.6380138,-9.789895,13.354274,0.3264474,-13.020612,-0.5943541,0.01972982,0.8046682,1.2529522,0.4809987,8.191692,0.29367632,11.11665,0.21296327,38.813736,0.08858576,643.1454,0.22089992,1629.794,0.13720462,-181.05598,-0.31705233,1601.6857,0.076224566,1490.1586,0.23484448,-179.10875,-0.31532183,2649.8545,0.06828588,918.07025,0.13139583,-179.87509,-0.30308944,-20.93474,-0.2115669,32.346184,0.17246115,0.047136646,0.42836842,-0.014515294,-0.49834093,0.02504039,0.18831143,33.551456,0.07328595,5.367667,0.7757278,8.002321,0.42312282,-27.17134,-0.25272134,-11.65039,22.077663,0.0026644792,0.0053580836,0.018796097,4.7244096,0.8196721,0.14,0.0,0.525,0.16499999,-50.462936,ans,Ses02F_script02_1,Ses02F_script02_1_F005
230,26.598995,0.11099793,24.229752,26.194302,28.575283,4.3455315,63.15456,46.562386,17.867294,13.292719,0.23676117,0.76429546,0.09334981,0.17172742,0.3551742,0.2618244,3.338443,2.3251452,2.4860225,1.3661748,0.06451345,1.025609,23.690756,0.42906618,-4.232708,-2.2804334,17.510525,0.71498406,-11.072074,-0.91995025,0.020220798,1.0450913,1.2916924,0.713462,4.72263,0.46798235,4.7884674,1.1350995,23.756132,0.3137118,599.7909,0.34453994,1300.6499,0.14319181,-152.73569,-0.5288552,1677.6311,0.15390131,941.73846,0.27482966,-155.37831,-0.4857414,2725.1062,0.08984403,882.44635,0.30049214,-155.99239,-0.47751018,-12.9176855,-0.3912306,21.869211,0.3034088,0.024917703,0.8874464,-0.01736963,-0.9423526,0.1332345,0.58190393,32.49609,0.22924542,1.2130797,6.212236,20.418327,0.81490934,-14.4698105,-1.0676576,-6.8263197,16.2056,0.0020229348,0.0050736004,0.042136203,3.4296029,1.8214937,0.128,0.08133879,0.36363634,0.31288314,-35.92167,s,Ses02F_script02_1,Ses02F_script02_1_M013
231,25.173624,0.18995316,21.331837,23.6036,28.181816,6.8499794,388.72577,328.54874,86.65464,54.130375,0.16151398,0.6872904,0.07736464,0.11217925,0.23797587,0.16061123,2.7715993,1.65579,2.888431,3.652501,0.04185375,1.0860082,22.645031,0.44859856,-1.4513537,-8.216944,17.213911,0.600691,-5.568351,-1.431408,0.021623913,0.68734723,1.4202832,0.49611205,4.509787,0.31812868,5.065727,0.6114726,26.206606,0.20985627,435.1536,0.21012282,1261.9637,0.14866129,-181.93999,-0.30149558,1521.2263,0.08054447,844.92896,0.23755163,-182.32687,-0.28347185,2579.3145,0.042290032,835.2175,0.31515217,-182.54025,-0.2793218,-15.133841,-0.45244965,21.622793,0.35970512,0.015572747,1.227185,-0.01211421,-0.8041885,0.10937933,0.8075001,25.189066,0.4761505,12.104064,0.69203764,27.209272,0.4238033,-1.8868403,-3.8593953,-8.803693,18.577953,-0.00070400385,0.006137353,0.034246147,1.7953322,1.0869565,0.086666666,0.066749945,0.69571424,0.569106,-41.348774,s,Ses02F_script02_1,Ses02F_script02_1_M014
232,25.65048,0.07648897,24.268951,25.402048,27.273006,3.004055,62.79502,26.610996,25.265726,46.19287,0.39760536,0.6951762,0.15041496,0.29535535,0.70575285,0.5553379,5.77362,3.5471883,4.6605153,2.9199107,0.10741473,0.8286882,21.010315,0.5164535,-3.7540724,-3.2323864,22.024664,0.57068974,-11.379683,-1.0786022,0.01281989,0.9066236,1.0938374,0.73256403,4.953296,0.47589618,3.8177705,0.7883337,19.605501,0.43969527,524.3359,0.4104004,1243.6818,0.13910362,-122.429504,-0.7649727,1538.0009,0.17254992,928.3825,0.39933914,-125.745186,-0.7068495,2584.6501,0.10139693,789.94696,0.32755417,-127.064896,-0.6859001,-11.391628,-0.58043534,19.17178,0.39337528,0.029837865,0.6414124,-0.013034533,-1.0064371,0.15457426,0.49835292,28.124588,0.30269486,-0.23710634,-59.801365,24.87901,0.58640283,-16.777802,-0.83958,-4.952562,13.352866,0.0058116955,0.005384389,0.07713785,4.3071165,1.8903592,0.203,0.35791197,0.2772727,0.2982705,-31.656216,o,Ses02F_script02_1,Ses02F_script02_1_M015
233,22.219988,0.21091542,18.41668,20.870316,25.634743,7.2180634,38.048615,19.829926,20.589472,10.701601,0.21528071,0.57371384,0.086671844,0.20539291,0.30807602,0.22140418,3.3742108,3.0001767,2.5473344,1.4399525,0.062267326,0.76487356,28.715092,0.46517012,2.599149,4.1544046,18.326857,0.6961897,-5.3626804,-2.0756376,0.021882512,0.70565134,1.1435624,0.58123547,3.517879,0.6702884,6.5558043,0.56922954,28.613981,0.2996747,574.2478,0.3746907,1358.4357,0.15448233,-108.899475,-0.86215043,1617.8398,0.15749072,1050.6871,0.29049596,-114.04794,-0.767576,2723.621,0.11213543,990.3257,0.3312713,-117.04429,-0.72081643,-14.861877,-0.46246767,25.240026,0.32024714,0.0103490325,1.7196643,-0.0064210603,-1.9258497,0.08176417,0.5045896,35.865726,0.26591042,4.5876627,2.532855,20.288755,0.73767734,-1.9287885,-6.3803954,-9.542441,18.402664,0.0014099499,0.0054896935,0.045502637,3.5789473,1.9148937,0.2411111,0.28501245,0.234,0.18293166,-37.141796,q,Ses02F_script02_1,Ses02F_script02_1_M016
234,35.794044,0.009185267,35.558517,35.666214,35.96458,0.40606308,2.0134356,0.0,6.139956,0.0,0.0911397,0.29809952,0.072966516,0.07891614,0.10161218,0.028645664,0.32295656,0.1693755,0.16981666,0.056122188,0.016853526,0.33786452,29.768156,0.1965401,-2.4057755,-1.2872006,10.098508,0.6686137,-14.889573,-0.6118618,0.010079406,0.6418449,0.96834016,0.3349923,8.032003,0.19587117,2.8987286,1.345501,34.253727,0.14179482,718.3475,0.24589576,1418.4037,0.10576399,-164.61623,-0.45756155,1764.9625,0.16302267,1401.4824,0.2545763,-163.34006,-0.43704772,2842.5967,0.09678386,1234.4725,0.33053926,-165.0708,-0.41237605,-15.944106,-0.19472784,31.936338,0.08144515,0.03167445,0.35809562,-0.018621178,-0.3821936,0.02473194,0.2259237,39.65305,0.078618884,1.4506102,1.7305428,-1.5388844,-2.9701965,-30.920162,-0.21463813,-12.084659,22.665134,0.0031885472,0.006204671,0.015170577,2.0408165,0.70422536,0.29,0.0,0.55,0.01,-50.87585,s,Ses02F_script02_1,Ses02F_script02_1_F006
235,26.628319,0.1780646,23.446146,23.973341,33.78971,10.343565,31.145603,0.0,-6.86512,0.0,0.2781924,0.8648054,0.07771324,0.1170104,0.5293661,0.45165282,4.126456,2.4839678,4.4274707,2.1901116,0.084875144,0.94605774,28.965347,0.25816053,-4.8690734,-1.7357875,23.349436,0.4389404,-8.203397,-1.090668,0.019419586,0.49820566,1.1234211,0.6625449,4.5904555,0.3814819,5.9235716,0.39897937,24.037533,0.23188773,492.27618,0.33230948,1336.4476,0.12145665,-136.1304,-0.65383774,1517.1581,0.12386909,911.47943,0.20831281,-139.42365,-0.5945148,2571.858,0.062167965,871.98425,0.24358709,-140.55833,-0.5779628,-13.379202,-0.32926112,21.546627,0.22500362,0.025431076,0.8874151,-0.018896116,-0.82935476,0.15283094,0.38907614,33.15588,0.27586487,-1.4676558,-6.92819,25.989016,0.50344825,-10.749167,-1.3254341,-10.425006,18.81899,0.005532327,0.0026848419,0.054856278,2.8169014,2.189781,0.14333333,0.10498677,0.2175,0.13808964,-33.668125,q,Ses02F_script02_1,Ses02F_script02_1_M017
236,34.105385,0.06291546,33.45823,34.579857,35.79679,2.338562,8.335829,0.0,17.05779,0.0,0.09287923,0.20172264,0.07726659,0.08713673,0.10449548,0.027228892,0.3103484,0.1942553,0.2912503,0.17162454,0.017332135,0.27812335,28.79482,0.22719301,0.019075545,298.6918,10.271101,0.5451437,-11.379101,-0.4908385,0.017911222,0.6451042,1.3190199,0.337412,5.578816,0.32353586,4.746734,2.2356224,28.556808,0.2151677,739.2018,0.2111533,1515.9602,0.1409452,-164.52847,-0.4361287,1712.9467,0.12259705,1263.2452,0.15300539,-166.3888,-0.39989185,2846.477,0.078738496,903.5518,0.3028402,-168.23238,-0.3737681,-14.906978,-0.16772316,29.326136,0.086581156,0.016902393,0.7843964,-0.0039042532,-1.7961916,0.022556167,0.17483085,35.93475,0.07983728,-0.42149723,-9.372302,6.4458594,1.0530874,-16.424948,-0.3731013,-12.651476,23.628408,0.0018055567,0.002547718,0.016220853,3.0534353,1.9455253,0.089999996,0.015491934,0.33499998,0.26911893,-51.61702,s,Ses02F_script02_1,Ses02F_script02_1_F007
237,28.091366,0.15057652,25.342442,28.148384,31.077072,5.7346306,144.54929,179.0177,74.27507,88.57157,0.37036532,0.7849126,0.1006818,0.29559234,0.60238874,0.50170696,6.170252,5.21915,4.7347083,2.7957406,0.11874863,0.90982234,30.404829,0.36119562,-1.0743757,-10.550072,21.71433,0.6433643,-8.759571,-1.2762421,0.025025802,1.3345891,1.2478176,0.7265133,5.7824955,0.44445258,3.2547235,2.0741968,24.573006,0.33582082,614.5298,0.35425824,1347.1324,0.15440752,-92.80748,-1.0080043,1653.7502,0.133176,1004.4648,0.30548882,-96.34661,-0.9108918,2689.7803,0.09135227,966.6526,0.345601,-99.05228,-0.8618778,-13.966649,-0.45555434,22.947264,0.31470382,0.03498901,0.5633595,-0.013859507,-0.96692795,0.17346819,0.6262095,34.88065,0.25494704,-1.2801821,-9.769876,24.575222,0.6819656,-9.269243,-1.3773956,-11.023353,20.569288,0.002722227,0.0035220422,0.046906095,3.1578948,1.8181819,0.305,0.2798958,0.20692308,0.269569,-29.848703,q,Ses02F_script02_1,Ses02F_script02_1_M018
238,32.06072,0.1357625,30.85972,32.628292,34.820557,3.9608364,40.89934,29.665956,65.280716,42.14485,0.14027126,0.62242144,0.09409307,0.112678915,0.15740623,0.06331316,0.8681304,0.3978217,0.7868756,0.50720865,0.034299593,1.0499301,32.039658,0.21290742,-1.500423,-4.169143,15.508396,0.287887,-14.280817,-0.5903903,0.018305276,0.91050994,1.1676679,0.3872533,5.0642247,0.456988,3.889993,1.9400364,27.583876,0.19412608,658.18024,0.26084954,1420.6005,0.1164588,-137.0517,-0.63707507,1731.5775,0.11693819,1128.3068,0.24741356,-139.09904,-0.5838706,2738.8113,0.08577068,1075.1686,0.25271118,-141.36444,-0.55337733,-14.798489,-0.24052566,24.321552,0.23418756,0.029029105,0.6530833,-0.014113966,-1.0329024,0.04493214,0.8172185,38.06708,0.1060092,-4.603657,-1.5526912,14.06092,0.37294883,-16.827745,-0.60066545,-13.994908,22.781467,0.013963527,-0.0034712553,0.029682446,1.6528927,2.9535866,0.105714284,0.07267483,0.21285714,0.25103867,-41.028454,ans,Ses02F_script02_1,Ses02F_script02_1_F008
239,27.246153,0.068172365,25.231844,27.681948,29.094849,3.8630047,51.475243,0.0,-18.25676,0.0,0.24958043,1.208465,0.07817024,0.09683512,0.34823596,0.27006572,1.4053266,0.8666331,2.1750402,0.0,0.08770923,1.5519984,27.047983,0.31244895,-6.8742104,-1.1139562,16.724634,0.6320227,-13.1331215,-0.39820355,0.024051726,0.0,0.7348135,0.07538138,2.2916896,0.5605589,0.5252233,6.517708,26.38511,0.4095247,553.601,0.30876872,1442.1359,0.13736106,-172.25069,-0.38454112,1471.3889,0.12863037,1103.9194,0.08554643,-170.87051,-0.39310658,2678.7688,0.06846872,936.06805,0.1316859,-173.8498,-0.3476121,-9.89774,-0.34986034,29.519165,0.16277812,0.03951807,0.4770936,-0.013246659,-0.4248686,0.25503656,0.5128326,43.13325,0.14996688,-7.6336193,-1.5094295,0.88409436,7.5303354,-14.216848,-0.37515157,-9.205268,17.575912,0.010204112,0.0017543223,0.064449236,1.1363636,1.2048193,0.12,0.0,0.34,0.089999996,-32.07962,b,Ses02F_script02_1,Ses02F_script02_1_M019
240,35.36123,0.0463837,33.773,34.42007,37.31322,3.5402222,208.59624,0.0,-2.0451741,8.772321,0.09291681,0.25273246,0.07329677,0.08162901,0.11394709,0.040650323,0.64713556,0.30492702,0.32565162,0.21437082,0.019261273,0.473768,29.571465,0.1808046,-3.142352,-1.129073,12.909461,0.41320425,-13.028414,-0.45096353,0.018619498,0.7135785,1.338739,0.38063926,5.8212833,0.22314315,9.602357,0.26464468,34.111744,0.10543261,658.1334,0.24465115,1390.1715,0.108214326,-176.54848,-0.3508099,1674.1428,0.113530055,1168.7775,0.19439982,-176.91014,-0.32855234,2754.3794,0.07418163,977.0026,0.39297825,-178.09007,-0.3102452,-15.164033,-0.15732889,25.803478,0.1826351,0.027144916,0.43317744,-0.012653671,-0.3108634,0.022256674,0.15361448,36.32962,0.0802632,-3.3167217,-1.1008397,2.9078095,1.0811797,-24.130901,-0.18950914,-12.582763,22.674313,0.0053556035,0.0020534038,0.01908307,4.054054,1.3986014,0.085,0.015,0.4033333,0.04921608,-51.38737,s,Ses02F_script02_1,Ses02F_script02_1_F009
241,26.169485,0.05348665,25.15062,26.339853,27.35128,2.2006607,172.56117,196.76192,31.011915,25.96781,0.25020638,0.8655218,0.07496367,0.17169595,0.3968232,0.32185954,2.8699522,2.0781634,4.450087,2.648555,0.083105505,1.038392,27.932653,0.35989407,-1.3835775,-5.9228883,17.535889,0.7085976,-9.312466,-1.0668744,0.02684731,0.8423061,1.1913713,0.60492975,3.6661108,0.7061495,3.5477266,1.0199926,20.78993,0.22716539,481.5109,0.388982,1255.5358,0.11771024,-156.54195,-0.4929898,1524.7794,0.14811097,899.95544,0.27686942,-160.09924,-0.44449976,2649.3313,0.111951925,748.3532,0.27958038,-160.41446,-0.4400149,-12.73864,-0.47378254,19.876268,0.360964,0.024839647,0.5833578,-0.020109534,-0.70242375,0.16618806,0.57309216,32.212883,0.30065897,-0.029819055,-337.65402,24.288773,0.6053906,-14.494494,-0.9924536,-11.404823,20.057892,0.0063524456,-0.0014218392,0.063556276,2.6845636,2.777778,0.07,0.029154757,0.21399999,0.10131139,-34.515816,ag,Ses02F_script02_1,Ses02F_script02_1_M020
242,34.963005,0.04392564,33.0946,35.494946,36.398094,3.3034935,59.149117,0.0,9.108237,7.158634,0.10761426,0.3261057,0.077559724,0.08637811,0.14709412,0.06953439,0.5279836,0.3403704,0.39170703,0.08974864,0.021277186,0.46301702,28.593298,0.30772367,0.13689509,42.39677,5.30327,1.6889333,-12.065698,-0.6848324,0.015079847,0.5577158,1.1220313,0.41464457,6.608788,0.2751703,3.317483,1.2641435,34.8383,0.09153976,657.17584,0.25947806,1458.843,0.11505839,-139.86502,-0.64461213,1682.9226,0.10708384,1168.7173,0.17451991,-143.5436,-0.5752618,2867.9075,0.06413762,1025.1163,0.2083953,-147.23897,-0.52414435,-16.886696,-0.12521286,31.11092,0.14465806,0.036345914,0.51483285,-0.013174172,-0.6370303,0.029881874,0.24632034,35.67467,0.17898452,0.4198341,15.324031,-1.6080432,-3.7947803,-19.704063,-0.3620352,-12.096359,22.79977,-0.0003667105,0.0026201606,0.017977666,3.0769231,1.6,0.185,0.074999996,0.27666664,0.08178562,-48.75968,c,Ses02F_script02_1,Ses02F_script02_1_F010
243,25.51803,0.15695877,21.884453,24.620094,28.613562,6.729109,88.669136,72.58203,34.934372,42.538033,0.25266397,0.78345054,0.0862346,0.16626258,0.43225792,0.34602332,3.326484,1.701619,3.7118917,2.2998538,0.078021266,0.9790462,26.975931,0.38777325,0.90443414,12.016815,22.41655,0.56114686,-9.097633,-1.0519431,0.019569261,0.99734324,1.2150917,0.9072763,4.828204,0.40775463,5.1631393,1.0898265,25.52767,0.24697758,593.84863,0.38991728,1319.344,0.16405249,-135.67412,-0.64684147,1660.7872,0.1739197,1014.226,0.4279373,-138.87117,-0.5906242,2683.0168,0.0985185,844.60706,0.27426943,-139.59721,-0.57995796,-15.150008,-0.35881892,22.338474,0.28973064,0.023927229,0.8847497,-0.014258816,-1.0969774,0.14211541,0.5727965,33.104004,0.32189023,3.4984214,3.4581938,29.027723,0.4745177,-8.16316,-1.6044647,-10.457366,18.936079,-0.00047869433,0.0025820278,0.04539651,3.1111112,2.238806,0.144,0.100584954,0.264375,0.36716768,-33.408237,dag,Ses02F_script02_1,Ses02F_script02_1_M021
244,37.564236,0.06534964,35.218395,36.696617,41.022167,5.803772,59.98336,0.0,-20.839022,0.0,0.102823526,0.2888228,0.07152605,0.10030234,0.12954126,0.058015212,0.47157025,0.21409665,0.38615802,0.12463039,0.022425,0.4838848,27.898853,0.24459375,0.5533201,10.196133,12.019004,0.6322385,-13.594108,-0.38170213,0.028614763,0.6485864,1.4893775,0.3082158,7.058133,0.27692565,14.993758,0.48827207,31.85592,0.275155,668.43616,0.32444382,1352.4678,0.09304964,-155.35736,-0.49635187,1755.1217,0.118262395,1003.5449,0.13099736,-154.50832,-0.4723344,2845.9976,0.044689868,1057.1357,0.4963455,-156.32379,-0.44813713,-18.223324,-0.20095927,29.669893,0.17111614,0.032899212,0.41994464,-0.008182283,-1.1378497,0.03216454,0.30236706,31.686708,0.19829738,4.753616,1.0213435,12.443622,0.48692203,-15.395904,-0.466053,-12.627246,22.84278,0.0035740724,0.00079104287,0.019442637,4.191617,2.4691358,0.0975,0.037666295,0.22799999,0.1705755,-48.780552,ans,Ses02F_script02_1,Ses02F_script02_1_F011
245,31.679775,0.19207765,28.932337,32.511757,37.389946,8.457609,80.48106,0.0,-20.592754,0.0,0.19304076,1.0131583,0.07077107,0.075958095,0.36922145,0.29845038,1.2517656,0.6957869,3.2410276,1.9813759,0.053808138,1.2268511,29.357029,0.28025252,-2.9318368,-2.3212898,12.604227,0.6125155,-13.776926,-0.40622994,0.12370339,1.476671,1.0146453,0.67322475,6.800036,0.36701483,1.9216099,2.0772593,26.549871,0.31710854,664.22217,0.328658,1469.011,0.11564164,-154.65784,-0.5236687,1675.5231,0.15051214,1166.1107,0.1652176,-157.0764,-0.4813928,2823.0488,0.05816034,902.9779,0.33349216,-158.9092,-0.4549395,-15.510548,-0.38349065,27.4805,0.20168811,0.04059938,0.62016433,-0.01999144,-0.85426337,0.13749923,0.43875006,40.422794,0.15338309,-1.5222117,-7.8735967,9.330019,1.4595202,-14.565547,-0.6135085,-10.157783,19.139193,0.0017539875,0.0032408345,0.029035687,1.438849,0.7462687,0.32,0.0,0.49499997,0.16499999,-35.548542,q,Ses02F_script02_1,Ses02F_script02_1_M022
246,36.563797,0.04560076,36.25074,36.81665,37.02907,0.77833176,12.89804,7.2165728,-4.4064274,46.873554,0.09240864,0.29428387,0.07119765,0.079507954,0.1150315,0.04383385,0.5194272,0.26315337,0.26933566,0.13806517,0.019112954,0.47752348,27.92124,0.20687735,1.2674224,4.946775,11.705861,0.63322383,-11.299046,-0.4999873,0.022596361,0.546371,1.3690526,0.5435844,7.1139755,0.29287985,13.6206045,0.68413925,34.035706,0.11745714,634.65454,0.32880569,1455.1248,0.13789193,-172.17691,-0.38451415,1710.2489,0.10918585,1267.572,0.13707127,-172.53622,-0.3532064,2731.3484,0.09890174,1141.5918,0.2016003,-173.24149,-0.34242636,-18.277323,-0.16127278,28.694529,0.17970902,0.033914838,0.31505176,-0.011231187,-0.8273425,0.028126527,0.21918967,30.520632,0.20186926,7.2288394,0.93429136,7.118002,1.4566439,-18.611156,-0.2921437,-13.170527,22.66042,0.0037859522,0.0012290573,0.017616212,2.2556393,1.9157089,0.074,0.041761227,0.355,0.20031224,-50.32248,ans,Ses02F_script02_1,Ses02F_script02_1_F012
247,29.659887,0.13347234,25.603228,29.992767,33.37135,7.7681217,72.07454,51.23729,31.986149,24.764692,0.22837831,0.5777038,0.106911056,0.19580458,0.33953562,0.23262456,3.2181382,2.1392124,2.8221245,1.3597383,0.073148645,0.86858326,27.310583,0.3816684,5.9741807,2.6295516,16.01778,0.70397425,-6.45525,-1.8398628,0.026995357,1.5401248,0.9565714,0.59735984,6.855432,0.3928055,7.6370063,0.9502739,31.847118,0.30102977,636.41235,0.29231688,1484.0417,0.16146928,-123.65432,-0.7272974,1698.5168,0.13071987,1164.5508,0.30567467,-130.02322,-0.63058627,2794.1348,0.0863035,956.5884,0.5196716,-131.45862,-0.61032265,-19.864737,-0.38823,28.857481,0.2962886,0.02288154,1.0883161,-0.014217295,-1.0369667,0.10380191,0.54767376,31.891195,0.30246797,16.900032,0.7589522,18.093546,0.7779865,-6.2478404,-2.3512416,-9.406657,17.850897,0.004196495,0.0014179483,0.052577063,4.047218,1.7006804,0.23299998,0.11558979,0.33299997,0.22441255,-34.949253,s,Ses02F_script02_1,Ses02F_script02_1_M023
248,31.140804,0.1637799,28.60498,32.273342,34.452454,5.847473,66.14214,65.115074,25.00802,13.942102,0.46466565,0.62203866,0.21552081,0.37501478,0.73235595,0.51683515,7.951239,4.3741455,6.7896276,3.1860862,0.17682415,0.8048348,26.49568,0.4533596,1.6559913,7.7502713,20.032398,0.90895635,-8.977423,-1.5763558,0.027020585,1.1087302,1.2803872,0.6958581,6.2070146,0.4987752,5.3438225,1.5143008,24.544239,0.33672875,558.6026,0.39087668,1301.6014,0.15960838,-71.817696,-1.2225314,1621.4863,0.15362978,932.59717,0.33736295,-76.14759,-1.042829,2680.7803,0.09393346,933.6631,0.3719707,-78.45404,-0.9927655,-12.973116,-0.51196975,21.900078,0.37918985,0.038421787,0.6904998,-0.0107505005,-1.4109359,0.1996307,0.5901586,29.330755,0.35106975,2.0438583,6.389579,20.291754,0.9717471,-9.458146,-1.5795845,-8.262006,16.448954,0.010550156,0.00080542883,0.1300897,5.6115108,2.7536232,0.2405263,0.13390781,0.10157895,0.08196682,-28.124187,s,Ses02F_script02_1,Ses02F_script02_1_M024
249,36.71821,0.08779931,33.105618,37.046932,39.46747,6.3618507,21.68944,6.170899,73.76006,62.55115,0.19067092,0.9395692,0.10219419,0.15169834,0.22959523,0.12740104,1.7296861,1.3838327,1.7047096,2.3030539,0.05187676,1.857215,29.899673,0.26287597,-5.1196127,-2.3777409,8.861544,1.3670073,-16.844725,-0.5884925,0.01809924,0.8413706,1.1703287,0.4720276,6.775623,0.43484524,9.3448715,1.0187924,27.68291,0.31831506,594.654,0.32084465,1433.916,0.13455553,-132.4505,-0.682045,1611.4641,0.12007918,1206.3208,0.30635098,-123.13737,-0.7047909,2692.8826,0.0908957,1078.6819,0.3411389,-127.09837,-0.64648587,-13.266968,-0.54363734,25.504663,0.24961014,0.029977305,0.61060053,-0.005856223,-1.9944134,0.051987294,1.2644066,33.783844,0.13588373,-5.9960775,-1.9864454,6.781153,1.8546169,-18.76414,-0.55572504,-10.250407,20.609547,0.0133770695,-0.000685049,0.05172817,1.2875537,2.5974026,0.15333332,0.124499,0.22470587,0.13151236,-36.515625,s,Ses02F_script02_1,Ses02F_script02_1_F013
250,26.871138,0.15416728,22.584684,27.383291,30.918612,8.333927,50.92751,30.469152,46.936707,22.57953,0.32683268,0.6962002,0.11596437,0.2655087,0.5116747,0.39571035,5.233513,3.353915,3.3638737,2.3772097,0.098108105,0.826983,27.632347,0.43677968,2.8164892,4.1100616,19.455256,0.79363126,-10.775444,-1.370354,0.022425476,1.277512,1.0261084,0.8424529,5.1135564,0.5769252,3.9480844,1.3587773,26.18419,0.3719954,612.1684,0.3411372,1408.5315,0.16923143,-107.09035,-0.8698103,1667.6216,0.14728086,1021.23816,0.382187,-112.86618,-0.7691803,2761.042,0.09062207,982.3535,0.38426057,-114.61312,-0.74179715,-14.302278,-0.489536,23.45076,0.34888548,0.027721599,0.79716194,-0.017321777,-0.86647177,0.13012943,0.56909066,33.013477,0.29326206,7.268298,1.5309623,19.612328,0.93094057,-12.499261,-1.4511925,-9.059667,18.40416,-0.00046995352,0.0029853918,0.06855848,3.8626611,2.1574974,0.21700001,0.21227577,0.22649999,0.17248985,-32.38935,s,Ses02F_script02_1,Ses02F_script02_1_M025
251,29.451738,0.19389664,24.085817,29.673162,34.1137,10.027884,379.51367,576.203,79.71597,43.045418,0.35579458,0.7824693,0.124269396,0.26390576,0.48509473,0.36082533,5.3697057,3.1319582,4.2627535,2.9231758,0.1257847,0.9147789,25.564257,0.4655082,3.7483814,3.9528384,16.940632,0.94376314,-6.445971,-1.9440924,0.035269048,1.0529225,1.4292089,0.5832693,4.582296,0.5706627,3.5962522,1.7178323,21.699192,0.5152048,545.2165,0.38321316,1383.4434,0.15917371,-122.21003,-0.7431336,1587.6943,0.13328412,1103.003,0.42849347,-122.824524,-0.69099724,2637.8076,0.08654017,1007.55054,0.3066183,-124.01426,-0.6737572,-14.253689,-0.60636276,22.906275,0.3846407,0.031739913,0.702781,-0.01623791,-1.0563112,0.19470385,0.6438579,31.182358,0.28600383,2.8021963,6.7579136,15.503131,1.2484131,-7.926476,-1.9591258,-10.585937,18.270721,0.0070609585,0.00046346718,0.077105045,2.7118645,3.114187,0.12888889,0.09023973,0.154,0.08392853,-31.190102,o,Ses02F_script02_1,Ses02F_script02_1_M026
252,38.142292,0.14678551,31.519869,39.28308,43.428383,11.908514,126.214424,122.11632,136.52115,76.7655,0.1452219,0.41956812,0.09706348,0.13046171,0.1738078,0.07674432,1.6221817,1.639453,0.8486466,0.92146045,0.033872418,0.63060945,27.404934,0.27235776,-3.5808575,-2.3945508,14.72047,0.6466351,-15.665441,-0.5508282,0.027314702,0.7184151,1.408079,0.51883626,6.5769186,0.3765991,8.717226,1.1469847,21.134212,0.36965683,677.63684,0.3420972,1383.8044,0.115375236,-157.2265,-0.48267072,1709.4835,0.13937856,1164.7607,0.32749823,-153.8523,-0.47709003,2715.6196,0.0952261,982.4563,0.31481656,-154.8926,-0.46346763,-14.416206,-0.29939264,22.784702,0.2524849,0.028739234,0.6377715,-0.008068567,-1.1246617,0.03694911,0.42116842,30.664413,0.15924314,-4.7567487,-1.7006959,15.498601,0.53337336,-18.495838,-0.36914212,-11.85922,20.88372,0.015518081,-0.0015310087,0.0329443,2.3611112,2.937063,0.08,0.08053393,0.2290909,0.23948637,-45.1426,o,Ses02F_script02_1,Ses02F_script02_1_F014
253,22.039274,0.26606417,19.14613,20.366629,20.790752,1.6446228,41.336033,0.0,166.82043,117.15998,0.2116428,0.9641899,0.08259933,0.111314416,0.31940174,0.23680241,1.8278223,1.1696327,2.351829,1.8060113,0.06991766,1.5777367,24.80867,0.3158649,0.4417293,20.834156,20.385586,0.6701673,-8.829681,-0.91645366,0.024367446,1.192832,1.0787625,1.0126032,3.486026,0.5098096,2.2624831,1.8204321,22.880327,0.29832053,602.06305,0.38423023,1365.278,0.17596275,-152.51471,-0.531294,1711.9393,0.12365852,996.8762,0.32415366,-154.79028,-0.48742074,2663.6033,0.1028915,965.0302,0.25373876,-154.20879,-0.49590665,-15.051306,-0.39046156,20.12604,0.37129432,0.016478809,1.4045575,-0.008519092,-1.4864962,0.13173975,0.97835207,29.61678,0.31935596,3.1351902,2.5910363,37.357788,0.42783812,-5.4932733,-2.1985528,-10.326465,19.373663,0.0040363893,0.00252402,0.05283293,1.2345679,1.9108281,0.12333333,0.09672413,0.2825,0.18899404,-34.900166,dag,Ses02F_script02_1,Ses02F_script02_1_M027
254,37.35556,0.08871801,34.710606,35.821503,42.52619,7.815586,0.28470358,0.0,45.51131,0.0,0.11923812,0.2345782,0.09491296,0.11507845,0.14532806,0.0504151,0.44966483,0.1327022,0.36208022,0.24698734,0.022996329,0.43045402,23.813133,0.3900909,-3.078806,-2.2930856,14.223827,0.45716313,-11.614057,-0.6473831,0.02639071,0.434188,1.3021008,0.34520134,7.2085443,0.15812021,15.203322,0.6534637,33.356476,0.17818236,561.05536,0.3584547,1450.3658,0.110276975,-176.44124,-0.35864493,1576.6082,0.12840766,1350.9661,0.09518278,-172.59967,-0.3543043,2689.128,0.07542961,953.3678,0.22500324,-173.18913,-0.34675276,-18.262192,-0.39456406,29.983278,0.17785868,0.03519262,0.4894198,-0.0017425824,-3.4798837,0.033508703,0.25959486,32.605705,0.063552074,5.9616566,1.5230715,13.140262,0.5989595,-19.942198,-0.2014529,-8.486258,18.967306,0.0020977461,0.007806945,0.021474525,3.5714285,1.4814814,0.099999994,0.049999997,0.36666667,0.2085399,-49.266296,b,Ses02F_script02_1,Ses02F_script02_1_F015
255,26.639313,0.13839197,23.80733,27.247257,29.334583,5.527254,128.79578,139.91426,34.089966,21.137383,0.35427225,0.6045378,0.14374366,0.31938633,0.545449,0.40170535,5.149772,2.8220117,4.2400746,2.5701365,0.11193537,0.8211478,24.09214,0.6147672,3.80531,2.754222,18.84555,0.7817722,-8.747036,-1.6887668,0.01900996,1.1147956,1.1563467,0.7330666,5.10169,0.55264765,4.0358524,1.2860428,25.208004,0.2891295,601.6402,0.38193938,1321.9955,0.16199082,-102.236336,-0.9175011,1625.0398,0.1757689,1043.8145,0.3475759,-106.54302,-0.82334715,2709.7202,0.10504525,881.3254,0.4254891,-109.21141,-0.77821726,-12.283523,-0.4965958,22.63841,0.3410211,0.028918218,0.6811136,-0.010584057,-1.6576283,0.14673834,0.55822927,31.744926,0.33140296,4.42084,2.4360445,16.131948,0.99638075,-9.784124,-1.8429008,-6.5843163,13.952979,0.005115715,0.005073019,0.07651369,4.4100122,2.5179856,0.1947619,0.22487283,0.17363636,0.1316174,-31.493933,s,Ses02F_script02_1,Ses02F_script02_1_M028
256,29.864658,0.18180814,25.071854,30.295324,34.69004,9.618187,125.76575,143.41953,61.289387,24.171183,0.26874918,0.8191533,0.089869455,0.19611423,0.397139,0.30726957,4.2567325,2.5384948,3.5631979,2.2975802,0.08477861,0.97803885,24.32136,0.4946538,2.4201336,4.6569543,20.047613,0.6657908,-6.183676,-1.6808356,0.02060005,0.8092379,1.2033017,0.6183867,6.142375,0.48810303,5.833625,1.3380173,24.41358,0.43072304,523.02594,0.3878553,1336.3357,0.14836238,-137.39453,-0.63243985,1583.5372,0.15064599,930.5377,0.30583248,-138.7334,-0.5892367,2660.2202,0.083584026,907.9175,0.3740444,-140.26016,-0.56810653,-13.674387,-0.47791797,22.928986,0.39110285,0.02870991,0.8658409,-0.0063401926,-2.053664,0.14922184,0.64531,30.784258,0.2827952,3.3296256,3.8692567,21.406685,0.802095,-3.8956938,-3.2932146,-9.534496,17.755468,-0.00066927384,0.003334232,0.051590122,3.030303,2.4709303,0.13,0.0795576,0.28733334,0.31057936,-33.155567,o,Ses02F_script02_1,Ses02F_script02_1_M029
257,33.892452,0.20038004,32.36212,35.400135,38.727787,6.3656654,164.54456,133.07462,17.39322,0.0,0.15526977,0.5854396,0.079383895,0.1254129,0.20914769,0.1297638,2.455147,1.9408284,1.6072828,1.0606315,0.040337794,0.8613444,25.41768,0.44418806,0.8199026,7.944929,17.41268,0.7435867,-9.017093,-0.9985408,0.02405744,0.55627275,1.2900981,0.29086927,5.7552795,0.38871577,7.6349707,1.0696906,29.25744,0.19831395,650.3684,0.24864218,1517.356,0.24858044,-155.49008,-0.489385,1665.2657,0.084638245,1040.2572,0.20333871,-155.32162,-0.467099,2792.9277,0.065078355,882.65393,0.3317773,-157.61574,-0.43640983,-15.002116,-0.24422726,25.180012,0.2808428,0.020321291,0.6430989,-0.011950565,-0.69333667,0.041016918,0.5571596,32.243073,0.19615905,0.73909867,8.627444,14.435896,1.0188521,-14.785391,-0.6180545,-10.688282,18.86325,0.002789268,0.0020061962,0.041416004,2.8901734,2.9761906,0.076,0.04882622,0.19833334,0.18031608,-42.703854,s,Ses02F_script02_1,Ses02F_script02_1_F016
258,32.95573,0.14697209,26.5177,35.440247,37.1812,10.663498,44.530876,0.0,-5.501016,0.0,0.17143984,0.7567283,0.07450829,0.08476791,0.31202444,0.23751616,1.6912279,1.0737092,1.4257969,0.05507724,0.04809847,1.1760446,29.334475,0.31495747,-0.8639505,-6.07744,12.414639,0.6369427,-10.4092655,-0.96160877,0.021260686,1.5668358,0.70160353,0.58970696,7.6509924,0.37220588,10.217929,0.89365,33.23706,0.32263225,763.86414,0.31235564,1208.5281,0.09904283,-138.16792,-0.64019465,1880.7177,0.11984335,1119.901,0.23679665,-138.58118,-0.5922363,2914.4512,0.10798452,1021.0008,0.3033515,-141.23529,-0.5568078,-15.705785,-0.276384,29.934025,0.28142783,0.046967562,0.46979997,-0.005327406,-2.0317342,0.1114037,0.5136711,37.503216,0.25084317,3.5162482,1.5822953,9.989014,1.2580794,-7.748266,-2.052918,-11.213314,21.925144,-0.0022557152,0.0053269495,0.015998296,2.7027028,0.9433963,0.37,0.0,0.32999998,0.02,-36.7253,q,Ses02F_script02_1,Ses02F_script02_1_M030
259,39.119064,0.007342194,38.89662,39.258755,39.335552,0.4389305,12.699127,0.0,-2.4745944,0.0,0.083334416,0.20036742,0.073236935,0.077514395,0.087631166,0.014394231,0.18525644,0.12544106,0.15679063,0.07575675,0.016771594,0.34743643,28.034056,0.112311006,-1.8884267,-1.8726888,13.26512,0.22793277,-10.9000225,-0.46885133,0.03225626,0.79737335,1.4411451,0.64749026,8.916548,0.037747104,17.39755,0.4416413,31.718147,0.1414788,592.95685,0.33573356,1279.4868,0.13553393,-187.90327,-0.24900019,1687.2445,0.12409232,1166.8289,0.10343036,-182.41573,-0.28221866,2767.563,0.068905145,992.4665,0.069545336,-183.0915,-0.27120644,-17.560368,-0.19282728,31.391825,0.056864485,0.022114407,0.4412204,-0.016175859,-0.46996406,0.026159517,0.17754939,34.006516,0.09690206,3.7959423,0.8336889,10.18555,0.3845845,-21.408234,-0.13491653,-12.157393,23.69883,-0.0031678146,0.0049812603,0.01586978,3.1746032,0.82644635,0.12,0.0,0.53,0.049999997,-52.48645,ans,Ses02F_script02_1,Ses02F_script02_1_F017
260,27.421473,0.17581883,23.414148,28.097858,30.166441,6.7522926,76.00773,50.942505,25.11827,22.770123,0.35303226,0.8057069,0.09948201,0.27935418,0.54136544,0.44188344,5.7662263,3.2273364,4.3382354,2.8473332,0.12353482,0.9939889,24.708921,0.46003628,-1.2312888,-9.2455225,22.308628,0.63005906,-7.2586675,-1.4427983,0.020281758,1.0108873,1.210989,0.67085993,5.083043,0.4932128,5.1889176,1.0989457,22.535843,0.43806052,556.39453,0.37293455,1306.5739,0.15093979,-124.54365,-0.73572844,1617.7787,0.13072807,954.03754,0.3177278,-125.97732,-0.68181103,2651.9692,0.08038492,959.3265,0.3375546,-126.5723,-0.6735652,-12.586533,-0.53340966,20.849855,0.42376596,0.03072482,0.82108134,-0.010116614,-1.1998973,0.20567946,0.6005623,31.013285,0.33306637,-0.7395841,-16.621243,24.839172,0.7585639,-6.321459,-1.9886256,-8.641426,16.482248,0.0022492378,0.00252909,0.068348035,2.895323,2.2522523,0.174,0.15389606,0.27666664,0.32971367,-30.330841,s,Ses02F_script02_1,Ses02F_script02_1_M031
261,27.335686,0.14964704,23.793722,27.10485,30.35299,6.559267,95.43593,139.45033,28.966963,12.916814,0.48859018,0.6401848,0.2297488,0.40186125,0.7305267,0.5007779,6.4832225,4.814706,5.48629,2.6574936,0.16296443,0.7689855,26.047447,0.60445887,0.2228683,57.082417,19.645098,0.84314996,-8.936129,-1.4255214,0.021089569,1.1684827,1.1359091,0.72304225,5.058948,0.51831144,3.191085,1.7497176,23.257553,0.42234048,597.1788,0.40370774,1320.1298,0.16357353,-73.22176,-1.2136942,1603.2322,0.15930766,996.3165,0.35342956,-77.59541,-1.0799315,2678.4614,0.10703353,886.59973,0.33705744,-81.43134,-0.9950366,-11.628113,-0.59031713,21.848434,0.4076275,0.032033198,0.6845446,-0.0077014165,-1.463656,0.19360591,0.6580558,31.892998,0.3153052,-1.608113,-7.800534,19.593252,0.90068084,-8.813982,-1.4827516,-4.441475,11.4898405,0.003921327,0.0047555366,0.10565183,4.166667,2.621232,0.24299999,0.20661801,0.12315789,0.071159765,-28.274723,s,Ses02F_script02_1,Ses02F_script02_1_M032
262,36.82415,0.08957969,33.923454,36.37125,39.7635,5.840046,36.216835,23.195099,35.986572,32.427002,0.17966437,0.54498136,0.11456187,0.16169077,0.22403131,0.10946944,1.3816278,0.7311961,0.84629685,0.82609606,0.041605726,1.0129726,28.854847,0.25113788,-7.0517225,-1.5449679,12.304193,0.91053605,-15.95963,-0.5753939,0.01590129,0.7972151,1.1928875,0.44063684,6.6302247,0.393484,7.3497844,1.1509032,22.22647,0.39393038,711.70233,0.29187584,1384.2627,0.15056278,-113.491104,-0.8101253,1745.461,0.13247846,1110.7871,0.3243104,-111.68086,-0.7764851,2753.5361,0.09190485,978.92206,0.3216012,-114.13316,-0.7388529,-12.152491,-0.46489188,22.461834,0.26730937,0.028591026,0.6324222,-0.008072961,-1.1273787,0.043979082,0.46915185,31.842518,0.15572946,-8.808101,-1.2615019,12.014065,1.0739748,-19.405756,-0.46367672,-9.830394,18.841242,0.012993734,-0.001288942,0.039677598,1.8575852,3.0082989,0.15206896,0.094371945,0.15466666,0.1683,-41.043507,s,Ses02F_script02_1,Ses02F_script02_1_F018
263,30.11096,0.089803055,27.864689,30.785831,32.33358,4.468891,154.61752,88.70224,31.497356,0.0,0.30874386,0.82450414,0.10384523,0.20704946,0.54247534,0.4386301,5.5804596,3.5567405,6.937942,3.8781176,0.10827349,0.9544408,27.686226,0.45507708,-0.0047105276,-2072.5627,17.127066,0.781669,-10.935722,-1.2764475,0.013439156,0.6576104,1.0257576,0.81675744,7.422967,0.35934374,5.772322,0.7391312,28.952192,0.3763625,567.2352,0.36351985,1475.2328,0.19655444,-136.77617,-0.64859504,1578.2856,0.12561096,1164.7124,0.2664641,-139.96988,-0.58643335,2626.6917,0.10624821,947.39606,0.31141448,-140.90067,-0.57417446,-17.37066,-0.41252837,27.193909,0.38491744,0.04080674,0.5143495,-0.016642818,-1.0164899,0.18240415,0.5032768,38.976864,0.18962193,3.0002918,4.1648335,20.333529,0.83123994,-5.1388707,-2.5055704,-7.4546056,17.099384,0.0011873746,0.0014655064,0.07518719,4.268293,1.8987342,0.17,0.18402898,0.33666667,0.23328571,-29.996702,o,Ses02F_script02_1,Ses02F_script02_1_M033
264,34.346874,0.016553853,34.236153,34.32962,34.857826,0.6216736,0.8799491,8.549693,87.942505,0.0,0.109466024,0.36200863,0.08169386,0.10041022,0.13300826,0.0513144,1.2535899,1.1017725,1.049071,1.429431,0.024618,0.8258375,27.825418,0.2065623,-0.06883831,-82.41688,14.352122,0.44726625,-13.493323,-0.50674665,0.01905377,0.38186848,1.4106312,0.5161109,6.003287,0.27039424,4.8449745,0.5080344,26.800037,0.18793157,700.8129,0.24007796,1371.2585,0.11818912,-186.54475,-0.24775517,1712.1442,0.11694388,1216.1066,0.272359,-187.55536,-0.22986574,2696.5627,0.08177528,797.51184,0.19262192,-187.79584,-0.22548302,-14.899323,-0.16196756,22.890097,0.25749278,0.02972677,0.4280137,-0.008594786,-0.3642846,0.02520897,0.10513719,33.444515,0.05666651,-3.6802728,-0.65282047,18.275126,0.49518543,-22.728552,-0.24129792,-13.11812,21.917192,0.011978256,-0.00073139276,0.025029743,2.2624433,1.388889,0.043333333,0.01699673,0.48999998,0.47281075,-49.266727,s,Ses02F_script02_1,Ses02F_script02_1_F019
265,30.247858,0.16451949,26.238789,31.434069,34.310368,8.071579,70.18396,88.653336,60.929333,33.940517,0.29281962,0.82800895,0.09931431,0.2036312,0.4324205,0.3331062,6.9112587,4.7361474,4.6079454,3.4683986,0.103615776,1.0465482,23.788445,0.5138653,3.4944437,3.5349128,17.665934,0.7759447,-10.266413,-1.268696,0.029729169,1.5094087,1.3703072,0.8499795,6.223014,0.588805,6.118625,1.358706,26.013865,0.39274573,571.8118,0.39776394,1329.2158,0.17022976,-141.00095,-0.60631275,1615.3038,0.15767609,1041.8373,0.28918305,-139.80783,-0.58492845,2702.4958,0.0958925,873.6391,0.32831606,-141.59596,-0.5603101,-15.400301,-0.40961164,25.110394,0.33935317,0.035545617,0.7766135,-0.008573842,-1.7465701,0.1857726,0.70198166,30.460169,0.32953012,6.975022,2.016307,18.905203,0.8739421,-8.469095,-1.6848102,-8.510182,16.854767,0.004463844,0.0022438457,0.063338995,3.9568346,2.1778586,0.14583333,0.12599328,0.29166666,0.2468074,-31.705141,o,Ses02F_script02_1,Ses02F_script02_1_M034
266,22.35322,0.27499405,16.280918,20.62143,30.644636,14.363718,122.06369,58.786854,375.01797,543.0043,0.17768948,1.1468041,0.07403385,0.102312036,0.24006778,0.16603392,2.32703,1.9294653,1.8769513,2.3594398,0.056848373,1.7883247,23.378918,0.41595286,-0.8786856,-11.77156,17.205072,0.5830026,-8.142589,-0.8499379,0.024206381,0.58350146,1.9911848,0.63853663,2.7857168,0.82187104,1.8654552,1.81578,22.340994,0.37643492,535.6378,0.38737565,1376.3195,0.28437272,-175.51883,-0.34511268,1557.0028,0.1301192,901.92145,0.34063622,-177.17197,-0.319893,2590.035,0.10925009,905.2061,0.47044295,-177.59499,-0.31340167,-13.525496,-0.34212777,21.91059,0.25375745,0.016302623,1.4058428,-0.0027457145,-3.6014805,0.1517085,1.0947535,26.838472,0.28602096,5.996487,1.7363216,26.221457,0.6281087,-2.0567203,-3.516076,-8.966869,19.175627,-0.003010204,0.0055925935,0.043276154,1.3513514,2.050114,0.053333335,0.02108185,0.4122222,0.44869632,-35.75579,q,Ses02F_script02_1,Ses02F_script02_1_M035
267,25.767952,0.16898507,22.541561,25.392038,30.220703,7.679142,204.23315,145.88843,33.317738,31.46501,0.24734367,0.94904345,0.07992739,0.16419981,0.3221976,0.2422702,4.6120296,3.204875,4.389192,3.9906058,0.07497795,1.1907402,23.65968,0.45394006,-2.13125,-5.320358,20.549742,0.53721064,-6.645684,-1.3151307,0.03003377,1.0290194,1.0370525,0.58290374,4.2047668,0.5196794,5.184269,0.88166267,22.56451,0.37578413,481.59045,0.44936618,1281.8867,0.17098503,-162.04164,-0.4627063,1534.1696,0.14747289,902.335,0.27473876,-162.76993,-0.43479398,2581.2463,0.091876425,875.2445,0.3677097,-163.2214,-0.4283975,-13.085212,-0.47644055,19.925795,0.380562,0.027589483,0.8572425,-0.009196804,-1.0255591,0.17772628,0.6891985,30.142433,0.30874652,0.6832225,18.620718,28.276146,0.3977948,-6.276827,-1.9113058,-8.565001,17.12849,0.0014286388,0.005744008,0.048521955,2.9593096,1.7369728,0.11071428,0.1212709,0.41466665,0.41589847,-33.47483,c,Ses02F_script02_1,Ses02F_script02_1_M036
268,26.001389,0.15952083,22.617496,25.813757,30.357418,7.7399216,66.87453,66.79604,29.081373,16.276163,0.21318063,0.74079096,0.07399054,0.16996941,0.32039174,0.2464012,2.720428,1.473355,2.248464,1.4134655,0.05905156,0.99248636,21.96524,0.76092,1.438218,7.495149,19.297844,0.5820333,-7.271633,-1.3533647,0.016585113,1.0611013,0.9723396,0.73114073,5.882304,0.5343205,5.953464,1.0498117,29.647184,0.37038156,559.06665,0.44252202,1376.8528,0.18761492,-154.98006,-0.5185588,1582.1128,0.18168418,1058.7633,0.2663521,-158.1321,-0.47134212,2682.6238,0.11762019,960.64465,0.34917513,-160.1163,-0.4437422,-15.376391,-0.52567434,26.142855,0.4224582,0.022605931,0.8067031,-0.007291191,-1.8669201,0.115772985,0.5899557,35.754955,0.3096986,5.9420204,2.30757,18.596659,0.8664248,-0.81624615,-14.406588,-6.715864,14.896398,-0.0022510968,0.0065012802,0.041957647,3.1545744,1.2718601,0.17625,0.09551669,0.5233333,0.44163835,-36.049095,s,Ses02F_script02_1,Ses02F_script02_1_M037
269,23.933128,0.110688984,21.561016,23.620924,26.33693,4.7759132,78.02776,70.25997,8.528269,13.301741,0.26929998,0.6872752,0.084434316,0.23454961,0.4355376,0.3511033,5.3614273,3.0449216,3.756579,2.4372075,0.079468556,0.7470456,27.077122,0.50863296,0.6454074,18.034657,21.756765,0.75709194,-8.841325,-1.1764035,0.019744826,0.80847484,1.208953,0.72466844,4.785639,0.45015544,4.626547,0.7818351,26.74874,0.35478216,539.6018,0.3671462,1363.3794,0.18208182,-131.13718,-0.6900442,1590.4855,0.15372291,999.67865,0.36590394,-134.76866,-0.6228277,2687.0193,0.09319389,895.49335,0.36877874,-135.84406,-0.6071972,-14.964783,-0.4672818,23.72297,0.3958387,0.022345385,0.80970514,-0.0136719,-1.0265024,0.119568296,0.42244378,34.94137,0.29351842,5.0261455,2.011225,26.441454,0.7625253,-9.630439,-1.3321916,-8.311306,17.849844,-0.001357497,0.004575989,0.057423845,4.647887,1.8439717,0.18923075,0.15349576,0.30857143,0.34081534,-34.40038,s,Ses02F_script02_1,Ses02F_script02_1_M038
270,27.338673,0.13201368,23.702381,28.07092,30.558172,6.855791,88.53869,98.34052,42.096127,46.831528,0.32092997,0.8266334,0.08487445,0.23796098,0.5508101,0.46593565,5.23945,2.9856312,4.3113656,3.5707095,0.105097175,1.0160294,26.962206,0.4971929,1.8973109,6.705907,14.849627,0.71617115,-11.384861,-1.3620976,0.024821589,1.3380979,1.1978718,0.793941,5.3525453,0.5733073,2.8637655,1.5920866,27.117731,0.3492639,619.1786,0.33938336,1401.3672,0.16842608,-123.36968,-0.74892193,1636.7521,0.1673134,1105.3474,0.2777035,-127.09211,-0.67896163,2751.2444,0.08777603,877.4759,0.3915456,-129.29182,-0.6465716,-15.396725,-0.51441646,24.979322,0.33603945,0.03411386,0.551454,-0.018401045,-1.0779953,0.18004188,0.56362545,35.787117,0.24643281,4.7125306,3.1880758,14.571781,0.8872029,-16.052294,-1.2633331,-8.570368,17.828163,-0.00074460567,0.004839461,0.05410768,2.924791,1.8867925,0.20592591,0.18101074,0.31461537,0.31950963,-31.020523,s,Ses02F_script02_1,Ses02F_script02_1_M039
271,26.706684,0.15359955,23.094566,26.899345,30.639221,7.544655,129.98201,213.03687,51.279137,41.26524,0.28027707,0.7022672,0.08561751,0.23425417,0.4483113,0.3626938,4.7662554,2.831956,3.5752752,2.1477156,0.09182081,0.94370455,27.107567,0.482598,1.3234246,8.283963,16.735682,0.9290037,-5.401748,-1.9789426,0.021149218,1.0976868,1.1749284,0.7893182,5.4152713,0.52279615,5.0372853,0.9591614,29.214602,0.328543,651.34875,0.3577215,1318.9646,0.17070997,-135.00401,-0.6557081,1688.9413,0.15273689,1049.8704,0.37495252,-138.85393,-0.5946974,2787.9082,0.10741757,934.1341,0.32358122,-140.82608,-0.5673011,-14.879349,-0.52344924,25.88129,0.34933513,0.0247774,0.85151887,-0.012131198,-1.2167653,0.1466379,0.5665334,35.07314,0.28066435,6.4517217,1.6538084,15.87373,1.386836,-3.4358613,-3.6307364,-9.206432,18.176601,0.001683107,0.0022462432,0.06354676,3.919598,1.8181819,0.17999999,0.17371751,0.33105263,0.37570837,-32.804283,o,Ses02F_script02_1,Ses02F_script02_1_M040
272,24.053127,0.15550223,20.49236,23.525162,27.821167,7.328808,193.61702,226.40538,19.314938,16.200956,0.2829579,0.68532926,0.10375625,0.23772247,0.4126762,0.30891994,4.6785407,3.53529,3.173353,1.9516699,0.08125752,0.89894974,24.24902,0.6593922,0.26129293,48.21606,17.809265,0.70826054,-7.8117533,-1.4093231,0.016105538,0.8988533,1.1231195,0.72838205,4.3250403,0.57242525,4.2957997,0.86312103,27.94561,0.35048074,608.829,0.39332274,1372.0815,0.17261784,-132.86566,-0.6676089,1615.4506,0.17253487,1103.557,0.31046394,-136.22519,-0.6128282,2696.65,0.11389801,937.5908,0.33319217,-138.63983,-0.57880837,-13.344581,-0.53916806,24.040451,0.36784828,0.023304384,0.8506665,-0.009572493,-1.4590039,0.13001046,0.6421732,35.911034,0.3021447,1.1935257,11.9253,16.653463,0.9185126,-6.2303567,-2.2871985,-6.7349553,14.32967,0.0023314876,0.0027606208,0.05520407,3.782506,2.3781214,0.139,0.10596696,0.24857143,0.34829223,-34.149334,s,Ses02F_script02_1,Ses02F_script02_1_M041
273,24.692635,0.12203685,21.131176,25.120892,27.289774,6.158598,41.83637,14.648202,28.460428,25.791882,0.24619184,0.6758723,0.0928163,0.20882991,0.39238524,0.29956895,2.98076,1.2908807,2.5086005,1.29895,0.07099417,0.8039112,25.477667,0.44763243,-2.1816363,-5.1533384,17.069992,0.5541033,-11.049632,-1.0506573,0.028723652,0.94445837,1.2552363,0.8330997,4.169964,0.47618857,3.8918874,1.5109959,26.27722,0.34841365,552.3436,0.4179656,1339.2057,0.14778084,-154.4343,-0.5129764,1590.748,0.17393786,1046.5072,0.25462747,-157.79424,-0.4652107,2617.147,0.10041999,1005.7663,0.39339945,-159.09926,-0.4470607,-15.633274,-0.43318418,24.359322,0.26992077,0.021315798,0.8486123,-0.015416845,-1.0456854,0.12137659,0.37363473,34.074265,0.28432435,3.9295406,2.8305244,22.299377,0.5473922,-7.981233,-2.247602,-8.191326,18.064175,-0.0007997178,0.004346815,0.056521874,3.1674209,2.0594966,0.10555555,0.11757845,0.35777777,0.2907759,-36.31273,s,Ses02F_script02_1,Ses02F_script02_1_M042
274,34.772346,0.0076230764,34.575623,34.78316,35.015884,0.44026184,4.3197155,1.2877717,5.0164566,2.4591105,0.1027471,0.33518615,0.07799366,0.092968225,0.11844252,0.04044886,0.9113074,0.79331917,0.854085,0.8704181,0.025570896,1.1135237,29.68044,0.17339192,-0.8748234,-4.266008,13.507199,0.3946547,-12.916955,-0.37585104,0.01608382,0.60237986,0.98715556,0.40732193,6.573058,0.27390742,13.4554,0.374686,31.548315,0.15575929,468.85275,0.21707746,1487.9064,0.07863299,-146.38759,-0.6074537,1541.3799,0.0675329,1143.5022,0.09555937,-147.05675,-0.5526416,2553.1604,0.062711164,1199.5156,0.33503893,-148.48999,-0.53292733,-17.806667,-0.11770753,29.673664,0.13148169,0.026016591,0.47750816,-0.00086158497,-6.008253,0.01992956,0.24617478,34.843803,0.047715854,2.2505164,1.1352507,14.505408,0.44662264,-13.166408,-0.33417654,-12.268632,23.567959,0.0030708413,0.0022391325,0.028737318,3.2258065,0.6666667,0.44,0.0,0.515,0.13499999,-48.460552,s,Ses02F_script02_1,Ses02F_script02_1_F020
275,24.791481,0.035943005,24.15873,24.894073,25.521683,1.3629532,19.651234,4.177631,-5.04784,12.043276,0.1640909,0.8006398,0.075702935,0.08577862,0.26124772,0.18554479,2.5999093,2.0151477,2.2253678,1.157223,0.041800432,0.926683,27.701715,0.3456188,0.44866315,16.185808,17.697168,0.6419419,-13.263759,-0.8092915,0.015307033,0.78231835,1.1403096,0.7190662,4.958219,0.3359648,0.8022475,2.7135117,26.50924,0.16379805,531.0963,0.41748357,1370.5385,0.12952057,-151.34332,-0.5501425,1574.4177,0.18543392,1098.8639,0.30324236,-155.77193,-0.48705462,2635.5117,0.10513582,1026.076,0.4291234,-156.90413,-0.47185627,-16.632627,-0.2702858,25.603851,0.19049568,0.023987487,0.72691876,-0.017346013,-1.0414697,0.09097414,0.33529893,35.562717,0.23114668,6.5969386,1.2015144,25.768904,0.6645953,-18.180725,-1.0238303,-11.317334,21.10339,-0.0023752882,-0.00028344285,0.026282866,3.1413612,1.0752689,0.225,0.074999996,0.45333332,0.033993464,-38.00988,q,Ses02F_script02_1,Ses02F_script02_1_M043
276,34.36892,0.0022777934,34.288174,34.391647,34.432457,0.1442833,3.8619995,0.0,-0.46363842,2.3883843,0.08153409,0.1457407,0.07307142,0.07689155,0.08941661,0.016345188,0.20102021,0.07689241,0.1739022,0.15732925,0.0150124,0.26329744,28.340027,0.13510278,-2.6414065,-0.95837146,10.076146,0.4132316,-10.21102,-0.38578373,0.022215433,0.49425295,1.6705822,0.5341538,4.256555,0.1886929,5.569738,0.5684164,26.746117,0.083663896,637.5122,0.18156931,1710.7742,0.1467519,-187.3994,-0.23805869,1486.2192,0.06889403,1321.8921,0.11032923,-188.12271,-0.22435972,2636.2065,0.06860798,1011.45953,0.30786577,-189.03775,-0.20712663,-11.735161,-0.07921044,26.899994,0.020071857,0.012039819,0.7093975,-0.004248904,-0.7483913,0.019131413,0.10851749,36.068478,0.030129844,-2.0585618,-0.94097054,1.7640224,1.3640076,-17.665071,-0.15654507,-12.176614,23.992487,-0.0020268634,0.0033976939,0.014762891,5.4054055,1.3986014,0.04,0.01,0.4333333,0.20368822,-54.273884,q,Ses02F_script02_1,Ses02F_script02_1_F021
277,26.410831,0.080839984,25.038506,25.443047,29.25958,4.221075,29.822168,0.0,-25.979393,0.0,0.1922908,1.0210725,0.07304886,0.0784335,0.3392106,0.26616174,3.3411374,3.6838853,3.2902327,2.007375,0.04734422,1.0928527,28.011135,0.315156,-1.9240303,-4.3533726,14.542567,0.4461628,-10.870305,-0.44378906,0.011645945,0.92540514,1.3572555,1.0258995,5.421101,0.3994151,1.3370295,1.7182677,19.788641,0.3020771,622.2757,0.3405863,1323.561,0.17546165,-162.55544,-0.46086332,1623.2051,0.16722447,1167.7622,0.4310793,-164.58536,-0.43182987,2634.6729,0.079755165,1001.8567,0.42948276,-165.75699,-0.4142489,-11.041388,-0.34038028,20.744122,0.26191297,0.030532109,0.59571433,-0.0124088535,-0.87562925,0.12414032,0.38466215,36.805553,0.20994739,-7.4164686,-1.433682,16.928009,0.3290701,-14.712074,-0.30875954,-11.669476,21.49672,-0.0027164381,-0.0018939495,0.03075772,2.027027,1.3986014,0.13,0.06,0.3733333,0.2174601,-36.78782,ans,Ses02F_script02_1,Ses02F_script02_1_M044
278,40.73566,0.004440413,40.528233,40.818645,40.90065,0.37241745,8.889686,4.569796,8.471203,0.93717575,0.08822158,0.26560938,0.07364167,0.0780361,0.10136746,0.027725786,0.26228058,0.19266813,0.45684808,0.31889987,0.017871905,0.4880555,26.06907,0.1817841,-0.7545042,-4.623186,12.273828,0.34729618,-10.036936,-0.5812564,0.032315973,0.36146787,1.4007419,0.28347585,8.688894,0.22514543,13.160471,0.538578,20.943504,0.22011764,648.193,0.18569064,1327.2028,0.08404223,-191.24115,-0.21402004,1812.7048,0.06908065,725.8391,0.17426156,-187.16258,-0.23571944,2866.1475,0.053669035,826.2623,0.3014182,-186.9972,-0.23852086,-17.235126,-0.19597878,22.23765,0.20708305,0.025043711,0.22065985,-0.01840776,-0.36590582,0.03061446,0.15413167,28.392178,0.115782574,-0.18970288,-16.401756,19.560919,0.08450757,-18.98649,-0.15461779,-12.910377,23.338253,0.0015838639,0.00039469826,0.016915329,1.438849,0.7462687,0.099999994,0.0,0.60499996,0.065,-51.216835,o,Ses02F_script02_1,Ses02F_script02_1_F022
279,28.345911,0.14834446,24.158802,27.802732,31.563002,7.4041996,55.233173,38.00623,1.5747471,10.23461,0.08236181,0.42222896,0.04933722,0.075015485,0.11260235,0.06326513,0.52628803,0.28206533,0.3361763,0.15658781,0.013330294,0.6257018,22.576155,0.30470225,-0.9485506,-8.233024,14.3408985,0.47223008,-5.614809,-1.1175267,0.01540915,0.7903676,1.0251222,0.45985734,4.259611,0.43006387,7.591531,1.0952246,20.091738,0.35726747,576.4733,0.36002126,1315.958,0.13416891,-179.61931,-0.32071888,1580.0782,0.15151893,1117.7075,0.27137876,-178.45192,-0.32655331,2605.3215,0.078044474,1019.17004,0.283932,-179.493,-0.30904716,-10.287841,-0.36479962,21.2037,0.22085837,0.009605501,1.8081598,0.008067516,1.4700068,0.018058555,0.31881183,29.177671,0.23032717,-4.5193734,-1.8796359,17.254635,0.40069288,-3.579483,-1.8010757,-10.532198,19.036491,0.00060022617,0.008930296,0.012723551,2.400835,0.83945435,0.13625,0.15747519,0.9188888,0.9326479,-53.36425,q,Ses03M_script02_1,Ses03M_script02_1_M000
280,29.459831,0.11630402,26.831135,28.079025,34.20376,7.3726234,54.12347,29.243608,435.41232,560.76666,0.06963288,0.45739877,0.046628553,0.057551213,0.08548618,0.038857628,0.5517296,0.59273875,0.25708526,0.18794698,0.012935883,0.737471,25.805079,0.22441156,-0.8539657,-7.2949233,15.89131,0.49470207,-5.938187,-1.0072613,0.0240579,0.7793815,1.4260981,0.4214044,4.1883645,0.3273708,2.5042083,3.1333253,20.57994,0.32609066,497.21512,0.32203823,1301.1243,0.13257672,-181.72783,-0.29281166,1569.5435,0.10168106,967.6748,0.19932996,-182.61552,-0.27126524,2631.1565,0.08352892,1286.9797,0.46289235,-182.89952,-0.2671032,-15.918125,-0.16977127,24.793034,0.22567196,0.017732164,1.0702344,-0.004036886,-2.5534604,0.02077665,0.4719301,31.802832,0.10162996,1.7344844,2.8515797,22.090105,0.3755268,-6.3283625,-1.1203557,-12.432201,20.855213,-2.6387113e-05,0.007538913,0.012152791,1.5686275,1.5841585,0.05625,0.034618456,0.4922222,0.64957726,-53.166237,o,Ses03M_script02_1,Ses03M_script02_1_M001
281,34.625313,0.23287351,27.18881,33.568584,40.06278,12.873968,193.47186,118.53554,93.65512,64.74462,0.1204618,0.89989555,0.046709925,0.06500301,0.20081222,0.1541023,1.1518799,0.66177005,0.5458246,0.21355571,0.026480326,1.4026664,25.900219,0.20421062,-6.577755,-1.722079,8.878547,1.0493267,-14.912283,-1.0335956,0.032444183,1.6179941,1.2883549,0.47424605,4.904338,0.6247588,3.7990046,2.0601425,17.361383,0.817538,621.6818,0.428221,1295.5107,0.16117203,-164.80695,-0.45951352,1573.614,0.19127804,1082.4352,0.2569766,-160.57556,-0.4802071,2718.119,0.09338639,760.2387,0.50281084,-162.06635,-0.45645815,-7.967978,-0.74294126,19.783043,0.43786725,0.030943979,0.6506681,-0.011545943,-0.9032962,0.06561784,0.85130656,27.562908,0.26467112,-14.184743,-0.9961002,0.7198069,19.423355,-33.93602,-0.48294476,-11.066786,19.88197,0.002740501,0.0066609015,0.01636472,1.0335917,1.040312,0.19,0.16255768,0.74875,0.70380104,-44.844086,s,Ses03M_script02_1,Ses03M_script02_1_M003
282,26.92432,0.29237506,22.126032,23.606989,34.025795,11.899763,245.61444,81.42153,93.19263,66.11775,0.09891318,0.5553215,0.05845901,0.0815443,0.12922414,0.07076512,1.0874442,0.8369637,0.66546977,0.68570817,0.017984893,0.85463494,26.350435,0.25149396,-3.4521224,-2.4331381,15.834006,0.6530037,-11.154175,-0.8567697,0.04659217,1.2547008,1.3982637,0.5801142,3.2738938,0.7585985,4.242399,2.871113,20.1405,0.4874369,560.29895,0.42221868,1342.355,0.124999784,-176.7637,-0.3344468,1601.0759,0.19338992,1065.8588,0.16889258,-175.83766,-0.33496183,2636.0923,0.10095754,977.7833,0.45890227,-176.47792,-0.32492447,-12.995487,-0.35322657,22.54438,0.26851535,0.025797918,0.7230801,-0.003973988,-2.8162909,0.020958003,0.6228582,32.60571,0.13351801,-4.8396535,-1.8752623,14.641129,0.84463054,-12.7416,-1.0429202,-10.56191,19.077765,0.013252002,0.004758753,0.017655157,2.1594684,2.0100503,0.057499997,0.035852708,0.38692304,0.42126888,-49.851685,q,Ses03M_script02_1,Ses03M_script02_1_M004
283,34.674202,0.13320215,31.69072,35.333866,38.22852,6.5378,92.83058,66.26952,20.61922,9.649243,0.15286027,0.989327,0.055481784,0.10814758,0.19838223,0.14290044,1.5476022,1.6299847,1.5790604,1.3981811,0.04036707,1.940182,24.656925,0.30540958,-5.8330564,-1.9358627,7.805314,1.5088758,-14.425514,-1.2435958,0.028785644,1.354286,1.4469639,0.4746178,4.4881907,0.7191002,1.6646521,6.435884,18.859781,0.44829264,679.2184,0.38319463,1265.4152,0.16916658,-139.57913,-0.6294635,1729.6992,0.21552548,1024.969,0.288513,-136.74799,-0.62966806,2735.8787,0.101423815,989.30615,0.34262666,-138.99533,-0.5977542,-10.149467,-0.56214714,21.929266,0.30531052,0.03963095,0.7192089,-0.008819359,-2.3880382,0.08930274,1.3496457,26.921623,0.2327309,-9.737756,-1.3730859,0.45661288,31.965797,-25.95856,-0.9163338,-9.125013,18.17611,0.005039864,0.008597426,0.015694568,1.0989012,2.3545706,0.13176471,0.19554555,0.255,0.24122949,-36.448093,s,Ses03M_script02_1,Ses03M_script02_1_M005
284,36.243015,0.031800482,35.06793,36.45996,37.50706,2.4391327,0.0,0.0,-0.21227431,0.0,0.10027509,0.67426515,0.04735192,0.07471321,0.1576074,0.11025549,0.8002882,0.5333042,1.0911415,0.77500093,0.016231678,0.85120267,20.927109,0.47148567,-5.7086577,-1.9136885,10.812186,0.8179863,-15.46102,-0.7099886,0.022354309,0.56362134,2.090712,0.8675857,5.1176667,0.29737163,0.5789855,4.128295,21.511135,0.35399657,561.71204,0.15784703,1508.0115,0.074986264,-185.75491,-0.2748035,1510.5084,0.06234597,1345.843,0.119264126,-182.07652,-0.2948957,2550.37,0.07223533,1387.1456,0.23486789,-183.20403,-0.27558318,-10.811912,-0.5958757,24.905596,0.124289475,0.02902451,0.92056423,-0.0024714516,-5.1828246,0.03356011,0.3901776,32.023014,0.25594208,-7.3059144,-1.7376357,-1.17397,-5.7190366,-30.513882,-0.42812866,-6.976078,13.877138,0.00975187,0.007459433,0.01468927,2.994012,1.2345679,0.07,0.02,0.47666666,0.32967994,-51.42454,q,Ses03M_script02_1,Ses03M_script02_1_F001
285,29.837936,0.07988766,27.804642,30.989378,31.976303,4.1716614,43.44533,46.733593,46.83307,26.229906,0.08704019,0.52550596,0.049730204,0.07352755,0.113799825,0.06406962,0.5242065,0.27174097,0.21245828,0.32167584,0.015062986,0.6203003,28.266832,0.26997808,-1.3290389,-6.291695,14.16785,0.55067635,-9.896183,-0.8995673,0.014938723,1.1155753,1.1813192,0.39878973,5.606942,0.2993607,1.0368464,6.9082513,22.4726,0.26146132,467.81277,0.32891458,1314.8978,0.14843756,-168.40816,-0.40930334,1445.7344,0.16444102,1036.5681,0.19129844,-167.40326,-0.4055543,2572.8137,0.082720265,843.9147,0.56330097,-169.26591,-0.37833977,-14.257778,-0.27970165,24.662886,0.1379648,0.024696818,0.5678858,-0.0035166303,-3.672128,0.026155872,0.5083288,34.27578,0.1592504,0.6013011,15.85482,12.14517,0.99804956,-17.04685,-0.64426845,-11.7651615,20.369791,0.0042100367,0.00841302,0.012736354,1.9277108,1.7073171,0.09571428,0.056532454,0.41,0.21691011,-50.907433,ans,Ses03M_script02_1,Ses03M_script02_1_M006
286,35.15427,0.049202,34.148228,34.51776,35.350758,1.2025299,22.513512,5.390799,24.503845,20.31895,0.10369779,0.6225555,0.048123874,0.0833163,0.15680978,0.1086859,1.2347548,0.8546173,0.82078576,0.5390083,0.016272372,0.6940802,24.138994,0.47253272,-3.107912,-3.4809148,10.53899,0.92957586,-13.202138,-0.7672868,0.014139041,0.7558279,1.1198099,0.5525981,8.262505,0.3735576,5.1557646,1.6804444,24.840588,0.4505714,606.79156,0.35029018,1448.3418,0.12036392,-158.34244,-0.5001387,1660.0964,0.19153023,1210.173,0.16484746,-155.44849,-0.4975139,2666.1882,0.11828834,1130.9403,0.38037312,-157.07248,-0.474023,-13.7882395,-0.6223353,26.17332,0.29768148,0.034419272,0.7333021,-0.0062924596,-1.9079235,0.026534002,0.38908145,35.29361,0.23645087,-3.61316,-4.7302103,4.813641,3.2118654,-18.568592,-0.7626184,-8.61218,16.024279,0.0051276605,0.0058367862,0.013282179,2.3529413,1.2,0.19666666,0.12918548,0.45999998,0.38170668,-48.13738,s,Ses03M_script02_1,Ses03M_script02_1_F002
287,33.592052,0.12768948,28.733017,32.371937,39.04206,10.309044,35.294098,0.0,-3.507004,0.0,0.0851129,0.71231574,0.04753617,0.06041095,0.10956776,0.062031593,3.1041796,1.6709657,0.44886842,0.36956087,0.016713636,1.0261555,24.066124,0.26428044,1.989782,5.9938188,16.227491,0.40975615,-6.8537006,-1.3492248,0.024316948,0.6090787,1.3668702,0.40535268,7.3573937,0.24034381,14.771671,0.42574292,26.04272,0.13697916,548.25867,0.35642636,1250.5062,0.112138234,-171.34436,-0.38982075,1669.17,0.14028756,881.9281,0.28130946,-171.41765,-0.36173394,2675.602,0.07558956,791.8268,0.27729207,-171.23236,-0.36400774,-18.710222,-0.21381344,26.045864,0.22209425,0.02298703,0.82165515,-0.008454479,-1.8068272,0.034336302,0.45039198,28.409813,0.19954874,12.078582,0.8916167,25.466314,0.2354959,-7.305519,-2.2059858,-11.734061,19.608892,0.0040925154,0.00917089,0.011186225,0.7936508,1.2145749,0.13333333,0.01699673,0.5,0.5862167,-48.14618,q,Ses03M_script02_1,Ses03M_script02_1_M007
288,40.52911,0.07357079,38.465725,40.402103,43.73501,5.2692833,36.77238,12.25171,24.936882,36.43715,0.13903628,0.8319801,0.055739682,0.09026069,0.20536596,0.14962627,1.9492928,1.8524137,1.0406593,0.70917255,0.03551815,1.1983197,27.06615,0.357776,-4.7689586,-3.289941,9.045885,1.4031607,-13.615665,-0.8290572,0.0457089,0.77208585,1.8324962,0.75343764,6.957145,0.47344124,9.88888,0.97736245,23.3598,0.3426012,727.11487,0.25269172,1417.0393,0.15297115,-137.3935,-0.62474376,1756.8242,0.13959676,1123.9585,0.2579547,-134.62738,-0.6157239,2806.0725,0.0832959,1025.288,0.3664944,-136.49577,-0.58890164,-12.020481,-0.7943596,24.98231,0.35294524,0.036488563,0.5182764,-0.0020460673,-8.626098,0.063159235,0.85139865,32.757645,0.19403368,-10.9025345,-1.69156,7.645431,2.27008,-22.227488,-0.48733357,-10.844299,18.857922,0.017946322,0.0023915896,0.019976657,2.5974026,1.7699115,0.2025,0.062199276,0.272,0.13059862,-43.02347,ans,Ses03M_script02_1,Ses03M_script02_1_F003
289,27.84504,0.10966362,24.545782,27.588257,28.825687,4.2799053,33.139465,21.971502,67.21195,42.32538,0.09572616,0.6335054,0.049877547,0.069058046,0.13451344,0.08463589,0.81188256,0.56042784,0.4778639,0.35615534,0.016761996,0.8526173,25.122356,0.25348976,-4.085001,-2.175658,9.406626,0.9616974,-14.844893,-0.7227469,0.018357804,1.2452353,0.998392,0.6667984,4.1781063,0.41439205,-0.12308436,-72.705734,10.83604,0.9445438,506.65915,0.37541652,1338.227,0.24078768,-180.90225,-0.31483996,1473.6428,0.13772522,973.0764,0.20983763,-179.28308,-0.33027592,2554.6023,0.070613496,820.03796,0.26733002,-180.24155,-0.3136192,-9.419346,-0.4119913,20.368113,0.20719032,0.019468362,0.9789975,-7.083043e-05,-117.11597,0.025704958,0.4552251,27.224047,0.21037163,-8.348623,-1.6390733,10.772955,0.86995035,-14.612086,-0.8999172,-10.121674,19.773088,0.008146309,0.004352735,0.015732193,1.4869889,0.872818,0.117142856,0.050628696,0.88124996,0.8918861,-50.30703,ag,Ses03M_script02_1,Ses03M_script02_1_M009
290,23.811401,0.082300514,22.72149,24.188345,25.642946,2.9214554,13.467348,14.432366,17.691002,14.702657,0.06386738,0.3948178,0.04654913,0.055589765,0.07560461,0.02905548,0.55951494,0.5155868,0.46845517,0.535667,0.010027327,0.44987607,26.490047,0.20403147,-2.3181286,-2.6892314,12.054471,0.5172585,-8.738103,-0.75156415,0.011226511,0.7411861,1.3658748,0.39574027,3.2511556,0.40195537,5.3601894,1.7913717,20.71893,0.5520907,538.74133,0.3054248,1350.1735,0.1554249,-180.55348,-0.30983764,1517.8549,0.14080025,1098.2598,0.18542291,-181.25772,-0.29854453,2578.0156,0.09100912,949.85474,0.37991217,-182.02417,-0.2854806,-13.943212,-0.3359776,24.11869,0.22292988,0.0038219271,4.277435,-0.00017866604,-64.31507,0.016310122,0.36729017,32.60017,0.13922761,-1.4663483,-6.2632055,15.9672,0.7150634,-11.403517,-1.0229065,-11.364174,20.718983,-0.0017477907,0.011084273,0.009325217,2.3771791,1.1182109,0.08571428,0.043705877,0.68874997,0.8475323,-56.03081,o,Ses03M_script02_1,Ses03M_script02_1_M010
291,28.258684,0.06501444,26.53772,28.542854,29.890945,3.3532257,37.818077,31.813255,19.449305,17.9819,0.06445473,0.3460937,0.045617614,0.05772651,0.08232476,0.036707144,0.32583138,0.27356064,0.23831998,0.1408794,0.010272552,0.41246334,30.234312,0.17128904,0.65087223,9.551168,13.401835,0.4553727,-7.5455494,-0.7844456,0.01252418,0.7965905,1.0134804,0.4904525,5.690923,0.32306537,2.2257338,3.5685432,23.916098,0.29558358,557.6945,0.33787423,1373.1003,0.120192245,-149.75748,-0.5506438,1578.7081,0.14911543,1163.7717,0.2574822,-152.03926,-0.5053306,2641.7378,0.0974783,963.957,0.35007405,-153.65973,-0.4834189,-16.906746,-0.2401789,27.828106,0.16270894,0.017117497,1.1886312,-0.0021083688,-4.123591,0.013909117,0.33805218,34.398983,0.13674206,4.9335976,1.5135716,16.0345,0.49154228,-9.68026,-0.69864935,-13.2803,23.084127,-0.0018942009,0.008532389,0.008960232,2.21519,1.4354067,0.1822222,0.2015924,0.444,0.58452034,-54.304626,q,Ses03M_script02_1,Ses03M_script02_1_M011
292,37.537457,0.036200423,35.99536,38.100674,38.760666,2.7653046,23.893547,0.0,-0.8543968,18.473469,0.067374885,0.9251147,0.04378314,0.04553677,0.05479026,0.011007119,0.1886487,0.13286535,0.4483344,0.0,0.013170312,1.4774163,26.842,0.15395534,-2.4240203,-2.5560534,10.089207,0.5524355,-10.672352,-0.7070507,0.012788796,0.4276702,1.5269833,0.47652328,6.8055663,0.40661916,10.781438,1.181665,22.627394,0.30753356,668.78156,0.1638642,1529.7391,0.0802503,-183.79988,-0.28964305,1714.0116,0.09483975,1165.2966,0.24933876,-181.26955,-0.3028601,2746.2495,0.07839232,970.02875,0.19366844,-181.5421,-0.298032,-16.591831,-0.37022147,22.84658,0.4015648,0.05142002,0.30477762,-0.021133568,-0.61680484,0.06036913,0.503273,32.036594,0.14020582,-5.456207,-2.9271185,17.527508,0.64810795,-25.107382,-0.42270264,-11.857497,20.580961,0.0035045897,0.008424167,0.007610282,0.51282054,0.5263158,0.19999999,0.0,0.835,0.265,-49.26007,ans,Ses03M_script02_1,Ses03M_script02_1_F005
293,31.47343,0.016429745,31.086113,31.390436,32.191036,1.1049232,10.81593,7.103378,45.99291,78.54324,0.07154445,0.5872873,0.044109415,0.047172826,0.099657,0.055547584,0.5605647,0.3217293,0.48850775,0.3069865,0.01275833,0.8287917,28.554253,0.160668,-3.315081,-1.8268707,12.707236,0.77139235,-14.111599,-0.76149035,0.014731137,0.7475693,1.3183135,0.3428517,4.800817,0.4818188,-2.096439,-2.6131277,19.944387,0.36870304,692.30347,0.33196563,1291.9209,0.12791684,-173.40343,-0.3841512,1734.5492,0.17956412,1197.2335,0.27319637,-174.16887,-0.363149,2769.197,0.101526044,945.5445,0.32071397,-174.5175,-0.35668722,-12.233224,-0.62217253,22.864882,0.31774032,0.036992278,0.362524,-0.016277598,-1.216649,0.029452426,0.31405318,35.656822,0.16280642,-6.165056,-1.982084,9.964785,1.0633315,-24.25322,-0.5852871,-12.136531,20.913832,0.0053577716,0.00596883,0.009957902,1.312336,0.79787236,0.17333333,0.07586537,0.79249996,0.49635547,-51.88187,q,Ses03M_script02_1,Ses03M_script02_1_M012
294,25.250301,0.07144862,23.06663,24.560867,27.230087,4.163458,33.216213,0.0,9.841412,8.677283,0.070209935,0.6158474,0.04489093,0.049811274,0.08311559,0.038224664,0.75366557,0.49501523,0.35706478,0.34152237,0.011522091,0.94564295,25.53644,0.1979831,-5.156772,-1.1222175,12.692111,0.6319504,-10.161972,-0.75839,0.014586862,0.80713373,1.4944315,0.6634494,2.0154727,0.9194789,2.788953,2.8163655,10.63207,0.74609387,579.163,0.2961808,1237.7332,0.12813608,-190.21463,-0.2269141,1531.1597,0.15095043,1050.7737,0.1955764,-190.34665,-0.22403142,2570.6646,0.109785736,756.50183,0.29038838,-190.70232,-0.21593885,-9.177972,-0.21112676,20.289976,0.12856644,0.02537248,0.6413221,-0.012417002,-0.7163046,0.040485367,0.53325874,31.82164,0.11943709,-16.701086,-0.35710436,1.5752,8.776858,-28.475445,-0.29646385,-10.467462,19.505774,0.003863932,0.01039497,0.009926236,1.6750419,0.5067567,0.09666667,0.032998316,1.39,1.1847996,-53.393482,s,Ses03M_script02_1,Ses03M_script02_1_M013
295,25.6414,0.014054613,25.456062,25.659607,25.83915,0.38308716,13.227527,9.842392,-6.34207,12.013947,0.06172243,0.3424133,0.044832423,0.052460242,0.07707442,0.032242,0.3091861,0.24194978,0.17534463,0.09312024,0.009066134,0.3907916,25.412767,0.29282317,-0.98137474,-7.815553,10.167487,0.6578278,-7.0771437,-0.90260625,0.008661304,0.927871,1.0520322,0.4666074,3.969523,0.37802583,5.489881,1.3623482,22.73256,0.3207633,539.99304,0.32108325,1351.7615,0.13312079,-178.50252,-0.33760545,1502.7139,0.1266246,1082.5529,0.17963001,-178.56485,-0.33140013,2611.021,0.085683726,968.7382,0.20447458,-179.86736,-0.30966404,-12.811951,-0.3487985,24.699858,0.15838823,0.008194355,2.152351,0.006349967,0.9677811,0.013733758,0.20299579,36.36961,0.06530997,-4.026847,-1.8248746,13.10941,0.7695707,-6.7144914,-0.9528954,-11.140017,20.019444,0.0011790382,0.010228485,0.008474408,2.1601017,0.51150894,0.22749999,0.122754835,1.364,1.2906524,-57.425583,s,Ses03M_script02_1,Ses03M_script02_1_M014
296,31.217272,0.16596718,28.723305,29.890018,31.943087,3.2197819,89.41186,77.80417,78.75061,151.89073,0.11986046,0.6516029,0.05107802,0.0969497,0.18384261,0.1327646,1.225916,0.8774945,0.6019347,0.30116478,0.02344219,0.92905253,24.483562,0.25708446,-6.1824465,-1.8805844,13.697163,0.8811263,-13.5902815,-0.82947975,0.019748686,1.2170738,1.3313081,0.42237663,4.403364,0.48585868,0.34754884,23.454355,14.040734,0.6132059,483.8038,0.376276,1302.8907,0.16182049,-154.32608,-0.52522373,1515.4772,0.14891993,950.1737,0.18474779,-149.25311,-0.54706895,2611.2869,0.08258184,890.3932,0.35543478,-150.99033,-0.52146375,-10.656706,-0.4199645,19.902279,0.2510105,0.027129771,0.5929407,-0.0022139926,-4.768388,0.0363252,0.5659998,27.58897,0.20802592,-7.2974243,-2.0021262,14.324847,1.2069733,-20.076494,-0.70282966,-9.456791,18.54185,0.0092097055,0.00765859,0.01877068,2.0815988,1.5886288,0.16210525,0.16119877,0.4245,0.4103471,-46.91748,o,Ses03M_script02_1,Ses03M_script02_1_M015
297,25.435001,0.17293535,20.449842,24.135391,31.06407,10.614227,142.79704,150.8085,55.56221,15.665976,0.061111286,0.33067355,0.045865167,0.053973034,0.07443539,0.028570224,0.3303636,0.28395572,0.2579416,0.16305424,0.009832592,0.45742697,27.4489,0.2115433,-1.740361,-3.1917791,12.255866,0.5289609,-5.0732875,-1.2925004,0.017798517,0.73657537,1.8784616,0.49418715,3.1693995,0.5266235,4.0793715,1.880724,25.56541,0.14363477,537.736,0.4481509,1410.88,0.14663182,-189.00845,-0.231661,1473.8257,0.19624893,1087.207,0.25968313,-189.34886,-0.22425045,2653.7222,0.09632158,933.1876,0.37757602,-190.21881,-0.20622191,-12.980316,-0.22740893,26.286081,0.078205705,0.015424981,1.3918036,0.0058975825,1.6513082,0.014517999,0.21366395,35.91278,0.08247117,-1.2715124,-3.4169807,11.334297,0.80859506,-7.6762104,-1.6785021,-12.0174265,21.338661,-4.8663354e-05,0.010146528,0.009578769,1.5625001,0.8756567,0.06,0.03577709,0.8833333,0.48510024,-56.773308,q,Ses03M_script02_1,Ses03M_script02_1_M016
298,36.81538,0.0189386,36.406166,37.1776,37.333588,0.92742157,-24.628067,0.0,5.7488184,0.0,0.057523984,0.39462605,0.04529899,0.04726059,0.06798353,0.02268454,0.54612917,0.29360986,0.4330923,0.23195927,0.009496427,0.56349534,27.626524,0.15206674,-1.4215026,-3.3415685,11.165525,0.44818747,-11.057356,-0.64213574,0.027808301,0.57234323,1.4904908,0.49229148,8.715813,0.21406856,4.591752,1.1982164,26.344034,0.45517653,662.29144,0.23318934,1570.88,0.07951884,-190.88646,-0.21399657,1684.7551,0.096039124,1548.5377,0.3396738,-190.1126,-0.2066062,2665.5742,0.057956893,971.4166,0.21255845,-190.2781,-0.2040179,-17.779865,-0.35582685,26.46669,0.29507375,0.02464036,0.7071217,-0.0014417132,-5.6672397,0.016876321,0.26591924,33.201447,0.16552342,0.22886492,48.95927,17.92456,0.43621662,-16.053972,-0.46566537,-12.684815,21.153528,0.0040215896,0.0062110187,0.009066076,2.3333333,0.6779661,0.085,0.024999999,0.90999997,0.64565206,-56.92989,s,Ses03M_script02_1,Ses03M_script02_1_F006
299,30.18166,0.065447316,28.133476,29.991621,32.382156,4.24868,61.410538,58.003254,19.773687,0.0,0.07141042,0.63520485,0.044921696,0.047368664,0.1054952,0.060573503,0.54797566,0.43846828,0.767212,0.4148282,0.01149631,0.751348,27.696407,0.1425775,-5.0813785,-1.084982,15.025331,0.46730864,-9.095487,-0.6410329,0.009314274,0.5726801,1.3671353,0.46267423,4.218479,0.3623243,-4.841029,-1.4791715,9.551264,0.79289633,508.39996,0.26015568,1298.9242,0.21085338,-179.11285,-0.32512823,1529.1572,0.0799132,997.56555,0.32142213,-178.92369,-0.31652677,2554.4836,0.035571866,907.40076,0.1666234,-179.4703,-0.3080053,-10.01765,-0.2682708,18.183535,0.25036278,0.02123915,0.54478234,-0.0063184085,-2.4057937,0.027292633,0.30193603,32.021896,0.14797096,-10.89295,-0.7505084,23.371376,0.35793734,-11.987487,-0.43519565,-10.938978,18.8025,0.004533356,0.008239746,0.009619138,1.4035088,1.4285715,0.0725,0.047631398,0.484,0.44589683,-53.474052,q,Ses03M_script02_1,Ses03M_script02_1_M017
300,38.779125,0.048452906,37.296707,37.8614,41.35527,4.058563,12.420769,3.6791606,7.244385,7.4212766,0.084874235,0.6048361,0.048593726,0.06679266,0.1007688,0.05217507,1.0637386,0.84921443,0.885495,0.46859884,0.013118669,0.61692977,26.222351,0.3006147,-3.7249503,-2.177567,7.535055,1.1546708,-13.668594,-0.8881512,0.024536174,0.7256318,1.3083084,0.6205592,7.580713,0.3231412,-1.1527939,-7.5693007,19.841421,0.46402216,771.8397,0.22486924,1398.8751,0.117266625,-165.39604,-0.4347095,1759.3921,0.11739932,1278.8121,0.28454697,-162.77652,-0.43996197,2858.955,0.07860063,975.57184,0.43130386,-164.64001,-0.41279733,-9.685811,-0.60710484,22.749878,0.295291,0.022005366,0.56323516,0.0028221633,4.6443477,0.020833062,0.44622174,28.93663,0.21616505,-9.054099,-1.2924234,3.9490626,3.0588238,-23.502262,-0.46077335,-10.834377,20.435661,0.006372746,0.00585649,0.011284488,2.7607362,1.2461059,0.16,0.08774964,0.49599996,0.35892057,-52.384785,ans,Ses03M_script02_1,Ses03M_script02_1_F007
301,41.480583,0.15330598,35.90188,39.10441,49.422153,13.520275,77.46144,92.13245,109.85703,162.46373,0.09911433,0.47345954,0.050706528,0.09270924,0.13056873,0.0798622,0.65711635,0.45496303,0.44826823,0.20032181,0.020189498,0.6868225,27.142574,0.2809201,-1.7940019,-5.4826403,9.895604,1.276438,-13.098955,-0.7577213,0.022734657,0.7870462,1.2449259,0.4139465,8.5681095,0.3680572,5.670343,1.2072713,19.526644,0.5154264,677.4779,0.3600573,1423.8384,0.16961813,-153.0034,-0.51782143,1669.076,0.15121065,1105.2522,0.20738176,-139.94464,-0.5813873,2742.2327,0.09639012,1017.0222,0.3186551,-142.37602,-0.5472737,-13.384061,-0.49514452,24.701384,0.25722888,0.040198687,0.44850534,-0.0014771434,-7.7163463,0.02512203,0.43864793,30.362518,0.19631186,-6.0292153,-1.7609994,5.689447,2.5598423,-15.524941,-0.6708908,-12.635331,20.76487,0.02034106,0.00323244,0.017803153,2.3543992,2.4937658,0.126,0.14461674,0.25399998,0.33549067,-48.973705,q,Ses03M_script02_1,Ses03M_script02_1_M018
302,36.442635,0.08648503,33.117313,35.92426,39.13383,6.0165176,13.387465,6.8657217,16.977945,0.0,0.13092485,0.6633833,0.05494902,0.099934906,0.20156306,0.14661404,1.6849111,1.1740788,1.2117882,0.7062826,0.026251635,0.84129316,30.371538,0.25537074,-7.042778,-1.7265486,16.691145,0.6191949,-12.404673,-0.98729795,0.01836017,0.69337803,1.230835,0.6214289,7.971067,0.36233953,8.41644,0.8247045,20.674868,0.46521285,696.47546,0.2678946,1475.9598,0.2420918,-124.46805,-0.6921616,1752.2212,0.13232815,1186.693,0.3372425,-116.5947,-0.73383075,2737.4675,0.0924979,1184.1862,0.25857988,-119.06323,-0.69656885,-12.462431,-0.60749805,21.433151,0.43762037,0.034609027,0.80206233,-0.007613187,-1.9231881,0.039275013,0.66305333,32.595665,0.26728347,-9.914615,-1.5301853,18.168785,0.6484998,-17.13563,-0.8165298,-11.156499,18.414001,0.010331096,0.0026029604,0.01584716,3.478261,3.1111112,0.14,0.12626503,0.15857142,0.13442242,-44.298126,ans,Ses03M_script02_1,Ses03M_script02_1_F008
303,44.85284,0.0037424949,44.695774,44.840042,45.00479,0.30901718,0.0,0.0,-0.10127449,0.0,0.05875831,0.3932946,0.044667795,0.047649834,0.069382474,0.024714679,0.71483266,0.22192857,0.10153015,0.00939624,0.009183366,0.52687657,24.062326,0.23984128,-2.388291,-2.8425412,11.06254,0.5271786,-5.4253306,-0.88565946,0.05248354,0.24193855,1.5650764,0.08525749,5.8696094,0.05202654,8.84112,0.41909146,11.461851,0.14933746,1143.864,0.073394015,1269.6031,0.042079896,-195.96635,-0.13321926,2053.122,0.03216513,1294.6523,0.032390006,-195.85083,-0.13689043,2963.3237,0.03891339,1030.8804,0.11318639,-196.07318,-0.1306125,-6.212311,-0.08282424,13.777068,0.052943923,0.021734396,0.26703253,0.016762372,0.2028033,0.012018908,0.024066536,26.228209,0.09720482,-20.161413,-0.10490862,14.3875065,0.04555985,-6.153223,-0.09194384,-11.268906,20.20246,0.0002393196,0.01172703,0.008879606,0.6711409,0.6944445,0.03,0.0,0.69,0.35999998,-58.157745,b,Ses03M_script02_1,Ses03M_script02_1_M019
304,38.69709,0.07323065,36.17902,37.235737,42.542633,6.363613,178.41635,0.0,-8.950512,16.72192,0.07696436,0.8217652,0.04445591,0.046644375,0.08989735,0.04544144,1.2917416,0.94052494,1.5505023,0.9644559,0.016135618,1.07366,26.26747,0.18370527,-2.7079134,-2.25641,10.369793,0.5757968,-10.515781,-0.9773073,0.029103823,0.6371592,1.5113702,0.45112318,6.7758875,0.3690625,1.3754193,6.482055,19.110622,0.6643136,585.10406,0.24509513,1382.6605,0.13791133,-185.01248,-0.26716262,1600.4404,0.09444222,1200.46,0.21831234,-182.67578,-0.2775815,2576.703,0.07207034,1530.8013,0.40710947,-183.115,-0.2710039,-10.711681,-0.41603678,19.59458,0.37133524,0.022861715,0.87808365,-0.011566738,-0.64925414,0.051892474,0.3392154,30.519152,0.2548141,-9.563037,-1.1172991,7.772297,1.5896195,-26.304726,-0.44374967,-12.055401,21.496975,-0.003018749,0.0088745225,0.012420329,1.8779343,1.4423077,0.06,0.008164966,0.45749998,0.3693491,-50.32568,s,Ses03M_script02_1,Ses03M_script02_1_F009
305,33.632275,0.13072237,29.380314,32.46237,36.68762,7.3073044,62.839493,84.605774,35.986416,30.333488,0.124667,0.54672736,0.056668177,0.11149037,0.17658311,0.119914934,1.2518581,0.6909985,0.7880532,0.40582147,0.02739768,0.8618361,28.796532,0.2545948,-2.2824166,-4.440806,11.8756075,1.2107987,-14.58973,-0.9382918,0.016155308,0.798245,1.1988055,0.5287504,5.849805,0.44085625,2.3626995,3.9602904,20.722404,0.4274223,565.3899,0.35666353,1346.5476,0.1233046,-137.98181,-0.6295187,1554.795,0.16156264,1068.506,0.22529203,-134.61945,-0.6262368,2660.5637,0.101341605,878.7575,0.3551487,-137.22093,-0.58979565,-11.468188,-0.47200412,22.406431,0.297648,0.024558403,0.75101376,-0.0018775401,-6.0053563,0.035714045,0.6487588,31.67505,0.19262336,-5.7975717,-2.0017486,10.093553,1.5665761,-18.589258,-0.76770586,-12.117268,21.720877,0.00843171,0.0034830982,0.022924786,2.5672374,2.5830257,0.12904762,0.09792635,0.22681817,0.21951158,-45.486618,ag,Ses03M_script02_1,Ses03M_script02_1_M020
306,41.341167,0.071150705,39.090637,41.283176,44.367367,5.2767296,82.82114,34.79794,-6.0493298,20.7593,0.15927616,0.64470637,0.06047314,0.121592775,0.26959386,0.20912072,1.72109,1.1772528,1.1882308,0.55538917,0.047762625,0.90853995,27.089441,0.38042688,1.7357239,6.3509765,3.6731296,4.171384,-20.67339,-0.91749585,0.041467313,1.4570022,1.0078219,0.5233617,9.532746,0.27909777,11.500588,0.5301333,32.743862,0.19918695,675.3958,0.25967184,1389.0369,0.09749583,-163.51439,-0.45087817,1673.2843,0.107417144,1154.4913,0.22239113,-151.3946,-0.5088769,2904.8213,0.06213493,881.0772,0.44271487,-154.24257,-0.4688846,-11.895453,-0.6792594,24.346441,0.3591981,0.040955164,0.4356557,-0.0071525583,-1.8719443,0.08757323,0.41141173,27.28056,0.4050646,-3.0300765,-4.470055,-6.092069,-2.4311874,-34.74968,-0.51618385,-13.146622,23.306885,0.022769423,-0.0050223344,0.03523456,2.1126761,2.189781,0.11666667,0.06847546,0.32,0.15253414,-40.699055,c,Ses03M_script02_1,Ses03M_script02_1_F010
307,35.178116,0.010068669,34.85407,35.048264,35.525627,0.6715584,0.14196886,0.0,0.0,0.0,0.069480285,0.6688209,0.04378898,0.04634578,0.08031167,0.03652269,0.15908542,0.08822344,0.25524914,0.06308835,0.014701501,0.8731646,28.96563,0.16879223,-4.465127,-1.7234951,7.790787,0.6849299,-7.653286,-0.79147726,0.01715548,0.54382974,1.8729969,0.61225665,3.392139,0.31103274,-12.792979,-0.23536031,14.189412,0.5440739,472.137,0.2194205,1402.5907,0.1349458,-195.26573,-0.16872515,1369.475,0.12550141,1090.6951,0.116418146,-192.95662,-0.18853688,2539.1807,0.05489487,763.6994,0.13542286,-193.62335,-0.17237507,-11.678205,-0.4776511,28.15456,0.124389894,0.011044087,0.59768975,-0.0119563835,-0.5685418,0.02782518,0.28194353,38.341984,0.035869233,-5.81152,-1.9766667,-3.743896,-1.9134773,-27.195272,-0.24745569,-12.397637,24.015802,-0.003305095,0.0093349805,0.014203237,1.1299435,0.5813954,0.06,0.0,0.815,0.155,-53.158524,q,Ses03M_script02_1,Ses03M_script02_1_M022
308,41.653755,0.07990397,38.874275,40.799423,44.489883,5.615608,126.35708,127.899635,24.033564,14.917853,0.08920392,0.80677354,0.0459468,0.051635336,0.117027,0.0710802,1.0081697,1.0725518,1.0845671,0.8900671,0.018371008,0.93960553,27.439991,0.23130268,-3.9774508,-2.890556,9.270752,0.7634358,-13.401694,-0.7626329,0.03227875,0.9436108,1.2536505,0.47301888,7.5596514,0.31840044,4.2751975,1.5005798,20.696493,0.31789437,730.4076,0.23178487,1388.169,0.13964304,-156.33055,-0.5147961,1711.8049,0.10394059,1108.8419,0.1414789,-148.02995,-0.5429967,2777.5928,0.08421142,874.30426,0.4342403,-149.78012,-0.51838374,-10.734481,-0.6348625,22.960016,0.31534088,0.024534369,0.8507803,-0.003318989,-3.1087363,0.03366928,0.71638906,29.581007,0.30722532,-9.51991,-1.9202428,3.3151908,2.298482,-23.926632,-0.40465626,-13.129911,23.37315,-0.0053279614,0.008172175,0.012279314,1.6286645,0.9933775,0.28666666,0.22395435,0.5225,0.30053076,-49.482254,ans,Ses03M_script02_1,Ses03M_script02_1_F012
309,34.7548,0.09640637,32.091106,34.618435,37.74379,5.6526833,92.2627,83.06781,34.827682,28.778772,0.12328379,0.53494555,0.06529718,0.1116395,0.16482413,0.09952695,1.2715008,0.79083616,0.7069146,0.453813,0.025433283,0.75667804,25.852318,0.2913156,-1.2634431,-9.65467,13.538569,0.9883034,-12.034704,-0.9835882,0.023751501,1.1195554,1.2572337,0.43269375,6.2536488,0.40371588,4.3000846,2.3817737,20.333624,0.52946275,631.02563,0.35156846,1389.6748,0.19528586,-134.03496,-0.6542773,1679.6206,0.15184048,1093.9913,0.35514045,-129.44524,-0.6488298,2709.0503,0.09024098,915.2776,0.3007923,-130.76753,-0.63038,-13.038317,-0.4581715,23.050684,0.30187038,0.03262589,0.6899862,-0.00621244,-2.056629,0.035501875,0.610822,29.25899,0.21935393,-2.3131256,-6.0143137,13.303866,1.2280006,-16.789795,-0.8640861,-10.7450485,19.32963,0.012852692,0.00596917,0.01902365,2.3893185,2.8913965,0.12658536,0.123576954,0.19878048,0.30655596,-46.26592,s,Ses03M_script02_1,Ses03M_script02_1_M023
310,38.810825,0.10415063,35.123287,38.8359,42.542137,7.41885,44.876316,25.66354,57.388588,57.062164,0.2046084,0.71531487,0.07370372,0.17172645,0.30539298,0.23168926,3.68392,2.6710384,2.2617748,1.4225537,0.052532006,1.1002097,21.247625,0.6674984,-5.5555787,-2.8073816,11.075458,1.3903018,-22.668226,-0.7208012,0.02703438,1.0951606,1.1426425,0.59197384,6.96347,0.509736,8.001116,1.063634,21.541983,0.4575253,704.9543,0.32452816,1423.1898,0.14476046,-127.10144,-0.71226996,1733.0728,0.14055558,1142.8556,0.3060389,-118.48531,-0.7396212,2786.7634,0.0976414,956.69006,0.37252048,-120.31491,-0.7109563,-9.6959095,-0.7583883,20.643581,0.40364483,0.047745563,0.4607802,-0.007690097,-1.8652889,0.08178143,0.8252306,27.242458,0.37153518,-10.534912,-1.5744296,8.476822,2.18968,-29.690245,-0.61657363,-6.0872684,13.691146,0.016424933,0.0031602469,0.028874021,3.544304,2.4203823,0.17578946,0.16868892,0.21631578,0.22674379,-39.87324,s,Ses03M_script02_1,Ses03M_script02_1_F013
311,28.722502,0.15143353,25.443787,27.443232,32.44708,7.003292,137.04913,173.4406,45.664474,72.63192,0.11077163,0.6024035,0.049969703,0.092671946,0.16147292,0.11150321,1.0048784,0.67816865,0.5442744,0.33259198,0.01999905,0.7396771,27.159927,0.2870374,-4.009213,-2.8321674,13.853889,0.98594075,-11.031232,-0.9874141,0.014358065,0.83629906,1.324816,0.43567806,4.172013,0.50745887,1.2329537,4.993216,17.034748,0.50215596,548.16144,0.3486422,1358.4664,0.14642513,-138.78813,-0.6297851,1554.114,0.13783629,1031.0784,0.25637826,-139.25037,-0.60789436,2634.8137,0.08255393,900.3094,0.27750272,-141.08928,-0.5811182,-10.495627,-0.5521586,20.676626,0.32628277,0.027561802,0.62639767,-0.002314004,-5.404435,0.028079886,0.4828607,32.18484,0.15801337,-8.136628,-1.366283,15.742267,1.1305089,-16.472317,-0.75658447,-10.842134,20.042757,0.006800334,0.007738428,0.016133355,2.1416805,2.2332506,0.13592592,0.11716589,0.29037037,0.30338192,-48.506752,s,Ses03M_script02_1,Ses03M_script02_1_M024
312,28.771534,0.06508466,27.188969,28.457907,29.558535,2.369566,40.7678,46.271057,17.467934,13.5579195,0.113719404,0.7046658,0.048826195,0.08338815,0.16936022,0.120534025,0.8012507,0.52307457,0.62234384,0.34198135,0.021139786,0.8855124,24.131294,0.33953965,-2.4261022,-5.2028728,10.530561,1.0388258,-10.409034,-1.2115898,0.0138696525,1.2682989,1.4160992,0.48487258,3.8091984,0.43352914,0.66245306,11.829196,14.280331,0.8001489,519.2264,0.34105408,1243.9989,0.18206514,-156.42079,-0.5027963,1496.2537,0.14144552,1036.9226,0.26859203,-154.53775,-0.51159644,2597.7148,0.09306023,866.02496,0.22420716,-157.35257,-0.47142708,-9.589196,-0.59060633,21.279995,0.23423558,0.026181955,0.8656728,-0.0020578362,-5.5540276,0.037407357,0.47676894,28.022282,0.2768067,-8.430955,-1.883894,4.2395353,2.473957,-16.067791,-0.9137964,-10.543716,19.321901,0.006305965,0.007964995,0.016142271,1.9138756,1.7684888,0.12636364,0.10797918,0.38333333,0.2932102,-47.567223,o,Ses03M_script02_1,Ses03M_script02_1_M025
313,42.635418,0.12821046,36.385815,43.012447,48.10692,11.721104,46.386246,30.84774,35.69754,42.222824,0.1891855,0.7373439,0.05732729,0.15217406,0.31534174,0.25801444,3.799784,2.3612587,2.7731414,1.4787586,0.049658436,1.0347492,19.317533,0.6798555,-5.883548,-2.1913111,13.378884,1.0147855,-23.384201,-0.71023005,0.029894706,1.0452446,1.3535557,0.627274,7.751589,0.5176255,8.325803,1.065587,13.8733835,0.99655336,737.9684,0.35181716,1337.8955,0.19182977,-138.35039,-0.6125839,1756.0746,0.12537731,1015.25616,0.34607,-127.577896,-0.6562573,2753.9814,0.097936295,958.83936,0.34537715,-127.54495,-0.65519094,-9.681835,-0.65529233,18.020613,0.41809812,0.055206314,0.45031726,-0.007840192,-1.8915821,0.083250664,0.6584689,21.647415,0.52192575,-11.474999,-1.1663315,14.411391,1.2222972,-35.30506,-0.42929512,-7.600644,15.8088045,0.0145499,0.006506577,0.026901344,3.2104638,2.8708136,0.13291667,0.10513797,0.1872,0.25097442,-40.09583,o,Ses03M_script02_1,Ses03M_script02_1_F014
314,47.192654,0.034701265,45.05315,47.843864,48.754265,3.7011147,169.76976,149.74165,16.094416,13.810374,0.08959033,0.63476294,0.04905525,0.058813505,0.15405688,0.10500163,0.8429318,0.58294153,0.62153614,0.45815003,0.021515528,1.1484234,22.036509,0.24211234,-0.21850151,-20.136875,7.6836863,1.0597819,-11.544485,-0.7212694,0.028215406,0.44503734,1.3691797,0.48759544,11.149363,0.24130628,10.351572,0.6699488,16.790615,0.46307215,809.9319,0.30743155,1405.371,0.23997805,-180.36873,-0.2958946,1916.4073,0.14564969,1067.9113,0.24618915,-174.76067,-0.33322155,2986.2861,0.059456374,1044.758,0.2891627,-175.53682,-0.32238606,-19.194227,-0.23485841,32.45874,0.14487962,0.080478825,0.15127495,-0.0016518792,-5.4857407,0.062227137,0.24298479,26.057154,0.10012336,0.21665232,25.144436,-0.82690436,-14.009768,-20.012657,-0.45564407,-11.277379,20.377335,0.006434085,0.009987688,0.014603245,2.7027028,0.92165905,0.16499999,0.055,0.5966667,0.41667998,-45.29345,dag,Ses03M_script02_1,Ses03M_script02_1_M026
315,43.89872,0.020549402,43.243202,44.349422,44.752098,1.5088959,6.7942386,2.9594474,4.2593894,0.0,0.1557144,0.811029,0.048133533,0.104327485,0.25877628,0.21064274,1.1306286,0.81975996,1.6815572,1.6626632,0.025413653,0.8748247,20.393402,0.5616492,-9.284629,-1.1784651,12.058106,1.3328186,-19.830301,-0.62551814,0.00928425,1.2843053,0.8444283,0.72125775,10.745947,0.3553439,6.4621716,1.1856273,6.353377,2.9783096,838.6644,0.24953581,1234.313,0.19715574,-168.6966,-0.41721347,1796.8774,0.11643141,864.9264,0.39597595,-160.12622,-0.46737686,2880.688,0.059127085,766.6354,0.21527846,-160.35208,-0.46510077,-4.7806044,-0.7906082,16.117683,0.51625323,0.044235606,0.39716363,0.010156768,0.7048362,0.052889224,0.32954615,21.944096,0.6663884,-17.702412,-0.76163656,14.462087,1.9867828,-31.838148,-0.29652599,-7.0950737,15.260924,0.009313036,0.009020751,0.01827954,1.7699115,0.9049774,0.235,0.21499999,0.56333333,0.32252476,-42.116215,b,Ses03M_script02_1,Ses03M_script02_1_F015
316,32.207603,0.1567909,28.49883,30.545092,37.4187,8.91987,63.025826,46.560284,64.8043,119.196785,0.1036866,0.56070906,0.05274132,0.088999234,0.14317909,0.09043777,1.0158217,0.9738776,0.5442823,0.38625357,0.019170696,0.7796248,24.341156,0.3971216,1.5595516,6.214216,14.069191,0.7269799,-12.142461,-1.0462786,0.018683756,0.8349971,1.3135897,0.47882956,5.326234,0.5029739,3.9980803,2.4717922,20.579758,0.33457032,542.1526,0.36416358,1356.4746,0.12305226,-152.23923,-0.5308267,1551.7026,0.153691,1085.0668,0.24603072,-149.37653,-0.52687746,2642.8542,0.08730581,891.5193,0.3112478,-151.15529,-0.5023035,-12.928152,-0.3632509,22.807375,0.22356386,0.029478211,0.6491276,-0.0038847327,-3.4514062,0.02894313,0.602453,29.848974,0.24432585,-0.30891386,-26.610077,15.040903,0.8154107,-18.656912,-0.8313458,-10.935633,19.23025,0.0060900706,0.0066758567,0.015410077,1.9138756,1.9890261,0.1313793,0.07990183,0.32741934,0.55381936,-48.623707,s,Ses03M_script02_1,Ses03M_script02_1_M027
317,29.954872,0.07428565,27.850428,28.64703,32.777256,4.9268284,46.775845,31.16521,28.111404,23.714466,0.068950005,0.39299813,0.045100506,0.057801872,0.0930309,0.047930393,0.2878635,0.1530828,0.32715443,0.18119858,0.011593496,0.47538474,28.077679,0.17817529,-1.4763658,-4.574228,15.407608,0.57329124,-5.7698936,-0.82529753,0.024704065,0.74859166,1.4567003,0.34577268,4.4591937,0.5153629,4.6684947,1.4346883,18.282326,0.37952468,566.2686,0.332479,1447.222,0.09935055,-164.80804,-0.43321484,1628.0353,0.117043905,1163.3457,0.22078082,-166.69441,-0.40212148,2593.7595,0.08344667,1080.9484,0.23967743,-167.22705,-0.3946698,-14.567726,-0.2798784,21.839228,0.23653851,0.013491224,1.0968566,-0.008557131,-1.237976,0.01966549,0.26092282,31.385508,0.15136917,-0.9492772,-10.114837,20.648205,0.4449785,-5.1698337,-1.1870028,-12.470034,21.44176,0.0017898158,0.008819125,0.009832999,2.2082021,1.6025642,0.11,0.082945764,0.41,0.47528937,-54.67931,o,Ses03M_script02_1,Ses03M_script02_1_M028
318,38.886726,0.023474874,38.30027,38.505535,39.388668,1.088398,20.079891,7.433279,9.780083,12.321174,0.07422949,0.7348657,0.045138583,0.047850378,0.092941105,0.047802523,0.7982371,0.60000587,0.5337642,0.36360744,0.011390825,0.8515906,25.97186,0.31738615,-2.5780659,-4.01199,8.542396,0.7462471,-8.903173,-0.8360302,0.022582922,1.050422,0.9078607,0.5143772,10.469509,0.2277974,9.411485,1.2825986,25.34846,0.26319847,738.06116,0.1671729,1456.499,0.10048611,-177.9407,-0.32976496,1792.2329,0.07374272,1137.7648,0.1764575,-175.57265,-0.33522144,2849.1536,0.06552015,996.6542,0.37594274,-176.64578,-0.31856477,-15.196523,-0.5692867,26.79982,0.32156116,0.030420866,0.36340302,-0.0073382035,-1.054784,0.019774523,0.4321201,29.371155,0.39976457,2.9487436,5.448592,8.150506,1.4843702,-16.028482,-0.8194817,-10.530244,20.297878,0.00060166244,0.011749522,0.010126961,1.3274336,1.357466,0.09666667,0.07318166,0.46249998,0.42227805,-51.2159,s,Ses03M_script02_1,Ses03M_script02_1_F016
319,30.525576,0.038728066,29.458702,30.351616,31.807484,2.3487816,0.35086328,0.0,0.0,0.0,0.059045468,0.41779026,0.045118347,0.047428563,0.067381404,0.022263058,0.11591612,0.0068581193,0.29259855,0.0,0.011295172,0.6809837,30.765574,0.18084502,-3.1618671,-0.8890991,10.532967,0.29901332,-6.0032334,-0.77039,0.032422252,0.4567146,1.3164898,0.64390296,2.699218,0.40236658,-3.0443075,-0.8561339,22.219961,0.073513314,498.50882,0.3274399,1391.5222,0.16510901,-187.39273,-0.25105852,1375.82,0.04354141,1099.2048,0.1410608,-186.81314,-0.24982134,2419.531,0.06570839,997.798,0.16309388,-187.65141,-0.23456787,-12.2749815,-0.10961177,25.567719,0.08448617,0.034131862,0.8626215,0.0007666267,8.621823,0.021036956,0.28867814,41.80237,0.029004132,-8.208282,-0.199092,7.397352,0.15648915,-2.1253269,-3.0696228,-13.248295,23.420164,0.00053439947,0.009301003,0.010562874,0.7407407,0.7692308,0.089999996,0.0,0.59,0.19,-55.20636,q,Ses03M_script02_1,Ses03M_script02_1_M029
320,41.701763,0.023258058,40.893616,41.887814,42.605675,1.712059,34.90529,0.0,-23.867266,0.0,0.08593172,1.0588322,0.045046806,0.04747932,0.07551883,0.030472025,0.4685976,0.326281,0.51481533,0.0,0.014673614,1.2217159,23.811176,0.24556154,-4.126584,-2.6326568,8.559259,0.73796344,-7.915897,-1.1752536,0.025681917,0.9874779,0.83469015,0.7214401,8.535948,0.27264988,4.4498906,1.6819842,18.655245,0.23720872,731.2781,0.23385376,1292.7034,0.11175146,-184.9862,-0.28339824,1814.1028,0.07157737,901.3277,0.2889224,-182.63664,-0.29583386,2801.317,0.04440401,820.2709,0.1664925,-183.03575,-0.28786847,-10.8863,-0.58415246,17.966534,0.29650882,0.021666054,0.40494448,-0.014889975,-0.56793827,0.04818489,0.3149895,26.31044,0.16073728,-16.98437,-0.968353,10.288253,1.2541994,-26.878069,-0.2984208,-11.205515,19.751892,0.0015860928,0.009402326,0.011382846,0.63291144,0.6535948,0.14,0.0,0.68,0.44,-49.07046,ans,Ses03M_script02_1,Ses03M_script02_1_F017
321,31.11451,0.045753825,29.923872,31.114666,32.363403,2.4395313,71.85133,56.655106,133.4499,243.92526,0.07403187,0.34845862,0.047110807,0.07143917,0.09630179,0.04919098,0.41059756,0.26765352,0.2851802,0.12595168,0.013204418,0.4932502,27.168108,0.25238043,2.7123082,2.8906462,15.484136,0.6637342,-5.5622206,-1.232054,0.016138094,0.72116727,1.0776814,0.52452624,6.320626,0.29860574,4.5642514,1.6683629,25.658808,0.3102046,561.44653,0.40470222,1428.7065,0.1302047,-141.72548,-0.60157084,1585.0165,0.14280124,1117.5349,0.21185261,-143.00668,-0.5588919,2678.7554,0.091699585,1069.6733,0.37252077,-145.43182,-0.5255288,-16.795534,-0.2661454,27.582064,0.19346988,0.011681851,1.553327,0.0025339362,3.495701,0.017020924,0.26514196,32.05649,0.18562712,5.639891,1.5467765,17.199808,0.6571793,-3.8677087,-2.1877403,-12.940496,22.378569,0.00045104793,0.010066619,0.011446782,2.7826087,1.9298246,0.16,0.14984842,0.33636364,0.36404976,-52.0346,s,Ses03M_script02_1,Ses03M_script02_1_M030
322,31.110243,0.06713707,29.387285,31.508131,32.48442,3.0971355,47.789757,75.31848,21.75535,15.773912,0.10684928,0.5243887,0.051025137,0.093819864,0.15011805,0.099092916,0.9565285,0.5863538,0.58235794,0.33400577,0.019946745,0.657148,28.774117,0.23280987,-1.5677344,-6.5174947,14.829304,0.95017445,-9.959506,-0.9522283,0.017662754,0.65026253,1.212489,0.502304,5.46552,0.39910856,1.9124717,4.724584,20.74145,0.42922193,600.555,0.36600426,1385.8931,0.16098289,-118.331406,-0.7691117,1619.8124,0.16436164,1018.7183,0.2962137,-119.26564,-0.7308322,2697.0447,0.09277458,938.0331,0.2984242,-121.83049,-0.692625,-13.776156,-0.40807128,23.701433,0.24085177,0.022191232,0.93391377,-0.0041781124,-2.038819,0.027170843,0.4646253,32.069496,0.17553587,-1.7457364,-6.452821,17.554691,0.95011455,-12.701627,-0.83869886,-11.551132,20.68722,0.0036920053,0.00810981,0.014302895,2.7982328,2.2255194,0.19133332,0.12414327,0.23666665,0.31501675,-48.349262,s,Ses03M_script02_1,Ses03M_script02_1_M031
323,40.2381,0.13200623,36.032867,40.688595,44.88888,8.856014,39.694546,24.197062,47.91973,52.06714,0.21274346,0.85886765,0.059390664,0.1572885,0.3300985,0.27070785,4.324134,2.2433429,3.296133,2.0318367,0.05656525,1.2754793,23.327524,0.40588808,-11.31949,-1.3456511,12.538148,1.193794,-18.875093,-0.7913372,0.02118026,0.9318614,1.2128807,0.6998325,7.919893,0.46217546,6.142022,1.31283,15.920188,0.6587281,753.5702,0.27939665,1350.1859,0.17070577,-116.23096,-0.78290105,1755.0664,0.11549624,1097.3959,0.3354215,-108.66881,-0.81049687,2761.8245,0.082027964,930.7986,0.38215595,-110.690956,-0.7769601,-8.944462,-0.782644,18.33608,0.38607663,0.046315365,0.55642384,-0.000987033,-13.157339,0.08581389,0.9515775,26.060316,0.37118736,-16.176918,-1.0162506,10.516202,1.6117675,-25.56092,-0.5966621,-7.615906,15.625168,0.011006122,0.008493956,0.027985938,3.5196688,2.6014569,0.18280001,0.12953825,0.19565217,0.2507697,-38.020298,s,Ses03M_script02_1,Ses03M_script02_1_F018
324,33.413105,0.0370501,32.18704,33.153687,34.962444,2.775406,70.111664,0.0,0.3685193,8.625551,0.066195175,0.44429332,0.045482993,0.053200457,0.0827153,0.03723231,0.59121436,0.66467714,0.4590875,0.39140034,0.012593645,0.63912624,27.457804,0.2708592,-0.8724446,-7.695448,14.052384,0.5486754,-6.9468713,-1.0169612,0.01654437,0.7753553,1.2606053,0.50772476,6.691645,0.22028507,6.9372644,1.4025182,26.672659,0.36996028,582.45483,0.41531795,1485.3488,0.095506236,-185.76108,-0.26014012,1624.5969,0.19406205,1221.7098,0.13498126,-184.57271,-0.2628423,2648.231,0.14740703,1188.0631,0.2674001,-185.07416,-0.25456768,-17.132898,-0.37853894,28.389484,0.19624858,0.015956087,0.6983233,0.0027798642,2.9079065,0.022511093,0.33848688,38.39182,0.065165386,1.1736326,9.783163,16.231573,0.7232934,-8.775774,-0.9848479,-12.743836,21.241732,0.0025519843,0.008372526,0.011721302,2.6229508,1.0,0.08333333,0.03858612,0.66999996,0.3970516,-53.733257,o,Ses03M_script02_1,Ses03M_script02_1_M032
325,47.82237,0.096142106,46.989693,48.530357,50.860947,3.871254,36.14098,12.418675,45.496296,30.646023,0.20708516,0.77001244,0.04793191,0.17068088,0.29058686,0.24265495,2.683162,1.1894871,2.295694,1.001407,0.058627047,1.2816496,17.500763,0.6781428,-8.59339,-1.901871,8.097375,1.7919347,-18.78701,-0.87590235,0.022886977,1.0823829,1.2736953,0.8120294,10.268667,0.47557232,6.636722,1.2304492,9.529755,1.4949745,846.325,0.26791584,1293.9753,0.17283094,-138.25836,-0.609949,1845.464,0.11620235,952.9326,0.38801962,-121.842064,-0.70161265,2806.0654,0.08000285,1025.1729,0.3733797,-123.68825,-0.67404276,-7.6875205,-0.98691106,16.213892,0.49488258,0.059994485,0.4772596,-0.00260982,-6.042467,0.08411277,0.8452434,14.451269,0.76795465,-13.654945,-1.2500277,6.784663,2.3143585,-27.473999,-0.60878307,-7.754473,16.318928,0.013886283,0.008046522,0.037862528,3.9855072,3.3333333,0.12,0.092855915,0.16,0.19680786,-38.047127,s,Ses03M_script02_1,Ses03M_script02_1_F019
326,35.626957,0.14112836,33.592255,34.70469,38.050632,4.458378,125.89089,120.77889,70.99206,70.61887,0.16723707,0.80018294,0.0548921,0.12574704,0.2474021,0.19251001,1.5671066,0.86773354,0.91171855,0.5705611,0.04069316,1.3167886,23.398623,0.34703282,-5.561736,-2.6533484,9.316623,1.4795371,-13.864161,-0.94967544,0.025076808,1.1409969,1.2729579,0.5155077,5.555924,0.6496047,0.7509866,17.06903,17.603102,0.5117659,670.01697,0.3749029,1339.1582,0.16334979,-151.37552,-0.5452301,1689.7257,0.15976359,1038.0192,0.25372222,-145.01897,-0.57313555,2753.762,0.10350775,985.3454,0.31988186,-147.01665,-0.5442991,-9.012581,-0.5958953,20.841421,0.24011552,0.03661475,0.624111,-0.008488816,-1.5643599,0.07420112,0.9795829,27.012913,0.24290943,-11.828531,-1.3251731,2.7366767,6.1575785,-20.6904,-0.74829453,-9.134016,17.896212,0.011005881,0.006648849,0.027261235,1.7326733,2.241594,0.12055555,0.080517225,0.32294115,0.28550813,-40.76029,o,Ses03M_script02_1,Ses03M_script02_1_M033
327,30.855385,0.04762292,30.062223,31.331219,31.744696,1.6824722,26.472975,9.577997,60.315174,57.174606,0.08050783,0.6420353,0.04481992,0.06529993,0.09923476,0.05441484,0.46134326,0.5135056,0.40061665,0.3376285,0.013199078,1.0394967,23.296532,0.37370652,0.27258655,30.80099,15.01997,0.6282722,-9.05809,-0.8607425,0.017917365,0.8302508,1.267482,0.44539452,5.8994546,0.423054,6.090854,1.6847683,22.273813,0.3078365,598.9463,0.40682042,1375.5685,0.12961517,-162.60968,-0.44351053,1647.5283,0.17416708,925.7822,0.18232788,-162.61722,-0.4291854,2731.1548,0.104535766,918.88617,0.42667013,-163.56465,-0.41560033,-13.791966,-0.3729038,22.248327,0.24318123,0.018149637,0.986469,-0.00096308615,-11.012676,0.02411206,0.4803867,29.873005,0.21149161,1.6810461,6.173746,22.722507,0.6183316,-13.061359,-0.6638627,-10.03536,18.447144,0.0025607115,0.012229685,0.010414745,0.95541406,1.9417477,0.099999994,0.0783156,0.33714285,0.3233624,-50.82182,q,Ses03M_script02_1,Ses03M_script02_1_M034
328,36.380966,0.09278453,34.47775,36.121967,38.532917,4.055168,31.111061,16.826448,48.560287,24.842506,0.13834506,0.7650173,0.048381448,0.118342996,0.20676765,0.1583862,1.3509133,0.9821206,0.7623295,0.43264544,0.029909562,1.0969834,25.06485,0.28173319,-6.7864366,-2.050561,13.890527,1.0200211,-8.928298,-0.8775997,0.023683405,0.79997057,1.2868665,0.39763987,4.469736,0.5237083,6.800928,1.5894327,19.971903,0.40834102,631.3312,0.48543295,1306.347,0.15807585,-163.27188,-0.4568007,1612.1061,0.17022495,1098.1906,0.30158922,-152.02686,-0.52645844,2679.8904,0.10388942,969.7334,0.30409792,-154.07422,-0.4975892,-8.063733,-0.54868007,19.002525,0.3110306,0.039647974,0.39847896,0.00095677096,9.593229,0.052473053,0.68260235,27.137028,0.26038215,-13.412694,-1.1954964,7.333196,2.1305885,-11.646181,-0.84344435,-10.396286,18.52263,0.015444092,0.0058451234,0.022565378,1.610018,1.9855596,0.11818182,0.07802309,0.33416668,0.3753322,-44.889862,o,Ses03M_script02_1,Ses03M_script02_1_M035
329,33.26533,0.069762096,31.883482,33.546127,34.551277,2.6677952,72.06292,56.693314,7.342161,9.493963,0.08133264,0.5184268,0.047830712,0.06791937,0.105390966,0.057560254,0.5406626,0.48225987,0.27094832,0.22540516,0.0139353825,0.75720036,23.522078,0.37029237,-0.38957384,-21.27703,15.563212,0.59406114,-8.951655,-0.7110145,0.016958244,0.84180737,1.1139655,0.40301433,7.0252194,0.37597606,8.640665,0.73133653,22.547,0.31824988,696.2086,0.33565012,1358.5581,0.16155402,-174.08734,-0.36709934,1771.4646,0.13869107,1042.5436,0.242373,-173.47182,-0.36248448,2762.325,0.093650825,993.424,0.26874197,-173.9559,-0.35477263,-14.622305,-0.3593291,22.974043,0.25841954,0.029022051,0.7065587,-0.0004270762,-19.256845,0.028191509,0.46124792,30.351162,0.18671235,-0.7920745,-10.665528,23.513037,0.49009535,-10.211247,-0.907156,-10.585196,19.225962,0.0023954362,0.009691009,0.011464347,1.5228426,0.8532424,0.17,0.11331372,0.8166666,0.4748567,-51.482784,c,Ses03M_script02_1,Ses03M_script02_1_M036
330,30.025156,0.10674701,26.310692,30.78382,33.152584,6.8418922,190.98802,199.16864,10.381943,6.203405,0.11840252,0.5252994,0.06223557,0.103892714,0.16556194,0.10332637,1.0980101,0.83711636,0.50800437,0.28583258,0.022042189,0.79505193,23.722536,0.5204875,-1.3077341,-9.631407,17.612915,0.7619656,-12.488243,-0.9970912,0.017427446,0.9501843,1.246851,0.5279169,5.029102,0.5159726,1.5290287,5.522083,19.775667,0.42946246,592.40594,0.39926937,1359.1317,0.18133584,-139.16974,-0.6258764,1610.639,0.17692028,1043.557,0.28405908,-139.72803,-0.59695846,2659.5837,0.09710847,910.386,0.38527763,-140.9056,-0.5795208,-13.163039,-0.44975773,21.973236,0.30152026,0.026007565,0.71770334,-0.003778168,-3.687913,0.0341372,0.6141481,30.139252,0.26744998,-0.15278408,-96.2354,18.85513,0.87949526,-17.40519,-0.98248863,-8.176541,15.794084,0.0074850027,0.0065065525,0.016077463,2.323718,1.7699116,0.17954546,0.12618446,0.34913042,0.3114191,-47.312325,s,Ses03M_script02_1,Ses03M_script02_1_M037
331,29.789642,0.10358823,27.566319,29.798676,31.740765,4.174446,22.706842,16.114767,45.13809,56.95585,0.11565745,0.448648,0.07276233,0.10254559,0.15651669,0.08375435,0.9348479,0.4908409,0.4899034,0.25683308,0.020791836,0.6955422,23.31777,0.4234001,1.266522,8.609374,18.5726,0.6656009,-13.4522705,-1.0045577,0.017559126,1.1564151,1.3057668,0.49619812,5.047059,0.45500723,3.9940026,1.8170155,20.285294,0.39155334,565.9469,0.35448083,1343.6663,0.15797779,-129.42722,-0.695078,1610.6919,0.15625867,1051.691,0.2707062,-131.04323,-0.64650536,2649.049,0.093775846,947.732,0.37655535,-132.19072,-0.6290991,-14.026604,-0.36534002,22.493357,0.26354793,0.024381544,0.7693097,-0.009476532,-1.7511694,0.030357106,0.50729585,30.353985,0.20572992,-0.051456098,-216.74457,20.298069,0.7576642,-19.424679,-0.87022287,-9.31272,16.750227,0.0062560495,0.0059677977,0.014861533,2.5529604,2.287582,0.15857142,0.08892403,0.26414633,0.28572524,-47.526623,s,Ses03M_script02_1,Ses03M_script02_1_M038
332,23.957556,0.11822494,20.447279,23.841177,26.696444,6.2491646,94.3486,75.88299,30.28006,28.50449,0.07061034,0.34923673,0.04983618,0.06438363,0.084652096,0.034815915,0.3973198,0.24190803,0.20760971,0.11846341,0.010917562,0.440245,24.076252,0.40345374,0.62204117,15.055558,13.929972,0.65430623,-6.648651,-1.0500946,0.024273692,1.3277367,1.1123843,0.41930127,3.3650272,0.40463868,8.593845,0.9753075,26.978193,0.31036046,659.7726,0.3460821,1443.2816,0.1897881,-180.86421,-0.30745697,1646.1382,0.17214039,1156.1545,0.20333186,-181.15805,-0.29876396,2715.9397,0.10745692,1035.1029,0.24868117,-181.89157,-0.2861401,-15.04359,-0.3815068,26.598127,0.23713522,0.004348673,3.7940044,0.0031437506,2.5248172,0.015082624,0.30852148,34.547478,0.16897126,-0.024249475,-480.0607,17.260925,0.694096,-4.050001,-1.9163684,-10.85751,19.037495,0.00043860497,0.008788957,0.010442329,2.4128687,0.9874327,0.09909091,0.078445636,0.8183333,0.5884702,-55.43914,o,Ses03M_script02_1,Ses03M_script02_1_M039
333,25.130398,0.2375402,23.223091,25.073725,25.610954,2.3878632,477.12613,0.0,2.2449691,1.5036787,0.0803909,0.30445656,0.059853595,0.076300375,0.098504186,0.03865059,0.35667288,0.24973093,0.2817682,0.10184449,0.011435637,0.42879868,20.439226,0.48951593,2.7202039,3.8906608,14.043047,0.68968695,-8.224393,-0.72322935,0.01219044,0.8854538,1.3024105,0.46853432,3.357579,0.47997573,5.027041,1.7622185,19.979525,0.45897987,556.18494,0.37114066,1383.6388,0.13903435,-173.36844,-0.36831868,1625.44,0.1378477,1143.5004,0.25335878,-173.03915,-0.3560035,2575.7334,0.09114502,1004.21576,0.23491886,-173.2641,-0.35313147,-13.283623,-0.27553204,20.956339,0.28721523,0.011292215,1.2975261,-0.0011962386,-9.343386,0.014159317,0.26416454,29.112082,0.17019452,0.8642989,12.241242,22.543379,0.49528822,-8.447981,-0.87675714,-9.823885,17.297094,0.0046966732,0.0069026286,0.011017746,2.5185184,1.3432837,0.10111111,0.089373685,0.50454545,0.5321716,-54.94031,s,Ses03M_script02_1,Ses03M_script02_1_M040
334,33.39854,0.06074767,31.97145,32.715935,35.81434,3.8428879,35.695442,25.07666,35.143993,36.53587,0.14085498,0.74589473,0.0558784,0.11652912,0.19673137,0.14085297,1.4228026,0.55125844,0.75827545,0.22478521,0.034676213,1.3219213,26.405891,0.29573923,-1.8147932,-5.9406137,7.079648,1.7205616,-12.638876,-0.9556444,0.022216115,1.2427564,1.4121475,0.37607694,5.052551,0.5379012,4.2898555,2.1802225,23.633806,0.35156283,606.03296,0.32515353,1417.949,0.13418198,-141.77298,-0.6118999,1637.493,0.1561598,1130.6979,0.22461769,-139.99725,-0.5931159,2677.3596,0.10155948,1025.7269,0.26768222,-141.95747,-0.5661081,-12.610708,-0.46448916,23.30372,0.32385048,0.03495425,0.61254746,-0.009044295,-1.3741454,0.05262489,1.1231805,31.069946,0.22568208,-2.1711588,-6.158525,5.7763567,2.6615274,-14.954806,-0.99171865,-9.66075,19.41302,0.01116667,0.0039721974,0.026183672,2.4253733,1.8832392,0.16700001,0.10705606,0.31181818,0.21949604,-41.94035,s,Ses03M_script02_1,Ses03M_script02_1_M041
335,36.03182,0.07581669,32.92826,36.564064,37.994724,5.0664635,28.87327,20.206663,47.305187,24.87111,0.08402847,0.72854954,0.04696138,0.052511424,0.11025341,0.06329203,1.2841866,0.9363207,0.8750495,0.4172243,0.01574368,0.97859544,25.694042,0.23473674,-2.260991,-2.81618,12.135574,0.9256759,-9.832931,-1.2812123,0.017336713,0.70556575,1.0765055,0.6468099,6.991084,0.35080743,6.4793515,1.0319031,22.613256,0.4808662,594.464,0.22266401,1416.7544,0.103001356,-161.0271,-0.47418407,1701.9491,0.08894575,1054.1511,0.27601087,-160.74336,-0.4492024,2654.1404,0.07399052,1222.1117,0.47688693,-161.32939,-0.4424819,-14.138057,-0.3679148,21.151077,0.4519302,0.039578713,0.5654287,-0.015988525,-0.5951006,0.036613476,0.41676015,31.457024,0.16314356,-3.6494145,-2.8394444,20.171001,0.8854105,-25.663996,-0.620694,-11.051938,19.881924,0.0009249049,0.009311855,0.010151341,1.826484,1.4018693,0.14999999,0.12754084,0.5366667,0.3002591,-49.643238,s,Ses03M_script02_1,Ses03M_script02_1_F020
336,24.636314,0.010401571,24.445663,24.560947,24.757744,0.31208038,7.918867,1.4133018,13.660336,7.783222,0.06071736,0.3560285,0.045915548,0.048569042,0.082087874,0.036172327,0.20556061,0.13884751,0.13036937,0.05359736,0.008920188,0.39169967,23.59945,0.21440695,-2.8084524,-2.0386302,12.981757,0.4359192,-7.8985167,-0.68573385,0.026538711,0.61100304,1.3580105,0.40906605,3.519153,0.22292775,-3.99524,-1.1351007,14.817614,0.35976,567.10284,0.2071883,1431.6438,0.07657284,-190.62933,-0.2130237,1623.8494,0.08875456,1130.1118,0.14388067,-191.31087,-0.19688162,2637.3286,0.06839661,939.92065,0.2654278,-191.44911,-0.19461271,-14.920694,-0.28892857,24.874533,0.16093035,0.0033184907,5.072562,0.00027252294,36.84231,0.015123561,0.12757707,28.269695,0.13693301,3.210558,2.3290093,21.33395,0.5782871,-8.711817,-0.73095036,-10.323518,19.397272,-0.0015820527,0.012945903,0.008597931,1.5197569,0.61728394,0.08,0.06,1.01,0.15937376,-58.136566,q,Ses03M_script02_1,Ses03M_script02_1_M042
337,34.429813,0.020086896,33.63723,34.71981,35.018017,1.3807869,23.412027,0.0,10.387421,0.0,0.07224143,0.6994317,0.045198202,0.047726378,0.08816562,0.042967416,0.45620745,0.3706523,0.53836113,0.5404026,0.011738213,0.7056511,28.93584,0.17834482,-6.437001,-1.0603466,10.176954,0.5727973,-9.230395,-1.0206041,0.029546546,0.7861436,1.821988,0.7042709,5.732873,0.30784145,0.7646128,2.6685221,17.229221,0.45635232,699.4155,0.2093448,1440.7957,0.086788274,-171.91605,-0.3973198,1751.3411,0.13307323,1163.255,0.25980875,-173.5729,-0.37155506,2788.4211,0.07265463,1202.2368,0.5420079,-174.48819,-0.35738656,-9.078127,-0.5474362,17.48747,0.4615886,0.02881922,0.49932948,-0.012702508,-0.9378711,0.024062986,0.24264337,35.375393,0.14743891,-15.064154,-0.78515065,7.9872003,1.2378318,-24.546227,-0.38257363,-11.8153925,21.013931,0.0016670286,0.008512625,0.009939911,1.5,1.0256411,0.13,0.049999997,0.5466667,0.30868897,-53.151085,q,Ses03M_script02_1,Ses03M_script02_1_F021
338,23.472904,0.0034804172,23.40284,23.505165,23.532444,0.12960434,9.863218,0.0,-0.3196398,2.9027603,0.06365738,0.45940042,0.045709986,0.048181012,0.0787348,0.033024814,0.5370393,0.48830217,0.29751852,0.11341869,0.01028275,0.61823326,25.997286,0.24972309,-4.308774,-1.3401325,11.4848,0.35523772,-7.781792,-1.071228,0.012047664,0.7623971,1.8396958,0.1936651,1.5323892,1.2057855,1.1991476,1.2382433,15.604433,0.17889322,487.3498,0.24438083,1311.7112,0.08056921,-192.36345,-0.19287391,1406.0951,0.13439037,1026.4333,0.084624626,-192.57715,-0.187938,2566.292,0.07919639,659.2247,0.12683256,-192.94089,-0.17963997,-12.911369,-0.091074094,22.840559,0.090381406,0.025301024,0.46480137,-0.020059178,-0.36966744,0.023359833,0.21310616,38.491615,0.04606554,-8.730223,-0.39399472,6.7474675,0.48793977,-33.329773,-0.1575582,-11.041898,20.059324,0.0013503876,0.009574724,0.009736962,1.7921147,0.729927,0.049999997,0.0,0.86333334,0.68197423,-56.289616,ans,Ses03M_script02_1,Ses03M_script02_1_M043
339,30.812809,0.14034417,27.026758,30.81004,35.488983,8.462225,60.81907,23.141075,55.73749,57.635567,0.2313976,0.87958956,0.06305053,0.15420756,0.39111865,0.3280681,3.257884,2.7468987,1.9097781,0.95467657,0.059709154,1.1994873,20.149042,0.5399693,-2.156009,-6.6404433,18.07256,0.5456231,-4.982921,-1.9445086,0.040402304,1.996431,1.0681714,0.65521497,6.248658,0.46913135,8.64906,0.8324772,23.545492,0.3354312,593.0586,0.4139987,1300.1322,0.14993873,-142.7341,-0.6007283,1626.7098,0.13667455,961.8233,0.25622258,-140.61934,-0.589946,2691.5408,0.09078353,849.24915,0.28769568,-142.17326,-0.56780237,-12.304789,-0.6038258,21.812162,0.36219212,0.042273466,0.69142866,-0.0031638874,-4.2185893,0.11055349,0.66528153,27.424974,0.3963287,2.2071943,8.236911,18.76437,0.6724648,-4.6564198,-2.6551006,-5.6888614,13.380816,0.0069568306,0.010011961,0.034912277,2.0094562,1.6646849,0.19,0.13648653,0.364,0.6010524,-35.38582,q,Ses03F_script02_1,Ses03F_script02_1_M000
340,27.819956,0.11408731,25.000196,27.241116,30.357422,5.3572254,94.78357,55.616234,37.433548,27.513151,0.11523453,0.6491684,0.049428463,0.09147888,0.17776856,0.1283401,1.5709763,0.9012928,1.4160049,0.80412716,0.02666033,0.82784563,29.014473,0.19630718,-0.8914158,-11.163125,16.364122,0.59328276,-2.8084643,-2.5789537,0.04014076,1.0788995,1.3815477,0.59930605,5.064706,0.4896027,7.868262,0.6026316,25.651806,0.35424998,571.9357,0.33574304,1366.2351,0.15557015,-132.30925,-0.6548226,1601.3046,0.109863885,1173.2274,0.461152,-135.02776,-0.6056304,2637.7349,0.07618864,916.99835,0.23935807,-136.65244,-0.58351785,-15.576199,-0.50422233,24.957607,0.33250222,0.020329438,0.95863414,-0.0077424184,-1.6276187,0.04166451,0.43864506,32.968277,0.19594793,2.4433024,5.1513777,21.63751,0.4777118,-2.3220947,-3.382903,-11.3742895,21.859175,0.00039701743,0.0089319525,0.018325945,2.9850748,2.7272727,0.12555555,0.055998232,0.19799998,0.21710825,-45.03386,o,Ses03F_script02_1,Ses03F_script02_1_M001
341,26.616198,0.11379696,23.995502,26.225266,29.385685,5.3901825,101.03891,135.03897,48.632328,106.85405,0.23549247,0.8034695,0.06372956,0.17887443,0.39349362,0.32976407,3.18956,1.6034503,2.6070528,1.4910333,0.06044104,1.054417,25.638287,0.45582804,-2.0008554,-5.8796997,16.160837,0.70837826,-14.598551,-1.0683279,0.022959238,1.6363456,1.1810507,0.722037,4.6681304,0.5490814,3.3685954,1.9147325,22.393707,0.40970287,557.041,0.3802989,1308.0511,0.15706211,-105.3954,-0.9154724,1573.3125,0.16359599,994.13434,0.2519635,-107.74689,-0.85585403,2685.4492,0.09189723,828.43494,0.4074733,-110.76444,-0.80358225,-12.636649,-0.5175845,21.817274,0.2909398,0.041251693,0.577621,-0.0098380605,-1.5619384,0.0946219,0.6429948,32.416985,0.20323719,-2.774841,-4.8812494,18.681042,0.7512136,-20.374342,-0.91248703,-7.664366,16.811182,0.007813646,0.008588209,0.027899517,2.7339642,1.5856236,0.30133334,0.19004795,0.308,0.27291512,-36.344517,q,Ses03F_script02_1,Ses03F_script02_1_M002
342,43.60698,0.00082161237,43.582333,43.6053,43.638626,0.056293488,3.829066,0.0,-1.245041,0.0,0.06102882,0.30459094,0.047444783,0.050376512,0.07598356,0.028538778,0.14201282,0.049045835,0.34588677,0.052816257,0.008713419,0.3428221,26.877123,0.13702168,-7.3366632,-0.8522966,11.002283,0.41459328,-9.747815,-0.6746674,0.022683162,0.08065957,2.0706162,0.19058183,5.9414206,0.21343333,19.520903,0.16937971,24.866884,0.08493059,587.9244,0.18905136,1435.4963,0.24117811,-195.57402,-0.15193468,1524.714,0.037555344,1158.4181,0.21464235,-186.77986,-0.24770877,2595.9153,0.04511786,968.0152,0.13251467,-186.80031,-0.2472095,-10.212753,-0.36362642,22.353018,0.12064572,0.018782156,0.96156234,0.00012252155,44.284973,0.014324566,0.121845886,31.66147,0.04475328,-18.343653,-0.2445854,9.476813,0.27330098,-24.83259,-0.18288076,-9.312057,21.27326,0.00090883777,0.013934699,0.00837645,1.6666667,0.86956525,0.08,0.0,0.52,0.17999999,-58.88618,ans,Ses03F_script02_1,Ses03F_script02_1_F000
343,38.14042,0.1431663,32.328117,39.544453,42.459473,10.131355,217.13031,219.9059,318.58984,679.3809,0.4464356,1.3744123,0.051181033,0.120113276,0.8199574,0.76877636,5.544047,3.8350017,4.2060046,3.8310394,0.18320523,1.6270548,20.185234,0.4153396,-7.06833,-2.1241937,3.1735492,5.0436397,-19.03288,-1.0304157,0.024565661,1.5490583,1.0568115,0.81556535,7.2337904,0.6811122,4.5572367,2.1030824,18.222118,0.57552785,769.404,0.39909735,1291.7462,0.23243137,-138.79713,-0.6524967,1792.1556,0.17389618,1156.6318,0.33880785,-132.75066,-0.6592612,2780.9097,0.07636731,894.114,0.43297198,-133.03549,-0.6539076,-9.160664,-0.8373402,19.081028,0.39551562,0.051488154,0.49794066,-0.015742725,-1.3652436,0.4340582,0.8264789,18.75399,0.5428926,-11.63192,-1.6338123,-4.640724,-4.6503167,-33.654667,-0.65182817,-8.087654,18.702032,0.009617679,0.007256767,0.042098634,1.3447434,1.9680196,0.174375,0.17087892,0.33266667,0.38976002,-23.741085,s,Ses03F_script02_1,Ses03F_script02_1_M003
344,28.228226,0.17121151,24.248032,26.760134,32.879406,8.631374,102.67447,123.40418,30.375864,18.868196,0.32619405,0.7899328,0.07834365,0.25721177,0.57480466,0.496461,5.1951656,3.183004,3.0461597,1.8856866,0.097394824,1.1287546,28.22693,0.302546,-5.571724,-1.9572005,18.781744,0.98050946,-16.059679,-1.0092927,0.018956825,1.1027886,1.2250352,0.7510303,4.910895,0.56628305,0.6363955,11.033981,16.659977,0.5007111,571.87384,0.43031454,1313.189,0.19014312,-91.79078,-1.0314856,1608.7244,0.17100945,892.88055,0.31016675,-94.62201,-0.9440182,2669.3418,0.09468941,865.51263,0.37415454,-95.41076,-0.9282229,-10.640663,-0.49926245,18.64413,0.3621783,0.04838153,0.46014148,-0.017016072,-0.9067129,0.1355408,0.8102611,29.693748,0.26118043,-7.0283723,-1.6511892,19.967108,1.0720061,-21.16647,-0.81518376,-10.303295,19.160252,0.016915414,0.0021795402,0.05113687,2.7027028,3.1518624,0.16772728,0.12766902,0.12863636,0.14188008,-32.133778,q,Ses03F_script02_1,Ses03F_script02_1_M004
345,33.172756,0.09408286,31.749283,33.491196,34.844345,3.0950623,239.23543,474.1808,21.238285,20.996214,0.29990518,0.84398454,0.10543576,0.22534566,0.43178153,0.32634577,4.8705754,2.8225532,5.283296,7.708408,0.08992128,1.2040498,21.89631,0.59554464,-5.8984323,-2.2496681,10.078401,1.1582357,-12.833597,-1.0367846,0.024111293,1.2491463,1.2411795,0.62413716,5.9452343,0.5772812,2.3531892,5.237713,19.077711,0.6829043,605.25104,0.37877673,1364.3789,0.15498821,-123.66358,-0.737431,1608.919,0.16332611,1089.2318,0.2570348,-119.6942,-0.74389917,2666.0496,0.10497515,1005.82007,0.43888903,-122.96003,-0.69456494,-9.4598875,-0.74393123,20.79229,0.38976744,0.037940282,0.52728957,-0.005074853,-2.8074872,0.14445889,0.8869166,28.35947,0.3589293,-6.3856945,-2.4453053,8.37404,1.7208779,-15.516855,-0.9902695,-5.0072904,13.812157,0.009956534,0.008476002,0.049545597,3.3333333,2.5503356,0.16,0.11355499,0.201,0.19603314,-33.881126,s,Ses03F_script02_1,Ses03F_script02_1_M005
346,36.39878,0.15455025,34.98789,40.125164,40.19211,5.20422,179.29158,0.0,-43.353306,0.0,0.123695135,0.75855535,0.06752316,0.09838537,0.14426295,0.076739796,1.9559168,1.7223777,1.6010237,1.230097,0.022881666,1.5034686,20.227087,0.36593902,-11.552356,-0.6188539,10.084519,0.9319594,-9.778237,-1.1075255,0.016103972,0.59877264,1.5091761,0.26827684,4.675861,0.7238034,1.2140219,6.652658,18.879616,0.4961192,726.9752,0.2540825,1307.7554,0.069119446,-177.92732,-0.33622393,1754.403,0.09609533,1041.4061,0.11142363,-176.95801,-0.33183983,2912.867,0.04942571,763.0559,0.2092698,-178.11723,-0.3136916,-8.053623,-0.5847123,20.978699,0.13661918,0.023148298,0.6556101,-0.004362378,-2.4215531,0.050195523,1.2200526,26.66009,0.13636693,-11.57812,-0.7784935,-4.942549,-1.5598487,-22.949791,-0.2623793,-3.906007,13.573379,0.0014578897,0.0134409955,0.01962427,2.3121388,1.7857144,0.06,0.042426404,0.3575,0.31688917,-45.712936,q,Ses03F_script02_1,Ses03F_script02_1_F001
347,27.882694,0.1661326,24.19543,27.46555,32.424145,8.228714,56.190304,23.239208,49.803963,21.283907,0.2610485,1.0935475,0.053928435,0.16778798,0.42028156,0.36635312,4.2181087,2.173894,3.4812603,1.7871606,0.07874288,1.3733046,26.26085,0.3796395,-2.7055213,-4.1948047,13.399102,0.7535631,-9.4231825,-1.3846258,0.034531627,2.396128,1.3223008,0.5375166,4.579459,0.584014,3.47077,1.8020366,23.889112,0.34423333,579.293,0.43892497,1316.2494,0.1400976,-121.91984,-0.76605785,1586.1112,0.19117935,1004.8949,0.27075192,-121.74882,-0.7372068,2714.6604,0.10326013,804.89734,0.3206422,-125.07298,-0.6865163,-12.086,-0.5794443,21.777178,0.33878627,0.038149953,0.58596665,-0.0042726956,-3.868217,0.13307208,0.8943634,30.05416,0.3188318,0.027881987,449.99515,14.314569,0.92813563,-14.464577,-1.0987384,-8.6639185,19.276476,0.004405232,0.011986435,0.04114386,2.5878005,2.4253733,0.1623077,0.11576859,0.24666665,0.3179186,-33.34905,ans,Ses03F_script02_1,Ses03F_script02_1_M006
348,32.484726,0.12817392,26.600119,34.344856,34.44095,7.84083,39.632736,26.76283,273.61908,0.0,0.070319556,0.7101747,0.049266983,0.05620405,0.072350085,0.023083102,0.52328336,0.60737365,0.41804695,0.34795755,0.011514987,1.0786065,26.784754,0.15599719,-4.2670245,-1.5590507,11.539799,0.6510953,-7.4219317,-0.7722625,0.019416148,0.5096471,1.2188805,0.39916143,4.6625133,0.4261851,5.4679985,1.3274939,14.618499,0.3473677,678.05927,0.380907,1312.2292,0.14710599,-188.21948,-0.2434718,1622.7465,0.15916061,1066.909,0.18378937,-187.77452,-0.24418207,2763.4204,0.11687986,787.46796,0.24843934,-188.42146,-0.2313679,-9.808884,-0.6094889,23.18079,0.2544703,0.008556261,2.1987498,0.002847365,4.961232,0.023384841,0.8399814,31.665941,0.118168645,-9.979418,-0.8107978,13.041692,0.9642879,-6.785384,-0.9443677,-10.768421,21.18294,0.0036066158,0.008878036,0.010725092,0.41152266,0.6237006,0.099999994,0.050990194,1.4833332,0.8778129,-52.725365,s,Ses03F_script02_1,Ses03F_script02_1_F002
349,28.664555,0.110674076,25.551903,30.190346,31.827257,6.2753544,914.3095,0.0,0.6296768,31.951632,0.11265596,1.075599,0.04958543,0.060362425,0.13804388,0.08845845,1.8284006,1.5567256,0.98479605,0.42469418,0.02967842,1.6994462,24.132553,0.36135152,-2.54061,-2.4180052,10.395605,0.7976508,-12.710474,-1.1345884,0.022465866,0.70247924,2.0906625,0.6850738,2.3117623,0.954523,0.4684738,6.258159,17.240068,0.46896595,778.86597,0.20504169,1155.8864,0.28157577,-188.91806,-0.23773563,1864.1785,0.13646835,949.7232,0.3049563,-187.9669,-0.238856,2831.9487,0.0811869,789.93353,0.35400593,-188.05177,-0.23794585,-9.650673,-1.0143108,18.250467,0.6197506,0.04441444,0.4844854,-0.01594237,-1.3410237,0.13122106,0.58952945,29.286924,0.48948705,-4.4108496,-3.142745,16.114754,0.9805586,-26.261194,-0.9083423,-9.806429,20.86104,0.0047779046,0.0061222347,0.022921598,1.1730206,0.8928572,0.06666666,0.020548047,0.7725,0.2970164,-42.073463,ag,Ses03F_script02_1,Ses03F_script02_1_M007
350,38.974976,0.07165021,37.49456,38.949837,40.046997,2.5524368,2.4003983,0.0,11.036395,0.0,0.09372313,0.8194044,0.056322172,0.07812609,0.11263615,0.056313977,2.1327026,3.70329,0.55243176,0.63959444,0.017176813,1.640797,24.656837,0.29304293,-5.68544,-1.8570435,8.337858,1.1800134,-12.068341,-0.7969926,0.021439526,0.69511485,1.5745543,0.40523618,5.4508123,0.38320643,2.1868618,4.4235587,17.896736,0.436325,682.5115,0.28353423,1459.9392,0.15634884,-173.29373,-0.37026346,1631.4413,0.12544264,1230.4445,0.20135815,-168.39682,-0.39597225,2686.7322,0.090868376,1051.8165,0.34229422,-169.9264,-0.37364963,-8.701705,-0.647559,20.570171,0.27216044,0.021554679,0.7725895,0.0030192826,3.2612462,0.02611666,1.5481124,29.944836,0.1538785,-11.351399,-0.869008,2.4396904,4.132978,-15.051877,-0.6101078,-9.292401,18.984991,0.0071573886,0.008309443,0.015259058,0.7915567,1.9920319,0.075333335,0.039305072,0.35647058,0.3667655,-47.807274,q,Ses03F_script02_1,Ses03F_script02_1_F003
351,25.7427,0.1598744,22.972963,25.652521,28.217918,5.244955,235.50069,311.31006,49.8912,26.06282,0.2060783,0.9143534,0.06990378,0.13094719,0.3040537,0.2341499,3.5988967,2.9475026,2.4175444,2.1291423,0.050316203,1.2414881,18.85171,0.6739049,-3.808594,-2.9123354,14.297756,0.7678769,-11.805615,-1.0819987,0.019346371,0.7064622,1.2707646,0.6814943,3.3912385,0.67937267,3.5505147,1.613707,20.406153,0.43485045,577.3345,0.45018134,1296.312,0.20683844,-159.26872,-0.48161662,1566.2899,0.16127874,929.4087,0.1992916,-158.63228,-0.4773459,2676.4172,0.08918002,773.2053,0.36759686,-159.89043,-0.4586244,-10.408004,-0.5767131,19.424788,0.38340154,0.037617743,0.59208596,-0.00096463284,-15.406004,0.10157378,0.8216901,27.470114,0.3166972,-3.5141559,-3.9419153,19.68545,0.67769545,-13.872426,-1.3092834,-5.327856,14.155768,0.009811372,0.007414958,0.036059536,2.3379383,1.923077,0.105,0.08008675,0.3736842,0.36202952,-38.22009,ag,Ses03F_script02_1,Ses03F_script02_1_M008
352,27.83219,0.13330242,24.72826,28.050577,30.225119,5.4968586,195.49806,296.26755,29.582462,7.2644763,0.28234798,1.0247941,0.05437202,0.18216272,0.44242078,0.38804877,4.669502,2.497495,5.422043,4.3918686,0.09364002,1.2835923,24.219236,0.38496736,-8.449804,-1.2280396,15.779718,1.0202537,-12.060525,-1.096898,0.0216059,0.6359738,1.5023102,0.6329537,4.124988,0.54043937,5.091282,1.3647836,18.517258,0.4574004,677.67914,0.39803162,1263.4216,0.17740993,-143.8985,-0.59326345,1692.3856,0.16053751,960.1557,0.2338644,-141.54271,-0.59367365,2727.5454,0.10738129,867.7639,0.37441078,-142.70293,-0.577032,-8.551696,-0.7018667,18.200533,0.34846038,0.041576907,0.56561416,-0.0048359507,-2.3229187,0.19204313,0.6738777,29.024694,0.26969004,-10.396906,-1.1973394,18.352026,1.2437762,-14.837652,-1.1431277,-7.3674116,17.05274,0.010056555,0.007764248,0.050985157,2.9055688,2.4509804,0.117,0.08283115,0.24545453,0.2892424,-32.464756,q,Ses03F_script02_1,Ses03F_script02_1_M009
353,23.867771,0.14651026,19.928062,24.340351,27.578817,7.650755,34.859585,12.458079,175.27226,81.18654,0.093926154,0.68573564,0.04905142,0.056374513,0.14923014,0.10017872,1.232419,0.7355357,0.84617966,0.4244514,0.017457442,0.8632611,24.99661,0.33966395,-4.8577886,-2.424019,11.822297,0.6428714,-7.1790075,-0.9275614,0.0522964,0.8579759,1.3886871,0.6456021,3.0816245,0.614813,4.8730884,0.76739377,25.512396,0.33718246,471.03732,0.3728422,1290.1488,0.12019128,-174.49815,-0.3671218,1462.5973,0.13442415,922.68396,0.22401989,-174.75026,-0.35075232,2601.198,0.099314705,749.369,0.20315836,-175.83737,-0.33419496,-14.918397,-0.39278734,24.60938,0.17485628,0.02871412,0.4490362,-0.001456233,-6.9372125,0.044567544,0.36039567,35.01771,0.15749002,0.39178377,24.75925,22.213135,0.50338066,-6.842599,-1.4791301,-8.121096,19.975155,0.00057384896,0.01590625,0.01318004,2.1857924,1.3850416,0.09199999,0.07082372,0.50666666,0.6048048,-48.768745,o,Ses03F_script02_1,Ses03F_script02_1_M010
354,30.071663,0.14196843,26.702679,30.00644,32.839775,6.1370964,96.82618,123.26668,65.54712,80.356445,0.14220694,0.7801084,0.05012154,0.10452128,0.22592345,0.1758019,2.4629433,1.519995,1.7193744,1.1188616,0.031028569,0.99237835,28.3678,0.35634056,-0.5488515,-18.119244,14.501426,0.7077876,-8.363817,-1.4545422,0.032134462,1.4146302,1.1826144,0.6861415,6.2713423,0.42586836,4.083723,1.64077,26.177006,0.3432312,592.3927,0.37280884,1407.4487,0.14783975,-124.24698,-0.7461721,1611.2699,0.15249962,1116.3917,0.26642513,-123.818985,-0.7042649,2689.2756,0.08443337,965.55676,0.38500208,-126.15824,-0.66945815,-14.868093,-0.45932758,24.567375,0.31490025,0.039609615,0.531971,-0.005706966,-2.5890903,0.053815182,0.5713783,35.12362,0.22815616,0.82708466,15.98007,18.106373,0.75133395,-8.751295,-2.0006387,-9.54676,19.650057,0.004233572,0.011621318,0.014490199,2.690583,1.5060241,0.274,0.12158947,0.36799997,0.3685322,-41.94948,q,Ses03F_script02_1,Ses03F_script02_1_M011
355,0.0,0.0,0.0,0.0,0.0,0.0,0.0,0.0,0.0,0.0,0.050569657,0.14458819,0.04692229,0.048412357,0.050927,0.0040047094,0.10776496,0.08953372,0.059712093,0.031479537,0.00749363,0.2564706,24.842272,0.14043872,-3.1577756,-1.0248865,10.286,0.3004426,-6.166497,-0.77653867,0.0,0.0,0.0,0.0,0.0,0.0,0.0,0.0,0.0,0.0,0.0,0.0,0.0,0.0,-201.0,0.0,0.0,0.0,0.0,0.0,-201.0,0.0,0.0,0.0,0.0,0.0,-201.0,0.0,0.0,0.0,0.0,0.0,0.0,0.0,0.0,0.0,0.0,0.0,0.0,0.0,0.0,0.0,0.0,0.0,0.0,0.0,-10.77593,21.680979,0.0010190238,0.013563606,0.007501794,1.4814814,0.0,0.0,0.0,2.6399999,0.0,-61.49652,ans,Ses03F_script02_1,Ses03F_script02_1_F004
356,33.369102,0.088613816,30.404549,32.508453,36.208847,5.8042984,40.591778,24.007006,56.920467,59.195198,0.1408663,1.0603062,0.0480616,0.05138484,0.2522302,0.20416859,2.375364,1.5330899,2.976989,1.8841578,0.032210775,1.3183122,25.936808,0.19200301,-2.6976025,-3.1694753,14.879868,0.8015233,-10.808975,-1.299443,0.020896599,0.9519784,1.2583202,0.7842577,6.5933485,0.49149588,6.847412,1.3398744,18.262913,0.42644468,618.5169,0.35999995,1308.6876,0.18544187,-149.71132,-0.5527372,1688.3817,0.14306949,926.144,0.26203164,-148.52638,-0.53593105,2698.1702,0.075376555,887.91364,0.5142883,-147.92567,-0.5431795,-10.298289,-0.67300475,16.810717,0.39052466,0.05163961,0.46149525,-0.011035169,-1.6368526,0.08349535,0.56237143,24.68387,0.31918895,-0.55837166,-24.677711,20.259083,0.93632895,-18.60664,-1.2050575,-11.356456,21.568586,0.006185098,0.00978925,0.011798888,1.7391305,1.4705883,0.188,0.08280096,0.39166668,0.38740233,-40.06198,q,Ses03F_script02_1,Ses03F_script02_1_M012
357,31.808666,0.081977144,29.853931,31.781485,34.70313,4.8491974,57.158142,43.849213,17.554907,15.3923235,0.21202494,0.89373237,0.05852519,0.16165318,0.32243508,0.26390988,3.8900332,2.449683,3.1305482,1.8927011,0.065162264,1.2260029,26.120983,0.37308702,-2.6302948,-3.444562,17.744453,0.69452804,-13.53159,-1.0196066,0.02680489,1.2751695,1.3420491,0.6342182,5.9230804,0.5333987,3.4433093,2.3162222,21.450542,0.3520961,566.2462,0.35948712,1408.8064,0.14898439,-126.53718,-0.7228343,1605.2052,0.16971946,1133.57,0.422027,-125.74842,-0.6867903,2688.7007,0.09045333,849.71606,0.3263002,-127.02095,-0.6679991,-13.599842,-0.36551198,22.328074,0.2694119,0.042122137,0.51792485,-0.015718475,-0.8849524,0.11857118,0.7759545,32.400673,0.24071889,-0.4145688,-28.272034,16.318232,0.8567878,-19.669167,-0.91455126,-8.90606,17.509348,0.011874535,0.008773871,0.028485207,2.868069,1.9305019,0.205,0.17350791,0.26545453,0.34192935,-35.656803,s,Ses03F_script02_1,Ses03F_script02_1_M013
358,32.03251,0.15381776,28.260231,33.02872,36.268654,8.008423,96.92389,63.478508,34.17164,13.311426,0.20270886,0.81220925,0.058221407,0.16463646,0.30076823,0.24254683,2.8903155,1.231268,2.883603,1.7909627,0.052756183,1.1476974,22.258505,0.64979136,-4.347999,-2.971754,15.484065,0.7749273,-4.42541,-1.856608,0.038628817,1.520649,1.3088675,0.72527117,6.0939336,0.72710043,5.321911,1.4216548,20.528133,0.4665136,632.58765,0.35480335,1397.3589,0.1764005,-149.56337,-0.54309934,1628.3193,0.1346863,1013.24005,0.2042483,-146.05501,-0.55254847,2694.882,0.09910174,906.3003,0.30628705,-147.87701,-0.5271402,-11.684987,-0.6287397,22.993576,0.38486534,0.04108208,0.5230235,-0.006241309,-1.8856671,0.09944718,0.647031,31.510324,0.31361693,-5.5966535,-2.494837,13.233267,1.2183557,-5.118543,-1.9725387,-6.293971,14.675837,0.009736191,0.009811565,0.033274997,3.2222223,2.122905,0.1305263,0.075006925,0.31947368,0.42331362,-36.574677,s,Ses03F_script02_1,Ses03F_script02_1_M014
359,29.092249,0.14283296,26.317764,28.159264,30.759853,4.442089,100.40076,129.92027,67.43958,47.507603,0.22019166,0.83398974,0.06475086,0.15305728,0.36982656,0.3050757,3.7047381,2.066883,3.3026154,2.3306599,0.056008894,1.0706935,20.902815,0.4839099,-5.0648007,-2.0206046,15.053509,0.83944243,-11.98613,-1.0624622,0.025312355,0.9992364,1.2298756,0.6650406,3.8153996,0.7429894,4.115184,1.6527325,17.55922,0.43170062,541.2497,0.426101,1361.1512,0.16585341,-138.80156,-0.63870746,1550.1133,0.15915555,986.8463,0.262166,-137.02945,-0.6327599,2629.7456,0.098419994,896.3299,0.37195146,-138.47014,-0.6116297,-9.135739,-0.6131413,17.813095,0.34141314,0.041009024,0.463085,-0.0073157116,-1.6420165,0.10907115,0.5496451,27.101284,0.29674166,-6.4263644,-2.0472288,16.649918,1.0311154,-15.27048,-1.0910221,-6.3085246,14.899944,0.012609802,0.00781876,0.02974789,3.0120482,2.0181634,0.156,0.12391126,0.30380952,0.4512467,-37.70792,o,Ses03F_script02_1,Ses03F_script02_1_M015
360,22.541208,0.16321461,19.835203,21.744263,24.165163,4.32996,132.41884,131.35559,26.316635,20.05588,0.110888705,0.7074152,0.04786349,0.08472488,0.16799022,0.12012673,1.7191662,1.0072052,1.6534503,0.9787837,0.021410305,0.9311925,26.438728,0.4158825,-0.9857777,-9.923106,16.435163,0.72280604,-4.0383635,-2.0081518,0.021592813,1.3341874,0.9885409,0.6961938,3.8274086,0.43008354,6.243509,0.6384308,26.274265,0.32477447,526.77435,0.3892695,1364.6218,0.14282328,-134.2209,-0.6630164,1564.775,0.1513881,1018.3003,0.26222366,-137.0529,-0.611771,2611.5461,0.1096204,962.5324,0.3267914,-138.70471,-0.58891886,-15.005778,-0.39173767,24.173626,0.28276446,0.016486388,1.2255774,-0.0023454553,-4.5201845,0.03279701,0.6618437,34.11018,0.19420691,1.4893792,7.5205107,24.505247,0.51457876,-1.0766789,-8.759578,-8.625256,19.043776,0.0033027714,0.01247454,0.015538278,2.5466893,1.7123289,0.196,0.21039012,0.33363634,0.4167902,-45.875233,q,Ses03F_script02_1,Ses03F_script02_1_M016
361,0.0,0.0,0.0,0.0,0.0,0.0,0.0,0.0,0.0,0.0,0.049624465,0.10617376,0.04659061,0.047801368,0.051404692,0.004814081,0.11792032,0.073948875,0.09264972,0.07798171,0.0076277633,0.28793678,26.60077,0.10565934,-2.9156551,-0.88534826,10.45158,0.35870567,-5.5235276,-1.0535948,0.0,0.0,0.0,0.0,0.0,0.0,0.0,0.0,0.0,0.0,0.0,0.0,0.0,0.0,-201.0,0.0,0.0,0.0,0.0,0.0,-201.0,0.0,0.0,0.0,0.0,0.0,-201.0,0.0,0.0,0.0,0.0,0.0,0.0,0.0,0.0,0.0,0.0,0.0,0.0,0.0,0.0,0.0,0.0,0.0,0.0,0.0,-11.5699215,23.016983,0.0005993655,0.0127253765,0.007678839,4.2253523,0.0,0.0,0.0,2.78,0.0,-61.070415,s,Ses03F_script02_1,Ses03F_script02_1_F005
362,24.607689,0.106541134,23.342564,23.545223,24.784422,1.4418583,2.5316699,0.0,42.851578,0.0,0.090138115,0.9665716,0.046531476,0.04831931,0.11708779,0.07055631,1.5353643,1.0288234,2.0919845,1.1057154,0.015859365,1.056299,27.696981,0.20315397,-4.545886,-1.3977604,14.07181,0.52275646,-4.6347694,-1.2760961,0.03006329,1.6372331,1.2703218,0.8824854,4.035271,0.4961765,5.942304,0.9232699,20.469944,0.39496112,526.3805,0.33270863,1329.921,0.14560068,-166.93916,-0.43192357,1547.5891,0.11677421,1007.15546,0.29422984,-167.34334,-0.4189303,2571.6626,0.05819801,895.03406,0.2209337,-168.34808,-0.40331462,-10.644877,-0.40879625,19.714186,0.2720834,0.029310038,0.5984938,-0.014294831,-0.93680453,0.044715583,0.37632245,35.82661,0.13495646,-10.340324,-1.1206182,21.534067,0.56356204,-8.317689,-1.254119,-11.158561,21.970112,0.0021191435,0.012714015,0.009840473,1.4285715,1.0909091,0.15333332,0.092855915,0.555,0.48117045,-47.0516,q,Ses03F_script02_1,Ses03F_script02_1_M017
363,38.294052,0.036643792,36.510445,39.348938,39.38455,2.8741035,0.0,0.0,-0.18520355,0.0,0.058271408,0.27291885,0.04760633,0.04973066,0.069039196,0.021432865,0.16504057,0.13051768,0.21279833,0.13482395,0.008225494,0.32791215,26.034752,0.16926517,-3.9320507,-1.3711233,5.812323,1.199102,-6.363611,-1.0176154,0.012414358,0.53981686,1.227925,0.2818376,5.1206236,0.27576262,-8.360195,-0.42653313,15.682445,0.50455177,566.8095,0.14719073,1430.2068,0.101926334,-190.0579,-0.22408266,1460.0692,0.059414554,1323.6497,0.22054005,-190.08546,-0.22374728,2623.4028,0.058057718,1138.4219,0.4402698,-191.0637,-0.20271473,-3.4405043,-1.5688397,22.96309,0.18798187,0.013020313,1.4616704,0.015537078,0.7376107,0.0127989305,0.1412494,29.070961,0.10265283,-16.932615,-0.57435495,-5.820859,-0.7804457,-9.44435,-1.0924315,-10.289903,22.502642,0.003232467,0.012207121,0.008017511,1.6891892,0.68728524,0.07,0.02,0.90666664,0.5311832,-59.30368,s,Ses03F_script02_1,Ses03F_script02_1_F006
364,36.87961,0.12334427,33.77856,36.482655,39.393078,5.614517,245.8597,467.0086,462.015,754.1391,0.30775326,0.77958244,0.090151,0.24194218,0.4950127,0.4048617,4.5664706,2.6338809,3.7925599,1.8837982,0.09685483,1.0642183,23.234123,0.51491296,-5.968376,-2.2968507,13.269813,1.2024882,-12.209868,-0.99638104,0.027040184,1.4886415,1.1410294,0.675831,7.0816803,0.4802694,9.449017,1.0466703,19.465927,0.43577796,653.40326,0.37955812,1358.4314,0.1647331,-109.06667,-0.8439856,1686.6606,0.15160276,1040.6576,0.41001275,-97.53256,-0.90027636,2698.3792,0.10846663,999.2678,0.33005476,-99.49971,-0.8637627,-10.50205,-0.7348909,19.5426,0.42084876,0.056214828,0.40022203,-0.006940018,-2.1543038,0.14060056,0.76982003,26.98692,0.40650117,-9.24141,-1.5562052,13.285457,1.376823,-14.68361,-0.98790956,-7.8562827,16.268476,0.017382959,0.008067558,0.04172293,3.13779,2.335165,0.23176469,0.22786053,0.186875,0.20526563,-33.772053,q,Ses03F_script02_1,Ses03F_script02_1_M018
365,34.823772,0.12765475,32.597702,36.75467,38.65184,6.054138,792.0188,559.36957,36.4449,15.959313,0.09593719,0.6162347,0.05195483,0.07881649,0.12201217,0.07005734,1.1120337,0.7510685,0.5463558,0.27263516,0.018810596,1.4840928,26.490192,0.24584794,-7.049206,-1.1888896,12.492504,0.6387583,-9.656066,-0.8748088,0.011969649,0.6774571,1.2243669,0.38578823,4.6288967,0.5007683,2.194612,4.627801,18.746422,0.3138929,592.47687,0.27732065,1361.3805,0.101745486,-167.23856,-0.4215256,1590.394,0.11744773,1139.251,0.15067866,-166.43034,-0.41501436,2599.5361,0.08443994,1117.4369,0.35284156,-167.80385,-0.39408627,-10.35752,-0.47698203,19.194023,0.33403137,0.022080932,0.91207945,-0.004077518,-3.9142466,0.030066764,1.4017503,31.7381,0.096770994,-11.876559,-0.8759281,8.283009,1.2491016,-17.622643,-0.5524677,-9.515179,18.581867,0.009571694,0.010145541,0.016692067,2.419355,2.0576134,0.078,0.029933259,0.32166666,0.21497415,-46.82605,ans,Ses03F_script02_1,Ses03F_script02_1_F007
366,34.161846,0.019292552,33.493774,34.222523,34.815216,1.3214417,38.2988,0.0,-30.84577,0.0,0.11911744,1.3436524,0.048871636,0.05573346,0.11870371,0.06983207,0.3747517,0.2477192,0.9322453,0.0,0.031783625,2.1084454,23.975655,0.3564893,-7.354966,-1.1236582,8.609681,1.1016322,-6.57771,-1.3332148,0.029122313,0.38779786,1.0069742,0.6059278,1.4100797,1.2059587,-14.785812,-0.15273313,12.697767,0.3110504,1022.16174,0.19275442,1205.2422,0.088452905,-190.60652,-0.22138952,1804.8639,0.122689255,1146.7568,0.02679091,-190.50427,-0.22318065,3096.256,0.087878525,691.86316,0.0610915,-191.436,-0.20174919,-3.8148158,-0.16150513,22.172096,0.28460556,0.05167258,0.08637461,-0.0058298903,-0.51619554,0.23685184,0.24900052,36.18952,0.25678095,-26.797232,-0.16343169,-19.275478,-0.36323592,-18.198456,-0.1537939,-8.528252,17.976137,0.010737196,0.010595539,0.021536065,0.55865926,0.57471263,0.08,0.0,0.815,0.055,-41.23281,b,Ses03F_script02_1,Ses03F_script02_1_M019
367,44.037674,0.0046946504,43.870007,44.02893,44.154907,0.28490067,10.843754,0.6273474,10.904121,0.0,0.07295946,0.7140927,0.048586294,0.05254523,0.08657381,0.037987515,0.6149499,0.26999703,0.8603511,0.91231024,0.012858133,2.1044698,24.214575,0.30803853,-5.286169,-1.0420684,7.8964705,0.99121684,-8.505632,-1.1393251,0.0106437225,0.29037574,1.3506552,0.2080318,7.378199,0.20316093,3.3832257,1.480335,35.90626,0.12191592,611.74316,0.3532236,1491.5155,0.1323626,-196.32133,-0.14025296,1584.257,0.13907619,1276.708,0.09977648,-191.71648,-0.20178084,2755.6653,0.06496808,1054.182,0.09567852,-192.5123,-0.18286432,-7.8632045,-0.2168242,30.055037,0.17882852,0.028257558,0.34778452,-0.0006885215,-9.214099,0.024631817,0.29957727,35.663265,0.093464896,-8.920047,-0.24993214,-14.953613,-0.64354855,-31.950691,-0.23731168,-8.687137,19.36462,0.0063026063,0.011343158,0.009185802,0.89686096,0.4587156,0.099999994,0.0,1.025,0.005,-50.142593,s,Ses03F_script02_1,Ses03F_script02_1_F008
368,35.880608,0.08683748,34.523125,35.961792,36.785965,2.2628403,16.240644,0.0,-275.175,0.0,0.1997747,1.1452229,0.04861758,0.06519623,0.31864998,0.2700324,4.315127,4.282749,5.369581,2.5002744,0.06795996,1.4294626,25.184944,0.33024886,-5.435003,-1.7414079,9.454614,0.8264711,-9.674581,-0.8992639,0.01833568,0.6826096,1.3598963,0.5065276,5.9720683,0.58102244,2.6309698,3.7815115,20.379726,0.43328056,668.2073,0.3368853,1379.6565,0.1395316,-156.0491,-0.49904382,1622.1523,0.13752465,1013.5992,0.15558748,-149.02544,-0.53644025,2742.7893,0.08844493,874.2807,0.17515363,-151.77495,-0.49835098,-8.907232,-0.7443897,21.024916,0.37677613,0.05292976,0.45182213,-0.0025155076,-4.616856,0.16605656,0.64994806,25.62229,0.45335406,-8.5915,-1.4933048,5.6919045,1.7784655,-15.871062,-0.5381202,-10.040269,20.844896,0.011619718,0.010205485,0.0325818,2.1551726,2.2026432,0.116000004,0.122081935,0.26333332,0.2966854,-35.95804,ag,Ses03F_script02_1,Ses03F_script02_1_M020
369,37.419853,0.091647394,35.230244,35.54322,38.251625,3.0213814,4.9199214,0.0,71.22823,0.0,0.081044465,0.52007824,0.048739932,0.06397793,0.11657144,0.06783151,0.7175403,0.52633363,0.3699448,0.17706808,0.013753214,0.7021971,27.407135,0.21192947,-3.2731533,-2.0919251,1.9675779,5.930929,-16.307367,-0.9085037,0.021887539,1.3158895,1.4251964,0.6093444,7.3345933,0.2358268,0.031647544,319.8603,27.84087,0.21777168,522.64026,0.32617038,1418.9006,0.1155899,-175.28412,-0.37543175,1519.4253,0.16453505,1258.0172,0.22659302,-166.70032,-0.41754323,2628.067,0.08300001,1078.9744,0.37860098,-169.44566,-0.37622866,-10.368348,-0.36840373,24.4434,0.18542638,0.028190827,0.41692346,-0.0033286994,-3.3130422,0.023010664,0.4004446,30.76877,0.13264816,-2.7484486,-2.2873847,-3.80773,-2.518333,-31.15578,-0.60495514,-9.637405,22.741373,0.016130455,0.008285956,0.012103219,1.7441862,1.7964072,0.089999996,0.05656854,0.33249998,0.19904459,-52.19448,c,Ses03F_script02_1,Ses03F_script02_1_F009
370,35.3537,0.109768406,32.716446,35.28002,37.579655,4.863209,62.50282,34.40913,31.440868,46.61337,0.40027362,0.84976244,0.10318475,0.30291006,0.66682744,0.5636427,5.621682,3.0346136,4.5570393,2.688201,0.14792462,1.5152459,23.880638,0.44093975,-8.099708,-1.7290535,13.537438,1.4317253,-15.422237,-1.0757929,0.018814556,1.1828458,1.0416423,0.7055925,7.070074,0.49540898,6.614812,1.4963529,19.395489,0.44535294,669.70465,0.42046055,1339.0891,0.17892553,-99.00052,-0.9489074,1689.3304,0.16323811,1072.1803,0.3501331,-95.44169,-0.92631483,2701.5146,0.100209445,911.9645,0.37196812,-96.61649,-0.9040221,-9.186359,-0.63004684,18.378834,0.3584388,0.055066034,0.3801625,-0.008449194,-1.5794947,0.21163979,1.0323426,27.904463,0.30508992,-12.335953,-1.1470975,11.968314,1.8364949,-18.552572,-0.98212373,-6.9329133,14.785457,0.020789355,0.004549209,0.067465335,3.4582133,2.6124818,0.20666665,0.16666667,0.155,0.16245511,-28.27709,dag,Ses03F_script02_1,Ses03F_script02_1_M021
371,32.37131,0.09605483,29.647718,32.471172,34.529877,4.8821583,44.472668,12.486174,4.0337386,18.36486,0.14035852,0.9269867,0.048119076,0.06459345,0.24447685,0.19635779,2.4198394,0.9403068,2.417102,1.844351,0.033411916,1.266491,24.911547,0.370479,-2.9531915,-3.1868956,16.87148,0.8155129,-8.792836,-0.7602556,0.019642184,0.6361553,0.93747467,0.70695907,5.9539795,0.45762113,6.584354,1.4439344,20.257925,0.4108597,504.399,0.33537906,1366.8363,0.14133425,-156.48439,-0.50991493,1541.0817,0.12996373,995.2807,0.37492895,-153.36765,-0.5041823,2549.685,0.07412779,913.47845,0.29655582,-153.66132,-0.50046545,-10.3156,-0.62155414,17.151554,0.41027582,0.047833193,0.3389053,-0.0054010614,-1.5814533,0.08510604,0.56458366,27.482542,0.3526495,-3.7147164,-3.1791155,28.939272,0.6225367,-12.166679,-0.88909835,-9.783517,19.140358,0.007391356,0.010365613,0.015716558,3.0612247,1.3840832,0.17999999,0.049497474,0.41599998,0.26188546,-41.665386,q,Ses03F_script02_1,Ses03F_script02_1_M022
372,0.0,0.0,0.0,0.0,0.0,0.0,0.0,0.0,0.0,0.0,0.055890765,0.20764346,0.04831445,0.05200804,0.061306417,0.012991969,0.42044213,0.68277353,0.16458091,0.09543892,0.007785483,0.29610854,24.856964,0.16499326,-4.7237062,-1.0136671,12.69252,0.40825802,-7.8319445,-0.6540901,0.0,0.0,0.0,0.0,0.0,0.0,0.0,0.0,0.0,0.0,0.0,0.0,0.0,0.0,-201.0,0.0,0.0,0.0,0.0,0.0,-201.0,0.0,0.0,0.0,0.0,0.0,-201.0,0.0,0.0,0.0,0.0,0.0,0.0,0.0,0.0,0.0,0.0,0.0,0.0,0.0,0.0,0.0,0.0,0.0,0.0,0.0,-10.004139,20.244379,0.0020411918,0.012752797,0.007849711,2.2058823,0.0,0.0,0.0,2.6599998,0.0,-60.708714,ans,Ses03F_script02_1,Ses03F_script02_1_F010
373,27.375837,0.017486898,27.126644,27.463324,27.708754,0.58210945,0.0,0.0,-0.101918966,0.0,0.10144452,1.2656237,0.047691777,0.049281713,0.06909509,0.021403313,2.0176346,2.1777072,3.110777,2.239501,0.019393612,1.537825,26.650154,0.1723227,-7.708767,-1.2383878,11.876804,0.43406048,-9.672358,-0.7891692,0.010169088,1.0048995,1.6527089,0.51858777,4.8072915,0.22126025,4.6989493,0.6512317,18.2647,0.5676521,487.78992,0.37936628,1377.0607,0.11581622,-183.78197,-0.29781857,1502.5402,0.18983433,1148.7552,0.17980959,-184.65979,-0.28205773,2493.0562,0.10149862,844.77136,0.3868436,-185.12036,-0.2738617,-9.257085,-0.84393,18.093618,0.39151523,0.03431528,0.5237277,-0.010679007,-1.3511057,0.07989564,0.40505084,35.26625,0.16631514,-16.595686,-1.0815455,20.794104,0.39928937,-21.899063,-0.58489054,-9.671904,20.687647,-0.00083934667,0.013052884,0.0141640175,0.93023264,0.4761905,0.17,0.0,0.95,0.049999997,-45.266064,q,Ses03F_script02_1,Ses03F_script02_1_M023
374,38.403458,0.02225652,37.696274,38.057537,38.771126,1.074852,41.732506,35.697456,4.624748,10.620332,0.06617068,0.32082596,0.048710253,0.057505056,0.08521549,0.036505233,0.4907654,0.2768847,0.34022766,0.23860179,0.009389326,0.39785734,26.786676,0.20646471,-3.9171765,-1.595348,6.390846,1.2179371,-11.842972,-0.7276236,0.014162839,1.0804316,1.1704088,0.41977358,8.055747,0.2536257,-5.1261716,-2.262628,24.703789,0.1936368,584.33606,0.2495883,1438.106,0.09160445,-173.66833,-0.38463807,1550.7009,0.106507376,1264.6298,0.21681908,-167.22508,-0.41352695,2713.0938,0.06225934,1042.2484,0.32037526,-169.409,-0.3815439,-12.063144,-0.24145575,28.091866,0.16954191,0.026983809,0.43276453,-0.0029697458,-2.0006878,0.013315903,0.26020643,33.689167,0.122992076,-7.606808,-0.7959747,-2.1660445,-5.0084352,-24.413628,-0.28919008,-10.527129,21.638474,0.0050544627,0.01076904,0.008585763,3.649635,1.1152416,0.15333332,0.11671428,0.53999996,0.4603803,-56.41019,ans,Ses03F_script02_1,Ses03F_script02_1_F011
375,30.956057,0.10607696,27.969702,30.966564,34.414,6.4442997,67.42334,56.798767,30.31206,21.169596,0.2593524,0.71999115,0.096409984,0.21198261,0.3847708,0.28836083,4.9019475,2.751171,3.3468392,2.1133842,0.073631324,1.0198536,21.696589,0.5756212,0.93960714,14.699061,18.447306,0.8419555,-10.181227,-1.4391786,0.021772183,1.1381212,1.1510669,0.7343983,6.238112,0.51488817,5.19843,1.8147188,21.926748,0.41537374,556.2596,0.3947859,1329.5408,0.15282625,-110.3637,-0.84637666,1633.3774,0.14294243,966.4227,0.34125346,-112.37004,-0.7709346,2680.4617,0.08918632,894.11975,0.3854936,-113.002945,-0.761168,-13.10642,-0.5472557,20.640356,0.36686847,0.045938995,0.55397636,-0.01062372,-1.412481,0.110148236,0.72852314,27.742983,0.34605217,1.9638655,7.0175877,22.058681,0.80120885,-12.501398,-1.4367988,-6.5080795,14.483279,0.013670269,0.0067499173,0.03958314,3.4895835,2.7154047,0.16961537,0.10639118,0.185,0.24983394,-34.420193,s,Ses03F_script02_1,Ses03F_script02_1_M024
376,37.22748,0.07613725,34.884285,37.24898,39.393833,4.509548,215.96945,319.79068,35.040386,21.993816,0.10642148,0.51380044,0.05567202,0.09249138,0.14228815,0.08661613,1.1720752,0.5720581,0.62374943,0.38932708,0.018437052,0.7776754,24.17002,0.35712445,-9.0408745,-1.3964124,10.38641,1.2043014,-17.081104,-0.69264007,0.021020778,1.0922468,1.3537039,0.28857672,4.8218117,0.5500154,2.3810024,4.0756984,16.366045,0.5960937,630.7143,0.29950064,1486.1853,0.18210414,-151.1594,-0.5466025,1634.1151,0.12102384,1169.2112,0.30316636,-143.45532,-0.5827878,2671.075,0.094231844,958.83344,0.323571,-144.97256,-0.5616307,-7.0376964,-0.78838533,17.684978,0.3817344,0.031378828,0.5537433,-0.0028012712,-4.3422422,0.028979024,0.5254908,28.545095,0.21078834,-16.934837,-0.78546023,8.904942,1.8703039,-25.961983,-0.5235356,-8.078122,17.665113,0.009996873,0.008742239,0.014094731,3.4954407,2.45023,0.111875,0.08712195,0.25941178,0.28389043,-50.466682,s,Ses03F_script02_1,Ses03F_script02_1_F012
377,30.181686,0.085170604,28.1775,29.981554,32.608467,4.4309673,100.40675,187.31154,30.063702,12.232522,0.31958616,0.82893217,0.08681797,0.23951885,0.5232085,0.43639052,5.2626677,3.2813077,3.2515373,1.837622,0.092315026,1.0577021,25.63658,0.4016423,-4.8304935,-3.0189323,18.243362,0.93535227,-14.215672,-0.94884944,0.021596089,1.2301732,1.1194577,0.7204322,5.223899,0.55231583,1.603055,4.7860107,18.31621,0.56017774,573.7887,0.38481262,1322.7245,0.15290424,-94.122185,-1.0094587,1627.109,0.14960709,940.41846,0.32211354,-96.46559,-0.9268228,2681.4963,0.097186424,911.366,0.37619856,-97.32642,-0.9100941,-10.542663,-0.6523305,18.827589,0.38228178,0.047023624,0.41555044,-0.01165011,-1.1694407,0.13506557,0.74992347,28.977497,0.27599487,-4.8808427,-3.236815,21.50531,0.9546306,-17.794727,-0.8760727,-8.377166,17.117949,0.010593123,0.004880339,0.038214333,3.3333335,1.8025751,0.30285713,0.2591404,0.22090909,0.25425306,-33.447147,s,Ses03F_script02_1,Ses03F_script02_1_M025
378,28.776196,0.1331733,26.05365,28.75871,32.381577,6.3279266,55.451366,40.025974,52.940655,53.288345,0.23094077,0.7611316,0.07892598,0.18027747,0.35602885,0.2771029,3.194914,2.398373,2.8667955,1.553352,0.05302884,0.94172853,21.360662,0.638598,-0.24801576,-60.81092,16.149343,0.9185358,-5.0999804,-2.4526274,0.017684324,0.7553737,1.5201048,0.79971236,4.880537,0.7435739,3.1160846,2.4510307,19.937426,0.42160013,519.179,0.3743179,1326.378,0.16709837,-123.15436,-0.74287766,1563.331,0.122140445,994.01685,0.30439523,-123.411606,-0.70286316,2620.1438,0.09928873,954.0561,0.32991356,-125.27017,-0.67521304,-11.568113,-0.63118863,20.785223,0.33794048,0.03963584,0.55804616,-0.007933102,-1.8792887,0.090171486,0.546847,30.24113,0.31126228,-2.3886344,-7.051601,18.18311,0.92925113,-5.319946,-3.1402345,-6.4825244,13.19805,0.009855652,0.007030647,0.027467938,2.9082775,2.9411764,0.1323077,0.09332769,0.20083334,0.20361146,-37.530342,o,Ses03F_script02_1,Ses03F_script02_1_M026
379,38.107586,0.09169443,35.16963,36.898365,41.261063,6.0914345,70.07914,53.202885,24.344738,11.452809,0.09071049,0.47283491,0.056477148,0.0731211,0.12621124,0.0697341,0.71472955,0.5091642,0.59235334,0.4346749,0.014514071,0.6324067,22.796675,0.43912786,-3.2370918,-2.9914145,12.507647,0.7989719,-14.752133,-0.6681638,0.019255076,0.7244622,1.3870075,0.3839443,6.0294905,0.39221218,4.2072206,2.1923673,17.250397,0.6516713,680.4232,0.3100151,1427.7522,0.12186945,-170.56659,-0.39727706,1685.8737,0.12738049,1291.9285,0.24491483,-166.69305,-0.406789,2603.7432,0.1010024,1178.7208,0.39234626,-167.12494,-0.40008017,-10.586004,-0.43906295,21.240593,0.28001583,0.030481948,0.45959547,-0.0007469806,-13.208922,0.022578897,0.44724357,27.592772,0.2674105,-9.060165,-1.2213037,11.034054,1.4868257,-24.122118,-0.3944972,-9.5204,18.665716,0.010415421,0.0071954457,0.012744861,2.95858,1.7883755,0.095,0.0597913,0.40923077,0.63681245,-52.81311,o,Ses03F_script02_1,Ses03F_script02_1_F013
380,29.567432,0.18375655,23.225159,31.197622,35.42106,12.1959,45.011116,3.2317178,83.6011,0.0,0.16822794,0.9746544,0.06843851,0.09399188,0.24761994,0.17918143,4.2260127,2.5206647,2.8487227,2.5278325,0.04468099,1.7068361,18.113195,0.48174474,-3.1399083,-2.716921,17.421076,0.6980643,-10.495142,-0.5218902,0.028208014,1.1558784,1.7135574,0.46321234,4.257686,0.4011243,-4.0891128,-1.3260401,18.88979,0.38574147,554.2323,0.42520806,1251.8014,0.139117,-161.86249,-0.4712423,1662.3065,0.13827342,803.8365,0.22733843,-160.5693,-0.46281233,2694.585,0.09121248,847.70087,0.236881,-160.78635,-0.4584278,-11.667953,-0.43623546,19.253702,0.35226905,0.0534583,0.39013964,-0.012481212,-1.2260579,0.1380982,0.86009824,26.584843,0.23927227,-6.0931993,-1.5591298,25.588236,0.7736482,-12.084515,-0.6361531,-7.0058208,14.825583,0.009728082,0.0098747555,0.020273484,2.4509804,1.5075377,0.13333333,0.0837987,0.50333333,0.28639522,-37.97711,dag,Ses03F_script02_1,Ses03F_script02_1_M027
381,40.303932,0.001147712,40.26966,40.30077,40.33757,0.06790924,0.03772481,0.0,0.0,0.0,0.08847327,0.359572,0.06603708,0.08066284,0.10190147,0.03586439,1.2168477,1.3162004,1.0614148,0.78060305,0.0112327365,0.53590965,15.541592,0.3595167,-7.282432,-0.70680624,13.767116,0.42878705,-12.041528,-0.39399284,0.028317973,0.0,1.5741862,0.17399363,4.0187345,0.035314612,-7.186726,-0.13765149,14.877885,0.07168075,722.9113,0.10527469,1388.4756,0.10768191,-199.07367,-0.08795258,1726.833,0.03043064,1475.0562,0.14974761,-198.33218,-0.09469584,2684.5723,0.019358493,1006.7364,0.012953708,-198.44043,-0.09092345,-4.7431602,-0.07886065,19.639332,0.08211397,0.015075022,0.34776023,0.0142570855,0.12751444,0.014437805,0.07672859,22.151913,0.035528045,-12.209035,-0.029118365,1.5841676,1.2593621,-19.354511,-0.022393394,-4.8298173,12.9186125,0.006982264,0.0138840545,0.011293369,4.072398,0.46296299,0.02,0.0,1.055,0.345,-57.54866,b,Ses03F_script02_1,Ses03F_script02_1_F014
382,27.849442,0.15586151,23.829681,27.32842,30.809258,6.979576,92.63764,120.36505,24.170887,19.069706,0.28378442,0.7090875,0.118749574,0.21858148,0.43512335,0.31637377,4.5038657,2.222179,2.7173932,1.5435747,0.08321045,1.042148,20.47438,0.7120203,2.0791414,5.7993164,18.046844,0.7774471,-18.24258,-0.91232836,0.020610271,0.95027995,1.3792688,0.69272864,4.59668,0.60572976,3.9382052,1.8615811,20.595032,0.40275264,556.6382,0.43101877,1286.533,0.1406185,-113.66375,-0.8273165,1597.3744,0.1953704,964.5387,0.29763883,-114.89433,-0.77361006,2673.3933,0.10436862,776.35706,0.36001453,-116.33286,-0.7497134,-12.339028,-0.5354834,19.894701,0.34135735,0.04541609,0.5233055,-0.014833019,-1.1358129,0.12709406,0.7660631,29.488773,0.2968075,-0.12547237,-97.452286,19.397427,0.8514926,-25.047132,-0.7674007,-6.1786275,12.410532,0.018050706,0.004274668,0.046726067,3.3707864,2.772074,0.1562963,0.12570243,0.1775,0.15963407,-33.895737,s,Ses03F_script02_1,Ses03F_script02_1_M028
383,27.244068,0.12858678,24.332354,26.465067,30.664604,6.3322506,45.28548,27.797167,42.040607,26.9803,0.14927185,0.7712589,0.062390916,0.121492125,0.20681737,0.14442647,1.8891431,1.6819663,1.7597177,1.3006629,0.031593617,1.1135247,23.766558,0.51457924,1.0512048,9.632738,20.316315,0.68109995,-7.5364847,-1.0788366,0.01742838,1.0778973,1.0312198,0.7847722,5.4705863,0.43740422,2.8776498,1.9645226,24.332855,0.41995436,490.32828,0.34706122,1355.5966,0.16863532,-135.50366,-0.66493416,1553.2407,0.11381844,905.317,0.3019673,-138.77585,-0.5994306,2626.0916,0.08480131,912.76465,0.29918915,-139.69615,-0.5869503,-14.744309,-0.41149485,22.726925,0.375291,0.035305534,0.5761169,-0.009410008,-1.102071,0.052255128,0.8238485,31.971912,0.27428645,2.2470076,4.93886,26.943893,0.6451412,-7.256331,-1.3436297,-8.955326,17.0137,0.010025191,0.0051755593,0.02130059,2.0661159,2.1806853,0.14571428,0.10558551,0.29190475,0.34066626,-41.689938,o,Ses03F_script02_1,Ses03F_script02_1_M029
384,41.87766,0.056618173,40.73719,41.399284,44.863014,4.125824,37.09683,0.0,7.0052967,9.349848,0.075629115,0.40466136,0.050728954,0.064788945,0.09891774,0.048188783,0.55665404,0.31679156,0.32868487,0.20985368,0.010625725,0.5159936,20.901108,0.39900005,-3.5805707,-3.1027908,8.848979,1.0539272,-9.131317,-0.77987075,0.02056987,1.226033,1.3455448,0.3443423,7.8105283,0.2367378,6.154182,2.2222183,20.281986,0.52563685,715.33,0.30669674,1462.0626,0.15215968,-189.66968,-0.22837423,1673.4086,0.14048739,1196.428,0.27382752,-185.16486,-0.26851025,2794.5747,0.08840504,937.6213,0.35242125,-185.78592,-0.25675038,-10.666436,-0.47053868,21.688124,0.2308372,0.030442001,0.7166575,0.0014306522,5.868674,0.019941099,0.23762943,26.306442,0.20268455,-10.338156,-1.3842318,-2.1654043,-7.1194525,-18.73672,-0.46561566,-8.472911,17.969004,0.005817359,0.01103777,0.009810926,2.5586355,0.862069,0.0875,0.029474566,0.84,0.6855946,-56.202755,s,Ses03F_script02_1,Ses03F_script02_1_F015
385,26.643787,0.08802284,24.179335,26.553137,29.301037,5.121702,26.34813,0.0,7.9566803,13.1702385,0.09663608,1.2674749,0.04885964,0.05018724,0.07769132,0.028831676,0.22467187,0.15277594,1.0353543,0.0,0.01926953,1.5934793,27.949972,0.2073321,-4.9239964,-0.8047813,11.145229,0.3912474,-9.464345,-0.8060565,0.026232684,0.93830675,1.2558112,0.6349188,3.5746942,0.7266322,-1.6437438,-1.6206924,24.450108,0.48260313,725.5222,0.36748037,1462.5544,0.19171424,-169.7618,-0.41716224,1637.3248,0.1783955,1102.1416,0.188963,-170.98097,-0.3981058,2858.8174,0.098129496,769.34344,0.2611408,-172.68666,-0.37265965,-13.44083,-0.27175918,25.649963,0.34702107,0.049244672,0.4006285,-0.014101283,-1.0736628,0.08051315,0.4899383,37.527794,0.22633056,-5.5756288,-1.6585132,9.849466,0.7493674,-19.129515,-0.72755885,-10.714097,21.61697,0.0026633854,0.011278547,0.008085637,0.44444445,0.45454544,0.34,0.0,0.91499996,0.105,-42.443977,q,Ses03F_script02_1,Ses03F_script02_1_M030
386,43.62593,0.0019096362,43.57283,43.60158,43.70655,0.1337204,9.362666,0.0,-3.4149935,0.0,0.05324018,0.22655258,0.04847349,0.049803343,0.05251661,0.004043121,0.12957457,0.08505483,0.048038602,0.0182527,0.008616369,0.38219625,26.259764,0.08642278,-4.0502076,-0.7130294,11.015753,0.35663232,-8.016994,-0.70423824,0.024584338,0.5934954,1.3247937,0.25364396,8.376364,0.10513139,10.259462,0.28994322,28.065033,0.12135969,546.1208,0.23211586,1521.197,0.090113394,-198.59671,-0.09892671,1498.4479,0.17612384,1230.0946,0.105456784,-193.93236,-0.17276119,2543.6572,0.07247703,925.78986,0.13273294,-194.26442,-0.16395797,-12.335489,-0.2701124,24.392555,0.10318111,0.0048283497,2.4046173,-0.0029858185,-1.2530198,0.020516772,0.16531311,32.69703,0.04666417,-4.7775407,-0.9898092,5.815872,1.3807998,-28.323048,-0.24040861,-11.3909235,22.715206,-0.0008590531,0.011098909,0.008198301,0.42194095,0.4310345,0.08,0.0,1.105,0.24499999,-59.36842,ans,Ses03F_script02_1,Ses03F_script02_1_F016
387,25.916132,0.0922961,23.379652,26.498043,27.865074,4.485422,137.90521,166.33388,17.749043,6.258215,0.19972204,0.9350648,0.051663358,0.1329715,0.3221815,0.27051812,3.4090471,1.9866607,3.1403015,1.8577353,0.045811333,1.158057,23.997416,0.46565047,-4.5159016,-2.661385,19.341095,0.73228526,-6.343899,-1.4061956,0.018663535,0.7884654,1.1476865,0.687464,3.9041064,0.543553,4.7518377,1.329231,18.629658,0.37728307,514.3283,0.40162975,1314.7217,0.1498419,-134.33513,-0.674416,1533.5714,0.13206525,962.1671,0.3203339,-135.71077,-0.64098626,2607.8367,0.06912329,873.359,0.37492478,-137.08862,-0.6206166,-10.286261,-0.57703376,18.49645,0.36018765,0.03175188,0.58909655,-0.004379542,-2.3361545,0.089479394,0.66894984,31.65941,0.2577201,-8.370486,-1.5849892,24.799805,0.6460275,-8.823242,-1.374802,-8.448735,16.897799,0.005933346,0.009723811,0.02321559,2.586207,1.8813314,0.17307691,0.10505564,0.31357142,0.43470195,-38.5275,s,Ses03F_script02_1,Ses03F_script02_1_M031
388,26.651175,0.061375275,25.318089,26.672586,27.960796,2.6427078,102.6406,121.68703,22.625877,15.336461,0.24043971,0.7285753,0.0824439,0.18835604,0.37881646,0.29637256,3.4583774,1.9211054,2.2547839,1.0717213,0.050986536,0.8822069,24.246574,0.47628418,-3.2786202,-3.8751554,24.3546,0.7607473,-13.057727,-0.8559256,0.015177862,0.8233749,1.041959,0.7555186,5.1449924,0.47498554,4.445696,1.5092686,19.100224,0.44640464,504.4595,0.37435827,1299.9381,0.16803037,-99.02751,-0.9584723,1550.0112,0.13859376,872.527,0.31863165,-103.3616,-0.8688542,2579.7983,0.07978159,787.9639,0.26166016,-103.9039,-0.85810226,-11.42153,-0.5309581,18.41407,0.36439982,0.03374922,0.63250387,-0.008736279,-1.1837398,0.072559334,0.6143522,30.216469,0.26119027,-5.15685,-2.6886969,32.342327,0.5809708,-15.594135,-0.7827619,-6.8929954,14.437196,0.010095263,0.007908118,0.028458642,3.217158,2.294197,0.2182353,0.18228081,0.18611111,0.31180725,-37.49969,s,Ses03F_script02_1,Ses03F_script02_1_M032
389,39.366215,0.096407615,35.33167,38.637543,43.239445,7.907776,51.236298,38.169,23.393862,8.808858,0.114818305,0.6017292,0.051998414,0.095640205,0.17078203,0.118783616,1.2976602,0.8005097,0.8485747,0.4568344,0.020578325,0.8631499,25.18939,0.2104579,-11.527894,-1.0308105,7.3752217,1.9783871,-14.472497,-0.79256827,0.014913606,0.92348254,1.3594469,0.4586664,6.304017,0.4096291,1.5951219,6.145914,17.850422,0.56295055,711.04425,0.3169628,1397.2312,0.15304175,-153.1098,-0.5370211,1687.3209,0.13601851,1204.0801,0.27419695,-142.91882,-0.5917591,2703.3098,0.10316506,1085.2739,0.4270021,-145.70284,-0.5517121,-6.3768754,-0.77354723,20.113094,0.28480715,0.02711118,0.6100808,0.0019462872,6.184722,0.034590226,0.5758349,27.420525,0.20367835,-18.799736,-0.6661683,-1.1490244,-15.407585,-20.61149,-0.59694827,-8.50731,18.05504,0.010679113,0.008253845,0.014681661,2.467917,2.2817461,0.120434776,0.12719305,0.2952174,0.47970885,-48.74995,s,Ses03F_script02_1,Ses03F_script02_1_F017
390,22.447985,0.039844032,21.547895,22.348764,23.320866,1.7729702,17.786074,6.6586895,5.7026234,9.355847,0.086944744,0.7555998,0.048777286,0.052388325,0.120460235,0.071682945,1.4801776,1.0348675,1.2747251,0.65194654,0.017590385,1.1062071,28.058846,0.27414978,-4.38631,-1.1630507,12.665262,0.6321321,-7.648386,-1.081504,0.016376102,0.7994832,1.2280312,0.7462214,3.999691,0.39871818,3.6253245,0.95945376,24.620745,0.21231303,543.02454,0.39148292,1372.6158,0.090931684,-168.11493,-0.43384433,1556.3815,0.13858873,964.2979,0.1954081,-169.9412,-0.40569168,2575.7603,0.13269167,874.44244,0.4582217,-170.84737,-0.39147326,-15.212963,-0.23160039,20.800688,0.11526437,0.03531941,0.4541553,-0.010361918,-1.0403516,0.037141092,0.33859,41.735218,0.10209349,-5.735546,-1.2937434,22.17479,0.42430702,0.6126384,15.43268,-10.579739,20.952696,0.0030425119,0.009315694,0.01404746,2.4822695,0.72202164,0.21499999,0.195,0.7633333,0.5262657,-47.63624,o,Ses03F_script02_1,Ses03F_script02_1_M033
391,39.425697,0.09432328,36.633564,40.53743,42.20337,5.569805,17.847218,8.443459,152.76819,223.30597,0.14671516,0.99414414,0.053039175,0.09709524,0.18201815,0.12897897,3.051395,2.4555902,1.8993676,2.3074138,0.03645578,1.7730826,23.118177,0.35450903,-5.801241,-1.8833281,9.70376,1.1121197,-13.956467,-0.69066113,0.019695567,0.89273286,1.2757379,0.6448905,6.967062,0.29884997,5.6450634,1.780712,18.383766,0.48647138,712.6789,0.32005447,1325.156,0.13524523,-155.71027,-0.500923,1701.5343,0.14075306,1176.5541,0.35931322,-139.44385,-0.59316015,2680.8962,0.10332864,983.542,0.37500623,-140.71222,-0.57523566,-9.306332,-0.63938564,18.307978,0.35758084,0.031308353,0.7129638,-0.003293808,-3.7485445,0.065574,1.4731197,25.649996,0.33562222,-10.036451,-1.2399116,7.3848844,1.8353958,-18.311674,-0.5832133,-8.582459,18.600609,0.011331706,0.008535698,0.020729817,1.7985612,2.7223232,0.11066666,0.07505257,0.234,0.26597744,-38.748863,s,Ses03F_script02_1,Ses03F_script02_1_F018
392,32.417416,0.18284932,28.085678,31.479843,35.886536,7.8008575,215.2128,325.96915,265.91327,364.2013,0.3631628,0.91384983,0.112506464,0.26212817,0.5442276,0.43172115,7.3753915,4.5420046,4.5914345,2.903368,0.12714398,1.2212411,18.684275,0.6827403,-4.019419,-4.1346445,18.037199,0.8379885,-15.224389,-1.0039506,0.03731077,1.520346,1.4462416,0.6655413,4.450928,0.58065414,2.8854885,3.0291288,15.707455,0.59421265,608.4818,0.424482,1246.0653,0.15600376,-127.50639,-0.71051157,1638.7296,0.14387305,945.774,0.3455201,-122.35654,-0.7113233,2661.4385,0.09305773,859.9352,0.38050598,-122.3927,-0.7093721,-9.740511,-0.5574856,16.79473,0.34597975,0.045651425,0.55362076,-0.011873921,-1.2370614,0.20108604,0.8727597,24.390327,0.38791996,-7.0905914,-2.3555205,18.9212,1.0156202,-19.968307,-0.8074422,-5.6244125,12.367903,0.01704092,0.0033727095,0.07631797,3.3333335,3.5036497,0.109583326,0.08329062,0.16217391,0.15631507,-30.683697,o,Ses03F_script02_1,Ses03F_script02_1_M034
393,32.460938,0.25213107,24.08403,28.857498,42.06367,17.979641,4.962306,24.756657,90.1136,77.75934,0.24453945,1.185154,0.06951508,0.15209201,0.32407182,0.25455675,6.8126836,6.0897245,4.2088404,2.5890553,0.07489764,2.1039624,17.161198,0.69530517,-1.6264458,-7.56012,18.21912,0.91907465,-11.3503065,-0.85780007,0.026858991,1.2266818,1.1557255,0.66244614,6.0525813,0.4192733,9.8428135,0.7156206,20.74052,0.40332595,538.53326,0.36358118,1340.4438,0.17640111,-142.16722,-0.60832644,1588.7982,0.11275198,873.57404,0.2996916,-135.22014,-0.6276749,2663.0928,0.06554206,897.4161,0.3972373,-136.00497,-0.61565065,-11.237044,-0.5476082,19.141918,0.3671131,0.04094172,0.66939574,-0.008326312,-1.3666188,0.15424255,1.5213386,21.431025,0.5401679,0.26330578,56.476486,20.508394,1.1572356,-13.055913,-1.0312731,-5.4372373,11.89236,0.012899662,0.0063599637,0.03180286,1.4957266,1.9438444,0.17444444,0.111066654,0.31777778,0.27534935,-31.090952,q,Ses03F_script02_1,Ses03F_script02_1_M035
394,31.900658,0.18581037,25.46347,33.786324,36.755116,11.291645,269.1493,436.4223,44.962807,13.186012,0.2740337,0.84990954,0.08320258,0.18436302,0.43100986,0.3478073,6.226532,3.4175458,4.5085554,3.346005,0.087638415,1.2946749,16.45672,0.7936808,-3.6852963,-3.182667,19.115019,0.7558126,-10.778199,-0.94178474,0.025638662,1.1197623,1.1999596,0.62818307,5.1163225,0.80470353,11.344444,0.8426371,20.592497,0.40757668,498.22406,0.4353439,1330.5803,0.14209472,-146.84761,-0.5715058,1566.3136,0.12981926,904.0274,0.325801,-138.15216,-0.6068153,2582.7195,0.08606361,965.38367,0.43473458,-138.45279,-0.60155964,-10.880892,-0.53607804,18.5617,0.38941455,0.054874007,0.49110222,-0.00662999,-1.8509494,0.1700849,0.7335654,24.452654,0.42518207,-2.4021914,-5.364295,21.069098,0.8745303,-11.216276,-1.1158186,-3.5198526,10.3565445,0.010440911,0.008397963,0.04584357,3.7530265,2.0706456,0.15470588,0.17780086,0.29055554,0.36174685,-33.161785,c,Ses03F_script02_1,Ses03F_script02_1_M036
395,29.301582,0.14115833,24.989433,30.04472,32.84345,7.8540154,205.07724,310.79727,20.924648,8.902934,0.31375194,0.7406655,0.10721386,0.25439355,0.48634052,0.37912667,4.7307324,2.8534102,3.6263158,2.1857224,0.09405031,1.017312,22.30175,0.72823447,-1.9948369,-7.9578323,18.26214,0.8022753,-14.759913,-1.0361377,0.0204781,1.3823968,1.1220685,0.6459773,5.5855074,0.59864575,3.17854,2.366801,21.23771,0.4473855,581.8123,0.3808025,1321.8339,0.15288074,-110.47295,-0.85673857,1611.8436,0.15915686,1028.9094,0.3029979,-111.618805,-0.7988168,2679.107,0.094067246,800.8975,0.29532185,-113.03013,-0.7746313,-12.438533,-0.64448875,20.89757,0.38071474,0.044561528,0.5325341,-0.012059743,-1.1944727,0.14139642,0.71780515,31.160156,0.3198597,-2.8283732,-5.871587,20.2606,0.8322167,-18.377739,-0.97950435,-4.5884748,11.703594,0.011302073,0.0041997167,0.050642427,3.4672973,2.136076,0.21666665,0.15570627,0.2484,0.19864902,-33.098724,s,Ses03F_script02_1,Ses03F_script02_1_M037
396,28.91001,0.124562584,26.40114,28.794353,32.10859,5.707449,121.36627,121.58067,72.46838,109.70974,0.29508385,0.8278216,0.09781353,0.20621695,0.48647428,0.38866073,4.285635,2.3751855,2.6268969,1.4251877,0.08895876,1.2308985,24.110018,0.50960565,-1.5380291,-9.224732,17.670889,0.870345,-15.114891,-1.2281485,0.025495961,1.4025747,1.1554819,0.77715874,5.3163085,0.55944306,2.3916585,3.3887255,20.23205,0.48502314,599.3142,0.39964077,1293.6774,0.14840531,-104.21252,-0.91646296,1665.9794,0.17681408,1051.732,0.34384418,-107.86561,-0.82613844,2681.9849,0.10152882,904.3001,0.42933324,-108.646,-0.81249666,-12.574146,-0.5300526,21.379063,0.30178654,0.040329583,0.5738237,-0.01470972,-1.1162146,0.14187776,0.91285414,31.51628,0.23573138,-3.930777,-3.6253467,18.993114,0.98875576,-21.866886,-0.99598306,-7.2601166,14.564217,0.009117318,0.0039550443,0.03668152,2.9143898,2.5617568,0.18571427,0.13337456,0.17793104,0.16026656,-31.477806,s,Ses03F_script02_1,Ses03F_script02_1_M038
397,25.33221,0.13933268,22.53236,24.994835,28.417904,5.885544,105.41616,212.8934,28.602785,28.09568,0.20697577,0.9379322,0.05796665,0.12804379,0.34354967,0.28558302,3.7707455,1.6691527,2.752758,1.5857128,0.051519126,1.3581978,21.907438,0.5884619,-3.6777132,-3.0168037,22.386658,0.7099369,-8.758549,-1.1451287,0.020953033,1.0837375,1.2103751,0.6881406,4.1482415,0.5060036,4.7739244,1.2294674,18.251163,0.4950926,528.32965,0.43651462,1217.528,0.15325001,-140.7258,-0.6262411,1593.4192,0.14588876,838.12317,0.34051463,-142.52159,-0.58600813,2623.504,0.09574706,804.3473,0.24535371,-142.4828,-0.5858565,-10.783191,-0.56587636,18.574287,0.3624459,0.03369051,0.63651884,-0.010505279,-1.2257729,0.104454406,0.89838386,30.363457,0.25779682,-7.7444887,-1.7775266,30.094973,0.66621107,-11.531295,-1.1742009,-7.440418,15.335856,0.003331844,0.0085548805,0.027886122,2.7602525,1.9002376,0.15458332,0.12079525,0.33720002,0.39584357,-36.87733,s,Ses03F_script02_1,Ses03F_script02_1_M039
398,23.286951,0.107108735,21.0477,23.192665,25.302444,4.2547436,204.79144,191.07335,15.011665,7.066377,0.15226498,0.6882183,0.05751546,0.12460575,0.22904555,0.1715301,2.0357332,1.1860346,1.9890889,1.233332,0.029583678,0.88587064,25.451372,0.55883664,-0.44024202,-25.425865,21.388184,0.69746983,-6.64633,-1.5088754,0.016596504,0.87420565,1.0230674,0.66634154,4.534926,0.46297532,8.01412,0.6258836,26.299706,0.2982718,568.1557,0.3988026,1351.5544,0.15353909,-118.20848,-0.7959769,1618.7776,0.13914633,974.5993,0.33173558,-122.21438,-0.72431314,2700.793,0.10423609,915.4396,0.35851493,-123.51259,-0.7046745,-14.763769,-0.44088387,23.344482,0.34636357,0.020502126,1.0757902,-0.006130408,-1.9470251,0.047180764,0.6196731,34.492603,0.24430767,0.5245776,21.168905,29.487919,0.538931,-6.5977297,-1.9945815,-7.552972,16.284342,0.0037888181,0.008982022,0.016626973,3.5131745,1.388889,0.29999998,0.24151039,0.3658333,0.33979055,-41.387043,o,Ses03F_script02_1,Ses03F_script02_1_M040
399,23.336237,0.060237326,22.401966,23.536816,24.431942,2.029976,109.66247,111.020996,19.421392,11.737704,0.15463798,0.70082724,0.059480425,0.12570994,0.234711,0.17523058,2.2945533,1.1098425,1.8220047,1.0880444,0.032292996,0.95006245,22.269522,0.6855748,0.5019404,23.708368,16.790764,0.75706697,-6.36591,-1.3520049,0.015628492,0.94372,1.1493001,0.75835365,3.9900537,0.51742136,7.771089,0.61620903,25.034695,0.35789832,501.9665,0.39954367,1350.7424,0.18454444,-139.10944,-0.6286299,1520.2642,0.13525604,979.0261,0.25983408,-141.11281,-0.5925277,2612.0283,0.09600616,946.94794,0.31220827,-143.31456,-0.5612279,-12.681525,-0.49895698,22.86839,0.35319042,0.022177499,0.85236394,-0.0066830455,-1.7325037,0.057454336,0.62160766,34.603302,0.28983092,-3.2233245,-4.0913544,22.033312,0.70773405,-5.5835896,-2.1134992,-7.451559,15.333676,0.0031513823,0.007437412,0.020701377,3.3673468,2.1538463,0.13857143,0.10466661,0.29136363,0.26658267,-41.93846,s,Ses03F_script02_1,Ses03F_script02_1_M041
400,32.611904,0.18007156,25.077171,34.857056,37.458668,12.381496,77.87956,85.12844,32.020035,28.568947,0.43867844,0.9407291,0.12765174,0.2747094,0.70335263,0.5757009,5.9899573,3.119852,5.366068,3.8835075,0.13951991,1.3084146,19.111044,0.7496073,-5.2529936,-3.2313714,9.660363,1.5819196,-13.267402,-0.9825583,0.029525425,1.6612053,1.1194266,0.66729045,5.054355,0.68474686,2.6813574,3.3849185,15.864294,0.6365584,636.6504,0.40594682,1360.6304,0.2102566,-102.074425,-0.9212938,1662.3962,0.1730465,1068.7915,0.3539722,-93.11779,-0.9746615,2690.4778,0.11496512,958.96515,0.31272978,-95.02973,-0.93735844,-8.616952,-0.71757394,16.443071,0.49263182,0.049747005,0.5032962,-0.009498984,-1.5248656,0.21097346,0.9808473,24.925234,0.41352114,-10.494923,-1.6227344,7.229472,2.395823,-16.270157,-0.9006698,-4.4467535,11.056973,0.008836755,0.0044656787,0.047295764,2.7383368,2.2426097,0.24318181,0.18415375,0.18181817,0.1494425,-28.179008,s,Ses03F_script02_1,Ses03F_script02_1_M042
401,37.47711,0.001193553,37.42907,37.497772,37.516945,0.087875366,0.0,0.0,-0.014910017,0.0,0.077310815,0.26529402,0.056291465,0.072671555,0.09711906,0.0408276,0.27279678,0.07120289,0.24900685,0.12682651,0.011923385,0.34424183,20.87267,0.24490225,-6.536666,-0.44635618,14.67438,0.36098206,-10.277027,-0.7210724,0.016430743,0.4127982,1.2260065,0.47456723,5.756796,0.124943495,13.470116,0.06307099,21.214207,0.043358017,477.73343,0.24819686,1352.122,0.019134555,-198.00906,-0.11440324,1643.336,0.03967059,1231.2415,0.21990247,-194.56383,-0.16478832,2328.3843,0.075302385,1804.5762,0.36594978,-194.56723,-0.16478334,-11.275803,-0.14068602,19.203554,0.15885095,0.03599742,0.09620919,-0.0047450564,-0.57609916,0.0150158135,0.069492005,21.33527,0.053604204,-4.0373826,-0.16315979,16.157307,0.10435515,-23.902857,-0.0821079,-9.324928,18.997911,-0.0045848154,0.006431999,0.011977816,3.773585,0.4830918,0.06,0.0,0.98999995,0.01,-56.465923,s,Ses03F_script02_1,Ses03F_script02_1_F019
402,26.653824,0.06847863,24.872133,27.010471,28.401983,3.52985,0.0,0.0,-0.33174503,0.0,0.11638031,0.74345124,0.052964393,0.083066985,0.15256716,0.099602774,1.2230949,0.7981887,0.8719904,0.6588196,0.020593556,0.91009414,18.682762,0.58598673,-6.234509,-1.3009678,14.022971,0.89473844,-8.774247,-0.6003299,0.025570964,0.75801224,1.4330553,0.50189286,5.0917773,0.5458807,-0.51001513,-1.750552,22.709318,0.3123392,481.28442,0.50271624,1210.6237,0.116227046,-189.79187,-0.23823297,1534.4619,0.15429673,806.5016,0.34769493,-190.1909,-0.219301,2537.9502,0.07364815,736.3166,0.2185571,-190.118,-0.22084773,-13.79221,-0.32307416,21.34363,0.28937784,0.03168807,0.41737288,0.0011688874,8.268304,0.06684841,0.2948706,31.628273,0.14128742,-0.10755654,-88.39659,41.600174,0.45133176,-5.300032,-1.2581378,-6.540622,16.384119,-9.961344e-06,0.00996419,0.018044043,2.197802,0.37313434,0.14999999,0.0,1.25,0.35999998,-47.1827,q,Ses03F_script02_1,Ses03F_script02_1_M043
403,35.299614,0.0062961373,35.09045,35.324375,35.52024,0.4297905,2.7143269,0.0,-22.257742,0.0,0.06123343,0.31598532,0.04871426,0.051252116,0.07381126,0.025097001,0.4172245,0.21697487,0.18440074,0.13513198,0.009175268,0.4199176,26.542103,0.19688256,-4.721052,-1.2713269,6.6626153,0.90337056,-9.984155,-0.38116518,0.026113924,1.2954247,1.546167,0.3507378,3.1702347,0.29496828,1.6881697,1.8380147,19.060007,0.27741033,554.54156,0.16600466,1418.0557,0.12865162,-184.11179,-0.28230977,1543.0062,0.03948334,1272.7017,0.17419598,-184.58006,-0.27438077,2568.0774,0.06181929,1182.1434,0.13609183,-185.6899,-0.2542008,-7.8026414,-0.29132056,23.542599,0.07004424,0.02362478,0.42844766,0.00439361,1.584515,0.016882693,0.22420745,35.12573,0.022535387,-17.611258,-0.41380835,-7.048047,-0.5202889,-13.266552,-0.43300945,-10.50341,21.570776,0.0058613312,0.009036462,0.008648858,3.0674846,1.2658229,0.055,0.035,0.4733333,0.30575952,-58.71958,q,Ses03F_script02_1,Ses03F_script02_1_F020
404,21.242012,0.040666126,20.404934,20.982683,22.198282,1.7933483,39.23626,0.0,-20.972158,0.0,0.11265812,0.8925696,0.050119452,0.059439678,0.15305595,0.1029365,1.5142112,0.91103494,0.79963857,0.44205034,0.022306157,1.1870023,22.074081,0.4411261,-2.7902977,-3.2884254,9.200609,0.7122029,-14.225926,-0.7103201,0.013683827,0.2568727,1.1146222,0.58204645,2.3987443,0.5521254,5.2573953,0.26041347,9.809713,0.352651,451.70715,0.37219283,1262.4515,0.057083495,-185.83817,-0.26866707,1419.7478,0.19922058,927.89703,0.12893316,-185.74977,-0.27082998,2475.3428,0.104755655,626.4097,0.31871426,-186.17902,-0.26219767,-9.966958,-0.43102473,17.904469,0.13702527,0.03558563,0.26174998,-0.01807598,-0.623202,0.069684744,0.39760315,34.107174,0.05764559,-15.081423,-0.88096815,11.172714,0.43932357,-27.716656,-0.5564382,-8.841244,18.936909,0.008059146,0.0053452672,0.018952888,1.7391305,0.8888889,0.074999996,0.024999999,0.68333334,0.23471022,-45.216,ans,Ses03F_script02_1,Ses03F_script02_1_M044
405,0.0,0.0,0.0,0.0,0.0,0.0,0.0,0.0,0.0,0.0,0.05591386,0.1294072,0.05048695,0.05318937,0.059849463,0.009362515,0.20080525,0.07304775,0.11585939,0.08466212,0.009475526,0.37417987,24.41674,0.14519231,0.20486929,15.589925,11.891305,0.31545985,-9.255348,-0.49466586,0.0,0.0,0.0,0.0,0.0,0.0,0.0,0.0,0.0,0.0,0.0,0.0,0.0,0.0,-201.0,0.0,0.0,0.0,0.0,0.0,-201.0,0.0,0.0,0.0,0.0,0.0,-201.0,0.0,0.0,0.0,0.0,0.0,0.0,0.0,0.0,0.0,0.0,0.0,0.0,0.0,0.0,0.0,0.0,0.0,0.0,0.0,-13.119917,23.706306,-0.004436706,0.008997791,0.009555085,4.2780747,0.0,0.0,0.0,1.81,0.0,-58.42384,o,Ses03F_script02_1,Ses03F_script02_1_F021
406,27.496191,0.10839739,24.823895,27.189747,29.31665,4.492756,31.89654,25.12379,28.97259,17.819567,0.10201809,0.5402138,0.05528681,0.08414732,0.14632967,0.09104286,0.9214379,0.759793,0.52033603,0.34104952,0.019424235,0.7289597,25.917091,0.2877188,-2.128717,-4.4121532,18.801128,0.4142925,-6.77945,-0.92112803,0.015559291,1.0050294,1.3983594,0.5262648,4.1629095,0.46681303,-0.36632982,-23.969412,18.995619,0.42256123,560.5502,0.4111725,1375.8098,0.16656052,-156.0513,-0.5065527,1577.8784,0.1440098,1102.1803,0.29582456,-156.5764,-0.48544005,2557.8293,0.10582926,1051.3217,0.31066322,-157.96284,-0.46520668,-12.9116125,-0.3574984,21.615568,0.2077955,0.027843265,0.66108435,-0.0013443877,-7.794853,0.03129101,0.35447142,33.436604,0.15678978,-5.872313,-1.7700969,20.379145,0.48116565,-7.107007,-1.244794,-11.1520605,19.482306,0.0049322005,0.008192791,0.015810125,2.014218,1.7878428,0.12333333,0.09991107,0.389375,0.5012169,-48.67431,q,Ses04M_script02_1,Ses04M_script02_1_M000
407,27.950666,0.13685094,24.636707,28.393915,31.961136,7.3244286,50.759785,19.143877,38.23815,64.796265,0.08760418,0.67700195,0.049113445,0.056180477,0.12064246,0.071529016,0.9434274,0.8102403,0.5243635,0.41298187,0.01748186,0.92199296,27.367895,0.26565024,-0.8889397,-8.626777,18.477556,0.4756748,-9.576064,-0.708368,0.01575909,0.939715,1.2856053,0.5219052,4.160509,0.48937678,-0.35594872,-17.35547,18.631088,0.4156546,563.6538,0.32621107,1324.307,0.1565486,-173.06499,-0.37693173,1627.5267,0.14238127,1009.5369,0.24822515,-174.25977,-0.3520644,2635.732,0.0722515,923.81433,0.32066247,-174.65765,-0.34558237,-13.297199,-0.28333592,21.34297,0.23089126,0.03158982,0.40228,-0.014049115,-0.9452692,0.037590027,0.5650717,34.67868,0.21501245,-4.1103725,-2.2482173,20.915339,0.6311014,-15.610832,-0.6218986,-12.674866,21.324823,0.002221597,0.007253717,0.014137209,1.2468828,1.5025042,0.086666666,0.05953524,0.52894735,0.5113336,-48.70274,s,Ses04M_script02_1,Ses04M_script02_1_M002
408,28.18933,0.07203053,26.223034,28.75286,29.865479,3.6424446,37.15396,43.224293,17.740011,12.213614,0.100425474,0.51660347,0.052513868,0.08969671,0.13894093,0.08642706,0.7159529,0.3538614,0.48019618,0.30419317,0.017583625,0.66119874,25.152353,0.34866908,-4.3681993,-1.6031266,18.179655,0.56963325,-7.762897,-0.86810935,0.016630333,1.114967,1.2080679,0.43164453,4.870974,0.51210165,1.3361989,4.4807844,20.01952,0.38248262,555.73865,0.3853392,1308.5355,0.16436222,-167.1829,-0.42885128,1582.6619,0.13486765,1028.009,0.25508946,-167.5927,-0.4108939,2591.4773,0.09157831,981.3014,0.28400263,-168.47838,-0.39759037,-12.324873,-0.35029054,21.513802,0.18426538,0.03232432,0.5674983,-0.0032553792,-4.2276864,0.032249767,0.4146838,34.58427,0.17623383,-8.579782,-1.0831572,21.54998,0.6888181,-10.175225,-0.9890582,-9.933806,18.46874,0.002874096,0.008898012,0.014481095,2.485207,1.3095238,0.12636364,0.12227188,0.565,0.57780474,-49.28838,s,Ses04M_script02_1,Ses04M_script02_1_M003
409,34.66079,0.069220856,31.795883,35.528984,36.992924,5.1970406,22.70827,0.0,-26.641537,0.0,0.16762042,0.8237989,0.059308335,0.09653231,0.28055915,0.22125082,2.4135182,1.596861,2.720984,1.5470952,0.036817715,1.0310302,22.13453,0.4165333,-3.456858,-2.2014701,13.150002,0.49857503,-15.245542,-0.7197772,0.01853815,0.79114383,1.1257678,0.8295197,7.110792,0.26035163,0.6764173,6.695461,22.200165,0.46553063,645.5,0.2262586,1549.9233,0.23116563,-151.02072,-0.53430486,1605.6769,0.11069052,1273.6343,0.31961864,-149.92793,-0.5238112,2681.1204,0.0864456,1016.49927,0.36716098,-152.3324,-0.49059892,-11.952734,-0.577241,21.481005,0.32129312,0.033049814,0.47119975,-0.013178811,-1.2688072,0.07672458,0.4983175,29.741022,0.2685274,-5.4809613,-2.1884274,9.580401,0.8138172,-25.528801,-0.5005473,-8.024235,16.467804,0.0061582625,0.0067441827,0.023033869,2.7586207,2.142857,0.12,0.014142135,0.24249999,0.12497499,-41.07318,q,Ses04M_script02_1,Ses04M_script02_1_F001
410,26.464813,0.045498136,25.261486,26.103958,27.81823,2.5567436,22.196198,0.0,-17.563486,0.0,0.06491309,0.49760863,0.047366094,0.04978906,0.08253634,0.035170246,0.08102274,0.055252485,0.315016,0.0,0.01264706,0.6516384,26.235031,0.104044296,1.2008995,3.5141826,18.135563,0.37154612,-6.6899543,-0.47907326,0.025033837,0.67742425,1.3551555,0.27316517,4.123239,0.40908018,-7.8393273,-0.6703948,17.984537,0.16025813,578.8409,0.26359093,1245.1923,0.18924363,-180.88571,-0.32060388,1604.6259,0.09775078,1090.209,0.37270293,-181.2069,-0.30572513,2536.5122,0.061396103,855.95233,0.16921061,-181.44899,-0.3015612,-15.836348,-0.19372693,23.978428,0.17805026,0.033363707,0.41557476,0.0028349825,1.4434211,0.025962682,0.35103002,27.609402,0.20136204,3.0767455,1.0431063,32.49235,0.11182881,-6.3046556,-0.5387072,-13.8972025,24.181068,-0.0013709865,0.011390074,0.011178736,0.61349696,0.63291144,0.16,0.0,0.695,0.035,-52.979126,q,Ses04M_script02_1,Ses04M_script02_1_M005
411,39.175976,0.10148461,35.786118,39.115036,42.538715,6.752598,43.25044,6.3147717,60.15108,26.50069,0.26865253,0.9811587,0.050376967,0.16264042,0.5131149,0.46273798,2.6344898,2.0075126,3.4540787,1.9331981,0.10200869,1.3126335,24.629282,0.4523379,-3.2300878,-4.137316,11.550206,1.0442272,-14.860511,-0.9912859,0.028403295,1.2967316,1.1700277,0.5841901,8.257536,0.40115914,9.285051,0.9382502,22.121117,0.4164096,737.7057,0.3072184,1453.8767,0.21989274,-127.560265,-0.6868485,1699.2346,0.1259991,1008.53705,0.21526428,-119.781525,-0.71928734,2797.0154,0.09546773,984.5329,0.42534438,-122.879875,-0.6720154,-11.951404,-0.61724734,23.306192,0.36397585,0.054043584,0.49488598,-0.0059915376,-1.8809347,0.17473318,0.6668136,27.074667,0.3769874,-9.451317,-1.7233218,9.170338,1.7597773,-21.906044,-0.6978131,-11.632646,20.946665,0.006440278,0.008542604,0.045494158,1.8248175,2.6022303,0.16285715,0.06648615,0.22999999,0.20297782,-32.47672,ans,Ses04M_script02_1,Ses04M_script02_1_F003
412,30.91196,0.11671999,27.531187,27.811653,34.939926,7.408739,124.45285,0.0,-23.71769,0.0,0.084523395,0.6209391,0.049267575,0.053479493,0.13071102,0.081443444,0.16652144,0.15760805,0.21379045,0.10441188,0.015775416,0.8293066,25.047394,0.4296104,-1.5105044,-3.8773403,16.347357,0.4325046,-7.616257,-1.0113933,0.025589604,0.76712656,1.264574,0.6587298,3.5601647,0.35211727,-2.3850656,-2.6431844,22.056652,0.15533705,509.26306,0.30267796,1498.2257,0.087647036,-186.59975,-0.25142705,1599.7671,0.08720538,980.4725,0.23323214,-186.98584,-0.2350098,2673.2798,0.07070247,927.06635,0.36465862,-186.97699,-0.23496145,-13.051624,-0.6328719,20.17111,0.48851436,0.023786522,0.5618789,-0.002989512,-3.7451198,0.025745457,0.48955297,24.790794,0.5086981,1.1583714,3.8233314,23.508564,0.30133858,-16.388248,-0.5019621,-10.645041,21.114023,0.004657597,0.009247626,0.015387729,0.68027216,1.4084507,0.044999998,0.005,0.42666668,0.17556258,-51.987804,ag,Ses04M_script02_1,Ses04M_script02_1_M006
413,40.930134,0.102907225,37.957283,41.109802,44.566868,6.609585,34.989243,16.346167,1.0268707,23.893785,0.38663435,0.70771706,0.157392,0.3201165,0.6393361,0.4819441,4.828336,2.0742445,4.890212,2.3220446,0.11785107,0.87107354,23.093946,0.47651088,-8.68013,-1.9288721,9.705712,1.6835982,-22.825443,-0.6848175,0.025729537,1.4283104,1.1232654,0.7753229,9.155123,0.41773984,9.474152,0.88353366,18.060099,0.5124572,717.13214,0.34524432,1371.2639,0.16779795,-87.99242,-1.0336069,1697.4883,0.1359664,1100.7084,0.3121332,-75.5093,-1.0860602,2775.8577,0.097343,936.53937,0.35913563,-79.86972,-0.98788846,-9.797034,-0.7355782,19.71461,0.39324892,0.050054207,0.49602345,-0.003430523,-3.997075,0.1508288,0.6983911,23.356613,0.40829816,-13.271267,-1.3430731,9.367325,1.9418467,-27.53594,-0.5600557,-10.563162,21.02988,0.017867938,0.0033321632,0.050853617,4.117647,2.7722774,0.235,0.14391218,0.098,0.11805083,-31.220926,q,Ses04M_script02_1,Ses04M_script02_1_F004
414,29.012835,0.1947843,25.381527,27.518162,32.0047,6.6231728,55.06015,32.953117,189.76797,289.92188,0.10677398,0.62815803,0.0511081,0.09115978,0.13920154,0.08809344,1.1213801,1.1334573,0.62797445,0.63947564,0.02066249,0.82395476,27.694603,0.33066595,-2.0848525,-4.711584,17.630173,0.6419065,-10.009417,-0.9300376,0.021810789,2.1102028,1.2381508,0.6261935,4.916419,0.6203721,2.170921,4.4427094,20.455038,0.4052803,602.3554,0.34983787,1370.5419,0.14796418,-156.91495,-0.5062297,1651.945,0.16226152,1089.6104,0.23629194,-156.83476,-0.4823706,2637.7632,0.0973417,982.8432,0.27354357,-157.62932,-0.47124973,-14.232457,-0.34204367,22.842226,0.2534695,0.035932776,0.5784468,-0.009177211,-1.4758434,0.035998683,0.61835486,34.441387,0.20818816,-4.6744742,-2.5752065,16.540539,0.93810105,-16.541786,-0.7821594,-11.787233,20.346342,0.0046402696,0.0065963813,0.015965987,1.6536119,1.6608392,0.13421053,0.07659296,0.44789472,0.605567,-45.475994,ans,Ses04M_script02_1,Ses04M_script02_1_M007
415,28.578928,0.08740074,26.32885,28.280186,31.752693,5.4238434,33.636974,31.566965,23.224009,22.351955,0.083035864,0.5766717,0.050717156,0.06366065,0.106732525,0.05601537,0.70272154,0.68548024,0.41119862,0.19547303,0.015777415,0.778792,24.340576,0.3064426,0.023447765,331.2778,16.706562,0.52458334,-9.830087,-0.7351864,0.012227817,0.8332449,1.3176787,0.45429677,5.0986257,0.43611664,1.9020826,4.665418,22.463266,0.3589356,686.3047,0.26678246,1400.2848,0.122971185,-176.61455,-0.35208458,1791.4031,0.13583326,1134.2988,0.22827965,-177.14598,-0.3317814,2773.0334,0.07681159,928.9179,0.27519262,-177.42963,-0.32693672,-16.083138,-0.39237958,24.519619,0.2951991,0.03106638,0.61255115,-0.015593563,-0.9093789,0.03609816,0.52897173,35.93402,0.16101184,-0.55429196,-23.554403,16.308344,0.9334377,-20.370527,-0.49455842,-11.629713,21.045622,-0.0024259028,0.009677178,0.012738747,1.6355141,0.94007045,0.13125,0.11027664,0.81,0.7041464,-49.939255,s,Ses04M_script02_1,Ses04M_script02_1_M009
416,25.293755,0.14092685,22.456783,24.299515,28.93493,6.4781475,196.14737,200.09375,21.218914,12.61024,0.072078586,0.4243834,0.04852028,0.05691409,0.09430615,0.04578587,0.42154923,0.32101446,0.30887842,0.22050191,0.012911261,0.56690145,27.085794,0.23623702,-0.9512444,-6.727968,16.548677,0.4776348,-6.8099694,-0.9957931,0.0128305005,0.71958077,1.1501001,0.44016016,4.076789,0.52087045,4.2318873,2.255292,21.068111,0.42246503,520.90454,0.32409048,1389.0917,0.1265642,-180.51791,-0.31981987,1585.7621,0.12071282,1079.6483,0.29947478,-181.24525,-0.30088046,2584.983,0.090466686,1113.2435,0.26499707,-181.57785,-0.29535064,-14.488729,-0.27579486,22.454266,0.24345163,0.022011397,0.9718607,-0.0039989892,-2.7693167,0.021836475,0.40552178,33.195095,0.17075133,-1.9593154,-4.4991746,22.932428,0.4799804,-4.15665,-2.421348,-12.400644,21.38399,0.0029857552,0.007007805,0.0118643865,1.579587,0.9140768,0.10733333,0.058704533,0.905625,0.9710495,-53.033894,o,Ses04M_script02_1,Ses04M_script02_1_M010
417,27.986387,0.20715907,23.422697,27.219406,32.219128,8.796431,119.184715,64.02732,104.5553,148.6351,0.086582184,0.41377854,0.05013635,0.08042898,0.11444746,0.06431111,1.3303688,1.5731442,0.5280209,0.41052073,0.01742575,0.63204384,26.31802,0.28120357,0.3813898,21.1555,17.315943,0.6310856,-9.127145,-1.2067882,0.044021197,1.4532129,1.2162426,0.569289,4.8329034,0.6561166,8.386174,0.97948027,24.891075,0.42328835,710.3381,0.36029586,1374.9546,0.15960565,-177.70529,-0.3299537,1777.2909,0.16442928,1102.7,0.22138076,-177.74051,-0.31741992,2806.5542,0.10972215,924.97424,0.22330706,-178.3631,-0.3082991,-17.396856,-0.32045904,27.110119,0.25250876,0.007658187,2.0055604,-0.00321229,-6.582642,0.025752975,0.53881866,32.073715,0.1322407,1.138961,8.906685,19.406456,0.62075675,-8.208279,-2.3445122,-12.133352,21.03474,0.008131869,0.006333996,0.015737815,2.0408163,1.5037595,0.07625,0.046080768,0.5044444,0.5929982,-50.390827,q,Ses04M_script02_1,Ses04M_script02_1_M011
418,38.022293,0.08151309,35.707405,37.780006,40.81732,5.1099167,12.66092,9.247128,26.839855,0.07612324,0.22047055,0.85257006,0.060120218,0.17144601,0.3339787,0.2738585,2.5461454,1.2357867,3.0797782,1.6553292,0.05065193,0.9238771,28.138868,0.3770948,-1.4142162,-8.7807865,5.871735,2.2832901,-16.217205,-1.0808746,0.012684061,0.863064,0.8450907,0.7816474,9.949521,0.3520071,7.248957,1.133807,28.388779,0.33788195,748.0261,0.2690996,1447.4929,0.16215634,-97.53541,-0.96075284,1719.8107,0.15139136,1188.4222,0.20711769,-96.10441,-0.8941207,2940.4607,0.0941659,877.1792,0.36223707,-102.44348,-0.78539324,-13.827435,-0.6667122,29.07696,0.33226445,0.038456753,0.4742981,-0.0038302636,-4.3474913,0.079442315,0.54038495,32.652466,0.30815268,-2.4279592,-6.4462867,-0.34748524,-40.44863,-24.053349,-0.7498375,-11.004746,19.424437,0.0016496746,0.010371818,0.011757149,3.0567687,1.3392857,0.42999998,0.16753109,0.22,0.17478557,-35.80732,s,Ses04M_script02_1,Ses04M_script02_1_F007
419,35.119816,0.10963245,32.32187,34.36937,37.639484,5.3176155,110.03071,109.992874,177.91588,195.37543,0.13444597,0.50088215,0.06926026,0.12273199,0.20571834,0.13645807,0.968326,0.7150302,0.6776365,0.3011759,0.029037824,0.5711738,29.751534,0.3208781,-2.1932232,-6.1123824,18.991222,0.7579591,-10.8465805,-0.9519727,0.019646568,1.765035,1.0835865,0.6290556,7.601874,0.3335486,7.8139715,1.108412,23.683207,0.2609727,702.7478,0.36233765,1402.8368,0.14334844,-134.2737,-0.65132827,1730.8456,0.14633541,1167.7396,0.28694987,-129.3262,-0.65799326,2727.8906,0.10613788,972.9184,0.23965213,-131.08105,-0.6312457,-12.686821,-0.44192764,22.506073,0.21986279,0.031855103,0.6188626,-0.0011785994,-10.941367,0.037491698,0.33909905,33.848324,0.24336867,-8.072199,-1.8378978,15.572238,1.0894288,-12.162952,-0.9180061,-13.92995,22.15914,0.015466475,0.0015831945,0.024009716,2.8355389,2.480916,0.14923076,0.1517823,0.21642856,0.19107243,-44.985466,q,Ses04M_script02_1,Ses04M_script02_1_M013
420,38.844475,0.029526513,38.48825,39.055035,39.73332,1.2450676,9.94386,2.4224796,-14.285675,18.159077,0.20878327,0.83048326,0.06984767,0.13863948,0.3307075,0.26085982,4.6731253,3.340198,2.4357822,1.7639651,0.055346824,0.9996837,25.170769,0.4036258,-6.1329165,-1.9266802,13.294682,0.85088694,-12.408553,-1.0885748,0.020314353,0.76717925,1.1844481,0.5816895,8.226722,0.28350112,5.049547,1.6018133,21.523254,0.3258893,770.2818,0.27875543,1429.6298,0.14138803,-141.03731,-0.59054536,1710.8773,0.11277433,1090.8859,0.15946592,-135.1707,-0.61961126,2863.615,0.076456346,861.38556,0.32379782,-138.01823,-0.580256,-10.2918415,-0.6024828,20.96198,0.3604181,0.03742842,0.46928555,-0.010432501,-1.1047324,0.110094786,0.49562332,30.694988,0.21441257,-13.045468,-0.9283334,7.385443,1.5229588,-22.523563,-0.7136659,-9.51175,16.22037,0.014685141,0.0031064956,0.02875636,2.142857,2.9629629,0.11,0.05049752,0.16399999,0.14894293,-38.186226,s,Ses04M_script02_1,Ses04M_script02_1_F009
421,33.927517,0.19339697,25.209217,38.81214,39.230194,14.020977,79.41651,0.0,-0.048623767,0.0,0.12126881,1.0185839,0.05104484,0.08083147,0.1338616,0.082816765,1.861635,2.7770445,2.4070377,2.856856,0.02970734,1.6634213,23.441584,0.48886555,2.194924,5.157925,9.969272,1.124731,-8.088323,-1.2659689,0.011244736,1.2347372,1.2541376,0.67502,7.388329,0.5697637,1.2473507,7.2388988,24.272394,0.46090633,589.74866,0.37583894,1348.1425,0.14143246,-168.33037,-0.4050863,1568.3351,0.14474252,1090.0356,0.19581133,-161.11887,-0.45001578,2657.6274,0.10093818,971.7322,0.32226145,-163.3105,-0.41730517,-12.594463,-0.43816236,25.763338,0.36054382,0.043881875,0.33640048,-0.014117314,-0.7669471,0.09142801,0.8986368,32.55948,0.3110793,-4.4644017,-3.1181276,-0.54752135,-21.49466,-22.194479,-0.4699546,-11.296246,18.901546,0.007236258,0.009242739,0.013152521,1.7699115,2.2727273,0.08399999,0.0997196,0.33599997,0.18423897,-40.12427,ag,Ses04M_script02_1,Ses04M_script02_1_M015
422,35.789524,0.1416613,33.200836,37.860016,39.165726,5.9648895,82.243324,198.92406,14.184792,0.0,0.17746326,0.8814153,0.049093295,0.114822805,0.30311584,0.25402254,3.057971,2.739035,2.6145115,1.3182894,0.049994364,1.2062047,28.068169,0.38133794,3.982296,2.564602,6.911992,2.0480905,-14.740293,-1.1371169,0.023058107,1.8302255,1.1252031,0.74628943,8.946843,0.3688374,5.322648,1.1385871,30.810663,0.24720624,697.2748,0.300305,1338.1494,0.1383806,-133.71036,-0.65931934,1674.1405,0.14495859,1159.6073,0.18351951,-125.67043,-0.67762643,2854.7966,0.07412469,832.21893,0.47484732,-128.98701,-0.6281972,-13.857005,-0.44901294,29.570932,0.2654511,0.0471454,0.42069465,-0.015182524,-0.8621479,0.10118684,0.647013,34.552822,0.2801276,3.2887511,3.7732744,-4.3200808,-2.5798292,-30.775492,-0.44490498,-12.846238,21.898249,0.003121489,0.00910892,0.014668814,2.259887,1.7441862,0.23333333,0.15860502,0.2375,0.1806066,-36.959274,c,Ses04M_script02_1,Ses04M_script02_1_F010
423,29.309427,0.12699449,25.769348,27.642136,31.63649,5.8671417,77.95165,43.30568,44.03602,29.52253,0.11016527,0.63447356,0.051321384,0.09005545,0.15240447,0.101083085,0.9463909,0.67979074,0.6042779,0.4564848,0.023975885,0.8882447,27.492943,0.30447763,-1.056299,-9.358037,21.374819,0.49777883,-8.394192,-0.8364484,0.0130703775,0.8144421,1.2983317,0.51579124,4.8524456,0.4065929,-2.0016448,-4.5727696,19.703304,0.41196314,583.33655,0.38637155,1354.8861,0.23415294,-160.48317,-0.48045737,1655.1016,0.13670117,970.51624,0.27543944,-161.24144,-0.44998515,2644.4888,0.09687251,944.974,0.2539587,-161.87898,-0.44079432,-13.640996,-0.29007068,21.016514,0.22571439,0.041233715,0.34808877,-0.010722139,-1.0759375,0.04321798,0.6457278,33.896824,0.23096675,-5.870913,-2.0133517,22.53574,0.4846395,-12.340177,-0.7806222,-12.601021,20.5572,0.009624322,0.0070070564,0.01892018,1.8041238,1.686122,0.11769231,0.07050955,0.42214286,0.42455313,-46.178177,q,Ses04M_script02_1,Ses04M_script02_1_M016
424,40.598507,0.051607326,38.46982,40.655464,42.76068,4.290863,25.772028,10.051255,12.323015,5.296184,0.17141837,1.1182178,0.046637833,0.052285157,0.3369227,0.29028487,2.2382824,1.2265106,3.740134,2.2019823,0.046504118,1.5956775,25.26512,0.24833895,-4.9663367,-2.027396,12.953655,0.7640749,-13.863878,-0.95174557,0.03288882,1.6036345,1.063456,0.6736107,9.335095,0.3696997,10.984777,0.7421475,17.887222,0.52417314,605.93207,0.40336314,1413.1068,0.1227394,-165.81157,-0.4310932,1591.8489,0.14882404,1082.757,0.20424761,-138.01843,-0.62145185,2715.7927,0.0936377,831.835,0.3173312,-140.7634,-0.5821302,-7.9942784,-0.9828412,19.760162,0.4155422,0.038293716,0.45666024,1.5735646e-05,759.3015,0.11491253,0.8427111,25.36122,0.3906991,-11.182317,-1.2845149,11.332482,1.3431054,-28.264503,-0.4510616,-11.712634,22.474167,8.858556e-06,0.0127570005,0.013014714,2.238806,1.5209126,0.21249999,0.14922717,0.338,0.45433024,-37.750504,ans,Ses04M_script02_1,Ses04M_script02_1_F011
425,29.892092,0.05887362,28.007092,30.0004,31.637516,3.6304245,34.739597,0.0,-2.0843825,0.0,0.05716002,0.44429463,0.04564298,0.047476366,0.050927,0.005284019,0.041448317,0.021478988,0.2840018,0.0,0.009749041,0.56544113,27.852497,0.1816397,-1.5996878,-2.2149625,12.680346,0.22118832,-6.904855,-0.5411659,0.0170273,0.70225656,1.140996,0.3188181,4.358867,0.21685742,0.334638,11.988569,23.347813,0.1589134,695.7757,0.2643721,1458.5502,0.15787409,-185.33228,-0.26743844,1676.991,0.15161851,1194.4723,0.15836136,-186.21861,-0.25126,2741.4414,0.09348497,1006.46924,0.39647442,-186.9066,-0.23835984,-12.774015,-0.19159196,24.207056,0.08340377,0.024640653,0.43111223,-0.005190019,-0.67144394,0.020524837,0.30452746,40.761997,0.06058435,-7.297971,-0.8024938,10.928753,0.3046587,-13.63554,-0.38379002,-12.3574295,22.900608,0.00031684237,0.012927567,0.008882808,0.44444445,0.9090909,0.08,0.0,0.98999995,0.26999998,-56.12825,q,Ses04M_script02_1,Ses04M_script02_1_M017
426,41.087685,0.11299008,36.048733,41.477062,46.048607,9.999874,46.197037,7.011343,79.02111,96.97683,0.19761652,0.9651179,0.048628584,0.12800802,0.35890943,0.31028086,4.520221,2.1600811,2.6757753,1.488076,0.07457393,1.3784597,21.279074,0.5408568,-2.181601,-4.990953,12.847242,0.95305526,-14.740836,-1.0555819,0.027952982,0.88218266,1.510937,0.47966433,7.9185567,0.49239007,12.261763,0.92928547,19.352695,0.4847717,725.07965,0.3497446,1328.2401,0.18314195,-153.77388,-0.5101932,1745.0173,0.12397379,1052.2368,0.31253377,-145.02943,-0.54268265,2776.7595,0.09477773,1000.53644,0.46516928,-145.94893,-0.5300336,-12.398209,-0.61673284,21.041399,0.44108912,0.06730805,0.46798378,-0.0050521004,-3.3111923,0.17629267,0.5755132,22.326115,0.52218854,-7.2342944,-1.9434249,13.124662,1.4478506,-26.207241,-0.7056311,-10.368544,18.83951,0.012230643,0.0071499986,0.029586568,2.1582735,2.197802,0.13333333,0.04853406,0.29833335,0.23154671,-34.77577,ans,Ses04M_script02_1,Ses04M_script02_1_F012
427,34.220974,0.1273121,30.346674,34.47241,38.926266,8.579592,116.134926,134.5952,46.309357,49.80345,0.11721801,0.5012181,0.05561266,0.11004968,0.16374293,0.10813027,1.0274063,0.69322634,0.71946317,0.43128815,0.025199147,0.6713576,24.0451,0.37514326,1.4663302,7.6416545,17.796446,0.6519511,-9.549995,-0.97457105,0.022725636,1.2202818,1.2916689,0.4781123,6.802915,0.32002515,9.30032,1.0297014,23.106518,0.3477315,643.9202,0.35200927,1396.1147,0.17518155,-159.70511,-0.4690373,1684.5985,0.13990726,1071.9625,0.21473894,-154.4894,-0.48657888,2706.9617,0.0961038,1010.5817,0.3502941,-155.54065,-0.47222143,-13.684664,-0.35669062,22.43492,0.27701762,0.02659043,0.7759678,-0.0035385962,-3.3608844,0.03722697,0.43898422,29.261679,0.28297403,-1.7971187,-7.835894,17.779827,0.7504264,-12.427673,-0.9399613,-11.7715025,20.169186,0.0075740595,0.0061683296,0.021173574,2.9829545,2.1382751,0.11033334,0.091559924,0.32612902,0.3591628,-46.83831,s,Ses04M_script02_1,Ses04M_script02_1_M018
428,42.376076,0.09408231,38.94783,42.78921,46.403034,7.455204,38.475082,10.400084,22.244272,13.539407,0.4452759,0.7807164,0.1268652,0.35345218,0.7842948,0.6574296,7.8591995,4.223512,4.766207,2.6902905,0.1715766,1.1075758,19.39233,0.59804726,-11.849014,-1.4032139,8.107995,2.2928476,-26.37974,-0.6763831,0.02645681,1.3749307,1.1053522,0.7024422,8.850961,0.43229172,6.692196,1.2642022,17.203802,0.5994686,816.2156,0.24530885,1335.3888,0.18792439,-98.33863,-0.9404578,1774.8739,0.113997504,1052.5167,0.29312494,-93.74771,-0.9282599,2865.5908,0.076842725,916.6568,0.4620636,-96.56748,-0.87451476,-8.788191,-0.98903304,21.030727,0.4230467,0.0553443,0.44761539,-0.0006424595,-28.368223,0.24533325,0.796753,22.522709,0.42191675,-15.966575,-1.0621464,3.3681545,6.1111617,-34.08232,-0.4796262,-5.2200613,13.558178,0.009660657,0.0048225718,0.06925092,3.4722223,1.958042,0.29071426,0.20051593,0.274,0.28373227,-28.92274,s,Ses04M_script02_1,Ses04M_script02_1_F013
429,37.830822,0.124853365,34.618534,35.40133,43.58369,8.965157,33.161777,12.46967,26.490547,13.04536,0.3199836,0.84013563,0.07008196,0.24600397,0.5837673,0.51368535,3.4764974,1.6003203,3.5673845,1.141762,0.08673824,1.1164482,21.556623,0.62244403,-7.2568145,-2.2265391,10.812407,1.2100484,-10.588678,-1.0885805,0.022218676,1.1914386,0.9120061,0.6681367,9.054119,0.3505467,4.109629,1.3680154,17.297611,0.6093482,632.1197,0.42040473,1315.0106,0.13668688,-110.609436,-0.85786176,1616.849,0.1479356,1125.1359,0.23111501,-106.84409,-0.86311156,2632.5251,0.09935231,1077.8999,0.3747898,-111.5014,-0.78469014,-9.583361,-0.58103186,20.3501,0.30804148,0.06402731,0.45759025,-0.0028451483,-4.619551,0.15086614,0.6342958,29.509604,0.3811546,-15.967835,-1.0467268,8.765008,1.7089345,-16.627827,-0.7749394,-6.4985957,15.075941,0.009761689,0.012575059,0.026458204,3.196347,1.4018693,0.34666666,0.19938795,0.2575,0.17626329,-31.77673,q,Ses04M_script02_1,Ses04M_script02_1_F014
430,30.577919,0.09756801,27.604385,31.798832,32.31878,4.7143936,43.9602,16.87731,244.82768,382.14755,0.12919393,0.7153651,0.05704345,0.0915646,0.1931844,0.13614096,1.4982543,1.1523628,0.9519616,0.5656883,0.02800414,0.9946231,23.809834,0.42028552,-0.8148155,-12.729424,15.219889,0.7104092,-9.357857,-1.0369868,0.024498412,0.82773924,1.4140345,0.5037791,4.910839,0.38008332,0.86645436,8.482033,19.34391,0.45747125,559.23083,0.39279336,1304.4099,0.14257878,-157.62343,-0.49354202,1573.0216,0.17361191,1037.9076,0.2651781,-154.61295,-0.49960938,2613.8425,0.1060094,905.76215,0.2484209,-156.09377,-0.47887272,-12.086518,-0.27963018,22.758162,0.28488156,0.035269286,0.39794874,-0.009618081,-1.1804655,0.06410167,0.43546894,34.31141,0.22583413,-8.011762,-1.3511616,12.399219,1.3391026,-15.376424,-0.83725286,-10.403966,18.860271,0.0064745005,0.008579302,0.016495494,1.686747,1.7073171,0.13571428,0.07267484,0.375,0.4786439,-43.897972,ans,Ses04M_script02_1,Ses04M_script02_1_M021
431,37.821484,0.08772098,35.08562,36.819443,40.658875,5.5732536,23.628136,22.525084,90.921776,71.031494,0.40573743,0.61626154,0.1842777,0.3550162,0.60556847,0.42129076,5.467199,3.5813298,4.8328195,2.5071852,0.122391775,0.8205146,18.469501,0.87079865,-5.203579,-2.8722894,20.634548,0.78062534,-20.863935,-0.77003443,0.017345095,1.1487336,1.0169452,0.7253859,8.179597,0.4761291,11.966196,0.7002843,16.972017,0.5992991,659.8722,0.40107015,1373.9985,0.1693575,-94.619865,-0.96626335,1683.7528,0.13947129,1054.5076,0.3575135,-84.217705,-1.0122583,2737.1143,0.09396062,980.4474,0.43353632,-86.034454,-0.97360986,-9.863486,-0.7304287,18.721802,0.49688128,0.056950703,0.3486621,-0.0027252682,-4.4917436,0.15947455,0.62067556,25.663427,0.434503,-10.340256,-1.410705,19.398045,0.9365534,-22.627985,-0.7128388,-2.0916657,6.6365237,0.018056395,0.0019463381,0.059443343,4.506438,1.5250546,0.41,0.60528624,0.22285715,0.106061205,-31.471178,o,Ses04M_script02_1,Ses04M_script02_1_F015
432,29.967487,0.12370842,28.039713,28.8096,32.58013,4.5404186,57.605824,54.315792,110.02264,128.13719,0.1701674,0.60207605,0.095633805,0.14900984,0.22139004,0.12575623,1.7218739,1.4705437,1.2339691,1.9208158,0.038259484,0.9639887,26.336605,0.43075627,-0.5442358,-19.933249,20.905045,0.7315546,-11.451886,-1.2831738,0.014467519,0.888109,1.2064422,0.6383248,5.713357,0.47958192,4.963004,1.7979759,21.720785,0.3090141,590.96295,0.373185,1342.8965,0.1583059,-113.98007,-0.8100258,1627.6793,0.15698454,1054.2391,0.28396043,-115.94077,-0.7491895,2616.3125,0.10447602,901.6105,0.35148516,-117.67433,-0.7214445,-12.777043,-0.32618886,21.244122,0.24615693,0.033702657,0.5735966,-0.0061280485,-2.4091158,0.04991469,0.83196807,31.627686,0.27149406,-2.1687887,-5.0724545,20.163252,0.9089855,-14.584473,-1.1823708,-10.2007475,17.638727,0.015888367,0.004624714,0.028753964,2.254902,3.0541873,0.14129032,0.13226908,0.17133333,0.16944484,-40.28374,dag,Ses04M_script02_1,Ses04M_script02_1_M022
433,32.84071,0.05625901,31.330563,33.429016,34.519943,3.1893806,38.53893,13.451674,29.694193,14.778039,0.0770659,0.49565664,0.046077903,0.057398517,0.11349337,0.06741546,0.67390037,0.38614467,0.5233456,0.30919492,0.014937114,0.69063914,25.733171,0.28816324,1.3758966,4.793361,17.721903,0.4198964,-8.13958,-0.6802939,0.014274253,0.4628706,1.2522441,0.4201716,6.9177976,0.29381597,11.608412,0.737947,28.409351,0.16057186,583.14026,0.33773905,1396.3507,0.1016714,-186.61163,-0.26137185,1644.0525,0.11150425,1194.0741,0.34569067,-185.00175,-0.2632929,2672.2039,0.081444666,984.73456,0.19762392,-185.36398,-0.25662217,-16.024454,-0.21754777,25.635504,0.18583469,0.032238863,0.54709303,0.0014369759,7.047161,0.028678615,0.31657833,31.20328,0.21799396,0.7950934,9.121019,20.94445,0.35160497,-7.9029036,-1.1088215,-12.900379,21.888367,0.003881064,0.0077217426,0.013626911,2.1464648,0.7623888,0.10833333,0.14040616,1.18,1.1105853,-51.531124,o,Ses04M_script02_1,Ses04M_script02_1_M023
434,36.013054,0.05193699,33.707203,36.75326,37.52757,3.820366,62.81627,34.349323,15.673393,3.1328425,0.11400821,0.9783708,0.045572262,0.056168806,0.17386764,0.12829538,1.9047356,1.0227047,2.1764004,1.4785328,0.027637051,1.424389,23.057821,0.43167418,1.8423537,4.57603,12.356537,0.68346506,-9.874643,-0.7908076,0.0182074,0.7140935,1.2437203,0.5893142,6.84196,0.52640873,9.422117,0.5726563,23.885906,0.1979835,623.2506,0.2814015,1409.4636,0.12196979,-170.33656,-0.40085673,1626.5144,0.093517534,1052.09,0.22941826,-163.8137,-0.43269834,2778.642,0.09363048,1152.5544,0.5468801,-165.44217,-0.40928403,-12.535779,-0.58989614,24.22469,0.37021238,0.04449403,0.4982783,-0.003078938,-2.087961,0.0849207,0.5988323,27.041056,0.5280862,1.4543393,9.997684,8.667783,1.3825898,-14.552038,-0.79725546,-11.09245,20.541105,-0.0012825367,0.010871959,0.0136585375,1.7021277,1.3043479,0.14666666,0.028674418,0.4475,0.49695948,-41.99892,s,Ses04M_script02_1,Ses04M_script02_1_F016
435,29.046362,0.121231206,25.68012,28.719276,32.02717,6.347048,55.43147,63.796436,20.47855,8.222706,0.13608861,0.5943429,0.055390477,0.118764006,0.20270322,0.14731275,1.2895736,0.7905533,0.7306242,0.37613028,0.029975567,0.7570926,27.846436,0.3600656,-0.98351943,-10.759736,23.55077,0.59554327,-7.9356465,-1.085036,0.015514687,0.9557532,1.2561679,0.513897,5.1538935,0.42580605,2.156808,4.0446677,21.95836,0.34818783,560.7475,0.40097162,1361.5067,0.15826526,-120.344635,-0.7772201,1638.9187,0.13433157,1002.7984,0.35912365,-122.16354,-0.7150261,2615.2275,0.099987105,1038.2069,0.32860628,-123.40462,-0.69574493,-13.587651,-0.3158252,22.017868,0.2652987,0.037265487,0.52109396,-0.0047893836,-2.6908467,0.042971756,0.49120262,32.42993,0.28067434,-3.2651536,-3.4518747,26.261976,0.67797595,-9.808487,-1.0314944,-11.909582,20.48488,0.0067230705,0.008400087,0.020177051,1.8031555,2.488688,0.16151516,0.09733171,0.21352941,0.342086,-43.6856,s,Ses04M_script02_1,Ses04M_script02_1_M025
436,39.514496,0.09270165,36.16511,39.56561,42.715336,6.5502243,50.61787,40.19108,26.03131,30.14406,0.44186348,0.81692857,0.15119772,0.33613575,0.66896725,0.5177695,7.6371174,5.095892,5.3000517,3.1239507,0.16133177,1.1273041,23.85066,0.47415027,-11.633108,-1.385455,9.948307,1.945662,-19.552357,-0.8663765,0.021328432,1.3258795,1.0667317,0.6826956,8.312816,0.4975046,6.491332,1.4218563,18.906773,0.6063671,763.6571,0.32245678,1423.2267,0.21051891,-84.80913,-1.0768439,1730.2235,0.14110053,1128.1255,0.3276216,-75.22874,-1.1160524,2825.5996,0.09415424,983.25757,0.37891263,-80.63947,-0.9925792,-8.929088,-0.8682,21.39352,0.3986223,0.04952112,0.41698298,-0.0025508048,-6.0484776,0.21148086,0.91043836,26.139357,0.3993852,-15.040917,-1.1529937,6.613965,3.099653,-24.263111,-0.704449,-7.775749,16.409338,0.016058685,0.0077855545,0.05982389,3.2544382,2.3785927,0.27333334,0.21112137,0.13681817,0.21235447,-28.748322,s,Ses04M_script02_1,Ses04M_script02_1_F018
437,25.588562,0.10005669,23.914387,25.274464,25.57233,1.6579437,165.51491,151.98236,3.8559492,5.69938,0.08330707,0.551605,0.045305453,0.07418984,0.118072286,0.07276683,0.81551474,0.807138,0.47232762,0.32134214,0.014945795,0.77855307,27.253687,0.30936274,-0.27679935,-25.429056,19.253817,0.7004374,-7.865621,-1.1076809,0.009495012,1.1591285,1.0639691,0.74373657,4.4722967,0.56762034,-3.3371687,-1.0653845,19.402758,0.17798124,539.47974,0.37654397,1395.576,0.19013229,-154.24681,-0.52824926,1669.7898,0.110863864,872.0131,0.3126,-156.55019,-0.48096722,2631.0825,0.079936974,1087.3949,0.2456879,-156.3979,-0.48366973,-15.171659,-0.25293878,22.141735,0.14811045,0.02749047,0.49073243,-0.006160212,-1.9238646,0.019603413,0.48789185,33.401943,0.14165759,0.45032755,10.9235735,29.980043,0.6851475,-10.664909,-1.1802454,-12.039102,21.605255,0.0016465794,0.010298628,0.013740104,2.2580645,1.6393443,0.138,0.115827456,0.375,0.32846865,-50.51122,o,Ses04M_script02_1,Ses04M_script02_1_M026
438,27.973093,0.16572042,24.83575,28.173866,31.6616,6.8258495,38.11187,38.78273,156.49069,153.13402,0.08594584,0.66401845,0.047605217,0.062400494,0.11626603,0.06866081,0.91423345,0.57183427,0.46409574,0.34706697,0.01713122,1.0790793,25.497835,0.34233722,0.44951946,18.889082,19.005455,0.46172613,-5.806483,-1.0702459,0.021451944,1.528501,1.1389267,0.5041435,4.944376,0.46559018,8.097731,1.1820023,26.083054,0.3412219,565.59515,0.39076826,1412.7004,0.1550568,-171.45187,-0.39078307,1620.5543,0.1280374,1109.1786,0.31635535,-171.75418,-0.36972058,2620.4507,0.109257914,1073.0575,0.28239027,-172.22333,-0.36288366,-16.211212,-0.31189242,24.012562,0.24942692,0.024234204,1.0734841,0.00023043709,42.339844,0.03955896,0.79317117,33.998215,0.2141876,-0.5957027,-17.890776,26.624273,0.4125115,-2.5898998,-3.3668838,-11.724756,20.37033,0.0019331829,0.009458373,0.0128431255,1.1888113,1.2631578,0.11888889,0.09637248,0.6178947,0.7516829,-47.50307,c,Ses04M_script02_1,Ses04M_script02_1_M028
439,26.763517,0.11286628,24.254946,25.768698,28.738935,4.4839897,83.62133,120.89205,24.344065,27.328318,0.11098449,0.5458994,0.049338758,0.10444543,0.15465055,0.105311796,0.792253,0.54146326,0.47407195,0.3464546,0.020974435,0.7876346,26.753119,0.402525,0.3365124,32.73559,20.242336,0.52755356,-8.77065,-0.99606067,0.012344678,1.0883877,1.1421833,0.49249244,4.403792,0.47142676,0.15139799,52.520897,19.631273,0.34951195,532.46265,0.36009976,1349.973,0.15456168,-129.62302,-0.7072791,1577.2689,0.15130493,1029.5027,0.21069789,-132.693,-0.6498905,2566.9895,0.098788135,1003.9186,0.29087254,-134.26828,-0.6260308,-12.923282,-0.39793554,21.3986,0.25273302,0.030614374,0.5613783,-0.007387477,-1.9329088,0.03222674,0.6186032,34.21239,0.25940543,-4.148948,-2.9342191,20.155283,0.63542,-11.474002,-0.94915,-11.71513,19.400988,0.00611702,0.007578313,0.014516103,1.767871,2.006173,0.17346153,0.15344612,0.30423075,0.41327184,-46.88795,s,Ses04M_script02_1,Ses04M_script02_1_M029
440,26.201298,0.078462996,23.875288,26.25489,27.90538,4.0300922,36.85366,38.332825,17.578133,14.749478,0.11004355,0.4311184,0.067409165,0.102773875,0.14920215,0.08179299,0.6552064,0.41978624,0.4764652,0.280973,0.020409772,0.5288244,28.528547,0.3514985,1.0795443,10.713105,16.476238,0.6353677,-12.76062,-0.9213221,0.014866911,1.5146554,1.0888559,0.5197421,4.1240935,0.464452,0.84625995,8.303785,22.185694,0.32618,651.2214,0.33932573,1375.5785,0.1334155,-119.010345,-0.79188466,1690.8657,0.16539177,1144.5236,0.24894874,-123.42327,-0.712937,2702.16,0.09674099,917.71924,0.2956647,-124.83305,-0.691437,-14.225725,-0.39184496,23.376753,0.22128688,0.03124215,0.487988,-0.010699484,-1.6076218,0.027571455,0.38762274,34.302734,0.21299414,-2.0389175,-6.038135,15.141648,0.80120057,-18.652506,-0.7234095,-12.646695,20.90003,0.0065953117,0.0052655865,0.015413158,2.4048097,2.1148038,0.18809524,0.10939744,0.25227273,0.28643468,-48.092514,s,Ses04M_script02_1,Ses04M_script02_1_M030
441,30.77254,0.08846701,28.143078,30.76517,32.683006,4.5399284,27.990076,11.761875,59.719963,63.625374,0.1268055,0.61688006,0.050753735,0.10763291,0.1874626,0.13670886,0.98492974,0.5380744,0.663677,0.38558677,0.029722206,0.8703693,25.853228,0.46527994,0.8351556,14.98481,19.229874,0.5743145,-7.272136,-1.0960383,0.018786892,0.69174325,1.3838996,0.47467968,4.7839413,0.60108227,8.318871,1.0620117,25.375504,0.3881868,625.46985,0.3656742,1399.244,0.20886484,-154.27342,-0.51174384,1674.9729,0.1394894,1102.2461,0.2703088,-153.79279,-0.4944713,2669.641,0.10563875,998.686,0.32666683,-154.76918,-0.4815656,-14.616297,-0.5261117,23.244621,0.3661179,0.034568172,0.5546055,-0.008581861,-1.4956619,0.05043414,0.49805015,33.925537,0.27824178,-1.7516506,-9.088109,20.894054,0.6611503,-10.488416,-0.86771286,-10.9037,19.688057,0.009259677,0.008331784,0.02263912,1.973001,1.9832985,0.12105262,0.15593164,0.36210525,0.56674117,-44.338875,s,Ses04M_script02_1,Ses04M_script02_1_M031
442,27.61569,0.09534416,25.508762,27.665909,30.085709,4.5769463,63.284084,58.097843,29.15045,24.174871,0.10640723,0.56545806,0.051393867,0.09356893,0.147454,0.09606013,0.7421328,0.35449186,0.44995412,0.27322912,0.020673359,0.73378295,25.81583,0.41854775,0.8701551,12.21527,18.807446,0.56748605,-6.375903,-1.3504148,0.013191493,0.94850564,1.2517551,0.49296314,4.9090343,0.45924637,2.2157977,3.8702548,23.556305,0.33197924,545.86725,0.41068262,1372.5715,0.146766,-152.02953,-0.5430037,1601.0029,0.14507705,1020.68896,0.23547311,-153.97008,-0.49976414,2623.9524,0.09285744,998.61523,0.27512878,-154.99263,-0.48536545,-14.129683,-0.3675954,23.267319,0.27880606,0.030369997,0.62842655,-0.0008952414,-12.626304,0.032992247,0.54601634,32.85995,0.2419258,-1.2076637,-10.213838,21.375692,0.68737364,-5.9996133,-2.0261197,-11.545523,19.875242,0.0033636175,0.006189563,0.016524626,1.7669797,1.7165006,0.13935484,0.08780239,0.4096875,0.5359482,-47.74276,s,Ses04M_script02_1,Ses04M_script02_1_M032
443,33.339184,0.052308694,31.783312,32.730286,34.689632,2.9063206,43.038116,0.0,-3.7554111,13.821715,0.069846325,0.62692976,0.0464338,0.04889576,0.093720436,0.047286637,1.2585421,1.1133716,1.0831835,0.6266796,0.015894098,1.0208104,28.55622,0.25419104,2.7780814,2.2778025,16.240559,0.29514846,-4.9873285,-1.1269795,0.016522702,0.7728406,1.185116,1.0036458,9.29278,0.20877351,15.078077,0.3615364,39.61878,0.15221831,621.18274,0.2561573,1479.7362,0.09189546,-169.27513,-0.40986606,1666.8224,0.11421565,1247.1405,0.23728125,-170.91368,-0.37137637,2806.4224,0.061501294,1204.9563,0.38481376,-172.66983,-0.3463785,-23.100424,-0.24392521,36.724827,0.21683525,0.0302457,0.78014255,-0.008362883,-1.2882243,0.0412167,0.55382574,40.405514,0.17526463,12.817276,0.47010833,15.704616,0.5818398,-8.812455,-1.1272634,-14.2361,24.808619,-0.007620363,0.010832885,0.010606459,1.6,0.40816325,0.42999998,0.0,0.995,0.015,-46.553295,s,Ses04M_script02_1,Ses04M_script02_1_F020
444,25.634132,0.11691747,23.57917,24.249357,29.929476,6.3503056,493.122,271.82532,8.364856,4.802842,0.060632493,0.40627453,0.046349064,0.05028885,0.07065343,0.024304368,0.32460463,0.3277061,0.17753385,0.053089473,0.011367761,0.5148711,27.365576,0.15976696,1.6439453,3.7780077,16.7584,0.38672101,-7.7576885,-0.7103673,0.011704762,0.53236,1.2407861,0.5969182,4.1311812,0.29617107,1.3393769,3.591307,27.060202,0.20599976,535.083,0.25307122,1469.5175,0.12997152,-181.56628,-0.29738796,1599.3516,0.10035303,1189.9144,0.18813555,-182.67009,-0.27370706,2586.6938,0.086942695,1021.52216,0.10993454,-182.98227,-0.26856637,-19.15417,-0.23213056,26.787298,0.16622043,0.023817314,0.72774637,-0.0063835294,-1.6154903,0.019177904,0.21427856,34.587852,0.14048985,5.204688,1.5944431,21.426407,0.28385594,-7.8376584,-0.8398219,-13.993494,23.490137,-0.0009966104,0.0065091862,0.010595586,1.119403,1.5209126,0.057499997,0.019202864,0.46199998,0.33258983,-54.86915,q,Ses04M_script02_1,Ses04M_script02_1_M033
445,35.474438,0.051504843,33.214367,36.5768,37.155354,3.9409866,20.914173,0.0,7.9254017,11.775168,0.12559341,1.1092634,0.045948744,0.05084354,0.18735753,0.14140879,2.6538157,2.7587512,2.330668,1.3363647,0.029021706,1.2891494,29.564154,0.331036,-3.343663,-3.1471663,8.035822,1.2653589,-11.0253525,-0.78468966,0.014211377,0.8040924,1.1209697,0.66428405,7.731509,0.4721504,0.6067994,7.9076643,28.801893,0.29848516,677.3725,0.26067075,1516.7799,0.11393766,-167.96599,-0.42528087,1637.7107,0.12054739,1256.2645,0.16068289,-169.76004,-0.3988681,2902.066,0.09040947,1132.4355,0.42259187,-172.37596,-0.35921538,-10.60194,-0.7158283,28.841711,0.17118841,0.04855407,0.28984496,-0.0080251815,-2.0356793,0.080961496,0.57307315,41.206894,0.06958374,-14.397494,-1.2106314,-7.7056737,-1.1769867,-23.420767,-0.5086988,-12.168663,23.436789,0.004569858,0.007269251,0.01949023,1.7241379,1.183432,0.13,0.03,0.45999998,0.29131883,-41.407333,q,Ses04M_script02_1,Ses04M_script02_1_F021
446,26.334063,0.1653807,21.503565,25.628902,29.531363,8.027798,175.80583,144.11458,29.693848,22.76422,0.18563522,0.79617405,0.06490606,0.12858541,0.30080643,0.23590037,3.1740463,2.0315928,2.10096,1.589122,0.044535957,1.0834988,25.053692,0.49017045,-3.0758433,-3.470359,21.014809,0.5220694,-3.908436,-1.980316,0.019444197,0.92729694,1.1969119,0.68188035,5.10068,0.5144549,4.832099,1.0628723,21.536312,0.31459633,573.04285,0.44978303,1382.2394,0.19809039,-136.74942,-0.6464021,1590.6102,0.15881753,1064.8596,0.37999237,-137.63306,-0.61732227,2587.6418,0.11727358,994.2163,0.32211405,-139.24385,-0.5943788,-12.264196,-0.37291357,19.427092,0.22706534,0.03273191,0.51416945,-0.006649856,-1.3565781,0.07786814,0.6760593,35.34595,0.23018505,-7.344794,-1.6547902,25.817284,0.5252431,-0.31708664,-25.307985,-8.626747,16.244411,0.0069608316,0.0057138638,0.028160576,2.342606,2.0648968,0.15428571,0.12152097,0.28866667,0.3415819,-38.472904,q,Ses04F_script02_1,Ses04F_script02_1_M000
447,24.664213,0.11741087,22.113384,23.927052,27.450539,5.3371544,144.98003,114.75482,14.119676,16.860685,0.21428008,0.7795587,0.08106387,0.16453607,0.32530802,0.24424416,2.8978248,2.3091552,2.991093,3.127283,0.054519333,1.2030421,24.432915,0.523968,-1.1593624,-8.577026,22.494099,0.52252966,-7.582056,-1.3960165,0.016993886,0.8882157,1.2591399,0.8397454,4.337152,0.4415612,2.5392787,1.3605826,21.633295,0.24565613,627.51227,0.37804553,1375.0382,0.20949283,-123.47022,-0.748852,1670.4557,0.15553652,963.6038,0.2875679,-126.17235,-0.6902869,2665.5984,0.11024593,953.6237,0.33034632,-126.97849,-0.6778889,-13.035932,-0.38893446,19.23771,0.31396696,0.039680064,0.4980559,-0.014949031,-1.070677,0.089108355,0.86827713,33.110786,0.31444776,-3.9781168,-2.8248851,25.255657,0.58683294,-10.47073,-1.2473553,-8.580256,15.014429,0.009547319,0.0057339463,0.03252789,3.3628318,2.6785715,0.13933334,0.12200911,0.19999999,0.18718307,-36.732895,q,Ses04F_script02_1,Ses04F_script02_1_M001
448,35.44379,0.017308898,34.723637,35.65248,36.068798,1.3451614,10.81232,0.0,-7.570839,0.0,0.068393216,0.32328025,0.05480187,0.05838836,0.07503493,0.020233061,0.24079584,0.057310566,0.23383999,0.13633294,0.011406183,0.5253736,24.541885,0.20269293,-2.4770498,-1.5877122,16.583042,0.3829211,-7.84666,-0.89487606,0.012895475,0.56684273,1.2201476,0.33125028,6.8188176,0.24000445,3.4372694,1.2637876,23.173824,0.12879823,662.25885,0.23341121,1327.7107,0.049877267,-175.57324,-0.36400098,1660.1704,0.13625763,1131.3683,0.14873813,-177.18544,-0.338092,2722.018,0.07176748,945.6259,0.3209829,-178.22227,-0.32091954,-13.2466755,-0.1407348,24.002426,0.11962711,0.02141226,0.38709694,-0.00080429995,-6.3214793,0.01767693,0.1704026,33.349148,0.099527836,-6.8122597,-0.4048517,10.59127,1.0104473,-22.319174,-0.24643406,-12.016887,20.783758,0.0017495123,0.008223611,0.0106481975,3.1645572,0.6535948,0.19,0.0,0.655,0.024999999,-54.64665,ans,Ses04F_script02_1,Ses04F_script02_1_F000
449,25.303493,0.15801519,21.406189,24.62619,28.033306,6.627117,264.88922,280.76764,53.28217,41.32883,0.160893,1.0418591,0.06080565,0.101655245,0.22143236,0.16062671,1.788606,1.1546066,1.3596787,0.6023701,0.038807802,1.7822222,20.562813,0.53939563,-3.2870803,-3.284742,19.151718,0.4413039,-9.171564,-1.0076468,0.028075103,1.0374845,1.333707,0.6274477,3.078353,0.5778443,3.4441762,1.0887774,19.905066,0.3474234,566.2823,0.34968162,1226.3911,0.1210069,-155.54826,-0.5145408,1630.4307,0.13163154,900.8826,0.26562148,-157.42891,-0.48323748,2597.7837,0.09325294,874.39355,0.2713589,-157.97221,-0.47518435,-12.651059,-0.34678963,18.681934,0.20077474,0.031821262,0.56502736,-0.017880825,-0.8036145,0.09640157,1.1322196,31.063896,0.3023527,-3.5072937,-4.029683,24.617046,0.49306342,-10.037027,-1.3816749,-7.2103796,14.855002,0.006463248,0.006103191,0.02192124,1.192843,1.6064256,0.13499999,0.07889867,0.465,0.33704597,-38.992878,s,Ses04F_script02_1,Ses04F_script02_1_M002
450,24.925657,0.15228726,21.469843,24.1557,27.770384,6.300541,106.61182,127.041504,14.527542,12.564347,0.20882185,0.8855645,0.058682058,0.15828441,0.30830073,0.24961868,2.8194506,1.8410813,3.4487221,3.2501104,0.05682823,1.2947313,29.608809,0.33439744,-5.497204,-1.639287,26.48273,0.59708345,-7.152613,-1.2451261,0.019533068,1.4450241,1.1013794,0.9251515,4.490384,0.43183002,3.4549348,1.3964822,20.149477,0.30813366,575.5033,0.42237195,1298.3774,0.18068565,-113.984505,-0.8436164,1637.4209,0.15705542,888.7255,0.35489702,-118.00811,-0.75821626,2611.4893,0.10092575,887.9003,0.26402193,-118.09189,-0.7559163,-12.071529,-0.35514936,18.952608,0.27655485,0.03655463,0.5112114,-0.010749673,-1.3232782,0.08759579,0.9151651,35.14653,0.23785375,-8.334521,-1.231698,32.40563,0.5700521,-7.1735287,-1.6264701,-10.545045,18.098286,0.009975745,0.003261853,0.03311193,2.7777777,2.2429907,0.1875,0.14849944,0.21923076,0.2118585,-35.892033,q,Ses04F_script02_1,Ses04F_script02_1_M003
451,27.810553,0.08737646,26.118717,27.877396,30.0805,3.9617825,152.63237,118.5663,32.06887,32.311768,0.24159208,0.6242717,0.08247374,0.21988647,0.371545,0.28907126,3.2238455,2.0742166,3.278407,1.6330482,0.062740564,0.7895169,24.223959,0.67329395,-5.8522553,-2.4480212,18.411081,0.7090126,-4.5098963,-2.2004983,0.020466562,0.9369415,1.3555542,0.6560223,4.381275,0.6719392,7.1145735,0.91135764,19.712433,0.3987714,613.29456,0.40860283,1302.6631,0.14475855,-130.9689,-0.6743392,1612.058,0.16662717,1029.7753,0.27982268,-132.30934,-0.6476337,2596.4734,0.11517664,958.9357,0.2927853,-133.8764,-0.62424356,-10.520836,-0.49824557,18.325363,0.3064031,0.030911969,0.5928588,-0.008693458,-1.4994588,0.09669281,0.44554758,34.89243,0.26578334,-12.164194,-1.3416791,18.870667,0.8930804,-2.0286489,-5.7042212,-6.2251554,13.552568,0.010753898,0.0043439935,0.044315208,4.520796,3.1021898,0.107058816,0.11870699,0.19411764,0.2156811,-37.545,s,Ses04F_script02_1,Ses04F_script02_1_M004
452,39.136436,0.042261876,38.608654,38.823624,40.688927,2.0802727,9.759491,6.333316,8.480726,0.0,0.09564552,0.466066,0.05308751,0.07685366,0.13947622,0.086388715,0.7890678,0.46287623,0.700313,0.27481925,0.0141464,0.50277597,23.458176,0.3468188,-4.145539,-1.7054063,11.112595,0.7541051,-16.208118,-0.7438085,0.010532403,0.8975392,1.0419109,0.35792044,7.9360757,0.3299858,1.6637694,3.9975724,23.131792,0.3798003,602.88635,0.27165228,1390.436,0.110261485,-152.5349,-0.54551274,1566.3882,0.1080078,1209.0908,0.22377379,-142.84079,-0.5866819,2618.5337,0.08297785,935.52344,0.25722715,-145.32639,-0.5527989,-10.492338,-0.41678804,20.13302,0.3728859,0.01905601,0.79076195,-0.0106518,-0.85818696,0.020124543,0.2833558,27.165564,0.26962605,-7.254507,-1.1828092,4.719721,2.0160084,-30.157063,-0.2972394,-10.098054,17.985256,0.005964834,0.0037485904,0.011852819,2.3121388,1.7857144,0.16333334,0.059066813,0.28,0.20988092,-52.015842,q,Ses04F_script02_1,Ses04F_script02_1_F001
453,26.124966,0.12237267,23.026834,26.74138,29.154,6.127165,149.50955,228.96631,63.97403,52.430214,0.20410188,0.84704703,0.053239923,0.1722869,0.32332557,0.27008566,2.0071645,1.2661636,3.348004,3.2047794,0.053031955,1.0513536,27.308954,0.4666975,-2.275201,-5.1244726,19.644117,0.5977087,-7.018275,-1.52262,0.03793094,1.6475955,1.2949547,0.5654536,4.1627536,0.5334941,4.0660043,1.5237231,22.871908,0.3488854,695.96844,0.33828038,1321.0463,0.13507305,-124.282585,-0.73838973,1739.2758,0.14527825,960.8476,0.25427365,-126.98764,-0.6862597,2779.6736,0.105484605,878.5517,0.24775487,-128.46326,-0.66429293,-12.694861,-0.46433932,20.240982,0.29283527,0.031288642,0.6084604,-0.012311116,-1.4268726,0.087636046,0.71358633,33.714466,0.3012472,-4.2004137,-3.7704685,22.836494,0.6803165,-8.556601,-1.6185299,-10.149427,18.54473,0.008128359,0.006412267,0.031092348,2.4324327,2.1917808,0.1725,0.11065148,0.23333333,0.30811253,-37.40917,ans,Ses04F_script02_1,Ses04F_script02_1_M005
454,36.749622,0.07603653,34.852924,37.008034,39.337147,4.4842224,35.941387,13.334089,37.527733,29.484972,0.11981902,0.64058477,0.056977626,0.09077479,0.1831862,0.12620857,1.210914,0.8526858,0.6459555,0.20236585,0.024939558,0.93344516,24.689322,0.2825141,-3.2152836,-3.3106117,13.253383,0.94244576,-10.769902,-0.9636536,0.02215303,0.47405973,1.1255262,0.46262115,6.311495,0.46378404,9.023414,1.135619,22.154684,0.35106537,733.8459,0.34836778,1428.8097,0.15007527,-151.2108,-0.5163596,1744.566,0.15177836,1147.4541,0.24756038,-143.8857,-0.54531026,2780.1775,0.11628356,1176.0696,0.43893647,-145.56934,-0.52252364,-12.140524,-0.47971398,24.40692,0.31031084,0.035134126,0.67573595,-0.0014059468,-8.008871,0.042564325,0.66052085,28.280916,0.29776365,-4.9337134,-3.1066532,10.767006,1.6194872,-14.940184,-0.8697815,-11.00618,19.728554,0.014841775,0.006820654,0.017451616,1.7605635,3.2258065,0.08777777,0.042368166,0.22375,0.28831133,-46.247986,ans,Ses04F_script02_1,Ses04F_script02_1_F003
455,30.894127,0.12608416,27.871834,27.97995,35.74799,7.876156,927.0706,0.0,-8.200685,15.37695,0.14682828,1.0549806,0.056880653,0.06645916,0.2198646,0.16298395,2.3438349,2.6560733,1.4209228,0.16127616,0.03969445,1.568891,21.142157,0.6607648,-2.0956852,-3.2297711,17.81303,0.55542994,-7.6110806,-0.7206327,0.025188278,0.70930403,1.8921846,0.603878,5.296754,0.4459962,0.44335648,8.174267,27.268713,0.20942672,723.7841,0.25444335,1258.6328,0.18730399,-184.94905,-0.26518142,1837.0068,0.15992114,891.7433,0.21453436,-184.71954,-0.26091892,2873.5486,0.11609623,1009.9849,0.20692788,-185.13559,-0.253392,-15.109291,-0.9671363,22.641092,0.61870337,0.042908486,0.6277398,-0.014377558,-1.4630992,0.093324944,0.7197509,28.240005,0.6880731,4.810844,2.756905,25.42946,0.31335038,-13.948288,-0.90493053,-7.927972,17.198673,0.009289498,0.008879716,0.035665408,1.1695907,1.2048193,0.065,0.015,0.4933333,0.25381532,-40.690434,ag,Ses04F_script02_1,Ses04F_script02_1_M007
456,37.99386,0.115515955,33.953423,37.58751,42.707195,8.753773,78.59951,88.44649,47.28972,65.068726,0.19276993,0.6783402,0.10436183,0.17085119,0.254054,0.14969218,2.1375773,1.3674681,1.4665577,1.3873098,0.047277186,0.906343,27.121336,0.28619015,-6.511174,-1.8348665,9.706285,1.542933,-20.101368,-0.6335966,0.020937743,1.0568863,1.4235896,0.4168597,6.599752,0.3987576,4.7166085,2.0772626,19.766281,0.4252089,706.1207,0.28581277,1412.3971,0.15950999,-106.79523,-0.8713308,1674.9135,0.13737671,1125.927,0.28151456,-99.62798,-0.88725424,2744.8806,0.080892004,934.90924,0.38589272,-103.80024,-0.81174254,-10.923139,-0.5847588,22.126005,0.25973025,0.03484277,0.514397,-0.003132283,-5.1751876,0.057609856,0.69370854,29.149084,0.26162386,-9.753075,-1.372101,7.1468606,2.1624064,-24.552038,-0.48028708,-10.804716,18.983992,0.019100918,0.0017266588,0.031712305,2.7624311,3.3457248,0.15222222,0.13611905,0.13352941,0.1171194,-38.968266,q,Ses04F_script02_1,Ses04F_script02_1_F004
457,25.52632,0.15981069,22.766275,23.992144,28.979237,6.212961,42.715378,18.82093,40.151222,43.377666,0.24717046,0.70700383,0.104684815,0.19723073,0.36990443,0.26521963,2.579572,1.3757856,2.6589072,1.7007264,0.06226289,0.9492634,26.387312,0.58553326,-4.42037,-3.1519523,20.09047,0.77748555,-11.471453,-1.1026424,0.018096766,0.87338203,1.1851078,0.70192397,4.496133,0.5729588,5.810226,0.8904929,22.557314,0.4553953,637.2451,0.36612484,1367.02,0.15499398,-118.61985,-0.7748454,1688.2844,0.15816137,1047.0804,0.29204062,-121.447754,-0.72099626,2694.648,0.110526115,939.4672,0.2973529,-122.9337,-0.6980341,-13.785867,-0.50881135,21.507135,0.36506605,0.028328283,0.80496216,-0.016258609,-1.0932306,0.08673385,0.7058347,36.119225,0.24539211,-6.3881025,-2.7012494,21.73476,0.8869041,-11.376426,-1.348342,-6.693658,13.880377,0.012165879,0.0017324492,0.04488681,3.6363637,2.875817,0.13863635,0.105584756,0.18043478,0.21061975,-35.719692,ans,Ses04F_script02_1,Ses04F_script02_1_M008
458,26.605898,0.1835627,22.496853,26.4313,30.622524,8.125671,62.813263,33.952484,62.51557,67.59848,0.16528,0.7230211,0.053345125,0.13659023,0.270515,0.21716987,2.3146625,1.3890955,2.0732746,1.4878182,0.042884246,0.9786244,27.457045,0.45162693,-2.0021756,-4.890479,21.188995,0.42877617,-5.020982,-2.134085,0.030926507,1.1266837,1.2166251,0.5615782,4.8186703,0.4481084,5.277814,1.0161558,26.291857,0.30087024,605.5336,0.387422,1396.8372,0.17236044,-133.64839,-0.66692346,1616.847,0.16239123,1115.3958,0.31446105,-134.84248,-0.6250511,2619.498,0.12684676,971.84784,0.2785527,-136.37785,-0.6035246,-15.364608,-0.3496375,23.139248,0.27659932,0.029512504,0.81780493,-0.009601501,-1.6112391,0.072673835,0.55392534,37.705994,0.20518829,-3.7852602,-3.0115008,25.462084,0.46388957,-4.661646,-2.9773066,-10.70218,18.489538,-0.0016471002,0.0076159304,0.026343878,3.218117,2.0383692,0.1682353,0.10233942,0.31937498,0.45973453,-39.335712,q,Ses04F_script02_1,Ses04F_script02_1_M009
459,34.40103,0.006230511,34.19753,34.41294,34.560253,0.3627243,6.3802085,0.0,1.7026901,6.137997,0.06404568,0.3400154,0.051687106,0.054340404,0.06778096,0.01609385,0.2797138,0.18576498,0.13363203,0.010733515,0.010081408,0.46413743,24.58627,0.23323785,0.07977325,75.12413,11.4266615,0.47939792,-6.4038563,-1.3150476,0.029997464,1.2928147,1.172477,0.45317286,6.340025,0.26186574,-1.3188664,-2.232884,20.509588,0.31835735,617.3312,0.20959964,1291.2599,0.114391044,-175.3683,-0.36805573,1676.9509,0.0883082,1264.0149,0.25088328,-178.0462,-0.32462093,2676.4607,0.052527685,784.4055,0.22335872,-178.6318,-0.3149901,-17.704428,-0.14582598,24.205122,0.09087708,0.018016424,0.64415854,-0.021755151,-0.31554937,0.01803338,0.11715541,34.987736,0.09526063,-0.62862486,-7.523753,12.401259,0.46510652,-23.960585,-0.22325347,-11.302204,18.967495,0.006498638,0.0068018152,0.009033503,0.7751938,0.8064516,0.14999999,0.0,0.53,0.29999998,-55.724716,ans,Ses04F_script02_1,Ses04F_script02_1_F005
460,24.945715,0.10518361,23.406185,24.820087,26.376104,2.9699192,110.170876,193.99489,62.548164,88.24939,0.15448692,0.85142577,0.052001853,0.096120335,0.28649205,0.2344902,2.3738222,1.4809589,2.6211963,1.4583098,0.03606126,1.0578314,29.355644,0.39187855,-5.429052,-1.5726819,19.163107,0.653877,-8.669585,-1.0633818,0.022733836,0.9522281,1.2805755,0.64053315,3.8655074,0.5883486,4.6835766,0.91523033,21.280193,0.37200654,580.9774,0.36579865,1315.6814,0.21099505,-141.3562,-0.6236327,1620.9822,0.17226762,1010.4302,0.31988832,-143.59584,-0.58441883,2614.9932,0.11265652,880.22485,0.3149721,-144.7737,-0.5674117,-13.33524,-0.41488165,20.623499,0.3375751,0.03345743,0.6333539,-0.023577925,-0.76190746,0.07466191,0.49683484,39.789833,0.21126962,-10.334745,-1.2552834,19.632872,0.9320169,-13.373791,-1.0357317,-10.807406,18.539398,0.005986681,0.0055886405,0.019446773,2.6143792,1.5789474,0.18333334,0.11869663,0.39615384,0.5008076,-40.00981,s,Ses04F_script02_1,Ses04F_script02_1_M010
461,24.25377,0.16250616,20.26868,23.517954,27.65921,7.3905296,205.88531,215.051,29.756985,16.477608,0.16785783,0.59965485,0.07247369,0.14539586,0.25763997,0.18516628,2.6854198,1.3626442,2.137281,1.3813001,0.036429122,0.7766799,23.66572,0.6514995,-1.168993,-10.773818,22.01008,0.49459156,-1.9791956,-3.6909294,0.023677142,0.99980426,1.3913344,0.7374824,4.322724,0.6136431,6.961867,0.9628961,21.584192,0.3754045,520.6293,0.39614117,1355.4979,0.18337993,-136.19572,-0.64893335,1552.6636,0.14185408,1024.2264,0.2677384,-138.45259,-0.6028578,2528.7239,0.10409059,964.7386,0.24094914,-139.37343,-0.5898387,-13.597342,-0.44198138,20.415388,0.3315507,0.025409035,0.7949795,-0.011764391,-1.0406162,0.057223536,0.5159562,35.622406,0.25083426,-5.0199795,-2.5772398,27.031591,0.47243187,0.61942774,11.510274,-7.1979113,13.371226,0.008015715,0.0042056004,0.026346784,4.409449,2.3809526,0.132,0.097173385,0.26666665,0.22743985,-40.496395,s,Ses04F_script02_1,Ses04F_script02_1_M011
462,22.813728,0.08997318,21.36862,22.593115,24.371698,3.0030785,117.29224,104.05278,12.35396,10.441889,0.14739917,0.6612535,0.056298934,0.10929706,0.2611284,0.20482945,1.8098763,1.1018786,1.4244251,0.99673736,0.029034901,0.79279035,28.284197,0.4020374,-6.632097,-1.5855358,20.355589,0.5846101,-5.4097133,-1.7982696,0.015010544,0.7870338,1.1679062,0.83804953,4.0320373,0.48085645,4.7375,0.6759973,20.57128,0.3787004,498.0498,0.4099297,1271.5161,0.13147537,-131.89369,-0.69646096,1534.0767,0.14788584,936.91156,0.2575699,-134.62982,-0.64843005,2516.0605,0.11874541,967.76605,0.22885719,-136.1934,-0.62583536,-12.319562,-0.40091512,19.740477,0.26629093,0.028873017,0.5455559,-0.009255972,-1.4604383,0.049621385,0.37453297,38.065323,0.22272587,-10.373304,-1.3491752,25.985624,0.5630298,-1.3706845,-8.260865,-8.981929,16.562008,0.006597341,0.0056321057,0.018443434,3.3707867,1.8903592,0.175,0.12651086,0.30272728,0.30027536,-41.779274,o,Ses04F_script02_1,Ses04F_script02_1_M012
463,25.105793,0.17739077,21.213116,23.96347,28.240196,7.0270805,79.63924,115.94612,18.69555,8.538234,0.1643541,0.69297767,0.05373594,0.14368805,0.25741342,0.20367748,2.2761831,1.3889047,1.8105912,1.2212523,0.03473119,0.973891,27.978064,0.48237604,-2.6049647,-3.8114586,19.834427,0.6328469,-6.0666485,-1.5216427,0.01288593,0.70626104,0.94018054,0.7349758,5.4689455,0.33258775,5.1385884,0.809227,24.658558,0.25968778,553.3731,0.37148803,1386.3517,0.16036694,-116.17814,-0.8262867,1585.1562,0.13807306,1025.8882,0.28390285,-120.15778,-0.74680924,2584.8633,0.10348376,1025.49,0.36960942,-122.18143,-0.7153044,-14.153878,-0.3738343,22.762867,0.23982719,0.029440891,0.60134596,-0.010521026,-1.4371812,0.050806213,0.6789242,35.99365,0.24931309,-2.834601,-4.2337465,22.45263,0.6530498,-3.1970506,-3.4799383,-8.812781,15.930722,0.011572326,0.0054203216,0.022600487,2.861446,1.3657057,0.31,0.30994624,0.36099997,0.7429326,-39.83638,q,Ses04F_script02_1,Ses04F_script02_1_M013
464,37.84317,0.031402323,37.725597,38.24445,38.681747,0.95615005,-6.8818955,13.503629,6.676388,0.0,0.079390936,0.45748878,0.051803946,0.060477514,0.10540176,0.053597815,0.47941244,0.20186912,0.3736443,0.13851717,0.016939316,0.88130254,28.819485,0.21741077,-0.7547653,-6.5973186,10.445087,0.8609954,-13.222331,-0.95650184,0.021073665,0.57402277,1.3669729,0.5668609,6.3256574,0.47708514,7.1004653,0.4941593,32.7818,0.20056933,752.79706,0.3120514,1348.1143,0.13067129,-167.5028,-0.41688806,1830.1678,0.18178572,1136.7102,0.13125636,-166.9352,-0.39462474,2946.4756,0.11351637,1231.1915,0.3313815,-168.43118,-0.37362942,-15.925422,-0.27424842,31.653524,0.13802312,0.034689274,0.66385704,-0.012255382,-1.3434948,0.033064686,0.6282401,36.679436,0.0999484,0.49595,9.129094,0.65015537,15.448168,-26.404274,-0.65181226,-12.606021,21.750952,0.0074954224,0.0054676114,0.013569427,2.1126761,1.459854,0.125,0.005,0.35666668,0.27884683,-50.14735,s,Ses04F_script02_1,Ses04F_script02_1_F006
465,24.778645,0.18431999,21.864239,22.421522,31.521065,9.656826,33.45689,0.0,-4.5871735,0.0,0.12873723,0.8597497,0.052380025,0.08409242,0.17673458,0.124354556,2.1517413,1.7788357,2.0045495,1.0784485,0.029005153,1.0146832,26.220467,0.2740175,-4.815805,-1.9337864,22.103695,0.45585093,-7.2706866,-0.9176284,0.023562204,0.7063188,1.5771234,0.547283,2.5954509,0.98587376,7.5114436,0.42212358,18.41723,0.39219117,580.9896,0.3802934,1246.2446,0.20894223,-149.01556,-0.5523201,1600.4064,0.13968334,920.64667,0.27307174,-151.50587,-0.5186213,2597.9434,0.09360519,952.97217,0.17664593,-152.30481,-0.5063457,-8.662132,-0.5419808,15.014186,0.36355135,0.026011579,0.6185151,-0.0130407605,-0.9040848,0.06031142,0.5723163,30.305237,0.27125463,-12.091333,-1.1621335,27.27785,0.48765814,-7.9154863,-0.7172225,-11.152905,18.232038,0.006288178,0.006401024,0.01769426,2.5641026,2.6666667,0.0875,0.028613808,0.212,0.18914545,-43.751465,q,Ses04F_script02_1,Ses04F_script02_1_M014
466,37.042072,0.074214846,33.949726,36.46691,39.97074,6.021015,19.313396,1.0458765,7.983423,8.5773735,0.12705441,0.5754506,0.05468685,0.11731329,0.1776119,0.12292505,1.1806657,0.60822403,0.75735646,0.41923574,0.029787803,0.8061166,29.040863,0.21603605,-3.294992,-2.860318,7.4138384,1.6997638,-14.791689,-0.7978548,0.022587005,0.9969836,1.3881279,0.42369762,6.3956575,0.39521763,5.3403597,2.0864868,26.491749,0.25829044,680.7937,0.26755747,1435.4049,0.14461258,-118.25465,-0.776551,1638.5984,0.11190665,1169.7057,0.236966,-114.89088,-0.7577392,2712.538,0.07746859,1045.2833,0.40230134,-120.32295,-0.67516375,-12.147136,-0.42991084,27.057076,0.16603449,0.029774642,0.7108583,-0.008416644,-1.6281341,0.0428704,0.5437284,31.974531,0.17114191,-6.9141483,-1.5660193,0.7073805,17.040268,-21.237556,-0.5066761,-12.7950535,21.377354,0.014745981,0.0007092317,0.019449256,3.0567687,3.125,0.14,0.06391959,0.13875,0.1919269,-45.36582,s,Ses04F_script02_1,Ses04F_script02_1_F007
467,33.25889,0.1216101,30.793795,32.843815,36.931316,6.1375217,158.22685,142.69168,176.73009,209.66261,0.20406811,0.7552387,0.054396763,0.16886579,0.33557922,0.28118247,4.0403867,2.7572806,2.9778566,1.2564367,0.05794902,0.9319773,27.559187,0.43945882,-0.9915438,-11.61355,20.19186,0.73879886,-7.018805,-1.4355143,0.038715474,1.6363459,1.2090074,0.6996272,7.681307,0.35479307,7.128308,1.065682,24.003214,0.27786908,622.239,0.3564908,1389.0876,0.1988078,-132.5182,-0.6634529,1695.6943,0.14799774,1011.4476,0.30509675,-128.57918,-0.6515814,2693.816,0.10355962,1114.564,0.44134492,-129.86942,-0.632665,-14.738563,-0.4654973,23.520752,0.3092759,0.039944805,0.535279,-0.009796934,-1.5420069,0.09720851,0.49275813,33.98178,0.3228456,-2.434181,-5.4613433,22.61074,0.9134438,-6.798712,-1.9281515,-10.606707,17.786522,0.014766242,0.004511314,0.03191357,4.283361,2.3255813,0.16499999,0.17389446,0.22799999,0.2928071,-36.902237,q,Ses04F_script02_1,Ses04F_script02_1_M015
468,35.312263,0.10128745,32.18366,34.389767,39.52034,7.3366814,36.692062,20.647043,13.751651,0.0,0.16915236,1.0524324,0.054596182,0.1219571,0.20730893,0.15271275,2.598906,2.7143297,-0.21182227,1.0549681,0.048888873,1.9165764,29.812857,0.25107482,-3.48184,-2.8051248,18.535166,0.60752493,-11.041663,-1.0206336,0.016510613,0.7117915,1.1107237,0.466139,7.419498,0.3728755,10.002118,0.95038193,21.27251,0.43886602,737.7962,0.32570615,1418.2169,0.2285512,-112.72693,-0.79817,1779.098,0.12852585,1081.2684,0.32962143,-102.91265,-0.8285247,2826.3486,0.09969508,1068.1447,0.22890106,-104.60788,-0.802057,-15.3847475,-0.38066903,25.165733,0.30800742,0.022993734,1.0116721,-0.008419402,-1.3172301,0.06108243,1.7267392,31.833813,0.26977015,-2.291932,-4.8332405,20.889198,0.6444551,-11.648451,-1.1311877,-11.546129,19.66066,0.014932048,0.0017954491,0.019892897,1.5325671,1.953125,0.274,0.22870065,0.218,0.241197,-36.229168,ans,Ses04F_script02_1,Ses04F_script02_1_F008
469,31.518723,0.084441386,29.121727,31.918518,34.188023,5.0662956,212.77902,150.2807,4.695034,29.080315,0.22431627,1.1503396,0.07197823,0.115685426,0.24105029,0.16907206,1.3149711,0.51302457,2.3459198,1.6424882,0.079382114,1.7603225,23.158958,0.6151204,-2.5621996,-4.1731987,18.693691,0.5547635,-9.001689,-1.072224,0.044657934,1.5316904,0.9770983,0.24483705,5.0776825,0.49438336,0.897906,9.925218,21.793207,0.4366491,792.4091,0.31662518,1391.422,0.24661307,-152.36661,-0.52150095,1787.8782,0.14762114,1138.3817,0.20074323,-150.90297,-0.51774013,2826.1614,0.102808386,1116.9945,0.3172527,-152.21028,-0.4995678,-16.71286,-0.30568522,29.012737,0.19249907,0.02033054,1.843524,-0.008730839,-1.7517632,0.19037963,1.098618,37.89638,0.2054019,-3.9362924,-4.1661577,11.933772,1.2355738,-3.4401088,-2.844027,-6.951451,13.916481,0.0117350845,0.004188243,0.042441215,1.6806724,1.754386,0.14999999,0.02,0.39999998,0.22,-32.922558,b,Ses04F_script02_1,Ses04F_script02_1_M016
470,37.521935,0.011501994,37.164818,37.42446,37.915676,0.7508583,24.95859,40.480667,6.481483,2.3298235,0.12148894,0.5565167,0.0704419,0.09994297,0.15697676,0.08653486,0.9989748,0.584509,0.73587996,0.33187532,0.022528213,0.8451406,21.058184,0.45902824,-7.5759645,-1.1669987,13.248542,0.7089247,-13.657001,-0.80694646,0.011328814,0.479173,1.3111715,0.42780086,6.6183677,0.2675173,2.4316552,3.8456674,22.908545,0.41333675,689.0367,0.23021497,1326.7098,0.16178398,-155.76236,-0.52997696,1686.7637,0.10062594,1073.8342,0.08801028,-150.78073,-0.5456534,2735.3252,0.07044621,962.4618,0.54149634,-152.90811,-0.5141044,-11.188011,-0.45075673,23.639177,0.22395924,0.04252645,0.5297607,-0.008806316,-1.576499,0.04235546,0.5373947,27.922426,0.25337827,-11.014128,-1.2090855,0.42255497,20.117308,-24.002594,-0.56605744,-6.9432454,13.773911,0.014526502,0.009111923,0.015797522,2.970297,1.0152285,0.25,0.14999999,0.4733333,0.3021405,-47.725018,s,Ses04F_script02_1,Ses04F_script02_1_F009
471,26.537273,0.1062041,25.241756,25.709955,27.457045,2.2152882,376.37955,370.50235,-38.197533,38.863373,0.16361028,0.78935325,0.056527633,0.11129599,0.2582568,0.20172916,2.9979458,2.1537042,2.0197856,1.3430703,0.037657857,1.050552,23.37138,0.6172176,-4.694218,-2.0491655,20.032076,0.47705022,-5.9764514,-1.0687526,0.013681213,0.85730547,1.2471069,0.70922023,4.5771174,0.49429944,2.365104,1.4689754,20.643066,0.26555684,601.95465,0.37084228,1321.7197,0.15328552,-148.72171,-0.56232566,1582.3884,0.13843222,958.1268,0.24400364,-151.58351,-0.5162997,2554.8323,0.09231432,896.74866,0.2390044,-152.06586,-0.5097333,-12.067846,-0.3842821,18.153803,0.26937085,0.031447496,0.7700633,-0.011051819,-1.5457053,0.080442384,0.43210405,34.67543,0.34174976,-9.498347,-0.95812064,25.049377,0.50462216,-5.115465,-1.5745099,-7.647977,13.974456,0.010100228,0.006957656,0.023150833,3.0172415,2.2026432,0.11,0.057271283,0.26833335,0.22467878,-40.148453,ag,Ses04F_script02_1,Ses04F_script02_1_M017
472,34.717567,0.1411513,33.77362,35.86614,38.78562,5.012001,9.760484,0.0,-146.20923,0.0,0.091797635,0.5948192,0.052075803,0.059464276,0.13341841,0.08134261,1.0391834,1.0079904,0.6643726,0.39469028,0.019409953,0.92033064,27.219124,0.29667065,0.5620739,15.07588,8.431384,1.201097,-11.4485235,-1.0980586,0.011263027,0.5467106,1.2700465,0.43487078,7.0262685,0.2710981,3.4591796,3.5286362,28.431856,0.32249802,579.55133,0.36757946,1433.2013,0.19238257,-160.31079,-0.47842598,1568.9646,0.1752628,1155.1895,0.17713806,-154.71294,-0.4931116,2690.3293,0.09286249,956.97687,0.3178191,-157.44034,-0.45441538,-15.8964405,-0.32177335,27.426193,0.18620837,0.02175933,1.0768214,-0.010753131,-1.0427037,0.033654086,0.50455284,32.30972,0.17838214,2.139701,5.8017488,0.21084146,43.248962,-18.343758,-0.66912824,-12.503198,19.477762,0.009304408,0.001392752,0.015105845,1.7167382,2.1929824,0.106,0.061188232,0.32599998,0.28203547,-47.98131,c,Ses04F_script02_1,Ses04F_script02_1_F010
473,28.557188,0.12559596,25.467402,28.157719,31.66172,6.194319,54.148415,22.316008,53.671364,66.68004,0.2662371,0.77029353,0.069702685,0.216613,0.4432903,0.3735876,3.676528,2.0356503,3.0533462,1.5806063,0.07295272,0.92201746,29.680164,0.40782785,-5.3671374,-2.6249955,26.502354,0.53524965,-2.4753535,-3.7827902,0.02434594,1.6870914,1.0583154,0.6618925,5.3818536,0.48478204,4.4581504,1.5447844,21.886032,0.3253904,552.8628,0.43061534,1325.6829,0.15967841,-108.18451,-0.8826396,1604.7938,0.14059795,954.89923,0.34716922,-108.50459,-0.81991726,2577.877,0.0938323,944.1786,0.3313402,-109.15052,-0.8092292,-12.441137,-0.47225228,19.368189,0.30125004,0.040578295,0.47425157,-0.008029203,-1.66649,0.10655595,0.6069879,34.994892,0.30234364,-7.7767444,-1.9990451,30.226877,0.4881364,-1.9748572,-5.60751,-9.90216,16.667162,0.011520195,0.0054691094,0.040409148,3.1791906,2.183406,0.21933332,0.10285696,0.21733333,0.23382235,-34.560246,q,Ses04F_script02_1,Ses04F_script02_1_M018
474,40.096104,0.09681997,37.348946,38.999252,44.207977,6.8590317,76.48953,45.75583,327.85574,410.94238,0.20355481,0.837854,0.06641167,0.15095678,0.23167078,0.16525912,3.4977028,2.1066422,1.4746758,1.5854391,0.05702853,1.0895022,27.535013,0.31751838,-8.80993,-1.4709057,6.885027,1.8765389,-15.905855,-0.63098586,0.030507935,1.2269686,1.4469185,0.41224232,7.2179265,0.32918432,9.904765,1.0442474,25.143124,0.36741385,653.952,0.35739815,1362.7389,0.13762341,-138.17564,-0.5932547,1670.5637,0.14148563,1051.5166,0.16538621,-119.89314,-0.70177066,2719.6711,0.08790918,962.272,0.2620025,-123.887665,-0.64021724,-12.199476,-0.5342087,25.274265,0.1902312,0.04898993,0.44488454,-0.0043575605,-3.193475,0.06125741,0.8185686,31.16637,0.26640078,-8.853114,-1.4039755,2.4543848,5.076257,-20.027086,-0.39172012,-9.55102,19.554424,0.018927844,0.0048188926,0.04420651,2.3391814,4.8192773,0.08125,0.07440388,0.117142856,0.12325516,-38.83795,ans,Ses04F_script02_1,Ses04F_script02_1_F011
475,40.04654,0.12653184,35.909996,38.905415,47.55162,11.641624,88.33182,51.80345,479.52466,348.05984,0.1996972,1.0136789,0.052403636,0.10540509,0.31834555,0.26594192,2.4017076,1.3070246,3.0225391,2.3624291,0.053106718,1.3372626,24.5326,0.4590354,-8.232746,-1.4832228,8.905457,1.1719643,-9.030345,-0.8831751,0.040135138,1.4491569,1.4991577,0.5414488,7.1063814,0.37570438,7.1427727,1.7029823,24.773693,0.42128113,676.614,0.36442176,1349.5665,0.17688511,-175.12837,-0.34783033,1658.6078,0.13389438,1109.3768,0.10671374,-164.67337,-0.4108798,2724.9543,0.107117034,950.00214,0.26315534,-166.00171,-0.39047283,-11.221612,-0.67715716,25.68159,0.1894627,0.053969968,0.48178563,-0.0047290595,-2.7861764,0.08880546,0.7949227,33.705704,0.20892553,-12.428797,-0.9633483,-0.23618633,-61.355698,-15.902418,-0.44246572,-8.476582,17.018631,0.013980946,0.0051689437,0.046876792,2.6845636,2.777778,0.0625,0.026809514,0.36666667,0.42664063,-38.54885,q,Ses04F_script02_1,Ses04F_script02_1_M019
476,41.168026,0.13876252,32.772346,44.37992,46.46182,13.689472,90.26905,58.87778,89.71643,34.70004,0.13954772,0.7841632,0.0515088,0.09163228,0.22419724,0.17268844,1.2737532,0.7037365,1.30494,0.6841971,0.036473554,1.1516393,22.900583,0.33852756,-2.332518,-4.5175424,15.843949,0.6143022,-13.5232935,-1.1275666,0.025864288,0.6171796,1.5100768,0.38455263,6.9630394,0.38818824,6.7681637,1.9006183,16.195562,0.495796,822.6622,0.2925603,1307.8999,0.16931847,-170.62074,-0.37027526,1803.6626,0.097323485,1176.5015,0.54490185,-167.13094,-0.38295946,2769.2476,0.07840118,968.94806,0.41050008,-167.77367,-0.3735648,-11.561433,-0.36738935,19.320923,0.19095066,0.041427996,0.67547315,-0.00693813,-2.1520057,0.06990082,0.61292654,22.19909,0.38706014,-5.7866216,-1.6844095,16.557299,0.75625724,-22.20286,-0.60879385,-11.721415,19.598673,0.009147423,0.0020461013,0.029219592,2.142857,2.909091,0.055,0.041833,0.23777778,0.2784791,-43.33756,ans,Ses04F_script02_1,Ses04F_script02_1_F012
477,35.002567,0.117180824,32.258934,35.246304,37.298454,5.0395203,54.89397,36.07919,66.375565,113.2283,0.29786253,0.7906629,0.057282586,0.27214134,0.47324008,0.41595748,4.150072,2.7430294,4.5936213,3.0691962,0.09544589,0.9430943,25.51313,0.4855352,-2.7804244,-5.74165,20.106426,0.7172116,-6.044738,-1.6323571,0.0269983,1.510289,1.0271125,0.76573396,7.4163303,0.42757982,8.027951,1.0174221,19.638163,0.46200597,664.481,0.36293742,1353.5519,0.2087151,-122.295815,-0.72826767,1704.5289,0.13049917,1029.2618,0.36131778,-117.43407,-0.7279273,2713.6646,0.09928192,1017.99664,0.28699726,-118.50588,-0.711009,-12.14153,-0.58463526,20.841843,0.3513527,0.0420828,0.5538369,-0.0071891593,-1.8700696,0.1500249,0.58129615,28.090202,0.44309783,-3.7632205,-5.001512,20.640078,0.8547362,-7.147902,-1.633924,-10.305711,18.775826,0.0099883685,0.0058329864,0.049232338,3.478261,2.481752,0.17823529,0.11858158,0.19277778,0.24055041,-33.07827,s,Ses04F_script02_1,Ses04F_script02_1_M020
478,33.86284,0.20791747,28.424923,34.320473,39.841633,11.41671,361.69724,669.9448,77.09834,69.43673,0.20956863,0.5543726,0.11324214,0.1839842,0.30254263,0.18930048,3.4326122,2.2928019,2.5669713,1.4716938,0.061948374,0.8518702,20.269293,0.7085292,3.635436,3.5113764,19.762291,0.7242426,-10.215376,-1.1743398,0.032461077,1.3728371,1.3096305,0.684915,7.3791304,0.4314735,9.408561,0.88097686,23.207178,0.39780292,687.68616,0.34166712,1402.0732,0.14295526,-133.33942,-0.6304704,1736.5548,0.13951272,1032.714,0.341828,-128.53401,-0.6310813,2762.4128,0.08569311,1057.3488,0.44017652,-129.42632,-0.61778194,-14.536423,-0.4650608,23.194157,0.3631492,0.038826164,0.6320682,-0.0066838423,-2.2903762,0.08304434,0.6546509,27.433788,0.41806826,2.297388,5.797305,19.51751,0.86645025,-11.936749,-1.192014,-8.078222,14.840518,0.015477512,0.0054012802,0.047351398,5.2700925,3.7184596,0.10035714,0.07133833,0.15923077,0.15536366,-37.408466,s,Ses04F_script02_1,Ses04F_script02_1_M021
479,42.134647,0.11793488,36.69207,41.62026,46.57515,9.88308,55.104183,32.360672,33.16937,16.156614,0.19174385,0.7186422,0.05735196,0.15531434,0.31054354,0.2531916,2.3906763,1.1068026,1.4415514,0.9374952,0.053002745,1.00994,24.269104,0.33565348,-10.110424,-1.3086222,7.5790067,1.9777507,-20.420534,-0.7531633,0.02553043,1.157446,1.3343227,0.40675443,6.96374,0.49072877,10.627816,0.97431445,23.58521,0.367469,787.55084,0.24372666,1362.9265,0.17049707,-131.25421,-0.6829176,1743.4968,0.10170905,1103.3245,0.26525542,-125.12752,-0.68596214,2835.0996,0.0853873,860.1882,0.48583487,-127.805885,-0.64735955,-9.422189,-0.699798,22.446083,0.29518327,0.050243385,0.43479034,-0.0039730435,-3.8460238,0.078051075,0.5502347,26.710814,0.2738681,-13.855968,-0.9756921,2.114452,7.9057508,-30.32038,-0.45376933,-8.333112,17.563805,0.013973611,0.0064104116,0.036124457,2.4203823,2.820513,0.13681817,0.12260009,0.23944443,0.3473147,-39.985744,s,Ses04F_script02_1,Ses04F_script02_1_F013
480,30.824442,0.1396807,26.546696,31.416363,35.008774,8.462078,93.64725,91.700165,69.11209,60.157227,0.31478667,0.8156307,0.06138086,0.24741153,0.522092,0.46071112,5.067893,2.852052,3.2960286,1.9700742,0.099978015,1.0106362,27.140938,0.51538265,-4.640917,-3.0741086,20.24038,0.7557497,-11.380193,-1.01521,0.030890021,1.4401162,1.1980481,0.8792937,5.8081956,0.48803967,5.273519,1.5820897,23.466793,0.34705356,634.1875,0.36196554,1314.672,0.16583453,-109.0339,-0.8676734,1698.9912,0.15070264,971.5525,0.29367226,-110.971725,-0.7995998,2695.6848,0.10063996,948.035,0.3558629,-112.16234,-0.77963537,-13.061524,-0.48888406,21.772652,0.31496492,0.045457438,0.53431463,-0.012393419,-1.3546679,0.15866652,0.6243739,34.418247,0.25863042,-7.2332907,-2.0960605,21.404678,0.8912006,-13.315905,-1.0393826,-8.010644,15.19968,0.008628214,0.0048899828,0.044069752,3.0937216,1.8281536,0.259,0.31940413,0.2805263,0.30234998,-32.007328,s,Ses04F_script02_1,Ses04F_script02_1_M022
481,32.72536,0.1772087,28.802431,33.303802,36.976887,8.174456,48.590313,37.672104,46.593807,28.460396,0.20248201,0.78711236,0.054828916,0.17213775,0.30772984,0.25290093,2.5630653,1.6154066,2.7455657,1.3743209,0.058099218,1.0756071,22.082335,0.59742254,4.0523186,3.4732797,20.368431,0.8670785,-10.018864,-1.1849754,0.038388558,1.02894,1.2534282,0.5666029,6.1299224,0.5712458,9.688149,0.98156464,25.026907,0.45286357,634.3153,0.3356994,1344.6702,0.1864158,-128.0409,-0.68295085,1666.2325,0.1455855,1070.13,0.37414837,-128.79305,-0.6470744,2730.893,0.1062793,962.2118,0.32524613,-130.90619,-0.61690056,-15.367747,-0.51833,25.02483,0.3455738,0.03285144,0.7491937,-0.007234032,-2.3851917,0.093410574,0.8053479,28.350023,0.39328608,4.581999,3.907323,17.282839,1.1255755,-10.190609,-1.5389919,-8.597991,15.355621,0.00922279,0.007280453,0.035410203,3.617571,2.624672,0.145,0.10698131,0.216,0.22690086,-37.128742,o,Ses04F_script02_1,Ses04F_script02_1_M023
482,41.366764,0.11684718,36.166096,41.84251,46.422867,10.256771,95.1366,81.87864,44.26713,35.24073,0.18891908,0.60880405,0.069060005,0.16822435,0.2889908,0.2199308,2.5091908,1.3149624,1.0946577,0.6403221,0.0497681,0.9425699,22.464746,0.41738957,-7.3860483,-1.8137122,14.52633,1.2083393,-20.048029,-0.71323127,0.023986982,0.85445166,1.3981503,0.41827545,7.2773485,0.40592355,8.570514,1.3185626,16.632008,0.68486965,759.2973,0.30991748,1347.753,0.18953265,-129.83707,-0.68023896,1734.7463,0.12955791,1056.4554,0.24689533,-122.12672,-0.70834863,2766.6997,0.0795088,889.26306,0.35575333,-124.08163,-0.6782435,-10.1446085,-0.5834364,21.343588,0.3311535,0.04900168,0.5829891,-0.002037179,-6.552692,0.06845021,0.7070664,26.100136,0.31336004,-13.544942,-1.0342922,9.004048,1.9086615,-24.653875,-0.5520008,-8.974431,16.16359,0.018528903,0.0021563773,0.03568168,2.1013596,2.8606966,0.14043477,0.17284018,0.20523809,0.25879976,-40.62163,o,Ses04F_script02_1,Ses04F_script02_1_F014
483,30.183514,0.17153868,25.324602,28.433563,36.580154,11.255552,65.69681,7.235424,168.12794,132.89781,0.21588147,0.93032765,0.060124196,0.1215803,0.3730101,0.3128859,2.549139,2.1801012,2.9807947,1.7942383,0.07239563,1.1235753,28.1147,0.2984036,-2.0085082,-5.7011585,28.258781,0.49906313,-9.589361,-1.427632,0.106341854,1.3940132,1.9396852,0.6451429,4.0795565,0.6207115,5.076763,1.1837485,20.355963,0.4219181,503.7453,0.47718263,1254.9159,0.22513919,-134.36945,-0.6691437,1608.113,0.11899955,837.02985,0.4246139,-128.36908,-0.6628571,2587.6814,0.07785746,786.20374,0.22840598,-127.74031,-0.6704512,-12.576091,-0.41250545,19.158798,0.28536257,0.04255502,0.4813135,-0.013979572,-0.816938,0.14659849,0.5395529,33.25962,0.2122422,-7.743316,-1.9672612,39.044804,0.36103863,-7.8877773,-1.807522,-13.395267,19.894392,0.007759825,0.0012826694,0.028028354,2.097902,2.8985507,0.1275,0.072929755,0.1925,0.16768646,-35.55662,dag,Ses04F_script02_1,Ses04F_script02_1_M024
484,34.709053,0.09843301,31.303974,35.325077,36.7068,5.4028244,126.93178,156.958,60.69229,48.39388,0.21034493,0.9011449,0.07034587,0.16432945,0.2761075,0.20576161,3.0767477,2.203714,2.520495,1.808647,0.058452766,0.8865533,31.097015,0.23703523,-4.4930477,-1.6086789,14.926739,1.4645078,-19.32338,-0.8816203,0.022180779,0.9608191,1.3036916,0.48152196,5.665034,0.4426845,6.3034773,1.9080912,22.848738,0.37967804,601.9802,0.34150085,1446.0879,0.16423789,-111.52642,-0.8412797,1640.0103,0.14368126,1166.9102,0.33257464,-109.77476,-0.8082118,2649.3687,0.09542696,1092.4442,0.45139056,-112.29662,-0.7652149,-10.626932,-0.46456638,23.065783,0.3011713,0.033775017,0.48530126,-0.0058108983,-2.721913,0.06050429,0.6813655,32.204628,0.23467918,-5.602913,-1.3886702,11.482491,2.1027136,-22.657701,-0.7212132,-14.047903,23.998936,0.020272398,-0.0044595366,0.04637979,2.4390244,3.1645572,0.146,0.1671646,0.19,0.110679716,-35.764076,b,Ses04F_script02_1,Ses04F_script02_1_F015
485,31.34185,0.075562336,29.480114,30.772583,32.239758,2.7596436,41.08799,29.572489,27.875822,42.517067,0.3778172,0.622913,0.1617669,0.3272808,0.6177461,0.45597923,5.573333,2.1151013,4.199398,2.3111305,0.11098255,0.816175,25.183624,0.56227845,-4.6625896,-2.6262596,34.26182,0.42527595,-2.7307994,-4.208798,0.017375913,1.0041016,1.1440388,0.64418936,6.457709,0.32972956,9.346025,1.0386144,17.962557,0.34641132,652.3374,0.43976927,1217.2537,0.23496248,-83.76246,-1.0703387,1687.6713,0.13368385,920.70105,0.30204532,-82.315,-1.0055456,2628.069,0.09857655,896.01526,0.39868525,-81.33049,-1.0275838,-9.82551,-0.45205468,15.683063,0.37397242,0.04204032,0.60753554,-0.004195211,-3.0919778,0.12891267,0.686942,29.385822,0.3650993,-8.157532,-1.493403,38.527756,0.37460902,-2.3792832,-4.9935675,-8.188549,15.698683,0.021260327,0.0038949952,0.08275351,3.858521,2.9411764,0.21,0.20832665,0.12,0.10173495,-31.713621,s,Ses04F_script02_1,Ses04F_script02_1_M025
486,30.578836,0.11759445,28.643457,30.666042,31.621742,2.9782848,38.227657,28.297935,67.34068,54.511456,0.3188043,0.83575845,0.06517398,0.2502201,0.5534618,0.4882878,5.3061504,2.6302931,3.7732534,2.3701577,0.08689427,1.0514249,25.403236,0.5942909,-3.7994165,-3.8072953,20.172873,0.6301748,-8.426101,-1.4305279,0.01856121,1.9533803,1.0242412,0.8824478,6.776917,0.43337777,3.0448017,2.2733014,19.355915,0.43971732,665.50934,0.3775055,1348.7013,0.18846795,-120.08993,-0.7712194,1679.593,0.1621747,1036.8953,0.28883323,-117.09827,-0.7672042,2682.5854,0.115216844,903.0538,0.4123025,-118.82065,-0.7396492,-11.500233,-0.5423448,19.379053,0.33932975,0.049598236,0.44441867,-0.0108528985,-1.6192213,0.13866699,0.6370702,34.437157,0.2880686,-9.004435,-1.6360894,19.472668,0.79400593,-10.053861,-1.5546467,-7.233753,14.144568,0.011978826,0.0074411994,0.04575766,2.8473804,2.0618558,0.20777778,0.12976712,0.28687498,0.28772205,-31.856733,s,Ses04F_script02_1,Ses04F_script02_1_M026
487,32.36403,0.18651105,26.22553,31.632423,37.570343,11.344812,138.38045,99.74083,60.251427,77.86936,0.19187312,0.7600828,0.052587666,0.16567907,0.31225058,0.25966293,2.7178035,1.4830505,2.0267603,1.6254013,0.0531364,0.93773013,24.515297,0.5110765,-1.5727684,-8.254369,22.839739,0.60771084,-7.63459,-1.2252156,0.028109947,0.9832407,1.2193311,0.60006654,6.27847,0.4271314,8.179663,1.1025536,19.940609,0.5068754,621.0565,0.3960182,1356.7216,0.16923107,-131.4275,-0.68283975,1673.2225,0.12913346,1037.4666,0.4206324,-129.66685,-0.65674835,2655.493,0.09156093,995.42194,0.36676136,-130.45076,-0.64363575,-12.059132,-0.6805961,20.45249,0.3758206,0.036791757,0.54159373,-0.0033417311,-4.472384,0.09048861,0.55254394,28.57595,0.41814753,-3.1836433,-5.081812,28.630947,0.602938,-8.134205,-1.5748682,-9.940269,17.644289,0.009040658,0.006975595,0.028468154,3.125,2.2573364,0.16499999,0.14030324,0.258,0.32593864,-38.029613,o,Ses04F_script02_1,Ses04F_script02_1_M027
488,38.34234,0.14477877,35.2846,40.454014,41.776947,6.4923477,44.590702,56.55252,18.83231,0.0,0.14043392,0.71331567,0.056276184,0.10182058,0.22124086,0.16496468,1.7312065,1.2728592,1.08678,0.60159063,0.030978918,0.9995473,21.348217,0.37123933,-3.1978648,-4.296864,10.470239,1.0900197,-11.310839,-0.7648855,0.03657669,1.0310489,1.6002239,0.43309563,4.554968,0.6417912,9.595142,1.2438687,19.78559,0.40947255,704.47876,0.33215466,1410.8715,0.14769952,-157.78552,-0.49016622,1642.0336,0.09981407,1217.9032,0.32976016,-147.97601,-0.5495488,2686.1272,0.08441454,813.9794,0.33040932,-150.13261,-0.5180488,-7.5028534,-0.8455057,18.826193,0.2768034,0.03489792,0.5465306,0.0016027655,8.557921,0.058918223,0.628329,20.106617,0.38915002,-9.457755,-2.062505,6.488982,1.8899126,-20.645802,-0.445599,-9.592125,19.065828,0.011097394,0.008142045,0.021302707,2.2099447,2.2727273,0.1125,0.04322904,0.24399999,0.28674725,-44.67291,s,Ses04F_script02_1,Ses04F_script02_1_F016
489,39.06658,0.19752806,29.994532,39.62671,47.600792,17.60626,80.567276,0.0,-35.40691,0.0,0.18136445,1.3347876,0.0540106,0.065075725,0.2908473,0.2368367,2.189289,2.4696395,2.0524132,0.20212704,0.06617769,1.9427472,23.418755,0.36571,-2.0538979,-2.7663498,9.140491,1.0366143,-10.741935,-1.2119116,0.0312768,1.4214572,0.96949446,0.57616645,8.454829,0.37607655,13.49401,0.53462946,27.349516,0.5155872,836.68896,0.28995368,1295.6536,0.27534014,-167.53087,-0.41793948,1857.324,0.1266005,1080.0482,0.28184846,-165.69087,-0.40591037,2917.7854,0.08072156,802.28864,0.33959568,-166.5516,-0.39424753,-16.169128,-0.4236675,28.308996,0.36209443,0.0682271,0.48497957,-0.012104604,-0.7538718,0.22227842,0.71862215,32.314873,0.38436535,-1.7546844,-5.4502025,1.2032996,11.605535,-17.114237,-1.4243873,-10.496297,18.40433,0.014415598,0.006482473,0.027956601,1.0810812,1.1111112,0.175,0.044999998,0.46666667,0.34373763,-33.107876,q,Ses04F_script02_1,Ses04F_script02_1_M028
490,36.29092,0.22105975,28.354843,41.72784,41.869312,13.514469,291.02847,0.0,-2.568563,0.0,0.103545144,0.8969687,0.053591877,0.07130837,0.099519804,0.045927927,0.5615918,0.39375672,0.34301388,0.1052147,0.019932263,1.4684333,18.48677,0.38214508,-3.427978,-2.9486263,13.843454,0.4580174,-11.225895,-0.731063,0.13298753,1.2145721,2.0909176,0.4159509,5.2804604,0.49562094,5.3225636,1.8188082,19.633802,0.24775746,899.1108,0.21092622,1501.7092,0.14532535,-189.49837,-0.23680404,1954.0187,0.07372723,862.8611,0.20009951,-190.15488,-0.22213273,3056.4453,0.096448235,837.3933,0.20679337,-190.09792,-0.22353946,-14.080339,-0.23609129,20.2207,0.23417197,0.017026545,0.6825969,-0.018996734,-0.72611743,0.091998145,0.42475694,20.957977,0.13674955,-5.5235806,-3.3211062,24.484108,0.39975208,-26.234001,-0.6265789,-8.582362,16.123562,0.007946217,0.00808848,0.01602818,0.5025126,0.51546395,0.099999994,0.0,0.905,0.36499998,-46.75844,ans,Ses04F_script02_1,Ses04F_script02_1_F017
491,30.995668,0.17188695,26.081161,30.364063,36.20463,10.12347,130.6664,190.8524,62.10079,117.80852,0.30295587,0.72854,0.10967145,0.2539015,0.45299634,0.3433249,4.763387,3.4331863,3.3469481,1.9481442,0.09430211,1.0268284,24.243158,0.65481967,-1.2403963,-11.575519,22.635319,0.80434203,-6.5878844,-1.9645258,0.024849527,1.3926945,1.1456689,0.75900114,6.5769253,0.3998731,7.5346746,1.1119806,24.996605,0.36444983,640.2192,0.3760429,1382.0264,0.18705817,-104.22624,-0.8926648,1693.8655,0.1312751,985.5512,0.32160962,-103.06974,-0.84744596,2727.7004,0.093111455,1046.113,0.35536718,-104.857666,-0.8169263,-13.541621,-0.5219341,22.524717,0.37926966,0.042435605,0.60722077,-0.0075279092,-1.7023829,0.13531786,0.7965807,32.240433,0.3626402,-3.1931102,-4.5787067,25.45543,0.84473217,-5.818852,-2.6227894,-6.29811,13.510724,0.009560802,0.0068560676,0.046748385,3.06845,2.3696682,0.21666665,0.15977761,0.18466666,0.22254188,-32.793682,s,Ses04F_script02_1,Ses04F_script02_1_M029
492,39.446854,0.11813711,34.470577,38.863827,44.251816,9.781239,81.65055,76.894424,187.39021,522.2131,0.2185615,0.6117927,0.09729204,0.19210586,0.30140257,0.20411053,2.4651976,1.5590869,1.2595432,0.8230796,0.060110763,0.9602919,25.180616,0.3203106,-12.385998,-1.0933393,9.551228,1.8066801,-20.898031,-0.6633251,0.022691969,0.8657484,1.3672423,0.41421616,6.657652,0.46465027,6.2200003,1.7638708,19.342045,0.4906823,728.6439,0.31042838,1383.5112,0.17363521,-110.05717,-0.8341055,1721.1322,0.12575044,1070.1973,0.23815253,-102.092834,-0.8614675,2772.9956,0.084280886,1016.54266,0.3745035,-105.76041,-0.7978962,-10.459736,-0.63517714,22.099768,0.2705855,0.043484364,0.48953837,-0.0027991855,-5.526899,0.07289947,0.8059991,28.032948,0.26485696,-13.961798,-0.92318195,7.8178678,2.2994647,-23.80013,-0.58392894,-7.021191,17.291164,0.02430631,0.003807364,0.04626505,2.5614753,3.0895984,0.16233334,0.15389787,0.15518518,0.22213393,-39.327034,s,Ses04F_script02_1,Ses04F_script02_1_F018
493,35.027096,0.3065195,24.48635,33.487034,48.476215,23.989866,24.66548,0.0,-15.5508995,0.0,0.23364817,0.7684778,0.05651717,0.19649103,0.39209113,0.33557397,3.899542,2.8861601,3.54396,1.8889325,0.068634,1.1436828,25.051071,0.561887,-5.6619473,-2.3756907,16.98713,0.78774697,-8.860524,-1.4486432,0.018894661,0.7056441,1.186627,0.7050047,7.2464027,0.42928132,2.7563674,2.1350155,17.08917,0.7809131,773.25586,0.32088354,1349.8085,0.17469317,-116.89025,-0.79920536,1780.138,0.11607599,967.4898,0.34061137,-116.00514,-0.7643287,2809.278,0.09320373,1041.8053,0.56459874,-117.03918,-0.7486147,-13.930807,-0.4640764,21.013968,0.3489816,0.048777156,0.5932293,-0.006929993,-2.2173593,0.10478763,0.83996814,30.18695,0.46488717,-8.263723,-1.5603467,18.96726,0.91968596,-9.366881,-1.8044395,-8.324779,16.110134,0.009738791,0.0072457693,0.036420655,4.1322317,1.2711865,0.35999998,0.16062377,0.40666667,0.32887012,-35.57495,o,Ses04F_script02_1,Ses04F_script02_1_M030
494,44.376408,0.11771399,39.880737,46.48292,48.58284,8.702103,43.05697,21.374498,128.50194,157.08957,0.37504056,0.66076803,0.20680441,0.2965,0.49599743,0.28919303,4.502524,2.9705765,1.3710252,2.5479038,0.13323842,0.97146994,20.625658,0.5486661,-11.3184395,-1.1561291,8.993545,2.1714582,-19.235601,-0.676862,0.024366252,1.4548196,1.24815,0.5613019,8.888104,0.45122072,7.7069745,1.0894881,14.293257,0.8254573,816.0271,0.27828917,1307.7998,0.17650752,-80.97465,-1.0592983,1784.6328,0.11152211,977.5852,0.3049297,-74.89958,-1.0212332,2814.1665,0.07451293,918.01154,0.5107063,-77.97753,-0.9585365,-10.306301,-0.47961617,20.091,0.34396726,0.05912145,0.4560802,0.00032234468,43.294662,0.1298419,1.0640848,22.673592,0.41465068,-13.171491,-0.7710335,6.7902694,2.6038473,-21.383749,-0.5509615,-6.1756763,15.22002,0.03743801,-2.9840767e-05,0.13899867,3.4632034,3.097345,0.21714285,0.21177575,0.07375,0.053604454,-31.937263,s,Ses04F_script02_1,Ses04F_script02_1_F019
495,35.00262,0.13595262,31.693644,33.82031,38.3113,6.617655,49.694527,13.202182,358.19836,429.3624,0.49265262,0.74801606,0.19592392,0.36998165,0.82708114,0.6311572,8.578847,4.915307,7.412568,5.1733923,0.18983684,1.0495265,20.022104,0.7467538,-8.74978,-2.2009327,17.842335,0.7996666,-11.360016,-1.0952932,0.03725579,1.3233362,1.3440644,0.7710932,6.1132464,0.5046075,6.197391,1.3276414,17.355755,0.47743282,721.9072,0.35591272,1280.8464,0.15769912,-130.48381,-0.6742865,1742.5189,0.14112623,948.1663,0.28343865,-123.80089,-0.69199824,2716.6208,0.08675181,852.0047,0.33600974,-124.949165,-0.67548776,-9.444932,-0.60642534,17.29365,0.38176948,0.04807322,0.51482517,-0.008763581,-1.5641514,0.27071753,0.8134199,28.00844,0.39448276,-9.536454,-1.6268426,20.521141,0.76377904,-11.729707,-1.2220933,-3.042076,10.49982,0.025759561,0.0070357914,0.13651627,3.2745593,3.3163266,0.11615385,0.07385416,0.17833334,0.1734855,-28.461426,o,Ses04F_script02_1,Ses04F_script02_1_M031
496,28.55568,0.17515051,23.169607,30.539251,33.077545,9.907938,99.56299,86.36081,45.27381,33.307278,0.18873824,1.1351229,0.053962305,0.090301976,0.24681629,0.19285399,5.0135193,4.0665283,4.0324874,3.8755198,0.056594353,1.6372217,22.134586,0.5425708,-2.3432393,-4.8872433,22.563955,0.45519885,-5.533704,-1.3273975,0.03702458,1.8121678,1.5218394,0.6937271,4.5512586,0.5600405,3.4592052,2.1119196,17.265724,0.49406078,548.14667,0.44004163,1267.6172,0.18181075,-159.6944,-0.47484154,1596.7234,0.13378923,906.6815,0.29702622,-157.43727,-0.47533634,2551.773,0.09362852,982.0068,0.33725175,-157.38673,-0.47552812,-11.530961,-0.3911312,17.91959,0.27460662,0.03041974,0.6556275,-0.011428785,-1.1952308,0.13596156,0.9566301,29.360277,0.3268388,-6.110426,-2.446997,31.79744,0.3821495,-4.2507935,-2.1795185,-8.817304,15.738123,0.0032208879,0.003999537,0.032657154,1.6795866,1.9505851,0.11066666,0.08551543,0.40714285,0.39301816,-35.193035,q,Ses04F_script02_1,Ses04F_script02_1_M032
497,28.098682,0.16524298,23.25854,28.295874,33.366867,10.108328,149.34567,134.63509,58.459747,109.0694,0.2554879,0.76333237,0.08105829,0.20065846,0.38827828,0.30721998,4.6431184,3.0114133,3.120601,1.7300376,0.075084165,1.0756688,23.323376,0.62088907,-0.8160929,-17.340893,24.576557,0.5446597,-3.3366134,-2.5428946,0.024841651,1.7880375,1.1328962,0.8466297,5.726827,0.5557697,7.0313115,1.1116717,23.155718,0.34737584,561.41797,0.41843143,1337.5544,0.1791713,-132.71852,-0.66872746,1615.7703,0.12597494,959.83746,0.3239674,-134.3408,-0.61986434,2615.582,0.11064585,981.78784,0.31098533,-134.81126,-0.6131994,-13.626899,-0.4740226,19.89896,0.36278546,0.035566933,0.63318694,-0.011445615,-1.340255,0.121979795,0.7344782,32.947052,0.31930232,-2.968149,-4.7423334,30.256817,0.4507361,-0.9252137,-11.09381,-7.5468383,14.065149,0.009958868,0.0034663524,0.048940696,3.629537,2.6448362,0.12857142,0.10100852,0.22857143,0.22241715,-33.43648,c,Ses04F_script02_1,Ses04F_script02_1_M033
498,27.74898,0.12324076,25.068981,27.366413,30.330994,5.2620125,93.02316,110.807785,17.978245,8.802065,0.25048125,0.640864,0.07887228,0.23438747,0.3981728,0.31930053,2.5513237,1.4246322,2.1516242,1.2413301,0.061289202,0.8378403,26.014872,0.6279546,2.382465,5.2310996,24.351135,0.59894913,-7.3054833,-1.5929575,0.016018135,1.5044129,0.98926395,0.7780232,6.596327,0.43423733,4.252009,1.49995,25.076925,0.35630962,591.8514,0.3747485,1338.2566,0.21082307,-96.282455,-0.98219275,1681.5262,0.14627402,1015.99585,0.34242082,-101.774284,-0.8508345,2678.4998,0.103791766,1047.6974,0.35056725,-102.65908,-0.83464056,-15.238773,-0.49377832,22.519758,0.3889175,0.03619908,0.5819162,-0.014874954,-1.1593562,0.08458472,0.6367003,33.833675,0.36817494,1.3466346,9.94339,25.926573,0.64458007,-8.2987175,-1.7297046,-7.8612804,14.7769375,0.00503299,0.006362069,0.03363941,3.672613,2.3206751,0.22636363,0.24178398,0.19190475,0.22756724,-34.92592,s,Ses04F_script02_1,Ses04F_script02_1_M034
499,25.866629,0.092903346,24.164581,25.822552,28.130068,3.9654865,83.54065,125.79408,28.674374,39.141586,0.24399634,0.57232106,0.119150355,0.22352843,0.3321383,0.21298794,2.898991,1.6673462,2.2015693,1.2028626,0.060449433,0.72970736,27.937698,0.60206443,2.8167868,5.132905,21.42192,0.67854595,-6.8771873,-1.8831778,0.016278833,0.99341494,0.9727332,0.79267627,5.68548,0.4036633,5.200941,1.1396005,28.874834,0.30992407,654.11584,0.35172904,1374.1168,0.15295625,-88.53913,-1.038069,1704.4928,0.16430429,1050.6217,0.26331207,-95.0523,-0.90145,2758.1262,0.107376,979.4299,0.35060665,-97.63815,-0.8546691,-16.365318,-0.46998084,25.46194,0.31289667,0.028502148,0.68139493,-0.013867599,-1.2605947,0.07585126,0.60708344,37.485863,0.24238902,0.31833383,45.076683,20.850576,0.747477,-8.512056,-1.7991594,-7.3157754,14.225808,0.0027028974,0.006804222,0.040040873,4.472574,2.7118645,0.204375,0.16066146,0.13969697,0.12154273,-35.940468,s,Ses04F_script02_1,Ses04F_script02_1_M035
500,28.692472,0.13209355,26.349262,29.309135,31.558277,5.209015,20.7462,15.410961,38.55606,16.23968,0.27652603,0.87514293,0.062305883,0.20691532,0.41480106,0.3524952,3.527122,2.5061762,3.183166,2.2486937,0.082582034,1.1750104,25.79057,0.5347979,-0.544488,-27.217064,22.98582,0.4824248,-5.80554,-1.9667333,0.016518446,0.98028857,1.0871047,0.7195001,5.8852434,0.47419828,7.9934072,0.8459245,24.727293,0.36707148,610.67645,0.3682825,1425.4783,0.18777996,-111.88863,-0.8231523,1668.0308,0.12353418,1014.8887,0.280795,-114.41301,-0.7568409,2688.8477,0.08361063,1005.57074,0.31644997,-115.66607,-0.7363736,-13.691778,-0.5887683,22.025969,0.37009567,0.036892768,0.6336302,-0.009510558,-1.3728424,0.13032924,0.8586402,33.13676,0.27420565,-4.1501417,-4.257562,26.054302,0.46789804,-5.278248,-2.5790682,-9.216566,16.706173,0.007852531,0.005878053,0.041699216,2.844639,3.097345,0.14285713,0.10194036,0.15857142,0.20194967,-32.89098,s,Ses04F_script02_1,Ses04F_script02_1_M036
501,34.65231,0.15374285,29.614456,35.220432,39.635834,10.021378,66.12571,19.910221,61.538,41.848194,0.40649706,0.9459417,0.05847904,0.29175097,0.7108444,0.6523653,5.347324,2.553345,3.986484,2.1888223,0.18989383,1.3662908,22.88372,0.6259242,-4.001663,-3.5753708,17.548454,1.0741272,-5.1876235,-2.2215078,0.043722793,1.3557415,1.3704269,0.80086935,5.7203603,0.61373025,10.758998,0.6708036,22.726135,0.4180687,803.49817,0.32285208,1206.86,0.22410968,-126.11216,-0.70335454,1804.6415,0.1191213,1103.7949,0.31180686,-123.75714,-0.6975872,2811.1218,0.08210154,845.2879,0.2759429,-125.87273,-0.6655986,-10.694733,-0.8335443,22.583721,0.37069517,0.051202085,0.53319144,-0.007279605,-2.2286937,0.33834147,0.84768814,28.615406,0.4313101,-6.615864,-2.3672545,14.870319,1.701542,-8.000731,-1.8288387,-7.4560595,15.721976,0.012532011,0.010090212,0.083496526,2.7237356,2.357564,0.17,0.14381701,0.25272727,0.29894027,-27.382,o,Ses04F_script02_1,Ses04F_script02_1_M037
502,25.915024,0.10006227,23.798487,25.715889,28.858913,5.0604267,142.6307,184.03572,27.696733,15.041415,0.2266563,0.9057527,0.054628916,0.17736483,0.3494119,0.294783,2.4755218,1.5150635,1.8649733,1.3354554,0.053146318,1.2166336,25.338463,0.6016064,-0.794517,-14.717463,22.425549,0.6052842,-4.515412,-2.527193,0.016146813,1.0257243,1.060597,0.7997294,5.520937,0.4247796,3.326492,1.1874261,24.11502,0.31356096,601.9467,0.39885002,1357.7062,0.18125397,-115.62093,-0.82397187,1641.1276,0.12565772,962.9864,0.27799904,-119.27939,-0.7504236,2663.4143,0.09526114,1012.986,0.41464448,-121.006615,-0.72409636,-12.998278,-0.46836433,21.47641,0.30666482,0.032086357,0.6249066,-0.0087323375,-1.805249,0.090870395,0.87234795,35.688034,0.28583238,-5.0771646,-2.4475372,26.544687,0.6791684,-1.1817565,-12.029275,-7.8960986,14.820231,0.0050175,0.007681532,0.023860423,1.9821606,1.5936255,0.266875,0.18417785,0.32,0.36544895,-35.209522,s,Ses04F_script02_1,Ses04F_script02_1_M038
503,23.477383,0.1739655,20.716072,22.967041,24.714163,3.9980907,203.2079,156.90425,27.169992,48.205086,0.19561243,0.8745629,0.05449088,0.13404092,0.33949906,0.2850082,3.1085203,1.7005229,2.0863602,2.2993734,0.04669956,1.1408801,19.5977,0.8931298,1.7872962,7.2915783,19.832043,0.59465104,-4.9460382,-1.7485994,0.017254902,0.7235235,1.144535,0.7580362,3.27634,0.9039961,5.21884,1.173513,24.887207,0.47202936,518.3054,0.39483234,1355.6738,0.16504723,-145.35881,-0.5878295,1581.6162,0.11308368,948.035,0.2916819,-148.07452,-0.54232645,2645.413,0.096502066,983.47375,0.2276849,-149.06065,-0.5289378,-13.754268,-0.53189373,21.945889,0.44688204,0.025035366,0.8130054,-0.009427296,-1.5078838,0.07707417,0.86507547,32.01997,0.3328744,0.50566465,29.092028,26.294622,0.5467437,-1.4879447,-8.144823,-6.270153,12.966048,0.005308309,0.0063041914,0.035416104,1.9083971,1.9267823,0.138,0.09152049,0.359,0.33688128,-38.987408,s,Ses04F_script02_1,Ses04F_script02_1_M039
504,25.024052,0.1360771,22.489616,25.95607,27.652527,5.1629105,51.822376,30.037643,56.599037,40.310017,0.17393108,0.80691206,0.05406049,0.113331385,0.28543398,0.23137349,2.554438,1.3352208,1.8163829,0.96444356,0.043604426,1.007349,25.645407,0.4675814,-1.1495109,-9.1836405,15.782154,0.7008085,-4.5215573,-2.5113091,0.019575624,0.6495753,1.1781409,0.6182421,4.2478294,0.6215567,5.716701,0.8708279,25.006594,0.23938419,708.663,0.36752614,1367.645,0.1713249,-147.92784,-0.5563029,1714.125,0.14849241,1096.8495,0.24023792,-148.19952,-0.5359498,2712.1084,0.106179185,922.25635,0.21624236,-149.23831,-0.5217841,-13.570947,-0.46291786,21.076317,0.29962784,0.026730128,0.76293534,-0.009125126,-1.6611898,0.08635135,0.5205852,35.693115,0.29621923,-4.0391164,-3.1666374,23.07363,0.5915076,1.6489614,9.671971,-9.18773,17.730598,0.0050927796,0.005947771,0.027041359,2.9748285,2.0833335,0.12777777,0.12461298,0.29799998,0.23059921,-38.522854,s,Ses04F_script02_1,Ses04F_script02_1_M040
505,33.575638,0.05931732,31.827917,32.935307,35.913208,4.085291,29.435503,0.0,10.873329,0.0,0.07294447,0.41401404,0.05056098,0.05708184,0.095755875,0.045194894,0.73182714,0.41643962,0.46573433,0.268179,0.014247362,0.69536203,29.104652,0.19268176,1.2486997,5.6543074,13.237342,0.63306826,-7.970698,-0.84964806,0.024208175,0.43633118,1.2934589,0.35561675,7.2431083,0.22353703,3.602449,3.3858283,28.850086,0.29835084,778.66895,0.24737269,1339.1697,0.09625581,-140.87575,-0.5966107,1887.6827,0.13213,1127.5514,0.1665761,-144.32318,-0.5448828,2946.1182,0.088625364,1049.228,0.19927347,-146.56064,-0.5146352,-20.308376,-0.22160116,32.491913,0.16543211,0.021232147,1.3287429,-0.009162561,-0.82799083,0.025740746,0.37893245,35.64954,0.09477963,5.9926066,1.5043914,10.189403,1.0909375,-10.971307,-0.8362416,-12.17601,19.891956,0.0075046015,0.0059868703,0.009056547,2.1276596,1.6393443,0.19,0.14165686,0.29749998,0.25143337,-50.510567,s,Ses04F_script02_1,Ses04F_script02_1_F020
506,29.116968,0.10819185,27.215214,29.192085,30.064602,2.8493881,55.86021,23.44858,6.401625,15.567341,0.14205441,0.9314788,0.049702574,0.05542101,0.25792134,0.20821877,3.210992,1.9797816,2.873034,1.5680971,0.03985599,1.2123755,25.174097,0.38274935,0.22614089,38.71874,23.629126,0.50456643,-7.5952806,-0.9245296,0.025718069,0.45118955,1.3981526,0.5769954,5.877603,0.30460066,10.3481045,0.7459127,25.55944,0.2287788,714.72314,0.28525007,1349.1765,0.2633234,-157.78429,-0.47974372,1790.7063,0.101131655,859.69446,0.25302908,-158.16467,-0.4585171,2753.0552,0.068883866,883.7028,0.21159825,-157.78102,-0.463717,-15.652315,-0.29191253,22.343086,0.26130864,0.02719939,0.87972075,-0.0044327197,-2.105816,0.099530034,0.48080212,29.030241,0.2924555,4.5037484,2.1350398,34.988415,0.43545258,-5.0090303,-1.9504709,-11.239046,18.395767,0.005148983,0.0041935546,0.02211698,2.1505377,1.6574587,0.13666667,0.11556623,0.33249998,0.2704048,-39.496777,q,Ses04F_script02_1,Ses04F_script02_1_M041
507,37.460407,0.017335836,36.74636,37.55783,38.203163,1.4568024,3.8654222,1.5345354,9.703856,3.2554922,0.08530893,0.57856107,0.04974029,0.054978807,0.12899844,0.07925816,0.6587518,0.4548527,0.74318284,0.47625175,0.016399687,0.6269423,28.601282,0.21243593,-2.5701623,-2.2830753,8.817744,1.0222827,-15.541721,-0.8970418,0.019989638,1.4418256,1.1911287,0.2680837,6.4489264,0.20154268,-3.910931,-2.5267782,26.48285,0.27978587,628.08875,0.27618566,1422.9513,0.17150949,-161.21602,-0.4913161,1620.0374,0.13633737,1228.9691,0.23693076,-157.62234,-0.49080762,2754.827,0.07958694,992.98694,0.29840365,-159.89787,-0.45792416,-12.214682,-0.42406008,27.597843,0.21011789,0.030252235,0.67526066,-0.012216459,-0.7294528,0.030846795,0.28638467,36.19867,0.08408434,-8.186376,-0.7715774,-2.5794065,-2.210796,-35.878414,-0.29353383,-13.026592,22.726364,0.0022605532,0.0040939134,0.012588732,2.3952096,1.2345679,0.175,0.035,0.40666667,0.25940102,-50.3449,q,Ses04F_script02_1,Ses04F_script02_1_F021
508,31.644196,0.13509928,27.807346,29.226463,37.24028,9.432934,57.20874,0.0,-18.281633,0.0,0.13801375,1.2122068,0.049062043,0.051953703,0.24495439,0.19589235,2.9525518,3.052906,1.953995,0.46314996,0.03502248,1.5589982,25.321346,0.40806016,-2.7408879,-3.522503,13.576183,0.293564,-8.790361,-0.6063528,0.014694467,0.8949489,1.3945522,0.43046954,5.746495,0.5694015,2.6049829,1.0993891,20.871275,0.2851288,589.65717,0.3931627,1424.0756,0.17640807,-181.67355,-0.31273246,1610.3024,0.12037588,1026.1309,0.15328845,-176.55568,-0.34752646,2590.971,0.10927611,1271.8916,0.46841654,-177.6914,-0.3284531,-9.241758,-0.70690084,18.86155,0.4102595,0.043351084,0.4875875,-0.009214538,-1.0151713,0.111403145,0.4616891,34.330547,0.45693794,-13.49468,-0.9704325,12.112051,0.54215544,-9.108199,-1.2046412,-11.15431,19.186985,0.004315337,0.0036056163,0.024824683,1.0362694,1.0638298,0.11,0.03,0.5366667,0.37366056,-40.314606,ans,Ses04F_script02_1,Ses04F_script02_1_M042
509,45.11847,0.032268107,43.650723,44.798412,47.01085,3.3601265,22.391836,0.0,-19.4623,17.850471,0.12574677,0.64350843,0.05179536,0.080167554,0.2138806,0.16208524,1.1916808,0.59847724,1.323859,0.53810596,0.030203693,1.0014098,21.223824,0.32131395,-2.8422086,-2.4471054,10.7154875,0.8797948,-14.372309,-0.8387084,0.029785717,0.50988936,1.6308029,0.49662033,8.175677,0.31602922,11.338725,0.54528356,16.139343,0.46225047,908.84875,0.23185326,1302.4886,0.13574414,-169.33347,-0.39861017,1918.8743,0.10331776,972.19476,0.36967668,-165.20312,-0.40305075,2896.5845,0.080851726,1034.6433,0.31268606,-165.64893,-0.39707872,-11.15595,-0.40893134,19.729622,0.43511134,0.053396337,0.3240439,0.00046934237,27.084164,0.062289543,0.43250942,18.379957,0.34106377,-5.440959,-1.3667666,11.156739,1.1589811,-25.908554,-0.54706764,-10.5762005,19.65988,0.012045646,0.0049528712,0.023187656,2.6595745,2.1857924,0.082499996,0.010897247,0.282,0.2858251,-45.15325,o,Ses04F_script02_1,Ses04F_script02_1_F022
510,26.952948,0.11996726,24.05926,26.958504,29.037384,4.9781246,120.47065,139.09999,31.03775,34.972343,0.102320194,0.4944622,0.060875893,0.08588231,0.13740978,0.076533884,1.144286,1.173136,0.64496475,0.4662001,0.019686209,0.69859684,23.717566,0.34574336,-1.2483726,-7.028441,18.166138,0.447906,-8.691323,-1.1107267,0.021824837,0.7953198,1.2790954,0.5135169,3.9879508,0.5849051,2.072401,3.2670093,20.908024,0.37167296,642.1208,0.39435345,1373.3762,0.15470527,-165.57942,-0.43538058,1671.7335,0.16778876,1040.3838,0.28497994,-166.14774,-0.41635853,2712.4326,0.09705378,972.5927,0.4326427,-167.08353,-0.40283957,-14.153206,-0.36360356,23.04796,0.2810543,0.023845334,1.0157382,-0.006136511,-2.231625,0.03597421,0.39544064,32.653023,0.20190069,-1.7548097,-6.1426644,22.389423,0.53824866,-13.007557,-1.2170591,-10.691186,19.427532,-0.0027790102,0.006842349,0.015941216,1.7110267,1.429252,0.122666664,0.10356748,0.53870964,0.6989657,-48.70017,q,Ses05M_script02_1,Ses05M_script02_1_M000
511,37.433975,0.045298517,35.407192,37.970562,39.16431,3.7571182,0.0,0.0,-0.19140176,0.0,0.07686541,0.62077975,0.05314566,0.05472693,0.09065579,0.03751013,0.17271517,0.10525399,0.5045031,0.0,0.0137515785,0.5678776,26.581102,0.086448245,-0.679416,-9.168227,17.119019,0.34114307,-9.031584,-1.0397171,0.022779277,0.8871177,1.0226179,0.61492956,10.138375,0.17579792,5.010646,0.53650993,18.256052,0.1389644,855.1612,0.17175876,1305.6918,0.16681455,-163.02971,-0.43817386,1936.5305,0.09460015,1006.93884,0.18167081,-164.88841,-0.41110548,2958.8481,0.06077543,804.6559,0.21149452,-165.41064,-0.40403283,-17.213284,-0.44051716,28.491182,0.26925424,0.012874365,1.0673019,-0.010496173,-1.0109046,0.025727015,0.24715117,30.09988,0.03625093,0.8276676,13.8003,20.15935,0.47391504,-19.254995,-0.8357424,-13.553043,23.554174,-0.0088503165,0.009910974,0.010856563,0.88495576,0.92592597,0.22,0.0,0.415,0.074999996,-49.2501,ans,Ses05M_script02_1,Ses05M_script02_1_F000
512,27.011,0.11175654,23.662071,27.115614,29.754797,6.0927258,169.33205,242.5011,24.127846,8.669708,0.083968826,0.58184874,0.05418307,0.060460523,0.113249496,0.059066426,0.82511663,0.934215,0.5354172,0.36837658,0.016867425,0.91419804,25.417511,0.2638891,-0.86432415,-7.778695,17.91422,0.38179114,-9.120045,-0.91796565,0.019509599,0.5919658,1.3634758,0.47090778,3.3547733,0.59289443,1.0803274,4.66425,23.048777,0.2872992,561.7589,0.3617811,1323.7327,0.13358736,-181.6067,-0.30567625,1610.6118,0.16341753,1093.5306,0.2342396,-182.30038,-0.28728566,2625.9497,0.09549964,956.6555,0.26772383,-182.79715,-0.2785626,-14.63202,-0.30845731,23.413033,0.22494005,0.025275711,0.69169635,-0.010847386,-1.1458304,0.037024815,0.84452295,32.62964,0.18958269,0.7226254,13.297672,20.010893,0.5761508,-17.86635,-0.7560011,-12.477207,21.469511,-0.0034096339,0.005468635,0.014590867,1.2541255,1.1258279,0.08117647,0.05497404,0.74277776,0.73618996,-50.035583,q,Ses05M_script02_1,Ses05M_script02_1_M001
513,34.2362,0.15422831,29.058449,32.624737,39.002872,9.944424,405.76978,603.3441,30.431953,19.600832,0.08842656,0.4684926,0.05571264,0.06857102,0.12484129,0.06912865,0.7263399,0.5357703,0.4364605,0.37469807,0.017281467,0.76558006,23.341543,0.35602123,-1.1790221,-5.920841,15.794558,0.56065273,-8.899224,-1.1653663,0.01889664,0.95963866,1.3340114,0.6008563,6.7781987,0.4928807,6.2388167,2.0862157,25.607992,0.28325528,609.6571,0.32689485,1376.387,0.12219513,-183.84854,-0.28912988,1688.7572,0.13946919,1156.6705,0.22880249,-182.35025,-0.28281596,2729.0999,0.08795555,953.5658,0.23835297,-182.76332,-0.27590775,-16.829672,-0.3306473,27.512506,0.22064985,0.022878695,0.7399261,-0.014756498,-1.331126,0.036443874,0.354454,31.391296,0.23718628,4.202612,1.8445741,14.099736,1.2868395,-21.542675,-0.76364267,-10.870692,20.300468,-0.0056969156,0.007589888,0.0150881875,2.1144278,0.9981286,0.09625,0.067442104,0.8329412,0.7761198,-49.304314,s,Ses05M_script02_1,Ses05M_script02_1_M002
514,36.920387,0.044783734,34.702877,37.620842,38.51847,3.8155937,-15.97273,0.0,5.767846,0.0,0.08917337,0.6266052,0.053516794,0.05765165,0.13795948,0.08444269,1.4208633,0.87600666,0.96568966,0.48381394,0.0155978,0.7304041,24.838232,0.32055974,-0.14459735,-36.800568,15.551137,0.4287364,-13.241305,-0.89503396,0.01907216,0.97300416,1.0251211,0.7120356,9.650236,0.24910073,2.899091,3.3305829,27.761835,0.3156361,666.4868,0.17951046,1404.105,0.12671731,-166.2034,-0.4277486,1663.3816,0.099569246,1068.7864,0.25010005,-164.83148,-0.41513434,2816.4688,0.048556697,837.2436,0.45080376,-166.55266,-0.39093813,-16.217934,-0.27411646,26.25114,0.2518256,0.030623771,0.5653681,-0.010319384,-0.95691603,0.028920837,0.46506464,31.833763,0.15772276,3.6191223,1.8106465,10.354366,1.0093033,-28.237915,-0.42791733,-11.380415,20.608232,-0.0052007562,0.007620699,0.012491871,2.673797,1.6483517,0.11333333,0.01699673,0.3525,0.24262881,-48.763313,q,Ses05M_script02_1,Ses05M_script02_1_F001
515,34.585384,0.122341506,31.251823,36.729897,38.40074,7.148918,45.086815,11.563529,84.333,49.12727,0.11441543,0.53292906,0.055006877,0.09697742,0.1700847,0.11507782,0.9250132,0.49818817,0.83248705,0.42397556,0.02654479,0.6853833,25.454409,0.35004538,5.4494724,1.8330255,12.796783,0.72346467,-12.336433,-1.0178833,0.02072473,0.8638153,1.2825484,0.4466855,6.675894,0.47412333,7.245219,1.0454948,31.069107,0.22082224,627.5492,0.27746156,1502.97,0.17952724,-158.9217,-0.4698145,1652.7175,0.15148091,1262.5326,0.16870888,-156.06383,-0.4651788,2752.0623,0.09177337,1069.6562,0.3143164,-158.02582,-0.43825397,-17.2041,-0.29581314,29.081793,0.21884888,0.03206843,0.49841264,-0.012352659,-0.9498633,0.04279795,0.2632783,30.326084,0.2687783,10.539528,1.043682,8.603146,1.5807482,-19.83188,-0.6461118,-12.616426,22.185116,0.0014961429,0.0029676498,0.021157637,3.3707867,2.5714285,0.08888889,0.040945616,0.28,0.36212337,-45.292633,ans,Ses05M_script02_1,Ses05M_script02_1_M003
516,38.801018,0.09422788,34.943855,38.237923,43.02612,8.082264,18.072165,0.0,6.224317,5.579885,0.16848095,0.7884333,0.05545703,0.096117795,0.3105684,0.25511137,1.779851,1.14344,2.1780777,1.2939801,0.032719683,0.8838727,26.031958,0.35162815,-5.953225,-2.0766897,12.117096,1.0287294,-19.329084,-0.9436608,0.012907699,1.0117531,0.70734656,0.63996065,9.8127,0.3957685,5.4573126,1.899895,20.562262,0.51810485,682.16815,0.23705535,1441.0563,0.12838082,-132.43958,-0.68876487,1669.575,0.14284797,1219.7817,0.37388086,-121.961655,-0.73407817,2736.1533,0.10480953,1105.8175,0.38806656,-125.152725,-0.68495756,-11.330679,-0.70156974,21.44317,0.34058738,0.024295093,0.69206905,-0.0068214913,-1.3476573,0.05718056,0.48478854,31.340836,0.25623888,-12.065758,-1.356873,8.0177555,2.1567388,-31.778576,-0.51168966,-10.594973,20.148754,-0.0019713007,0.0068743364,0.015595259,2.2727273,1.3953489,0.29666665,0.1302135,0.29749998,0.2878693,-41.08133,q,Ses05M_script02_1,Ses05M_script02_1_F002
517,27.73322,0.013645974,27.38332,27.60712,28.135946,0.7526264,0.0,0.0,-0.15573628,0.0,0.060035896,0.2164131,0.052846204,0.05437666,0.06194384,0.009097636,0.16713846,0.16155519,0.18521425,0.17717111,0.01151196,0.51116943,27.868711,0.15664195,-0.35328043,-13.185451,16.510525,0.22657473,-5.747685,-0.80613977,0.008845861,0.5689745,1.2804912,0.1414089,4.028838,0.10742365,7.9317884,0.37246272,34.954216,0.02978435,577.67035,0.3281754,1469.9121,0.107583046,-189.76294,-0.21613182,1690.1827,0.11486929,1126.3965,0.090595245,-190.96326,-0.19136588,2840.6355,0.074641585,948.94086,0.15443815,-191.28275,-0.18530259,-21.399511,-0.05924292,32.23242,0.028104264,0.019870698,1.0367334,-0.014476562,-0.47796586,0.02045815,0.08275807,38.163567,0.04544855,7.8150725,0.27565387,13.792139,0.12586622,-14.178831,-0.3529911,-14.1891365,24.494862,-0.007137917,0.007602143,0.011306121,4.7169814,0.990099,0.049999997,0.0,0.465,0.015,-54.626404,b,Ses05M_script02_1,Ses05M_script02_1_M004
518,33.21169,0.06777615,31.715374,33.136505,35.09487,3.3794975,57.52727,106.66709,2.697634,13.841158,0.15590584,0.6635046,0.06349617,0.12748986,0.21410333,0.15060715,1.7651653,1.018296,1.1812704,0.6557053,0.030602911,0.79130405,29.838627,0.33691522,0.55064493,20.51701,16.45281,0.7763504,-12.392316,-1.121708,0.017982185,1.3257862,1.0028788,0.77469003,8.5511265,0.30637693,-0.6380695,-10.357564,20.631336,0.332142,653.2745,0.3209016,1405.6381,0.13414575,-91.17442,-0.9866127,1689.7455,0.14391239,1090.5712,0.28414753,-95.09416,-0.8839648,2770.7617,0.097882986,959.6665,0.38514346,-98.87024,-0.81775385,-15.18428,-0.46319792,25.37449,0.25772455,0.018668955,1.1137725,-0.0078108516,-1.5570188,0.038538337,0.6754817,33.752907,0.22881754,-0.41714877,-30.440926,17.210032,0.8838057,-15.620304,-0.9636071,-12.233774,21.646322,-0.0021172585,0.004532664,0.01966712,3.1343284,2.5563912,0.2217647,0.15801099,0.14055555,0.13099922,-41.75701,q,Ses05M_script02_1,Ses05M_script02_1_F003
519,29.102964,0.06732151,27.244392,28.949636,31.159662,3.9152699,77.100464,69.101524,41.191734,27.315914,0.11110613,0.48865262,0.05945536,0.095626876,0.15610345,0.09664808,0.93544275,0.5660618,0.570062,0.44230065,0.022408739,0.69503236,25.514723,0.39507365,-2.042053,-4.0758214,17.681057,0.64938587,-10.441281,-0.92515236,0.017772617,0.83386755,1.3989948,0.5436515,4.5497413,0.41459954,1.6117666,5.3982196,22.15762,0.43624496,566.4892,0.40894422,1298.8907,0.16521151,-170.60773,-0.38648862,1566.1333,0.15642428,1076.4744,0.23339662,-171.09236,-0.37092742,2621.754,0.08860228,964.60004,0.24498327,-172.3564,-0.35261518,-12.020508,-0.38227075,23.574963,0.29054034,0.023084048,0.78060377,-0.0075253206,-1.6178905,0.038980257,0.38369977,33.364315,0.23769096,-4.0712113,-2.5244553,16.23551,0.96152514,-15.25201,-0.6158801,-10.553751,20.04191,-0.001909699,0.003972736,0.019316064,2.7624311,1.9471488,0.07357143,0.04965698,0.39133334,0.42287695,-48.000004,ag,Ses05M_script02_1,Ses05M_script02_1_M005
520,34.199863,0.118581176,29.246136,35.722225,37.757664,8.511528,39.37368,20.26972,98.68484,107.53869,0.08743284,0.4212575,0.055665765,0.07266818,0.12130754,0.065641776,0.73935735,0.58672506,0.5159355,0.32490504,0.018854365,0.6809186,27.351173,0.269512,0.9649336,7.6103706,14.999659,0.4580284,-8.989875,-0.8896586,0.027005259,0.94503003,1.268755,0.5320577,7.373617,0.3021726,10.015315,0.8130212,32.33231,0.19204842,625.7803,0.31210434,1450.7397,0.13622336,-163.82468,-0.44059497,1679.3246,0.13929269,1197.3727,0.21732907,-160.11725,-0.44116268,2769.8262,0.08741142,1090.0406,0.29553396,-162.0337,-0.41531882,-18.790054,-0.2536242,30.996326,0.20135696,0.024183799,0.8915066,-0.0053485637,-1.7208053,0.032218263,0.39212316,34.839607,0.18343578,6.870165,1.1742986,14.551915,0.6293284,-12.897826,-0.8882209,-12.611365,23.005838,-0.0034441866,0.0064799916,0.014830479,2.56,1.7670683,0.12272727,0.076347396,0.4222727,0.65585434,-48.338387,q,Ses05M_script02_1,Ses05M_script02_1_M006
521,36.57673,0.034200776,35.745308,35.85895,37.649097,1.9037895,20.405197,0.0,-23.671215,0.0,0.12202802,0.44239178,0.07641916,0.10266019,0.16265517,0.086236015,1.3354021,0.6731855,0.824653,0.21668701,0.022014884,0.51631093,25.770391,0.30041966,-1.379017,-6.0917363,8.866446,1.0123136,-12.333621,-0.80979794,0.012022249,0.921539,0.89385736,0.66819614,9.5433655,0.18949991,5.535779,1.5157936,27.997446,0.30561933,660.3739,0.24626887,1368.6196,0.1374134,-139.46086,-0.6262729,1653.1456,0.14002073,1174.9337,0.3654486,-139.98808,-0.5816858,2692.0876,0.07488953,905.50476,0.28229076,-143.0203,-0.54136765,-15.746293,-0.23279136,27.351494,0.24401428,0.035560012,0.43936512,-0.01036755,-0.92137504,0.032601338,0.26536554,32.640556,0.21840063,0.3273375,18.152122,11.9209795,1.0408323,-21.56787,-0.43208003,-9.597956,19.934364,0.005173731,0.005474507,0.018084513,4.587156,2.8846154,0.10666667,0.047842335,0.22,0.18547237,-46.445488,ans,Ses05M_script02_1,Ses05M_script02_1_F004
522,29.162523,0.119890384,26.047424,28.234512,33.6139,7.566475,148.13565,161.09267,124.41459,256.56848,0.095835544,0.50498515,0.056134127,0.077531,0.132552,0.07641787,0.80441576,0.518585,0.5313081,0.32836622,0.018875284,0.714361,25.470623,0.35674632,-0.6156012,-11.967452,15.546771,0.58492714,-12.032045,-0.8286596,0.01950895,0.816854,1.3303708,0.51224285,4.4351225,0.58131695,6.4865694,0.9101464,25.69051,0.29130104,596.64105,0.34518182,1414.3351,0.12517774,-173.50198,-0.37468067,1601.1937,0.16261743,1136.442,0.20493722,-173.45457,-0.36141467,2667.0781,0.098672226,1015.464,0.23228286,-174.67162,-0.3427845,-13.288269,-0.36698768,24.643333,0.2169648,0.026503464,0.795882,-0.010573365,-1.1421255,0.037672296,0.4397733,35.609585,0.18979992,-2.7395256,-3.1221802,13.185534,1.1720012,-18.493242,-0.7457885,-11.402156,20.255537,-0.0010945594,0.003087281,0.015611191,2.108037,1.321877,0.103,0.0794418,0.6028571,0.9120001,-49.079407,s,Ses05M_script02_1,Ses05M_script02_1_M007
523,31.707834,0.12400159,27.951715,30.268219,36.662285,8.710569,105.024475,68.866554,51.26711,79.79346,0.09088606,0.54573387,0.05636915,0.069416046,0.12436172,0.067992575,0.75141835,0.66286033,0.41006956,0.3618856,0.019622179,0.9182449,25.207014,0.27144128,-0.29397836,-22.60867,14.877745,0.5837885,-10.405343,-0.7856854,0.022247769,0.6838203,1.2409959,0.5038913,5.433535,0.4639932,5.233793,2.0631464,26.507544,0.2135467,546.5582,0.34685722,1366.3523,0.1247446,-181.60268,-0.30337262,1604.5111,0.16583121,1118.2672,0.21693528,-181.54253,-0.292247,2650.6235,0.08898226,1073.3337,0.27816224,-182.4939,-0.27642384,-15.546768,-0.31561938,27.515247,0.15679507,0.028668575,0.7451431,-0.01331148,-0.8429149,0.04428496,0.41677174,35.511414,0.12225503,1.8060603,5.670844,10.413265,1.4190086,-15.326695,-0.7515678,-11.892245,21.103762,-0.0034963274,0.004541209,0.016713504,1.5209126,1.0506209,0.09363636,0.07690286,0.7675,1.285568,-48.605495,s,Ses05M_script02_1,Ses05M_script02_1_M008
524,28.767988,0.14699721,25.331127,27.419104,32.183266,6.8521385,38.72703,11.62578,27.481535,19.253431,0.09292817,0.45956635,0.054770567,0.08586808,0.122768044,0.06799748,0.70979685,0.51897556,0.60729045,0.41628513,0.01956577,0.6413293,28.851755,0.2840574,0.37911785,16.642344,17.993618,0.53360057,-8.965955,-1.1221263,0.01621886,0.8782502,1.149955,0.58505666,5.574534,0.55642873,6.36822,1.2508363,27.963991,0.3024713,707.3752,0.32757768,1429.7498,0.14526984,-151.43996,-0.5240272,1722.905,0.1524322,1212.6892,0.23741636,-152.88339,-0.4932337,2774.748,0.109309666,1131.2585,0.34949967,-154.76906,-0.4674606,-16.292425,-0.31827703,27.27346,0.21119434,0.020801632,0.90443265,-0.0079369405,-1.5332332,0.031302325,0.38817295,36.476242,0.16915844,1.5803273,4.817739,16.587172,0.7780197,-10.234968,-1.5175712,-12.760888,21.770042,-0.0029238118,0.0040927394,0.015420067,2.503682,2.2255194,0.11066666,0.09102869,0.298125,0.39456016,-47.57588,o,Ses05M_script02_1,Ses05M_script02_1_M009
525,34.525345,0.12416679,33.46071,35.77901,38.055912,4.5952034,93.6223,0.0,-21.120718,0.0,0.105304934,0.41518307,0.058000803,0.099518426,0.14044365,0.08244285,0.7662303,0.51271147,0.89382064,0.592689,0.02018694,0.5483119,26.87933,0.32354373,3.129359,2.171947,15.477232,0.5168976,-18.242313,-0.6518131,0.015656883,0.8536951,0.88681436,0.736071,8.731392,0.40594882,7.633674,1.1306642,28.831976,0.23665152,726.48364,0.22514637,1506.1403,0.15052116,-145.72316,-0.5557024,1738.1763,0.14660555,1351.5314,0.24824607,-145.58028,-0.523369,2753.5122,0.07778172,1022.15686,0.3669397,-147.15057,-0.5029933,-18.515959,-0.25943872,28.510223,0.20617573,0.022586958,0.6581863,-0.016897108,-0.8251599,0.02888522,0.2912304,34.568363,0.22226259,6.5813456,0.80594873,13.812797,0.74756503,-26.305023,-0.629567,-11.294143,20.614586,-0.0017138259,0.00070391165,0.016971663,3.787879,2.3622048,0.12666667,0.062360957,0.205,0.14361405,-46.49062,s,Ses05M_script02_1,Ses05M_script02_1_F005
526,30.811888,0.034329675,29.539633,31.336426,31.49962,1.9599876,8.160703,4.6909,5.3068333,0.0,0.10646942,0.5647434,0.06297263,0.06965511,0.16195504,0.098982416,0.8540662,0.54691124,1.1307545,0.43422338,0.02380359,0.777879,29.307348,0.26183254,-2.079675,-3.2375069,17.783255,0.3865004,-9.381994,-0.93102044,0.017047256,0.84671295,1.2717782,0.53260046,6.483723,0.19732963,0.6331791,11.83114,28.236614,0.30173376,610.60535,0.28329626,1405.8456,0.12679806,-149.22824,-0.5486871,1681.2614,0.11442342,1129.4343,0.20502754,-151.0647,-0.50275093,2719.124,0.08655785,1083.7708,0.3630029,-152.43605,-0.48360002,-19.126225,-0.26729712,29.536835,0.20313196,0.023803474,0.9529437,-0.0136574665,-1.039199,0.04414442,0.3708205,37.734486,0.23933938,5.0648737,1.4848894,21.617386,0.47439766,-11.823861,-1.17945,-12.236194,21.915758,-0.007720253,-0.0002571867,0.016448727,2.0408165,1.4084507,0.195,0.114999995,0.48499998,0.305,-45.57231,q,Ses05M_script02_1,Ses05M_script02_1_M010
527,37.028347,0.10863941,34.496445,35.821865,41.044712,6.5482674,29.716608,15.0296755,30.12777,3.6965628,0.12499831,0.63763905,0.059388936,0.09289475,0.18764634,0.12825741,1.3645474,0.99782825,1.8359601,0.9509838,0.026164487,0.7947917,25.950726,0.4064662,-0.16585504,-52.647293,12.557301,0.63238066,-11.352191,-1.1025923,0.0179816,0.9958089,0.9555122,0.5566218,9.695799,0.1923762,4.4923534,1.8014629,27.398602,0.26356444,739.94196,0.26865602,1437.1191,0.15234964,-136.85646,-0.6354843,1726.7529,0.1273328,1179.4746,0.24308808,-133.55756,-0.6267268,2914.928,0.08432752,999.3119,0.3919309,-138.17969,-0.5634419,-16.975952,-0.31327423,29.473173,0.25903785,0.01745622,1.4422604,-0.010427279,-0.9688534,0.043140516,0.51092225,33.893566,0.23109902,0.46470883,19.293697,7.7006903,1.0898911,-17.62031,-0.8547098,-10.389358,20.223232,-0.010068414,0.0060250857,0.016223216,3.3582091,1.1406845,0.32666668,0.17913371,0.39499998,0.24171264,-43.6622,s,Ses05M_script02_1,Ses05M_script02_1_F006
528,34.164112,0.09032518,32.091633,34.02502,36.70865,4.617016,57.517944,31.000843,72.388336,67.00868,0.1300516,0.5246525,0.05585288,0.12715928,0.1982352,0.14238232,1.2179759,0.66450334,0.6345343,0.33255813,0.03105998,0.66112477,28.408401,0.3377973,-0.24634524,-38.63913,14.827777,0.59771174,-11.720337,-1.0376238,0.021108653,1.2855277,1.2401733,0.48532456,6.581929,0.4072967,5.562545,1.8292124,25.870481,0.3073629,693.0517,0.31330028,1429.4501,0.15408976,-146.85698,-0.5672848,1705.2252,0.13972603,1153.8632,0.21525441,-141.33241,-0.5815419,2757.2007,0.098625585,990.2285,0.2967776,-143.73427,-0.54835564,-13.574209,-0.40658674,25.229387,0.25871956,0.03152728,0.5674599,-0.008826939,-1.8160987,0.04569706,0.31262493,34.949696,0.19290225,-4.7453427,-2.3068628,11.613535,0.89042896,-17.415236,-0.8725348,-13.717051,23.53331,0.00017198718,0.00041271703,0.024119532,3.1331594,2.1052632,0.145625,0.16855893,0.309375,0.47685778,-44.72925,q,Ses05M_script02_1,Ses05M_script02_1_M011
529,32.854774,0.09165888,30.047733,32.241558,36.52154,6.4738083,80.703865,43.568493,7.6525664,7.956652,0.14121686,0.38469225,0.08973243,0.13233386,0.19003117,0.10029874,0.8298871,0.43824524,0.8140459,0.3571919,0.030931523,0.63658696,35.50323,0.17099608,0.8911229,10.297372,14.570257,0.70285213,-13.608899,-0.84943837,0.014824906,0.76360554,0.87177616,0.5175001,7.6344247,0.39944467,4.217933,1.8056896,24.919083,0.18932913,626.0266,0.27664772,1474.268,0.19706324,-91.16676,-0.9735942,1646.298,0.11306319,1084.0098,0.17356794,-93.49944,-0.8753494,2726.8132,0.085770905,983.7205,0.3073703,-98.31363,-0.79475194,-16.331251,-0.3058307,26.53521,0.26537672,0.017192246,1.0854591,-0.01129228,-1.0721781,0.02814319,0.53803647,36.144566,0.15424062,-0.19526519,-51.275993,16.37939,0.6407393,-12.379569,-0.8069777,-17.133488,27.397795,0.007843192,-0.016715433,0.034805916,3.6697247,3.773585,0.14999999,0.11597413,0.11,0.08176621,-43.419785,ans,Ses05M_script02_1,Ses05M_script02_1_F007
530,31.535158,0.09013626,29.670748,30.214317,34.602474,4.9317265,70.435646,50.63837,27.157091,14.3734455,0.10551584,0.4781207,0.0621135,0.09200351,0.13412204,0.07200854,0.8450695,0.4891503,0.6354695,0.47278026,0.021747282,0.78979343,25.597635,0.37254733,1.3496919,5.5963054,14.289508,0.70457536,-5.571106,-1.2716938,0.023267139,0.5689821,1.1823953,0.28762108,4.61866,0.52386254,3.3106573,1.5113235,23.359928,0.22365709,539.68567,0.20012644,1572.8561,0.2908154,-152.61334,-0.5179526,1575.4073,0.10025232,1024.8748,0.13887128,-152.09785,-0.4934541,2639.0212,0.08964396,1011.52905,0.2895953,-154.18459,-0.46729505,-14.0794,-0.2964443,21.228928,0.33574072,0.013299116,1.0108155,-0.008234326,-0.857627,0.0235426,0.75194037,32.735054,0.08567238,-1.5984616,-4.945753,16.595816,0.8214663,-11.352769,-0.6038033,-12.10188,21.46034,3.0019093e-05,0.0033258605,0.022083882,3.0303032,3.1496062,0.074999996,0.04924429,0.176,0.20499757,-48.519142,b,Ses05M_script02_1,Ses05M_script02_1_M012
531,37.332413,0.0744691,35.82629,36.71843,39.862988,4.0366974,62.617012,32.340576,54.23817,39.301743,0.14666745,0.56602865,0.07632245,0.11292512,0.24975227,0.17342982,1.0837868,0.5636925,1.3157794,0.5369976,0.033127468,0.7171554,27.987646,0.26782876,-1.86529,-5.38073,13.095255,0.94455683,-16.967886,-0.8849494,0.022440216,0.53270745,1.2488992,0.47229734,7.642071,0.36755937,1.4933329,3.4842293,23.681286,0.2749179,617.75885,0.30891144,1405.7452,0.103688024,-130.56438,-0.6549589,1608.6049,0.12835312,1152.6099,0.15439361,-122.83382,-0.6840134,2674.6016,0.096912995,978.3732,0.32077757,-126.84262,-0.62629926,-13.047993,-0.33407038,24.576105,0.2504114,0.025950853,0.62294066,-0.011972035,-0.8936512,0.04788975,0.48698986,32.80628,0.14780511,-7.8898926,-1.0342072,7.7577662,1.6803347,-25.39377,-0.5549712,-13.425175,22.496794,0.007417704,-0.001427485,0.02352707,3.8759692,4.032258,0.096,0.052763622,0.13,0.08899438,-43.598454,s,Ses05M_script02_1,Ses05M_script02_1_F008
532,39.419403,0.07478633,36.460026,39.888153,42.404617,5.9445915,34.365906,5.704489,97.072075,12.747154,0.17996179,0.4208083,0.1110614,0.1521215,0.26955587,0.15849447,1.4102246,0.47632593,0.17526002,0.75584006,0.049115848,0.51847893,30.063423,0.21461292,0.27185902,42.859047,12.045507,1.1309005,-21.799109,-0.85096174,0.022903232,0.68666995,1.1088217,0.500675,8.606904,0.34516236,7.7104545,0.92754936,24.774185,0.40320772,653.5822,0.41581744,1443.1443,0.1354687,-117.38987,-0.73557496,1609.8396,0.16140862,1224.1577,0.19492085,-98.78187,-0.8363385,2722.2878,0.11963956,1000.37195,0.28145158,-103.17164,-0.76299983,-14.727072,-0.2940804,25.066807,0.23302685,0.028375868,0.58847153,-0.011681412,-1.079947,0.05529984,0.4518285,31.56318,0.19379647,-2.9736807,-3.593402,7.9305387,1.6692569,-27.264091,-0.67796206,-15.52501,23.001556,0.017708953,-0.004744261,0.038599763,4.347826,4.545455,0.114999995,0.046457868,0.102,0.08423776,-40.46867,ag,Ses05M_script02_1,Ses05M_script02_1_M013
533,39.353012,0.12494001,33.81923,40.723717,43.58386,9.764629,28.938538,2.86475,56.600758,50.25626,0.19439621,0.71798563,0.07469243,0.1521215,0.2762765,0.20158407,2.8116162,1.8437856,1.4788145,0.7900992,0.06419681,0.96162903,29.9365,0.24462835,-1.8814728,-7.7040057,5.5065503,1.8542506,-24.958527,-0.8055654,0.02071503,0.67243177,1.2585646,0.62015533,7.87927,0.5163834,6.961171,1.3472856,26.403715,0.35177514,695.5684,0.35243163,1559.1759,0.17592284,-127.06991,-0.68340266,1604.1635,0.14887258,1382.2917,0.39812732,-107.0147,-0.8051306,2770.4253,0.10952001,1054.4285,0.4248759,-112.89634,-0.7135851,-13.013917,-0.4259461,26.36025,0.2051093,0.037041206,0.5595188,-0.012403813,-1.3503745,0.093386024,0.6210411,31.39514,0.23785825,-5.844999,-2.8010828,2.7271106,3.9339383,-34.570328,-0.6232499,-14.2727165,25.455105,0.01046199,-0.006124388,0.038322497,3.521127,3.649635,0.13,0.04560702,0.10166667,0.05983774,-38.330242,c,Ses05M_script02_1,Ses05M_script02_1_F009
534,30.172375,0.117428236,27.435766,30.150461,33.538425,6.102659,75.67968,51.871204,38.91374,24.131363,0.16302286,0.44987395,0.085591234,0.15830325,0.22291523,0.137324,1.4655558,0.58902895,0.9898781,0.4345756,0.03864656,0.58109856,28.57992,0.33565137,-2.5460782,-4.108541,17.517935,0.6382159,-13.037361,-0.91521966,0.018583432,0.85337394,1.1605989,0.48964408,4.409672,0.5341256,2.3798985,3.4835083,22.25706,0.29757622,638.7437,0.38448325,1442.7764,0.21708614,-131.64735,-0.6520589,1630.8292,0.15944229,1134.41,0.2564201,-129.59695,-0.6441064,2663.4739,0.1024894,977.66644,0.32061082,-132.01869,-0.60946614,-11.870445,-0.39290196,22.157377,0.23068759,0.030823294,0.74499637,-0.0068497034,-1.7641414,0.05060921,0.38141793,32.75056,0.22463188,-5.176664,-2.144508,17.128475,0.6989783,-18.214851,-0.7253985,-11.3227,20.596584,0.007681895,0.0009865614,0.031721584,3.8800704,3.9145908,0.08863636,0.07759425,0.14,0.15653865,-43.275356,dag,Ses05M_script02_1,Ses05M_script02_1_M014
535,34.4087,0.033935223,33.217545,34.1603,35.756218,2.5386734,15.297662,8.070166,8.864201,5.4268646,0.08681042,0.48831883,0.054592412,0.06100469,0.12586246,0.07127005,0.9756375,0.52241874,0.8823967,0.3923257,0.013836287,0.4961315,27.563583,0.23739682,1.8166739,2.7049558,18.075409,0.34824228,-12.287173,-0.78245664,0.02049124,1.4028924,0.8690427,0.7689266,9.606563,0.10705373,-1.8925726,-4.34367,21.874262,0.20978118,580.1101,0.2747871,1315.539,0.13006109,-136.32033,-0.64521384,1670.2764,0.111043505,996.2397,0.21829969,-140.67622,-0.57541007,2745.9045,0.09447431,849.27356,0.34112477,-142.5136,-0.54919547,-17.710358,-0.14470354,27.698757,0.16092835,0.013734312,1.1789019,-0.013818729,-0.5800445,0.019682918,0.32430655,32.08476,0.18149787,3.476345,1.7248253,18.524456,0.44884774,-21.989754,-0.3606652,-13.592943,23.23863,-0.006078096,0.0044486504,0.011147034,3.0612247,2.094241,0.1525,0.16663957,0.242,0.19082975,-49.077797,ans,Ses05M_script02_1,Ses05M_script02_1_F010
536,40.91674,0.060707163,38.62094,39.858932,43.88973,5.2687874,36.732944,0.0,-2.2047043,0.0,0.07692208,0.5335178,0.05453582,0.056524917,0.090424106,0.035888284,0.44917914,0.47117698,0.3962274,0.18668279,0.015508437,0.7893095,26.401373,0.16066477,-2.2485409,-1.9492747,14.425806,0.33159965,-6.1853557,-0.8725066,0.050365224,1.3335174,1.7059008,0.4994075,7.5991335,0.3255537,4.919631,0.9620461,24.724613,0.18487106,829.67035,0.09484876,1415.384,0.1167185,-180.62065,-0.3127594,1818.7075,0.06954802,1214.0791,0.19816399,-179.28563,-0.3136865,2824.7673,0.037814286,874.78125,0.26942217,-180.09882,-0.30042315,-16.304222,-0.40570593,27.812706,0.22917835,0.033360958,0.26408166,-0.009952688,-1.0994848,0.04170862,0.29025972,35.55208,0.09000261,-3.510416,-2.0089104,8.7426815,0.7738296,-18.0094,-0.26905304,-12.520384,22.97918,-0.008199356,0.008921039,0.012015178,1.0989012,0.56497175,0.21,0.0,0.765,0.065,-49.93085,q,Ses05M_script02_1,Ses05M_script02_1_M015
537,38.847595,0.074880145,35.78774,37.915623,42.38449,6.596752,40.34777,0.0,-32.868576,0.0,0.08591227,0.6959372,0.05350775,0.058784187,0.100545555,0.047037806,0.8086883,0.8213821,0.698167,0.3781406,0.018541412,0.9486629,24.419882,0.3487777,0.48640332,15.944784,14.584941,0.55622977,-7.775173,-1.2834154,0.04805215,0.8140355,1.056378,0.9572396,8.179862,0.15445225,2.9520624,1.6878703,21.673653,0.44581735,808.5554,0.22516638,1399.4459,0.10839225,-179.91945,-0.30914575,1777.0262,0.08728986,1137.2432,0.06267092,-178.76736,-0.31299707,2862.3752,0.0701217,1038.9688,0.3574123,-180.02586,-0.29245067,-14.366053,-0.478705,27.970535,0.24289091,0.02300126,1.3829184,-0.005266628,-1.4685154,0.044386204,0.49764013,31.337461,0.17302558,-3.9389036,-3.086349,7.7122765,1.8447287,-22.528662,-0.7639658,-12.573624,22.146578,-0.0065109567,0.006289941,0.0151387295,1.6042781,1.0989012,0.105,0.044999998,0.52,0.22627416,-48.7174,ans,Ses05M_script02_1,Ses05M_script02_1_F011
538,0.0,0.0,0.0,0.0,0.0,0.0,0.0,0.0,0.0,0.0,0.055838887,0.0981974,0.05264652,0.05410336,0.05736263,0.0047161095,0.104143396,0.08814452,0.091501154,0.048557285,0.010211363,0.2524109,24.562593,0.10500165,-0.84845495,-4.263319,14.99363,0.17344745,-6.7985115,-0.58827055,0.0,0.0,0.0,0.0,0.0,0.0,0.0,0.0,0.0,0.0,0.0,0.0,0.0,0.0,-201.0,0.0,0.0,0.0,0.0,0.0,-201.0,0.0,0.0,0.0,0.0,0.0,-201.0,0.0,0.0,0.0,0.0,0.0,0.0,0.0,0.0,0.0,0.0,0.0,0.0,0.0,0.0,0.0,0.0,0.0,0.0,0.0,-13.505201,24.30692,-0.012858339,0.008895139,0.010359898,5.194805,0.0,0.0,0.0,1.48,0.0,-58.421707,b,Ses05M_script02_1,Ses05M_script02_1_M016
539,33.728928,0.24167791,25.466242,32.762146,43.515694,18.049452,36.60965,17.342922,148.01892,0.0,0.118825965,0.71417844,0.061535276,0.08713918,0.1434248,0.08188952,2.7856092,1.1166356,1.3250016,1.3388673,0.032119315,1.0610993,24.19811,0.32908547,0.028499682,311.45828,15.897213,0.46802184,-7.526476,-1.2622275,0.028769277,0.6697979,1.3060198,0.5747466,4.433769,0.93431944,9.79246,0.64927536,21.151398,0.50422555,748.10504,0.36697468,1404.0978,0.20176654,-164.84741,-0.42607012,1749.3806,0.090891846,998.73566,0.44664878,-161.8197,-0.4361171,2853.34,0.067264654,1027.5088,0.44483054,-163.44667,-0.41311452,-12.135217,-0.4667104,19.761208,0.43285024,0.041175127,0.42541277,-0.0173037,-0.8582006,0.06847737,0.5690972,26.105383,0.3545088,-5.749843,-1.7329077,20.088577,0.4018566,-17.11969,-0.43003118,-13.108861,22.867933,-0.0047437567,0.0018625796,0.023420656,1.6806724,2.631579,0.07,0.03559026,0.21499999,0.19461499,-43.471523,o,Ses05M_script02_1,Ses05M_script02_1_F012
540,34.775764,0.083009146,32.72551,35.156113,36.739075,4.013565,80.28684,70.88049,24.816751,13.530523,0.10647634,0.48917177,0.05554959,0.09345794,0.15801771,0.10246812,0.8579476,0.5625884,0.64621824,0.30519068,0.02591913,0.7007749,28.207916,0.2884686,0.68309087,12.221574,14.352112,0.7471625,-8.570574,-1.0982766,0.023425894,0.7256522,1.3142443,0.41304478,6.711905,0.35065806,6.7159195,1.3716714,29.506378,0.2297198,646.6876,0.33093873,1436.5426,0.15759902,-160.51889,-0.46616396,1664.1199,0.15745947,1215.3441,0.25216195,-159.00423,-0.45173937,2739.765,0.10105649,1076.6592,0.27027276,-160.97212,-0.42413834,-15.359701,-0.2923194,28.244982,0.20754024,0.033166222,0.6215295,-0.009467112,-1.146669,0.0421752,0.38766083,34.688477,0.21991041,1.6476145,5.109251,6.5620346,1.9826375,-15.337355,-0.8022261,-13.163525,22.881302,0.0010989222,0.0043912637,0.021048272,2.6511137,2.0255864,0.10684211,0.10130998,0.348,0.4489944,-46.55752,s,Ses05M_script02_1,Ses05M_script02_1_M017
541,34.211304,0.17516412,27.72498,34.854164,39.806854,12.081875,295.03436,376.8818,51.53888,45.290375,0.14701131,0.7323239,0.08219876,0.12785721,0.18325488,0.10105612,1.7310382,1.5616819,-0.020773714,0.86074454,0.038593907,1.2841233,25.914043,0.3811542,-0.59307665,-18.096241,19.270166,0.67754036,-11.629778,-0.8936872,0.02108634,0.7505085,1.385596,0.4629826,5.908122,0.50487494,5.9018054,1.583603,24.916445,0.3361071,625.1122,0.3866029,1405.166,0.1561504,-152.47697,-0.5166154,1672.9408,0.14766583,1039.906,0.22159359,-148.02951,-0.5195943,2738.4006,0.10701894,1022.96295,0.28340387,-149.44032,-0.5003264,-13.51742,-0.42436534,23.221096,0.2950807,0.029741984,0.66881377,-0.0071307723,-2.1004019,0.053932823,0.9179118,30.448412,0.25670514,-3.0899258,-4.051635,16.63374,0.93517435,-15.471144,-0.70923954,-11.470638,19.172989,0.009364062,-1.1711923e-05,0.031870298,1.1866236,3.1453362,0.08275861,0.07482838,0.21448275,0.25463408,-41.475307,s,Ses05M_script02_1,Ses05M_script02_1_M018
542,39.437424,0.098303184,36.90446,39.266785,43.383118,6.478657,28.002005,10.352826,71.09611,119.065025,0.3371924,0.637338,0.14257433,0.2934602,0.50863916,0.36606485,4.1356225,2.0111737,2.8640106,1.3385586,0.095533155,0.9543902,24.802017,0.44851148,-11.5263405,-1.5861483,12.170592,1.3541018,-26.873356,-0.6468,0.01582957,1.1307707,0.89909214,0.6318617,8.720815,0.41543278,3.895766,2.4803693,17.939966,0.4996882,716.3398,0.28503874,1444.6586,0.17300354,-102.79931,-0.9015029,1718.7816,0.12877738,1096.8674,0.353226,-91.53962,-0.9523084,2790.685,0.08822749,960.8136,0.41904408,-95.43096,-0.8782736,-8.31617,-0.9085478,19.910803,0.3497817,0.03810738,0.52523935,-0.00857259,-1.9249042,0.11588791,0.6846371,27.32356,0.35402003,-16.815132,-1.0793825,11.0258255,1.6650189,-33.929234,-0.49101847,-8.915916,17.505508,0.011352645,-0.0020954025,0.06811652,3.6418817,2.9051988,0.19263159,0.1914994,0.13722222,0.12287327,-34.21002,s,Ses05M_script02_1,Ses05M_script02_1_F013
543,39.327908,0.09408023,36.744812,39.101276,43.24395,6.499138,79.368416,49.31359,72.18001,66.436295,0.13000265,0.5041728,0.061895378,0.124042496,0.18264097,0.12074559,1.2838427,1.1297576,0.9672904,0.7559248,0.032559052,0.7264531,28.461384,0.29317483,-1.9540036,-5.449012,7.921982,2.0624132,-11.853319,-1.0472019,0.026055193,1.3628544,1.3091099,0.52646405,7.4252734,0.36114314,9.654904,0.80836207,32.837498,0.25017303,708.20435,0.29328948,1472.4922,0.1880181,-144.40381,-0.5966605,1685.1205,0.1440663,1201.7106,0.2135941,-133.7106,-0.64262694,2831.4548,0.08956635,1088.9963,0.3305963,-138.4525,-0.5747262,-13.61661,-0.5038533,29.974216,0.18883874,0.02819649,0.9066191,-0.009120373,-1.9146304,0.04806863,0.49491867,33.974873,0.16952856,-2.7368667,-4.0197263,-4.7486005,-3.4180677,-18.819157,-0.79147077,-12.230476,22.306158,-0.0025833158,0.0023376767,0.023800036,2.3510973,1.5797788,0.22299999,0.33864582,0.38799998,0.31720024,-44.28208,s,Ses05M_script02_1,Ses05M_script02_1_M019
544,30.497763,0.15886422,25.143349,30.865131,35.254757,10.111408,168.51936,320.13617,39.884766,35.38232,0.14695115,0.62668186,0.05961016,0.12273929,0.2319037,0.17229354,1.0829682,0.6722626,0.98709095,0.90026826,0.03498113,0.85766864,28.615917,0.29895574,-1.7017114,-5.3374,15.670673,1.0405204,-13.519915,-0.8107099,0.019220887,1.740196,1.1825016,0.5112727,5.6797085,0.49840346,3.1812844,2.7113965,25.224264,0.32768625,640.6956,0.3500321,1410.2845,0.13843231,-126.76045,-0.72437465,1672.3566,0.1598351,1105.0559,0.33720195,-127.122314,-0.6908199,2728.0928,0.106360696,1005.0013,0.34467155,-129.61911,-0.6534372,-13.089379,-0.32372978,24.051804,0.270606,0.04035558,0.45239022,-0.010308095,-1.2469414,0.057336073,0.52437764,33.979694,0.1983234,-2.9928048,-3.1726012,13.299762,1.6286858,-20.653622,-0.5451099,-11.629585,20.513947,0.0013259888,0.0045430204,0.020525781,1.8722467,2.1040976,0.17842105,0.1873152,0.2625,0.3437132,-42.09875,s,Ses05M_script02_1,Ses05M_script02_1_M020
545,37.832584,0.10367839,34.827267,37.472687,39.647354,4.8200874,41.18017,32.670204,38.875736,31.618435,0.1530857,0.5796264,0.0635162,0.13544112,0.23569654,0.17218034,1.4279884,0.75986373,1.0179648,1.1523616,0.03786599,0.8353098,21.789717,0.46753135,2.9571164,4.0582404,12.714684,1.2607174,-9.179302,-1.4268299,0.04764154,3.0754325,1.31821,0.4527317,6.087012,0.6512912,7.4731708,1.4879001,21.016264,0.4592847,674.82513,0.30986193,1373.4098,0.14845346,-144.06052,-0.58729464,1725.3998,0.12536621,1040.6864,0.29603866,-139.60065,-0.58688664,2746.1272,0.08214477,1052.7817,0.28068113,-141.36583,-0.5618964,-12.135037,-0.48509857,22.191982,0.3167944,0.03725959,0.49854314,-0.0116158305,-1.1767179,0.059476458,0.5782148,26.32586,0.2831789,-1.7242786,-7.3348885,6.710368,3.0300877,-17.103882,-0.95341396,-12.004014,20.508587,0.0021521465,0.0027061487,0.026665274,2.4460433,2.3289666,0.13562499,0.07761835,0.25705883,0.37124217,-42.403294,o,Ses05M_script02_1,Ses05M_script02_1_M021
546,41.97975,0.09318014,38.17583,43.06894,44.907494,6.7316628,44.609516,24.413433,60.814415,59.5338,0.28251755,0.7384402,0.09407881,0.23511505,0.41696015,0.32288134,3.726436,2.018529,3.0853133,2.0139065,0.078709394,1.0486225,17.497116,0.7226149,-2.6428757,-7.1459303,14.568781,1.1310453,-24.070288,-0.7511803,0.027314419,1.6264758,1.0285685,0.64030796,8.473246,0.44419655,8.440945,1.0962046,14.236379,0.7628377,771.21783,0.3243447,1358.3558,0.16258879,-118.6054,-0.7577076,1748.0297,0.13953952,1022.17523,0.32455495,-107.173615,-0.81813776,2785.6836,0.07629982,935.9356,0.42557913,-108.6596,-0.7927815,-9.477839,-0.5457259,18.565006,0.35100874,0.044683114,0.5313807,-0.0033202532,-3.3256228,0.11243719,0.7907358,21.31168,0.47275564,-11.782232,-1.5926001,14.268234,1.3011308,-33.09638,-0.48661792,-8.257631,15.499382,0.010922025,0.0016291664,0.043956004,3.0894308,2.1311476,0.2323077,0.17281178,0.20071428,0.33229643,-35.487617,o,Ses05M_script02_1,Ses05M_script02_1_F014
547,41.229156,0.21415263,27.374939,45.95436,47.784462,20.409523,129.90416,0.0,53.954983,54.667923,0.14920065,0.64933807,0.079108395,0.11994636,0.18821657,0.10910817,1.044906,1.1194047,1.2908556,0.6208391,0.045502067,0.98858505,23.9109,0.43055338,0.5161442,24.534979,12.524278,1.2623647,-9.112119,-1.9415969,0.034206808,0.77654725,2.0648139,0.65033996,7.328658,0.30969554,11.014892,0.88297725,24.817366,0.3038011,828.5119,0.27040258,1309.6519,0.12380633,-158.61229,-0.47544083,1743.4546,0.09799338,1118.4812,0.3139081,-159.16328,-0.4452251,2847.2117,0.0938602,745.35297,0.3157624,-160.40285,-0.4277928,-9.436086,-0.8745671,21.908112,0.21937571,0.034423314,0.86961585,0.0070296093,1.2320923,0.08732759,0.77739716,26.894272,0.13088828,-11.113452,-1.2984262,8.448859,2.834163,-22.73904,-1.1008419,-13.573242,22.267696,0.0032220318,0.0011526288,0.031567715,2.9411767,3.0487804,0.066,0.044090815,0.242,0.19893718,-41.506565,dag,Ses05M_script02_1,Ses05M_script02_1_M022
548,46.43302,0.04468317,45.59863,46.476265,48.243744,2.645115,39.640778,32.086975,3.0669117,19.014517,0.19968946,0.743589,0.082608745,0.13184668,0.36656022,0.28395146,1.4543916,0.93365926,1.4547172,0.8566347,0.0457922,1.0552503,19.802681,0.3705166,-6.0789857,-1.5790478,14.26957,0.90969235,-21.988901,-0.93620145,0.01793207,1.39083,1.3528993,1.0017474,12.007332,0.4070209,6.115869,1.0293841,8.605653,1.5118507,949.85187,0.13494448,1243.8195,0.16076952,-139.68109,-0.60699874,1937.1235,0.11141317,930.5431,0.474756,-138.35672,-0.5972269,2921.361,0.058955316,784.02734,0.29372907,-138.27861,-0.5989804,-10.697978,-0.65646607,21.13453,0.21467254,0.0691766,0.3573001,0.0077961762,0.9922458,0.09281783,0.6076292,17.744583,0.38406914,-10.146968,-1.1793566,10.123055,1.9236877,-45.673256,-0.31723368,-8.762103,16.888327,0.005196875,0.006514956,0.022152852,2.366864,1.2195122,0.28,0.26,0.3433333,0.22691162,-35.934628,b,Ses05M_script02_1,Ses05M_script02_1_F015
549,31.903349,0.113405734,28.74073,31.376863,35.525528,6.7847977,105.72155,114.688675,68.70687,88.52907,0.14854456,0.49492127,0.07308091,0.13973197,0.2105141,0.13743319,1.2968353,0.8787755,0.9037045,0.51655805,0.03714149,0.7922639,25.302677,0.4298804,0.86620086,12.039677,16.729366,0.7776746,-12.369933,-1.0083904,0.020835407,1.2525498,1.3154047,0.52402884,5.8328204,0.42670393,6.6818256,1.4975584,27.168032,0.30654,617.0912,0.3522176,1407.6337,0.14317434,-135.47035,-0.64708406,1644.9537,0.16057734,1094.1055,0.24246407,-133.23451,-0.6259069,2713.9158,0.09750728,977.4175,0.3559739,-135.52516,-0.5932286,-15.295974,-0.32744667,25.68598,0.2504351,0.03449961,0.6735784,-0.0073699923,-1.9815233,0.054478623,0.52810675,32.27211,0.23611864,1.4200103,6.723603,15.515293,1.0107397,-15.15015,-0.9856829,-10.322746,18.857529,0.004334909,0.0028654188,0.026978547,2.8665934,2.7086787,0.12775509,0.12811452,0.22999999,0.2923929,-42.976036,o,Ses05M_script02_1,Ses05M_script02_1_M023
550,35.295616,0.019868879,35.081074,35.213455,35.737434,0.6563606,4.8017783,11.7461605,10.048756,5.2347026,0.085649095,0.57007927,0.05323805,0.056102782,0.1326927,0.079454646,0.63102525,0.7303523,0.30835077,0.05472079,0.014620813,0.5920003,26.22935,0.27302495,2.0776107,4.861239,14.569659,0.4199922,-7.8884215,-0.85308135,0.017467866,0.9637635,0.84304124,0.62855333,9.806308,0.26559076,-5.61049,-1.6367024,14.844249,0.44452363,849.98987,0.17155568,1399.4242,0.11442095,-161.80739,-0.44485897,1826.4487,0.0842718,1132.0577,0.17708041,-160.19797,-0.44137928,3011.4438,0.067933396,802.2051,0.5106317,-161.48035,-0.42403632,-18.378477,-0.3674142,30.632935,0.23980442,-0.009600242,-1.4648657,0.00043395953,13.139948,0.024473729,0.40268666,29.930994,0.23518506,7.8654876,1.4021496,16.064167,0.63307804,-9.235416,-1.2752125,-12.4981,21.929024,-0.0081667155,0.006300396,0.0118787065,1.1627908,1.1976048,0.19,0.02,0.4133333,0.24716167,-47.64016,s,Ses05M_script02_1,Ses05M_script02_1_F016
551,38.79909,0.029838528,37.763195,38.984165,39.933563,2.1703682,31.906857,0.0,-33.862385,0.0,0.07021837,0.45406544,0.051974043,0.053899914,0.09258398,0.040609933,0.40420845,0.36432707,0.474778,0.166164,0.016741086,0.95608866,27.4713,0.13344455,0.34987593,12.154764,17.49094,0.3174395,-9.64404,-0.4796743,0.017776655,0.43417576,0.8734286,0.43531352,9.521836,0.11897261,16.304235,0.34633055,30.006054,0.20375346,839.5766,0.25255266,1513.0328,0.13573948,-186.33856,-0.24808744,1808.8771,0.13137059,1332.2302,0.25972822,-183.03148,-0.27293873,2881.5144,0.0725158,1058.8344,0.22912431,-183.64388,-0.26272854,-19.179733,-0.25667658,32.896534,0.15441458,0.027058674,0.50016546,-0.0032433139,-3.514542,0.034062337,0.43477684,35.464016,0.09587816,4.0756636,1.1545151,10.945479,0.40477958,-11.860023,-0.2787125,-14.496694,23.492147,-0.0068264166,0.0044015367,0.014553668,1.2345679,0.6369427,0.16,0.0,0.69,0.08,-48.95967,q,Ses05M_script02_1,Ses05M_script02_1_M024
552,35.69072,0.017527204,35.07646,35.90265,36.28037,1.203907,0.0,0.0,-0.14136188,0.0,0.063545786,0.31659728,0.052057702,0.05452072,0.07090072,0.018843021,0.19818962,0.10694882,0.16334431,0.1306562,0.011180006,0.39757416,24.20987,0.25054377,1.8414443,3.0570028,14.684367,0.4105341,-7.626654,-0.78336495,0.026265915,0.8759443,0.9341349,0.25189814,8.549168,0.09153233,-8.747572,-0.41290593,18.435091,0.15368849,725.4378,0.08226379,1280.8114,0.09655143,-183.08443,-0.29337284,1827.073,0.030205049,871.28314,0.13312133,-184.79971,-0.26255733,2917.8079,0.013019323,649.73096,0.051859614,-185.46227,-0.2505969,-18.814322,-0.101706564,28.032751,0.07384347,-0.0013465896,-4.68762,-0.016607083,-0.22583385,0.019907081,0.16384472,33.8863,0.031540386,0.95888704,5.269402,18.130562,0.31266317,-21.230047,-0.10925433,-13.989657,23.808527,-0.010691933,0.005538718,0.010569864,1.4925374,0.7751938,0.11,0.0,0.575,0.044999998,-54.908356,ans,Ses05M_script02_1,Ses05M_script02_1_F017
553,34.888344,0.14343229,30.024765,35.04824,39.133755,9.10899,99.07847,113.276695,59.566643,50.751972,0.17634298,0.81935364,0.06105253,0.14563097,0.23618166,0.17512913,2.110732,1.5757457,1.4859638,1.4130908,0.047613986,1.2443496,26.433386,0.35763624,-0.79439604,-13.9658375,14.559073,1.0387863,-13.457676,-0.95023584,0.02451865,1.0782847,1.3757522,0.5100285,6.417212,0.45194387,8.627438,1.2022598,25.726849,0.36183083,646.29224,0.3928675,1364.5714,0.14972031,-134.85324,-0.64704955,1681.9192,0.1512736,1125.7386,0.2812736,-129.28548,-0.65029484,2703.6697,0.10507053,989.9407,0.28120387,-131.45862,-0.6192384,-13.068142,-0.3814478,23.968626,0.28444532,0.035833884,0.62244105,-0.008486795,-1.5195619,0.075622484,1.0287567,30.073189,0.24820158,-3.19898,-4.015392,12.525111,1.493191,-18.402008,-0.86737925,-11.637602,20.955585,0.007544898,0.0019756358,0.029299404,1.5224913,2.9881864,0.122093014,0.097014934,0.19690475,0.31992176,-38.140137,s,Ses05M_script02_1,Ses05M_script02_1_M025
554,36.215,0.07709781,34.366817,35.92717,38.65113,4.284313,36.2395,30.041142,44.81358,50.1782,0.3262945,0.6438104,0.13882673,0.27798808,0.48508018,0.34625345,3.998012,1.9182439,3.1084065,1.6579095,0.08666317,0.9389857,28.193867,0.37596786,-6.7378263,-2.1866047,15.345974,1.2673285,-22.466383,-0.7159198,0.017540894,1.523684,0.9890585,0.74298877,8.783938,0.33567873,3.9836578,3.0529602,18.690466,0.5316669,634.2512,0.3540045,1394.0957,0.18629661,-78.11278,-1.1549653,1702.7502,0.14387004,1021.15314,0.3857776,-74.52903,-1.1019983,2710.8943,0.107893385,1017.58704,0.40071648,-77.11331,-1.0405784,-11.700761,-0.49467528,21.485071,0.32493243,0.042331427,0.47460383,-0.017720684,-0.72595006,0.10689065,0.80032593,31.208197,0.26349652,-9.910863,-1.475812,15.123785,1.40144,-26.726114,-0.6039796,-10.03784,18.386055,0.010453527,-0.0030213075,0.043725107,3.4343436,1.9289341,0.34789473,0.22519182,0.15052631,0.17801459,-33.20377,s,Ses05M_script02_1,Ses05M_script02_1_F018
555,29.93394,0.15162241,26.388472,28.282026,31.37696,4.988489,59.658337,0.0,48.390343,18.0487,0.090942815,0.4099187,0.061214525,0.07041647,0.12662473,0.06541021,0.8756752,0.72063494,0.5070588,0.19670151,0.020612143,0.7176107,29.440351,0.261278,1.8555564,3.9970155,12.54613,0.8239611,-10.834341,-0.9284573,0.02263582,0.35290435,1.3065447,0.41543266,4.970026,0.21620002,6.0827765,1.3370335,32.309074,0.22568974,687.3568,0.33098018,1377.5758,0.09941407,-168.16815,-0.39707255,1696.9624,0.12160224,1080.4786,0.13035625,-168.49236,-0.36694723,2800.735,0.11111834,960.48016,0.16500747,-169.34761,-0.35610798,-18.707306,-0.25802302,27.60951,0.22616258,0.017977776,1.0373019,-0.00567266,-2.3011985,0.04035889,0.264346,34.364628,0.2183887,8.8693905,0.7132313,17.02792,0.8987762,-7.7548947,-2.0096133,-12.671385,23.218473,0.0038823292,0.0010640443,0.01665672,3.1413612,2.688172,0.06,0.024494898,0.24166666,0.25274605,-48.232914,o,Ses05M_script02_1,Ses05M_script02_1_M026
556,32.88431,0.07836966,29.831448,34.09792,35.376072,5.5446243,8.033534,2.1320496,12.656573,1.2506466,0.11621117,0.51782924,0.060211908,0.1026374,0.1763111,0.11609919,1.2318815,0.7252443,1.056155,0.5342291,0.021139182,0.63625634,29.563395,0.3232189,1.5038701,5.678781,12.758457,0.66044784,-12.622194,-0.607567,0.013618553,1.5599816,0.90449584,0.7736853,9.061594,0.27940646,4.0875564,1.7838923,25.413206,0.24543451,680.92914,0.2112625,1339.3231,0.13458829,-126.89619,-0.71430266,1740.5913,0.10835548,973.056,0.29329538,-130.29721,-0.6516723,2837.3787,0.06927768,925.59064,0.3673158,-133.46683,-0.6060718,-16.681854,-0.35543364,26.860012,0.26835072,0.013506791,1.3094804,-0.01702522,-0.5450284,0.029826362,0.38583398,35.10157,0.23261362,2.645893,3.3606634,14.631758,0.79369587,-14.496674,-0.65644747,-12.6939125,21.997835,-0.0005083336,-0.003038321,0.015842687,3.8910506,1.5873016,0.24,0.11704699,0.294,0.24556872,-44.098717,s,Ses05M_script02_1,Ses05M_script02_1_F019
557,32.885365,0.12510943,28.349293,32.387035,37.300392,8.951099,44.11436,33.885235,52.14232,47.27848,0.12592453,0.46532002,0.06270972,0.11808723,0.17927492,0.1165652,1.2036767,0.822658,0.8081373,0.46683285,0.028140204,0.76465356,22.275095,0.5182268,3.325178,3.3557937,15.4692955,0.8033323,-11.011796,-0.882893,0.025110492,0.76755154,1.5196246,0.53988117,5.576689,0.45164418,8.643811,1.1011317,28.1003,0.30947444,560.033,0.39650273,1416.171,0.16872779,-165.28972,-0.4296048,1579.5187,0.1649702,1068.1307,0.21198858,-160.39531,-0.44189185,2716.2957,0.1010079,1058.4995,0.50169224,-162.65666,-0.41118065,-15.225088,-0.3519077,27.886932,0.21530749,0.02986435,0.8305017,-0.0068925233,-1.8864225,0.049191516,0.39400133,32.345276,0.22089425,4.44142,1.9887996,12.319219,1.2949976,-14.837288,-0.8491436,-10.011801,18.369368,0.001167815,0.0029112236,0.022299359,2.915452,2.349486,0.085625,0.072194934,0.31875,0.505691,-45.63129,o,Ses05M_script02_1,Ses05M_script02_1_M027
558,34.94562,0.1417295,29.370857,35.47191,36.377205,7.0063477,96.70276,34.818405,83.63521,68.1261,0.08786507,0.5410782,0.054618597,0.06497285,0.116742775,0.062124178,1.2706678,1.0350864,0.40256917,0.31660745,0.021052763,1.1031961,23.15653,0.34737024,5.3510613,1.7231237,16.005194,0.36845842,-8.3437805,-0.8647889,0.030835602,0.43130606,1.3948823,0.6468631,7.2572336,0.2238614,14.531291,0.87612844,25.886824,0.44651848,674.63525,0.34296885,1488.9037,0.2000793,-189.52142,-0.21411063,1701.2991,0.14203155,1085.7268,0.2109966,-187.043,-0.22939645,2735.9539,0.10985967,1078.9087,0.3025395,-187.17575,-0.22645903,-17.701107,-0.32291108,28.23966,0.2830377,0.029318748,1.0646281,-0.0007999209,-15.182804,0.05151373,0.7604431,25.590874,0.43670952,13.974902,0.6833379,17.412104,0.47815284,-11.257961,-0.81663716,-13.4583025,22.641058,-4.2853168e-05,0.0029313497,0.018567907,1.4705882,1.3179573,0.0525,0.03230712,0.60888886,0.8124783,-47.47338,s,Ses05M_script02_1,Ses05M_script02_1_M028
559,33.895615,0.18397927,27.6424,34.37408,39.08342,11.441019,83.11379,68.80242,77.706856,60.8521,0.12027679,0.4631815,0.06753808,0.11347358,0.15766987,0.09013179,1.0256927,0.631161,0.7291456,0.45513573,0.0291951,0.8532015,23.5475,0.45083502,3.6716795,2.746519,16.729641,0.7240504,-12.780886,-0.75001234,0.024557305,0.7018555,1.4223744,0.46801907,6.3084726,0.48552293,9.643895,0.98422605,27.746786,0.29427353,641.42834,0.3432665,1398.301,0.1415482,-158.46083,-0.47720313,1693.9109,0.1413203,1131.7933,0.2437243,-154.77469,-0.4740001,2729.4,0.09836879,1027.1891,0.26874536,-156.17279,-0.4547519,-16.74711,-0.289593,26.750162,0.2618044,0.027236363,1.0155462,-0.007852694,-1.1718677,0.041887812,0.6267516,31.554018,0.2486805,3.341009,2.7063422,14.688237,1.04999,-15.486024,-0.7222465,-11.152681,19.244812,0.0037919441,0.0015547306,0.02500718,3.15534,2.3199024,0.10315789,0.095203534,0.292,0.34817523,-45.16653,c,Ses05M_script02_1,Ses05M_script02_1_M029
560,34.33257,0.13172148,30.04902,34.941875,38.555195,8.506174,140.53896,218.13045,50.830086,47.643284,0.14423442,0.50549406,0.06874975,0.13576098,0.20215404,0.13340428,1.196941,0.7595893,0.81543314,0.49181572,0.03472195,0.76185554,25.287163,0.43610814,1.2582741,9.070569,15.76427,0.9138259,-13.228259,-0.9626402,0.024172308,1.2115299,1.3426504,0.46098137,6.1762815,0.44502208,8.5725355,1.0589817,27.428307,0.34407297,669.19714,0.34969783,1379.2417,0.16254826,-145.7054,-0.56731033,1712.4177,0.15566179,1129.2896,0.28264523,-142.0229,-0.5608278,2749.9382,0.10345509,994.20703,0.3218662,-143.55806,-0.5398267,-14.808616,-0.3893339,25.032782,0.2830127,0.0352628,0.65819967,-0.010305272,-1.4991258,0.05090291,0.5495864,31.156437,0.27322412,1.0940765,10.426909,11.659628,1.4990184,-18.8549,-0.81662196,-10.910178,19.325651,0.0059589916,0.0011187025,0.026994845,2.6670575,2.7590256,0.10904255,0.09383178,0.24573034,0.32271984,-43.51993,s,Ses05M_script02_1,Ses05M_script02_1_M030
561,36.16506,0.1152428,34.703144,36.300674,39.001316,4.298172,152.63544,101.7045,50.52985,50.604546,0.15821125,0.49441594,0.07267437,0.15035628,0.22784823,0.15517387,1.5145978,0.79742587,0.9128069,0.45767233,0.04339459,0.79330415,24.648779,0.45279074,2.5144086,4.3316727,18.174511,0.98530006,-12.1392145,-0.905535,0.024057506,1.4405085,1.358525,0.5009682,6.8911295,0.35617355,13.156195,0.7401338,27.360058,0.3556639,629.0229,0.36584377,1373.9685,0.16847928,-143.54095,-0.5793404,1695.2231,0.15035667,1059.3995,0.36030263,-136.6559,-0.5924004,2722.3733,0.09456231,1011.18823,0.27078235,-138.25864,-0.57011575,-13.84003,-0.46613005,25.054667,0.3341566,0.03501633,0.674027,-0.0077804127,-1.5415026,0.065028705,0.6042512,28.545876,0.3458181,1.9107807,6.2205734,15.653785,1.5057914,-16.321665,-0.7794145,-11.747894,20.345383,0.006765637,0.0014230013,0.031431694,2.9234738,2.763385,0.1209375,0.092309244,0.2139394,0.22462007,-41.875477,o,Ses05M_script02_1,Ses05M_script02_1_M031
562,38.495136,0.10992622,34.624863,38.801254,42.363247,7.7383842,149.40022,148.04848,64.26607,70.82991,0.17688219,0.43114382,0.099690735,0.17762813,0.23740561,0.13771488,1.236878,0.6913642,0.8323405,0.43036884,0.0455687,0.6561088,23.11112,0.5384968,2.6116383,4.8904023,10.57954,1.4131098,-15.649185,-0.84834415,0.027391756,1.413296,1.2729114,0.48237133,7.5387836,0.41625458,8.607726,1.1278918,26.519802,0.43971258,743.3282,0.30933097,1382.2196,0.19238916,-144.4057,-0.5719464,1779.8081,0.14252232,1150.6771,0.2516948,-139.52722,-0.5692621,2831.804,0.105350405,1006.6097,0.2959899,-141.40236,-0.543587,-14.448508,-0.516525,26.617247,0.33927995,0.033146393,0.6981361,-0.010791,-1.4050688,0.058685623,0.48893183,29.68195,0.3052072,0.9108415,14.38064,4.5390773,3.7085412,-19.415949,-0.80449843,-9.8488655,18.354155,0.009483033,-0.0009980144,0.038636252,3.0585105,2.670227,0.121249996,0.089168034,0.23897436,0.2713952,-41.688213,s,Ses05M_script02_1,Ses05M_script02_1_M032
563,32.162914,0.03341102,31.124037,32.16758,33.243206,2.1191692,12.1776085,7.2652836,6.4109135,5.0760903,0.14873102,0.50627095,0.0685123,0.1287962,0.2297937,0.1612814,1.0415453,0.30256996,1.0653452,0.49689847,0.032722905,0.8188861,27.679258,0.27576682,-0.17098048,-38.051537,13.27135,0.7458741,-17.457174,-0.6395259,0.015204462,0.5789908,0.93790424,0.50287235,7.394951,0.22535194,-2.5558386,-2.9067707,20.55803,0.32916114,592.68396,0.26366666,1396.8175,0.08405047,-130.94092,-0.6857283,1630.4641,0.14175108,1028.5039,0.18126367,-135.45377,-0.62051857,2715.1865,0.106953606,931.7075,0.3382383,-137.91412,-0.5863934,-14.73015,-0.34241298,22.40724,0.31771153,0.01672906,0.8847357,-0.017210854,-0.6808774,0.033098232,0.38569036,32.91406,0.11046692,-1.7460026,-4.9687457,15.990977,0.5800311,-16.842802,-0.689827,-11.665533,21.622295,0.0043464294,-0.0053782277,0.03398313,3.7313435,1.5503876,0.225,0.16499999,0.26333332,0.06649979,-44.460854,s,Ses05M_script02_1,Ses05M_script02_1_F020
564,32.491066,0.076205224,29.584827,32.23571,35.608437,6.023609,27.33347,14.54882,75.156105,0.0,0.078101166,0.51597124,0.055810653,0.061217707,0.08343135,0.027620696,0.8023986,0.60972255,0.32369918,0.23677345,0.017719211,0.9470717,25.853725,0.20769985,0.35595194,14.35358,15.470531,0.33406314,-11.397666,-0.48483843,0.024588928,0.75565416,1.8722149,0.3650738,6.221962,0.2751054,10.904255,0.9701693,30.850395,0.25043947,592.73505,0.3329838,1375.8031,0.11153104,-192.98048,-0.18873112,1622.3494,0.17212953,1118.6144,0.11761712,-190.58324,-0.20852971,2653.8975,0.09481073,983.36365,0.51918113,-191.01022,-0.19974795,-15.558104,-0.26556036,25.583496,0.26659292,0.038458385,0.57226646,-0.000773809,-14.203115,0.045683585,0.4128873,30.316761,0.29782346,6.8412757,1.132653,14.794784,0.37948233,-19.3896,-0.48081636,-13.398657,21.99352,-0.004270017,0.002018394,0.016058283,1.2320329,0.62240666,0.08333333,0.0047140447,1.125,0.30907118,-49.925117,q,Ses05M_script02_1,Ses05M_script02_1_M033
565,29.378586,0.119130336,26.128729,28.66061,32.25851,6.1297817,89.363914,57.693592,58.11456,62.848774,0.16509941,0.614347,0.07425069,0.1361068,0.24885632,0.17460564,2.0218937,1.2662594,2.1145422,1.3635623,0.039834034,0.9180842,19.426582,0.6855791,1.2280033,9.700683,19.781467,0.58026546,-6.5366216,-1.4064523,0.025291909,0.93697584,1.1602982,0.64710784,6.3251348,0.35103762,6.338414,1.0677357,25.361185,0.29620045,568.58844,0.36761972,1413.9866,0.17018948,-154.12787,-0.50518715,1601.474,0.14196108,1143.8214,0.34307554,-154.47603,-0.47953358,2657.644,0.10480361,1034.3123,0.32432264,-155.68063,-0.4613955,-15.844848,-0.4813633,25.70418,0.3361271,0.019732524,1.0447991,-0.0071688737,-1.7624595,0.06991253,0.5361396,32.411263,0.3554311,5.4468336,2.2567232,21.624825,0.819018,-3.926504,-2.561663,-6.5787396,14.3187,-0.0012392326,0.008027417,0.029389933,3.5369775,2.0474138,0.11947368,0.15125696,0.33099997,0.44644034,-40.58567,o,Ses05F_script02_1,Ses05F_script02_1_M000
566,24.357706,0.084953405,23.023726,23.951775,25.771492,2.7477665,60.59064,82.87775,22.235271,13.3047,0.19090426,0.6146522,0.08564311,0.16958177,0.26802406,0.18238094,2.720914,1.3102238,2.6526635,1.9840795,0.054918736,0.854285,28.464518,0.4828441,3.8825908,2.8667097,18.70156,0.5681484,-12.018519,-1.0285711,0.025155399,0.96115994,1.3622797,0.7007292,4.144042,0.4586251,3.356266,1.2970209,28.056517,0.26771474,573.9835,0.32965663,1354.0953,0.12266347,-103.03541,-0.899131,1638.4395,0.1649422,1083.076,0.28411403,-110.61837,-0.768411,2704.108,0.111534536,1087.1436,0.45785198,-113.47069,-0.72393686,-17.369692,-0.36347243,26.642763,0.24452177,0.024992837,0.82547194,-0.019029284,-0.84823006,0.07785755,0.6291809,36.991207,0.23896472,4.6554203,2.5443215,19.961166,0.6721093,-14.811249,-1.0258132,-10.309635,19.336649,-0.00075571064,0.0018894734,0.032677487,4.8513303,3.1545744,0.1495,0.12130436,0.1536842,0.17553557,-38.21509,q,Ses05F_script02_1,Ses05F_script02_1_M001
567,37.622368,0.0,37.622368,37.622368,37.622368,0.0,0.0,0.0,0.0,0.0,0.05847906,0.17417051,0.052080654,0.054583292,0.06319779,0.011117138,0.20113732,0.21063979,0.06519969,0.086130805,0.01225305,0.3838366,25.611404,0.09922698,-1.4024532,-3.579835,17.351568,0.26585263,-3.8833172,-1.1487795,0.0,0.0,0.0,0.0,4.9020286,0.0,-10.340242,0.0,12.104073,0.0,455.9538,0.0,1210.215,0.0,-199.93007,-0.040872887,1494.1649,0.0,984.5508,0.0,-199.93889,-0.040534295,2500.3286,0.0,927.605,0.0,-199.99808,-0.03826215,-7.722572,0.0,16.459927,0.0,0.031072693,0.0,-0.0045185047,0.0,0.015800288,0.0,27.93924,0.0,-13.360863,0.0,7.7653575,0.0,-15.723264,0.0,-14.193742,25.041609,-0.015353022,0.011692421,0.012245622,2.1857924,0.0,0.0,0.0,1.77,0.0,-56.262634,ans,Ses05F_script02_1,Ses05F_script02_1_F000
568,27.427874,0.13048969,24.282211,26.79157,29.965466,5.6832542,99.68141,113.667336,51.069195,48.098362,0.17916995,0.91838616,0.05434802,0.11306061,0.29543754,0.24108952,3.9080575,2.4560297,2.7170432,2.1875262,0.052925047,1.2087748,27.383856,0.35945943,-0.46832317,-21.121984,19.030796,0.54319113,-9.111834,-1.2650603,0.027681598,1.5680076,1.275154,0.82376206,5.29673,0.5256985,3.7533298,2.3530056,24.164072,0.3799768,562.15125,0.39850447,1304.1752,0.14869653,-142.47125,-0.605379,1622.9681,0.17177974,1024.944,0.30947763,-145.24182,-0.5569734,2669.0051,0.108149044,931.71954,0.31224936,-146.74214,-0.53632706,-15.750923,-0.44513154,25.230236,0.3325677,0.032799542,0.71377695,-0.017678767,-0.8665999,0.11401908,0.5958313,35.381084,0.2531619,1.460954,8.712932,22.22719,0.667268,-12.903145,-1.2147058,-11.449856,20.497824,-0.0026862049,0.00489593,0.026115168,2.3909986,1.6231475,0.17999999,0.17839867,0.3983333,0.4600785,-36.19865,q,Ses05F_script02_1,Ses05F_script02_1_M002
569,33.294243,0.12254171,29.41836,33.594162,36.81615,7.397791,62.632298,27.58496,23.599844,20.296083,0.17491582,0.7801017,0.07376981,0.12883401,0.24898696,0.17521715,3.5813944,2.6366417,2.2907188,1.486108,0.050853923,1.1112616,23.407639,0.5666849,0.7884178,15.378539,17.961021,0.67462873,-11.643982,-0.92324245,0.026862388,0.9486509,1.2851682,0.7494579,7.2075577,0.42646652,7.7189183,1.1623645,27.212336,0.33435178,636.56885,0.3617848,1396.0238,0.14184956,-141.2438,-0.59314245,1679.2043,0.15763812,1117.1614,0.22952035,-141.93419,-0.5498581,2763.093,0.0947121,961.36145,0.3265023,-143.37439,-0.529527,-17.015242,-0.47051206,27.46815,0.31423315,0.025666153,0.91903716,-0.012273664,-1.1571959,0.08817269,0.73437756,33.025932,0.28317806,4.397792,3.0677862,15.928878,1.0400732,-14.9209385,-0.90933466,-8.620122,16.457195,-0.0011766441,0.00580275,0.03220139,2.5714285,2.601156,0.1211111,0.09887641,0.2422222,0.31158298,-38.753387,s,Ses05F_script02_1,Ses05F_script02_1_M003
570,33.543896,0.04864785,31.844707,33.463547,35.135365,3.290657,0.0,0.0,-0.42245674,0.0,0.14652012,0.7856463,0.07821667,0.1082615,0.17744511,0.09922844,0.91940224,0.7681153,0.57898474,0.67173374,0.02721375,1.0557512,17.811388,0.5079587,-6.331857,-1.7507379,14.185764,0.5915606,-14.654996,-0.5638988,0.024186265,0.34428602,0.7644432,0.28766352,4.534298,0.56529075,-2.4422605,-2.434063,16.239454,0.42936242,512.2095,0.26131287,1395.972,0.08919768,-190.70479,-0.20835535,1547.4066,0.13066831,1227.3098,0.12662257,-191.30252,-0.1962888,2500.5205,0.07952279,1100.4932,0.37208384,-191.48814,-0.19214857,-14.930695,-0.45046717,24.387278,0.28485325,0.019697478,0.7307506,-0.0077971052,-0.72282076,0.047985874,0.69520646,29.580269,0.14130574,0.58426946,21.655388,10.006654,1.3268902,-15.852524,-0.42073694,-5.8810873,12.715769,-0.0037012156,0.004572668,0.026025956,1.0471205,1.0810812,0.04,0.0,0.865,0.185,-45.35376,q,Ses05F_script02_1,Ses05F_script02_1_F001
571,32.404057,0.14438084,28.277714,31.662434,37.539528,9.261814,68.19555,45.862602,45.782494,16.295443,0.20024355,0.5597734,0.07931738,0.1885597,0.30008158,0.22076419,2.570051,1.2159803,1.9194058,1.2919586,0.06466794,0.8695043,27.76687,0.5094359,7.754075,1.7903824,12.856714,0.69518137,-16.312433,-0.89927685,0.028313,1.1387975,1.1502931,0.571471,6.6820226,0.45921522,2.264992,2.9796107,31.737192,0.25864255,612.59467,0.296747,1419.8784,0.12148663,-100.78977,-0.9038835,1647.4288,0.15034625,1245.4226,0.33094764,-107.974365,-0.7550569,2759.919,0.08339256,1018.9115,0.29323596,-111.1582,-0.7065058,-19.556704,-0.378254,30.55806,0.30080098,0.03510082,0.7262532,-0.021416273,-0.80708593,0.09718774,0.5686973,34.784206,0.34621942,14.180964,0.82130224,9.956807,1.0733691,-22.228973,-0.65761274,-9.625283,18.099524,-0.0018586273,0.0027845127,0.028656304,4.1198506,2.6717558,0.19285715,0.23094307,0.14,0.16309507,-36.340675,ans,Ses05F_script02_1,Ses05F_script02_1_M004
572,33.93884,0.113772936,31.665855,32.80728,35.512466,3.846611,42.814415,14.58247,56.438484,23.77163,0.11645272,0.6715218,0.057178777,0.09223337,0.14970154,0.092522755,1.1464851,1.0844998,0.7443068,0.44703567,0.02856804,1.157332,27.234135,0.30886468,-0.86004436,-12.416418,13.614864,0.5330273,-12.99981,-0.9681543,0.038332634,1.4630814,1.237135,0.38524342,6.293738,0.38871172,-1.6418011,-5.565198,23.383467,0.4745351,591.4942,0.2806816,1374.5573,0.11425504,-146.99286,-0.5621822,1618.262,0.13348527,1257.6917,0.2599134,-145.55586,-0.5443776,2701.2834,0.09958529,1074.4237,0.24860112,-148.07892,-0.5100534,-16.203623,-0.4016132,27.0807,0.29766724,0.01037963,2.2009475,-0.014466854,-0.661479,0.05092449,0.92202544,33.463974,0.2285111,3.2311718,4.7387753,9.439592,1.1294565,-19.768707,-0.6225417,-11.04231,19.94042,-0.002146986,0.0039349464,0.019501256,1.9920319,2.4390244,0.11666667,0.06046119,0.27333334,0.29819828,-41.907627,s,Ses05F_script02_1,Ses05F_script02_1_F002
573,34.40725,0.06600782,32.334064,34.10115,36.826763,4.4926987,121.44871,0.0,-10.105385,31.525236,0.11438476,0.8314854,0.0512602,0.058403805,0.21065022,0.15939002,1.2772644,0.7604187,1.3337066,0.7947362,0.030880418,1.2738923,23.084898,0.27596438,0.4590984,19.053127,16.358574,0.33354875,-3.5098581,-1.9712083,0.012571606,0.3986471,0.72785133,0.3262043,8.637362,0.19160037,14.622511,0.25612843,27.509394,0.22992334,529.98663,0.3563244,1331.3706,0.1544031,-189.09975,-0.22772713,1531.2676,0.10746091,914.18665,0.25513712,-180.22003,-0.29764822,2624.814,0.10251781,907.83234,0.15701203,-180.89272,-0.28709003,-16.35128,-0.27337015,23.944178,0.16275,0.035451006,0.5335258,-0.00037902856,-21.074602,0.103607826,0.44828233,27.830893,0.34435275,8.272299,0.92636204,20.14341,0.39124113,7.2606688,1.133858,-11.224423,20.735102,0.001891595,0.009711537,0.02178829,2.0408163,1.0471205,0.105,0.005,0.55,0.3466987,-40.34849,q,Ses05F_script02_1,Ses05F_script02_1_M005
574,32.112232,0.14732167,27.768759,31.940952,36.356815,8.588057,171.74854,181.0594,8.334111,34.385586,0.1111052,0.77956665,0.053425383,0.085566595,0.13189718,0.078471795,0.44661504,0.29252985,0.87424636,0.809984,0.025180208,1.1041756,25.571676,0.4345531,-2.0217164,-4.369653,12.831798,0.9264831,-12.1787,-0.9069396,0.018161524,0.7938569,1.4817139,0.42342868,4.1598353,0.48437324,2.856469,2.1917758,26.1326,0.21236244,639.49744,0.26860726,1342.02,0.13892089,-166.67383,-0.42293108,1641.6117,0.14919399,1225.6299,0.33372405,-165.48152,-0.41387975,2670.6873,0.090503685,1027.7618,0.35856923,-167.18484,-0.38986456,-14.448868,-0.44410256,24.505924,0.21870698,0.023952127,0.68658215,-0.011785523,-1.3979032,0.038018283,0.8599986,34.326702,0.21580306,-2.2591507,-4.5711617,11.241475,1.4279841,-20.652319,-0.51152873,-10.710198,20.796896,0.0014581828,0.0045303726,0.02245189,1.4285715,1.9277108,0.089999996,0.05700877,0.3622222,0.2957017,-45.60328,ans,Ses05F_script02_1,Ses05F_script02_1_F003
575,26.35484,0.11302797,23.333872,27.208874,28.505564,5.171692,54.65099,0.0,-77.65932,0.0,0.16420698,0.7902353,0.05766942,0.093313895,0.2949796,0.23731019,1.08733,0.4560192,1.1500978,0.88062125,0.042615477,0.95095944,22.648323,0.7155324,-3.0974102,-2.757471,20.300474,0.5379324,-8.920127,-1.0894781,0.06932368,0.48543912,2.0526457,0.17372598,3.2796805,0.7116619,3.6633239,1.0225053,28.684845,0.15600336,787.3205,0.2536941,1390.0005,0.29291916,-171.48822,-0.3811251,1857.3849,0.14813833,1489.299,0.71661353,-172.65784,-0.35421035,2847.234,0.07765424,988.4462,0.43575096,-172.7521,-0.3527078,-17.514973,-0.4983676,24.254772,0.32102522,0.037266962,0.45959628,-0.020936202,-1.1396278,0.07687022,0.34848237,33.89766,0.3301441,5.12928,1.9302073,24.326914,0.18148541,-16.045126,-0.825135,-7.257693,17.80575,0.00388955,0.007435534,0.038036402,2.222222,1.5384616,0.095,0.035,0.35333332,0.20336065,-41.394295,ag,Ses05F_script02_1,Ses05F_script02_1_M006
576,36.44811,0.074135676,33.72699,37.032543,38.747734,5.0207443,18.139257,7.825101,43.555378,39.60912,0.12077433,0.548797,0.07378056,0.104307815,0.144302,0.07052144,1.4958371,1.4513545,1.23104,1.1879293,0.02537667,1.0061605,27.963512,0.2807768,-0.27976075,-41.21933,12.758352,0.80767715,-18.684496,-0.6546591,0.015640212,0.87343514,1.1158133,0.5161757,7.1712856,0.4238562,0.7513993,12.27979,19.40046,0.35637563,668.3176,0.27726603,1369.0553,0.14647171,-117.00336,-0.7813149,1727.7125,0.15079577,1123.9011,0.2488645,-117.03967,-0.7345399,2755.0361,0.09294714,991.0703,0.42166284,-119.234375,-0.7001026,-14.610142,-0.4337157,24.95483,0.26514548,0.017442886,0.9939448,-0.009685216,-1.241616,0.030325172,0.93067896,31.262907,0.16676705,-3.3447053,-4.154718,10.981865,1.0928264,-24.726759,-0.42552063,-12.53808,21.025482,0.0063401354,-0.0011328022,0.02024971,3.068592,3.1021898,0.13941176,0.124024205,0.16294117,0.111184254,-42.03461,q,Ses05F_script02_1,Ses05F_script02_1_F004
577,31.540724,0.12801942,27.46153,32.165993,34.66152,7.1999874,35.61475,11.467579,21.13618,16.778202,0.18105479,0.6271182,0.07455304,0.14954841,0.28230378,0.20775074,2.5300329,1.7521073,1.8443372,0.9866436,0.050666798,0.9001379,25.070093,0.60797006,2.0031023,4.7414103,18.46587,0.6996034,-12.271519,-1.0155339,0.02522907,1.4139829,1.0390048,0.7882012,7.5978208,0.4174099,4.6738815,1.9736729,28.227634,0.2668887,598.9524,0.3769394,1400.5322,0.16464068,-140.6297,-0.59879804,1630.3094,0.18684389,1163.6835,0.27120632,-143.36719,-0.54848796,2722.9683,0.095137216,992.26117,0.3188474,-145.99042,-0.51196504,-17.217852,-0.40091667,29.882225,0.2755511,0.02705804,0.7746723,-0.014456828,-1.2436403,0.07770417,0.5912269,37.286472,0.27846926,6.1767235,1.556021,15.317403,1.090609,-15.3836,-0.98640966,-8.689929,17.143776,-0.0014008367,0.0029335418,0.03776616,4.0899796,2.3638234,0.12913042,0.08219346,0.26208332,0.25730944,-37.92729,ag,Ses05F_script02_1,Ses05F_script02_1_M007
578,31.665024,0.117468946,28.814322,32.156345,35.15557,6.3412495,26.100178,10.40502,34.57599,29.728529,0.16029498,0.6479187,0.053181022,0.15072617,0.24032244,0.18714142,1.9379883,1.3457673,1.6705701,0.9327344,0.044309646,0.9138052,32.004036,0.36912087,3.6131692,2.9001126,14.637168,0.74451125,-8.637661,-1.2458403,0.019762315,1.2575775,0.91879684,0.79315877,8.190154,0.41480935,4.734331,1.706918,31.608646,0.30076373,595.15704,0.34682032,1412.8983,0.1767931,-109.37785,-0.8357204,1627.6093,0.16259459,1174.4716,0.22647533,-114.825424,-0.7248031,2752.088,0.09987092,1065.7626,0.28874967,-119.18723,-0.6615788,-20.090933,-0.35623586,33.009037,0.2569465,0.028279927,0.7771074,-0.015097437,-0.96306,0.068150744,0.56561214,40.385414,0.21644568,7.5720654,1.3650354,13.761486,0.9618895,-10.537466,-1.2121183,-12.03944,22.15299,-0.0059547178,0.007818887,0.021140398,3.2142859,2.0359282,0.2352941,0.13275886,0.26466668,0.4209175,-37.534954,q,Ses05F_script02_1,Ses05F_script02_1_M008
579,0.0,0.0,0.0,0.0,0.0,0.0,0.0,0.0,0.0,0.0,0.05696874,0.13781776,0.051743507,0.054615032,0.058467813,0.0067243055,0.15247172,0.06176386,0.12355398,0.08004029,0.010097873,0.30683655,26.114101,0.12566012,-0.24717493,-11.541047,14.288838,0.22376521,-7.830532,-0.7149681,0.0,0.0,0.0,0.0,0.0,0.0,0.0,0.0,0.0,0.0,0.0,0.0,0.0,0.0,-201.0,0.0,0.0,0.0,0.0,0.0,-201.0,0.0,0.0,0.0,0.0,0.0,-201.0,0.0,0.0,0.0,0.0,0.0,0.0,0.0,0.0,0.0,0.0,0.0,0.0,0.0,0.0,0.0,0.0,0.0,0.0,0.0,-13.487848,23.16476,-0.0014864891,0.0057011046,0.010170992,2.631579,0.0,0.0,0.0,1.0799999,0.0,-57.988922,ans,Ses05F_script02_1,Ses05F_script02_1_F005
580,29.936773,0.16987601,24.475412,29.64154,35.14468,10.669268,94.96109,132.9873,34.174114,18.727694,0.15918191,0.85784006,0.0563585,0.09486904,0.26954392,0.21318541,2.3890104,1.4974301,2.4102461,1.4506396,0.045567878,1.1562928,24.528488,0.47772747,0.7883242,11.998332,17.650354,0.5645425,-8.723505,-1.2055211,0.021096598,0.9588682,1.4965532,0.7375764,5.7968483,0.49127793,7.083341,1.0700101,25.284704,0.2948985,581.7185,0.42579246,1373.6897,0.19697018,-153.2081,-0.5190477,1631.1448,0.17159335,1088.7526,0.2648757,-151.98946,-0.50048965,2684.6177,0.11758082,1053.1122,0.34347773,-153.21759,-0.48329175,-15.8156595,-0.44507024,26.256739,0.31915438,0.034636576,0.61081743,-0.01448366,-1.1779904,0.10466027,0.51827216,33.643566,0.32748422,2.3367794,5.7379127,18.476206,0.80699253,-13.776137,-1.1495348,-10.934721,20.22169,-0.002073223,0.007696426,0.023307914,2.7180068,2.050114,0.12444445,0.11596084,0.3247368,0.37607905,-38.200035,s,Ses05F_script02_1,Ses05F_script02_1_M009
581,29.194891,0.110623814,26.15862,28.908363,32.166275,6.007654,75.32193,55.46569,53.70904,85.03451,0.17254764,0.69102854,0.05954018,0.14905107,0.25504982,0.19550964,2.802434,1.8744692,2.2345977,1.3597242,0.04617083,1.0316552,22.961979,0.60034984,-0.558703,-23.003178,16.093575,0.7203826,-8.243973,-1.3257749,0.026109628,1.0362792,1.3368398,0.61895305,5.605123,0.56522524,3.4858818,2.140368,23.462282,0.34779206,602.0568,0.35137042,1376.6763,0.1858384,-146.8251,-0.55863553,1623.1901,0.16118781,1074.5182,0.29285252,-148.61287,-0.52653223,2692.971,0.10102385,1017.37415,0.34211653,-150.81583,-0.49560004,-15.221288,-0.49605328,25.974459,0.31643733,0.02301278,0.9470558,-0.013756215,-1.0891688,0.08405637,0.5869493,34.168274,0.31635967,2.1057842,6.1221733,16.172655,1.0581557,-8.772697,-1.6241981,-7.772711,15.853315,-0.0023484263,0.00566509,0.0308906,3.502627,2.0228672,0.13434783,0.11646332,0.33913043,0.41462305,-38.49861,s,Ses05F_script02_1,Ses05F_script02_1_M010
582,26.784103,0.12513348,24.004087,26.091026,28.6253,4.621212,140.62958,247.21463,23.25129,12.565154,0.15966101,0.66762865,0.05802338,0.12779161,0.25094694,0.19292356,2.1997645,1.5073822,2.0415885,1.2261572,0.045994435,0.92374253,27.992945,0.45534536,1.9462038,4.87011,14.056683,1.0225317,-8.643768,-1.2945137,0.024895124,1.0708692,1.1668017,0.8173009,5.185677,0.5346865,7.161561,0.8178318,29.216532,0.28771615,572.8119,0.33356142,1392.9652,0.15139167,-137.31236,-0.6320851,1603.4164,0.15946767,1177.4923,0.3052667,-140.30714,-0.583298,2716.8298,0.101992324,1150.2993,0.35620323,-143.50153,-0.53747535,-15.887391,-0.49060437,28.72272,0.275067,0.019345274,0.8933853,-0.013357992,-1.0897746,0.07927067,0.4858599,37.659206,0.2655215,5.114857,2.2086577,13.04792,1.4753917,-7.3133006,-1.8331171,-10.775128,20.828764,-0.0040362305,0.003533231,0.029372778,3.7079954,1.8648019,0.1725,0.13506943,0.32294115,0.566535,-38.778194,o,Ses05F_script02_1,Ses05F_script02_1_M011
583,24.927935,0.06593266,23.305815,24.642942,26.709518,3.4037037,16.353086,7.6066337,7.7538867,16.931067,0.22172958,0.5013279,0.0981782,0.2167343,0.3364756,0.2382974,1.3606803,0.8798599,1.7113448,0.85412353,0.05498216,0.5427403,37.313976,0.2737717,1.3556889,7.377952,9.301003,1.3989832,-6.816693,-1.7298467,0.021739503,1.0196985,0.7648862,0.6067028,4.853212,0.4174853,8.616723,0.35340962,31.185093,0.32144967,599.7358,0.31799048,1442.1476,0.15164179,-61.2602,-1.3736372,1599.1753,0.16071214,1205.4764,0.20540123,-68.46102,-1.1646264,2743.1611,0.10245765,1054.4663,0.23754796,-77.40821,-0.95680904,-15.116439,-0.45036975,28.536495,0.26238847,0.017004969,0.6813443,-0.013102228,-1.0307643,0.068440735,0.33663633,41.367336,0.20263316,2.153486,5.320856,8.137157,1.8187145,-5.069742,-2.5341702,-12.106703,24.55066,-0.004957986,0.0021521244,0.027096123,4.255319,1.4705882,0.48499998,0.005,0.175,0.155,-37.312576,s,Ses05F_script02_1,Ses05F_script02_1_F006
584,32.287727,0.11976136,30.016235,30.50907,33.387646,3.3714104,310.10342,0.0,-8.057638,13.956802,0.14401065,0.92385477,0.051248454,0.060712427,0.23685566,0.1856072,2.3880389,1.9486623,3.3280354,2.1493068,0.052392744,1.336399,29.130253,0.24325654,-0.85666025,-6.143582,18.451286,0.53506917,-11.903196,-0.9393457,0.019847777,1.0477178,1.7306683,0.5900275,5.7484264,0.6287315,4.2815113,3.1856666,26.981232,0.31892398,624.7839,0.3227977,1306.0854,0.12844713,-161.63133,-0.44407508,1727.9644,0.12142498,1005.96277,0.28023311,-163.67369,-0.404248,2724.0264,0.09945202,1046.8926,0.32319647,-164.21672,-0.3976743,-16.107374,-0.38796583,23.938692,0.31931335,0.04354839,0.5966588,-0.020487117,-0.81001943,0.1317894,0.6894597,32.846985,0.33514357,1.1378542,7.5261297,21.081543,0.74924874,-18.780306,-0.7261009,-14.219518,22.692463,0.006441441,0.0015377082,0.033937853,2.6041667,3.2085562,0.055,0.03730505,0.23333333,0.21202724,-37.460903,q,Ses05F_script02_1,Ses05F_script02_1_M012
585,36.566692,0.1038434,34.054333,34.763737,39.529175,5.474842,119.143105,0.0,4.8070984,26.064167,0.07414825,0.39201134,0.051642075,0.05847249,0.09264298,0.041000903,0.36871907,0.24377747,0.4554259,0.27792236,0.013512461,0.5420295,28.778296,0.17530948,-1.6265974,-3.148112,13.510323,0.45431447,-12.48565,-0.8493167,0.02280679,0.7451357,1.4383938,0.4403175,5.341022,0.35812008,-2.713629,-2.8997772,20.92858,0.368378,615.0744,0.20668337,1339.2739,0.103089914,-168.82135,-0.40429375,1656.3666,0.11559878,1106.3263,0.13890523,-165.35464,-0.4070896,2775.2053,0.057604082,930.5945,0.22207354,-167.07944,-0.3825194,-15.322399,-0.23281975,26.049103,0.10737258,0.0019600284,7.281104,-0.012781465,-0.66319937,0.01987604,0.36065435,34.403294,0.101888046,-3.0151021,-2.5001376,8.070178,0.5962612,-22.92838,-0.46063176,-13.789272,22.62974,-0.0031031023,0.00448165,0.012233139,2.0,2.4489796,0.07,0.027080128,0.27142856,0.27189434,-53.354115,s,Ses05F_script02_1,Ses05F_script02_1_F007
586,34.143814,0.15346952,30.5414,33.39535,39.512306,8.970905,172.46364,209.78015,33.665913,43.80793,0.20151672,0.7214657,0.054757204,0.17897454,0.31183857,0.25708136,4.1132474,3.7038956,3.2302847,2.2696574,0.07140877,1.0636017,26.693726,0.423789,2.2507935,4.688307,19.56598,0.65630734,-9.903321,-1.4768853,0.029635869,0.9683949,1.5687097,0.7173402,7.3211045,0.34967116,7.2275,1.5092682,23.249779,0.35905206,669.2876,0.3350225,1331.2256,0.1491566,-126.81554,-0.68284935,1703.862,0.13614549,1017.133,0.3337879,-120.582375,-0.6894969,2759.9575,0.096798785,906.77734,0.3089422,-122.074554,-0.66736996,-15.152976,-0.45522398,23.517843,0.32679865,0.034573633,0.6876057,-0.012607876,-1.3356524,0.11096704,0.762874,30.643206,0.3343062,1.9452406,6.333059,19.215052,0.87649024,-15.380433,-1.1933389,-12.677341,21.16144,0.0002659227,0.00630975,0.040371016,4.032258,3.414634,0.12285714,0.12379487,0.14904761,0.19279659,-35.91746,q,Ses05F_script02_1,Ses05F_script02_1_M013
587,32.739944,0.114152156,31.025928,34.51324,35.19509,4.1691628,45.55811,0.0,-235.60722,193.73949,0.09910239,0.86495274,0.0558529,0.06486522,0.113789015,0.057936113,1.2324252,1.8462119,2.3906143,1.3373866,0.02488071,1.2972208,30.048368,0.25761524,-0.6979831,-9.319874,13.917838,0.66599697,-7.9011226,-1.0039161,0.02093127,0.9467938,1.1155264,0.7012248,6.500744,0.53807336,-0.933505,-8.705638,28.847939,0.32760334,804.6635,0.19887675,1519.1674,0.21256682,-175.66646,-0.34492412,1816.2762,0.10876746,1240.7007,0.25430125,-176.2189,-0.32755908,2975.1267,0.09847954,1034.3333,0.22611175,-177.38118,-0.30928206,-17.872751,-0.5009529,32.91523,0.27110338,0.022217307,0.5143573,-0.010159616,-1.3689809,0.071399026,0.7029704,38.679264,0.20139599,4.4890594,2.8821144,6.8455057,2.4911554,-11.849488,-1.1431327,-13.627992,23.429401,-0.0030111468,0.003756885,0.016609134,1.1952192,1.632653,0.0775,0.040233694,0.515,0.45850298,-42.27781,ans,Ses05F_script02_1,Ses05F_script02_1_F008
588,30.935211,0.154557,24.416807,31.310402,35.116714,10.699907,15.96725,8.223879,509.59625,0.0,0.13322262,0.782715,0.058598384,0.09652652,0.19483499,0.13623661,1.5233252,1.5401946,1.4644591,0.9738021,0.035470743,1.1291848,26.548838,0.4933946,0.52612305,15.337324,13.147758,0.91817003,-7.12085,-1.2293605,0.021212926,0.85715973,1.1578475,0.6917348,6.4472113,0.5713054,0.12871598,65.32799,30.407118,0.29035565,784.72,0.21430515,1548.4388,0.20629875,-157.93219,-0.4694187,1807.6254,0.11069835,1203.9512,0.3001163,-159.88432,-0.4377977,2965.7751,0.10524214,1010.5875,0.24712177,-161.9515,-0.40933412,-18.349167,-0.50874084,32.85957,0.29455814,0.018666308,0.5434452,-0.012963886,-0.9999388,0.08125707,0.5493226,40.354137,0.16573676,4.780354,2.808851,9.094212,2.1995995,-10.287049,-1.3311764,-11.648783,21.253101,-0.0060983896,0.0040576756,0.022388142,2.857143,2.222222,0.09666667,0.026246693,0.24749999,0.20437405,-39.820515,b,Ses05F_script02_1,Ses05F_script02_1_M014
589,34.478455,0.09487738,32.384434,34.60135,35.91466,3.5302277,37.761192,5.3070335,38.990143,27.214407,0.11567234,0.91882753,0.05058668,0.066015214,0.1567523,0.10616562,2.767112,2.7071989,0.9174614,1.1086898,0.03518535,1.4484411,30.41682,0.26387814,1.9428625,4.5476136,13.051184,0.48319045,-11.342228,-0.86780155,0.021244375,1.0095893,1.238823,0.6403968,8.172639,0.20676054,-1.5940132,-4.4458923,30.03575,0.24646573,677.8518,0.24499325,1337.8379,0.16301657,-147.34981,-0.5570491,1747.1272,0.1316757,1136.0437,0.18638723,-149.40228,-0.5016398,2864.2468,0.07463507,966.6395,0.21204971,-151.87158,-0.46975234,-19.636976,-0.22632818,32.43496,0.1636559,0.027873205,0.9573213,-0.015314953,-0.86053175,0.07732293,0.9599995,37.466316,0.19137745,6.1998334,1.3233868,8.556908,0.9614023,-19.651949,-0.60524595,-13.899405,24.112608,-0.004879738,0.004785359,0.014786472,2.5906737,2.673797,0.102,0.035440087,0.252,0.34066993,-38.41665,s,Ses05F_script02_1,Ses05F_script02_1_F009
590,35.938175,0.1110608,32.550106,35.57308,39.66904,7.1189346,28.14572,11.338014,67.059784,10.417345,0.15214968,0.6910543,0.08154364,0.11539193,0.19899863,0.11745499,3.1938467,2.3550208,1.8874598,0.9429338,0.05209902,1.059607,31.805502,0.31457108,6.2914367,1.5181223,10.68553,0.6768805,-13.091296,-0.85980695,0.021465959,1.0155071,1.2769371,0.61927545,8.420068,0.2735915,1.5806028,5.1586137,29.164011,0.30196026,655.06104,0.26620454,1327.552,0.15461776,-123.74254,-0.71513516,1728.4951,0.13487472,1124.7681,0.18655229,-121.28393,-0.65241206,2838.558,0.07794721,972.7141,0.19875826,-125.08346,-0.6024205,-19.486881,-0.28247076,32.07704,0.21896239,0.025988162,0.9359493,-0.014020554,-0.8823201,0.07429178,0.9365118,35.778645,0.24881464,6.3096466,1.2530951,9.136326,0.87113446,-18.292799,-0.61540806,-16.10542,26.843737,0.00533233,-0.0036442962,0.035471458,4.0697675,4.2168674,0.099999994,0.037032805,0.10125,0.05372092,-37.119225,ag,Ses05F_script02_1,Ses05F_script02_1_M015
591,41.50522,0.044076685,39.134735,42.107647,43.433556,4.2988205,29.330065,0.0,50.611668,0.0,0.101203,0.58977216,0.052300513,0.0855105,0.12965521,0.0773547,2.2751992,1.9851716,0.7445686,0.48171586,0.030551868,1.2287745,29.392387,0.28413272,1.8744193,4.4855113,8.768353,0.90456307,-13.992405,-0.8586092,0.02688123,0.822859,1.3116148,0.36583918,8.287227,0.3836176,11.8000345,0.10309793,26.50103,0.42423433,638.20056,0.28176162,1388.2495,0.09097695,-183.9007,-0.27735928,1683.4626,0.15114078,1121.9,0.2517061,-167.24765,-0.38361034,2827.7327,0.10351092,929.5423,0.21699312,-168.83755,-0.36187342,-15.354971,-0.373392,26.286087,0.285327,0.013652594,1.1140531,-0.0060078353,-1.678115,0.05272535,1.1448956,27.54298,0.35806295,1.2092128,3.1379354,9.652571,0.7910502,-16.77007,-0.569462,-15.090343,26.500473,0.0073160348,-0.0022951155,0.02652456,1.6,2.5000002,0.06666666,0.012472191,0.2325,0.21706854,-43.298744,c,Ses05F_script02_1,Ses05F_script02_1_F010
592,29.731098,0.12488048,26.617966,29.158113,33.190453,6.572487,55.02803,24.211641,42.497437,47.078075,0.24988261,0.7644482,0.055964485,0.22676784,0.42476633,0.36880183,4.980408,2.6188662,4.3003545,2.2270288,0.083701186,1.0081159,29.805103,0.40086117,-0.59484494,-17.98812,17.132282,0.62076896,-10.775371,-1.3223026,0.023349097,0.89488566,1.284115,0.7191219,5.9457865,0.47868216,1.8844342,4.027512,23.551437,0.33024412,640.8874,0.37798735,1352.6672,0.16913332,-117.6874,-0.77742076,1645.0758,0.17484674,1071.0958,0.26042315,-120.714424,-0.7129589,2731.8008,0.11210831,891.9425,0.36273515,-123.033035,-0.6778064,-14.77401,-0.469233,24.694654,0.31570444,0.036620297,0.63030034,-0.0144503,-1.3105949,0.13245864,0.59465426,36.45987,0.2611842,-1.5829346,-7.8442717,16.819706,0.84496033,-15.337582,-1.1570812,-11.848478,20.84306,0.0005121814,0.0034631288,0.04575385,3.8694077,2.5547445,0.16380952,0.13875213,0.21649998,0.3251657,-33.760117,dag,Ses05F_script02_1,Ses05F_script02_1_M016
593,32.57927,0.033792987,31.899364,32.176453,32.466022,0.566658,4.7536597,0.0,16.218662,0.0,0.06197602,0.24246609,0.050878126,0.05341944,0.076216556,0.02533843,0.1523857,0.080215774,0.19313481,0.106208764,0.010561528,0.3331482,27.656273,0.1675622,-0.35553887,-12.867294,17.542912,0.25129348,-8.67254,-0.63601875,0.019640839,0.63087016,1.0991822,0.44231707,5.7112355,0.22487205,3.1226134,1.5849423,26.5555,0.16609043,529.25836,0.26272812,1364.8586,0.10993505,-169.56885,-0.4006067,1622.0038,0.10315452,1150.1508,0.14422864,-171.24232,-0.36594748,2652.6301,0.06541918,1020.5769,0.16437642,-171.85901,-0.35622373,-19.295218,-0.12025162,28.245762,0.129446,0.009043412,1.315929,-0.011273999,-0.74535435,0.0151543915,0.27510104,34.54423,0.16091189,5.847699,0.6439772,19.810125,0.20353797,-12.667949,-0.6368403,-13.854236,23.245914,-0.0054724244,0.007858763,0.009744594,1.7621145,1.3513514,0.11666667,0.1367073,0.45,0.39427146,-55.370743,ans,Ses05F_script02_1,Ses05F_script02_1_F011
594,34.96087,0.11200383,30.240625,35.947384,39.42998,9.189356,50.75708,0.0,6.0553236,22.67586,0.10709676,0.94496685,0.05052141,0.054379713,0.1473442,0.09682279,2.071446,1.5888358,1.8800302,1.0575544,0.033038393,1.4006506,28.49359,0.27075067,-1.840811,-4.162035,13.635713,0.642128,-7.620473,-1.1936313,0.046808142,0.67315704,1.5717149,0.4428086,8.26047,0.24444744,11.551011,0.5208651,30.977533,0.12590094,793.66766,0.29045504,1442.0055,0.17496933,-178.0315,-0.32438254,1813.9691,0.15005986,1174.6445,0.21456553,-173.64285,-0.34891868,2932.506,0.096697055,1010.519,0.24319121,-174.5301,-0.33481926,-22.390043,-0.31037095,33.352264,0.17860398,0.008184279,3.7677264,-0.01397275,-1.1951758,0.09154402,0.3898766,38.129707,0.15786533,4.478665,3.4982316,17.831478,0.7920865,-8.163797,-1.9247159,-12.107592,23.337074,-0.003964732,0.0077866237,0.022827225,1.5151516,1.0362694,0.145,0.005,0.53,0.34097895,-40.53952,q,Ses05F_script02_1,Ses05F_script02_1_M017
595,34.873184,0.0051364326,34.70798,34.813236,35.0545,0.34651947,0.079753876,0.0,0.0,0.0,0.058233075,0.2389001,0.049639765,0.051990923,0.066402316,0.01676255,0.2509849,0.32060212,0.1635565,0.18444051,0.01110723,0.4028873,25.699615,0.20342647,0.5231763,11.160936,13.718216,0.3109204,-8.403225,-0.77755153,0.04606783,0.8735069,1.5081074,0.25841364,5.8053837,0.13475652,-9.761814,-0.12248549,22.238178,0.08719444,594.10895,0.18166587,1446.7267,0.08910145,-194.94089,-0.16298728,1573.4257,0.0550524,1385.4636,0.07119942,-195.60934,-0.14419481,2618.1943,0.018614655,1287.563,0.4229481,-195.79895,-0.13925293,-17.129908,-0.07298467,25.158888,0.03748192,0.0022449342,3.5662508,-0.023793431,-0.3353128,0.017495908,0.18779154,29.666061,0.13120247,2.819315,1.0934138,5.4189034,0.49720582,-29.157766,-0.26860642,-13.491336,23.309088,-0.0060695475,0.007932006,0.010949572,2.4390244,0.5,0.049999997,0.0,0.96,0.01,-57.17207,ans,Ses05F_script02_1,Ses05F_script02_1_F012
596,32.772987,0.15309936,28.584097,32.255463,37.66462,9.080523,49.866695,30.81598,27.96421,40.108162,0.1901878,0.6206619,0.061200984,0.17984863,0.28778931,0.22658834,3.0980031,1.9076983,2.7456086,1.7100178,0.0584469,0.832084,26.67782,0.46770892,4.3365836,3.1199136,18.97957,0.7990975,-7.7313743,-1.5905786,0.023246564,1.188992,1.1324589,0.71736556,7.4668207,0.4323749,8.339744,1.2189461,25.828756,0.39714417,680.2388,0.35681626,1416.2805,0.15252331,-120.769455,-0.7258477,1736.4525,0.16162927,1112.7769,0.266759,-120.59804,-0.6827865,2816.5476,0.10517483,1024.7977,0.3217621,-122.317345,-0.65749025,-17.355883,-0.48749888,28.36941,0.34979084,0.022469318,1.0961723,-0.009917491,-1.2541009,0.08242134,0.5559787,32.351334,0.30802187,7.2275968,2.0431273,17.343164,1.1011999,-10.643113,-1.4696012,-11.307254,19.89548,0.003676954,0.0051496318,0.03838806,3.7344398,2.6462395,0.16578947,0.12741624,0.21235293,0.2080591,-37.274864,s,Ses05F_script02_1,Ses05F_script02_1_M018
597,31.38287,0.19470364,25.08638,31.37287,36.641567,11.555187,347.23837,509.21426,252.94829,472.81253,0.23995693,0.55964017,0.09642021,0.2378571,0.35065794,0.2542377,3.69584,2.2177124,2.950425,1.6117988,0.07651833,0.8058851,25.915962,0.5360659,3.7407985,2.925225,17.710897,0.92576694,-15.45882,-0.99010485,0.031953342,1.4794846,1.0956675,0.74450964,6.8306084,0.5682743,7.302045,1.3164264,25.759445,0.36831772,612.62177,0.36656648,1348.3165,0.13126437,-119.76821,-0.7468952,1684.2495,0.16283001,1050.8447,0.29121187,-121.30238,-0.6825804,2726.399,0.10638452,944.2384,0.35705122,-122.90533,-0.65980625,-15.778227,-0.42167816,25.241488,0.3498175,0.04064745,0.65367144,-0.013829086,-1.062136,0.10046565,0.6177108,31.806217,0.34662023,4.6844525,2.1646378,18.969242,0.9388811,-17.814001,-0.89526653,-9.991487,19.285807,0.008865525,-0.0012007803,0.057896268,4.7468357,3.3934255,0.122499995,0.120726965,0.15612903,0.1671522,-35.327854,s,Ses05F_script02_1,Ses05F_script02_1_M019
598,39.323227,0.116489254,36.384995,37.786427,43.058105,6.673111,324.34985,693.233,49.723873,65.92799,0.13748345,0.5514165,0.06710865,0.12288129,0.19273783,0.12562919,1.1560259,0.7687833,0.8463206,0.46367484,0.026838101,0.7921463,25.910404,0.2792281,-9.365823,-1.4788822,13.020902,1.0020859,-21.427551,-0.60765344,0.019628702,1.6878681,1.1749293,0.5133768,7.262753,0.45324844,1.4419652,7.6984673,15.776615,0.5725322,696.7723,0.27545953,1370.8839,0.18285356,-132.72606,-0.6713067,1706.0526,0.1350949,1142.8636,0.24167289,-127.916565,-0.6831828,2725.298,0.09074017,936.0565,0.3033158,-130.56757,-0.64324677,-9.948991,-0.5849817,21.223043,0.25716737,0.022139162,0.7605379,-0.0020104814,-6.351822,0.03310768,0.5214433,29.373251,0.17131034,-13.972447,-1.0148581,9.4227,1.6254588,-28.193836,-0.4240632,-9.827067,19.281557,0.0049863686,0.0040388815,0.023069331,2.5174828,2.5352113,0.14388889,0.106569685,0.21789473,0.24455282,-46.318718,s,Ses05F_script02_1,Ses05F_script02_1_F013
599,31.034023,0.15643832,26.445753,31.917149,35.155838,8.710085,73.13475,67.72178,31.378527,12.50993,0.2596223,0.6384529,0.09514007,0.24026209,0.40712938,0.3119893,3.5237224,2.5041416,3.0012171,1.9501978,0.08448331,0.9938394,28.842062,0.47504577,2.2415826,5.898449,15.0300455,1.0694495,-10.898988,-1.31817,0.018954135,1.0244001,1.0050901,0.79044217,7.227124,0.4826394,6.010308,1.3917742,27.844282,0.3788036,629.1485,0.35548466,1398.3789,0.14062122,-102.66243,-0.89454126,1680.1925,0.16133997,1097.9332,0.32544452,-105.8676,-0.8083025,2774.752,0.094803005,991.2417,0.3750057,-109.364784,-0.75278944,-17.467339,-0.413781,28.283222,0.31146362,0.031746637,0.83044076,-0.0138534065,-1.0738525,0.116467275,0.7862957,35.360355,0.26810086,5.139774,2.5262592,15.467848,1.2522868,-12.312834,-1.3553139,-8.968268,18.434235,0.0022396517,0.003224578,0.0488754,3.3953114,2.0292208,0.25399998,0.26205343,0.218,0.2236068,-33.396675,s,Ses05F_script02_1,Ses05F_script02_1_M020
600,37.669476,0.13043888,33.89379,36.904064,41.589157,7.695366,127.70102,118.87625,51.724976,45.615673,0.25665665,0.5602525,0.124971926,0.24029303,0.37480962,0.2498377,3.5985458,2.41858,3.0870342,1.7842978,0.07485561,0.9864941,20.078587,0.67957723,1.6954304,9.026681,13.416567,1.317163,-10.759341,-1.1662456,0.035420388,1.9550302,1.1859304,0.7448686,8.274836,0.45397487,10.642102,0.9295765,21.311087,0.5739688,700.7757,0.32268402,1422.5446,0.2060746,-120.71319,-0.72704154,1744.4387,0.14998463,1094.6825,0.31879058,-111.191,-0.75981045,2803.2056,0.11118979,981.8565,0.29060096,-113.11176,-0.72936743,-13.555652,-0.60425156,23.94862,0.42263564,0.030656122,0.71672344,-0.005852513,-2.6388977,0.09773956,0.82794654,25.361935,0.42564055,0.5586008,28.077065,11.532932,1.7527655,-11.778608,-1.2068402,-7.5270886,15.597557,0.0070113745,0.0030695433,0.05231313,3.8854806,2.6859505,0.17923076,0.16339955,0.17307691,0.17317773,-34.927086,o,Ses05F_script02_1,Ses05F_script02_1_M021
601,40.025608,0.11120176,35.202934,40.95431,43.370533,8.167599,288.4246,564.4697,51.71123,44.46491,0.18978561,0.5313342,0.09764229,0.18033785,0.26561472,0.16797243,1.7843742,0.79447275,0.9785928,0.5612867,0.042139687,0.78365815,22.91125,0.35872695,-10.374172,-1.4866811,17.266575,0.945637,-22.89096,-0.5857743,0.020578686,0.8777476,1.2276264,0.4705848,6.7904778,0.5020846,4.7726974,2.4102867,14.373317,0.67452496,685.0518,0.2919308,1354.0981,0.12157049,-129.48355,-0.6865914,1706.1572,0.119157575,1072.6969,0.3081812,-117.24664,-0.75556916,2711.2131,0.07568824,1008.13635,0.43044823,-118.83126,-0.7281056,-9.566495,-0.43595195,19.360388,0.24091198,0.018768674,0.9915216,-0.0027116998,-3.9041948,0.046583533,0.5617458,25.728546,0.2794385,-14.565106,-1.035385,15.390508,1.1913117,-28.143883,-0.4217378,-8.250951,16.720842,0.009583652,0.002467807,0.039240003,2.4242425,2.7480917,0.1538889,0.15279394,0.20058823,0.18395877,-42.135056,o,Ses05F_script02_1,Ses05F_script02_1_F014
602,35.788208,0.20317689,26.820667,38.069527,43.007133,16.186466,60.0677,29.393307,41.559803,41.000164,0.14368723,0.72088957,0.062224388,0.0919507,0.23192151,0.16969712,2.0958285,1.7750186,1.3299471,0.87580997,0.05124066,1.1440743,25.763004,0.3222365,3.0632963,2.821077,20.990936,0.59461725,-6.9532695,-1.7702127,0.021659836,0.7168321,1.2929119,0.462156,7.9565754,0.3532802,12.368638,0.51748097,26.914108,0.27003893,851.8838,0.21610963,1231.7433,0.16348828,-143.13919,-0.5688736,1886.6794,0.08788443,950.45154,0.19756612,-141.48477,-0.5565065,2947.5073,0.08566553,851.5594,0.3944386,-142.75905,-0.5413173,-18.689974,-0.3753128,26.92418,0.27497712,0.025286216,0.9032382,-0.0072907032,-2.3052487,0.0988267,0.6188279,30.9194,0.2679065,3.620008,2.975878,21.504835,0.79071385,-6.3044734,-2.2276943,-13.800634,22.231491,-0.010828787,0.0062289783,0.028628064,3.0120482,2.484472,0.1275,0.019202864,0.25,0.21943107,-37.65446,dag,Ses05F_script02_1,Ses05F_script02_1_M022
603,31.836573,0.12143915,29.230707,32.14582,34.767197,5.5364895,90.788956,89.789505,35.21397,39.519436,0.28457084,0.57522637,0.13174993,0.25491711,0.42136756,0.28961763,3.5845006,1.9192502,3.413493,2.2682433,0.09722674,0.8636526,26.678642,0.56055355,4.87389,2.600108,17.67261,0.8932425,-13.035557,-1.1639718,0.02574784,1.2888278,1.12322,0.76441795,7.4764013,0.39352006,4.6676807,2.2857974,28.028849,0.30194247,597.21173,0.3617435,1371.7213,0.18747245,-99.60038,-0.9217327,1677.3179,0.16443564,1068.3937,0.25154984,-100.60435,-0.83052874,2732.4268,0.10342937,1015.624,0.32774,-103.73268,-0.77867186,-17.439121,-0.4001624,27.532799,0.31843185,0.036579207,0.6729568,-0.018946886,-1.0483471,0.13131282,0.67538047,34.196552,0.32388183,7.632373,1.3111744,16.692049,1.0919228,-14.874051,-1.2060407,-7.472504,15.638082,0.004433373,0.0039996123,0.053742424,4.2345276,2.6200874,0.20708333,0.27270982,0.16681817,0.22369596,-31.827614,s,Ses05F_script02_1,Ses05F_script02_1_M023
604,33.216877,0.12937054,30.02217,32.896255,37.076397,7.054228,57.66994,48.95512,47.26866,39.150776,0.26097718,0.7042504,0.078554966,0.24171081,0.41099468,0.33243972,4.3359113,2.9968946,3.416778,2.11549,0.0890844,1.0394586,24.05964,0.5918931,0.9456943,12.722002,19.735252,0.81934553,-10.214759,-1.3380415,0.022372827,1.1107833,1.1175194,0.6112652,7.634353,0.38515228,9.849846,0.8546223,25.952368,0.28671598,618.09863,0.33951038,1388.9418,0.16999151,-120.96839,-0.7450066,1692.7545,0.13017023,990.7715,0.27462858,-119.899536,-0.7062654,2754.921,0.0798257,1011.801,0.3914158,-121.77026,-0.67733103,-15.823901,-0.45240656,25.447216,0.3257195,0.039615415,0.6722147,-0.014531711,-1.167333,0.13731302,0.6275521,32.0963,0.27399987,1.6081064,7.7108173,19.180511,0.9913022,-12.597415,-1.3987164,-7.5222225,15.920207,0.0016951301,0.005863624,0.049391594,3.685504,2.4721878,0.175,0.1438228,0.21894737,0.28971663,-33.547703,o,Ses05F_script02_1,Ses05F_script02_1_M024
605,33.965065,0.014786912,33.57314,33.834705,34.474567,0.9014282,0.0,0.0,-0.08553769,0.0,0.06220522,0.26017123,0.05064201,0.05280559,0.0764778,0.025835793,0.14594145,0.09846987,0.21835199,0.09379851,0.01090663,0.2840664,25.994131,0.18543616,0.06694839,107.80455,12.6408,0.5885191,-9.303689,-0.6175198,0.009507397,0.59210193,1.0335224,0.26896513,4.0041933,0.34798908,-4.673443,-0.6516735,13.354984,0.366452,612.59424,0.27688986,1305.8668,0.15245797,-180.01076,-0.3267382,1591.9847,0.17649977,1200.2272,0.25930893,-179.87694,-0.3225588,2567.2856,0.1370407,1023.62103,0.27762625,-181.1593,-0.3003923,-10.866134,-0.43529677,25.254408,0.16034426,-0.009255755,-1.397864,-0.0013719669,-5.249782,0.013170748,0.121572256,30.44761,0.08759677,-2.86506,-3.132137,-0.74633193,-9.342608,-15.66656,-0.29498196,-13.714277,23.829884,-0.005224209,0.006817189,0.01069964,2.6178012,0.53763443,0.19999999,0.0,0.815,0.415,-56.45905,s,Ses05F_script02_1,Ses05F_script02_1_F015
606,41.66766,0.029451825,40.712574,40.988037,43.05809,2.3455162,25.351742,0.0,-45.97187,0.0,0.11472576,0.9768052,0.05069353,0.054625284,0.17492837,0.12423484,1.7716082,1.8888185,1.3586463,0.50656664,0.03626131,1.6056638,27.792528,0.26761216,-2.9748664,-1.3357518,11.900325,1.036914,-8.438348,-0.63982195,0.053933788,1.3327013,1.1134993,0.7263089,12.24862,0.1862052,13.623939,0.48039204,37.195328,0.25121248,866.6602,0.2218333,1304.394,0.16615582,-180.26198,-0.31896552,1839.2034,0.13343656,1386.9332,0.17064294,-174.12721,-0.35245723,3034.1416,0.080201164,1164.2786,0.13041046,-177.39223,-0.30222204,-12.78468,-0.38717297,35.88167,0.33520883,0.035863984,0.32003754,0.0010231482,6.715977,0.096618965,0.50308514,37.33154,0.30978745,-4.679474,-1.0223813,-12.372191,-1.174069,-12.475631,-0.82087684,-12.538041,21.275785,-0.0007181209,0.0048669204,0.026477708,1.4184397,0.7352941,0.19999999,0.0,0.565,0.125,-38.258137,q,Ses05F_script02_1,Ses05F_script02_1_M025
607,35.209908,0.008007663,34.93069,35.23262,35.50805,0.57735825,0.0,0.0,-0.08660465,0.0,0.058988955,0.19619356,0.051279522,0.053879432,0.064026795,0.012747273,0.2322005,0.119028285,0.14155762,0.09079796,0.010530812,0.30655172,25.755465,0.10325592,0.6512337,6.291406,14.431705,0.3710201,-8.175186,-0.6181012,0.02938299,0.4284982,1.2990484,0.3146668,6.02519,0.26421854,-3.3206809,-1.3255448,14.432029,0.15394786,816.7873,0.11779336,1240.4951,0.18625644,-189.53123,-0.23258838,1875.8882,0.08029683,918.49457,0.15969875,-189.27379,-0.21989432,2831.5906,0.041338187,781.3826,0.1616145,-189.53098,-0.21436282,-17.49348,-0.083299674,27.927279,0.037159987,0.0062873345,1.557628,-0.0048194076,-0.73995,0.01195073,0.11014141,27.541996,0.013244859,3.852746,0.74671715,18.809235,0.18807529,-14.184487,-0.26433402,-14.36455,24.531248,-0.008997896,0.004529661,0.010317606,1.4285715,0.7407407,0.08,0.0,0.62,0.06,-56.86658,ans,Ses05F_script02_1,Ses05F_script02_1_F016
608,32.207806,0.12140618,28.529068,32.264446,35.832676,7.303608,117.29225,96.13024,31.920317,34.86663,0.25634873,0.5797306,0.11312142,0.24607022,0.3667605,0.25363907,3.6742322,2.2612512,2.9736454,1.5148511,0.085344106,0.8255515,27.474257,0.5578722,2.187508,5.453194,14.297208,1.132569,-11.060944,-1.1335037,0.023180863,1.371103,1.1549608,0.80209047,7.329728,0.40222928,5.6543,1.8754286,28.064026,0.3465622,590.6893,0.36828852,1380.9723,0.1478618,-107.77873,-0.85503936,1632.0449,0.15383172,1070.79,0.31825134,-106.4958,-0.8028814,2729.1736,0.10358638,995.5636,0.3160915,-110.50003,-0.7389181,-15.560173,-0.41584244,27.61524,0.30824447,0.039697863,0.5488658,-0.011757136,-1.292592,0.11636223,0.59036493,34.84332,0.30007565,2.427896,4.603417,14.042169,1.3146588,-12.703157,-1.1608979,-8.038687,18.087955,0.003924754,0.0038047442,0.05179971,4.7790804,2.6268115,0.19103448,0.16824336,0.16366667,0.21767686,-34.41269,s,Ses05F_script02_1,Ses05F_script02_1_M026
609,34.821358,0.06913405,33.01207,35.130806,36.286545,3.274475,50.224754,50.78731,10.628799,6.5240355,0.11953476,0.4958203,0.06121695,0.11146858,0.16752017,0.106303215,0.9561156,0.4499125,0.738376,0.71176463,0.023136644,0.87850213,28.55113,0.2979491,-3.9139612,-2.8221345,13.748186,0.98051405,-17.11594,-0.80615664,0.013338686,0.99240035,1.1376721,0.4189579,6.638005,0.35988808,-1.1557453,-8.886909,19.130957,0.50288975,632.808,0.27469358,1376.6998,0.13720463,-101.883995,-0.93128294,1702.7428,0.12901884,1102.8702,0.2947329,-105.01037,-0.84839237,2726.503,0.09389321,1039.4791,0.34658667,-108.21628,-0.7945961,-13.518613,-0.3828275,23.46749,0.31275153,0.019875586,0.96226716,-0.0124694435,-0.88001627,0.029224055,0.7157916,32.390533,0.21675129,-6.285607,-2.009428,12.865112,1.2024851,-24.120014,-0.5482831,-11.832486,21.243935,-0.0026348648,0.003888724,0.015647553,2.3722627,2.110092,0.23652174,0.13003707,0.2173913,0.29766068,-44.951374,s,Ses05F_script02_1,Ses05F_script02_1_F017
610,33.0621,0.053966846,32.081722,33.146225,34.7527,2.6709785,40.65001,11.344481,9.987467,12.341637,0.15813975,0.6604924,0.055583403,0.13408053,0.24028751,0.18470411,2.9505084,2.4162645,2.281732,1.5232112,0.052175127,1.089394,30.128036,0.42046833,3.9165308,3.1380422,14.731504,0.7958958,-9.70163,-0.938581,0.019417802,0.9742109,1.107153,0.48983592,7.9215484,0.3023261,3.2855723,3.4135344,31.25567,0.37957487,646.73035,0.30749246,1423.3505,0.122545205,-125.33994,-0.71660316,1728.0338,0.13456166,1200.987,0.2372944,-129.76755,-0.63589853,2862.647,0.08701839,1187.0225,0.3344747,-133.32877,-0.5872933,-20.328642,-0.3483991,31.616932,0.24164566,0.031932652,0.66839457,-0.014547128,-0.8746088,0.09004645,0.74113244,39.340477,0.2219677,6.559622,2.0302413,13.676446,1.021942,-12.985796,-0.8939766,-11.996972,22.143707,-0.0055710506,0.0037011658,0.02892448,2.6041667,2.1390374,0.18249999,0.06647368,0.265,0.21383405,-36.987732,o,Ses05F_script02_1,Ses05F_script02_1_M027
611,33.894806,0.05653716,32.333256,35.237236,35.4609,3.1276436,-23.827171,0.0,13.842956,0.0,0.07124373,0.24025247,0.053256378,0.068746716,0.087327935,0.034071557,0.39098632,0.24954844,0.3406087,0.2837187,0.01345348,0.307059,28.03015,0.19731742,0.7411668,8.737592,16.042341,0.35156655,-7.657482,-0.8168695,0.029933302,0.5878723,1.3255186,0.28717506,6.8488226,0.25361937,6.704432,1.1164834,23.267439,0.20676742,684.92206,0.2572609,1467.5443,0.11531057,-179.92703,-0.29786813,1738.9,0.1337519,1281.8655,0.29190102,-178.984,-0.29700822,2758.523,0.092663884,1026.3364,0.17254421,-179.538,-0.28865123,-18.917929,-0.19172005,28.878399,0.14852852,0.0025197444,7.459682,-0.002219379,-2.6519332,0.015020474,0.17226991,30.906073,0.13815996,6.299614,1.2990873,17.203644,0.4788165,-8.672489,-0.56373906,-14.49603,24.087648,-0.009742987,0.0009387525,0.013168847,5.194805,1.7699115,0.0625,0.017853571,0.384,0.2433598,-53.89713,s,Ses05F_script02_1,Ses05F_script02_1_F018
612,32.567596,0.14354816,29.203709,33.52213,35.619938,6.4162292,67.8068,28.984074,56.37495,76.96763,0.24247634,0.5700017,0.10514376,0.21751803,0.37652165,0.2713779,3.5247827,2.135323,3.3208137,1.4255469,0.08092779,0.88224876,19.340054,0.90861756,6.2492347,2.1004539,19.773266,0.75632995,-6.9705453,-1.5911345,0.039760012,1.3658394,1.2693907,0.71971315,6.7676177,0.5271714,6.809938,1.3840023,23.517485,0.4267538,650.0184,0.44388598,1405.2153,0.17215437,-138.84348,-0.59558535,1666.1243,0.14949656,1170.0753,0.3456956,-133.06071,-0.60553837,2733.8093,0.113865,1017.0793,0.28116754,-134.84732,-0.5811603,-15.929863,-0.52369326,26.40768,0.39967594,0.031341705,0.7796027,-0.007604509,-1.6521083,0.12218807,0.5953189,31.759811,0.34637177,2.8846903,4.817097,18.618172,1.025488,-6.3718185,-2.029724,-6.4803386,13.132618,0.004639244,0.004917203,0.05677719,5.1376147,3.5185184,0.09894737,0.06265148,0.16421053,0.16316979,-34.7889,o,Ses05F_script02_1,Ses05F_script02_1_M028
613,30.74545,0.119003095,26.952278,31.60517,34.528584,7.5763054,169.02646,160.14037,45.690243,26.416094,0.12433927,1.0250336,0.051242903,0.055626743,0.18159953,0.13035662,3.1656637,3.3172977,2.5278943,2.2597702,0.03979758,1.8715171,22.626902,0.50043976,3.9474459,2.4710422,17.617413,0.4551622,-5.8563747,-1.2147965,0.033964902,0.80100775,1.3605425,0.6473474,6.4612613,0.3218171,9.943901,0.9564767,28.028069,0.26831818,574.4727,0.4174416,1386.6033,0.14693446,-172.8205,-0.36010242,1636.1135,0.15765652,1007.5952,0.23575482,-172.39455,-0.34835324,2710.008,0.11216026,916.151,0.24209513,-172.78227,-0.34213573,-17.62111,-0.3642559,26.416359,0.27479017,0.011754834,1.8188661,-0.0043142866,-2.794318,0.08242228,0.94098365,25.711805,0.40085056,13.384835,0.91103643,24.39322,0.49661967,-3.3263319,-2.8768232,-12.046935,21.1563,-0.004442992,0.0043496336,0.03153018,1.4084507,1.8439717,0.08076923,0.0695548,0.4092857,0.50807005,-38.877537,q,Ses05F_script02_1,Ses05F_script02_1_M029
614,33.58742,0.14800173,29.627953,34.27387,37.828327,8.200375,72.869125,63.323593,69.869514,70.65421,0.21555936,0.64557105,0.077236995,0.19434278,0.3346689,0.25743192,3.5617356,2.3451757,2.7120686,1.7483261,0.07450262,1.036239,24.736881,0.5883957,4.400992,2.8954098,15.397262,0.9687691,-12.996072,-0.9734861,0.03293963,1.8966365,1.0896627,0.69838285,7.4138417,0.46250507,8.613739,1.1447159,29.093348,0.40358526,675.1958,0.33503252,1359.062,0.12805134,-129.85553,-0.67006373,1716.8575,0.15705048,1139.4156,0.32013583,-127.26979,-0.6451626,2792.842,0.09438446,1000.72925,0.32000014,-130.061,-0.6058166,-16.847742,-0.54320854,28.692623,0.38998523,0.036967203,0.60556895,-0.014735909,-1.1320357,0.11393007,0.6466364,32.56624,0.3917263,5.5871124,2.518492,12.309235,1.5036746,-17.281334,-0.85939986,-9.993286,18.594687,0.0040124296,0.0022139053,0.046540745,4.1614122,2.6649747,0.14904761,0.13585372,0.21499999,0.25178364,-34.60334,c,Ses05F_script02_1,Ses05F_script02_1_M030
615,29.58233,0.119354025,26.68415,29.213404,32.291855,5.607704,93.62096,136.79567,32.85274,18.647268,0.23904508,0.6889307,0.08061467,0.21411006,0.35851094,0.27789629,3.9003704,2.3225727,2.6892514,1.6626525,0.07365419,0.8851232,26.154737,0.58284616,1.770468,8.366763,18.994009,0.7670515,-9.3102,-1.6259495,0.027080487,1.5337687,1.1782175,0.6787285,5.7933183,0.5413111,5.2672887,2.0579116,25.264942,0.4320923,616.4295,0.37436262,1333.1184,0.16172041,-115.44457,-0.7873212,1686.5734,0.17484303,1056.2999,0.31109136,-118.64419,-0.7119979,2733.1904,0.11300143,968.6776,0.31284028,-120.47856,-0.6849446,-16.42837,-0.52960193,25.826328,0.38356754,0.028719174,0.8838388,-0.01539979,-1.2590971,0.113529995,0.5885719,34.0385,0.30337262,4.4662533,3.450836,18.538866,0.8652096,-11.457271,-1.652379,-7.5833793,15.712694,0.0011803244,0.0032648316,0.039366588,3.578275,2.5641026,0.172,0.14048488,0.21270269,0.26434666,-35.20358,s,Ses05F_script02_1,Ses05F_script02_1_M031
616,33.446148,0.09608267,31.303185,33.275703,36.021034,4.7178497,77.71239,78.81454,18.364223,17.388779,0.2744098,0.5305469,0.12191272,0.2686402,0.40546635,0.28355363,3.774124,2.169665,2.9725783,1.4637518,0.08852929,0.7740923,25.419277,0.70262665,5.679522,2.7627008,14.589922,1.0559103,-12.599027,-1.3637414,0.028592283,1.4405053,1.149069,0.7144168,7.7090187,0.4487249,5.5476246,1.691555,28.776457,0.35701936,646.4048,0.32916862,1386.1774,0.19097272,-104.502045,-0.8772588,1692.4197,0.16144,1128.427,0.23615801,-108.52384,-0.7626515,2807.4963,0.0991097,938.87714,0.33034822,-111.06131,-0.72229356,-17.156101,-0.48782188,28.812693,0.31811768,0.038323868,0.7223286,-0.015854457,-1.075033,0.11856388,0.56582534,35.0612,0.32183096,5.9061418,2.3770936,9.565556,1.7709391,-18.028755,-1.1061999,-7.1812267,15.105838,0.0006993538,0.0041414984,0.055530895,5.2287583,2.6266418,0.19285715,0.1734494,0.16714284,0.16717947,-33.64704,s,Ses05F_script02_1,Ses05F_script02_1_M032
617,34.077374,0.11427497,31.196835,33.920074,37.321754,6.12492,119.89657,163.52802,88.60266,150.82037,0.28451416,0.6686703,0.101029396,0.2585266,0.43046725,0.32943785,4.9637256,3.1736193,3.4347003,2.4116545,0.10428583,1.0205603,23.824354,0.7010919,2.7602549,5.1469183,13.672329,1.2417483,-9.307083,-1.5256814,0.030987566,1.8962637,1.1678976,0.699861,7.308706,0.464842,7.194478,1.3170471,27.161503,0.39458358,655.91736,0.35176778,1370.8605,0.17300592,-117.542305,-0.7714699,1712.4829,0.15538825,1096.8468,0.28789753,-115.80585,-0.7313924,2776.2463,0.11078571,1004.1057,0.32540095,-118.51427,-0.6907131,-16.004911,-0.49738553,26.929976,0.367379,0.044056095,0.6338437,-0.014857726,-1.19063,0.15797009,0.72426474,32.634453,0.34587348,2.9961529,4.746499,10.025484,1.9995394,-12.657435,-1.3716018,-7.482311,15.517984,0.0038465722,0.005129865,0.055189144,3.8925252,2.484472,0.18416665,0.1868879,0.20623188,0.29918778,-32.204502,s,Ses05F_script02_1,Ses05F_script02_1_M033
618,35.378025,0.15107925,34.132378,36.81793,39.41398,5.281601,112.98896,0.0,128.98407,105.28079,0.1561499,1.0298321,0.05522157,0.0920978,0.19607936,0.14085779,3.032219,3.2827008,2.059513,1.0296648,0.052629154,1.7341353,25.08467,0.27055097,-3.7883344,-1.864379,10.804144,1.2499161,-9.886604,-1.25018,0.09259952,0.6775527,2.2584789,0.63217723,4.0023837,0.7134714,4.151576,1.1191345,25.655952,0.1371397,660.9549,0.28823456,1476.241,0.08774325,-180.78792,-0.3099841,1671.8665,0.12236944,1379.4512,0.14050202,-178.19287,-0.32268497,2645.5684,0.066209495,925.1237,0.23823254,-178.80684,-0.31323534,-14.675331,-0.30204284,22.241932,0.2178023,0.05541669,0.420005,-0.021416986,-0.43290657,0.18513596,0.71269494,32.62258,0.24656577,-6.4279466,-1.0211334,2.03706,7.939408,-24.46707,-0.53355384,-10.107865,19.989109,0.0045077037,0.0037334089,0.0358586,1.9138757,0.98039216,0.12,0.049999997,0.5833333,0.41652,-37.717495,s,Ses05F_script02_1,Ses05F_script02_1_F019
619,33.479465,0.13939972,31.366562,33.656586,36.8728,5.506237,85.160126,23.298119,59.59022,38.374638,0.12396491,1.0289782,0.050766032,0.05358897,0.17698605,0.12622002,2.553697,1.626472,1.5871979,0.84080315,0.041855372,1.431573,27.206684,0.34747896,3.411959,2.5371025,15.221781,0.43407515,-9.842591,-1.0245298,0.040160514,0.9937282,1.48183,0.69226754,7.727633,0.36326018,9.566461,1.0098144,33.29159,0.24261616,677.075,0.2830544,1425.4381,0.1361461,-169.86241,-0.38734525,1751.1846,0.15539938,1206.0164,0.20906836,-168.92993,-0.37462783,2845.8652,0.093319505,1127.175,0.38554347,-169.96819,-0.35980368,-21.152758,-0.36990494,31.9656,0.27073646,0.04186384,0.4652847,-0.019259127,-0.7505088,0.12602085,0.5415557,34.648335,0.32194698,14.383119,0.61972505,10.792297,0.9978206,-18.903753,-0.7466368,-14.046879,23.875013,-0.00405185,0.004121462,0.022922352,1.8561485,1.6431925,0.10428572,0.1068854,0.42249998,0.48396152,-36.820534,q,Ses05F_script02_1,Ses05F_script02_1_M034
