,F0semitoneFrom27.5Hz_sma3nz_amean,F0semitoneFrom27.5Hz_sma3nz_stddevNorm,F0semitoneFrom27.5Hz_sma3nz_percentile20.0,F0semitoneFrom27.5Hz_sma3nz_percentile50.0,F0semitoneFrom27.5Hz_sma3nz_percentile80.0,F0semitoneFrom27.5Hz_sma3nz_pctlrange0-2,F0semitoneFrom27.5Hz_sma3nz_meanRisingSlope,F0semitoneFrom27.5Hz_sma3nz_stddevRisingSlope,F0semitoneFrom27.5Hz_sma3nz_meanFallingSlope,F0semitoneFrom27.5Hz_sma3nz_stddevFallingSlope,loudness_sma3_amean,loudness_sma3_stddevNorm,loudness_sma3_percentile20.0,loudness_sma3_percentile50.0,loudness_sma3_percentile80.0,loudness_sma3_pctlrange0-2,loudness_sma3_meanRisingSlope,loudness_sma3_stddevRisingSlope,loudness_sma3_meanFallingSlope,loudness_sma3_stddevFallingSlope,spectralFlux_sma3_amean,spectralFlux_sma3_stddevNorm,mfcc1_sma3_amean,mfcc1_sma3_stddevNorm,mfcc2_sma3_amean,mfcc2_sma3_stddevNorm,mfcc3_sma3_amean,mfcc3_sma3_stddevNorm,mfcc4_sma3_amean,mfcc4_sma3_stddevNorm,jitterLocal_sma3nz_amean,jitterLocal_sma3nz_stddevNorm,shimmerLocaldB_sma3nz_amean,shimmerLocaldB_sma3nz_stddevNorm,HNRdBACF_sma3nz_amean,HNRdBACF_sma3nz_stddevNorm,logRelF0-H1-H2_sma3nz_amean,logRelF0-H1-H2_sma3nz_stddevNorm,logRelF0-H1-A3_sma3nz_amean,logRelF0-H1-A3_sma3nz_stddevNorm,F1frequency_sma3nz_amean,F1frequency_sma3nz_stddevNorm,F1bandwidth_sma3nz_amean,F1bandwidth_sma3nz_stddevNorm,F1amplitudeLogRelF0_sma3nz_amean,F1amplitudeLogRelF0_sma3nz_stddevNorm,F2frequency_sma3nz_amean,F2frequency_sma3nz_stddevNorm,F2bandwidth_sma3nz_amean,F2bandwidth_sma3nz_stddevNorm,F2amplitudeLogRelF0_sma3nz_amean,F2amplitudeLogRelF0_sma3nz_stddevNorm,F3frequency_sma3nz_amean,F3frequency_sma3nz_stddevNorm,F3bandwidth_sma3nz_amean,F3bandwidth_sma3nz_stddevNorm,F3amplitudeLogRelF0_sma3nz_amean,F3amplitudeLogRelF0_sma3nz_stddevNorm,alphaRatioV_sma3nz_amean,alphaRatioV_sma3nz_stddevNorm,hammarbergIndexV_sma3nz_amean,hammarbergIndexV_sma3nz_stddevNorm,slopeV0-500_sma3nz_amean,slopeV0-500_sma3nz_stddevNorm,slopeV500-1500_sma3nz_amean,slopeV500-1500_sma3nz_stddevNorm,spectralFluxV_sma3nz_amean,spectralFluxV_sma3nz_stddevNorm,mfcc1V_sma3nz_amean,mfcc1V_sma3nz_stddevNorm,mfcc2V_sma3nz_amean,mfcc2V_sma3nz_stddevNorm,mfcc3V_sma3nz_amean,mfcc3V_sma3nz_stddevNorm,mfcc4V_sma3nz_amean,mfcc4V_sma3nz_stddevNorm,alphaRatioUV_sma3nz_amean,hammarbergIndexUV_sma3nz_amean,slopeUV0-500_sma3nz_amean,slopeUV500-1500_sma3nz_amean,spectralFluxUV_sma3nz_amean,loudnessPeaksPerSec,VoicedSegmentsPerSec,MeanVoicedSegmentLengthSec,StddevVoicedSegmentLengthSec,MeanUnvoicedSegmentLength,StddevUnvoicedSegmentLength,equivalentSoundLevel_dBp,labels,filename,utt_label
0,37.390213,0.1916101,31.207912,33.500084,46.64598,15.438068,64.00079,43.65997,19.4334,18.2378,1.0128486,1.6197083,0.118917696,0.413048,0.98521566,0.86629796,3.9306085,0.0,-24.074913,0.0,0.8278131,2.1719546,21.077612,0.5671599,-8.480566,-1.7299018,13.740696,1.125242,-11.872875,-0.7490533,0.031200798,1.1309428,1.3316159,0.5529649,5.941658,0.4694339,9.60655,1.1825355,19.052967,0.4072574,582.65393,0.42702228,1294.6167,0.18238026,-120.47664,-0.78398246,1620.5054,0.14402215,926.1697,0.24426542,-107.252556,-0.8605462,2661.6694,0.09277751,962.21234,0.34801912,-109.26022,-0.8255559,-8.265383,-0.98511314,18.046608,0.38331416,0.033215206,0.54544455,-0.00830505,-1.1887537,1.5551151,1.5181072,18.39425,0.7605503,-8.554234,-2.0518498,17.44699,1.1377771,-13.691892,-0.80827105,-9.427538,18.930668,0.016053036,0.0010948823,0.13524583,0.5555556,1.1494253,0.42499998,0.095,0.28,0.2255364,-13.215286,q,Ses01F_impro07,Ses01F_impro07_M000
1,42.24166,0.17029887,34.416626,41.45443,47.82605,13.409424,94.5043,88.71251,60.374084,42.084347,1.6375656,0.92910016,0.4315387,0.9547381,3.1006503,2.6691117,16.030106,10.755998,14.11823,8.063075,1.198236,1.431759,17.768194,0.5813116,-18.190973,-0.8078503,11.283066,1.3488115,-13.246139,-1.0135064,0.0426112,1.8715273,1.1480703,0.5962714,6.6621265,0.609984,11.199948,1.103572,13.057211,0.553193,697.26404,0.39737844,1322.3602,0.21198882,-123.23877,-0.7425469,1687.365,0.13778873,1038.4854,0.26995125,-101.13962,-0.91231513,2688.2632,0.08341437,1022.1056,0.37535006,-102.098175,-0.8940879,-4.722133,-1.7975541,13.726794,0.56971943,0.043048564,0.83344007,-0.012809922,-0.8641257,1.6959273,1.117954,17.589819,0.6153592,-21.82627,-0.71332157,8.817121,1.8968209,-17.686615,-0.8657227,-4.198693,13.011392,0.024515094,-0.0034766865,0.66685927,1.9607844,2.1276596,0.23714285,0.23995322,0.21285714,0.23547609,-11.937289,ans,Ses01F_impro07,Ses01F_impro07_F000
2,43.708263,0.19962227,34.65599,41.869404,51.58338,16.927391,404.64172,516.88135,61.61839,48.485195,1.6104547,0.96029997,0.4216367,0.7726703,3.1754959,2.753859,19.991371,10.065028,9.263178,8.635848,1.2132578,1.4895493,18.087614,0.5065654,-18.288176,-0.83353543,6.2993135,1.8988895,-13.936701,-0.7983704,0.05023364,1.6834223,0.9562738,0.67399216,7.046614,0.64882535,8.537215,1.7419882,12.956283,0.6529255,731.6108,0.3688019,1324.5674,0.15847242,-151.03798,-0.54966676,1703.4369,0.13477312,1138.8641,0.2759635,-127.61274,-0.7105025,2723.8333,0.09946327,962.78467,0.2554379,-128.94228,-0.6899257,-3.8982894,-2.576971,14.499633,0.6107165,0.034682095,1.1898664,-0.012936516,-0.88079166,1.9751561,1.0536755,16.852293,0.6415403,-23.723982,-0.7026425,-0.085947335,-102.27879,-16.990416,-0.6681335,-4.151625,13.086914,0.02467603,-0.0045421277,0.74320793,2.0408163,2.293578,0.15699999,0.16019051,0.2888889,0.23600583,-11.581263,a,Ses01F_impro07,Ses01F_impro07_M001
3,40.304546,0.18760972,31.770844,40.09048,48.56508,16.794235,83.752914,92.66154,98.9096,87.32183,1.0043443,0.7874154,0.51765335,0.6840061,1.4634914,0.9458381,13.5173435,10.310961,8.474892,9.053402,0.52037865,1.1460917,27.16865,0.28870252,-18.428984,-0.6685468,3.3148186,3.2982845,-21.110931,-0.69727653,0.03509831,1.8395627,1.1930108,0.5910314,7.19229,0.5387639,5.0487394,1.8414824,18.266777,0.49250722,795.99194,0.32245362,1250.0223,0.19966544,-77.56633,-1.1857522,1785.0446,0.15532443,1046.1234,0.25401205,-72.35764,-1.1732295,2821.6033,0.10449272,930.46533,0.33235744,-78.032196,-1.0395212,-8.444288,-0.7938243,19.727531,0.37893632,0.06652228,0.3154071,-0.018264683,-0.98666817,0.5445134,0.9994139,28.643314,0.28475368,-19.856588,-0.67857945,1.4365644,7.6945405,-25.538088,-0.55749655,-6.07475,15.4649725,0.039792012,-0.009915616,0.48752812,1.744186,2.5440314,0.25615385,0.30997613,0.11692307,0.102835536,-19.53238,q,Ses01F_impro07,Ses01F_impro07_M002
4,37.110622,0.18924913,30.186958,36.14951,41.788597,11.601639,42.763836,14.55769,84.64514,100.6798,0.89334285,0.7794493,0.40412402,0.65529877,1.1433146,0.7391906,8.28061,6.497279,6.764915,4.585572,0.4259424,1.0512435,27.811218,0.30622396,-15.306193,-0.8568854,9.92425,1.243234,-20.328094,-0.78700924,0.02680156,1.7426369,1.1911128,0.6588585,6.8566637,0.58483887,3.4166536,2.9417646,17.988674,0.4640508,674.2559,0.4192425,1290.0908,0.21267824,-74.82843,-1.2344146,1691.8799,0.17449026,1011.2804,0.25512567,-69.25271,-1.2188054,2726.422,0.111921735,961.6441,0.3292743,-73.70298,-1.105361,-9.70704,-0.6984875,19.526962,0.39579558,0.064893015,0.2971167,-0.022357263,-0.6903263,0.53579247,0.8638067,30.368177,0.24729651,-17.44246,-0.82542163,6.937103,1.7778872,-24.664215,-0.6441267,-6.12797,13.496209,0.025891913,-0.0033509212,0.18315762,2.3166025,2.1484375,0.31272727,0.36561507,0.13272727,0.15003581,-20.914694,s,Ses01F_impro07,Ses01F_impro07_F001
5,33.767532,0.13264202,29.827362,33.710392,36.82333,6.995968,121.360146,98.62044,190.49664,417.73685,0.83845603,0.77847046,0.2949782,0.6278619,1.3328983,1.03792,11.515314,9.857872,5.676438,3.2854433,0.3943431,1.0337279,28.749903,0.2458283,-16.609526,-0.8937894,18.735775,0.8479472,-17.86891,-0.7813186,0.039225753,2.584514,1.2059668,0.5910303,4.170828,0.7232122,0.33731368,26.772009,13.597985,0.75249785,579.7064,0.41507673,1375.5444,0.18188229,-100.72593,-0.9523574,1607.2131,0.120466225,990.0484,0.27477872,-94.07169,-0.96533877,2622.782,0.08059345,1040.0372,0.31493068,-95.32116,-0.94217455,-6.760558,-0.8238089,15.009987,0.5595208,0.051364172,0.3793674,-0.022164548,-0.5334244,0.5417531,0.844771,30.062817,0.22465342,-21.91364,-0.67302495,18.464384,0.9796786,-22.964397,-0.53815764,-9.48929,17.41158,0.025969204,-0.012195343,0.21937546,2.442334,3.1420767,0.16652174,0.1090516,0.13173912,0.18037768,-22.242617,o,Ses01F_impro07,Ses01F_impro07_M003
6,34.497116,0.15609223,29.970724,33.773994,38.28765,8.316927,104.611374,93.02182,157.02614,381.6656,0.78442085,0.8933803,0.24571246,0.50525945,1.2590073,1.0132949,11.293896,9.045804,6.3108964,4.7596784,0.37848642,1.2230204,26.741146,0.34691483,-14.471727,-1.0864136,16.83166,0.85558116,-15.391195,-0.9095533,0.03707847,2.3695166,1.3019742,0.67143065,4.3596582,0.7908116,0.022875482,369.8471,13.606206,0.72678,613.1464,0.40455496,1373.4913,0.18378538,-116.72206,-0.80853975,1622.8295,0.11894159,1032.6094,0.27323326,-109.21941,-0.8381641,2637.6335,0.08386858,1057.7083,0.328927,-110.97012,-0.8100035,-6.5967574,-0.83418447,14.962639,0.53373706,0.052038264,0.4254656,-0.020040067,-0.60493237,0.6026514,0.90271914,29.189978,0.27329645,-22.346169,-0.662475,15.400974,1.0992304,-21.739616,-0.59627336,-8.667799,16.272148,0.02175243,-0.009264496,0.17830238,2.5768912,2.921536,0.15285714,0.09817103,0.16885713,0.32274508,-21.902826,s,Ses01F_impro07,Ses01F_impro07_F002
7,34.433495,0.17413482,28.37828,34.00829,38.56226,10.183979,103.5032,76.05934,68.43643,108.23504,0.65747035,1.4033077,0.22964358,0.36465186,0.70414275,0.47449917,9.49221,7.2511315,7.2302275,6.466619,0.32646847,2.6142988,27.92181,0.33039865,-8.460063,-1.397661,12.776221,1.062127,-11.026904,-1.1301913,0.02510737,1.2563086,1.3022885,0.5018004,5.422792,0.64425236,2.0194805,4.570955,18.955988,0.42725167,701.2651,0.37635797,1358.6792,0.18643692,-93.2622,-0.9939779,1687.0848,0.140253,1086.2991,0.22473419,-89.62809,-0.9659766,2724.9258,0.08724442,964.0834,0.3431267,-93.053894,-0.90301776,-10.294745,-0.58419865,21.006647,0.38263908,0.039824527,0.59382606,-0.009263714,-1.2048914,0.44954476,2.2169404,28.71602,0.32130468,-10.637512,-1.2051531,11.235089,1.3319161,-13.001804,-1.0417866,-10.314049,19.368006,0.018770885,-0.0037810537,0.14385144,0.6345178,2.6854222,0.21238095,0.2508064,0.13227272,0.12985767,-18.989954,q,Ses01F_impro07,Ses01F_impro07_M004
8,38.484325,0.14917108,34.01172,36.25311,46.362274,12.350555,35.510033,22.66993,50.357536,39.789074,1.3684072,1.0424511,0.43276843,0.860213,1.7350605,1.302292,9.642119,3.242841,10.073718,7.2158294,0.83844376,1.7245297,21.121485,0.38619122,-17.820902,-0.7037028,7.157023,2.1097226,-19.319378,-0.5434284,0.022942377,0.9289967,1.092129,0.4236676,5.463982,0.7215722,5.985182,1.1120529,15.23149,0.5123417,758.9017,0.38225034,1298.6808,0.18486795,-64.40865,-1.327116,1769.8806,0.15079737,1111.9891,0.29203013,-58.347046,-1.3294728,2750.8682,0.08992373,1129.6299,0.35406262,-60.575123,-1.2609041,-6.5659246,-0.98188716,15.653687,0.5594028,0.05626453,0.34589556,-0.011921423,-0.8559245,0.8828123,1.667855,20.918097,0.413953,-18.203062,-0.7448876,8.735961,1.750379,-19.7485,-0.53244066,-5.608541,14.652903,0.03907214,-0.016141975,0.76956415,1.6877638,2.586207,0.28166667,0.19945064,0.085,0.1032392,-13.917361,ag,Ses01F_impro07,Ses01F_impro07_F003
9,34.60686,0.15123563,31.062935,34.588165,39.4158,8.352863,173.09248,188.7991,36.12188,22.955112,0.45989096,0.522837,0.24945927,0.41023597,0.6435311,0.39407182,5.051008,2.9908903,2.7461622,1.3839936,0.16282168,0.78482634,29.34674,0.3605903,-1.4420826,-8.358872,12.588169,1.1620522,-11.366623,-1.0738487,0.026149655,1.6214511,1.3347095,0.5739718,7.0816927,0.47787923,3.0784683,3.210344,22.755793,0.34328285,692.1495,0.3105805,1362.2125,0.17601527,-72.43854,-1.1882629,1697.0051,0.1275347,1071.4873,0.27261752,-76.91496,-1.0276797,2776.9583,0.08129366,906.9555,0.35573882,-82.14775,-0.919513,-14.133726,-0.4267711,25.373365,0.28023243,0.03140833,0.80668736,-0.014466096,-0.83580077,0.19133532,0.72972125,32.460415,0.24448341,-2.8653965,-4.394929,10.867471,1.4604812,-13.575672,-0.9162939,-10.272143,17.845392,0.019598942,-0.0067090923,0.10122016,3.7664783,2.471483,0.26999998,0.24850321,0.12333333,0.092586294,-28.718702,ans,Ses01F_impro07,Ses01F_impro07_F004
10,37.484417,0.2091967,31.575598,35.603268,45.535362,13.9597645,133.06088,79.20748,297.0217,530.65045,1.2043778,1.0512712,0.42758155,0.7060792,1.6438297,1.2162482,18.153643,11.715245,13.173244,7.9856477,0.91255724,1.7398964,26.12687,0.4609086,-13.125387,-1.2916119,7.1786985,2.30766,-13.458401,-0.974121,0.033339813,1.4369392,1.2984239,0.521011,5.7898984,0.5676914,6.0514693,1.8706671,20.26226,0.5001989,697.90204,0.39397144,1308.6965,0.18521571,-88.20857,-1.0253618,1695.14,0.16210194,1101.9263,0.2779008,-78.001015,-1.0638294,2720.3235,0.098552436,991.75714,0.33333588,-83.05085,-0.95442003,-8.869851,-0.80607474,20.55832,0.36788723,0.04748298,0.5131734,-0.01193211,-1.2502764,1.0093967,1.6398437,27.798239,0.41821775,-13.847759,-1.116263,5.72088,2.8981009,-14.906121,-0.8566076,-7.2723923,16.089853,0.04005622,-0.011456758,0.7571989,1.5490534,4.521739,0.13384615,0.09695665,0.072916664,0.052399043,-14.223908,o,Ses01F_impro07,Ses01F_impro07_M005
11,43.375637,0.16054343,35.797,44.126953,49.25501,13.458008,143.80212,79.022255,398.9645,603.309,1.8595124,0.809433,0.6761926,1.2155707,3.063828,2.3876355,21.288471,12.360204,16.322815,6.879006,1.5902833,1.2841704,20.703892,0.4105962,-22.331148,-0.6175486,7.931141,2.3665934,-15.765392,-0.8185945,0.043516,0.9013265,1.3886516,0.55968755,5.29229,0.70681727,10.14584,1.1523999,14.934874,0.629964,769.8722,0.35032976,1342.8342,0.22062102,-103.691345,-0.868921,1711.6705,0.12553652,1102.4203,0.23335712,-81.02749,-1.0437403,2700.9187,0.07648842,932.69867,0.22220722,-84.58675,-0.963637,-4.4283843,-1.6427767,15.911581,0.34020716,0.05024943,0.57054716,-0.006812685,-2.3231924,1.935633,1.1163836,19.831848,0.453153,-23.563852,-0.5758293,6.380944,2.9381876,-16.082237,-0.77621794,-4.835682,13.500797,0.052487727,-0.010000209,1.1174226,2.3972604,5.5944057,0.101875,0.09481684,0.061333332,0.030955166,-11.359757,ag,Ses01F_impro07,Ses01F_impro07_F005
12,39.594765,0.2458768,31.56052,37.624023,49.093197,17.532677,166.58594,128.51126,86.891266,76.03649,0.8876027,0.9528815,0.2960136,0.61023295,1.3498659,1.0538523,11.796998,7.3405786,7.9946446,4.0434012,0.5077145,1.4456589,26.833012,0.38704205,-18.003149,-0.8224291,9.455113,1.368664,-15.531241,-0.8301607,0.028943779,1.4491606,1.257508,0.60055816,6.675055,0.7248054,5.3716493,1.6844778,15.761333,0.5791334,750.535,0.3870667,1279.8539,0.23084919,-111.291336,-0.8316948,1708.7052,0.15523832,1051.2094,0.2715012,-101.52423,-0.8883198,2740.8809,0.09138586,948.1912,0.3075103,-104.22504,-0.82819664,-7.7411356,-0.6645064,17.82313,0.38236165,0.046977587,0.699072,-0.012420629,-0.9547613,0.7347333,1.1543924,27.313116,0.38362044,-24.09416,-0.57123464,8.634172,1.7098703,-18.128271,-0.77893937,-7.939088,18.300749,0.024004387,-0.0058346284,0.25773522,2.4122808,2.8697574,0.17576922,0.1724746,0.1592,0.18924947,-16.580091,q,Ses01F_impro07,Ses01F_impro07_F006
13,42.052,0.25558263,31.300304,41.026623,50.07556,18.775257,220.7971,118.20693,81.085106,74.36368,0.84001416,1.1742979,0.21827105,0.47712207,1.0080967,0.7898257,13.242404,10.47184,7.795793,4.4066668,0.4966649,1.7581004,24.873592,0.40599713,-15.778592,-0.9444168,7.2637706,1.6262777,-15.109453,-0.87709725,0.034776006,1.5019569,1.1579535,0.5818702,7.684858,0.74382734,6.3279586,1.4170997,16.55325,0.49968788,752.2012,0.36756948,1211.8043,0.22160459,-131.92026,-0.68644255,1714.5586,0.15114869,1004.08417,0.25434026,-122.347336,-0.7384092,2760.4412,0.09025358,870.15155,0.28658676,-122.96252,-0.70586294,-7.677762,-0.70715994,18.752443,0.37519482,0.03702846,0.95768404,-0.012014107,-1.0385534,0.86759216,1.2651613,24.329456,0.4239447,-24.017172,-0.58597434,2.1209497,6.1673193,-18.14371,-0.83867747,-8.074007,18.174465,0.018900279,-0.0041162604,0.21933183,1.2302284,1.9503547,0.2109091,0.1786034,0.2575,0.2325627,-15.190564,ag,Ses01F_impro07,Ses01F_impro07_M006
14,39.24728,0.20225015,32.501175,36.869186,49.1997,16.698524,71.38623,58.25763,123.26708,110.125595,0.8882106,1.1461318,0.24808402,0.5312404,1.2530227,1.0049386,10.32004,6.8993697,9.073057,8.228839,0.5390726,1.9919026,27.05578,0.362675,-13.265961,-0.98090625,12.422455,1.1162149,-16.221752,-0.73415446,0.027120363,2.4692032,1.2448318,0.5707297,7.3477964,0.64385617,5.734421,2.0052924,18.43001,0.47753382,703.1427,0.37382057,1342.4276,0.1684512,-107.2964,-0.85592,1707.6241,0.15109544,1035.8352,0.2312064,-97.06121,-0.90376544,2764.6355,0.09885755,993.5306,0.3852635,-100.71228,-0.83469534,-11.177883,-0.62262887,21.366087,0.4516264,0.055405702,0.46931657,-0.012448675,-1.0947186,0.6414755,1.7835501,28.133657,0.30948323,-15.692503,-0.8471975,10.395941,1.4965942,-20.558756,-0.56098676,-8.478407,17.975996,0.028253626,-0.005857893,0.41387326,1.2074643,2.8697574,0.18692309,0.21927801,0.1525,0.13712068,-17.493858,ans,Ses01F_impro07,Ses01F_impro07_M007
15,34.709084,0.14517388,30.635843,34.764526,39.71141,9.075567,71.247086,122.58516,37.73681,22.55652,0.5034448,0.84879357,0.18202409,0.334212,0.77637213,0.5943481,6.510618,4.304395,6.2119327,4.4548326,0.19140188,1.2294003,29.805346,0.3135479,-7.1010323,-1.780676,16.485283,0.7602158,-11.679002,-0.9118872,0.021170793,1.7230687,1.0845803,0.5809252,7.4021297,0.4575005,8.401918,1.1504352,22.052454,0.488379,649.0515,0.36214998,1339.4442,0.17364886,-88.26099,-1.0352727,1707.5925,0.147523,999.4781,0.28384432,-86.010185,-0.98116416,2760.8706,0.10888587,967.84045,0.26454854,-89.533195,-0.9147087,-13.409544,-0.47199956,22.171183,0.4039432,0.03354184,0.7605526,-0.016754603,-0.7670433,0.21206245,1.118222,32.896683,0.2304741,-7.4153433,-1.8637352,16.117233,0.8070507,-13.3352785,-0.84301925,-9.097312,17.841074,0.017771184,-0.003603546,0.15814817,2.3662553,2.5853155,0.2332,0.21304873,0.13875,0.1271912,-26.467403,o,Ses01F_impro07,Ses01F_impro07_F007
16,34.00873,0.05978448,32.152,33.530212,35.914307,3.7623062,35.38075,18.12459,23.276623,16.437223,0.70818263,0.645792,0.31488594,0.63162327,0.9946002,0.6797142,7.055968,4.3576107,5.913412,5.36923,0.27269852,0.83554864,29.129755,0.26908374,-14.009017,-0.8846613,19.808477,0.74783236,-12.082501,-0.8784708,0.0220732,1.4571325,1.1491258,0.5049221,6.2729964,0.49313816,2.8878014,2.5161438,14.451214,0.5393507,528.3282,0.33534914,1280.394,0.16689035,-82.62889,-1.1107606,1590.8743,0.097803615,923.272,0.21525757,-84.64514,-1.001456,2573.4373,0.08074119,995.6233,0.25133097,-85.141136,-0.990711,-9.469721,-0.49621728,15.996718,0.37824985,0.03629706,0.5422138,-0.020278888,-0.50481844,0.31127873,0.7929633,30.217918,0.18149307,-14.956405,-0.8656411,22.00166,0.6929562,-13.457883,-0.8535147,-7.718269,16.047014,0.0172568,-0.005424013,0.20262538,4.230769,3.543307,0.16666666,0.088568866,0.12285714,0.081716284,-24.592257,ag,Ses01F_impro07,Ses01F_impro07_M008
17,35.20371,0.15883754,29.994091,35.25678,39.881058,9.886967,98.1022,136.10043,36.885612,29.645227,0.3321995,0.81423986,0.16073284,0.25007993,0.4558496,0.29511675,4.1836977,4.476302,2.7260199,2.3484204,0.10258417,1.1069828,33.13687,0.23048548,-2.2567952,-4.362203,13.593766,0.8088143,-10.905191,-0.9761486,0.029241025,2.6264367,1.1089408,0.5988913,8.0572815,0.41848832,12.424135,0.7276298,28.063042,0.32953203,692.0007,0.3213862,1375.6294,0.15424792,-71.083855,-1.2102063,1738.6333,0.12492359,1054.2742,0.30240637,-69.16982,-1.0988444,2827.6814,0.09213371,1014.11816,0.37567332,-75.71213,-0.95239496,-16.355425,-0.34713125,26.86304,0.27865097,0.028104758,0.9244612,-0.012034032,-1.186054,0.110514455,1.1156391,35.060635,0.19552383,-1.5174121,-6.7312627,13.2690115,0.8807047,-11.242998,-0.99398386,-11.393129,21.611198,0.013245971,-0.0027088586,0.07160736,1.2718601,2.2435899,0.31642857,0.27533376,0.11692307,0.10943101,-30.301378,q,Ses01F_impro07,Ses01F_impro07_M009
18,33.580143,0.094542466,31.344053,34.228806,35.86697,4.522917,175.38477,124.85623,34.433846,22.64462,0.48800734,0.8758938,0.18522708,0.3076759,0.72287345,0.53764635,6.968781,4.970343,3.042145,1.700425,0.14572936,0.96341383,26.810019,0.3822468,-8.173494,-1.6856002,13.650719,0.84430933,-13.037065,-0.8713886,0.024776526,2.3046215,1.1129651,0.7094216,6.9763,0.5657561,2.8846338,3.0498574,17.381615,0.5636377,576.9041,0.35380882,1489.1993,0.15812503,-118.65479,-0.7885662,1573.656,0.1055876,1113.3733,0.30352727,-113.159904,-0.8121039,2622.164,0.1054314,1076.4539,0.3765116,-117.2401,-0.7468811,-8.82465,-0.69208205,20.833372,0.32613388,0.038017523,0.58460575,-0.008945008,-1.6731474,0.22457232,0.69861645,31.929417,0.23640908,-14.701702,-0.95263636,11.028314,1.1475749,-16.678066,-0.7569178,-9.288232,17.913744,0.012455143,-0.0037506907,0.081763946,2.3415978,2.4965327,0.17333333,0.13152945,0.20722221,0.1791587,-27.083822,ans,Ses01F_impro07,Ses01F_impro07_F008
19,30.330944,0.08797439,29.64962,30.88616,31.789045,2.1394253,171.28447,118.66313,29.828484,37.117016,0.41525963,0.58997446,0.2080748,0.34307054,0.5955157,0.38744092,5.1921735,2.8074439,4.3859763,2.856824,0.14719239,0.6220753,31.532406,0.2698096,-11.171104,-1.1890757,13.397082,1.1855845,-15.716233,-0.610365,0.036407903,1.9857571,1.1286894,0.37102747,3.1581604,0.7785673,-1.2221487,-2.5234184,12.927493,0.714329,640.6344,0.30032226,1540.4755,0.1856039,-135.01158,-0.6686845,1600.1288,0.09784322,1195.3302,0.35741132,-133.76807,-0.6750031,2597.9294,0.08758298,1161.2542,0.40893534,-136.92151,-0.6291386,-7.54276,-0.7185981,20.907595,0.40158793,0.026858723,0.6788513,-0.016305733,-0.48803842,0.22118796,0.42892423,36.880173,0.1756274,-19.674438,-0.6537828,11.227478,1.3882694,-16.677708,-0.5374584,-9.670201,20.605087,0.023675503,-0.009661549,0.11005058,4.5454545,2.0134227,0.16,0.016329931,0.31666666,0.17969108,-31.905811,b,Ses01F_impro07,Ses01F_impro07_M010
20,30.237583,0.110285826,28.60928,30.129055,32.587467,3.9781876,88.3309,61.099686,74.773285,14.368858,0.26038703,0.43162337,0.15282257,0.22975509,0.36462224,0.21179967,2.6010234,1.5782737,1.9087212,1.0967777,0.0717607,0.68381363,21.223078,0.6328789,-4.3372383,-2.182712,18.647642,0.31512043,-6.3885098,-1.1714042,0.043206595,1.2609178,1.3894888,0.38539538,5.009783,0.5093782,1.507988,4.197688,20.351292,0.54653585,639.5305,0.34549218,1463.0055,0.15624523,-166.20676,-0.41595763,1615.3353,0.10212419,1047.4326,0.19111219,-166.88364,-0.39711758,2663.6616,0.096962705,1012.7495,0.34670195,-167.787,-0.38540724,-13.6749325,-0.39000112,21.59056,0.38475993,0.024940018,1.1306454,-0.008542565,-1.3367699,0.1221105,0.54797846,33.80153,0.22131355,-1.9658902,-5.057544,19.471992,0.3994487,-3.99968,-2.5418828,-7.2728777,14.817936,0.003435466,0.0008956073,0.061151523,3.9840639,2.4390244,0.06666666,0.046785563,0.32333332,0.32123026,-38.020966,o,Ses01F_impro07,Ses01F_impro07_M011
21,33.426846,0.0434802,32.12324,33.25697,34.02871,1.905468,20.672533,0.0,14.134879,0.0,0.3527672,0.9439247,0.181686,0.26909977,0.38167152,0.19998552,6.693523,4.0608964,0.972056,0.39351898,0.11460155,1.6644529,19.75447,0.63224363,-9.117137,-1.6473341,19.381338,0.36725223,-6.0745735,-1.4507431,0.02008374,0.6312733,1.137548,0.5524856,7.811553,0.3894402,10.482815,0.8016118,25.165394,0.2915157,665.41077,0.30154872,1413.7312,0.1450125,-162.75671,-0.4422469,1664.0931,0.09451932,1002.941,0.26788202,-161.26486,-0.4357862,2800.5117,0.072310336,900.51154,0.2555386,-163.04366,-0.41116992,-16.033436,-0.3338319,25.422478,0.30076766,0.016934028,1.8741944,-0.012069656,-1.2666788,0.18480568,1.312658,31.47013,0.24142562,1.1734545,8.873142,21.181448,0.43955636,-6.151033,-1.9681354,-2.2176895,9.585023,0.001489515,0.0049652676,0.09347739,0.44247788,2.2727273,0.088,0.05706137,0.332,0.20604852,-30.301573,o,Ses01F_impro07,Ses01F_impro07_F009
22,33.688835,0.102601364,32.058693,33.51425,34.54796,2.4892654,157.2747,205.52649,26.209497,13.396123,0.34457973,0.7792268,0.16483307,0.26540813,0.4217121,0.25687903,4.052475,4.005902,2.2689908,1.7646048,0.119006574,0.9650695,25.013113,0.44274524,-1.1875548,-10.853487,20.467318,0.7005601,-8.792248,-1.0479832,0.016944971,0.8990673,1.3054353,0.46722767,5.9543233,0.46432987,12.307778,0.85365576,25.00575,0.36863545,620.89453,0.37413156,1381.0492,0.13714047,-145.62663,-0.56856465,1631.214,0.13380164,1036.5045,0.25567052,-142.06337,-0.57164425,2683.6626,0.09643332,946.7129,0.41500545,-144.63968,-0.53590065,-12.833532,-0.64326084,25.157822,0.24206029,0.03441146,0.59693974,-0.0025142902,-5.216649,0.20401572,0.6817844,32.071484,0.2549686,-3.0221064,-4.313227,18.964266,0.8162091,-9.773795,-1.0355062,-9.383663,17.387514,0.008570283,2.4724697e-05,0.08115956,2.4830701,2.9680364,0.0976923,0.12956458,0.21923076,0.18428496,-31.069847,q,Ses01F_impro07,Ses01F_impro07_M012
23,38.45698,0.17359628,33.62208,34.62381,44.680576,11.058495,755.4512,951.7496,31.732483,0.4918146,0.6577186,1.3283952,0.16422167,0.296482,1.021249,0.8570274,12.967402,13.616416,9.852361,10.550132,0.3156627,1.8710123,20.862019,0.5281992,-9.241564,-1.9060279,14.760043,1.202615,-10.800193,-0.9988456,0.015219646,0.7617823,1.4125323,0.595091,5.173241,0.731332,7.5087237,1.4427164,19.289572,0.48321533,737.2933,0.34322622,1412.9591,0.17527129,-143.59999,-0.60400534,1680.8657,0.12020865,1163.502,0.30047587,-136.08965,-0.6518101,2736.318,0.07579037,1001.6324,0.38451278,-139.47874,-0.6016413,-5.358152,-1.6797763,19.79685,0.42076814,0.04159927,0.46080947,-0.0011055698,-10.863319,0.62207645,1.2424552,24.458895,0.52673256,-18.831936,-0.940982,5.8913064,3.305335,-14.586222,-0.91421217,-7.105635,15.6599455,0.011353206,0.0008287172,0.1683083,1.5831134,1.8716577,0.16857143,0.17739612,0.30124998,0.19965203,-20.730165,ans,Ses01F_impro07,Ses01F_impro07_F010
24,35.24332,0.14757977,31.981642,34.55577,39.298264,7.316622,122.0,98.36209,25.93587,62.774155,0.6724329,1.1495397,0.20153067,0.3423524,0.90458584,0.70305514,8.756251,10.195672,7.084462,5.7645774,0.32527578,1.6575912,24.751587,0.39992195,-10.534822,-1.5723736,14.168618,0.98134166,-8.959204,-1.0637295,0.022303194,1.1822267,1.2092612,0.5134446,6.185464,0.55258846,7.956995,1.2710412,20.758099,0.55470204,653.5256,0.42210743,1344.8141,0.16569865,-131.48209,-0.6783388,1662.2517,0.15476683,1135.3877,0.27494165,-123.55981,-0.7116059,2688.6758,0.097454466,1073.6158,0.30021623,-126.2231,-0.6722124,-10.802143,-0.8590138,21.975979,0.41383994,0.031002665,0.71775585,-0.005780625,-1.7126541,0.48042944,1.3864875,27.489643,0.35578662,-11.048005,-1.8766952,12.459231,1.1267142,-10.306412,-1.0421016,-7.1338735,16.239223,0.02296912,-0.00090759917,0.20856163,1.6393443,3.0,0.12777777,0.2214988,0.21,0.20512192,-21.153585,q,Ses01F_impro07,Ses01F_impro07_M013
25,34.37706,0.11561569,31.93753,34.46988,37.013256,5.0757256,85.23888,40.710827,66.69374,61.84104,0.6126107,1.1889215,0.1499103,0.3057204,0.9941921,0.8442818,10.253292,9.197374,6.594387,4.2819476,0.30695418,1.7417724,26.442896,0.40334105,-8.443459,-1.9445554,16.964495,0.64342314,-6.1683283,-1.4573766,0.023765143,1.3536398,1.0328723,0.5943487,6.870892,0.5084621,7.6536837,1.3849291,19.052116,0.50376844,670.8896,0.44373274,1383.8083,0.21593447,-106.93594,-0.8594269,1689.7612,0.1374493,1102.5273,0.30222082,-102.13834,-0.8687998,2682.1392,0.10240786,1095.5358,0.3434486,-104.64965,-0.8269439,-10.995717,-0.7463047,20.79824,0.4617522,0.03170355,0.95574224,-0.0075335097,-1.7647239,0.3984658,1.3307909,30.77027,0.28361392,-10.436173,-1.6115345,18.290451,0.71896076,-5.7139297,-1.7564409,-8.145009,17.226547,0.0052033174,0.0007048722,0.21069722,1.7175573,2.3121388,0.22166665,0.20763884,0.19083333,0.22009309,-21.794106,ans,Ses01F_impro07,Ses01F_impro07_F011
26,33.759724,0.17664558,28.467531,33.84798,37.77719,9.30966,179.85191,127.35827,91.078354,60.704887,0.8743292,1.1794482,0.22197814,0.47234225,1.0394442,0.8174661,13.934404,11.495944,7.377509,9.205088,0.47916377,1.760326,25.581387,0.3927535,-9.532578,-1.4895456,18.135162,0.73912776,-15.071158,-0.8097022,0.036451045,2.437207,1.2109951,0.643092,5.6307073,0.73112315,5.10721,2.4159002,19.516104,0.39343745,605.2508,0.41026837,1361.283,0.16779882,-85.486984,-1.0839556,1637.895,0.13053393,1029.7849,0.35599732,-81.45551,-1.0573533,2684.9333,0.08715488,1004.67224,0.3586416,-84.74546,-0.98574185,-11.344416,-0.6603616,20.521137,0.3923544,0.049255207,0.51286364,-0.013308395,-0.9478568,0.55415905,1.5749854,28.69491,0.32945684,-11.411237,-1.297494,17.513645,0.807987,-17.045885,-0.8133059,-8.355318,15.644185,0.019928783,-0.0024446936,0.3397562,1.3806707,2.5896413,0.2376923,0.32413563,0.14999999,0.14911862,-18.295237,s,Ses01F_impro07,Ses01F_impro07_M014
27,33.59947,0.16784103,28.782166,33.223614,37.532734,8.750568,165.27582,139.05234,79.37582,54.53407,0.8384891,1.1531556,0.24214797,0.4705956,1.0176853,0.7755373,11.97118,9.5458555,8.880289,7.7740817,0.4497338,1.7553755,26.068634,0.37882483,-9.109248,-1.5058687,17.545559,0.75264055,-15.883074,-0.7468887,0.034588665,2.4534578,1.2757328,0.6585277,5.633978,0.69694,4.5890093,2.5693042,19.456327,0.38080543,598.27814,0.407295,1359.2264,0.16550551,-87.44031,-1.0482603,1630.9553,0.13230678,1026.0779,0.33870938,-83.12963,-1.0292068,2684.9844,0.08884161,1015.0934,0.34683266,-86.69347,-0.95469046,-11.2429285,-0.63575685,20.792862,0.3703987,0.04711947,0.54319876,-0.013159295,-0.91899586,0.5169394,1.5941905,28.923359,0.31201425,-11.28912,-1.2583423,17.099535,0.7984543,-17.097353,-0.7864948,-8.857503,16.530272,0.025240628,-0.007103643,0.34143168,1.7035775,3.0927837,0.19444445,0.2889487,0.113529414,0.09492667,-18.82756,o,Ses01F_impro07,Ses01F_impro07_F012
28,36.563377,0.19180997,30.404125,34.926285,44.594894,14.190769,413.87454,773.081,65.520325,58.41445,0.747139,1.1726549,0.20862882,0.42657363,1.0969703,0.8883415,13.401815,10.729703,11.869941,10.009928,0.44487846,2.5287848,24.923334,0.44182703,-12.3381195,-1.1207855,14.626976,0.7971043,-11.989075,-1.0392879,0.021316873,1.1655396,1.2312685,0.54425913,5.9276533,0.6354052,4.987347,2.208631,18.654663,0.48438135,651.3651,0.41406542,1324.9485,0.21447116,-134.90817,-0.6570183,1635.6537,0.14839214,1045.6791,0.291905,-123.94655,-0.7213255,2681.9644,0.10263562,1062.2632,0.40991,-127.21896,-0.6737556,-8.699522,-0.88114804,18.58709,0.39635336,0.043395136,0.68714744,-0.012170054,-0.9587342,0.7000528,2.1376412,29.18791,0.36105815,-16.142775,-0.90142745,10.176809,1.2347655,-14.976859,-1.0308467,-6.7317047,14.957153,0.023544336,-0.0040856674,0.2770902,1.1385199,2.57388,0.14666666,0.13949645,0.25782606,0.31707844,-18.767134,s,Ses01F_impro07,Ses01F_impro07_M015
29,36.61052,0.17510396,32.770203,35.24239,44.318634,11.548431,110.61438,81.30703,59.368294,39.124348,0.6359222,0.90482855,0.21245043,0.40054128,1.0324509,0.82000047,10.120016,8.1011095,5.747704,5.1739745,0.26819065,1.335178,24.997128,0.41154003,-11.459814,-1.1826975,14.360332,0.763341,-13.640506,-0.93853354,0.024794333,1.9713454,1.1553473,0.5275899,6.493352,0.5678906,5.533604,1.955493,18.745527,0.49071828,628.9685,0.4036956,1373.4083,0.23537849,-124.43344,-0.7429263,1594.2896,0.14848939,1082.2794,0.2643614,-114.360855,-0.79725015,2626.126,0.10233017,1039.4315,0.4250927,-118.29378,-0.7352201,-9.631636,-0.5851555,19.594572,0.29520735,0.044931095,0.590787,-0.013108978,-0.8529126,0.4246258,1.0819881,30.336157,0.24380548,-14.980073,-0.9979143,9.014031,1.3211479,-17.838787,-0.82917035,-6.0907235,14.115044,0.021968104,-0.002378242,0.13981093,1.8080667,1.9607843,0.22357143,0.22562948,0.265,0.3314632,-23.873741,s,Ses01F_impro07,Ses01F_impro07_F013
30,32.32248,0.18215187,28.112717,32.8029,33.268368,5.155651,89.82093,70.93085,101.54654,96.1023,0.2456163,0.71737874,0.13512439,0.19052541,0.29739496,0.16227058,2.2761345,1.1592448,2.092548,2.284946,0.06886577,0.93487513,27.094912,0.4148661,-0.09891147,-109.1081,14.546376,0.74488837,-8.007734,-1.0327145,0.024400057,1.2063545,1.2228814,0.5322404,6.7815433,0.37006882,3.2300568,2.7101269,22.389975,0.37576938,641.9268,0.41036648,1366.7594,0.15358672,-121.143036,-0.72848827,1640.836,0.16047378,1134.4431,0.2434566,-119.48536,-0.71048266,2736.1736,0.09796251,1007.5166,0.29845816,-123.175995,-0.6568936,-16.585636,-0.393408,28.205597,0.24093041,0.008994046,2.23357,-0.008400378,-1.3263252,0.07698344,0.76082486,32.91622,0.25628063,1.6541466,7.500538,16.09271,0.74609643,-8.3665905,-1.1160643,-9.520819,19.402044,0.0036778129,-0.0010305643,0.06276046,1.3961606,2.640845,0.16266666,0.25383633,0.19466667,0.18614927,-36.47593,o,Ses01F_impro07,Ses01F_impro07_M016
31,33.63358,0.18652818,28.215698,33.535744,35.67015,7.4544525,81.05977,109.09464,98.5066,166.34853,0.41788167,0.7323749,0.17057301,0.2797149,0.712948,0.542375,6.99776,4.546667,4.46881,3.6862657,0.1473124,0.9197352,30.206848,0.27967507,-5.2844462,-2.519641,17.029245,0.89936113,-9.96232,-0.9648936,0.022048363,2.4335673,1.0810555,0.59855837,7.577053,0.46200633,3.4504032,2.8929482,22.20184,0.41600782,605.8833,0.35953707,1353.5433,0.1521688,-84.73879,-1.0901799,1646.2466,0.13281757,1008.7982,0.27120033,-88.50916,-0.9785369,2693.1528,0.096125916,984.2926,0.30445495,-92.74464,-0.89813566,-14.096898,-0.48406819,24.355017,0.28817722,0.028743772,0.87378263,-0.012168333,-1.0936728,0.16842501,0.85937434,33.502846,0.14446703,-7.3749638,-2.026847,15.683219,1.1635898,-10.346254,-0.96052825,-10.890342,18.845762,0.016310839,-0.008816589,0.11553588,1.8656718,2.1596246,0.2726087,0.38811943,0.17772728,0.22611204,-28.838268,o,Ses01F_impro07,Ses01F_impro07_F014
32,34.778954,0.1303245,32.142628,34.80442,35.6651,3.5224724,159.50923,160.76025,31.975006,14.355438,0.261385,0.59180886,0.16850102,0.21915174,0.28849915,0.11999813,1.259062,0.30163762,1.5205339,1.4415534,0.07495223,0.80990547,34.478943,0.16772464,1.848969,6.37366,17.19293,0.60925996,-5.9396296,-1.4896847,0.031232696,2.4472022,1.0553814,0.5490608,8.526298,0.32217813,4.0237374,2.4517603,25.243622,0.32735875,646.7362,0.27605787,1403.086,0.13031822,-55.09304,-1.3773293,1714.1777,0.10475983,1033.2942,0.23692162,-63.28334,-1.1060579,2794.7712,0.06964653,959.0389,0.31913248,-68.93149,-0.970859,-18.686342,-0.26922387,28.792444,0.19954677,0.01913419,1.1238064,-0.01308532,-0.81942,0.07070383,0.8394589,35.346855,0.12068899,1.9712733,5.53087,18.16578,0.57852185,-6.4178047,-1.3352784,-16.993093,25.176527,0.0078159105,-0.013103766,0.0760596,1.4044944,2.0,0.38,0.47428137,0.114999995,0.10062305,-33.619827,ag,Ses01F_impro07,Ses01F_impro07_M017
33,28.711689,0.091919996,26.228973,28.107292,31.123333,4.8943596,42.969917,35.929184,120.49707,206.72836,0.36819133,0.6051051,0.16255397,0.298537,0.5612482,0.39869422,4.1141505,1.9704299,2.6678061,1.7891718,0.13976076,0.78030723,26.753452,0.33395633,-2.7029545,-4.00191,21.780874,0.5069037,-10.000208,-1.0410049,0.017296426,0.98694134,1.3261715,0.5558493,4.2465982,0.5671914,-1.0638348,-8.465223,18.159351,0.4862801,485.65424,0.4411681,1200.8123,0.12016123,-130.6533,-0.7018842,1527.0759,0.13329431,879.7494,0.24584846,-133.29958,-0.64581877,2540.035,0.095579155,895.4323,0.3250445,-134.57744,-0.6273514,-11.908898,-0.3535167,20.776157,0.29332685,0.038991943,0.53570515,-0.01524601,-0.7730922,0.17566186,0.644613,31.439291,0.16875885,-9.160701,-1.0144036,25.241737,0.5356831,-14.730231,-0.7031608,-11.633193,19.140457,0.01796909,-0.0073188734,0.11919517,3.3542976,2.7718549,0.11923076,0.10915491,0.22153847,0.21266969,-31.495874,o,Ses01F_impro07,Ses01F_impro07_M018
34,38.405643,0.14688902,33.128914,36.399418,45.422024,12.29311,164.70338,77.47948,49.335136,16.76029,0.8336335,0.8351926,0.27816907,0.52393645,1.5221311,1.243962,11.923153,9.377957,10.852911,5.1883783,0.46693867,1.113366,20.17644,0.42078304,-12.006825,-0.9904528,17.344488,0.61366624,-14.938218,-0.8966435,0.030161854,1.1537185,1.3301266,0.5810676,5.440689,0.7557632,9.839723,0.942866,15.234761,0.66076946,619.8683,0.42503121,1297.2314,0.1532516,-145.61732,-0.58446443,1670.3053,0.13193545,918.3553,0.22327709,-133.55695,-0.6375164,2697.5105,0.08800334,970.61646,0.32096922,-134.4107,-0.62454325,-8.257098,-0.6546564,15.424483,0.41521695,0.06726261,0.40801588,-0.016219787,-0.66752344,0.88376623,0.6313842,21.85352,0.35288563,-17.457323,-0.78373694,15.685308,0.90903217,-22.352367,-0.63257974,-6.749557,13.667334,0.028315784,-0.0049024406,0.2495783,3.1358886,2.8368795,0.1175,0.09107003,0.19,0.215355,-20.492603,ag,Ses01F_impro07,Ses01F_impro07_F015
35,34.566555,0.15386683,30.528198,33.18605,38.406002,7.877804,160.97827,171.80858,64.81206,58.607693,0.46425,0.87711734,0.1674307,0.3283145,0.6779009,0.5104702,8.628001,7.7234025,5.493375,4.152788,0.20051531,1.377761,25.714857,0.3433106,-7.520284,-1.3565185,18.495941,0.55978894,-8.744925,-1.1795088,0.02607689,1.0353476,1.2102674,0.54317474,5.799952,0.5396934,4.8904595,1.9350113,16.558182,0.48925155,622.4458,0.4151652,1341.4553,0.18151067,-129.92813,-0.6846627,1671.5216,0.14254151,1016.69727,0.3541579,-125.52195,-0.68719167,2676.9731,0.09667378,1033.7375,0.35263646,-126.94434,-0.6669418,-11.141462,-0.51625,18.719591,0.40039966,0.04030162,0.628689,-0.0151937585,-0.9344464,0.2951811,1.0839452,29.676497,0.24631536,-10.318348,-1.1713023,19.69217,0.58551174,-9.580474,-1.235,-9.014403,16.929325,0.015159208,-0.0024963024,0.13740124,2.5133283,2.9074216,0.1305263,0.12519348,0.19837837,0.32890075,-26.557444,c,Ses01F_impro07,Ses01F_impro07_M019
36,33.887257,0.112477854,30.694263,32.94344,37.627533,6.9332695,40.330387,21.017298,41.687733,26.539558,0.47159284,0.8085124,0.18077427,0.35322833,0.6875477,0.5067734,7.506731,5.723449,5.240825,4.6102705,0.19236676,1.2217362,27.424978,0.30733252,-7.976681,-1.3024734,18.94749,0.58087945,-7.750031,-1.3382773,0.02460316,1.0658582,1.3063359,0.66919523,5.8799777,0.47416708,4.1352057,2.2482038,16.557629,0.4456335,610.3638,0.42578822,1311.4154,0.17605996,-113.521255,-0.81494373,1656.6913,0.13666154,1002.975,0.37117156,-110.36379,-0.7977147,2667.1047,0.098847784,1023.8142,0.3233487,-111.85671,-0.7741657,-10.870587,-0.5243503,18.443975,0.39979395,0.037005696,0.6569564,-0.01672374,-0.8323659,0.25075984,0.9407579,30.41258,0.22565746,-10.238086,-1.1837481,19.756617,0.5851187,-8.113324,-1.3802058,-9.406649,17.279446,0.014538326,-0.004366904,0.13918686,3.097345,3.0033371,0.15296295,0.13501206,0.16576923,0.16643716,-27.601593,ag,Ses01F_impro07,Ses01F_impro07_F016
37,28.346092,0.09466513,25.604351,28.145391,30.899536,5.295185,87.73561,136.53474,32.183285,27.437574,0.47545025,0.5727273,0.23125085,0.41479996,0.68121123,0.44996038,6.5227065,3.8942719,4.8102283,3.0025632,0.15892726,0.8030558,23.0954,0.55903625,-5.648142,-1.8145325,17.609852,0.7366337,-9.059792,-1.1892155,0.022047047,1.7733461,1.3448807,0.72377527,4.989525,0.630787,0.060465194,127.4864,20.025963,0.41142893,650.53546,0.39719856,1264.2604,0.16117851,-120.42809,-0.7697255,1692.1411,0.17247997,957.8685,0.31703264,-120.98085,-0.7307615,2733.9922,0.11674597,856.9855,0.29768708,-122.96697,-0.70032185,-12.018404,-0.45167062,20.488045,0.30545175,0.03003779,0.64524466,-0.014127175,-1.2137122,0.22576503,0.5247252,33.51787,0.22075915,-6.394925,-1.8602759,18.748625,0.8629745,-10.675468,-1.2870219,-4.752159,11.641926,0.006111873,0.0024902867,0.11015386,4.166667,2.294455,0.1775,0.1405421,0.21923076,0.31042057,-29.165997,q,Ses01M_impro07,Ses01M_impro07_M000
38,32.667255,0.01791966,32.212032,32.670567,33.273354,1.0613213,15.661791,4.291474,0.6646886,10.465966,0.32080084,0.5732049,0.15236288,0.2557015,0.53208035,0.37971747,1.3858114,0.9021183,1.8708093,0.4011038,0.08619463,0.70180196,24.657831,0.24476035,-7.1264143,-1.7881066,19.918867,0.47695088,-8.202185,-0.6404115,0.015905874,0.9881383,0.87077105,0.49531984,7.027988,0.45440128,6.403841,1.154799,17.817284,0.57177454,711.2759,0.26215807,1349.2162,0.112739176,-137.78293,-0.6051767,1707.5732,0.14853182,1133.8517,0.55671304,-138.86885,-0.5896125,2695.5168,0.1052437,1038.154,0.2432852,-140.70581,-0.56421715,-13.256033,-0.50661784,18.502434,0.31330764,0.015998267,0.9391929,-0.012186434,-0.90756935,0.11411351,0.45515645,29.65043,0.17046459,-2.802317,-5.2452874,28.219048,0.23812689,-7.521551,-0.557401,-7.558829,17.68138,-8.179003e-05,0.0052532195,0.07791446,1.0752689,3.409091,0.089999996,0.058878407,0.18333334,0.14079142,-34.34319,ans,Ses01M_impro07,Ses01M_impro07_F000
39,28.422848,0.12122534,25.216848,28.351143,31.345432,6.128584,173.87752,179.2583,23.196253,13.614402,0.48321304,0.7150033,0.21734026,0.38161713,0.7127288,0.49538854,7.3504977,5.4183435,4.71876,3.915218,0.18272805,0.99059385,25.97854,0.4637102,-4.589885,-2.6148,14.993585,0.91928214,-9.600319,-1.5380995,0.01887547,1.1024584,1.0859617,0.63445514,5.4553194,0.49971822,0.3939839,22.098017,21.20002,0.3978817,659.0105,0.41697633,1277.4048,0.19416384,-126.413086,-0.7286807,1685.783,0.17758258,945.02954,0.24617207,-126.42451,-0.697341,2729.1265,0.1216069,875.91626,0.2424146,-128.83098,-0.66174865,-12.200691,-0.46343398,21.264479,0.2734899,0.033584308,0.6706915,-0.018726695,-1.2125921,0.27143607,0.7191312,34.40788,0.23923066,-6.6148715,-1.9964486,15.684736,1.0816017,-12.477389,-1.4617552,-8.1842785,17.296343,0.002942524,-0.0009135994,0.1257018,3.2208588,2.1638331,0.17428571,0.1570584,0.24933332,0.21554479,-27.42935,s,Ses01M_impro07,Ses01M_impro07_M001
40,42.26566,0.16843551,37.32002,41.922745,47.40559,10.085571,228.71982,261.1625,86.81197,65.61732,1.6968914,0.73017734,0.4865297,1.5041578,2.737779,2.2512493,19.057703,10.80083,13.882497,10.397853,1.2529708,1.0173485,19.488775,0.54753584,-19.733957,-0.7296939,-2.05914,-6.641822,-29.964905,-0.571773,0.041152604,1.2043512,1.3818259,0.51897603,4.897739,0.8736843,6.416881,1.8397814,16.794395,0.6061547,803.7782,0.29323143,1222.7242,0.16258208,-100.56487,-0.9648511,1811.5663,0.15197267,1047.0612,0.26259467,-86.765724,-1.0322839,2835.452,0.08732126,850.04004,0.34769475,-90.1077,-0.96473265,-4.439546,-1.6111095,17.802525,0.3719462,0.04831378,0.5127156,-0.016220372,-1.2452801,1.7375612,0.7653674,21.449657,0.42180368,-24.362637,-0.50304407,-6.4026175,-1.9620979,-35.104588,-0.46424174,-3.6560855,14.245634,0.016089307,-0.006725507,0.57220995,2.5139666,2.9535866,0.19190475,0.19708878,0.15294118,0.19444534,-12.268132,q,Ses01M_impro07,Ses01M_impro07_F001
41,42.504845,0.15385485,37.61429,41.8822,47.37731,9.763023,248.72357,264.59686,85.01042,65.81718,2.176702,0.5173579,1.179275,1.990945,3.1230664,1.9437914,20.3659,9.946181,13.9897785,10.14341,1.6792697,0.75610006,20.450808,0.47193834,-23.291256,-0.5595877,-6.355752,-1.9541291,-35.452503,-0.45662212,0.040954646,1.2227762,1.3702466,0.52629066,5.094577,0.84108484,6.522221,1.8670713,16.963243,0.6170004,818.27747,0.27723438,1209.8485,0.15469141,-60.803783,-1.4408398,1829.5123,0.14598809,1046.1682,0.2722202,-53.15947,-1.3996165,2848.537,0.083241075,841.4887,0.35460225,-57.093067,-1.266748,-4.403891,-1.6809086,18.02882,0.37231752,0.04975975,0.487756,-0.0165656,-1.2419486,1.8458172,0.7162886,20.719276,0.42566603,-24.537382,-0.4953219,-6.8189535,-1.8787651,-36.322914,-0.4476159,-3.3846345,15.270383,0.03499259,-0.015046357,1.1810514,3.125,3.3530574,0.22058822,0.20802915,0.07076923,0.04681576,-10.84013,q,Ses01M_impro07,Ses01M_impro07_M002
42,34.916298,0.20834617,29.008217,34.29212,39.859097,10.85088,103.250496,90.543755,65.143425,81.21089,1.1605245,0.7404253,0.41497505,0.90995115,1.8585527,1.4435776,15.829704,7.9882364,13.830566,9.215158,0.7004004,1.115673,25.285158,0.4368149,-14.798803,-1.0410048,14.348995,1.1843647,-18.27895,-0.81845486,0.030730555,1.6280844,1.3183208,0.5714189,4.987771,0.69151986,3.3362167,3.2294347,15.933117,0.5040203,654.28827,0.42292672,1276.6813,0.21134113,-97.626945,-0.94990015,1669.0061,0.1672315,1052.8788,0.35849482,-88.302826,-0.9864407,2665.1458,0.10551554,910.42596,0.32475954,-91.05671,-0.92992514,-7.3326573,-0.776864,17.767796,0.34980854,0.044791356,0.5699678,-0.0145551115,-1.0495349,0.8955354,0.94765896,27.835022,0.34742406,-17.998198,-0.8612616,12.884912,1.4391235,-21.04943,-0.7418592,-5.7939525,15.022366,0.022505302,-0.0040600756,0.40501276,3.717472,3.8088126,0.14588235,0.12568521,0.10020408,0.107882954,-16.828167,s,Ses01M_impro07,Ses01M_impro07_M003
43,32.942772,0.09129525,31.687351,32.861523,35.643185,3.9558334,62.326843,60.306427,34.890854,19.988523,1.0271474,0.4151675,0.6081733,1.0131521,1.3097905,0.7016172,13.011222,5.0650387,7.924545,3.4989452,0.4873903,0.54304594,31.396763,0.2952829,-12.363076,-0.85063595,17.946203,0.93363106,-19.52242,-0.80035603,0.01985644,1.1841395,1.1990533,0.55519307,5.517072,0.50728667,2.3392453,4.2174115,18.93492,0.4444188,550.9438,0.4196556,1278.484,0.17361054,-53.937824,-1.4419552,1542.3861,0.1534167,1109.6439,0.47945172,-55.50865,-1.2685443,2559.517,0.09749251,843.44684,0.252563,-59.898014,-1.1360427,-9.594101,-0.4319563,20.179907,0.31198028,0.04554147,0.46991214,-0.012946824,-0.9971617,0.5476186,0.47068697,31.973274,0.26384053,-12.654736,-0.83136237,16.83536,0.9229839,-19.783468,-0.7999994,-9.29012,20.183733,0.034814287,-0.008056723,0.34824944,5.147059,4.6153846,0.15833333,0.12562068,0.057499997,0.022776084,-20.30601,b,Ses01M_impro07,Ses01M_impro07_F002
44,34.412582,0.11139888,31.953684,34.390865,35.87124,3.9175549,50.774834,11.569843,47.20418,23.837849,1.1472261,0.65260196,0.34274828,1.0838951,1.8692255,1.5264772,14.8716135,6.4413223,13.939504,8.619246,0.63805467,0.84848803,24.910917,0.38952988,-14.241486,-0.99972546,14.796068,1.0691861,-20.782806,-0.5985855,0.05177235,1.6763076,1.5218344,0.48486885,3.7979147,0.90228885,-0.38600883,-27.494514,12.247666,0.51072955,550.671,0.39594316,1289.5205,0.16229619,-102.69709,-0.9444286,1562.4187,0.15748556,1145.1769,0.42892107,-90.74107,-1.0121298,2578.4878,0.08212902,882.6423,0.3042109,-94.100464,-0.942781,-5.5874996,-1.0973148,16.919474,0.36651242,0.043306436,0.4754077,-0.017264511,-0.6771449,0.8356033,0.52070236,27.386137,0.29130164,-17.44453,-0.76574314,12.523114,1.4276919,-25.295673,-0.5074012,-5.9287477,14.927458,0.02155107,-0.0074554654,0.3932636,3.649635,2.9850748,0.17999999,0.18466184,0.13499999,0.19267848,-18.2904,s,Ses01M_impro07,Ses01M_impro07_F003
45,42.638454,0.20159362,37.336205,42.348312,45.529655,8.193451,136.67117,88.75161,71.35683,53.995243,1.8398341,0.584886,0.7102291,1.8470359,2.7679656,2.0577364,16.909018,10.0616455,17.471571,10.56416,1.3165067,0.8574912,21.478407,0.46340123,-24.11984,-0.6308138,5.6826324,3.140996,-17.760698,-0.81158364,0.033072263,1.3335056,1.0760398,0.5446599,6.373822,0.65172744,8.731491,1.1436987,15.478415,0.589436,839.39526,0.3114696,1246.6124,0.32881486,-101.21824,-0.90592754,1819.4905,0.13524453,1065.2639,0.25072196,-81.69305,-1.0436198,2809.8813,0.09270491,876.9397,0.2535483,-84.378784,-0.9773696,-4.5518928,-1.146092,15.979121,0.3833461,0.04964697,0.59263164,-0.009574034,-1.4968013,1.7329499,0.6793808,21.206472,0.46621305,-27.763561,-0.55069387,1.2193712,14.167405,-20.639828,-0.735584,-3.4956274,13.93819,0.033999395,-0.0017126801,0.6347308,3.9855072,4.444444,0.13166666,0.10366881,0.088,0.094318606,-12.447909,a,Ses01M_impro07,Ses01M_impro07_F004
46,44.575092,0.18816963,37.20423,45.642685,52.166756,14.962524,468.50842,656.18164,60.18603,44.85562,1.104694,0.5512214,0.5926499,1.0128644,1.4947786,0.90212876,12.816026,6.4815893,9.786853,7.8456254,0.68812513,0.94523525,19.090788,0.53517056,-20.03312,-0.7996062,5.132114,3.1414673,-20.02157,-0.76457405,0.03237305,1.195361,1.5246863,0.4971199,6.6148834,0.6145929,10.994927,1.2529614,13.867133,0.7661969,819.5788,0.2953589,1291.7241,0.18799052,-89.907074,-1.0463371,1787.5549,0.12631333,1007.0297,0.24472953,-76.4406,-1.1181362,2793.7517,0.08153025,929.0159,0.48688525,-78.671616,-1.0638599,-4.4360504,-2.2254925,16.562958,0.43390086,0.049135208,0.6465285,-0.0077447323,-2.270842,0.8697978,0.81956047,19.953411,0.48273593,-24.660826,-0.6519189,2.1087456,7.999869,-24.174213,-0.59616,-3.2790341,12.188146,0.026653247,-0.0039126994,0.35906872,3.6723163,4.0114613,0.15214285,0.14789854,0.103999995,0.06755738,-18.255053,q,Ses01M_impro07,Ses01M_impro07_F005
47,40.41816,0.1930331,31.70177,41.277264,46.749306,15.047535,452.68698,597.2727,76.06321,47.21586,1.0041698,0.45122212,0.5650628,0.982256,1.4340353,0.8689725,11.024169,6.3913116,8.721167,7.08598,0.5605544,0.7667385,23.611956,0.40764457,-17.518839,-0.7991869,6.433558,2.2344546,-25.436312,-0.6558163,0.026475871,1.0534357,1.3299904,0.59800065,5.8716564,0.73209035,6.4105306,1.8621148,10.950255,0.8855764,749.49164,0.32605243,1301.8771,0.18165195,-97.434586,-0.9312508,1745.0485,0.15075962,1017.7737,0.25135013,-85.33611,-0.9876197,2736.7715,0.09082118,914.03375,0.4379383,-86.79893,-0.95673406,-7.7395124,-0.9846833,17.104143,0.39096874,0.05202257,0.47946858,-0.016441537,-1.2826978,0.68502516,0.65222996,25.094355,0.33240703,-20.532988,-0.64781654,5.958019,2.5239868,-28.740065,-0.578068,-5.453972,14.460234,0.026924498,-0.010385974,0.359853,4.1131105,4.699739,0.12055555,0.096578814,0.105,0.09059985,-20.252495,ag,Ses01M_impro07,Ses01M_impro07_M004
48,36.85501,0.12323204,33.196346,36.636017,40.738586,7.54224,218.76198,233.48116,48.02417,41.71266,0.8795121,0.66464806,0.33160102,0.7771762,1.4467242,1.1151232,9.00597,4.847508,7.983172,4.1536407,0.4378689,0.9818578,26.496994,0.3327191,-15.37687,-0.8768364,13.278605,1.0767485,-15.857773,-0.89921325,0.019378634,1.1364726,1.1016514,0.48537403,6.39193,0.58751047,6.0140786,1.8772953,17.073854,0.63272375,751.46545,0.35094175,1266.5797,0.1507735,-117.74136,-0.7762776,1748.9412,0.15777415,1073.7322,0.21465643,-106.92274,-0.8403856,2745.848,0.09963388,1046.8423,0.39659736,-110.05085,-0.78621507,-7.5955815,-0.8627786,19.543665,0.33805755,0.03921793,0.57090235,-0.008536898,-1.8262595,0.59492797,0.6882563,29.835073,0.2560871,-19.377274,-0.74439424,9.902048,1.6936979,-18.231485,-0.8603179,-6.8765035,15.640543,0.01681629,-0.0043681837,0.29458582,2.5586355,2.8017242,0.16846153,0.1911844,0.16692308,0.21341129,-20.794815,q,Ses01M_impro07,Ses01M_impro07_F006
49,35.44477,0.1795672,29.186554,34.80467,40.72193,11.5353775,76.36014,46.260983,70.39931,55.880474,0.8966735,0.6756238,0.38059935,0.76884156,1.3476136,0.9670142,10.934539,6.388597,7.489984,5.7720213,0.46683687,1.0623605,26.783346,0.3640532,-13.776379,-1.0470498,15.056345,1.0492439,-16.991602,-0.817118,0.023027558,1.6174121,1.2581629,0.5411494,5.890259,0.5073264,5.034031,2.2112656,18.2854,0.4700979,739.84503,0.37275255,1252.4949,0.16549012,-98.82711,-0.9379844,1757.5895,0.14899623,1014.5655,0.22943182,-92.20369,-0.94847393,2753.5166,0.09796732,964.26984,0.35087258,-94.88748,-0.8961755,-8.506688,-0.5659488,18.726484,0.34642118,0.045334127,0.4837023,-0.011888615,-1.3147668,0.574929,0.87585557,29.4965,0.29333502,-16.465508,-0.9163827,13.977454,1.3382732,-18.376717,-0.7910045,-7.1304708,15.65127,0.020234957,-0.0064911083,0.32512257,2.9504743,3.3898306,0.1609375,0.16063078,0.117419355,0.16558728,-20.25053,ans,Ses01M_impro07,Ses01M_impro07_M005
50,39.96692,0.18276215,33.229465,38.885815,45.389885,12.160419,147.6085,73.628395,87.58201,41.448338,0.87804204,0.79933965,0.20249355,0.75537467,1.3317454,1.1292518,8.290123,4.4704247,7.169154,4.9865117,0.5074371,1.2349275,26.153034,0.26863506,-18.323748,-0.80026037,12.12144,1.2210697,-18.510756,-0.754017,0.03736552,1.6337128,1.4017214,0.432821,5.228691,0.59111804,8.243108,1.1934191,17.560846,0.49319977,785.7796,0.35045326,1296.1635,0.2118546,-128.29349,-0.70039964,1783.0854,0.14929529,1082.1606,0.2161206,-114.631226,-0.77961886,2733.525,0.09526747,998.2568,0.3215721,-116.33175,-0.749489,-6.04195,-0.84063464,16.289928,0.3465664,0.049986895,0.39893317,-0.009483181,-1.8009673,0.74707913,0.9661624,26.073517,0.31211624,-25.333786,-0.63996905,8.435182,2.2395108,-22.472567,-0.6310421,-7.8167977,16.732399,0.020869834,-0.0064949184,0.32021013,2.4271846,3.4398036,0.12214286,0.116507426,0.14714286,0.19648439,-19.814835,q,Ses01M_impro07,Ses01M_impro07_F007
51,35.402092,0.21292539,28.171455,34.76825,39.709614,11.538158,961.3082,1093.3188,91.96934,73.2813,0.4831643,0.5950136,0.16168264,0.47732657,0.72110045,0.55941784,5.1257935,3.6543524,3.711225,1.9074309,0.20427024,0.8858856,28.634762,0.3028229,-8.334581,-1.0747854,11.821453,0.91246027,-16.66978,-0.6161891,0.036843307,1.2558686,1.432418,0.59852725,5.906115,0.48024064,3.4789002,2.4960432,18.28615,0.52001756,639.41675,0.38724405,1359.9495,0.20507017,-136.9393,-0.6317145,1630.7534,0.16598488,1036.6165,0.32977244,-130.55585,-0.6460815,2694.3235,0.10296093,897.8953,0.349601,-133.55635,-0.60422975,-11.507781,-0.47373316,23.250172,0.2967754,0.028182924,0.5786553,-0.016677752,-0.67898893,0.25510654,0.57681686,33.68858,0.21133292,-9.908801,-0.9650193,10.174624,1.2398734,-19.066595,-0.57569313,-9.038621,18.787088,0.0109394835,-0.006407586,0.17652899,3.15534,3.1941035,0.109230764,0.10985736,0.21363635,0.17285164,-28.070501,ans,Ses01M_impro07,Ses01M_impro07_M006
52,35.370678,0.23791908,27.002419,34.713337,38.176384,11.173965,1138.8721,975.0396,122.83903,93.83404,0.59863555,0.43455583,0.3875435,0.5668862,0.7678734,0.3803299,5.2296176,3.962516,3.8074865,1.9561703,0.25183764,0.7028996,27.981077,0.3297752,-9.381659,-1.128447,12.206119,0.96264535,-19.304857,-0.49633318,0.024068529,0.94050014,1.3568307,0.61529064,5.696597,0.48745722,3.7501128,2.250722,15.138776,0.5281591,634.16833,0.39370492,1350.6353,0.21758355,-122.19133,-0.7312489,1611.4418,0.15420748,981.532,0.17426479,-116.84722,-0.72631574,2668.2844,0.0981723,809.93164,0.28776795,-119.97181,-0.68124795,-10.381346,-0.48688748,21.176367,0.21832512,0.030376282,0.50846136,-0.016618755,-0.6827002,0.2625445,0.6508007,31.172272,0.22197555,-11.309804,-0.8586253,12.931696,0.923052,-20.085169,-0.5912065,-9.172358,19.158531,0.021234524,-0.009798623,0.2535677,3.6734693,5.0000005,0.08,0.063508525,0.13,0.06960204,-26.987532,o,Ses01M_impro07,Ses01M_impro07_F008
53,40.470146,0.16714121,35.24307,40.80476,45.82201,10.578941,170.64494,189.94106,57.870968,62.599117,0.9266463,0.613622,0.4622106,0.8209171,1.373889,0.9116784,8.669877,5.3040485,4.309904,3.737611,0.50784135,0.964322,24.35977,0.35012254,-16.91495,-0.85664916,12.715299,1.1853883,-23.133638,-0.66967237,0.023722742,0.9231034,1.26866,0.47920018,6.608284,0.45390248,5.375868,1.9278696,15.439982,0.5785708,846.4636,0.2507518,1329.1355,0.19393694,-107.45423,-0.8524562,1806.8994,0.116376884,998.1177,0.29306114,-100.767334,-0.8614854,2840.843,0.08784119,920.9514,0.31590313,-102.81256,-0.824619,-9.142235,-0.7313565,18.342695,0.4983091,0.04439862,0.6201606,-0.01613144,-1.0064223,0.59357405,0.8667371,26.99385,0.29969677,-19.808392,-0.7342941,10.92827,1.432429,-24.921785,-0.5953086,-7.2376637,14.819057,0.03380379,-0.0114505915,0.3769015,2.811245,3.6734693,0.13722222,0.10332288,0.128125,0.10321208,-20.75858,a,Ses01M_impro07,Ses01M_impro07_F009
54,37.811974,0.24324621,31.034721,36.07967,45.75547,14.720749,338.67874,186.19337,25.386438,13.887227,1.0394254,0.41601968,0.62316287,1.0564234,1.3429804,0.7198175,6.216166,2.2941952,1.2068088,2.994602,0.559902,0.70885676,23.623562,0.45312756,-15.499454,-0.8492238,17.480812,0.7637339,-31.556665,-0.3666004,0.030852294,0.93646675,1.2173003,0.4077813,6.0159855,0.41237754,6.138163,1.8625162,16.808655,0.5057441,849.90826,0.31586954,1312.1635,0.19010358,-94.04955,-0.99951375,1856.7325,0.1325749,946.12726,0.25641832,-87.35152,-0.97161925,2904.164,0.10546997,968.8764,0.33782858,-88.3484,-0.94459933,-10.598956,-0.43242985,18.667803,0.36909088,0.05669495,0.35028166,-0.029163864,-0.55348706,0.6911508,0.6090756,28.548555,0.2983312,-17.437912,-0.72546816,15.176441,1.0441005,-30.058617,-0.4096685,-5.8241506,11.177575,0.051536866,-0.022498982,0.37999555,2.994012,4.3209877,0.13142857,0.1234537,0.111999996,0.122376464,-20.175663,g,Ses01M_impro07,Ses01M_impro07_M007
55,33.957844,0.19743396,27.504326,33.4576,39.505257,12.000931,98.84552,123.34083,48.23173,67.68976,0.8933906,0.65899795,0.38453504,0.833323,1.2949215,0.91038644,10.817948,6.2692375,9.040888,3.583856,0.4914276,0.9892071,27.010433,0.34914613,-10.035362,-1.4029953,14.728525,1.1799953,-18.178679,-0.7944481,0.022027243,0.7982638,1.2356184,0.5907081,5.7031875,0.49791837,5.6664653,1.8885639,20.04483,0.41184688,619.7566,0.4264251,1351.7382,0.21878432,-92.43366,-1.0000058,1625.9839,0.16993366,1038.2897,0.2899258,-86.02203,-0.999697,2675.2712,0.0999804,923.06757,0.3859138,-89.16373,-0.9366619,-10.644489,-0.47796527,20.0571,0.31448746,0.048720557,0.44527936,-0.01636605,-0.77171016,0.60205936,0.77721006,29.144012,0.2923236,-11.173699,-1.1860647,14.637044,1.3765699,-21.480019,-0.71150005,-8.286795,17.027655,0.019736037,-0.004994396,0.32846144,4.3659043,2.9411767,0.19928572,0.14713766,0.1375,0.16838077,-20.309479,o,Ses01M_impro07,Ses01M_impro07_M008
56,29.355957,0.11055192,26.260958,28.99522,32.668343,6.407385,110.97874,73.93197,22.28509,4.5152693,0.76501906,0.36802623,0.46542263,0.72522676,1.0408738,0.57545114,7.6346707,3.2726214,9.037015,2.3438323,0.34012705,0.5013008,31.592415,0.27772877,-9.569724,-1.1362501,20.931267,0.6808364,-12.107132,-0.9235884,0.019043503,0.8258623,1.3117816,0.5917648,4.759364,0.45695886,-1.2654202,-6.3555493,17.146677,0.34494436,611.42377,0.43233767,1359.7715,0.27927867,-52.363712,-1.4754572,1668.5299,0.18157585,1029.4178,0.2738989,-53.897366,-1.3087904,2658.0764,0.10909212,1008.91455,0.44591486,-57.754204,-1.183309,-11.19282,-0.42503938,20.114445,0.30154744,0.042012393,0.395794,-0.016792623,-0.82033026,0.38570237,0.43466744,33.323544,0.20094569,-11.565428,-0.9586318,20.20147,0.7732821,-14.386609,-0.78552896,-9.328631,16.101902,0.017327538,-0.002221606,0.21359773,7.042254,4.4117646,0.16666666,0.13008545,0.057499997,0.0258602,-24.008505,b,Ses01M_impro07,Ses01M_impro07_F010
57,36.04898,0.1411666,32.756557,33.911903,42.60683,9.850273,183.09573,150.55211,44.77676,32.75576,0.33571944,0.7366277,0.1341099,0.23077512,0.5966746,0.4625647,2.141377,1.3310188,2.128164,2.736824,0.10423184,1.0769928,25.515884,0.4538062,-3.0398862,-3.601627,11.500785,0.80823565,-13.261232,-0.8886377,0.023237983,1.4275978,1.232018,0.74509114,7.365107,0.38570684,7.040492,0.9153324,23.57704,0.2790628,751.05347,0.2680029,1376.3597,0.16864252,-138.00914,-0.6409529,1777.5585,0.12828572,1056.4652,0.27716282,-136.25334,-0.6302828,2809.0159,0.08384649,944.18353,0.33498096,-139.03644,-0.5909704,-12.656118,-0.4814745,21.892292,0.31280348,0.032658327,0.7337511,-0.011931983,-0.6463775,0.16275747,0.68563175,31.122526,0.25690556,-9.402785,-1.403249,9.3646345,1.214258,-19.827305,-0.73437107,-9.899124,19.88588,0.0020756694,-0.0012166583,0.071762554,1.3445379,1.7006804,0.196,0.20543613,0.4122222,0.5667015,-32.223248,o,Ses01M_impro07,Ses01M_impro07_F011
58,33.038025,0.050641604,32.538803,32.892365,33.066685,0.5278816,98.044,47.489315,25.657806,46.528763,0.43085995,0.6464167,0.1724627,0.38299865,0.65045553,0.47799283,3.152027,1.0080788,3.2268538,3.4661078,0.14215891,1.1250585,25.544638,0.5250082,-3.2367318,-3.7225792,11.319656,0.56930083,-13.322034,-0.4916812,0.016213484,1.8961804,1.1372473,1.0871822,7.7058215,0.29081148,5.953644,0.89068323,23.68498,0.27950755,710.7999,0.254665,1390.237,0.14156929,-125.18295,-0.731189,1684.3558,0.10770776,1054.2551,0.16525814,-123.589226,-0.7159393,2777.392,0.07612205,890.8204,0.265162,-128.09448,-0.65027565,-10.089382,-0.46014935,20.63741,0.2794843,0.025983289,0.661621,-0.012749036,-0.532816,0.1918928,0.75867516,35.66161,0.20204878,-12.534911,-1.0203242,11.445967,0.65994585,-16.591148,-0.43660393,-9.203519,17.169655,0.011816446,-0.0048186434,0.114194244,1.5306123,2.6178012,0.148,0.16951697,0.265,0.32190838,-29.398733,q,Ses01M_impro07,Ses01M_impro07_M009
59,30.705397,0.22364402,24.252724,30.165445,35.017357,10.764633,104.77929,99.407265,41.33174,36.3315,0.49509567,0.66995734,0.23745464,0.40856338,0.7086349,0.47118026,6.3805766,3.7348459,3.2644205,2.1432223,0.1823766,1.0174141,28.607481,0.3557628,-6.1787977,-1.9154465,14.487094,0.967529,-12.487462,-1.1255761,0.024333268,1.8723508,1.1764199,0.6306847,5.409492,0.6508038,4.4449363,1.9432089,23.112085,0.35616854,684.7254,0.3931709,1276.5646,0.18103912,-90.87345,-1.0259372,1693.8542,0.17054708,1026.8835,0.32175648,-93.249596,-0.94555014,2745.214,0.108718276,920.2907,0.32201388,-97.4529,-0.8690524,-11.533259,-0.47786698,22.211569,0.28001887,0.029929271,0.8350527,-0.008741369,-1.6485254,0.22381349,0.920856,32.241516,0.22989568,-7.491328,-1.6446755,14.016282,1.1484739,-12.569592,-1.219791,-8.150554,17.677404,0.008368893,-0.0020019545,0.12597494,2.3218575,2.6548674,0.20757575,0.17157081,0.16366667,0.15617262,-27.662659,o,Ses01M_impro07,Ses01M_impro07_M010
60,29.392998,0.15847836,25.69289,30.126,34.49777,8.804878,91.868965,116.750305,24.459677,3.3922381,0.38021702,0.6139208,0.18993218,0.3129621,0.55153584,0.36160368,4.608446,2.9034588,2.8271844,1.7901294,0.12401978,0.798664,25.917816,0.44239476,-2.8240354,-3.709329,18.12091,0.755531,-14.30009,-0.7728407,0.021321023,0.84855294,1.1945906,0.6089272,5.752646,0.482346,5.7555594,1.7053845,22.042805,0.2982927,648.90814,0.37426704,1367.4387,0.22927554,-137.95392,-0.6209101,1672.0784,0.14027442,963.6514,0.33027562,-139.48386,-0.581529,2703.9075,0.09674783,867.0662,0.19904199,-140.48329,-0.5690561,-13.859799,-0.3675082,22.266344,0.2873701,0.02062863,0.92638505,-0.005805489,-1.6842788,0.15562415,0.6061172,30.028795,0.20534371,-1.9733174,-5.1040664,28.136395,0.4863316,-7.528064,-1.146112,-7.518437,18.014675,0.007804074,-0.0016005469,0.10818016,2.7027028,2.7624311,0.113,0.08234684,0.2511111,0.20403944,-31.712288,s,Ses01M_impro07,Ses01M_impro07_F012
61,27.715694,0.12901594,23.912964,29.119347,31.417149,7.5041847,51.120285,41.469788,66.60213,110.33106,0.4091316,0.54004925,0.23959646,0.36456966,0.53459555,0.2949991,5.0985885,2.555057,3.039291,1.5858289,0.12880813,0.90423334,29.73798,0.30406854,-5.7369003,-1.3891163,15.178916,0.8201578,-6.058032,-1.5737177,0.013107548,0.8583439,1.0938804,0.5089301,4.7176533,0.4087929,2.967146,2.783297,21.61958,0.33614382,575.2486,0.42196983,1390.2538,0.23923774,-74.85055,-1.2080022,1557.5056,0.13790093,1062.7236,0.20318048,-76.91497,-1.1221732,2618.3538,0.1042584,982.7269,0.29385728,-82.53048,-0.9977769,-10.838665,-0.33968896,21.69537,0.22626607,0.024970854,0.80656415,-0.007008179,-1.7917215,0.14596702,0.87076664,33.82673,0.1857465,-7.004311,-1.1431798,13.84339,0.94361264,-6.3552184,-1.656229,-8.415662,17.132986,0.0030697007,-0.0033880554,0.09605777,2.95858,2.4024024,0.2625,0.1676119,0.13374999,0.094596185,-30.705568,q,Ses01M_impro07,Ses01M_impro07_F013
62,34.581585,0.20508747,28.209282,32.68161,40.27232,12.063038,294.1998,474.8614,73.38905,69.10005,0.5875659,0.8130736,0.20967297,0.4430276,0.8411445,0.6314715,12.320002,11.616229,6.9181385,5.8779573,0.27350923,1.3851978,25.914412,0.3356676,-9.308423,-1.3639771,12.411824,1.020082,-12.122894,-1.1289294,0.032532033,1.6429408,1.444356,0.5289628,5.1166744,0.7236237,2.918928,3.1271145,18.949068,0.4828196,782.35645,0.32606375,1270.8301,0.20010866,-130.04803,-0.68149453,1790.2662,0.1513058,1079.4098,0.31027427,-126.23841,-0.6827139,2811.2307,0.09850797,895.99194,0.2917091,-128.81192,-0.6464611,-9.444769,-0.7154837,20.986889,0.31063825,0.035583217,0.7785328,-0.01118433,-1.5911574,0.38183266,1.1771204,29.419329,0.26282284,-12.711976,-1.1802282,9.696789,1.5033352,-16.981838,-0.97201705,-8.094607,16.872038,0.01427335,-0.002494269,0.20402068,1.9555556,3.3035715,0.111081086,0.117284216,0.18085714,0.1791467,-24.21636,s,Ses01M_impro07,Ses01M_impro07_F014
63,32.64436,0.18016054,27.018768,31.527525,37.45972,10.440952,114.364075,132.86763,98.7921,96.782295,0.97273445,0.5856796,0.48843068,0.8333641,1.4742913,0.98586065,17.006027,13.674592,8.594611,6.294757,0.5599061,0.9870596,27.03452,0.35069183,-13.582715,-1.004868,6.624007,1.8024353,-18.721361,-0.785955,0.035291784,1.5358844,1.5407104,0.5469696,4.494673,0.59128386,1.4581262,7.5005407,17.087885,0.49576873,805.3386,0.30915728,1228.9247,0.15047784,-117.83447,-0.7779079,1827.3997,0.15122785,997.9739,0.2237523,-112.77131,-0.7783426,2860.167,0.099681854,818.2549,0.32853258,-115.39166,-0.7395457,-9.124079,-0.66010916,20.374363,0.20532815,0.04416516,0.45768407,-0.018117078,-1.1231536,0.6424944,0.9243434,31.17798,0.19288804,-15.314321,-0.87838465,7.074506,1.7599616,-22.384771,-0.7321769,-5.58794,15.947822,0.027457878,-0.0090307165,0.5047332,4.166667,4.5751634,0.09071428,0.06099933,0.115384616,0.0758151,-19.748245,s,Ses01M_impro07,Ses01M_impro07_M011
64,33.82292,0.22390845,26.5696,30.778854,43.340157,16.770557,59.200844,41.14454,243.38628,201.75453,0.4538124,0.6094313,0.17782246,0.40869522,0.6357337,0.45791125,4.20927,2.1419396,3.3585887,2.7531521,0.17987566,0.9874069,27.978884,0.36903685,-9.257929,-1.1745569,14.834319,0.73779494,-13.069562,-0.8133649,0.025974534,0.9424954,1.2337387,0.49797812,5.028802,0.59692913,1.2364522,6.7560697,15.096794,0.8278516,698.4771,0.36845514,1314.4062,0.187917,-125.15812,-0.71500087,1708.4557,0.15844758,977.42365,0.19996327,-120.415825,-0.71543723,2772.634,0.091190666,950.7854,0.30279514,-122.88737,-0.68169564,-9.661936,-0.54120207,20.125631,0.43385825,0.034951232,0.47587946,-0.012413288,-1.1332853,0.28828505,0.7586166,31.11398,0.31432876,-10.988491,-1.0613967,15.318186,0.873885,-19.008081,-0.61293226,-7.3995614,17.781582,0.006632467,-0.00032268133,0.100984015,3.3333333,3.4013608,0.118,0.07896834,0.154,0.17089178,-28.504963,s,Ses01M_impro07,Ses01M_impro07_M012
65,33.834095,0.20099963,27.739786,33.07407,42.719822,14.980036,51.034336,24.938265,90.52686,117.60675,0.5548977,0.7121457,0.21137989,0.42940038,0.8231678,0.6117879,5.818884,2.6417027,4.3532014,2.5351224,0.22847213,0.95360523,30.340551,0.2900061,-12.079487,-1.0456159,17.73229,0.70260805,-12.593152,-0.93512243,0.02082038,0.7631501,1.3048748,0.49127114,4.987682,0.66864336,2.0069659,4.388254,13.248661,0.7913227,707.77094,0.36599866,1310.3158,0.17430755,-99.780624,-0.9151207,1711.0348,0.14919491,1017.76227,0.3084379,-97.552216,-0.89297694,2703.3257,0.09702897,930.86316,0.3751602,-99.933044,-0.8550959,-9.190895,-0.6079833,19.119083,0.4044926,0.0369087,0.5363743,-0.009957314,-1.4488784,0.3254076,0.77242315,31.62993,0.24483958,-16.545115,-0.78018415,18.633366,0.70213926,-16.448183,-0.79694945,-9.405604,20.251009,0.009285445,-0.001201514,0.114003524,2.5125628,3.8167942,0.13466667,0.11786243,0.106,0.11545851,-26.038774,o,Ses01M_impro07,Ses01M_impro07_F015
66,28.70196,0.19705914,23.937515,27.132116,32.94822,9.010704,147.87973,122.10996,121.1755,158.77614,0.41486996,0.7518038,0.18140897,0.30729935,0.5865046,0.4050956,5.1434336,3.229741,3.46592,2.2984328,0.1528845,1.0989282,27.387154,0.42155412,-5.6845274,-2.310507,14.608334,0.76952165,-10.397973,-1.160401,0.029899104,1.2981532,1.3222948,0.6087661,4.147126,0.51743627,3.787124,2.4891534,19.855238,0.46709222,598.51697,0.40884668,1333.6958,0.16387717,-126.81493,-0.7069928,1601.0381,0.16217731,1039.8678,0.26414275,-125.195435,-0.69308376,2637.0103,0.10634014,944.8323,0.33239356,-127.92985,-0.65408874,-11.299039,-0.44550318,22.03488,0.30496892,0.026255807,0.95594454,-0.011570811,-1.1114007,0.21760705,0.95329547,33.644093,0.22517133,-9.908539,-1.4215559,14.540687,0.89308226,-12.067001,-1.2257521,-9.380481,18.776686,0.005929317,-0.0027804764,0.11074982,3.1678083,3.5283992,0.10390243,0.101257406,0.16375,0.2569016,-29.312773,s,Ses01M_impro07,Ses01M_impro07_M013
67,29.504393,0.20055692,24.549252,29.29103,32.054276,7.505024,149.0291,140.872,141.91098,202.3979,0.38329563,0.6229893,0.18385525,0.3105286,0.556464,0.37260878,4.8946924,1.6371266,3.417447,2.2837029,0.12946293,0.94733757,24.246058,0.5114855,-5.1362834,-2.5275612,12.477463,0.7890954,-10.804154,-1.0075305,0.033102762,1.371655,1.3903345,0.61165017,3.9594462,0.5729833,3.037911,3.2877083,19.397085,0.455911,591.36237,0.41046244,1352.8696,0.17133825,-145.04616,-0.56893575,1563.1703,0.1522713,1100.5454,0.31817096,-142.56036,-0.56971407,2631.218,0.098248765,922.5396,0.3310458,-145.15675,-0.53421587,-11.1177435,-0.40033042,22.988274,0.24770541,0.02480056,0.92397875,-0.0102908695,-1.2605814,0.16904578,0.6382833,31.875347,0.2734212,-7.8401814,-1.7601632,11.545889,1.0342444,-13.003574,-1.1067082,-7.9092207,17.323044,0.007302,-0.0022232279,0.11163914,4.1733546,3.5714288,0.07636363,0.06306889,0.18363635,0.33057177,-32.14292,q,Ses01M_impro07,Ses01M_impro07_F016
68,31.24946,0.17315643,25.431026,32.146557,34.992584,9.561558,171.68303,233.6623,45.097076,48.296947,0.34704027,0.6586691,0.15504047,0.26807123,0.51287746,0.357837,4.0017014,2.6205642,2.5975876,1.6513273,0.10835985,0.7879752,28.947521,0.27585137,-6.3016195,-1.9910386,14.299419,0.88804877,-10.066726,-0.89354664,0.019931084,1.0354528,1.2166132,0.5718116,5.082955,0.38195693,4.85477,1.4372715,21.427185,0.34386322,592.7568,0.40936434,1376.4254,0.14254448,-114.41803,-0.8241461,1569.551,0.1502928,1065.1823,0.20211871,-111.105385,-0.8190519,2627.1777,0.09891518,942.6736,0.28123066,-115.37619,-0.7504639,-10.216846,-0.53077,21.820732,0.29541788,0.022016454,0.8628024,-0.008849031,-1.1630154,0.14812896,0.5573469,33.2938,0.18156782,-10.46967,-1.3314794,13.470841,1.1072031,-12.000941,-0.77196616,-10.768291,20.12629,0.0043583363,-0.0017270759,0.07282506,2.435724,2.319236,0.19529411,0.1972194,0.22999999,0.21757182,-33.02733,q,Ses01M_impro07,Ses01M_impro07_F017
69,27.395823,0.18960404,24.086899,26.245596,28.15637,4.0694714,147.53299,128.65182,25.285444,17.968801,0.40786138,0.5609344,0.19824228,0.39485964,0.5595127,0.3612704,4.137422,2.0607438,3.6732714,2.1991744,0.13538681,0.6868613,28.156948,0.33816856,-4.0096154,-2.861102,23.836168,0.6208645,-12.570672,-0.92140394,0.015650827,0.94894964,1.1757406,0.7429504,4.805737,0.51375604,5.318125,1.3839884,20.969496,0.33838117,581.5741,0.42084792,1359.7399,0.17069593,-102.16184,-0.9266918,1625.4581,0.15042669,1013.67914,0.26143342,-104.84606,-0.8449678,2627.5388,0.10047536,897.02014,0.32101008,-106.029655,-0.82416373,-12.797439,-0.43717462,20.612232,0.29904377,0.02627007,0.7052648,-0.01566153,-1.0705221,0.1701865,0.53210783,30.469532,0.27699193,-4.4259977,-2.985207,26.905449,0.6003783,-16.258469,-0.807318,-11.108401,19.220325,0.007819251,-0.0042017475,0.098108694,3.7996545,2.7874565,0.175625,0.14692552,0.15294118,0.098921515,-31.066341,ans,Ses01M_impro07,Ses01M_impro07_M014
70,35.289505,0.29503804,26.345325,32.066605,49.29719,22.951866,185.70653,232.73868,70.802895,53.00732,0.40513426,0.5348375,0.19347551,0.3723617,0.59052896,0.39705345,4.0605783,2.4667504,2.0416665,1.5383165,0.15539487,0.6818028,31.660475,0.2126574,-10.46179,-1.2127031,11.895311,1.1377531,-17.777225,-0.83613455,0.021608457,0.9988621,1.1365029,0.47162485,5.5957217,0.72810304,6.54679,1.6149398,18.998564,0.49481425,716.3516,0.35362968,1394.221,0.25372565,-128.56064,-0.7030298,1699.3473,0.15481792,1048.495,0.2541046,-124.99718,-0.6993212,2773.0266,0.09465236,988.89514,0.41655305,-127.923515,-0.65551734,-11.193763,-0.63676316,22.55051,0.29210275,0.0323244,0.59701484,-0.017139547,-1.0071244,0.18945059,0.56429166,32.078503,0.26401907,-12.713601,-1.0884776,10.522645,1.3381139,-21.87535,-0.80382705,-10.756707,21.685862,0.016724877,-0.009857691,0.13233244,2.5316458,2.9914532,0.12571429,0.08780776,0.22,0.1378405,-31.452003,s,Ses01M_impro07,Ses01M_impro07_F018
71,27.824621,0.21312793,23.381857,26.36204,33.16415,9.782293,120.72493,143.58174,80.44084,51.767372,0.40155682,0.7302458,0.16454482,0.34246892,0.58729696,0.42275214,4.041114,3.2482789,3.6490355,3.6618316,0.13159098,1.0635395,29.947287,0.29276776,-4.790298,-2.16928,17.977358,0.6884107,-9.711789,-0.9597124,0.02813619,1.9255493,1.1740956,0.5861478,4.8815293,0.5148053,7.32348,1.9166006,22.453484,0.3517066,590.8099,0.40207207,1339.5658,0.17102878,-110.54869,-0.845484,1616.303,0.1554774,1024.4565,0.26731086,-109.845085,-0.8098176,2657.4995,0.10084607,958.1663,0.33563134,-112.78593,-0.76304555,-12.084196,-0.39449194,22.579964,0.29143843,0.022504948,0.9632543,-0.013589394,-0.9453106,0.16587418,0.93374884,34.183247,0.20416191,-7.2556696,-1.4936863,17.902512,0.8144865,-11.671146,-0.87696415,-11.037452,20.097342,0.004937891,-0.0044372086,0.100274384,1.6427106,2.9927762,0.1524138,0.18102497,0.16103448,0.1967029,-29.387135,s,Ses01M_impro07,Ses01M_impro07_M015
72,32.172977,0.20645183,26.352055,31.539213,38.920204,12.56815,185.1523,213.12862,57.763977,61.72049,0.6476406,0.6226617,0.35452625,0.55002934,0.8000779,0.44555166,6.568039,3.5398574,4.7860727,4.7826867,0.23500416,0.9414864,28.630741,0.3417101,-9.219946,-1.2734146,17.944044,0.9478575,-13.634554,-0.7590334,0.022000697,1.5709951,1.052565,0.7003838,6.145905,0.4547229,5.7467585,1.4164634,19.675398,0.43187144,639.46484,0.4153159,1278.6627,0.17314975,-103.77187,-0.893423,1668.255,0.14666606,1017.95496,0.35375935,-96.96791,-0.8986721,2695.923,0.09729207,936.5085,0.32021403,-99.91054,-0.84807986,-8.772814,-0.5051335,20.288475,0.38540384,0.037133392,0.47038633,-0.01632915,-0.6889359,0.27856678,0.8530695,33.089645,0.24473263,-15.139026,-0.7168141,16.910612,1.0703728,-17.696383,-0.5307247,-9.058351,18.674559,0.012602146,-0.0066748117,0.1860805,2.3904383,4.4897957,0.11272727,0.08995867,0.099999994,0.059665732,-24.840149,o,Ses01M_impro07,Ses01M_impro07_F019
73,26.309717,0.19922647,22.969595,24.873728,31.192953,8.223358,77.60866,63.378376,61.827923,40.020885,0.30129725,0.55116963,0.14093123,0.2739283,0.42660224,0.285671,2.6980977,2.0431013,2.4527342,2.026899,0.1008943,0.74055225,29.762505,0.292859,-0.8722208,-10.879522,19.696928,0.54849297,-8.205418,-1.1430497,0.027047953,2.1348453,1.2507521,0.51459366,4.101916,0.5072978,11.993668,1.5912774,25.165213,0.2661407,611.6431,0.35869238,1367.4502,0.1674053,-118.5389,-0.7602484,1653.771,0.14280422,1021.19293,0.22071688,-120.547745,-0.7084373,2686.8342,0.09099907,1021.5162,0.36593714,-122.9578,-0.67406875,-14.276604,-0.29531667,23.846546,0.26881683,0.012578573,1.7069602,-0.013646207,-1.0060613,0.12001794,0.64035577,33.73092,0.19486661,-2.0661132,-4.011311,20.961945,0.60369086,-9.665325,-1.0584803,-12.110838,21.184774,0.0037528255,-0.005383916,0.08813077,3.4229832,3.7220845,0.10733333,0.0681632,0.14133333,0.14881158,-34.265423,a,Ses01M_impro07,Ses01M_impro07_F020
74,38.138306,0.24217029,28.919275,36.105114,50.710907,21.791632,283.933,267.0835,10.721069,9.566103,0.35696423,0.5644748,0.194227,0.30592754,0.49529198,0.30106497,3.4018905,2.212989,2.6696312,1.7061133,0.12125395,0.7468317,28.869255,0.32421425,-7.4299426,-1.5919595,9.418375,1.2970433,-16.05522,-0.67125773,0.018362999,0.9444319,1.2177515,0.62372696,8.0060215,0.49513614,3.0456243,3.4052162,23.465866,0.39841786,754.2391,0.28950596,1337.194,0.1880351,-137.21893,-0.6336118,1768.4283,0.14394096,1099.5757,0.24714588,-133.78638,-0.6286649,2836.8472,0.09360863,967.13544,0.30887505,-137.6189,-0.57468116,-12.620582,-0.5862942,26.186388,0.26573607,0.031934757,0.63413024,-0.018301936,-1.0257099,0.15097451,0.7216391,32.563137,0.2722326,-6.907597,-1.6711696,5.947368,2.482812,-19.999605,-0.6123317,-9.23557,19.76858,0.013936926,-0.007384339,0.10358358,2.8965516,2.3611112,0.14647058,0.13723922,0.2422222,0.21598755,-32.224842,q,Ses01M_impro07,Ses01M_impro07_F021
75,37.648746,0.2676658,28.496473,35.718594,50.710907,22.214434,333.99326,315.4082,15.239398,6.896923,0.38310903,0.57989186,0.19692385,0.32320434,0.5316467,0.33472288,3.746291,2.4202216,3.292302,1.9267353,0.13574965,0.79411227,29.999083,0.32827574,-5.791463,-2.112055,7.306406,1.855767,-19.053995,-0.5830096,0.016512472,1.0374429,1.2174846,0.682802,8.058899,0.54797125,0.25953227,37.51604,22.500368,0.4269203,751.72205,0.2850466,1323.9353,0.16145207,-110.160446,-0.8377859,1768.0046,0.14791936,1081.1647,0.2506493,-109.01169,-0.7977367,2853.4048,0.08971182,901.2049,0.2302056,-114.508545,-0.7112127,-13.34868,-0.5974822,26.963882,0.26454154,0.03385942,0.58847225,-0.0226792,-0.8465821,0.16908683,0.7123142,34.606876,0.21755399,-8.435476,-1.3890227,4.4934306,3.3953018,-22.718102,-0.5583117,-10.651162,20.582079,0.018606663,-0.008920024,0.103812575,3.1088083,3.1578948,0.14916667,0.11891581,0.1475,0.21233326,-30.519281,ans,Ses01M_impro07,Ses01M_impro07_M016
76,36.628666,0.24396628,28.683575,33.820488,43.187553,14.503979,124.37252,83.74177,84.76061,35.617004,0.5482772,0.5551577,0.29026544,0.45270726,0.83220166,0.5419362,7.486859,3.4079435,4.1261163,2.6116629,0.26195893,0.89604354,26.569628,0.33280718,-9.935194,-1.460292,14.189975,0.85861015,-11.320913,-1.3349919,0.028670885,1.078552,1.3480246,0.78049767,6.533834,0.5010333,8.406526,1.1563127,22.560806,0.41865224,663.6439,0.43474862,1349.083,0.27370316,-142.6041,-0.59628516,1662.4703,0.19076191,971.3093,0.22231685,-133.078,-0.62071306,2757.5894,0.119013734,863.11273,0.25883016,-134.64897,-0.59435606,-12.682153,-0.3512715,24.485783,0.29372728,0.03521333,0.56002015,-0.0038379862,-2.5565984,0.2904804,0.79943824,30.512861,0.2390505,-6.4593244,-2.0615144,14.814833,0.9682426,-10.749178,-1.1007056,-8.260257,17.634693,0.025056452,-0.003445815,0.24302319,3.007519,3.0888033,0.1125,0.05332682,0.18875,0.18394546,-26.488152,c,Ses01M_impro07,Ses01M_impro07_M017
77,37.445747,0.14400017,34.429295,37.47072,40.33911,5.9098167,88.61069,72.82514,118.39457,123.8155,0.950517,0.5694143,0.47766066,0.844059,1.3712426,0.893582,9.627347,4.957074,7.6734986,5.024267,0.5058807,0.8809243,25.433945,0.39185956,-13.147565,-1.2083652,13.006562,1.0914619,-20.319368,-0.7539473,0.021586211,1.0313398,1.137157,0.5365816,6.375445,0.51907074,7.65897,1.2597083,19.542356,0.5298692,683.5057,0.42201212,1303.5885,0.19840916,-96.32169,-0.93998736,1692.0217,0.17592512,1044.2651,0.2612886,-80.9112,-1.0182436,2725.117,0.09975833,934.7564,0.33967343,-83.500626,-0.9618538,-9.80425,-0.5582655,20.259323,0.36526403,0.050450623,0.4546128,-0.012531982,-1.1083286,0.58613974,0.803218,28.080526,0.26291522,-14.623591,-0.9820596,12.54687,1.2374507,-22.413042,-0.652934,-7.4108305,15.561062,0.03722752,-0.006680094,0.36345634,3.8095238,3.6608863,0.16789474,0.15101686,0.100625,0.049808223,-19.981237,q,Ses01M_impro07,Ses01M_impro07_F022
78,33.958927,0.16189174,28.545952,34.75808,38.4172,9.871246,86.66536,105.49314,81.60838,107.65634,0.8620697,0.64275146,0.4219526,0.7049923,1.2593825,0.8374299,9.15798,4.543366,8.268395,5.912712,0.43254137,1.0057813,28.181282,0.3805185,-7.7156324,-1.8928246,14.080701,1.0498515,-19.07607,-0.677023,0.027159397,1.6310359,1.1675751,0.6282814,6.3449244,0.49978545,2.337388,4.8307767,19.18273,0.5205658,634.05914,0.4423726,1325.9232,0.17369963,-60.700844,-1.3792241,1645.8362,0.18144903,1049.8375,0.30327094,-57.255535,-1.2891461,2704.7114,0.10574619,958.6546,0.35010153,-61.90943,-1.1498497,-10.886244,-0.4411366,21.62186,0.29385436,0.04835393,0.4617485,-0.014266524,-0.95031404,0.47909972,0.90514874,30.27335,0.26943466,-10.620968,-1.2650924,12.891786,1.1976763,-20.34431,-0.6795764,-10.656501,18.645428,0.023962663,-0.005733864,0.29366225,2.9876976,2.8419185,0.26125,0.26930174,0.0925,0.06286559,-20.298172,ans,Ses01M_impro07,Ses01M_impro07_M018
79,29.420336,0.15903161,26.146973,28.607906,30.807854,4.660881,150.01727,206.27892,44.005436,32.151314,0.388053,0.46742773,0.21118516,0.35372412,0.55620676,0.3450216,2.960322,1.8910161,1.9876024,1.6159354,0.12567672,0.59179175,31.239683,0.33266574,-0.09292309,-106.546616,12.378659,0.96968085,-16.584896,-0.610722,0.02262061,1.2789321,1.1596605,0.61696774,4.961946,0.5500519,-2.1971397,-3.3266444,20.389685,0.41246665,574.94385,0.42874268,1365.0326,0.1318701,-89.72516,-1.0192899,1560.987,0.18059154,1146.1877,0.3130705,-92.54568,-0.9348684,2689.8955,0.10278293,942.3731,0.25808343,-98.50357,-0.82815087,-12.361743,-0.34782302,25.822079,0.236499,0.03147303,0.5828347,-0.015190803,-0.6992775,0.14439929,0.5013893,34.67921,0.20591512,-3.13303,-2.9984727,10.372901,1.2283261,-17.75531,-0.5858017,-12.277968,22.219215,0.012383544,-0.00662859,0.10443529,3.6764705,3.773585,0.144,0.143262,0.111111104,0.0732491,-31.695837,a,Ses01M_impro07,Ses01M_impro07_F023
80,31.489193,0.21399695,25.190292,30.045738,31.40834,6.218048,160.74922,0.0,6.7306995,4.541733,0.35200113,0.44447446,0.19195265,0.34399983,0.49831164,0.306359,2.4602597,0.7902275,1.7313213,0.9078065,0.10800597,0.59185714,32.11046,0.32052335,-6.5817714,-1.8902656,9.592352,1.1539099,-14.25091,-0.772587,0.023264412,1.0851171,1.1050004,0.6840888,6.4797997,0.46964467,3.4728847,2.1043544,19.862751,0.43194482,673.8859,0.4190715,1360.1542,0.123073995,-103.19496,-0.8896504,1642.4116,0.19660614,1122.6318,0.18513635,-101.044235,-0.87569857,2697.5723,0.12099358,927.1623,0.30327368,-104.99875,-0.8057827,-13.199534,-0.32258105,27.249195,0.21441291,0.02393495,0.83898157,-0.01578717,-0.95580906,0.13069622,0.48456854,37.1745,0.18094423,-7.0553966,-1.4136347,7.6456494,1.684403,-15.255222,-0.8993501,-8.841784,20.18636,0.0041001383,-0.0062115295,0.08579539,3.7593987,2.3622048,0.22,0.16990192,0.13499999,0.06689544,-32.27569,o,Ses01M_impro07,Ses01M_impro07_M019
81,34.983192,0.18320444,30.769648,35.287632,42.686142,11.916494,63.72891,55.192734,49.70627,16.027523,0.31199905,0.4220096,0.19777673,0.26864597,0.44524592,0.24746919,1.9703785,0.93416613,1.8655792,0.9665228,0.09405327,0.60721326,28.76029,0.34538275,-9.091273,-1.0867914,13.130013,0.74523634,-13.523402,-0.5822598,0.023633925,1.1342872,1.2251619,0.5345956,6.6192636,0.44937542,4.935434,1.3534007,19.68888,0.40199506,666.6469,0.39999938,1405.4037,0.15099055,-126.41482,-0.6956521,1665.4677,0.16222782,1077.5702,0.21641265,-125.23776,-0.6735584,2704.8225,0.11543966,1021.9417,0.33753508,-127.42398,-0.6415845,-12.9780855,-0.35481948,24.475967,0.22467503,0.030278137,0.50178343,-0.01274124,-0.73546225,0.119488,0.40340194,35.067062,0.17096877,-9.195575,-1.0774649,12.703169,0.92626107,-14.153511,-0.6867972,-7.6705446,17.581432,0.008782033,-0.0026966163,0.0790018,4.032258,3.7037039,0.10222222,0.05223404,0.14777777,0.22552545,-35.168324,o,Ses01M_impro07,Ses01M_impro07_F024
82,28.579798,0.12742816,25.117275,27.014145,32.873444,7.7561684,233.24202,262.44528,26.8554,15.932257,0.707487,0.8253453,0.21458371,0.55623245,1.116617,0.90203327,7.4395,4.539234,5.087702,3.4449406,0.32419917,0.9981596,30.155952,0.26939657,-10.936336,-1.2064888,17.217854,0.61081755,-17.28854,-0.7800624,0.018323543,1.0123675,1.2537459,0.6035789,3.7483501,0.7149353,-1.8462784,-5.811015,16.391556,0.5780649,644.98987,0.3887566,1320.3662,0.18665919,-115.609406,-0.8259978,1658.5271,0.16450804,973.8916,0.22385877,-115.105385,-0.7967116,2708.9438,0.1035157,821.14435,0.28634387,-117.796104,-0.7543911,-11.125632,-0.51204586,20.376467,0.28520408,0.045168325,0.4060601,-0.025464986,-0.6884631,0.47772124,0.76791364,34.35549,0.13348627,-15.389944,-0.9940745,14.42723,0.755434,-24.485178,-0.5732251,-9.746155,17.287828,0.014301206,-0.008929865,0.21051586,2.077922,2.8947368,0.14272727,0.09245057,0.16666666,0.1367073,-22.12731,ag,Ses01M_impro07,Ses01M_impro07_M020
83,28.847952,0.12892853,25.114025,30.006832,32.907494,7.7934685,104.358536,55.155346,28.711487,16.732208,0.706936,0.8453003,0.21670206,0.552103,1.101326,0.88462394,8.124874,4.1351705,5.0934234,3.5565841,0.33128935,0.9979509,31.920643,0.17214802,-10.859195,-1.184984,17.43342,0.6326491,-17.103088,-0.8188287,0.018905643,1.0064223,1.2590376,0.6171117,3.7884054,0.7223723,-2.1413875,-5.2186165,16.703999,0.58452857,671.6574,0.3685833,1334.2867,0.18783917,-118.5381,-0.8027996,1684.4528,0.16183253,990.26324,0.21973166,-117.77846,-0.775135,2738.1226,0.10149407,820.408,0.27478638,-120.338165,-0.7355731,-11.174096,-0.5234998,20.39105,0.29020026,0.046604164,0.3710952,-0.026511382,-0.6784143,0.4977831,0.76057434,34.316162,0.13377172,-15.144938,-1.0166022,13.344048,0.79826206,-26.004501,-0.52804327,-11.043393,18.309269,0.017533401,-0.0111950245,0.21572883,1.9498608,2.824859,0.14199999,0.09693296,0.17363636,0.14925711,-21.948423,o,Ses01M_impro07,Ses01M_impro07_F025
84,28.825708,0.15945803,25.689539,27.037544,32.823696,7.134157,200.15985,114.04199,90.23633,86.31092,0.40276697,0.5858616,0.13258216,0.39239126,0.59025574,0.45767358,4.3132057,1.7129618,2.9546084,1.3886955,0.14134279,0.7351286,32.27464,0.29070303,-4.8558016,-2.0640283,21.08764,0.85185415,-15.77646,-0.59472775,0.034276996,2.1901884,1.4858086,0.82453287,5.1243544,0.44066483,2.5080764,3.4597836,22.765516,0.30808833,548.4688,0.38443047,1302.1886,0.12709098,-99.7978,-0.9546511,1621.4094,0.14706184,924.6202,0.24063483,-99.84958,-0.8882498,2659.6956,0.08769622,880.6203,0.27131155,-102.11612,-0.8501517,-13.158775,-0.28212482,23.076973,0.24603736,0.03607143,0.38554364,-0.019257532,-0.60180336,0.20016545,0.45784527,35.64626,0.1969553,-7.146278,-1.4608749,25.665127,0.8967457,-19.886034,-0.50188065,-12.258159,21.59949,0.010482022,-0.0063506267,0.07628638,3.181818,2.7906978,0.18333334,0.10434984,0.13142857,0.11319118,-29.558933,q,Ses01M_impro07,Ses01M_impro07_M021
85,41.55618,0.16890539,36.777542,40.683422,46.241207,9.463665,163.44772,197.90767,146.33415,121.67064,1.7256435,0.6560921,0.6551772,1.5874534,2.792818,2.137641,19.135015,10.504476,12.16835,10.449335,1.3389665,0.9038997,24.874023,0.31303823,-20.387274,-0.6841653,-2.2267077,-7.051276,-27.225992,-0.5303452,0.027837632,1.1330235,1.2706792,0.4644347,5.0335,0.86190766,8.844696,1.4254184,19.47825,0.5216921,781.06,0.32020718,1306.1328,0.15941298,-91.81903,-1.0292051,1749.0087,0.14687005,1118.8582,0.24463965,-76.62243,-1.1145521,2801.5596,0.094562046,890.34,0.33598846,-82.15244,-0.98925376,-5.4257674,-1.1870893,19.91425,0.33636168,0.053779267,0.4490566,-0.015212395,-0.9541027,1.651274,0.72526526,24.40509,0.30079827,-22.987907,-0.55348,-5.9493284,-2.5382297,-29.51506,-0.42381504,-7.416927,19.297382,0.030468663,-0.011592834,0.743539,3.2692308,3.883495,0.15699999,0.1415309,0.105333336,0.14596196,-11.991148,ans,Ses01M_impro07,Ses01M_impro07_F026
86,41.299774,0.14393462,36.832233,40.80193,45.162052,8.329819,203.19164,241.41542,117.34518,121.58825,2.2038772,0.5372439,1.3261759,2.2757828,3.1250987,1.7989228,19.041248,11.154008,13.231826,9.471488,1.7810006,0.773546,23.66675,0.270112,-22.366154,-0.47318918,-3.8303664,-3.8662438,-27.058819,-0.4971352,0.03421712,1.1705139,1.2791145,0.5427616,4.8943467,0.862865,7.0322814,1.6563321,17.826084,0.6216372,798.70874,0.2912606,1300.4454,0.18089889,-77.214676,-1.191407,1761.9768,0.1290615,1100.1095,0.23631243,-65.51946,-1.2266947,2823.3164,0.0809371,900.4121,0.28311503,-70.968704,-1.0896525,-5.3934174,-1.109767,18.389404,0.3500347,0.05783582,0.40795943,-0.016283607,-0.8895994,2.1449606,0.596207,24.148695,0.25781918,-24.875874,-0.3194183,-6.5025415,-1.9721078,-30.283077,-0.37232935,-6.5948396,18.2093,0.02541345,-0.0076782755,1.0073899,4.013378,4.0955634,0.16166666,0.14010908,0.08875,0.14119467,-10.080846,q,Ses01M_impro07,Ses01M_impro07_M022
87,37.692154,0.2204159,30.530172,35.45964,47.93134,17.401167,313.5662,625.85425,148.07411,134.72311,1.3040293,0.51757866,0.76064223,1.2294186,1.914012,1.1533697,13.239121,6.4198256,11.252948,6.841152,0.7641279,0.87207836,25.072073,0.4350231,-15.646474,-1.0164249,9.005831,1.8386451,-15.815923,-0.7596327,0.034608573,1.666496,1.262726,0.5068138,5.9206614,0.5877907,6.813621,1.9511184,17.301096,0.6947278,751.96954,0.38784614,1252.2411,0.17930451,-62.219997,-1.371204,1730.7473,0.16394709,1031.8794,0.22697812,-54.142147,-1.3742052,2744.5898,0.09721186,905.2066,0.34157506,-58.87411,-1.2236611,-7.043966,-0.96267664,18.63423,0.41245344,0.053213872,0.4122172,-0.0142495325,-1.0385385,0.88490915,0.77628785,26.311232,0.38800865,-17.001043,-0.905904,7.811694,2.2162244,-17.246302,-0.7063387,-4.9553475,14.099978,0.030401489,-0.0053422255,0.4062833,4.5540795,3.0651343,0.241875,0.30968165,0.068,0.077991456,-16.629015,o,Ses01M_impro07,Ses01M_impro07_M023
88,35.32646,0.22291118,30.032442,32.653313,40.47774,10.445299,273.96155,508.86435,148.61844,210.96733,0.7266801,0.8132965,0.257768,0.53244835,1.0881177,0.8303497,8.452344,5.1757197,4.6943026,3.767264,0.35247904,1.3253083,28.456478,0.34790027,-11.576266,-1.2549853,14.564268,1.0918851,-12.06807,-1.0632287,0.033100583,1.6243758,1.3268858,0.49562305,5.733942,0.53366345,6.0344734,2.0179617,18.574408,0.6256911,717.4025,0.38699096,1329.3822,0.20842871,-88.363655,-1.0205482,1740.3317,0.14896123,1016.3251,0.2515701,-84.37996,-0.99339646,2744.4617,0.10215124,992.4719,0.32143652,-87.210106,-0.938045,-10.3559475,-0.6746489,20.1357,0.3829223,0.041800022,0.5458372,-0.01331432,-1.0238699,0.4476874,1.2320807,30.389208,0.3122857,-12.717443,-1.1668308,13.719391,1.1803986,-12.5532875,-1.0169716,-8.551309,16.39635,0.022224365,-0.0077414853,0.19950855,2.4978468,4.065744,0.14382978,0.15916742,0.09071428,0.09184338,-21.698488,o,Ses01M_impro07,Ses01M_impro07_F027
89,28.23801,0.09440338,25.507854,27.83166,30.884861,5.3770065,95.775795,133.80875,43.65162,24.089626,0.63677603,0.54905957,0.2978536,0.61914074,0.9141543,0.6163007,7.2156496,4.453291,5.100993,2.6690452,0.25179198,0.7024732,30.659285,0.32883295,-8.100231,-1.4500006,17.040796,0.8545318,-12.203306,-1.2099102,0.017953012,1.0214442,1.3704357,0.6277579,4.6622767,0.4790222,0.25446495,30.65916,18.704683,0.42913675,656.4359,0.38462445,1309.3328,0.18341152,-79.64643,-1.1196034,1678.8774,0.1722922,1023.8802,0.25520086,-80.38347,-1.0454777,2685.0847,0.10059194,907.93915,0.33488446,-84.104034,-0.96814847,-10.568659,-0.44410798,20.389816,0.3004799,0.038628437,0.45103788,-0.014167643,-1.2096344,0.30163315,0.54299235,34.413914,0.20658837,-10.570332,-1.0607476,15.394925,0.9946586,-15.017116,-1.0556006,-9.762136,17.72139,0.012804043,-0.002369064,0.1757766,3.5955057,4.090909,0.14555556,0.11562497,0.08625,0.09047617,-25.444414,o,Ses01M_impro07,Ses01M_impro07_M024
90,28.986658,0.15673874,25.075134,26.764145,34.143265,9.0681305,122.28086,93.66377,7.190215,12.5235405,0.4288712,0.87671846,0.12613188,0.25154486,0.7543664,0.6282345,5.691751,3.7130926,5.826467,3.4352803,0.16308123,1.1201271,29.445005,0.34080985,-5.302184,-2.4772708,12.101335,0.811485,-12.437411,-0.77820385,0.03781626,2.2534282,1.289237,0.50909287,4.7116723,0.5839249,4.912526,1.5052913,18.002771,0.36031076,642.1884,0.4686758,1397.876,0.16432953,-144.24686,-0.60859245,1614.7277,0.20071298,1140.9827,0.31917316,-138.86589,-0.6299177,2604.6501,0.09861371,922.2068,0.30700922,-140.57065,-0.6050776,-8.935082,-0.40383396,19.36752,0.20207375,0.038697045,0.4152163,-0.009383245,-1.13416,0.325064,0.6405953,35.075466,0.19416061,-16.313238,-0.6885459,13.742295,0.79136384,-13.618733,-1.0226299,-10.794795,20.459248,0.00536224,-0.0031786482,0.09133839,2.6923077,1.5686275,0.195,0.10874282,0.33599997,0.3046703,-28.063948,o,Ses01M_impro07,Ses01M_impro07_M025
91,27.144077,0.11003061,23.770084,26.690054,30.407259,6.6371746,9.822244,9.792031,16.919191,7.16673,0.40796566,0.7219071,0.15072496,0.30544648,0.7380598,0.5873349,4.547125,3.255264,3.1438136,2.267712,0.1276057,0.7796715,34.133297,0.26616022,-4.046349,-2.9770675,16.617643,0.8646612,-11.947305,-0.6454567,0.010442982,0.99786234,1.2040896,0.82675296,5.813261,0.3554695,0.7683013,7.836268,22.512205,0.39187515,490.10205,0.346806,1287.4342,0.14461957,-96.649315,-1.003292,1520.0065,0.14474338,954.878,0.20247144,-100.105576,-0.91428053,2592.4983,0.07125637,868.21606,0.28075925,-104.56265,-0.8375537,-14.250664,-0.32409024,25.94297,0.27134663,0.03229067,0.53007895,-0.01609628,-0.4934614,0.1717888,0.56588304,38.637405,0.1316473,-8.462787,-1.3862013,18.484625,0.884441,-14.51775,-0.59606194,-13.172496,22.646965,0.005184403,-0.0044555534,0.08112573,3.6585364,2.5000002,0.20166665,0.1638512,0.17833334,0.21621105,-28.759666,q,Ses01M_impro07,Ses01M_impro07_F028
92,25.652891,0.12810323,21.933413,26.072884,28.035736,6.1023235,58.664402,56.477505,11.133531,7.872711,0.37865546,0.7495587,0.14359623,0.29256302,0.603235,0.45963877,4.8665504,2.6345456,3.200132,2.474063,0.11447702,0.8476759,32.929832,0.2820489,-3.5274947,-3.2977705,18.31428,0.7010747,-12.143596,-0.5830784,0.011028275,0.98403203,1.1276314,0.7519271,5.2477603,0.3906397,2.041213,2.9379826,22.537876,0.3835128,492.08246,0.3429923,1281.9697,0.1299605,-94.30007,-1.0203903,1528.9918,0.13838324,963.05023,0.2160074,-98.11336,-0.9273289,2576.2722,0.07595457,899.00385,0.39416447,-102.029594,-0.8582144,-13.85961,-0.33869538,24.95577,0.28499705,0.028505826,0.6306402,-0.015334852,-0.5884871,0.15483479,0.62711793,37.338467,0.14023867,-7.8400497,-1.4695839,20.480486,0.7951876,-13.926143,-0.57161236,-12.771253,21.810148,0.00407549,-0.003069926,0.071976915,2.7681663,2.8169014,0.18124999,0.17588615,0.15375,0.16514671,-29.404934,ans,Ses01M_impro07,Ses01M_impro07_M026
93,36.92418,0.18176371,30.160645,37.17166,45.397835,15.23719,164.91158,144.82964,81.8537,91.124405,0.2334488,0.6177139,0.12307442,0.19477822,0.30170324,0.17862883,3.2323232,2.670789,2.0404677,1.598679,0.07821883,0.85570395,29.214796,0.30334726,-2.9742017,-3.0022027,13.144523,0.77667934,-15.425724,-0.602091,0.023573987,0.86660445,1.2847898,0.5281835,7.305782,0.49073306,6.723508,1.7397721,22.362837,0.39814094,633.8384,0.31427744,1322.3503,0.14658436,-161.42686,-0.45491257,1665.7665,0.13720383,981.2889,0.22355694,-162.15004,-0.4300766,2752.5093,0.089925505,897.36334,0.36044723,-163.66383,-0.40892303,-14.993796,-0.39461812,24.118546,0.2820491,0.03582601,0.50259286,-0.014672542,-0.7187335,0.13649787,0.617906,34.31841,0.17627217,-8.415311,-1.279935,12.269917,0.9996591,-18.362411,-0.4896193,-12.437654,21.534851,0.007748903,-0.009575263,0.06262829,3.0150754,2.195946,0.08846154,0.0691538,0.32142857,0.20787555,-36.896732,q,Ses01M_impro07,Ses01M_impro07_F029
94,33.90926,0.13429096,30.16845,31.155294,38.224648,8.056198,245.60342,169.96677,37.598778,26.38194,0.28480768,0.6335055,0.168526,0.22482051,0.32357988,0.15505388,4.1449733,2.7783024,1.8818892,1.0324956,0.08734669,0.9207955,26.670813,0.4298999,-2.404882,-5.462986,13.503582,0.66815186,-14.803472,-0.53809637,0.020196995,0.9403111,1.004002,0.6587056,6.100378,0.3295104,2.5962474,2.8276284,19.940605,0.54193944,519.0479,0.33338585,1341.5638,0.16908498,-153.37157,-0.51918274,1512.2142,0.14495681,1049.4635,0.24913965,-152.68904,-0.5079467,2611.9138,0.08795726,895.9289,0.32270604,-154.54344,-0.48309714,-12.057662,-0.41533607,23.23778,0.36827198,0.043385956,0.3215539,-0.013104096,-0.66027373,0.1794383,0.5487673,38.05586,0.074660845,-14.146966,-0.75276005,13.429195,0.82416534,-19.122242,-0.42275503,-11.03169,17.805702,0.0045903805,-0.007970054,0.05383556,3.3783784,2.1126761,0.11333333,0.06944222,0.2525,0.18925841,-34.9813,ans,Ses01M_impro07,Ses01M_impro07_M027
95,29.162773,0.13639992,26.319466,28.47425,32.175003,5.8555374,211.06546,354.14346,30.36215,18.837477,0.40899873,0.61675555,0.17989957,0.3464601,0.5989577,0.41905814,5.335326,2.52578,3.3022606,2.3019495,0.15267482,1.0067405,28.809057,0.40664336,-2.3814585,-5.083525,12.315498,0.9723058,-12.944148,-0.7696271,0.015017349,1.0018167,1.1426272,0.70671797,5.0354543,0.6882319,3.8703942,3.2235372,23.274555,0.38599938,531.80414,0.39706194,1332.3346,0.17398529,-110.87135,-0.8424223,1544.101,0.15987661,991.8036,0.23383488,-111.26495,-0.7937958,2636.7246,0.10768007,874.3973,0.32880747,-115.428085,-0.72840875,-12.135559,-0.4967949,23.528337,0.31181893,0.030509124,0.72493714,-0.010493052,-1.1102382,0.2294202,0.8084561,33.95385,0.2926644,-5.098272,-2.6347091,13.928503,1.0842953,-12.32638,-0.8568059,-9.482643,18.895702,0.0071345605,-0.004505491,0.08469186,3.5250466,3.1835208,0.14058824,0.091617525,0.15235294,0.118397616,-28.521177,ans,Ses01M_impro07,Ses01M_impro07_M028
96,27.358648,0.1411195,23.89433,27.636904,28.39803,4.5037003,161.31667,170.44022,48.444855,11.135757,0.4158656,0.5279672,0.22630048,0.37258127,0.6133078,0.3870073,4.390908,1.6798917,2.7854283,1.6402454,0.14196765,0.7492002,26.393457,0.48411432,-0.3941323,-34.677578,12.923161,0.86686355,-13.338518,-0.6702893,0.017399367,1.0358899,1.1503335,0.76645684,3.4046507,0.7997679,0.7645194,9.040562,20.939524,0.30442965,455.45743,0.3397414,1264.5496,0.13455096,-104.77486,-0.90335476,1447.1344,0.12376511,907.0264,0.15971117,-102.16032,-0.8777506,2552.2139,0.063498594,796.1687,0.22048248,-107.77568,-0.7834635,-10.752555,-0.4272001,21.996927,0.23293003,0.035829674,0.48624444,-0.009191975,-0.9597115,0.19427712,0.5655808,33.2173,0.30323866,-7.117581,-1.9019266,14.258236,0.9834656,-14.295236,-0.6377368,-9.4527025,17.245073,0.00917538,-0.0010203806,0.0949066,3.550296,4.268293,0.11,0.047207747,0.10428572,0.08731832,-31.193827,q,Ses01M_impro07,Ses01M_impro07_F030
97,36.15383,0.20920421,27.000051,35.439655,43.642487,16.642435,77.756325,54.119965,189.87141,154.27638,0.29012972,0.66751623,0.11586058,0.24423188,0.4445165,0.32865593,4.36778,3.2719462,2.347561,1.2386514,0.109268405,0.90029776,31.928465,0.1845117,-5.4129634,-1.6754405,14.766529,0.69070834,-14.656605,-0.5403022,0.030584553,0.7015442,1.4551935,0.4182044,6.8564487,0.42255464,8.83374,1.152289,22.953545,0.44523728,649.87964,0.3447056,1360.9818,0.16368808,-148.47086,-0.5471746,1692.9541,0.15609105,1055.7178,0.29819998,-146.99492,-0.52938634,2725.9607,0.091199465,994.2553,0.2939511,-148.65889,-0.50701,-15.561776,-0.43120912,25.497583,0.33538353,0.03588517,0.47757348,-0.016919449,-0.58703625,0.13736618,0.62500006,33.993473,0.18105496,-5.6552405,-2.2929058,14.717225,0.9015183,-17.79393,-0.39955512,-12.88902,23.328083,0.017882397,-0.008398119,0.09918662,3.2258067,2.6785715,0.10222222,0.047323417,0.225,0.2128497,-33.82231,o,Ses01M_impro07,Ses01M_impro07_F031
98,32.01424,0.20494539,25.305626,32.70235,35.245045,9.939419,125.68414,118.16949,95.56209,84.03575,0.3927414,0.70310885,0.16524619,0.30393726,0.5718739,0.4066277,4.750684,3.1096382,3.416565,2.125951,0.13924117,0.84830225,34.358418,0.19428755,-6.993064,-1.3761475,14.785829,0.74948424,-14.26017,-0.6256457,0.028090969,1.3493952,1.3743011,0.57595885,5.863224,0.5126058,3.7092807,2.8799021,22.068533,0.41170728,581.1019,0.3776962,1363.0586,0.18292695,-104.50069,-0.8905703,1598.349,0.15764272,1101.5164,0.30571297,-103.63693,-0.8390159,2655.133,0.09060848,937.4517,0.27061006,-107.218735,-0.7793473,-13.795496,-0.38996467,24.903616,0.27907547,0.02667296,0.7479233,-0.015807478,-0.58118206,0.17291455,0.7330077,37.01428,0.1604551,-8.518774,-1.3235539,14.255501,0.89618504,-15.319649,-0.6238119,-12.631984,23.17595,0.01548519,-0.008395716,0.10372117,3.3158813,3.3450706,0.14789473,0.116645165,0.13666667,0.12256517,-29.33904,o,Ses01M_impro07,Ses01M_impro07_M029
99,32.226955,0.10162097,32.248337,32.913727,34.682842,2.4345055,116.37138,84.17704,21.019598,0.0,0.15050791,0.3437786,0.11444631,0.12612219,0.17302018,0.05857387,1.0639762,0.3816031,0.5107288,0.2534084,0.042589534,0.5035257,33.431293,0.17197378,0.65117776,6.4310274,12.95696,0.45653278,-9.187396,-0.5685817,0.041377578,1.201382,1.855637,0.41539595,6.126712,0.25247765,4.94469,1.1321654,30.253262,0.1731896,738.1145,0.26334032,1492.0177,0.15628925,-156.19244,-0.4704672,1759.3785,0.13191138,1334.2229,0.1455628,-154.9769,-0.46267363,2885.176,0.07590355,1074.916,0.18418247,-157.6436,-0.42821634,-18.83464,-0.16061479,34.893555,0.0775871,0.0003873958,48.158836,-0.011660186,-0.68085605,0.06060428,0.24569356,40.741943,0.07132153,4.386407,0.83027995,9.390796,0.66413003,-10.618106,-0.690987,-13.971573,26.640686,-0.0032948593,0.00032981613,0.034225352,1.6949153,2.6548672,0.089999996,0.037416574,0.19749999,0.17064217,-41.708652,ag,Ses01M_impro07,Ses01M_impro07_F032
100,28.207636,0.12140259,25.478521,28.366428,31.276829,5.7983074,128.19255,90.91218,127.889175,60.38537,0.27262676,0.5629824,0.14006445,0.22586675,0.3859215,0.24585706,3.1379094,1.8332366,2.0999248,1.3120506,0.10690686,0.70803624,35.82593,0.13040511,-0.5938649,-13.767918,18.059046,0.4365712,-10.350622,-0.8051889,0.052828837,1.7287195,1.523737,0.6014278,4.065602,0.51375425,3.6988568,3.0407846,28.555004,0.30801162,544.36884,0.37813148,1417.3375,0.112414435,-135.98898,-0.6173012,1594.4766,0.14468883,1118.9133,0.20207053,-139.84727,-0.5537054,2715.9827,0.090746805,980.18445,0.2424919,-142.53827,-0.51944935,-17.034693,-0.2604507,27.922607,0.16997617,0.028949535,0.6060438,-0.015144529,-0.6958619,0.14000496,0.6346417,38.815964,0.09518905,-0.42406347,-25.316849,15.533925,0.6300111,-13.451133,-0.7874069,-15.656094,25.399637,0.01384115,-0.007778494,0.093070626,3.960396,5.0761423,0.055999998,0.032924157,0.13333333,0.042426404,-33.933258,s,Ses01M_impro07,Ses01M_impro07_M030
101,29.716515,0.0775561,28.02272,30.535553,31.32987,3.30715,57.346947,36.450783,40.816315,29.364655,0.22940932,0.60648704,0.12949266,0.18016878,0.2742669,0.14477424,2.2964232,1.4121352,1.4368547,1.1948307,0.08158855,0.86840206,32.660347,0.20762718,-0.31956038,-20.94639,19.299423,0.3988303,-10.397515,-0.778795,0.029690808,1.1746277,1.4056987,0.43141252,4.2838855,0.4010726,0.8729484,10.626142,26.265244,0.37374678,579.69604,0.32850766,1429.2795,0.11431064,-138.15971,-0.6039019,1709.4376,0.11423171,1007.4523,0.21934848,-141.06076,-0.5486759,2768.623,0.07424067,1107.5571,0.40975937,-142.9469,-0.5247703,-17.277166,-0.21164078,25.487913,0.24272038,0.029699573,0.54969466,-0.016328357,-0.57684714,0.11051515,0.7950312,36.42005,0.09799608,0.27286118,30.886189,18.271093,0.5577196,-12.869658,-0.7834926,-14.844001,23.656021,0.008587585,-0.0046681133,0.068894066,4.2735043,4.366812,0.066,0.04103657,0.141,0.08239539,-35.71191,o,Ses01M_impro07,Ses01M_impro07_F033
102,27.776882,0.1797916,22.909863,25.909128,33.64446,10.734596,53.051247,0.0,-5.9518814,17.793793,0.29864475,0.56604576,0.14795494,0.24978551,0.46386784,0.3159129,2.6276832,1.0446205,2.2522926,1.3513554,0.099553,0.74797565,26.96451,0.35577166,-1.545918,-6.070197,21.546854,0.62602,-10.750366,-0.79601943,0.017322935,0.6027637,1.4498266,0.5202799,4.6790876,0.59582347,10.661993,0.55362743,25.472218,0.2504434,442.1567,0.3176409,1262.9833,0.14847125,-110.28302,-0.82500064,1486.712,0.08919473,901.40265,0.21477431,-109.622375,-0.78811574,2498.878,0.05496255,850.56055,0.14852111,-111.64968,-0.75550425,-14.059234,-0.32696155,23.85076,0.19844382,0.019484954,1.2902883,-0.007440207,-0.91976005,0.14711078,0.4728127,31.41733,0.25278002,-2.9968653,-4.050808,27.335957,0.6142592,-8.669768,-0.6189944,-10.578354,20.090347,0.0016794392,0.0029257634,0.044148393,3.2258065,4.2016807,0.108,0.118558004,0.11,0.14532721,-33.39068,ag,Ses01M_impro07,Ses01M_impro07_M031
103,33.34103,0.22443421,28.586182,31.32368,35.820858,7.2346764,113.99755,92.94083,172.41924,259.26462,0.5420011,0.6012653,0.2513281,0.4816332,0.76667917,0.51535106,5.4636,3.4945233,4.038339,2.2169638,0.21763793,0.98026675,24.279234,0.4091899,-8.624475,-1.2499623,18.863703,0.5918731,-14.980833,-0.84673285,0.020161008,0.96243185,1.3533599,0.47475934,5.048684,0.652081,5.0985875,2.1032212,17.519413,0.46930343,621.7004,0.3979974,1326.4465,0.16579778,-126.24484,-0.72091526,1632.8741,0.14515716,1011.2339,0.2849501,-125.03456,-0.69765055,2649.0947,0.09940031,896.70233,0.34944105,-126.53282,-0.6762327,-11.187124,-0.38359922,18.894047,0.29092985,0.040996257,0.5776525,-0.016219541,-0.72421426,0.28343493,0.66133547,30.166363,0.27106127,-11.171548,-1.0785768,18.11421,0.6781802,-20.281584,-0.6792896,-7.056083,14.204628,0.018561428,-0.0037383842,0.17428614,3.1098154,2.734375,0.13892858,0.16899574,0.2137037,0.27204505,-27.23171,s,Ses01M_impro07,Ses01M_impro07_F034
104,33.70077,0.21722831,28.716555,30.069239,45.220078,16.503523,19.894472,16.430704,12.593943,10.182147,0.75024366,0.50485843,0.34280217,0.71987915,1.1709547,0.82815254,7.6601224,2.8397946,5.552366,1.8193694,0.32490018,0.7425451,25.6425,0.443783,-10.387865,-1.255561,17.233269,0.6176083,-21.911219,-0.63588846,0.020400858,0.9904574,1.2432865,0.46514535,4.991877,0.6803611,3.1827252,3.6900966,15.761812,0.53223413,694.49963,0.3497619,1275.8757,0.16814852,-83.68782,-1.1080476,1690.0431,0.15858556,1003.5705,0.32381982,-87.650116,-0.99802047,2715.5242,0.0905577,783.32245,0.35683125,-89.51624,-0.9612297,-10.266761,-0.41695008,17.591305,0.2823919,0.048940055,0.44720012,-0.01663445,-0.7012536,0.35485214,0.53693753,29.723179,0.2948409,-14.104407,-0.9025491,16.05672,0.6392968,-26.62271,-0.54338944,-7.6264863,14.518565,0.029754296,-0.009664206,0.2933999,4.034582,2.9239767,0.196,0.22490886,0.126,0.17726816,-24.31688,o,Ses01M_impro07,Ses01M_impro07_M032
105,30.961067,0.1185695,28.364706,30.364391,34.472507,6.1078014,29.243668,8.77513,37.05554,66.119576,0.23825134,0.46981236,0.15275359,0.20607549,0.27219886,0.119445264,2.2470858,1.5150496,0.7987424,0.4064253,0.07563048,0.9103485,29.899343,0.35438815,-1.1327316,-5.653463,14.374965,0.6283075,-12.20345,-0.8197172,0.02371476,0.74649256,1.2037721,0.47765705,5.8356347,0.3755231,2.2695076,4.972187,31.759748,0.19068024,795.3973,0.19686174,1287.7355,0.16632709,-127.652405,-0.71966827,1887.601,0.13334183,1084.604,0.21516407,-133.53362,-0.6221391,2958.3784,0.10203574,951.7029,0.17858532,-136.21678,-0.58544075,-20.77619,-0.22825612,31.334818,0.16872123,0.034737512,0.8642924,-0.022672847,-0.9245039,0.12170873,0.6534686,39.718567,0.15970202,3.2145672,1.216383,10.380527,1.0542954,-20.162477,-0.47046277,-9.7347765,18.091612,0.0066823782,0.000553478,0.050346404,4.494382,1.734104,0.21,0.120830454,0.34,0.24055491,-33.85093,s,Ses01M_impro07,Ses01M_impro07_M033
106,35.942028,0.39197278,24.46313,26.926702,57.002193,32.539062,377.8922,399.0286,147.04231,71.20458,0.20307952,0.9649131,0.06577921,0.11822779,0.30646572,0.2406865,2.4478593,1.6194369,1.4872338,0.9363176,0.05680268,1.1780572,24.498781,0.2940001,-8.369329,-1.5250853,11.092204,1.3253896,-19.122776,-0.9132059,0.034360684,0.65188676,1.8462365,0.46609694,4.004988,0.599049,2.6380346,4.4410043,16.454912,0.8330536,678.4457,0.3458339,1396.7533,0.27760702,-168.43542,-0.40902963,1729.3807,0.20846915,1097.3013,0.3458072,-161.80469,-0.44113848,2746.4368,0.09839659,866.0413,0.3117061,-158.51309,-0.4509201,-11.58138,-0.9898233,22.935429,0.37988892,0.017802617,1.2114615,-0.0075277835,-2.5518646,0.096192576,0.71926856,26.684738,0.39535484,-2.665397,-7.7705646,11.887392,1.7906237,-23.908504,-0.83080673,-6.8790326,16.894758,0.00717169,0.002084314,0.045870982,1.3793104,2.8070176,0.07375,0.03838538,0.26,0.20420578,-37.242073,q,Ses02F_impro07,Ses02F_impro07_M001
107,39.74445,0.09538569,34.34973,40.958534,42.721397,8.371666,30.990091,5.1645026,50.64237,35.106743,0.2295178,0.6042771,0.07767626,0.21218008,0.338962,0.26128572,0.5610312,0.22920391,1.1104279,0.2388921,0.05165723,0.85647166,21.58905,0.27398092,-11.5702715,-1.0147275,14.091362,0.9744084,-20.280436,-0.62383527,0.019162282,1.0809338,1.2209631,0.47889835,6.5297003,0.64477545,9.8375025,1.1810082,11.937587,0.8474267,661.93036,0.3202676,1421.7926,0.15625834,-112.92891,-0.8222737,1672.2734,0.1394855,1143.9624,0.25133675,-96.14416,-0.93685555,2607.1328,0.0759209,992.7707,0.2864586,-95.96174,-0.939405,-7.4954925,-0.82485676,14.304057,0.449878,0.03131225,0.54580444,-0.008288706,-1.5274526,0.0677694,0.58724284,22.14203,0.27410087,-15.86658,-0.8069287,13.028544,1.2391746,-26.85962,-0.41073254,-8.167014,16.06422,0.017820546,0.0055472916,0.030416721,1.3274336,1.8181818,0.29999998,0.12186058,0.22999999,0.16673332,-39.813602,s,Ses02F_impro07,Ses02F_impro07_F001
108,37.720047,0.077366754,35.681355,37.134396,40.972843,5.2914886,174.77345,226.58035,10.493376,3.2483475,0.6028207,0.6129084,0.25117302,0.51141155,0.96412045,0.7129474,2.9844897,0.87713516,1.4131085,1.2444537,0.14315167,0.67029554,19.93446,0.4785412,-7.508513,-1.6203113,7.9390635,2.135101,-22.132715,-0.6679357,0.017624037,1.1105926,0.7780878,0.5230809,8.467652,0.57892984,8.056199,1.1629853,18.387827,0.54803747,716.99524,0.3189407,1459.2228,0.15132198,-70.558685,-1.2246541,1725.6924,0.14839141,1089.0841,0.29864788,-61.765335,-1.2850423,2740.4456,0.09953218,1084.6962,0.48555663,-64.745865,-1.1965883,-10.069597,-0.8062232,18.889229,0.5277546,0.04892965,0.4564162,-0.013222149,-0.8931221,0.14870992,0.57901305,21.156536,0.50248224,-6.846355,-1.7513838,3.8147957,3.4935834,-24.229908,-0.6584514,-6.7654004,13.832243,0.05231748,-0.0013504124,0.12883526,2.1978023,1.1299435,0.655,0.525,0.21,0.01,-27.77842,s,Ses02F_impro07,Ses02F_impro07_M002
109,38.225033,0.09220775,33.72446,39.905216,40.66467,6.9402084,108.54335,147.00145,27.692064,62.044357,0.41169676,0.65631634,0.1775599,0.34166473,0.5834767,0.4059168,4.542265,3.0733962,4.573988,3.713496,0.12849773,0.98387975,23.897518,0.17755379,-16.629427,-0.900935,16.728672,1.0349697,-18.037357,-0.7136587,0.019579465,1.0948377,1.1993616,0.575477,6.1892896,0.52574414,6.1147876,1.7031727,13.728234,0.63111657,706.98834,0.36036205,1307.5178,0.16379474,-77.37565,-1.16067,1693.7822,0.12232671,1013.119,0.29886568,-65.29544,-1.2469714,2679.4575,0.09579469,977.8149,0.35775554,-67.29624,-1.1905282,-6.4967856,-0.78410196,15.794032,0.39690486,0.03380963,0.65872955,-0.0047450876,-2.678106,0.14340352,0.9648541,23.765188,0.18737058,-19.031496,-0.7738039,14.038408,1.1051825,-19.176285,-0.71500504,-8.171408,16.345184,0.035079453,-0.0027755136,0.0894731,3.2520325,2.9166667,0.23428571,0.25184217,0.10166667,0.05610011,-30.912575,ag,Ses02F_impro07,Ses02F_impro07_F002
110,35.264793,0.112205125,32.357407,33.34767,39.118526,6.76112,44.93549,13.232521,53.780964,30.033745,0.5323724,0.532393,0.28907636,0.46154985,0.7721881,0.48311177,6.9261165,3.6852884,5.889176,3.7214057,0.17651351,0.73324317,23.856716,0.19724496,-16.19791,-0.95047545,17.604061,1.0736922,-17.158405,-0.7767626,0.023623316,0.88182575,1.1036049,0.6338274,5.6713586,0.5314224,8.8971,0.8667234,17.02012,0.34153458,586.094,0.39106205,1292.5316,0.1339767,-92.055084,-0.9970785,1655.557,0.12757716,880.68384,0.33144268,-85.893234,-0.97979474,2615.7363,0.08511466,1026.6002,0.32118717,-85.92986,-0.9787247,-7.9299603,-0.52428025,15.75455,0.29050377,0.051277194,0.2789466,-0.010168475,-0.9657891,0.23627932,0.5706038,23.99691,0.21608305,-9.750178,-1.4479867,21.668495,0.8683881,-15.232232,-1.0542467,-2.4185863,14.8611145,0.035096526,0.0037173945,0.10891014,3.6363637,3.267974,0.17999999,0.17099707,0.086666666,0.060461186,-29.111681,q,Ses02F_impro07,Ses02F_impro07_M003
111,41.094257,0.11956311,36.166706,40.923306,46.5277,10.360992,44.91099,22.583889,50.61386,49.8241,0.21571483,0.67342925,0.12216739,0.17066109,0.26623082,0.14406343,2.708826,4.483669,0.8369575,0.48601776,0.047272358,0.883091,25.998318,0.22605973,-14.696223,-0.75062656,14.703873,0.6343296,-20.134026,-0.44028446,0.020079993,0.9760427,1.2161819,0.4282644,7.4381714,0.44713503,7.4074574,1.2140318,15.753431,0.5308757,644.2782,0.33837825,1386.8354,0.19082324,-116.29712,-0.7810117,1680.426,0.11211125,1071.7928,0.27309623,-98.55817,-0.8719729,2657.431,0.08760702,1033.4568,0.35659182,-100.35575,-0.84006107,-10.592378,-0.41139504,18.180182,0.33723098,0.03706817,0.61846566,-0.006328924,-1.7061342,0.04461375,0.7737678,27.90612,0.17684467,-16.781876,-0.6182698,14.263551,0.68446773,-22.885403,-0.37549582,-8.117244,16.23411,0.024222096,0.0018564637,0.050788075,1.8998272,3.8327527,0.13454545,0.097688146,0.11095238,0.08689921,-40.772476,ans,Ses02F_impro07,Ses02F_impro07_F003
112,34.480587,0.1644121,28.993343,34.06762,41.398296,12.404953,177.26276,79.83545,41.402676,24.784395,0.40328723,0.3572932,0.27861017,0.41463712,0.51840794,0.23979777,3.55319,2.3499038,2.3307693,0.55363363,0.09216831,0.5601471,12.76371,1.0698793,-2.983763,-5.8628225,3.354705,3.8654861,-10.261267,-0.6876804,0.025511794,0.65649295,1.3763298,0.4531645,2.8351889,1.5894376,7.9843254,1.3527853,17.69282,0.7727488,859.2466,0.25288916,1212.4615,0.16748607,-128.41605,-0.6563013,1861.2606,0.16546911,1145.6704,0.33758685,-127.5222,-0.6476548,2869.5452,0.09003312,878.77405,0.2879794,-129.6616,-0.61620003,-4.295956,-0.749172,16.429424,0.44763613,0.021292388,0.6896623,0.0029804935,3.5330925,0.080470756,0.38155493,16.527985,0.7811223,-3.0077868,-4.8253427,-3.9107785,-3.2674968,-12.20424,-0.52185404,-2.0566382,9.111622,0.010707458,0.0019083718,0.098068096,4.2016807,6.19469,0.052857142,0.041991252,0.12399999,0.0978979,-36.15548,b,Ses02F_impro07,Ses02F_impro07_F004
113,34.264076,0.17840053,28.929157,36.610424,41.137566,12.208408,105.14959,89.35962,195.33076,190.95018,0.41822,0.32235786,0.2910516,0.40671134,0.5440931,0.25304148,3.762633,2.7802305,0.87964785,1.2017843,0.09761121,0.52327925,16.521393,0.4936314,-12.891421,-1.2921748,5.8477335,1.9059587,-16.135881,-0.59406066,0.022142248,0.5555028,1.3658587,0.39346346,1.2466542,1.6287682,1.7608811,5.647354,12.495599,0.7708861,799.0744,0.30587274,1322.7975,0.30763263,-120.88549,-0.73067814,1799.9037,0.17078948,1135.5426,0.3213648,-120.923935,-0.71026164,2755.2136,0.091512665,1036.1232,0.3575809,-122.03842,-0.69396657,-4.803712,-0.72202575,13.744339,0.311486,0.023452727,0.71851933,-0.002665412,-3.2220778,0.07267932,0.38202766,18.037231,0.59760135,-10.54282,-1.6266623,2.1727483,5.9077506,-20.106743,-0.46126565,-1.5672274,10.451983,0.020284478,0.009519081,0.1096811,3.5460994,5.147059,0.07142857,0.051110122,0.118333325,0.11096796,-37.539715,s,Ses02F_impro07,Ses02F_impro07_M004
114,37.57421,0.13547139,32.82244,38.838455,41.583076,8.760635,48.935562,35.60717,73.393974,87.38248,0.60129124,0.51392394,0.3396211,0.5369282,0.9089868,0.56936574,5.138871,2.8675797,6.963362,5.087539,0.19726439,0.68299675,18.713165,0.6416062,-7.628969,-1.7723361,5.2618117,3.43785,-20.915298,-0.7560799,0.019991659,1.1420413,0.96945363,0.6524863,7.6974993,0.58470535,10.150083,0.92568785,19.430168,0.44170305,760.85974,0.33723247,1375.5884,0.21007562,-85.7159,-1.0563898,1730.8206,0.15791816,1152.2621,0.4287673,-78.98275,-1.0796924,2803.0464,0.095139965,929.4011,0.33036208,-83.93245,-0.971223,-8.476418,-0.82948196,20.627247,0.3279385,0.050248444,0.41535935,-0.008854368,-1.4648546,0.23511143,0.5556181,22.79861,0.3497579,-8.350425,-1.4063197,2.3399801,7.6876616,-24.823172,-0.6605906,-1.697991,9.375891,0.024668729,0.0016125054,0.12363196,3.669725,2.226345,0.28416666,0.24584745,0.15727273,0.1110357,-27.642805,s,Ses02F_impro07,Ses02F_impro07_M005
115,35.64534,0.17578329,31.898167,36.137318,38.374725,6.4765587,100.55282,0.0,28.564537,22.377245,0.64235085,0.43736815,0.37535122,0.57084477,0.9040889,0.52873766,4.058775,1.0927454,3.5076194,1.9273882,0.20643148,0.6186145,15.801346,0.9896063,-11.254394,-1.5015035,10.893418,1.5434334,-20.445858,-0.6762921,0.016369013,1.1952093,1.0832568,0.49967715,4.0361085,0.970689,2.7404954,2.0758476,18.064466,0.44678155,665.78467,0.34641388,1302.0544,0.21348995,-117.3971,-0.770751,1591.4738,0.18048647,1010.84015,0.20785035,-111.53344,-0.8051753,2733.8882,0.09190028,815.1606,0.26106495,-116.43333,-0.7278099,-4.2224317,-1.4398808,15.898255,0.39244407,0.051155724,0.4936805,-0.0035284495,-4.002393,0.27398542,0.45085773,24.852192,0.2909814,-15.679665,-0.63458335,3.4092145,2.9320123,-26.791557,-0.49839568,1.6446819,6.9462233,0.023118686,0.0064137913,0.16359913,3.6697247,3.846154,0.11,0.052440442,0.125,0.061032776,-29.354942,ag,Ses02F_impro07,Ses02F_impro07_F005
116,35.401237,0.15428491,30.79762,35.953472,40.22197,9.424349,58.69657,31.236069,18.209827,20.483234,0.750267,0.41596717,0.43684047,0.6811423,1.0727061,0.6358656,4.430114,2.8980582,8.583058,6.0764613,0.2390711,0.62410194,20.348284,0.5132096,-8.473144,-1.3942838,-5.520613,-2.6110506,-31.923296,-0.45535946,0.016452001,0.8853497,1.011578,0.6584357,6.5680337,0.6326973,4.954972,1.6566383,20.366802,0.3455374,709.1869,0.32471794,1418.5697,0.18762787,-58.498405,-1.4591371,1676.8977,0.16278882,1157.4542,0.23961592,-57.272396,-1.3815765,2819.2744,0.07046584,881.01746,0.34666735,-65.101685,-1.139381,-6.355286,-1.2069736,20.38045,0.3287028,0.053057157,0.40873772,-0.015038493,-0.7524157,0.26551753,0.44898877,22.896677,0.33336687,-8.604156,-1.1066304,-5.377275,-2.6059098,-35.94649,-0.35350752,-2.4920335,12.065827,0.026110666,-0.0052307844,0.10878411,3.1746032,2.7322404,0.264,0.14333178,0.13,0.06480741,-25.913557,s,Ses02F_impro07,Ses02F_impro07_F006
117,40.61312,0.0874211,37.33992,39.73625,43.368214,6.0282936,189.79906,282.41235,240.29602,491.32898,0.33035833,0.77881444,0.12897138,0.23648185,0.5109933,0.3820219,2.829421,3.3072376,3.0581381,2.8310616,0.09795432,1.0895852,25.019293,0.34667015,-11.34408,-1.1269317,7.6319737,2.2079148,-21.499918,-0.56192344,0.03062842,1.683406,1.3120767,0.45373034,5.9269905,0.61210555,8.856216,0.9299822,21.524084,0.46455544,736.6186,0.2892313,1393.0421,0.15173379,-105.147064,-0.8782825,1744.1813,0.11115923,1146.7548,0.31583545,-94.522095,-0.90580374,2771.949,0.08261502,980.0347,0.3704858,-97.699936,-0.8479381,-8.7270565,-0.77746284,19.829762,0.4216362,0.04416513,0.52732486,-0.007871034,-1.6640725,0.12105674,0.9961719,26.410564,0.33317682,-12.719829,-0.9450899,4.987496,3.3526092,-23.777218,-0.4604613,-7.6851707,15.143214,0.030376077,-0.0052433023,0.06858555,1.791531,3.1198688,0.1768421,0.14779261,0.13,0.10022198,-32.926453,s,Ses02F_impro07,Ses02F_impro07_F007
118,39.618774,0.083332695,37.230244,39.247795,42.37092,5.1406746,172.11765,387.46722,160.87013,341.5125,0.23997591,0.6788813,0.10263052,0.19829531,0.3380096,0.23537907,2.790096,2.0519102,2.2938216,2.0542295,0.060908366,1.1003903,24.669909,0.2975726,-8.721654,-1.3482225,10.335099,1.1094791,-16.703485,-0.6878036,0.019007165,0.9578788,1.1191391,0.5248094,7.199936,0.4952983,7.014236,1.3763552,19.566278,0.41947985,680.03,0.3172432,1369.5692,0.1461835,-122.05246,-0.7527417,1712.4978,0.123998754,1096.3977,0.25976714,-112.044334,-0.78253585,2729.4155,0.09450039,1035.0007,0.3993461,-114.45693,-0.743794,-10.699244,-0.55163294,21.145979,0.33504775,0.03342001,0.6947374,-0.008922426,-1.2711965,0.07782772,1.0051851,27.321093,0.2298849,-11.636967,-1.068427,7.6130056,1.7693872,-22.992273,-0.46713704,-8.891321,17.314486,0.013758918,0.00029357837,0.045841936,2.2049286,2.8720627,0.15818182,0.13113616,0.16217391,0.12395499,-37.146545,s,Ses02F_impro07,Ses02F_impro07_F008
119,40.25912,0.1105429,36.754284,39.486897,44.714436,7.9601517,60.5768,40.730602,255.4337,400.22864,0.36857843,0.49759826,0.22441086,0.3322488,0.53000593,0.30559507,3.5080998,2.0724232,3.2784553,1.9366457,0.11119137,0.77619666,24.34665,0.31638566,-11.181553,-0.9559052,13.131406,0.94916016,-19.308578,-0.46725103,0.023790961,0.9556167,1.112028,0.59207034,6.0365996,0.7108394,9.290664,0.95571977,16.443014,0.37520027,649.4167,0.380139,1287.5585,0.14546391,-131.5728,-0.6621191,1705.3687,0.14506634,1004.53766,0.25410935,-111.55162,-0.7879152,2725.772,0.10320468,1013.6891,0.3664479,-112.79671,-0.76738805,-8.72764,-0.57963496,18.91078,0.36704937,0.052680243,0.37849587,-0.008336388,-1.6896437,0.15050708,0.59223753,24.169964,0.28560677,-14.343585,-0.75724727,9.795591,1.4032987,-23.534578,-0.36525306,-8.188879,15.719364,0.021492647,-0.0030178863,0.078299925,3.8194447,2.846975,0.16,0.1286468,0.1511111,0.12413652,-33.331684,ag,Ses02F_impro07,Ses02F_impro07_M006
120,39.79916,0.11305047,36.826164,38.743744,44.74551,7.919346,1340.4304,0.0,13.457828,23.763338,0.22042568,0.3928647,0.1397913,0.22596109,0.2824131,0.1426218,1.489578,0.77054495,0.8935256,0.15463482,0.04486035,0.491476,21.791103,0.27057263,-13.073962,-0.7768624,10.775078,0.6075792,-13.834381,-0.5964775,0.025785042,0.6972611,1.262114,0.38865432,5.479928,0.59842384,8.786971,0.8260914,14.79881,0.1615745,639.10376,0.39321703,1316.0703,0.15461719,-170.12181,-0.38957235,1695.118,0.12228729,942.98444,0.12236509,-155.82532,-0.46643496,2710.0298,0.06556614,1150.7004,0.30764174,-157.17198,-0.4471246,-8.260304,-0.58300316,17.269726,0.24043368,0.032599483,0.49446487,-0.0077050487,-1.3236117,0.051915254,0.24893057,25.051332,0.18892236,-16.442713,-0.55192983,13.757493,0.3938856,-17.887365,-0.5001417,-6.290537,15.806725,0.014250135,0.00076734537,0.044538904,3.3057854,4.310345,0.045999996,0.02154066,0.166,0.17188367,-43.34068,ag,Ses02F_impro07,Ses02F_impro07_M007
121,32.491295,0.282681,23.759333,29.311836,42.798008,19.038675,176.84589,189.49596,44.3028,24.819475,0.37243164,0.7335806,0.14743847,0.26353392,0.60420024,0.45676178,2.16478,1.8425299,1.7898828,0.7782703,0.08676606,0.6715525,28.938326,0.21027315,-12.273202,-0.8092294,14.365344,1.1632407,-24.463306,-0.50529927,0.015896274,0.70478785,1.1849474,0.47100836,3.9866605,0.95807475,4.3402367,1.4465572,13.7787285,0.6182265,613.5946,0.38764295,1284.6216,0.14408727,-86.13117,-1.065402,1616.3644,0.1857328,966.07495,0.35509747,-84.047615,-1.0367529,2660.958,0.090986736,876.9524,0.4881484,-86.021935,-0.99498993,-6.454636,-0.8083979,16.077436,0.43991444,0.034368455,0.51222473,-0.0075490857,-1.617254,0.1095475,0.531403,28.472895,0.21101215,-14.3588,-0.66899276,15.907363,1.2009579,-27.763645,-0.42730218,-9.448045,19.799042,0.017832799,-0.0056699077,0.053126242,1.882353,3.3333335,0.17428571,0.14003643,0.10428572,0.1537955,-34.26294,s,Ses02F_impro07,Ses02F_impro07_F009
122,30.440027,0.29092783,21.268246,26.811943,40.123306,18.85506,62.339222,25.738598,29.535666,44.942112,0.5372805,0.6122176,0.23135056,0.39989612,0.93632126,0.7049707,1.4849832,0.06821209,0.21178949,1.0585777,0.11434746,0.55497277,26.887735,0.19161889,-16.345219,-0.5771169,19.627922,1.2472706,-29.84157,-0.2934068,0.0153976735,0.7410077,1.1173279,0.537624,2.9211197,0.84824264,4.2178993,1.5042751,13.701136,0.78086066,516.29156,0.36612064,1258.2032,0.1492857,-40.45257,-1.7240765,1561.0475,0.16006902,821.6429,0.33302236,-40.38216,-1.5513421,2589.7546,0.08700983,911.9384,0.44476599,-42.78593,-1.4483488,-4.9120116,-0.8027258,14.30223,0.6081641,0.03079325,0.49959606,-0.012772638,-0.7520645,0.123444006,0.52632225,26.601921,0.20055166,-15.887295,-0.60864186,20.84173,1.218924,-29.309017,-0.29232666,-5.339992,14.58007,0.023036834,-0.008934549,0.08204533,1.5267177,4.8,0.16333334,0.12188337,0.032,0.011661904,-31.651836,b,Ses02F_impro07,Ses02F_impro07_M008
123,28.786032,0.25667888,22.316853,25.503649,37.614365,15.297512,139.56169,162.50539,69.87498,29.691914,0.38708776,0.6240279,0.17379124,0.29208925,0.6769364,0.50314516,2.94351,1.9520944,2.3035283,0.7568874,0.0999821,0.60447246,31.635391,0.17860873,-12.523392,-0.71823454,15.282019,0.592931,-22.638247,-0.52603036,0.016424451,0.6764335,1.1793318,0.5226324,3.399454,0.95720863,3.9586241,1.257205,15.808474,0.27614754,570.2279,0.40577883,1308.8634,0.14558822,-63.391182,-1.3602115,1522.6964,0.19112357,1095.5519,0.32855633,-63.669838,-1.2570654,2591.4504,0.07053989,744.956,0.25500688,-66.5525,-1.1708325,-8.726033,-0.6708847,17.042997,0.32479048,0.037175726,0.5274201,-0.011319712,-0.9861947,0.12775348,0.38580304,33.020107,0.12095062,-14.434595,-0.6189942,14.103583,0.65732265,-26.880484,-0.38922006,-10.973062,19.129126,0.016684543,-0.0007645777,0.049851406,3.539823,4.62963,0.144,0.1598249,0.0625,0.04145781,-33.497158,s,Ses02F_impro07,Ses02F_impro07_M009
124,37.024155,0.109728366,34.491817,36.572884,40.082916,5.591099,73.607506,80.22026,59.562576,51.583908,0.16411574,0.6195807,0.08115544,0.14874445,0.21817839,0.13702294,1.3359889,1.6715622,1.1350485,1.0900834,0.03750468,0.86620903,29.256145,0.2187493,-9.864323,-1.0757444,17.631191,0.59955,-15.151584,-0.7317966,0.017314615,0.8938311,1.2451879,0.39536446,6.2961717,0.45618358,7.286355,1.3004812,18.616814,0.49817586,669.7457,0.30393523,1443.0348,0.15945762,-126.14286,-0.7173828,1722.0929,0.11182128,1148.2867,0.354437,-122.60452,-0.70492995,2690.474,0.0908039,1060.6769,0.4005265,-123.840195,-0.6855827,-11.4021,-0.5127305,18.455767,0.38376093,0.03274663,0.5143992,-0.0105647445,-1.118493,0.04423448,0.7941657,31.988617,0.18984362,-13.5456505,-0.79873234,16.416113,0.6020833,-17.698816,-0.5722104,-11.436592,18.994844,0.02122644,-0.003047753,0.031052127,1.9379846,3.3333335,0.11705882,0.11680879,0.1725,0.1542117,-42.905907,s,Ses02F_impro07,Ses02F_impro07_F010
125,35.103195,0.17702341,29.158388,34.62188,39.99756,10.83917,356.1401,547.1683,23.471788,13.05363,0.34119415,1.0060109,0.109409414,0.1790203,0.5211084,0.41169897,7.291464,5.3675447,6.6487584,6.3374667,0.09349518,1.3577088,27.373571,0.29790285,-11.192079,-0.9289702,12.369059,0.8123115,-17.803595,-0.60471296,0.018169777,0.9253065,1.2076602,0.48999342,5.852049,0.5993837,7.093783,1.2168918,18.602478,0.5018322,661.43097,0.38948855,1345.0632,0.16836177,-119.48376,-0.75779754,1651.4948,0.16621749,1124.9532,0.29981288,-115.72564,-0.76255167,2674.497,0.088182576,970.7595,0.39479023,-118.630585,-0.7181234,-9.668652,-0.6463336,20.297537,0.3774207,0.03423042,0.47329107,-0.0041919975,-2.4883485,0.103076465,1.3210486,28.611338,0.2553258,-11.987436,-0.79487664,11.771248,0.8671613,-21.380713,-0.452371,-7.496864,17.776318,0.0217418,-0.001249647,0.08642546,1.3563502,3.2258067,0.13076924,0.12196856,0.15846154,0.15154824,-32.882404,s,Ses02F_impro07,Ses02F_impro07_F011
126,30.067844,0.17854944,25.912306,28.694485,32.31369,6.4013844,317.22122,191.22626,23.70945,16.009645,0.65837,0.57270527,0.3991779,0.55864364,0.97463965,0.57546175,8.029381,5.426952,7.3719115,6.209348,0.19399036,0.8114908,22.921532,0.272725,-16.738623,-0.43864846,12.75086,0.6653468,-19.634022,-0.6313924,0.024160108,0.8689395,1.2638886,0.5535287,2.756615,0.8868523,6.45422,0.86709535,11.63265,0.4214771,573.77026,0.46762913,1240.6907,0.15313327,-118.07282,-0.7708126,1530.1735,0.20105064,1028.0852,0.1867496,-114.17698,-0.8111662,2592.4812,0.07499348,922.0155,0.52101797,-117.882484,-0.7520906,-3.5972044,-0.86309445,13.731811,0.3066369,0.030021198,0.55850136,-0.003851025,-1.6275915,0.2359972,0.6601813,23.073158,0.20455101,-18.297058,-0.3652833,11.912854,0.716037,-23.062109,-0.51694804,-3.4610145,13.174806,0.020070903,-0.0021651061,0.1660494,3.215434,3.267974,0.12399999,0.07683749,0.14636363,0.15016794,-28.832386,oth,Ses02F_impro07,Ses02F_impro07_M010
127,41.33831,0.1426915,39.425304,43.579365,44.989365,5.56406,130.60745,54.84686,2.81441,2.653055,0.21048258,0.5127191,0.13042167,0.16234511,0.28833362,0.15791196,2.0079577,0.82797736,1.5097178,0.90751994,0.054495268,0.7785658,27.765936,0.4230158,-8.828374,-1.2686824,8.06982,1.5689511,-17.298811,-0.5782855,0.021616476,0.64592975,1.2501264,0.42069662,8.490073,0.40323967,7.80908,0.9797543,21.850883,0.51060486,818.0647,0.23560862,1294.2706,0.11503738,-108.49696,-0.81284314,1805.7487,0.11232244,1046.6599,0.16648896,-106.07093,-0.7720935,2857.224,0.06297796,862.16095,0.23903616,-109.63162,-0.71849185,-13.885811,-0.3166014,26.416643,0.23416817,0.032789193,0.61114264,-0.00013968103,-99.142006,0.042676713,0.4661837,30.11411,0.31135476,-6.364041,-1.0116118,8.393549,1.177295,-18.823944,-0.46936694,-4.1221375,18.044287,0.015714182,0.005175081,0.069973856,3.2608697,3.3519554,0.15166667,0.19995137,0.12333333,0.15227899,-40.83231,o,Ses02F_impro07,Ses02F_impro07_M011
128,37.67469,0.06618131,34.883564,37.92136,39.152245,4.2686806,65.537865,40.724884,20.336548,9.672944,0.119103566,0.45395336,0.065877825,0.10651515,0.16806531,0.102187485,1.0757678,0.47621813,0.56869876,0.28706187,0.023390392,0.69773716,28.026455,0.23582901,-5.4045997,-1.4487071,13.338608,0.7073936,-15.822579,-0.61078894,0.015828138,0.90708214,1.1728324,0.5091118,7.6676526,0.43568787,9.667074,1.094569,23.914967,0.2831133,581.74445,0.28474298,1434.0435,0.12594253,-134.30603,-0.6780007,1632.4705,0.115043566,1137.9294,0.26911,-125.14633,-0.70077443,2646.5908,0.08033922,941.7757,0.2837224,-126.98838,-0.6727224,-13.477805,-0.33556265,22.38663,0.25001687,0.0335557,0.62846625,-0.011389113,-0.9656714,0.032283634,0.5544167,31.842274,0.16081098,-7.825027,-1.2349505,10.368608,1.0759325,-21.762169,-0.45840985,-10.7457485,19.022945,0.010222597,0.0003909351,0.016858451,3.2442749,2.123552,0.18272728,0.18035775,0.29299998,0.20337404,-47.23988,q,Ses02F_impro07,Ses02F_impro07_F012
129,28.954475,0.19314465,22.789381,28.608307,34.6313,11.841921,262.56943,348.67218,50.364223,47.20025,0.26766518,0.46754417,0.15066075,0.24401669,0.38488644,0.23422569,2.0875378,1.0081618,2.0438952,1.0973017,0.06799513,0.6506162,24.638252,0.43743238,-0.08651346,-117.89477,20.983152,0.7578551,-19.481943,-0.5973196,0.03239878,1.8195904,1.2713615,0.45656866,4.0424147,0.5960825,5.0188923,1.8219603,22.366802,0.39018464,498.84338,0.34548426,1334.1947,0.20101735,-121.057594,-0.7629755,1527.3928,0.1238819,988.9218,0.3255014,-121.235596,-0.7204133,2590.0608,0.074230514,880.06573,0.3484545,-122.64893,-0.6988581,-11.759815,-0.48862574,19.447691,0.38714075,0.034030646,0.59899926,-0.0132176615,-0.8150847,0.06965655,0.51259047,26.671679,0.36693376,-0.5543505,-16.319124,23.154806,0.8206833,-20.345905,-0.47367892,-9.51196,16.568336,0.024148248,-0.010291208,0.06670702,4.255319,2.7777777,0.14555556,0.09130061,0.2175,0.15506047,-38.123447,s,Ses02F_impro07,Ses02F_impro07_F013
130,29.846876,0.17862943,24.527504,30.199139,34.752148,10.224644,302.3078,365.0613,42.18874,49.49855,0.27025062,0.47539175,0.14887312,0.24840333,0.39552844,0.24665532,2.1266627,0.97270674,2.0719573,1.0958062,0.06873863,0.6545736,24.00505,0.44311756,0.044769302,232.2468,20.764145,0.7826704,-19.83896,-0.59765756,0.035270445,1.8228936,1.2125124,0.47715744,4.2657332,0.523947,5.252798,1.8381453,22.273651,0.3936345,511.7368,0.38096517,1281.1661,0.17117235,-125.641136,-0.7256215,1553.3048,0.13522339,1008.1764,0.4225566,-127.30826,-0.67297125,2625.2205,0.08635352,927.77325,0.42297646,-128.46396,-0.6551145,-11.303835,-0.52489537,19.216671,0.41253847,0.03356247,0.648558,-0.012339974,-0.89346546,0.071141034,0.5218939,25.27551,0.3805333,-0.08212291,-115.585846,22.957949,0.86907107,-20.932974,-0.46000734,-9.4925995,16.618568,0.024475979,-0.010304948,0.067426056,4.458599,2.9126215,0.12777777,0.06178417,0.21875,0.15623999,-38.03472,ag,Ses02F_impro07,Ses02F_impro07_M012
131,26.71302,0.1577455,23.485394,24.975634,30.488228,7.0028343,76.36702,67.475655,16.076155,3.7937226,0.38171715,0.5397636,0.19484203,0.36809272,0.53661025,0.3417682,4.30478,1.7897317,3.8556347,2.9786916,0.09255234,0.6699692,27.18374,0.40243715,-3.8594332,-3.8381972,18.458017,0.8758402,-15.511029,-1.0351319,0.01448869,1.3459109,1.0756477,0.8174638,4.462886,0.6785856,2.7719786,1.6053822,19.265013,0.4557881,542.22144,0.41076604,1323.0011,0.16675258,-71.02237,-1.2857987,1561.6108,0.15792972,961.23016,0.2793127,-77.07101,-1.12449,2644.868,0.08635287,845.70746,0.46777788,-80.309296,-1.048243,-10.174879,-0.72330856,19.37467,0.36927763,0.038567234,0.5476632,-0.009507194,-1.691558,0.11013362,0.57195365,31.240417,0.28815454,-6.256625,-2.3391721,20.879889,0.8665012,-18.062944,-0.9891755,-8.855186,16.130554,0.015458789,-0.003098024,0.062439755,3.4946237,2.7247958,0.22899999,0.29173446,0.13,0.08192138,-33.14862,q,Ses02F_impro07,Ses02F_impro07_M013
132,33.56562,0.13463818,32.765915,34.44718,35.95575,3.1898346,61.426308,18.338892,37.806023,54.1031,0.19810992,0.60833883,0.110865764,0.15967698,0.25379002,0.14292425,1.8212813,1.1616791,1.3857753,2.0304167,0.038742304,0.808588,30.442684,0.20047559,-10.624985,-1.075478,12.623273,0.8667268,-16.409683,-0.60399985,0.013878659,0.90303415,1.1542604,0.5314261,5.78037,0.4855807,5.0996485,1.4504799,20.777752,0.37689716,652.73254,0.31134608,1399.7609,0.14017013,-65.73686,-1.3374743,1654.2269,0.11962045,1105.9409,0.22633888,-68.59856,-1.1945823,2684.7173,0.0838449,980.6592,0.3467548,-72.9797,-1.0851789,-10.30531,-0.55892956,20.396309,0.31263638,0.03732385,0.48237446,-0.0027080937,-4.740839,0.041440263,0.7838097,32.095165,0.15846173,-13.135397,-0.83635086,11.719051,1.0402771,-17.963612,-0.560111,-11.097076,19.217442,0.019697828,-0.0025343306,0.03214144,2.4,2.7419355,0.24588235,0.2585948,0.104375,0.06020473,-40.830326,ans,Ses02F_impro07,Ses02F_impro07_F014
133,39.53712,0.10025229,36.47141,39.45837,43.747498,7.2760887,119.09794,164.93439,25.013908,18.53676,0.16115414,0.7020608,0.08929695,0.13224882,0.19001168,0.10071473,1.3955535,1.3247144,1.0064148,0.744165,0.032742955,1.0324945,25.879013,0.22968177,-8.447536,-1.4887227,14.779708,0.8129712,-17.75614,-0.5992692,0.018954314,0.81210035,1.1343639,0.43869203,6.667028,0.42856976,7.1180906,1.2952627,21.383198,0.37035838,702.93665,0.27822158,1431.3779,0.1476258,-112.6966,-0.824779,1718.645,0.10611159,1076.481,0.24391663,-104.971504,-0.83688706,2748.1978,0.088925175,999.4213,0.33173046,-107.69756,-0.7914261,-11.140085,-0.45015487,19.851192,0.25948232,0.034020364,0.5910374,-0.005269863,-2.096856,0.03810497,0.9792541,28.719463,0.1494092,-12.67951,-0.90617484,11.563652,0.9846999,-23.633583,-0.34838358,-9.63862,17.76087,0.02267485,0.0021691276,0.02771895,1.5228428,3.084833,0.1575,0.10337028,0.13461538,0.13006598,-42.507595,o,Ses02F_impro07,Ses02F_impro07_F015
134,31.780312,0.28764296,22.360561,30.766376,44.389126,22.028564,96.60509,40.68288,347.1748,323.22913,0.2676927,0.6707758,0.12608063,0.2050084,0.39602178,0.26994115,1.967936,0.8607918,2.9371357,3.026105,0.06655123,0.7869891,28.288208,0.2532862,-9.929912,-1.0118433,15.992323,0.9550889,-14.021031,-0.762492,0.028691838,0.59735376,1.7066323,0.3652576,3.8225725,0.92840743,4.789261,1.1692939,19.52271,0.424357,628.2713,0.35200542,1402.5466,0.09748628,-126.29005,-0.68717694,1635.4313,0.12808703,1105.0874,0.3178578,-128.14264,-0.6423922,2633.4636,0.084385425,950.31726,0.19388913,-129.25862,-0.6277244,-11.68377,-0.55205005,21.437687,0.38067785,0.038275696,0.50054765,-0.0038439478,-2.328054,0.08351459,0.77376795,30.248856,0.22468914,-7.6705265,-1.334251,17.536707,0.7038205,-17.658142,-0.5204136,-6.943641,18.506416,0.026423328,0.0058456445,0.059474453,3.0303032,4.7619047,0.07333333,0.036362376,0.138,0.10906878,-37.347134,a,Ses02F_impro07,Ses02F_impro07_M014
135,35.14011,0.12635972,31.344488,35.89972,38.652508,7.3080196,36.541737,12.725825,11.343249,9.187436,0.2174079,0.79431593,0.12130606,0.17289998,0.23763204,0.116325974,1.2678001,0.71495354,0.7637428,0.23019116,0.045723077,1.1555496,31.279222,0.21922153,-14.491742,-0.6884546,14.470132,0.88332814,-20.144604,-0.39792666,0.015467922,1.0776747,1.156809,0.43476903,6.3030615,0.39108825,3.9053538,1.5846678,20.471117,0.3933009,635.3582,0.36080772,1426.5795,0.15661776,-76.80656,-1.2035604,1632.6434,0.12222745,1180.5366,0.23468626,-76.3977,-1.1149591,2630.75,0.09543285,1059.2291,0.31732848,-79.82203,-1.0378946,-10.535358,-0.38369593,18.921122,0.33811253,0.036310844,0.3818138,-0.0081596635,-1.0504621,0.04132327,1.0353596,33.598175,0.17588736,-14.650179,-0.7141279,12.708342,0.94353276,-21.488888,-0.33198905,-7.974917,15.571413,0.024459982,-0.0038364744,0.05664529,2.0576134,2.9535866,0.21285714,0.09113792,0.12166667,0.094059676,-38.934917,s,Ses02F_impro07,Ses02F_impro07_F016
136,31.704395,0.12375267,29.073732,31.53619,35.12098,6.047247,26.91179,15.830935,34.040466,16.244703,0.27539584,0.84260225,0.1346225,0.17256042,0.34329137,0.20866887,1.4652905,1.1182841,0.80443245,1.0998775,0.06509161,1.0815036,32.50955,0.21990478,-12.542122,-0.6910712,18.580765,0.7533947,-16.98064,-0.4251028,0.015307488,1.0008938,1.1635917,0.52144396,4.879015,0.412278,0.16748232,28.45056,18.20707,0.48375177,537.1695,0.30975512,1373.4365,0.124310955,-76.49377,-1.1984438,1562.9767,0.12896395,1089.3644,0.20012799,-77.64604,-1.0780175,2592.8972,0.10651773,1016.06244,0.22555578,-80.32691,-1.02132,-10.294902,-0.37042674,17.293964,0.3848315,0.035767157,0.42126185,-0.012315911,-0.7677198,0.055226155,1.1012635,34.277546,0.22496744,-11.320684,-0.880616,13.583093,1.0142118,-18.031784,-0.38688317,-7.7554502,12.99116,0.029186744,-0.006870168,0.091781266,1.7857143,3.738318,0.16499999,0.063442886,0.10666667,0.12256517,-36.048466,b,Ses02F_impro07,Ses02F_impro07_M015
137,27.172514,0.280734,20.23833,21.731833,34.96975,14.731419,182.18042,31.940208,24.449682,21.55343,0.25268978,0.3555785,0.17389917,0.2746539,0.33107263,0.15717345,1.1073583,0.4629001,1.091415,0.4445345,0.044262856,0.44054097,23.355663,0.67931175,-3.2543702,-3.9780748,11.730903,0.95759064,-22.426836,-0.4352706,0.01853331,2.1390371,0.97831875,0.69971216,3.291749,0.48397666,3.5148492,1.8430978,17.783442,0.36789036,519.85114,0.313917,1398.2479,0.11941261,-80.27144,-1.1876205,1530.4963,0.16840535,1141.5125,0.36683443,-81.786446,-1.095218,2577.9773,0.09118177,881.80444,0.30746385,-85.06239,-1.0226182,-8.251909,-0.45429406,15.94009,0.4024731,0.0317337,0.4521833,-0.016026532,-0.7126895,0.053471375,0.2844791,28.314041,0.5073693,-5.890262,-1.9888926,9.747127,1.0996329,-25.611692,-0.3763869,-4.9751873,11.7767935,0.016258324,0.0009704074,0.03474703,4.587156,2.8846154,0.20333333,0.111455016,0.089999996,0.050990194,-40.035583,oth,Ses02F_impro07,Ses02F_impro07_M016
138,30.781569,0.19048521,23.028545,32.7522,34.80753,11.778984,63.850887,51.67587,16.555506,16.912924,0.19946103,0.7496039,0.095596045,0.15513723,0.25917974,0.1635837,1.016308,0.6282752,1.101359,1.0580873,0.03581654,0.8290301,27.819593,0.34565005,-7.8037043,-1.5587962,15.792803,0.65091527,-16.912903,-0.56176835,0.014459515,1.3099697,1.028417,0.5603756,5.2725153,0.49680504,4.1593356,2.0055733,19.799774,0.42094177,592.1901,0.33060762,1397.647,0.14030617,-97.453316,-0.9789681,1610.7084,0.14172591,1143.4637,0.3795964,-98.06855,-0.91942215,2636.7822,0.0953822,984.72815,0.40195405,-100.79607,-0.8696897,-10.616155,-0.47846583,19.391855,0.3602841,0.03116468,0.50368375,-0.010055127,-1.2504559,0.04327611,0.717946,31.820599,0.24636856,-9.009816,-1.3129041,14.574643,0.7624815,-19.428198,-0.5156336,-8.730301,16.109985,0.018064026,0.0008986452,0.025603056,1.7316017,2.4709303,0.21058822,0.21170098,0.16388889,0.13060282,-39.690567,o,Ses02F_impro07,Ses02F_impro07_F017
139,24.932583,0.16892931,21.046642,24.04562,27.616058,6.569416,137.71442,95.639145,29.424234,16.516329,0.3788049,0.54968464,0.21648924,0.33024284,0.52264005,0.3061508,3.722436,2.5250223,2.090098,0.65166867,0.0895929,0.7207308,27.66706,0.36616716,-5.9627023,-1.7838985,23.140654,0.8490391,-11.529346,-0.8752981,0.014871759,0.7601001,1.0176742,0.71513796,4.2763343,0.62870914,3.522184,1.834564,18.720623,0.40733132,553.7362,0.40913197,1263.4663,0.16081434,-79.84221,-1.1578048,1592.5834,0.14519021,941.763,0.45866588,-84.64746,-1.0312103,2619.2742,0.099068984,975.1198,0.3841935,-86.00453,-1.0003332,-10.075866,-0.47241816,18.65604,0.35628274,0.030116362,0.55350125,-0.01141927,-1.231135,0.08832611,0.56771123,30.117893,0.2974787,-5.6383805,-1.9948804,25.91264,0.7791245,-11.247177,-0.8416504,-6.886139,15.759554,0.022430448,-0.0038320988,0.08859372,3.0630631,2.7272727,0.21666665,0.18689272,0.13,0.11081516,-33.473286,ag,Ses02F_impro07,Ses02F_impro07_M017
140,31.508486,0.24067938,23.872162,30.106064,39.760468,15.888306,339.82385,553.95917,44.54648,55.89101,0.36572883,0.6418125,0.17227186,0.29612368,0.5290128,0.35674095,4.705359,4.236038,2.714928,2.1318321,0.08894591,0.9210518,24.059479,0.37236696,-7.2972445,-1.3189487,19.287296,0.7534831,-17.585598,-0.671968,0.020807972,1.225754,1.1454915,0.56035584,4.865416,0.6752404,7.1511354,0.9826199,18.581663,0.4081352,563.2915,0.38322902,1326.3335,0.15699168,-83.776474,-1.1127359,1592.1855,0.14761302,1007.6252,0.29151008,-79.03404,-1.0809797,2596.6912,0.08041097,933.25714,0.32923013,-80.74292,-1.0431104,-9.9599085,-0.46157074,17.91671,0.33843058,0.033275835,0.5464347,-0.011351127,-1.1425014,0.09027757,0.85323626,26.495537,0.31281304,-7.27151,-1.3381616,18.667204,0.7950636,-19.235205,-0.64262855,-6.566189,14.026295,0.022461852,-0.0034843732,0.08678578,2.4734983,2.6619344,0.23366666,0.17240424,0.121999994,0.08170679,-33.38517,s,Ses02F_impro07,Ses02F_impro07_F018
141,24.158312,0.1893052,20.783237,23.079086,26.903902,6.1206646,23.574717,9.948999,43.633945,37.787174,0.27749333,0.48243126,0.14337605,0.251438,0.44870275,0.3053267,1.1434194,0.76491076,2.3522964,1.7722276,0.049444616,0.5244241,30.667048,0.25355464,-3.7811534,-2.549265,17.017567,0.80830044,-18.977072,-0.71382713,0.02083506,2.1406276,0.9095196,0.66070116,3.873748,0.49271804,4.3222775,0.8435775,21.272554,0.32511216,520.32275,0.40514073,1295.5447,0.123228,-45.26364,-1.6653672,1490.9155,0.16872874,986.11096,0.19270533,-49.90283,-1.4537587,2643.341,0.07597168,828.7456,0.46720526,-56.339622,-1.2311008,-11.437569,-0.38727695,20.276213,0.32015434,0.019672249,0.86544365,-0.009680426,-1.2630109,0.051856954,0.536956,32.88369,0.15170349,-4.029915,-2.071997,18.8007,0.7054926,-19.48137,-0.7686625,-7.1376405,14.944501,0.02026737,-0.0028306216,0.04345841,2.5316458,1.9607843,0.39666668,0.19154344,0.067499995,0.042646803,-37.586864,o,Ses02F_impro07,Ses02F_impro07_M018
142,26.06565,0.1675733,20.712482,25.998995,31.147648,10.435165,74.90718,87.542336,19.949123,4.7835526,0.36905903,0.41881874,0.23044726,0.34739512,0.46708477,0.2366375,4.554808,2.394055,3.2535706,1.7357491,0.09561911,0.45164713,28.14313,0.3494813,-2.5718455,-4.744741,28.636316,0.5478292,-10.672013,-1.068844,0.026126653,1.2120808,1.2417289,0.6670313,4.453084,0.48372358,7.408334,0.70879364,22.724634,0.33940366,560.31946,0.40296432,1272.9817,0.20088486,-44.770397,-1.7053152,1634.9025,0.15817273,881.72284,0.37105998,-53.457092,-1.2871101,2653.4893,0.11269596,918.71545,0.3865192,-54.38817,-1.25825,-11.951422,-0.40956005,19.516542,0.37816468,0.031023528,0.5364316,-0.010609608,-1.4966244,0.094198406,0.40139666,29.571642,0.31965268,-0.6195584,-16.149578,30.857397,0.50913817,-10.762662,-0.9673244,-6.5556984,15.340634,0.016098578,0.0033457668,0.104274,5.4545455,2.3255816,0.33599997,0.20421559,0.074,0.046733283,-34.186333,q,Ses02F_impro07,Ses02F_impro07_M019
143,33.562355,0.16033801,32.09286,34.325626,36.693703,4.6008415,49.5536,42.72478,11.606611,21.679266,0.16742642,0.6216886,0.0961308,0.13712537,0.20805053,0.11191973,1.4404033,0.9675108,0.75075454,0.7943866,0.033269662,0.8816497,29.005033,0.21346524,-6.328241,-1.4058908,16.492489,0.6782759,-15.976322,-0.6646951,0.01752841,1.333092,1.1275241,0.50378317,6.272673,0.48673448,8.365711,1.0256559,22.458897,0.3251864,605.0182,0.31597897,1434.9954,0.14533025,-95.66858,-0.99914986,1633.5704,0.123605266,1118.7974,0.27180287,-95.79266,-0.92913747,2645.635,0.090483405,1054.3173,0.34735075,-99.00303,-0.87104917,-12.294367,-0.39218602,21.99891,0.2787705,0.03400373,0.57650524,-0.0065671043,-1.6425604,0.034341753,0.5909854,31.497377,0.18274365,-7.5717416,-1.1392462,14.568751,0.88414156,-19.79619,-0.54164463,-11.304597,19.20817,0.014716584,-0.0010166472,0.032065246,2.0364416,2.586207,0.20708333,0.19762082,0.15958333,0.121088095,-42.761204,ans,Ses02F_impro07,Ses02F_impro07_F019
144,32.302006,0.15280156,25.493309,31.884771,37.217754,11.724445,243.84712,346.03595,34.356396,18.2827,0.35195577,0.9147537,0.12539679,0.2414546,0.49498373,0.36958694,3.581529,3.3463001,3.3460503,3.5818427,0.09670264,1.4217389,22.556171,0.34041023,-7.9606605,-1.2839676,14.254459,0.83273715,-13.210962,-0.7155577,0.017795583,0.82326066,1.2793431,0.54118615,4.0954156,0.6400897,1.2605853,5.856649,16.747667,0.43119887,647.5408,0.3965082,1258.1508,0.11964928,-130.24391,-0.67810774,1665.706,0.17787969,1068.1609,0.2677849,-123.904884,-0.70969534,2661.2617,0.09175152,897.39154,0.3296353,-126.019966,-0.6779734,-8.717256,-0.7437074,17.835226,0.33138523,0.032784358,0.60329103,-0.005355081,-2.485906,0.10325455,0.8805433,25.51495,0.3186102,-8.474603,-1.3238629,11.583266,1.0455476,-15.863623,-0.65180826,-5.8204947,14.206861,0.02224617,0.004244036,0.09338981,1.5503876,3.5714285,0.103333324,0.058118653,0.15666667,0.12952906,-32.45891,o,Ses02F_impro07,Ses02F_impro07_F020
145,27.163944,0.18298566,22.985754,26.247032,31.029816,8.044062,26.383976,14.963895,76.128494,68.95673,0.36336422,0.5970029,0.15311289,0.32619405,0.56132114,0.40820825,3.80265,2.6665077,3.586563,2.1072779,0.09404438,0.75329244,25.651108,0.39771163,1.5662074,7.285928,23.939014,0.7851932,-9.816682,-1.2960768,0.016367909,1.2386842,0.986242,0.61816335,5.4751096,0.60348433,5.258334,1.3749893,21.070272,0.33155712,538.8206,0.43119267,1276.5908,0.14984564,-73.690956,-1.226649,1621.9679,0.16498643,868.7654,0.36093178,-79.2956,-1.0566573,2633.108,0.10140943,909.3622,0.36727154,-80.099045,-1.0382401,-12.498597,-0.5098506,20.270319,0.29772744,0.027613837,0.76722544,-0.009491213,-1.1351181,0.10543266,0.6802948,27.406004,0.324306,2.165831,5.3627853,27.764679,0.7536968,-10.4790125,-1.31243,-9.660356,16.803669,0.0150976125,-0.0010491508,0.075339355,3.8647344,2.2004893,0.29,0.3197221,0.129,0.06315853,-32.598194,q,Ses02F_impro07,Ses02F_impro07_M020
146,34.41129,0.2210254,25.882172,36.406178,42.148884,16.266712,109.5493,163.24529,55.709152,49.751064,0.254,0.740888,0.11088835,0.19198385,0.36065316,0.24976481,2.72977,2.606975,2.113799,2.1580691,0.061449908,0.96183383,27.973078,0.23645306,-8.395466,-1.431663,13.356194,0.9495081,-15.992796,-0.6596744,0.019181186,1.0139878,1.2060566,0.5225339,6.061411,0.5885221,6.470727,1.3357867,19.139954,0.41538444,624.68115,0.3455189,1343.7516,0.1469632,-108.588,-0.87098,1650.808,0.13397281,1043.1339,0.35241663,-101.969444,-0.87166476,2685.781,0.097308174,885.9729,0.36711028,-104.62635,-0.8259285,-10.360257,-0.60208344,19.29837,0.30249608,0.029614659,0.62980103,-0.011059105,-1.4561256,0.07689889,0.8591757,29.676142,0.19601625,-9.84596,-1.2470425,13.532996,1.092428,-20.246601,-0.5287021,-10.030939,18.892622,0.015140541,0.0004375371,0.045028187,2.5333333,3.0913978,0.16086955,0.13302216,0.15619047,0.15223654,-36.734604,ans,Ses02F_impro07,Ses02F_impro07_F021
147,28.119486,0.20633003,23.808168,26.622147,31.221611,7.4134426,208.63506,234.88033,117.173706,93.900764,0.2674109,0.5223537,0.119086206,0.27734044,0.38834852,0.2692623,2.1740131,1.387181,2.0503528,1.240144,0.059882086,0.6281835,28.696136,0.27933878,-5.6419854,-1.9830602,20.067863,0.6240991,-16.980038,-0.7026627,0.017336603,1.0006546,1.1056944,0.6520406,4.906316,0.624001,4.658062,1.089206,19.539768,0.3822053,552.0838,0.3650676,1312.312,0.12730953,-96.004295,-0.9983674,1633.5602,0.15048185,985.5174,0.27299136,-99.660545,-0.88971776,2647.8,0.09321622,844.3052,0.385007,-101.02005,-0.86577886,-12.069729,-0.42982727,18.737318,0.3301753,0.03579036,0.46373856,-0.01944483,-0.8692535,0.07599028,0.48732135,30.222515,0.25138053,-2.2809334,-4.4499583,24.070932,0.5581784,-22.12113,-0.5306255,-8.589739,17.749073,0.008957208,0.00092686736,0.04346909,3.7453187,2.6819925,0.19285715,0.1832028,0.16,0.1457983,-37.312862,ag,Ses02F_impro07,Ses02F_impro07_M021
148,33.8244,0.18133381,26.15652,35.594246,37.93257,11.776051,171.5354,208.04993,34.992374,30.585249,0.1582279,0.5111957,0.091314115,0.13719602,0.21448705,0.12317293,1.5538734,1.5178,0.9376372,0.758747,0.03331377,0.6745484,28.66067,0.27262792,-7.469171,-1.5187461,11.823446,0.97676253,-13.974876,-0.842692,0.020666178,1.1649055,1.238903,0.54447067,5.1623015,0.5339129,5.7708344,1.4347347,23.8844,0.3626329,627.84064,0.3255429,1389.5332,0.12192072,-123.188385,-0.74259937,1619.6636,0.13257961,1122.0206,0.26285365,-121.3308,-0.71976626,2699.2654,0.080571994,1006.0051,0.41830623,-124.52222,-0.67221755,-11.64883,-0.4811961,22.99314,0.2947123,0.025923304,0.7568135,-0.006394629,-1.8012904,0.040421154,0.6163779,32.981995,0.16564679,-8.112493,-1.5560609,8.497961,1.4835503,-18.612001,-0.5778496,-9.465615,18.716887,0.010363764,0.0018762368,0.028002996,2.29682,3.10559,0.12714286,0.13022116,0.17428571,0.16581032,-44.210056,s,Ses02F_impro07,Ses02F_impro07_F022
149,39.053043,0.14877985,34.063705,36.358795,45.8367,11.772995,342.88754,290.69135,41.3751,46.667675,0.2760781,0.28815562,0.20733343,0.2805207,0.34848654,0.14115311,1.640811,0.39642584,0.7507265,0.35765904,0.06310328,0.4022461,25.21257,0.279065,-23.524231,-0.39180258,3.5283093,2.9058864,-19.134308,-0.5711131,0.026865711,0.7379612,1.2371724,0.3918921,4.8120036,0.8620167,4.319359,1.8736899,18.337193,0.3633255,787.8096,0.2999084,1256.536,0.1400669,-77.72141,-1.1279782,1709.9846,0.12503664,1165.686,0.3211132,-72.985344,-1.1668844,2791.9731,0.076035224,924.3979,0.33527443,-80.12385,-1.0067749,-5.07447,-0.9659207,17.644022,0.3243102,0.040290147,0.49593732,0.007752321,1.7760599,0.06336734,0.3435592,26.1588,0.22195071,-22.894638,-0.37987047,4.34306,2.2531922,-20.676805,-0.46428117,-0.8789393,15.022628,0.02918643,0.012083161,0.06332078,3.5714288,3.6809816,0.17,0.14271183,0.068571426,0.03313547,-40.691223,o,Ses02F_impro07,Ses02F_impro07_F023
150,32.257927,0.14411162,26.243988,34.056282,35.97889,9.734901,76.74738,37.679962,49.85232,44.60989,0.28242898,0.3342808,0.19596791,0.2671887,0.35514733,0.15917942,2.8429642,2.4370039,1.3932623,0.7936854,0.063253224,0.4968277,21.685278,0.38383752,-15.791279,-0.5243866,14.558566,0.7881587,-12.0519905,-1.0765553,0.03832292,1.591386,1.5038512,0.4611795,2.475108,0.7568103,7.790009,1.0409354,15.8428135,0.317752,573.80743,0.36124927,1365.1655,0.19360219,-110.99237,-0.8584185,1535.2804,0.12188477,1041.7395,0.2571026,-106.81356,-0.8770716,2681.1982,0.07955355,926.0292,0.2555014,-110.29712,-0.8159731,-5.5003905,-1.1068459,15.843325,0.28859735,0.030895142,0.6667576,0.0044088946,3.747042,0.07351649,0.5317028,25.279339,0.24548392,-16.033121,-0.5902491,13.629569,0.89083505,-15.0506,-0.72299,-1.0196724,12.340293,0.018875685,0.008002405,0.057242263,3.2967033,2.840909,0.16,0.1360882,0.28666666,0.22866763,-39.979538,oth,Ses02F_impro07,Ses02F_impro07_M022
151,41.290142,0.057924103,39.238537,40.521076,44.330536,5.091999,19.817892,9.995242,51.722828,14.687724,0.12145247,0.3385624,0.08450674,0.11614359,0.1467079,0.062201165,0.5755871,0.40770358,0.6714595,0.3488546,0.025310678,0.44351098,28.030674,0.20345013,-3.6334736,-2.711865,17.16179,0.60020643,-14.635901,-0.6070319,0.025228148,0.7091897,1.3777566,0.453363,8.519703,0.22810301,10.276553,0.6179183,17.797358,0.37433064,704.8808,0.28127888,1449.1375,0.15671659,-116.90589,-0.74256575,1729.7959,0.10042936,1112.1678,0.1915176,-100.961754,-0.793472,2689.2507,0.08406125,1015.13086,0.42600104,-102.05353,-0.775235,-14.171678,-0.28506348,21.995531,0.26750517,0.023150971,0.646271,-0.005690098,-1.3814188,0.02806279,0.40564784,29.974442,0.16421111,-6.890206,-1.3998294,18.168148,0.58804595,-18.08861,-0.38984275,-14.289493,22.343063,0.0104181785,0.00087748887,0.022552738,2.7649772,4.245283,0.12444445,0.1015558,0.081,0.056824293,-47.118736,s,Ses02F_impro07,Ses02F_impro07_F024
152,28.759575,0.25233266,21.9248,24.231445,36.880226,14.955425,84.502396,15.752689,119.66541,93.83979,0.18406746,0.4105566,0.11459288,0.18514362,0.2533104,0.13871753,0.80514896,0.22955641,0.8722577,0.14949659,0.035387762,0.47980332,27.811913,0.13855347,-8.811352,-1.1347272,19.129272,0.49530327,-15.344992,-0.7656036,0.020599302,0.6329653,1.089153,0.55604535,3.6012611,0.4763782,3.3190477,1.9704603,19.738956,0.32465386,627.8647,0.29217562,1353.9998,0.1234106,-98.82496,-0.9099262,1672.4625,0.13968724,962.8442,0.22288607,-102.47975,-0.83585274,2763.424,0.06847333,967.66174,0.41912857,-104.926414,-0.79393107,-10.528076,-0.4886866,18.423592,0.28974745,0.010693029,1.6780251,-0.0017357597,-7.7838593,0.03971704,0.3624015,30.287142,0.10636856,-8.320377,-1.4334726,19.028894,0.5826981,-13.288632,-0.919297,-8.656425,15.75627,0.01048076,-0.0035949089,0.032996785,2.9411764,4.580153,0.105,0.06677075,0.078571424,0.08887046,-44.37873,b,Ses02F_impro07,Ses02F_impro07_M023
153,34.076424,0.1965416,26.209446,36.238747,39.556175,13.346729,116.469795,97.80607,86.36097,93.36205,0.15660748,0.64647233,0.079067454,0.13161784,0.20934604,0.13027859,1.9868999,1.7760623,0.98692244,0.9535502,0.034318123,0.9739728,26.396748,0.2412035,-5.469595,-1.5551101,14.397623,0.73003733,-11.373669,-0.94593406,0.021638982,0.8606652,1.3048129,0.5070879,5.3152585,0.57835275,5.551114,1.5147378,19.282005,0.35796097,604.3231,0.295529,1390.2722,0.14146124,-138.33086,-0.61345965,1631.8171,0.1365792,1114.066,0.30189708,-132.42851,-0.62957954,2649.5715,0.096797705,1002.5015,0.43426645,-134.33418,-0.60279304,-11.304692,-0.36354682,19.407866,0.29418212,0.022406578,0.8051337,-0.006703951,-1.6597466,0.04189797,0.9030651,30.10079,0.15274428,-8.216167,-1.0998498,13.084642,0.91337526,-16.13214,-0.6509585,-10.436577,18.620989,0.007502053,0.000985047,0.029870337,2.2280474,3.6939313,0.089999996,0.08194075,0.16,0.13114877,-43.358685,s,Ses02F_impro07,Ses02F_impro07_F025
154,28.701458,0.14075667,24.481033,28.540268,31.112505,6.6314716,60.966293,26.123796,28.906498,15.029546,0.46055263,0.5248368,0.28317085,0.41664004,0.61027,0.32709917,3.8787286,2.1841578,3.4106266,2.1449478,0.1324766,0.81214654,22.982216,0.65192133,0.6163108,29.54237,11.926996,1.52252,-12.253878,-1.3530295,0.022103256,1.682509,1.0682923,0.5734699,5.392177,0.5175904,7.5646005,1.2286874,24.042828,0.33167586,555.6452,0.39085183,1340.7794,0.12106564,-60.259777,-1.4481158,1613.098,0.18290262,974.74817,0.29903105,-64.67436,-1.2490128,2696.204,0.09377566,923.4163,0.338955,-69.657364,-1.1116505,-10.990904,-0.61107194,22.116606,0.30240253,0.03742436,0.51741254,-0.011804022,-1.4036225,0.1501202,0.75146127,28.480423,0.41486144,3.5482514,4.3880277,13.879201,1.4735117,-16.013828,-1.0921618,2.7142975,9.918073,0.011966976,0.012919683,0.07741743,3.3333335,1.4245014,0.504,0.2536612,0.17799999,0.20212868,-30.66608,s,Ses02F_impro07,Ses02F_impro07_M024
155,30.87078,0.21302547,25.296621,27.708647,38.99199,13.695368,100.009766,94.47095,62.75301,55.289223,0.7671967,0.5288072,0.44114128,0.6959443,1.0375024,0.59636116,7.703353,9.11811,4.5703044,4.4859314,0.2294506,0.8563633,26.33826,0.2088543,-17.79914,-0.6626515,10.752869,1.3323586,-19.158525,-0.62192005,0.022526084,1.6552839,0.95607793,0.5532048,4.429693,0.7451988,2.3369694,3.2516448,13.293158,0.5114274,561.29956,0.4115089,1291.0968,0.1538113,-28.496693,-2.393254,1556.7046,0.15903443,969.98456,0.2933486,-26.869131,-2.3026412,2608.599,0.089343555,846.72815,0.34052536,-32.894928,-1.805871,-6.4162464,-0.7014696,15.945224,0.34792483,0.039995886,0.448436,-0.011259527,-0.8831477,0.22774994,0.8558964,26.595003,0.2009867,-17.877905,-0.67077696,10.314502,1.3998331,-20.32405,-0.5693769,-4.757454,13.736855,0.025527239,-0.0062598875,0.24734622,2.454992,1.821192,0.47,0.34951916,0.05909091,0.030882338,-25.968634,ag,Ses02F_impro07,Ses02F_impro07_F026
156,28.63669,0.17816816,24.858013,26.510288,34.571835,9.713821,251.8111,38.252655,29.423563,38.57842,0.59086597,0.30821422,0.4466083,0.5326607,0.80597514,0.35936683,3.2020288,1.8656919,1.6199604,1.0639486,0.12937552,0.3239616,24.509562,0.21081428,-11.813119,-0.9411211,6.8454494,0.86200106,-17.34876,-0.71182495,0.016182108,1.7751806,0.9389061,0.5131818,5.612949,0.4057788,3.6760213,1.3498416,15.867432,0.44971633,581.40186,0.37423253,1337.8136,0.2301979,-33.203182,-2.250621,1578.5476,0.1497178,1029.9265,0.29172722,-31.631874,-2.095985,2621.1804,0.062258184,846.7238,0.28712317,-37.122375,-1.7304065,-9.038199,-0.40218505,18.853199,0.21819967,0.042527303,0.37482366,-0.011041607,-0.6978402,0.1285817,0.35565317,24.778122,0.21095484,-9.199097,-1.1430591,8.118755,0.69868076,-17.841366,-0.6708991,-1.7081468,11.652572,0.026008056,-0.00012228113,0.14682062,4.494382,2.3809524,0.35,0.16,0.11,0.0,-30.278494,s,Ses02F_impro07,Ses02F_impro07_M025
157,29.824911,0.10720714,26.821892,28.483116,32.48039,5.658497,25.782856,20.846647,36.660275,17.89467,1.2126532,0.42962515,0.7730741,1.1593696,1.5346215,0.7615474,12.570405,8.938549,8.243262,5.531256,0.44699866,0.67747635,23.683844,0.23389871,-14.904394,-0.6532144,16.049114,0.98192227,-16.840382,-0.8162316,0.017074965,1.1604078,1.067925,1.0481764,4.1165695,0.739527,0.6753865,7.0387664,10.170497,0.55912316,526.8817,0.4303717,1261.2052,0.24341464,-43.605053,-1.7380395,1524.9104,0.1676254,871.5162,0.31223318,-39.282494,-1.8114785,2585.9353,0.08372859,696.66003,0.21299298,-44.02875,-1.5622256,-4.308308,-1.0466533,13.5816965,0.4070003,0.050534848,0.29883453,-0.012685369,-0.6310768,0.46231574,0.634845,24.180843,0.18412106,-16.342049,-0.5815877,15.457888,0.96837527,-19.028282,-0.7083993,-3.7837434,12.057724,0.018927682,-0.010895993,0.49803066,3.846154,3.2258065,0.24249999,0.17697103,0.06,0.049665544,-21.80016,ag,Ses02F_impro07,Ses02F_impro07_M026
158,32.308907,0.30480388,23.00004,27.96552,41.36492,18.364882,42.324085,13.301829,90.022705,36.74297,0.68395793,0.42185286,0.41910714,0.71225345,0.9008485,0.48174137,2.8447437,0.4444491,2.1985984,1.0986583,0.18897727,0.5606999,27.700659,0.20459408,-22.84606,-0.4762304,7.0720167,1.8733788,-22.256014,-0.47891533,0.028697204,1.4941195,1.1336629,0.56271434,4.014996,0.9147542,2.7178426,3.759522,11.818462,0.47620708,551.87115,0.42071325,1307.7076,0.15621118,-34.17656,-2.1161232,1530.71,0.1517724,1070.2181,0.28566173,-28.674248,-2.2485266,2558.292,0.09251589,938.8262,0.467233,-36.270386,-1.6953555,-5.0103693,-0.8764315,14.677039,0.4202921,0.031041548,0.56086963,-0.009375389,-1.2716358,0.18759103,0.6027629,27.743443,0.21320792,-23.60125,-0.45516118,7.610559,1.8690456,-23.541187,-0.45000812,-6.248487,16.044613,0.027505968,-0.0061927247,0.21143529,2.3809524,2.4691358,0.34,0.3174114,0.06333333,0.012472191,-28.354954,b,Ses02F_impro07,Ses02F_impro07_M027
159,27.741892,0.22605869,23.391836,25.581024,32.683655,9.291819,207.6466,446.00256,92.68254,90.96445,0.5083038,0.5459689,0.2188527,0.48513895,0.7499206,0.5310679,7.1695523,5.24268,5.6052046,3.8413522,0.14012383,0.7824556,24.021523,0.42417225,-6.1171265,-1.6562659,18.313778,0.7886999,-13.736438,-1.1576442,0.015796158,1.057195,1.0579765,0.76637113,4.8356724,0.68751454,3.0944865,1.9041954,16.673964,0.42490914,478.18484,0.37875497,1231.7076,0.14963236,-81.20741,-1.1523364,1474.8813,0.1354313,881.29675,0.27190295,-81.909035,-1.0835115,2541.8953,0.076060094,755.95734,0.31944457,-85.35814,-1.0090967,-9.204259,-0.47858122,17.61386,0.31796846,0.038006056,0.58767956,-0.010227622,-1.2027531,0.15475498,0.69899243,27.273544,0.24635866,-6.8228354,-1.295928,19.78935,0.7791268,-16.729385,-1.054248,-5.2548137,13.80769,0.01977625,0.002725553,0.11890693,3.4482758,2.7295287,0.21727271,0.16796052,0.13571428,0.13397126,-29.87326,o,Ses02F_impro07,Ses02F_impro07_M028
160,26.661644,0.13481659,24.664658,25.321358,27.850853,3.1861954,21.38782,9.600315,77.89846,66.93217,0.4160276,0.49595612,0.16721918,0.47771516,0.60937136,0.4421522,2.9568148,1.1606243,3.732493,2.2316852,0.11125896,0.60786563,25.469898,0.35378638,-1.6148617,-5.9037347,28.53682,0.41249382,-6.0269156,-1.7736937,0.012377873,0.61785597,1.1605226,0.68747234,5.098096,0.44922757,5.0741596,1.4773318,16.71223,0.3208179,375.5708,0.2141254,1168.5089,0.09289774,-61.473408,-1.4681561,1406.273,0.08181945,777.6526,0.16745001,-67.518654,-1.2266462,2422.2427,0.039291456,739.7577,0.27486405,-68.87074,-1.1859112,-10.617583,-0.33913574,16.378597,0.30028796,0.041207742,0.3616342,-0.0073440936,-1.565756,0.13062823,0.3596918,27.087738,0.25711736,-2.9866736,-2.7407548,30.606554,0.39643636,-8.294493,-1.2777035,-11.598915,18.55527,0.0075020287,0.010872991,0.07994527,3.8759692,1.6129032,0.42999998,0.29999998,0.11,0.05656854,-31.108763,b,Ses02F_impro07,Ses02F_impro07_F027
161,27.496521,0.19898412,23.667177,25.999592,31.078873,7.4116955,338.33615,593.63556,70.561554,69.89881,0.5417939,0.5212228,0.27433592,0.50903654,0.7987236,0.52438766,9.388794,5.969329,6.4680066,3.8371592,0.14964736,0.77744234,24.075518,0.3641898,-7.1224976,-1.2735654,19.889883,0.6052554,-15.9101095,-1.0901273,0.019156152,1.0246387,1.2164726,0.72851735,4.667678,0.60117865,2.222942,2.4378827,16.105183,0.38968903,435.69,0.35492346,1232.4342,0.18367459,-76.05577,-1.1954093,1428.3877,0.12333681,859.0712,0.24617192,-75.875114,-1.1398962,2500.513,0.069566414,761.0399,0.41557786,-79.76264,-1.047644,-9.142232,-0.4846367,18.275808,0.30055737,0.033035405,0.67284435,-0.0128560355,-0.9552582,0.15395434,0.7784994,27.044277,0.24187517,-7.3261795,-1.2320186,19.059507,0.67469114,-20.01336,-0.9421992,-5.885254,13.123132,0.019420667,-0.0027590953,0.1477528,3.5,3.2911394,0.18692309,0.1294595,0.08928572,0.106399804,-29.525291,g,Ses02F_impro07,Ses02F_impro07_F028
162,32.23587,0.34951222,18.711512,31.80529,46.36888,27.65737,40.28423,13.098618,150.3623,27.587502,0.39500248,0.49449992,0.20017786,0.35874897,0.507871,0.30769312,2.906334,1.4443085,3.6093838,1.06741,0.11725409,0.8067097,24.819954,0.48197302,-3.925864,-3.1832519,1.4780923,7.8241453,-22.344395,-0.787276,0.026071193,1.159917,1.2213644,0.4722506,4.8759136,1.1334239,5.704922,1.3651441,24.682837,0.34251884,618.77155,0.34607193,1335.8035,0.13158938,-107.970634,-0.90051305,1537.7357,0.16730997,1033.2126,0.24106292,-110.01457,-0.8220795,2725.732,0.07806841,703.6583,0.4230524,-116.328384,-0.7242554,-8.323158,-0.598092,20.56978,0.28042427,0.035172474,0.47637168,-0.004879011,-2.61447,0.14376676,0.82392144,29.31145,0.1474218,-8.64157,-1.1457989,1.5738976,9.310361,-32.242558,-0.5600015,-4.5819335,16.013708,0.020153651,-0.0020199204,0.104473695,2.8301888,3.0,0.14999999,0.016329931,0.16333334,0.07408704,-33.400963,oth,Ses02F_impro07,Ses02F_impro07_F029
163,27.799522,0.21152504,22.985394,25.627792,33.800858,10.815464,118.20907,84.375374,57.824066,50.211327,0.307974,0.5125331,0.16179447,0.30088565,0.47405887,0.31226438,2.5156412,2.088768,1.9151461,1.0653845,0.06773417,0.73733014,22.423525,0.6217031,-4.7013516,-2.990344,19.1443,0.89324933,-10.385536,-1.034091,0.01713925,1.5315112,0.9690322,0.63290215,4.714835,0.6731226,3.8811269,1.6567843,18.518654,0.49703765,592.2524,0.4001062,1323.8872,0.16016847,-95.36627,-0.9951718,1630.0283,0.1467087,957.0846,0.3498656,-97.05711,-0.93456805,2663.0815,0.100965515,1018.467,0.43680122,-99.21949,-0.8934124,-9.59102,-0.6544873,18.661814,0.36191168,0.024490064,0.74093074,-0.007798398,-1.3816463,0.08082901,0.65175647,27.06141,0.36395374,-5.3546824,-2.7477365,20.04186,1.0175527,-10.636237,-1.1047755,-5.316447,13.150254,0.007988182,0.0023229052,0.052949257,3.7475348,2.3904383,0.22,0.2061957,0.23666665,0.28658912,-35.789078,s,Ses02F_impro07,Ses02F_impro07_M029
164,26.055986,0.14787479,23.654804,25.620283,26.35982,2.7050152,194.60077,227.69545,49.812157,25.746038,0.38134795,0.42297015,0.24059051,0.39719453,0.5291799,0.28858936,1.8320073,0.32778594,1.8100792,0.51744676,0.09480626,0.62225133,21.880766,0.547071,-0.5557441,-29.995481,25.203655,0.7447083,-8.746864,-1.1332905,0.013703896,0.96756446,0.9337275,0.6134543,4.6704316,0.53522235,6.245203,0.9787782,20.19991,0.4515826,579.4515,0.37860653,1308.6156,0.14147334,-100.93437,-0.93439436,1677.5511,0.12912619,976.84216,0.42212778,-104.079475,-0.84460527,2620.6174,0.089161515,1012.9145,0.28435138,-103.86692,-0.84843516,-11.393477,-0.47101152,19.51794,0.30436862,0.025900533,0.6860504,-0.0133672925,-0.97653246,0.11791655,0.512726,24.53312,0.37307137,2.723983,5.1901546,31.067299,0.676916,-11.306582,-0.9705165,-5.9690256,12.863895,0.016083062,-0.0041535716,0.07616607,3.2608697,3.3519554,0.145,0.13598406,0.15799999,0.061122827,-33.11999,ag,Ses02F_impro07,Ses02F_impro07_F030
165,36.461662,0.14455925,33.498608,37.94716,39.19675,5.698143,120.37915,91.14908,200.64185,108.38299,0.26652327,0.41763797,0.17303838,0.2609086,0.3383209,0.16528253,3.1557813,3.3350737,2.298183,1.4293319,0.05633886,0.7340348,20.189724,0.64613706,-9.753417,-0.9542972,13.300338,1.0633696,-19.824322,-0.39020476,0.019903867,1.6383487,1.1310298,0.536642,6.4228435,0.5890154,4.8898344,1.8274647,16.414577,0.48089716,601.67706,0.3630756,1345.7905,0.1253901,-85.88706,-1.1052357,1633.4138,0.109664135,1035.4985,0.23347557,-77.52276,-1.1320219,2653.9744,0.09681485,1125.1116,0.45538673,-81.28038,-1.0424638,-8.766363,-0.6744836,17.355038,0.3644714,0.03456297,0.5518898,-0.008118832,-0.89592636,0.047122233,0.68782246,24.564764,0.31057966,-11.606183,-0.7803366,8.479709,1.5236579,-18.894238,-0.40299204,-3.5565841,9.536155,0.026835708,-0.0014963513,0.06280631,2.6119404,2.7027028,0.22857143,0.31188038,0.11857142,0.11089616,-39.878956,s,Ses02F_impro07,Ses02F_impro07_F031
166,26.6523,0.20386106,23.304558,25.26574,30.311573,7.007015,60.3933,29.039734,35.19316,28.769918,0.48401645,0.71051383,0.22764015,0.392326,0.69995654,0.47231638,4.290548,2.3249233,3.7239003,1.923072,0.12367673,0.97048,28.850119,0.30725607,-8.338104,-1.4858884,15.723997,0.7988666,-15.122011,-0.68711877,0.015782287,1.4699248,1.1626681,0.64037824,4.386321,0.53777003,4.0759816,1.5276674,18.690336,0.3844011,551.9445,0.42198214,1258.7332,0.1482641,-61.545876,-1.4142088,1532.5903,0.17125736,965.6434,0.27301714,-62.65304,-1.3095688,2582.6946,0.095654696,819.0511,0.42375657,-68.03348,-1.1546229,-9.292621,-0.5244433,18.907919,0.29663247,0.038686793,0.43418756,-0.0081738215,-1.6394631,0.13284291,0.96520007,30.801964,0.24869694,-8.08751,-1.3896413,15.110364,0.873878,-16.635914,-0.6342751,-8.045967,14.815923,0.02797368,-0.002636136,0.105234124,2.284264,2.8277636,0.24363635,0.19293298,0.088181816,0.0585923,-29.671135,ag,Ses02F_impro07,Ses02F_impro07_M030
167,25.691578,0.12913494,23.608288,25.582489,27.607613,3.9993248,27.856583,4.4989085,28.873713,0.0,0.5544077,0.4237355,0.33092523,0.5362167,0.7433082,0.41238296,4.318303,2.6716409,3.5077798,1.3133999,0.129963,0.50433904,29.152523,0.35842544,-3.0142975,-3.8349729,14.400332,0.7983583,-15.082824,-0.7787104,0.01686264,1.6758068,1.0830386,0.72204846,4.9202757,0.42903486,4.783988,1.2182913,21.48196,0.27023664,522.84125,0.42539692,1280.7516,0.18824138,-40.168808,-1.8870728,1480.5402,0.1811189,922.3515,0.21219218,-42.80212,-1.6881222,2572.966,0.08775688,776.1385,0.3419363,-51.063328,-1.3371222,-9.529027,-0.39105642,19.995022,0.28177175,0.044241674,0.3978008,-0.008116361,-1.5153817,0.13955614,0.4837214,31.22262,0.24566773,-4.4489594,-2.2090018,14.104947,0.8666142,-16.89121,-0.69907343,-8.123362,14.007663,0.022200232,-0.0014557609,0.101301804,4.2105265,2.7173915,0.288,0.17769636,0.0775,0.04205651,-29.066528,s,Ses02F_impro07,Ses02F_impro07_F032
168,27.080183,0.24252746,20.954384,24.761372,34.71137,13.756985,113.03206,71.22811,34.00668,25.330135,0.21629742,0.56284714,0.11049379,0.17768754,0.3441208,0.23362702,1.603388,0.98767245,1.000744,0.64605546,0.043170318,0.66132313,30.567652,0.19951029,-6.7395325,-1.4032102,19.976967,0.73694974,-11.284075,-0.7714634,0.014711495,0.8879244,1.1178735,0.57937074,4.3842034,0.6376834,5.462953,1.398091,17.879612,0.45867357,566.055,0.3158515,1353.2168,0.2247123,-93.800354,-0.99812406,1626.5148,0.11378248,943.84045,0.33500254,-98.106674,-0.88797164,2627.8052,0.07947764,969.80817,0.32751516,-98.45026,-0.88285035,-11.309653,-0.47189704,18.732288,0.30122733,0.02967415,0.5220316,-0.009740325,-1.3174855,0.049045086,0.5632605,31.606043,0.20374867,-7.546787,-1.3211017,23.197372,0.74181646,-13.421728,-0.6372136,-10.914114,19.55555,0.014660894,-0.0037950044,0.035961047,2.2624433,2.9748285,0.17692308,0.15147403,0.1376923,0.13554187,-39.778587,o,Ses02F_impro07,Ses02F_impro07_F033
169,22.40407,0.106587656,20.592968,22.31668,24.76879,4.1758213,174.0153,205.81969,13.879892,16.37408,0.2793529,0.41418484,0.16781199,0.26490232,0.39592528,0.2281133,1.423579,0.95838857,1.3140696,0.39000446,0.05316191,0.4274909,32.031986,0.18057401,-5.278151,-1.6605172,25.91854,0.66733617,-10.162891,-0.8164035,0.013372024,1.0513563,0.7902813,0.6060877,4.1421804,0.6818216,3.447848,1.072806,17.054655,0.5159605,483.03033,0.26705602,1217.7139,0.2080228,-78.38905,-1.170074,1570.8724,0.095117144,785.62524,0.41065267,-87.698105,-0.9654703,2577.641,0.06718914,918.8144,0.23510133,-86.68944,-0.9888665,-11.308759,-0.4688809,18.386429,0.39488357,0.025623215,0.7355434,-0.010923455,-1.0622123,0.048957482,0.47252393,31.02959,0.19411346,-3.5879705,-2.2954679,31.358658,0.5468269,-9.307339,-0.8904042,-9.670586,19.71044,0.012466602,-0.011132518,0.0616928,3.3980584,2.9850748,0.19666666,0.19379255,0.118333325,0.058142543,-37.9016,s,Ses02F_impro07,Ses02F_impro07_M031
170,32.153164,0.24906065,23.54956,33.046234,40.335453,16.785892,84.02624,72.07527,59.203693,45.365147,0.20542443,0.6034176,0.09653529,0.18365407,0.29712993,0.20059463,2.5480733,1.9110147,1.939827,1.6525215,0.05017801,0.88024265,27.360062,0.3146821,-4.7400174,-2.4484267,16.081451,0.76861143,-11.681158,-0.8983509,0.021047845,1.0516667,1.2489461,0.5633904,4.552317,0.53258747,4.0660243,1.8139073,19.898191,0.5563157,615.3976,0.35279512,1377.4297,0.16393508,-118.005615,-0.78574103,1660.9552,0.11858127,1073.5593,0.33439702,-114.1983,-0.77333814,2665.937,0.0980633,1078.6848,0.35065895,-115.58706,-0.75316393,-10.643427,-0.56546515,18.859724,0.55483943,0.028949082,0.6739052,-0.010588684,-0.89135903,0.06278636,0.82956445,28.56378,0.33556294,-6.6983666,-1.951882,16.731781,0.88456756,-16.420523,-0.65035963,-11.094886,19.563087,0.012195733,-0.000661283,0.039556995,3.3653848,2.907916,0.14999999,0.15881506,0.17277779,0.16089353,-39.057564,o,Ses02F_impro07,Ses02F_impro07_F034
171,37.844673,0.18050896,34.763084,41.182995,43.207893,8.444809,98.33796,91.95109,40.4653,52.687084,0.2218552,0.39195183,0.13300306,0.23022765,0.308132,0.17512894,1.3115145,0.6349601,1.124304,0.43379834,0.040420096,0.42459276,24.59881,0.4111873,-13.736611,-0.5465132,19.44229,0.52790236,-18.674355,-0.48921436,0.014413879,0.66581255,1.0950236,0.3893706,4.9373336,0.41763097,7.486524,0.82055455,11.775346,0.8028668,660.74567,0.31709453,1407.7344,0.13672182,-87.10047,-1.0383824,1702.2498,0.10004596,1036.7231,0.23333985,-72.09019,-1.1338849,2624.9067,0.091800176,1080.6495,0.28587174,-70.91086,-1.1678935,-6.7677207,-0.69186217,11.223805,0.7095081,0.024303671,0.5869017,-0.010013832,-0.8405043,0.043600976,0.35028967,23.056894,0.44856358,-15.013949,-0.51593244,17.708317,0.5896019,-21.652697,-0.3984915,-9.078195,15.021283,0.01727295,-0.0039378223,0.03743061,4.6153846,4.0,0.16,0.10139033,0.07,0.029664794,-42.271366,b,Ses02F_impro07,Ses02F_impro07_M032
172,28.501072,0.20276731,24.327705,30.727978,32.919678,8.591972,86.786835,86.59778,19.535494,19.273623,0.25654605,0.5988145,0.1251646,0.23070353,0.34000766,0.21484306,3.0867302,1.9627396,2.4896598,1.7531236,0.07680056,0.8008771,30.106115,0.2588954,0.305041,22.21735,11.4984865,1.1505414,-11.210886,-0.85144067,0.023121977,0.9862584,1.0736095,0.69094837,5.1183443,0.55745834,-1.1137652,-5.2164702,25.704535,0.3282471,573.87854,0.36598617,1329.067,0.15991281,-118.39643,-0.7882537,1611.9199,0.13880697,1024.1884,0.32406235,-121.64693,-0.7229836,2711.5322,0.09077589,1035.3326,0.29499003,-124.887596,-0.6763581,-13.077291,-0.32137364,25.55249,0.30741486,0.0409378,0.4254303,-0.014580881,-0.6925747,0.11369179,0.6069906,33.475975,0.2373019,0.08039015,77.99544,12.16576,1.4409602,-16.070412,-0.6682267,-12.221184,21.690134,0.023093896,-0.006666324,0.052331537,4.938272,2.5210085,0.16,0.20338796,0.21666665,0.25551692,-35.778553,s,Ses02F_impro07,Ses02F_impro07_M033
173,26.802763,0.19264394,22.411013,26.030151,34.108532,11.697519,398.02225,484.66495,24.71047,9.228302,0.23168193,0.7053485,0.11655211,0.17347619,0.31302768,0.19647557,3.331569,2.8379433,2.4988208,1.2718378,0.057935547,0.83799946,19.07872,0.6458096,9.833247,1.0671681,30.543583,0.46444547,-9.1594925,-1.2804108,0.020996138,1.0780692,1.0546883,0.8193864,4.638269,0.45725122,9.264522,0.82377154,23.871117,0.36808386,515.8315,0.3717324,1295.7119,0.1818558,-113.78485,-0.8112184,1640.1124,0.10396656,799.9715,0.3934178,-119.40655,-0.7042636,2641.7996,0.074655585,922.4539,0.33945388,-118.11809,-0.724557,-13.771465,-0.5338799,19.917326,0.46044746,0.023474526,0.6955065,-0.0047817575,-2.3576503,0.075437486,0.80732536,22.095098,0.5402351,12.351014,0.9442597,34.67256,0.4459255,-10.126475,-1.4584854,-9.586505,15.698974,0.006980443,0.0050958693,0.04518685,3.9285715,2.909091,0.1475,0.087714024,0.17375,0.07192661,-37.474255,s,Ses02F_impro07,Ses02F_impro07_M034
174,33.73603,0.25372848,26.055206,36.013683,39.793304,13.738098,476.39328,543.06635,88.08022,62.57084,0.28614825,1.0181572,0.12266611,0.18165861,0.3292443,0.20657817,0.36087325,0.23312892,1.1874958,0.055920124,0.061299194,1.1571344,24.698044,0.4100892,-7.6067166,-1.4965351,10.672989,0.95955366,-20.538786,-0.53551245,0.02541543,1.14329,1.163098,0.51752776,4.899082,0.52832174,2.8048792,2.244794,18.841337,0.5293889,589.3099,0.3356243,1356.4886,0.1615656,-108.456566,-0.86970335,1560.1929,0.15620025,1082.6869,0.16883646,-103.89597,-0.8593536,2622.5315,0.075303264,916.8857,0.39054483,-107.15363,-0.8024802,-9.942996,-0.807918,19.818249,0.418679,0.032015383,0.4823312,-0.00793687,-2.200317,0.08366673,1.0373101,27.753492,0.34736893,-7.1541696,-1.7676055,8.440078,1.418229,-21.56427,-0.51807785,-6.6003785,14.9641905,0.02038861,0.002931394,0.037965722,0.5479452,3.3426185,0.14416666,0.13250522,0.13499999,0.12031209,-33.095036,s,Ses02F_impro07,Ses02F_impro07_F035
175,24.548271,0.27741814,19.759813,22.943876,28.129734,8.369921,49.24326,33.630146,107.69928,98.47512,0.18080908,0.6250476,0.08452314,0.14845002,0.2693565,0.18483335,2.2503452,1.6612543,1.8012999,1.7193879,0.047715887,0.845286,33.044117,0.24960293,2.8192828,3.043712,18.446136,0.7180989,-13.207812,-1.1313056,0.026851712,0.8501785,1.107784,0.63331133,3.448902,0.7317556,3.4549654,1.407344,26.076288,0.2809443,555.70856,0.3119086,1417.9371,0.16367704,-89.3568,-1.0314473,1633.2026,0.15348612,1048.7771,0.24519232,-96.78107,-0.869966,2681.09,0.095977634,962.84174,0.3339956,-99.05557,-0.83262575,-16.851559,-0.3124589,25.153687,0.26445904,0.020990144,0.9743825,-0.015887855,-1.0421991,0.05661293,0.6663606,35.59426,0.19997871,4.3501987,2.0292091,22.460701,0.65380687,-13.702809,-1.1075995,-13.924832,24.51178,0.010817689,-0.0032041145,0.036765493,2.8409092,2.6768641,0.20785715,0.16314669,0.13533333,0.12779498,-38.51143,c,Ses02F_impro07,Ses02F_impro07_M035
176,23.798803,0.33610535,18.516556,21.044931,24.283497,5.766941,30.273672,27.4017,67.383385,11.9376545,0.16271532,0.49658775,0.08754675,0.14042704,0.2236951,0.13614835,1.7368925,1.6195437,0.9282552,0.3828348,0.039087355,0.5818932,34.330036,0.1924475,0.5058955,16.086727,16.307096,0.6640654,-8.712874,-0.8517773,0.02986548,1.4372187,1.1995162,0.568681,2.9676216,0.8118639,4.6492195,0.89248365,27.453415,0.22686999,617.15283,0.31766498,1437.8239,0.14319299,-66.09229,-1.2820128,1628.2728,0.1275665,1076.3256,0.19189364,-74.52235,-1.0548301,2719.3752,0.08335776,1010.2954,0.28910574,-79.38753,-0.9529427,-17.100153,-0.23728435,26.967308,0.20948656,0.015084099,1.2965361,-0.008127609,-1.5061738,0.042947486,0.5350135,36.34031,0.13517854,1.5809934,5.369197,18.925306,0.52593184,-7.9502707,-1.0059067,-12.194579,23.905365,0.0149227455,-0.001477289,0.033568848,3.1531532,2.7906978,0.24166666,0.14345925,0.118,0.09682975,-42.09341,a,Ses02F_impro07,Ses02F_impro07_F036
177,24.506598,0.04830607,23.70996,23.946543,26.374104,2.6641426,12.271462,0.0,46.773544,37.1527,0.081674784,0.28301015,0.058166273,0.078293525,0.099375114,0.04120884,0.9118483,1.1315935,0.38117498,0.4555297,0.016469914,0.53956664,23.320042,0.42332792,0.86746854,8.161478,12.890238,0.33556607,-7.2420154,-0.8792125,0.03672586,0.45448792,1.2551286,0.2851315,4.906228,0.15124424,-1.5767777,-8.002605,27.698322,0.49662495,648.82886,0.35878882,1450.187,0.20006448,-187.55714,-0.23758692,1625.922,0.19244963,1233.0748,0.15189523,-188.56732,-0.21842928,2712.7378,0.06989663,997.6343,0.16756234,-189.1615,-0.20669985,-16.720589,-0.068580404,29.046677,0.19015057,0.0027212056,8.887743,-0.015411735,-0.30222228,0.01797144,0.12524271,38.213516,0.11724899,5.3939056,1.5189862,8.810274,0.48235565,-11.429837,-0.4633983,-11.674424,21.240376,0.00023919341,0.005114294,0.016476965,4.9079757,1.2658229,0.044999998,0.024999999,0.48,0.33356658,-52.713284,g,Ses02F_impro07,Ses02F_impro07_F037
178,29.186762,0.18302174,24.749075,28.166359,29.943785,5.19471,66.05054,55.07767,21.735012,17.9952,0.18253866,0.8160066,0.09699434,0.13735384,0.23319933,0.13620499,1.4712878,0.8039988,0.933121,1.0411776,0.045803737,1.5402339,26.55631,0.35105574,-2.1555824,-5.1337714,12.6436825,0.98407215,-11.555806,-1.1446183,0.019773519,1.0836052,1.1518384,0.51662344,5.1162634,0.58611375,5.68091,1.1653415,22.718407,0.34472537,578.6582,0.37240872,1323.6733,0.12943983,-118.98123,-0.77395606,1597.7275,0.14588109,1043.3755,0.2643405,-121.23739,-0.7190508,2649.2493,0.09506521,1039.9998,0.36050636,-124.31876,-0.67376125,-14.289898,-0.30047736,25.492577,0.19293985,0.020596279,1.3196069,-0.008202306,-1.5003211,0.05997868,1.5040568,32.802376,0.14716871,-1.9676417,-5.1440654,13.354035,1.126677,-12.199472,-1.3382392,-8.4623575,17.180826,0.004573498,0.0058107036,0.028965745,1.1070111,2.052239,0.20363635,0.17828846,0.26363635,0.42927578,-37.8262,s,Ses02M_impro07,Ses02M_impro07_M000
179,43.950157,0.076533675,41.301758,43.159927,47.038723,5.736965,37.755398,15.236486,30.514662,36.49087,0.51487076,0.5426192,0.2394098,0.4885796,0.7853739,0.5459641,4.8134675,1.5612797,4.7688084,2.5299852,0.16895042,0.85405385,24.85683,0.274849,-22.16242,-0.70284104,4.7175546,2.6595857,-26.302103,-0.4985909,0.019321956,2.0769885,0.7825917,0.857771,10.197003,0.39183846,7.3658137,1.1653258,17.644714,0.51711255,840.14246,0.13710354,1265.521,0.17726333,-56.51092,-1.4213098,1836.2084,0.08732718,925.41266,0.33627346,-58.497917,-1.2760546,2871.9636,0.06653384,895.4494,0.3983457,-63.565594,-1.1322408,-7.765357,-0.9318904,18.526646,0.41419002,0.05425146,0.45531496,-0.007600411,-1.6174213,0.20882148,0.6935738,26.220503,0.21541671,-26.488914,-0.51282954,2.6822238,4.891707,-31.235703,-0.35482806,-5.3664737,14.505499,0.020466497,0.004288187,0.05303806,3.8277514,1.9607843,0.3825,0.16887495,0.1025,0.061390147,-29.700403,q,Ses02M_impro07,Ses02M_impro07_F000
180,30.44946,0.17990202,24.936691,32.45653,35.638493,10.701801,34.427357,7.3380733,40.4335,45.716457,0.30580086,0.8767309,0.11747955,0.1535659,0.61155975,0.4940802,3.8013554,3.4824295,-0.16982308,0.7289605,0.054992378,1.0348005,23.821806,0.357762,-6.760228,-2.004818,20.918577,0.54333884,-15.342859,-1.0673351,0.008817672,0.9597226,0.8282676,0.66439426,6.433901,0.44547772,2.5275414,2.7416801,15.299311,0.6376587,621.1744,0.31987476,1386.7612,0.14456493,-109.741554,-0.86492866,1673.3107,0.11124916,929.96375,0.26316088,-108.79699,-0.8404892,2685.3708,0.082581915,1117.1173,0.39410728,-110.12303,-0.8188653,-8.734624,-0.8436473,15.076813,0.6301954,0.025753453,1.0830653,-0.008431114,-1.7308433,0.07730315,0.9153398,26.448673,0.24475694,-10.524733,-1.4733404,23.301683,0.5917038,-18.747307,-1.1292114,-8.634737,15.356234,0.0131424265,-0.0035665485,0.03373481,0.82191783,1.9498608,0.24142855,0.17066495,0.25142857,0.215435,-35.85711,q,Ses02M_impro07,Ses02M_impro07_M001
181,37.210896,0.065878004,35.53912,37.724873,38.26638,2.7272606,37.174114,31.646713,21.821678,18.717049,0.37564248,0.74818754,0.12607494,0.3173995,0.6033548,0.47727987,4.2994547,2.2876675,0.6904976,1.1796871,0.07495983,1.3288703,28.21358,0.25093263,-13.098781,-1.017351,18.953993,0.6956525,-22.878622,-0.62440234,0.010055881,2.173862,0.5174739,0.88514054,10.229443,0.4553991,6.028168,0.9672059,15.603223,0.5195349,538.901,0.35606655,1372.113,0.13316163,-83.88019,-1.135507,1632.3395,0.1257039,1040.2894,0.26809728,-72.79349,-1.1670225,2617.0823,0.090301104,1034.8679,0.34102356,-73.16666,-1.1583368,-10.48173,-0.7553707,16.27044,0.4869821,0.054340713,0.28768727,-0.01309324,-0.77545667,0.09453411,1.2112467,28.741846,0.25227395,-16.141697,-0.88552904,22.384525,0.5862092,-29.467728,-0.3529442,-10.126,19.601902,0.021094749,-0.0030971784,0.033862807,1.1904763,1.2048192,0.56,0.48245206,0.25,0.20445047,-33.656605,q,Ses02M_impro07,Ses02M_impro07_F001
182,43.3514,0.24767014,33.56274,34.282997,56.644432,23.081692,43.523376,0.0,-51.944973,0.0,0.57811826,1.0801674,0.14471257,0.28739226,1.2533307,1.1086181,5.4165797,2.963233,-0.81878614,4.643126,0.45468155,1.7038324,16.789131,0.6282131,-9.51746,-1.9716159,7.80599,3.603774,-6.8377433,-1.9556699,0.043750335,1.2558023,1.4464539,0.8178248,6.6236367,0.6087963,7.7219815,1.7578577,20.648493,0.53579074,680.24286,0.43142307,1207.6901,0.20870933,-133.92314,-0.6955135,1709.4346,0.17545407,969.8694,0.19375667,-110.92542,-0.8295166,2804.1182,0.12257108,949.3595,0.26563334,-113.49106,-0.78657615,-4.566097,-2.805704,22.098717,0.40813223,0.026493203,0.90206337,0.007952021,3.1887355,0.8354569,1.1191583,16.151125,0.7960528,-18.805426,-1.008201,-4.8299217,-6.5288205,-12.01811,-1.1058637,-8.3531475,14.180134,0.013923829,-0.001277701,0.037182156,2.027027,2.1126761,0.21666665,0.11264496,0.35999998,0.07,-19.838652,ans,Ses02M_impro07,Ses02M_impro07_M002
183,49.928383,0.12914354,46.17323,50.098816,54.187954,8.014725,59.425022,40.060516,131.77736,83.21579,0.70466596,0.6461638,0.29814863,0.5876587,1.014619,0.71647036,8.369023,5.836347,6.8465457,3.3478363,0.41520208,1.31458,15.292917,0.54359186,-22.304192,-0.57458603,-3.8429897,-4.910209,-22.476038,-0.54331595,0.034279287,1.4912697,1.1173145,0.6787274,8.620846,0.5987207,3.2685087,3.443107,10.333421,1.1236634,864.44794,0.27751285,1185.4944,0.22013767,-82.58358,-1.0705147,1804.3033,0.122030675,1077.7515,0.2915511,-65.774635,-1.1691847,2829.867,0.08347981,880.37634,0.2808135,-67.65825,-1.086688,-4.5645595,-1.7779814,17.75908,0.46887228,0.052334134,0.64265335,-0.0011886859,-16.529997,0.49230096,1.2259257,15.388807,0.55726624,-24.571613,-0.5285779,-4.7150135,-3.9048407,-24.200462,-0.47624946,-3.2045631,15.301261,0.027901836,-0.0007620117,0.21250421,3.5532997,3.5989718,0.195,0.117701195,0.07909091,0.0705117,-22.17117,q,Ses02M_impro07,Ses02M_impro07_F002
184,36.27074,0.16794959,29.143559,38.690403,42.186813,13.043255,419.34286,512.64417,21.896496,22.037077,0.46968108,0.3791621,0.3080746,0.4739515,0.60775644,0.29968184,2.9703927,2.3977697,4.1267657,2.7548096,0.122067526,0.5391795,26.711096,0.21237531,-14.415485,-0.68958545,2.7868633,3.7960582,-30.881266,-0.466937,0.034532942,2.0382147,1.1358467,0.6486408,6.3751874,0.6979608,1.103114,6.080276,18.837946,0.38803378,671.73505,0.35624078,1379.2815,0.1660076,-66.37921,-1.2859635,1636.6996,0.15768863,1131.6108,0.20105906,-59.554382,-1.3048072,2743.2585,0.07808829,998.4729,0.41511974,-67.24191,-1.0898159,-7.423975,-0.55178666,18.935106,0.26251358,0.038606673,0.43684715,-0.010109882,-0.95564324,0.1270413,0.54929966,27.165442,0.21623132,-14.16844,-0.75561947,1.7984687,6.018297,-32.964363,-0.456693,-5.273265,16.838703,0.02765008,-0.0035299568,0.1132784,2.9045644,3.4042554,0.2075,0.12852529,0.07428571,0.058519144,-32.617085,o,Ses02M_impro07,Ses02M_impro07_F003
185,32.4315,0.2652068,25.628513,27.858936,43.399128,17.770615,165.88121,156.21243,28.366344,23.536186,0.29386804,0.9188487,0.10097488,0.19872485,0.4282296,0.3272547,2.2710423,1.7648658,2.891484,4.010921,0.07700599,1.5093856,27.667526,0.23330466,-10.538776,-1.14385,18.297245,0.761373,-12.064307,-1.1566246,0.019471997,1.5157919,1.1950543,0.49752024,5.3769193,0.7538666,6.1589417,1.4377239,16.350353,0.4635901,586.83624,0.42876995,1279.4744,0.14936051,-99.718376,-0.9487213,1578.2073,0.13140348,997.62476,0.28678817,-98.772964,-0.911967,2591.285,0.09585975,936.3734,0.36310837,-101.297356,-0.86648464,-9.417641,-0.40613976,18.293743,0.29826418,0.04037849,0.63109297,-0.011792382,-1.0244671,0.113124795,1.136086,30.11632,0.20303312,-15.799951,-0.7015422,17.029655,0.9458791,-18.799658,-0.75104004,-9.43361,17.397675,0.007312357,0.0048126583,0.03657857,2.013423,2.2624433,0.22999999,0.17916472,0.19,0.12774976,-32.096786,s,Ses02M_impro07,Ses02M_impro07_M004
186,32.896618,0.25296554,24.944117,31.287914,40.04477,15.100653,218.93642,337.33707,69.65898,53.41969,0.42998335,0.970028,0.12991227,0.23831819,0.65977585,0.5298636,5.7199764,3.9136076,5.0120163,4.684381,0.1543618,1.5906432,27.518246,0.3333251,-7.220708,-1.7468423,12.629119,1.0006618,-17.242403,-0.8313701,0.033523623,2.4287083,1.1949998,0.5392501,4.5515857,0.58912057,3.9085941,2.4145315,19.321821,0.3921367,578.2946,0.3981159,1359.791,0.15606035,-88.24585,-1.0642917,1580.2546,0.13337879,1087.925,0.32987323,-84.82159,-1.0264841,2633.0083,0.089084856,1036.9152,0.3907152,-88.7344,-0.9474574,-10.062681,-0.63015443,20.460339,0.3403886,0.043288082,0.5005462,-0.010822127,-1.2545394,0.17801498,1.5538213,27.988382,0.32958084,-8.977208,-1.5136014,11.276944,1.1778355,-20.261776,-0.7673287,-10.507243,19.389696,0.031899586,-0.007952,0.11916472,1.6374269,3.1764705,0.18296297,0.1625677,0.1192,0.14477348,-27.39981,s,Ses02M_impro07,Ses02M_impro07_M005
187,35.011673,0.14016429,31.227747,36.538296,38.771503,7.5437565,296.85062,464.89957,66.5671,39.799496,0.5202629,0.5452126,0.2867295,0.45243526,0.75550175,0.46877223,3.4837778,2.3149612,3.5021408,1.5721561,0.14676149,0.53661156,31.031542,0.16989197,-11.7185545,-1.1059204,6.9271,1.4684652,-26.403997,-0.517071,0.027447052,1.2562923,1.0752928,0.5819593,4.908282,0.6361958,2.0957804,3.052759,21.14895,0.41009822,585.2314,0.33618098,1378.9445,0.09527954,-51.308807,-1.5627737,1587.026,0.14961284,1137.9885,0.23459451,-46.000847,-1.4416668,2705.5317,0.075927116,993.4732,0.35165903,-53.762405,-1.1673393,-8.859371,-0.52628165,21.006407,0.29095644,0.051695503,0.3436684,-0.013028829,-0.8332529,0.16246156,0.48755363,31.225483,0.16537584,-13.139734,-1.0458663,6.2935376,1.6366847,-29.19423,-0.44745573,-9.739539,20.62705,0.045687955,-0.007925772,0.10543118,3.2085562,4.4198895,0.17375,0.094463944,0.043333333,0.028674418,-30.222794,o,Ses02M_impro07,Ses02M_impro07_F005
188,40.879745,0.09213756,37.154514,41.184612,44.069073,6.9145584,135.8806,85.917465,36.034252,35.48667,0.79455745,0.4944171,0.44209415,0.72269756,1.1056584,0.66356426,7.926644,3.9922643,7.729346,3.8122237,0.31116202,0.720168,20.926695,0.36609,-17.306316,-0.67565423,11.832914,1.3110486,-25.098234,-0.5007212,0.01873602,1.2941542,1.0526273,0.5130836,7.5567646,0.40537542,7.250203,1.5154785,13.178952,0.6864834,721.21826,0.3856377,1382.0736,0.1835631,-77.512886,-1.11434,1741.2623,0.13964373,1018.5648,0.34905717,-62.942333,-1.2716738,2730.52,0.08344063,1078.7699,0.36101156,-64.80454,-1.2172086,-7.0959435,-0.59056884,14.698072,0.42209873,0.05802294,0.45409513,-0.017014207,-0.67996883,0.32891747,0.64913225,20.363966,0.38500026,-18.486923,-0.65444285,11.265819,1.3955207,-26.61809,-0.46239766,-9.426984,17.784542,0.06148085,-0.012226783,0.24842516,4.897959,3.7500002,0.1822222,0.16219176,0.08285714,0.0520204,-25.199276,o,Ses02M_impro07,Ses02M_impro07_M006
189,41.064693,0.11778182,37.777893,41.673977,44.751198,6.9733047,46.46647,25.913061,20.43581,19.204155,0.83419794,0.49689457,0.48000783,0.7815009,1.1886766,0.70866877,6.96822,4.0065894,8.9571705,4.1086555,0.3311108,0.6926761,20.390373,0.3619379,-20.162483,-0.47720817,8.189359,1.5568374,-23.341984,-0.49793318,0.031773753,1.6060449,1.1195114,0.4947556,6.4821887,0.52757406,7.1788626,1.2520357,10.6502495,0.69434834,790.38055,0.32064068,1353.4924,0.16969115,-69.39049,-1.2912095,1756.0518,0.123576716,1000.9139,0.26554042,-60.24123,-1.36176,2736.711,0.08827058,984.05676,0.41822916,-61.8881,-1.3058203,-5.321747,-0.8534949,13.224909,0.4599504,0.058364183,0.4979992,-0.014715614,-0.7822147,0.37864658,0.56187046,18.765339,0.40009156,-22.290253,-0.43209654,6.0572457,1.9835609,-25.734089,-0.44462204,-8.68689,16.827631,0.05411156,-0.011066627,0.23599553,4.4052863,2.7027028,0.25833333,0.2040765,0.07714286,0.05118992,-24.900093,ag,Ses02M_impro07,Ses02M_impro07_F006
190,36.585823,0.19188331,29.678875,35.702984,43.8379,14.159023,257.98935,321.6454,126.66559,111.895615,0.40233687,0.6733281,0.17663138,0.33327168,0.56987625,0.39324486,4.278874,2.6526597,2.22327,1.7990206,0.111725524,0.9644643,26.200645,0.31020465,-10.528218,-1.1082006,12.147761,0.847301,-19.39443,-0.6579169,0.03499899,1.6890734,1.0955051,0.53158164,6.0974565,0.5249265,2.2104568,4.088788,17.907547,0.5059942,716.6022,0.36207074,1284.8888,0.1780422,-81.930855,-1.1419711,1665.0295,0.13409942,1073.2062,0.28741702,-79.78559,-1.0991962,2744.9255,0.09618394,836.02386,0.33588883,-84.27046,-1.0021598,-9.060809,-0.6829761,19.961018,0.38911393,0.053005863,0.35758212,-0.005903932,-2.246165,0.14391203,0.83747745,28.340565,0.2582789,-12.708514,-0.9648947,9.236879,1.1594112,-22.867186,-0.53016126,-8.075086,16.80097,0.024060616,0.0008375417,0.054530844,2.4640658,2.0790021,0.299,0.34422228,0.2025,0.17781661,-32.30072,ag,Ses02M_impro07,Ses02M_impro07_M007
191,35.973564,0.16033733,29.003365,34.754288,42.55011,13.546745,217.81192,228.71803,90.165665,34.409683,0.39199567,0.47380662,0.17987332,0.36812392,0.60646516,0.42659184,1.9281164,0.5209537,1.7203478,0.8415404,0.11063707,0.6263186,30.573683,0.22234915,-6.583348,-1.7494879,7.465728,1.7951436,-19.639795,-0.8766185,0.026475372,1.3065833,1.1969783,0.5059962,4.9288526,0.6754109,2.7607758,2.814803,22.870459,0.2698413,660.96466,0.330954,1443.4528,0.14048314,-57.34344,-1.4336835,1635.1825,0.12546666,1195.6434,0.28673458,-58.892544,-1.2600123,2672.7854,0.091887265,1045.6108,0.31384286,-65.82557,-1.0661179,-9.583214,-0.5651315,22.08098,0.19121586,0.043716796,0.41971844,-0.009193032,-1.1052741,0.121470615,0.62718916,31.248457,0.20385061,-8.948563,-1.1849604,7.0736084,1.861892,-21.379433,-0.85461056,-10.833258,23.200176,0.028360983,-0.007494849,0.090381086,2.95858,4.2944784,0.16571428,0.14430693,0.066,0.016248075,-33.47475,o,Ses02M_impro07,Ses02M_impro07_F008
192,38.744076,0.13040805,34.42034,37.401104,44.4936,10.073257,72.73841,39.57111,53.49926,13.968988,0.46638578,0.3342994,0.34270573,0.40196544,0.64520943,0.3025037,2.4652855,0.77530134,0.85522825,0.8794622,0.14233917,0.4845391,30.216875,0.23217212,-9.064325,-1.0695623,0.99833244,10.211877,-24.718555,-0.6384215,0.030741906,1.4403199,1.236868,0.4962909,4.5052385,0.76033795,2.7527907,2.3726306,23.175217,0.24286221,689.03015,0.28686175,1427.5476,0.14907637,-58.407623,-1.3974904,1636.5454,0.12600765,1161.3015,0.17409359,-55.158817,-1.296224,2715.9453,0.067629784,957.56305,0.2815916,-63.746136,-1.0484465,-7.5935097,-0.59441054,22.191952,0.19265597,0.046384875,0.3920109,-0.012179953,-0.77344674,0.15598835,0.46513936,30.637482,0.20733435,-10.92016,-0.804648,0.93009514,9.932841,-26.733892,-0.6251355,-8.788352,23.161003,0.028704507,-0.008644204,0.108349845,4.2372885,3.539823,0.21,0.1617096,0.06,0.024494898,-32.239834,ag,Ses02M_impro07,Ses02M_impro07_M008
193,27.185286,0.11097961,24.648659,26.14778,29.369503,4.7208443,61.413227,71.402626,39.00886,40.98343,0.15462877,0.36895555,0.10744835,0.15037012,0.20026305,0.092814706,0.75515616,0.5023282,0.5811402,0.53262126,0.031525325,0.6312283,28.619398,0.34676975,2.2229476,4.7705584,16.928923,0.75746197,-10.337515,-0.97482073,0.015503698,1.1184922,1.087953,0.5192498,4.8812943,0.45966306,0.8529121,8.600087,22.550945,0.37223843,488.1975,0.2977916,1294.0392,0.10248374,-73.78559,-1.2313423,1505.1903,0.1255757,1041.2188,0.20778377,-81.48912,-1.033867,2568.7146,0.074619584,940.85297,0.3130765,-85.977104,-0.93880326,-15.17871,-0.2718454,24.734596,0.23222852,0.026883138,0.85988855,-0.008013019,-1.2791448,0.037618246,0.5748154,32.851925,0.21878096,2.4243908,4.0362344,15.749754,0.91056377,-11.51704,-0.9638837,-9.961499,16.485424,0.0074151913,0.0021948232,0.019615296,2.7118645,2.2298458,0.28153846,0.23980266,0.1575,0.17730035,-43.162727,o,Ses02M_impro07,Ses02M_impro07_M009
194,36.167522,0.2141767,24.028828,36.908455,42.307396,18.278568,101.85751,34.461525,47.029716,3.8214588,0.35669592,0.50143206,0.18578887,0.36076465,0.53989714,0.35410827,2.1669424,1.0070614,2.2061887,0.77383685,0.09180968,0.61041707,27.490915,0.28965616,-9.769002,-1.0312748,9.649682,1.698239,-18.119034,-0.5055983,0.03560776,2.304597,1.0213236,0.6041562,5.918835,0.62157893,3.992735,1.4224017,21.40086,0.32646522,766.62866,0.2954511,1392.2657,0.1616278,-43.943768,-1.655864,1712.9286,0.12581676,1100.1869,0.32083726,-47.040344,-1.4351715,2763.9111,0.09406083,1052.2094,0.4132706,-53.47909,-1.2203264,-9.089181,-0.43182456,18.585499,0.4233546,0.045941453,0.5719579,-0.009290832,-1.1278517,0.10890845,0.45280918,28.616293,0.2867959,-11.089834,-0.95071006,6.3133283,2.6509879,-20.330545,-0.4102754,-9.895449,15.750482,0.015733533,0.00012445604,0.031817574,3.4965036,1.4492754,0.565,0.005,0.19999999,0.0,-34.781498,s,Ses02M_impro07,Ses02M_impro07_M010
195,35.975815,0.217974,23.969147,36.593403,42.249855,18.280708,98.98887,35.073257,47.00292,3.8399277,0.3671015,0.47009104,0.1970793,0.36391544,0.5393408,0.3422615,2.3069768,1.222863,2.063792,0.6244001,0.09484037,0.57162964,27.49642,0.28436536,-9.042026,-1.2260535,9.163124,1.844491,-18.255156,-0.49491018,0.025136521,1.461331,1.0112545,0.67421514,5.84656,0.6249806,4.093677,1.4333262,20.930227,0.34729868,787.21844,0.26587975,1471.5406,0.254279,-33.924686,-1.85511,1740.7234,0.11888083,1099.3763,0.21721096,-38.460506,-1.4916348,2783.5767,0.09401125,998.6632,0.3189492,-44.67899,-1.2458864,-9.188649,-0.42769453,18.55419,0.42037916,0.045997865,0.58337545,-0.009206404,-1.1337166,0.10718281,0.46244898,28.070879,0.2903241,-10.165666,-1.0995618,6.5135627,2.6372108,-19.636164,-0.451035,-11.497185,17.358555,0.02283738,-0.0024747055,0.036525443,3.5971224,1.4925374,0.58,0.0,0.12,0.0,-34.64731,b,Ses02M_impro07,Ses02M_impro07_F009
196,38.151497,0.28789023,25.36621,44.676422,49.27179,23.905579,525.7503,652.66736,169.51488,101.43424,0.3575376,0.62266624,0.16077715,0.32784113,0.4839407,0.32316354,4.852631,2.5102034,1.6688892,2.005304,0.13337857,0.8250716,25.762548,0.36540598,-5.5417714,-2.4150383,17.212578,0.5565501,-9.643869,-1.044218,0.02143362,0.7779131,1.2674495,0.52849376,8.38303,0.630258,3.1429849,3.01052,12.088245,1.040235,737.69604,0.36857116,1388.7705,0.2360883,-106.61223,-0.79564345,1741.3888,0.16005035,982.5544,0.20055914,-97.22467,-0.837754,2789.2634,0.120771006,997.60223,0.24070093,-99.75017,-0.79677516,-14.992246,-0.40072984,22.789976,0.32467502,0.05018247,0.6731787,-0.0037818293,-3.3704138,0.14195564,0.83084637,26.752222,0.34677264,-2.8955057,-3.7349799,17.456648,0.44561306,-10.82746,-0.97074175,-9.497677,17.000462,0.03063257,-0.0049005565,0.102561854,4.0,3.550296,0.15666667,0.16719915,0.105,0.12392873,-29.94515,o,Ses02M_impro07,Ses02M_impro07_M011
197,31.432255,0.2637957,24.064636,27.268364,42.545975,18.481339,349.7154,621.8873,90.86938,52.529778,0.21978122,0.78377223,0.10316269,0.15209454,0.3193472,0.21618451,2.5948822,1.9734784,1.719068,1.5540981,0.054744735,1.0345362,28.435293,0.2681301,-2.4254947,-4.3227634,14.809685,0.8482533,-13.352772,-0.95781463,0.024455864,1.8959092,1.1254451,0.5811423,5.4954066,0.59713733,4.692258,1.8528695,22.6039,0.34128377,591.3314,0.38807288,1341.8794,0.15141436,-103.28169,-0.8991382,1601.1201,0.14538819,1119.7018,0.27875522,-104.4493,-0.8345059,2652.859,0.08820049,1009.97876,0.32443964,-108.092964,-0.77441245,-13.236081,-0.37293768,23.711357,0.24778031,0.03282418,0.7703863,-0.009134125,-1.3003409,0.071702905,0.9184693,31.869932,0.1850416,-4.4278255,-2.7294466,12.985088,1.0874035,-15.778926,-0.9392495,-11.759705,20.169456,0.013646958,-0.0043571154,0.036248308,1.591512,3.0707612,0.16086955,0.13425845,0.16499999,0.17591192,-37.435722,o,Ses02M_impro07,Ses02M_impro07_M012
198,39.66275,0.16471495,39.857025,41.869354,43.06856,3.2115364,122.83112,55.689384,29.468218,35.46945,0.471944,0.74181086,0.1314395,0.40738273,0.79082334,0.65938383,3.3263288,1.2912768,3.295261,1.1585603,0.13512704,0.93636066,25.245625,0.3329927,-13.823256,-1.1143227,13.902318,0.7805355,-18.22066,-0.8068531,0.030787228,1.2854549,1.130441,0.65022326,6.3711524,0.5552971,7.259628,0.9271894,15.396003,0.6408118,662.00775,0.31762314,1342.447,0.1230762,-93.7281,-0.99003917,1705.206,0.14704517,1000.97626,0.32685515,-83.121544,-1.0365889,2698.7734,0.08901799,1027.3794,0.34100997,-84.50834,-1.0073937,-7.791929,-0.8759321,16.544167,0.532679,0.04253504,0.46508396,-0.015803391,-0.9898639,0.197606,0.62256134,25.791296,0.355167,-16.538605,-1.027558,12.278003,1.011578,-24.46699,-0.6296217,-8.508427,16.976551,0.012628207,-0.00017747754,0.040237553,2.4691358,2.5477707,0.2375,0.24231952,0.13,0.1629417,-30.1976,o,Ses02M_impro07,Ses02M_impro07_M013
199,39.66275,0.16471495,39.857025,41.869354,43.06856,3.2115364,122.83112,55.689384,29.468218,35.46945,0.4784099,0.72711533,0.15032351,0.44492537,0.7960322,0.6457087,3.2804859,1.3354316,3.3451815,1.1092759,0.13712195,0.91997975,25.28874,0.33512288,-14.05499,-1.0972788,13.752752,0.7987923,-18.558098,-0.7910543,0.030787228,1.2854549,1.130441,0.65022326,6.3711524,0.5552971,7.259628,0.9271894,15.396003,0.6408118,662.00775,0.31762314,1342.447,0.1230762,-92.03879,-1.0053693,1705.206,0.14704517,1000.97626,0.32685515,-81.60053,-1.0497904,2698.7734,0.08901799,1027.3794,0.34100997,-83.005226,-1.0196867,-7.791929,-0.8759321,16.544167,0.532679,0.04253504,0.46508396,-0.015803391,-0.9898639,0.197606,0.62256134,25.791296,0.355167,-16.538605,-1.027558,12.278003,1.011578,-24.46699,-0.6296217,-8.396736,16.990648,0.015869424,-0.0012166454,0.04257383,2.5000002,2.5806453,0.2375,0.24231952,0.102,0.13526271,-30.142351,q,Ses02M_impro07,Ses02M_impro07_F011
200,41.488083,0.13179226,37.956886,42.12657,45.10161,7.144722,78.703476,59.205967,87.58264,95.66932,0.2747269,0.6998916,0.14855114,0.21379295,0.36823952,0.21968839,1.2743506,1.3213521,1.0805063,0.5123194,0.066049404,0.6799696,22.827227,0.34178603,-7.9957314,-1.8410372,12.010413,1.2994841,-22.327879,-0.77587587,0.020909756,0.8850194,1.1847454,0.5275957,7.2731066,0.47693413,13.417546,0.60950816,18.903946,0.5232739,739.70306,0.4093204,1425.4465,0.2128529,-138.26997,-0.64380556,1760.2489,0.12027889,1237.3857,0.38458464,-122.867,-0.7196404,2653.8757,0.102080084,965.5695,0.24486274,-120.844604,-0.73989266,-8.851162,-0.73057663,15.9308195,0.5332098,0.04561495,0.5218712,-0.0099208085,-1.6041299,0.08720026,0.5808587,19.038258,0.43760306,-12.985423,-1.1605946,10.731128,1.5274235,-32.350895,-0.60991234,-10.8667145,19.094805,0.023421,-0.0080396,0.051645156,2.201258,1.916933,0.21499999,0.2415057,0.24428572,0.23572727,-37.477905,ans,Ses02M_impro07,Ses02M_impro07_M014
201,42.655067,0.059400726,40.169086,43.09902,45.10161,4.932522,19.540747,20.062908,18.605286,1.8808899,0.41390744,0.5398705,0.20607752,0.29944468,0.6823309,0.4762534,0.80612373,0.5193242,1.4473108,0.5630052,0.092355356,0.5319487,18.562597,0.45220605,-12.847295,-1.152586,8.535561,1.7080619,-32.979713,-0.5301907,0.018358316,0.9710054,1.0550649,0.5114192,7.773559,0.44201675,15.553417,0.49921933,16.68923,0.46495348,746.72565,0.43921837,1458.8557,0.21729285,-76.45147,-1.239054,1752.7175,0.11600808,1299.8253,0.4311572,-61.38581,-1.2831651,2597.1812,0.10137007,931.0281,0.24784738,-57.615055,-1.4079428,-6.140151,-0.66229093,12.20447,0.5322493,0.054538798,0.33156276,-0.013330358,-0.9522086,0.10961482,0.43127453,15.173719,0.44946447,-17.938068,-0.7889258,10.999966,1.4364016,-40.931297,-0.3285899,-12.18473,21.52025,0.033708196,-0.010954504,0.05135309,2.3809524,1.6666667,0.44,0.29,0.14,0.049999997,-34.315285,ag,Ses02M_impro07,Ses02M_impro07_F012
202,40.73715,0.22467749,31.660484,36.52163,49.977768,18.317284,139.16736,87.37875,67.51313,64.057816,0.56378233,0.7289826,0.22195551,0.43691602,0.84300566,0.6210501,7.9594803,7.509306,5.8048162,5.3442144,0.21973956,1.2765139,22.095926,0.33224267,-8.405934,-1.516188,7.784806,2.0164092,-15.398122,-0.82667154,0.027684072,1.6243727,1.1756098,0.595004,7.3318305,0.5065929,10.777545,1.0298615,18.921515,0.61398566,643.0862,0.413046,1303.8372,0.16762409,-106.97335,-0.8629656,1675.7657,0.1548244,1074.1671,0.38169017,-96.703125,-0.89317846,2669.014,0.10794523,921.9217,0.3559155,-99.644165,-0.84097034,-10.20133,-0.48989332,19.344803,0.36065674,0.052227836,0.3930322,-0.01693884,-1.0161983,0.3106455,1.1269034,22.264297,0.32888982,-7.5440984,-1.8336767,4.694392,3.7232444,-17.13494,-0.8336209,-8.239276,16.38322,0.03274353,-0.0047504986,0.110149704,2.549575,3.468208,0.1525,0.14000744,0.11416667,0.08741265,-25.002214,s,Ses02M_impro07,Ses02M_impro07_M015
203,43.46925,0.19639374,34.586708,45.254677,50.95357,16.366863,112.82042,46.468292,79.89442,70.63726,0.7140029,0.58198166,0.39153078,0.5632242,1.0209035,0.6293727,9.587854,7.5053515,6.985297,5.57008,0.2963099,1.0747025,21.689508,0.352657,-10.722815,-1.2083408,5.6226816,2.867491,-21.525942,-0.42099574,0.025890166,1.2345859,1.2152108,0.50231326,7.7159076,0.5176267,11.791002,0.9346286,17.158386,0.6749383,647.2943,0.35433167,1254.447,0.15991753,-92.034096,-1.0155392,1734.1279,0.12687889,984.51874,0.36024895,-80.78626,-1.0188973,2699.0234,0.10809899,998.28107,0.4143885,-83.52,-0.9615812,-9.514848,-0.50043833,17.934275,0.37708366,0.058317125,0.2778363,-0.024199715,-0.49086848,0.38596737,0.9601957,21.157248,0.35289878,-10.084758,-1.4097337,2.986493,5.842922,-22.906984,-0.4016891,-8.520375,15.6117325,0.043073326,-0.013854666,0.14670026,2.9166667,3.8297875,0.15888889,0.14533061,0.073,0.0433705,-23.364727,a,Ses02M_impro07,Ses02M_impro07_F013
204,43.444115,0.17319356,36.539536,45.81378,48.633484,12.093948,86.73129,66.80764,83.04149,70.407036,0.33996034,0.5318672,0.1849128,0.3062494,0.47120607,0.28629327,4.116977,2.9131286,3.0657234,1.9866093,0.10273197,0.80608684,25.765347,0.41493335,-11.278531,-1.1037061,1.8999801,5.435786,-19.783398,-0.5260673,0.034810618,1.3381832,1.4861639,0.6492732,8.415835,0.43404725,3.626676,2.626838,20.179295,0.49919,822.55383,0.3074444,1300.3201,0.27401814,-84.39654,-1.0471323,1754.8453,0.16628087,1210.257,0.2635112,-82.62876,-0.9877164,2804.5615,0.078067705,951.0913,0.40992934,-89.29672,-0.8609363,-8.52621,-0.66781217,24.258377,0.32181165,0.05484131,0.48685637,-0.0003368453,-39.42753,0.12330643,0.7092946,27.410532,0.37307766,-13.710643,-0.82716435,-1.0120828,-9.684018,-23.604448,-0.40724322,-7.7802124,19.969973,0.030440504,0.0015028302,0.06836897,3.4582133,3.2163744,0.19272728,0.14660342,0.09818182,0.050779056,-33.938454,o,Ses02M_impro07,Ses02M_impro07_F014
205,32.410183,0.2817692,24.193745,28.20182,42.82359,18.629845,97.862404,65.60677,39.454723,17.389282,0.21674041,0.893325,0.1008375,0.1427131,0.282125,0.1812875,3.6983209,2.7122352,1.4709327,1.561938,0.058515526,1.3731776,29.456371,0.30063167,-2.552645,-4.893431,11.685124,1.0830159,-14.3566885,-0.9469961,0.024232972,1.2623714,1.3142678,0.625872,5.503595,0.53838223,4.113699,2.3268464,26.410336,0.2872359,631.03253,0.4037253,1392.5083,0.21128525,-109.43162,-0.84163976,1631.2781,0.18244882,1167.5735,0.27269363,-109.77366,-0.7852375,2713.7646,0.092522025,989.09314,0.3285836,-114.07974,-0.71889067,-12.938766,-0.4861975,26.586834,0.22567807,0.031265426,0.73226714,-0.0052089156,-2.226146,0.08156963,1.2151744,33.731056,0.18303825,-4.0981555,-3.203631,9.330088,1.5337154,-17.80276,-0.8308849,-10.68996,20.254122,0.0159542,0.0002986689,0.030900266,1.2269939,3.0959752,0.152,0.1272635,0.151,0.19219522,-36.694344,s,Ses02M_impro07,Ses02M_impro07_M016
206,38.62048,0.16223794,34.05887,39.451523,44.742672,10.683804,263.04602,195.47589,72.58525,98.74097,0.52899307,0.50727105,0.25910237,0.5139483,0.7454791,0.48637673,5.681997,3.232732,2.1726453,1.4134175,0.17504628,0.73760134,27.730244,0.27314407,-16.49955,-0.66900915,11.273868,1.2927942,-26.293896,-0.5334462,0.056236386,1.3285176,1.1530478,0.76734525,5.294185,0.44334012,2.6261785,2.662087,16.491425,0.4205504,689.4875,0.35787007,1359.6761,0.17329468,-62.11776,-1.3108922,1651.251,0.15288877,1054.9492,0.3004598,-54.03778,-1.3525538,2733.4727,0.06589408,854.3006,0.26347572,-58.370583,-1.2184448,-7.3776703,-0.4273357,18.224735,0.2983994,0.054247025,0.3779104,-0.007493404,-1.3458146,0.20113426,0.6543415,28.222088,0.25912884,-18.818167,-0.6061184,9.391717,1.6136347,-27.929901,-0.5337726,-7.0012193,17.678545,0.025740772,-0.0019184079,0.098375194,3.7974684,3.9473684,0.185,0.073200636,0.086666666,0.07408703,-30.503395,ag,Ses02M_impro07,Ses02M_impro07_F015
207,37.829235,0.16916287,31.413946,36.92237,44.03642,12.622473,138.38438,168.54166,95.26987,63.921844,0.47571063,0.57389015,0.20370784,0.43262964,0.7126864,0.5089786,5.3236413,2.0168447,4.050479,2.0359843,0.14853817,0.6846779,24.541882,0.35636288,-11.257636,-1.2240757,18.772738,0.979244,-17.98626,-0.70157176,0.034471042,1.6087428,1.2408677,0.6694178,5.8584642,0.49414194,5.228858,1.689295,13.225692,0.87610966,672.54425,0.38416818,1305.3003,0.15236364,-101.97286,-0.9015621,1702.6234,0.1442959,964.632,0.28273138,-91.31781,-0.9441549,2726.3533,0.08192787,1005.6488,0.3097706,-93.02563,-0.9095167,-7.7109346,-0.8661307,17.112692,0.42114,0.048897322,0.42545465,-0.009481752,-1.3937304,0.187924,0.5266787,25.240692,0.3691675,-13.641772,-1.0707175,15.19189,1.2949342,-22.562326,-0.56814146,-7.6000576,14.952022,0.02377684,-0.0020840128,0.100499205,3.2352943,4.179105,0.13,0.07299706,0.1025,0.097649455,-31.274607,s,Ses02M_impro07,Ses02M_impro07_M017
208,39.12362,0.15380634,31.867367,40.73522,45.098907,13.231541,123.6165,125.45711,69.31772,56.46267,0.5176664,0.5760246,0.23068593,0.46260667,0.8249028,0.5942168,6.1078506,2.0391161,4.045072,2.0813282,0.16671225,0.6786883,21.145535,0.37458375,-12.426669,-1.153877,19.229727,1.0041255,-16.214113,-0.7069138,0.02830379,1.1803447,1.132612,0.7624118,5.8508835,0.5757053,5.896956,1.5864507,6.5193872,1.3648632,658.3374,0.40702903,1336.3232,0.17369121,-116.24723,-0.7731556,1689.3097,0.14019865,939.2691,0.31343666,-102.25799,-0.8626532,2724.305,0.072982505,1037.6376,0.30305612,-102.806595,-0.84710544,-5.010255,-1.2871268,14.466492,0.42742226,0.04251442,0.4763784,-0.008361909,-1.6886545,0.23721741,0.41192126,20.872868,0.38573715,-15.576324,-0.99007285,16.600899,1.3683131,-19.989964,-0.6762902,-6.0112047,13.448767,0.021178082,0.000767023,0.099197745,3.9408867,3.5353537,0.14,0.075781636,0.106249996,0.059778236,-30.364077,s,Ses02M_impro07,Ses02M_impro07_F016
209,34.575706,0.113364324,30.606167,35.188683,37.973507,7.36734,205.11653,222.96489,31.426048,17.078176,0.39302483,0.67832243,0.1542133,0.2929883,0.64361554,0.48940223,5.482545,2.5536978,3.6888676,1.5992126,0.10660817,0.8071049,24.328396,0.3188619,-12.030726,-0.9351497,16.566345,0.83195764,-22.11453,-0.7585289,0.021635957,1.2363971,1.1685752,0.52950853,5.3591175,0.6435135,0.06048558,164.07672,14.245945,0.65048385,535.3433,0.33374655,1369.7561,0.14279135,-98.49485,-0.9427077,1591.3422,0.12153738,996.92535,0.2838973,-91.086914,-0.95857126,2642.0813,0.07718613,1060.528,0.36324272,-92.9466,-0.9243339,-8.412946,-0.68278205,16.536491,0.436616,0.048788253,0.38688764,-0.014250148,-1.0823534,0.14056021,0.60401094,26.296528,0.290622,-12.84829,-1.0187012,16.874895,0.8977098,-28.632204,-0.57848173,-5.622197,13.379037,0.025070405,0.0028899014,0.0626907,3.24826,3.521127,0.15533334,0.11236053,0.10733333,0.12444364,-33.57109,s,Ses02M_impro07,Ses02M_impro07_F017
210,35.665375,0.1450182,27.497906,36.895985,40.067024,12.5691185,24.083536,28.898394,53.383087,8.922535,0.31489593,0.45636183,0.18960801,0.29876417,0.40336955,0.21376154,3.3922634,1.9333844,3.0666857,1.5732132,0.08689411,0.64970195,26.456541,0.35974437,-5.360748,-2.0795856,26.848253,0.5379124,-25.458464,-0.39054134,0.02971345,1.295624,1.0899075,0.5768994,7.2414393,0.526528,12.416899,0.66009504,17.154999,0.5491683,548.06866,0.27620977,1411.81,0.15653676,-94.06747,-0.9489848,1667.6915,0.12781572,964.2472,0.39942026,-82.08714,-0.9428817,2623.3179,0.079603374,1128.5244,0.47169176,-80.80176,-0.9694369,-13.071556,-0.53545356,19.381628,0.4589385,0.050544318,0.28509673,-0.0190525,-0.52432007,0.08737518,0.68176544,27.41457,0.3943562,-1.7779188,-6.027397,27.618097,0.6157128,-28.6375,-0.33297855,-8.560648,15.855667,0.04045672,-0.012084342,0.09930017,4.0,3.1578948,0.20333333,0.07133645,0.067499995,0.049180787,-36.289944,q,Ses02M_impro07,Ses02M_impro07_M018
211,33.657436,0.10002727,29.328796,34.479576,35.804794,6.475998,189.92946,259.6426,36.83155,18.39969,0.50939226,0.57914734,0.21284086,0.4676223,0.8376198,0.6247789,6.2533283,1.8051337,4.0072746,1.593601,0.14142533,0.657559,26.064339,0.22830269,-16.559757,-0.637059,16.083536,0.694878,-23.126396,-0.72756225,0.017467981,1.1556829,1.1391935,0.49208704,4.3181915,0.6905791,-4.2560706,-1.5161008,12.099929,0.66332024,534.2877,0.35829967,1349.9894,0.13962165,-67.68674,-1.2862861,1576.4121,0.11238683,989.74445,0.22492047,-65.80239,-1.2282742,2653.5588,0.07755129,1012.36066,0.2642858,-68.24989,-1.1663121,-7.365806,-0.5605988,15.462985,0.40210354,0.04855081,0.3609169,-0.013177761,-1.2078123,0.16699356,0.5319901,26.677088,0.20397301,-18.64488,-0.60000247,15.620231,0.60657924,-27.09287,-0.6090488,-7.1895394,14.24844,0.031390022,0.001179109,0.09341792,3.240741,4.2654033,0.15444444,0.12850517,0.06625,0.05452923,-31.757624,ag,Ses02M_impro07,Ses02M_impro07_M019
212,39.327553,0.17322308,33.486557,39.73501,45.25374,11.767181,379.08063,575.77374,121.23858,188.6169,0.5465451,0.6415544,0.2776417,0.4779469,0.7590553,0.4814136,12.09397,12.420522,7.032554,5.132244,0.21029636,1.1466813,24.449667,0.39377934,-13.79055,-0.8631126,10.717943,1.2346938,-21.84761,-0.6078404,0.025361607,1.4313341,1.1468631,0.6375909,7.0903473,0.56361175,5.8810163,1.6344476,16.665615,0.5161007,685.3774,0.38304853,1375.5505,0.19848987,-101.80279,-0.9096836,1681.9902,0.1563099,1076.2362,0.31812182,-90.209915,-0.9596178,2713.1948,0.09996959,1038.3287,0.37985197,-93.372086,-0.9002214,-8.246038,-0.81172454,17.814606,0.40840185,0.049635988,0.39288533,-0.010874412,-1.2339334,0.2171206,1.1255925,26.475048,0.33380944,-15.894409,-0.8142217,10.78942,1.2735714,-23.661062,-0.6010713,-6.3068166,15.26217,0.041111164,-0.008608673,0.20427683,3.3707864,3.3962264,0.16407408,0.17077728,0.10607142,0.09958267,-28.260649,o,Ses02M_impro07,Ses02M_impro07_F018
213,43.09081,0.15130441,38.40565,43.685593,49.236763,10.831112,374.01694,455.3094,134.37793,219.27872,0.67573076,0.5818341,0.37743068,0.5804024,0.9863142,0.6088835,12.812617,9.711147,9.397357,5.665384,0.2916106,0.98517567,18.786812,0.3940779,-15.60317,-0.6654984,8.451055,1.5127143,-22.532337,-0.58392966,0.036457136,1.5233345,1.5516303,0.5746635,5.730644,0.62823135,6.575181,1.4545859,13.970766,0.6108151,794.5928,0.26665747,1315.7683,0.19977209,-127.482704,-0.6937065,1792.2389,0.116850436,1037.7377,0.34275067,-114.46836,-0.7620993,2762.1897,0.09252387,994.9886,0.36528674,-116.38608,-0.73261267,-4.082897,-1.632704,15.157611,0.3464455,0.052263018,0.4586224,-0.00827435,-1.9925466,0.35939187,0.8400458,19.829943,0.35187057,-19.195814,-0.6039079,8.182124,1.7856656,-24.582914,-0.6160392,-4.9901314,12.589923,0.044632304,-0.009528449,0.24084215,4.418605,4.2654033,0.09777778,0.07962101,0.12294117,0.114417434,-26.373892,ag,Ses02M_impro07,Ses02M_impro07_M020
214,31.833202,0.16199605,24.75692,34.17217,35.814297,11.057377,51.32535,27.874395,3.509615,17.762348,0.22338848,0.67644095,0.09553367,0.16744894,0.33763334,0.24209967,2.4177845,1.8930739,1.7145134,1.4809953,0.057071924,0.9206688,29.941553,0.30547693,-2.8325527,-3.5491524,15.014232,0.758356,-15.399803,-0.9410265,0.018509237,0.89035577,1.1896538,0.6051194,5.535011,0.71755886,5.559165,1.4021543,23.820307,0.3554455,597.68176,0.3706303,1414.1304,0.16789229,-129.26054,-0.70421445,1610.9282,0.14873642,1135.7279,0.30128345,-128.69453,-0.6694756,2686.0266,0.106112055,1003.84894,0.36081997,-131.7459,-0.6264708,-13.054983,-0.3777777,24.113932,0.263454,0.039316703,0.50242805,-0.009399447,-1.6548141,0.07850238,0.7087043,34.2453,0.14216867,-6.2293043,-1.75363,14.016385,0.8838047,-16.841965,-0.9345281,-11.392325,20.527464,0.0152819175,-0.0055454914,0.043899585,1.9342359,2.3529413,0.15666667,0.09817784,0.22846153,0.356432,-37.540775,s,Ses02M_impro07,Ses02M_impro07_M021
215,42.16979,0.09113528,41.37388,42.407795,44.28366,2.9097824,61.055866,35.765125,141.23125,160.60768,0.40164626,0.6260291,0.09084051,0.41595203,0.62814546,0.53730494,4.1794295,2.797567,3.058017,0.67520577,0.1111069,0.6880614,25.400394,0.2539954,-8.77279,-1.612718,23.479065,0.53070223,-20.564743,-0.51869494,0.03374518,3.027568,0.965102,0.68833196,9.667636,0.21380863,12.398859,0.45040664,12.271901,0.6844034,849.6313,0.24849749,1408.3835,0.132754,-79.79881,-1.0470374,1880.6794,0.103551164,919.2712,0.35954672,-75.05988,-1.0563524,2824.4622,0.072122686,1042.1117,0.47052252,-74.366295,-1.0717548,-11.842097,-0.5423258,17.163462,0.4588217,0.039778803,0.4588419,-0.012779178,-0.90523,0.15132523,0.36288652,25.602377,0.27918446,-10.502234,-1.5276265,26.88504,0.49337885,-24.22683,-0.43344805,-11.015927,18.152378,0.01921045,-0.001091393,0.027911946,3.7500002,1.2903227,0.53999996,0.19,0.14,0.14142135,-30.876373,o,Ses02M_impro07,Ses02M_impro07_M022
216,42.16979,0.09113528,41.37388,42.407795,44.28366,2.9097824,61.055866,35.765125,141.23125,160.60768,0.35083416,0.7170336,0.06745305,0.29172066,0.5879105,0.52045745,4.1873507,2.7966592,2.5362628,1.1834973,0.09481306,0.8106321,25.575205,0.24778563,-7.7088137,-1.6985916,21.724392,0.54500914,-19.474823,-0.511015,0.03374518,3.027568,0.965102,0.68833196,9.667636,0.21380863,12.398859,0.45040664,12.271901,0.6844034,849.6313,0.24849749,1408.3835,0.132754,-105.967255,-0.8419785,1880.6794,0.103551164,919.2712,0.35954672,-99.856384,-0.8705624,2824.4622,0.072122686,1042.1117,0.47052252,-99.299355,-0.8800908,-11.842097,-0.5423258,17.163462,0.4588217,0.039778803,0.4588419,-0.012779178,-0.90523,0.15132523,0.36288652,25.602377,0.27918446,-10.502234,-1.5276265,26.88504,0.49337885,-24.22683,-0.43344805,-10.853162,18.804523,0.018460868,-0.0019350091,0.027077198,3.0303032,1.0362694,0.53999996,0.19,0.26666665,0.19223827,-31.77711,q,Ses02M_impro07,Ses02M_impro07_F019
217,30.663979,0.1247085,28.080196,30.432507,33.72177,5.641575,71.72243,91.16709,52.366585,56.991707,0.15420644,0.7152375,0.07072681,0.11600207,0.21388446,0.14315765,1.0708503,0.5233837,0.6544486,0.27220866,0.036074344,1.0411559,27.853456,0.2779936,1.9866707,4.4453745,16.624216,0.83606315,-14.712121,-0.809109,0.018248498,1.0547972,1.2487655,0.4660153,5.7478695,0.41314885,4.336852,2.0315511,24.546291,0.33725274,620.31824,0.34530875,1423.0437,0.1472845,-112.745255,-0.8164203,1688.7778,0.16123854,1148.3009,0.28309008,-114.47057,-0.7440855,2752.4358,0.0948375,983.30865,0.37481505,-116.33668,-0.7148575,-15.173498,-0.37788516,25.873718,0.27001926,0.02654598,0.92084825,-0.009780199,-1.1048616,0.045619573,0.8428306,32.45238,0.1816588,3.7658625,2.4045377,16.952929,0.8970573,-16.238434,-0.805673,-10.780095,19.810999,0.008903158,0.00034631861,0.027589807,0.9433963,2.5780191,0.17842105,0.14914717,0.19833334,0.19120236,-41.552208,s,Ses02M_impro07,Ses02M_impro07_M023
218,38.50605,0.15300567,35.644543,38.760212,42.90455,7.260006,188.44781,117.66607,63.84027,60.04543,0.36553076,0.62803894,0.16472806,0.3368014,0.5341749,0.36944687,4.3747926,1.9478116,3.950925,4.2510743,0.11093238,0.8187538,30.528677,0.21407732,-12.985785,-0.8459778,11.188242,1.0112503,-20.611113,-0.6954675,0.034926895,1.7570778,1.2582489,0.6233967,5.9848814,0.49001354,6.778683,0.9562667,20.339474,0.35662556,706.17145,0.2920732,1428.0381,0.15821768,-105.855606,-0.86935973,1687.5902,0.13986164,1051.6278,0.22135487,-95.26015,-0.9088785,2718.7727,0.07771733,1011.031,0.297495,-99.17327,-0.8409293,-9.376404,-0.49149653,19.102478,0.34703368,0.048712846,0.39524338,-0.015022242,-0.87743384,0.14470485,0.54608834,32.552303,0.17834562,-17.467989,-0.5990767,9.6114235,1.2169447,-26.296389,-0.5386126,-9.903778,18.392458,0.020257495,-0.0054967706,0.065502495,3.5856574,3.6585364,0.14555556,0.096391685,0.13571428,0.10567567,-33.397873,o,Ses02M_impro07,Ses02M_impro07_M024
219,36.97324,0.17369847,28.200897,37.35711,42.658737,14.45784,146.49118,103.04088,87.57963,50.343674,0.3552818,0.61313945,0.16825467,0.32121658,0.5337155,0.3654608,3.8290682,1.8779823,4.1334414,4.149963,0.10283532,0.81840014,29.962574,0.21915218,-11.060531,-1.1392387,14.354652,0.89895827,-21.209324,-0.6266639,0.029009944,1.8385621,1.1322488,0.6433658,5.8210974,0.4960497,6.384667,0.9471751,20.609673,0.40010345,673.6884,0.29926297,1416.1693,0.14758176,-102.03881,-0.90429884,1681.2291,0.13367341,1054.4926,0.23362395,-94.96773,-0.9054488,2697.9873,0.07379921,1011.16425,0.29582465,-98.20016,-0.84925014,-9.906836,-0.48670432,18.831282,0.37047347,0.04664185,0.42665946,-0.01568917,-0.7596662,0.12860887,0.60477823,31.911716,0.17191686,-14.385095,-0.8258491,12.530558,1.1133949,-26.213877,-0.51174694,-9.489931,17.108591,0.021221839,-0.006383772,0.072350666,2.9761906,3.6363637,0.1475,0.09274742,0.12699999,0.102474384,-34.15628,q,Ses02M_impro07,Ses02M_impro07_F020
220,29.593641,0.16941778,25.875103,28.543589,32.01256,6.137459,48.217937,27.177616,32.29485,30.714428,0.23310766,0.81524354,0.11233358,0.16727847,0.30032048,0.1879869,3.7278576,4.670252,1.8552527,1.8218579,0.06410559,1.4498383,27.973446,0.31607854,-1.898195,-6.817963,14.481586,0.85318494,-14.669847,-0.8519159,0.016399812,0.85971016,1.2240305,0.49375027,4.2559633,0.5259725,2.854548,2.7987664,21.94228,0.36811686,561.60706,0.33127764,1420.3015,0.16994536,-123.74012,-0.7341939,1585.5824,0.12943047,1104.2338,0.21855654,-125.984665,-0.68078655,2640.0208,0.08123142,1017.76886,0.30125973,-128.75949,-0.6402632,-13.00384,-0.36505646,22.470919,0.29597434,0.034095727,0.52558625,-0.013856337,-0.77717394,0.06641258,1.3678986,32.11276,0.2044782,-1.2465354,-9.769591,14.01298,1.0321596,-17.530039,-0.7667727,-9.913138,17.614252,0.022279298,-0.0048712,0.063588336,1.2622721,2.9661016,0.12714286,0.092176996,0.1809091,0.15885697,-37.272346,ans,Ses02M_impro07,Ses02M_impro07_M025
221,28.982735,0.19131418,24.012268,27.386862,35.441925,11.429657,216.31094,300.40015,102.96877,187.93083,0.19897313,0.88656175,0.08636004,0.14120498,0.25924045,0.17288041,1.8027892,1.205793,1.9593663,1.600699,0.0458412,1.1475266,26.82552,0.3253623,-0.7778656,-14.811601,17.78053,0.64192736,-10.940118,-1.0327985,0.016965216,1.1896752,1.1784648,0.5855357,4.4492793,0.5812076,6.4499807,1.3974572,20.50853,0.41615346,581.1525,0.3609883,1374.1487,0.15775608,-108.36213,-0.85371995,1635.6763,0.14389062,1061.5426,0.28011122,-110.0267,-0.79171956,2633.9937,0.10211601,1003.9937,0.2848998,-111.86951,-0.7619909,-12.397846,-0.5210377,20.139523,0.398033,0.031140797,0.6555806,-0.011421795,-1.0750552,0.062166385,1.0701659,30.495232,0.22850564,-4.711022,-2.7927632,18.89307,0.68449163,-14.164924,-0.87463844,-12.288799,20.459204,0.011286394,-0.0003972405,0.02981042,1.2847966,3.125,0.14827585,0.18177417,0.16148147,0.17240572,-39.085476,s,Ses02M_impro07,Ses02M_impro07_M026
222,34.921875,0.07419279,32.52124,35.404716,37.19922,4.6779785,144.49086,142.53831,80.50684,96.261604,0.34479535,0.7928372,0.15260895,0.219816,0.53554714,0.3829382,1.6738195,0.9056476,3.1726434,1.4353521,0.09476497,1.0422206,22.340117,0.32825133,-8.17193,-1.9369771,11.836813,0.8039089,-17.003796,-0.5763196,0.035419535,1.0835516,1.0202687,0.6954889,5.160202,0.6977892,8.810653,1.0636681,15.840517,0.706511,694.89386,0.3248226,1445.7654,0.14991088,-113.72499,-0.78457385,1737.8861,0.11806961,1197.569,0.3220305,-106.59721,-0.8196948,2626.886,0.119798675,1077.9269,0.28516832,-107.37327,-0.80500823,-8.249837,-1.0098531,13.835443,0.6712596,0.05401001,0.332497,-0.009186774,-1.2351018,0.15452036,0.71233946,23.287107,0.2804344,-11.814587,-1.7199607,14.260108,0.7466716,-20.008812,-0.5293967,-8.104859,15.080563,0.02577198,-0.005401172,0.037686292,2.4691358,3.8216562,0.12333333,0.13960262,0.099999994,0.071713716,-34.279865,o,Ses02M_impro07,Ses02M_impro07_F021
223,42.836685,0.24362704,31.05978,44.275482,53.439075,22.379295,168.81613,134.63452,142.59848,114.78722,0.34751058,0.80263954,0.118932135,0.21882956,0.5717929,0.45286077,3.6056068,3.0075495,3.2536051,3.2210772,0.120166324,1.2559755,24.203852,0.35986218,-10.916447,-1.1403507,4.6825905,3.1585345,-20.515484,-0.7035943,0.040363844,1.5678549,1.0462847,0.59641945,6.8606668,0.5898206,5.3560767,1.433911,19.114626,0.5439567,701.48553,0.35997504,1284.2523,0.19413944,-116.3223,-0.80139065,1694.7451,0.1502765,1085.8286,0.24706535,-101.10328,-0.8760524,2728.1877,0.09262444,992.2108,0.37844384,-104.805,-0.80780387,-8.445851,-0.7088514,20.43873,0.39403883,0.04364943,0.5745645,-0.008346693,-1.5733005,0.1737386,0.9679882,25.235199,0.37487155,-15.054142,-0.9177716,1.1576858,13.356535,-23.960907,-0.61257136,-8.296711,16.424868,0.022441559,-0.0020185811,0.05548116,2.386117,2.4175825,0.21727271,0.24841645,0.195,0.20514628,-31.727818,o,Ses02M_impro07,Ses02M_impro07_M027
224,44.32426,0.2053824,32.74878,46.501045,51.491615,18.742836,110.20247,129.65533,138.63873,145.35922,0.46020463,0.62084806,0.17230998,0.45475098,0.6048773,0.4325673,4.630414,2.0789514,3.7685869,3.3016598,0.17090188,1.0043012,23.320553,0.38082165,-13.173572,-0.8462061,1.6909243,7.8221235,-24.82384,-0.7298234,0.02455548,1.1710652,0.95604515,0.62859213,8.681402,0.43051234,3.329085,2.0782409,15.956801,0.60664535,767.1459,0.34779975,1272.1989,0.18768531,-61.554775,-1.3174903,1712.5273,0.17277429,1165.639,0.3037381,-60.0965,-1.1962078,2771.8086,0.07900542,882.6973,0.38828093,-64.268,-1.0762509,-8.131723,-0.5608893,19.935202,0.29649785,0.05690665,0.49812025,-0.0043752445,-2.988166,0.19334859,0.89241594,22.90108,0.36808115,-15.548874,-0.72415996,-1.2158587,-10.611059,-29.451637,-0.58752286,-7.375963,18.799246,0.02694216,0.0073826015,0.099654436,2.6548672,2.7272727,0.275,0.21515496,0.071666665,0.033374973,-29.459297,ag,Ses02M_impro07,Ses02M_impro07_F022
225,32.169453,0.19577703,25.85349,32.50628,38.05705,12.203558,52.84915,32.229244,19.975843,21.56357,0.271087,0.8170759,0.106258236,0.1720763,0.43793076,0.33167252,2.652054,1.8968307,1.8086953,1.2579463,0.0602527,0.93385404,26.938515,0.31504753,-4.7453327,-3.00494,15.449113,0.75233376,-14.565034,-0.88479483,0.021848936,2.233488,1.2039709,0.7022278,5.1734076,0.5228776,3.5346859,2.4013584,19.419565,0.45874274,631.17145,0.37435052,1365.9941,0.15900202,-108.72058,-0.8559391,1637.3228,0.14451794,1103.389,0.28054833,-106.75353,-0.8370298,2696.809,0.09122761,991.0483,0.38773176,-109.60608,-0.7904945,-9.873399,-0.6823473,20.692314,0.34213182,0.034679364,0.69740486,-0.007816081,-1.4554262,0.084082164,0.78573525,29.002453,0.23010737,-8.227638,-2.0057101,14.439265,0.9731541,-18.431456,-0.77744883,-10.1933565,18.682177,0.014076512,-0.0019015247,0.036640618,1.6927084,2.4901705,0.1931579,0.15417191,0.1785,0.15985227,-36.284,o,Ses02M_impro07,Ses02M_impro07_M028
226,34.865883,0.15556897,29.502722,35.178867,40.169735,10.667013,39.29458,18.68459,37.328663,20.248945,0.37731475,0.6474095,0.16656554,0.32848772,0.5058477,0.33928216,2.7348216,1.610545,2.1105244,1.2336564,0.081138015,0.736112,25.375217,0.37561527,-6.799272,-2.6757538,14.418103,0.915968,-18.575165,-0.81180197,0.01939705,1.6697738,1.1471009,0.66815954,5.7851915,0.48106962,1.1922826,4.749418,17.57732,0.4427595,623.71497,0.34492186,1401.1621,0.1564821,-79.430504,-1.1519883,1634.885,0.11839618,1069.2336,0.23154815,-76.68291,-1.1127652,2681.5789,0.07390804,1025.9058,0.33983466,-80.72384,-1.0235332,-7.3315744,-0.83047754,17.972994,0.32162836,0.043268163,0.4866504,-0.007674416,-1.47736,0.09989517,0.6537207,27.57111,0.22964287,-13.084592,-1.3660196,14.423965,1.0774804,-22.150484,-0.67280966,-9.287101,16.904085,0.024801398,-0.003465737,0.05036073,2.5062656,2.820513,0.22363636,0.15807208,0.122999996,0.09508417,-34.053947,o,Ses02M_impro07,Ses02M_impro07_F023
227,33.01278,0.18768884,26.145151,32.5022,38.41441,12.2692585,77.87787,65.23862,133.97601,182.60791,0.40850857,0.89673674,0.138817,0.28144482,0.5734816,0.4346646,5.7631335,4.5880146,2.2162204,2.9806201,0.11919037,1.0981559,26.96567,0.30019152,-9.236362,-1.2283128,13.981557,1.091704,-13.810505,-0.7235677,0.025151076,2.2684782,1.2584318,0.65056676,5.540359,0.5657357,2.290763,3.5436208,15.884895,0.5340113,584.8726,0.39129463,1350.0519,0.18144,-80.24451,-1.143544,1596.0415,0.12271855,1057.2,0.26562917,-75.268906,-1.1341718,2578.7378,0.100933,1044.8538,0.30190483,-78.721085,-1.0545478,-9.05424,-0.7054599,18.968637,0.3912541,0.04286375,0.44675466,-0.009593416,-1.3807756,0.14330365,0.9471603,28.242836,0.27030268,-11.168298,-1.048622,14.178615,1.1375419,-15.247638,-0.6684215,-8.888234,18.100702,0.022207225,-0.0011938536,0.06421507,1.884253,2.4390244,0.26277778,0.21369255,0.15066667,0.11509224,-30.157154,c,Ses02M_impro07,Ses02M_impro07_M029
228,39.50307,0.11313334,36.949047,39.35068,43.500378,6.5513306,67.74637,66.9709,64.67299,83.15443,0.52484393,0.8442594,0.09393855,0.40697858,0.9100215,0.81608295,6.3642616,3.0236619,4.4673166,2.162646,0.15811568,0.97371453,21.151546,0.3072275,-11.497454,-1.1572307,11.255495,0.7022372,-18.301134,-0.5043636,0.032270376,2.3099685,1.1903574,0.73992634,7.0036054,0.5520595,6.196404,1.4267951,12.447432,0.73570144,682.3044,0.32629055,1428.1007,0.17412706,-94.49386,-0.98104405,1698.4688,0.09885096,1089.723,0.20126477,-77.57545,-1.1266415,2688.6172,0.103792034,1056.2611,0.3105702,-80.656,-1.0592158,-7.004704,-1.220294,16.200457,0.56649905,0.05168697,0.3112294,-0.007865954,-1.8009045,0.2228221,0.69217527,21.784126,0.32862353,-15.94558,-0.90695196,10.999368,0.7508644,-21.984472,-0.37080705,-9.088723,17.253414,0.017564278,0.00057617365,0.047305956,2.4390244,1.5,0.42666668,0.17172329,0.1625,0.0855497,-28.976763,o,Ses02M_impro07,Ses02M_impro07_F024
229,37.106228,0.14217162,33.622074,36.51664,39.91456,6.2924843,322.51126,356.57684,59.458084,87.33673,0.44177955,0.7717321,0.17767423,0.33499038,0.5987945,0.4211203,4.535466,2.9024765,4.1706214,2.726931,0.123821855,0.9991457,28.660913,0.2686873,-12.749449,-1.0164744,12.461361,1.3571482,-21.508013,-0.60771716,0.023195961,1.6810359,0.92421216,0.60806733,6.80322,0.5234331,3.6155264,2.641119,17.631989,0.521967,634.9101,0.34261516,1403.2543,0.17462984,-79.3808,-1.1595939,1628.4471,0.11512733,1078.8843,0.31285185,-75.008644,-1.1316863,2663.3665,0.09855348,1104.1172,0.45137128,-79.151985,-1.0371,-6.8107357,-0.97554064,18.432415,0.45060045,0.047066115,0.36073354,-0.009095753,-1.4002743,0.14331183,0.878509,28.604948,0.28071034,-16.124813,-0.78764147,11.8692,1.5433916,-22.807417,-0.55841494,-9.719634,19.477026,0.029014273,-0.009815881,0.08827698,2.7586207,2.9565217,0.21470588,0.22622524,0.12357142,0.054981444,-30.154127,o,Ses02M_impro07,Ses02M_impro07_F025
230,35.086147,0.09992789,32.040974,34.160362,38.914352,6.8733788,322.89215,243.20624,-59.832844,62.186016,0.2682137,0.48856312,0.15117684,0.23645394,0.36527058,0.21409374,1.8838942,0.62030363,1.4512695,0.84200674,0.0692299,0.49349663,32.701324,0.19961125,-9.088988,-1.0289156,9.866279,1.177507,-22.693079,-0.5709594,0.031157905,1.3281832,1.4410151,0.42778403,3.8057487,0.4949335,3.2881157,2.5760257,20.577394,0.455167,559.59784,0.3403429,1503.3473,0.15699413,-124.71823,-0.7237917,1538.0858,0.12606408,1166.2313,0.21726446,-115.894,-0.75447875,2631.5637,0.09811903,1062.8469,0.47903705,-119.277374,-0.70707846,-10.320139,-0.4481674,22.021347,0.3847185,0.040069748,0.42939067,-0.0150633035,-0.57681,0.085679226,0.35029268,36.1356,0.13631685,-13.7328615,-0.62665194,11.303734,0.8535146,-22.335648,-0.38471457,-9.927355,21.03135,0.026626686,-0.012813134,0.057860162,3.2432435,3.3333335,0.12666667,0.06599663,0.17799999,0.058446553,-38.743633,ag,Ses02M_impro07,Ses02M_impro07_M030
231,37.059437,0.21842591,28.501629,36.974323,45.771545,17.269917,65.75511,60.738903,54.424435,51.13712,0.31118938,0.7934565,0.12611271,0.21732014,0.47058928,0.34447658,2.589408,1.8388159,2.8173008,2.5258777,0.08924324,1.0797012,28.651989,0.27654245,-6.773714,-2.0687795,13.565191,0.9777105,-16.956802,-0.7594997,0.026436057,1.5172204,0.9740391,0.53832424,6.922065,0.47861916,6.7571335,1.3954641,21.39678,0.43519044,685.4584,0.34316662,1396.8973,0.1806966,-90.783424,-1.0180874,1694.9893,0.14804047,1109.2014,0.3198376,-89.944466,-0.9524343,2728.9417,0.09530356,1005.493,0.37189832,-93.53161,-0.885942,-11.163199,-0.650245,21.287766,0.41786635,0.045681223,0.49154922,-0.010161044,-1.2095704,0.115530655,0.94320047,30.630499,0.23247965,-9.136509,-1.7146411,12.370774,1.1372054,-20.633657,-0.6092103,-10.457178,19.17852,0.019476613,-0.0012102948,0.04957494,2.0631068,2.3199024,0.25263157,0.20867607,0.17705883,0.2416795,-34.26186,s,Ses02M_impro07,Ses02M_impro07_M031
232,38.70819,0.139281,33.319088,37.297974,45.016216,11.697128,25.3457,4.830485,43.182663,0.0,0.35857734,0.8068963,0.11604807,0.22959182,0.6271122,0.5110642,0.99040085,0.6166107,1.707197,0.008251548,0.10213404,1.0825982,24.585493,0.37417492,-7.7772894,-1.986698,21.100193,0.57534856,-17.859615,-0.78925407,0.047051985,1.5985795,0.80753344,0.6374739,7.9747443,0.4845175,11.866096,0.79339457,18.407227,0.5363977,643.91473,0.3804082,1457.9287,0.21055894,-97.37556,-0.9809263,1697.2031,0.15548317,1254.154,0.4861302,-96.77026,-0.905071,2627.134,0.093350545,1061.5443,0.3879187,-95.823044,-0.9225814,-12.058315,-0.5847833,17.321297,0.51795954,0.05581349,0.39135665,-0.0133458655,-0.85199815,0.15900432,0.7455344,28.41778,0.24106559,-11.7411785,-1.5902338,24.36223,0.527726,-26.338518,-0.4133823,-7.905559,16.001812,0.0060932934,0.002621213,0.030721301,1.3513514,1.4084507,0.39999998,0.26,0.29,0.03,-32.17608,b,Ses02M_impro07,Ses02M_impro07_F026
233,43.715473,0.077443376,40.14079,44.862907,46.517803,6.377014,152.84395,266.19104,53.291103,52.612186,0.45409557,0.50643945,0.25539684,0.40689704,0.6392371,0.38384026,3.351631,1.9006807,3.960516,2.8837283,0.13365588,0.6014052,29.258955,0.22511552,-13.135728,-1.04996,10.010375,1.3226182,-16.979975,-0.76314795,0.028615737,1.1853687,0.9370057,0.55159503,8.987149,0.2990798,10.414759,0.7492692,17.47935,0.5230255,795.5001,0.28007555,1332.4347,0.17363563,-62.038906,-1.286109,1793.0424,0.1250412,1028.435,0.24599594,-59.284748,-1.1860987,2788.4995,0.077970214,987.8764,0.37889245,-63.287415,-1.0832161,-9.928499,-0.60592276,19.979425,0.42810977,0.051230595,0.4518306,-0.009060795,-1.4134078,0.14136392,0.63613796,29.656963,0.20007938,-15.612874,-0.8986218,8.552991,1.4699057,-17.645905,-0.7323303,-13.0555725,22.279026,0.03104772,-0.012579341,0.104363106,3.7037036,3.2967033,0.22666666,0.11642832,0.07,0.04857983,-31.623766,ag,Ses02M_impro07,Ses02M_impro07_F027
234,36.084072,0.08323262,32.907116,36.07511,39.143536,6.2364197,40.936493,36.02595,19.298965,5.045173,0.3439934,0.50564647,0.15811029,0.33772123,0.50904363,0.35093334,3.9036183,2.8253932,2.7389922,1.3670266,0.076051354,0.6466137,28.106117,0.35180676,-12.199455,-1.2047626,15.698722,0.82312834,-16.18592,-0.90564585,0.018130919,1.0299232,0.91678166,0.85671115,7.757165,0.46095085,8.659704,0.9062513,18.71749,0.4711144,645.8687,0.35694572,1433.0908,0.1788461,-80.73707,-1.124481,1662.7312,0.13289537,1077.2836,0.26257625,-70.97558,-1.1773678,2662.5562,0.09995019,1104.0022,0.31761074,-74.60132,-1.0866205,-8.086715,-0.727403,16.258734,0.4931427,0.054587025,0.366654,-0.008994577,-1.0318018,0.09127069,0.5176634,32.286922,0.19782266,-17.567163,-0.75870544,15.2945175,0.9455485,-20.29708,-0.7285329,-8.497649,15.618766,0.01729188,-0.00037570787,0.04236295,4.384134,2.1231422,0.31599998,0.30897248,0.13499999,0.062489998,-35.35458,o,Ses02M_impro07,Ses02M_impro07_F028
235,33.84987,0.10525622,32.183453,32.97935,35.48828,3.3048286,221.91698,209.92407,22.891369,6.760626,0.23074256,0.8178354,0.08755361,0.18865561,0.31388068,0.22632706,2.835497,2.826657,1.2862631,0.7753481,0.04729442,0.96666324,25.342808,0.3548185,-4.0953207,-2.6821408,14.261954,0.70529,-12.831616,-0.8246847,0.017196795,1.7967826,0.9722627,0.9663425,7.841137,0.38739803,3.4923255,2.2787712,19.50403,0.50546896,566.49695,0.27072605,1439.9854,0.12372509,-133.11494,-0.676368,1618.5925,0.09562697,1111.8335,0.29684064,-130.66034,-0.6611621,2606.8306,0.08623707,1240.8304,0.48705292,-132.82878,-0.631401,-10.841078,-0.5241644,19.261335,0.40553525,0.039124187,0.393029,-0.0159596,-0.6789796,0.074103646,0.81646466,29.629795,0.22723857,-9.351521,-1.4197804,14.343677,0.864642,-20.993803,-0.45263413,-9.925299,19.227299,0.008248681,0.000814523,0.032040298,1.7031629,2.4630542,0.14299999,0.09518928,0.22,0.16890018,-37.651943,ag,Ses02M_impro07,Ses02M_impro07_M032
236,34.272797,0.09458456,32.30559,33.17767,38.602417,6.2968254,155.49953,130.78241,19.416616,2.6193984,0.19446945,0.99216795,0.07051887,0.118778735,0.2842685,0.21374962,2.8767684,2.947106,1.38932,0.8112219,0.037934124,1.187494,24.176863,0.35657772,-2.9444025,-3.5129578,14.408522,0.64486617,-12.668749,-0.7517644,0.013548894,1.1077516,0.861657,0.7879042,8.1946745,0.34879696,3.8299043,2.02334,20.478722,0.47348827,579.36096,0.30985323,1417.8003,0.12375105,-140.2992,-0.623707,1644.1862,0.09748342,1046.2819,0.31026354,-140.62021,-0.5998342,2696.3333,0.08218442,1169.616,0.4885925,-142.74652,-0.5715513,-10.915853,-0.5080435,19.202269,0.3951172,0.041010514,0.3911814,-0.016359765,-0.6412926,0.07705477,0.7927126,30.033506,0.19853567,-9.3814,-1.4274414,14.541364,0.8755416,-20.865484,-0.4415211,-10.200903,19.187471,0.0045945044,0.0037219354,0.020011228,1.3636364,1.8390805,0.16624999,0.09835363,0.3575,0.49776372,-38.22959,o,Ses02M_impro07,Ses02M_impro07_F029
237,28.726315,0.07491363,27.622997,28.63214,29.85488,2.231882,20.077673,3.9912796,2.240757,9.343925,0.18497477,0.8208057,0.04940582,0.09625058,0.3570117,0.3076059,2.0551643,1.6123285,1.2851353,0.40062514,0.027334744,0.87242836,27.141424,0.2148428,-5.9485455,-1.6350262,13.56763,0.93909186,-14.213633,-1.0087694,0.012003731,0.9821296,0.7387603,0.68014145,6.53959,0.3901604,0.8373616,6.291663,15.74644,0.6073811,439.02585,0.25508615,1319.3232,0.12783782,-103.444496,-0.9702535,1451.9045,0.09095246,900.821,0.30004984,-106.42216,-0.9007571,2691.172,0.059918568,823.68665,0.43468258,-109.65289,-0.8454701,-8.971067,-0.5723759,18.05747,0.3957955,0.048708405,0.33014846,-0.0067160684,-1.5540596,0.047709357,0.4098617,29.465456,0.23571558,-5.9272165,-2.177314,15.890255,1.1154504,-22.891678,-0.68910116,-9.346111,20.480423,-0.0018486031,0.014292385,0.008635275,1.6,1.2244898,0.3866667,0.25837097,0.41,0.3715732,-40.63527,g,Ses03F_impro07,Ses03F_impro07_M000
238,37.83384,0.029827144,36.95143,37.43511,38.958683,2.0072517,27.717493,28.22223,8.34799,1.8433316,0.11984281,0.62545395,0.0569945,0.07861077,0.21599458,0.15900008,0.6712172,0.3889605,0.5467823,0.25714257,0.01764604,0.75362194,24.383013,0.2199267,-14.343292,-1.0457644,6.035034,1.5763495,-15.4043045,-0.6843876,0.009393631,1.2147137,1.0221945,0.43707827,7.3550596,0.40436813,-5.201318,-1.582792,12.574567,0.6867844,625.1056,0.281964,1397.5558,0.19454816,-133.52394,-0.71846026,1608.5869,0.09193862,1119.9205,0.20075236,-125.57007,-0.76466596,2698.5435,0.06323577,916.4725,0.28764915,-128.81151,-0.7128883,-4.987398,-1.2627676,19.196579,0.28262654,0.029467613,0.4566314,0.002690827,3.2939065,0.029728351,0.43031695,26.70187,0.17102054,-27.175627,-0.45137638,-1.894553,-4.8298635,-25.021055,-0.32357663,-9.58448,18.096807,0.011273128,0.0057543316,0.010819397,2.5396826,1.2903227,0.2775,0.2679902,0.38,0.13520356,-48.574554,s,Ses03F_impro07,Ses03F_impro07_F001
239,25.392546,0.06892178,23.594666,24.691368,27.280916,3.6862507,32.08223,14.98473,-16.194267,20.343512,0.13969184,0.7051871,0.076123945,0.10118393,0.18789597,0.11177202,2.3737144,1.2270104,1.7476567,1.43166,0.025231773,0.9047183,23.432262,0.3443098,-9.856864,-0.83988565,18.883503,0.65319896,-9.84289,-0.70059264,0.01650618,0.59205216,1.2187194,0.56083447,3.4508543,0.451552,5.734243,0.6239005,19.363102,0.40044174,467.33118,0.3122209,1279.926,0.13973005,-160.50676,-0.48990977,1524.0532,0.09734634,888.6057,0.24144417,-160.37756,-0.47439057,2548.2566,0.08855766,880.8686,0.2434973,-161.36624,-0.46013698,-8.466825,-0.6840623,17.729416,0.2985043,0.035801712,0.33590096,-0.0031436752,-2.8758583,0.054650415,0.49783087,31.089703,0.14948942,-9.928444,-0.98179615,27.175823,0.56785464,-8.489044,-1.1895391,-6.206444,14.397846,0.0099648,0.005009523,0.018280048,3.5087721,1.2048193,0.16499999,0.024999999,0.42666668,0.42026445,-45.16531,q,Ses03F_impro07,Ses03F_impro07_M003
240,32.920345,0.10695206,29.673574,32.61002,37.91524,8.241667,22.226221,0.0,9.75199,10.072223,0.12293992,1.1976424,0.047255266,0.0611564,0.13689443,0.08963917,2.155024,2.527626,0.5660966,0.4434686,0.023787947,1.5883672,28.317453,0.11538039,-8.092708,-1.2314013,11.72146,0.72430956,-7.700412,-1.2627957,0.012842243,0.5291868,1.1099843,0.42065758,4.2464557,0.36583504,2.025037,3.122139,14.473267,0.39978895,519.3041,0.29095638,1339.8396,0.1348105,-146.02985,-0.58732027,1565.8203,0.11356244,986.1046,0.15530692,-142.26448,-0.6032407,2573.884,0.08541403,1039.6072,0.41429806,-143.98634,-0.5787336,-6.7221985,-0.7592145,15.591907,0.31921792,0.029210195,0.8591513,-0.002959954,-3.6275952,0.054227613,1.02242,30.264193,0.10838664,-17.322979,-0.521669,11.226056,1.1531391,-14.990888,-0.8934204,-11.871129,21.641132,0.0023226906,0.00819021,0.008729507,1.2500001,2.1276596,0.132,0.07138627,0.318,0.29627016,-41.396835,ans,Ses03F_impro07,Ses03F_impro07_F004
241,29.457342,0.06019081,27.809122,29.327005,31.355808,3.5466862,12.426516,6.9703107,115.794,77.5875,0.19792195,0.999161,0.05929615,0.07881983,0.46840245,0.40910628,0.65806216,0.2640544,1.1191095,0.011264324,0.044169147,1.2122617,25.713835,0.27145422,-8.849391,-0.88833624,17.200521,0.57331103,-8.80062,-1.265936,0.013094957,0.8346774,1.0131894,0.3224399,4.193009,0.532879,-0.35972527,-13.630995,15.028378,0.30741158,767.8936,0.41595414,1127.5808,0.20577358,-139.2166,-0.6505814,1749.1226,0.19005409,864.29095,0.19580369,-139.2074,-0.6511169,2832.1306,0.123084195,788.9003,0.4716129,-142.07857,-0.6092047,-5.709436,-0.7173495,15.756242,0.36335585,0.05453991,0.40093964,-0.0028382717,-2.438275,0.111974604,0.35727778,29.341574,0.11036928,-16.327557,-0.42820606,12.788374,1.1548171,-17.310085,-0.8842552,-9.339646,17.30353,0.0038337365,0.008922692,0.017324867,1.4814814,1.5384616,0.19,0.17,0.44,0.01,-38.03248,q,Ses03F_impro07,Ses03F_impro07_M005
242,39.44576,0.13074887,35.241188,37.34343,45.05767,9.816483,40.115913,24.44514,26.035734,0.0,0.10220587,0.48128155,0.06490636,0.08566242,0.13527776,0.070371404,1.2714902,1.0739627,0.7467446,0.63363516,0.01879648,0.8973775,24.049597,0.34018093,-10.262269,-0.89850736,13.889138,0.9505846,-14.060168,-0.8399113,0.025908682,0.7639923,1.4625057,0.3972421,5.993347,0.46781063,1.8001245,4.069975,17.047737,0.5622329,732.58185,0.3106147,1450.1122,0.17787649,-160.6121,-0.46106654,1698.2867,0.135937,1246.7428,0.30554816,-156.06653,-0.48257607,2744.891,0.09350844,979.0669,0.31643936,-157.72108,-0.45824665,-9.579042,-0.65523016,20.879362,0.4082446,0.041346423,0.51978576,-0.0015503905,-7.499297,0.035213087,0.66569644,31.014664,0.17300467,-15.466655,-0.8659696,5.481115,2.9844975,-26.407682,-0.48404804,-7.2998157,15.2181,0.009838786,0.008961311,0.013951872,3.1331594,2.1164021,0.1025,0.07964766,0.276,0.3364877,-49.3919,q,Ses03F_impro07,Ses03F_impro07_F005
243,29.765276,0.23563986,23.571394,24.745182,37.71943,14.148035,270.24744,168.42062,182.41806,129.27725,0.15930755,0.93984437,0.047748774,0.077790655,0.30461657,0.2568678,2.6395583,1.6909324,2.0455947,1.1059302,0.03348186,1.1225585,24.778471,0.20689708,-8.785073,-0.8162999,17.142414,0.7596059,-10.663382,-1.0277834,0.050199423,1.276726,1.6463938,0.6884503,2.481801,0.70140296,8.802008,1.4824098,7.4081674,0.7946355,471.92685,0.5225831,1169.2184,0.1153616,-176.48969,-0.3602622,1485.8933,0.22335641,783.1054,0.28159562,-168.5415,-0.41753364,2579.7349,0.10202582,578.762,0.38510254,-168.80583,-0.41244876,-5.630713,-0.26890886,12.874143,0.24079545,0.035929374,0.5194159,-0.011212036,-0.6097038,0.08059603,0.55376947,26.278236,0.13681592,-19.188688,-0.29187673,11.35687,1.4832916,-27.876982,-0.4059233,-9.286824,16.623543,0.013097072,0.007638646,0.025142454,1.9704434,1.5151516,0.09666667,0.07318166,0.405,0.24561147,-41.777122,ans,Ses03F_impro07,Ses03F_impro07_M006
244,38.350163,0.10527515,33.636047,38.863953,43.263294,9.627247,158.17807,53.88724,66.23878,34.067856,0.09452904,1.3329155,0.049987346,0.06410366,0.084714845,0.0347275,0.32606876,0.12584724,-1.3548113,1.0376956,0.021429589,2.6582186,25.38383,0.22462307,-4.2072463,-1.9056401,12.709985,1.0714937,-14.143519,-1.0126812,0.04757382,1.2430655,1.5888697,0.446771,4.771811,0.48322847,9.5877285,1.0813724,21.330729,0.33062845,712.96716,0.37554437,1419.3802,0.22016728,-183.28854,-0.2871956,1740.4219,0.20373082,997.9301,0.32651436,-179.41846,-0.30730265,2759.39,0.115342885,1030.3369,0.3115253,-179.80815,-0.30202752,-8.581912,-0.60714,21.022648,0.28039765,0.03066268,0.7455465,-0.001809917,-7.5907626,0.075155646,1.7769424,23.966314,0.4187723,-10.661205,-0.8510186,2.5732212,7.9403586,-27.134304,-0.75493455,-11.563804,19.927654,0.013132061,0.0060508014,0.011598214,0.42283297,1.2820513,0.071666665,0.019507835,0.50874996,0.38475436,-42.329937,q,Ses03F_impro07,Ses03F_impro07_F006
245,41.41419,0.13452563,39.880905,42.262253,45.073437,5.1925316,86.71184,57.497227,110.04861,80.8166,0.36724576,0.85973877,0.06568274,0.26674166,0.611988,0.5463053,3.500697,1.9115393,2.8620293,1.9808975,0.1120728,1.1631931,14.845543,0.6120771,-11.886625,-1.2883793,4.163179,4.012866,-35.566216,-0.7171251,0.0336493,1.2891263,1.2945821,0.59903187,6.6058908,0.5093817,6.75599,1.7004479,13.395399,1.2481992,761.722,0.3361375,1266.3083,0.17266211,-122.003334,-0.8151208,1852.604,0.16780554,1058.7245,0.37092978,-104.905556,-0.89877087,2837.7783,0.082407676,862.3594,0.3652546,-104.223625,-0.9118725,-7.6478252,-0.8788998,15.438729,0.5259595,0.051848665,0.36942092,-0.019930575,-0.98799163,0.19448678,0.7220525,10.171689,0.6065661,-12.276479,-1.2063926,-5.2518535,-3.4577312,-52.47444,-0.40197816,-5.837902,14.778531,0.021000547,0.007756958,0.034147315,2.1538463,1.8750001,0.255,0.24554361,0.22,0.1941281,-28.944195,q,Ses03F_impro07,Ses03F_impro07_M007
246,38.404736,0.16853297,33.59817,36.96074,45.10323,11.505058,1040.0773,1001.41583,33.2539,24.299852,0.22623284,0.91610944,0.067074455,0.145372,0.3323595,0.26528504,1.7018108,0.88744766,2.9519613,1.8027753,0.05916034,1.2566209,21.995556,0.2720391,-12.889122,-0.6775455,17.035248,0.49588406,-16.584772,-0.8011568,0.050259814,1.6780806,1.0806875,0.37798643,6.545303,0.75738263,9.438626,0.8811326,19.336494,0.3112019,622.10925,0.30371153,1353.9237,0.16730474,-150.03268,-0.54265046,1603.2295,0.12775333,1001.5915,0.16508643,-135.15776,-0.63787735,2672.1658,0.07018117,793.7781,0.30250084,-137.30922,-0.6055902,-7.4619365,-0.48556638,16.37517,0.31860605,0.04903054,0.44487953,-0.0007851144,-13.522959,0.10936607,0.7956843,25.571463,0.14493626,-18.599728,-0.41042975,12.772301,0.88796484,-27.652864,-0.39331532,-5.7649508,13.454687,0.021590827,0.006425267,0.035938207,2.0,2.7972028,0.1125,0.08287792,0.17799999,0.18925115,-37.845806,q,Ses03F_impro07,Ses03F_impro07_M008
247,40.253098,0.1695391,33.58675,41.704254,46.06143,12.474682,396.75076,712.6998,138.36032,97.43527,0.34134552,0.63310844,0.1470646,0.2937218,0.5113672,0.3643026,2.9731517,1.7380105,2.4971654,1.3882319,0.11605128,0.99727756,22.737005,0.31645668,-14.316966,-1.0482775,8.340429,2.1597304,-24.931622,-0.6215593,0.047569517,1.3435626,1.2839378,0.5899085,6.149412,0.6231249,6.9605913,1.3625727,18.8025,0.5353744,760.7971,0.29397634,1357.8986,0.17918238,-84.24772,-1.0868806,1783.3281,0.13749166,1009.5966,0.20308806,-76.02906,-1.073104,2801.177,0.07522231,887.5273,0.3197486,-78.65532,-1.0127059,-10.2100315,-0.6650685,19.697166,0.371775,0.058952447,0.4598907,-0.008448593,-1.9556472,0.12933932,0.8872226,23.185295,0.32200438,-13.9150915,-1.1631169,5.0968356,3.7295296,-27.817966,-0.59555733,-6.8218317,14.893628,0.038964584,-0.003859901,0.09215036,2.9055688,4.4226046,0.1411111,0.07852027,0.08214286,0.078392655,-32.488705,ans,Ses03F_impro07,Ses03F_impro07_F007
248,38.439743,0.17397016,31.572449,40.97583,43.45085,11.878403,176.83049,197.11469,157.18611,82.43885,0.43606684,0.54973155,0.21308926,0.38247862,0.6612487,0.44815943,2.118503,1.1027255,2.4633255,1.3039215,0.15884909,1.0038139,19.330318,0.31938812,-15.61621,-1.1376369,2.2219546,8.80088,-33.216717,-0.5523049,0.0425179,1.1018068,1.34151,0.44103077,3.9159195,0.7011883,4.707791,2.180956,17.28721,0.6203021,830.23987,0.27529058,1334.4332,0.22090194,-71.10637,-1.277522,1861.2058,0.16111663,1008.4128,0.30517,-67.73604,-1.2191759,2822.8704,0.07652988,944.29346,0.36328173,-68.84515,-1.1880498,-8.851843,-0.77158844,17.384686,0.39191982,0.06514094,0.36498976,-0.018306496,-0.9257906,0.18714666,0.8789722,19.071383,0.3661846,-13.801679,-1.3808818,-1.7409865,-11.379275,-37.385895,-0.51188004,-6.1512628,12.3784485,0.04311867,-0.011978871,0.11158363,2.4242425,4.3750005,0.14714286,0.031036515,0.081999995,0.052687757,-30.361038,q,Ses03F_impro07,Ses03F_impro07_M009
249,42.871536,0.1568484,35.692574,43.91213,48.690216,12.9976425,288.16226,326.3059,218.82469,137.85773,0.28028396,0.9564849,0.07060557,0.21817526,0.38915044,0.31854486,8.677477,8.251469,4.846558,3.5851421,0.119553424,1.394983,23.874804,0.3308406,-11.538245,-1.1555392,3.6993792,4.140263,-24.160181,-0.7281572,0.045641728,1.3641676,1.4814026,0.6503904,7.0440526,0.6830044,9.456937,1.3372269,21.264622,0.51862997,736.1778,0.30712685,1298.1223,0.23347668,-119.41774,-0.7570892,1774.138,0.1577767,1038.082,0.29827216,-106.00408,-0.8047315,2809.5342,0.080884926,849.6349,0.3097704,-109.24555,-0.7521841,-10.128727,-1.0268743,23.22899,0.3260413,0.061036177,0.45331514,-0.0007040925,-26.266584,0.16855268,1.1082168,23.566322,0.40278444,-13.67334,-1.1284665,-0.37042126,-49.55344,-29.094149,-0.6438806,-8.24767,19.625408,0.028425338,0.00748247,0.075093746,3.1914895,5.0541515,0.09071428,0.075258054,0.12777777,0.15844928,-32.69141,q,Ses03F_impro07,Ses03F_impro07_M010
250,44.884476,0.050110236,43.426086,44.501617,45.93055,2.5044632,42.083057,43.91898,73.98255,72.32536,0.25698844,0.5817036,0.12847587,0.22581224,0.35331726,0.22484139,1.7946736,0.8514024,1.609938,0.7803102,0.06231783,0.86335725,17.551596,0.4158012,-17.04038,-0.89274734,9.710784,1.2870198,-23.495272,-0.5761462,0.02406001,1.4735556,1.2057408,0.5092022,8.000703,0.5172061,9.1746855,1.0422697,9.757248,0.9142852,814.3817,0.30969104,1277.1766,0.18262552,-73.96243,-1.1675193,1836.457,0.13048719,1003.4185,0.3698394,-60.1829,-1.2407764,2814.0413,0.1014268,995.9172,0.28903562,-60.417393,-1.232226,-7.101595,-1.2326641,15.349509,0.59645975,0.045869865,0.61817473,0.0030252375,4.2686763,0.07181788,0.8067734,17.27151,0.40013573,-18.05397,-0.85736567,9.475298,1.3636017,-24.74185,-0.5433153,-3.3947742,12.595713,0.03087379,0.0068810033,0.03422463,2.8169014,2.8653295,0.256,0.15647364,0.08222222,0.08828964,-38.31177,ans,Ses03F_impro07,Ses03F_impro07_F008
251,45.465027,0.07258169,42.455605,45.957474,48.601177,6.1455727,97.85176,79.40981,27.832325,16.050402,0.25517014,0.44928873,0.16473046,0.24087815,0.31540674,0.15067628,1.7221581,0.76469636,1.4408612,0.66377187,0.07796903,0.82755595,23.161755,0.3681378,-15.002693,-1.0853993,5.6940804,1.7477027,-15.014656,-0.61074305,0.01594449,1.0204623,1.016685,0.58659065,10.760116,0.32770413,4.0297213,2.470233,9.011719,0.9889294,749.83545,0.401254,1311.9778,0.22068803,-56.51239,-1.3006533,1793.1157,0.17091985,1000.9414,0.20913868,-43.391712,-1.3128481,2808.6953,0.12067206,1037.785,0.433662,-46.443672,-1.201191,-11.840599,-0.8633424,21.079021,0.51453286,0.05508713,0.652353,0.00081811374,14.053085,0.08571334,0.78487456,23.131395,0.32022873,-16.229683,-1.0037156,5.6299195,1.8273339,-14.799175,-0.6361567,-11.781286,23.09688,0.040695712,0.006835288,0.04256151,2.857143,2.95858,0.28399998,0.15781,0.044999998,0.026925823,-35.08091,o,Ses03F_impro07,Ses03F_impro07_M011
252,41.415752,0.16471659,36.401253,39.84076,45.998707,9.597454,120.666824,120.22949,25.943798,10.336662,0.12639125,0.58325046,0.05905925,0.10219696,0.19321057,0.13415132,1.1550494,0.6197278,0.8060164,0.42971617,0.025423419,1.1485354,24.860567,0.30361408,-12.030578,-1.0308455,9.760716,1.2887715,-18.586094,-0.6386728,0.018490791,1.0761425,1.2556877,0.4887133,6.850101,0.52842855,1.8393599,5.8792353,15.20301,0.5656777,687.38,0.3252781,1347.7129,0.15025048,-148.59085,-0.5670633,1676.5892,0.1272921,1174.6514,0.29722962,-138.31573,-0.61600137,2711.2114,0.08647588,983.8592,0.34580004,-139.94075,-0.5892146,-8.969768,-0.59803367,19.717636,0.35990018,0.03220666,0.7282166,-0.0043300954,-2.6778939,0.041684307,0.93914086,27.433365,0.23618987,-19.6759,-0.6023689,5.283986,2.4938025,-25.675388,-0.4183068,-8.568754,16.84857,0.013468605,0.0037515874,0.017412856,2.5167785,2.10615,0.1484,0.11141561,0.29346153,0.34857887,-44.46697,s,Ses03F_impro07,Ses03F_impro07_F009
253,31.911549,0.22547771,23.196594,34.67684,37.91264,14.716045,132.78926,131.82646,3.552972,27.342648,0.11232428,0.8220456,0.051722303,0.07542881,0.14240074,0.09067844,1.321144,1.0938973,0.95501894,1.1858903,0.01875186,0.86804897,28.158342,0.16024522,-10.675532,-1.0324454,11.794152,0.9171627,-13.554119,-0.81456625,0.014929031,0.79914236,1.070265,0.44573587,4.058407,0.7874554,1.3899496,4.971668,16.015213,0.43877587,604.36383,0.26898453,1412.1573,0.31000972,-161.71077,-0.4685813,1566.2161,0.16118325,1151.2998,0.1959232,-158.75449,-0.4835298,2640.3032,0.09292258,980.63464,0.49414137,-160.85127,-0.4525435,-5.540333,-0.95976734,17.597275,0.33160177,0.01851971,1.0211806,0.00037916677,25.303728,0.036131304,0.60417277,31.886839,0.13586676,-20.292656,-0.4900574,5.943228,2.1913564,-24.744549,-0.3803686,-10.258573,18.739914,0.0015802983,0.0072003463,0.014129907,1.7886178,1.9672132,0.09916667,0.072048396,0.3875,0.4769543,-47.86223,s,Ses03F_impro07,Ses03F_impro07_F010
254,40.147793,0.27250496,22.321808,46.58475,47.15462,24.832813,22.201178,20.754808,3.6332896,0.0,0.13241644,0.7005943,0.05874171,0.107531115,0.17909874,0.12035703,0.7734276,0.4045007,0.37943247,0.20863578,0.019016827,0.68784136,26.55964,0.13029723,-14.446344,-0.6057878,14.631245,0.510696,-17.572992,-0.6656379,0.012215646,0.7420941,1.0929765,0.49282873,7.796923,0.44881886,10.411128,0.6822282,13.722075,0.52230465,702.29877,0.29984158,1341.2452,0.15216255,-125.2864,-0.75486594,1662.4783,0.14703502,1108.7278,0.2656625,-113.51938,-0.8168614,2678.2349,0.073999494,857.9183,0.28597897,-115.757454,-0.77905697,-8.648876,-0.65163195,17.097105,0.31448036,0.03908044,0.38557354,0.0044803442,1.7290416,0.024297299,0.4855497,27.109068,0.12032688,-18.13417,-0.4751979,12.88951,0.7185451,-25.632524,-0.38194692,-8.5996065,16.42592,0.008031748,0.0032875126,0.014946592,2.0408165,1.3840832,0.3225,0.2582029,0.302,0.2835066,-47.47962,s,Ses03F_impro07,Ses03F_impro07_F011
255,21.558973,0.030129783,20.864517,21.6153,22.292786,1.4282684,12.475904,0.0,-6.2310033,0.0,0.1706655,0.67233217,0.06726336,0.11603111,0.27994508,0.21268171,0.7781716,0.5392343,0.57420987,0.30606326,0.023441631,0.7089062,26.70699,0.14495006,-19.070948,-0.39608675,18.604988,0.4289785,-19.394787,-0.7096967,0.008363317,1.0911782,0.89896905,0.52800083,2.7805057,0.48345333,4.712711,0.64725024,8.475129,0.33170232,624.8247,0.35466915,1458.3854,0.1941566,-148.80391,-0.5803717,1489.9137,0.13977705,1058.5056,0.19224615,-147.28487,-0.5944315,2631.923,0.044185195,747.76416,0.2109108,-149.6301,-0.5594842,-1.124348,-1.6469935,11.758685,0.17330186,0.030030064,0.39313123,-0.002093349,-2.6919742,0.039273582,0.35674185,29.384068,0.08015998,-25.008005,-0.16566065,17.829739,0.59338206,-35.98332,-0.3480496,-5.4095273,14.723731,0.009637595,0.008198352,0.018927218,1.4705882,1.5267177,0.16,0.07,0.31333333,0.15282524,-45.25114,b,Ses03F_impro07,Ses03F_impro07_M012
256,31.780762,0.15977786,27.84811,28.921755,36.07942,8.231308,64.64514,45.06675,79.46991,0.0,0.08209811,0.36179623,0.05626662,0.07618497,0.10027647,0.04400985,0.6367022,0.3195405,0.15686795,0.24397026,0.012583803,0.4779712,26.867077,0.19545619,-8.036832,-0.89584166,12.954365,0.6044641,-11.720346,-0.6790852,0.023631362,0.6688922,1.3991245,0.4339968,4.02945,0.5375794,-2.204859,-2.9226856,19.999098,0.39496946,577.6392,0.22992693,1459.9984,0.25872096,-174.76889,-0.3501615,1492.9818,0.088032775,1159.0886,0.24227057,-175.71646,-0.33548942,2651.1003,0.061036095,1006.3575,0.38527957,-177.5246,-0.307931,-9.092701,-0.17135897,20.856606,0.3430623,0.018091263,0.7305991,-0.0041197753,-1.1299906,0.019923987,0.2784074,32.819885,0.16745414,-9.970743,-1.071629,5.1850014,1.4266896,-19.38345,-0.25664857,-10.107416,17.443539,0.009559335,0.0025352298,0.011397997,2.8301888,2.4390244,0.044,0.027999999,0.346,0.21629609,-54.171253,s,Ses03F_impro07,Ses03F_impro07_F012
257,31.097742,0.15625912,27.768244,30.520687,33.25822,5.489977,508.61044,612.9118,51.17505,34.109932,0.11593563,0.542232,0.05736222,0.09875384,0.1588332,0.101470985,1.021429,0.41421887,0.50979686,0.2549052,0.018868836,0.69010025,21.1997,0.62023324,2.0734887,7.9035106,14.0053215,0.6112838,-4.8811417,-1.9515167,0.015129374,0.9558923,0.95756716,0.6551142,6.964508,0.45893276,2.2218916,4.9034677,26.756617,0.5368146,502.61124,0.2948384,1401.0946,0.13659783,-142.3555,-0.6018774,1548.929,0.108850636,1072.0605,0.28375918,-143.01515,-0.5601594,2670.5942,0.056362074,1030.3257,0.29135868,-146.15253,-0.51795644,-15.905893,-0.5735696,26.000801,0.3589046,0.03314151,0.6437092,-0.0055478998,-2.426134,0.03011907,0.3841675,30.652775,0.34593856,7.223421,2.751763,14.293472,0.7665617,-5.919872,-2.0552464,-7.8568497,15.467729,0.0072794645,0.008762749,0.013537095,1.8181818,2.5287356,0.11636364,0.142272,0.23666665,0.31531292,-45.612762,o,Ses03F_impro07,Ses03F_impro07_M013
258,38.337677,0.1529364,32.623867,40.78909,44.458412,11.834545,103.1199,138.76872,32.447216,27.467804,0.22378531,0.8251914,0.08977616,0.1585139,0.329027,0.23925084,2.691737,2.2771404,1.9377795,1.6090647,0.048709374,1.2726474,25.124622,0.30676103,-12.279206,-1.1798332,19.959435,0.73915017,-15.715751,-0.71337813,0.017729482,2.094001,1.0340766,0.60378677,7.9914274,0.4345201,7.8540015,1.1693785,12.743506,1.0494611,716.78735,0.39709556,1395.7208,0.1806202,-98.79573,-0.9145397,1730.2992,0.13393445,967.16504,0.302484,-87.10934,-0.99121624,2741.4424,0.08697602,994.2651,0.278248,-87.282074,-0.98571867,-8.901645,-0.7183557,16.37402,0.4501102,0.037979268,0.5310537,-0.001436696,-8.471918,0.065244965,1.0940152,25.591406,0.32057655,-12.083726,-1.3021258,20.76359,0.82383114,-17.98282,-0.64753896,-7.165456,14.855954,0.013489207,0.0066639995,0.02191519,1.7408123,2.7397263,0.21428572,0.2572579,0.16545454,0.1660429,-36.924244,o,Ses03F_impro07,Ses03F_impro07_F013
259,34.972134,0.11688825,32.06014,33.750015,35.87155,3.8114128,26.353611,12.738248,28.419388,19.64753,0.3263994,0.7132354,0.06137286,0.30922273,0.5800504,0.51867753,2.897742,1.3014699,2.3558486,0.89518577,0.08394291,0.94926584,24.832771,0.3185437,-10.008527,-1.0049268,14.29121,0.9615153,-14.410759,-0.69897854,0.017941253,1.5607376,1.1665115,0.60692585,6.5193377,0.49375167,7.3399897,1.2224281,16.020563,0.560634,701.67993,0.36704308,1423.5077,0.19415621,-93.004906,-1.008076,1686.2333,0.1416999,946.1323,0.27633807,-85.51565,-1.0513822,2735.7466,0.09451225,908.82635,0.2846829,-87.23856,-1.0131915,-7.439088,-0.62849724,16.339624,0.28926027,0.05244674,0.28891832,-0.0052821157,-1.8515911,0.1223129,0.6210623,24.380587,0.3619999,-10.565269,-1.109554,15.656945,1.0813198,-16.973576,-0.6207894,-7.958342,17.971983,0.015243383,0.007814232,0.029287543,2.5641026,1.746725,0.34,0.2446426,0.28,0.20704266,-33.72097,q,Ses03F_impro07,Ses03F_impro07_M014
260,38.963528,0.17791007,31.87312,39.126812,43.539406,11.666286,66.25424,49.968834,77.75729,78.46351,0.5078983,0.8951318,0.048057083,0.37215197,0.9411662,0.89310914,4.4906516,2.0389905,2.6635847,1.5458318,0.1674194,1.1225991,19.169924,0.49924973,-19.187042,-0.8323134,0.4551425,32.505234,-18.763811,-0.675737,0.032445222,1.4848735,1.3995602,0.61624354,5.183605,0.7626242,4.4118023,2.8912597,14.094555,0.65596145,833.3199,0.34284168,1247.8907,0.19350792,-97.71311,-0.98888063,1803.8801,0.14533813,1093.8422,0.256752,-79.83898,-1.1690531,2791.7424,0.0806317,951.9239,0.41826263,-83.44681,-1.0825466,-3.700863,-1.8429736,16.316578,0.4099817,0.06430739,0.27344757,0.0011838564,10.129644,0.24448402,0.8361087,17.325943,0.57075995,-24.380835,-0.61967987,-3.033632,-4.9872546,-24.610481,-0.46226805,-6.6791205,18.70103,0.022150269,0.01195891,0.04626098,2.34375,2.8,0.20714284,0.2736898,0.14999999,0.17568912,-28.972298,ans,Ses03F_impro07,Ses03F_impro07_F014
261,37.306126,0.18973197,30.851015,36.319214,43.089706,12.238691,63.675877,46.42283,72.1787,79.23114,0.519675,0.8505498,0.107628345,0.38777125,0.92079794,0.8131696,3.8371067,1.8181392,3.2439728,1.627972,0.1684439,1.0894531,18.502893,0.49031654,-21.92665,-0.6391974,4.7336025,3.9528797,-18.653025,-0.67000574,0.030035904,1.1499196,1.345715,0.6190356,4.8039923,0.80174166,2.3532374,5.155198,14.320358,0.69327486,828.3324,0.38768494,1190.9733,0.19821902,-102.4557,-0.9653829,1800.8766,0.17500794,1080.3911,0.25663513,-84.96107,-1.1324445,2813.3308,0.10959151,882.0378,0.33965105,-88.722984,-1.0491077,-3.0438092,-2.0691254,15.866637,0.38358322,0.06713053,0.25710398,-0.0008431946,-15.247472,0.26121947,0.7440773,17.100044,0.57501894,-25.11178,-0.58367014,-3.3359396,-4.6798525,-24.535307,-0.45729023,-3.8283803,13.810961,0.033260673,0.0088141095,0.05032563,2.3255816,1.9762846,0.282,0.29815432,0.16833334,0.19777231,-28.971504,o,Ses03F_impro07,Ses03F_impro07_M015
262,34.58998,0.10594248,31.557247,35.408627,37.7504,6.1931534,39.178814,0.0,-4.674412,43.65686,0.1279455,0.84883416,0.062020984,0.0893808,0.15854791,0.09652692,0.55004203,0.49077854,0.62720096,0.4414102,0.025238216,1.3568352,26.696287,0.14604835,-13.45577,-0.6404796,12.825008,0.7549254,-11.561895,-0.97685987,0.036084943,0.99259967,1.3602719,0.32971942,3.075301,0.991458,-1.6726612,-5.66618,8.772413,0.81843036,556.56573,0.3393637,1372.8706,0.18116947,-177.50719,-0.3386566,1517.9769,0.09384122,1048.8096,0.09663115,-173.6342,-0.36390662,2545.7292,0.07113953,885.0125,0.18485607,-174.4584,-0.35045278,-5.0757313,-0.8447192,14.586836,0.17094237,0.027865643,0.40595782,-0.0031583451,-2.2321887,0.066159785,0.9109865,26.363047,0.16360465,-20.345734,-0.4172999,6.848977,1.394702,-14.249078,-1.2478088,-8.394601,17.676405,0.0124243125,0.001700231,0.019070318,1.1673152,1.984127,0.06,0.025298221,0.35166666,0.35806963,-45.571747,s,Ses03F_impro07,Ses03F_impro07_F015
263,31.123602,0.1614272,26.93905,31.035032,33.78605,6.846998,655.8745,866.1405,30.792324,22.133608,0.14039724,0.71035624,0.06611346,0.110489406,0.19047005,0.1243566,1.5211575,0.7299502,0.79102576,0.4389718,0.030881763,1.0099982,26.89784,0.362611,-0.054536477,-232.79243,12.301534,0.93605167,-4.73888,-1.7375709,0.030073907,1.0410168,1.2774391,0.7062343,5.833617,0.58761984,4.810395,1.4489839,24.9101,0.3848221,537.4611,0.37169376,1453.4084,0.1855568,-136.51715,-0.635994,1541.327,0.12021386,1169.814,0.35185084,-134.40517,-0.6138724,2628.534,0.07246331,947.1789,0.377023,-136.71552,-0.581696,-14.058103,-0.51747257,24.798328,0.32036096,0.034129813,0.4634822,-0.0026730017,-3.2646644,0.044927478,0.80893767,31.989063,0.27013928,2.7086906,5.4948306,13.299528,1.0358143,-6.3684077,-1.4529415,-9.870938,18.558794,0.011739335,0.0035067133,0.023224942,2.5936599,3.2258067,0.102727264,0.075207695,0.17083333,0.15124254,-43.9467,s,Ses03F_impro07,Ses03F_impro07_M016
264,36.016964,0.16230975,27.210512,37.661545,39.671947,12.461435,110.1723,72.893005,31.89782,17.061956,0.1496479,0.70763564,0.0748913,0.10475711,0.20377198,0.12888068,0.8597124,0.70038044,0.6071981,0.5296093,0.023695068,0.96297556,22.895716,0.5897181,-9.348102,-1.32387,13.41499,0.8994377,-19.856134,-0.7549682,0.012656897,1.3814044,0.9985944,0.57739455,6.4143624,0.39385206,0.577046,16.152575,13.282457,0.75823724,629.27966,0.330957,1306.5137,0.14359786,-133.3562,-0.6984052,1687.6587,0.15943868,984.90186,0.28650182,-123.669556,-0.7413738,2692.7659,0.08155244,937.1629,0.34517652,-124.94928,-0.7211186,-9.113429,-0.6581864,17.281855,0.39921623,0.031762112,0.5503304,-0.014612056,-1.4562463,0.031772092,0.8019796,27.899893,0.29483613,-14.401501,-1.0033048,9.195553,1.4208326,-29.814983,-0.5358269,-6.15497,12.847349,0.016530981,0.0021158494,0.01805709,1.5068494,2.3480663,0.15882352,0.14335814,0.261875,0.23076552,-42.34454,s,Ses03F_impro07,Ses03F_impro07_F016
265,39.885796,0.07310803,38.515053,38.864265,40.52102,2.0059662,65.629875,26.657858,105.70794,59.265892,0.17409153,0.4638444,0.09599105,0.17928742,0.2239157,0.12792465,1.0588357,0.57540435,0.6057745,0.46179107,0.026411613,0.6778859,10.786698,1.4975976,-10.923579,-1.4739734,16.6262,0.78665435,-16.632498,-0.57008755,0.016058646,1.5348331,1.1968734,0.3610851,4.943161,0.7507896,-2.441921,-5.242298,2.0392208,2.5021245,699.1745,0.37012058,1287.202,0.17644581,-163.72734,-0.4651164,1709.6349,0.11608645,1030.5548,0.21729326,-153.97449,-0.52762115,2623.2861,0.08552151,1062.22,0.23979016,-154.3229,-0.52111715,-1.8615545,-3.1782923,10.507013,0.6338293,0.02658038,0.7634724,-0.0011549236,-9.535157,0.040668048,0.67882466,17.378222,0.36949778,-26.353767,-0.5941966,10.555008,1.799119,-24.349297,-0.28915256,0.08203786,4.821649,0.012828452,0.003926385,0.02215762,2.1276596,1.754386,0.125,0.12419742,0.338,0.33198795,-46.568104,b,Ses03F_impro07,Ses03F_impro07_M017
266,23.457088,0.18738957,20.459793,21.990173,25.263945,4.8041515,215.48103,135.78528,16.738878,11.134156,0.15156229,0.74902076,0.062277332,0.10396631,0.23834889,0.17607155,1.41762,0.6749588,0.83641773,0.6958325,0.024772948,0.74389625,29.675642,0.29814583,-6.8661704,-1.7910529,12.162618,0.9236827,-13.593727,-1.1858224,0.016644204,1.7546796,1.000585,0.7616339,3.7354708,0.64163756,2.7864745,1.3325399,17.798046,0.48679402,496.58868,0.33631033,1276.5256,0.13495982,-122.22009,-0.78061515,1520.8625,0.18833779,909.8673,0.28201783,-123.83849,-0.7499798,2587.3547,0.100197494,818.3838,0.34406835,-127.11424,-0.6995655,-10.762456,-0.516406,19.840044,0.28302652,0.031937517,0.55967075,-0.014575463,-1.4119533,0.035568986,0.5061185,35.12303,0.112024836,-9.715152,-1.23818,14.987216,0.89083,-21.237299,-0.9593565,-9.863867,18.553942,0.013440781,0.0038249262,0.017988425,1.8796992,2.1464648,0.1717647,0.19397499,0.290625,0.22476289,-42.06137,s,Ses03F_impro07,Ses03F_impro07_M018
267,26.109438,0.20729016,21.672903,22.917477,33.869473,12.196569,67.848816,48.283497,100.31052,0.0,0.1378365,0.7776524,0.05611633,0.08471197,0.2283546,0.17223828,0.44960466,0.18516248,0.3701569,0.13402578,0.022811934,0.87513375,26.687754,0.29235882,-10.031265,-1.4445891,6.6940365,1.0560725,-10.497196,-1.1256429,0.011912659,1.6389415,0.9257173,0.41018677,3.4907532,0.47977835,0.40129498,5.688397,9.870171,0.564981,429.4026,0.11915868,1140.1737,0.09314003,-166.9788,-0.43518475,1407.4039,0.04938533,907.3671,0.13530146,-166.02129,-0.4504458,2503.7476,0.0391278,840.8853,0.1813602,-168.36922,-0.41390014,-4.98979,-0.86989814,17.338003,0.13457847,0.030077733,0.65736246,-0.0073483754,-2.0478356,0.032316837,0.30860853,31.194992,0.10376384,-23.006237,-0.40556043,8.734573,0.77867985,-14.34702,-0.8628125,-9.491924,18.30485,0.015684763,0.0017705327,0.021553082,0.9661836,1.4851485,0.103333324,0.020548046,0.55,0.16391054,-45.43588,ag,Ses03F_impro07,Ses03F_impro07_F017
268,19.835682,0.021306666,19.37505,19.882666,20.212135,0.8370857,7.9346848,2.3745737,6.7128983,4.339266,0.09587032,0.49248916,0.049057335,0.09579482,0.13415362,0.085096285,0.6519326,0.324216,0.39990312,0.28173476,0.016658176,0.6303355,32.16337,0.119190454,-6.406986,-0.686449,18.539433,0.43017152,-9.038939,-0.82151365,0.012918429,0.38612786,0.79879975,0.38993305,3.094733,0.23356506,5.680433,0.6947365,24.703403,0.06503723,498.56494,0.22545344,1270.136,0.100462,-142.68439,-0.61265993,1526.5148,0.09844888,851.7574,0.11629898,-144.55597,-0.5854786,2609.6912,0.047620095,879.78973,0.20737594,-147.1538,-0.5484615,-12.4998045,-0.10929954,18.644451,0.1811063,0.015677355,0.64579976,-0.0063648936,-0.9474027,0.020415561,0.3320405,36.56638,0.035712536,-7.970138,-0.41187698,26.838238,0.15930364,-6.6375003,-1.0783126,-11.307789,20.031506,0.01703116,0.0046731587,0.015907584,3.0303032,1.0638298,0.26999998,0.0,0.32,0.089999996,-50.35658,ag,Ses03F_impro07,Ses03F_impro07_F018
269,34.9515,0.21675514,24.495878,35.90458,42.806976,18.311098,110.78192,48.30937,131.85129,98.36062,0.09567106,0.49470127,0.060298145,0.077531345,0.12562288,0.06532474,0.7472724,0.30184633,0.5837178,0.5149947,0.022118436,1.2659863,29.91761,0.2657913,-3.442823,-3.7036543,10.609751,0.9978452,-15.980049,-0.5548163,0.015069005,1.030204,0.9793968,0.54448706,7.5510273,0.57487303,5.8943315,1.74294,25.705093,0.5018907,696.1379,0.25767156,1372.9615,0.12563026,-149.40128,-0.5498617,1713.2474,0.15127379,1303.1622,0.27922294,-150.15268,-0.51963204,2763.185,0.102452286,966.272,0.2691256,-152.285,-0.48988897,-17.13644,-0.71471876,30.253784,0.37849683,0.032757007,0.54768753,-0.0070319544,-1.9912161,0.035818912,0.945654,36.3878,0.14804645,-2.5995874,-7.445367,3.0208385,2.9036553,-17.95627,-0.44410276,-11.111219,18.920536,0.014668387,0.004765663,0.014468942,3.1128407,1.9920319,0.13,0.078740075,0.352,0.36306477,-41.2805,s,Ses03F_impro07,Ses03F_impro07_F019
270,39.04047,0.23000674,31.74889,37.513367,49.26627,17.51738,91.50314,110.506744,319.44943,512.8888,0.1739762,0.65246004,0.085409656,0.14581574,0.2425968,0.15718715,1.8077682,1.1143464,1.9484414,1.3578665,0.046466943,0.92868435,25.677618,0.3537381,0.9924436,12.71458,9.14575,1.6741862,-17.62907,-0.94849455,0.023241336,0.990684,1.0924109,0.78521276,9.160097,0.57113105,12.128374,0.8775793,20.50408,0.6977395,667.50476,0.36120138,1315.0444,0.16105418,-115.39477,-0.7834243,1756.2032,0.16073866,1131.9279,0.37142992,-109.61672,-0.75121427,2801.6523,0.10453607,859.2243,0.2879159,-109.62873,-0.75124997,-18.415327,-0.5636943,27.591618,0.44670317,0.049140137,0.59412,-0.012366956,-1.07662,0.063958615,0.73077124,28.356983,0.28499854,2.8939152,4.501523,7.6406426,2.4981008,-24.393835,-0.66633123,-11.029218,18.681145,0.02113561,-0.00013549009,0.02787442,2.0316029,2.739726,0.18333334,0.20311461,0.16,0.13552368,-37.63,s,Ses03F_impro07,Ses03F_impro07_M019
271,42.648533,0.17315634,36.24824,44.446354,49.77328,13.52504,264.45578,396.38467,116.997086,62.468437,0.16820645,0.5089509,0.09229656,0.1548524,0.2259708,0.13367423,1.8654764,1.0548611,0.7540662,0.8931069,0.034548417,0.6874036,23.292366,0.2669325,-14.300235,-0.7815008,20.124786,0.61028653,-14.946048,-0.7826172,0.026368205,1.1406627,1.3307502,0.4800617,6.891154,0.5543221,7.201662,1.3290635,6.81957,1.366701,705.97754,0.3725169,1309.2839,0.16135316,-136.2862,-0.6261553,1722.0264,0.13231914,961.98987,0.22605415,-117.064964,-0.7311798,2694.4102,0.09766196,1060.9811,0.28728575,-116.78341,-0.7346296,-7.5845637,-0.7059567,13.877779,0.4684192,0.04588728,0.41606,-0.0032784895,-3.6038916,0.040204603,0.5117566,24.07797,0.21223651,-18.029375,-0.5523507,20.038628,0.63109607,-17.477777,-0.59510845,-7.6503634,13.756677,0.027634505,0.000760042,0.02915301,2.935421,3.9840639,0.104499996,0.080279194,0.13944444,0.12411787,-44.391064,q,Ses03F_impro07,Ses03F_impro07_F020
272,40.85129,0.2179298,29.335278,42.36283,49.810757,20.47548,394.86325,422.89304,125.91201,70.65603,0.19632292,0.54167986,0.09437084,0.18591776,0.27849147,0.18412063,2.0367916,1.3473535,1.5899092,0.93248755,0.041545235,0.713641,24.64253,0.23270428,-14.044542,-0.7434694,17.173931,0.6465555,-12.933954,-0.6281987,0.030996414,1.1278148,1.3473184,0.5739521,5.944225,0.77433705,5.068678,1.8701168,10.355445,1.0452008,661.5586,0.4592312,1316.9706,0.19028859,-118.15416,-0.7534036,1675.3312,0.15903544,959.157,0.20652673,-101.62564,-0.8240119,2704.9912,0.11834545,962.21625,0.26791695,-102.92768,-0.80244714,-8.308288,-0.63995063,15.186517,0.52221715,0.045842998,0.46317685,-0.006781198,-1.6525536,0.053369634,0.5471655,25.160002,0.23217186,-17.056675,-0.6453851,16.605385,0.7578497,-15.230778,-0.5570781,-8.662172,14.909046,0.022402115,0.0007495077,0.029897816,3.5714288,5.2356024,0.093,0.054598536,0.095,0.09246621,-42.230064,s,Ses03F_impro07,Ses03F_impro07_M020
273,26.095432,0.103481695,24.346073,25.829529,27.101727,2.7556534,70.84852,67.62608,30.232992,19.20118,0.20526768,0.6012848,0.09428587,0.17848535,0.31260273,0.21831685,2.26112,1.0591112,2.314247,2.1769176,0.041086115,0.73725903,27.426767,0.31115833,-7.6780615,-1.7578877,23.02593,0.5950205,-15.588688,-0.80251455,0.012261372,0.82932204,0.9632758,0.68001485,4.333238,0.6061138,3.5632784,1.4623727,18.571945,0.50039184,517.5926,0.3821264,1273.8578,0.14059803,-94.92782,-1.0041045,1570.4874,0.16462177,924.0552,0.30366927,-99.23994,-0.90926874,2573.0918,0.091318,792.87976,0.2756066,-99.614044,-0.9004227,-10.831106,-0.7234082,16.997002,0.46934122,0.036808908,0.44580537,-0.010186221,-1.1208043,0.053807076,0.5627692,30.372044,0.22405604,-7.5485945,-2.0828357,26.776878,0.5764795,-18.31576,-0.69408095,-7.865627,15.103525,0.017693229,0.003477907,0.027680576,2.9325514,2.9761906,0.17,0.12688577,0.1611111,0.08595147,-40.920853,ans,Ses03F_impro07,Ses03F_impro07_M021
274,35.38206,0.24129184,24.899984,39.434147,43.30458,18.404596,79.05092,49.649956,48.18994,25.651928,0.1597083,0.7266994,0.068024985,0.09923784,0.27397782,0.20595282,0.97799397,0.82530296,1.0195352,0.99413925,0.03141447,0.9437696,27.37441,0.25081772,-11.118855,-0.98906654,6.9530873,1.9138958,-14.39187,-0.7450353,0.024427187,1.1314389,1.1742465,0.44250265,5.8939667,0.5247524,5.5007706,1.4996089,18.125444,0.43798527,681.7192,0.3677349,1398.7192,0.14842227,-113.42816,-0.8476712,1595.3245,0.13874623,1191.2146,0.2782355,-106.48706,-0.8763539,2676.4988,0.09256855,1004.13556,0.36102986,-112.16676,-0.77946943,-6.3589354,-1.2943863,21.33453,0.28228903,0.026981024,0.61349994,0.0064498866,2.1260638,0.04604508,0.72228295,28.956133,0.22915778,-15.003784,-0.7493546,4.82837,3.2587929,-17.895151,-0.6028652,-9.127572,20.274553,0.013354602,0.01098418,0.016811479,1.6806723,2.8490028,0.161,0.12707873,0.19,0.15362291,-42.074493,s,Ses03F_impro07,Ses03F_impro07_F021
275,25.615095,0.1151851,23.732544,24.741665,26.69027,2.9577255,32.053062,15.320915,230.27663,372.33984,0.17533483,0.70129454,0.06725296,0.14685056,0.2689782,0.20172524,2.014386,1.2477455,1.5761834,1.1672201,0.03292107,0.8741464,28.13773,0.25901338,-5.6678534,-1.6015921,23.717186,0.70497173,-9.443677,-1.2155817,0.017187195,0.8938903,1.0228541,0.65939945,4.1809006,0.5314087,6.1551495,0.8843022,22.110704,0.36061448,584.0623,0.45545635,1310.1254,0.16111113,-99.084076,-0.97510165,1604.9791,0.16187818,931.3348,0.39848986,-101.416504,-0.9084865,2652.6548,0.09834325,896.2437,0.30327252,-102.80834,-0.88280785,-10.776276,-0.5203619,18.2117,0.40448454,0.03425511,0.47938874,-0.001105824,-9.439733,0.05028758,0.5831927,30.799097,0.2142652,-5.6455374,-1.7521193,30.573877,0.57145035,-10.330031,-1.3735205,-10.045376,17.693401,0.009192782,0.0037286645,0.014742564,2.4324327,1.6438357,0.31,0.30182776,0.27833334,0.20292993,-41.699974,o,Ses03F_impro07,Ses03F_impro07_M022
276,38.242496,0.05296507,37.349037,37.919052,40.667686,3.3186493,157.33669,138.10548,113.211105,129.4741,0.1120916,0.7038911,0.053688444,0.077810146,0.15077692,0.09708848,0.90859354,0.4869702,0.72095126,0.5485005,0.018407345,0.99678206,26.307796,0.13689615,-15.695373,-0.8304183,11.539434,0.9523355,-12.903679,-0.80389637,0.018321639,2.0772104,1.3008386,0.45505035,5.1682596,0.56994444,-4.0707035,-2.4172347,8.455992,1.0126898,720.6337,0.27578896,1319.615,0.14489514,-141.36705,-0.63154745,1689.3208,0.08847749,1116.7439,0.24442622,-132.99866,-0.69202965,2708.9324,0.08293846,1071.8623,0.45137104,-135.55792,-0.65139204,-2.369623,-2.6633847,15.468472,0.3646608,0.029645426,0.74568707,0.007827807,2.1575618,0.03563611,0.65875745,25.35084,0.14766629,-29.60954,-0.39535367,5.607164,2.5528474,-22.892513,-0.4403918,-9.597413,17.596643,0.010394104,0.008209239,0.010038293,1.6908213,1.9559904,0.15875,0.12594022,0.262,0.36322996,-48.68956,s,Ses03F_impro07,Ses03F_impro07_F022
277,26.47007,0.15436655,22.651731,25.946352,31.236515,8.584784,4.2623544,10.6947565,59.025063,6.936966,0.19772297,0.808466,0.054654717,0.1245421,0.32916108,0.27450636,1.4328777,0.4226763,1.2047989,1.1657037,0.032462135,0.8500001,25.14671,0.38080296,-14.63066,-0.83692265,11.617778,0.7939218,-15.020604,-0.8575893,0.012086319,0.6598424,1.1529329,0.69983006,4.1937265,0.6484429,1.7976141,0.93565935,14.522914,0.4577106,448.80618,0.2693429,1276.4222,0.12658249,-119.44806,-0.8025964,1375.6348,0.1190143,961.65656,0.116463155,-119.23582,-0.8071226,2466.2502,0.06501557,728.43274,0.16136423,-124.67219,-0.7196553,-6.363993,-0.6438936,16.871819,0.25010312,0.035469986,0.4332176,-0.0027114647,-2.5260522,0.050433107,0.5448238,32.068775,0.15578154,-19.643764,-0.68323785,9.007921,0.860889,-26.678844,-0.463427,-6.6183558,14.848114,0.007591022,0.011659535,0.020671042,1.8072289,1.863354,0.20666665,0.083399974,0.22999999,0.14543039,-41.515476,o,Ses03F_impro07,Ses03F_impro07_M023
278,36.016026,0.16438954,27.819002,38.25896,41.20467,13.385668,230.47209,182.9854,59.659863,52.695213,0.09699213,0.46505296,0.056427926,0.07739508,0.15300389,0.09657596,0.45430368,0.27131334,0.4137578,0.2940178,0.013233579,0.51034385,19.841494,0.6209854,-3.3629954,-2.5266907,12.549278,0.8156324,-9.988671,-0.961006,0.020698275,0.4923944,1.4072182,0.42023337,3.6726172,0.7669648,-0.40526944,-25.092812,14.733951,0.4434147,617.30695,0.38399607,1489.6779,0.42538455,-184.36679,-0.2773819,1585.0011,0.1326419,1112.6061,0.15291566,-182.46426,-0.2808379,2521.9648,0.10624173,1043.8191,0.32459852,-182.9093,-0.2727952,-6.2743626,-0.7692432,16.33147,0.3185111,0.019219512,1.0670137,0.0047096983,2.4264126,0.017823685,0.34141892,19.05665,0.66180456,-5.0672355,-2.1468534,12.256475,1.4216406,-15.948327,-0.6477535,-8.219312,15.757896,0.012349854,0.0056756036,0.01287528,2.1212122,1.5384616,0.055999998,0.010198039,0.48,0.3589336,-53.737675,o,Ses03F_impro07,Ses03F_impro07_F023
279,25.04782,0.20145176,22.865171,23.900354,25.733963,2.8687916,1246.2981,875.53906,19.148508,6.4894466,0.13947064,0.66484284,0.058985732,0.11050868,0.19744515,0.13845941,1.3103116,0.9205372,1.2830559,0.7671372,0.024447653,0.7872667,25.27367,0.4234622,-3.3455727,-3.5066826,14.27626,0.6812889,-9.380379,-1.1353468,0.016134325,0.8423321,1.0360321,0.77048814,4.326397,0.47368753,3.694609,1.5716248,22.580603,0.3057408,501.86102,0.32500708,1353.8179,0.20154715,-132.61249,-0.68547446,1498.069,0.13480823,980.4707,0.24421479,-134.87013,-0.6427298,2665.6248,0.08654365,800.31696,0.29678008,-137.69226,-0.60213566,-12.237928,-0.4869985,22.232378,0.3001526,0.03964664,0.43892205,-0.0042492263,-1.9813105,0.038171444,0.5415545,32.98532,0.21386318,-3.3140442,-3.5629785,16.68369,0.6463249,-16.125198,-0.7896075,-8.482089,17.874922,0.0060836836,0.007070122,0.01774771,2.9055688,2.4509804,0.131,0.10222034,0.23272727,0.13273972,-44.499527,o,Ses03F_impro07,Ses03F_impro07_M024
280,37.60416,0.21708135,34.965504,36.661026,41.595863,6.6303596,337.8714,290.4129,105.9004,53.444187,0.09715382,0.47746745,0.052715838,0.0884155,0.13192028,0.07920444,0.66763705,0.5324833,0.43062583,0.29236946,0.014288146,0.6358696,25.477068,0.2572173,-9.340837,-1.1622647,8.711542,1.2900301,-13.668444,-0.766492,0.020467743,1.3673995,1.1380116,0.38752094,5.659247,0.38780287,2.3832293,5.6055684,14.827897,0.634009,631.6537,0.37453184,1341.3373,0.17147662,-156.17336,-0.51159865,1635.0654,0.13918234,1171.1166,0.24975222,-143.3932,-0.5920665,2638.0903,0.09301533,1180.0013,0.3973553,-145.33339,-0.5632744,-7.9998717,-0.57884586,18.366388,0.30898902,0.018915018,0.91520274,-0.0011981708,-11.85304,0.02007187,0.4224374,27.63197,0.18855065,-15.469857,-0.9095488,3.3907173,3.123834,-19.666271,-0.57013494,-8.938482,17.929237,0.008824511,0.0057427553,0.01200869,2.1978023,2.0,0.1388889,0.08102735,0.33888888,0.31153542,-51.881714,o,Ses03F_impro07,Ses03F_impro07_F024
281,28.071049,0.14213279,24.475199,26.639185,33.582592,9.107393,19.858078,8.215883,89.816315,10.833832,0.11142523,0.71310353,0.050255,0.08080432,0.16842696,0.11817196,1.3444817,0.97725344,1.0100883,0.88331527,0.018465132,0.86080426,25.451836,0.31832397,-5.701528,-1.68086,12.58138,1.0352992,-9.766947,-0.807213,0.014100317,0.72357726,1.1469573,0.4413223,4.676332,0.36305976,5.229367,0.97646105,18.281788,0.4888674,569.44635,0.38463053,1275.8041,0.20056032,-168.39922,-0.40797147,1599.3928,0.14940311,929.9831,0.22668773,-168.08379,-0.40325737,2635.365,0.086689375,839.09357,0.21417134,-168.65787,-0.39470315,-9.423939,-0.71977574,17.516724,0.39869994,0.01650526,0.8593783,-0.0021130196,-3.889712,0.032588787,0.45693576,28.806627,0.331232,-9.347805,-1.3488476,20.465427,0.8693102,-12.43991,-0.4603329,-9.654367,18.829424,0.009995806,0.0035608374,0.015237935,2.9288704,2.145923,0.07,0.043358963,0.376,0.38525835,-47.303375,o,Ses03F_impro07,Ses03F_impro07_F025
282,23.552624,0.102102,22.263058,23.26676,24.401487,2.1384296,89.97378,91.00213,113.64014,143.85463,0.14813541,0.5755886,0.06486402,0.12891081,0.21803586,0.15317184,1.5600566,0.7760888,1.0651127,0.88019574,0.026256349,0.5789542,28.65549,0.27361983,-4.2568064,-2.331117,19.656084,0.69436777,-10.927016,-0.8549978,0.016763795,0.74316853,0.98305553,0.63637924,4.0481224,0.4883196,3.1050653,1.3223255,21.4802,0.37698773,484.05173,0.40304518,1266.3754,0.18477622,-108.44695,-0.8893195,1486.2909,0.15086128,902.49915,0.27867684,-112.77556,-0.816069,2599.6384,0.08776219,813.0735,0.33761236,-115.78247,-0.76553124,-12.275482,-0.497344,20.804016,0.31706765,0.033901162,0.5335287,-0.0021947653,-4.3948207,0.034001943,0.31400254,31.549698,0.2183591,-3.7271547,-2.8845944,23.227867,0.64492255,-13.420531,-0.6790735,-10.40595,19.856157,0.0102794515,0.0035443765,0.020488627,3.1645572,2.5723474,0.16749999,0.12968713,0.17777778,0.08916623,-44.511528,s,Ses03F_impro07,Ses03F_impro07_M025
283,38.136887,0.15258898,36.282005,39.09398,40.683918,4.4019127,408.3679,450.854,52.532352,48.662357,0.1465913,0.60057646,0.069779366,0.123675376,0.20051438,0.13073501,1.4777058,0.92395097,0.795453,0.35728908,0.02446318,0.73263174,25.5685,0.18866815,-15.126842,-0.85923105,12.129433,1.0345614,-18.140182,-0.6967794,0.018460242,1.2941515,1.2161456,0.4524955,6.390345,0.4846749,0.52887803,21.720266,10.790766,1.0961263,616.1458,0.3677035,1343.5332,0.1674535,-131.88268,-0.70222455,1647.4541,0.1339135,1069.6313,0.26650158,-115.78832,-0.8048706,2640.0112,0.09006901,1039.491,0.3302736,-117.78675,-0.7693104,-5.919968,-0.97353965,16.383423,0.4134172,0.029887423,0.6761645,-0.002184717,-5.7097273,0.032742035,0.55900276,25.793648,0.1567558,-22.35546,-0.61067873,10.246545,1.5984473,-24.537119,-0.5052429,-8.46619,17.073174,0.014100742,0.0023768493,0.018261358,2.5798528,2.3485785,0.1768421,0.18026449,0.21700001,0.18482694,-45.904457,o,Ses03F_impro07,Ses03F_impro07_F026
284,41.44464,0.071561396,36.90773,42.35503,44.024147,7.116417,49.779724,7.0770473,10.381701,9.865588,0.09488362,0.5101226,0.05064462,0.078180425,0.13169117,0.08104655,0.7536826,0.45718908,0.64990526,0.34270638,0.015491656,0.59243786,27.278063,0.17861465,-10.810628,-0.99450666,10.507072,0.7972082,-12.168562,-0.80428386,0.018692736,0.88971454,1.2121089,0.38976946,7.2482924,0.3513219,9.110618,1.2002506,16.007692,0.41473958,705.1742,0.2918794,1420.163,0.20171624,-161.94353,-0.43870717,1767.2238,0.12090903,1007.1357,0.2003669,-141.89748,-0.58091664,2759.5864,0.096192665,1207.7698,0.32166955,-143.07239,-0.5660613,-9.474976,-0.56159586,16.010902,0.44721264,0.031094268,0.4971027,-0.0022678843,-3.9987774,0.023258556,0.3991963,28.142128,0.23443498,-16.957361,-0.6597908,13.026844,0.8711086,-19.595507,-0.5383523,-11.062731,20.127102,0.009684623,0.006733361,0.012287466,2.2026432,2.7027028,0.10666667,0.06394442,0.20714284,0.2645597,-51.53744,q,Ses03F_impro07,Ses03F_impro07_F027
285,32.546738,0.21523803,27.27164,29.724838,37.015266,9.743626,49.841206,39.741264,217.54788,166.04523,0.24960144,0.7525927,0.08283695,0.19480021,0.41180226,0.3289653,2.0560231,1.5151243,1.511677,0.55569357,0.051510032,0.90632194,25.645935,0.21449372,-19.277998,-0.65296,5.086038,2.0916083,-16.777756,-0.68003976,0.029594103,1.2293773,1.3012171,0.68571603,3.5769017,0.8759628,1.4861774,3.465689,9.404806,0.9718328,537.11127,0.49415058,1309.3805,0.11614587,-133.27248,-0.6780066,1518.9984,0.18020464,1079.2731,0.25228438,-123.20489,-0.7568657,2527.3904,0.11309689,885.60394,0.28918198,-126.42429,-0.7065656,-3.7144804,-1.2650522,15.562268,0.35132265,0.03636345,0.5615126,0.0021226213,5.921331,0.086597584,0.5650844,26.613604,0.18626416,-25.435925,-0.49246025,3.7864103,3.3269105,-20.558098,-0.4954253,-6.1649265,16.539518,0.015723716,0.007134513,0.030507563,2.2160666,2.247191,0.1625,0.19440614,0.23222221,0.12505801,-39.191513,ans,Ses03F_impro07,Ses03F_impro07_M026
286,36.32263,0.24236521,27.37864,32.814026,47.216183,19.837543,66.76326,49.591602,95.40428,0.0,0.2548085,0.64723027,0.106155,0.19838393,0.416834,0.310679,1.8438777,1.768247,1.6214083,0.64114875,0.054356437,0.821043,25.539654,0.22413687,-21.51046,-0.48549742,1.5655276,5.96383,-16.110172,-0.7349035,0.027534842,0.7104475,1.3119125,0.40918118,3.8946795,0.7917605,4.7459693,1.100509,11.138121,0.730719,634.82336,0.38571346,1286.6757,0.10423507,-147.16719,-0.5474856,1607.5078,0.14788096,1085.2292,0.14007849,-139.54402,-0.59747815,2580.5725,0.09949407,933.8305,0.37941194,-142.15244,-0.5612406,-3.4031262,-1.1131439,16.409538,0.27086496,0.03654541,0.6996513,0.009087732,0.94645345,0.08086681,0.59069514,25.712763,0.12209253,-27.981794,-0.30348745,-0.716821,-7.6109414,-18.709307,-0.50920504,-4.596318,15.926085,0.027264534,0.006400726,0.041740783,2.9239767,3.6363637,0.071666665,0.055502754,0.17999999,0.093808316,-39.558403,s,Ses03F_impro07,Ses03F_impro07_F028
287,35.3395,0.19950701,27.614717,35.490593,39.12947,11.514753,123.98263,44.391228,54.809086,68.778145,0.12925039,0.5830032,0.06087453,0.10434937,0.19537282,0.1344983,1.0080532,0.31337595,0.5631272,0.24241851,0.02351228,0.7720468,27.764095,0.2127393,-14.039901,-0.71226084,8.300284,1.2003802,-18.14362,-0.65443,0.03757067,1.7795293,1.373995,0.4406014,4.6573668,0.6727608,4.74946,2.6199746,19.044971,0.54422647,647.82294,0.363006,1422.6172,0.16971797,-147.99358,-0.5737736,1603.7375,0.14936164,1216.0789,0.3551836,-140.17126,-0.61661935,2772.0088,0.09855008,916.0051,0.39879552,-143.2878,-0.57153195,-8.010132,-0.54246634,20.204134,0.31880456,0.030469209,0.506896,-0.0040805917,-2.4846013,0.03443589,0.5440997,31.33408,0.10116619,-16.363756,-0.59029305,2.9810412,3.3888507,-27.435333,-0.42540434,-7.2769074,18.243784,0.013025572,0.0071463725,0.01890922,2.110818,2.4064171,0.11888889,0.081574015,0.24799998,0.22085288,-47.569794,s,Ses03F_impro07,Ses03F_impro07_F029
288,29.254871,0.18354796,25.508055,26.763138,33.58109,8.073034,106.55347,54.235443,103.662384,79.22371,0.16456656,0.5667495,0.08759276,0.14068194,0.23052692,0.14293417,1.1873423,0.055979654,0.74189574,0.037734,0.030204864,0.6626065,28.17637,0.2804272,-10.295529,-0.572816,9.630369,0.96182585,-19.590517,-0.69470423,0.0524936,1.9022096,1.2118753,0.42610458,2.3200529,1.0616999,9.352196,0.93572634,19.463634,0.37017795,683.2352,0.34372714,1400.0305,0.10593108,-138.05463,-0.6485478,1582.5645,0.14797832,1264.5916,0.18197803,-133.70619,-0.6627951,2656.7173,0.08416959,905.13495,0.3209381,-136.39882,-0.62363416,-5.9049096,-0.5045478,15.3008,0.337046,0.030563919,0.5442534,-6.746257e-05,-116.08705,0.049285665,0.37504232,31.759705,0.10720526,-12.099566,-0.50472224,8.084201,0.6697298,-23.630075,-0.50771224,-7.2768674,19.460976,0.009616179,0.00895583,0.021026658,1.724138,2.7272727,0.11666667,0.0837987,0.22999999,0.092736185,-44.982224,s,Ses03F_impro07,Ses03F_impro07_M027
289,28.749199,0.17954719,25.402628,27.210127,30.874384,5.471756,70.01655,55.303574,412.17963,656.33496,0.18940021,0.7194284,0.063332744,0.13637057,0.33001223,0.2666795,2.0385401,1.2997453,1.4533179,0.6285521,0.040942024,0.82637674,24.68918,0.29186353,-8.11946,-1.3723698,13.502328,1.0729319,-14.171478,-1.0530826,0.057869922,1.4852152,1.5312024,0.7172132,2.3847017,1.1011254,2.806003,1.7222569,15.853743,0.45705494,593.3902,0.37210736,1351.1714,0.14339563,-121.704994,-0.77173173,1583.2747,0.124161795,963.08563,0.25045195,-120.04867,-0.76474905,2718.2522,0.0708546,806.2226,0.34537542,-122.74013,-0.72223586,-6.1749816,-0.8674461,16.39248,0.2778576,0.04541369,0.3494044,-0.004874814,-2.4610262,0.06569116,0.4485751,27.54738,0.19604458,-12.016966,-0.79339284,16.366226,1.0803146,-20.504688,-0.9153035,-8.33078,17.425913,0.013805418,0.007710694,0.023297202,2.9850748,3.0534353,0.125,0.08789197,0.18249999,0.17914727,-42.1347,s,Ses03F_impro07,Ses03F_impro07_M028
290,42.03702,0.24626142,30.846771,42.86828,54.07598,23.22921,80.05364,39.01779,323.74417,614.74713,0.26503798,0.662268,0.09989193,0.21810217,0.43163726,0.33174533,1.8003674,0.8899989,1.2870332,0.9059725,0.06494438,1.0279058,23.5388,0.2970645,-17.162924,-0.7137311,1.2043836,8.4811,-26.78368,-0.66385657,0.027820747,1.9907786,1.3942116,0.76398426,7.2095428,0.82411367,3.4886258,2.2195327,12.847352,0.6255929,799.9971,0.2882366,1257.8379,0.20392567,-103.64516,-0.93475616,1791.1257,0.17315863,1055.8801,0.3834723,-84.90947,-1.058961,2826.5479,0.07490238,793.8448,0.39123017,-87.6756,-1.001686,-5.401226,-1.0937473,17.59568,0.32104436,0.0323329,0.79701245,-0.007829583,-2.617257,0.07894248,0.8954583,24.734524,0.26213145,-20.673899,-0.48450938,-1.6417209,-5.8646617,-33.278576,-0.47790688,-5.2422132,15.964014,0.020453708,0.003177748,0.04554488,1.4732965,2.4163568,0.2376923,0.20211017,0.13266666,0.11451153,-37.203846,dag,Ses03F_impro07,Ses03F_impro07_F030
291,33.246212,0.22506759,26.695942,30.403511,43.016235,16.320293,58.365456,7.775545,403.33823,397.06348,0.22185072,0.6569979,0.09923071,0.16603018,0.38160396,0.28237325,2.9188643,1.7193103,1.1361315,1.1489185,0.046261285,0.996254,25.449114,0.18256241,-9.23406,-0.75896823,7.057563,1.3209527,-36.77937,-0.44954515,0.023762094,1.0609065,1.2534487,0.70265627,6.786207,0.5914112,-0.34409723,-16.964008,8.95119,0.51304424,768.4465,0.350761,1302.2633,0.14583138,-106.58285,-0.922146,1847.5148,0.21138446,1048.8918,0.3480642,-100.367744,-0.91972965,2839.5522,0.087563306,791.94324,0.46749148,-101.05753,-0.90984976,-9.0443325,-0.39687952,16.602787,0.3387129,0.048317406,0.4212398,-0.018991739,-1.2215621,0.069678344,0.7589924,27.673397,0.14769186,-8.249411,-0.95893073,6.4306526,1.7625918,-41.3278,-0.41790327,-7.0525975,15.915082,0.025106095,-0.0041382373,0.0245042,2.2900765,2.4,0.19999999,0.05715476,0.14,0.047434162,-38.753193,b,Ses03F_impro07,Ses03F_impro07_M029
292,36.84643,0.105135575,34.54413,35.87819,42.245502,7.701374,29.274689,20.609604,60.92454,36.98908,0.16009279,0.92781854,0.07155014,0.11445969,0.18845323,0.11690309,7.8565397,6.127119,2.718828,1.94373,0.038550638,1.5863651,26.667402,0.1534469,-14.002794,-0.7156288,11.875412,0.88615793,-15.779564,-0.71327525,0.020031733,0.7673782,1.4724112,0.33349213,5.0709767,0.45363253,-1.5279857,-5.7393813,13.9096985,0.5095803,575.08,0.40589622,1402.0822,0.16607523,-149.61632,-0.55214524,1589.9197,0.1335212,1039.2725,0.1656306,-140.22644,-0.6052055,2592.9146,0.076137096,1041.1685,0.33611584,-141.54109,-0.5856146,-7.478545,-0.5187475,16.630724,0.23094197,0.034291323,0.6160557,-0.0023980173,-3.6059897,0.07013001,1.2977183,28.261177,0.12389789,-18.033102,-0.6272772,10.716026,1.1630778,-19.63368,-0.4726004,-7.7038,16.76178,0.016066698,0.003817374,0.023844242,1.2944984,2.631579,0.11,0.06964194,0.2211111,0.16237435,-40.7814,o,Ses03F_impro07,Ses03F_impro07_F031
293,27.40442,0.24831387,22.943676,25.708288,28.934301,5.9906254,60.9039,34.484627,61.75244,57.47462,0.3210756,0.7152296,0.11209931,0.20194067,0.5717498,0.4596505,1.6884923,1.0391288,1.1341286,0.57936627,0.067250416,0.856682,24.05704,0.32619542,-11.20731,-0.95787877,18.576426,0.8561356,-19.231947,-0.86218876,0.02991617,2.6749222,1.0165433,0.43531722,3.0793753,0.8083991,-1.079749,-5.7622066,12.161947,0.5728124,744.3473,0.38198224,1268.3821,0.20204332,-87.651245,-1.1197213,1703.0079,0.16360284,948.73016,0.28056765,-88.02482,-1.0962834,2770.1934,0.08315937,824.0519,0.36887023,-90.30073,-1.045856,-5.8391,-0.8025592,12.753667,0.45859528,0.049126405,0.37462753,-0.010294426,-1.3300885,0.092610754,0.61147624,25.823957,0.22614826,-14.619804,-0.62090856,19.655003,0.8441273,-23.683975,-0.8057413,-7.04937,14.700303,0.017074531,0.0029146287,0.036142744,2.188184,1.7699115,0.30875,0.36604086,0.20888889,0.10148283,-35.788494,o,Ses03F_impro07,Ses03F_impro07_M030
294,32.18771,0.31498507,23.915546,27.534643,45.419537,21.50399,72.77955,33.024868,75.19567,61.516945,0.29739317,0.69411427,0.1323355,0.20342511,0.52674145,0.39440596,3.0561626,1.8736123,1.6581019,1.3735857,0.063487366,0.8047896,24.457397,0.32923803,-12.807131,-0.9329917,16.75414,1.0360599,-18.360779,-0.72504395,0.021606216,1.4112234,1.2262691,0.5530701,4.4024534,0.8079328,2.2464583,3.8008895,14.685397,0.5312639,763.5018,0.3776547,1252.7137,0.22400081,-77.7565,-1.2134997,1736.1285,0.15958406,999.5809,0.2992717,-76.5459,-1.1770433,2764.1475,0.09000148,854.3532,0.35742798,-79.10556,-1.115086,-6.1991534,-0.8719387,15.285013,0.4719306,0.049995523,0.3649461,-0.004657171,-3.100955,0.078620516,0.6644329,25.700748,0.22917067,-15.619386,-0.6704391,16.79165,1.0954893,-21.09426,-0.6913517,-7.011168,15.004367,0.017054398,0.002357826,0.03733777,2.7508092,2.454992,0.25,0.28173274,0.15846154,0.107406214,-37.076496,dag,Ses03F_impro07,Ses03F_impro07_F032
295,34.748253,0.24607989,28.299465,32.304626,42.063843,13.764378,101.2832,46.690487,53.849674,32.791325,0.22642013,0.68205416,0.11285772,0.1729672,0.30403745,0.19117972,3.560492,1.7526841,2.812216,1.6165706,0.05387604,0.8536591,26.19662,0.31353876,-9.971086,-1.0912308,16.697136,1.0479144,-18.048891,-0.5128176,0.020038288,0.94473654,1.3011893,0.652006,5.330156,0.6969175,5.3116913,1.8964758,17.269442,0.46348247,583.699,0.4173428,1257.3464,0.145901,-86.97737,-1.0824945,1608.2711,0.14721633,915.2778,0.27366787,-84.67233,-1.0293968,2621.969,0.110582076,899.79877,0.34970552,-86.42465,-0.9958711,-7.038117,-0.68146193,17.181555,0.38277313,0.051740706,0.3639651,-0.0039833407,-2.9105196,0.07226629,0.7035008,26.783752,0.22877975,-12.848222,-0.86235154,18.600285,1.1022617,-18.914944,-0.50254005,-9.365681,18.933777,0.030375503,-0.00338074,0.027428998,3.3210332,3.3834589,0.1711111,0.13698697,0.11625,0.073813535,-39.470325,o,Ses03F_impro07,Ses03F_impro07_M031
296,39.719044,0.23671843,31.538158,35.182457,50.370735,18.832577,135.60071,78.23214,141.72801,139.76743,0.17230436,0.7756389,0.08478911,0.11741302,0.22940126,0.14461215,1.0609133,0.6003997,0.7842353,0.6610281,0.03480868,1.1001885,27.192383,0.24136242,-14.076398,-0.6015879,7.1972847,2.2775738,-19.268085,-0.46123686,0.021807943,1.0298388,1.1306933,0.53637195,5.516126,0.65107614,3.248518,3.322996,15.198316,0.7981651,629.19055,0.37254953,1216.8528,0.13470688,-140.07559,-0.6341769,1659.0531,0.11718461,1033.4816,0.30023018,-133.15634,-0.646702,2639.3096,0.11003475,1038.3997,0.36764884,-134.49738,-0.6296975,-3.60843,-1.0800695,15.768225,0.47598067,0.0314439,0.59144175,-0.007452448,-1.7272032,0.030556407,0.5818669,23.816349,0.31812033,-15.186673,-0.53778154,8.691233,2.697533,-19.26511,-0.43445328,-8.391858,19.8623,0.028365217,-0.0035932402,0.038057975,1.5151516,3.0888033,0.105,0.06946222,0.22571428,0.11574074,-43.154533,dag,Ses03F_impro07,Ses03F_impro07_F033
297,40.688957,0.26605245,30.919025,37.339493,51.522835,20.60381,1580.5632,1525.2107,61.67455,54.619682,0.23184888,0.7650806,0.089612305,0.14993657,0.3604881,0.27087578,0.9519144,0.5215181,0.5793543,0.90535456,0.053504176,1.0577029,24.661177,0.33803612,-15.93414,-0.4791634,-1.456547,-6.0352597,-22.798206,-0.3424245,0.023481905,0.61265844,1.0238508,0.3291392,4.7031746,0.98473907,2.5974445,3.9680684,15.95877,0.83154213,727.577,0.3532626,1336.3921,0.25384116,-125.40478,-0.73640496,1736.879,0.12534796,1005.4168,0.15924716,-114.61957,-0.7994951,2777.1584,0.09152406,1015.7443,0.3663148,-118.608345,-0.7348087,-2.7103996,-1.2339772,17.819952,0.31330097,0.035497617,0.3805987,-0.008688606,-1.6961256,0.049358238,0.80114305,20.45121,0.40092528,-17.452127,-0.3620272,-4.745868,-2.1145246,-22.25463,-0.38095137,-6.998141,19.575876,0.023752972,-0.0022742674,0.061192185,1.8867925,4.0,0.099999994,0.0441588,0.13,0.080622576,-40.15026,b,Ses03F_impro07,Ses03F_impro07_M032
298,34.62343,0.20194033,31.73417,32.896835,34.87231,3.1381397,196.90208,132.62625,85.83072,6.6182137,0.13028283,0.42083755,0.07150429,0.12967984,0.18875182,0.11724753,1.7301475,1.1332396,0.73003733,0.601654,0.021707492,0.5687484,23.90266,0.36383277,-3.2654178,-4.2425847,19.90894,0.6384772,-13.205687,-0.862064,0.018981606,0.7191512,1.0649391,0.60273975,6.875787,0.32516548,2.2505224,5.2051964,18.10547,0.38936818,557.79297,0.33882016,1299.2646,0.10247733,-114.7769,-0.8165845,1658.8472,0.12536061,902.7819,0.24420713,-114.45593,-0.7701289,2697.9163,0.06340934,995.38043,0.43719476,-115.28989,-0.75470006,-11.137644,-0.5280366,17.403582,0.3199278,0.028557388,0.6175892,-0.006270269,-1.8699781,0.02435166,0.4844806,26.117159,0.2229886,-2.3313346,-5.7618084,22.71405,0.6918428,-19.16565,-0.70531344,-9.906225,16.024796,0.019247979,0.00462755,0.01842428,4.0462427,3.0120482,0.146,0.12595236,0.21,0.029154757,-47.53375,o,Ses03F_impro07,Ses03F_impro07_M033
299,45.996548,0.20300095,36.465683,51.12341,53.574326,17.108643,1017.4345,1283.1361,77.96132,42.43367,0.1383947,0.43205568,0.085089244,0.123583935,0.19860284,0.1135136,1.7677189,1.2516774,0.7769651,0.38772902,0.027334454,0.6313769,21.924677,0.33513504,-13.433621,-1.1718326,17.660614,0.61148787,-13.835799,-0.617985,0.023535525,0.82131743,1.4151686,0.38039935,6.458878,0.42851582,4.6714478,1.9533359,15.786809,0.567729,779.0275,0.28605807,1266.8163,0.12789862,-169.71216,-0.4039828,1747.6306,0.10177752,1020.882,0.2093919,-146.66988,-0.5638674,2765.2896,0.08206147,943.10895,0.26329976,-149.19385,-0.5270433,-2.5726554,-3.7371159,14.9476385,0.33522177,0.03201939,0.7689814,0.004251886,1.4834356,0.038080595,0.476102,20.623072,0.2550124,-23.640192,-0.7310065,14.499759,0.8970564,-13.787181,-0.55581284,-7.63711,14.709594,0.03758566,0.001319333,0.02316796,4.526749,2.9411767,0.084285714,0.037361987,0.23571427,0.1929365,-47.772026,o,Ses03F_impro07,Ses03F_impro07_F034
300,37.740017,0.16473866,32.71127,34.76319,44.726128,12.014858,56.74709,23.205324,54.114883,39.47575,0.2516131,0.5519273,0.10721175,0.24775727,0.39190498,0.28469324,3.973064,2.2189038,1.9028716,1.4812243,0.06625188,0.7151436,20.352306,0.39161816,-9.277745,-1.6170655,13.960124,1.2551204,-12.879076,-0.8145652,0.026234886,1.2509629,1.377907,0.6379747,5.993313,0.4326182,6.905422,1.3663607,18.61041,0.3391621,638.5887,0.45413402,1260.1317,0.13472745,-118.93301,-0.7720813,1677.9587,0.14610559,923.94946,0.24210839,-100.43822,-0.8727892,2705.1438,0.09735155,837.814,0.22608738,-102.06461,-0.8414891,-7.3876085,-0.8618195,17.56049,0.30065936,0.045832124,0.42051777,-0.0021873554,-5.0563846,0.08079102,0.49056968,21.985172,0.40389016,-11.087652,-1.4179962,11.56615,1.6688147,-14.3501,-0.6799259,-7.987538,14.911923,0.030817054,-0.0009963796,0.051481564,4.712042,4.8648653,0.09888889,0.115223885,0.086666666,0.07916227,-38.81068,ag,Ses03F_impro07,Ses03F_impro07_M034
301,46.02479,0.110677354,43.887466,46.192097,50.005035,6.117569,134.30988,0.0,34.15264,24.364412,0.11467825,0.31856126,0.07882949,0.115763396,0.14115906,0.062329568,0.8062812,0.5733992,0.8046021,0.438256,0.018928148,0.50773567,22.02771,0.32174066,-14.052166,-0.58131784,10.058705,0.9272648,-21.742989,-0.39702278,0.030450787,0.5147029,1.3960226,0.5428068,6.554016,0.67125076,10.143517,0.7141474,12.674512,0.7840575,555.6281,0.40581354,1433.8982,0.20977911,-176.37773,-0.34252742,1579.2096,0.13399602,1127.6221,0.21770377,-144.57507,-0.5378538,2581.215,0.06787266,1040.3834,0.35678414,-145.4859,-0.52586704,-8.909914,-0.6064608,19.050573,0.34035593,0.045595776,0.40629712,-0.00011205038,-78.0987,0.022625655,0.29208428,22.886885,0.33643,-15.677307,-0.3951816,8.474448,1.1319426,-27.955126,-0.26091138,-6.8710685,16.009064,0.024408141,0.0041901357,0.01770928,3.0612247,3.6649215,0.07428571,0.048655383,0.155,0.11937336,-51.180786,o,Ses03F_impro07,Ses03F_impro07_F035
302,29.637375,0.2927757,24.10207,25.453274,31.54998,7.4479103,26.756857,15.729003,95.72227,63.724842,0.15882367,0.6865971,0.051852554,0.12608305,0.2747234,0.22287086,1.5065362,0.7181394,1.265242,0.9194093,0.030027594,0.9134736,24.446636,0.35551268,-3.8645675,-2.018398,20.276524,0.610278,-12.459064,-1.01381,0.025311548,1.9597023,0.96496797,0.50559574,5.9178143,0.48668036,4.6456685,1.3753335,16.90908,0.5345609,565.26636,0.54970825,1273.7643,0.15819876,-115.90505,-0.80933625,1580.0867,0.19941498,1006.5295,0.35460407,-116.73797,-0.76806295,2638.2563,0.07511526,805.7405,0.4600101,-118.00036,-0.74630356,-12.113577,-0.3860624,19.42294,0.25919688,0.051039245,0.32598045,-0.0035326935,-3.43215,0.048815846,0.58822536,28.30406,0.27531764,-4.8417153,-1.6220198,24.614038,0.5881317,-15.72074,-1.0796257,-9.249482,16.35773,0.010101492,0.007769583,0.016162643,2.631579,2.690583,0.15666667,0.09826269,0.195,0.20287517,-41.492435,a,Ses03F_impro07,Ses03F_impro07_M035
303,33.331947,0.35493952,20.079502,39.160385,45.57937,25.499866,499.99542,0.0,87.84053,58.53978,0.07234657,0.50017786,0.045857184,0.052464772,0.09067176,0.04481458,0.49009842,0.42449832,-0.043573335,0.1576769,0.010815029,0.6152085,26.540615,0.09855589,-2.9207673,-1.5181116,21.47835,0.48029685,-12.870187,-0.612533,0.01913111,0.81932217,1.185736,0.44552368,5.5278015,0.5520393,10.832096,0.49770314,12.867378,0.90761334,550.629,0.2125656,1372.1013,0.08830139,-166.96997,-0.4198149,1688.1642,0.06266375,884.6095,0.24074103,-159.53282,-0.4430908,2611.2112,0.05967918,1018.07526,0.19927041,-158.24039,-0.46073425,-13.842859,-0.2383792,17.843565,0.27846202,0.025495043,0.8467445,-0.01054459,-0.729041,0.013483487,0.2441016,29.591627,0.06881004,-4.568254,-1.4168737,34.546284,0.09421491,-15.954919,-0.45453957,-12.594989,20.827438,0.0074022766,0.0059162877,0.008534391,1.3986014,2.189781,0.099999994,0.029439203,0.33666667,0.41249916,-53.555225,g,Ses03M_impro07,Ses03M_impro07_M000
304,39.128147,0.1751943,36.15972,39.39279,42.78022,6.6204987,91.992584,32.46843,92.15653,52.244114,0.18524013,0.6020608,0.10771625,0.16643499,0.22539888,0.117682636,1.7361984,1.4769008,1.3269396,0.6930189,0.03518459,0.6798245,24.700584,0.25072417,-7.143721,-1.451358,13.621255,1.1065615,-20.744368,-0.63604325,0.023508232,1.4791267,1.0662539,0.70227164,7.6577673,0.45435613,12.225752,0.7474037,18.401764,0.5408821,653.2077,0.35752818,1354.803,0.13102977,-92.38209,-0.9659651,1733.3744,0.12540732,1059.272,0.33086684,-84.242935,-0.9400073,2671.3386,0.09233769,1108.5253,0.34153798,-85.555855,-0.91725653,-10.712727,-0.60440904,19.37633,0.38496235,0.03770454,0.5154342,-0.011735408,-1.245899,0.03877861,0.6484361,25.45795,0.25407016,-7.598095,-1.340659,15.508278,1.0225536,-23.822998,-0.59309363,-8.844724,19.92269,0.02233791,0.0022325579,0.0305336,2.777778,4.8582997,0.122499995,0.07714974,0.06818182,0.0550732,-43.184795,q,Ses03M_impro07,Ses03M_impro07_F000
305,28.772972,0.38795528,20.110395,20.18777,43.07209,22.961695,-3.9466858,0.0,758.8731,0.0,0.08962355,0.34419554,0.067789264,0.08308006,0.10495939,0.037170127,0.18300569,0.1865612,0.44843954,0.28027785,0.01368504,0.49752843,22.331436,0.29413947,-1.9307724,-3.048061,14.72611,0.6398566,-7.2098794,-1.1864902,0.06360012,0.15705921,1.0759073,0.14631322,2.6179574,0.5717656,9.352272,0.22403839,30.79707,0.07710754,793.91516,0.21937002,1439.4203,0.1379204,-194.19376,-0.16564122,1801.9233,0.16106269,1091.5189,0.1503624,-192.38062,-0.17419659,2908.599,0.06243777,1019.7384,0.14541627,-192.66936,-0.16850077,-14.03869,-0.3778277,27.619125,0.044915065,0.00016688198,110.67211,0.008564701,0.52698606,0.026315521,0.71213216,29.6552,0.13450101,0.32873237,40.382435,9.784387,1.3192929,-6.948832,-2.5731275,-9.8112335,18.596264,0.009345313,0.006051521,0.013249172,1.7543861,1.2048193,0.03,0.01,0.51666665,0.35122007,-53.594814,ans,Ses03M_impro07,Ses03M_impro07_M001
306,32.555786,0.038706426,31.974255,32.476814,33.283894,1.309639,12.327091,4.2868285,1.7163563,0.04965236,0.14250594,0.4171705,0.06769743,0.14952359,0.20105514,0.1333577,0.41824913,0.3954566,0.3378254,0.1773749,0.020444326,0.52035785,31.60624,0.17942591,-10.396193,-1.1209618,21.090185,0.83641034,-8.382741,-1.0230811,0.033434547,0.78098404,1.1141381,0.41647384,4.7728677,0.79997265,6.474749,1.8097667,17.989187,0.3032876,554.8015,0.34210214,1513.5339,0.11506559,-63.43479,-1.3210996,1572.5571,0.11268231,1190.1626,0.288875,-66.12554,-1.184028,2518.741,0.1203069,1214.6558,0.38696462,-69.47397,-1.0996764,-9.796367,-0.5447712,19.481316,0.22659592,0.026284091,0.6817131,-0.0003127207,-28.71887,0.023665007,0.4400511,33.760803,0.13961004,-13.598099,-0.8593642,20.590584,0.91270447,-8.494165,-1.060366,-13.411769,21.982649,-0.0047553387,0.0041841627,0.010660744,2.7972028,2.919708,0.24,0.16201851,0.11333333,0.1249889,-46.20405,b,Ses03M_impro07,Ses03M_impro07_F002
307,49.496147,0.11965025,47.955788,50.78759,52.821342,4.865555,35.918736,22.157883,120.95438,106.05855,0.27425385,0.5882936,0.12041404,0.2817603,0.400461,0.28004694,3.566054,3.0207608,2.013734,0.2957569,0.076083116,1.0379282,18.136587,0.43191633,-18.29939,-0.6663292,3.3152277,3.0377994,-21.829205,-0.5198846,0.034197673,1.1666496,1.5607145,0.8293648,8.788383,0.5764521,0.8990584,9.5895405,11.821076,0.8270455,882.3981,0.25192955,1278.5565,0.33201492,-98.81253,-0.9365393,1804.3986,0.1115042,1033.4897,0.16245353,-82.26757,-1.0012888,2860.264,0.074590005,805.4841,0.33514684,-85.584526,-0.92217034,-5.7222657,-1.0149301,19.549814,0.34989008,0.04048888,0.63871866,-0.006361796,-2.4909272,0.0999848,0.8532939,18.792824,0.41867784,-23.889343,-0.44102362,-0.45635018,-21.503826,-26.770079,-0.3463561,-6.4164033,14.999731,0.024851805,0.0015822785,0.04002386,2.9411764,4.6153846,0.13,0.06683312,0.099999994,0.086023256,-36.840485,ag,Ses03M_impro07,Ses03M_impro07_M004
308,47.349525,0.12945949,46.162464,49.732365,50.55107,4.388607,1100.4476,993.538,72.701675,29.559034,0.2426268,0.41505828,0.14743133,0.2211676,0.35438144,0.20695011,1.9137347,1.2105287,1.5237939,0.6678219,0.06338504,0.65902084,20.976486,0.51972234,-7.8584366,-1.6328869,7.3889623,1.3858752,-23.38711,-0.62166077,0.035969898,1.3259282,1.232447,0.6297648,10.328229,0.42874154,5.267633,1.5609906,10.9476185,0.8198841,854.0504,0.25817338,1349.8724,0.25039017,-88.74324,-0.9789228,1798.9036,0.12699571,992.3274,0.27066007,-82.14236,-0.95433843,2838.595,0.07705997,850.5116,0.39983067,-84.699036,-0.90627915,-12.553469,-0.42379346,21.7062,0.29050058,0.06908427,0.36464298,-0.009496256,-1.4998145,0.07688852,0.5789769,22.50224,0.31338874,-11.9238205,-0.9976352,6.4177694,1.5656835,-26.710957,-0.5130826,-9.773241,16.59101,0.0431649,-0.00587502,0.03855685,5.319149,3.8251367,0.16428572,0.14637105,0.07714286,0.05146824,-36.72173,s,Ses03M_impro07,Ses03M_impro07_M005
309,37.33516,0.07229513,34.223167,38.30193,39.956795,5.7336273,32.504765,15.868929,58.64045,4.2248726,0.23224184,0.62347484,0.0509193,0.24490233,0.3639741,0.3130548,1.8672732,0.600356,3.360013,0.08780004,0.06576782,0.69640684,27.014442,0.2225174,-8.016624,-0.98035496,28.496305,0.5524173,-17.444445,-0.56909746,0.029124435,0.76959485,1.5651205,0.828628,5.8656993,0.50689244,13.176459,0.9190032,12.621793,0.37156337,610.626,0.27416393,1401.5736,0.10809225,-104.421745,-0.8737979,1771.2137,0.10064515,790.96295,0.21604146,-98.23753,-0.8655808,2680.8945,0.074940875,1016.77704,0.12452613,-95.898735,-0.9049676,-10.825607,-0.26377818,14.5279255,0.2483545,0.03786468,0.55115646,-0.020449119,-0.5931934,0.09558879,0.33634058,27.791721,0.18963222,-10.424543,-0.936756,36.879448,0.35397598,-23.498095,-0.37523848,-11.809695,19.692764,0.009758174,0.0033451717,0.032655176,5.263158,3.9215686,0.13499999,0.015,0.099999994,0.049999997,-38.056202,dag,Ses03M_impro07,Ses03M_impro07_M007
310,39.950066,0.22572482,33.14038,35.26494,50.84504,17.704659,29.172874,5.1616373,-5.747101,27.828163,0.22867388,1.1282021,0.081207156,0.13608472,0.27966422,0.19845706,2.1732807,2.134314,2.1588,2.8460257,0.082781054,2.0315633,23.436443,0.39686474,-9.399345,-1.7276464,8.456363,2.089643,-19.250624,-0.82358253,0.017960194,0.96258116,1.2101709,0.5085535,7.7004156,0.48477226,6.496576,1.9281758,20.836554,0.38782394,701.0694,0.38141844,1378.0455,0.24003191,-116.23216,-0.80647796,1662.3779,0.14389178,1101.7134,0.30895156,-107.508095,-0.8371449,2712.997,0.094233915,958.2835,0.43420088,-111.609055,-0.76843876,-10.082714,-0.6818081,22.596783,0.21410249,0.042358197,0.66157174,-0.002118576,-7.1413136,0.14057684,1.5819079,27.150698,0.26850352,-15.649827,-1.1473136,3.588074,5.9839616,-22.81931,-0.7408577,-8.043982,16.117983,0.017765082,0.0024453513,0.026555756,1.0230179,2.0725389,0.2325,0.20819162,0.20333333,0.17713773,-32.80149,s,Ses03M_impro07,Ses03M_impro07_M008
311,44.69906,0.118133806,41.0063,43.738033,50.052742,9.04644,38.25707,17.622633,34.61699,22.440641,0.26435265,0.9272387,0.08769762,0.18818775,0.39633298,0.30863535,3.3149905,1.7985115,2.7805727,2.275041,0.07811497,1.7898148,22.356268,0.3756984,-15.7772665,-1.0222454,3.2308242,5.140596,-23.952902,-0.62265134,0.01698973,1.3254313,0.99047786,0.7279812,10.401537,0.4055145,7.242092,1.3090241,17.705816,0.53384846,813.31824,0.27500102,1329.3527,0.20911478,-92.23406,-1.03099,1797.9932,0.13467494,1112.5417,0.2957428,-87.51297,-0.99807847,2809.922,0.08007626,933.9998,0.37628466,-90.20696,-0.9449569,-7.6775365,-0.93688864,20.57361,0.36884823,0.044244416,0.5994669,-0.0010163717,-14.027436,0.11488164,1.4446565,25.018732,0.29412583,-21.377922,-0.7132859,-1.9994149,-9.098205,-31.004408,-0.42400855,-6.4634624,15.996614,0.010228756,0.009968786,0.020216245,1.8413597,1.2838802,0.4722222,0.2757526,0.28666666,0.32765156,-32.79428,q,Ses03M_impro07,Ses03M_impro07_F005
312,0.0,0.0,0.0,0.0,0.0,0.0,0.0,0.0,0.0,0.0,0.053437125,0.17088832,0.045798067,0.048276637,0.063309535,0.017511468,0.17242876,0.14548138,0.15450612,0.06173212,0.008296633,0.30893078,26.103048,0.133623,-0.7016104,-4.5589566,14.460224,0.24810311,-6.867862,-0.48537633,0.0,0.0,0.0,0.0,0.0,0.0,0.0,0.0,0.0,0.0,0.0,0.0,0.0,0.0,-201.0,0.0,0.0,0.0,0.0,0.0,-201.0,0.0,0.0,0.0,0.0,0.0,-201.0,0.0,0.0,0.0,0.0,0.0,0.0,0.0,0.0,0.0,0.0,0.0,0.0,0.0,0.0,0.0,0.0,0.0,0.0,0.0,-12.705802,23.073956,0.0014565908,0.008066356,0.008352141,5.3691273,0.0,0.0,0.0,1.43,0.0,-58.999905,q,Ses03M_impro07,Ses03M_impro07_M009
313,42.686497,0.08373326,39.59231,42.74756,45.50725,5.91494,97.941734,113.73107,167.36124,389.20395,0.46667847,0.719155,0.16661552,0.40726462,0.72381186,0.5571964,6.943915,4.138963,6.095998,4.38851,0.17031777,1.0924218,17.289192,0.57245946,-19.974678,-0.78368556,15.029558,0.9856924,-29.169538,-0.55357,0.02463254,1.5744113,1.0035493,0.6014857,7.406449,0.5309599,5.3982615,1.510205,5.514625,2.1277876,866.4495,0.31089324,1333.4227,0.23582353,-80.404495,-1.0733978,1797.0586,0.11359785,973.1151,0.35912097,-72.03017,-1.1261119,2797.7446,0.07650718,1052.9618,0.40970194,-70.31169,-1.1713629,-4.0507975,-1.9322375,11.66428,0.76880413,0.06284732,0.42714286,-0.003091593,-5.013985,0.21525535,0.9079223,16.703861,0.60953504,-23.11967,-0.6229268,15.471462,1.0648425,-33.79122,-0.43130913,-6.0952973,14.805619,0.02395354,0.001756979,0.073485516,4.043546,2.8213167,0.2361111,0.18681955,0.108125,0.11479431,-30.0277,ans,Ses03M_impro07,Ses03M_impro07_F006
314,41.175964,0.14760524,34.14242,42.123535,47.03809,12.895668,29.361378,7.2923803,29.436882,40.24542,0.28076336,0.99708664,0.082980916,0.1678255,0.4422539,0.35927296,4.182612,2.8695517,2.7725008,2.2614865,0.07841379,1.2961328,24.172815,0.36821428,-11.881656,-1.5654498,11.811079,0.9762913,-20.817648,-0.58327824,0.017910238,1.2819673,0.9284,0.6102807,10.224575,0.39225042,5.892113,1.3803049,15.709168,0.9578347,871.5094,0.23670954,1330.5372,0.21324252,-90.44498,-0.9631364,1869.4327,0.11671024,1105.9263,0.35524395,-89.639366,-0.9283073,2868.3672,0.085729256,1073.9429,0.4591651,-90.970474,-0.9027239,-12.72786,-0.6723794,22.863243,0.46570817,0.057227693,0.65441495,-0.0008353177,-14.739609,0.111287095,1.0508415,27.024706,0.3614033,-14.026585,-1.5843811,9.026345,1.4404696,-24.791256,-0.50267404,-7.0311346,16.508856,0.012565336,0.009137167,0.022341834,1.7964072,1.863354,0.32,0.09899495,0.14,0.10839742,-33.20655,s,Ses03M_impro07,Ses03M_impro07_M010
315,43.209324,0.10041053,40.310005,43.467445,47.04635,6.7363434,29.63091,10.145124,35.51997,30.185038,0.34117493,0.82936627,0.09506355,0.2509661,0.5454531,0.4503895,4.0951753,2.547999,3.2015476,1.9894934,0.085260294,1.052405,21.274086,0.3375554,-18.285513,-0.98302794,11.707427,0.9497466,-25.523458,-0.54270476,0.014321736,1.2900599,0.8816846,0.64147866,10.288622,0.34624594,5.52259,1.3949788,12.032416,0.8950359,845.6555,0.25580877,1348.0175,0.254435,-77.93139,-1.0852615,1820.4984,0.119900495,1058.477,0.26530072,-71.54808,-1.1261061,2795.0134,0.079944514,1020.028,0.40073803,-73.35296,-1.0802131,-8.868572,-0.9263298,17.867165,0.5347792,0.057390884,0.5468524,0.0011203982,7.3739586,0.11182067,0.8505943,22.79879,0.31666237,-22.649584,-0.8308125,9.388627,1.2111275,-30.646955,-0.4171518,-6.3171577,15.351403,0.016030017,0.008839375,0.029577622,2.0576134,2.1008403,0.322,0.13673331,0.10666667,0.09568466,-33.487484,o,Ses03M_impro07,Ses03M_impro07_F007
316,31.667093,0.1575442,27.870167,30.475424,32.98151,5.1113434,30.105818,20.879786,75.5383,103.27075,0.1545205,0.53058136,0.08337434,0.1384739,0.22263771,0.13926338,1.7697396,0.68127453,0.9616855,0.4819674,0.03125634,0.698439,22.68424,0.38920808,-6.839067,-1.925667,17.300804,0.6093478,-9.526573,-1.095053,0.01971871,0.9622503,1.3582606,0.40961075,5.5443506,0.47970846,5.8765316,1.7973988,19.274782,0.49597988,623.8053,0.44775614,1282.8677,0.13611403,-137.28754,-0.6257569,1636.1536,0.19746517,948.6408,0.16026352,-136.31792,-0.6147173,2680.3557,0.107066214,891.4488,0.40397066,-138.30603,-0.58645016,-12.487518,-0.49612415,21.454847,0.26605463,0.025436036,0.8999324,0.0015741892,7.299826,0.03742685,0.48009235,28.035103,0.18820521,-4.054701,-3.4714458,17.888426,0.6653759,-10.465504,-1.0491717,-6.8381805,15.062508,0.013300049,0.0049005556,0.028558383,3.2894738,2.6755853,0.121249996,0.050852112,0.2325,0.19973418,-45.510933,o,Ses03M_impro07,Ses03M_impro07_M011
317,24.111998,0.18633752,20.425522,23.736359,24.265812,3.84029,-0.88405615,0.0,27.877022,0.0,0.075935334,0.5561425,0.046014044,0.05694572,0.09959595,0.053581905,0.540384,0.32781893,0.3462377,0.29808703,0.0120071955,0.61480415,27.834854,0.1858995,-4.739721,-1.8070718,13.328188,0.7451305,-14.391978,-0.72395545,0.01489864,1.4580413,1.1670218,0.5372598,1.6989188,1.3491775,3.0042574,3.1209195,17.59383,0.6110131,486.416,0.26835364,1321.1584,0.19305214,-179.53568,-0.32533357,1425.6665,0.18334457,1081.7065,0.21893576,-179.81773,-0.31780204,2522.7078,0.08622091,704.52124,0.22419477,-180.87952,-0.2998995,-11.50803,-0.3766819,20.469263,0.16256757,0.016631579,0.89735335,-0.015200376,-1.0898777,0.019609183,0.40612894,35.02215,0.09916495,-6.267844,-1.8845974,11.0645275,0.6524802,-28.560442,-0.47630203,-10.880612,19.979193,0.0029551808,0.005451483,0.011129098,1.5873016,0.96,0.103333324,0.09213517,0.78571427,0.58252794,-53.896194,ans,Ses03M_impro07,Ses03M_impro07_M012
318,34.29536,0.18240844,29.616493,33.884113,38.930164,9.313671,57.46386,60.832542,102.45406,100.61317,0.18952553,0.7535247,0.06622729,0.15231705,0.27067226,0.20444497,1.7632023,1.1970686,1.0955453,0.57561445,0.03865161,1.0170789,26.006592,0.27694935,-9.122491,-1.2505699,13.571442,1.0587049,-15.499987,-0.882402,0.018894158,1.4792356,1.0596914,0.4488723,5.961043,0.53631335,1.5816612,5.676595,14.698236,0.66825354,624.812,0.44037727,1294.9039,0.18780802,-112.92758,-0.84922403,1628.9152,0.15332784,1033.1964,0.32905892,-107.95783,-0.8468726,2643.624,0.098462366,916.7887,0.34542918,-109.31427,-0.82389927,-9.326632,-0.46965054,17.930775,0.3261298,0.045115143,0.5894911,-0.006243383,-1.8717028,0.054729868,0.76445246,26.295946,0.30178136,-12.046554,-1.0238501,14.812769,1.2089946,-20.611801,-0.7645658,-9.875865,18.561941,0.014448162,0.0018797677,0.023226699,1.9536021,1.7199018,0.27785715,0.21327978,0.264,0.50764555,-40.617252,s,Ses03M_impro07,Ses03M_impro07_M013
319,34.876858,0.055542503,33.961807,34.63686,35.53295,1.5711441,89.964134,59.71116,15.628816,0.0,0.13058324,0.52146447,0.054717764,0.11926398,0.2109937,0.15627594,0.6227888,0.36551535,0.6721671,0.27069262,0.018191257,0.70322543,25.169914,0.24290694,-8.660073,-1.0402503,15.5583315,0.75976765,-18.109653,-0.8442301,0.006970932,0.7418348,0.87720126,0.4234459,7.480538,0.26850963,2.4683304,2.8438306,16.750128,0.5882137,536.34717,0.33623663,1320.7122,0.15174243,-118.1796,-0.8181515,1597.5464,0.10009554,1012.7486,0.37955374,-115.60419,-0.7927528,2645.7595,0.081760764,1018.391,0.42684793,-115.71081,-0.79306954,-8.095413,-0.47203538,14.93187,0.47147876,0.035091117,0.4405169,-0.010075735,-1.0483863,0.023986282,0.48422506,28.076603,0.19981475,-10.467046,-0.5646457,21.483765,0.6970274,-30.983799,-0.48408833,-8.207071,16.917566,0.008091264,0.0062463623,0.014380524,1.948052,1.3422818,0.32999998,0.29,0.39499998,0.145,-48.16794,o,Ses03M_impro07,Ses03M_impro07_F010
320,32.42096,0.19885808,25.488657,35.152702,37.796253,12.307596,83.44875,32.194153,118.94349,187.62166,0.14748466,0.60550696,0.07585255,0.120998956,0.19705647,0.12120392,1.2304269,0.9761155,1.0740372,0.6499659,0.027224593,0.73324984,27.113834,0.28114316,-10.31328,-1.3785203,13.392246,0.7748598,-12.952986,-0.9035976,0.029201923,1.6100373,1.1005051,0.68138796,5.8084164,0.59948015,3.0472765,3.5963151,17.17932,0.70037436,615.88385,0.4136037,1340.7405,0.13086742,-152.43895,-0.52603173,1643.7477,0.14405075,1152.3872,0.2029958,-146.13658,-0.556812,2612.1382,0.11303776,999.14813,0.2553258,-147.2758,-0.54180455,-11.590406,-0.4812342,21.081797,0.32395622,0.03941242,0.5902584,-0.007135849,-1.9580411,0.036090724,0.6267095,32.695618,0.14590842,-10.52189,-1.4292231,12.274912,0.8754105,-17.882961,-0.83943456,-8.300428,15.932331,0.012519676,-0.000880168,0.023058161,3.544304,2.3076923,0.11666667,0.07944249,0.266,0.41697004,-45.06095,ans,Ses03M_impro07,Ses03M_impro07_M015
321,35.437088,0.06985856,33.785263,35.28543,37.421318,3.636055,50.477493,62.09145,21.082132,16.60816,0.19653672,0.6887552,0.08156411,0.15493847,0.3001094,0.21854527,3.0061393,1.8677174,2.8976157,1.61616,0.041599266,0.93797743,23.72333,0.33671615,-8.627058,-1.6121738,20.247936,0.6442479,-15.124802,-0.9513787,0.018118482,0.97526246,1.0999042,0.5509895,6.7984147,0.5042498,7.288997,1.4163672,17.174343,0.50791264,532.7425,0.36868238,1338.9052,0.18341053,-112.53692,-0.8420561,1613.6704,0.11675276,944.2154,0.28328553,-105.91737,-0.84505045,2619.5662,0.07122919,1049.373,0.31700024,-106.37601,-0.838838,-9.116017,-0.6852755,16.810518,0.44677466,0.046289593,0.47935557,-0.009950228,-1.3598468,0.05959491,0.66676766,26.639404,0.21948847,-11.969497,-1.1599401,23.701803,0.59972525,-22.05305,-0.5951967,-7.9107437,15.213802,0.009890421,0.0038367007,0.023305504,3.25,2.3899372,0.2031579,0.18652084,0.19421053,0.22937709,-41.285744,o,Ses03M_impro07,Ses03M_impro07_F013
322,27.674944,0.11468661,25.043179,26.814308,30.185936,5.1427574,14.538399,7.0007915,20.598694,4.32417,0.10346975,0.42184865,0.069983125,0.08868674,0.13312082,0.063137695,0.54215735,0.24851094,0.5608706,0.36454022,0.016594194,0.48085737,25.620995,0.3180987,-1.7317368,-6.4960093,14.228064,0.7500202,-4.577376,-1.7099942,0.019039216,0.9167502,1.1651886,0.53989935,3.6718702,0.5825337,1.7089136,3.3643146,16.769505,0.39249244,509.50537,0.32786223,1338.9795,0.15039414,-143.35759,-0.58017904,1481.3839,0.12550944,1037.703,0.18182339,-144.38838,-0.559737,2529.2148,0.06021244,911.16864,0.23909853,-146.65703,-0.52827877,-10.762126,-0.45992798,19.962086,0.32867792,0.011823613,1.4297718,-0.0005701801,-14.245193,0.018947167,0.4485799,29.200857,0.16847844,-3.736971,-3.056942,14.610521,0.8670851,-8.34935,-0.78367364,-10.602675,19.132082,-0.00046273702,0.0038316133,0.01584229,2.7247958,2.7624311,0.098,0.045563143,0.242,0.1335515,-51.30471,o,Ses03M_impro07,Ses03M_impro07_M017
323,31.640282,0.040804904,30.438433,31.540369,32.329556,1.8911228,40.806477,38.266262,53.12713,92.06103,0.16958885,0.5367368,0.08940459,0.15685098,0.23433115,0.14492655,1.5045481,0.7520074,0.7737039,0.48646533,0.028361915,0.5457557,27.941603,0.27296177,-4.718509,-2.6121957,24.30035,0.53266233,-15.02928,-0.8456712,0.011994203,1.1120288,0.9341276,0.58281827,7.305112,0.28251427,-0.23800895,-46.340183,15.899019,0.8179905,563.0509,0.29999027,1327.2144,0.11186296,-82.94863,-1.1423252,1701.0516,0.12277969,959.76904,0.4850671,-89.99513,-0.9769766,2686.3037,0.08049172,1020.45245,0.46864608,-89.29785,-0.99082524,-11.707719,-0.6360965,18.05688,0.48075825,0.036127355,0.53287184,-0.018838359,-0.87914157,0.033540376,0.45481902,29.920656,0.23727317,-4.9528446,-2.6381547,26.531427,0.55750924,-19.065096,-0.68334204,-10.056893,16.050102,0.008023595,-0.0049214954,0.019297251,3.2608695,1.858736,0.31399998,0.19438106,0.204,0.16859417,-43.363274,ag,Ses03M_impro07,Ses03M_impro07_F014
324,30.227106,0.113624364,27.553097,29.956585,31.786339,4.233242,54.630028,50.059658,131.96947,302.81113,0.14773938,0.6453221,0.08673256,0.12591259,0.17800486,0.0912723,0.9435147,0.43086773,0.68882823,0.55703074,0.026496341,0.74596393,25.967375,0.3229762,-1.039742,-10.082575,21.615957,0.5917015,-13.270641,-1.018283,0.02094881,2.6256225,1.052975,0.49771714,5.938367,0.43139607,3.214772,3.5620115,19.351234,0.5803305,616.13837,0.36698097,1356.6986,0.15414198,-90.57965,-1.030105,1655.8728,0.14173399,1054.5624,0.35302752,-94.19684,-0.9247258,2681.6077,0.08767477,951.4274,0.42204818,-95.25171,-0.90470505,-12.726786,-0.5018248,20.883648,0.31195217,0.030079255,0.81190556,-0.007634155,-2.316922,0.030699668,0.67762214,29.291012,0.20567887,-2.7331734,-4.2807007,22.186338,0.6431168,-16.687948,-0.86784387,-10.92473,18.249739,0.0129017085,0.0020024953,0.021010125,1.5789474,2.3841062,0.2338889,0.16374569,0.15631579,0.1656315,-43.783573,o,Ses03M_impro07,Ses03M_impro07_M018
325,32.251247,0.16797082,26.833023,34.466827,38.40595,11.572926,84.8828,55.25401,276.734,389.0023,0.18056431,0.7878996,0.088824406,0.14292583,0.20744331,0.118618906,0.7145928,0.30281147,1.0243801,0.84187883,0.03455453,0.80728585,24.706541,0.34938586,-3.538461,-3.6235905,18.968712,0.7689181,-16.468618,-0.78533393,0.04120594,2.4680023,1.0641627,0.5124594,6.3263702,0.45760277,5.4156427,2.3141372,18.758154,0.7182305,606.1122,0.3564589,1404.5625,0.12961671,-112.23803,-0.8485229,1623.3854,0.10904218,1081.1953,0.26021367,-111.0024,-0.81392354,2672.3127,0.073917076,997.60596,0.41764316,-112.437454,-0.78933454,-10.754378,-0.79533523,20.627674,0.33233476,0.031064143,0.7490492,-0.0068447175,-2.865811,0.042395096,0.7275796,28.029146,0.2185086,-7.6311893,-2.0296128,16.944077,0.9930282,-21.549124,-0.6219683,-10.8781185,17.509491,0.02549097,-0.003598331,0.028602857,1.2,2.4489796,0.18666665,0.07930251,0.20166665,0.1301815,-41.438797,ag,Ses03M_impro07,Ses03M_impro07_F015
326,35.226166,0.16926858,33.83592,37.454445,39.069614,5.233696,37.47813,21.138548,11.025295,10.979144,0.15977718,0.6984631,0.065201804,0.12612091,0.25580218,0.19060038,1.4646878,0.7492996,0.8955073,0.38835132,0.026382584,0.99004805,24.723494,0.34681723,-10.314706,-1.2241777,15.433204,0.8307367,-15.304792,-1.0276765,0.014375772,1.3930516,0.83216774,0.53365344,8.001814,0.44168,7.6379356,1.1941824,16.624233,0.55406696,587.3163,0.3591827,1417.4227,0.18396378,-129.73117,-0.7187546,1629.8306,0.12333141,1091.7095,0.3384546,-118.29003,-0.77633935,2669.5293,0.08219298,1012.10345,0.30947405,-119.423485,-0.75987595,-8.323404,-0.73151505,15.884278,0.48019236,0.046851374,0.32910374,-0.011532806,-1.0614544,0.04209719,0.72164154,29.800837,0.21403316,-15.4752655,-0.75186336,18.365282,0.9363367,-25.75896,-0.68993604,-7.4704804,15.992207,0.009463648,0.010215483,0.014793652,2.0565553,1.3020834,0.32599998,0.0913455,0.35,0.19706175,-43.12105,o,Ses03M_impro07,Ses03M_impro07_F016
327,36.807884,0.010713312,36.445084,36.965096,37.151634,0.7065506,0.0,0.0,-0.118373446,0.0,0.08511231,1.1387534,0.046100028,0.049384262,0.07165489,0.025554866,0.17261599,0.14968938,1.5608283,0.0,0.017002568,1.8277473,25.14804,0.13470966,-7.9499516,-1.0875849,11.95874,0.58831245,-12.374771,-0.96953213,0.01648607,0.60293305,1.8119141,0.8279279,5.9947057,0.49062118,3.4981718,1.3347317,20.238115,0.24301226,640.989,0.25158748,1654.731,0.1125098,-194.56766,-0.17101292,1473.5721,0.11460397,1551.0648,0.24766965,-189.48912,-0.22959512,2753.7954,0.049030885,1390.8239,0.29337078,-190.2135,-0.2149486,-8.034863,-0.41528398,18.20124,0.27769876,0.057281557,0.27413237,0.00019603742,28.240154,0.053368215,0.405472,32.193787,0.051666964,-15.171291,-0.48878494,7.079724,0.55644333,-40.12048,-0.33634895,-8.572801,17.258875,0.0043503465,0.011236635,0.015144635,0.63291144,0.6535948,0.08,0.0,0.71,0.39999998,-47.47102,g,Ses03M_impro07,Ses03M_impro07_M019
328,39.803898,0.11835199,37.151634,39.762478,42.10269,4.9510574,193.3522,144.30304,111.00476,132.3785,0.16685842,0.8836138,0.052726306,0.12188216,0.2460298,0.1933035,3.174933,2.3522334,2.6095192,1.5638489,0.04068099,1.4195061,22.575653,0.36148408,-10.676,-1.0266778,14.851269,0.71393937,-17.29209,-0.74008536,0.03608797,1.6018524,1.2897074,0.6183277,6.8411913,0.48633745,10.257791,1.1742926,14.50762,0.6913107,687.662,0.3808909,1409.7277,0.18477826,-147.56953,-0.54696053,1668.5356,0.13990113,1129.6237,0.25887516,-132.52817,-0.62988365,2682.7637,0.08983088,1041.8486,0.3355015,-133.94408,-0.6081617,-8.820554,-0.71002585,17.695423,0.40923068,0.042744067,0.500699,-0.0025586528,-6.328976,0.05305703,0.98011315,25.59719,0.34786707,-14.41858,-0.9108189,15.547149,0.81477106,-20.403662,-0.7386796,-7.350337,15.24747,0.01891851,0.0040155053,0.034433417,2.7586207,3.7209306,0.08875,0.07581845,0.15875,0.18340103,-41.80303,o,Ses03M_impro07,Ses03M_impro07_F017
329,30.551752,0.09176831,28.859547,30.898672,32.283615,3.4240685,61.788002,59.59019,46.67206,54.375023,0.12327915,0.51248527,0.06781408,0.11079541,0.16569908,0.097885,0.7601315,0.28781664,0.6591521,0.39090857,0.01959857,0.7023485,24.22385,0.2766752,-7.933459,-1.4045644,24.322876,0.4642621,-12.380526,-0.7075895,0.014572753,0.9210574,1.124568,0.43128872,4.926664,0.45618123,3.4546838,2.749026,12.834016,0.7862752,515.1588,0.3677152,1269.3137,0.16729489,-128.95616,-0.691768,1583.1443,0.10720998,946.11053,0.42224213,-130.72455,-0.6535336,2534.6138,0.08677984,926.64954,0.25429013,-130.38573,-0.65752375,-9.878827,-0.42545858,16.242302,0.31098217,0.02386535,0.9278035,-0.006706107,-1.5926768,0.023561273,0.51484036,27.872524,0.1790949,-10.661317,-1.0114478,29.163961,0.3680954,-14.768037,-0.6197754,-8.162032,15.765257,0.009160215,0.0053773224,0.017470695,2.226345,2.621723,0.13499999,0.09147599,0.21066667,0.19399197,-49.319233,s,Ses03M_impro07,Ses03M_impro07_M020
330,44.205967,0.122948594,41.528187,45.621407,48.6987,7.170513,125.7084,90.55326,34.01038,40.33707,0.2062214,0.78715926,0.08497384,0.18709666,0.2839985,0.19902465,1.5711052,0.83794385,1.4352114,1.1333609,0.053019,2.450142,25.55206,0.29161492,-10.207569,-1.1462377,3.9579213,3.6479323,-24.12971,-0.666476,0.012838971,1.8961645,0.7302717,0.9456391,12.805516,0.3610856,8.135528,1.0332385,17.194061,0.7147136,836.181,0.26699367,1310.9171,0.21152563,-100.59296,-0.9060973,1847.6495,0.1426848,1148.8329,0.33731228,-95.90821,-0.8759892,2891.5786,0.1014255,912.9546,0.4813528,-97.82501,-0.8419462,-13.832064,-0.56666213,24.489674,0.23535584,0.057281047,0.5587783,0.0007444083,24.65101,0.07431382,2.2417073,26.288576,0.29030216,-13.40346,-0.883165,-0.06630818,-237.80156,-31.459778,-0.4803338,-9.921638,19.139656,0.023688762,0.0006653237,0.024403948,2.0648968,2.3952096,0.23625,0.17620566,0.15875,0.09662265,-34.876133,o,Ses03M_impro07,Ses03M_impro07_F018
331,46.146755,0.07812066,45.269516,46.30526,48.85271,3.5831947,102.86529,0.0,24.21508,18.691177,0.19573987,0.4180804,0.11972828,0.19424422,0.27616027,0.15643199,1.4250274,1.1206467,1.4141041,0.7919736,0.034291383,0.5194885,23.17101,0.26812425,-10.0124855,-1.1423492,7.064586,1.7238941,-24.723745,-0.54692185,0.008903737,0.90290225,0.8115644,1.0827532,13.872006,0.33189228,8.124769,1.0864648,10.127974,0.8972971,885.55994,0.27037704,1330.5958,0.21746689,-100.73372,-0.87728924,1906.7017,0.13952073,1151.9099,0.42873478,-95.38063,-0.85323346,2922.0254,0.117569014,948.48413,0.5855028,-96.04839,-0.84106797,-14.667215,-0.52530015,23.614386,0.20338857,0.06665716,0.35333553,0.0028977923,4.447211,0.03874202,0.38897258,24.422031,0.13527974,-12.279685,-0.8870456,6.694645,1.9480538,-30.955252,-0.365586,-9.371138,18.425528,0.029857997,-0.001638922,0.029346872,3.90625,3.2520325,0.175,0.08958236,0.1125,0.11431863,-39.60264,ag,Ses03M_impro07,Ses03M_impro07_M021
332,33.737335,0.2144067,24.157095,35.16701,39.5275,15.370405,195.96077,191.87909,72.20046,115.09502,0.11072608,0.45378554,0.066855386,0.10010079,0.14297307,0.07611768,0.8481072,0.61349934,0.17577232,0.6303703,0.018782828,0.6430295,32.000015,0.2607698,0.8814492,10.222813,9.799671,1.0861475,-17.600372,-0.7593618,0.021771416,1.5813872,0.91768295,0.83314216,8.472478,0.5416784,11.042851,0.90600514,31.748875,0.3470177,537.6447,0.34219033,1417.68,0.14495376,-111.31034,-0.8434144,1567.6676,0.17475916,1235.6726,0.26461783,-111.54058,-0.7689864,2676.5742,0.08946642,1088.287,0.3319461,-115.95955,-0.70147926,-18.075718,-0.3685405,29.925806,0.22257619,0.036508758,0.5713764,-0.012587904,-0.7192656,0.022124931,0.5897662,35.95179,0.1500537,2.0325384,4.80556,7.763933,1.5355368,-24.304972,-0.5104253,-12.4395,21.526438,0.015772969,-0.0034754814,0.014661676,2.1052632,2.673797,0.174,0.19990997,0.17799999,0.12820296,-45.722984,s,Ses03M_impro07,Ses03M_impro07_M022
333,36.617046,0.10674925,37.15452,37.678707,38.895718,1.7411995,10.223725,12.396285,15.931839,0.0,0.16500597,0.711465,0.071896575,0.11342086,0.22043258,0.148536,0.8167095,0.25381494,0.975115,0.5628247,0.024485046,1.1776539,23.939999,0.43082353,-0.6626018,-14.824322,8.749853,1.9793221,-18.759321,-0.7401423,0.007352298,1.0907421,0.6297643,0.69017553,10.100081,0.34145817,6.580362,1.1279968,22.032518,0.41045603,659.794,0.3641367,1452.7955,0.13268508,-110.58688,-0.8530935,1656.9843,0.13347417,1109.4281,0.3084011,-99.63242,-0.90192133,2697.7231,0.09828722,1037.9218,0.38888392,-103.26449,-0.8399398,-8.314872,-0.8553647,23.538427,0.36511615,0.046937395,0.32383955,-0.010160046,-0.9833361,0.03523217,1.0142814,29.961973,0.23264284,-5.623782,-1.6666627,4.4227724,5.063831,-26.993984,-0.50988007,-9.31935,17.618042,0.0042777136,0.009635626,0.012099297,1.6129032,1.6574587,0.32,0.37478882,0.195,0.15787652,-41.613052,b,Ses03M_impro07,Ses03M_impro07_F020
334,33.699665,0.18278693,26.434273,37.272835,37.764656,11.330383,121.96797,0.0,3.2665367,13.029925,0.11945604,0.65047944,0.06551732,0.08798219,0.16532123,0.09980391,1.3467407,0.28243235,0.13479963,0.046806283,0.017202687,0.856586,25.497393,0.30907157,0.21456087,50.55778,18.842232,0.4647252,-10.539548,-1.0899093,0.008119845,1.213128,0.8365931,0.83433735,8.670631,0.47901836,11.19506,0.72291684,16.211384,0.5069327,536.76434,0.33647355,1347.1807,0.10826788,-150.18794,-0.5360951,1656.7787,0.14243159,904.2331,0.2623748,-136.23491,-0.6269485,2585.8752,0.093392424,1110.3899,0.30026555,-136.38565,-0.6255572,-11.907861,-0.44987747,19.957415,0.377154,0.045655217,0.35227257,-0.013963927,-0.7642918,0.019260019,0.51699054,27.501469,0.21139725,-2.6811543,-4.284338,21.331324,0.49487686,-19.204556,-0.68631244,-12.297208,20.234158,0.0052716346,0.0035076677,0.013150612,0.8064516,2.0661159,0.16,0.14805405,0.3825,0.4502985,-46.371902,o,Ses03M_impro07,Ses03M_impro07_M024
335,39.19431,0.07988385,36.9516,39.097298,42.053135,5.101536,52.07033,46.38627,72.35995,99.74468,0.18185286,0.7035327,0.06735207,0.15212053,0.27178934,0.20443727,2.639161,2.3434868,2.1335757,1.6640276,0.03523483,0.95237863,24.568645,0.35213423,-8.411869,-1.701453,14.819234,1.029864,-16.80387,-0.8074815,0.017497266,1.6875182,0.93073195,0.76637244,9.83757,0.3463087,11.763932,0.91398454,16.396688,0.64623016,664.48596,0.30394503,1389.457,0.14750078,-117.1546,-0.7936222,1740.4756,0.11059393,970.4813,0.33539078,-109.967995,-0.8115782,2699.9302,0.08281333,1036.8904,0.3389209,-110.32147,-0.80661297,-9.534337,-0.81225324,16.64809,0.46471673,0.040442433,0.43819258,-0.007668088,-2.065557,0.048766244,0.7914626,25.834137,0.3054398,-11.6402235,-1.4307094,16.794346,1.124182,-24.090023,-0.5388917,-8.365432,16.765654,0.0138179185,0.003574471,0.022436038,2.7100272,1.6393443,0.29333332,0.21611467,0.29666665,0.27016455,-41.29979,q,Ses03M_impro07,Ses03M_impro07_F021
336,36.12876,0.0327149,34.823193,35.837006,37.476673,2.6534805,1.6610332,1.1412487,13.301802,0.0,0.08660684,0.6089521,0.047242146,0.06031219,0.15724403,0.11000188,0.33365318,0.16641682,0.5171848,0.36170784,0.011803839,0.5338247,24.644714,0.23423038,-0.012624478,-365.1376,13.770681,0.6787858,-13.856189,-0.5240056,0.010816612,0.88461983,0.77696955,0.788469,9.529113,0.25278333,7.604511,1.4458379,19.838037,0.39693618,535.5814,0.16034107,1434.7546,0.10699538,-145.89575,-0.5987312,1682.6146,0.11952713,1104.5209,0.26833606,-148.13335,-0.546198,2541.4446,0.07444492,1264.2456,0.25764406,-148.05289,-0.5471067,-12.992558,-0.2877988,17.73286,0.37919143,0.04070788,0.30528215,-0.013647782,-0.5164275,0.019668475,0.25085062,29.324324,0.16082591,-1.261033,-4.0833945,18.523382,0.7348338,-21.547215,-0.21911894,-11.024131,19.938623,0.0023477357,0.0059083267,0.008789413,2.027027,0.6993007,0.41,0.0,0.49499997,0.114999995,-50.355522,b,Ses03M_impro07,Ses03M_impro07_F022
337,33.46314,0.0737119,30.621407,34.321274,35.717434,5.0960274,68.86191,2.7511597,11.035904,34.36572,0.17488529,1.2634193,0.05671102,0.07022056,0.22175498,0.16504396,2.967858,3.3588426,1.9876262,0.90076536,0.054618597,1.7938131,22.206812,0.37310618,-4.652745,-2.2373598,17.212986,0.40664202,-12.50919,-0.8351397,0.04375994,1.1763743,0.8180825,0.16542596,4.677481,0.6333825,3.5570536,3.3076332,18.131367,0.45406738,492.50592,0.4753941,1245.5858,0.113936104,-185.30247,-0.27574623,1565.1726,0.14572452,822.6269,0.25731483,-175.6458,-0.3500835,2557.9583,0.0804423,775.85657,0.27040747,-175.26778,-0.35640088,-10.018938,-0.55339015,16.256887,0.44522062,0.05807202,0.4120009,-0.014025666,-0.92538697,0.23619442,0.5043037,27.23009,0.34529132,-13.183537,-1.0237699,25.664139,0.44025084,-25.323809,-0.5684375,-9.56885,17.55716,0.0059458287,0.0067978376,0.027189171,1.048951,1.0676156,0.11666667,0.06342099,0.79333335,0.4845158,-35.793007,q,Ses04F_impro07,Ses04F_impro07_M000
338,44.89602,0.11993639,43.42797,44.38234,47.275574,3.8476028,70.64019,49.159782,77.63916,55.53361,0.15300107,0.6950162,0.064311594,0.08871085,0.24964139,0.1853298,1.2682096,0.60618824,1.2256176,0.70995975,0.029623184,0.8599061,20.372118,0.20551102,-8.449114,-1.3140566,17.064526,0.3676884,-18.52144,-0.70816606,0.03150747,1.1143901,1.3075997,0.7518405,9.1693945,0.37955683,9.64095,1.261961,10.531509,0.7004804,732.1848,0.38114846,1324.493,0.16011316,-171.33609,-0.39349395,1724.195,0.09887509,959.84973,0.18963291,-147.1379,-0.5553431,2705.9778,0.08862778,1067.3356,0.2931047,-147.48526,-0.55018175,-10.518799,-0.29125312,16.196701,0.23642246,0.048497092,0.37865242,-0.007510046,-1.4158765,0.056792207,0.37116808,21.885324,0.17536722,-21.52279,-0.40896228,17.755964,0.4868726,-34.520847,-0.27803615,-9.362587,17.052307,0.011619413,0.004873603,0.018571397,2.3584907,1.4492754,0.19,0.12832251,0.3575,0.36203417,-42.509136,q,Ses04F_impro07,Ses04F_impro07_F000
339,31.612162,0.2486789,25.816442,26.722021,43.735508,17.919065,127.75557,106.61866,148.73372,120.39627,0.16158734,1.0112484,0.06386144,0.07773736,0.24149114,0.17762971,1.6598898,1.1576608,1.0236009,0.065467805,0.036886465,1.4010383,24.347492,0.3144208,-7.9232564,-1.696341,18.470127,0.36263964,-15.353855,-0.77389467,0.024382316,0.82736516,1.2894379,0.8605926,6.8413935,0.47547463,4.4210944,3.0410616,18.436747,0.67161083,822.067,0.31621996,1237.395,0.21709487,-167.51456,-0.43520638,1897.9376,0.14010312,898.30695,0.33148572,-162.929,-0.4536031,2847.6875,0.11600608,942.9374,0.31029537,-162.78673,-0.45545933,-17.293314,-0.391624,21.877836,0.31860864,0.035799738,0.9134194,-0.02830626,-0.79325664,0.084631965,0.65805334,33.2661,0.26149213,-7.5621834,-2.3495855,19.630709,0.48138854,-27.58878,-0.71771544,-8.329443,14.387825,0.013799623,0.0020143627,0.02719991,0.7407407,1.5384616,0.12,0.04,0.51,0.32,-38.795395,q,Ses04F_impro07,Ses04F_impro07_M001
340,35.659756,0.1003219,34.441177,35.303783,36.223404,1.7822266,93.103455,37.453278,353.49213,347.06244,0.15684289,0.69926673,0.06698217,0.11385291,0.24149224,0.17451006,2.212249,1.1337434,1.9665902,0.9145824,0.034399796,1.0832447,22.400003,0.27748272,-7.2500567,-1.8805953,14.980659,0.70957714,-15.5279875,-0.7214059,0.022983182,0.9215208,1.4038123,0.42859492,5.544311,0.35891125,0.33504984,31.905865,15.506943,0.42026544,560.962,0.37438214,1402.4963,0.1590539,-148.51126,-0.5445922,1583.6942,0.11962929,1060.2927,0.19153656,-137.96707,-0.6028828,2625.7893,0.07243058,1011.69666,0.4143393,-139.66478,-0.5774336,-9.197561,-0.42631483,17.85797,0.33740368,0.031066883,0.60672975,-0.005620581,-1.6317543,0.039916493,0.64132386,24.59984,0.2723363,-9.384556,-1.4723876,12.946386,0.8468595,-23.854752,-0.5323964,-8.625548,16.749905,0.010614488,0.0013768164,0.025708351,2.4390244,3.517588,0.08571428,0.07384484,0.17857143,0.16021669,-41.063183,ans,Ses04F_impro07,Ses04F_impro07_F001
341,32.659134,0.19559288,29.853138,30.877823,31.073229,1.2200909,-3.051219,0.0,700.76117,0.0,0.3199368,0.9317966,0.06508852,0.17124535,0.6275518,0.5624633,3.489961,1.557129,2.173587,1.1739012,0.0937043,1.111013,26.13699,0.31838626,-18.891045,-0.98179954,17.746494,0.86651665,-9.207138,-0.7316083,0.021058904,1.0149797,1.5644357,0.5322292,5.623805,0.4389938,7.982459,0.8625246,12.980268,0.5915762,387.10516,0.43311906,1255.7606,0.14664961,-160.07854,-0.4870422,1549.7207,0.07114291,728.2303,0.48234546,-154.6273,-0.5036271,2492.5142,0.04980099,839.15875,0.1852823,-153.56468,-0.51906973,-7.948192,-0.54225624,12.873099,0.41126698,0.045752008,0.41861665,-0.021897035,-0.50249386,0.19478178,0.46454057,27.292454,0.38923433,-12.384138,-1.6551422,37.72915,0.46523038,-10.9943695,-0.78114724,-5.4116893,12.1150255,0.01650561,0.0029651455,0.067857586,1.7699115,1.8518519,0.125,0.105,0.39499998,0.16499999,-32.740864,s,Ses04F_impro07,Ses04F_impro07_M002
342,42.36279,0.15504189,40.93329,42.314247,47.731525,6.798237,94.95989,52.28016,992.1169,1271.1062,0.29987416,0.5976108,0.10025263,0.2920239,0.44603065,0.34577802,1.7694167,1.105381,1.3968542,0.9475536,0.08195469,0.79726267,17.622925,0.6737488,-16.44535,-1.1653315,19.202005,0.92636365,-16.807459,-0.71306354,0.03352955,2.0373933,1.3612515,0.25663936,4.842022,0.44301277,8.544472,0.8990486,9.430276,1.3046693,890.0562,0.3279275,1288.8887,0.26161155,-119.13844,-0.76008177,1826.0558,0.12241072,1047.0421,0.28925472,-106.10619,-0.84761107,2780.313,0.08697063,1029.0182,0.26124406,-106.030716,-0.84577966,-4.3845687,-0.9374039,11.602056,0.41908598,0.04510277,0.5240061,-0.0028432908,-5.886807,0.11657921,0.5624632,20.412434,0.22420487,-25.663664,-0.4713478,18.439148,1.1616266,-23.13342,-0.49177322,-4.321535,10.749517,0.016435996,0.005710787,0.047812756,2.484472,3.2051284,0.146,0.11534297,0.12,0.11930353,-37.361073,s,Ses04F_impro07,Ses04F_impro07_F002
343,37.59014,0.18574557,34.68769,36.35797,37.726128,3.038437,28.913376,0.0,241.66705,106.95892,0.49584338,0.6458578,0.25757492,0.34703392,0.8966088,0.6390339,1.4920033,0.87535733,2.9044557,1.0797961,0.12650144,0.7707768,5.317237,3.1391,0.117787905,178.61668,30.442472,0.6130263,-11.763429,-1.110613,0.026320519,1.6170706,0.95732284,0.5225936,4.554742,0.7347393,16.09544,0.51457185,6.7645245,1.2481809,795.90015,0.49517393,975.2051,0.4375553,-125.02682,-0.69192725,1866.3175,0.17239323,940.20294,0.5546361,-101.89389,-0.8847313,2757.879,0.08751366,942.8643,0.282595,-98.68053,-0.9387325,-1.8980174,-2.6887743,6.84153,0.9231918,0.06763312,0.37995207,-0.009120218,-1.4366578,0.19735332,0.44159737,14.925637,0.770414,-12.702973,-1.359238,40.975628,0.39503133,-9.243671,-1.638844,3.759977,-0.6718921,0.025249917,-0.0019312508,0.05824828,1.6129032,2.5210085,0.19999999,0.19096246,0.13,0.095393926,-30.284235,q,Ses04F_impro07,Ses04F_impro07_M003
344,39.48305,0.14352848,34.713463,36.832592,44.85929,10.145828,14.234352,0.0,11.286338,12.225356,0.47543043,0.5724125,0.2362482,0.45107517,0.630335,0.39408678,4.573262,3.2174487,0.6514481,1.7031673,0.14426959,0.8560002,15.352173,0.92704636,-15.854767,-1.3959761,6.9112544,1.3140055,-28.057695,-0.49699396,0.029820202,1.062455,1.3607688,0.42663667,3.9689279,1.0058959,6.318063,1.8281268,14.304716,0.53083986,819.4271,0.32051152,1274.416,0.20151186,-85.59251,-1.1172748,1811.2179,0.1573446,1209.3009,0.3617401,-76.88797,-1.1432935,2692.0308,0.07598812,974.4996,0.21009311,-77.43217,-1.129802,-5.7860427,-1.037788,14.045529,0.31533226,0.046239637,0.5988104,-0.015555771,-1.3059964,0.17402966,0.54865295,21.870647,0.35680383,-26.68485,-0.5756379,5.0280204,2.0481098,-34.831192,-0.34171405,1.1510129,4.6492476,0.023376526,0.0007108266,0.05654715,2.7972028,3.6231885,0.166,0.14609586,0.11,0.12747549,-28.45985,ans,Ses04F_impro07,Ses04F_impro07_F003
345,30.940622,0.16762586,26.374203,28.97098,35.67202,9.297817,416.72,628.4154,177.4494,289.5109,0.4870531,0.60989517,0.17127955,0.47163215,0.7722744,0.6009948,4.6089387,2.3856988,4.056962,2.5123978,0.15035845,0.76645464,29.755224,0.25994486,-18.1433,-0.7528897,16.405098,0.7797179,-15.763627,-0.7923446,0.027660191,1.9643829,1.3287905,0.56634367,3.8853176,0.8329341,0.9799391,6.7295027,14.377298,0.5562254,700.0875,0.36223692,1313.9392,0.15870252,-91.36145,-1.041499,1717.7058,0.16631016,1061.2627,0.24403788,-85.83871,-1.0500499,2654.3904,0.08756835,945.9554,0.35604918,-87.253235,-1.0201353,-8.57984,-0.57488495,16.109182,0.30777723,0.051134646,0.40668175,-0.016179781,-0.86729616,0.19370803,0.5317188,32.103714,0.18799166,-20.6463,-0.6897833,14.237407,0.9559075,-20.221773,-0.63332194,-7.0435333,14.268164,0.022239465,-0.0006865149,0.09214887,3.3707867,3.2136106,0.17470588,0.16255742,0.13928571,0.15599744,-29.852203,o,Ses04F_impro07,Ses04F_impro07_M004
346,31.945963,0.14543921,26.587093,32.273853,36.815945,10.228851,191.6629,217.12184,45.828045,57.6203,0.53177774,0.4998334,0.24802968,0.5361353,0.77714473,0.5291151,4.8817344,2.819562,4.8310695,2.5901859,0.16538408,0.64500934,27.794983,0.24072075,-18.282824,-0.6164155,14.133245,0.84743804,-14.033483,-1.1183674,0.020811297,0.928985,1.4077278,0.48712432,3.6636248,0.6402741,0.6524659,13.480144,14.688113,0.42555878,710.8386,0.38436505,1350.7799,0.20118552,-89.386986,-1.0432355,1694.7399,0.1828509,1106.2524,0.23959133,-80.560165,-1.099476,2667.0803,0.088895455,965.81616,0.31900376,-83.58879,-1.0327839,-7.212959,-0.47977364,17.069416,0.274627,0.045482304,0.46434352,-0.010259736,-1.274443,0.17862222,0.5569092,29.097841,0.17812933,-19.070042,-0.51693815,13.994235,0.9436498,-15.486936,-1.0762432,-4.8113985,14.331422,0.029439155,-0.004200753,0.15413076,3.9568346,3.6764705,0.159,0.10596698,0.11625,0.10746365,-30.712763,ag,Ses04F_impro07,Ses04F_impro07_F004
347,33.229923,0.14213647,30.526525,32.736176,35.935253,5.4087276,37.87569,11.983255,117.91433,92.77783,0.51495576,0.71277,0.22532856,0.3824407,0.7614217,0.5360931,4.28079,2.5753033,4.9185777,2.673273,0.1775324,1.0423855,22.088392,0.52797174,-11.334903,-1.2200367,15.62631,0.7610347,-16.247663,-1.0647637,0.03491395,1.1659253,1.429492,0.60883015,4.186342,0.70340717,3.826794,1.8717556,15.49962,0.5423821,680.5224,0.40502924,1237.514,0.13939008,-114.83939,-0.80517983,1728.5176,0.16606481,1067.2776,0.4562845,-106.62933,-0.8352567,2696.0925,0.08758867,957.12463,0.5142452,-107.471855,-0.82135755,-7.847122,-0.5314322,16.013273,0.34013236,0.04219458,0.5545661,-0.009432815,-1.6009182,0.24161832,0.92363507,26.549147,0.36618385,-16.024265,-0.85475713,16.258396,0.82797426,-16.2344,-1.2984321,-5.385874,11.931547,0.034563836,-0.0051336843,0.12116972,2.222222,3.773585,0.121999994,0.091629684,0.13777778,0.14412785,-28.4867,o,Ses04F_impro07,Ses04F_impro07_M005
348,37.593224,0.1863148,31.529434,37.44047,44.522797,12.993362,93.47935,81.75248,126.175835,127.057175,0.344675,0.838486,0.13345201,0.24341336,0.5026884,0.3692364,3.683707,1.2446467,1.6425782,1.7241853,0.09764124,1.0590938,24.110447,0.4437462,-9.141634,-1.4432129,15.972851,1.0714169,-19.349253,-0.77825105,0.022789286,1.0939739,1.2308499,0.5565691,6.8442397,0.5692121,10.608946,0.86787325,20.025541,0.48111904,737.0516,0.33831084,1284.4204,0.1853086,-102.57089,-0.89237565,1767.9015,0.1265521,1025.8998,0.3531127,-94.60279,-0.90459424,2781.0664,0.08330514,923.87006,0.26484916,-95.988464,-0.8821857,-11.317325,-0.6376728,20.339031,0.41294438,0.044003718,0.49245933,-0.0078781005,-1.8786303,0.11922445,0.95659983,28.452856,0.30621433,-11.311071,-1.2063552,14.876584,1.3527569,-21.000595,-0.82915014,-6.9549446,13.965453,0.027480423,-0.0024399783,0.06425117,2.183406,3.3185842,0.16466667,0.1276906,0.12428571,0.13462721,-31.813623,s,Ses04F_impro07,Ses04F_impro07_F005
349,37.340027,0.18465814,30.08638,37.144753,44.58922,14.502838,222.73999,171.62889,90.69091,108.24694,0.5098344,0.8846877,0.12838565,0.3329245,0.92300266,0.794617,4.278586,2.2270405,3.0802033,1.357646,0.17491163,1.1166036,27.244816,0.35950556,-11.290133,-1.4364221,10.834913,1.5304952,-12.86569,-1.1200466,0.030469034,1.6211532,1.179517,0.6992241,7.3195477,0.5912262,8.316975,1.3234234,15.333994,0.8880335,659.40234,0.35517558,1304.4291,0.17097531,-89.50209,-1.0231317,1726.2985,0.15209028,903.46564,0.27384,-74.373375,-1.12241,2773.1257,0.10439925,1000.2916,0.29212716,-76.9443,-1.0627309,-10.452961,-0.91057056,19.727997,0.49406046,0.045977045,0.45601588,-0.004891283,-3.7229145,0.21716166,0.99714774,27.803087,0.3642087,-12.455216,-1.3577884,10.055161,1.8030962,-13.81811,-1.1155212,-10.30329,16.970125,0.030804722,-0.0064199856,0.09553572,2.1126761,2.5270758,0.26,0.2468082,0.11571428,0.0886175,-27.011232,o,Ses04F_impro07,Ses04F_impro07_M006
350,36.641544,0.17947075,31.101368,33.1899,44.577873,13.476505,265.66354,190.38043,82.599556,18.358664,0.44771048,1.0060647,0.09253264,0.2708736,0.725469,0.63293636,4.0286384,2.2115874,2.4054706,1.5805862,0.15642035,1.316387,22.738003,0.3818385,-16.733877,-0.8596169,13.388367,1.2893351,-14.015009,-0.8618531,0.049500372,1.4128445,1.6236355,0.50758874,3.89241,0.7670795,0.27984458,30.903584,10.064635,1.3163965,642.9,0.3601589,1339.8788,0.16059469,-153.36615,-0.55209255,1655.5731,0.16658378,994.86017,0.18652984,-135.01082,-0.6818789,2692.9895,0.11613238,1039.173,0.3066087,-137.83295,-0.63774234,-2.9625845,-2.0543895,16.61722,0.3758548,0.04439016,0.36624023,0.0017401184,12.432552,0.3516429,0.7036567,24.492937,0.33809397,-26.28565,-0.59008914,-1.3587327,-8.800886,-17.180319,-0.84075767,-6.6203256,12.3151455,0.026908444,-0.0027627798,0.06542276,2.469136,1.6949153,0.18249999,0.24149275,0.308,0.34510285,-27.687458,ag,Ses04F_impro07,Ses04F_impro07_F006
351,25.585344,0.10756725,23.752398,25.742233,27.537766,3.785368,70.25586,67.01061,24.234299,31.588772,0.300689,0.60879153,0.1578041,0.2612518,0.41903675,0.26123264,2.817895,1.2094599,2.7212694,2.0478723,0.06982847,0.7010141,27.632942,0.46723118,-7.0859146,-2.072597,27.384209,0.5774154,-5.03922,-2.2374706,0.02226512,1.7512574,1.1042626,0.6563981,4.554789,0.47368616,2.796188,2.1004314,17.794575,0.44013909,626.1957,0.4516484,1305.2662,0.17098327,-91.60595,-1.0223601,1685.1835,0.16722323,917.6537,0.32073113,-94.5197,-0.9336324,2637.2285,0.11105373,951.29266,0.34682977,-94.0526,-0.94183517,-11.285047,-0.5089789,16.547531,0.3866958,0.03980395,0.515097,-0.010640945,-1.1410887,0.08234168,0.5814764,33.122185,0.2616987,-10.186693,-1.4093829,32.41451,0.48545086,-5.4048953,-2.4166124,-7.730569,13.69523,0.023615783,-0.0009190418,0.05504806,2.9850748,3.5117056,0.14999999,0.1556553,0.10909091,0.077688724,-35.713013,s,Ses04F_impro07,Ses04F_impro07_M007
352,39.78782,0.18159477,33.82291,35.750362,47.48036,13.657448,156.95505,111.20199,57.354767,43.68461,0.2336557,0.58596885,0.10268754,0.22358346,0.3251,0.22241247,2.1517205,1.8556392,0.804378,0.7267212,0.066134036,0.9879953,24.547945,0.4290824,-17.520105,-0.7235194,4.813918,3.6258283,-17.746693,-0.7660564,0.02168336,1.3102815,1.357029,0.37908223,5.568104,0.5045941,-0.53373665,-22.941593,17.672392,0.50869495,726.0797,0.37822884,1250.4867,0.1793683,-110.11599,-0.8904144,1732.1217,0.19231206,1059.2063,0.34954268,-100.10436,-0.92341834,2807.6238,0.13086274,938.8959,0.36099717,-105.1268,-0.83340716,-6.832374,-1.1284357,21.43365,0.31541756,0.04099633,0.6023728,-0.0038264298,-5.747759,0.094634965,0.7490925,29.951824,0.3231963,-20.500101,-0.62051165,-2.9136293,-5.995784,-23.087452,-0.61024004,-4.6891503,14.2019825,0.016932337,0.008649407,0.036805633,1.6835017,2.749141,0.17999999,0.22737634,0.16375,0.15280195,-38.21924,dag,Ses04F_impro07,Ses04F_impro07_F007
353,45.922104,0.08199691,42.70617,44.866013,50.08013,7.3739624,169.7088,268.25925,45.34489,42.794888,0.26616105,0.57643855,0.11343798,0.27212834,0.43295503,0.31951705,2.3701422,1.7003622,1.4726022,0.99376804,0.07341175,0.7861085,23.431602,0.23878662,-22.132765,-0.5770361,11.908653,1.0980844,-21.964025,-0.48893726,0.027264498,0.667609,1.291586,0.49263695,6.0739646,0.643746,6.9695435,1.3482882,11.156375,0.92682594,863.81274,0.30067942,1332.6259,0.24930713,-117.81554,-0.7741391,1796.6305,0.11456795,1315.4847,0.25306186,-100.23988,-0.8816276,2720.5674,0.09771791,1075.818,0.26803932,-102.28916,-0.84613943,-6.0086074,-0.9103744,16.14537,0.37681985,0.051386237,0.4674934,0.0004902523,26.788267,0.10809335,0.49646297,23.357073,0.2629353,-29.330421,-0.392957,5.9031363,2.122191,-24.778454,-0.44489878,-8.398645,15.861524,0.03785954,0.0028507442,0.034632113,2.631579,2.2421525,0.234,0.21767865,0.15833333,0.22981271,-37.586384,s,Ses04F_impro07,Ses04F_impro07_F008
354,34.66289,0.23901425,26.758907,35.742126,44.07864,17.319733,153.45444,79.67488,78.07439,63.684483,0.3720806,0.5327752,0.21230747,0.3206389,0.4960188,0.2837113,2.994127,1.3475987,2.0398881,0.94353324,0.10137668,0.6177587,21.678974,0.5427258,-9.791727,-1.5054402,22.307117,0.62614,-18.107735,-0.6694831,0.027399762,1.3301876,1.3946341,0.45662987,4.535118,0.6098908,3.135951,3.2422595,12.775833,0.4972439,784.4838,0.380824,1285.0643,0.20937721,-100.751915,-0.9090061,1780.0201,0.13690393,1070.4119,0.3739683,-91.86914,-0.9458422,2718.7957,0.09783235,1005.63824,0.37815425,-93.304794,-0.91675806,-8.748677,-0.56240004,14.878309,0.43413737,0.05073186,0.35487404,-0.008270987,-1.3579963,0.11524437,0.562702,26.25756,0.312171,-14.963561,-0.8347797,25.536867,0.57776684,-19.790161,-0.7126754,-5.5546374,10.724881,0.04050962,-0.0032406426,0.0881517,3.3834589,4.6153846,0.11416667,0.0701734,0.089090906,0.048138913,-34.440388,dag,Ses04F_impro07,Ses04F_impro07_M008
355,35.828274,0.23038413,26.935526,35.90539,44.6648,17.729273,153.68091,114.20479,60.582775,65.64183,0.32177275,0.42240533,0.20048015,0.29699287,0.4444281,0.24394794,2.7769432,1.5466241,1.6694942,1.43815,0.081460394,0.544266,23.086988,0.4579988,-12.456581,-1.1252558,19.670095,1.0021356,-14.678487,-0.8958083,0.021207059,1.2125782,1.4716431,0.6669982,5.878094,0.5655252,3.1842551,3.2516446,15.562363,0.47333604,752.51215,0.3768516,1294.0531,0.20081317,-87.97107,-1.0456382,1711.0177,0.1536516,1128.8173,0.39004037,-76.36683,-1.1362565,2693.7173,0.09918537,988.4258,0.3709953,-79.93209,-1.052836,-8.066389,-0.51081127,16.219053,0.31347656,0.041260984,0.45314667,-0.0021198783,-6.3018765,0.08721113,0.56737185,26.034609,0.27192104,-15.996078,-0.7290174,18.440165,1.1592654,-15.539685,-0.9634954,-5.5679426,10.557333,0.04054664,-0.0030877057,0.07007604,3.7974684,3.4632034,0.17625,0.13582502,0.0925,0.04520785,-36.091034,o,Ses04F_impro07,Ses04F_impro07_F009
356,29.289751,0.24807258,23.9504,28.270918,36.559788,12.609388,348.84848,440.34174,73.45923,69.39862,0.31141528,0.7292514,0.106281996,0.25145155,0.49335712,0.38707513,3.777211,2.3199832,3.22682,2.4876845,0.08140864,0.98910826,26.60313,0.45402652,-10.6591215,-1.3076218,23.448,0.7007082,-12.081464,-0.9450745,0.023680614,2.0648527,1.412433,0.65260834,4.4948807,0.7247476,2.8073473,2.774239,17.030346,0.5588466,676.87726,0.37270716,1295.0354,0.19915767,-104.558334,-0.89152634,1682.068,0.14677985,1039.676,0.37161732,-102.09553,-0.874331,2654.0964,0.0970645,1000.9548,0.34391826,-103.82574,-0.8427659,-8.548822,-0.57925236,15.9791355,0.3942672,0.043327104,0.38452807,-0.008944568,-1.7553072,0.11415487,0.7914235,32.934883,0.21861236,-16.688679,-0.71725047,22.843592,0.8725715,-10.937352,-1.0670738,-7.4485183,13.049202,0.02208282,-0.00062066445,0.047970038,2.5316458,4.059829,0.116842106,0.117475756,0.12117647,0.15153654,-33.939484,ag,Ses04F_impro07,Ses04F_impro07_M009
357,31.926947,0.15252061,27.903275,30.588785,36.59857,8.695297,325.23257,455.85138,68.36411,60.122066,0.41265574,0.5713897,0.2110982,0.38454515,0.5850887,0.37399048,6.031121,4.1417212,4.817474,3.2687616,0.12201441,0.85925287,28.915352,0.36977005,-15.427129,-0.8480928,21.578917,0.8025057,-16.50358,-0.66013265,0.02075398,2.085803,1.2727109,0.56062627,4.6674,0.577094,2.580162,2.6971555,15.682653,0.5657801,667.1273,0.365682,1334.6919,0.16426726,-88.9986,-1.0337588,1665.6632,0.13742901,1066.4196,0.3270591,-85.09415,-1.0223647,2629.2766,0.08739791,1000.2602,0.33177182,-86.75201,-0.98506314,-7.361563,-0.63762224,15.585161,0.38306555,0.04021008,0.44460166,-0.00935897,-1.7041898,0.13584432,0.8477004,32.465702,0.24559686,-18.306084,-0.63690364,20.656002,0.94123226,-16.136662,-0.7007431,-6.278751,12.381034,0.029627591,-0.0048990487,0.09926616,3.440367,3.9443157,0.14352942,0.15514475,0.095,0.07008923,-31.777822,q,Ses04F_impro07,Ses04F_impro07_F010
358,31.74017,0.18880503,25.784592,32.432816,36.65455,10.869957,341.51294,234.63576,31.985025,19.770975,0.37563887,0.5545779,0.20997852,0.29692215,0.55874527,0.34876674,5.740425,4.665892,4.466029,3.3536646,0.11164735,0.88311255,29.56732,0.402364,-13.42437,-0.93164176,19.67292,0.91331947,-16.781662,-0.65231544,0.019229041,1.0246739,1.245667,0.58800584,4.570514,0.55537534,3.9951458,1.6362863,16.632277,0.42522344,656.07385,0.37001097,1314.8776,0.15802826,-80.28286,-1.1258507,1686.849,0.15689537,1029.8245,0.3386056,-77.10808,-1.0962152,2634.0872,0.09738037,985.2555,0.3018502,-78.18122,-1.0683799,-8.810722,-0.44534862,16.483759,0.32002065,0.03634731,0.607386,-0.014254171,-1.0417928,0.114179015,0.9144875,31.811037,0.33817202,-14.915512,-0.74866104,18.567152,1.0224904,-18.601587,-0.66097516,-6.384891,12.796172,0.031276777,-0.005737796,0.107437015,3.846154,3.6036036,0.17166665,0.12130082,0.09454545,0.05433292,-32.728607,ans,Ses04F_impro07,Ses04F_impro07_M010
359,31.548452,0.23574398,23.084541,32.503494,37.027573,13.943031,136.51717,51.247967,58.403046,55.39765,0.26192868,0.4672458,0.15409583,0.25632778,0.35966632,0.20557049,2.4646666,1.3378423,0.25051835,0.7386174,0.057834245,0.5965774,28.069136,0.42484495,-13.931579,-0.9525679,17.554316,1.0733567,-11.532029,-0.8258073,0.027045978,1.7051377,1.2544361,0.44693273,3.9817522,0.7533311,1.976985,2.9690816,14.469536,0.63104516,577.7024,0.40900645,1347.8003,0.1852681,-94.29081,-1.0175978,1575.178,0.12830573,1007.8069,0.38553795,-90.91476,-0.99910104,2577.7444,0.10871699,1006.0837,0.27837715,-92.434166,-0.96892303,-7.209833,-0.79953665,16.238798,0.5161504,0.039915092,0.7015709,-0.009650888,-1.2977089,0.06642436,0.46778697,30.289896,0.35300705,-16.805466,-0.7644956,13.988208,1.4776378,-13.897516,-0.7309967,-5.9736657,13.3724375,0.02592027,-0.0022830162,0.04525162,3.3149173,3.4285715,0.15666667,0.11264496,0.14,0.15297058,-39.116848,o,Ses04F_impro07,Ses04F_impro07_F011
360,33.138447,0.25601533,23.742708,33.54657,41.955116,18.212408,143.9903,129.00365,61.346508,58.313786,0.27582803,0.52181584,0.13984913,0.23788005,0.44286966,0.30302054,2.5796244,1.0746903,2.1789289,1.4137672,0.054786105,0.55966693,23.082792,0.3738885,-13.226819,-1.0963625,28.11884,0.5268264,-15.073687,-1.0134274,0.017662195,1.9801699,1.167223,0.5561567,5.349408,0.4622662,4.950841,1.6996752,13.423743,0.5742053,596.0942,0.38514245,1306.6023,0.20642413,-101.262794,-0.96732026,1623.4226,0.115406975,920.34174,0.4012623,-98.75771,-0.9138083,2602.8826,0.07519068,923.62335,0.24740358,-96.66161,-0.95157796,-6.299571,-0.94962597,12.340859,0.5332824,0.030788442,0.60431147,-0.011560539,-0.98368305,0.07111747,0.34841225,23.74001,0.33823085,-18.648966,-0.68012655,31.72356,0.5551351,-21.27797,-0.77889174,-6.879146,13.304593,0.020615235,0.00066989724,0.0352395,3.3333335,2.5641026,0.20166665,0.18059316,0.16833334,0.14299378,-39.29684,s,Ses04F_impro07,Ses04F_impro07_M011
361,31.488283,0.24113838,24.563105,27.530777,41.44488,16.881777,373.90994,284.5237,18.1811,13.32357,0.293194,0.5549153,0.1515376,0.2568059,0.45850033,0.30696273,2.754195,1.331342,1.9619795,1.2912976,0.06706508,0.6933812,24.48144,0.31406394,-11.08891,-1.0149262,29.77046,0.45113742,-17.565765,-0.8124333,0.017711,1.5246924,1.2062484,0.6099913,5.1911077,0.4477312,2.0806015,3.8643572,14.459813,0.39266288,638.84235,0.3621323,1328.9594,0.18545672,-100.306816,-0.9457753,1712.5059,0.13632381,939.32367,0.3374099,-99.07588,-0.8995865,2648.536,0.08972906,1012.2771,0.39656642,-97.82816,-0.92125946,-9.318716,-0.53943217,15.087008,0.3333042,0.036057085,0.553097,-0.014848383,-0.8864326,0.089121215,0.48803255,26.605303,0.31888086,-13.602261,-0.8814173,30.211636,0.4918418,-21.54267,-0.7210299,-7.7141423,12.813448,0.017303346,-0.0030602575,0.043165665,3.2994926,2.8277636,0.18181817,0.16414063,0.16399999,0.1459589,-36.288013,o,Ses04F_impro07,Ses04F_impro07_F012
362,27.31598,0.12003253,24.671528,26.024773,30.269226,5.597698,458.0994,256.4232,18.250263,13.310007,0.28088427,0.6243311,0.1078066,0.23888981,0.45348844,0.34568185,2.8149297,1.0976776,1.697181,1.1588342,0.07015465,0.7659582,25.60319,0.29817927,-7.398376,-1.0733334,31.957853,0.40657842,-16.244862,-0.74092513,0.018823965,1.6398729,1.3125188,0.62759376,4.4788785,0.37480497,-1.7033845,-2.8319635,15.230562,0.32312527,620.4983,0.39434844,1267.6543,0.16258097,-116.22132,-0.81145823,1755.678,0.14741692,827.4306,0.3498875,-120.30365,-0.7374134,2663.1755,0.09720907,998.06366,0.4296857,-118.74228,-0.76143366,-11.83535,-0.24807075,16.869587,0.22819382,0.047479495,0.3883938,-0.020378627,-0.64274347,0.10904061,0.43463287,31.244959,0.19999403,-8.398921,-1.0169632,34.541424,0.3922981,-18.777988,-0.7195395,-8.112074,13.209221,0.015035601,-0.003768404,0.04415646,2.734375,2.7888446,0.14428571,0.12636195,0.1942857,0.14927033,-35.294407,o,Ses04F_impro07,Ses04F_impro07_M012
363,34.512432,0.10996182,31.319017,36.192673,38.02668,6.7076626,101.53874,112.6636,17.5577,12.324909,0.33623412,0.70839036,0.1385525,0.26844802,0.56472754,0.42617506,2.156507,1.3739554,1.1594598,1.0349294,0.06932118,0.79922324,29.341122,0.3609472,-9.470139,-1.2902687,15.644482,0.5863198,-23.312408,-0.64183235,0.009918834,1.210666,0.9145565,0.70577997,8.395295,0.34547067,7.076865,1.1845703,21.395298,0.35231277,695.1617,0.37378633,1362.807,0.21942209,-90.30297,-1.051218,1738.7518,0.17589043,1071.2233,0.29472905,-77.69753,-1.1211996,2720.7498,0.10925385,930.6773,0.43413767,-79.812,-1.071208,-11.119038,-0.4094779,18.627756,0.33212388,0.053664204,0.40390795,-0.014380862,-1.0546587,0.07779253,0.6843187,32.775154,0.23624167,-12.826662,-0.8775367,13.94789,0.67548233,-27.915447,-0.5012586,-9.303199,16.300133,0.016854988,-0.0017005398,0.05003499,2.0408163,2.5104604,0.24833333,0.22901359,0.13,0.07,-32.562565,o,Ses04F_impro07,Ses04F_impro07_F013
364,32.210884,0.13880886,29.361727,31.492752,33.19326,3.8315334,562.0646,916.98114,21.98017,37.235844,0.40734822,0.614524,0.14426404,0.3849666,0.6498872,0.50562316,4.78519,3.0538554,4.2084045,2.1870022,0.11693713,0.82241493,29.935911,0.39004853,-8.28272,-1.2213877,26.577982,0.6443685,-14.888858,-0.907129,0.020235356,1.0853059,1.1086291,0.6253802,6.4659295,0.45231155,8.42628,1.182151,20.530296,0.33792317,705.9039,0.3753146,1303.1266,0.22115923,-78.42292,-1.1480639,1770.459,0.13961074,965.72925,0.33091328,-77.57738,-1.0680767,2712.9307,0.09130533,1005.733,0.38890815,-77.60716,-1.0676757,-11.52967,-0.38773417,17.879086,0.3315765,0.055193,0.40053442,-0.016979167,-0.7404819,0.15331359,0.61618185,33.789677,0.26904792,-10.965633,-0.82931167,27.446716,0.65214014,-16.969196,-0.83975726,-9.006305,15.752745,0.020212283,-0.0013217595,0.049506582,3.5928144,2.431611,0.265,0.24361853,0.111111104,0.14902979,-30.448645,q,Ses04F_impro07,Ses04F_impro07_M013
365,38.854214,0.15703592,33.051018,36.226173,46.45709,13.406071,89.11706,84.98567,92.96148,88.508575,0.17114393,0.6322926,0.068238504,0.14175612,0.26062036,0.19238186,1.6521782,0.9280533,1.011638,0.42418742,0.041266464,0.9624317,25.867096,0.27895543,-9.536217,-1.2575716,18.081783,0.98393095,-19.803785,-0.8289362,0.021807436,1.3112391,1.2580719,0.5340018,7.4665074,0.49651635,4.186075,2.4887152,14.4664955,0.8968258,708.0584,0.32324353,1300.4573,0.16732675,-134.54692,-0.6641132,1732.2893,0.13162988,976.2927,0.3180386,-128.91173,-0.68214095,2768.1567,0.07907442,1013.0739,0.33372873,-130.4035,-0.65766656,-11.616087,-0.42122427,22.086779,0.2433925,0.04006828,0.6861109,-0.005852034,-1.9146618,0.06823385,0.67124784,29.615034,0.24947941,-15.966923,-0.7162401,11.783612,1.7962358,-29.290829,-0.47678822,-9.972383,16.999723,0.01058917,0.0017195737,0.024818888,1.7667845,1.7825313,0.20799999,0.12663333,0.30181816,0.33495778,-40.880783,ans,Ses04F_impro07,Ses04F_impro07_F014
366,27.621716,0.1946481,23.635277,26.812656,30.626749,6.9914722,120.50075,118.95548,60.19302,65.885956,0.2526027,0.6488259,0.09493631,0.21093063,0.4202029,0.3252666,3.476128,2.1799712,2.4455454,2.0828426,0.064690284,0.8050601,32.561947,0.3358397,-11.697029,-1.1290193,17.734499,0.86119217,-10.181691,-1.2193428,0.025814494,1.937077,1.1583471,0.61700183,4.962474,0.5635956,7.2559896,1.0125494,19.408104,0.5087026,661.0442,0.38422278,1260.8021,0.14732864,-112.30043,-0.85725105,1706.5874,0.1710009,1027.6094,0.27501637,-110.43629,-0.8301921,2671.5417,0.111156195,962.59814,0.28875086,-111.877846,-0.80550295,-11.526315,-0.48718292,20.331118,0.35475674,0.034208182,0.5633054,-0.016800014,-1.0382539,0.09482522,0.54989475,38.55256,0.21485619,-15.908399,-0.83969575,16.957624,1.0575042,-12.922803,-1.0794533,-10.104047,17.926847,0.00930447,0.00047273436,0.03847187,2.8753996,2.2801304,0.19857143,0.16496134,0.22,0.105288714,-36.117912,o,Ses04F_impro07,Ses04F_impro07_M014
367,30.682692,0.19762956,25.612503,27.637405,38.82848,13.215977,87.383705,28.713734,126.47963,132.36101,0.42330337,0.46339878,0.23396212,0.39810959,0.63727087,0.40330875,3.1924849,1.3790083,2.2748914,0.78802645,0.10216418,0.48060143,31.229067,0.21769787,-24.518343,-0.44882923,18.793629,0.6503392,-19.83193,-0.47896832,0.02938042,1.9553226,1.1730238,0.59032816,4.815853,0.5231697,3.5682678,1.9789338,10.371917,0.6842541,529.5846,0.37096602,1232.5377,0.13653554,-90.13387,-1.0469006,1571.9952,0.11003437,963.63727,0.22087228,-81.20026,-1.1097686,2521.1072,0.07841126,972.5557,0.30359128,-82.39946,-1.0808239,-7.655073,-0.28578725,14.800298,0.2701781,0.042037893,0.408263,-0.022357747,-0.5221857,0.109166704,0.4301921,32.135197,0.21653056,-26.689137,-0.39404786,19.158775,0.5898403,-22.339746,-0.41381678,-6.448922,13.724073,0.027834488,-0.012065396,0.09544379,3.2128513,3.2786884,0.17625,0.08644904,0.106249996,0.08788309,-33.52399,s,Ses04F_impro07,Ses04F_impro07_F015
368,29.079533,0.16183601,25.656097,27.423227,31.961319,6.3052216,68.29998,35.688175,120.2363,154.32503,0.44213325,0.50112915,0.2245791,0.4378004,0.682529,0.45794988,3.600825,1.3218491,2.3730905,0.68313086,0.105118886,0.52572894,28.835976,0.37190408,-22.301737,-0.60170996,18.937836,0.5937921,-17.319506,-0.5231662,0.02542337,1.6603845,1.1953568,0.63863033,4.2502866,0.5061685,1.046843,4.3931804,9.1326275,0.7158387,511.58643,0.32509762,1204.135,0.14911544,-92.657196,-1.0303713,1556.0726,0.08838446,960.24243,0.24589022,-88.61405,-1.043848,2495.2266,0.0640919,936.1898,0.18458542,-89.58714,-1.0229151,-7.3801465,-0.29309493,14.706447,0.27943623,0.04422021,0.3676319,-0.024143495,-0.48731115,0.12361522,0.37366736,33.291744,0.16206303,-28.002747,-0.3918898,19.00309,0.5286711,-21.39325,-0.3710658,-4.777613,11.13773,0.022429314,-0.0095521975,0.08544612,2.6455026,3.2608697,0.16499999,0.08845903,0.144,0.11253443,-32.997684,q,Ses04F_impro07,Ses04F_impro07_M015
369,32.087585,0.19773458,26.131601,29.744131,40.196945,14.065344,21.025858,7.486697,32.574127,10.254882,0.32476106,0.676966,0.111445755,0.27992716,0.53838384,0.4269381,3.084075,1.2218297,2.6144416,1.613985,0.085680574,0.82795143,24.255753,0.47802877,-11.222819,-1.4584419,23.174831,0.6226448,-13.266152,-0.8497576,0.0239642,1.6519884,1.3299478,0.44385737,4.1275644,0.5461465,2.5314639,3.6931257,12.8368225,0.5320402,555.17346,0.37958512,1299.266,0.17018671,-95.705536,-0.98645204,1631.0734,0.1316251,972.9086,0.36656675,-91.35976,-0.9816185,2573.3174,0.08924797,1049.0142,0.30266973,-91.44843,-0.9793296,-7.9359126,-0.65349925,15.063265,0.39270994,0.039451856,0.49899784,-0.013856653,-1.0073144,0.11623027,0.6258358,28.684074,0.2416573,-18.349968,-0.85299015,22.647322,0.68068624,-15.5931635,-0.72546804,-8.648489,14.5874815,0.017499957,-0.0009428312,0.045133878,3.2967036,2.6666667,0.20666665,0.14567848,0.13615385,0.143019,-34.933346,ans,Ses04F_impro07,Ses04F_impro07_F016
370,31.681492,0.21685712,25.922222,28.40675,40.322624,14.400402,25.871813,10.183879,18.725351,8.949724,0.44211408,0.44907564,0.27792034,0.4592027,0.6020832,0.32416287,2.9359257,1.079413,3.5176024,1.5045887,0.1152683,0.5524041,27.568575,0.25897697,-21.473555,-0.62201995,23.295498,0.64122504,-18.14954,-0.60345757,0.02372898,1.998032,1.3370607,0.43118513,3.6477232,0.6405005,-0.08889948,-95.65708,10.581029,0.53037405,580.4178,0.3922137,1298.2118,0.16401441,-51.851883,-1.5622661,1643.9545,0.13161895,993.46893,0.32993978,-49.823967,-1.487602,2577.2183,0.08194645,1090.7875,0.2719556,-50.185425,-1.4690045,-6.187542,-0.73671603,13.3928585,0.36569816,0.04317732,0.38808495,-0.015286504,-0.9466929,0.12828875,0.46812096,28.871582,0.24137336,-23.828564,-0.5545414,22.134665,0.720408,-18.431286,-0.5999191,-7.28811,13.963899,0.025401175,-0.010774404,0.083623394,4.2857146,2.9268293,0.25833333,0.18959753,0.06333333,0.039015666,-33.214424,q,Ses04F_impro07,Ses04F_impro07_M016
371,29.585457,0.10828004,26.86437,28.824722,32.213158,5.3487873,38.574318,25.183128,23.841858,9.551563,0.26478994,0.86793137,0.07850046,0.18031903,0.4516653,0.37316486,3.7029817,2.1967928,3.168123,2.5325148,0.07479392,1.208375,22.41083,0.6541666,-5.7734833,-2.5154622,22.222492,0.5965496,-10.185669,-0.882985,0.021221763,0.7062956,1.3338017,0.47997665,4.2303505,0.5399674,4.604546,1.5893776,16.117594,0.47267818,641.94415,0.41657826,1256.5173,0.15348388,-136.47736,-0.64239293,1715.8651,0.13975573,972.9642,0.48085305,-137.92354,-0.60446924,2664.4736,0.094859615,979.0083,0.34022096,-137.75545,-0.6071145,-10.042056,-0.45710307,16.62906,0.36409774,0.038385317,0.63318634,-0.016659023,-0.79797155,0.13676232,0.8369242,31.106018,0.23812522,-11.364515,-1.1973268,27.221766,0.50271434,-12.107566,-0.8226719,-6.705756,12.674226,0.012787997,-0.000542382,0.044689287,2.2727273,2.8818443,0.10699999,0.054046273,0.1990909,0.30479366,-34.85113,o,Ses04F_impro07,Ses04F_impro07_M017
372,30.652634,0.13464054,31.231651,31.97019,32.70017,1.4685173,57.50528,30.114576,24.62909,21.48064,0.16006137,0.44095486,0.09578213,0.1604353,0.21989796,0.124115825,1.4759133,0.45086837,1.1684854,0.7216033,0.0301232,0.617225,25.780113,0.5294145,-2.5855527,-4.8158674,18.854206,0.7647961,-14.924851,-0.8042241,0.020236218,1.7823957,1.132466,0.5857159,6.329679,0.46042866,-1.5397371,-4.7775083,17.552923,0.41214702,587.15466,0.338819,1330.9524,0.1295022,-103.90618,-0.8932382,1643.2761,0.15216966,1044.4835,0.41438076,-106.66301,-0.82609385,2716.628,0.08527709,989.27496,0.29393557,-109.23443,-0.78399575,-13.737894,-0.3513937,23.111073,0.30142468,0.02175965,0.7882871,-0.012607739,-1.0953093,0.03476346,0.51839274,33.32528,0.23727226,-2.1980317,-4.7133036,19.165312,0.9670399,-16.340574,-0.83887637,-6.819754,12.95737,0.012073325,0.0005811844,0.025656521,3.533569,2.1582735,0.22833334,0.2570614,0.21166666,0.14484666,-43.653103,ag,Ses04F_impro07,Ses04F_impro07_F017
373,25.78636,0.22295791,20.429598,23.718267,32.66035,12.230753,24.751701,2.6390018,17.95092,30.100288,0.1381074,0.5770847,0.059234485,0.11793396,0.20667236,0.14743787,1.3761059,0.56311893,1.2821882,0.6886337,0.028091056,0.7642028,21.650494,0.5895721,0.29868713,43.98091,24.867031,0.39116597,-9.593562,-1.1850715,0.023779793,0.43817773,1.139146,0.40596557,4.3919306,0.5544777,3.1824818,2.4360502,20.304333,0.39800122,626.39874,0.38908046,1342.985,0.100185476,-142.26212,-0.598285,1721.2236,0.12606166,1044.0419,0.33205423,-145.14557,-0.551363,2678.6357,0.100350164,987.63043,0.16875441,-145.33104,-0.5486413,-15.387318,-0.3548908,23.078608,0.280049,0.022432309,0.6323562,-0.0009930556,-7.7519946,0.036279824,0.67726624,26.928743,0.2909389,3.910653,3.2063038,27.859297,0.4499728,-6.3341737,-1.9748989,-7.7509127,13.243455,0.013446244,0.0021044773,0.02592472,4.0229883,2.95858,0.09199999,0.023999998,0.226,0.14008568,-44.826622,q,Ses04F_impro07,Ses04F_impro07_M018
374,38.06759,0.114894174,34.527336,39.200863,41.992104,7.4647675,241.91142,226.25594,61.87218,41.235798,0.18078095,0.66389966,0.08696957,0.14831004,0.26011702,0.17314745,1.9238232,1.5870123,0.66625,0.42831758,0.044504467,0.915181,26.026773,0.2561182,-9.220995,-1.5427963,9.145925,1.5138324,-16.017157,-0.81805104,0.022736406,0.8068341,1.3756862,0.40118363,7.241057,0.4885246,3.0777287,3.1701262,16.664698,0.51101416,756.5025,0.29956588,1426.8242,0.21745789,-139.83086,-0.6033084,1775.7247,0.12530793,1109.5468,0.30215842,-133.5716,-0.6244591,2805.7917,0.099643975,1023.3394,0.38367152,-135.59523,-0.5965773,-13.157347,-0.43963543,23.07538,0.29359648,0.026332457,0.81692576,-0.0062200977,-1.5830866,0.04880475,0.65599483,28.154623,0.180091,-8.109568,-1.7098902,8.088272,1.7648793,-16.372389,-0.7819215,-9.189622,18.273476,0.018857617,0.0029745714,0.03964214,2.1428573,2.8985507,0.1175,0.109857865,0.2075,0.21977735,-41.65692,ans,Ses04F_impro07,Ses04F_impro07_F018
375,28.788155,0.10806618,25.730186,27.749182,31.947977,6.2177906,63.3705,0.0,9.930857,10.135227,0.32694677,0.6622705,0.10522008,0.29208764,0.54446906,0.43924898,2.8041022,1.5637692,1.9326521,1.473464,0.088470116,0.8607232,26.699696,0.3700673,-12.884741,-1.2059779,17.013071,0.9766923,-13.948129,-0.9875683,0.02559571,0.9078757,1.2528303,0.47649243,3.6491876,0.6363935,-1.8392905,-3.709456,12.874807,0.5746532,851.5246,0.28313655,1259.4952,0.18551122,-127.49341,-0.70397884,1847.5437,0.13197774,1173.6802,0.2760335,-125.323235,-0.71839714,2789.3787,0.09643693,1033.5188,0.4152124,-126.26904,-0.7020128,-8.422403,-0.5629948,17.026833,0.34395003,0.03860219,0.55457383,-0.006333226,-1.642748,0.110788696,0.45694116,30.489378,0.23289818,-15.45387,-0.96592706,20.002062,0.9801482,-11.261009,-1.514182,-7.196316,14.932854,0.021044865,-0.004536946,0.07894471,3.6809816,2.5316458,0.145,0.10828204,0.182,0.13059862,-35.089115,q,Ses04F_impro07,Ses04F_impro07_M019
376,31.97768,0.003973368,31.861416,31.956665,32.078228,0.21681213,2.0163536,0.0,6.5421424,0.0,0.12489319,0.90763307,0.059285626,0.07729876,0.15358798,0.094302356,0.49856776,0.20273039,1.1197624,0.878112,0.025828917,1.245152,26.41472,0.1710977,-8.880728,-1.0071832,23.121813,0.34163058,-10.27337,-0.75927466,0.015386015,0.34720194,1.1021781,0.35633683,6.176495,0.12190406,-1.1806732,-3.3878133,18.330185,0.28520098,660.3101,0.086879514,1476.4192,0.092941806,-184.33511,-0.26849756,1775.9242,0.072825365,1053.6511,0.18345481,-185.59741,-0.24612513,2750.7903,0.06425146,710.94946,0.20712607,-185.14362,-0.253583,-16.832544,-0.17909414,22.334541,0.1734704,0.008182982,1.1383219,-0.008641281,-1.3585172,0.019241923,0.054805674,29.061344,0.10735099,7.6114736,0.5089793,41.15876,0.08974632,-21.296883,-0.13754675,-8.9187765,17.241854,0.009797362,0.0036202413,0.02765445,0.97087383,1.0204082,0.08,0.0,0.435,0.125,-44.758415,ans,Ses04F_impro07,Ses04F_impro07_F019
377,27.012712,0.1743361,21.960075,29.341469,31.238356,9.27828,26.76625,0.623687,111.51142,0.0,0.16415852,0.89675367,0.058740057,0.1005882,0.22329606,0.164556,2.4149942,1.8230451,2.8787692,2.0574963,0.04427197,1.2024921,25.925356,0.3578,-2.801588,-3.1354396,19.859453,0.54338056,-13.119825,-0.70914066,0.02173632,1.0348243,2.1026134,0.79223996,4.3513956,0.3432675,0.46852407,8.096341,18.066553,0.26911727,596.2542,0.4105219,1242.1151,0.11373623,-151.89062,-0.54501,1783.6218,0.16706501,806.21173,0.26286173,-155.4687,-0.48544246,2663.1836,0.09849688,964.38885,0.22860436,-154.29921,-0.50212497,-15.32456,-0.39937675,20.71474,0.35412845,0.05152833,0.26887327,-0.02780891,-0.40542686,0.107473336,0.54613465,34.979256,0.10272792,-3.5704596,-3.7090397,31.125998,0.36853784,-18.554619,-0.63434297,-10.267351,17.890615,0.014658477,-0.00044552528,0.026563166,2.7972028,2.173913,0.103333324,0.032998316,0.25,0.143527,-38.83457,o,Ses04F_impro07,Ses04F_impro07_M020
378,37.549004,0.14488657,32.200832,36.72421,42.443897,10.243065,180.43977,263.37683,41.60459,39.665222,0.25119847,0.67458075,0.12110339,0.21563433,0.3285668,0.2074634,2.0781016,1.8057228,1.6211982,1.020193,0.0648635,0.98160315,28.790728,0.24993555,-15.826565,-0.93211466,12.555094,1.005573,-16.603535,-0.6954182,0.017723486,0.96123236,1.2778358,0.44525895,6.6203356,0.4586229,5.064359,1.6962937,15.580101,0.65602106,686.7351,0.35909083,1344.146,0.15763551,-95.73123,-0.94643277,1688.0018,0.12875555,1082.0314,0.24173778,-87.39023,-0.98293275,2704.8608,0.09430891,1006.3117,0.33498496,-90.95967,-0.91325027,-10.608703,-0.5684895,20.28203,0.34691468,0.032069102,0.78988177,-0.005721195,-1.9690222,0.06811508,0.8864651,30.1971,0.19921331,-16.171192,-0.9210813,11.392735,1.1654403,-17.0651,-0.694949,-7.0693293,16.860031,0.020045541,0.00020767242,0.05691605,2.927581,3.4161491,0.16772728,0.17964439,0.10952381,0.09352749,-37.611866,ag,Ses04F_impro07,Ses04F_impro07_F020
379,26.79007,0.16188838,23.682245,25.579472,28.349707,4.6674614,170.28812,270.66693,45.744797,44.82151,0.2691082,0.6692159,0.10770506,0.23364718,0.3944606,0.28675553,2.8993587,1.7764606,2.1772518,1.4378743,0.06741052,0.96777403,27.71795,0.4544041,-6.302391,-2.5356731,25.202587,0.61383426,-11.458805,-1.0155859,0.019548139,1.6995351,1.0640857,0.6703367,4.654537,0.51981914,2.3925416,2.399261,18.356865,0.3898955,602.77637,0.46128726,1325.8989,0.16425624,-96.824615,-0.99105024,1664.4207,0.16823336,971.35394,0.35427687,-98.88842,-0.912731,2610.2473,0.10744723,912.413,0.31724843,-98.46369,-0.91996735,-11.595482,-0.47052357,17.77852,0.34423453,0.038626816,0.544679,-0.010689548,-1.2844771,0.08304227,0.7496844,33.32361,0.2440932,-10.430763,-1.4794946,30.022707,0.5756756,-12.32516,-0.97644734,-8.654491,15.151451,0.015905488,0.0017689941,0.05041513,2.9126215,2.5672374,0.20047618,0.1651976,0.17799999,0.20370565,-36.069744,o,Ses04F_impro07,Ses04F_impro07_M021
380,32.7383,0.28970763,22.149899,34.586166,43.368057,21.218159,249.2625,161.22588,38.388718,26.986946,0.2898851,0.49764332,0.14633437,0.2716298,0.41608393,0.26974958,3.4399526,2.514155,2.0809057,0.93585426,0.074844144,0.80602175,30.326723,0.25493842,-16.776245,-0.82065153,12.884854,1.2170182,-20.981249,-0.6803565,0.022029301,2.0303526,1.3264859,0.59302586,4.550301,0.6287292,3.470513,3.0237005,17.57361,0.36122584,582.7878,0.38288313,1324.3771,0.16348574,-104.73731,-0.91798395,1604.1017,0.16524337,1067.2947,0.24086596,-97.13551,-0.9418311,2601.8342,0.09611185,970.0,0.36658138,-99.85743,-0.89237547,-8.981222,-0.51658994,17.91761,0.27491233,0.038573045,0.42802665,-0.008202552,-1.4832927,0.080142125,0.8036716,31.689577,0.21134567,-18.95129,-0.6573253,14.818888,1.0693175,-25.61881,-0.45421726,-6.912782,19.45535,0.026351891,0.00072406133,0.06568131,3.3412888,3.3898304,0.14785714,0.14067078,0.12714286,0.123371005,-36.98209,o,Ses04F_impro07,Ses04F_impro07_F021
381,34.302467,0.34486187,22.229687,26.881788,48.21797,25.988285,719.1396,1060.1626,31.604197,15.353149,0.36106488,0.5104144,0.18167341,0.36278337,0.50395185,0.32227844,2.2109601,1.6870052,1.8979359,0.66396207,0.071544744,0.7676037,27.655773,0.52485627,-21.995142,-0.54658026,11.368414,0.6476411,-26.997253,-0.447503,0.020057462,1.4317133,0.85017973,0.58674145,5.4012985,0.4498734,3.407758,2.139917,13.848148,0.594949,705.6566,0.3657236,1270.6348,0.1493593,-58.31862,-1.6032953,1655.8112,0.19539206,1098.1456,0.36294547,-56.20708,-1.5361713,2673.907,0.09000057,837.2568,0.35101172,-60.498837,-1.3778219,-6.734191,-0.89410776,15.950829,0.41357547,0.050985508,0.43121484,-0.010942657,-1.8740926,0.08675402,0.66684043,30.683807,0.4963004,-23.414152,-0.5667038,9.664772,0.8123482,-29.714,-0.42892665,-4.957735,11.464218,0.015969822,-0.002253576,0.03150442,2.840909,2.3391814,0.29999998,0.24320772,0.14666666,0.07717224,-33.832817,b,Ses04F_impro07,Ses04F_impro07_M022
382,41.77101,0.14847447,35.113205,42.852337,48.17651,13.063305,157.57324,215.26686,116.64657,121.49139,0.36402702,0.70833886,0.17018442,0.29129374,0.53361785,0.36343342,3.938324,2.0360897,1.948232,1.3261905,0.11808914,1.0790056,22.926605,0.33234793,-16.404982,-0.7045012,13.87866,0.94001734,-23.954302,-0.6798287,0.037159827,1.1550714,1.4485365,0.4121574,6.1514688,0.5426084,7.6661997,1.4106238,15.71188,0.6050202,919.57104,0.2084524,1246.5142,0.18253757,-106.31494,-0.8715132,1917.7825,0.105516106,1026.9102,0.31508946,-104.29641,-0.8425741,2867.8396,0.06604034,821.24243,0.37104324,-104.69218,-0.8353095,-9.133631,-0.61323625,17.881367,0.3618793,0.062349953,0.42708904,-0.005170703,-3.3514578,0.17053887,0.8317834,23.898653,0.36437234,-18.325232,-0.6562524,11.281406,1.2665873,-32.017494,-0.5014858,-6.3403716,14.231494,0.027227964,0.004837147,0.06621749,3.4883723,3.244838,0.14999999,0.1119253,0.151,0.20304926,-29.906094,o,Ses04F_impro07,Ses04F_impro07_F022
383,39.95276,0.16235824,33.279713,36.189896,46.96016,13.680447,173.55447,244.03804,157.40291,151.05475,0.4987705,0.578144,0.2599995,0.3485915,0.818021,0.5580215,4.3302784,1.975957,2.4429784,1.2243313,0.18642567,0.83341026,26.152294,0.2640407,-13.077698,-0.56148314,16.07415,0.7767408,-24.28121,-0.4626255,0.03562961,1.157056,1.40181,0.42328224,7.312933,0.3999492,11.798451,0.8901365,16.016104,0.67453134,948.23425,0.20062618,1218.2042,0.19731124,-73.389885,-1.107418,1946.8002,0.105543666,959.62976,0.30156812,-73.51967,-1.0440223,2875.9595,0.06389614,794.4251,0.29772648,-73.77007,-1.0381988,-11.653426,-0.26236317,19.301321,0.25707695,0.070368044,0.36251903,-0.0058468524,-2.1759267,0.21307896,0.7824122,27.806019,0.24506608,-14.303358,-0.52303505,16.597223,0.744402,-25.940378,-0.39725518,-6.620603,14.834588,0.05066415,-0.00097998,0.14432493,5.769231,4.6666665,0.13857143,0.098187655,0.074,0.060860496,-26.748936,s,Ses04F_impro07,Ses04F_impro07_M023
384,29.713558,0.12103694,26.338247,29.106596,33.551514,7.2132664,50.4911,27.239603,71.82716,51.300472,0.3915081,0.79450583,0.07027829,0.33442163,0.5813879,0.5111096,3.5682943,1.742427,3.1575835,2.2188435,0.12091312,1.0741034,28.844074,0.3042464,-14.177644,-0.952393,25.499058,0.5802114,-12.076819,-0.801302,0.028246362,1.7471582,0.87216526,0.57773286,4.4032974,0.58994836,-0.76744854,-6.510304,16.262163,0.40924054,523.7202,0.41697916,1272.6049,0.13287999,-115.61769,-0.8494216,1553.9199,0.14829697,893.0344,0.33591658,-109.080894,-0.8601741,2548.7808,0.078038715,828.2995,0.30226424,-109.40832,-0.85288656,-9.413367,-0.49497733,16.120108,0.3160363,0.057569504,0.34386742,-0.014499141,-0.9639574,0.19091167,0.7228562,33.396427,0.20925508,-17.596996,-0.82112825,25.416178,0.6999954,-14.4182625,-0.8022947,-8.13123,14.829282,0.018386802,-0.0010982136,0.060231164,3.1250002,1.2698413,0.36749998,0.24055925,0.318,0.20740299,-31.57601,ag,Ses04F_impro07,Ses04F_impro07_M024
385,35.191593,0.01768407,34.604923,35.17584,35.744377,1.1394539,31.24527,1.0561393,14.116765,6.710149,0.15475851,0.78339225,0.06356613,0.10422401,0.21713814,0.15357201,1.0436091,0.40639207,1.0822577,0.45773607,0.04642819,1.0232414,24.438377,0.28859276,-6.437554,-1.8537565,24.573215,0.52043134,-11.186247,-1.0056255,0.021977574,0.7091111,1.5284607,0.2760946,2.8568237,0.9894137,4.060128,1.9708712,23.686115,0.27429536,685.65344,0.24130993,1574.6365,0.21635404,-176.44771,-0.35671446,1650.1991,0.10391042,1255.0336,0.19532734,-166.88693,-0.42567596,2659.7324,0.066563025,1038.3287,0.18684793,-168.27495,-0.40453744,-11.325234,-0.5816613,23.657518,0.24259166,0.046289515,0.47469714,-0.0031558836,-2.0067809,0.06939956,0.7216032,34.334564,0.08686548,-13.203843,-1.1924144,2.7816708,3.9837554,-19.09139,-0.3422389,-10.914348,16.129496,0.014565401,0.004626565,0.043175153,2.2727275,0.78740156,0.22,0.0,0.51,0.13,-41.96057,ag,Ses04F_impro07,Ses04F_impro07_F023
386,32.04499,0.3106692,23.602629,26.496996,45.642036,22.039408,52.48149,44.108845,19.889606,9.560402,0.33287436,0.69136405,0.131064,0.26603356,0.52500653,0.39394253,2.4153874,1.5623566,0.9835599,1.2745804,0.07955742,0.8744994,28.3647,0.2934022,-14.708942,-1.010725,18.50456,1.1157215,-10.339342,-0.9624615,0.011191738,0.9145312,1.0602049,0.5331132,5.758529,0.5461686,1.1870176,4.6598163,17.616581,0.5168948,594.80975,0.4097849,1315.2555,0.14943768,-84.71014,-1.1833633,1599.0518,0.12843981,1023.4901,0.31570575,-83.52091,-1.1335199,2600.5278,0.089704536,899.72546,0.21884508,-87.05656,-1.0572522,-7.6859436,-0.75064105,17.334782,0.3861304,0.0458459,0.4101918,-0.008326174,-2.3380935,0.104349256,0.729482,32.65797,0.17769915,-20.653416,-0.69080436,15.415112,1.4251581,-12.803949,-0.7937794,-8.851044,14.453195,0.011186777,0.00395038,0.04218432,2.2304833,1.5209126,0.3825,0.19904459,0.255,0.26800185,-33.89851,o,Ses04F_impro07,Ses04F_impro07_M025
387,35.430992,0.25400287,25.587692,37.12121,43.862766,18.275074,202.96202,274.08887,49.042145,53.463398,0.33814272,0.7172101,0.14773884,0.25898147,0.50501853,0.3572797,2.761123,2.0637271,2.2647364,2.1241128,0.08863817,1.082005,25.51492,0.35999227,-13.642675,-0.9992696,18.249582,0.9655954,-16.435505,-0.76753545,0.016766956,1.3880324,1.1496936,0.48366815,5.871091,0.5976104,2.8722575,2.8875687,13.899545,0.7135999,727.09326,0.34520632,1319.6183,0.21419978,-86.95567,-1.0725551,1743.3334,0.1370236,976.3274,0.3572116,-81.98139,-1.071705,2722.4863,0.09369375,955.99927,0.27127385,-83.88399,-1.0321368,-8.092482,-0.6660416,16.063343,0.42472628,0.04239822,0.46377692,-0.0074918075,-2.2782586,0.09994405,0.85454375,27.566198,0.32905278,-16.285599,-0.8408693,17.41334,1.1629874,-19.569485,-0.68926305,-7.4379725,14.224233,0.025126562,-0.00021774063,0.07157636,2.2590363,2.8831565,0.20631579,0.1563468,0.12666667,0.13237153,-33.356236,o,Ses04F_impro07,Ses04F_impro07_F024
388,26.551092,0.16426396,23.5008,25.041265,29.575256,6.074457,147.7967,198.0139,28.275682,15.279443,0.3693791,0.5255682,0.2035491,0.351793,0.5136131,0.31006402,2.6254396,1.6020994,2.440211,2.0492985,0.08067058,0.7261699,28.839617,0.42393988,-13.6619835,-1.068331,22.54187,0.7683588,-17.937113,-0.72746253,0.012111334,1.2091678,0.9859736,0.69204783,4.430591,0.56789404,1.5036873,3.9560256,13.394186,0.6212317,634.00183,0.3832555,1319.4677,0.19688907,-71.9118,-1.2891119,1684.7366,0.15219516,925.7743,0.30577627,-74.869225,-1.1717654,2652.0088,0.09464517,922.10376,0.31973672,-75.32585,-1.1615146,-9.046028,-0.61147225,15.546727,0.46169323,0.037331995,0.4768972,-0.019342588,-0.7492506,0.09285239,0.5739513,33.096836,0.29250458,-15.468718,-0.90362823,24.530539,0.7905258,-19.229439,-0.7344514,-5.5701585,12.413086,0.02179308,-0.0013191933,0.05890624,2.2653723,2.28385,0.27642855,0.3455969,0.14,0.14481515,-34.111866,o,Ses04F_impro07,Ses04F_impro07_M026
389,24.465229,0.0824745,23.128662,24.09581,25.153223,2.024561,23.342112,26.416288,15.286489,10.282112,0.3630576,0.27524692,0.26636994,0.36729383,0.4577723,0.19140238,2.311194,0.48524588,0.8685826,1.083452,0.084215194,0.4928596,36.45707,0.22469172,-9.57725,-1.4317555,27.02555,0.7549689,-14.887149,-0.8951136,0.00927998,1.3576035,1.0010401,0.8020481,4.5429616,0.61112005,1.5841707,2.2310083,18.711424,0.4014292,630.1881,0.34831476,1440.2284,0.18303826,-31.396444,-2.1994019,1702.6495,0.13523443,980.37976,0.29737395,-40.62625,-1.5639294,2676.2834,0.09340109,900.33685,0.24450581,-41.863148,-1.5036738,-13.369489,-0.40156096,20.283438,0.35571513,0.036648687,0.4283791,-0.02342503,-0.66934747,0.0846479,0.4824935,37.585888,0.20794603,-8.8626,-1.5376498,26.552555,0.8121718,-14.230263,-0.97713923,-8.934819,13.704706,0.038384013,-0.015744139,0.09208437,4.0697675,2.4096386,0.3425,0.33751848,0.07333333,0.026246693,-33.557095,o,Ses04F_impro07,Ses04F_impro07_F025
390,31.815306,0.20867653,23.451178,32.214333,38.47229,15.021112,46.886444,33.034492,41.7516,16.659323,0.23900211,0.6304526,0.07087886,0.2162557,0.38880777,0.3179289,1.1305287,0.3614428,1.2061057,0.7695574,0.046689253,0.70146835,27.310194,0.3293961,-16.030067,-0.7515819,12.204837,0.83499247,-18.299992,-0.565384,0.019567622,2.8318357,1.0956336,0.50132793,5.110856,0.54284906,4.0762925,2.2738938,13.152515,0.7052669,652.0165,0.37920266,1357.6323,0.18774542,-127.659996,-0.7312333,1619.6317,0.15726705,1102.7196,0.20922725,-118.373604,-0.80435914,2615.8936,0.10537107,1024.7063,0.39587384,-121.28761,-0.756627,-6.2254596,-0.77504027,16.661083,0.3116161,0.035455436,0.54225576,-0.00632082,-2.313365,0.06282603,0.4078587,29.598852,0.3201521,-21.482306,-0.4872512,7.191156,1.4212191,-22.42709,-0.39729813,-8.029845,16.449875,0.021178098,0.0030569844,0.03657895,1.948052,1.6501651,0.242,0.108701415,0.285,0.259984,-39.76272,s,Ses04F_impro07,Ses04F_impro07_F026
391,27.777163,0.053767685,26.13517,28.575806,29.03042,2.8952503,58.377647,0.0,-15.014967,0.0,0.15412526,1.0736003,0.052476056,0.07447166,0.22163504,0.169159,1.0175123,0.07489638,1.430522,0.0,0.035827804,1.395663,29.060658,0.25026163,-10.84404,-1.0882361,22.874958,0.26281014,-9.245803,-0.6496571,0.060596116,0.7194096,1.3522166,0.33283108,1.9181702,1.1116972,-1.5850333,-0.97737634,14.76572,0.29534897,455.06787,0.31023967,1369.1772,0.15579395,-179.13129,-0.33620554,1429.7118,0.105680384,1045.43,0.118439384,-178.6534,-0.33015501,2472.9043,0.059690394,804.7337,0.07733507,-179.07845,-0.322562,-9.833557,-0.03932124,16.96125,0.07643433,0.039851274,0.13798966,-0.015073537,-0.6189605,0.09370676,0.41344503,43.67659,0.06792058,-26.81117,-0.22833739,21.822348,0.12494788,-18.856499,-0.2092215,-10.270231,16.64034,0.009741999,0.001958499,0.030519284,1.0,1.0526316,0.099999994,0.0,0.41,0.049999997,-40.854816,ag,Ses04F_impro07,Ses04F_impro07_M027
392,44.488415,0.13249305,42.000896,46.63089,47.393066,5.39217,22.784763,12.248492,41.065334,44.452534,0.33163774,0.73480785,0.14836061,0.27103406,0.4468487,0.29848808,2.2460923,1.5089942,3.1547716,3.6999402,0.10038999,1.3633978,24.849127,0.3688409,-20.765959,-0.654815,5.179686,3.2278783,-18.095045,-0.74709797,0.03363388,2.1398191,1.1190292,0.5917785,7.824309,0.60492015,6.262843,1.6002849,17.803871,0.6197375,853.02277,0.26244807,1236.0504,0.16367906,-86.445625,-1.1012759,1809.2825,0.12260701,1095.0319,0.24066977,-76.30059,-1.1799206,2813.3635,0.078311704,927.06726,0.26453432,-83.064674,-1.0248337,-5.267928,-0.94308,16.388933,0.35414743,0.05552428,0.2947954,-0.002553085,-6.152657,0.13017853,1.2026174,25.72743,0.29324287,-27.77443,-0.34175044,-3.1945665,-3.51647,-20.625664,-0.6887007,-8.198533,14.758205,0.026441207,-0.00016490757,0.048489306,2.4038463,1.4778326,0.42666668,0.44753647,0.17,0.11683321,-32.30254,o,Ses04F_impro07,Ses04F_impro07_F027
393,33.35815,0.07340872,30.65829,33.33943,36.22468,5.566391,35.033257,0.0,56.759357,55.549885,0.3386334,0.9797154,0.093949184,0.17525189,0.5612616,0.4673124,1.9616767,0.09952009,2.2870927,0.0,0.12599699,1.4950459,22.857517,0.5490325,-3.6362066,-4.0663276,11.01764,1.2798971,-19.618496,-0.6501938,0.11842794,1.2724239,1.0825348,0.5335106,4.5366015,0.56117636,-0.26326212,-26.461908,13.017823,0.37413722,788.58026,0.31936085,1328.0833,0.19150554,-157.43507,-0.5032609,1820.4774,0.18220587,920.1592,0.28277585,-151.25003,-0.5374235,2814.5725,0.09620153,704.5335,0.27966267,-152.34871,-0.52122635,-6.010582,-0.40955964,16.81504,0.21300955,0.050764773,0.25696534,-0.022690529,-0.7599349,0.3534777,0.7104076,32.15432,0.29693267,-18.105318,-0.8561331,3.084747,3.4590862,-30.563372,-0.4411177,-8.34297,14.184303,0.027752047,0.0010772416,0.0570192,0.97087383,2.0408163,0.114999995,0.095,0.345,0.085,-30.063038,o,Ses04F_impro07,Ses04F_impro07_M028
394,38.46559,0.1779122,32.180904,38.088425,48.572292,16.391388,36.75045,30.424047,106.19381,0.0,0.17477962,1.0163668,0.05341039,0.09210652,0.27376732,0.22035694,1.7421442,1.3619536,1.2755787,1.0441705,0.045821063,1.3272108,25.477335,0.24538237,-11.771719,-1.6111212,11.136309,1.0272342,-13.692939,-0.84534085,0.038569093,0.8372501,1.6371189,0.34408292,2.3959768,1.6740371,4.5756207,1.8652272,16.515184,0.4008922,676.8525,0.36653736,1402.1105,0.18883774,-171.91856,-0.38808763,1667.1426,0.11554567,1144.8337,0.14368989,-166.65123,-0.41981295,2656.344,0.095890634,1129.0538,0.22545739,-167.67946,-0.4040288,-8.254796,-1.0446928,18.533834,0.4374636,0.031741746,0.81282556,-0.0037558642,-3.8001406,0.09287448,0.78054935,24.940893,0.2863764,-21.899519,-1.1878812,9.005489,1.5417489,-22.10778,-0.53445035,-8.861229,17.432638,0.0099749155,0.0044412296,0.036749415,1.746725,1.7857143,0.089999996,0.022360679,0.35799998,0.28195035,-40.901463,ag,Ses04F_impro07,Ses04F_impro07_F028
395,34.62651,0.12619567,30.490423,36.50432,37.56905,7.0786266,34.098934,18.487162,109.15961,54.461533,0.3070722,0.6578932,0.05408765,0.32651743,0.52913916,0.47505152,3.2550635,1.3913411,1.9875622,1.3380677,0.0741107,0.7299675,24.98218,0.41883612,-16.430033,-1.0761006,22.345022,0.6113295,-16.979849,-1.0043569,0.022592112,1.4619308,1.4519116,0.6576055,4.771288,0.55800176,-3.5685024,-2.6140366,10.036016,0.77262783,799.7134,0.33633024,1319.6454,0.18021902,-114.687096,-0.8331447,1779.7168,0.112119325,986.40906,0.24128832,-108.98083,-0.8726628,2762.2546,0.057957437,914.4772,0.19591063,-110.44246,-0.84513956,-4.16711,-1.7170933,14.351839,0.29534993,0.043600503,0.43178856,-0.005696286,-3.1715467,0.11345603,0.36034968,25.531124,0.30641496,-28.09141,-0.5778737,19.56541,0.826569,-26.01816,-0.75342304,-9.410165,15.967174,0.011796458,0.0018551497,0.04143655,3.448276,3.5714285,0.118,0.09826495,0.175,0.12579745,-36.659203,s,Ses04F_impro07,Ses04F_impro07_M029
396,34.39821,0.08573361,32.07538,34.541264,36.690742,4.615364,45.944542,6.5680065,26.87435,14.581466,0.2213168,0.814732,0.061494756,0.1458074,0.41221026,0.3507155,2.7564101,1.7043465,1.9181042,1.399656,0.050028726,0.94987386,27.100883,0.2800626,-10.168634,-1.7189451,19.823994,0.5296071,-13.418955,-1.1066585,0.020362338,1.3052243,1.2879874,0.5752364,5.634335,0.5114752,-1.0573575,-8.747002,14.309329,0.6611231,709.3318,0.39734337,1368.513,0.15043463,-118.18714,-0.78235483,1710.3462,0.12765035,1111.242,0.27163672,-112.858765,-0.8011344,2691.0647,0.08585614,1020.45734,0.288181,-114.615616,-0.7721561,-8.835001,-0.9207205,18.249403,0.35644898,0.033847455,0.6903871,-0.0077103055,-1.8569963,0.07511564,0.69840246,26.697842,0.28362536,-16.011147,-1.3474758,19.092905,0.7051722,-20.46293,-0.8555605,-11.475647,18.130945,0.013015706,0.0009347207,0.030831696,3.0651343,3.515625,0.1211111,0.11308251,0.16,0.20112184,-39.029842,s,Ses04F_impro07,Ses04F_impro07_F029
397,31.014593,0.19274385,27.739096,29.157873,32.344078,4.6049824,58.66548,25.929022,10.838878,20.422861,0.26794717,0.98514324,0.058693804,0.15083453,0.48336074,0.42466694,3.7892632,2.0654097,3.4783545,2.4502208,0.09373499,1.3948315,24.564198,0.43442774,-9.056329,-1.6466855,22.31484,0.76818943,-8.493575,-1.245225,0.03156698,0.9281406,1.4271783,0.5691389,4.3139267,0.51894283,2.9346435,3.723983,14.831342,0.44260874,626.58484,0.49515757,1246.655,0.16531785,-151.91515,-0.54358065,1656.7981,0.12715606,896.73047,0.35444403,-148.58029,-0.5502431,2615.407,0.085377716,992.9735,0.3632899,-148.66948,-0.5481502,-9.286983,-0.47022852,16.623634,0.30493224,0.042778596,0.538876,-0.012734374,-1.1608003,0.17963348,0.77482116,30.116076,0.33870554,-13.615546,-1.1053034,29.139912,0.8739895,-9.401129,-1.134846,-8.647157,15.429302,0.01498555,0.0065976502,0.058179125,2.0,1.772152,0.14571428,0.08649643,0.3475,0.37032923,-33.275883,q,Ses04F_impro07,Ses04F_impro07_M030
398,34.70126,0.1985908,26.327995,37.642986,40.30321,13.975216,725.18823,797.8342,88.1629,128.65381,0.4448822,0.63257396,0.181432,0.3936611,0.6448669,0.46343488,3.7417197,1.3640126,3.27885,2.2768283,0.13675337,0.9152459,26.47568,0.3827736,-22.042793,-0.71011007,16.028215,0.9733968,-21.153234,-0.6110466,0.02477799,1.317512,1.3227043,0.47587228,3.9878712,0.8473544,0.5168217,15.522834,11.621523,0.6727372,729.3156,0.33064726,1319.3474,0.16276552,-109.71019,-0.8785893,1725.1542,0.14448206,1082.7761,0.34148148,-99.939095,-0.93970627,2710.269,0.089912884,943.37463,0.25422978,-102.402214,-0.89341354,-5.6422496,-0.9462999,15.262768,0.2926801,0.045689113,0.4534475,-0.009727831,-1.8128214,0.16917278,0.7768628,29.408651,0.31355613,-27.346807,-0.44466278,12.033998,1.1351473,-25.145008,-0.43216464,-5.430268,13.4818325,0.03783889,-0.0012309126,0.10706596,3.0368762,3.2894738,0.14466666,0.10111818,0.15923077,0.14296107,-30.713312,ans,Ses04F_impro07,Ses04F_impro07_F030
399,31.315851,0.20573011,25.573923,29.064783,38.46809,12.894167,897.26697,910.4138,102.97693,133.93259,0.45467785,0.6632734,0.19348946,0.38414127,0.65745604,0.46396658,3.379236,1.3429761,3.0589068,1.7475266,0.12804694,0.8420284,28.204332,0.378761,-17.34112,-0.90049446,22.04726,0.5240251,-19.442562,-0.5861067,0.023359686,1.5638143,1.1850959,0.5242108,4.3506355,0.7639186,2.070163,3.2421157,13.233769,0.4803085,735.2051,0.3772484,1284.6107,0.17885393,-108.31307,-0.872666,1770.6742,0.16478738,1004.316,0.4100064,-103.334305,-0.88449603,2737.1162,0.10696138,906.3828,0.22798714,-104.510735,-0.8639761,-8.496177,-0.34733617,15.423014,0.24235445,0.052556697,0.34869012,-0.016885469,-0.7160298,0.17321949,0.71029055,33.45314,0.20000532,-22.889965,-0.5040046,18.12369,0.6135425,-23.75029,-0.45927706,-6.6353273,12.179111,0.03775939,-0.00775377,0.08908425,2.5179856,4.029304,0.11363636,0.07784282,0.13777778,0.12959576,-30.03273,ag,Ses04F_impro07,Ses04F_impro07_M031
400,29.19182,0.16712636,24.256792,28.152756,35.004047,10.747255,113.54773,100.697876,57.157864,57.74585,0.36003506,0.5321551,0.20902938,0.33729583,0.4993524,0.29032302,3.6462426,2.39333,2.330738,1.2156693,0.085098185,0.76139057,28.576126,0.43212342,-11.127256,-1.4498081,15.970798,1.2397025,-13.0160475,-1.1052318,0.022121668,1.498706,1.1426024,0.5886405,4.9152985,0.495897,-0.17102127,-31.434427,17.440104,0.5332958,658.665,0.40459403,1360.3029,0.18630743,-53.904663,-1.5715841,1710.7937,0.14844862,1092.0707,0.34926897,-57.906197,-1.3750743,2690.475,0.10088757,976.38416,0.34970903,-61.33789,-1.2624261,-9.547206,-0.56662375,19.058432,0.3425279,0.044369023,0.4690948,-0.011020535,-1.1136568,0.095467016,0.6948023,31.343872,0.3480453,-11.331948,-1.4291815,14.49865,1.512415,-14.179934,-1.0329372,-5.5231676,13.08571,0.026889509,0.004003675,0.057805546,3.5714285,2.5454545,0.28285715,0.20069268,0.089999996,0.05070925,-33.47673,s,Ses04F_impro07,Ses04F_impro07_M032
401,31.359932,0.15607569,24.242447,32.79492,35.88704,11.644592,169.90503,120.22988,5.297455,72.170364,0.2772413,0.48281172,0.14635426,0.24833715,0.40055197,0.25419772,1.6323919,0.61736095,1.7846072,0.92453873,0.060063023,0.66967076,28.70965,0.39470473,-9.259371,-1.9449012,14.871161,1.1683086,-14.338498,-0.97866815,0.030458452,1.6599913,1.1292218,0.43302074,4.4955435,0.5851917,0.046668474,129.09196,17.313122,0.5007497,602.58057,0.356306,1395.5496,0.15530337,-58.626286,-1.4475552,1631.4578,0.12854068,1108.5934,0.22763468,-60.1585,-1.3350493,2647.1064,0.08328819,1021.3487,0.22594307,-64.927246,-1.1862726,-9.244681,-0.63229764,19.26957,0.34202257,0.03933081,0.53932697,-0.0055602863,-1.6903172,0.06517082,0.6162166,29.789701,0.36438403,-12.219791,-1.4224592,12.138443,1.5526496,-15.476958,-0.8724383,-11.525801,18.899706,0.028057633,-0.00661994,0.048525855,3.0434783,3.1111112,0.22571428,0.190852,0.07571428,0.034582052,-37.607887,ag,Ses04F_impro07,Ses04F_impro07_F031
402,30.3307,0.13816078,24.26566,32.727303,32.886055,8.620396,181.94583,0.0,-146.63771,138.2221,0.1414957,0.41618493,0.08664401,0.13906942,0.19329259,0.10664858,1.2841178,0.5824073,1.2636325,0.93506026,0.033101268,0.64769465,27.563503,0.3716303,1.126162,9.618229,21.352293,0.38500324,-13.486852,-0.82277685,0.04810156,1.6816114,1.1554283,0.32521084,4.8874493,0.48505974,0.62377864,9.822862,18.263544,0.22317605,583.85016,0.37149116,1322.4683,0.11054407,-135.21025,-0.6283829,1636.786,0.16004457,1123.2706,0.28665805,-137.88692,-0.5851036,2593.895,0.10202165,1035.3281,0.18648516,-138.3827,-0.5769034,-13.379324,-0.3390498,19.401072,0.1946104,0.025833564,0.6692465,-0.0052886126,-1.4406329,0.041421,0.61724794,32.21138,0.15311663,-4.2318463,-2.797207,27.441986,0.29300842,-12.23672,-0.53900784,-14.929856,21.623348,0.01609313,-0.007928205,0.02943314,3.8834953,4.0816326,0.074999996,0.050249375,0.14999999,0.16015618,-44.192265,o,Ses04F_impro07,Ses04F_impro07_M033
403,32.00524,0.1379922,27.94777,31.060335,36.535175,8.587406,25.443933,19.374222,158.16782,227.03468,0.38827524,0.57319343,0.18485007,0.35588276,0.5707146,0.38586453,5.132663,2.4565358,3.3119524,2.1845663,0.12725765,0.9632185,27.794882,0.44812635,-8.402992,-1.4033095,22.70556,0.73648643,-16.410921,-0.914383,0.018822381,1.900827,1.0681113,0.507242,5.942948,0.3954762,3.5688355,1.6508564,19.617218,0.3123266,547.55457,0.38057017,1206.7509,0.1382942,-75.15568,-1.2494935,1639.364,0.1604369,840.4708,0.36792216,-78.61172,-1.0702327,2683.383,0.09405749,841.21796,0.3827738,-78.42102,-1.0717787,-11.171414,-0.42073774,17.790863,0.2600674,0.051375084,0.44133368,-0.018801304,-0.7010778,0.16253605,0.816593,33.56091,0.19275504,-12.736954,-0.66206664,25.216473,0.7202626,-19.704548,-0.8372038,-7.7078695,14.364001,0.021532347,0.0002793254,0.055949133,3.3492825,1.980198,0.325,0.23764469,0.126,0.08452218,-31.249332,o,Ses04F_impro07,Ses04F_impro07_F032
404,27.687096,0.1793203,22.964485,27.075356,31.102661,8.138176,86.94036,96.93156,18.56768,8.160549,0.34456587,0.5459105,0.18521509,0.32068062,0.49980992,0.31459484,3.6672082,2.1229475,2.7957785,2.036132,0.09263512,1.0220068,28.667027,0.5057424,-5.7113075,-2.2703443,27.012371,0.6348818,-13.795377,-0.96612024,0.013889857,1.7290826,0.9399752,0.64023,5.540748,0.37552354,2.983628,1.697711,19.726416,0.26691446,548.01056,0.38489214,1266.5001,0.17034957,-54.097496,-1.5921305,1643.7247,0.1401953,893.33905,0.36976486,-62.81598,-1.2306341,2637.2146,0.0884415,917.55505,0.44720998,-61.962322,-1.252564,-11.74984,-0.35635272,17.621244,0.2779983,0.043424696,0.5155851,-0.018800974,-0.73793733,0.10899603,0.9334588,34.626408,0.23327287,-10.360726,-0.85082895,30.358377,0.54483956,-15.690719,-0.89179003,-6.284136,11.376493,0.018643582,0.0009486513,0.049295105,2.6845639,2.036199,0.35666668,0.20704266,0.1275,0.06533567,-33.086006,o,Ses04F_impro07,Ses04F_impro07_M034
405,23.428614,0.06946898,21.514534,22.979351,24.836609,3.322075,17.342054,11.79382,5.0429153,3.5093987,0.23401599,0.7085443,0.06583969,0.18285468,0.45015302,0.38431334,1.1264311,0.5065446,0.62453026,0.108881705,0.04874516,0.9313507,29.007889,0.48838577,-4.2268333,-2.4099903,20.343752,0.7678426,-14.663798,-0.78902274,0.011914853,0.8503234,0.93484825,0.5433391,4.5104556,0.33022457,3.084003,1.5196571,21.620481,0.15336585,654.28876,0.36961082,1355.3075,0.14695197,-79.665115,-1.2033023,1720.8019,0.14615051,1079.9901,0.27178246,-85.61573,-1.0442644,2696.058,0.09422062,869.5325,0.3844203,-86.59575,-1.0227302,-13.01335,-0.23095454,20.264593,0.2046349,0.033986695,0.7520044,-0.014904658,-0.993607,0.07094036,0.6550954,38.039394,0.19713274,-9.782375,-0.8196474,24.911886,0.61817706,-18.33631,-0.69409996,-8.536989,14.883462,0.007492241,0.0078342175,0.018080981,2.0547945,1.4184397,0.42499998,0.24499999,0.26,0.099999994,-36.952435,ag,Ses04F_impro07,Ses04F_impro07_F033
406,23.575182,0.10178257,20.69902,24.103987,25.164045,4.465025,73.195885,79.22849,16.849358,12.587805,0.1754052,0.6567284,0.08088134,0.1520159,0.23114802,0.15026668,1.5837073,1.2126971,1.2316563,1.2581493,0.03539996,1.2041192,33.858353,0.31125468,-4.863853,-1.9075255,25.817055,0.48239174,-9.052823,-1.2561221,0.012389994,1.2029458,0.83486456,0.6265267,4.991317,0.43640074,3.4090903,1.4002314,22.767178,0.25137538,580.8299,0.33850184,1367.3337,0.13914908,-70.77236,-1.3184966,1677.9807,0.15771689,973.4384,0.28068566,-79.84921,-1.0775524,2644.4905,0.10372722,934.09845,0.36057994,-79.91497,-1.0746881,-15.314436,-0.3049842,21.683702,0.22378758,0.035472263,0.5544855,-0.013925676,-0.911771,0.044640664,1.1129812,39.84622,0.11746583,-5.5135345,-1.9315302,27.255165,0.52027833,-10.776177,-1.2179221,-10.668454,17.570889,0.0061254646,0.005672401,0.01895855,2.6666667,1.3483146,0.475,0.2740894,0.24333334,0.16967289,-39.719578,q,Ses04F_impro07,Ses04F_impro07_M035
407,37.724827,0.11677215,33.11829,38.99107,41.309826,8.191536,49.293804,35.444366,106.71788,58.24838,0.17333113,0.7432716,0.077061,0.12355369,0.24448481,0.16742381,2.064092,1.0439122,1.2056606,0.764879,0.041179404,1.2139205,20.806019,0.3730608,-11.108617,-1.1541663,24.364912,0.4888369,-17.203556,-0.7414427,0.029797915,0.65020776,1.2707449,0.5085951,5.6698523,0.44572324,5.9332833,1.4964161,11.625628,0.6504373,618.2241,0.41096824,1386.7241,0.12536904,-173.64409,-0.35557038,1593.4534,0.119715095,1099.9661,0.23048612,-160.80385,-0.4435577,2531.2502,0.09540982,1006.3542,0.26296338,-160.21721,-0.45168078,-9.247512,-0.38416255,15.807626,0.25236684,0.033191465,0.6906701,-0.007813765,-1.0534666,0.063232854,0.9338345,25.589907,0.21851204,-16.612747,-0.5241196,27.809734,0.46673912,-26.375135,-0.3961997,-6.3516374,13.22537,0.0137658445,0.0057207434,0.03182823,2.102102,2.1472392,0.09285714,0.079230994,0.3528571,0.53829664,-40.978874,q,Ses04F_impro07,Ses04F_impro07_F034
408,29.56632,0.16999042,24.70074,28.802979,34.633858,9.933117,23.131193,6.1543937,29.020374,36.12651,0.44271776,0.62447166,0.198874,0.34128708,0.7348047,0.5359307,4.826907,2.2416537,3.6651988,1.9531528,0.12204636,0.8668561,29.507835,0.4509635,-12.958261,-1.1986514,21.408741,0.7103441,-16.45487,-0.8714565,0.0145367505,1.1474771,0.97681797,0.7726441,5.861346,0.55661595,1.7402465,2.9567723,17.64714,0.42845333,647.4294,0.3930234,1320.8348,0.2081614,-72.40723,-1.2787421,1727.5214,0.18736331,1005.23444,0.32625747,-73.11817,-1.169328,2675.8748,0.10941364,902.3565,0.3229681,-74.34697,-1.1380558,-10.171896,-0.61535054,17.1589,0.35794798,0.053556338,0.3997995,-0.017440973,-0.9453356,0.15026511,0.66303504,35.29366,0.23003957,-15.395795,-1.0615314,18.756035,0.80389977,-19.245607,-0.807242,-4.199327,9.100143,0.02606463,0.003230398,0.0690627,3.4562213,2.097902,0.3111111,0.15285754,0.13,0.108811766,-30.769154,ans,Ses04F_impro07,Ses04F_impro07_M036
409,27.565266,0.189729,23.637249,25.750772,31.697348,8.060099,96.97718,92.45131,128.55258,250.83977,0.26205307,0.6094189,0.12333301,0.22666264,0.37002295,0.24668995,2.3904552,1.0884135,1.5388026,0.7853592,0.061216664,1.0221605,27.835403,0.5429703,-6.9126253,-2.0305967,22.911287,0.6980919,-10.585165,-1.0006379,0.021758532,1.5083448,1.0708325,0.6491059,4.604522,0.6215992,2.791815,2.1524553,18.391886,0.4392894,606.7359,0.4058732,1340.8975,0.20168117,-88.981804,-1.0710776,1664.0276,0.15408565,935.2124,0.30872664,-90.07613,-0.97306937,2639.2346,0.09428169,964.5215,0.3251313,-90.57355,-0.96499884,-11.053481,-0.4742995,18.002842,0.34428492,0.037965827,0.50350296,-0.012640224,-0.97360516,0.06889744,0.8180718,34.31528,0.25417504,-11.149374,-1.1499475,26.169167,0.65300494,-11.047748,-0.9999087,-7.156486,14.147256,0.013689588,0.0021508755,0.05087696,1.9300362,3.0339806,0.18399999,0.17886306,0.12479999,0.111610755,-36.909298,o,Ses04F_impro07,Ses04F_impro07_M037
410,32.948986,0.25312975,22.528437,39.265003,39.921066,17.39263,173.5623,103.219536,64.78166,63.716457,0.15741736,0.60135716,0.08018021,0.13365991,0.205327,0.12514679,1.7420807,0.9780921,1.0811743,0.7155702,0.034790542,1.107074,27.983402,0.38257718,-5.3863883,-2.0659869,16.319431,0.70035803,-10.059541,-1.0022728,0.019961648,0.6742097,1.1193501,0.51415473,5.561314,0.6314866,3.7016296,1.543059,19.378845,0.22729248,654.12384,0.34352747,1413.6049,0.13468124,-136.93797,-0.6270741,1683.9575,0.1339751,1051.0549,0.18951854,-128.25256,-0.65797323,2677.4333,0.09411571,1132.5253,0.23969723,-129.95969,-0.63445276,-12.39471,-0.35023275,20.550714,0.23575446,0.017924557,0.7622321,-0.006049587,-1.3639133,0.03261493,0.5023442,29.206892,0.31770626,-5.8704333,-2.185992,17.66495,0.6788225,-9.73284,-1.0604222,-10.931207,19.106737,0.010689189,0.0016831429,0.037587363,2.2026432,3.1531532,0.11571428,0.15637475,0.1575,0.116054945,-42.538227,q,Ses04F_impro07,Ses04F_impro07_F035
411,24.272917,0.087876566,21.915558,24.51972,25.784353,3.8687954,43.22602,49.74485,17.642088,7.5453405,0.16342029,0.6890095,0.059515886,0.12283802,0.26720524,0.20768934,2.0120907,1.3986406,1.6434629,1.5725548,0.032268815,0.8381765,28.902397,0.41681415,-2.0468695,-5.2122164,30.622465,0.53802675,-3.2678535,-2.7733483,0.01333693,0.8671019,0.9222373,0.69574606,5.6856027,0.34931558,3.6992872,1.2580521,25.31537,0.33712116,627.2614,0.40149564,1361.2861,0.22304481,-108.36187,-0.88371277,1701.3629,0.12359648,817.9215,0.5191384,-111.850685,-0.8092942,2731.76,0.098342,973.03937,0.3792034,-111.86515,-0.80976576,-15.263552,-0.42118463,21.338451,0.33125445,0.028273718,0.68491286,-0.006902359,-1.8455827,0.04997944,0.53406644,36.88055,0.20290618,-3.1647646,-3.9619584,40.9167,0.40834767,1.5680834,5.2411757,-10.123499,16.831017,0.004716216,0.007536585,0.016133878,2.795031,1.0954617,0.43142855,0.3735325,0.45857143,0.4132252,-38.683033,ans,Ses04F_impro07,Ses04F_impro07_M038
412,28.47528,0.19889349,25.039255,27.784077,30.699759,5.6605034,341.128,697.0883,24.936317,16.656088,0.30168718,0.75555474,0.079436496,0.25521228,0.50663185,0.42719537,3.8431451,2.4705987,2.7888165,3.6525083,0.077617206,1.1274858,26.29972,0.52298707,-7.909062,-2.0471814,22.261852,0.6806072,-8.553405,-1.283689,0.017579058,1.2095346,0.95523155,0.68269646,5.4277616,0.46615568,1.6900469,3.5906878,18.757193,0.39126697,686.16486,0.40797907,1321.589,0.19113012,-102.782425,-0.9302344,1706.645,0.15977749,1050.5137,0.31556866,-102.727615,-0.88425916,2672.4277,0.097513564,935.8996,0.33587813,-103.93507,-0.86155885,-9.25742,-0.7524326,18.234215,0.3686329,0.04078933,0.49967209,-0.005278145,-3.1800396,0.1091392,0.8728902,33.112442,0.35029662,-12.771993,-1.256062,23.544203,0.75011325,-9.017132,-1.3624611,-8.066638,14.608823,0.009382206,0.005027775,0.043512944,2.8280542,2.502844,0.19727272,0.15466037,0.19047618,0.23645145,-34.12847,s,Ses04F_impro07,Ses04F_impro07_M039
413,36.74265,0.27797687,25.930222,45.2274,46.580276,20.650055,1153.7299,812.409,14.261378,6.1516123,0.40025967,0.5512077,0.15694077,0.39638346,0.53671557,0.3797748,5.2876105,0.9184713,2.5211384,1.5435822,0.101200886,0.9381631,26.124994,0.42249805,-27.39595,-0.4333078,9.336435,1.1961573,-12.156576,-0.81818545,0.012205413,0.7667093,1.0174205,0.66470176,5.3659363,0.47888777,-2.5285919,-2.8247087,14.915736,0.4094382,796.6234,0.23023541,1362.9702,0.18832427,-66.06244,-1.4593915,1706.8303,0.10976877,1226.5332,0.12227612,-54.871845,-1.598308,2753.4946,0.05582645,918.3687,0.32022187,-62.080963,-1.3432446,0.22987056,37.3828,15.555984,0.22579609,0.034338996,0.5890389,0.012533061,1.5253398,0.12888269,0.75882673,27.825089,0.42000943,-30.979668,-0.3390053,7.0749044,1.7963237,-14.017255,-0.8105589,1.0653468,11.173568,0.009176861,0.02598864,0.05167589,1.923077,3.0927837,0.22,0.07788881,0.12,0.08,-34.177784,oth,Ses04F_impro07,Ses04F_impro07_F036
414,33.570618,0.28998387,24.628572,26.23594,43.558907,18.930334,72.248024,19.247492,11.344395,15.243354,0.29646757,0.4736504,0.15535966,0.29077575,0.45582992,0.30047026,2.395128,1.0320157,0.8837742,0.92268795,0.06233732,0.62956315,23.006817,0.45588824,-13.099322,-0.61997145,19.948841,0.55526716,-17.46257,-0.5175483,0.020904573,1.0743704,1.209264,0.60178435,5.549265,0.45538986,7.570468,1.0708121,12.429567,0.9415748,778.8884,0.32621127,1399.8561,0.18572049,-88.78469,-1.0269142,1786.4755,0.1403807,1103.2808,0.29806298,-82.7748,-1.0148065,2724.234,0.08272501,1006.0094,0.2667718,-83.0496,-1.0089382,-8.528768,-0.3741952,14.651672,0.3390503,0.044925634,0.37631196,-0.013833052,-0.80302465,0.07406657,0.45795178,26.4366,0.40993685,-11.798293,-0.66459066,20.628695,0.6064111,-17.703226,-0.5222376,-2.6055765,10.270006,0.02111122,0.006456177,0.033515353,4.347826,3.787879,0.15799999,0.15144636,0.086,0.0643739,-37.63657,s,Ses04F_impro07,Ses04F_impro07_M040
415,37.525105,0.18012035,32.847984,39.06003,43.42556,10.577576,74.38527,32.666668,41.928467,33.358223,0.2577494,0.4980123,0.15118383,0.23109987,0.34454796,0.19336413,2.225191,0.970686,1.305463,0.6668067,0.06478608,0.69425464,24.555008,0.3609112,-10.37017,-1.0513818,15.718007,1.127033,-17.047462,-0.775551,0.022031413,0.8987184,1.3537507,0.5755717,5.5479007,0.5301962,7.4975424,1.4772034,15.561151,0.66149163,704.6345,0.38755047,1409.7103,0.21921778,-109.41008,-0.8390633,1689.1958,0.14371611,1047.0065,0.2663831,-94.950386,-0.9180932,2737.6606,0.07651058,928.6829,0.301181,-97.38236,-0.8732443,-9.365876,-0.42699662,17.876375,0.30416083,0.042822666,0.47252473,-0.010227348,-1.1474249,0.07700776,0.62209076,26.815958,0.31517753,-14.378687,-0.7264764,15.224233,1.1770179,-21.269493,-0.5206159,-8.10982,16.813158,0.026250266,-0.0042422647,0.048572723,3.6111112,3.9548023,0.13285714,0.102290116,0.10846154,0.09288919,-37.927288,s,Ses04F_impro07,Ses04F_impro07_F037
416,35.288155,0.22431836,27.851715,35.27553,44.27394,16.422226,51.58119,22.794436,78.29839,78.73313,0.24543077,0.8391877,0.07394305,0.16140702,0.3887674,0.31482434,4.9208984,3.0226827,3.910682,3.5705225,0.07985557,1.0715268,26.001682,0.2923492,-8.0239315,-1.3213717,23.481161,0.9920186,-6.5520296,-1.7597177,0.045324482,1.4213022,1.3771088,0.64108056,6.739311,0.5084217,13.972274,0.5367795,24.596409,0.30404833,759.03467,0.38949755,1249.7758,0.14387104,-113.80969,-0.7884918,1785.4198,0.12668307,869.2917,0.31681806,-109.93745,-0.77738434,2793.1123,0.092915356,910.1019,0.36156785,-110.62274,-0.7661901,-13.131951,-0.4165731,22.096794,0.3105065,0.04912958,0.7029643,-0.0073977727,-1.2397445,0.13642001,0.61074805,31.077646,0.1621326,-10.744402,-1.2350323,26.699572,1.1109421,-8.933611,-1.5431286,-8.375589,16.385517,0.011416923,0.008720993,0.025845049,2.843602,2.9126215,0.16333334,0.17931968,0.15833333,0.19777231,-34.33834,q,Ses04F_impro07,Ses04F_impro07_M041
417,36.620186,0.13869667,32.178432,34.204376,40.29334,8.114906,159.45107,170.21724,78.92494,58.289604,0.18819869,0.630218,0.07210216,0.17753816,0.26631176,0.1942096,1.2095729,0.4375584,0.93447405,0.6342683,0.04400565,0.9888033,23.397066,0.3596367,-9.717895,-1.3207592,14.130629,1.1165901,-16.940044,-0.8159627,0.029646002,1.267727,1.281277,0.46925297,5.2923126,0.48113036,2.4021957,4.1830273,14.162346,0.75164306,693.5248,0.3275706,1368.6237,0.17234506,-106.1898,-0.8908793,1695.2966,0.1338297,1134.7126,0.34608775,-102.096954,-0.88360596,2713.5596,0.078330494,1003.7939,0.34396255,-104.788605,-0.833691,-7.8640976,-0.940813,21.090027,0.27132282,0.033838555,0.66698045,-0.0052277627,-2.8940496,0.06545752,0.71097445,28.542524,0.212222,-14.71309,-0.8853371,14.681421,1.3711115,-21.587795,-0.7312951,-7.5662107,16.241991,0.013763201,0.007945462,0.02122418,2.222222,1.8867925,0.272,0.19260322,0.234,0.23234457,-40.67582,ans,Ses04F_impro07,Ses04F_impro07_F038
418,32.985794,0.09136056,30.922913,32.12471,34.609814,3.686901,44.149567,18.951107,20.721657,26.00042,0.34345764,0.8361075,0.058216665,0.25217468,0.65638024,0.59816355,4.5372624,2.0987773,4.2852216,1.9173435,0.1230925,1.3073844,27.280579,0.47922388,-3.5110605,-3.2232587,16.660576,0.87984085,-19.013351,-0.7883065,0.019436885,1.7719615,0.97854406,0.7824688,7.627131,0.42543542,7.310428,1.2755227,23.557903,0.27849174,720.24506,0.31390724,1312.8499,0.24242586,-126.70176,-0.72929305,1812.6619,0.15626998,922.77423,0.287602,-127.00783,-0.69243795,2755.4714,0.09824705,799.2194,0.32825992,-127.63147,-0.6824831,-13.864054,-0.4617947,21.377964,0.30696118,0.05714694,0.35857692,-0.019539671,-0.6849302,0.19663449,0.63379717,34.917397,0.26504758,-7.9580793,-1.6062368,22.16143,0.90311944,-20.604399,-0.8328492,-10.232259,16.741785,0.020684538,-0.0036890733,0.076638035,3.2786887,1.3333334,0.2925,0.2373157,0.348,0.17881833,-29.690212,q,Ses04F_impro07,Ses04F_impro07_M042
419,37.90908,0.2451162,29.45394,35.020508,45.844593,16.390654,57.645676,28.025679,153.93318,106.92119,0.28922868,0.95292735,0.05495458,0.16047801,0.5505836,0.495629,2.0420752,1.0325863,1.1575294,1.4852947,0.090751804,1.3314091,23.20889,0.42567468,-12.509477,-1.2907883,13.719004,1.0509158,-15.722994,-0.58785784,0.04086712,2.2351127,1.2080542,0.679813,5.870003,0.5665331,-0.18378101,-51.944687,15.402653,0.5876027,807.2783,0.2784232,1217.8723,0.12613101,-162.60501,-0.4703603,1857.0494,0.15953614,1010.62335,0.38219672,-155.52019,-0.5021551,2790.6494,0.0837598,1078.7527,0.39001223,-155.65688,-0.49062753,-8.075052,-0.9908979,18.905954,0.32304803,0.055683967,0.34374252,-0.010073237,-2.0284183,0.17027383,0.82042694,29.894098,0.43036428,-17.515757,-1.0223024,10.331215,1.4927843,-21.661373,-0.36393625,-7.0542717,16.085722,0.0171671,0.005178295,0.06594849,1.2738854,1.618123,0.14199999,0.10533755,0.3783333,0.34763083,-32.900898,ans,Ses04F_impro07,Ses04F_impro07_F039
420,27.952314,0.13313182,25.63259,26.973637,29.616941,3.984352,28.869814,19.549915,31.215265,44.00666,0.33057475,0.6804558,0.110435784,0.28900468,0.498299,0.38786322,2.9080467,1.2434877,2.5523055,1.3729858,0.08475926,1.0213466,30.004639,0.40427557,-8.290815,-1.516302,25.081003,0.56427944,-13.018245,-1.0598956,0.016729567,2.2588856,1.0387645,0.78095716,5.670977,0.47728068,0.9547074,5.918063,18.962803,0.44808397,649.5604,0.3960033,1279.9746,0.20330063,-81.24875,-1.1726288,1750.985,0.16255796,859.7373,0.3683044,-85.96508,-1.0245888,2702.4631,0.10046801,976.9355,0.31453118,-85.72835,-1.0307323,-12.464809,-0.43336865,18.51549,0.3312106,0.045759145,0.47218856,-0.019803276,-0.92701614,0.10425684,0.79772556,36.302338,0.18642029,-10.462973,-1.1721439,28.57828,0.5358431,-13.553496,-1.1661999,-7.7825103,14.541049,0.016540587,0.00045439354,0.054742035,2.728513,1.7881706,0.3346154,0.33797163,0.22083333,0.17604251,-32.82287,s,Ses04F_impro07,Ses04F_impro07_M043
421,30.025295,0.088397175,26.805496,30.924109,32.18618,5.380684,7.6775846,4.2155495,2.349007,3.829336,0.16702604,0.7375861,0.063793726,0.122898236,0.25581408,0.19202036,0.97417796,0.6193759,0.817124,0.532643,0.028532106,0.70377976,29.321053,0.3054555,-1.7830367,-5.4876704,19.037725,0.7392979,-11.616394,-0.8111852,0.013086758,0.97940433,0.993573,0.60054326,6.3180003,0.4633371,1.6509908,3.4996464,22.720606,0.40311077,632.1741,0.33652204,1348.0851,0.16769801,-98.16446,-0.978905,1749.7943,0.13868017,998.2555,0.30629376,-105.81146,-0.82320386,2736.621,0.100853935,1091.1998,0.244799,-106.11175,-0.8199198,-14.246171,-0.40818197,23.064754,0.36284372,0.034845278,0.564872,-0.017784415,-0.88066506,0.039374735,0.45253143,36.068268,0.14705892,-3.9946475,-2.7718885,20.278408,0.89809877,-14.778106,-0.70826346,-11.732816,19.565569,0.006175537,0.0024916208,0.01727232,1.3513514,2.0618558,0.24666665,0.24136189,0.21833333,0.22944982,-40.8215,o,Ses04F_impro07,Ses04F_impro07_F040
422,24.027992,0.08922025,23.115595,23.5245,24.197388,1.0817928,111.744156,139.124,64.43982,75.248566,0.17870702,0.7499353,0.060450625,0.12837458,0.31077132,0.2503207,1.9615307,1.0776364,2.321462,1.0472803,0.034467436,0.88462406,29.431067,0.32562488,-7.1393166,-1.2328702,23.722075,0.5055898,-7.7366877,-1.3409173,0.027524568,2.5445688,1.236808,0.87075603,3.8819191,0.6898406,2.1514664,1.5032082,16.084496,0.441077,551.5487,0.44202596,1332.7186,0.1274611,-120.09691,-0.7784285,1660.3402,0.15446457,1076.1803,0.38188806,-124.6716,-0.69380474,2535.621,0.1052227,1047.4485,0.27233234,-123.588005,-0.71056145,-11.611248,-0.38674968,16.804407,0.26283017,0.03245386,0.60242575,-0.021487052,-0.7329664,0.055281132,0.5531393,37.40032,0.1720329,-11.822441,-0.8534342,29.399433,0.46654627,-9.46026,-1.4870349,-10.764687,18.065472,0.0066458685,0.003707937,0.020573307,2.2140222,3.007519,0.12625,0.1252934,0.18374999,0.19039021,-39.907177,q,Ses04F_impro07,Ses04F_impro07_M044
423,40.054867,0.2887583,31.38515,36.8553,53.15384,21.768688,51.92673,25.204233,42.422962,38.489506,0.4031359,0.6383992,0.19943917,0.3390259,0.6084263,0.4089871,2.6140864,0.833443,1.7702005,1.494091,0.12563513,0.7412849,31.926914,0.23522139,-19.10767,-0.57700634,15.426469,1.1612632,-16.385592,-0.70763606,0.022592735,0.8577694,1.0321001,0.49362004,7.9561305,0.47543845,3.5750039,2.0738447,14.103564,0.6586081,699.7063,0.379684,1341.3818,0.28158763,-62.250988,-1.3432647,1712.8127,0.12653047,1077.3684,0.36964205,-59.31061,-1.2102851,2681.4963,0.10044419,976.73065,0.33753508,-60.941742,-1.1679384,-11.617971,-0.40690866,20.49615,0.30587068,0.037346356,0.7832436,-0.016973497,-0.72323996,0.12139286,0.77511823,30.603653,0.24938719,-19.031841,-0.54058933,16.344566,1.1995239,-18.440447,-0.6599341,-9.964137,19.395441,0.039454002,-0.008221619,0.14381637,2.2556393,1.9157089,0.39799997,0.26346916,0.1275,0.022776084,-31.191875,ans,Ses04F_impro07,Ses04F_impro07_F041
424,34.645363,0.24179357,31.020502,34.209663,38.636784,7.6162815,58.47605,90.448715,129.46542,63.37292,0.35858253,0.7475135,0.09352638,0.331298,0.5601584,0.466632,2.4489694,0.84430903,2.348278,1.7614572,0.10990097,0.8569637,32.737934,0.21110857,-14.228769,-0.8731305,19.508833,0.6894831,-13.305309,-0.69742596,0.019353483,0.7428474,1.0627376,0.55449414,6.473207,0.5972768,6.3575377,1.4365212,16.529959,0.49485788,666.6801,0.41808012,1266.8794,0.15173647,-115.08623,-0.810023,1714.9467,0.14821923,976.14075,0.34422407,-114.220024,-0.7694939,2684.6252,0.098610535,1017.1299,0.3309318,-114.662056,-0.7651582,-11.017067,-0.38782007,18.686052,0.34786037,0.055292413,0.30758733,-0.015298585,-0.990436,0.14861521,0.653076,33.674942,0.18200034,-17.262259,-0.6055655,23.03951,0.7278557,-15.872669,-0.6443157,-11.321469,19.2441,0.024548195,-0.007955948,0.07954183,1.916933,2.5974026,0.17125,0.16058001,0.22,0.17246117,-31.972956,o,Ses04F_impro07,Ses04F_impro07_M045
425,29.779049,0.23783879,24.627243,26.610113,36.846558,12.219315,18.703903,0.0,59.89817,47.82013,0.17672652,0.6123656,0.05314811,0.1879636,0.2733752,0.2202271,1.7632204,1.0720819,2.5146651,1.3551159,0.041385096,0.84049976,25.80016,0.41345108,-5.694503,-2.8269217,17.004627,1.3061116,-7.500584,-1.1362666,0.026923915,1.0941902,1.5171831,0.69652927,5.553817,0.39228925,-1.6408807,-6.4553285,18.592016,0.3272436,446.6055,0.36667702,1251.1036,0.13082924,-137.47037,-0.6733215,1552.5764,0.10740661,847.96783,0.3905768,-133.23178,-0.6588706,2484.0166,0.09516624,991.89374,0.23004076,-132.61462,-0.66644967,-11.677552,-0.36264482,19.526903,0.29408538,0.021006415,0.70343345,-0.006084612,-1.7711903,0.06577164,0.5318296,28.036333,0.30943793,-7.137618,-2.1376793,27.828651,1.0929832,-7.571277,-1.5484272,-9.592259,18.942877,0.011265416,0.0011012604,0.028534684,3.3783784,2.1126761,0.16,0.021602469,0.29333332,0.16357124,-40.27905,ag,Ses04F_impro07,Ses04F_impro07_F042
426,28.711868,0.32567474,19.82536,25.159218,41.226402,21.401043,75.71963,57.015724,43.461018,51.41235,0.21596351,0.4229295,0.13606232,0.21886005,0.29251352,0.1564512,1.8815781,1.0848826,1.9699974,1.1537352,0.049814317,0.61626166,28.77881,0.39267603,-9.622656,-1.5628703,19.472294,0.9764895,-7.399038,-1.6010653,0.02022502,1.0696608,1.2218766,0.74253243,5.2232604,0.5790521,4.3165183,2.21195,18.664259,0.3619898,560.805,0.4248031,1338.7249,0.15758051,-95.617546,-0.9843213,1621.1935,0.12233822,975.46045,0.3865717,-95.88894,-0.9180481,2560.4978,0.089889735,1054.8135,0.37219536,-96.6887,-0.90318334,-11.517371,-0.3829893,18.876953,0.2874177,0.03034142,0.737416,-0.006331623,-1.7111464,0.05515211,0.5483543,30.723043,0.31225282,-9.83691,-1.3657471,26.410337,0.783648,-6.748704,-1.9678904,-9.067514,17.950642,0.017057383,-0.00459683,0.042363096,4.255319,3.49345,0.14999999,0.10630146,0.11625,0.11123595,-39.816437,o,Ses04F_impro07,Ses04F_impro07_M046
427,39.885414,0.1725727,32.88884,42.632034,44.934635,12.045795,64.81593,61.99672,31.810947,22.939152,0.20921318,0.5409493,0.10817915,0.19178994,0.28470945,0.1765303,1.8723543,1.2331852,0.5523996,0.67837614,0.048561506,0.81009084,27.379791,0.24797668,-16.859365,-0.69020575,16.948677,0.5414284,-14.795843,-0.78231114,0.014269018,0.8292871,1.1361649,0.68500304,7.7955823,0.5138267,5.5167027,1.6315465,11.887683,0.7678711,756.6372,0.3830165,1260.2598,0.18601897,-116.17491,-0.767604,1718.8759,0.13623224,1088.7827,0.32269454,-106.4183,-0.83367157,2711.7302,0.08583377,1012.5227,0.3117849,-109.0458,-0.79151237,-8.41616,-0.48537102,16.8318,0.3347581,0.03888101,0.49233156,0.0009400573,13.6357765,0.053518932,0.61223245,27.201614,0.20309831,-20.33924,-0.5053763,18.216637,0.6367754,-17.280348,-0.67920923,-9.176834,18.258888,0.014232212,-0.0017301413,0.04552899,2.0833335,2.9787235,0.16,0.20955735,0.15571427,0.10139838,-40.90964,o,Ses04F_impro07,Ses04F_impro07_F043
428,25.045774,0.1528637,22.68424,24.449615,25.707024,3.0227833,55.827927,34.61737,15.770999,8.849048,0.23680483,0.78773856,0.067481644,0.2049441,0.38189238,0.31441075,2.0894125,1.4057796,2.057202,1.0119703,0.042880014,0.9331429,30.608297,0.34730127,-6.561145,-1.8527219,26.491371,0.57310545,-7.322876,-1.5597042,0.013186788,1.3097891,1.0501653,0.94191396,5.565121,0.32998925,3.6051593,1.9623326,21.288433,0.41155544,570.97705,0.41117555,1251.536,0.21099034,-93.881004,-1.0397416,1636.8069,0.1529365,882.8145,0.29297736,-96.913246,-0.9428821,2605.9595,0.1044197,865.901,0.28112283,-97.8098,-0.9257002,-13.431236,-0.42677486,20.660242,0.3218209,0.031302996,0.6348914,-0.019328097,-0.83950424,0.057838652,0.6437579,36.58571,0.17846309,-8.518882,-1.5932214,32.506588,0.5235913,-8.258638,-1.7019062,-9.978593,18.406748,0.0053745103,0.0040598083,0.02531099,2.2108846,1.5437393,0.34777778,0.2264596,0.251,0.2925218,-35.959927,s,Ses04F_impro07,Ses04F_impro07_M047
429,26.48545,0.33864692,20.133963,20.643042,37.061607,16.927645,138.50885,46.77546,-180.3081,227.95169,0.23402293,0.70791864,0.10801503,0.16374066,0.37213838,0.26412335,3.3805745,0.4904224,1.0516137,0.5375828,0.06314068,1.1010135,24.185778,0.5109949,-11.651394,-1.1201413,24.365755,0.7674779,-6.942049,-1.6201628,0.09617894,1.3241749,1.426693,0.5260665,0.37678206,8.438051,6.037739,1.2416232,18.8279,0.266386,593.2979,0.40532634,1296.0906,0.1002523,-148.99426,-0.5702482,1587.6951,0.11378453,1001.7132,0.24288557,-142.54625,-0.6054119,2617.5176,0.09014377,933.9329,0.16914582,-144.80896,-0.5725787,-7.4039216,-0.41665968,17.577374,0.20484291,0.04205221,0.5632987,-0.0064395224,-1.527757,0.10490836,0.87355715,34.45976,0.20691702,-21.369066,-0.5924198,16.768631,1.552589,-8.560647,-2.1060908,-6.56894,13.754885,0.014229692,0.0067678574,0.045144703,2.0833335,2.1582735,0.12666667,0.089938246,0.31333333,0.22171052,-38.118526,s,Ses04F_impro07,Ses04F_impro07_F044
430,24.137335,0.27742335,20.66116,22.123009,24.210865,3.5497055,1112.8865,1431.3995,49.567493,55.07019,0.20414633,0.743132,0.05786185,0.16152413,0.3151688,0.25730693,2.186691,1.0208268,1.5888605,1.1496867,0.045951508,1.0980846,27.189283,0.44768322,-9.230832,-1.3871444,25.470705,0.6939405,-6.853812,-1.507369,0.03018527,2.1238859,1.1272382,0.5867573,2.9513772,0.88474023,4.923724,1.0387495,17.80626,0.35981154,493.26184,0.3737736,1376.3325,0.19498478,-123.336136,-0.7808468,1572.7952,0.08520008,823.3749,0.3219903,-124.59572,-0.7316839,2568.9153,0.06990734,1014.41516,0.2566606,-124.914116,-0.7245149,-9.535923,-0.39789587,17.65641,0.3031392,0.036660325,0.61033005,-0.009679815,-1.0727315,0.06952615,0.8732088,34.032578,0.28420368,-14.386311,-0.94727653,33.220013,0.661607,-3.7028978,-3.0867589,-8.810411,16.462732,0.01387663,0.0029708631,0.030674098,2.3346305,1.9646367,0.192,0.13310146,0.2690909,0.21120667,-39.2739,s,Ses04F_impro07,Ses04F_impro07_M048
431,38.936424,0.19240646,32.58255,38.91505,46.239487,13.656937,82.02965,86.128456,104.559715,82.77795,0.19365475,0.6666084,0.08597846,0.15683511,0.2911828,0.20520432,1.6896468,1.0992241,1.2054507,0.70842505,0.043687224,0.94985634,26.801447,0.26678953,-12.40093,-1.0736103,15.078976,0.91473925,-18.321117,-0.6950306,0.016862035,1.0021302,1.1917593,0.55687326,7.2899632,0.49672627,6.3251348,1.538699,15.538285,0.60969824,622.8345,0.3274576,1334.8158,0.18948418,-105.7003,-0.87937635,1691.4485,0.108742535,1013.821,0.23614244,-98.132576,-0.8739511,2674.5012,0.08148798,1044.6799,0.35651666,-99.674065,-0.8460175,-11.489105,-0.49199918,19.476992,0.3966866,0.03184423,0.68619007,-0.009001804,-1.5633028,0.047544274,0.6760623,28.95764,0.2230677,-14.05734,-0.9603139,15.603837,0.9601697,-20.512602,-0.63372254,-9.428538,18.44039,0.017885692,-0.002134375,0.039470263,1.9642857,3.4234235,0.15421052,0.11531722,0.13058823,0.13704747,-40.92227,s,Ses04F_impro07,Ses04F_impro07_F045
432,30.648615,0.1864426,26.130974,29.147985,35.575436,9.444462,396.6455,637.48627,67.27043,66.83235,0.29197428,1.062324,0.07777983,0.15431364,0.4217224,0.34394258,3.526893,1.8889508,3.314366,1.6083828,0.09576815,1.6288757,22.722822,0.43126613,-8.8959875,-1.3485621,23.40217,0.54944056,-7.4718323,-1.4077804,0.02911083,1.8937973,1.3839822,0.84519875,4.550695,0.6538039,2.3414044,6.485449,15.769867,0.85989773,631.68353,0.4210885,1272.4464,0.16338116,-142.18822,-0.60800815,1684.8903,0.14342752,943.6678,0.38393572,-140.20293,-0.6027312,2640.016,0.10688472,947.7244,0.18937615,-140.8301,-0.59378266,-9.203781,-0.40355754,17.541767,0.35871074,0.050184302,0.52284384,-0.013261482,-0.9454039,0.20847067,0.9611194,30.715929,0.275467,-13.626882,-1.0811635,24.234175,0.8305503,-10.901858,-0.97877467,-8.22482,16.401897,0.0035494985,0.0046704547,0.04250016,2.1505375,1.7391305,0.17375,0.13783482,0.301,0.25680536,-30.499512,o,Ses04F_impro07,Ses04F_impro07_M049
433,43.572605,0.12589711,37.996925,45.224464,46.436802,8.439877,30.780697,17.821745,27.644545,0.0,0.21348178,0.5931596,0.11368688,0.18398385,0.29223335,0.17854646,1.6719323,0.7841693,1.5648485,1.521714,0.05235343,0.917068,18.189463,0.36089304,-9.439966,-1.19608,29.02819,0.45224693,-22.048128,-0.72394246,0.0289171,1.2444764,1.407663,0.40551403,5.065769,0.6885946,6.04842,1.3822131,5.0441647,2.8874097,777.05176,0.3327207,1310.0332,0.28230938,-149.54556,-0.5302969,1778.6754,0.10512318,863.03577,0.2818487,-129.22978,-0.65988785,2788.353,0.089386486,967.98645,0.2682211,-128.52776,-0.67094445,-4.757362,-1.0561134,12.652253,0.6767053,0.048788946,0.3829093,-0.0028338998,-7.696557,0.08773577,0.6032263,19.806034,0.32899153,-17.134726,-0.77164376,30.303055,0.5534707,-32.64097,-0.49342835,-6.6759987,12.772142,0.01972192,0.0031604737,0.03015533,3.3175356,1.9417477,0.195,0.22422086,0.23799999,0.19863534,-40.878117,s,Ses04F_impro07,Ses04F_impro07_F046
434,26.35486,0.17200711,23.314787,25.37703,27.916777,4.6019897,205.36626,192.30179,14.995448,11.270867,0.2551109,0.8039972,0.071981624,0.1911543,0.4346404,0.3626588,2.4992075,1.376355,1.9945438,1.7427548,0.053425737,1.0768601,24.461386,0.6585943,-4.33865,-3.406068,19.850834,0.55225444,-11.929348,-1.0420154,0.01408823,1.4967577,0.8759931,0.77206665,5.6805754,0.38972083,0.12856409,43.46848,21.548187,0.44891205,710.8338,0.35058945,1230.0245,0.19917057,-118.07725,-0.8216195,1773.875,0.17685334,983.1112,0.31000644,-117.69501,-0.78475136,2768.0325,0.09814839,846.8759,0.27384758,-119.24774,-0.7595512,-13.5874195,-0.62646395,21.241982,0.38754502,0.041666593,0.64072627,-0.016751956,-1.4217546,0.08551521,0.6861675,36.055187,0.30374852,-7.1327457,-2.5063584,21.789907,0.63862646,-16.127787,-1.0179803,-5.9545293,12.996721,0.00553751,0.0075208982,0.028311508,1.8624642,1.1544012,0.37125,0.26872092,0.475,0.40524685,-34.910458,s,Ses04F_impro07,Ses04F_impro07_M050
435,28.793747,0.15656999,25.478424,28.366343,32.3889,6.9104767,122.8577,89.69575,22.473814,33.992092,0.30153853,0.49326244,0.18770574,0.2880913,0.41434407,0.22663833,3.8098755,2.1986256,0.63174206,1.4788804,0.06850906,0.7390401,30.660969,0.23899785,-12.001832,-1.2266076,28.19328,0.5735833,-12.018145,-1.4312177,0.014896222,1.0442791,0.9749365,0.71929675,4.933744,0.60753375,1.8481201,2.6843507,13.998915,0.56363016,665.2111,0.39356387,1159.7605,0.21444437,-71.23379,-1.2382652,1727.5692,0.16987634,923.645,0.31256977,-73.28291,-1.1403058,2717.4202,0.06747431,788.5512,0.23106545,-74.61453,-1.1090733,-9.444853,-0.70100605,15.079125,0.41638324,0.028552504,0.72840047,-0.011640624,-1.7611206,0.07238064,0.6807849,31.199406,0.24278882,-11.915316,-1.1206073,31.121334,0.5675229,-14.874633,-1.2722894,-10.76849,18.28737,0.008816434,-0.00285845,0.054691356,2.777778,3.6231885,0.176,0.1459589,0.1025,0.0481534,-36.44845,ag,Ses04F_impro07,Ses04F_impro07_F047
436,26.285658,0.1726135,22.27413,26.077972,27.868925,5.594795,81.35478,98.247345,24.571117,29.50541,0.29492882,0.4878612,0.17451018,0.27193272,0.39726633,0.22275615,3.535477,2.649216,1.7227647,1.7963799,0.058083165,0.8762588,34.61724,0.35906145,-8.983529,-1.6538175,19.541834,0.9605322,-11.467987,-1.4752477,0.010784801,1.0998855,0.73203844,0.94785154,5.6636553,0.473088,3.4706016,1.7366797,21.031963,0.36133012,746.7957,0.31489068,1366.948,0.259858,-45.29517,-1.7544453,1776.8844,0.15502699,1024.3619,0.25040302,-49.593433,-1.4982278,2780.802,0.09097622,898.8758,0.29731578,-53.087673,-1.3629854,-11.728126,-0.5048474,21.71572,0.35782734,0.038444962,0.4840571,-0.013152283,-1.3446033,0.060429692,0.8843093,38.191563,0.21335717,-10.234031,-1.1923901,19.7013,1.0608485,-12.06041,-1.4827608,-5.7826552,13.608358,0.0151622435,0.0032951902,0.05019044,2.4390244,2.1806853,0.3528571,0.3858095,0.10166667,0.06465721,-36.162872,q,Ses04F_impro07,Ses04F_impro07_M051
437,32.442924,0.20419797,23.971077,34.58732,38.529278,14.558201,277.3924,459.02078,23.5046,3.3005211,0.2666088,0.5128166,0.15221006,0.25826555,0.3592688,0.20705876,2.1997428,0.91559315,1.3712338,0.7711538,0.059377454,0.69687533,33.81069,0.23680015,-19.265432,-0.5945433,7.76316,1.6260189,-15.659993,-0.85686356,0.014214042,1.2824445,1.1026019,0.5512009,5.1632037,0.6399844,0.7429784,11.088821,17.060404,0.58446544,624.852,0.3571489,1413.7665,0.22279802,-75.54846,-1.2403995,1624.3568,0.16707832,1105.1124,0.17664653,-68.10649,-1.2823002,2645.9749,0.10771345,985.03424,0.25677904,-74.28084,-1.1198679,-8.560666,-0.55887043,20.943493,0.2952404,0.037737634,0.5309167,-0.007627044,-1.6296885,0.0688696,0.58018744,35.974876,0.20472318,-22.282911,-0.47435772,4.7498097,2.7755613,-18.277721,-0.7773218,-7.778079,16.755133,0.019822089,-0.00018071185,0.036150716,2.9268293,2.469136,0.265,0.11342397,0.12,0.10639548,-37.271297,ans,Ses04F_impro07,Ses04F_impro07_F048
438,26.563879,0.10996593,24.35933,25.523094,29.751713,5.3923836,48.224453,30.14505,34.468678,29.561548,0.18541707,0.9024046,0.07438357,0.12658633,0.26844412,0.19406055,2.7408013,2.074912,1.6573539,1.1877874,0.04442099,1.3838824,21.65574,0.6048201,-3.065132,-4.1738124,22.80605,0.6858342,-8.637865,-1.0534949,0.022879232,0.78429925,1.3453842,0.56152,4.560164,0.44345474,0.23080976,16.750845,19.188877,0.2402666,709.0974,0.394099,1187.6945,0.17208733,-163.18585,-0.45349,1769.8269,0.1765345,827.06506,0.35309893,-164.96014,-0.42178854,2738.944,0.09499614,797.1083,0.18448251,-164.68727,-0.42538464,-11.399331,-0.36710283,19.105038,0.19281481,0.038713615,0.55923516,-0.01678249,-1.0127043,0.09529213,0.7438314,34.636486,0.2471881,-6.950964,-1.4555777,30.576057,0.79263717,-15.580125,-0.8545375,-7.684447,14.688378,0.0060780104,0.004049113,0.03285985,2.266289,1.7241379,0.103333324,0.04818944,0.39,0.23034136,-37.97892,o,Ses04F_impro07,Ses04F_impro07_M052
439,38.99051,0.16733591,32.62044,35.4289,46.731674,14.111233,49.44308,35.894783,114.16826,171.09254,0.21584891,0.49076054,0.11111169,0.20596258,0.30188257,0.19077086,1.7908033,0.7159162,1.1148272,0.483794,0.04815823,0.7496494,23.792738,0.2856196,-12.304244,-1.1512742,7.212578,2.2303693,-19.749502,-0.68930256,0.016282747,0.8595134,1.184272,0.4598061,6.9886203,0.5256777,2.350772,4.564632,16.174437,0.5866195,697.4598,0.3585243,1338.0248,0.19522065,-80.02817,-1.1254025,1664.3563,0.14059025,1103.0328,0.2141787,-74.62493,-1.1164871,2703.072,0.07934187,988.49713,0.365788,-78.85122,-1.0187364,-8.655146,-0.68714476,20.312647,0.3418942,0.03319525,0.6873464,0.0012901081,10.134852,0.056188237,0.6216474,25.104849,0.22712463,-15.330771,-0.88546145,5.8439603,3.022725,-22.332327,-0.59315145,-8.116585,18.55267,0.015550726,0.005250117,0.033010427,3.1509123,2.8428094,0.22705883,0.16387816,0.09833333,0.08552129,-40.828613,s,Ses04F_impro07,Ses04F_impro07_F049
440,35.917534,0.21148111,32.45208,33.568916,42.965225,10.513145,27.419138,11.630945,59.721348,0.0,0.1394742,0.8504686,0.06457649,0.09688001,0.17570758,0.11113109,1.0736338,0.7757923,0.67512876,0.32265154,0.030783737,1.1174586,27.391163,0.2370059,-7.1979866,-1.8070099,14.870174,0.6573032,-13.642109,-0.99138796,0.023607446,0.7114057,1.326812,0.43285725,5.9476347,0.57399243,4.3351197,1.2214297,16.33066,0.6043959,635.00037,0.39467764,1356.8591,0.14386885,-149.82611,-0.5308561,1648.9976,0.14040184,1106.7006,0.30431524,-140.99974,-0.5605017,2677.373,0.100989684,1000.1704,0.2757195,-141.71568,-0.54430926,-12.0680275,-0.52157265,21.396568,0.31775877,0.026264274,1.0091776,-0.007330352,-2.2009163,0.037222553,0.8285387,30.476618,0.19419172,-8.655822,-1.3353701,16.983213,0.81326467,-15.516919,-0.81742126,-11.015184,19.730404,0.010960343,-0.0006182165,0.02857577,2.0491803,3.7656906,0.078888886,0.078661636,0.16444445,0.14712891,-43.420017,s,Ses04F_impro07,Ses04F_impro07_F050
441,28.69578,0.08142458,26.178162,29.693382,30.867521,4.6893597,44.981197,0.0,-34.15761,0.0,0.14327812,0.98197395,0.04980008,0.06662707,0.23135768,0.1815576,1.3584495,1.4532914,1.5342039,0.37819624,0.03596927,1.3294948,19.079573,0.7758436,-0.05615965,-106.88641,26.5701,0.69594246,-8.405001,-0.7039198,0.06118753,0.7078349,2.0856776,0.62307286,5.8617573,0.31649235,9.937954,1.2284052,23.995255,0.21960093,864.81647,0.43459174,1269.6326,0.305416,-173.87602,-0.37072694,1882.0538,0.12150201,1221.1875,0.4645988,-172.72284,-0.36960322,2807.5046,0.08302842,976.52057,0.15108761,-171.79839,-0.38360274,-13.865874,-0.32083887,20.415768,0.26452437,0.047941774,0.44992143,0.00150381,5.8967357,0.111237414,0.4156853,29.859028,0.21678944,-2.0309665,-4.4148345,45.59332,0.37704593,-3.1251273,-1.3346978,-7.3320975,14.580193,0.0019738341,0.010675089,0.023638207,1.5151516,0.78740156,0.19,0.0,0.525,0.095,-37.809494,o,Ses04F_impro07,Ses04F_impro07_M053
442,39.04917,0.09005143,36.777355,39.76494,40.831387,4.0540314,31.131435,2.3619268,28.813126,21.661242,0.17822722,0.68091786,0.058288462,0.15363437,0.29529154,0.23700309,1.861055,1.3118441,1.4170896,0.89298207,0.038586527,0.89309746,25.028748,0.2998535,-13.470676,-0.94119006,9.663622,1.4212123,-16.151634,-0.8495252,0.017168753,1.5965883,1.2452098,0.3516678,5.8151317,0.47857916,4.8313794,2.4019086,17.354057,0.6532128,694.8407,0.35630572,1353.5,0.12539071,-141.07698,-0.62920606,1673.987,0.14107917,1178.1833,0.34018254,-124.311035,-0.7339482,2657.331,0.09807352,1078.6156,0.29955816,-126.74032,-0.69670707,-6.4363103,-0.6570324,17.446804,0.44507796,0.03177789,0.532603,-0.005262022,-2.1864266,0.06277964,0.5037949,28.483423,0.26278797,-22.110031,-0.44517747,8.373435,2.0823693,-25.85899,-0.55788094,-8.002688,18.538435,0.005617949,0.008771847,0.023061993,3.0303032,1.396648,0.278,0.28209215,0.34666666,0.22617593,-43.02707,o,Ses04F_impro07,Ses04F_impro07_F051
443,33.091164,0.15874377,29.73819,31.127693,39.81969,10.081501,100.29404,88.04614,1145.5043,802.5934,0.35775286,0.833758,0.083648264,0.23866645,0.6997614,0.6161131,3.570468,2.7355995,3.1210334,1.7060211,0.099740475,0.9328779,29.370594,0.35256287,-10.275779,-1.1598729,14.35957,1.1035634,-10.144084,-1.1859381,0.024791509,1.7298597,1.2501394,0.60136855,6.910974,0.4276786,0.23136473,30.11071,15.930054,0.43400684,768.14453,0.30771253,1281.7446,0.1615738,-89.08917,-1.0540893,1803.5209,0.14557959,986.40186,0.33410242,-91.01268,-0.95864457,2813.05,0.09478185,1021.4506,0.3721113,-93.42695,-0.9128613,-10.467477,-0.67160267,21.522644,0.32598513,0.04400622,0.6470752,-0.01566581,-1.2582172,0.14737709,0.59880614,34.996136,0.25928798,-13.726915,-0.8892052,14.351239,1.3764973,-12.851411,-0.9933711,-8.477648,18.70839,0.009403833,0.005843863,0.03200103,2.542373,2.6086957,0.21833333,0.114224434,0.145,0.12365948,-30.755657,s,Ses04F_impro07,Ses04F_impro07_M054
444,38.658424,0.12457218,32.61002,40.0537,43.698112,11.088093,35.278103,14.513408,116.29686,48.217773,0.2478756,0.64118344,0.10746715,0.20690879,0.3772748,0.26980767,1.9717914,1.0502545,1.2326094,0.84389335,0.062555544,0.7972457,26.747347,0.3760438,-12.8518505,-1.1650565,9.7036495,1.9066031,-15.364244,-0.87687266,0.021302162,1.1944178,1.1620522,0.5483057,6.676687,0.51508373,2.058933,5.2787976,13.362215,0.96389085,816.14014,0.29636946,1305.0544,0.16897772,-91.155136,-1.0083551,1794.2446,0.1400147,1103.3989,0.23386417,-80.67475,-1.0678171,2834.5574,0.09749623,1038.9246,0.2985451,-84.211624,-0.99391377,-9.471513,-0.6109534,21.273975,0.38915074,0.028155008,0.7621184,-0.0037388862,-3.4327812,0.07285754,0.54265225,28.31457,0.3272037,-16.792187,-0.87713987,8.705753,2.0795288,-17.137848,-0.81368214,-7.969554,19.478308,0.013247041,0.004106104,0.046561543,2.6717558,2.7237356,0.22571428,0.18995164,0.12142857,0.07642523,-36.855553,ag,Ses04F_impro07,Ses04F_impro07_F052
445,26.411026,0.16703977,22.523003,25.63714,29.167809,6.644806,84.87939,131.19182,86.10669,82.18724,0.22451033,0.96701056,0.0530578,0.13006854,0.3891386,0.33608082,3.7107449,2.3814955,2.935586,2.0975113,0.0551251,1.2177571,27.04287,0.483037,-7.370859,-1.7420967,19.848057,0.6085024,-9.253516,-1.1216819,0.030493163,1.9343339,1.3652586,0.76398146,4.12576,0.687379,1.3061544,3.7846391,16.193163,0.53111386,678.0085,0.39696333,1315.911,0.2018282,-137.92719,-0.6549238,1700.1113,0.18992625,1006.2074,0.34669083,-136.98611,-0.6471745,2719.766,0.08879487,816.1032,0.32061338,-138.80058,-0.61986196,-8.401204,-0.58544225,18.985405,0.29289582,0.04465141,0.35521418,-0.00021666335,-64.91658,0.1095535,0.72657055,36.56746,0.2529742,-15.423528,-0.8761653,19.721601,0.7387456,-9.19017,-1.4535766,-9.061047,17.002779,0.0055337963,0.0068596303,0.029043062,2.2315202,1.5449438,0.20363635,0.19896427,0.42363635,0.5386055,-35.71437,s,Ses04F_impro07,Ses04F_impro07_M055
446,29.786217,0.15171,24.710932,30.449888,33.76244,9.051508,237.77263,235.13512,44.660957,34.454315,0.41781405,0.6643502,0.18699706,0.35225415,0.65763164,0.47063458,4.3407717,3.0816894,4.3773165,2.6461637,0.11063746,0.8559225,29.86113,0.3249131,-15.483915,-0.86440986,25.3889,0.5671231,-10.663009,-1.0039576,0.01871719,1.6812353,1.0385507,0.64649624,5.159716,0.56473863,3.3563619,3.2267613,16.303978,0.64301735,708.82263,0.45858583,1238.4413,0.20582627,-89.370285,-1.0413703,1722.6431,0.17965989,1036.2161,0.33765242,-84.248436,-1.047725,2682.9014,0.10194755,906.3016,0.26599413,-85.75069,-1.0156935,-6.9046273,-0.5917791,15.847444,0.49509138,0.04700026,0.45658684,-0.0010031785,-11.4060545,0.13257152,0.689436,33.494514,0.26105228,-19.783642,-0.60224134,26.1623,0.64103293,-10.250841,-1.1239523,-8.458054,15.9134245,0.020554824,0.004552027,0.07849166,3.125,3.1791906,0.18181817,0.11660486,0.122999996,0.0940266,-30.658762,ag,Ses04F_impro07,Ses04F_impro07_F053
447,28.326712,0.16667216,24.147781,28.148092,32.96555,8.817768,178.32056,240.49968,16.357271,14.955153,0.4955807,0.5233366,0.27837378,0.41001332,0.7324647,0.4540909,4.863509,2.7285635,4.5476604,2.447816,0.1338548,0.68394345,31.185055,0.34462705,-16.249756,-0.79239106,28.048023,0.49082384,-11.013464,-1.0490288,0.016973177,1.4967325,0.9337653,0.71753055,5.368548,0.56286633,6.434853,1.4438596,18.433409,0.4254684,720.8869,0.4565692,1219.4536,0.19525523,-80.983536,-1.1394197,1736.9595,0.19588698,1043.9948,0.32956344,-77.95341,-1.1128323,2709.155,0.10531385,871.5633,0.3348476,-80.19027,-1.0614364,-7.8244467,-0.6039122,17.086674,0.39930993,0.051470466,0.38124773,-0.0013903311,-9.945952,0.15179239,0.57424295,35.76207,0.24823213,-19.065975,-0.6214483,25.22675,0.5073963,-8.893543,-1.2940389,-6.333212,13.191905,0.033923235,-0.00045339135,0.10853656,3.4843206,3.1914895,0.1911111,0.21063103,0.113749996,0.047942024,-29.652197,s,Ses04F_impro07,Ses04F_impro07_M056
448,34.565186,0.044406533,32.86848,34.61653,35.351624,2.4831429,117.179924,77.59778,23.818466,17.44917,0.2017452,0.63749814,0.072288476,0.18029998,0.3189945,0.24670601,4.3810067,2.6965184,2.905627,2.5580785,0.039901905,0.78693944,24.823263,0.31805107,-14.196878,-0.74786675,31.618408,0.6271599,-20.457754,-0.48680693,0.021208888,1.3237188,1.1756573,0.29254073,5.3378854,0.5408325,-3.973429,-2.190107,9.2774105,0.8867589,624.35803,0.40612236,1364.5818,0.14368662,-141.31853,-0.63197714,1650.2686,0.08707646,1096.1663,0.5087794,-136.32503,-0.6534661,2559.1694,0.07943295,1199.8239,0.25236133,-135.15671,-0.6715108,-7.273923,-0.53148717,14.498297,0.59946907,0.026055241,0.37691453,-0.009549688,-0.7841495,0.048166122,0.26378018,28.84938,0.26258227,-19.583368,-0.60329646,23.820787,0.96957386,-28.619223,-0.32206714,-7.272872,13.071159,0.016307196,-0.00072991545,0.034790356,1.7094017,0.89285713,0.37,0.0,0.35999998,0.01,-41.564285,ag,Ses04F_impro07,Ses04F_impro07_F054
449,26.008186,0.19669095,22.055552,24.200043,34.77014,12.71459,1415.041,0.0,1.2157882,3.6507185,0.24929447,0.59624296,0.10329184,0.21618348,0.41321474,0.3099229,3.7918537,2.0875072,2.2292342,2.2683916,0.046168875,0.85947007,32.535343,0.37409413,-13.232269,-0.6867423,19.64898,0.63777864,-9.88235,-1.100477,0.005330511,0.5708106,0.7479585,0.70602316,5.5935225,0.24666934,1.9654336,1.4186099,22.35303,0.23874137,722.66016,0.3691547,1328.7479,0.13785957,-82.69132,-1.1541212,1693.1116,0.17087401,1102.8602,0.29750118,-84.2147,-1.1016219,2735.0422,0.07593641,886.61786,0.21279512,-89.96908,-0.97850484,-9.296513,-0.41319016,20.488152,0.2268691,0.037073974,0.3590856,0.002149609,5.473953,0.05573398,0.65291893,38.693996,0.21522516,-14.47998,-0.5947813,16.874681,0.6685222,-7.174256,-1.6759671,-7.9018474,13.509686,0.0122236395,0.0063386695,0.034524553,2.6143792,2.0408165,0.28333333,0.16110729,0.18666665,0.14007935,-36.90461,b,Ses04F_impro07,Ses04F_impro07_M057
450,29.64784,0.16570969,23.15771,30.99007,34.464916,11.307207,410.4479,545.58704,14.248013,10.66646,0.2633572,0.8823283,0.07996881,0.18164772,0.4135497,0.33358088,2.4345884,0.9687669,1.9949135,2.4599736,0.059275426,1.4449435,31.436356,0.29239574,-9.2685795,-1.5485106,20.261305,0.62513644,-9.326165,-1.376857,0.014252291,1.3624867,0.9794093,0.59653574,5.337067,0.36728132,2.7881172,1.7505443,21.11837,0.35853398,707.6814,0.35309008,1340.6414,0.17571487,-71.85553,-1.2583523,1733.6113,0.15354963,1053.8262,0.23393615,-74.75205,-1.1452556,2739.7083,0.08244801,1040.649,0.54167074,-78.027336,-1.0673375,-10.09251,-0.5368427,19.246473,0.30067208,0.0342162,0.48116907,-0.0014206902,-8.505862,0.07507519,1.3095312,35.09287,0.21772543,-12.726715,-1.0281423,20.26703,0.73032403,-9.585903,-1.5569665,-11.644399,18.621569,0.006462692,0.0045644566,0.022499805,1.9157089,2.745098,0.23285715,0.15059066,0.13166666,0.13158225,-34.948387,o,Ses04F_impro07,Ses04F_impro07_F055
451,25.190134,0.16800904,21.34866,24.551922,28.505604,7.1569443,159.43718,176.3367,99.99061,145.42429,0.24509571,0.8912568,0.07518785,0.15902448,0.3929615,0.31777364,2.8816671,1.7507786,2.901111,2.1068172,0.059505004,1.2545531,29.291353,0.4104054,-7.4823875,-2.1788468,27.279661,0.50667506,-3.0828125,-2.9021888,0.018509833,1.0253148,0.9662312,0.65147334,4.2694445,0.45147875,4.2247777,1.1342626,19.95779,0.447349,633.1305,0.43629798,1284.5574,0.16868597,-113.86947,-0.83260006,1716.0192,0.14583239,955.5723,0.3316209,-115.7049,-0.76981956,2655.8599,0.10419243,1001.9243,0.35398367,-115.65226,-0.77195454,-10.691181,-0.67950046,17.480019,0.38747105,0.034867287,0.6377661,-0.0022958277,-5.0198126,0.087391846,1.0997082,34.341938,0.22605413,-11.672454,-1.5151802,33.049732,0.44028562,-1.354965,-6.1931252,-8.912979,16.303389,0.0149641875,0.0045991554,0.037935015,2.7093596,2.7431424,0.15545455,0.13006037,0.1725,0.18579221,-36.056896,s,Ses04F_impro07,Ses04F_impro07_M058
452,29.227715,0.1252182,24.928837,31.591766,32.680233,7.751396,17.428392,16.388582,32.222713,24.690544,0.23931798,0.75592124,0.07277939,0.16827804,0.46169597,0.38891658,1.5784757,0.98142993,0.5189616,0.6400683,0.04346922,0.793349,35.97731,0.2663268,-8.965177,-1.052856,12.133054,1.1478398,-6.763567,-1.4427121,0.007822339,1.1501883,0.93517214,0.9411936,6.973874,0.2309797,-0.47842476,-8.783737,17.130426,0.41465777,645.3409,0.41589078,1307.2422,0.09232293,-88.53294,-1.0680425,1649.8463,0.17439726,1130.4738,0.27376726,-89.97482,-0.99916315,2681.603,0.10897731,1001.0885,0.30641544,-94.815414,-0.9047698,-11.361835,-0.44197336,23.664652,0.26637673,0.033029355,0.89403987,-0.008777814,-2.084002,0.049351864,0.5505121,39.26494,0.23410775,-9.761474,-0.8237268,10.534242,1.6315161,-9.899706,-1.0327061,-10.455258,20.803524,0.013705055,0.007917578,0.033017423,2.5906737,2.1390374,0.265,0.1718284,0.24,0.18672617,-34.63273,s,Ses04F_impro07,Ses04F_impro07_F056
453,29.747248,0.17532556,25.01381,27.023447,35.695805,10.681995,13.664601,5.649283,76.515816,68.74776,0.3654136,0.61187845,0.1705976,0.2946944,0.58006185,0.40946424,2.0866358,1.5116199,1.6499695,1.3924588,0.07920948,0.77084553,33.28111,0.2866896,-12.748803,-0.8448195,21.310173,0.8861408,-15.696497,-1.0045007,0.011082806,1.1969256,0.9696687,0.55674034,5.6282463,0.4683094,2.2474442,3.412744,14.820473,0.5689927,658.1649,0.37835312,1330.5126,0.16499081,-35.337402,-1.9656724,1704.03,0.14972346,985.01245,0.33945775,-39.434326,-1.5715822,2698.0452,0.09610132,1042.7721,0.3031541,-41.76381,-1.4522376,-9.292475,-0.5221235,19.28537,0.44413468,0.0410887,0.6397869,-0.010162547,-1.7558588,0.08680158,0.7032716,34.716003,0.27310362,-13.555952,-0.82245576,20.04927,0.99202776,-16.346256,-0.9688534,-9.936406,18.566328,0.005455494,0.002948693,0.04398676,2.166065,3.3088236,0.24666665,0.16845705,0.045714285,0.024411436,-32.47919,o,Ses04F_impro07,Ses04F_impro07_M059
454,30.234747,0.18101236,25.227648,26.840368,36.169014,10.941366,32.220997,26.470957,343.40726,574.1992,0.30124253,0.76703256,0.09033853,0.23359433,0.51536036,0.42502183,2.4273374,1.369224,2.1076596,1.2752588,0.07337822,0.8954006,27.995527,0.2915549,-10.769543,-1.2614224,24.440386,0.62752044,-16.649961,-0.8694337,0.013184697,1.055285,1.0883098,0.4708008,4.695321,0.5269219,1.9443815,4.1482472,14.162023,0.54406875,629.71356,0.43527442,1312.4491,0.17880659,-87.821075,-1.0904195,1683.1167,0.163326,927.15576,0.35214743,-86.70125,-1.0369283,2679.5002,0.103537425,978.50995,0.30564055,-87.39165,-1.021019,-8.58513,-0.5688935,16.521803,0.42104444,0.042725027,0.57649523,-0.0096346205,-1.6703337,0.09998386,0.65951365,30.81361,0.22645383,-15.803423,-0.8171183,25.821636,0.6507089,-21.458315,-0.71471596,-10.175702,17.966253,0.011041573,0.0011866284,0.036265362,2.5193799,2.935421,0.19266666,0.14252329,0.128,0.17401916,-34.437843,o,Ses04F_impro07,Ses04F_impro07_F057
455,25.37579,0.04519279,23.948496,25.63911,26.508715,2.5602188,83.469925,83.60596,11.652412,6.8632975,0.30834755,0.7818067,0.06169174,0.27501464,0.528043,0.46635124,2.6018949,1.3765547,2.4463603,0.82074815,0.07904627,0.8750129,27.02582,0.394993,-6.920937,-2.0650678,25.278877,0.5960368,-13.115371,-0.93013805,0.011860387,1.2110301,0.9610257,0.61196786,3.901737,0.5068274,-0.07174766,-50.32307,16.227987,0.38459444,611.11426,0.5101063,1312.7949,0.20018943,-110.99719,-0.88402724,1636.4061,0.17649828,922.33264,0.41380158,-114.24314,-0.8158483,2644.7036,0.10356203,841.40936,0.20518953,-115.01283,-0.8033265,-9.1470175,-0.6404445,16.637537,0.39436778,0.05504652,0.36912328,-0.0125164185,-1.3972834,0.13355497,0.3970068,32.97347,0.28010252,-15.470617,-0.88854885,28.220583,0.59128845,-19.651274,-0.7110456,-10.359737,17.73079,0.012544162,0.001940346,0.03916409,2.739726,2.3364487,0.17999999,0.15504837,0.18833333,0.14937834,-34.000763,s,Ses04F_impro07,Ses04F_impro07_M060
456,24.352373,0.108892284,22.825022,24.081125,25.131275,2.3062534,118.03134,144.38062,-3.957996,12.53954,0.23719409,0.6037121,0.06790105,0.22209561,0.38705814,0.3191571,2.223379,1.1026438,1.4837399,1.0131621,0.03967317,0.6252764,32.652767,0.44055915,-8.43895,-1.5798074,21.495548,0.6573383,-7.2552557,-1.7244103,0.009752735,1.4493878,0.76890415,0.91769546,5.8309436,0.3315034,3.0113862,1.4634997,21.982216,0.36687246,703.88153,0.41170642,1348.65,0.20558059,-85.00327,-1.1280926,1707.8767,0.1989813,1115.7748,0.31611687,-86.29225,-1.0723507,2737.913,0.10780044,946.3373,0.34881848,-89.998695,-0.99195755,-10.656779,-0.59040886,21.111677,0.36841473,0.0360957,0.6061465,1.9346204e-05,884.3692,0.048854,0.43969703,40.488415,0.21759287,-13.127718,-1.0516808,22.111498,0.7603989,-6.6691265,-1.9903669,-9.906778,18.002226,0.0021495204,0.007850196,0.024900815,2.1238937,1.6157991,0.35777777,0.36526328,0.216,0.28397888,-37.288235,o,Ses04F_impro07,Ses04F_impro07_M061
457,32.08001,0.25948578,22.340033,32.282715,39.294086,16.954054,101.83329,54.03147,31.482193,29.510271,0.19103971,0.686161,0.08952035,0.15608779,0.26444674,0.17492639,1.5018253,0.8897385,1.0343229,0.82020277,0.039576747,0.8151903,27.13006,0.4332897,-6.7731247,-2.2260287,17.334242,0.78121823,-12.213158,-1.217266,0.017473439,1.3429545,1.2226613,0.56629395,5.6441026,0.6259212,4.9607325,1.9088577,19.250628,0.40080184,672.0367,0.3647469,1369.9669,0.19964784,-111.06964,-0.8389703,1656.636,0.17259206,1092.0151,0.27419937,-107.54835,-0.83519524,2676.9802,0.10062665,1040.5691,0.43374163,-111.11691,-0.7758628,-11.01054,-0.53608465,21.986792,0.28683764,0.031631976,0.7310713,-0.0010744615,-10.45871,0.047843598,0.5898566,33.05264,0.19120137,-12.060377,-1.1669947,16.756752,0.8009138,-15.035144,-1.0411128,-9.192111,18.050241,0.013899341,0.004712138,0.031319503,2.0754719,2.857143,0.16399999,0.16164984,0.166,0.1429592,-41.246433,o,Ses04F_impro07,Ses04F_impro07_F058
458,25.547178,0.14777966,23.896936,24.541786,24.905819,1.0088825,214.25114,28.24995,50.3013,46.99901,0.2079069,0.5845829,0.08640537,0.19074222,0.3023451,0.21593973,1.7201914,0.81471205,1.5689254,0.8499583,0.04030206,0.6333099,30.305328,0.4513678,-2.996786,-4.7769876,24.381182,0.79798007,-8.781917,-1.7140049,0.017689947,1.7180084,1.1132112,0.92714757,5.2356,0.39517888,4.318491,1.5277807,23.921263,0.2701168,736.6715,0.32199603,1327.1857,0.18758906,-100.897736,-0.9229085,1774.806,0.15609147,1037.2413,0.3418401,-102.97977,-0.85469276,2766.8672,0.09350799,884.169,0.34706163,-104.4464,-0.83128625,-12.469469,-0.6160706,21.8752,0.35353285,0.03271877,0.6528173,-0.005170596,-4.054312,0.0529907,0.46524292,36.525276,0.26203805,-5.371443,-3.0644233,29.029774,0.6997793,-8.880327,-2.013351,-9.068513,18.048983,0.011273448,0.004217303,0.027952911,3.2608695,2.9520295,0.16875,0.10191142,0.13222222,0.053287014,-38.527473,o,Ses04F_impro07,Ses04F_impro07_M062
459,30.857355,0.088281594,30.896738,31.405878,31.9181,1.0213623,87.24768,52.785633,8.85331,0.0,0.10084743,0.51557994,0.054488733,0.08488536,0.15560044,0.10111171,1.0818512,0.41264895,0.5709993,0.19184078,0.018363452,0.59179276,29.66749,0.22731899,-2.5724747,-2.4845011,17.701622,0.63773215,-12.540499,-0.65415716,0.014572273,1.057753,1.4246341,0.45056778,5.718542,0.31092206,3.457973,1.7095554,20.472689,0.43004283,542.58984,0.30670726,1383.6965,0.16977474,-138.62454,-0.62253624,1574.9454,0.14172673,1109.2062,0.21551569,-135.96748,-0.60674196,2612.6077,0.089866005,930.19385,0.27232122,-137.83101,-0.57881254,-14.306934,-0.2755802,23.605217,0.24990602,0.027322168,0.59901494,-0.013065091,-1.0621305,0.029251657,0.2825175,36.07633,0.13153169,-5.4746666,-1.41853,16.24183,0.8742575,-19.354368,-0.35014096,-12.571644,21.509504,0.00921214,0.006199083,0.013175261,2.824859,3.4883723,0.09166667,0.087448396,0.175,0.13149779,-48.346107,dag,Ses04F_impro07,Ses04F_impro07_F059
460,23.90226,0.2320377,18.830488,21.124615,30.73824,11.907751,35.37771,20.89779,155.44566,0.0,0.14943151,0.94519866,0.05038,0.075509846,0.19445048,0.14407048,1.0484844,1.0161343,1.171607,0.11075479,0.046243604,1.479886,28.071575,0.33672962,-2.134275,-2.965256,21.64817,0.75548005,-7.471872,-0.82417727,0.03153007,0.56350666,1.2677069,0.7187335,2.2610633,0.92440486,3.733886,1.0051672,23.062067,0.4267931,644.3464,0.48207542,1307.9677,0.19858766,-145.95247,-0.56425434,1677.9459,0.12786242,914.7468,0.37050763,-148.34682,-0.5222548,2683.469,0.09823616,1047.6656,0.36345354,-149.19635,-0.51223093,-10.015531,-0.4609851,21.695404,0.47884786,0.03961473,0.5981404,0.005247173,2.2010643,0.101619326,0.85699105,34.444427,0.35376328,-5.403789,-1.5268399,25.572105,1.0058504,-3.3748114,-1.7549505,-11.840764,20.368162,0.009261957,0.008280398,0.027018284,1.6393442,3.4188035,0.0725,0.019202864,0.195,0.1261943,-38.1222,q,Ses04F_impro07,Ses04F_impro07_M063
461,39.2197,0.19049034,33.800743,40.63115,44.90555,11.104805,148.05803,96.250656,272.71255,257.44012,0.27801615,0.8702938,0.076913565,0.1639841,0.49054056,0.413627,2.391763,0.50479156,2.4903123,0.68034726,0.095125556,1.1335659,21.082102,0.35102946,-14.743336,-1.4502839,10.229863,1.6327573,-14.410005,-0.809632,0.04335959,1.0987452,1.3050762,0.49191555,4.5215654,1.2231202,1.1224422,10.285511,14.047668,0.7166514,876.47797,0.18009722,1290.1597,0.14376567,-137.46167,-0.58991325,1866.9337,0.08014854,1108.8461,0.2193074,-133.50926,-0.5968698,2851.699,0.051676836,847.93286,0.34828845,-134.67792,-0.5811834,-10.555263,-1.2185092,22.888315,0.34957644,0.04457658,0.556538,0.0043466324,4.2152724,0.13327229,0.8776144,22.49931,0.3295615,-13.189055,-1.9478083,9.914996,1.8551688,-18.675373,-0.73530054,-4.3088417,17.012278,0.022262396,0.01487911,0.07683579,1.6260163,5.084746,0.061666664,0.04597705,0.111666664,0.10286182,-35.647644,ans,Ses04F_impro07,Ses04F_impro07_F060
462,31.777395,0.148241,28.789928,31.319191,36.745632,7.9557037,66.06432,2.4319992,24.849766,23.452171,0.23062587,1.0188521,0.06482914,0.13891618,0.3321436,0.26731446,3.4561741,1.9854625,3.7191048,2.5645106,0.09838694,1.7331007,21.70926,0.77691084,-2.8142645,-4.6885223,16.46144,0.80222034,-5.550874,-1.8505675,0.031205682,0.7485667,2.1437862,0.5304722,4.917645,0.32056576,8.654857,0.93519664,28.099827,0.20090425,701.139,0.29200846,1281.7124,0.20171632,-161.02731,-0.46188948,1704.5425,0.114935815,1063.9407,0.2607595,-163.19627,-0.42412665,2710.281,0.06270842,836.2453,0.17486392,-164.01654,-0.41229042,-15.193813,-0.4092421,24.491793,0.34069723,0.05492486,0.35588765,-0.015340329,-1.570208,0.2895422,0.9240036,32.92322,0.40420282,-0.36941823,-38.826008,17.047245,1.3215747,-5.1667666,-2.52944,-5.783811,13.689858,0.013234809,0.00758694,0.05283923,3.3783784,2.097902,0.089999996,0.037416574,0.2725,0.26375887,-30.770178,o,Ses04F_impro07,Ses04F_impro07_M064
463,44.834072,0.08871582,41.808094,43.306976,49.850315,8.042221,62.02606,4.0946007,9.837325,7.9169564,0.21957204,0.84244794,0.06473767,0.14093955,0.33308733,0.26834965,2.1936915,1.4473697,1.5016632,0.9852508,0.06431257,1.0791587,19.68037,0.31277007,-8.556932,-1.4327906,12.169979,1.093823,-19.1335,-0.9042625,0.022060504,0.5607976,1.0727645,0.41564536,7.5983653,0.42552853,7.9638405,1.008997,15.82969,0.7059931,936.6803,0.34459293,1232.4358,0.26616222,-142.43231,-0.6073651,1859.067,0.18475391,1173.6527,0.24378966,-132.49115,-0.64862585,2936.2727,0.11180699,937.6824,0.48563933,-135.42595,-0.6063944,-8.728996,-0.74570036,18.43225,0.34662026,0.055296086,0.49694285,0.007723915,1.3806638,0.12862454,0.50933415,22.525715,0.23810081,-16.835688,-0.6784352,7.27095,2.5687485,-27.103586,-0.7797577,-8.477771,16.38904,0.01466369,0.011814023,0.02856316,2.234637,1.7241379,0.20666665,0.08259674,0.2625,0.31275988,-36.455254,q,Ses04F_impro07,Ses04F_impro07_F061
464,39.62372,0.18139748,35.251175,35.39415,49.931164,14.679989,83.839,0.0,73.89157,59.301968,0.42718557,0.86675525,0.16121225,0.32132256,0.57329255,0.4120803,5.622363,2.8476217,1.7463918,0.8977629,0.14155594,1.4044285,14.074622,1.2377862,-11.087536,-1.77244,11.605169,1.3268279,-18.537033,-0.98497915,0.016812893,1.3175789,1.1423038,0.56762576,5.301946,0.72564733,4.539467,1.530572,18.118505,0.46594855,625.8588,0.38903025,1412.4167,0.31543764,-140.94852,-0.6321945,1581.8835,0.12098711,1008.19635,0.32936826,-126.210884,-0.7270379,2618.114,0.096920654,976.46155,0.5842324,-129.05052,-0.6835534,-5.613665,-0.660784,14.191194,0.2146592,0.068159066,0.3639016,0.0023222335,5.3097205,0.22867016,1.0128608,25.202166,0.17731185,-20.75561,-0.6612919,12.263188,1.892488,-26.68309,-0.8862531,2.3698053,1.75363,0.019212728,0.010236952,0.09836274,1.7699115,2.8037386,0.12666667,0.0047140447,0.32,0.14999999,-30.173237,ans,Ses04F_impro07,Ses04F_impro07_M065
465,34.9658,0.011445233,34.55725,35.213238,35.286858,0.7296066,3.8265865,2.9892116,5.5700006,2.3167903,0.1868415,0.57868135,0.09773138,0.14846735,0.2634703,0.16573891,2.0540955,0.7539412,0.69007313,0.26479638,0.035163313,0.6017457,17.735062,0.96516424,-1.9108955,-6.0281057,17.484978,0.86438966,-8.428347,-0.9794008,0.017920416,1.2318689,1.1050172,0.6699078,6.248312,0.29954824,6.475056,0.7100851,23.606974,0.25815228,644.59546,0.32279918,1471.0858,0.30049348,-165.27373,-0.43001872,1572.0302,0.10775528,1052.6377,0.11893194,-149.79161,-0.53422874,2620.8481,0.09618054,952.1153,0.16398302,-153.18271,-0.4890838,-7.751584,-0.4603588,19.738111,0.25270823,0.03309722,0.49342647,0.010821204,0.8761378,0.03605682,0.28846043,27.203875,0.22188431,-9.983365,-1.0328536,10.103902,0.935254,-11.277388,-0.94547606,-5.2193108,12.3162565,0.008012939,0.01119062,0.030930799,2.1582735,3.007519,0.0775,0.06259992,0.186,0.20115668,-42.790974,dag,Ses04F_impro07,Ses04F_impro07_F062
466,24.097061,0.1813209,20.783894,23.878712,25.418036,4.634142,1028.5941,580.0311,15.908974,1.3415608,0.1999425,0.7695989,0.07924233,0.15027569,0.34314704,0.26390472,1.7649348,0.6722794,0.9980897,0.81271577,0.040676408,0.83501965,28.080002,0.39753065,-5.397842,-2.6731918,18.420502,0.8814336,-1.9220064,-5.246217,0.009095211,0.5231768,0.842467,0.6186541,3.8114336,0.58513117,3.0802667,1.2065536,21.182718,0.32099065,659.0092,0.36917725,1338.0416,0.14663187,-112.9196,-0.8443702,1631.1919,0.14996055,1008.4906,0.25242352,-114.67595,-0.79706013,2679.5718,0.0953355,920.36896,0.17182958,-118.10303,-0.7427729,-7.914548,-0.6765488,20.249384,0.27948686,0.042722885,0.35819536,0.0069315927,1.458194,0.06217547,0.5898829,36.04801,0.24797659,-13.125211,-0.9686931,17.917753,1.1287752,-0.19915634,-65.33241,-11.460005,20.093744,0.0005267572,0.009452587,0.024594875,2.5157235,3.267974,0.126,0.043174066,0.16,0.09316652,-39.061367,ag,Ses04F_impro07,Ses04F_impro07_M066
467,32.130253,0.18545058,26.828121,32.02709,34.76564,7.937519,96.69387,78.20617,147.32567,179.49683,0.32482326,0.6409498,0.13597491,0.32191566,0.4642257,0.3282508,2.4322028,1.2548872,2.7569926,1.8087777,0.07618671,0.97914743,29.05048,0.35499835,-10.087667,-1.1868709,18.06365,0.77921534,-14.120549,-1.040236,0.027575552,2.1641202,0.98164296,0.59032,6.527005,0.449903,0.23051193,46.426872,16.738241,0.46309435,646.9543,0.37933818,1267.2102,0.17174838,-81.51255,-1.143296,1651.3141,0.15410227,1014.3511,0.27389348,-77.96249,-1.1189686,2680.1511,0.079683214,901.72095,0.23692341,-82.42227,-1.021323,-9.317432,-0.31378108,17.789618,0.24498653,0.043078687,0.48566237,-0.005547487,-3.0217767,0.09162508,0.87209624,31.931746,0.25084636,-14.310879,-0.72886485,19.809752,0.71334845,-17.25092,-0.92226005,-9.681634,18.84775,0.019649658,0.0027211627,0.053469315,2.6717558,2.3346305,0.26666665,0.18997076,0.13833332,0.11245987,-33.736084,s,Ses04F_impro07,Ses04F_impro07_F063
468,31.729914,0.20583211,26.360178,31.627506,33.070427,6.710249,96.69387,78.20617,147.88524,178.95483,0.36305,0.6016854,0.16685349,0.33918563,0.50300336,0.33614987,2.732866,0.99308515,2.8232484,1.919738,0.0887122,0.90526325,31.582949,0.29613432,-13.6572,-0.7378225,18.62431,0.7280019,-12.419347,-1.2023792,0.031406265,2.1138859,0.8946932,0.5927949,6.3439846,0.48279226,-1.4092184,-7.6792436,16.100058,0.45099357,662.0572,0.39745688,1255.8405,0.17697842,-74.71619,-1.2236286,1676.0338,0.15412074,993.9459,0.28717592,-72.479965,-1.1871378,2684.4248,0.08379982,920.5838,0.2492979,-77.10941,-1.0772709,-8.730343,-0.32773563,17.335577,0.25952336,0.046472877,0.45857966,-0.0053067403,-3.2640507,0.106081896,0.7872276,33.15673,0.24866797,-16.834944,-0.5544283,21.979212,0.6083131,-14.638636,-1.1244546,-9.50577,20.027554,0.022210842,0.00030694559,0.06264171,2.955665,2.5252526,0.256,0.1289341,0.1475,0.18713297,-32.739468,o,Ses04F_impro07,Ses04F_impro07_M067
469,32.379444,0.18549064,27.80276,29.01206,41.68343,13.880671,289.52295,270.37994,-3.2138698,16.26268,0.33050698,0.693091,0.07598172,0.32867953,0.58572304,0.5097413,5.2857537,3.1274335,4.597575,2.0300398,0.082101874,0.808854,29.92872,0.17989242,-15.519475,-0.8454805,10.751137,0.48747,-9.212794,-0.91313434,0.03417863,1.7603838,1.4222163,0.5680989,3.3902547,0.8912113,3.2217834,1.6206785,13.440384,0.50657445,599.3837,0.27685803,1376.5149,0.10845892,-90.17472,-1.0520507,1521.472,0.13712937,1082.0938,0.20398173,-79.64333,-1.1625725,2636.3645,0.07777564,952.20844,0.43214887,-86.77488,-1.0027418,-4.0398626,-1.2072654,16.70495,0.2777859,0.030049846,0.6162537,0.006585041,0.9757914,0.12031937,0.48187685,32.77175,0.14919466,-22.746607,-0.4920069,8.366066,0.52759343,-11.784176,-0.7867603,-10.1749,21.203184,0.0027470135,0.012269015,0.024987223,3.804348,1.6759777,0.35999998,0.35693136,0.16,0.13472193,-35.727543,oth,Ses04F_impro07,Ses04F_impro07_F064
470,32.067528,0.19191527,27.688034,28.779812,41.7897,14.1016655,289.21725,269.87656,6.6825805,4.3497176,0.40317616,0.5256822,0.19149427,0.35699654,0.60968345,0.41818917,5.1740894,2.9272087,4.86572,1.8403672,0.10146942,0.607065,31.1035,0.1823936,-19.67193,-0.6107186,9.185162,0.46576023,-9.942117,-0.9290338,0.030241149,1.9444957,1.513515,0.6226473,3.3274357,0.9211487,2.66434,1.7727857,12.962884,0.5322622,520.4686,0.291443,1426.84,0.17190774,-61.93714,-1.4179709,1415.599,0.1114299,1022.5821,0.1628015,-52.898396,-1.5899779,2568.0688,0.073868945,826.93646,0.22680181,-62.550808,-1.258108,-3.1644752,-1.251445,16.078762,0.26985615,0.030928934,0.608366,0.006889323,0.9308862,0.12725317,0.40036196,33.3388,0.15083611,-24.946661,-0.38080576,8.0928755,0.47351098,-11.831659,-0.78623194,-9.570322,21.682604,-0.0030182758,0.01331807,0.029366178,4.964539,1.4814814,0.49499997,0.33499998,0.16,0.099999994,-34.592464,oth,Ses04F_impro07,Ses04F_impro07_M068
471,29.382376,0.27459246,25.460129,26.351334,27.369865,1.9097366,815.13196,0.0,7.5785084,3.0950906,0.26685116,0.68697166,0.10163961,0.19476883,0.4444658,0.3428262,4.910033,3.3782263,2.1614063,1.6358969,0.06371636,0.8124626,28.885666,0.2142858,-20.158869,-0.48847005,12.261735,0.58280754,-3.2887824,-2.7036278,0.022422202,0.57982916,1.1087176,0.29300907,2.8838172,0.85980564,4.222363,1.8428649,13.514375,0.59966844,521.04706,0.35107288,1329.8701,0.08493266,-129.69792,-0.67675513,1432.9187,0.13217966,1112.2402,0.35614762,-126.5461,-0.70353085,2510.7043,0.055635665,820.2756,0.2809327,-130.33176,-0.6496395,-3.521121,-1.2303586,14.085989,0.46303165,0.0344253,0.8315561,0.007303753,0.78924716,0.10027426,0.44311142,33.44137,0.15432847,-26.672682,-0.40930358,12.579048,0.5702717,-6.2910013,-1.4277105,-4.72218,16.607538,-0.0064492878,0.017892985,0.03966337,4.1237116,4.5454545,0.0725,0.037666295,0.1275,0.049686518,-38.68415,oth,Ses04F_impro07,Ses04F_impro07_M069
472,43.515396,0.29586896,25.934261,50.93647,53.659973,27.725712,173.49309,0.0,-2.9931502,0.0,0.18987785,0.64569795,0.09313291,0.14586966,0.28813082,0.1949979,2.5042877,1.1433722,1.8645563,0.63530654,0.04561752,0.95095843,25.140636,0.20778023,-18.692421,-0.5480329,9.502459,0.7982024,-5.93582,-2.032718,0.025226552,0.616057,1.4244736,0.34899628,6.83877,0.41192424,10.464054,0.5553231,16.028807,0.48276487,812.31494,0.33645877,1161.1808,0.18659306,-158.766,-0.4629834,1798.9319,0.20196643,1131.7704,0.3880892,-152.41713,-0.49745515,2779.867,0.09964512,923.7999,0.26746276,-154.25493,-0.47395778,-5.239089,-0.85506654,16.58433,0.3705211,0.026458353,1.034198,0.0023106227,3.7158768,0.08930408,0.50105643,26.235218,0.22919852,-27.242935,-0.36053163,6.5146027,1.3852025,-17.509287,-0.81848896,-4.402427,17.029638,0.0022872945,0.019357763,0.033087432,2.6548672,3.7037039,0.06,0.040620193,0.19,0.1036822,-41.80608,oth,Ses04F_impro07,Ses04F_impro07_F065
473,25.33973,0.29598528,20.520819,22.79556,24.776249,4.25543,227.3707,0.0,-0.096807,7.895143,0.23480318,0.70892423,0.07522485,0.16927567,0.3771378,0.30191296,1.0428997,0.66379875,1.3026543,0.65307164,0.047041744,0.7193702,31.631992,0.2282076,-10.705721,-0.6631448,22.127384,0.39017215,-9.08624,-0.66334444,0.013778095,0.8171198,0.90020454,0.6612755,4.98817,0.49470767,4.0898323,0.9627301,15.546328,0.42269278,574.4653,0.46832246,1268.8835,0.19947629,-109.98142,-0.87558883,1534.954,0.18168922,980.2139,0.24315761,-109.11507,-0.8578489,2576.7131,0.10134285,836.0905,0.25015834,-112.371155,-0.8002531,-10.064415,-0.27172497,20.45255,0.19409734,0.040064342,0.2955032,-0.002274239,-4.0854087,0.07067956,0.42709607,35.53193,0.21539876,-14.90344,-0.48182946,21.687437,0.46469903,-11.305802,-0.5608735,-10.8963175,20.001436,0.011645834,0.0045106285,0.029332314,1.5384616,2.4,0.18666665,0.094633795,0.155,0.096046865,-37.408543,s,Ses04F_impro07,Ses04F_impro07_M070
474,33.89744,0.19362359,31.464952,33.136703,39.122757,7.6578045,120.37512,134.33636,40.581158,80.3463,0.1640459,0.797038,0.058755793,0.12623718,0.23099811,0.17224231,2.0096426,1.6288078,1.466882,1.3784242,0.034282975,1.1113703,27.610939,0.27941176,-7.4024005,-1.74883,16.763681,0.86557865,-13.566058,-0.8250712,0.019048242,1.3277876,1.1846733,0.52055746,5.901614,0.45948052,2.6806507,2.975229,18.69513,0.47320023,636.9154,0.37120584,1342.7584,0.1620127,-114.82623,-0.81222373,1658.9393,0.14388804,1086.3738,0.42511,-111.955765,-0.79241973,2678.797,0.08789184,1018.6012,0.3266524,-114.45513,-0.75306827,-10.480764,-0.5500431,20.857853,0.34226924,0.03160628,0.66921407,-0.002142381,-6.960776,0.051366523,0.8510772,30.430813,0.20838575,-10.527815,-1.3940481,17.339264,1.0816414,-18.259218,-0.6587185,-10.479243,19.422646,0.0061290874,0.005674029,0.018793525,2.282158,2.606882,0.174,0.13523312,0.18879999,0.31739333,-40.819252,o,Ses04F_impro07,Ses04F_impro07_F066
475,24.877903,0.15538393,21.538677,23.866203,27.899298,6.3606205,304.1951,257.13068,58.673973,68.62927,0.26210445,0.68169343,0.06303627,0.23998344,0.43549502,0.37245876,2.4467018,1.759437,2.1883779,1.5272274,0.060950812,0.83577275,29.568237,0.36428872,-5.160928,-2.382361,26.380346,0.6746197,-10.771991,-1.022977,0.03174323,1.9486804,1.1837155,0.61182445,3.815778,0.54292077,2.814478,1.8983451,19.318253,0.30933425,525.6159,0.42383075,1269.5255,0.14356779,-84.31414,-1.1522992,1596.3663,0.15860559,946.6872,0.55940706,-89.60138,-1.0053481,2601.8035,0.08352126,915.3621,0.32276955,-90.8239,-0.98225,-11.441015,-0.2985252,18.745157,0.29052258,0.03354314,0.5785398,-0.009690097,-1.46325,0.087468095,0.54696333,34.57136,0.23273343,-9.045955,-1.4623764,31.343239,0.65637624,-12.47288,-0.9777557,-10.77817,18.471811,0.0058394233,0.0037764746,0.02450317,2.9574862,1.8656718,0.306,0.22610617,0.20799999,0.27859646,-35.40058,o,Ses04F_impro07,Ses04F_impro07_M071
476,24.910677,0.1493384,22.6567,23.695343,26.786552,4.1298523,336.75607,309.2396,33.332108,40.743393,0.34332022,0.4215457,0.20893525,0.3523175,0.4425241,0.23358886,2.888918,1.7100172,2.0763445,1.2204139,0.08017703,0.5150062,34.36891,0.24616612,-7.8395085,-1.8370907,30.171158,0.63266766,-14.862485,-0.7830968,0.036569174,1.9741336,1.142811,0.57401884,3.7805674,0.5920234,2.6674685,2.2598925,18.867224,0.32699135,506.2985,0.38327003,1296.9126,0.13683413,-35.35746,-2.1042497,1571.2615,0.15760009,927.63525,0.3654866,-44.213905,-1.54302,2596.2808,0.076870695,888.5964,0.32754764,-46.315155,-1.4561126,-11.293074,-0.29549035,18.513578,0.29132193,0.03118059,0.6358935,-0.013748808,-0.8880229,0.08617484,0.4772675,35.88937,0.20390457,-10.622607,-1.259079,30.617613,0.67274225,-15.424384,-0.7429549,-13.473061,17.930462,0.019332796,-0.014620006,0.06218539,3.3898306,2.1645021,0.372,0.19953947,0.085,0.081700675,-33.863514,o,Ses04F_impro07,Ses04F_impro07_F067
477,30.189892,0.12596714,31.53975,31.988632,32.21904,0.6792908,328.72516,64.96579,14.408486,7.02175,0.15613332,0.64382267,0.061935395,0.13674779,0.2368996,0.1749642,0.9971134,0.51665443,1.5116355,1.3404601,0.030816453,0.96136206,29.581427,0.26158762,0.63733387,18.731783,19.004492,0.66098833,-8.412839,-1.3208317,0.024671203,2.3366706,0.9406146,0.4934444,7.1785727,0.5126658,7.5113664,0.7739075,19.582201,0.4035471,668.184,0.29480094,1375.5621,0.114513464,-103.69457,-0.8425038,1692.9337,0.14908849,1148.2379,0.29682416,-105.15511,-0.7958116,2762.2915,0.087257616,858.8008,0.28699973,-107.315384,-0.76131105,-15.980442,-0.36089087,25.870132,0.23846902,0.012649752,1.1189541,-0.004546524,-2.7059014,0.03743413,0.7553676,33.655262,0.16575462,0.68638384,21.733765,21.29203,0.6653288,-11.521428,-1.1824588,-12.262772,21.064909,0.00662442,0.0059510623,0.024522569,2.283105,3.2710283,0.15428571,0.16413034,0.12857142,0.108024925,-41.292206,o,Ses04F_impro07,Ses04F_impro07_F068
478,27.311537,0.1898159,21.387833,31.57134,32.204224,10.816391,217.8708,104.910255,35.970993,12.245268,0.17088836,0.6544764,0.067716785,0.15312234,0.22837085,0.16065407,1.1601846,0.61088264,1.4883201,1.3675421,0.03416364,0.96808934,27.127256,0.47742534,1.3032308,12.686127,20.292522,0.59031624,-6.016407,-1.4131807,0.021760123,2.5055218,0.9442691,0.5771339,6.19605,0.6470487,7.6225524,0.66974485,20.52312,0.3087215,632.5671,0.34438023,1413.0642,0.11990675,-112.955124,-0.80379236,1671.2725,0.15141174,1105.5146,0.25589073,-115.266884,-0.74890876,2706.407,0.095369436,897.3771,0.2809662,-116.91123,-0.72391146,-15.255916,-0.46290058,24.461485,0.28158632,0.021863531,0.9461908,-0.00256153,-5.0919027,0.042692546,0.8596802,34.945724,0.1948593,-2.2527304,-7.7209187,23.853897,0.5807057,-5.824382,-1.7776352,-9.589485,17.484455,0.0039005412,0.005919449,0.027623074,2.1201415,2.877698,0.15375,0.15595973,0.17125,0.16951677,-40.875256,o,Ses04F_impro07,Ses04F_impro07_M072
479,31.81449,0.003987326,31.711355,31.790588,31.866972,0.15561676,4.9901724,3.8298235,3.567467,1.6400917,0.08955581,0.598807,0.057037044,0.061914444,0.1330641,0.076027066,0.43667272,0.28579158,0.30589074,0.11268479,0.013411241,0.56233007,22.78052,0.42888042,1.663466,5.403411,18.080984,0.8073789,-5.998893,-1.1979977,0.014759154,1.7800363,0.8276515,0.5584434,8.012179,0.18734002,3.3095372,1.7901369,18.145702,0.60611016,548.10803,0.40833724,1332.7645,0.23903668,-154.62202,-0.52972984,1607.5559,0.12262194,1064.1116,0.5484257,-155.59235,-0.5012766,2629.6074,0.11314912,1127.7227,0.14472085,-156.63213,-0.4866386,-13.227599,-0.28365186,21.770535,0.43344048,0.016459314,1.2982744,-0.011071528,-0.9067817,0.023606747,0.30912638,35.19673,0.13240835,-7.049805,-1.1392368,24.833752,0.90784335,-9.968767,-0.7769402,-11.107577,18.877285,-0.0004708502,0.01056486,0.010296135,0.6666667,0.6896552,0.35,0.0,0.53499997,0.195,-49.469795,ag,Ses04F_impro07,Ses04F_impro07_F069
480,20.397339,0.03537037,19.655201,20.164154,21.314346,1.6591454,4.169321,0.0,6.3950033,0.0,0.13244678,0.86268806,0.04908499,0.053450864,0.2620183,0.2129333,0.81982344,0.7559481,1.265804,0.15929615,0.02161672,0.8127142,31.149208,0.18793093,-10.493387,-1.0879694,22.162777,0.7374373,-4.6830015,-1.0312214,0.008139213,0.7311226,0.9883021,0.40296915,3.2003732,0.33976582,6.819528,0.74176484,14.859914,0.23466149,421.8012,0.21259855,1128.364,0.10542694,-132.48238,-0.71499604,1453.5109,0.13307248,740.22046,0.30846465,-134.24521,-0.6898287,2423.1821,0.04733395,906.5105,0.40853643,-136.15298,-0.65899044,-6.2110405,-0.74394,15.364095,0.1592684,0.027271101,0.8348226,-0.00013482613,-87.94856,0.044843275,0.20670575,37.569927,0.115535915,-23.198872,-0.5257474,37.659378,0.5545667,-4.877821,-1.4227792,-12.834162,23.079082,-0.0059747333,0.009499598,0.010771118,1.6528927,0.862069,0.38,0.0,0.375,0.225,-43.907135,ag,Ses04F_impro07,Ses04F_impro07_M073
481,30.6168,0.14418924,27.692886,29.669495,30.970581,3.2776947,341.20953,656.5327,140.61996,115.14892,0.47259873,0.71445006,0.1293896,0.395395,0.7770914,0.6477018,4.566373,3.3118403,3.6471968,1.8285456,0.13067202,0.90459275,25.60094,0.39008078,-13.727739,-0.8195231,25.620014,0.82680017,-8.845358,-1.1603036,0.018794628,2.1232624,1.0644542,0.83825856,6.046685,0.48787087,2.5349686,4.493472,13.604892,0.6054833,619.5521,0.51294535,1236.4841,0.22399373,-105.81884,-0.9007898,1649.0035,0.16464548,928.6345,0.52609503,-97.75287,-0.94527334,2630.149,0.08786713,901.14844,0.1998466,-98.41239,-0.9309799,-7.3894024,-0.4287906,16.848091,0.36099944,0.049575467,0.43907186,-0.005357258,-2.4200816,0.18509167,0.62458116,29.755861,0.3094509,-16.526812,-0.78469497,30.641357,0.82499516,-9.859397,-1.0731027,-7.394267,16.01099,0.019965742,0.0061219465,0.07096008,1.9693656,2.2123895,0.23299998,0.2576839,0.17999999,0.14764823,-28.907818,s,Ses04F_impro07,Ses04F_impro07_M074
482,32.008408,0.16365516,28.230534,29.975245,38.632725,10.402191,497.4933,760.62354,156.60513,132.16385,0.4681598,0.7547036,0.14976712,0.35014588,0.8196504,0.6698833,5.548672,3.4579139,3.6713693,1.608329,0.14012608,0.89965343,26.628197,0.34621924,-13.7888565,-0.8126001,24.467218,0.7851136,-7.7379704,-1.3003523,0.04083647,2.0646353,1.3740712,0.6905086,4.909271,0.5842433,-0.29383415,-29.361557,13.688041,0.66786,669.82605,0.49252918,1206.5765,0.18163641,-111.98388,-0.82462716,1704.4939,0.1573879,997.38477,0.5218435,-102.42019,-0.8783069,2679.5762,0.09479789,932.3347,0.22432972,-102.80633,-0.86878,-6.513419,-0.5388673,16.242256,0.41577217,0.050984032,0.461727,-0.0045713177,-3.1472557,0.20724809,0.62644976,28.391352,0.34151617,-17.77089,-0.70963,26.53019,0.85590386,-8.963939,-1.2000749,-9.482177,18.158934,0.01756235,0.0045617875,0.06873916,2.2857144,3.4883723,0.13833332,0.09163636,0.152,0.16916263,-29.16803,q,Ses04F_impro07,Ses04F_impro07_F070
483,27.638128,0.08232806,25.084858,28.387192,29.388762,4.3039036,42.919018,40.565178,15.08168,10.051913,0.26763093,0.8414362,0.07650097,0.20640872,0.43760806,0.3611071,3.9740856,2.7948172,1.943671,1.7894437,0.05344087,1.0438738,19.869974,0.6878032,1.8422261,5.621572,30.146315,0.50917184,-4.0074506,-2.8091645,0.009974454,1.2224616,0.92646503,0.8571671,7.4328413,0.32831886,7.163017,1.643086,21.83556,0.41589126,577.60645,0.45365915,1342.6244,0.2130343,-103.25634,-0.93011653,1670.2898,0.122453384,863.8272,0.5333514,-107.789085,-0.82452023,2648.6907,0.08483609,937.9021,0.26851353,-105.868004,-0.8588525,-14.224898,-0.40696087,19.79,0.3606631,0.03497484,0.87179315,-0.011341278,-1.2057718,0.08531704,0.7139305,28.150278,0.2931386,1.5630264,7.01876,40.65694,0.3271276,-3.2147856,-4.258269,-5.385988,12.341459,0.0025496574,0.00907677,0.020376533,1.5625,1.3605443,0.36666667,0.16058919,0.29714283,0.28212023,-32.804142,s,Ses04F_impro07,Ses04F_impro07_M075
484,32.830368,0.23401451,24.720398,32.21835,42.755383,18.034985,114.21205,78.421745,81.10012,58.85192,0.40457934,0.7868804,0.19163188,0.33389527,0.58134955,0.38971767,4.6522264,7.112324,4.4159617,2.9768572,0.12292049,0.9917632,24.28043,0.55008227,-11.057425,-1.3308065,25.751394,0.6003578,-12.980493,-0.9612824,0.02907065,1.9581456,1.1914384,0.51612204,5.2891264,0.5733978,5.372604,1.5478855,14.274341,0.6022116,732.3479,0.37851512,1266.3848,0.23037212,-117.77758,-0.7912433,1757.6322,0.14246593,957.3186,0.33164984,-111.45908,-0.81003696,2724.2178,0.09161835,946.9862,0.36157507,-112.23256,-0.7966638,-8.868493,-0.55259854,16.367893,0.39520195,0.050862927,0.4204095,-0.009316368,-2.2517235,0.181957,0.7774295,28.720865,0.31196225,-14.601708,-0.95258874,27.13836,0.6596379,-16.912868,-0.81243634,-5.6646795,12.608337,0.020881854,0.0019315691,0.07285146,1.904762,2.6506023,0.1690909,0.08908163,0.17166665,0.17372553,-30.147463,dag,Ses04F_impro07,Ses04F_impro07_F071
485,32.175568,0.22790864,24.476748,31.343475,40.94725,16.470503,114.21205,78.421745,90.06246,58.67421,0.41746914,0.7898507,0.19058931,0.355325,0.61674917,0.42615986,4.731175,7.06569,4.4159617,2.9768572,0.12902823,0.97218126,27.228962,0.30940902,-12.9661455,-1.0171562,27.140072,0.5539218,-12.876576,-1.007869,0.029661974,1.9527152,1.1778238,0.5324008,5.1854978,0.59062314,5.3787746,1.5811137,14.010365,0.5918379,718.743,0.38591462,1274.4631,0.23064241,-114.13008,-0.8227859,1753.0391,0.1457736,955.97614,0.34049734,-108.08975,-0.8332893,2711.9158,0.09127944,948.36584,0.37032512,-108.24101,-0.8294588,-9.192804,-0.5175188,16.002682,0.3908498,0.05175206,0.40684584,-0.01149408,-1.6533984,0.18828145,0.7582491,29.015854,0.31008944,-14.494388,-0.9698777,28.826782,0.57529396,-17.472328,-0.79046804,-8.118591,15.594637,0.021820575,0.0011938236,0.075764574,2.0833335,2.9023747,0.16,0.09055386,0.16454546,0.20379864,-29.785297,o,Ses04F_impro07,Ses04F_impro07_M076
486,30.083414,0.28041476,24.774445,28.477911,30.28637,5.5119247,99.869545,97.65237,10.468304,6.20127,0.23201902,0.85119843,0.06980008,0.17586538,0.35065362,0.28085354,2.5981991,1.5718975,3.052869,1.6662458,0.054033983,0.95619506,27.040342,0.43243486,-6.1294003,-1.9174212,20.67996,0.7551504,-11.369011,-1.0584495,0.017705344,1.1065987,1.1237882,0.6569485,5.705595,0.4974089,3.740916,2.0539646,18.914446,0.36464116,673.5589,0.42512396,1335.9683,0.1907856,-117.54414,-0.7992532,1720.6394,0.17420055,1013.4614,0.28729817,-118.831726,-0.7448833,2702.41,0.1014732,897.2893,0.2806573,-119.808754,-0.7296138,-10.043557,-0.5918413,18.321295,0.33284497,0.041366745,0.58786905,-0.012537152,-1.1918054,0.09084431,0.5994035,33.936825,0.29608887,-12.278464,-1.0241226,23.745533,0.7699027,-14.416927,-1.0248525,-9.711223,18.566195,0.0067416253,0.006307682,0.024478106,2.7083335,2.7368422,0.15076923,0.12287965,0.21,0.23519495,-34.96842,q,Ses04F_impro07,Ses04F_impro07_M077
487,34.237007,0.24391349,27.466215,32.375202,41.80301,14.336794,217.11998,119.17866,8.381152,16.838886,0.22648548,0.6816734,0.097135045,0.17642997,0.3280539,0.23091885,1.6406204,1.1606898,1.9631466,1.4252445,0.06324007,0.9616736,28.576967,0.3491008,-7.940389,-1.4694895,13.726026,1.1751639,-13.111787,-0.95474637,0.02361279,0.8878499,1.1860685,0.55878353,5.6727004,0.60450935,4.7033567,1.7549565,21.666851,0.36480537,769.8376,0.3251332,1305.5575,0.18902886,-109.35148,-0.84156305,1787.8474,0.15526973,1062.0188,0.30561164,-111.98094,-0.7677391,2807.1921,0.10257147,973.3133,0.2742751,-114.691696,-0.72656167,-11.853378,-0.61012715,23.464893,0.32992527,0.042994335,0.5090041,-0.010234344,-1.6546516,0.07859214,0.689962,32.50182,0.2534519,-9.621858,-1.2224677,12.141329,1.4912354,-15.195139,-0.9248327,-8.74977,18.550951,0.02322187,0.0045570713,0.05038402,2.5821598,3.3254156,0.13642858,0.07996491,0.14285713,0.09988769,-37.258595,ans,Ses04F_impro07,Ses04F_impro07_F072
488,30.650782,0.18066959,24.868292,30.630417,32.554596,7.686304,156.904,151.25597,17.769665,15.741136,0.23735224,0.7429035,0.07109207,0.17642997,0.41201276,0.3409207,1.8157592,1.223125,2.1906855,1.565341,0.06940544,0.98947483,30.616003,0.28679734,-6.52235,-1.7501346,16.375914,0.91405356,-12.153718,-0.9697576,0.021212848,0.9163106,1.0315491,0.52584845,5.4071827,0.6650338,2.710524,1.9959612,22.829565,0.2984305,722.5509,0.33189523,1286.7605,0.16203485,-116.9153,-0.78738356,1768.69,0.16518013,1008.7179,0.34117824,-119.33065,-0.7221205,2802.7686,0.108703405,960.02203,0.301385,-121.67208,-0.6888707,-14.273371,-0.41289148,24.85112,0.3127237,0.0451336,0.44236907,-0.013196881,-1.354799,0.09072954,0.65486324,35.863083,0.17727156,-6.6546392,-1.7257388,16.872532,0.99546266,-13.801927,-0.9898877,-9.839847,19.454458,0.02087593,0.0026454425,0.054779448,2.6845636,3.0716724,0.13555555,0.077904664,0.17,0.123468384,-36.165035,q,Ses04F_impro07,Ses04F_impro07_M078
489,37.103287,0.21137665,28.484745,38.761326,42.42373,13.938984,73.64323,88.294426,253.79343,432.59396,0.25731307,0.6274081,0.13927954,0.22313453,0.3329203,0.19364077,2.4923546,1.8249792,1.0548762,0.9516838,0.063695885,0.8311556,25.238068,0.32000914,-11.42542,-1.1147217,20.52819,0.8562874,-15.924622,-0.9968638,0.02015425,0.977579,1.2484498,0.53669053,7.2614574,0.49486256,4.41763,2.2244225,16.595547,0.57883006,716.44244,0.3859425,1330.8116,0.23866762,-95.746796,-0.9467556,1749.9681,0.14062485,974.5987,0.34809476,-89.40253,-0.9389222,2769.5967,0.10268073,1019.1441,0.35935068,-90.78368,-0.91293484,-12.011467,-0.51030654,19.712791,0.31684488,0.04128755,0.58090556,-0.0063541206,-1.8881693,0.06738436,0.77209353,27.960068,0.25279254,-11.296457,-1.0633653,21.550669,0.8203195,-15.44132,-1.093894,-6.8343863,15.155358,0.029099463,0.0010922804,0.05833304,2.4221454,3.3216784,0.17368421,0.13834397,0.11882353,0.08649259,-36.07438,ans,Ses04F_impro07,Ses04F_impro07_F073
490,27.000921,0.22359686,22.328852,24.984182,30.431417,8.102566,151.05165,151.22868,193.96092,447.48767,0.23915085,0.7230479,0.10226649,0.20415406,0.33366066,0.23139417,2.7947774,1.9086039,1.6383854,1.1804619,0.057432607,0.96794146,29.22009,0.41327012,-3.318471,-3.5383127,23.702414,0.7504579,-11.375125,-1.3459505,0.018303787,1.6398726,1.1443971,0.6841251,5.424728,0.43078476,3.0614166,2.3174965,23.147621,0.32209036,625.7408,0.38722295,1317.6462,0.1687682,-92.2336,-1.0148355,1745.1569,0.17183936,898.9141,0.2946282,-93.35291,-0.92432225,2755.7664,0.11446794,1044.5374,0.33926427,-94.40462,-0.90467834,-15.018443,-0.38975966,22.258654,0.29644468,0.037397318,0.62155366,-0.013613405,-1.0588094,0.07128824,0.8724255,34.58197,0.23951624,-3.5976584,-3.1595142,27.961315,0.69240326,-10.93004,-1.5859553,-9.086432,16.832844,0.017783398,0.0023246324,0.03864922,2.4539878,3.3057854,0.16562499,0.1546354,0.14230768,0.21239127,-35.328865,o,Ses04F_impro07,Ses04F_impro07_M079
491,35.957294,0.15346974,32.031715,36.180386,40.036232,8.004517,82.11333,75.24548,84.35131,93.245384,0.34164023,0.80021685,0.15318254,0.25531164,0.45551068,0.30232814,4.488864,2.9275236,1.7647285,1.4407061,0.10177651,1.1027048,28.098969,0.28084478,-16.32853,-0.833037,9.066635,1.8930613,-21.612095,-0.8091435,0.027206853,1.960935,1.2792933,0.5383045,5.5868096,0.5409655,0.97537947,11.389326,17.445646,0.58689564,738.2796,0.36061496,1278.1919,0.15670323,-87.75524,-1.0792683,1745.2731,0.16651992,1069.1157,0.2572029,-77.334946,-1.1397665,2776.7463,0.10449137,957.6547,0.29735446,-81.96076,-1.0331991,-8.570772,-0.56276244,20.396029,0.33590946,0.04515119,0.55995744,-0.007419331,-1.9889967,0.12635997,0.9799466,30.438997,0.23365049,-19.832222,-0.69642466,5.6038704,3.2746828,-24.352543,-0.6854035,-7.926328,16.950874,0.025745464,0.001527033,0.056164864,1.8682399,3.066271,0.19870968,0.17999537,0.12259259,0.09743346,-31.716784,o,Ses04F_impro07,Ses04F_impro07_F074
492,25.828606,0.19452062,22.314281,24.398735,28.919655,6.6053734,268.94168,218.04868,15.587995,11.040123,0.36565283,0.7450663,0.1523712,0.2979436,0.53139085,0.37901965,3.7676551,2.940503,2.0162373,1.3878672,0.08598301,1.1064153,32.22278,0.33756024,-13.868409,-1.0395069,26.926193,0.6141621,-10.889489,-0.97947985,0.014008116,1.5076795,0.98094356,0.83049685,4.965328,0.4706968,3.5386329,1.6695367,18.149897,0.38104433,547.33466,0.45636317,1268.5802,0.1443627,-63.35524,-1.4111685,1593.4646,0.17028843,933.7121,0.26827323,-65.24415,-1.2883383,2595.527,0.088540874,897.60925,0.2684743,-67.873886,-1.2118585,-9.67172,-0.54958874,17.226126,0.33859307,0.040117893,0.5234785,-0.009616471,-1.3048155,0.106992684,0.98322797,36.072987,0.20494331,-16.552015,-0.81718415,28.494577,0.6260642,-11.289908,-0.96862227,-7.657547,14.532338,0.012582611,0.0036356766,0.038320836,2.261905,2.2754493,0.29947367,0.20330101,0.11894737,0.12281328,-31.718298,ag,Ses04F_impro07,Ses04F_impro07_M080
493,27.628548,0.17762256,23.641342,25.338028,35.28401,11.64267,99.95393,100.55942,13.011758,7.614019,0.3204102,0.71079457,0.12606134,0.2540861,0.5561224,0.4300611,3.585384,1.9474732,2.8737006,2.0325172,0.0681427,0.9514314,30.324505,0.34594825,-5.5148716,-2.820882,30.551208,0.5478326,-8.082656,-1.4537218,0.0138146905,1.6812545,0.8952999,0.9587932,6.536238,0.51855326,5.546008,1.0721483,21.7747,0.39364707,527.0517,0.41331407,1317.1943,0.1752359,-65.5704,-1.351959,1614.2197,0.12896758,844.0929,0.36302638,-71.17415,-1.1366097,2620.0427,0.086161815,999.37354,0.32117334,-71.18378,-1.1354837,-12.27672,-0.5011779,18.954979,0.36809894,0.04100698,0.6546443,-0.008591852,-1.2288544,0.083810404,0.8116084,34.06074,0.2355501,-8.495396,-1.8542411,34.27717,0.5078301,-8.402692,-1.5463998,-10.600265,17.03555,0.007951243,0.0006175055,0.032683343,2.8070176,1.9469026,0.3518182,0.39431915,0.14,0.102425136,-33.74833,s,Ses04F_impro07,Ses04F_impro07_M081
494,27.759243,0.17368935,23.202265,24.571201,32.8894,9.687136,7.750056,5.8005233,25.360477,0.0,0.22167015,0.8836518,0.070303805,0.11993919,0.36178058,0.2914768,0.7938175,0.0984554,1.6217841,1.1173214,0.040179536,1.1189024,23.947836,0.5592448,-5.055066,-2.950738,22.654104,0.53227574,-10.57202,-0.6508171,0.011799186,1.1133124,1.0543108,0.50646687,5.074757,0.32946664,4.63855,1.5569551,15.756626,0.71299237,511.3194,0.30973428,1239.1676,0.25176919,-130.80975,-0.6971634,1533.3762,0.07780948,876.9668,0.20886447,-129.09111,-0.69571686,2540.54,0.08260603,904.6548,0.20182696,-130.82188,-0.669521,-9.525807,-0.47570404,18.040106,0.43291813,0.020114886,0.57915443,-0.019357534,-0.78722733,0.07094146,0.77963525,35.26253,0.15495111,-17.55838,-0.6988675,25.120678,0.6542527,-12.537799,-0.5173725,-8.693677,15.63184,0.0025920966,0.0021478552,0.022943843,1.2500001,1.9354839,0.18333334,0.11085525,0.2325,0.2216275,-37.92808,ag,Ses04F_impro07,Ses04F_impro07_F075
495,27.399258,0.2400545,22.072006,22.954151,34.0837,12.011692,617.93964,593.5589,35.015522,15.605744,0.23200399,0.50023615,0.123701096,0.22546509,0.34734648,0.22364539,1.5489732,0.5841495,1.6155826,0.835698,0.045387167,0.6589375,28.249462,0.37742612,-9.656949,-1.4076326,27.00171,0.48702002,-14.377559,-0.844384,0.042691138,2.9226494,1.2510185,0.7725234,3.5010378,0.996112,5.5389886,1.1022023,15.810961,0.3142254,626.66675,0.39357117,1259.5239,0.16741765,-81.595894,-1.1268166,1702.3228,0.13857983,903.3386,0.34721828,-85.03981,-1.031053,2661.7246,0.082430325,987.2067,0.24022004,-85.1868,-1.0287524,-9.95142,-0.42924336,15.910187,0.32376462,0.031768527,0.56449884,-0.012847806,-0.88557065,0.048675533,0.5365326,31.854939,0.20370072,-13.839403,-0.8343703,30.639864,0.421499,-16.528486,-0.850044,-9.0769615,16.424408,0.016543891,0.0023822878,0.04153752,3.1496062,2.8225806,0.20714284,0.1196082,0.12714286,0.095874056,-40.49734,s,Ses04F_impro07,Ses04F_impro07_M082
496,29.542936,0.20675185,22.387043,32.390896,33.93302,11.545979,573.15845,681.4321,31.219318,17.94646,0.19189541,0.563627,0.08674918,0.17405334,0.29521567,0.20846649,1.2822812,0.67526865,1.2775474,0.73448336,0.038610395,0.7341364,29.330425,0.24958949,-10.22065,-0.89908284,23.955242,0.5486018,-14.819744,-0.7568868,0.020712284,1.3160541,1.1447026,0.5140415,4.383253,0.5805154,3.7157707,1.8355244,18.127195,0.260929,628.9173,0.38037205,1320.855,0.13281132,-94.78174,-0.99736744,1702.9124,0.13708928,938.9222,0.31182584,-97.40621,-0.9196177,2671.2095,0.08804842,1018.03937,0.2440872,-98.83468,-0.8948662,-10.759152,-0.340079,18.08612,0.2792633,0.033539083,0.51148534,-0.012073969,-0.9810097,0.044015758,0.5310612,31.477188,0.2015566,-11.220702,-0.802596,26.441448,0.55469453,-18.337015,-0.7036689,-9.76182,16.61436,0.018055536,-0.00038937994,0.033292014,2.922078,2.310231,0.22857143,0.16881338,0.16,0.17528547,-42.201603,q,Ses04F_impro07,Ses04F_impro07_F076
497,28.909029,0.16781177,24.098373,28.669544,34.032234,9.933861,443.7877,376.35504,83.94752,71.72472,0.20270753,0.601149,0.07568385,0.19987912,0.29758802,0.22190417,1.8430532,1.3990782,1.582245,0.9546089,0.044422228,0.70713806,23.162308,0.59521437,-6.159435,-2.490717,21.012499,0.5965504,-11.869703,-0.99263144,0.028945649,1.3210859,1.535158,0.5057539,2.6698637,0.88140804,0.8921751,7.4629097,17.261835,0.57057095,578.4509,0.3769733,1337.8894,0.13361515,-144.96861,-0.56272715,1607.6481,0.14842385,1026.6478,0.19856122,-141.57784,-0.57057613,2581.2485,0.097516164,1055.1365,0.3075953,-142.58278,-0.55752087,-9.266858,-0.63900906,17.805895,0.35575843,0.033867553,0.49746674,-0.0047405153,-2.606852,0.06577501,0.45746407,30.547562,0.3008126,-13.144864,-1.1699325,21.824726,0.6271412,-12.184968,-1.316255,-7.1635213,14.121574,0.012818412,0.00072088896,0.035311043,3.4343436,3.8775508,0.07105263,0.064391464,0.16578947,0.14357524,-41.599255,ans,Ses04F_impro07,Ses04F_impro07_M083
498,33.094906,0.0642355,32.7368,33.374683,34.324383,1.5875816,139.26183,0.0,25.119114,4.256078,0.24224526,0.57797164,0.081380315,0.25366104,0.383877,0.3024967,0.92247736,0.46223867,1.3710057,0.3054379,0.0501064,0.7089773,19.194551,0.6578295,-12.034012,-1.4808247,17.248016,0.77037644,-16.640871,-0.75169516,0.021168107,0.73078334,1.6005218,0.44643182,1.6079667,1.576707,-3.6849296,-1.5322453,6.653057,1.0969706,625.15393,0.3968025,1305.9047,0.1352193,-155.09769,-0.4978878,1604.5477,0.14435883,1103.0022,0.16488507,-146.77907,-0.56553006,2523.1106,0.09313135,1071.3306,0.2689036,-147.62672,-0.55222917,-3.410799,-1.0639536,13.870478,0.31521705,0.038195703,0.3522206,-0.0022701938,-6.4843664,0.075885296,0.4022374,27.401434,0.18341629,-29.64004,-0.42301783,13.436451,0.88136625,-22.618557,-0.6907443,-4.6464553,11.394385,0.020570986,-0.00021846704,0.042103548,2.1739132,2.793296,0.088,0.09239048,0.20666665,0.14499041,-41.212357,q,Ses04F_impro07,Ses04F_impro07_F077
499,33.82942,0.22542141,27.310356,31.48427,44.231327,16.92097,136.88048,142.02783,36.17556,27.731064,0.4474708,0.6562354,0.16321,0.39770228,0.69179267,0.5285827,3.6809003,1.7818586,3.6025743,0.6879408,0.13611461,0.91418946,21.8962,0.70081306,-9.813493,-2.0029898,14.229052,1.4151621,-19.104586,-0.7924344,0.015543813,1.2631257,1.0658228,0.58993506,7.03901,0.5009878,2.6555207,2.7593365,17.355516,0.48410597,644.6672,0.35793978,1323.0876,0.24990687,-68.645744,-1.3169371,1659.2423,0.111169085,1047.7148,0.2853212,-68.379524,-1.1853243,2677.9714,0.09421791,954.619,0.25038257,-71.3531,-1.1058376,-9.084855,-0.69352055,20.168175,0.42218408,0.04253413,0.64493346,-0.011040381,-1.4622359,0.15911242,0.85052043,27.430918,0.40303317,-12.918106,-1.429235,13.209678,1.6346931,-20.756472,-0.7793127,-3.08047,8.373868,0.022270326,-0.004938765,0.06978616,3.1914895,2.747253,0.24799998,0.09927738,0.096,0.06560487,-30.181932,ans,Ses04F_impro07,Ses04F_impro07_M084
500,34.32716,0.22924149,27.285484,31.652985,44.34355,17.058067,113.87381,138.19711,21.356312,9.395437,0.42074704,0.6666922,0.1530747,0.36118445,0.6936433,0.5405686,3.4950426,1.7680178,3.0179949,1.1515543,0.123237245,0.9203461,24.903183,0.5422268,-12.274412,-1.5218819,10.560017,1.7947892,-22.53337,-0.72468805,0.0143440915,1.217917,1.112599,0.595831,7.1585274,0.47961727,0.47526923,15.172256,16.682142,0.4506478,692.15607,0.33365637,1321.8527,0.24740663,-58.762844,-1.4925964,1703.3984,0.1355331,1027.6355,0.33289242,-60.190792,-1.3279914,2748.0337,0.09192085,868.15594,0.32063034,-64.98198,-1.1800697,-7.688721,-1.0868348,21.289448,0.32424062,0.040506553,0.60475385,-0.011827482,-2.4071205,0.1483043,0.80945665,28.597982,0.348732,-16.66739,-1.1112785,7.2146964,2.7733285,-26.150003,-0.65686214,-5.4055214,11.905264,0.01846007,-0.0032151316,0.056507953,2.6229508,2.6755853,0.26624998,0.2664084,0.0875,0.06299801,-30.020584,s,Ses04F_impro07,Ses04F_impro07_F078
501,26.911201,0.19093776,24.275768,25.12209,27.462631,3.186863,49.661083,34.84383,75.86007,92.03107,0.39815283,0.5100133,0.21364439,0.35528088,0.58070135,0.36705697,2.8271952,1.4230357,1.1367846,0.71757704,0.094198234,0.73631096,31.55733,0.2636143,-5.9874015,-1.7554353,34.541306,0.7324262,-19.694632,-1.1151912,0.022331627,2.4764104,0.9746108,0.78006727,6.1480002,0.3965341,1.7460697,3.5880122,16.57558,0.36971763,630.4252,0.39217302,1295.4434,0.23380168,-45.546803,-1.7606823,1752.8813,0.1559307,788.69434,0.49763787,-52.961143,-1.3646379,2709.7449,0.09682099,931.7633,0.31116936,-51.249493,-1.4181371,-12.258759,-0.5089834,19.838808,0.24343206,0.038883585,0.502627,-0.020719303,-1.3902876,0.105608106,0.67145514,33.646957,0.19518021,-8.183668,-1.2551327,33.05416,0.79076135,-19.342953,-1.2553946,-10.323399,14.913998,0.009450836,-0.009846134,0.06124845,1.7937219,2.293578,0.33599997,0.14894293,0.08,0.07509993,-30.0572,s,Ses04F_impro07,Ses04F_impro07_M085
502,24.348803,0.020657202,23.841652,24.541912,24.805784,0.9641323,28.7656,5.1400356,0.14688428,5.682783,0.24414364,0.6097026,0.070363365,0.2534942,0.39589047,0.3255271,0.7735388,0.50274026,0.7904502,0.044899613,0.05662498,0.912223,27.074802,0.17669341,-1.5858244,-2.4874187,49.465317,0.40160328,-10.671365,-1.3062587,0.013552113,0.9292867,0.95590687,0.7758703,5.2848735,0.41496235,1.7056389,1.6557292,20.148817,0.31608343,465.70798,0.42211038,1350.5778,0.237739,-95.327515,-1.0144756,1609.9188,0.053899832,696.7951,0.64560395,-104.27971,-0.8165113,2530.1785,0.052502625,1037.6572,0.2980283,-98.276474,-0.9203405,-12.764893,-0.3579861,18.468666,0.37142766,0.026642196,0.48871762,-0.004367508,-2.3615615,0.078872204,0.6782131,29.868244,0.15886125,-0.66482264,-3.4227943,57.041958,0.32926044,-6.805687,-2.2464132,-9.690767,14.507608,0.0038384425,0.0025272595,0.036134917,0.89285713,2.8037386,0.18333334,0.08653837,0.15333332,0.18153664,-35.54658,s,Ses04F_impro07,Ses04F_impro07_F079
503,24.64402,0.1301654,21.844429,25.008345,26.334267,4.4898376,33.27807,15.234329,26.185143,21.179544,0.20115349,0.8846784,0.054420482,0.11121616,0.33769786,0.2832774,1.268253,1.0757093,1.0416884,0.6349803,0.046982966,1.1261294,21.622932,0.5189539,-3.8304532,-2.1979804,19.341143,0.944683,-6.803633,-1.1135007,0.018590825,0.8275993,1.091551,0.4118496,4.336139,0.5599516,1.3626662,4.066098,17.066002,0.41848835,655.84143,0.4378302,1413.184,0.24117516,-149.01108,-0.56463504,1723.517,0.10827398,931.83453,0.46428224,-149.13339,-0.53881097,2682.4949,0.06561759,1033.0596,0.29436165,-148.1823,-0.55328894,-12.908964,-0.28842017,18.160595,0.19488387,0.035948034,0.6813044,-0.0088805435,-1.6704913,0.09243573,0.42870006,30.781876,0.1993665,-5.398009,-1.8236318,41.709164,0.36786014,-1.798383,-4.4633107,-7.951751,15.901503,0.0117616085,0.004270597,0.03038128,1.5037595,1.5325671,0.1725,0.13045593,0.36599997,0.6151293,-36.9526,ag,Ses04F_impro07,Ses04F_impro07_M086
504,27.297615,0.17699155,23.431633,25.872551,30.80539,7.3737564,142.24077,187.47186,249.38069,447.69867,0.106183544,0.55988306,0.05863549,0.08734304,0.15194592,0.09331043,1.0014849,0.8871253,0.60252684,0.6434794,0.017659893,0.81339186,24.521484,0.3496601,-3.140046,-2.928432,16.786108,0.5017689,-8.8078375,-0.9077407,0.012388243,2.6764102,1.1000329,0.5366638,4.5544977,0.44074938,5.171737,1.7240747,17.620869,0.41164777,581.4082,0.3492009,1324.5167,0.1862434,-154.77216,-0.52737296,1587.8396,0.13440657,1083.9753,0.3042365,-152.83754,-0.52298987,2576.4775,0.08573987,1005.70703,0.3407974,-153.69116,-0.510993,-10.875553,-0.3663103,19.032936,0.28613737,0.023980647,0.7197529,-0.0109230615,-1.3558328,0.02722523,0.6670164,32.48363,0.1481157,-9.709231,-0.96894276,19.212927,0.5998948,-14.122583,-0.76671994,-10.399795,18.610092,0.003282361,0.006283345,0.014446417,2.142245,1.1187608,0.21923076,0.11525633,0.65307695,0.5492006,-48.33255,s,Ses04M_impro07,Ses04M_impro07_M000
505,43.64592,0.20472893,36.702194,45.245102,52.391697,15.689503,62.649174,10.447414,217.22647,166.75914,0.44808725,0.8400975,0.15360875,0.2666143,0.917777,0.76416826,3.9875798,1.6086246,5.9636436,3.3646948,0.19169414,1.2285078,19.447739,0.50908023,-17.449854,-0.7477154,14.347089,1.1369014,-14.548898,-0.9139746,0.045160532,1.178828,1.2917019,0.40554774,8.011248,0.3403664,3.1274626,2.8238857,9.050701,1.4517697,872.58075,0.2906808,1265.723,0.23559219,-114.90048,-0.7702447,1838.1497,0.10029488,1022.05963,0.25791845,-101.67182,-0.8539375,2810.7793,0.09091667,1101.378,0.5090835,-102.229836,-0.8439444,-8.470923,-0.86732495,17.22433,0.46148428,0.058910366,0.58470917,-0.0014790274,-10.967093,0.32867703,0.7883465,17.749754,0.6161938,-17.042051,-0.7868204,11.823971,1.8651875,-19.195253,-0.7648114,-3.5676532,8.55462,0.016918238,-0.0022168858,0.047426548,3.5714285,2.8301888,0.18333334,0.16213848,0.14999999,0.12355836,-28.307108,q,Ses04M_impro07,Ses04M_impro07_F001
506,37.462482,0.27147955,28.375599,36.72219,49.170628,20.795029,64.80262,0.0,113.8531,158.47209,0.19257654,0.7571991,0.06677197,0.14525138,0.31402826,0.2472563,3.0054052,1.586214,1.6066847,1.0397297,0.047249008,1.2259369,20.935572,0.3267037,-11.61966,-0.94407994,16.833145,0.655784,-11.0918455,-0.9067192,0.022895364,0.78523344,1.5252092,0.49281955,4.833684,0.8117332,4.627758,2.1453936,10.822698,1.244888,753.3693,0.4173746,1289.468,0.21062951,-168.14868,-0.40145332,1806.8005,0.14659141,929.9051,0.33313408,-160.96579,-0.44007376,2724.3047,0.10643011,1076.1229,0.33101025,-160.78326,-0.4433346,-10.046687,-0.5452541,15.625361,0.4827263,0.037566822,0.43862447,-0.010107178,-1.1076145,0.09736889,0.72102374,23.04877,0.38196656,-11.188011,-1.0483313,26.281555,0.6954243,-18.317684,-0.74385905,-6.3751454,14.229921,0.010795718,0.0053616273,0.035224706,1.6666667,2.857143,0.066,0.019595917,0.3275,0.2021602,-39.449387,ans,Ses04M_impro07,Ses04M_impro07_M002
507,46.873554,0.041261196,44.865383,46.934242,49.143906,4.2785225,44.505623,0.92780685,25.301039,34.65521,0.2764044,1.4302306,0.06582627,0.09958484,0.38801843,0.32219216,5.155985,3.5932236,9.393653,8.748618,0.109756134,2.1730938,14.97323,0.50136137,-8.478602,-1.6590586,13.958903,0.53387403,-12.241848,-0.8276806,0.017959882,0.9377529,1.1235695,0.41669396,6.630172,0.76282024,0.038652256,188.88562,-5.558247,-1.7039083,1125.6465,0.20228702,998.5035,0.2959428,-161.20308,-0.4615998,2037.7023,0.09629998,1154.6976,0.24766755,-153.31429,-0.52288425,2882.3467,0.062125396,1043.8341,0.20196648,-152.8657,-0.5286949,-3.5728352,-1.8930782,9.6135025,0.8153299,0.0759338,0.45665914,0.0029881056,4.7052083,0.37968227,0.9638437,9.0013485,1.0067458,-24.856873,-0.6170644,11.552684,0.9107632,-21.852627,-0.5872026,-7.823947,15.252617,0.008831217,0.009294502,0.022541834,1.6042781,1.0989012,0.22,0.01,0.4433333,0.3579882,-31.17195,s,Ses04M_impro07,Ses04M_impro07_F002
508,26.920301,0.11117127,24.208023,25.9568,29.486189,5.278166,523.311,498.00095,3.9975026,13.371816,0.17383046,0.51883966,0.08324415,0.1524232,0.27229002,0.18904588,0.9336465,0.65276045,0.58780354,0.22950543,0.032064967,0.68364054,19.91281,0.54415774,-0.90461254,-11.790711,18.191185,0.5744319,-10.786346,-1.0961655,0.014413148,1.0185661,1.1902088,0.4460884,4.64239,0.37337396,-0.32118306,-23.26487,16.423927,0.7546329,841.0947,0.27641082,1281.681,0.20544238,-130.85925,-0.693308,1877.8629,0.12540215,1185.4731,0.33547726,-130.6676,-0.6703515,2841.6743,0.09321355,853.3548,0.1961185,-131.82095,-0.6536005,-10.870865,-0.35429916,21.094387,0.3393907,0.035541687,0.5470072,-0.0033705842,-4.885165,0.048062038,0.45665672,26.910992,0.32073182,-4.0816913,-2.600201,15.24931,0.6915863,-13.265471,-0.97241205,-7.8627167,14.359544,0.01418863,0.0038379314,0.023349715,2.4390244,1.6597512,0.2175,0.16798437,0.29,0.109726936,-43.04701,o,Ses04M_impro07,Ses04M_impro07_M004
509,28.206741,0.23901626,23.729637,25.468596,31.010612,7.2809753,44.004665,33.743645,46.9658,33.75419,0.1464681,0.8668403,0.07541288,0.11416869,0.1847537,0.109340824,1.9304879,2.4580255,1.630295,2.0974724,0.031464294,1.6454448,25.283443,0.39069155,-5.78174,-1.9109852,17.58832,0.66778916,-10.706948,-0.974142,0.017175796,1.6191103,1.1472425,0.48113084,4.376669,0.73507845,3.0819638,2.8078983,15.922665,0.54257995,634.1512,0.38479382,1315.3872,0.16741394,-142.98322,-0.6068219,1658.9556,0.1743441,1034.2014,0.36773935,-141.95885,-0.59127235,2662.7136,0.104198486,912.50854,0.30879048,-143.05487,-0.57552165,-10.923473,-0.49485314,18.5542,0.34591207,0.03314193,0.67078257,-0.0047910777,-2.869974,0.05657628,1.3292056,32.256462,0.23271596,-10.668265,-1.0355375,19.754562,0.67544496,-15.331276,-0.8738741,-8.875869,16.469887,0.008989501,0.0054244227,0.019857183,1.2779553,1.76565,0.16863635,0.11989751,0.415,0.3804011,-39.84734,o,Ses04M_impro07,Ses04M_impro07_M005
510,39.79363,0.14138465,34.200226,39.356827,44.82669,10.626465,74.10567,104.59915,45.349293,38.360344,0.3666337,0.9910961,0.07803364,0.22485365,0.6471202,0.56908655,6.2996516,4.059094,4.6896963,3.2149684,0.15180346,1.7059206,22.59972,0.41810146,-8.772153,-1.8676493,16.369843,1.0467079,-19.78209,-0.8114598,0.023653172,1.2393807,1.0658165,0.7813971,8.903886,0.48475593,7.51623,1.234254,16.485992,0.71797264,779.217,0.32691586,1354.704,0.19398138,-112.980286,-0.80008996,1814.7527,0.12142693,1002.6783,0.29793248,-108.01092,-0.79836184,2847.0325,0.097341,1056.4613,0.38219982,-108.91565,-0.7846472,-11.891525,-0.7162418,21.2245,0.45023823,0.052779134,0.5784603,-0.009353045,-1.8635912,0.23982008,1.2635785,25.10579,0.36420953,-11.446655,-1.6873246,17.482798,1.2416171,-28.065437,-0.58606404,-8.440033,17.22403,0.009649457,0.0049847206,0.05775718,2.2776573,1.9629226,0.25555554,0.19123058,0.24588235,0.25402775,-28.573511,q,Ses04M_impro07,Ses04M_impro07_F004
511,30.013039,0.15903904,25.021912,30.013313,34.700657,9.678745,304.53238,360.29657,29.137527,11.791537,0.11816423,0.6423468,0.05806682,0.106625035,0.14840066,0.09033385,0.74438703,0.5745458,0.42961493,0.3831883,0.020970695,1.0073333,27.001463,0.29307628,-4.890302,-2.0620117,22.763996,0.722061,-11.336253,-0.887607,0.017854134,1.9017166,1.135544,0.55555904,6.350073,0.45114243,8.628195,1.2637383,20.019043,0.44019365,636.994,0.39894557,1322.137,0.26250064,-132.62294,-0.67110425,1707.5066,0.15909706,953.09155,0.41047776,-131.56712,-0.6516891,2683.0942,0.09198323,982.7761,0.2953938,-132.24716,-0.6404163,-11.641953,-0.45729566,20.98735,0.30417138,0.025629235,0.82105464,-0.0027169238,-4.2945285,0.03224776,0.9220611,32.224064,0.17252429,-7.085065,-1.5521852,26.977999,0.8208302,-13.432366,-0.91306585,-10.256582,18.491846,0.0017865638,0.0052886424,0.0143518355,1.2195122,2.1505377,0.16571428,0.19772689,0.27785715,0.28859708,-44.97582,ans,Ses04M_impro07,Ses04M_impro07_M006
512,36.979282,0.12459359,33.44587,36.25614,41.837067,8.391197,81.93987,52.288597,58.298912,53.226707,0.33953354,1.5071788,0.05337303,0.07405166,0.5323125,0.47893947,2.8853676,2.195592,6.861393,3.5017116,0.1948048,1.9356909,24.711401,0.28207478,-9.947311,-1.7433301,7.832323,1.6701955,-21.773876,-0.8504121,0.030071827,0.93509394,1.2050078,0.46938077,4.6878715,1.0375636,-4.5620856,-1.8288416,17.398067,0.8202013,795.048,0.25638628,1464.7765,0.1478777,-146.86433,-0.5963727,1738.9752,0.12206128,1387.445,0.1515779,-146.58116,-0.562884,2796.707,0.056598537,827.9907,0.3297569,-147.7202,-0.5457427,-8.202486,-1.7081769,24.790937,0.30133432,0.05772127,0.29016235,-0.011766117,-2.7250998,0.53624463,0.795562,26.95334,0.3443372,-19.966505,-1.3684496,-6.4814916,-1.5088936,-44.867702,-0.33541408,-9.398507,18.94329,0.007000021,0.005183365,0.06340981,1.0309279,1.5873016,0.17333333,0.03858612,0.42999998,0.4584757,-27.21339,a,Ses04M_impro07,Ses04M_impro07_F005
513,27.02521,0.13066219,25.099957,25.253403,28.592773,3.492817,83.480995,0.0,-35.74009,0.0,0.1400167,0.7448021,0.060329534,0.09940383,0.20991501,0.14958549,0.7521242,0.21496148,1.0147176,0.64125335,0.027811997,1.3208117,21.563036,0.5449926,-5.7219777,-2.0952637,17.533066,0.5601204,-10.212204,-0.7496658,0.010489331,0.20325094,1.492828,0.63985765,5.2255054,0.35085,-3.3556073,-2.5545883,11.563888,0.8844745,429.52576,0.31782278,1127.7727,0.16061273,-176.12056,-0.35375804,1585.1958,0.067408726,673.483,0.46838003,-178.64655,-0.3135903,2584.5183,0.061847884,892.06305,0.19176199,-178.01523,-0.32430086,-13.725406,-0.27092275,20.473093,0.2875886,0.03311464,0.95848805,-0.015388286,-0.7500227,0.031484436,0.37506798,31.016676,0.067226015,-6.473628,-1.0394387,34.61616,0.31970814,-11.594034,-0.24214806,-7.5618286,14.494022,0.016312305,-0.0018121444,0.028170645,0.84745765,1.7857143,0.06,0.04,0.48,0.0,-43.17806,b,Ses04M_impro07,Ses04M_impro07_M008
514,35.15424,0.08081758,33.76259,34.09971,35.328968,1.5663795,91.96845,27.180273,25.719334,2.966237,0.27869,1.1759833,0.07486133,0.15172784,0.30948722,0.23462589,2.9187133,1.5483105,0.9995506,1.7916856,0.08089638,1.6636153,19.316969,0.5642325,-8.831707,-1.6854995,12.324479,1.0569987,-15.746707,-0.8468924,0.02315289,1.2105614,1.4080501,0.61301816,6.71424,0.3810221,2.63112,4.164004,14.8432045,0.7808153,580.9454,0.3374507,1444.2943,0.123635404,-159.98564,-0.46949536,1720.767,0.09918708,886.5729,0.30672625,-157.04533,-0.47644147,2835.1086,0.053919017,942.9235,0.3357399,-157.53804,-0.4702045,-14.034293,-0.573118,22.68202,0.42536223,0.029555663,1.0637165,-0.02265374,-0.5946954,0.18699478,0.9057636,23.839773,0.30559367,-4.5928154,-4.5968943,22.842215,0.6350818,-25.954426,-0.64238995,-6.394315,14.083642,0.016517641,-0.0027216936,0.052219298,1.8348624,1.923077,0.114999995,0.095,0.25333333,0.16418146,-32.92609,b,Ses04M_impro07,Ses04M_impro07_F007
515,30.62794,0.2277166,23.693846,25.093819,38.108124,14.414278,35.2649,4.9070683,25.144165,35.601185,0.2765986,0.7438944,0.14494689,0.1939502,0.36547667,0.22052978,1.7459784,1.211895,3.223424,2.137209,0.070674576,1.2509408,19.540337,0.56696177,-5.9153585,-2.4739332,19.196466,0.8958315,-10.117818,-1.3414173,0.019254668,1.3046261,1.0584626,0.5470876,6.0100656,0.5208531,5.484915,1.632481,12.980207,0.42649212,502.41962,0.46574825,1300.5862,0.13199988,-119.8378,-0.7355822,1527.1,0.13297704,841.89923,0.20731671,-109.290184,-0.79099965,2528.052,0.08734936,870.6871,0.23543176,-109.366356,-0.7904594,-9.650824,-0.47983813,15.925293,0.40145358,0.039744236,0.66046727,-0.0068953307,-1.6026679,0.09520529,1.208314,26.104382,0.30122426,-10.004959,-1.5242203,29.647654,0.49902055,-14.929577,-0.8793175,-6.696886,13.371554,0.020549348,-0.0020054963,0.049631175,2.1126761,3.649635,0.126,0.070028566,0.105,0.11383467,-34.3732,b,Ses04M_impro07,Ses04M_impro07_M009
516,37.042015,0.15096258,34.01957,37.500393,40.8565,6.8369293,40.450405,17.466738,81.21125,103.33699,0.3179735,0.66143155,0.14610802,0.25785282,0.51800287,0.37189484,3.6781282,1.5778542,3.2002704,2.05244,0.083740406,0.94213814,24.82991,0.5221137,-10.388892,-1.564994,15.599145,1.0576837,-15.025148,-0.9307077,0.020556802,1.2488129,1.0100011,0.6292083,8.14972,0.40334696,7.61308,1.1206652,16.463535,0.55074704,639.3084,0.41339123,1394.0771,0.19648604,-98.83864,-0.90213346,1629.4338,0.1489879,1039.4365,0.22871242,-80.67585,-1.0317972,2655.6108,0.10456967,961.08856,0.33840656,-84.286896,-0.9554439,-8.572183,-0.63165057,19.082455,0.4012335,0.04558443,0.55088127,-0.003602833,-2.9005196,0.10721111,0.787464,29.802963,0.34440827,-16.039827,-0.9982181,15.665919,1.2314987,-19.641466,-0.6317525,-7.2953715,15.2958145,0.017557727,0.0025802986,0.044575028,3.2051284,3.267974,0.189,0.16470882,0.096999995,0.10854031,-33.81995,q,Ses04M_impro07,Ses04M_impro07_F008
517,32.70497,0.19726558,27.514032,30.45488,38.60806,11.094027,120.16426,121.58117,82.267815,108.65189,0.20770158,0.6983281,0.089008495,0.18083388,0.30067632,0.21166782,2.7242277,3.256224,2.9131353,4.006438,0.044381972,1.0742209,27.778093,0.33489034,-8.867724,-1.444902,14.911322,1.0110698,-16.217165,-0.7215664,0.01905488,2.3957105,1.036093,0.49805087,6.425604,0.5235555,2.7537487,2.8664682,17.9029,0.41052333,639.81177,0.38464218,1357.2258,0.18238282,-103.14923,-0.93424517,1654.7299,0.15430947,1076.0477,0.29377767,-99.81802,-0.8994222,2649.2224,0.09013418,862.82916,0.26042035,-101.754555,-0.864154,-9.841013,-0.43299147,19.555672,0.30368015,0.038679652,0.5338529,-0.0077786506,-1.4087498,0.058477964,0.8958062,30.872463,0.2510122,-12.39916,-1.079628,14.0324,1.2946738,-20.81213,-0.58569694,-9.657271,17.870722,0.010400202,0.0028882783,0.02858951,1.9908117,2.0092735,0.26076922,0.12200009,0.23583333,0.3379462,-39.23094,ans,Ses04M_impro07,Ses04M_impro07_M010
518,35.091103,0.16042529,32.22998,35.198067,38.998672,6.768692,116.21781,112.89203,53.065228,46.57504,0.49156225,0.7055641,0.19786882,0.38441435,0.7198391,0.5219703,5.07662,2.5249891,6.8741083,3.881638,0.18777081,1.2552912,26.789963,0.27929762,-11.897944,-1.1395319,20.62923,0.92700124,-30.850855,-0.7056174,0.036944643,1.4786817,1.1669301,0.5192104,5.2836294,0.5126549,3.7371178,2.3322577,16.69437,0.5366744,641.78186,0.41631046,1310.8611,0.19273657,-65.49108,-1.3307284,1699.2859,0.15778558,959.75323,0.3255875,-63.99373,-1.2097983,2725.8928,0.08852965,943.84784,0.4011748,-65.01054,-1.179359,-9.137331,-0.7637407,17.360086,0.45950106,0.05288011,0.42393893,-0.01739831,-1.0931736,0.22125727,1.1595021,26.703474,0.28882793,-11.668233,-1.3010399,20.727795,1.0114794,-36.18361,-0.6105345,-6.8053927,13.761952,0.037777413,-0.006374429,0.10589188,3.1347964,2.8753996,0.24555555,0.19172382,0.08222222,0.061423443,-28.570494,s,Ses04M_impro07,Ses04M_impro07_M011
519,35.145306,0.1603413,32.24179,35.23751,39.266724,7.024933,116.21781,112.89203,53.31277,46.532543,0.4900518,0.70866686,0.187773,0.38427705,0.7192096,0.5314366,5.0794683,2.5212712,6.8818502,3.8798008,0.18723217,1.2579777,26.785997,0.27858782,-11.854964,-1.1429611,20.60649,0.9266311,-30.78441,-0.70677555,0.036807995,1.4775814,1.1643745,0.51794785,5.311869,0.5109392,3.7898142,2.2934399,16.819193,0.5363334,644.33777,0.41505244,1309.3654,0.19248551,-65.14914,-1.3293936,1702.2834,0.15785047,961.81055,0.3242042,-63.79969,-1.2061324,2729.0164,0.08889793,945.0937,0.3992931,-64.850685,-1.1751475,-9.2188225,-0.7596637,17.513754,0.46316007,0.05260397,0.42836493,-0.017422166,-1.0871041,0.21964952,1.1655905,26.788553,0.28868806,-11.584653,-1.3070596,20.57315,1.0178827,-36.156948,-0.60840935,-6.9224267,13.965545,0.03746622,-0.006534656,0.10601912,3.1250002,2.857143,0.24777777,0.19418077,0.0811111,0.058773473,-28.584145,ag,Ses04M_impro07,Ses04M_impro07_F009
520,29.45625,0.15699884,25.650713,28.155779,34.17044,8.519728,269.00403,345.52527,6.9029603,8.528368,0.18855146,0.7650244,0.070374146,0.15539405,0.25451812,0.18414398,1.746516,3.505572,0.79361033,0.33267263,0.037985414,1.0059805,25.647543,0.43174756,-6.1894555,-1.7208695,16.969955,0.9091179,-13.106157,-0.9359026,0.011941428,1.2209957,1.0222201,0.64666283,6.114791,0.58451277,3.366331,2.1725662,19.763065,0.35433838,628.84546,0.41509908,1329.6759,0.11503966,-145.78581,-0.5895307,1656.2893,0.18442528,1085.69,0.3202749,-145.05948,-0.569097,2631.4321,0.111583576,968.0954,0.38957414,-146.20277,-0.55229044,-11.101389,-0.40908954,19.520811,0.30381548,0.038696833,0.5932989,-0.011502116,-1.0651944,0.0663756,0.767226,34.234814,0.21682397,-10.523738,-0.97403204,15.814295,1.2550075,-19.547144,-0.9145502,-8.409533,16.166466,0.009257454,0.0029826474,0.025280716,1.559792,2.101576,0.13083333,0.11041274,0.325,0.32745227,-37.71007,o,Ses04M_impro07,Ses04M_impro07_M013
521,34.647976,0.12548882,31.55591,36.426796,37.795025,6.2391148,38.031017,60.48276,18.676943,11.295475,0.33938977,0.7586619,0.12591486,0.25808498,0.51571417,0.3897993,5.0173826,3.3902726,3.7594154,2.698733,0.09459796,1.1133308,28.306892,0.32573494,-8.276271,-1.4506272,14.1861725,1.0006988,-17.624977,-0.92333037,0.012882043,1.0941647,0.99046314,0.7800379,8.239295,0.47392333,3.3295028,2.6931908,17.760744,0.4864425,593.026,0.3878229,1332.2803,0.1572897,-111.77039,-0.8502123,1627.0614,0.14735717,1047.4792,0.3313497,-103.09297,-0.8640156,2654.718,0.11971643,891.0079,0.3082288,-104.26706,-0.84371954,-11.370765,-0.43244493,19.299055,0.3409575,0.048860718,0.3324795,-0.016651511,-0.70530987,0.12537153,0.83567107,31.688921,0.2054788,-12.680128,-0.89671737,12.979433,1.4537641,-24.069977,-0.71761346,-10.666763,19.049244,0.01913014,-0.0003463459,0.06403989,2.6515152,2.7027028,0.18428572,0.183992,0.19166666,0.1573125,-31.678122,s,Ses04M_impro07,Ses04M_impro07_F011
522,34.87412,0.18671973,30.834314,31.802284,38.5868,7.7524853,38.333145,26.704319,35.804745,35.771126,0.33977684,0.77296776,0.17723367,0.2591113,0.44941497,0.2721813,4.7366114,4.480625,3.5707357,3.0541713,0.10256472,1.232335,27.338758,0.3852774,-7.580378,-1.9141473,19.047554,0.79509586,-12.657186,-1.0937843,0.016273608,1.1904924,1.1023333,0.59530216,7.0347676,0.4642149,5.3296638,1.6377245,18.575813,0.45988068,664.643,0.4009734,1282.334,0.19707221,-81.104996,-1.1061502,1694.7332,0.16082875,972.8663,0.2800648,-80.466484,-1.0367439,2691.93,0.10235524,905.3277,0.3026554,-82.446724,-0.99205905,-10.906615,-0.5657971,19.198872,0.3236648,0.045433506,0.49201974,-0.009954734,-1.7437193,0.11868518,1.1017616,30.270296,0.31049055,-9.6330805,-1.5562856,19.098785,0.83970743,-14.840048,-0.9324829,-9.3991585,17.072243,0.020490635,-0.00054910895,0.07418023,2.3489933,2.6996627,0.2325,0.21897964,0.12772727,0.14028968,-31.47752,o,Ses04M_impro07,Ses04M_impro07_M014
523,39.676315,0.20750068,31.319408,43.951057,47.138855,15.819447,54.43074,21.561287,31.308382,11.695076,0.5492014,0.6293597,0.23008923,0.46797293,0.9276566,0.69756734,6.444743,4.9134874,4.3599234,3.070257,0.20202419,0.87419564,25.248554,0.4326961,-11.07427,-1.5906531,10.899736,1.1816653,-15.699364,-1.0062639,0.02317041,1.0361018,1.2259989,0.49091434,6.957178,0.4946926,5.2877755,1.5179238,16.898712,0.57705444,778.59265,0.34425193,1217.5339,0.16910858,-42.798714,-1.4646789,1729.4843,0.1578322,1055.7274,0.27720568,-41.1092,-1.3828641,2743.9062,0.090921886,858.071,0.22566387,-46.8388,-1.1613892,-7.6537175,-0.6698444,17.97912,0.34696493,0.05363873,0.52926874,-0.0030191732,-4.924928,0.20357001,0.8308683,25.229626,0.4025859,-13.088006,-1.3067132,10.068517,1.292602,-15.876732,-0.9771218,-8.394146,16.475542,0.041102007,-0.00235292,0.22741784,4.1322317,3.3898306,0.24499999,0.22327113,0.04,0.019148542,-27.100283,ag,Ses04M_impro07,Ses04M_impro07_F012
524,32.185555,0.21927351,26.267673,30.718737,35.449196,9.181522,110.87377,170.61545,134.7684,160.45186,0.31216958,0.9449242,0.119849466,0.21825598,0.40369597,0.2838465,6.276656,6.113359,3.3927224,3.5808015,0.10552646,1.6281545,23.608456,0.465227,-9.663189,-1.5645118,17.883202,0.7562391,-14.439702,-0.884901,0.017523842,1.4672701,1.1777737,0.52705175,4.7218366,0.5334423,1.4495052,5.347929,15.0724,0.5569779,624.9091,0.41880813,1293.6554,0.21586457,-102.79972,-0.91608065,1633.5856,0.15584311,990.1317,0.27355543,-100.4078,-0.89281434,2634.841,0.09281261,925.33264,0.37737003,-101.97703,-0.8632376,-8.968308,-0.59774095,17.401754,0.3702349,0.044237923,0.5047927,-0.008950607,-1.4048909,0.13531162,1.4635359,28.21215,0.35687244,-14.463222,-0.95606995,18.097677,0.829249,-15.631093,-0.87297297,-7.4147224,13.9703455,0.026099842,-0.0008290724,0.07315067,1.7730496,2.8537457,0.17666666,0.17367755,0.15913042,0.151655,-32.32601,o,Ses04M_impro07,Ses04M_impro07_M015
525,40.945774,0.15765394,33.94929,41.407814,45.336895,11.387604,127.74092,95.08498,132.8005,100.62803,0.46850172,0.86858004,0.10966776,0.33335337,0.8057977,0.6961299,6.2097425,5.1227474,5.8165655,2.8797948,0.19804177,1.1975986,19.700161,0.42359373,-17.35868,-0.7925012,9.518216,1.4805751,-24.791252,-0.56030834,0.03613454,1.1726668,1.24353,0.48060125,4.1196356,0.7079852,3.2845397,2.5402591,12.68979,0.74277574,770.89197,0.33267552,1327.0442,0.22817048,-125.79534,-0.7170346,1721.7233,0.14357507,1081.6063,0.27871534,-115.11869,-0.7651446,2770.8782,0.07551322,909.51886,0.31319696,-117.141014,-0.73087424,-4.744826,-1.2471473,15.084707,0.51643145,0.0581033,0.35337397,-0.012293484,-1.2442962,0.3429164,0.72448844,19.276562,0.56273127,-23.030462,-0.6200765,5.2978497,3.2566357,-31.264109,-0.38382825,-6.0085106,13.897162,0.029808149,-0.0011978723,0.08651715,2.7667985,4.032258,0.102,0.07054076,0.12399999,0.13972831,-28.861614,ag,Ses04M_impro07,Ses04M_impro07_F013
526,31.848423,0.25631747,25.514002,27.423573,42.11211,16.598108,13.114275,7.870681,44.215805,0.0,0.15795046,0.68297595,0.06457548,0.11386474,0.262629,0.19805352,3.8730567,4.9148126,1.5671619,1.0319562,0.031117452,1.1551466,23.64274,0.44418594,-5.3123374,-1.0411178,14.7694845,0.59324354,-14.328665,-0.83278406,0.01801042,1.0424231,1.183722,0.4610144,4.250413,0.56323963,4.537093,1.363501,15.797205,0.6138271,842.0016,0.30977097,1293.676,0.2454743,-128.54913,-0.70576066,1866.8059,0.17529702,1185.3602,0.2931023,-125.63098,-0.69371974,2802.6636,0.07930367,896.17896,0.18143454,-126.49877,-0.6814507,-9.311052,-0.56775755,18.238743,0.3077094,0.03436209,0.4126412,-0.013042424,-1.1648653,0.05620073,0.81805605,26.495533,0.48854443,-8.040488,-0.5257563,15.376817,0.64745563,-24.115953,-0.5082385,-9.470799,18.885149,0.007617186,0.007762735,0.015053141,1.6949153,2.3255816,0.16499999,0.15141003,0.19399999,0.11324309,-42.84704,b,Ses04M_impro07,Ses04M_impro07_M016
527,39.682087,0.11148634,35.866787,40.39996,43.32312,7.456333,47.19957,25.479925,49.220474,45.741737,0.46016037,0.7383303,0.09958731,0.42091596,0.737358,0.63777065,6.4516187,4.4299326,6.2440214,3.2347498,0.16016616,0.98063576,23.283249,0.37010565,-15.063571,-1.0299524,15.808873,1.0726333,-23.335995,-0.79724354,0.022736963,1.2698932,0.9915933,0.6172469,7.7614665,0.47456717,7.746669,1.0658568,15.076661,0.62070525,703.9391,0.38667443,1390.5503,0.18240528,-95.356094,-0.95255524,1692.1263,0.14310907,1030.5513,0.33548024,-78.51513,-1.0712434,2724.6665,0.10226735,974.3987,0.28989252,-80.69989,-1.024449,-7.1251903,-0.88042617,17.278149,0.44096905,0.05478152,0.39982447,-0.007208776,-1.6939659,0.20964484,0.6987649,24.182465,0.35780543,-19.006802,-0.8250405,15.177473,1.275138,-30.33252,-0.59220636,-8.409278,17.387419,0.014791689,0.0049688118,0.068486094,3.3195024,2.096436,0.306,0.20499755,0.16444445,0.15812169,-29.748363,o,Ses04M_impro07,Ses04M_impro07_F014
528,27.566452,0.06563605,26.08279,27.310633,28.403008,2.3202171,34.433296,10.97473,15.59306,21.917496,0.12151343,0.60694194,0.056678742,0.09896284,0.17250177,0.11582303,0.73023915,0.31794605,0.47740936,0.2202541,0.024546826,0.87361974,30.568111,0.25839764,-8.640751,-1.0987616,18.446756,0.65365326,-8.686522,-0.9844011,0.016577128,0.84810966,1.341873,0.5200222,4.51591,0.47197253,2.3455186,2.8292234,21.877035,0.3622132,603.8374,0.35649228,1335.719,0.14377922,-143.3654,-0.612989,1664.2345,0.13880846,1006.2861,0.32375425,-146.30553,-0.5621356,2667.7256,0.10887083,982.8136,0.3057295,-147.1498,-0.5503044,-14.611535,-0.23379223,20.969093,0.21538419,0.033716567,0.5926633,-0.0125912875,-0.9911662,0.03930026,0.4788364,37.581673,0.13158411,-7.847551,-1.0467576,26.603271,0.53651994,-12.903034,-0.8781041,-9.313508,19.183058,0.0048207534,0.008332943,0.018638559,1.7897092,1.1312217,0.252,0.11303096,0.608,0.21544372,-45.954315,ag,Ses04M_impro07,Ses04M_impro07_M017
529,38.62433,0.17732224,35.386696,39.248592,44.51793,9.131233,413.2336,542.0826,54.62198,35.43881,0.2874085,0.9921019,0.06861966,0.17240536,0.46891305,0.40029338,9.039137,7.237871,5.681284,3.0180588,0.1176927,1.40701,23.42033,0.4449839,-8.79453,-1.2798803,17.036016,0.7159261,-10.910473,-1.0414027,0.03252448,0.5464116,1.6298343,0.71853,4.937455,0.6514314,13.533628,0.65254545,19.622562,0.5233927,652.397,0.39180595,1290.0068,0.191725,-169.40591,-0.3816693,1650.3019,0.13567905,946.6482,0.20108,-148.6812,-0.5246202,2684.6194,0.09868886,998.84485,0.28497675,-150.2354,-0.5028393,-8.588124,-0.7465641,18.613571,0.4201287,0.05111585,0.45005107,-0.0078110686,-1.6071992,0.23856145,0.83352786,24.731657,0.44944096,-15.774792,-0.7627469,12.813915,1.1379733,-17.335331,-0.7445338,-9.05586,17.682617,0.016001867,0.003041914,0.07337799,3.267974,2.9900331,0.08444445,0.052304897,0.206,0.17596589,-32.318375,s,Ses04M_impro07,Ses04M_impro07_F016
530,35.725166,0.23488426,29.456163,31.366455,46.72067,17.264505,91.690384,144.71954,190.35182,339.00684,0.37481838,1.1508356,0.10599328,0.22287598,0.57196766,0.4659744,5.542551,5.114586,8.824192,3.9964058,0.13209282,1.7043774,23.067911,0.45524642,-7.40989,-1.7050633,18.650524,0.7954115,-12.735156,-1.0906639,0.030063955,1.8445001,1.0992128,0.54285717,6.777738,0.4899451,3.8146741,2.104784,16.414198,0.5805586,769.0938,0.37406534,1305.7307,0.21804701,-102.8183,-0.8974868,1768.8142,0.15225412,1030.3646,0.3535691,-101.65975,-0.8610267,2782.6274,0.10390572,952.40546,0.3875003,-103.187485,-0.83369696,-10.368613,-0.6896779,19.419128,0.39288828,0.052698255,0.513273,-0.00456532,-2.5101986,0.18355541,1.5061203,25.596657,0.43373048,-8.669049,-1.62963,18.623257,0.92857426,-15.927655,-0.93336946,-7.629492,15.996803,0.017840242,0.0049524074,0.07486599,0.9057971,2.7422304,0.18666665,0.11205157,0.1475,0.19854157,-28.74433,o,Ses04M_impro07,Ses04M_impro07_M019
531,39.21864,0.22736664,29.79255,33.801373,48.540222,18.747673,32.990597,14.885563,93.97192,55.03403,0.66547984,0.81368405,0.25919574,0.54785293,1.0217081,0.7625124,5.632089,4.8743114,9.084612,4.1101274,0.26886934,1.1063211,21.83707,0.53759444,-11.721236,-1.2694271,11.640545,1.111658,-21.233435,-0.7413268,0.03474214,1.6076655,1.0908605,0.51508224,6.856952,0.5023201,1.4119495,5.219886,14.75191,0.6372141,811.98236,0.29808483,1258.0508,0.20151454,-70.37936,-1.2536746,1809.3514,0.11859196,1160.8513,0.28664657,-68.43011,-1.1610161,2782.398,0.070871875,911.1846,0.40968323,-71.84625,-1.0772798,-7.9139757,-0.9063433,18.029352,0.35111398,0.06315276,0.44906682,-0.0048276605,-2.7495358,0.29278967,1.13405,24.100294,0.47439995,-13.77411,-1.0742538,10.326611,1.2975788,-21.94073,-0.699679,-5.5416265,13.855242,0.04822814,9.712008e-05,0.23339902,2.183406,3.125,0.21714285,0.11093296,0.07125,0.024717148,-25.032988,s,Ses04M_impro07,Ses04M_impro07_F017
532,26.486713,0.14856383,24.521778,25.28103,27.03224,2.5104618,152.20247,171.69255,16.357178,14.085343,0.13324755,0.44288504,0.08603904,0.12156053,0.15484522,0.06880619,0.572672,0.3504592,0.61516297,0.36962077,0.020113492,0.4699551,29.6521,0.35541224,-4.7007246,-2.8428566,21.731462,0.6772815,-15.177931,-0.6644117,0.014555802,2.5043538,1.0112474,0.47422385,4.752719,0.4153085,-2.0938876,-4.846958,15.857594,0.67057055,569.83575,0.3875401,1245.0172,0.12552638,-98.938934,-0.976416,1643.0442,0.17377032,934.03937,0.2973823,-102.16597,-0.8866908,2608.1565,0.09873738,846.4694,0.258778,-102.94122,-0.87228,-12.412085,-0.46338195,19.830145,0.33506218,0.024890374,0.69403297,-0.0129523175,-0.93572205,0.023209218,0.44592658,34.26233,0.23503174,-7.628248,-1.9632344,21.602173,0.7447246,-19.504967,-0.53517306,-9.96122,16.671139,0.009015988,0.0002040118,0.016990012,2.464789,1.9538189,0.26,0.19135877,0.21166666,0.1804085,-46.112144,s,Ses04M_impro07,Ses04M_impro07_M020
533,27.51612,0.1152744,24.74406,26.667679,30.634163,5.8901024,66.688034,34.877846,11.820656,10.578675,0.14761479,0.48683646,0.083412096,0.14304847,0.20160791,0.11819582,1.0780576,0.47464052,0.9821613,0.39114067,0.028964711,0.6730675,31.679121,0.2960911,-7.3346314,-1.8011477,16.592684,0.696665,-11.57758,-0.9517209,0.016799377,1.6269978,1.1895301,0.5530771,4.7012773,0.46624133,1.1017629,7.5295124,20.8879,0.41372326,621.3746,0.37699834,1405.596,0.14877477,-101.634125,-0.94137424,1630.4165,0.16152602,1097.0001,0.22015506,-104.61522,-0.8591498,2680.716,0.10445333,959.0757,0.3066547,-107.30396,-0.8133213,-13.013041,-0.36406547,22.235495,0.24152763,0.027831089,0.70557296,-0.007912473,-1.7985213,0.03333953,0.46243232,36.650135,0.14841028,-8.341002,-1.3788804,17.29608,0.7428448,-13.693706,-0.94425994,-9.1273985,17.722334,0.008457218,0.0069449614,0.023323214,2.946955,2.186879,0.22636363,0.16433185,0.23099999,0.12778497,-44.837677,s,Ses04M_impro07,Ses04M_impro07_M021
534,33.24362,0.21982105,25.858131,33.568985,35.37573,9.517597,17.339804,11.1596775,100.46048,0.0,0.42704695,1.096563,0.12518238,0.18908094,0.9506421,0.8254597,1.3447506,0.5715236,2.2733474,0.0,0.16501123,1.5901861,23.765368,0.33315766,-12.027995,-1.7695365,13.414126,1.2143354,-18.45441,-0.69779134,0.015715694,1.1072158,1.2256473,0.51156324,4.594017,0.67556053,-0.02325834,-339.68857,12.074297,0.7801778,697.05695,0.404686,1451.8046,0.16533868,-95.04905,-1.0053375,1726.6218,0.12730291,1136.5134,0.4389843,-89.30725,-1.0242026,2699.764,0.07623592,974.20874,0.3209017,-91.267075,-0.9807321,-7.005217,-1.247234,17.409906,0.33139983,0.038779005,0.61925185,-0.001667566,-9.1507,0.24866366,1.1582433,23.124624,0.3501642,-17.142836,-1.4462538,15.576375,1.3169966,-22.076056,-0.62934196,-9.040401,19.605066,0.013866641,0.0071628704,0.06734508,0.70422536,2.238806,0.25,0.09092121,0.17,0.107082516,-29.320492,b,Ses04M_impro07,Ses04M_impro07_F018
535,27.253897,0.2360469,23.04805,25.482864,26.322308,3.2742577,24.683361,22.909845,19.056221,0.0,0.22231777,1.4418932,0.08381156,0.11937141,0.19499011,0.111178555,1.3416204,0.9479482,0.50244343,0.0,0.070510246,2.4686391,27.563057,0.32304192,-7.152792,-2.0369613,19.610601,0.71260947,-14.8619375,-0.8460867,0.010082842,1.2338268,1.1060266,0.5291521,3.840945,0.50478727,-0.9953353,-8.388356,17.229013,0.54439926,747.60657,0.32564926,1361.544,0.16477494,-107.09565,-0.8999107,1812.1444,0.15376395,1163.1934,0.360218,-109.87635,-0.82441735,2734.885,0.08782028,1030.5951,0.308661,-111.09769,-0.8017496,-11.563387,-0.6284041,20.674606,0.23089649,0.03674912,0.5843677,-0.008653369,-2.0213518,0.11100524,1.985612,32.00323,0.2701159,-10.500387,-1.5422294,16.035336,0.94118303,-20.869839,-0.68025726,-10.470932,18.00315,0.0061333813,0.00751437,0.034478173,0.2695418,2.4590166,0.18666665,0.14727148,0.22375,0.20278914,-33.63799,o,Ses04M_impro07,Ses04M_impro07_M022
536,35.527004,0.100822814,31.82299,35.1576,38.801346,6.9783554,46.33988,40.234516,10.648368,4.447907,0.33453393,0.736343,0.10862029,0.2922016,0.4873464,0.37872612,4.1813684,3.419353,3.6744068,3.3279042,0.08196308,0.9556794,26.846516,0.38289076,-5.3759127,-2.5326688,20.738642,0.83789766,-23.640903,-0.8628974,0.013432947,1.2794068,0.82248807,0.6512381,9.228779,0.27737877,5.825378,1.4220942,20.041306,0.41263604,642.81384,0.3677982,1371.5681,0.18032269,-70.42838,-1.243858,1671.2712,0.14594495,1039.3103,0.31886798,-71.861946,-1.113836,2721.7346,0.08586363,917.7348,0.40503988,-73.929726,-1.0634841,-11.984551,-0.52487195,20.291395,0.37115484,0.040910564,0.5464577,-0.011625248,-1.4100091,0.105097614,0.7769505,29.549046,0.28652006,-7.252306,-2.1280339,20.071756,0.98562783,-28.995218,-0.728534,-9.997365,18.394098,0.0031912166,0.005125109,0.02752189,3.073286,1.4354068,0.48666668,0.29192844,0.16142856,0.14475876,-32.79443,o,Ses04M_impro07,Ses04M_impro07_F019
537,35.99367,0.22975354,28.242079,36.257805,39.979626,11.737547,96.942024,60.97863,62.239124,61.111027,0.26766357,1.1357691,0.066691086,0.14000611,0.3699907,0.3032996,5.9050183,4.552658,4.4913325,3.7332678,0.09091457,1.5896872,25.244495,0.39290845,-9.851873,-1.2094272,14.527734,0.7613059,-18.350822,-0.77315766,0.028068513,1.157598,1.5032426,0.58908635,6.0777497,0.59755,2.481366,4.0109463,14.93096,0.7146859,707.0508,0.370473,1341.8252,0.25697404,-148.3787,-0.5485973,1750.4946,0.16519086,1042.9421,0.3416633,-138.95142,-0.59689254,2771.8892,0.11301874,997.85815,0.3957844,-139.9973,-0.58379483,-9.665786,-0.57473785,18.257654,0.4163501,0.043163273,0.5233716,-0.016145872,-0.9494605,0.17721753,1.0123338,28.519989,0.28870893,-16.19218,-0.84714055,13.992971,0.9593169,-26.663017,-0.58347255,-9.221778,18.293728,0.013346023,-0.00013389539,0.0423995,2.0560749,2.6565466,0.11642858,0.12045195,0.332,0.3429519,-32.2502,s,Ses04M_impro07,Ses04M_impro07_M023
538,39.07545,0.14315519,35.642715,37.944714,40.935497,5.292782,64.04567,52.522602,227.96329,422.29153,0.42413902,0.83184004,0.12228686,0.31236804,0.68933696,0.5670501,7.0730977,3.966274,4.667578,2.9638987,0.1500493,1.1377597,20.36992,0.59331506,-13.561877,-1.1558534,13.7842455,1.0383297,-20.127956,-0.7762289,0.02557235,1.2161459,1.283731,0.66489214,7.199199,0.53381354,2.1760092,5.2179146,11.817751,0.8038932,659.1829,0.41775864,1359.3273,0.24960728,-126.50213,-0.6991215,1671.9948,0.15609083,1014.8053,0.32107654,-104.96795,-0.847522,2712.5122,0.11801663,1052.4705,0.38001272,-107.20067,-0.81118256,-7.48908,-0.71375865,16.538101,0.44309562,0.05024889,0.3289652,-0.010249925,-1.4490156,0.22820497,0.76503575,24.416794,0.35595244,-20.1371,-0.69376487,14.684736,1.0990646,-27.55213,-0.50480914,-5.406669,14.23332,0.015035861,0.004907499,0.071987934,3.2941177,2.857143,0.17,0.13583077,0.188,0.17987773,-29.734612,o,Ses04M_impro07,Ses04M_impro07_F020
539,31.87404,0.20041086,25.291351,29.492748,37.5936,12.30225,32.91132,17.764656,16.675016,25.349995,0.2048558,1.0245706,0.060112286,0.13213651,0.27007538,0.2099631,4.150708,4.031286,3.2252438,2.5806577,0.056888875,1.4496912,24.590656,0.37619233,-7.037773,-1.9995987,16.431986,0.7084252,-11.55559,-0.97291064,0.02368935,0.9426791,1.2489575,0.510779,4.728903,0.7654433,2.2616117,4.3640985,15.447606,0.45849654,643.57355,0.40988448,1324.8158,0.17862268,-157.53424,-0.49059054,1637.1425,0.159334,1071.9918,0.27878466,-153.30614,-0.5097623,2644.0815,0.085718885,990.16125,0.42798316,-154.47781,-0.4928559,-9.273116,-0.54462284,18.565865,0.28562352,0.041946325,0.4291947,-0.00072352844,-17.534895,0.10278372,0.92123353,27.330688,0.35769677,-12.0763445,-1.1035367,17.877214,0.7610968,-16.584454,-0.94889635,-8.498462,18.003971,0.009484111,0.008236852,0.040942892,1.369863,1.9969279,0.11692307,0.090075575,0.39333332,0.4267578,-37.438873,o,Ses04M_impro07,Ses04M_impro07_M024
540,35.51508,0.13413781,32.206226,35.20296,39.825073,7.618847,58.292236,42.252815,63.42193,118.5356,0.258815,0.83418083,0.07812565,0.18525706,0.40761626,0.3294906,5.3402596,4.2108345,3.1752295,1.8627833,0.07863592,1.1208087,26.159336,0.3345418,-6.7963514,-2.510319,17.981068,0.8450525,-15.899836,-0.88226587,0.030771825,0.8241709,1.1902208,0.536324,6.5853624,0.55658895,5.849414,1.4991575,18.655098,0.41800478,710.9799,0.33390686,1293.7244,0.12789316,-117.05363,-0.7725901,1769.4017,0.15596072,984.43445,0.36237147,-115.42412,-0.7539721,2809.7422,0.09994163,968.5463,0.38841546,-116.71415,-0.73356694,-12.744923,-0.6360106,21.419428,0.36457652,0.038448785,0.5695632,-0.0061381725,-2.4079385,0.096634306,0.9250014,28.545046,0.296939,-6.914771,-2.6527696,20.245914,0.83570147,-22.186886,-0.6949083,-8.840998,19.67728,0.012515351,0.0070821303,0.064025246,2.240326,1.8518519,0.24666665,0.3499841,0.30374998,0.31854895,-35.93875,s,Ses04M_impro07,Ses04M_impro07_F021
541,26.298523,0.24107847,20.312431,22.313723,33.011204,12.698772,170.55568,0.0,87.12539,0.0,0.11773869,0.7206403,0.05755934,0.09029073,0.1651189,0.10755956,2.3642852,1.4597975,0.6835465,0.38507983,0.019205699,1.2094905,19.24134,0.52527976,-5.1101923,-1.7838565,13.988623,0.4897154,-7.898809,-0.79765326,0.0689726,1.7213889,1.7535391,0.5368381,4.1823964,0.422267,8.014847,0.41775697,26.11413,0.53482,892.2222,0.20993538,1327.4822,0.17559627,-190.5517,-0.21626356,1886.0599,0.12405382,1247.5566,0.17494918,-190.3811,-0.21591914,2876.6738,0.076201275,1010.48566,0.4718701,-190.66545,-0.20965557,-16.01351,-0.2686983,26.628246,0.16750392,0.008169472,1.6310743,0.010616925,0.62560374,0.022707913,0.9362742,30.44599,0.25750577,3.3883798,1.3852298,23.006584,0.22729379,1.7518506,4.351229,-6.7405014,15.4599285,0.0038067899,0.00780893,0.017768482,1.1990408,0.48543692,0.11,0.07,1.2833333,0.28193772,-48.723644,o,Ses04M_impro07,Ses04M_impro07_M025
542,39.97488,0.15453075,32.99129,41.507294,44.969566,11.978275,56.0225,38.623493,90.36756,103.82248,0.63005596,0.79547143,0.20367227,0.47833848,0.88083696,0.6771647,14.111929,10.580042,10.184338,6.53406,0.27542865,1.2471919,21.539839,0.49178827,-20.065388,-0.62974876,17.997583,0.9050679,-20.904425,-0.74371046,0.03357155,1.360779,1.0547177,0.4971716,7.358729,0.43807986,6.835005,1.2794513,11.510329,0.82580125,715.38556,0.3909681,1251.5785,0.19351089,-92.41596,-0.9955495,1721.7764,0.1335823,942.24023,0.36322325,-79.02667,-1.0921006,2702.2998,0.08421654,968.65485,0.30982667,-79.4739,-1.0815854,-6.131194,-1.1982337,14.051772,0.45304564,0.057611242,0.43335193,-0.008622778,-1.9920415,0.3759819,1.0115722,21.966774,0.52279264,-24.254004,-0.52372086,19.040781,0.98583907,-26.364395,-0.6269607,-6.0496073,13.832404,0.026044218,0.00094648206,0.09872957,3.4722223,2.1201415,0.29666665,0.2378842,0.13142857,0.12955181,-25.216385,s,Ses04M_impro07,Ses04M_impro07_F022
543,28.298271,0.14747913,24.945768,27.25846,32.217865,7.2720966,322.5856,462.13733,78.52211,121.25453,0.14085458,0.9471912,0.05342803,0.09779477,0.18384406,0.13041604,0.99543494,0.7517393,1.883827,2.1564546,0.02848867,1.1152388,31.044634,0.19718893,-7.902243,-1.1733941,21.41827,0.5012893,-10.801278,-0.9302168,0.014702657,1.6806414,0.9975417,0.4668596,5.053168,0.5117592,2.6312335,2.860328,19.952261,0.39362404,599.33606,0.39630178,1300.0267,0.15498202,-131.06839,-0.7013454,1661.4736,0.1552698,992.1116,0.28346103,-131.44652,-0.662413,2644.234,0.09138882,1000.2333,0.3112162,-132.63795,-0.64506465,-12.502839,-0.4602737,20.03695,0.35194734,0.032457825,0.6460236,-0.010453798,-1.2270166,0.045620054,0.8860962,34.999493,0.14823695,-10.897995,-0.9647946,25.530294,0.47979563,-14.671293,-0.92032814,-11.935837,20.915522,0.005846527,0.004866553,0.018603155,0.85470086,1.8965518,0.18727271,0.16798759,0.3888889,0.3267158,-41.568275,s,Ses04M_impro07,Ses04M_impro07_M026
544,33.18112,0.07402558,31.931896,33.14264,34.587402,2.6555061,53.847973,37.745518,109.91351,177.33101,0.23314553,0.8268331,0.07319316,0.15051588,0.41199455,0.33880138,3.1627042,2.350203,2.5117795,1.747408,0.060344804,1.0226475,29.508512,0.31299615,-3.508148,-3.2038174,20.985064,0.6088848,-10.819839,-1.2560838,0.025293464,1.2391675,1.1185544,0.68745965,6.86041,0.50920653,7.7607884,1.0176829,21.62982,0.5773873,635.0054,0.4071802,1357.8489,0.18154414,-107.28081,-0.8350879,1720.908,0.16638033,1041.5356,0.31592447,-107.69268,-0.7747654,2748.6152,0.1101646,1125.6478,0.3254294,-108.84298,-0.75784063,-14.46399,-0.62612784,22.787653,0.46718076,0.026816579,0.8702412,-0.0059052003,-2.0944138,0.07938772,0.80261797,30.987917,0.3097299,-2.2773252,-6.167045,25.230955,0.56318724,-15.526213,-1.0378013,-11.554931,22.372297,4.5727542e-05,0.0050334223,0.034977663,3.5947714,3.654485,0.13363636,0.12338209,0.12,0.078276895,-37.00417,b,Ses04M_impro07,Ses04M_impro07_F023
545,32.087948,0.2212892,25.037508,32.200256,39.598476,14.560968,108.28461,152.01367,188.05032,314.66675,0.29946172,0.89746135,0.10160191,0.19926706,0.49257055,0.39096862,7.5030947,6.884307,4.691981,3.8177915,0.08250202,1.2520685,27.652925,0.34541926,-10.635247,-1.3501844,19.952547,0.5491216,-15.101964,-0.74794203,0.018297218,1.3721597,1.0915915,0.5588475,4.61653,0.69357944,5.1357274,1.6793158,16.023718,0.5857773,682.3971,0.40446526,1350.0293,0.16538197,-99.03816,-0.9443517,1692.0969,0.15254691,1120.966,0.25623226,-93.35692,-0.9535607,2670.7375,0.09956189,1038.1649,0.43364412,-95.65179,-0.9094275,-9.1051,-0.76567125,17.142668,0.44293785,0.04057834,0.5135125,-0.0045814537,-2.665949,0.11524673,1.0276291,30.29614,0.2872791,-15.97691,-0.9359932,19.9859,0.60911477,-17.223663,-0.7015227,-10.064989,17.564642,0.018007867,-0.0012531448,0.03869728,2.2020726,2.9986963,0.17999999,0.15134181,0.14619046,0.152549,-33.989838,s,Ses04M_impro07,Ses04M_impro07_M027
546,35.869267,0.15315466,32.12849,35.83452,41.023876,8.895386,76.92775,28.706964,30.2353,20.747318,0.36582536,0.7640067,0.1252527,0.31117278,0.5866717,0.46141902,6.9745073,6.020847,4.8289948,3.6686385,0.109434806,0.94539726,28.673193,0.30705133,-11.471666,-1.4274145,20.282402,0.76331997,-22.1794,-0.64046943,0.024937218,1.5191449,1.0886512,0.780707,6.3765593,0.53498584,7.4691706,1.0308204,18.299658,0.6181934,697.6139,0.35679504,1319.9473,0.14490533,-85.406265,-1.019901,1739.1885,0.14241688,1046.9557,0.2988978,-76.65365,-1.0524482,2734.8293,0.10807697,1041.9263,0.3628488,-79.02825,-0.9993488,-9.543774,-0.79189295,18.80209,0.49672145,0.047466673,0.41287702,-0.0097885,-1.4854476,0.13631041,0.8180387,30.003521,0.3032548,-13.9230795,-1.2287192,21.042744,0.8315787,-24.818392,-0.5940611,-9.615433,17.439274,0.021892227,-0.0056127184,0.05749086,3.598485,3.250478,0.19882353,0.10996696,0.09933333,0.065570995,-32.75211,q,Ses04M_impro07,Ses04M_impro07_F024
547,34.765724,0.15279096,31.325918,34.00713,42.246124,10.920206,106.592445,78.209045,54.456463,42.2858,0.15876094,0.6933475,0.06903735,0.1222524,0.22248343,0.15344608,2.8047004,1.4098452,2.1322663,1.9538838,0.04369764,0.7569585,31.61099,0.30077675,-1.9156287,-5.735163,17.482075,0.6904578,-15.1882715,-0.9623589,0.03704329,1.4972098,1.36754,0.47114912,6.4583287,0.52103597,7.4433603,1.1555823,24.51404,0.3736092,736.60004,0.2460946,1346.4093,0.17073512,-138.65825,-0.6026497,1820.1362,0.13406958,1094.2812,0.21125701,-138.37582,-0.56281626,2828.8213,0.08172815,947.16064,0.2263552,-138.80267,-0.5578139,-17.615562,-0.43722674,27.311924,0.3564936,0.03364725,0.5938961,-0.015594502,-0.83334464,0.055787947,0.5615257,35.87657,0.18134256,2.0054417,5.3173523,16.568457,0.79257476,-21.401411,-0.70951295,-12.745608,21.410471,0.010092368,-0.0034312664,0.036410462,3.0150754,3.0927837,0.10833333,0.07127802,0.195,0.18571931,-41.774662,ans,Ses04M_impro07,Ses04M_impro07_M028
548,37.129894,0.123185225,33.095966,36.540504,40.391285,7.2953186,48.55221,34.688705,60.168056,47.50228,0.39877042,0.71871936,0.11738868,0.36036372,0.6257243,0.50833565,4.872938,2.2757607,4.0539913,3.205669,0.13120921,0.9833248,24.7803,0.43367615,-9.076584,-1.6094766,20.821571,0.89791787,-23.225864,-0.9021269,0.025339667,1.2498499,0.9950748,0.5694066,6.8633685,0.5202831,6.2941666,1.524951,15.607753,0.6332541,672.4128,0.39594597,1308.303,0.19117577,-91.95248,-1.0078498,1728.8112,0.13439856,977.82367,0.44656968,-85.10105,-0.9903021,2723.8203,0.097774655,990.1854,0.33553308,-84.54528,-1.0026232,-9.498056,-0.7391693,17.243835,0.5175857,0.05457852,0.41975737,-0.012031728,-1.3491179,0.18072347,0.74005413,26.244799,0.36556587,-12.382469,-1.2488748,23.823679,0.90459585,-31.667301,-0.65366894,-9.340941,18.044573,0.013988458,0.0029748043,0.04630668,3.0973454,1.9345238,0.32076922,0.30062655,0.19,0.25341007,-31.252792,q,Ses04M_impro07,Ses04M_impro07_F025
549,33.03875,0.14770965,31.353836,32.64761,37.108513,5.754677,31.390562,13.876342,54.23423,6.298359,0.24897327,0.8034163,0.06941219,0.1728582,0.4440618,0.37464958,2.3604832,0.9212447,1.9952205,1.3607019,0.07077363,0.9715777,27.332684,0.36587098,-3.201739,-4.4093733,20.476141,0.8175394,-19.33191,-0.88511294,0.029882777,0.9855622,1.1358984,0.41229063,3.711226,0.6690948,9.838232,1.724043,17.985415,0.6514699,661.29816,0.34087595,1314.058,0.1529875,-126.185905,-0.71105254,1775.5458,0.14338908,922.4537,0.3428024,-126.91556,-0.6701307,2739.5056,0.09850761,1117.3438,0.37409928,-126.356094,-0.6807826,-8.352479,-0.72137344,16.317186,0.6058898,0.04537889,0.57824224,-0.014802979,-0.7830331,0.10426222,0.52418125,26.806108,0.37045273,-8.097073,-1.5299908,26.8625,0.8222194,-31.078606,-0.63979715,-13.240439,20.799988,0.0077988203,-0.002054343,0.04022612,2.5641026,3.1578948,0.118333325,0.106835805,0.212,0.23760471,-37.167175,ans,Ses04M_impro07,Ses04M_impro07_M029
550,35.77228,0.100733384,34.16731,36.07703,38.363735,4.1964264,51.510612,32.853596,29.792107,9.539676,0.30794597,0.77831817,0.09500728,0.2217238,0.5051884,0.41018113,3.9512744,2.3426356,4.191585,1.8006794,0.08988035,0.9177251,24.728981,0.43964764,-4.7525034,-3.0862863,16.795038,0.92349905,-22.910284,-0.72442836,0.019662246,0.8451998,1.1746786,0.81172717,6.9336157,0.42702496,4.557499,2.505031,18.690079,0.6013105,672.93134,0.43323183,1246.5309,0.19864315,-110.86565,-0.8207866,1723.5183,0.18785259,1112.9697,0.4231208,-100.17839,-0.8773063,2725.6753,0.12155518,914.5116,0.29099676,-101.38882,-0.856177,-9.307275,-0.6419622,18.195719,0.359874,0.044532042,0.5987263,-0.01008066,-1.2762518,0.13395134,0.6077147,27.36834,0.2933422,-11.517763,-1.0852636,17.78881,0.9459469,-30.547056,-0.58235955,-10.2101555,18.082249,0.015399433,-0.00019344022,0.0408939,3.187251,2.8571427,0.18142857,0.11432141,0.14857142,0.13726185,-34.407448,o,Ses04M_impro07,Ses04M_impro07_F026
551,32.540157,0.122279145,27.747349,34.115746,34.984444,7.237095,94.51474,83.31307,-167.19083,140.17545,0.15890937,1.0356318,0.07355669,0.09371635,0.17862156,0.10506487,3.981559,2.8355079,2.29732,1.8158675,0.03774598,1.3275038,24.32233,0.38160786,-0.26402906,-45.269623,19.112514,0.6986814,-18.745575,-0.7184873,0.041998044,1.7600913,1.1616663,0.7458538,4.6615033,0.46565986,0.4199796,25.770609,16.033848,0.6251007,587.7461,0.4133728,1333.24,0.19303004,-158.96848,-0.48324078,1678.5645,0.17772546,963.5662,0.3207549,-156.59586,-0.48616555,2651.3555,0.091062434,978.6894,0.25830358,-156.43039,-0.4887804,-10.9353695,-0.5603473,18.41933,0.40113497,0.02912235,0.58538955,-0.012223199,-1.4011785,0.09363419,0.79662293,28.036257,0.27810016,-8.607392,-1.6071645,24.468199,0.7945468,-25.618017,-0.75413597,-11.473654,18.41565,0.011666915,-0.0029417027,0.02126482,1.724138,1.7621145,0.125,0.044999998,0.42,0.42041644,-40.81608,s,Ses04M_impro07,Ses04M_impro07_M030
552,40.578213,0.14816795,35.26289,40.556667,45.39297,10.130081,67.14733,62.164677,45.400097,30.826857,0.7323584,0.79175663,0.25248304,0.5678316,1.1825118,0.9300288,13.395563,13.305564,9.2050295,3.7279277,0.3280885,1.061755,24.967329,0.360817,-18.54631,-0.9341106,6.6273174,2.326252,-22.55605,-0.6181542,0.02202744,1.0671309,1.1663538,0.579676,6.0775957,0.5546507,1.4113364,6.459791,15.391533,0.68618053,749.9531,0.34275016,1375.2852,0.2107529,-83.26445,-1.1034799,1723.9526,0.16540319,1122.321,0.24692772,-70.68106,-1.1903156,2761.6086,0.1080852,1011.1113,0.33520377,-75.32023,-1.0743678,-5.5538692,-1.5150336,18.815239,0.4094504,0.04682921,0.5113586,-0.006607956,-2.1423228,0.36914596,0.8476465,25.239258,0.39163178,-22.587519,-0.7400342,4.848935,3.5482707,-26.12609,-0.5632713,-8.40274,18.96548,0.019344978,-0.0004827473,0.25342885,3.0534353,2.8423774,0.2309091,0.28560793,0.1211111,0.1621004,-24.300545,o,Ses04M_impro07,Ses04M_impro07_F027
553,40.393692,0.14259458,35.414806,40.159992,44.17145,8.756645,69.03828,61.813763,40.03118,34.44999,0.8339389,0.6991965,0.36580124,0.691386,1.250085,0.8842838,15.228564,14.197801,9.352895,3.7066455,0.36795005,0.9631256,24.882074,0.3850831,-20.623457,-0.84051293,7.5388746,2.1934545,-23.748325,-0.6035288,0.020937499,1.1362265,1.1579729,0.6079576,6.2314453,0.5538637,0.5296069,16.90431,14.651448,0.7403406,762.5784,0.33333167,1366.3013,0.20389277,-65.60181,-1.3137016,1746.4354,0.16459018,1112.6592,0.25182113,-56.037395,-1.3561023,2780.2869,0.10965606,1031.0695,0.34494582,-60.849934,-1.2018082,-5.5405784,-1.5909592,18.991068,0.41707706,0.04439529,0.53534055,-0.007700977,-1.8925085,0.37468678,0.85338086,25.465258,0.3889759,-21.94922,-0.78847593,6.096092,2.9204962,-26.39336,-0.5657627,-7.0805845,18.242622,0.026990121,-0.0005887151,0.34314743,3.5369775,2.9508197,0.2488889,0.30917254,0.0775,0.041155193,-23.539284,q,Ses04M_impro07,Ses04M_impro07_M031
554,33.454,0.17293213,28.70011,32.17805,37.32891,8.628801,11.324032,7.288736,44.05107,7.269577,0.27949646,0.89536905,0.11302946,0.17817742,0.40522614,0.2921967,3.8122509,2.9329026,1.749926,0.8556364,0.08145648,1.4900287,25.846205,0.2971642,-10.815152,-1.1221517,13.905422,0.84541124,-14.884389,-1.0912384,0.02444454,1.115459,1.2003987,0.52442217,4.3998494,0.67806286,3.0593443,2.1914613,17.81768,0.40423733,617.33777,0.40121415,1340.4016,0.1296726,-125.2059,-0.7283359,1617.0822,0.17978913,1124.5459,0.26156864,-116.69931,-0.7634584,2650.6711,0.11512152,951.47784,0.33220622,-119.00759,-0.7266679,-8.015035,-0.55459034,18.420826,0.32553384,0.042816877,0.5332524,-0.009381861,-1.545302,0.13950758,1.0534388,28.673357,0.24736544,-15.8216505,-0.87816167,10.280119,1.3641937,-23.951368,-0.8168214,-8.124741,16.441763,0.016018797,0.0026704024,0.036377605,1.1904762,3.0211482,0.138,0.14062718,0.173,0.14036024,-34.288406,ans,Ses04M_impro07,Ses04M_impro07_M032
555,35.059437,0.06407786,32.573433,35.551548,37.116745,4.543312,20.076838,6.2800426,28.928864,12.074125,0.35970837,0.7612775,0.10808492,0.24130899,0.63713145,0.52904654,5.913378,3.907931,3.600836,2.201546,0.098055415,0.9731032,28.496971,0.25852206,-7.988037,-1.5712358,10.373156,1.2034997,-26.707563,-0.80397564,0.018692754,1.2111633,1.0420314,0.55081886,7.271211,0.43512625,0.43635896,22.592495,20.66609,0.36306894,613.24176,0.37890616,1461.989,0.19075878,-96.98765,-0.9792726,1609.6976,0.16302283,1212.6659,0.38166106,-83.68676,-1.0627117,2736.3457,0.08513485,919.3358,0.4516755,-89.38049,-0.9452594,-9.019775,-0.6094221,21.55036,0.3142238,0.0518804,0.38327885,-0.013191869,-0.9379699,0.14723596,0.6319248,30.91282,0.19775543,-11.130557,-1.3043305,7.555656,1.8147879,-37.238567,-0.55548996,-9.521461,19.449951,0.012035456,0.0030899737,0.022515163,2.9850748,1.9011408,0.318,0.25238067,0.2325,0.09038113,-32.065586,o,Ses04M_impro07,Ses04M_impro07_F028
556,29.866446,0.20536394,25.685066,27.34199,36.299892,10.614826,142.0222,117.338844,50.57428,35.354034,0.20702153,0.9607942,0.057450823,0.1435343,0.29783544,0.24038461,6.6875076,5.524479,3.6874366,2.7617316,0.05483487,1.4711397,25.46014,0.39761847,-6.5800533,-1.5828497,15.723336,0.8013358,-12.748645,-0.9490366,0.020798286,3.1620092,1.1778828,0.6571039,4.7049904,0.5169327,5.939424,2.1051533,18.49308,0.45722404,607.8429,0.3569483,1355.5718,0.15755403,-125.49935,-0.7463091,1632.8138,0.14728472,1056.8544,0.35266852,-124.5984,-0.709362,2640.1543,0.08661404,959.065,0.2765562,-125.39752,-0.6977076,-11.212409,-0.43521523,18.365282,0.32044083,0.03562786,0.7037596,-0.013118916,-0.994119,0.08198392,1.1618625,29.654081,0.28374875,-7.48165,-1.5180146,17.555056,0.96105504,-17.72133,-0.88132834,-8.641919,17.543087,0.0062223696,0.0044171917,0.036084387,1.923077,2.3578362,0.16294117,0.14867115,0.27333334,0.30291176,-37.602863,ag,Ses04M_impro07,Ses04M_impro07_M033
557,32.904125,0.09517516,31.866982,33.357376,35.41218,3.5452003,24.743353,24.038403,5.850498,6.0320177,0.22483988,0.8039946,0.051734935,0.16651759,0.38633305,0.33459812,3.3694308,1.4271164,3.8614168,2.1459544,0.04867845,1.0583422,28.223736,0.33821374,-1.1838515,-7.8634596,23.207952,0.6370637,-13.049037,-0.88616985,0.011316895,0.95999396,0.92333144,0.7958621,8.208426,0.37597793,4.8576074,2.1948733,18.429996,0.4876847,501.6698,0.35627967,1279.2017,0.14525323,-90.78259,-1.0468776,1613.2964,0.13910098,868.5021,0.302873,-96.09876,-0.89276135,2607.8174,0.09597193,973.12646,0.2400554,-94.6825,-0.92042917,-12.907959,-0.46622938,19.787008,0.49816653,0.046391793,0.50084615,-0.014985001,-0.78467834,0.072294034,0.73335147,30.598856,0.3477748,-2.2714384,-4.8618574,30.555695,0.48144752,-17.17018,-0.7654874,-12.17256,20.957365,0.006787199,0.0023298324,0.01630367,2.6755853,1.3605443,0.42249998,0.32995266,0.23200001,0.23198275,-36.23319,o,Ses04M_impro07,Ses04M_impro07_F029
558,31.179527,0.24344453,23.747738,29.795218,39.222248,15.47451,62.94038,44.139072,32.461277,4.954819,0.2086056,1.2361768,0.061382264,0.124986,0.27548578,0.21410352,3.3033519,2.9565024,7.8017073,5.688881,0.052506186,1.6874981,26.79123,0.388376,-8.016782,-1.4157517,22.708889,0.58985215,-13.015082,-0.81263906,0.02093964,1.0859044,1.2032636,0.5713026,4.8602886,0.7126891,2.5018234,3.0535455,18.496014,0.42114428,600.0385,0.4548009,1285.1362,0.13088372,-126.935715,-0.7291897,1645.9181,0.16618496,927.06006,0.26960686,-123.44767,-0.72023374,2666.674,0.096904784,935.4404,0.36874184,-124.53621,-0.7026082,-9.665373,-0.7487011,18.690496,0.42112187,0.0346865,0.51019907,-0.004425439,-2.4106345,0.08762166,1.3839577,30.464386,0.30684742,-13.578178,-0.96743184,24.458218,0.63712394,-15.994517,-0.8650901,-10.190435,17.992281,0.008280795,0.00019834233,0.02710891,0.9049774,2.5229356,0.15363635,0.15967426,0.24599999,0.26803732,-34.183548,s,Ses04M_impro07,Ses04M_impro07_M034
559,35.368633,0.20212516,26.40245,36.532703,42.998077,16.595627,103.764244,55.465046,82.15019,53.378326,0.29326355,1.1109128,0.08660677,0.18071906,0.44998628,0.3633795,5.1105723,3.510761,6.421342,5.624865,0.08380388,1.340333,27.82644,0.3604544,-12.74439,-1.0518957,14.872037,0.8844644,-15.506956,-0.83941835,0.026615169,1.0786933,1.2001277,0.6835085,6.788403,0.5142361,5.391079,1.3860742,18.471788,0.41990116,802.4224,0.28411365,1278.9926,0.16321722,-121.720184,-0.75071204,1779.4868,0.13372098,1093.0636,0.2457924,-114.73565,-0.78893626,2777.3943,0.0911525,945.28156,0.27476874,-117.50195,-0.7433039,-6.897821,-1.0308657,18.02593,0.2975911,0.04194211,0.51478714,0.0022455784,4.873552,0.1388479,1.036958,28.092375,0.37868464,-17.422777,-0.8647021,13.282909,1.1769178,-20.2729,-0.7481207,-8.070056,17.46029,0.013145324,0.00053897605,0.041004702,2.2421525,2.7649772,0.155,0.18750554,0.22399999,0.18194504,-31.301737,o,Ses04M_impro07,Ses04M_impro07_F030
560,33.164993,0.15655446,26.31443,35.581413,37.014626,10.700195,285.4743,168.1079,16.811186,11.344544,0.30811742,0.9352534,0.09831265,0.18002623,0.47889704,0.3805844,5.0854197,3.1150217,0.41283074,2.501894,0.09153449,1.2572352,29.430363,0.29116833,-9.691054,-1.4017425,18.35283,0.63523275,-14.730568,-1.0831324,0.011209114,0.938707,1.0530968,0.6998258,6.75245,0.5408129,6.403707,1.4341635,20.526066,0.48655188,619.96423,0.37576386,1377.7926,0.15177281,-114.380005,-0.7752795,1616.4338,0.12570003,1073.0862,0.28161183,-99.74606,-0.87648946,2628.5835,0.09690988,1026.2156,0.22340375,-103.1152,-0.82057834,-9.796764,-0.6271804,18.618328,0.44805402,0.04519798,0.49908277,-0.0015877498,-8.058615,0.13149318,1.0510825,30.796907,0.29744327,-11.708681,-1.1766859,17.727507,0.707879,-18.006266,-1.0237144,-8.651521,17.246067,0.0201066,0.006136381,0.046044115,2.5773196,3.7234042,0.13571428,0.081566304,0.13,0.08082904,-32.75821,dag,Ses04M_impro07,Ses04M_impro07_M035
561,33.7811,0.08328258,33.197945,34.139862,35.190044,1.9920998,123.446045,137.5976,34.23212,37.11791,0.33447495,0.69561327,0.13629282,0.2881899,0.5051212,0.36882836,4.904691,2.2434032,3.6019893,1.9580175,0.0901715,0.9875701,27.400122,0.35095587,-1.9359365,-6.824555,25.87866,0.69870114,-21.29831,-0.83260256,0.014314191,1.667144,0.9364937,0.6582684,7.77107,0.3730704,4.15569,2.117832,20.486687,0.5448223,585.2605,0.35684693,1388.3317,0.20396438,-65.73591,-1.2946935,1671.911,0.13642232,937.1658,0.38032895,-68.30359,-1.1257101,2718.0508,0.09735362,1026.4832,0.42275462,-69.675575,-1.0953419,-12.269697,-0.54459953,20.127005,0.45707718,0.03913188,0.5487379,-0.012888581,-0.9313179,0.11088339,0.82550216,29.604475,0.30852953,-3.4193864,-4.138766,26.365921,0.75174105,-26.333637,-0.65094846,-11.977085,18.511198,0.013228822,-0.00050170027,0.036249388,3.1722054,2.2831051,0.31,0.21279097,0.12307692,0.1012525,-33.372303,o,Ses04M_impro07,Ses04M_impro07_F031
562,33.399616,0.07701597,33.039875,33.899693,34.652374,1.6124992,81.79682,82.632256,26.032787,24.546991,0.30328387,0.63290876,0.12879287,0.26924914,0.45050874,0.3217159,5.224033,2.5165374,3.4764512,2.0763183,0.07485347,0.783321,28.35098,0.3168282,-2.0081618,-6.209886,29.006432,0.6249055,-20.036493,-0.78879476,0.015734691,1.6424999,0.9396193,0.6787389,7.722166,0.34552076,5.589512,1.5556011,20.705212,0.5276419,567.1336,0.36105964,1377.1956,0.22176602,-63.62333,-1.3517457,1664.5829,0.13183518,927.6036,0.3871352,-70.06678,-1.1087602,2689.7332,0.09384436,999.39966,0.34433618,-70.51836,-1.1008345,-12.695454,-0.5284187,20.114777,0.46854135,0.039592315,0.5349885,-0.013291942,-0.8527167,0.09269181,0.6355085,30.570223,0.28519145,-3.2075603,-4.162488,29.71564,0.6777606,-24.675478,-0.6099081,-12.059056,18.187592,0.009388176,-0.00016628104,0.028297547,3.5928144,2.0202022,0.349,0.17586643,0.1411111,0.12368818,-35.09218,dag,Ses04M_impro07,Ses04M_impro07_M036
563,33.700665,0.08437678,33.092728,34.25439,35.414806,2.3220787,40.94075,33.13333,7.9442577,6.434133,0.2605143,0.78698283,0.06911194,0.18693276,0.429873,0.36076105,3.7187357,2.227037,3.678224,2.2113864,0.05703458,1.0764583,29.97077,0.23201567,-7.3084326,-1.5268737,18.888573,0.7314935,-18.159775,-0.7500442,0.010310203,1.1267936,0.8824315,0.6846385,8.943361,0.32718384,2.809658,3.0913322,18.490135,0.42880008,626.85254,0.38266605,1322.9362,0.17219524,-86.46006,-1.1026398,1655.3191,0.17458193,1066.5795,0.31194827,-90.08053,-0.98194146,2683.262,0.11152892,870.31396,0.32889825,-92.21165,-0.94100296,-10.469249,-0.6100136,20.514837,0.33858854,0.03991944,0.54102194,-0.006523272,-1.6158096,0.08431479,0.7830685,32.331535,0.20712073,-8.203105,-1.5728576,19.247871,0.8491935,-25.180746,-0.5059603,-10.523548,19.93458,-0.000250092,0.0054213726,0.01779985,3.0864198,1.2539185,0.47,0.54419667,0.24399999,0.3307325,-35.299454,o,Ses04M_impro07,Ses04M_impro07_F032
564,38.55097,0.209334,30.728052,35.56561,47.582996,16.854944,16.622046,8.189836,52.318024,35.14862,0.47233504,0.8635749,0.1294347,0.26408017,0.9717109,0.8422762,8.552058,3.5129232,6.146944,7.160676,0.18219736,1.1482061,24.405987,0.5956668,-14.342694,-1.13131,15.457124,1.0578607,-13.161429,-0.8340142,0.02797745,1.1255885,1.081766,0.6618985,6.945414,0.527803,5.479576,1.4282607,16.833153,0.695003,782.64435,0.39609808,1148.927,0.24929644,-81.49977,-1.0922885,1785.6985,0.1442192,1048.8271,0.19970219,-80.3651,-1.0502826,2790.2593,0.10094068,940.1758,0.30061033,-84.71635,-0.9573834,-8.347514,-1.1189226,17.810612,0.5619282,0.058382362,0.64659554,-0.0013506014,-11.578613,0.22475097,0.9691791,25.17418,0.62124664,-17.348478,-1.0140537,16.28646,1.0331677,-15.926414,-0.6886212,-8.434512,17.532187,0.016164428,0.0045602545,0.085230894,2.7322404,2.824859,0.22,0.1264911,0.11399999,0.08064737,-28.814125,s,Ses04M_impro07,Ses04M_impro07_M037
565,37.727127,0.14019792,33.994522,35.425896,42.07181,8.07729,76.870445,117.416275,207.07358,371.52698,0.37986818,0.9038176,0.08173103,0.2514125,0.69867,0.616939,8.055995,5.4125414,5.4629345,4.725754,0.124083385,1.2636491,20.278004,0.5642913,-8.504218,-1.796736,12.944949,1.273762,-21.594427,-0.8530323,0.021534892,1.5388422,1.11025,0.648066,7.001019,0.46153694,3.7986782,2.8367248,15.957337,0.7589408,741.9223,0.37606323,1256.47,0.22777277,-106.98149,-0.87955225,1767.4595,0.1477016,1083.8429,0.31583443,-101.79166,-0.88412803,2795.0586,0.09400348,986.3954,0.33605137,-103.81501,-0.84737086,-7.295964,-0.9479094,17.029634,0.5051223,0.055471107,0.50818765,-0.010818015,-1.5446423,0.19839776,0.8450839,24.114286,0.49100882,-15.797817,-0.9960929,12.217476,1.5036385,-31.129032,-0.62304485,-7.6744747,15.226965,0.012219813,0.0028936705,0.043036908,3.0797102,2.3765998,0.2130769,0.12553789,0.2025,0.19854157,-31.084375,s,Ses04M_impro07,Ses04M_impro07_F033
566,28.502415,0.12052114,25.522865,27.824621,33.919857,8.396992,15.560838,0.0,28.670996,0.0,0.14892489,1.2216985,0.07252973,0.08520459,0.14676264,0.074232906,3.6510067,3.5206528,-2.4332316,1.9432514,0.02880413,1.4937363,26.022974,0.360671,-8.130868,-1.1060696,19.51277,0.5592253,-11.228213,-0.7993482,0.014254199,1.1339147,1.5439442,0.71544015,4.348414,0.5482955,-1.1773219,-4.941645,17.087389,0.5278459,616.0222,0.36172166,1300.6066,0.1377944,-153.73909,-0.5237725,1662.0155,0.13867135,1041.6254,0.52805895,-154.83365,-0.4906191,2637.482,0.083358735,885.0056,0.15622944,-155.33955,-0.48425293,-10.962612,-0.40805793,19.186178,0.19161604,0.025828963,0.6614027,-0.006111378,-1.4392718,0.05606677,1.1219317,33.93692,0.20941219,-13.159757,-0.9529281,21.093477,0.68791497,-15.219645,-0.7825038,-8.702892,17.14416,0.0077828486,0.007935983,0.0147152925,1.2048193,2.484472,0.089999996,0.043011628,0.2925,0.2216275,-40.57716,s,Ses04M_impro07,Ses04M_impro07_M038
567,33.675034,0.2312416,22.990313,34.888878,40.674328,17.684015,24.25379,16.100145,226.43863,0.0,0.22522113,1.0076374,0.08186847,0.11210558,0.41016045,0.32829198,2.0137503,0.83846915,3.6940446,2.7169762,0.057539225,1.112214,30.057665,0.1512564,-10.357982,-0.98472065,17.83026,0.722488,-15.322555,-0.8589946,0.034608513,2.0295193,1.4347429,0.80141366,5.286706,0.5866771,3.204216,2.1666353,16.637812,0.51565874,516.3422,0.28763202,1341.2097,0.21169381,-138.7624,-0.6333045,1517.5203,0.07227496,941.42194,0.13069646,-132.44427,-0.6476483,2491.5093,0.069536775,983.8701,0.25356722,-133.81049,-0.62972873,-9.365217,-0.48861778,17.741188,0.29911312,0.047668338,0.2629338,-0.013933469,-0.7673629,0.11644814,0.58957124,30.160906,0.13567236,-20.106274,-0.49584106,21.001892,0.7124646,-26.206547,-0.37447557,-11.406168,21.592318,0.01666851,0.0018162524,0.027894672,1.8181818,2.857143,0.11666667,0.10208928,0.1575,0.13827057,-37.055855,ag,Ses04M_impro07,Ses04M_impro07_F034
568,34.746975,0.30213004,23.060303,36.04757,44.960304,21.900002,67.62113,15.876173,67.30462,48.185703,0.2400142,1.4441302,0.07337026,0.11746792,0.347876,0.27450573,8.758989,11.34545,2.67711,4.962485,0.086638026,2.6717575,22.16888,0.48375914,-6.9977865,-1.7903296,15.732415,0.7563996,-11.606254,-0.97242236,0.022747178,1.2657088,1.3868355,0.5910728,4.2970567,0.9931426,1.6267066,3.7926161,17.276764,0.4452403,686.07513,0.41337645,1323.0334,0.21874021,-156.485,-0.49721903,1643.2318,0.13612564,1084.0336,0.19883455,-153.32542,-0.50533533,2657.9473,0.09803664,868.53156,0.20957768,-155.24548,-0.47789535,-8.343376,-0.928037,19.322271,0.31935862,0.052233547,0.5145848,0.0010393625,12.803646,0.24741574,1.7194058,22.297075,0.53279966,-13.241654,-1.2254531,10.429714,1.5575333,-17.223774,-0.9058997,-9.006132,17.651335,0.014569216,0.003107234,0.035269424,1.4326648,2.915452,0.076,0.05161395,0.27555555,0.3180884,-32.6057,o,Ses04M_impro07,Ses04M_impro07_M039
569,43.268578,0.09093934,41.094234,43.506283,44.833916,3.7396812,35.843685,18.52999,16.12172,28.08343,0.42732134,1.0415417,0.07181636,0.325874,0.61898774,0.54717135,9.531106,9.920565,6.0964894,3.9683568,0.16804098,1.6932198,20.949753,0.41294968,-16.066072,-0.8618827,7.47326,1.6039737,-22.232521,-0.7072778,0.019666502,1.2569898,1.0002049,0.6676854,8.350161,0.6903792,0.3479734,15.3174515,12.784539,0.5902589,898.9549,0.2545731,1255.4701,0.19172572,-122.58659,-0.74006903,1815.8618,0.1404434,1233.8025,0.27708456,-112.838135,-0.79411495,2898.9392,0.092177056,910.39343,0.40938234,-116.542915,-0.7363876,-6.873024,-1.5653026,21.004265,0.44726494,0.053520277,0.46589366,0.0070559257,1.4408051,0.29391763,1.2536783,19.473755,0.5249743,-19.454632,-0.8416893,0.5782845,23.0642,-32.530437,-0.49340597,-6.7294745,16.038286,0.015783856,0.0057117804,0.0616754,2.9045644,2.1186442,0.21399999,0.23234457,0.234,0.2109597,-28.542217,s,Ses04M_impro07,Ses04M_impro07_F035
570,27.169146,0.13566427,24.62816,26.691849,30.510025,5.8818645,320.07858,446.10806,66.68797,64.73879,0.14612286,0.5410537,0.07086923,0.12601106,0.22234297,0.15147373,1.0083237,0.5747181,0.83977664,0.3409578,0.024748584,0.70811385,24.293205,0.64874,-5.3356724,-2.516633,19.431927,0.73087883,-10.630124,-0.9621848,0.028727002,2.1053088,1.2089789,0.47255158,3.9963784,0.46669626,6.2469406,1.2667143,17.133446,0.3879379,532.5594,0.37248144,1286.3423,0.14262244,-137.57222,-0.65428877,1544.2694,0.15941069,998.6367,0.23353778,-136.22699,-0.65224123,2541.3843,0.077159666,889.6617,0.27166948,-138.00316,-0.6249984,-9.832387,-0.42073876,17.346949,0.2938443,0.025035052,0.74308795,-0.007566974,-1.1313697,0.03269253,0.46206695,35.206093,0.11350122,-16.152542,-0.6367634,21.988346,0.68952626,-16.674112,-0.6036825,-8.009755,14.565874,0.010106876,0.00474677,0.020303547,2.3291926,1.4106584,0.22777778,0.13121465,0.414,0.37571797,-45.5145,s,Ses04M_impro07,Ses04M_impro07_M040
571,36.27273,0.12677051,33.37163,34.138153,37.984764,4.6131325,114.40974,0.0,34.426117,0.0,0.1576562,0.5882871,0.06434108,0.14219218,0.24266812,0.17832704,1.2851912,0.9047874,1.3225604,1.0652889,0.023488643,0.7910412,7.5302863,2.456689,10.172011,0.9061896,12.534144,1.0519578,-5.6700215,-1.863274,0.026673807,0.5725556,1.7560114,0.7192794,8.237345,0.20885517,14.846796,0.2274282,23.033806,0.2915583,657.87915,0.28322917,1457.0886,0.11474429,-179.80513,-0.30323493,1881.1234,0.07836135,847.0874,0.46197602,-181.54361,-0.27517468,2915.1575,0.066414826,981.1794,0.16422978,-181.41219,-0.27743265,-16.531595,-0.38681787,22.023693,0.30374804,0.035599172,0.43133473,-0.014255769,-0.35865247,0.054356437,0.23396719,22.729933,0.450785,13.29806,0.45454854,34.23877,0.38225845,-17.74734,-0.67196167,-3.8269827,9.160145,0.011600925,0.007904039,0.020363577,2.2222223,1.7142857,0.056666665,0.018856179,0.5,0.4356604,-44.091198,q,Ses04M_impro07,Ses04M_impro07_F036
572,27.090096,0.14171658,24.357029,26.75467,28.920866,4.563837,156.55891,150.00175,50.78852,30.91394,0.13135427,0.42525038,0.07881288,0.12807792,0.1791826,0.10036972,0.8333023,0.41712168,0.47811988,0.22455804,0.025569567,0.63672954,27.451643,0.32442626,-4.918934,-2.2455142,20.388027,0.5682892,-12.339456,-0.95484674,0.024177223,1.1499095,1.1924026,0.41974452,3.4922748,0.6612549,2.2911513,3.888244,16.578316,0.44521987,595.74023,0.4125934,1312.2223,0.16191748,-151.05057,-0.53722644,1681.2549,0.19562224,928.26483,0.54767644,-151.16873,-0.5106206,2648.3027,0.10467694,877.2703,0.27006167,-151.31888,-0.50913996,-12.22585,-0.37473735,18.631826,0.28987634,0.03227083,0.4872209,-0.011423378,-1.5353673,0.038410697,0.4787096,32.703266,0.19993399,-6.2631626,-1.6843221,26.967964,0.5928651,-17.595985,-0.95961523,-9.696831,17.41232,0.018021043,0.0033200453,0.02103826,2.4115756,2.5931928,0.09375,0.08022429,0.27124998,0.26971918,-46.71633,ans,Ses04M_impro07,Ses04M_impro07_M041
573,34.12402,0.27034026,25.08439,27.462378,42.564934,17.480543,16.313526,27.035898,133.77162,0.0,0.3706202,0.98507345,0.14519423,0.21752103,0.5562913,0.41109705,2.2301853,0.2545898,1.0874267,0.552729,0.12630108,1.3943067,26.884542,0.43191364,-16.486174,-1.0767463,11.325884,1.4611173,-22.23113,-0.70218086,0.021282276,1.5809327,0.9772023,0.5405791,4.707769,0.6914575,3.5305872,2.9323337,17.232464,0.5060254,704.06335,0.36024755,1347.2185,0.18595247,-94.08839,-1.0016233,1696.1514,0.13106476,1122.9325,0.22779937,-90.90101,-0.9442861,2712.818,0.08217389,853.25916,0.18605898,-92.97505,-0.9069093,-5.670482,-1.2211307,19.033447,0.36443397,0.046737466,0.36478513,-0.008388947,-0.96982276,0.1856733,1.027855,31.406061,0.242985,-23.307701,-0.6564682,11.483282,1.6171336,-28.155464,-0.5695564,-5.947154,12.530966,0.031003263,-0.00021490418,0.055803522,1.4184397,4.5112786,0.12,0.11575837,0.096,0.094148815,-30.707956,dag,Ses04M_impro07,Ses04M_impro07_F037
574,32.88705,0.22573613,25.201475,30.407688,39.068398,13.866922,37.11014,12.910753,94.25875,63.60578,0.2525448,1.0944661,0.09244312,0.15321413,0.296002,0.20355888,3.8599434,3.3540342,2.9900239,3.1106584,0.07392106,1.624955,24.558092,0.47725078,-7.463922,-2.3650014,15.083568,0.9525427,-16.845724,-0.9045315,0.017939355,1.3964838,1.2499862,0.6175322,5.5292187,0.59428287,4.17442,2.1922286,18.567553,0.5724248,655.40906,0.3963249,1331.8958,0.169657,-130.52412,-0.69171655,1681.8157,0.15491253,1058.3555,0.28198534,-125.94569,-0.68396837,2693.9382,0.09902905,896.03253,0.26077408,-127.23859,-0.6652152,-8.1813965,-0.8412303,18.46568,0.39144287,0.044219583,0.46042198,-0.006157778,-1.8628833,0.1258303,1.18139,29.345951,0.30811992,-14.064546,-1.2806249,14.912905,1.2295904,-22.937096,-0.78358954,-7.633328,14.702355,0.016826425,0.0035831034,0.034463063,1.4354068,3.3980584,0.108571425,0.084503345,0.1776923,0.16843872,-33.84656,s,Ses04M_impro07,Ses04M_impro07_M042
575,35.607235,0.16429996,31.268587,33.927387,39.70903,8.440443,106.972824,115.43837,55.46689,28.461765,0.28610533,0.879262,0.08116992,0.198845,0.45897,0.3778001,6.0465155,3.724903,4.487816,2.3076875,0.0900792,1.1833028,25.031803,0.41707116,-5.668555,-2.5153387,18.747206,0.8279809,-17.50451,-0.89236397,0.028464736,1.5722164,1.1525931,0.6262121,6.794066,0.46572086,3.6439288,2.0213015,17.546408,0.53538394,612.4758,0.42487785,1302.9429,0.156232,-115.47941,-0.806741,1676.0105,0.16901141,1019.6358,0.31196913,-110.27814,-0.7994445,2669.0376,0.098166816,992.78143,0.38643077,-111.940346,-0.77306193,-10.370128,-0.605921,18.937346,0.38641447,0.05044218,0.44191486,-0.011303078,-1.1075406,0.14622326,0.7950736,27.943668,0.34252632,-10.538352,-1.3842283,20.416986,0.84509933,-26.437597,-0.60102284,-9.913057,18.334013,0.012619503,0.004407622,0.036797054,2.881356,2.2222223,0.2130769,0.16899633,0.21538462,0.2829682,-33.62254,o,Ses04M_impro07,Ses04M_impro07_F038
576,34.97608,0.13502406,29.850134,34.976807,40.478527,10.628393,35.218483,8.352942,11.87772,7.3361998,0.16581258,1.0622153,0.052575868,0.095599614,0.20414507,0.1515692,2.212879,1.2616019,2.1217744,2.0062473,0.03653384,1.2624574,26.114601,0.37159288,-3.621789,-2.864349,21.48662,0.6302526,-14.991933,-0.7868127,0.015966684,1.1412177,0.9910582,0.60501474,7.620886,0.39765573,9.161385,0.7171774,18.2457,0.43240482,602.1297,0.33522147,1361.2542,0.13545041,-152.08229,-0.5427696,1736.9084,0.13030066,996.5232,0.3403512,-144.17754,-0.56501347,2645.0715,0.09753312,1114.3553,0.43215272,-143.40343,-0.5756899,-11.966605,-0.55229056,18.44998,0.40979648,0.036860943,0.42278323,-0.016346948,-0.67912436,0.08287917,0.6903881,29.120262,0.41947076,-6.9728293,-2.1942458,30.080267,0.5372194,-26.36018,-0.48979384,-11.082937,19.872158,0.0039617275,0.0048633507,0.015588686,1.2987013,1.0526316,0.2925,0.2441695,0.50799996,0.69591373,-38.676624,o,Ses04M_impro07,Ses04M_impro07_M043
577,40.02845,0.026785934,39.11692,39.81672,41.1518,2.0348778,40.28324,20.547691,13.720965,14.377601,0.1488191,1.2211796,0.048074126,0.053602338,0.22479826,0.17672414,3.3580608,1.7545419,1.716293,0.9857876,0.0334138,1.3846209,24.501616,0.32169,-3.5533478,-2.6951318,15.63405,0.5575288,-13.54343,-0.88145715,0.0150788855,1.1112919,1.0776819,0.8991134,10.426215,0.35252532,11.833693,0.3648975,18.674028,0.48312697,729.5198,0.33615038,1318.0586,0.25231677,-169.30603,-0.39689812,1812.5303,0.14384438,932.75903,0.23626138,-156.73543,-0.47147512,2840.1204,0.1139537,944.47,0.21778329,-156.88324,-0.46939364,-10.926601,-0.5805058,19.641178,0.4442718,0.034565385,0.56749403,-0.013550214,-0.8997395,0.08987546,0.62051004,26.176033,0.46911243,-9.807293,-1.6143972,15.658976,0.85960466,-30.963064,-0.3560733,-11.914361,21.591782,-0.0012214439,0.008186513,0.015141006,1.1695907,1.4836795,0.16,0.030983867,0.41,0.4797221,-38.08326,q,Ses04M_impro07,Ses04M_impro07_F039
578,39.648144,0.13479295,36.875343,42.968082,43.916924,7.04158,19.30641,14.182676,92.578674,0.0,0.16842103,1.1104331,0.07214231,0.105053,0.19947854,0.12733623,2.6317008,1.8578752,1.0346482,0.13727155,0.043041926,2.0193787,23.765255,0.27721807,-7.141663,-1.5779649,13.755844,0.40142846,-16.643665,-0.68173426,0.015759941,0.9457655,1.6034465,0.70499796,5.9994874,0.5000783,5.767121,1.125426,18.715727,0.2852382,728.29913,0.29683125,1333.261,0.13086067,-167.76674,-0.42911503,1786.0743,0.13991311,1105.4822,0.24892835,-157.31366,-0.49032834,2780.9111,0.092796974,1055.7378,0.40518296,-158.18419,-0.47728673,-8.669552,-0.7076329,17.752455,0.40181905,0.032271322,0.97873133,-0.0043495046,-4.3961406,0.065616235,0.9949598,27.532152,0.18100199,-16.812431,-0.8362021,12.7828045,0.35708198,-28.72901,-0.32372656,-9.500532,17.882301,0.0056728004,0.0025022805,0.018598957,1.0416667,1.6129032,0.13333333,0.08259674,0.46666667,0.4129837,-35.936005,s,Ses05F_impro07,Ses05F_impro07_F000
579,35.2134,0.19465095,29.24979,30.154884,42.966736,13.716946,-21.915596,0.0,134.19736,0.0,0.27520084,1.1151581,0.08911216,0.12991193,0.3138735,0.22476134,3.6562085,2.5651855,1.913739,1.0522377,0.09070514,1.5822717,25.924704,0.29238653,-13.343931,-0.9794258,15.913319,0.37547645,-18.744476,-0.6070235,0.017076822,0.86656106,1.4562001,0.43790233,3.2962914,0.97176003,2.3210304,2.9852476,16.643057,0.3697526,704.58154,0.2188016,1405.995,0.15146862,-160.42508,-0.4840692,1764.1871,0.11931252,952.3179,0.1453473,-156.58968,-0.49651334,2803.3079,0.047618054,940.3588,0.17300904,-157.18051,-0.48847753,-9.404211,-0.73854595,17.486038,0.49567315,0.03756172,0.7406594,-0.020938523,-1.0004053,0.1843169,0.8761351,32.537014,0.21460813,-17.281614,-0.8849709,12.370037,0.52602774,-32.813957,-0.35983562,-7.6053076,14.656893,0.0070693577,-0.0004574449,0.07054563,0.9615385,2.0202022,0.105,0.015,0.37,0.21,-31.708946,q,Ses05F_impro07,Ses05F_impro07_M000
580,41.760597,0.12428299,36.486347,45.00704,45.887993,9.401646,32.657307,12.637641,53.121387,18.121656,0.17880076,0.6185302,0.09316725,0.15203571,0.23981798,0.14665073,1.0386617,0.39004776,-1.4996704,1.7222679,0.03128047,1.0452716,24.422308,0.33832493,-7.8852496,-2.01916,12.082391,0.907139,-20.66064,-0.5415489,0.015386789,1.1428831,1.0090723,0.5708386,8.501083,0.3192326,12.496466,0.9125061,20.665115,0.34805974,666.7213,0.22712728,1311.8022,0.13135155,-94.25805,-1.0444235,1727.6691,0.08608281,1015.2457,0.21490741,-87.31134,-1.0259508,2769.9817,0.06817547,837.7633,0.37368703,-90.311554,-0.96367496,-11.599711,-0.6400599,21.04573,0.37625474,0.026057636,0.5926136,-0.0026254766,-3.3959522,0.03487768,0.92566633,26.963078,0.21774465,-13.02921,-1.3588018,9.864988,1.1844795,-25.089514,-0.44395792,-10.233836,17.405085,0.010561216,0.0022916798,0.020065319,1.438849,1.8382353,0.32,0.27173516,0.2525,0.16783547,-39.80382,s,Ses05F_impro07,Ses05F_impro07_F001
581,37.25002,0.09547141,35.01123,36.603397,38.006393,2.995163,50.71878,56.976128,91.87936,126.269005,0.30484682,0.58337396,0.15816474,0.25522077,0.4514025,0.29323775,3.3229716,2.147588,3.8753986,1.7731814,0.094081625,0.8226827,24.856153,0.5199871,6.519936,1.9879904,17.901619,0.94814587,-11.301498,-1.0061767,0.017364297,0.9960335,0.98875475,0.6924926,10.219038,0.26472613,13.999599,0.5510318,23.932508,0.41470888,661.6098,0.337881,1432.0759,0.14746968,-86.865486,-0.9516027,1751.2609,0.13513616,1051.0994,0.3597324,-77.49531,-0.9392086,2784.791,0.11074264,1066.0385,0.30251196,-79.742935,-0.8957527,-17.073513,-0.4294446,25.50114,0.33587712,0.039740365,0.6460882,-0.010085631,-1.0066454,0.107333615,0.7053682,28.066399,0.3704652,5.5262046,2.3894255,16.78363,1.1045454,-10.713876,-1.0346042,-10.980792,18.163393,0.020273475,0.00062795327,0.06730938,4.109589,3.4843206,0.195,0.09372833,0.078888886,0.04280302,-30.705633,q,Ses05F_impro07,Ses05F_impro07_M001
582,36.64399,0.02273798,35.682034,36.468956,37.38955,1.7075157,81.32299,77.45921,9.100124,3.7657712,0.21577145,0.4903366,0.13961841,0.20644867,0.27953133,0.13991292,6.831085,3.679044,0.59238887,0.08686009,0.047096062,1.1788306,20.400452,0.5201225,9.217293,1.0979189,24.15039,0.5395827,-15.067871,-0.93953365,0.015463098,1.3137413,0.7064275,0.6389123,10.704154,0.26198176,20.03829,0.15040973,19.918825,0.57181716,642.9608,0.31311733,1461.3877,0.16904764,-118.61269,-0.7277624,1827.228,0.1129868,823.1907,0.19767848,-107.265305,-0.75897145,2772.922,0.13040924,1226.7372,0.35454866,-106.11124,-0.7774327,-17.425262,-0.34111533,23.567022,0.34433717,0.038556352,0.39184862,-0.011963594,-0.7604483,0.042428043,0.39827433,24.032717,0.37490276,11.735423,0.34781724,25.667791,0.37865004,-10.314163,-0.95664227,-11.38252,17.273333,0.015224347,-0.0031762721,0.033461977,0.990099,3.1578948,0.16333334,0.073635735,0.13333333,0.049888767,-36.3553,ans,Ses05F_impro07,Ses05F_impro07_F002
583,36.1083,0.12794109,31.516762,36.17473,41.665543,10.148781,241.64273,37.592285,11.727618,4.755684,0.5403683,0.68042135,0.2417054,0.49228138,0.7736836,0.5319782,2.8821037,2.0172932,1.4261702,0.47545335,0.1695832,1.0638902,18.721094,0.72213876,1.1825415,9.550965,12.484384,1.9301935,-29.889832,-0.67768687,0.016780304,1.6558542,0.9444181,0.64795005,7.4915,0.5003895,4.758189,2.6679635,15.798184,0.4357497,604.81537,0.36469427,1277.3048,0.16264881,-72.98335,-1.250613,1697.4203,0.16598557,956.3454,0.44905746,-72.18711,-1.1134993,2742.8904,0.08591228,923.20276,0.4393446,-72.57505,-1.1023102,-9.896492,-0.49843276,19.148058,0.44597635,0.04161376,0.6637899,-0.0284984,-0.7519939,0.22122236,0.85970193,23.828947,0.39273712,1.0812671,9.38501,11.797712,2.3615904,-35.139668,-0.5986759,-0.92095125,6.857204,-0.0034246945,0.0021596155,0.056510087,0.9009009,1.3824886,0.50333333,0.24850664,0.1475,0.08407586,-25.202682,o,Ses05F_impro07,Ses05F_impro07_M002
584,37.771194,0.114634156,32.828365,38.448067,42.370377,9.542011,105.591515,98.45893,10.353435,7.1094594,0.36386952,0.6634758,0.1054001,0.31079578,0.64832175,0.54292166,2.2034857,0.6428978,1.5912682,0.67517734,0.07993915,0.8303977,17.106956,0.4588099,-3.765122,-1.888803,24.438084,0.752906,-16.823719,-0.54450476,0.019677293,1.7885224,0.8824454,0.5957081,7.5731077,0.5686221,12.449027,0.8673205,12.811525,0.5055514,602.386,0.39356658,1223.8757,0.18766144,-92.65005,-1.0140674,1760.173,0.09820463,784.8189,0.4863407,-86.822815,-0.95445013,2694.4556,0.08579071,1035.1829,0.3175491,-83.354935,-1.0271382,-9.522215,-0.5093731,14.830828,0.54671675,0.032187056,0.8724236,-0.013626702,-0.84600365,0.11495474,0.5022054,18.614128,0.37771434,-1.9466437,-3.785839,28.8932,0.74480724,-20.469635,-0.424926,-4.5015173,13.578244,-0.0028354372,0.008449267,0.023762286,2.027027,1.3986014,0.45,0.29,0.16,0.17682382,-32.28445,ag,Ses05F_impro07,Ses05F_impro07_F003
585,35.128212,0.08963613,33.16543,34.3015,36.16777,3.0023422,52.51056,30.002583,26.630793,21.158472,0.31731957,0.49433866,0.17362891,0.31189,0.4340852,0.26045626,2.5649014,1.2313818,2.413068,1.2199042,0.07934219,0.6613691,28.411968,0.44790223,-0.75377595,-21.811876,22.4662,0.8024645,-21.722942,-0.89580065,0.014780411,1.0450672,0.88204664,0.6753442,8.997186,0.35337618,8.596971,1.2646897,23.921923,0.3436772,709.6437,0.31810898,1318.8213,0.13729116,-71.25903,-1.2241638,1776.2053,0.15490629,1199.0588,0.42385545,-75.6739,-1.0333138,2815.2363,0.07111176,944.2677,0.46005085,-77.03097,-1.0011873,-14.908534,-0.4733458,23.66048,0.32897893,0.039239667,0.45445964,-0.014877496,-1.1500705,0.08368454,0.51424253,33.000057,0.2761896,2.182888,6.8173966,18.313099,0.8425111,-25.32201,-0.82240146,-5.2418537,11.920191,0.007855408,0.0034644902,0.0659611,3.7037036,1.6393443,0.42333332,0.22454892,0.16666666,0.073635735,-33.318386,q,Ses05F_impro07,Ses05F_impro07_M003
586,41.077507,0.16134909,32.620228,42.172535,47.47011,14.849884,84.48383,0.0,17.56529,15.167566,0.19997531,0.7246108,0.07200237,0.16060032,0.29181233,0.21980995,1.647409,1.1872933,1.7220293,1.0521756,0.052091137,1.0365847,27.312656,0.18438295,-13.66252,-1.0700585,23.715313,0.7827822,-17.699396,-0.92467505,0.029816328,0.59275,1.3995798,0.46955058,4.7521443,0.5733261,6.1532326,1.2065847,20.989622,0.45218036,791.31464,0.12470816,1414.196,0.1624366,-141.91394,-0.60427564,1754.556,0.07876312,1013.0366,0.16689378,-137.68005,-0.60858524,2915.3293,0.046830818,845.78925,0.32147726,-140.25891,-0.57419497,-11.477834,-0.92184186,21.023153,0.44030043,0.031201974,0.4966586,0.0015401698,8.390002,0.06632294,0.42596483,31.615837,0.18698251,-17.409037,-1.2536347,19.400688,0.6212381,-22.728199,-1.0142196,-9.109809,16.793901,0.012824619,0.004477613,0.048069328,1.7699115,2.777778,0.11333333,0.06599663,0.22666666,0.14079142,-38.370186,ans,Ses05F_impro07,Ses05F_impro07_F004
587,26.356104,0.17720191,24.2918,25.300598,26.276234,1.9844341,198.16272,194.5017,153.51776,187.37616,0.28467903,0.63853556,0.10964906,0.2373524,0.5101544,0.40050536,1.776902,1.1150128,1.1424067,0.43513477,0.05140834,0.6096497,28.609837,0.2828342,-8.472121,-0.9942284,24.69959,0.42071894,-12.573455,-0.8763783,0.011249524,1.354216,0.7278618,0.79336095,6.5973144,0.26129562,0.33820134,14.500631,13.963365,0.41263443,471.51575,0.42618477,1159.9911,0.117207564,-108.35414,-0.8923561,1503.1194,0.14498386,832.43384,0.28193942,-110.69944,-0.82610255,2484.1846,0.088313855,765.2513,0.28055793,-111.792694,-0.809485,-11.9587555,-0.24558046,20.036882,0.18697329,0.04667993,0.5762768,-0.014116366,-0.6967169,0.067002155,0.40927997,32.957355,0.16461465,-11.177309,-0.7815414,27.595285,0.32035875,-14.4899645,-0.77264774,-10.072254,18.020124,0.005079838,0.0019002325,0.038654137,3.0487804,2.4767802,0.18124999,0.2953573,0.17888889,0.11347485,-34.53833,o,Ses05F_impro07,Ses05F_impro07_M004
588,28.095472,0.27583617,23.28212,24.506855,29.627714,6.3455944,200.74435,135.70796,230.57161,215.7746,0.20345972,0.4200111,0.12966786,0.20116183,0.26808167,0.1384138,2.7525978,1.6048774,1.3797106,0.38783222,0.04565694,0.53091615,26.91215,0.34056604,-6.0795794,-1.4258965,23.364155,0.47771662,-10.330596,-1.0964862,0.028342148,0.746169,1.0111216,0.66552,5.2064333,0.34546173,2.39408,2.9833639,18.425573,0.29712343,594.0523,0.38225117,1202.6823,0.15323228,-146.41556,-0.54601824,1680.6061,0.12828697,1007.5688,0.2718291,-146.38925,-0.51929206,2580.2827,0.10468852,989.2292,0.18477777,-147.44655,-0.5060028,-13.081502,-0.32982337,21.77372,0.2037812,0.018073728,0.9638979,-0.009741161,-1.4356651,0.05606161,0.40565902,29.860016,0.21254306,-3.6704452,-2.6037393,28.267403,0.40208405,-7.6881776,-1.584741,-9.092208,16.734247,0.0085999165,-0.000471073,0.041619465,4.651163,4.2168674,0.06142857,0.016413035,0.15571427,0.10567567,-40.79862,s,Ses05F_impro07,Ses05F_impro07_F005
589,27.809408,0.06648959,25.855003,27.845613,29.539999,3.6849957,36.64682,20.3643,5.9697194,7.697282,0.20828392,0.68564016,0.05940526,0.2022934,0.32707432,0.26766905,3.447966,2.3851404,2.5927546,2.01417,0.048164446,0.80974925,30.894312,0.31799343,-1.4903264,-7.2778964,23.798151,0.50359327,-10.302359,-0.8736447,0.020688066,1.6266819,0.9687765,0.9693575,6.2595873,0.442319,-0.12811708,-33.93157,23.169407,0.3172982,531.4688,0.39537767,1270.6858,0.18032119,-92.785065,-1.0337723,1616.1316,0.17968184,984.97345,0.23905209,-100.29584,-0.8596288,2607.6895,0.10012502,936.62646,0.2962273,-101.766174,-0.8343449,-15.007194,-0.43361408,23.289753,0.35058823,0.034990963,0.47363153,-0.015640846,-0.6375299,0.07225723,0.50559807,36.40015,0.18046491,-1.7764108,-7.1725693,29.019503,0.431179,-12.602043,-0.86195713,-11.172709,20.506191,-0.00044267275,0.0049168025,0.01964817,3.7209306,1.904762,0.285,0.20081085,0.174,0.2286132,-38.094994,q,Ses05F_impro07,Ses05F_impro07_M005
590,35.884018,0.0976023,33.35885,36.037724,36.475796,3.1169472,69.601845,56.674282,183.3001,124.74486,0.19424565,0.51421916,0.06152842,0.22541857,0.28479674,0.22326833,1.2280549,0.868223,1.6695398,0.9742684,0.036699273,0.72092617,30.124916,0.29984042,-14.766287,-1.2412273,4.174699,2.6670742,-22.157442,-0.54705703,0.017523427,1.5416095,0.9900895,0.7524494,8.056292,0.43008366,-3.0098927,-2.1577559,15.948437,0.59565455,519.4523,0.20291428,1325.8137,0.16518913,-114.77284,-0.83739483,1497.8513,0.089801624,1091.46,0.18013488,-107.681885,-0.89743507,2698.2634,0.05357075,911.2607,0.36799923,-114.15417,-0.7841411,-8.206026,-0.87141347,24.186716,0.22552724,0.02384118,0.83392346,-0.00095150125,-22.243418,0.042370506,0.39922887,35.17488,0.17157042,-22.401966,-0.83804446,-1.723105,-7.053853,-28.948868,-0.2746874,-9.820212,20.772942,-0.00040266363,0.0024883386,0.03186626,2.173913,2.2222223,0.19999999,0.17285831,0.19,0.18779421,-40.925934,ans,Ses05F_impro07,Ses05F_impro07_F006
591,31.49863,0.14198531,27.429794,32.0843,35.28113,7.8513374,114.10205,120.79402,43.585613,36.909683,0.22734857,0.66073084,0.078873344,0.22508104,0.31330395,0.23443061,2.0784154,1.383449,1.4805096,1.8461695,0.05880284,0.8753282,27.20386,0.4527624,-2.351676,-5.8039885,13.486082,0.97718567,-18.081846,-0.87862825,0.02381762,1.4572964,1.0910068,0.58062375,5.329593,0.6983539,1.0925462,11.062049,20.118637,0.4773139,570.00104,0.31631806,1318.1412,0.13857536,-113.78144,-0.8239932,1604.8845,0.14292495,1076.1809,0.25223055,-114.97163,-0.7676294,2676.6719,0.10173271,948.60504,0.47714064,-117.638435,-0.7256126,-12.406314,-0.42960852,23.987354,0.2569734,0.03458163,0.6146574,-0.0098688565,-1.5555619,0.08848368,0.6423414,32.392666,0.306689,-3.431699,-4.0184684,13.084557,1.2473774,-23.7924,-0.70537126,-10.075443,19.993656,0.002146502,0.0033492043,0.033331018,2.1052632,2.7659576,0.15846154,0.112170614,0.19916666,0.1987653,-36.917454,s,Ses05F_impro07,Ses05F_impro07_M006
592,33.930042,0.13900027,29.71016,33.769135,39.317394,9.607235,119.96008,125.326065,48.30448,39.081448,0.16928114,0.61666006,0.07245736,0.14595531,0.25957146,0.1871141,1.6068451,0.6660627,1.1822098,1.0778005,0.038352367,0.81703895,28.665104,0.30086333,-5.046923,-2.3209121,10.610402,0.8392626,-22.257664,-0.55159503,0.026455926,1.3804945,1.2367986,0.37680578,4.6559677,0.5296491,-4.802316,-1.7020046,19.622694,0.4668866,606.9646,0.25372982,1326.2577,0.16253228,-114.74578,-0.82780033,1642.6683,0.12523058,1133.3483,0.2005777,-117.76027,-0.7551638,2762.5847,0.06969974,888.4112,0.53905827,-121.15035,-0.7031068,-12.593214,-0.35428867,23.221804,0.20915905,0.02296144,0.9145093,-0.010053827,-1.0086058,0.049761783,0.6261578,31.02608,0.25646132,-7.3499446,-1.7353095,6.78894,1.3475416,-28.90939,-0.40800565,-11.805466,21.639124,0.0011830701,-0.0009876516,0.027352937,2.1333334,2.1621623,0.19749999,0.15801503,0.24249999,0.17369154,-42.015316,o,Ses05F_impro07,Ses05F_impro07_F007
593,29.367157,0.11649024,27.043125,30.250275,32.00182,4.9586945,40.089684,16.33303,-0.7757899,13.603203,0.22969973,0.70845777,0.0823441,0.17763424,0.3662354,0.28389132,2.185014,0.9804627,2.4569933,1.0578003,0.05618543,0.75557,31.386265,0.37255582,-3.6992548,-3.4114504,19.512901,0.7486465,-9.430637,-1.5447701,0.013597342,0.9949114,0.8509068,0.669003,7.4420905,0.34246874,0.5922647,12.86355,21.682524,0.4502868,534.4509,0.4110448,1294.907,0.11967048,-118.299446,-0.7845107,1565.2025,0.15899333,1012.1062,0.35932493,-122.10332,-0.71697134,2634.1562,0.09473588,1036.929,0.3512255,-125.082214,-0.67330563,-15.2571125,-0.5060909,26.772661,0.37917227,0.03439462,0.68117464,-0.018401474,-0.9264965,0.07951619,0.42135218,39.288895,0.17993023,-2.142914,-6.3910623,19.908592,0.8914432,-10.249847,-1.9480357,-9.82502,18.699682,0.004436068,-0.00083663623,0.039654907,3.125,1.9464719,0.21249999,0.1346059,0.2488889,0.27008,-35.730556,o,Ses05F_impro07,Ses05F_impro07_M007
594,38.83208,0.17239489,33.19615,38.54781,45.532356,12.336205,71.666306,45.274395,30.520252,26.609203,0.53530914,0.63057715,0.21636167,0.47489536,0.85095406,0.6345924,6.2253304,5.7569184,3.915583,2.4634776,0.18360095,0.8355718,26.364202,0.27999923,-17.361689,-0.7663884,2.8656518,4.728999,-30.391142,-0.5050014,0.023445137,1.6700045,1.1964362,0.5682756,7.2926745,0.6019863,4.159327,2.647913,20.450863,0.41795734,777.4578,0.32093862,1344.2999,0.17733207,-79.70373,-1.231006,1721.2203,0.16785492,1227.4492,0.29252577,-70.18977,-1.2673588,2776.679,0.08699776,873.05743,0.43205306,-74.63319,-1.1515627,-9.682349,-0.49010655,21.631947,0.23118977,0.049689848,0.55270755,-0.0135507295,-1.1151183,0.23079135,0.62830025,27.06426,0.24347718,-21.541983,-0.6117629,-2.977948,-4.0990386,-38.61576,-0.24090827,-9.200087,18.97319,0.014435103,-0.0012603892,0.081840895,2.2088354,1.4198784,0.4657143,0.47064868,0.21857142,0.20392074,-27.592434,q,Ses05F_impro07,Ses05F_impro07_F008
595,36.7052,0.1892848,31.065128,35.906174,39.20945,8.144321,45.03776,26.014652,3.0735981,23.040113,0.7539932,0.36855054,0.519094,0.79710233,0.9533062,0.4342122,2.3500974,1.2527863,3.2768095,1.384526,0.24068573,0.5551517,23.285683,0.32723963,-21.800714,-0.63979024,-3.6825771,-3.348503,-36.54219,-0.3248955,0.01775627,1.3900788,1.2191334,0.5604951,6.8287587,0.6838021,0.9801774,10.32653,17.380827,0.42944285,842.6052,0.28911552,1339.4287,0.17380624,-22.832726,-3.0867112,1768.6783,0.17225532,1222.129,0.3125099,-26.984509,-2.3087554,2813.9934,0.09209606,790.61316,0.3672182,-32.39307,-1.8614297,-8.256553,-0.47313124,20.447802,0.21128722,0.056099813,0.42694575,-0.0159612,-0.9614992,0.26914197,0.4461139,25.066637,0.23325889,-24.245792,-0.5392131,-5.905489,-1.9006017,-40.402416,-0.17108637,-3.3909929,12.581493,0.0077864416,0.008355731,0.06777985,2.4390244,0.8298756,1.055,0.114999995,0.13,0.06,-25.568996,o,Ses05F_impro07,Ses05F_impro07_M008
596,29.533209,0.23076467,22.23462,28.327972,35.05942,12.824802,55.385544,40.426952,146.13846,162.98364,0.23514646,0.77938414,0.07235269,0.17280495,0.36835596,0.29600328,4.5808506,3.0011973,2.397763,1.5195422,0.069790006,1.0613663,28.372152,0.4203036,-5.327686,-2.2190714,18.367336,0.6994639,-14.663639,-0.9441467,0.045783192,1.6128429,1.2168089,0.621416,4.5744967,0.6481362,3.1901267,2.3988934,20.757921,0.3628679,614.2904,0.3864768,1304.655,0.1743863,-138.06529,-0.6348412,1634.7637,0.18246338,1029.2638,0.25774205,-137.09375,-0.61502,2649.341,0.109670065,861.0856,0.27659708,-138.54396,-0.5949363,-12.181441,-0.42663983,21.41292,0.33033133,0.041623827,0.57305574,-0.013576976,-1.0851554,0.13159248,0.6655669,36.40857,0.15416083,-11.874974,-0.95642626,18.803259,0.9936207,-18.016983,-0.91773605,-10.635221,19.15952,0.0075647766,0.0007943334,0.03822977,3.1168833,2.2222223,0.14352942,0.15624042,0.2688889,0.2964585,-35.351524,ans,Ses05F_impro07,Ses05F_impro07_M009
597,37.759907,0.13871217,32.342434,35.3564,43.53921,11.196777,65.472885,85.59213,419.28625,472.8593,0.15248929,0.77270633,0.057637535,0.1173991,0.20957866,0.15194112,2.3531742,2.6217797,1.246392,0.9860622,0.03855884,1.1065364,29.1152,0.26112488,-5.195719,-2.0133328,16.16062,0.61849314,-16.998865,-0.7305594,0.037785243,1.2738703,1.097243,0.46035033,6.2514396,0.33571112,5.8334394,1.4881891,22.01394,0.35616037,639.62445,0.32514346,1409.25,0.18827483,-149.6439,-0.5501402,1644.9465,0.11134638,1060.2129,0.1550444,-142.73936,-0.57496035,2720.968,0.07220398,968.44653,0.2607674,-144.73329,-0.5474776,-11.380717,-0.54222196,22.201834,0.22771426,0.028275963,0.77429074,-0.007131548,-2.0846367,0.06494527,0.82802063,33.024235,0.1990632,-13.743206,-0.8789742,17.107468,0.7577668,-22.46922,-0.51550245,-14.016221,23.091991,0.0034553783,-0.0034272578,0.02746069,1.6393443,2.0,0.14833333,0.10542243,0.32833332,0.30212674,-40.416363,ag,Ses05F_impro07,Ses05F_impro07_F009
598,34.834503,0.10448915,31.43232,34.749214,37.547283,6.1149635,24.764563,13.410856,161.74593,82.067276,0.19819584,0.7240618,0.083978206,0.13292414,0.32194588,0.23796767,3.191216,2.6379015,1.4344789,1.0088718,0.055478457,0.9969157,31.332329,0.2945178,-3.115919,-2.7061293,17.037811,0.65420085,-19.017431,-0.7071671,0.040670812,1.4695528,1.0097648,0.537797,6.3563657,0.31669968,2.2956097,3.4715688,24.939621,0.31613743,546.8006,0.2710278,1412.5547,0.1715776,-140.08247,-0.6270956,1618.8921,0.110698774,1037.5526,0.15912251,-133.78719,-0.62435585,2678.6238,0.078792945,1057.3094,0.2303139,-136.20209,-0.5918191,-14.687755,-0.276227,24.504202,0.15944226,0.03735675,0.64071363,-0.01833742,-0.3736263,0.09051304,0.6921144,36.35775,0.15773489,-8.263618,-1.1697004,17.52811,0.73384315,-20.810314,-0.6073914,-14.00893,21.91498,0.012697035,-0.011669037,0.038902733,2.0547945,2.8368795,0.12,0.104880884,0.21249999,0.11321992,-37.581867,ag,Ses05F_impro07,Ses05F_impro07_M010
599,28.920547,0.15270758,25.634188,27.596033,31.8278,6.193613,69.68466,99.02229,57.085915,94.62687,0.24937485,0.49825338,0.1492226,0.23604122,0.32620537,0.17698278,2.6892443,1.5324858,2.5331092,1.4893113,0.06929533,0.7162738,30.588352,0.35166603,1.1758027,10.017483,20.274845,0.82023233,-14.447556,-1.3047601,0.024325736,1.302912,1.1201943,0.6307318,5.5447536,0.4801281,4.898101,1.8069652,24.363153,0.3122172,640.5422,0.37726697,1310.9408,0.16572574,-65.212036,-1.307284,1702.0035,0.17432876,972.7373,0.41512048,-71.37721,-1.0926903,2767.1328,0.11971981,924.70605,0.30189595,-73.71391,-1.0406616,-14.602614,-0.36747622,23.581547,0.28710064,0.029182736,0.8579712,-0.009293441,-1.6956966,0.07333174,0.6311124,33.334713,0.24175903,1.3354794,8.64711,23.151625,0.7787201,-14.508659,-1.3897667,-10.603467,19.638834,0.020202737,0.0026193082,0.057776235,4.2145596,2.7079303,0.25285715,0.23177661,0.09642857,0.07107412,-36.14565,o,Ses05F_impro07,Ses05F_impro07_M011
600,29.747505,0.16094175,24.573189,29.356844,33.90145,9.328262,45.586178,32.839695,121.730804,129.14781,0.25875753,0.4259963,0.16417801,0.24270856,0.33377764,0.16959962,1.9941921,1.2812358,1.978706,1.0957525,0.06962054,0.7327249,29.31585,0.29568073,0.09442328,147.6261,23.684843,0.6952086,-10.382088,-1.6141584,0.027391918,1.5613153,0.94780546,0.58497834,5.875099,0.50028735,7.703122,1.2972925,23.876421,0.33298168,660.1181,0.3633326,1341.7928,0.16408972,-59.90627,-1.3494233,1715.3529,0.145808,973.1047,0.4863683,-66.16319,-1.1223104,2750.3052,0.109726295,919.64655,0.29998025,-67.94616,-1.0817636,-14.729818,-0.46028996,21.770687,0.33324215,0.024818763,1.0925295,-0.005653306,-2.0667317,0.072823964,0.70871574,30.32606,0.24848855,1.9296714,7.5547843,28.07502,0.5684214,-9.374463,-1.9849185,-9.814238,19.307838,0.026890615,0.0033698766,0.06669451,3.517588,3.0927837,0.22999999,0.17879224,0.07333333,0.04678556,-36.007812,o,Ses05F_impro07,Ses05F_impro07_F010
601,37.5057,0.11962623,35.12232,36.372307,42.404747,7.2824287,111.27499,52.787273,38.847958,23.024992,0.3161769,0.67660254,0.12423121,0.2486618,0.5030729,0.3788417,2.0226958,0.64514506,1.130779,0.97447115,0.08137842,0.816618,26.574144,0.31037953,-4.417609,-2.041743,10.480966,1.8226789,-26.963614,-0.6201664,0.026746137,1.4862446,1.1100364,0.5492779,7.827399,0.421248,4.067615,2.6510682,18.873943,0.51511586,627.9927,0.34525803,1423.0869,0.16893007,-76.875114,-1.1842273,1651.811,0.15875153,1080.1715,0.29503426,-66.28315,-1.212273,2727.4043,0.0962035,917.60065,0.24111234,-71.27179,-1.0769984,-12.120131,-0.36451983,22.857225,0.25304124,0.04392373,0.5215018,-0.0142884245,-0.9368159,0.09321768,0.6822898,27.880709,0.28342462,-6.5254636,-1.2213402,6.987032,2.91284,-32.033176,-0.49937242,-13.273004,20.460749,0.029698635,-0.00092767243,0.050768625,2.250804,2.6229508,0.265,0.20784609,0.09625,0.09393315,-33.254196,o,Ses05F_impro07,Ses05F_impro07_F011
602,38.74643,0.14123482,35.250504,36.534443,45.217453,9.966949,90.17034,48.88591,28.344189,17.077087,0.35620824,0.5839301,0.15843138,0.30667576,0.54013723,0.38170585,1.8346254,0.68366057,1.7066408,0.8174657,0.088365436,0.75979006,23.368452,0.4419844,-5.0718217,-2.1714618,7.127385,2.8518827,-22.626795,-0.6943527,0.022945374,1.613387,0.98772824,0.53006864,8.18447,0.39489076,6.935694,1.755968,18.9304,0.44369546,635.5533,0.34967512,1368.4385,0.13223015,-71.2915,-1.2452239,1649.9717,0.1489122,1084.336,0.28023848,-60.551006,-1.2977133,2679.1191,0.08854693,966.39185,0.24798648,-66.19,-1.1329591,-11.463386,-0.33743063,20.996943,0.259807,0.049657695,0.5170529,-0.01386103,-0.76780504,0.09940995,0.62938935,25.696184,0.30186936,-8.8826885,-1.0114383,2.6064866,7.9781823,-25.96311,-0.59652215,-11.736088,17.946918,0.029485311,-0.0009353377,0.05738262,2.264151,1.923077,0.38,0.23588133,0.12,0.10677078,-32.589924,o,Ses05F_impro07,Ses05F_impro07_M012
603,32.91877,0.18239266,28.868975,32.00782,35.199257,6.330282,124.754845,169.92747,176.90047,201.76021,0.5220666,0.4164914,0.33746433,0.47153443,0.74315447,0.40569013,4.4826746,3.204575,3.1230748,1.3519123,0.14746508,0.60537535,30.256895,0.32089874,-10.034848,-1.6344011,18.011288,1.1268319,-27.90053,-0.5654399,0.015526654,1.6415339,1.0747094,0.69453514,6.855845,0.4289711,-0.6826893,-10.729083,18.738512,0.40441296,610.12445,0.40125492,1286.5658,0.20943138,-39.368477,-1.8586217,1612.8131,0.17931406,1031.8356,0.3226636,-44.621635,-1.4537164,2668.8955,0.08556412,838.40247,0.21106116,-48.378773,-1.3036953,-10.651823,-0.62032807,20.832975,0.4075137,0.048558336,0.5106689,-0.018481836,-0.97970337,0.14827003,0.5974134,32.352657,0.23138629,-9.600949,-1.63128,17.251173,1.1460876,-27.517975,-0.56535107,-5.841397,10.402266,0.024868552,-0.013693446,0.129253,4.961832,2.734375,0.2957143,0.20838542,0.07,0.025298221,-28.860884,o,Ses05F_impro07,Ses05F_impro07_M013
604,33.153183,0.20030597,27.124258,30.766226,40.486954,13.362696,151.75862,205.34375,70.90392,93.39947,0.41040576,0.56543565,0.19162121,0.3810712,0.59429795,0.40267673,4.7429485,3.669495,3.469089,2.323907,0.107392155,0.79838175,28.671766,0.23198274,-13.700362,-0.9346725,19.640583,0.85148174,-26.277708,-0.6066616,0.019657487,1.6194311,1.0970284,0.6685005,6.0217094,0.51232505,2.2582383,3.61621,15.260488,0.50335544,596.07697,0.42281276,1344.2905,0.21922313,-56.897896,-1.5116493,1607.3167,0.17086749,997.2899,0.35760063,-53.785164,-1.4267173,2643.2354,0.105444275,957.46515,0.40353972,-56.53943,-1.321877,-8.933366,-0.62269735,18.569632,0.3526783,0.03688243,0.7490987,-0.012198025,-1.3383875,0.114629775,0.72914535,29.288269,0.20461375,-14.645382,-0.9282796,17.673134,0.9936397,-27.841228,-0.586754,-8.99934,15.820508,0.028295537,-0.008214616,0.08494414,3.9119809,2.4813898,0.301,0.31443438,0.1025,0.10021851,-31.180296,o,Ses05F_impro07,Ses05F_impro07_F012
605,26.769571,0.18765825,22.384916,25.750174,31.354683,8.969767,193.04358,109.91773,10.983163,8.472924,0.28662875,0.6811941,0.10361753,0.24137902,0.43446994,0.33085242,3.8714576,3.7861836,3.7158313,2.4825826,0.077143826,0.9205285,29.753794,0.3583231,-2.4245076,-4.167699,21.138983,0.6730065,-13.545362,-1.3537327,0.022987684,2.0694032,1.1970841,0.878772,4.7498717,0.50907826,3.0771403,1.8255695,19.813866,0.3358129,606.71045,0.39488146,1297.1149,0.13003555,-89.47784,-1.0344142,1638.462,0.18705837,1018.3693,0.34805325,-93.417366,-0.9340532,2667.3555,0.114196986,900.0915,0.48231438,-95.92871,-0.88728637,-12.318834,-0.462769,21.9974,0.29038382,0.027299166,0.98340976,-0.011975448,-1.7494845,0.09804677,0.78137904,34.251034,0.17167315,-4.4885144,-2.3220823,20.700996,0.78753704,-17.418177,-1.2473438,-10.57711,17.73769,0.017463928,0.0014371914,0.05078923,3.373494,2.9339855,0.1875,0.13657263,0.14545454,0.15842196,-33.4694,o,Ses05F_impro07,Ses05F_impro07_M014
606,31.489035,0.09057202,30.916784,31.728378,33.710926,2.7941418,46.550102,5.328005,-1.7151197,10.328213,0.12552528,0.4797006,0.08169487,0.104626395,0.15510327,0.073408395,1.6651382,2.0443692,0.328982,0.774324,0.023820769,0.65293884,29.522537,0.22662894,-2.3052685,-4.083378,17.607298,0.6564658,-12.216774,-0.8091718,0.016374087,0.66701496,1.1572452,0.4552251,5.484138,0.4627829,4.8206797,1.7971628,22.999714,0.32267246,527.60376,0.27702135,1413.0369,0.13495345,-111.44174,-0.84582376,1613.4462,0.10633423,1058.051,0.1786132,-116.065216,-0.7461181,2620.6255,0.08811268,1072.9049,0.39886728,-117.79559,-0.7202451,-16.067127,-0.3183724,23.980356,0.24591552,0.016434431,1.0430509,-0.0051459894,-1.5023866,0.02132056,0.707507,32.687763,0.12558821,1.1399828,7.10832,21.85156,0.45149323,-11.542393,-0.8359828,-8.925353,18.48181,0.00845886,0.0037798525,0.02537501,1.8518519,2.1126761,0.21333334,0.24939929,0.24,0.16904962,-46.982475,s,Ses05F_impro07,Ses05F_impro07_F013
607,29.915272,0.17637724,25.42337,29.174368,33.53345,8.110081,50.227932,16.760689,27.447355,20.568413,0.25920427,0.7799769,0.09597513,0.2103455,0.36057913,0.264604,4.257368,3.7322896,3.5938487,2.6918778,0.07671344,1.0326953,27.396,0.38404518,-1.06084,-12.787664,22.510618,0.60545826,-10.460214,-1.5099893,0.023802739,1.3718799,1.1623249,0.7037335,6.395911,0.5087856,5.233972,1.6431568,22.525196,0.39957383,642.4911,0.4195195,1322.1405,0.1850661,-101.66253,-0.903466,1677.8748,0.17249241,1001.9021,0.2721473,-100.7873,-0.86076456,2723.7603,0.10982386,860.9194,0.35604888,-102.70355,-0.82738864,-14.168612,-0.4719617,22.27692,0.33083478,0.030238815,0.74850035,-0.006736607,-2.2272139,0.105177745,0.78905404,32.18963,0.23625132,-1.1073027,-13.1799345,24.707335,0.57753915,-11.763099,-1.6475266,-9.643399,18.024328,0.0042191525,0.0054560513,0.043479443,3.7333333,2.5503356,0.20631579,0.19225013,0.16578947,0.20063886,-34.379395,o,Ses05F_impro07,Ses05F_impro07_M015
608,42.84818,0.14863881,39.6599,43.08341,49.119667,9.459766,161.63577,129.6041,76.0387,63.197723,0.41717926,0.7486364,0.061502777,0.3618734,0.7147205,0.65321773,4.7992463,3.9208238,3.2067544,1.9951153,0.14511304,1.1459665,22.541273,0.442716,-16.535397,-0.7198195,6.2685394,2.8447082,-25.97133,-0.6000768,0.025661256,1.1875958,1.1399246,0.47269428,7.8078604,0.6379845,6.306558,1.8465197,18.215858,0.64684486,750.6514,0.37616998,1304.7865,0.23258673,-101.943825,-0.9170295,1724.9261,0.15045308,1056.5491,0.22142395,-84.197365,-1.0535222,2770.0015,0.10814254,1006.13464,0.3386405,-89.92421,-0.9391193,-6.5614715,-0.8140694,19.749344,0.460109,0.04866815,0.7124746,-0.0077892006,-1.8179317,0.19138132,0.9242938,22.965097,0.45158434,-21.680477,-0.4898555,2.2111192,8.863226,-30.774933,-0.47859624,-9.441551,18.211807,0.0093637295,9.19782e-05,0.06500427,2.7667985,2.4291499,0.24333334,0.18544242,0.14833333,0.21294887,-28.398907,q,Ses05F_impro07,Ses05F_impro07_F014
609,37.35001,0.13288638,34.103893,35.795563,40.528954,6.4250603,43.166924,18.919638,48.27173,61.833904,0.42933756,0.55559886,0.2035509,0.41238448,0.6559364,0.45238551,5.8994627,3.7956476,4.3458924,2.2198358,0.15097593,0.8626386,31.270424,0.4154008,-8.149599,-1.5668592,2.3861697,7.9481072,-16.25525,-0.9271278,0.020822853,1.4879497,1.001359,0.7004321,8.678163,0.4644275,7.863467,1.3616208,26.442083,0.3907587,677.0674,0.35056636,1369.9634,0.20590769,-63.260254,-1.3419381,1693.8695,0.14475669,1060.455,0.24435633,-63.420628,-1.1791947,2785.5054,0.10231825,972.482,0.30106613,-70.204025,-1.0123404,-12.021481,-0.57322574,25.713938,0.32046342,0.055337433,0.48254022,-0.008061618,-1.7831802,0.17093678,0.7566583,34.207485,0.32784468,-9.338,-1.3774815,2.081743,9.605838,-16.541964,-0.9637828,-8.1113615,20.868862,0.019413134,0.00167761,0.09709506,4.6875,2.1696253,0.3381818,0.2732903,0.111999996,0.15256473,-29.016342,ans,Ses05F_impro07,Ses05F_impro07_M016
610,34.513256,0.03850759,33.745293,34.58462,35.734287,1.9889946,25.953949,24.700373,31.692774,17.860315,0.41459554,0.44493327,0.24337918,0.38172227,0.5898641,0.3464849,6.4046884,4.2072353,3.0159476,2.4002864,0.13584645,0.6191545,34.510605,0.21320231,-7.4078927,-1.5723253,4.9391737,4.0120783,-14.784587,-0.86390406,0.012534916,1.14394,0.9720944,0.8031034,8.263938,0.5270623,9.546246,1.1438903,27.086695,0.35021132,624.1782,0.3376023,1339.7843,0.123934396,-68.45692,-1.2767773,1675.7448,0.14443079,1012.3981,0.25803965,-71.51064,-1.0753641,2779.8984,0.0910721,922.894,0.29197168,-76.32292,-0.9696525,-13.469826,-0.45189503,25.016031,0.31333974,0.049716085,0.42599642,-0.009495366,-1.2775403,0.12850198,0.59024197,34.64269,0.21771514,-5.2443037,-2.395904,8.141264,2.3547838,-14.673914,-0.90285325,-7.8440804,24.966066,0.04241078,-0.0021836562,0.1489586,5.072464,3.787879,0.17799999,0.13090454,0.085,0.0295804,-31.247898,o,Ses05F_impro07,Ses05F_impro07_F015
611,38.4525,0.088456884,36.918983,38.305084,39.512253,2.5932693,38.763702,4.7315445,68.609085,100.93026,0.16542053,0.65072817,0.08738643,0.13069214,0.21667896,0.12929253,1.5049796,1.263213,1.6712341,1.7757496,0.04280436,1.1470103,24.764755,0.3630921,-3.2706275,-2.8619087,14.315489,0.8523378,-21.816282,-0.63992274,0.018545765,1.1061096,1.1982292,0.4505124,6.977314,0.36996937,7.7766724,1.4706991,21.344027,0.41169125,584.78516,0.318602,1340.3091,0.1240497,-121.666885,-0.7680786,1639.7849,0.11757742,1145.2388,0.41493294,-110.149315,-0.79068375,2648.5156,0.074562036,933.17224,0.2923673,-111.77402,-0.76530135,-12.352791,-0.36314496,21.733385,0.33208644,0.032144718,0.52049094,-0.013367408,-0.88980764,0.058024846,0.9986393,28.434938,0.2582913,-6.6478634,-1.3761036,15.726741,0.9395346,-28.630146,-0.4427642,-10.115516,18.640707,0.014854967,-2.7968757e-05,0.025014924,3.6900368,3.0418253,0.1525,0.08481598,0.15375,0.13397178,-37.790367,q,Ses05F_impro07,Ses05F_impro07_F016
612,36.338734,0.19127268,30.184124,36.41002,43.90246,13.718334,20.54033,24.501198,163.45963,68.14733,0.20950857,0.73559856,0.06431507,0.15713362,0.34176794,0.27745286,2.254764,1.3955739,3.1780212,2.0101497,0.06599868,0.98736835,26.420788,0.43903044,-3.7458417,-2.636514,18.857176,0.7323795,-9.894151,-1.0670553,0.02837272,0.83290815,1.4038891,0.56470305,7.4889574,0.37637806,8.205054,1.3548315,23.10649,0.41294917,599.17505,0.36315852,1331.4484,0.12929095,-134.33655,-0.6490615,1635.8811,0.12476385,1076.8529,0.5768033,-129.46317,-0.6381786,2695.346,0.07831757,1004.6933,0.27601662,-131.52728,-0.60955685,-15.377783,-0.33423442,26.319723,0.279048,0.042742167,0.5479689,-0.010057133,-1.3811256,0.11027391,0.5752698,34.11885,0.25649476,-3.552587,-2.7081752,17.516964,0.82889056,-15.004471,-0.80148363,-9.245668,17.191057,0.010035649,0.006930241,0.039047327,3.2,2.8571427,0.13142857,0.083397254,0.22999999,0.22052966,-34.940254,ans,Ses05F_impro07,Ses05F_impro07_M017
613,28.809069,0.16994603,23.762636,29.298306,34.093372,10.330736,152.86234,176.10507,20.095509,13.748075,0.2529358,0.61120576,0.10559812,0.23203456,0.36771947,0.26212135,3.6119568,2.008006,3.085645,1.5661765,0.07527312,0.78485906,31.682816,0.34645432,-3.6588094,-2.9170215,20.265387,0.732231,-12.412169,-1.2075406,0.018344829,1.0713028,1.0006831,0.73670995,5.870452,0.56632495,4.676886,1.7197925,23.86219,0.28788638,594.69867,0.36070707,1338.7012,0.15368576,-106.86276,-0.8567734,1614.1161,0.14495762,988.6333,0.2518946,-107.99949,-0.8015708,2675.5935,0.09948313,949.0906,0.4449185,-111.09281,-0.7517234,-13.032142,-0.47219354,22.550896,0.29756114,0.036675047,0.64389896,-0.008442143,-1.6337304,0.098419376,0.6103951,36.01599,0.24006346,-5.4455,-2.1820924,22.709063,0.7734716,-10.436965,-1.4580802,-10.855701,19.89664,0.007925207,-0.0025559,0.052680258,4.5592704,3.2159266,0.14809524,0.10177562,0.13590908,0.13085938,-34.808884,q,Ses05F_impro07,Ses05F_impro07_M018
614,30.39645,0.029915625,29.681644,30.402912,31.248678,1.5670338,9.743938,9.789011,14.770477,4.784887,0.32292274,0.58953834,0.14527698,0.27142188,0.5222975,0.37702054,4.186097,2.323831,1.8224452,1.951532,0.10864519,0.63130134,35.60516,0.20654553,-3.085495,-3.1351197,19.785852,0.61065996,-18.605608,-1.054186,0.020810602,1.4769028,1.185373,0.8247948,7.3340917,0.28227487,-1.151536,-8.6102915,23.002272,0.29110122,644.8826,0.26062757,1329.6158,0.15093355,-108.76038,-0.841011,1686.8167,0.12988153,1020.1763,0.23853731,-107.12685,-0.813464,2739.51,0.08527323,805.6484,0.2397452,-110.20083,-0.7631684,-14.71337,-0.45454222,23.571718,0.2874031,0.04694625,0.62115794,-0.008568486,-1.9479779,0.13856912,0.47937775,36.220604,0.25121197,-2.706416,-4.346146,22.1,0.57049096,-13.168704,-1.6077241,-13.027362,22.393843,0.02103574,-0.01356081,0.07647616,5.6910567,3.4188035,0.14,0.12980755,0.1325,0.16083765,-30.92219,b,Ses05F_impro07,Ses05F_impro07_F017
615,34.3026,0.025298648,33.50726,34.195744,34.90963,1.4023705,9.682004,4.57136,33.78308,22.679558,0.08118739,0.3878284,0.056503702,0.06385382,0.11528956,0.05878586,0.68289274,0.20098785,0.2314765,0.14397478,0.0149187995,0.653313,27.338875,0.147193,-5.0433683,-1.1080489,15.682663,0.4494281,-14.008266,-0.7879527,0.01574628,0.6967586,1.2597837,0.28526306,5.623248,0.15986691,-5.468827,-0.8979883,16.33936,0.40263477,753.5221,0.1387052,1247.1271,0.06164903,-157.6648,-0.5067096,1888.3141,0.09226292,1184.6318,0.37472567,-162.0655,-0.4422139,2905.1047,0.05657552,708.46075,0.1784823,-162.99309,-0.42888427,-15.592736,-0.16990416,24.71854,0.10146526,0.0016396921,5.604942,-0.017388755,-0.6180057,0.02241877,0.35374695,32.724888,0.07732795,-5.262054,-1.281516,10.550548,0.6443506,-29.539587,-0.19466406,-12.318313,21.968939,-0.008365564,0.004385732,0.011323476,1.4184397,1.4814814,0.13499999,0.095,0.3433333,0.23795424,-51.48291,ans,Ses05F_impro07,Ses05F_impro07_F018
616,24.623125,0.044492133,23.76866,24.685503,25.863832,2.095173,13.361023,5.670008,16.912067,8.360389,0.15448454,0.5634946,0.062443107,0.14377034,0.23421618,0.17177308,1.3629652,1.1638483,1.3771328,0.5065246,0.031921502,0.6495139,31.942986,0.15530783,-3.3965223,-2.519539,31.55179,0.53181565,-5.908106,-1.1041526,0.017627196,0.6805548,0.825779,0.5674031,5.6405826,0.27321458,2.82609,0.6197728,23.811317,0.26577038,498.80978,0.32437357,1295.9761,0.1492654,-104.82933,-0.90210503,1667.4946,0.12710074,893.63135,0.3544319,-112.78921,-0.7671955,2578.5298,0.11568769,1099.0391,0.34066522,-112.984665,-0.76484007,-17.422346,-0.2548517,24.340181,0.19995816,0.016429842,0.75308394,-0.00862663,-1.0857701,0.040692993,0.1624374,34.971333,0.101376794,1.6987463,4.7610545,44.180965,0.35452327,-5.2383857,-1.4855297,-11.486852,21.828531,0.0016805198,0.0014434889,0.02651757,4.3010755,1.1363636,0.42999998,0.0,0.21,0.04,-40.932716,s,Ses05F_impro07,Ses05F_impro07_M019
617,32.535988,0.17308685,27.069794,32.196934,38.034195,10.964401,371.2388,778.0582,53.637524,48.340054,0.26493075,0.5847828,0.11644564,0.2433644,0.40440404,0.2879584,3.2413032,1.9570699,2.4252775,1.9444045,0.068693064,0.78743994,30.218721,0.3916477,-5.2250047,-2.5603018,11.980557,1.1790396,-16.184185,-0.91535366,0.021230254,1.1909236,1.1269467,0.6548041,6.4150453,0.52121055,2.7473304,3.0939274,23.616129,0.35291493,610.70966,0.35818043,1351.5479,0.1393957,-100.87595,-0.9170378,1611.6055,0.16465516,1115.0427,0.2910692,-99.92006,-0.8736876,2695.8843,0.10157166,899.6781,0.2985155,-104.682236,-0.7921905,-12.426848,-0.55924916,25.339964,0.28208643,0.038269103,0.56971747,-0.012605402,-1.264977,0.08991382,0.61948043,35.551037,0.24541743,-4.9726725,-2.826564,9.36702,1.6392215,-20.930035,-0.8295786,-8.078261,18.02372,0.0030918226,0.006328375,0.043304082,3.3222592,2.6845636,0.19562499,0.21186578,0.156875,0.21329904,-35.272793,o,Ses05F_impro07,Ses05F_impro07_M020
618,31.54672,0.17556547,26.811216,30.736755,38.861107,12.0498905,26.377604,2.9719238,12.105359,8.963457,0.24406622,0.5376904,0.11698378,0.2270015,0.3825007,0.26551694,1.8030335,1.0426857,1.1570551,0.8361677,0.050358538,0.5501955,33.86522,0.29862022,-8.416653,-1.474777,11.380183,0.83886826,-15.011355,-0.6592221,0.01654113,1.1030922,0.96598154,0.59474546,6.3604317,0.36704326,-1.3660783,-4.9571476,22.080793,0.35053903,548.35815,0.3203146,1346.3433,0.11493093,-81.027596,-1.1365254,1538.7935,0.13921711,1083.5547,0.1897852,-84.59333,-1.020192,2592.3867,0.09593323,906.0091,0.28799304,-90.7074,-0.8988058,-12.719132,-0.5531023,25.140848,0.2444134,0.034852993,0.5305899,-0.012738946,-1.0000737,0.061850388,0.4591795,39.282406,0.1493399,-9.714257,-1.3264223,12.64209,0.81355065,-16.746046,-0.6623285,-8.185712,18.013067,0.00036406267,0.005172847,0.032900844,3.3472805,2.145923,0.28399998,0.3149984,0.162,0.14878173,-37.22941,o,Ses05F_impro07,Ses05F_impro07_F019
619,31.637081,0.09528881,27.801605,32.65525,34.666344,6.8647385,38.179665,11.030558,76.262054,63.427704,0.19481336,0.80471855,0.061599165,0.11226937,0.36220273,0.30060357,1.9130349,1.1714312,1.1183667,0.16229111,0.057645842,1.0004599,34.670864,0.21825708,-6.7883024,-1.0471663,18.64479,0.5292857,-9.931258,-0.69805145,0.05409369,0.8643374,1.6142441,0.35255828,5.152088,0.35301617,2.7033107,3.2344668,21.910633,0.21846744,517.55365,0.41360483,1332.0023,0.16344458,-126.706665,-0.7209829,1535.0499,0.11289136,1091.8651,0.3871717,-129.16647,-0.6634746,2581.6653,0.07115494,1050.0032,0.19073142,-132.03821,-0.6247722,-12.809129,-0.17696632,25.483452,0.18699527,0.041175816,0.47542045,-0.016387304,-0.647114,0.12433315,0.3410194,41.644894,0.117808186,-11.961739,-0.5489846,16.635328,0.7711426,-15.015848,-0.33997512,-12.903006,22.487957,0.008140638,0.0033663039,0.020677496,1.1494253,2.4390244,0.14999999,0.08,0.15666667,0.097410925,-37.223396,b,Ses05F_impro07,Ses05F_impro07_F020
620,36.070652,0.16364631,31.219612,36.55396,42.083305,10.863693,662.7719,953.3979,22.760458,24.095732,0.20123284,0.7204787,0.101569235,0.15097764,0.24799462,0.14642538,4.1456265,3.7768228,3.5998445,2.6089206,0.0557972,1.0170475,28.98882,0.2796467,-4.4540596,-1.9279487,19.408146,0.7285929,-21.134903,-0.7190522,0.018830037,0.8302729,1.284855,0.566565,7.0610604,0.47617015,5.644011,1.4004632,19.491066,0.45889884,671.40686,0.3745726,1497.1829,0.23516195,-122.44074,-0.7337041,1676.6769,0.15559997,1045.7867,0.25123605,-114.95683,-0.75359243,2755.568,0.08734153,952.8832,0.43004104,-117.226295,-0.7164148,-12.550055,-0.3162593,22.309788,0.24379782,0.029254565,0.64244205,-0.011466167,-1.42396,0.072280675,0.94666106,31.038586,0.20393525,-7.121289,-1.2083015,19.26496,0.92032915,-25.397139,-0.6161535,-11.947928,20.546934,0.011700397,-0.008113983,0.038252197,3.10559,3.7974684,0.1125,0.0775806,0.13083333,0.13937111,-37.866516,o,Ses05F_impro07,Ses05F_impro07_F021
621,28.30647,0.13902076,25.058767,27.152313,31.806864,6.7480965,96.15154,120.89406,0.05615743,37.175034,0.21611424,0.6647803,0.09527787,0.18705821,0.30768794,0.21241006,4.4142137,2.95527,3.2302077,2.06442,0.069644,0.8163238,32.470474,0.3402841,-0.49619243,-21.304804,20.512234,0.71755505,-17.500818,-0.8554364,0.018983621,0.97242606,1.2711844,0.65929705,5.165085,0.42994216,4.660986,1.3073796,27.803116,0.35380876,638.40344,0.34909448,1348.6777,0.14464904,-118.44308,-0.75282323,1686.5023,0.16717193,1047.551,0.25002244,-119.50511,-0.7038325,2731.3164,0.10837707,915.5477,0.23415443,-121.97128,-0.66792357,-15.336398,-0.39915323,25.125668,0.32144305,0.025726749,0.79158735,-0.013908218,-1.1234317,0.096000984,0.6480801,36.655445,0.24087356,1.1922482,9.202826,23.293715,0.70238835,-15.842482,-0.9983064,-11.795098,21.41175,0.010949209,-0.0059389835,0.0502885,4.5822105,3.5519128,0.11769231,0.08468529,0.155,0.18830383,-36.93409,s,Ses05F_impro07,Ses05F_impro07_M021
622,38.14663,0.17625478,32.149734,34.69628,43.031826,10.8820915,379.95947,608.02106,160.70567,185.7173,0.17811495,0.85986114,0.05392247,0.13473381,0.21854421,0.16462174,2.4484375,1.6465219,2.5499957,1.6884857,0.05615664,1.2557895,30.904034,0.23353632,-4.2479396,-2.845151,13.442553,0.94486386,-16.534084,-0.8533799,0.022904307,0.820823,1.3057814,0.50799024,7.454239,0.3519451,9.195441,0.9936861,24.952665,0.35446268,594.96814,0.29059672,1381.7114,0.11377003,-125.95644,-0.70732653,1635.1984,0.13395895,1042.6191,0.20192938,-114.20344,-0.74646324,2770.1055,0.07313131,928.53937,0.346207,-118.08734,-0.68641335,-13.860187,-0.48966286,25.082493,0.3278213,0.027154325,0.72907835,-0.009580665,-1.3608658,0.09026479,0.94576335,34.136375,0.20995772,-5.863247,-2.3731797,13.005488,1.235251,-22.20157,-0.72598743,-12.966622,22.866472,0.0058802753,0.004065333,0.025251394,3.0837004,3.6199095,0.122499995,0.11199888,0.15142857,0.2112161,-36.053654,s,Ses05F_impro07,Ses05F_impro07_F022
623,35.010582,0.15750729,30.851889,32.911015,42.289383,11.437494,103.05887,54.207844,52.430717,24.258696,0.27793947,0.50328565,0.1560969,0.2557335,0.37311298,0.21701607,2.776109,1.4930769,3.0122628,1.5402077,0.09492246,0.8112907,26.814083,0.66452277,2.8549814,5.13103,15.118908,1.1488489,-18.817959,-0.82023424,0.026090447,0.9025101,1.2405874,0.5756291,7.009318,0.4341569,7.764098,1.0730822,29.600445,0.34728485,561.3997,0.31806284,1399.3441,0.13130604,-96.52962,-0.94575894,1644.355,0.15393534,1068.6244,0.25147656,-92.11093,-0.894036,2773.2307,0.08365201,1020.0934,0.35716373,-97.30221,-0.8017319,-16.414255,-0.4992295,28.626808,0.35212952,0.032748215,0.72048837,-0.015878418,-0.9478303,0.11113942,0.68890154,36.618454,0.24626087,0.23796244,60.82673,13.565259,1.4871761,-21.235195,-0.8213559,-5.841843,11.91183,0.009564953,-0.0003169265,0.074174985,4.782609,3.1111112,0.18714285,0.08680262,0.156,0.14813508,-33.642605,o,Ses05F_impro07,Ses05F_impro07_M022
624,36.522373,0.18719946,31.258404,33.724743,45.217133,13.958729,177.5593,123.598076,52.10315,48.71457,0.2670399,0.7363545,0.10714926,0.1962985,0.3903376,0.28318834,3.3590832,1.5097551,0.98819077,1.0841198,0.07476083,1.2066387,23.2099,0.50196165,-9.343846,-1.6078048,11.972835,0.9239762,-21.282612,-0.6740139,0.048313074,1.5779229,1.4854884,0.48828685,4.6197133,0.7146013,4.856931,2.6345375,20.320148,0.3846254,676.3219,0.32056895,1371.885,0.16611889,-108.97285,-0.86985683,1688.6425,0.12775645,1094.0319,0.19155909,-106.57309,-0.8262733,2744.6055,0.097171396,1043.1089,0.45400244,-109.386246,-0.7753535,-11.207726,-0.55690044,22.535059,0.28275165,0.03726642,0.72995436,-0.0058975737,-2.0746028,0.09909829,1.0945212,28.490746,0.28417426,-11.339525,-1.4048505,9.850301,1.1458331,-24.268217,-0.65891415,-5.9092298,14.0418415,0.01980109,0.0028800773,0.04505908,1.9184651,3.6496348,0.12933333,0.120303325,0.14230768,0.09962652,-35.44773,s,Ses05F_impro07,Ses05F_impro07_F023
625,25.781277,0.15925194,22.153938,25.130653,27.965612,5.811674,94.2229,83.18605,36.87722,17.838919,0.18380263,0.7412462,0.0731064,0.1480101,0.25749633,0.18438992,2.4537642,1.5166734,1.7328744,1.0315008,0.045831632,1.1869851,26.867693,0.50751925,-2.9339578,-4.196636,20.055483,0.67066413,-11.050001,-1.0834197,0.024253178,1.7882454,1.2859637,0.7821516,4.325017,0.48322034,3.2410357,2.601089,22.757019,0.3472922,565.34503,0.37040654,1337.7891,0.14631695,-124.67732,-0.73963964,1599.2598,0.14586805,1054.151,0.2597653,-127.5489,-0.68255186,2650.3838,0.09823423,977.68475,0.30535257,-129.8105,-0.6497562,-13.1047325,-0.40510017,23.540123,0.3031573,0.029326646,0.6924535,-0.009603742,-1.526921,0.06525422,1.055937,36.06289,0.2113104,-5.4907227,-2.3806746,21.807213,0.7612066,-13.0273695,-1.1647956,-8.950541,17.5759,0.0029054561,0.0049248254,0.033376426,2.9865124,2.3233302,0.16083333,0.09424775,0.2722727,0.29905808,-38.777775,o,Ses05F_impro07,Ses05F_impro07_M023
626,34.310722,0.15139325,31.350082,36.060406,37.480843,6.13076,63.083935,60.7933,26.27425,19.768316,0.13169426,0.5106414,0.06410265,0.12243088,0.19907384,0.13497119,0.84827894,0.33965227,0.93526983,0.4399188,0.026869811,0.6562895,29.488417,0.2068415,-6.0868716,-1.4700688,17.731352,0.4751728,-18.37571,-0.89334714,0.017575873,0.6841098,1.1282376,0.4242253,5.6915135,0.38345185,5.301027,1.4567167,22.13631,0.21407768,607.88226,0.2178491,1331.2449,0.13349205,-123.9473,-0.7588174,1700.0225,0.10698731,1061.6481,0.303041,-123.64818,-0.70598614,2677.3833,0.06306127,881.4542,0.26669082,-124.55446,-0.69255626,-13.451641,-0.223039,21.999863,0.20863514,0.03284797,0.3504327,-0.018083163,-0.7741739,0.038007453,0.48716587,32.467525,0.1793476,-10.940481,-0.83384144,14.8263035,0.6786971,-31.254087,-0.39828408,-14.003958,22.790052,0.0018777561,-4.3077296e-05,0.020244699,2.4390244,3.0,0.12833333,0.116105795,0.22,0.19172896,-45.628292,ag,Ses05F_impro07,Ses05F_impro07_F024
627,40.353962,0.19282572,29.72688,45.100746,45.963448,16.236568,59.91374,55.768017,144.67845,94.945816,0.30864644,0.603558,0.16224015,0.2975309,0.3695127,0.20727256,1.8712292,1.4742726,2.0193336,1.7551723,0.062495377,0.901609,31.796015,0.16763282,-8.973637,-1.0092051,6.5027995,1.9802371,-25.827965,-0.6229019,0.021596061,1.8408101,0.73570967,0.93997455,11.753621,0.4590917,1.6206025,4.6798525,17.306372,0.43981916,781.15186,0.30665874,1160.7014,0.12402551,-67.43687,-1.199017,1829.9083,0.16964903,920.2416,0.19345829,-71.09165,-1.0701165,2961.4297,0.098634675,812.5385,0.29578736,-77.06569,-0.93921876,-17.785658,-0.42486158,29.430449,0.29415205,0.06201455,0.3808164,-0.006591736,-1.6705649,0.06443045,0.7934617,33.247013,0.14023219,-8.828811,-1.0962934,3.359121,3.5806127,-29.801231,-0.47713357,-12.111436,22.705555,0.0095503945,-0.0030706509,0.060881764,1.6393443,1.9390582,0.36714286,0.6124357,0.11125,0.10913724,-31.44339,s,Ses05F_impro07,Ses05F_impro07_M024
628,43.86302,0.104514405,44.234535,45.54438,46.17642,1.9418831,5.3890142,0.0,-88.14243,0.0,0.30930665,0.36795586,0.2546666,0.2994552,0.3228188,0.06815219,1.3364267,1.0852883,0.41330874,0.33785817,0.053926665,0.76277757,33.10964,0.14377363,-9.482179,-0.9644201,1.213111,4.451783,-29.639544,-0.36502874,0.01834198,1.5334843,0.7066479,0.98214686,13.462154,0.34158966,1.6777,4.684224,18.160818,0.3208218,865.4298,0.19896962,1138.1632,0.12626377,-36.078564,-1.4871838,1942.3074,0.11298236,912.2249,0.20226161,-44.930508,-1.0935153,3065.7183,0.07415216,862.14435,0.2551979,-52.14007,-0.8957395,-20.179052,-0.26313144,31.752777,0.22863394,0.068296224,0.30945453,-0.00376034,-2.487068,0.051339354,0.76522887,34.139668,0.11144424,-8.509965,-1.0927091,1.4025892,3.5936632,-28.501411,-0.37836275,-11.262244,22.505789,0.026422018,-0.021015603,0.053242117,1.7621145,1.357466,0.65666664,0.76604325,0.095,0.074999996,-30.592827,o,Ses05F_impro07,Ses05F_impro07_F025
629,33.873665,0.24806364,24.466759,36.457947,42.654625,18.187866,79.87456,54.3833,96.75879,90.60969,0.2700259,0.59291893,0.11084928,0.24799176,0.40476808,0.2939188,3.5198627,1.7457687,2.58438,1.5481489,0.07577543,0.74707025,29.496765,0.2734107,-12.325218,-0.87032634,17.17305,0.97072965,-17.69311,-0.8430734,0.028549548,1.5735732,1.2698392,0.8655745,6.707919,0.7179835,5.576885,1.4418517,19.394169,0.42679074,656.39984,0.42022145,1307.3394,0.15529075,-130.09897,-0.69206566,1660.7268,0.16181958,991.48315,0.2321486,-118.367256,-0.74755263,2738.2456,0.11977551,902.03296,0.248309,-120.812035,-0.7109404,-11.447736,-0.4132426,20.586784,0.32427633,0.039242174,0.47167298,-0.008081629,-1.361755,0.101100445,0.5611608,31.219507,0.19074798,-15.200277,-0.6897821,17.266687,1.1191255,-19.818485,-0.7514308,-9.931639,19.14096,0.018895378,-0.0038259982,0.056870047,4.2553196,2.640264,0.1575,0.1370447,0.19999999,0.22850053,-35.817047,o,Ses05F_impro07,Ses05F_impro07_M025
630,28.731884,0.22750947,24.04833,25.765987,37.118458,13.0701275,168.34937,143.1743,23.164062,22.547607,0.3341545,0.34442893,0.23373657,0.33554307,0.4290825,0.19534594,4.1150346,2.0575418,1.834965,1.1982305,0.08837652,0.41117722,31.263542,0.18953858,-14.674568,-0.6511045,23.28287,0.5632108,-26.292952,-0.5326741,0.026088813,1.0889827,1.1969111,0.64500797,4.2072268,0.583836,2.8268185,2.3071666,19.288363,0.2975347,650.9818,0.45665458,1343.6511,0.14724919,-102.88457,-0.9169158,1626.7458,0.16188473,1026.7626,0.22722988,-91.16346,-1.0023017,2657.9412,0.09761689,850.458,0.31295115,-93.788414,-0.9518725,-9.271546,-0.37354496,18.376791,0.23911043,0.04300821,0.39643416,-0.006828263,-1.5768538,0.08713498,0.4021555,30.981256,0.17430022,-17.906523,-0.5380328,23.895193,0.46440336,-25.408543,-0.519575,-10.345584,20.244091,0.035478335,-0.017397966,0.09368759,4.878049,3.3898306,0.155,0.06800735,0.114999995,0.11884864,-36.26463,b,Ses05F_impro07,Ses05F_impro07_F026
631,31.742945,0.19143945,24.372547,32.181885,38.51483,14.142284,59.542156,18.055553,127.3443,82.786575,0.25897935,0.42390755,0.1620804,0.23733875,0.34889776,0.18681735,2.8284757,1.05775,1.3453559,0.7495603,0.07314733,0.40128016,33.192165,0.1795951,-12.165215,-1.1348826,20.225815,0.79141617,-19.096083,-0.9889765,0.042252336,1.7256783,1.2856903,0.5898307,5.4956717,0.469515,4.16516,2.389597,20.528559,0.32888243,574.6947,0.34071913,1333.4705,0.107255176,-114.63076,-0.8278479,1589.6511,0.11819807,986.1126,0.10459042,-107.559746,-0.80362093,2622.6152,0.08102941,893.61676,0.21601738,-109.26155,-0.7764664,-12.856758,-0.42114118,21.568077,0.31070748,0.028183715,0.63190913,-0.014213854,-0.71667564,0.06790711,0.42377278,32.501022,0.2236056,-12.281272,-1.1054125,23.520893,0.71042174,-16.266762,-1.1429799,-13.23322,23.11355,0.0349202,-0.012741513,0.078558825,6.081081,4.195804,0.11,0.073029675,0.10833333,0.059837744,-38.46675,b,Ses05F_impro07,Ses05F_impro07_F027
632,36.73916,0.32958212,25.20942,30.956171,51.89835,26.68893,897.8183,1309.6475,35.29859,35.56191,0.35909548,0.7206964,0.14087455,0.28468773,0.5001472,0.35927266,2.4118347,2.162578,2.999204,1.4258631,0.12358764,1.0760119,25.865295,0.5169383,-14.157145,-1.3846279,12.882307,1.223556,-21.505018,-0.7277155,0.025107037,0.90679705,1.4025397,0.579891,4.925882,0.6306786,2.8277984,3.1055388,20.823149,0.43594494,683.8736,0.38545355,1291.2305,0.19538422,-88.36031,-1.0399106,1648.9606,0.14965728,1108.934,0.38100636,-81.81126,-1.0445666,2756.0903,0.08668441,876.3509,0.43160734,-86.86233,-0.93632257,-7.7087507,-1.3057345,21.20357,0.3961794,0.038992416,0.6738799,-0.009404162,-2.1853747,0.15398884,0.96389335,27.654213,0.53654426,-16.11639,-1.2695066,10.167746,1.7726773,-25.958467,-0.5781684,-7.5918274,18.801516,0.012763072,0.005676082,0.07630321,2.2058823,4.135339,0.14181818,0.08653093,0.087,0.07861932,-32.598415,o,Ses05F_impro07,Ses05F_impro07_M026
633,37.475906,0.29152262,24.996326,36.326504,49.223183,24.226856,729.973,1181.3785,40.117332,31.856485,0.31468272,0.7674517,0.13272373,0.2115171,0.49201596,0.3592922,3.4304495,2.010568,2.8461266,1.3480178,0.0944611,1.223126,26.005943,0.37301597,-14.487598,-1.0944159,10.399598,1.1589203,-24.165577,-0.5400252,0.026069615,1.1498845,1.1881655,0.5309843,5.147207,0.69713396,3.3190563,2.0248902,17.961874,0.43653658,695.36096,0.38297006,1363.4415,0.17940632,-88.53359,-1.0421132,1614.5618,0.14789835,1100.722,0.33937782,-80.6378,-1.0912997,2743.2202,0.07928679,862.22546,0.47660545,-86.53427,-0.9646114,-7.8681893,-0.9825391,20.07118,0.26890796,0.038740925,0.6926901,-0.0063400217,-2.7698717,0.11546475,1.1564431,25.782408,0.39576203,-16.775682,-0.9335118,8.544327,1.4624982,-28.964966,-0.41796172,-8.668151,19.402775,0.017126951,0.0028090843,0.0581917,1.7283952,3.517588,0.16714284,0.14022575,0.1125,0.09084097,-34.176613,o,Ses05F_impro07,Ses05F_impro07_F028
634,28.486458,0.1777735,24.330355,26.713703,32.286697,7.9563427,63.91156,25.036898,83.867386,88.990715,0.28826687,0.65489584,0.11142391,0.23871394,0.46311587,0.35169196,2.8076508,1.4494637,2.4443069,1.2960933,0.0719584,0.8745478,23.023254,0.5364672,-8.917991,-0.9930944,11.562489,0.8533785,-20.861656,-0.583334,0.042481717,1.1916535,1.1415111,0.73845947,3.4137022,0.7922245,1.450135,4.4117103,15.581865,0.39222348,610.31415,0.36389133,1348.9739,0.13451982,-142.12457,-0.6110311,1602.7311,0.20599903,1116.7484,0.2879491,-142.64658,-0.59109235,2693.4165,0.07950306,828.19965,0.45194915,-144.51657,-0.5648789,-9.860297,-0.39576957,19.85183,0.23433474,0.028066503,0.6212292,-0.021078777,-0.7095097,0.12134896,0.51934755,32.371952,0.21965209,-8.659347,-0.7089566,10.989369,0.74935424,-31.324652,-0.3370667,-5.549181,14.447179,0.006700131,0.0020561342,0.050472833,2.8328612,2.0289855,0.14142857,0.11153842,0.33142856,0.31638262,-36.09003,ag,Ses05F_impro07,Ses05F_impro07_M027
635,34.030144,0.16092354,26.520279,35.979053,38.94883,12.428551,12.609768,3.385789,4.212006,8.730783,0.26793596,0.7148514,0.09883016,0.23209925,0.3648746,0.26604444,2.0727859,0.66950834,1.5801384,1.2907051,0.055958707,0.9717292,28.276535,0.26819476,-13.480504,-0.697007,12.05181,0.9828051,-26.902622,-0.5732117,0.011143301,0.8650379,1.0685579,0.49532357,6.4922595,0.33702257,1.7756006,4.9650445,16.954735,0.38676545,600.1825,0.2906734,1388.4994,0.18437271,-86.995384,-1.1139705,1614.4053,0.13437577,992.35596,0.2115417,-82.88108,-1.0916995,2698.5483,0.083005294,842.09467,0.35932407,-87.15447,-0.9986516,-9.759454,-0.34642863,19.463999,0.294624,0.030930102,0.46625802,-0.01523144,-1.0409015,0.06791702,0.92754453,30.511152,0.18703781,-15.442891,-0.6343316,11.99003,1.0722896,-31.95104,-0.4961747,-7.4854918,16.961964,0.00923921,0.0039449935,0.03722863,1.7595309,2.6865673,0.21666665,0.18749815,0.13555555,0.099343516,-35.99218,s,Ses05F_impro07,Ses05F_impro07_F029
636,31.86956,0.18388778,26.167149,31.596745,37.133102,10.965954,42.568436,30.446558,29.982508,14.28283,0.3375328,0.7712261,0.12907882,0.26961356,0.5209824,0.39190358,4.0084395,3.1791227,2.2812827,1.7021719,0.10178468,1.0810142,30.022882,0.43842146,-2.0612252,-7.4977465,15.381623,1.0186591,-16.327517,-1.1164203,0.022424504,1.4928951,1.0316241,0.749171,7.213577,0.4959254,6.8344107,1.2431256,25.420843,0.40070546,602.8806,0.40498015,1341.6616,0.18915194,-75.505104,-1.1933357,1664.0831,0.18680747,1017.9745,0.27296972,-75.13183,-1.087029,2728.151,0.11783323,939.863,0.32310534,-79.14692,-0.9968971,-15.201627,-0.52200943,25.072012,0.37656954,0.0388,0.60116094,-0.016988387,-1.0119957,0.13426667,0.88108367,34.19354,0.2643204,-2.5217755,-6.449083,14.373168,1.1960583,-19.123621,-1.0445629,-8.252259,16.748024,0.0027483327,0.006995832,0.03139028,1.8333334,1.6806723,0.402,0.2013852,0.171,0.19449678,-30.961315,o,Ses05F_impro07,Ses05F_impro07_M028
637,29.985725,0.18094717,25.44604,27.887405,35.44694,10.000902,159.90971,224.29852,102.78488,86.87469,0.48595542,0.6008573,0.22912717,0.43111885,0.73347104,0.50434387,5.0889215,2.4518063,4.650408,2.2813318,0.14811696,0.78603786,24.792147,0.39316714,-12.199194,-1.2575613,24.246487,0.62991303,-17.052282,-0.98272324,0.025425415,1.3229235,1.2436498,0.57271063,3.8753998,0.6129865,1.5276239,5.387953,13.57909,0.68610436,649.831,0.41227376,1280.6813,0.17718741,-76.56558,-1.1627356,1659.9034,0.15676711,1031.2057,0.3722569,-74.0839,-1.1465794,2644.7139,0.09936111,906.5424,0.31736755,-75.882515,-1.1020417,-9.208241,-0.45568568,17.408049,0.31417835,0.039008845,0.58723104,-0.010584057,-1.2229584,0.17290185,0.6291522,28.1061,0.26054204,-15.01937,-0.9350278,24.681034,0.6249054,-20.765707,-0.85582215,-6.107523,13.362575,0.016152324,0.0009224095,0.10480169,3.8732395,3.5523982,0.176,0.14301749,0.08842105,0.064421564,-30.388199,o,Ses05F_impro07,Ses05F_impro07_M029
638,31.150566,0.22300172,25.191261,26.827135,38.606716,13.415455,198.35327,257.87027,141.80856,88.246796,0.6020432,0.49975646,0.3492642,0.51142615,0.9050001,0.5557359,5.064952,2.8872125,4.1857443,1.7304384,0.19362473,0.6900673,24.719677,0.3929602,-18.962212,-0.7519789,17.913818,0.95921063,-24.408136,-0.78983116,0.03134042,1.4179612,1.210995,0.5245868,2.9949746,0.6937128,2.7054005,3.4419067,11.457126,0.7999128,682.1347,0.41152114,1300.7598,0.17534488,-70.232895,-1.2593397,1683.4436,0.17556982,1073.0952,0.26119316,-64.34101,-1.30299,2677.1924,0.10052222,963.87415,0.30009,-67.40098,-1.2131296,-7.261729,-0.47129685,16.26125,0.31382695,0.03553148,0.55510485,-0.012100311,-0.92692006,0.20515701,0.58311063,26.931646,0.3056228,-22.303627,-0.55940294,16.860756,0.9834486,-29.691153,-0.6255849,-4.3171124,12.803662,0.02420946,-0.00038539403,0.17067602,4.484305,4.6082954,0.14,0.13682105,0.07125,0.04136348,-29.027143,s,Ses05F_impro07,Ses05F_impro07_F030
639,29.96765,0.14038707,26.021057,28.824093,35.400024,9.378967,80.7857,65.45669,22.934942,21.180813,0.48756346,0.54750186,0.23830596,0.42878267,0.74400383,0.50569785,6.1345468,3.3168764,4.6056733,2.54152,0.14501087,0.6779883,25.217583,0.36106667,-10.241439,-1.5143378,30.959702,0.38055813,-16.766277,-0.7646594,0.022895437,0.9997178,1.2475545,0.56170195,3.8787293,0.59523284,-0.49887466,-15.011747,12.030068,0.6828915,584.5113,0.41366306,1270.7438,0.18707488,-59.579796,-1.3499682,1622.9841,0.14678676,1009.545,0.49103925,-60.98802,-1.2490879,2578.8252,0.097334445,914.8601,0.29494986,-61.67828,-1.2282676,-9.562625,-0.4030281,16.794102,0.29337665,0.04135972,0.54700994,-0.011677819,-1.1966393,0.16477783,0.6249267,27.495714,0.20590486,-12.773983,-1.0107311,31.506287,0.33993033,-18.379705,-0.7279409,-8.126501,13.827408,0.02394776,-0.0020813711,0.09396791,5.0458713,4.245283,0.16444445,0.10573668,0.065714285,0.032450903,-30.610691,o,Ses05F_impro07,Ses05F_impro07_F031
640,33.268993,0.12087539,27.40796,35.21712,36.249306,8.841345,81.35025,78.46644,-11.625522,30.664562,0.23672834,0.5577256,0.11519207,0.2139136,0.33253533,0.21734326,1.8058693,0.84600866,1.1482341,1.0992907,0.05664329,0.70779455,27.59616,0.30260962,-5.993876,-2.1081922,17.824543,0.5754504,-24.182135,-0.8264619,0.016741423,1.2844324,1.199369,0.6097411,6.5104957,0.431306,3.6431637,2.7992458,18.885365,0.48819128,586.57837,0.33330354,1442.9955,0.17047077,-85.72326,-1.0803769,1622.5548,0.14901672,1104.5032,0.31416664,-81.31558,-1.0605329,2690.5579,0.10332645,895.4853,0.32608634,-84.28193,-0.99609745,-12.427419,-0.39717123,21.9767,0.24459466,0.043146517,0.4402384,-0.013368252,-1.0106091,0.059141926,0.6601098,30.868994,0.1375545,-8.522819,-1.2972436,15.962016,0.68631965,-32.963062,-0.51132643,-10.333943,18.518496,0.016576398,-0.0008727589,0.052876223,3.5087721,3.2142859,0.18666665,0.12036981,0.113749996,0.07140335,-37.684044,s,Ses05F_impro07,Ses05F_impro07_F032
641,27.185709,0.24126755,23.021338,24.821428,27.68771,4.6663723,80.60112,76.32962,16.68465,20.35542,0.29429576,0.70874697,0.1318367,0.2350976,0.45498416,0.32314748,3.2403603,1.4734076,2.6407838,1.9108127,0.07509746,0.9307841,25.486814,0.46477166,-6.0239415,-2.3089583,25.17493,0.6173493,-12.526382,-1.4128206,0.016407426,0.95586735,1.0780406,0.67049533,4.728715,0.5140287,4.493709,1.3763133,20.06208,0.4161679,596.701,0.4175731,1289.4083,0.17862481,-105.88365,-0.88551617,1638.6486,0.1650127,917.3702,0.30360994,-106.59446,-0.8401366,2655.214,0.11343529,888.339,0.4083843,-108.044586,-0.8159969,-11.30436,-0.54660714,19.722271,0.30393863,0.02946068,0.8745846,-0.007507816,-1.9891095,0.09078596,0.82262444,30.732635,0.27223846,-7.2852716,-1.7858615,28.327057,0.64557254,-14.574145,-1.4448463,-7.7579103,16.128405,0.008731835,0.0042698034,0.06034367,2.9665072,2.7884617,0.17034483,0.11618897,0.18653846,0.16872695,-35.22603,o,Ses05F_impro07,Ses05F_impro07_M030
642,37.671597,0.30818164,23.546099,43.15369,48.61117,25.065073,52.04352,108.11512,36.2055,0.0,0.42470238,0.6531491,0.18222624,0.31419224,0.7264404,0.5442142,3.4991922,1.8979137,2.3877845,2.3542655,0.12252389,0.9447402,20.425425,0.49620306,-18.097637,-0.94237065,18.506174,0.7412635,-20.78554,-0.6219882,0.019963216,0.3613883,1.3406368,0.52610165,3.3431108,0.5643099,4.413507,1.0589831,18.967234,0.31005418,673.3721,0.33281872,1225.4379,0.14028549,-151.1558,-0.5372,1672.9841,0.10850924,992.36383,0.21283944,-140.94942,-0.5938374,2738.3745,0.0797925,923.80524,0.33063817,-143.08234,-0.56420463,-3.283296,-1.7972729,14.872891,0.27706355,0.034448896,0.74409723,0.0028753586,4.8989563,0.17290401,0.9210812,19.011633,0.5145927,-21.75059,-0.803767,15.13611,1.1538373,-22.121489,-0.6132467,-4.972814,14.113586,0.016492857,-0.0017158485,0.10399561,2.1164021,3.2608697,0.085,0.051559027,0.17142856,0.15384857,-33.42949,oth,Ses05F_impro07,Ses05F_impro07_F033
643,24.813747,0.07007097,23.308186,24.672674,26.475485,3.1672993,31.716331,31.144577,24.533014,7.482836,0.2160532,0.6839942,0.08475116,0.18870276,0.33026585,0.24551469,2.1313078,0.9908882,1.8329073,0.8310017,0.057178196,0.8672038,26.442741,0.53265303,-2.6311183,-3.7902112,16.357943,0.7087854,-13.838272,-1.0161291,0.01823588,0.71555036,1.0355847,0.58979785,4.007315,0.42192566,6.1643004,0.5166072,25.098032,0.24722782,507.35077,0.3743027,1474.9132,0.15960121,-140.1719,-0.61422986,1438.7124,0.1491651,1053.5283,0.12587097,-139.6785,-0.60757965,2615.8157,0.08244718,892.49835,0.38485527,-143.76984,-0.5492021,-10.848411,-0.39272985,23.990047,0.27026197,0.027356444,0.488799,-0.018254397,-0.858656,0.11266908,0.37660158,37.521564,0.2853542,-3.6499357,-2.316727,12.144898,1.0685709,-20.868593,-0.94246507,-7.8409643,16.10304,0.001161767,0.0016585335,0.03311679,3.3333333,2.0689657,0.14666666,0.09177266,0.235,0.1622498,-37.031033,o,Ses05F_impro07,Ses05F_impro07_M031
644,34.307587,0.0031167998,34.228477,34.301662,34.385513,0.15703583,0.0,0.0,-0.08724085,0.0,0.09136678,0.38502648,0.06738746,0.08460646,0.104586124,0.037198663,1.040069,0.73013705,0.4040839,0.22983648,0.015657056,0.77279955,19.69019,0.5763669,0.3708716,21.656258,13.794377,0.4814349,-10.316516,-1.094555,0.0,0.0,2.6994755,0.0,5.2935896,0.022730805,8.143835,0.20262417,31.247925,0.07509968,409.3149,0.0048996387,1343.6511,0.02915367,-195.73305,-0.13837408,1409.1161,0.019690737,1529.2129,0.073016286,-196.51003,-0.11747663,2180.0972,0.004701749,999.5515,0.058429144,-196.50938,-0.11730763,-16.518587,-0.054095913,21.50074,0.043879624,0.021983301,0.04623795,-0.003550574,-0.14227423,0.023360658,0.045334075,29.82459,0.033027135,4.137865,0.3127405,29.333408,0.0749227,-29.343897,-0.06589502,-10.373579,18.52922,-0.0019005439,0.0015714916,0.01592301,4.0983605,0.85470086,0.02,0.0,0.56,0.26999998,-51.025208,ag,Ses05F_impro07,Ses05F_impro07_F034
645,34.626225,0.22081985,29.114756,34.064846,42.700592,13.585836,535.1774,948.93036,172.92126,146.95055,0.2610495,0.7704485,0.06722578,0.21040182,0.4541038,0.386878,3.3715398,1.7915792,2.4435043,1.8472039,0.077852994,1.0608143,25.292969,0.480227,-3.4294515,-4.205364,16.711193,0.73163337,-13.4313755,-1.0548466,0.02355905,1.6869761,0.9895989,0.6935755,7.7835007,0.49815238,8.958524,0.9695994,21.50513,0.4051142,579.6661,0.3890173,1326.2566,0.18629536,-142.91223,-0.58358765,1629.72,0.15926981,1029.4105,0.28454188,-128.8663,-0.6612002,2657.7803,0.11330065,1005.0121,0.28170028,-130.89345,-0.63163567,-12.580966,-0.5429812,22.238585,0.35347986,0.035996117,0.5353799,-0.009134731,-1.2719102,0.119641446,0.6306222,30.527037,0.30104658,-7.119009,-2.136946,17.300528,0.96923566,-18.030327,-0.93693024,-10.005263,17.851192,0.0057548643,0.0016177043,0.051413503,3.2608695,2.6604068,0.13882352,0.08870852,0.22999999,0.25509802,-33.57393,s,Ses05F_impro07,Ses05F_impro07_M032
646,35.980526,0.21819952,29.980385,33.580536,44.515644,14.535259,649.26227,977.9502,74.6868,74.38753,0.18229914,0.66053337,0.085892245,0.14819929,0.2559012,0.17000894,2.5366085,1.8314677,1.2831721,1.431375,0.04016385,0.8232151,28.354761,0.26051202,-8.005971,-1.5462332,12.046735,1.0673479,-16.64547,-0.8739962,0.016815145,0.85916704,1.4067637,0.6108828,6.1950235,0.6695435,5.8810353,1.2121643,20.103394,0.38262725,538.35657,0.2956609,1325.0985,0.14554392,-133.34271,-0.65784043,1558.3574,0.12925074,1064.7887,0.19702059,-117.07636,-0.76154155,2598.311,0.09437974,968.5361,0.2918107,-121.18888,-0.6981942,-10.162771,-0.45998773,21.629848,0.21670827,0.020691244,1.046336,-0.0011803594,-8.082386,0.04870821,0.76020354,29.979277,0.19147101,-12.205987,-1.0365987,6.555016,2.2241197,-21.444868,-0.7640965,-11.231447,20.07944,0.00052173866,-0.00067780144,0.030702218,3.7671235,3.4965036,0.116000004,0.07186097,0.16555555,0.09322745,-40.478085,o,Ses05F_impro07,Ses05F_impro07_F035
647,30.84256,0.06580201,29.05712,30.113512,32.15335,3.0962315,76.28002,2.9100418,9.516473,8.883433,0.13048896,0.9590076,0.053568408,0.06936387,0.20703126,0.15346286,2.8335576,2.3747437,2.987082,1.597689,0.039304655,1.2139202,28.265247,0.23502001,0.13342994,50.331963,21.522715,0.31158867,-2.7607422,-2.9412513,0.022158109,0.7068436,1.5174149,0.61262184,6.2218328,0.27231458,3.524548,3.0150049,18.334154,0.3022854,494.883,0.36930183,1308.1395,0.10081059,-150.38474,-0.52772504,1579.5138,0.12927374,928.78394,0.15158847,-150.76213,-0.5001319,2525.6218,0.09719386,1080.9089,0.16861892,-151.29868,-0.4912289,-15.0257435,-0.26274025,21.79309,0.25247294,0.019668344,1.5548216,-0.0040641627,-2.1169407,0.07349164,0.8047133,29.940348,0.23365593,1.9254425,4.086054,27.468618,0.22836164,0.4554336,22.602913,-14.590821,23.092583,-0.00663129,0.0023275414,0.027887462,2.6666667,2.7586207,0.0925,0.052618913,0.24499999,0.24181604,-39.328293,ag,Ses05F_impro07,Ses05F_impro07_M033
648,26.788605,0.0063016843,26.705399,26.772339,26.808632,0.10323334,6.1008773,2.0869997,10.453693,9.534033,0.1349958,0.9725204,0.052899696,0.05622627,0.21505906,0.16215935,1.7351364,1.2146223,2.522369,1.8406509,0.033841617,1.1278007,28.916708,0.19955899,-7.0115247,-0.9493887,16.582558,0.44349593,-6.3733406,-0.8533107,0.012920836,0.7009505,1.4243896,0.4078941,4.69184,0.38874826,-2.2399385,-1.1058836,15.942417,0.27774817,444.2134,0.2234946,1332.0621,0.14972915,-168.88866,-0.42224365,1454.1017,0.0674983,1015.7775,0.29140094,-170.86534,-0.3923707,2377.2004,0.040250987,1008.1056,0.32252103,-171.43983,-0.38341054,-11.592652,-0.19309954,18.83482,0.15564072,0.037795436,0.44586867,-0.010230246,-0.89680266,0.09083861,0.31011575,33.962425,0.19426255,-8.386141,-1.1041852,25.82911,0.3208279,-1.7355919,-3.0921197,-12.238634,22.435234,-0.0039053352,0.005479179,0.024067791,1.4814814,0.7692308,0.19999999,0.0,0.53499997,0.044999998,-40.942345,s,Ses05F_impro07,Ses05F_impro07_F036
649,26.030119,0.16779138,21.544807,25.986115,27.663963,6.119156,1642.7554,0.0,-23.770931,31.250101,0.19726236,0.8590013,0.06674972,0.14300245,0.2872192,0.22046947,2.6100438,2.2461884,2.1366804,0.8430778,0.050840296,1.0124699,30.094843,0.3764136,-9.725745,-0.9855011,11.511555,0.8523473,-18.98459,-0.68533844,0.020485947,0.9166046,1.3787509,0.7215332,3.5837207,0.57306945,2.764427,2.1363523,22.196222,0.2705391,774.1908,0.21131694,1283.0725,0.1667714,-150.25403,-0.5650538,1781.9794,0.12632152,1054.6108,0.15340763,-150.39534,-0.5362087,2862.1938,0.07472679,831.87384,0.27870032,-152.61673,-0.50454515,-9.854577,-0.45653144,23.710531,0.10540665,0.0325388,0.78568196,-0.0192598,-0.7962101,0.10312134,0.63093513,38.52713,0.188453,-10.252439,-0.9832394,6.2299657,1.946881,-26.477186,-0.48836616,-8.608344,18.793324,0.0008305828,-0.002727722,0.03360908,3.1914895,1.6393443,0.15333332,0.09533566,0.325,0.1107926,-37.169216,s,Ses05F_impro07,Ses05F_impro07_M034
650,25.372879,0.26348174,20.283434,21.474064,34.439415,14.155981,1642.7554,0.0,-21.68933,32.722015,0.15354443,0.5365535,0.064716585,0.14228554,0.23196554,0.16724896,1.6786432,0.6119641,1.9531237,0.7733753,0.034877315,0.6602165,30.371782,0.33462593,-11.980236,-0.78752816,12.6545105,0.70199,-20.99653,-0.6450704,0.028856933,0.7642044,1.3343513,0.8517767,2.5908835,0.50147915,4.216496,1.9323877,25.728155,0.2858217,743.42004,0.20099846,1374.3715,0.14683673,-163.25969,-0.4537491,1738.2892,0.14689925,1096.5352,0.192995,-163.93285,-0.43193266,2810.1987,0.08104118,879.88416,0.22042029,-165.44983,-0.4099025,-12.96389,-0.27525175,24.414186,0.13030353,0.01626113,0.9170782,-0.019935114,-0.82693964,0.04966015,0.3559578,38.376472,0.18098646,-8.186992,-0.9534168,14.078234,0.7947878,-29.838512,-0.515236,-8.23519,18.62039,0.0010449599,-0.005810401,0.033418972,4.6728973,1.9607843,0.089999996,0.04,0.26333332,0.12552114,-44.02446,ag,Ses05F_impro07,Ses05F_impro07_F037
651,30.614704,0.31733063,24.594503,26.265516,31.8372,7.242697,146.78827,107.43965,468.0841,674.4336,0.28103912,0.4994213,0.14310953,0.2801044,0.4010558,0.25794628,3.4173865,1.72433,2.8092651,1.2337354,0.075842164,0.67242223,32.125584,0.3907915,-5.7201157,-2.085018,14.594031,1.1677915,-15.273905,-1.0746292,0.039090596,1.5296347,1.2140315,0.69361925,5.66285,0.7036353,4.1642294,1.7889037,20.578028,0.35216084,658.5017,0.34535354,1297.5494,0.17263602,-82.10724,-1.08854,1679.3468,0.15619865,1082.3846,0.30713183,-79.40988,-1.0515062,2715.8032,0.105022065,886.4807,0.34848356,-84.83684,-0.93872255,-13.90101,-0.43045598,23.768385,0.3949074,0.028452894,0.8460825,-0.017925046,-1.061056,0.09380989,0.5166198,36.033203,0.29080862,-7.7823377,-1.4283375,13.772919,1.3272419,-17.55503,-1.0099599,-9.857955,18.707245,0.017622165,-0.00074464746,0.045466326,4.719764,2.994012,0.20899999,0.10064293,0.12625,0.10688048,-35.01901,s,Ses05F_impro07,Ses05F_impro07_M035
652,34.250175,0.35165343,24.459862,28.704214,52.752796,28.292934,175.7552,98.7424,530.7037,692.34314,0.25445616,0.5621541,0.09682181,0.25323725,0.38263574,0.28581393,2.310013,0.99283504,2.309341,1.5202559,0.06937489,0.83605075,31.509832,0.4095053,-3.5378616,-2.6814048,6.2979717,2.2505813,-23.159098,-0.5729801,0.059605468,1.2783505,1.1779943,0.75453687,6.6663733,0.74182296,3.6827917,2.339547,21.279816,0.32355437,619.6755,0.3309989,1372.3739,0.17544745,-93.04552,-0.9814217,1634.9553,0.1435582,1218.1083,0.31565255,-87.54637,-0.9612058,2722.5408,0.09863588,972.60754,0.40774056,-94.18087,-0.8387701,-16.558748,-0.29063657,29.29217,0.28716683,0.025696151,1.0246056,-0.02627952,-0.6424799,0.09436002,0.6233161,35.807976,0.33455774,-4.83007,-1.8962208,3.477157,4.4019275,-27.871635,-0.42469507,-10.717776,21.894749,0.016521588,0.00037227132,0.034197588,3.6458335,3.2085562,0.18333334,0.107651696,0.1525,0.1564249,-34.715652,b,Ses05F_impro07,Ses05F_impro07_F038
653,29.70501,0.2331646,23.540844,28.493841,33.68936,10.148518,469.54004,278.0525,170.09225,269.4635,0.16483536,0.7692181,0.063451916,0.12260053,0.23801309,0.17456117,2.7833045,1.8999451,2.1961544,2.1502638,0.03659463,1.0949523,17.180489,0.6941799,-2.700928,-4.5590878,17.268415,0.4583241,-11.269578,-0.87218964,0.03703472,1.1526818,1.3270403,0.7523223,4.4232626,0.7686851,8.823656,1.1822844,22.140314,0.336066,541.0652,0.40349048,1315.2473,0.1198421,-176.20663,-0.3504168,1568.5522,0.18250184,991.1095,0.17249604,-176.54301,-0.3358566,2623.608,0.09553703,933.1992,0.342799,-177.44675,-0.3211815,-12.797896,-0.42541945,22.150257,0.28258085,0.032804884,0.63258713,-0.0075360565,-1.6054252,0.10706791,0.42560276,29.879425,0.39274067,1.0028838,15.299916,17.550209,0.8125151,-9.852967,-1.7142141,-6.289097,13.818392,-0.00028611647,0.008510307,0.026047803,1.9138756,1.2861737,0.09375,0.05588772,0.66125,1.0051546,-41.175117,o,Ses05F_impro07,Ses05F_impro07_M036
654,33.364437,0.34020355,21.498741,28.154701,48.152275,26.653534,224.5762,155.63643,671.2138,0.0,0.14616784,0.5777386,0.07941574,0.11631621,0.21867965,0.13926391,1.649136,1.0054342,1.4204001,1.0780027,0.029057922,0.8199628,17.774075,0.537749,2.492685,5.0837975,15.077781,0.6380817,-13.205941,-0.88721573,0.035521105,0.85493755,2.2856011,0.75368786,2.5808983,0.9675802,8.326398,0.63623214,15.382413,0.4598868,662.5589,0.33237746,1482.5293,0.14985116,-179.8404,-0.29356334,1736.0046,0.17822494,1087.732,0.21396247,-177.85661,-0.30603433,2695.265,0.09572775,1038.0691,0.26390547,-178.06602,-0.30291843,-9.890112,-0.4903334,18.655476,0.29437965,0.03340049,0.5923686,-0.0007161679,-13.360991,0.055812564,0.44605368,21.050495,0.5762241,1.2702792,13.100478,11.573552,1.1005692,-19.957678,-0.68086827,-9.439095,16.873253,0.0022288447,0.0020235346,0.023567764,3.478261,2.7522936,0.036666665,0.0047140447,0.30666664,0.16027753,-44.81074,o,Ses05F_impro07,Ses05F_impro07_F039
655,34.58701,0.09406368,33.226818,34.497528,36.575306,3.3484879,89.04802,37.45857,-6.8414087,13.8803425,0.13557169,0.6954,0.069197655,0.09547502,0.17172185,0.10252419,0.5139417,0.47749653,0.9324967,0.4088744,0.026105678,0.9020413,23.4687,0.30987343,-2.5261004,-3.1487436,11.672843,0.65005517,-20.42554,-0.7165658,0.017283438,0.60020596,1.1704215,0.39333043,5.632268,0.33297297,-2.3836462,-2.9613078,23.105293,0.26327467,575.7099,0.27390185,1440.5603,0.13275589,-145.47556,-0.60453606,1542.5223,0.12875791,1300.0575,0.40102032,-141.11742,-0.6042639,2673.8591,0.056751423,850.648,0.23082693,-143.42264,-0.5713282,-12.570073,-0.33633232,22.222342,0.21300815,0.035981182,0.44830605,-0.020759184,-0.4582686,0.049095213,0.57436997,30.872877,0.13081051,-5.4765244,-2.051254,4.4598374,1.7698877,-38.775333,-0.25094163,-9.762491,17.56954,0.0011565452,0.003479183,0.01595071,1.2820513,1.3100437,0.23333333,0.17307673,0.38,0.35587922,-44.89114,q,Ses05M_impro07,Ses05M_impro07_M000
656,35.5663,0.058528796,33.551933,35.2411,37.907143,4.3552094,71.10194,55.404648,-6.8414087,13.8803425,0.17125624,0.6820903,0.068314366,0.15697585,0.23773324,0.16941887,0.63990265,0.43487072,1.0916877,0.07681024,0.036378916,0.78211564,27.11839,0.21451214,-5.440478,-1.6087338,8.242959,0.93987656,-26.880531,-0.5779783,0.015180976,0.5783284,1.1625296,0.39745525,5.952388,0.30297127,-2.511925,-3.0500493,23.623947,0.26758483,580.0331,0.25757167,1475.0079,0.12494324,-111.51619,-0.8869768,1533.1941,0.12445763,1218.5902,0.1714808,-104.80973,-0.88263357,2706.7646,0.04659417,830.30176,0.19956055,-109.15774,-0.80884534,-12.499978,-0.35122818,23.155745,0.20384195,0.039113473,0.40904894,-0.020160453,-0.4001329,0.055329602,0.50650036,32.02916,0.10363632,-7.435732,-1.423616,1.9856478,3.0924358,-40.61063,-0.15745169,-10.947484,18.811716,-0.0034372366,-0.0001716213,0.019551178,1.6528927,1.724138,0.285,0.085,0.275,0.255,-42.305607,q,Ses05M_impro07,Ses05M_impro07_F000
657,36.484055,0.13965096,33.05482,34.958736,42.414787,9.359966,30.153448,11.710871,18.916945,7.813624,0.27521816,0.7012852,0.14167188,0.22566701,0.36888656,0.22721468,3.3234804,2.0592315,1.9211241,1.1232179,0.07498271,1.1052287,24.510382,0.2840463,-9.329531,-1.529724,14.892315,1.0142645,-14.903293,-0.897998,0.023423119,1.0923365,1.2577974,0.6153152,7.3640985,0.4836773,5.688383,1.413637,15.924316,0.53063625,586.10095,0.4298945,1289.9741,0.14134334,-107.73877,-0.8327941,1595.7142,0.15558504,915.23596,0.23141313,-95.32021,-0.90681356,2645.9102,0.11867627,912.288,0.30642596,-97.5333,-0.86453,-9.908019,-0.5178448,18.60326,0.26045564,0.03206522,0.6018098,-0.002710332,-4.1542473,0.09938073,0.9886089,26.814713,0.23160212,-10.627062,-1.4293641,14.727812,1.2121705,-16.573017,-0.81703,-8.779263,16.901142,0.013989881,0.00080618676,0.04049133,2.734375,3.5856574,0.14888889,0.07504731,0.122499995,0.10650704,-35.654747,ans,Ses05M_impro07,Ses05M_impro07_M001
658,44.89387,0.100510426,42.052483,43.860226,46.7955,4.743019,58.832935,17.628376,31.42391,30.032906,0.5512531,0.5050425,0.26571155,0.5079658,0.859802,0.59409046,4.8643904,1.7598001,2.8984349,1.1234198,0.19604816,0.79571855,22.417301,0.36828876,-20.857924,-0.86278033,-0.8645838,-14.797595,-30.205612,-0.5039323,0.034871846,1.8389525,1.001867,0.6809807,9.355673,0.3631528,9.205075,1.176893,16.554634,0.5054475,767.15027,0.30078563,1345.5255,0.1600716,-50.606453,-1.4282621,1740.6484,0.12833144,1082.6244,0.2407879,-35.241573,-1.6004709,2790.0176,0.098752245,1022.9431,0.3579897,-38.84992,-1.4113806,-7.869685,-0.83970815,19.527885,0.26344776,0.04104828,0.4557405,-0.0055929036,-2.1499066,0.21385118,0.73893553,22.853622,0.3216448,-23.590284,-0.75184566,-1.9110945,-7.0055823,-31.915678,-0.43872795,-8.880639,18.30499,0.024485942,0.0012334425,0.075692646,2.222222,2.3255816,0.37,0.2979933,0.04,0.016329931,-29.19573,q,Ses05M_impro07,Ses05M_impro07_F001
659,45.421196,0.13382384,37.180656,47.51294,50.5967,13.416042,95.69399,68.74521,35.188557,28.26515,0.5241919,0.47509834,0.2837019,0.49953258,0.7546348,0.4709329,3.2220287,1.9700848,2.3671367,1.9707912,0.16027519,0.8156209,20.925837,0.2979118,-20.21373,-0.6530378,-3.2213259,-3.9830568,-33.48064,-0.43155912,0.017972438,1.1518008,1.0211236,0.49387616,9.30381,0.50418925,12.062964,0.75791496,22.13225,0.28587845,759.92566,0.2973001,1244.0502,0.19954501,-47.256474,-1.7928803,1718.0509,0.11686282,1070.2563,0.29472363,-42.285404,-1.6251831,2794.4414,0.08005306,808.9727,0.5439789,-47.78464,-1.38963,-6.365815,-0.86729306,20.482647,0.23326723,0.060534123,0.34329653,-0.0052567036,-2.152108,0.1703012,0.7439188,21.734327,0.25872907,-23.51946,-0.4725753,-5.7922316,-1.8641577,-37.843655,-0.2970774,-6.181383,16.465372,0.044490274,-0.0054728175,0.13163146,2.310231,1.6835017,0.484,0.15831614,0.114999995,0.03201562,-29.36292,ans,Ses05M_impro07,Ses05M_impro07_M002
660,45.37958,0.117691554,37.299397,47.614883,49.301865,12.002468,22.094559,0.9501033,24.031122,0.0,0.5509103,0.41861945,0.29968658,0.5500768,0.7765627,0.4768761,3.6360626,1.8552194,3.1182356,2.2728803,0.14953731,0.6287118,18.655323,0.33658406,-18.354792,-0.71412313,-0.80173117,-17.985619,-30.52284,-0.46175694,0.015049806,1.3539622,1.0757446,0.47151166,8.478443,0.48976013,11.554512,0.5457485,21.366642,0.17533539,739.9849,0.31809652,1259.9672,0.18026882,-78.99548,-1.2436894,1707.9788,0.11740136,1093.6799,0.33587435,-63.74216,-1.3522702,2791.0552,0.075864814,801.54193,0.50514793,-69.17403,-1.1964661,-7.1573477,-0.52750707,18.368305,0.15945064,0.07040258,0.25619674,-0.0032428878,-3.459595,0.15758835,0.3872678,19.42007,0.28358167,-24.1521,-0.35596147,-4.6562176,-2.5028956,-36.53545,-0.30397618,-6.244816,16.239872,0.045609176,-0.006140755,0.14584024,1.986755,2.0689657,0.32999998,0.25935817,0.13333333,0.018856179,-29.747812,o,Ses05M_impro07,Ses05M_impro07_F002
661,42.593063,0.14877705,35.110962,45.179813,49.679077,14.568115,122.44393,96.06048,31.8912,14.239776,0.41496202,0.49367875,0.20813134,0.38064003,0.6638204,0.45568904,1.6726512,0.6164773,1.611789,0.61433506,0.107758634,0.7050827,25.71895,0.27164838,-17.0931,-0.88354117,-1.7283139,-6.465423,-31.539429,-0.5026986,0.026948808,1.4959058,1.1635342,0.5380845,7.2392697,0.893497,5.6654778,1.7778744,22.510002,0.27909878,770.91583,0.26993322,1232.4347,0.16308933,-40.01861,-2.0590727,1726.6451,0.13450095,1011.66437,0.1844197,-44.99519,-1.5502572,2818.331,0.08654479,710.6284,0.4221302,-50.910522,-1.3176211,-6.288332,-0.9971234,21.041153,0.24618728,0.061800607,0.29853553,-0.008917359,-1.406756,0.124481,0.6123394,26.961588,0.17967218,-20.941748,-0.64490765,-4.2802114,-2.3336678,-36.56058,-0.33196285,-8.029234,18.123154,0.019401068,0.003758427,0.04566373,2.232143,2.283105,0.348,0.28216305,0.07,0.03521363,-31.703367,o,Ses05M_impro07,Ses05M_impro07_F003
662,39.239536,0.1620364,34.52408,38.299686,46.092506,11.568428,238.30812,91.32387,45.465862,14.235228,0.3592071,0.5868071,0.17547834,0.28197104,0.6264254,0.45094705,3.3041966,2.401642,1.7678133,2.5052345,0.09052245,0.7496228,23.609081,0.37153485,-11.644187,-1.3418201,9.477614,1.6671406,-26.093655,-0.60095143,0.039653488,1.4693028,1.4967666,0.46133465,4.1360245,1.1175053,1.9277415,4.3105345,20.483196,0.27308372,719.1091,0.312614,1315.5541,0.13767453,-96.342545,-1.0445338,1722.4543,0.1510486,1059.0804,0.32300863,-91.84913,-1.0076755,2771.5708,0.091701,864.1797,0.47793913,-94.69679,-0.9481593,-8.438331,-0.5802815,18.968933,0.23919728,0.06051271,0.30877656,-0.015320259,-0.6925102,0.121561036,0.5701768,27.323097,0.19157374,-18.579689,-0.828703,0.29802173,34.45306,-35.584496,-0.30592334,-7.8534074,14.702947,0.017617425,0.00014200128,0.04625329,2.5641026,2.2222223,0.24399999,0.29702523,0.22749999,0.13497685,-34.06256,o,Ses05M_impro07,Ses05M_impro07_M003
663,40.25997,0.16943644,31.672031,44.748066,45.434647,13.762615,27.409231,18.011791,80.11436,0.0,0.23250048,0.6515251,0.0928509,0.20355147,0.33857772,0.24572682,4.275958,2.318313,3.8971896,3.30464,0.06694394,0.9098735,20.476393,0.31866726,-4.889827,-2.1979883,23.355932,0.5599688,-25.291656,-0.75822824,0.02125214,0.89308757,1.0554732,0.6702245,9.021917,0.36085215,13.047881,0.7617827,12.51872,0.7798312,754.46063,0.2997513,1298.4467,0.17313115,-126.98262,-0.65591335,1869.9816,0.15978539,849.7545,0.42494798,-116.1831,-0.69309086,2866.849,0.08499352,939.49854,0.2903091,-115.514694,-0.7007767,-11.209877,-0.2680328,18.22663,0.2169803,0.04072736,0.7793302,-0.007034865,-1.843042,0.090687454,0.658347,21.06733,0.25793856,-9.666239,-1.2492768,20.902327,0.68466085,-36.320312,-0.4721321,-11.098357,18.084003,0.008605154,0.0015150306,0.049304966,3.9106145,5.172414,0.08222222,0.04365974,0.12833333,0.08374897,-36.74516,q,Ses05M_impro07,Ses05M_impro07_F004
664,40.65487,0.14014103,36.02689,39.507694,46.62167,10.59478,42.077724,33.95796,69.57845,7.921948,0.27166674,0.77430075,0.06941192,0.21572334,0.4798327,0.41042078,3.9887438,2.4039671,3.2574656,2.1175277,0.07830133,0.9826917,24.612844,0.22930412,-8.899854,-1.2565458,20.315464,0.5567315,-23.268988,-0.7926114,0.023446426,1.057191,1.0418406,0.56475836,8.211976,0.4283733,7.881386,1.1832985,12.176335,0.69475293,710.3658,0.2815455,1401.4615,0.2110042,-130.46883,-0.67192537,1776.9955,0.13882306,881.805,0.34568828,-119.419975,-0.7229381,2738.8064,0.087023474,1010.1232,0.44923663,-119.06924,-0.7264607,-10.662448,-0.35651654,17.614252,0.29268983,0.040559802,0.64915097,-0.015904823,-0.8620162,0.12440541,0.66885114,23.463144,0.22395152,-14.789142,-0.7728991,20.3557,0.6363566,-35.891388,-0.43524158,-12.087922,21.193222,0.006713707,0.0010278788,0.041179173,3.2835822,2.7272727,0.15555555,0.1232983,0.24571428,0.31098264,-35.287903,ans,Ses05M_impro07,Ses05M_impro07_M004
665,42.27554,0.10759905,38.6364,41.2076,46.743256,8.106857,26.02468,12.361145,-68.20059,108.22837,0.33270636,0.62381077,0.13223231,0.29034904,0.5388005,0.40656817,3.8766115,2.2364814,3.054493,1.3394334,0.09402114,0.8253353,25.624247,0.23786636,-12.602043,-1.0167322,14.169545,1.0556476,-26.743288,-0.60003734,0.017977694,1.2521181,0.9909767,0.5340148,9.208987,0.41709805,10.408153,0.79758096,17.638536,0.49144375,675.95233,0.28384718,1452.2249,0.1773826,-104.67019,-0.90094453,1727.4839,0.11129081,955.40814,0.26238424,-89.36295,-0.98159707,2715.569,0.08814077,1077.6002,0.4403253,-90.40554,-0.9603442,-10.356325,-0.36906314,18.324846,0.2940988,0.042415105,0.42348173,-0.017383996,-0.7799091,0.12519094,0.6266711,24.578312,0.24112597,-19.401628,-0.4989933,12.695657,1.3523657,-35.26727,-0.38210553,-13.463073,22.208652,0.013418211,-0.006316866,0.04857881,4.247104,1.968504,0.296,0.1387948,0.15833333,0.14287718,-34.09785,q,Ses05M_impro07,Ses05M_impro07_F005
666,42.858204,0.094790176,42.074177,43.084923,45.921486,3.847309,75.57734,59.705254,151.681,128.36943,0.25574532,0.4089064,0.15563452,0.23568286,0.3497887,0.19415417,2.748886,1.5562767,1.9529362,0.928663,0.054093715,0.43637532,22.77705,0.4080742,-4.4044414,-3.601068,0.4193289,33.65254,-17.131945,-0.7109271,0.019777281,1.3931726,0.6725197,0.66850066,11.434506,0.28444096,10.301146,0.5596634,24.264471,0.2132141,772.5052,0.28162444,1351.9738,0.1334389,-112.50152,-0.8103413,1763.5034,0.10571242,1163.4242,0.1870333,-99.36028,-0.89325553,2826.6387,0.093629636,1064.7313,0.34365037,-104.2267,-0.81134,-11.333563,-0.37044933,23.754953,0.2557559,0.033076636,0.37735206,-0.0035249065,-2.5033567,0.06165574,0.3361135,24.238174,0.27816164,-13.046571,-1.1330082,-7.6567593,-1.3460727,-24.974333,-0.36000773,-12.678215,19.549635,0.013450388,-0.010494942,0.044575643,3.7037036,2.3076923,0.22999999,0.14854853,0.18333334,0.1545603,-37.926693,ans,Ses05M_impro07,Ses05M_impro07_M005
667,36.877186,0.19248033,27.190817,40.157948,42.97279,15.781973,39.618954,17.27284,31.80188,1.9410906,0.24924204,0.49773368,0.14869742,0.22141415,0.33601773,0.1873203,1.4362078,1.0278617,1.3064364,0.69129425,0.04883107,0.5747083,19.81009,0.7096753,-1.3230184,-10.65272,6.7726865,1.7023273,-25.204319,-0.5262928,0.026303053,1.4490231,0.96477556,0.711884,8.125869,0.40359744,5.739155,0.892726,19.867636,0.24505636,713.1351,0.30096042,1325.9425,0.12869613,-91.95839,-0.9948427,1648.3419,0.15465935,1086.3192,0.18968962,-90.00874,-0.98302203,2767.23,0.062417254,858.1861,0.3081573,-96.100525,-0.8677749,-10.78781,-0.43007258,22.875702,0.26477298,0.025822038,0.54476494,-0.011541826,-1.5356358,0.059026536,0.4657253,26.797174,0.3099485,-8.647888,-1.2861221,3.1487472,3.4203503,-30.763527,-0.35593373,-3.1481676,7.7999434,0.0010748542,-0.0027173173,0.036379,2.747253,1.6949153,0.3433333,0.033993464,0.16749999,0.10328964,-39.225014,s,Ses05M_impro07,Ses05M_impro07_F006
668,31.874454,0.20101988,26.741835,27.6146,38.825,12.083166,4.388873,0.0,36.26833,0.0,0.21990837,0.5423831,0.115210935,0.20499635,0.26806623,0.15285529,0.55076283,0.32969475,0.97931176,0.46332696,0.043205537,0.69745594,19.936682,0.812411,-1.8765236,-7.3569345,11.866418,0.84012055,-29.65216,-0.33259484,0.015663818,1.4523802,1.0600846,0.5929354,6.4044123,0.2983049,6.1360397,0.9502861,19.00995,0.2645548,581.4223,0.320128,1357.1179,0.12028861,-106.230865,-0.8870881,1521.3108,0.18364799,1079.9353,0.19105743,-103.50309,-0.8973173,2681.759,0.056974836,848.7462,0.2923426,-109.33282,-0.7950745,-10.871172,-0.34605518,22.445192,0.21609816,0.020680178,0.60792154,-0.019494796,-0.94857585,0.053503446,0.5944337,31.384207,0.23659907,-8.634579,-1.3188998,6.8348346,1.4119676,-34.446976,-0.3105981,0.9794383,3.1232708,0.0017214911,-0.0014864386,0.03598518,1.7857143,1.869159,0.265,0.044999998,0.25,0.08,-40.718616,b,Ses05M_impro07,Ses05M_impro07_M006
669,41.232037,0.11298121,35.569805,43.198914,44.749947,9.180141,79.86087,120.59567,54.809486,49.59567,0.37844908,0.63488114,0.16987216,0.31465316,0.6152888,0.44541663,4.3982654,2.5862882,3.080764,1.4796175,0.1214548,1.0066664,22.747429,0.36459967,-10.976125,-1.3149024,11.818926,1.2467192,-28.93422,-0.5533699,0.026497025,1.2687604,1.2251318,0.5840808,7.2179513,0.5251461,11.479253,0.9745655,18.556551,0.44864872,622.6772,0.37788415,1356.0288,0.15843144,-118.46154,-0.7769281,1646.8458,0.13469376,1041.1736,0.3035993,-93.28677,-0.9367252,2691.827,0.07694745,912.6786,0.3337156,-96.411255,-0.87613964,-8.782964,-0.55982566,17.833447,0.36281702,0.03422067,0.59216785,-0.011576491,-1.1437912,0.16325647,0.8652179,23.361988,0.30057666,-16.377628,-0.8996122,8.887532,1.7620665,-32.92672,-0.43565786,-10.169096,17.623953,0.007234352,-0.00972486,0.072080754,3.488372,3.5573123,0.1511111,0.08962198,0.098,0.10351812,-31.981304,o,Ses05M_impro07,Ses05M_impro07_F007
670,42.568382,0.080099374,40.92734,43.69244,44.8745,3.9471588,85.498665,130.50967,30.614422,25.547575,0.4983215,0.45046064,0.29024267,0.44936466,0.708377,0.41813433,7.029767,4.2562876,3.2068412,1.2007531,0.16192274,0.85468316,21.1037,0.3348812,-16.225916,-0.90270984,9.179621,1.8403682,-29.403671,-0.47875094,0.026697928,1.3016536,1.2028863,0.5654599,7.753998,0.48018673,15.421161,0.6092387,19.630543,0.43879417,621.7387,0.3801151,1349.9515,0.17494485,-92.60184,-1.0129842,1654.7096,0.13239326,1025.0004,0.2694855,-61.877846,-1.2482392,2678.0608,0.07744991,958.62695,0.32463574,-65.301125,-1.1442839,-8.512708,-0.5645108,17.957306,0.34348843,0.035792895,0.5782293,-0.009090766,-1.3763677,0.19233035,0.7926186,21.97242,0.30124792,-16.956768,-0.9553087,6.099096,2.5233805,-30.536255,-0.44506603,-5.768813,13.716614,0.025356166,-0.00449631,0.09676031,4.43038,4.5751634,0.14999999,0.09913915,0.058333334,0.048790935,-30.061434,s,Ses05M_impro07,Ses05M_impro07_M007
671,33.125713,0.20692953,26.80858,31.405115,41.45643,14.647848,104.36456,82.297005,55.628006,49.844833,0.17381056,0.5949208,0.073863514,0.15509409,0.24427137,0.17040786,2.1187751,1.7407411,1.0106307,0.4759702,0.039818067,0.7530627,26.37015,0.3277105,-6.9850135,-1.5415819,16.62424,0.81520367,-20.178259,-0.62752,0.01734863,0.83786404,1.1870621,0.51188254,5.1048474,0.8081883,-0.87133247,-6.7973623,19.523092,0.3817354,589.8929,0.35420257,1319.0397,0.1604999,-149.33344,-0.55922425,1582.7472,0.1501982,1032.4655,0.26001537,-148.35452,-0.5443598,2668.4753,0.0992237,874.6834,0.44502306,-150.84167,-0.50896037,-10.810839,-0.4322181,21.423925,0.26739568,0.02612268,0.6798801,-0.013491304,-0.90761167,0.059700657,0.5426133,32.17431,0.20933853,-12.830835,-0.65882206,12.334109,1.4610957,-27.50954,-0.3784023,-10.183343,18.339579,0.002428959,-0.0026693328,0.032259874,2.6052105,2.4340773,0.104166664,0.06550551,0.31363636,0.36314967,-42.55,o,Ses05M_impro07,Ses05M_impro07_M008
672,33.589584,0.19659789,23.6137,33.520153,41.04438,17.43068,41.425446,21.78994,23.558638,0.0,0.17889433,0.65589935,0.08071477,0.15020661,0.24616522,0.16545045,2.616375,2.5042942,0.985608,0.6201025,0.036772754,0.7947774,26.664465,0.27736443,-6.1946845,-1.6428698,15.351968,1.2399132,-14.4156685,-0.82493454,0.011777037,0.95725125,0.9820856,0.5394491,6.596228,0.5399095,-1.5797145,-3.9598951,18.851871,0.335921,627.68036,0.28849238,1362.1376,0.19436288,-106.37173,-0.88137126,1600.6713,0.11747979,1036.5399,0.2889353,-107.05392,-0.8270213,2700.7327,0.10906972,837.5524,0.37105644,-112.14267,-0.74403286,-10.693894,-0.44614998,22.813818,0.2297004,0.009440956,2.0996249,-0.008616676,-1.4585612,0.05322966,0.6296662,31.053812,0.17041528,-11.198079,-0.9558487,10.520184,1.7443702,-22.482458,-0.48023248,-11.048703,20.317661,-0.0011780198,0.003099406,0.022204673,2.3121388,2.9761906,0.16,0.031622775,0.12833333,0.09227073,-40.99512,o,Ses05M_impro07,Ses05M_impro07_F008
673,30.047289,0.14176261,26.239145,28.900494,33.56609,7.3269444,92.05941,100.44742,39.895,40.963997,0.20615347,0.55913615,0.11040939,0.18322401,0.29106212,0.18065274,1.5572878,0.80665123,1.2695827,0.6231264,0.04662549,0.82681626,30.417023,0.21536334,-7.9686484,-1.2962806,17.462605,0.7608184,-15.6483345,-0.8193596,0.02128234,2.1247985,1.1929891,0.5242034,4.984057,0.44426593,2.438189,2.38215,18.234747,0.41057715,617.5859,0.34481817,1375.6322,0.15905634,-85.01816,-1.0838212,1595.4781,0.13889354,1103.717,0.28382137,-85.96862,-1.0046649,2636.6355,0.10276302,922.1942,0.3642084,-89.76924,-0.9312025,-11.531423,-0.42597505,21.583633,0.29546,0.022567209,0.96545863,-0.008942462,-1.2105509,0.054959845,0.6988241,32.915775,0.17195436,-9.694138,-1.151161,17.974817,0.8029163,-18.874315,-0.6823887,-11.045624,21.060917,0.0033460532,0.0018368862,0.034384225,2.6923077,2.7184465,0.21714285,0.20207596,0.14,0.11087068,-40.592564,s,Ses05M_impro07,Ses05M_impro07_M009
674,30.512901,0.121920586,26.211874,31.646103,34.34809,8.136217,123.90567,136.4002,10.39023,6.5963864,0.19769546,0.46353057,0.12002584,0.17775993,0.29069155,0.17066571,1.798557,0.3375469,1.1317916,0.3206855,0.04217654,0.5366806,32.61552,0.19043107,-6.2926917,-1.5991699,13.397902,0.824176,-14.611991,-0.9339774,0.025655638,2.1778514,1.2075591,0.4597267,5.061287,0.4466401,0.2253399,22.891819,19.297081,0.31987077,638.33215,0.3081658,1391.0969,0.15227638,-66.98018,-1.2684325,1608.2924,0.13011694,1108.9147,0.24382369,-69.044945,-1.1334292,2716.93,0.07753689,847.67413,0.26219916,-75.35243,-0.9892004,-13.183569,-0.37970543,24.54001,0.18480462,0.01987328,1.1452113,-0.010364457,-1.15781,0.04709022,0.47721252,34.539997,0.118208885,-7.426528,-1.378274,12.957823,0.87553555,-18.865246,-0.6970119,-11.089878,21.052715,0.00521601,0.0066888337,0.028262762,3.0769231,3.7037036,0.18285714,0.10579148,0.094,0.036110938,-41.162933,o,Ses05M_impro07,Ses05M_impro07_F009
675,33.755863,0.1978062,24.195868,33.86916,40.49808,16.302214,36.109295,24.77021,118.78963,0.0,0.19727206,0.79959357,0.057179555,0.157339,0.2565111,0.19933154,1.5896264,1.411077,0.92986435,0.15503544,0.051676974,1.1869534,27.838127,0.13746272,-10.714814,-0.96238214,13.523854,0.82923156,-19.102385,-0.6498453,0.041510455,1.6427677,1.3284485,0.53896326,5.1525993,0.42525914,0.004674718,1417.8289,12.109617,0.52034736,623.48016,0.4119061,1245.674,0.14572424,-137.24821,-0.6308852,1574.3099,0.17716293,1208.3903,0.44448295,-134.2502,-0.6447542,2623.796,0.15271108,959.1004,0.397925,-136.84706,-0.6084739,-9.674589,-0.46023178,22.327574,0.25691608,0.010963106,1.2097527,-0.013392653,-0.6930146,0.09728427,0.67946976,31.258636,0.08915862,-17.225977,-0.7218156,10.327875,1.3791173,-27.490623,-0.4919104,-11.176761,21.857841,-0.0011159105,0.0015496912,0.030034924,1.6393442,2.5641026,0.12666667,0.037712358,0.17999999,0.1978636,-39.90418,b,Ses05M_impro07,Ses05M_impro07_F010
676,33.38101,0.16260421,27.483688,35.420456,38.63113,11.147442,83.456055,57.00838,58.920002,50.342857,0.24608538,1.1447012,0.08783129,0.15464404,0.2606189,0.1727876,1.2396683,1.6021855,1.240318,1.0098437,0.071161814,1.6271067,27.519192,0.2604619,-6.6709166,-2.425052,15.547339,0.8737966,-19.752714,-0.8073015,0.024426185,1.0534126,1.241071,0.5586849,4.95403,0.6143298,0.44075814,26.45355,19.369589,0.59795797,678.0475,0.3495814,1420.2971,0.16901213,-134.44925,-0.65706444,1685.5518,0.14538147,1105.0508,0.25505587,-131.84673,-0.6515364,2752.1704,0.109662384,1013.4022,0.33537644,-134.42729,-0.6142445,-11.619235,-0.59704226,22.977919,0.29786998,0.02640714,0.78111565,-0.0042271446,-3.268765,0.12293056,1.2699759,28.910881,0.24615763,-7.811359,-2.5730243,12.66544,1.2866839,-22.631863,-0.80779374,-10.305029,19.016817,0.009672262,0.00017716856,0.03509131,1.3986014,2.4734983,0.14142857,0.13032143,0.24285714,0.23523328,-33.75462,q,Ses05M_impro07,Ses05M_impro07_M010
677,38.25521,0.09506825,35.79999,38.374165,42.212242,6.4122505,57.644775,37.904106,56.658234,59.60122,0.3560411,0.9796203,0.0790398,0.2332935,0.59157664,0.5125368,3.090782,1.7806287,2.3033962,1.0646402,0.10339085,1.389949,21.475523,0.41080862,-11.257733,-1.446059,14.669938,1.0487179,-25.890976,-0.56685185,0.020993965,1.262698,1.0275587,0.58630997,6.615865,0.52466536,0.9817572,12.972517,12.669499,0.81178474,695.9224,0.330797,1415.7805,0.12915358,-105.2765,-0.91815865,1728.0406,0.10909644,1057.8474,0.29616302,-96.50994,-0.9574371,2739.382,0.100479126,1096.1547,0.3920819,-98.59875,-0.9173489,-7.6830006,-0.68210393,16.817013,0.44989043,0.04092582,0.48802078,-0.01030397,-1.6135411,0.17008044,0.9299785,24.426691,0.34049758,-18.646177,-0.93125945,13.378961,1.3626978,-34.44146,-0.37573716,-7.840004,15.107999,6.434865e-05,0.0034586906,0.024020195,1.4619883,1.1869437,0.45749998,0.18308125,0.29,0.36397803,-31.236526,ans,Ses05M_impro07,Ses05M_impro07_F011
678,35.548107,0.27258554,27.950851,30.01976,45.018112,17.06726,133.56232,139.73253,78.45279,110.47959,0.3040573,1.338537,0.061837386,0.15044749,0.300729,0.23889162,4.5236096,4.039053,3.3416865,4.1383495,0.14677227,2.2475533,25.82331,0.34306562,-8.792436,-1.864678,16.393835,0.9630826,-20.617897,-0.81961834,0.020752776,1.1659927,1.1326612,0.5781123,5.6348534,0.6230604,5.9442377,1.7776879,20.781013,0.379999,734.93304,0.33496594,1338.4595,0.251282,-132.07451,-0.68275595,1728.8124,0.15015185,1089.3353,0.30199265,-127.82195,-0.68162036,2755.8733,0.08756339,861.3641,0.49192095,-129.2183,-0.66051215,-9.361328,-0.83866537,21.31634,0.3541958,0.03696631,0.5904599,-0.009876402,-1.5574461,0.3124538,1.4417973,28.128843,0.3292941,-13.793514,-1.5460527,10.795246,1.9454731,-31.740862,-0.56677616,-10.11405,18.859648,0.0046257894,0.0051159724,0.036155377,1.6768293,2.3041475,0.16133332,0.14008886,0.26999998,0.36388773,-26.983706,s,Ses05M_impro07,Ses05M_impro07_M011
679,41.3079,0.17171384,37.28163,40.455673,47.193504,9.911873,126.28178,91.273544,162.87389,220.42953,0.6077536,0.7105847,0.19578685,0.52318156,1.011747,0.81596017,6.040185,2.8404858,5.431902,2.6718128,0.2752491,1.3042113,23.129671,0.3777604,-24.049162,-0.68994725,7.304283,2.1271617,-33.371693,-0.5136663,0.03458199,1.8964183,1.2816918,0.5800784,5.5814238,0.67280966,6.9394083,1.6097203,17.70837,0.51828724,811.66943,0.26543605,1371.3981,0.2044262,-74.83266,-1.2447909,1755.9346,0.09910871,1079.2775,0.2746429,-68.36564,-1.224117,2801.724,0.081404775,870.3609,0.50635415,-71.33824,-1.1422478,-6.2932467,-0.9788834,17.222834,0.4479397,0.0473342,0.4568935,-0.008933658,-1.4687421,0.35251626,1.0862061,23.804905,0.32110015,-28.120327,-0.56938726,5.985185,2.8244948,-37.583637,-0.4390736,-6.674015,16.007355,0.024050917,-0.0029379048,0.114323094,3.526971,3.3542976,0.19562499,0.15467581,0.09142857,0.06759725,-24.788273,ag,Ses05M_impro07,Ses05M_impro07_F012
680,39.30465,0.096128024,37.71463,39.802315,40.955116,3.2404861,129.74965,70.644,157.84993,263.57443,0.58973444,0.51478165,0.2800653,0.596765,0.84279364,0.56272835,5.09132,1.4292014,3.1868548,2.0114453,0.17930675,0.7730043,23.275331,0.41448954,-25.81281,-0.48172227,11.2865505,0.92584115,-34.83377,-0.40740603,0.027928056,1.6982039,1.3209817,0.5596177,4.625961,0.7062312,3.9496808,2.8576624,13.707649,0.66099477,770.93994,0.30503818,1451.9117,0.1894564,-71.945724,-1.2819186,1748.6698,0.107019186,1046.9619,0.22145253,-63.207428,-1.3333503,2751.8105,0.080029674,944.2124,0.36430907,-65.80608,-1.2465792,-6.457872,-0.5034202,14.421122,0.42023483,0.04632124,0.38393408,-0.016003815,-0.77007806,0.21064477,0.65782136,24.75007,0.28924093,-29.02219,-0.3493119,11.533014,0.9088857,-38.16903,-0.35575038,-6.2631345,14.960194,0.026135163,-0.007837612,0.117064275,3.3333335,3.4146342,0.19571428,0.16078888,0.07428571,0.03811904,-29.046768,q,Ses05M_impro07,Ses05M_impro07_M012
681,38.452393,0.09320727,34.558506,39.02454,41.845444,7.2869377,27.360434,0.18824387,66.43535,43.46882,0.17578654,0.6122244,0.068701774,0.18430424,0.25844967,0.1897479,2.6396558,2.1073754,1.2825457,0.5413668,0.053369302,0.93267083,26.29894,0.16362344,-7.5640697,-1.0010706,18.171572,0.5959681,-13.078806,-0.8062345,0.023841122,0.88393027,1.3917155,0.36646372,7.6475277,0.31242004,15.192243,0.5031286,22.167276,0.32385424,851.98737,0.27791968,1380.7896,0.15744704,-138.43335,-0.5879717,1796.8032,0.11006725,1012.927,0.16710293,-130.51535,-0.63109356,2865.1821,0.08388944,981.64716,0.40841722,-132.6465,-0.60218126,-13.068979,-0.27264544,21.385231,0.21649975,0.032319244,0.68950766,-0.004432893,-1.6705512,0.079737656,0.5346103,28.917631,0.16128288,-8.118169,-1.0157986,19.225447,0.604066,-14.693167,-0.773061,-10.569009,19.010452,0.009590129,0.003159528,0.03921514,2.955665,3.5353537,0.099999994,0.071713716,0.16,0.17171405,-39.82147,q,Ses05M_impro07,Ses05M_impro07_M013
682,37.138332,0.09424278,35.071655,37.143986,40.528416,5.4567604,87.47313,82.52104,96.09281,85.85573,0.38013303,0.65214795,0.15856358,0.34047967,0.5379843,0.37942073,3.8967392,2.8447392,3.2549818,2.7713175,0.10169066,0.84533215,26.26435,0.3132121,-12.25092,-1.2016499,12.028883,1.6941538,-30.924696,-0.57231945,0.022900231,2.0545769,1.0631987,0.7255527,7.8513846,0.5477614,-0.9138963,-10.835671,15.707821,0.69061565,669.654,0.32519525,1359.412,0.15943274,-78.6454,-1.1764116,1710.181,0.14818229,1063.9762,0.32186455,-75.659424,-1.1232905,2750.4092,0.1027799,991.3226,0.52530766,-79.07515,-1.0420717,-8.814583,-0.5066763,19.056738,0.3793574,0.041866522,0.56547916,-0.0119058015,-1.3064566,0.12842827,0.69489616,27.747011,0.25562534,-16.511318,-0.87718874,9.725801,2.4274268,-38.01465,-0.41654378,-10.327667,18.570377,0.016339963,-0.0033050834,0.049954306,3.2608697,2.6373627,0.24249999,0.19429895,0.12636364,0.09993386,-31.45684,ans,Ses05M_impro07,Ses05M_impro07_F013
683,35.755867,0.09982592,33.37863,35.76717,37.443787,4.065155,125.024414,82.90394,74.16994,88.709564,0.28716147,0.59453696,0.14385639,0.25691694,0.4082428,0.26438642,2.3408413,0.9862803,1.5426369,0.6957865,0.08213762,0.7849592,27.503746,0.31881925,-7.1345882,-1.5313507,8.816775,1.952458,-20.395323,-0.7190129,0.030770369,1.7224056,1.3187333,0.47073343,5.299331,0.7079996,4.0007796,2.5158787,22.117102,0.43068543,661.44324,0.3305094,1341.8877,0.15017523,-102.1863,-0.93295485,1673.3165,0.1590611,1148.2047,0.30442145,-96.64709,-0.91995394,2734.1455,0.10782391,1041.9938,0.42162856,-100.57624,-0.8478533,-9.690787,-0.4272408,22.561026,0.2898381,0.053507857,0.42765033,-0.011662769,-1.1307719,0.111420676,0.58475435,30.83203,0.21791025,-10.776636,-0.92872393,3.1794918,6.1999545,-27.139229,-0.55672884,-10.194888,18.416258,0.01746576,-0.0014965383,0.048319157,2.9569893,3.269755,0.15916666,0.13231643,0.12666667,0.16438438,-35.338985,q,Ses05M_impro07,Ses05M_impro07_M014
684,33.909145,0.108910516,30.787935,33.429874,37.041363,6.2534275,55.082943,58.602135,24.332706,16.535206,0.2645058,0.6738424,0.102770105,0.20662214,0.4251002,0.32233012,4.250314,2.2931607,3.1501381,2.3507802,0.06533711,1.0239094,28.721073,0.31289276,-6.6481843,-2.1786768,15.112164,0.9907496,-23.132072,-0.7831741,0.018822635,1.9906766,1.108589,0.81223506,7.391112,0.3715948,-0.65518194,-12.694985,17.793928,0.5165886,616.9126,0.312523,1417.2725,0.14234163,-73.73685,-1.1982895,1632.1327,0.13952412,1066.7684,0.29061687,-75.83464,-1.0947114,2710.9202,0.09460071,968.88605,0.4182918,-80.48965,-0.9911714,-11.757002,-0.44019032,21.937334,0.29736978,0.027376689,0.70589346,-0.014539594,-0.849285,0.083574824,0.86731863,31.142258,0.22803105,-9.686221,-1.5437704,13.695813,1.2061524,-28.801287,-0.63377506,-11.4665365,19.672077,0.002355197,-0.0018836721,0.029294724,3.5472972,2.725724,0.236875,0.12029748,0.10294118,0.07728973,-36.330803,ans,Ses05M_impro07,Ses05M_impro07_F014
685,27.97916,0.12940644,23.687103,27.624826,30.78821,7.1011066,139.60641,0.0,18.229502,3.2154992,0.13676888,0.4986004,0.08898795,0.1324564,0.16915287,0.080164924,1.0564694,0.5375868,1.3036761,0.6545044,0.03341604,0.9552686,33.941025,0.15631321,-2.0403392,-6.6783886,19.466782,0.5544244,-13.773715,-1.1061469,0.02069319,0.7822406,1.2203975,0.7543846,4.8560157,0.61857176,4.5423117,1.6467997,27.624403,0.3456046,705.28705,0.34001446,1498.4092,0.16322127,-109.026566,-0.83221084,1749.4312,0.14348212,1136.0543,0.21269743,-114.1672,-0.74169546,2838.7407,0.10904737,944.28174,0.24159423,-117.470184,-0.6914831,-17.900108,-0.31535354,28.641098,0.21760029,0.016571559,1.3316046,-0.011270393,-1.4327155,0.032864276,0.4623414,36.377884,0.15348132,4.015529,3.2743526,18.342653,0.7745007,-12.201518,-1.457864,-11.01876,18.734413,0.01239631,-0.0002348162,0.024068862,2.4691358,3.2051284,0.14199999,0.048332185,0.1875,0.079490565,-42.767246,o,Ses05M_impro07,Ses05M_impro07_M015
686,36.077053,0.17954755,30.385824,34.432587,43.47445,13.088625,59.81837,47.924187,38.576202,27.06045,0.32520705,0.5621057,0.15819018,0.28538528,0.48780766,0.3296175,2.8808498,1.5169085,1.8422105,1.3086333,0.086155474,0.72634065,28.64504,0.24092913,-12.648032,-1.146722,14.328955,1.0105081,-26.307589,-0.6998457,0.017642083,1.33997,0.97630674,0.7389056,7.66587,0.63551444,4.250963,2.3295214,17.89289,0.59383154,675.11707,0.30741298,1440.0319,0.1479771,-83.178246,-1.0935339,1677.9199,0.13358322,1145.8873,0.36324704,-78.60845,-1.0530018,2695.2795,0.101980194,1014.8712,0.4386907,-81.34871,-0.99470615,-11.288981,-0.52998644,20.814154,0.35547113,0.032194864,0.49269858,-0.011910599,-1.2614431,0.10151343,0.5602187,29.23364,0.2627851,-14.126201,-1.0949216,11.468008,1.3790966,-32.328785,-0.52526927,-9.989513,19.003712,0.0057665757,0.001060706,0.0608675,3.4602077,3.1690142,0.19777778,0.19820179,0.09555555,0.09581361,-34.61925,q,Ses05M_impro07,Ses05M_impro07_F015
687,35.373917,0.19207615,27.376635,34.592327,43.375,15.998365,95.81127,37.176018,28.488033,16.788774,0.37766987,0.47749388,0.22999138,0.3228448,0.5186565,0.28866512,3.4148586,1.4066286,1.7089869,1.5218531,0.092603795,0.6334391,30.149992,0.24636249,-16.241463,-0.74503726,12.40475,1.1684334,-30.3763,-0.568074,0.017823398,1.493659,1.0219206,0.74326664,7.0950527,0.7552108,2.7077644,3.1510186,15.951457,0.7112276,694.81177,0.30693233,1428.1123,0.15946494,-52.912678,-1.4460636,1682.8358,0.1310873,1187.6841,0.3905081,-53.149433,-1.2595309,2678.8047,0.09795892,1013.0807,0.46190947,-55.56789,-1.1877931,-10.34558,-0.5737304,19.59206,0.39619923,0.032983147,0.5125014,-0.012519375,-1.095455,0.10235876,0.53641677,30.285667,0.26513514,-16.00736,-0.8076138,11.727168,1.3365164,-31.788172,-0.5691128,-6.723983,15.474488,0.022023732,1.3643183e-05,0.06827628,4.166667,4.3209877,0.17428571,0.14927033,0.051999997,0.064,-33.552876,o,Ses05M_impro07,Ses05M_impro07_M016
688,32.88244,0.14878233,28.432503,32.637436,35.31094,6.878437,262.1099,379.76263,48.529865,30.926973,0.20062941,0.653127,0.09799041,0.1543886,0.2942507,0.19626029,1.8256295,0.9575172,0.91720927,0.79131514,0.04994156,0.9567685,25.016497,0.36525342,-6.935885,-1.7737873,17.87821,0.60198957,-19.665478,-0.7475468,0.020474914,0.9397107,1.159794,0.55246824,5.0370936,0.63652396,1.1349633,8.185826,17.058037,0.4673394,654.38916,0.32586858,1341.0593,0.13526541,-154.19974,-0.522278,1715.2156,0.15551281,1005.7633,0.20006298,-152.82578,-0.50979257,2729.8513,0.09137644,874.4882,0.43325973,-153.83458,-0.49515772,-11.267904,-0.33629343,20.05574,0.25074482,0.030913992,0.56532663,-0.019315856,-0.9241381,0.09254012,0.5740555,30.45513,0.22989437,-10.182412,-1.2173278,12.89462,0.8861224,-32.756855,-0.45739636,-8.989658,16.816923,0.0069610057,-0.00088150345,0.035691835,2.811245,2.2357724,0.10545455,0.08773552,0.355,0.43591857,-40.283955,ans,Ses05M_impro07,Ses05M_impro07_M017
689,30.401588,0.098883614,28.01161,28.510221,33.42565,5.4140415,11.011116,14.659646,25.237564,5.035206,0.27562052,0.5421402,0.13895594,0.2731988,0.38861644,0.2496605,1.8665993,0.6210466,1.0713606,0.9497367,0.073558256,0.75590235,27.34289,0.37781894,-9.985604,-1.2752641,17.26579,0.6963881,-27.806158,-0.5339748,0.018883223,1.0230675,1.2566727,0.545469,3.63651,0.6939861,-2.2640796,-2.6321425,14.779079,0.58796376,697.0684,0.24798132,1333.1075,0.12807514,-114.05656,-0.8404827,1760.0446,0.14290938,1043.5631,0.23753811,-117.108376,-0.7687647,2774.1777,0.083816275,754.0951,0.3202404,-118.22938,-0.7499936,-10.705256,-0.3496669,18.191883,0.31430596,0.035431977,0.37729904,-0.030843506,-0.5447304,0.113097176,0.48900267,33.808083,0.15747648,-8.787535,-1.2100924,13.143986,0.73479366,-38.36221,-0.3959989,-7.088567,14.557338,0.0072595617,0.0010370986,0.04462703,3.937008,1.6393442,0.265,0.074999996,0.21333334,0.06599663,-37.862167,b,Ses05M_impro07,Ses05M_impro07_F016
690,34.02596,0.083320975,31.464134,33.312508,35.94496,4.4808273,50.87687,0.0,-1.1904469,10.6294,0.1378681,0.31539354,0.09623177,0.1360544,0.17911653,0.08288476,1.4305961,0.91177326,0.84903747,0.3723439,0.028250268,0.50451475,25.679607,0.3685894,-0.6243638,-13.861086,19.38537,0.41449904,-14.333858,-0.60170263,0.023111265,0.96776086,1.1840194,0.55893326,6.794216,0.2124326,3.901239,2.034444,19.745346,0.3291525,604.5075,0.22947282,1303.8585,0.09782932,-126.618805,-0.70410776,1703.183,0.097758956,901.4115,0.16612995,-126.581215,-0.66067857,2724.373,0.06457322,884.54315,0.3836041,-128.16843,-0.6386707,-14.147582,-0.21565436,21.419514,0.19210202,0.008776189,1.8614069,-0.017191535,-0.74469286,0.03141259,0.4471278,29.276894,0.1953223,-0.9864978,-8.717203,20.90232,0.3891784,-18.17692,-0.49561766,-9.903432,18.963163,0.0045385156,-0.00052332703,0.025750909,5.0,2.9629629,0.13,0.08916277,0.148,0.07082372,-46.438656,o,Ses05M_impro07,Ses05M_impro07_F017
691,32.33246,0.12512396,28.886557,32.144165,35.823364,6.9368076,31.885956,16.728666,64.83485,39.478428,0.1493336,0.35595497,0.10064827,0.14034572,0.19564718,0.09499891,1.2687373,0.84794396,0.7788802,0.32538503,0.0301785,0.52321464,28.30906,0.30327505,-0.086065084,-102.298,14.647403,0.80565953,-15.792746,-0.73962814,0.01718266,1.2209519,1.2685255,0.60375714,6.4935613,0.5338305,4.5011663,1.9795334,25.11261,0.3949679,622.3983,0.3522867,1329.4796,0.17098328,-109.65815,-0.8480611,1651.169,0.16764429,1071.7598,0.21689397,-111.0384,-0.7800651,2720.847,0.10219956,894.8612,0.26739547,-114.23002,-0.73044205,-14.777261,-0.34697044,25.618721,0.2891996,0.027185054,0.8339365,-0.009426831,-1.1444271,0.033914644,0.49904835,33.580685,0.18025407,-2.0432072,-4.4619446,11.531663,1.2308048,-19.997328,-0.6515454,-11.543285,19.769932,0.010964387,0.0019601155,0.027133225,4.2,3.4343436,0.13235293,0.10805932,0.13882352,0.09797253,-44.935555,o,Ses05M_impro07,Ses05M_impro07_M018
692,33.361904,0.09674161,30.216282,32.293102,36.67547,6.4591866,16.414515,15.476428,41.62896,24.48111,0.25002995,0.7912568,0.08638987,0.18826982,0.35906965,0.27267978,4.589773,3.4892414,2.181295,1.2072035,0.064150326,1.0026767,29.405985,0.2559055,-10.602947,-1.2193817,14.922659,0.89148855,-18.3887,-0.5890402,0.016921591,0.7858922,1.1438036,0.60698646,6.0716014,0.39743868,-2.8329928,-2.622099,16.219095,0.42241824,605.0976,0.22752778,1449.1082,0.18200506,-104.36458,-0.87667954,1623.456,0.10225645,1068.9524,0.18908599,-107.11767,-0.8114769,2670.6282,0.07062001,908.5054,0.27092394,-110.18578,-0.76262987,-11.433444,-0.4851984,20.847157,0.24507163,0.02623477,0.6474306,-0.013120925,-0.90716887,0.09768804,0.7631653,31.921995,0.18216297,-14.475761,-1.0343795,12.229854,1.1425599,-23.834934,-0.4586437,-10.636177,20.221561,0.0026404606,-0.00050267286,0.031211387,3.809524,3.9215686,0.11875,0.06450533,0.11625,0.10676347,-37.115253,o,Ses05M_impro07,Ses05M_impro07_F018
693,29.04984,0.10252728,26.451101,28.823406,31.480446,5.0293446,14.882165,15.505109,20.923658,1.4850204,0.13829574,0.49149072,0.07759047,0.12463187,0.1838976,0.10630713,1.4412754,1.0383894,0.6381014,0.34520128,0.028153095,0.5992992,28.08767,0.22920449,-5.7337494,-1.9676577,22.623945,0.4902935,-14.658565,-0.7228025,0.018093767,0.81331307,1.2410674,0.46613014,4.6344295,0.4638447,3.5338352,1.9462976,18.193151,0.43621936,502.82358,0.33682805,1324.2073,0.1537596,-147.04306,-0.56870246,1530.7894,0.1113403,982.3476,0.2391723,-147.18759,-0.5443684,2548.6045,0.07474829,935.77484,0.4101232,-148.13,-0.53152853,-12.202667,-0.33710736,19.679386,0.30152947,0.02490764,0.7162176,-0.008726521,-1.423296,0.04116696,0.42028907,30.566511,0.19263946,-5.488358,-2.5241745,24.495546,0.63963884,-15.958026,-0.8575594,-11.025747,18.742693,0.006471009,-0.0004131121,0.022950964,2.9411764,2.1875002,0.12285714,0.06786842,0.33692306,0.564261,-45.81017,o,Ses05M_impro07,Ses05M_impro07_M019
694,31.764286,0.068372235,28.923103,32.55035,33.716602,4.793499,16.852999,0.0,17.854208,1.68033,0.13127413,0.4816933,0.05914997,0.12133516,0.20578264,0.14663267,0.7878875,0.752591,0.7656669,0.35357708,0.02256525,0.5250372,30.702465,0.15737447,-3.39042,-2.3973372,20.778885,0.46967754,-10.45365,-0.8180437,0.014286141,0.9891586,1.0787743,0.7651496,7.48988,0.32737163,2.7779477,2.4730406,20.32854,0.30410773,637.51196,0.36581236,1312.7437,0.13702145,-91.88929,-0.99036944,1631.5659,0.15586421,1091.0763,0.36303085,-95.87179,-0.8920363,2626.9072,0.11817391,845.8681,0.27977613,-99.93207,-0.8211335,-14.001377,-0.27195898,22.95761,0.1931305,0.014922566,1.3192457,-0.0057754074,-1.5539552,0.027655065,0.4427222,32.368134,0.15004034,-3.0507665,-3.3020532,21.945303,0.57181567,-12.052131,-0.79639435,-13.404344,22.475895,-0.005063876,0.0030766497,0.015322919,2.8301888,3.0,0.18333334,0.13097923,0.13,0.09416298,-45.939625,b,Ses05M_impro07,Ses05M_impro07_F019
695,35.226273,0.15271641,30.54642,33.12804,39.49046,8.94404,158.68129,156.76503,39.694805,27.514618,0.193482,0.7922689,0.06729271,0.15214126,0.23696381,0.16967109,4.198886,2.967698,2.1130848,1.9546613,0.055453952,1.3028848,28.74398,0.2861942,-5.6189947,-2.0123005,17.604689,0.5470116,-17.759964,-0.7691321,0.020538658,1.2420613,1.2141337,0.67961574,6.920809,0.4028589,3.901032,1.9448935,19.50445,0.38895944,696.6199,0.3358081,1303.172,0.13798359,-128.77208,-0.69288975,1736.5118,0.15637286,989.22864,0.33131516,-126.88312,-0.66966337,2742.145,0.103449374,950.1034,0.38680288,-129.45122,-0.63281626,-12.445638,-0.32042423,20.865866,0.26866746,0.026463777,0.83077073,-0.009545793,-1.1454605,0.058960006,0.99344534,30.09495,0.24656844,-7.233435,-1.5612015,18.250277,0.62802356,-19.007498,-0.7945893,-12.896263,21.947042,0.009819853,-0.004276335,0.052648906,2.6819925,3.5294118,0.104444444,0.07818938,0.17999999,0.15443444,-39.002254,q,Ses05M_impro07,Ses05M_impro07_M020
696,33.963036,0.1239649,29.795315,34.132973,36.849487,7.0541725,167.61427,202.36159,34.414368,39.57043,0.24758455,0.69737244,0.11596861,0.19539869,0.354495,0.23852637,3.5093577,2.3130445,2.2781117,1.3354053,0.06885471,1.0146255,27.940409,0.29022953,-4.2865987,-2.9454217,19.713058,0.8413906,-19.273945,-0.83421373,0.01954024,1.2276068,1.1792551,0.6405532,7.1574683,0.45996258,4.4032617,2.1927552,19.73121,0.39005417,641.00696,0.31932804,1400.7415,0.16790232,-92.19208,-0.98451877,1710.9749,0.12968272,969.1727,0.28742486,-92.44231,-0.91532296,2753.2087,0.096179746,962.3547,0.36761668,-94.55486,-0.87431514,-13.112323,-0.43275464,21.197268,0.31822702,0.03244116,0.71032757,-0.014571213,-0.7943804,0.07965544,0.91197556,29.768955,0.26789346,-4.8570504,-2.670084,19.64748,0.9742048,-21.915197,-0.822407,-12.164077,20.079744,0.012500065,-0.0073062293,0.053478274,3.3410141,3.128621,0.18074073,0.21851222,0.11814814,0.088737525,-36.13312,ans,Ses05M_impro07,Ses05M_impro07_F020
697,31.692839,0.09947414,29.404673,29.933868,35.62438,6.2197056,33.75941,11.332932,146.40614,172.62747,0.2076927,0.48045263,0.124649495,0.18110271,0.277601,0.15295151,3.2650998,1.2845553,1.8227035,0.70925677,0.054831054,0.8296922,28.51158,0.26482916,-4.575132,-2.3451297,25.846058,0.4839194,-19.961765,-0.6613628,0.017568864,0.9768146,1.5233257,0.7696501,6.318887,0.4876816,6.8824644,0.8477296,19.996668,0.35739145,676.0237,0.2575694,1444.0529,0.19410723,-101.61783,-0.8584188,1739.5273,0.12953922,942.5639,0.297994,-108.01555,-0.7465335,2738.7756,0.08179277,859.708,0.29905087,-108.13011,-0.7438912,-13.387225,-0.32902193,20.00295,0.27345058,0.026169613,0.6849991,-0.015868304,-0.7407485,0.04700798,0.47337136,30.729525,0.25492606,-3.274785,-2.4002533,28.469885,0.428232,-23.755032,-0.6468662,-11.284137,18.07574,0.01784122,-0.008432207,0.061391033,4.166667,5.147059,0.09142857,0.050264604,0.09333333,0.08556999,-39.975574,b,Ses05M_impro07,Ses05M_impro07_M021
698,32.39081,0.20697571,26.919191,29.677708,40.77148,13.852289,157.96756,268.1045,151.75314,198.13345,0.23166843,0.80707294,0.10651553,0.16144659,0.32011563,0.2136001,2.7241786,1.867797,1.3193995,1.5542434,0.058669943,1.5930558,26.833204,0.31147844,-7.920716,-1.4727997,16.766273,1.0395614,-18.859259,-0.85696715,0.018872418,1.5113931,1.0156482,0.6863642,6.114106,0.74408,3.5322204,2.1723096,20.60141,0.3306937,622.21094,0.29787922,1411.5483,0.17864403,-129.09654,-0.6942793,1626.5111,0.13213855,1068.9755,0.22709809,-124.72325,-0.7022942,2684.2031,0.08888066,983.6388,0.36205378,-127.54333,-0.6598861,-11.181532,-0.4629468,21.25521,0.23594627,0.021925814,0.9333984,-0.01216965,-0.8417865,0.0709173,1.0096387,31.51953,0.17026205,-9.886129,-1.1982807,11.818009,1.6812537,-23.309868,-0.7917781,-8.85412,15.820646,0.014694709,-0.0037838924,0.050154403,1.5471168,2.6950355,0.14157894,0.1409092,0.22166665,0.19525623,-36.345596,o,Ses05M_impro07,Ses05M_impro07_M022
699,33.865883,0.2033125,27.094007,32.2406,41.046883,13.952875,285.80893,315.7528,122.475945,89.74611,0.2748248,0.91727924,0.103424996,0.17893481,0.37988618,0.27646118,2.3320174,0.80125105,2.9682999,1.8093904,0.097243465,1.6575089,25.311827,0.23158024,-15.560877,-0.73177296,23.30355,0.69230497,-23.086956,-0.5714085,0.04524891,1.4018172,1.1918389,0.60809517,3.436023,0.9395581,4.6400084,1.4119294,15.370351,0.44996396,724.0544,0.24837948,1369.7886,0.14982614,-159.68129,-0.47043455,1759.0354,0.082259744,1080.3453,0.20602435,-154.16864,-0.49901894,2735.9006,0.056861836,939.4697,0.19933735,-155.35008,-0.48161507,-8.642124,-0.51356256,18.735281,0.2397299,0.03980873,0.6102278,-0.010171237,-1.2198873,0.13842538,0.77814275,29.538504,0.13577804,-20.519894,-0.7782555,15.183093,1.0501939,-26.741045,-0.3708113,-7.7232604,14.113078,0.021660872,-0.005233926,0.08746897,2.1276596,2.7322404,0.08,0.04857983,0.22,0.2212088,-34.44561,ag,Ses05M_impro07,Ses05M_impro07_F021
700,37.01075,0.14775552,32.08045,38.63212,40.965492,8.885044,520.39075,664.5915,185.93988,236.9321,0.3002446,0.629278,0.12155947,0.24628155,0.47102314,0.34946367,2.8372319,1.2763131,0.8786505,0.68084186,0.05935879,0.8678485,28.843159,0.30585897,-10.767738,-1.2555671,2.6103363,6.210172,-26.621256,-0.68192583,0.024297837,2.4802718,0.8031062,0.85122085,9.477722,0.43793157,1.3812337,5.7802067,23.640842,0.3645367,665.41974,0.2817547,1466.3356,0.20201607,-90.87419,-1.0544753,1617.8663,0.15459178,1128.0826,0.22601482,-81.17098,-1.0865428,2750.642,0.08501773,995.95197,0.48033208,-89.15351,-0.92081606,-9.584598,-0.6398681,25.289288,0.21511231,0.023959111,0.75753707,-0.010977972,-0.93713534,0.07300601,0.80148,32.482746,0.18913932,-13.587161,-0.8936974,-2.48791,-6.787232,-32.366825,-0.53277034,-9.027873,19.404858,0.005490459,-0.0047996226,0.035947017,1.7543861,1.7857143,0.346,0.27266097,0.16,0.10645813,-34.480373,o,Ses05M_impro07,Ses05M_impro07_F022
701,35.8146,0.16142388,31.705849,36.366543,42.11265,10.406803,252.52972,134.15527,56.56807,34.212944,0.2886083,0.53453326,0.12495309,0.2802239,0.4287136,0.3037605,2.8474314,0.9500163,2.529099,2.1766045,0.06649056,0.8304151,26.710321,0.36815926,-15.545973,-0.8946111,13.109814,1.1283456,-23.575605,-0.63512063,0.044576436,1.8525895,0.98830295,0.8510986,8.036814,0.45765382,4.24241,1.7728902,20.876375,0.38846266,735.3918,0.23196246,1288.8972,0.12507682,-82.45271,-1.1306268,1761.1841,0.086287856,936.2308,0.19855206,-83.022804,-1.0433398,2815.9683,0.06692662,843.34235,0.29722014,-88.13681,-0.9366878,-11.256487,-0.54217386,23.851894,0.2041783,0.028084973,0.75922287,-0.012837859,-0.9976809,0.08104662,0.7712456,31.09234,0.2624417,-14.887621,-0.94656396,7.9145384,1.8849698,-23.491339,-0.61558855,-6.2696095,13.610191,0.010628223,-0.004007135,0.04107914,2.8169014,1.4705882,0.42999998,0.12,0.47,0.0,-36.3058,b,Ses05M_impro07,Ses05M_impro07_M023
702,35.528465,0.12226197,31.164833,35.20482,39.9963,8.831467,13.736662,5.242517,11.595881,1.4111747,0.28606057,0.41412017,0.1966597,0.2717508,0.35743153,0.16077183,2.5101838,1.363349,2.2277448,1.7330952,0.064546525,0.67589426,32.40049,0.2884846,-7.881045,-1.2351258,13.081747,1.0322719,-27.352757,-0.5637809,0.011649451,1.0147566,0.79549557,0.734626,9.206539,0.3837827,2.9243493,2.8147933,22.317863,0.37552023,693.6748,0.3001936,1371.529,0.14120598,-41.163094,-1.7187223,1709.2797,0.14986885,1024.451,0.27969378,-49.341152,-1.3134601,2791.4368,0.10140548,936.28864,0.52100676,-54.598103,-1.1436337,-13.9573145,-0.31697604,24.012379,0.2657761,0.03072612,0.5955457,-0.018233204,-0.67553365,0.07024234,0.6308816,33.990707,0.22627647,-7.872053,-1.2119839,12.57569,1.1342467,-30.51303,-0.48012334,-8.195403,18.327406,-0.0015610745,0.0032371038,0.03509719,4.1198506,1.1494254,0.71999997,0.28437063,0.13,0.086023256,-36.077644,q,Ses05M_impro07,Ses05M_impro07_F023
703,31.24167,0.08552545,29.232855,31.219309,33.69125,4.458395,16.183363,8.032598,16.635502,4.3542624,0.2067964,0.3667706,0.12560673,0.20864177,0.2876163,0.16200958,1.399991,0.5229467,0.7424812,0.38053733,0.0450268,0.49677712,33.311222,0.29773614,-6.261039,-1.5854301,11.906177,0.8179479,-21.197086,-0.5294095,0.009510029,1.0105276,0.91748345,0.65211284,6.703952,0.55713564,-2.5592496,-2.088468,19.2533,0.27874517,596.61847,0.30938205,1392.9587,0.15529533,-102.91062,-0.93135065,1572.6676,0.13323961,1128.3706,0.24175118,-107.82212,-0.83644795,2646.9587,0.11132118,859.39557,0.33649686,-111.57034,-0.7753098,-13.686111,-0.32137468,23.455856,0.27032155,0.02052756,0.61957824,-0.016690178,-0.81926006,0.050893087,0.36561453,37.18105,0.11490837,-9.101073,-1.0319082,13.632346,0.5162984,-23.603096,-0.5394476,-9.587563,20.681309,0.016038967,-0.0046226564,0.03987385,4.7619047,1.3452915,0.36666667,0.2623399,0.35666668,0.32065907,-40.9293,ans,Ses05M_impro07,Ses05M_impro07_M024
704,31.601822,0.025934556,31.106697,31.353344,32.40931,1.3026123,0.96104693,0.80553126,9.183962,0.9828181,0.16580458,0.56515384,0.07573566,0.14013787,0.2630519,0.18731624,1.2603633,0.70388526,0.74959147,0.35995588,0.025479557,0.60373396,30.756033,0.44748163,-3.0875142,-3.3606148,8.569573,1.6029805,-18.4592,-0.62262684,0.0046324157,1.0467242,0.4826591,0.5974081,9.478804,0.20175861,-2.8115668,-1.0482476,26.229488,0.2997522,554.7701,0.15211073,1407.8434,0.0929111,-131.44853,-0.70659506,1444.0732,0.11203409,1188.2291,0.1938885,-134.39624,-0.66222847,2689.7822,0.0681052,920.5871,0.36599535,-141.46762,-0.56191957,-12.191542,-0.48080182,31.356653,0.18565822,0.027206255,0.40212548,-0.024101432,-0.697013,0.034117296,0.2884538,45.728638,0.0658203,-2.6914253,-4.1348453,-9.339816,-0.45140526,-32.041557,-0.18515413,-8.80269,16.47384,0.0002834617,0.0010083652,0.02159333,2.8368795,0.7352941,0.47,0.0,0.42999998,0.03,-41.712265,s,Ses05M_impro07,Ses05M_impro07_F024
705,32.26718,0.14814001,26.800144,31.356117,37.128494,10.32835,114.61144,49.524178,39.366505,41.047165,0.12462817,0.96276003,0.05398348,0.0808369,0.14200738,0.0880239,0.83081985,0.60434455,0.25648287,0.31865755,0.02008911,0.9491122,27.561419,0.3184462,-4.3487167,-2.2210069,15.644399,0.65183467,-12.770545,-0.71832377,0.016866727,1.8369871,0.9623022,0.8417049,7.7745347,0.5633739,3.1838334,1.7287713,23.861292,0.24124204,652.4898,0.26300964,1357.3639,0.15240803,-170.27309,-0.4051825,1599.7047,0.13730837,1125.0802,0.34249517,-170.32199,-0.39263687,2737.2588,0.091060214,837.18414,0.27799433,-172.3309,-0.36152884,-11.210463,-0.35761788,24.682688,0.2648581,0.032759123,0.71417755,-0.011035684,-1.292414,0.044801477,0.65844804,37.984913,0.23126681,-9.89836,-1.1095561,3.2939298,4.631202,-23.915655,-0.4781119,-11.885183,20.597437,-0.0035374078,0.0025047406,0.0149551025,1.3582343,1.3722128,0.10875,0.10540843,0.68714285,0.49493766,-41.440754,q,Ses05M_impro07,Ses05M_impro07_M025
706,36.448166,0.022174964,36.173706,36.487316,36.857246,0.68354034,84.12117,80.01444,2.7812195,0.9426868,0.20648569,0.9292958,0.0558495,0.1057737,0.4774098,0.42156032,1.0736842,0.7625102,0.48206323,0.26303697,0.025560988,0.87719303,27.30569,0.4061791,-2.8489892,-4.515469,14.42154,1.0314634,-13.918557,-0.8687922,0.010157834,1.8227074,0.47934416,1.0001866,12.219385,0.23159699,6.4997144,1.38497,24.157455,0.17896426,762.8084,0.2673058,1281.4471,0.12541091,-121.85241,-0.77331465,1746.479,0.09432631,1109.6919,0.34833872,-118.44716,-0.7499221,2891.1372,0.08488198,880.30615,0.3587122,-123.80624,-0.6687482,-16.023363,-0.33666062,28.117805,0.18245998,0.04347178,0.62294877,-0.0038005693,-3.1342642,0.04153153,0.62175286,36.986942,0.15835151,-10.328024,-1.2722601,5.4496827,3.1565557,-16.793077,-0.9894457,-11.044228,18.908827,-0.007303042,0.0025740224,0.012909814,0.5813954,1.1976048,0.37,0.35,0.29333332,0.08259674,-35.733746,b,Ses05M_impro07,Ses05M_impro07_F025
707,35.060295,0.17295513,33.302105,37.376335,39.135056,5.8329506,127.16464,0.0,9.57851,29.75533,0.27202666,0.9897409,0.05621259,0.1786251,0.47508064,0.41886806,3.7635293,2.2777154,0.86033964,1.919423,0.08320316,1.3096287,27.066738,0.22250451,-14.136389,-1.1911209,17.39488,0.72258914,-18.587927,-0.7116679,0.021994755,1.0474479,1.2083046,0.8969215,5.780917,0.6324705,1.1379379,6.8991327,16.82582,0.62088585,751.41296,0.25467575,1389.5717,0.1467445,-147.1693,-0.59164965,1781.1223,0.121762246,1113.9052,0.21983731,-142.95503,-0.59390485,2802.2817,0.09209786,948.51385,0.27831945,-144.77611,-0.5670022,-9.535186,-0.7776539,20.674534,0.33577454,0.04086043,0.44977164,-0.013173805,-1.1509205,0.18825343,0.7085216,29.582794,0.246371,-19.702894,-1.0986315,13.255733,1.2866257,-31.700533,-0.4033093,-9.261287,18.76275,0.0046011475,0.00511959,0.033633288,2.074689,1.6949153,0.17,0.12688577,0.318,0.30694622,-34.259525,s,Ses05M_impro07,Ses05M_impro07_M026
708,35.16836,0.104713805,32.64547,34.700787,39.19174,6.5462685,21.909512,13.429331,18.242908,9.841517,0.35452217,0.6474196,0.13875024,0.30563575,0.5537526,0.41500235,4.1945205,1.8209672,2.907843,1.546174,0.08455341,0.926393,29.53703,0.28684437,-15.208905,-1.1664376,14.632443,0.9610478,-24.290981,-0.6386545,0.0129285585,1.15507,0.9120834,0.85113,8.605147,0.36361375,-0.20042045,-37.3608,17.701262,0.50001675,660.4376,0.31828675,1399.1558,0.16665977,-71.693375,-1.2570974,1670.3224,0.12355186,1080.3129,0.28411806,-73.50682,-1.157403,2728.2979,0.08195885,946.26697,0.32682568,-78.68425,-1.0349041,-10.486055,-0.60033417,21.025497,0.3198728,0.033829268,0.57429814,-0.0143123735,-0.822236,0.10494788,0.7856661,32.301746,0.18757515,-17.47419,-0.96156347,12.837636,1.1329579,-28.176304,-0.5609557,-7.727836,17.689663,0.005695826,0.0005779115,0.04450128,3.5343037,2.1052632,0.312,0.17724559,0.14299999,0.1016907,-33.910908,ans,Ses05M_impro07,Ses05M_impro07_F026
709,30.829462,0.057529673,29.487492,30.290524,32.545086,3.0575943,268.11435,352.28568,21.69915,26.940336,0.26188684,0.601803,0.11645878,0.21720782,0.4084957,0.29203692,2.890778,1.9609535,1.1883965,0.988312,0.050919466,0.6057996,31.362402,0.2797423,-15.131049,-1.028876,15.514338,0.9250184,-17.527626,-0.69822586,0.015186432,1.1292392,1.1070635,0.8376297,6.7217236,0.3682059,-1.3635579,-4.1123486,16.703285,0.57781404,568.0194,0.28942925,1334.2041,0.09323575,-96.93577,-0.97637343,1581.46,0.12277987,1097.6213,0.26564208,-98.903984,-0.92920786,2587.6982,0.11452848,1022.665,0.31634584,-104.22519,-0.8346085,-9.470123,-0.60543346,21.555595,0.17397001,0.032108314,0.69041604,-0.011692175,-1.014558,0.06873941,0.41460845,36.385876,0.12762754,-17.27066,-0.80614156,10.823244,1.3963555,-22.663862,-0.56477505,-7.6057787,17.31628,-0.00022913056,0.00092049286,0.031161953,2.5000002,3.2467532,0.154,0.15357083,0.17,0.105593555,-38.193436,b,Ses05M_impro07,Ses05M_impro07_M027
710,33.002823,0.047485687,31.460445,32.634285,34.8318,3.3713531,24.69395,10.149451,14.717348,3.0990431,0.20098002,0.7025612,0.06191307,0.17764413,0.29934835,0.23743528,2.1694083,1.4479811,1.663094,0.7797164,0.04071367,0.72576135,32.4477,0.25028172,-5.002166,-2.779055,17.682491,0.7346939,-13.815601,-0.893514,0.010328866,1.0013838,0.8829967,0.74382126,9.287858,0.21611612,0.4056529,20.11674,20.820467,0.42641956,621.21545,0.29736272,1386.1625,0.11413122,-105.42464,-0.8770115,1654.335,0.16280104,1129.3014,0.31945467,-107.43155,-0.81887025,2681.9119,0.1152692,1052.283,0.2886648,-111.61071,-0.7519266,-14.121356,-0.40623406,26.6896,0.23797657,0.024135433,0.7528852,-0.012161932,-1.0585667,0.05770738,0.5184479,37.994717,0.18450315,-5.5108914,-2.6674132,14.676083,1.0990773,-18.676207,-0.7612959,-13.143534,22.903002,-0.011119606,0.003074641,0.023874233,2.7681663,1.7605635,0.28399998,0.16131955,0.26,0.19297668,-38.37174,q,Ses05M_impro07,Ses05M_impro07_F027
711,30.464952,0.14262973,26.434303,29.079556,35.76881,9.334507,72.51437,42.565296,77.90179,142.23363,0.14964366,0.43991715,0.09212522,0.1410213,0.20318668,0.111061454,1.7393078,1.8762335,0.5719582,0.36802396,0.035916597,0.65800554,31.009195,0.26870558,-1.2397448,-8.433097,17.208094,0.78560764,-17.142664,-0.92484397,0.023481742,1.6403823,1.2482612,0.47683996,5.707671,0.51465285,4.3888283,1.4459617,25.78523,0.3255486,723.50446,0.32260308,1345.124,0.15890378,-114.92205,-0.7905901,1754.6683,0.16339713,1112.1605,0.23246744,-117.71182,-0.7183933,2833.52,0.11938394,966.25757,0.26631168,-120.307625,-0.68065846,-16.262177,-0.32782257,26.265146,0.25189808,0.023247853,0.8468909,-0.0110322535,-1.2649033,0.041986395,0.42561984,35.6832,0.13260482,-0.2950014,-34.050896,17.509384,0.82551986,-16.931932,-1.061233,-11.750929,20.748085,0.005080889,-0.0018110345,0.028447531,3.0927835,2.7139876,0.1623077,0.09414831,0.17214285,0.16415057,-42.111485,ans,Ses05M_impro07,Ses05M_impro07_M028
712,34.359787,0.109913416,33.409332,34.168213,37.15983,3.750496,52.337105,0.0,-20.572853,0.0,0.15464969,0.69319624,0.06379223,0.10852898,0.2857084,0.22191617,2.937835,2.5502377,1.3067878,0.8017784,0.03727775,0.86938673,24.165337,0.415319,2.7412322,3.6115282,17.362871,0.7435571,-11.779189,-0.9181925,0.020400332,1.0316411,0.88330275,0.49488533,8.668883,0.3094508,9.574146,1.1843361,26.54523,0.22505206,618.5978,0.34667656,1382.8479,0.15185681,-137.76207,-0.63643336,1744.3615,0.122733176,935.0506,0.30646878,-135.75183,-0.6070681,2845.0134,0.09657673,918.0951,0.28774878,-137.25357,-0.5872965,-17.82052,-0.28934315,26.157705,0.2611498,0.029618777,0.7564643,-0.019132808,-0.31758347,0.07158701,0.46154967,33.663475,0.17816566,-0.11395553,-108.922554,22.307056,0.71779364,-19.888332,-0.5821633,-12.389812,21.15255,-0.007715873,0.0044772876,0.018660266,3.0534353,0.7936508,0.45,0.0,0.38,0.14999999,-40.151314,q,Ses05M_impro07,Ses05M_impro07_F028
713,33.53794,0.109998584,34.0889,35.28761,35.65136,1.562458,-81.06873,0.0,7.6714935,0.0,0.16735019,0.76807505,0.06619552,0.11545099,0.24842536,0.18222985,1.0722555,0.3013771,1.8160131,2.1846337,0.040805828,0.9959798,27.11384,0.27529037,-6.8105392,-1.3597674,14.266859,0.46719682,-11.19276,-0.72491413,0.020325776,0.7546515,1.2236906,0.4619452,3.9268992,0.72481924,0.5185441,10.763937,16.616158,0.25521064,604.2986,0.27424976,1365.4519,0.07160899,-165.6146,-0.42784062,1606.0273,0.123749614,1130.1013,0.09645219,-165.55026,-0.4220074,2552.2085,0.09160027,1098.6006,0.19468161,-167.08951,-0.40043893,-10.82084,-0.2049321,21.149982,0.13726167,0.029690888,0.49133465,-0.010224378,-0.630732,0.09985097,0.40671194,34.290596,0.09376635,-13.474884,-0.58222634,13.551377,0.47472736,-16.767084,-0.47816584,-10.364419,20.623743,-0.00040927384,0.0007359557,0.028089229,1.5,1.5384616,0.11333333,0.096724115,0.385,0.2590849,-41.204277,ans,Ses05M_impro07,Ses05M_impro07_M029
714,35.368965,0.109935194,33.637188,34.895386,37.670486,4.0332985,63.597374,37.739857,30.371376,0.0,0.1964156,0.9548905,0.073293835,0.10521957,0.3213626,0.24806878,3.9808033,3.072336,2.5326614,1.5781909,0.037968785,1.0016948,25.940384,0.32433403,-5.913257,-2.1619453,17.477201,0.5791255,-8.725897,-1.7329214,0.012211204,1.0962589,0.8916179,0.83201206,9.708611,0.29442,1.513823,6.2626815,16.637953,0.5383867,755.19165,0.31873062,1379.6921,0.16882953,-127.4862,-0.69160265,1751.1284,0.12353666,1090.8433,0.23079373,-124.17145,-0.7010861,2844.6594,0.09186299,1058.4404,0.36355063,-128.06667,-0.64423263,-12.294875,-0.5340161,22.087614,0.3003947,0.018129032,1.1813223,-0.0033363628,-3.4251308,0.06210198,0.6785734,31.58945,0.21514581,-12.147979,-1.2328995,15.05085,0.7657824,-12.170896,-1.6648704,-11.227033,19.522572,-0.004247211,0.0042793024,0.019388016,2.2435899,1.9607843,0.20666665,0.18336363,0.338,0.3190862,-37.65077,s,Ses05M_impro07,Ses05M_impro07_F029
715,31.55914,0.10679814,28.972595,32.035023,34.21875,5.246155,48.797905,35.62574,369.65552,470.26114,0.22361788,0.68123585,0.082166225,0.16608587,0.37359872,0.2914325,2.692881,0.01839592,0.9809725,0.29510105,0.054049097,0.79560274,29.661674,0.2879215,-8.801083,-2.0077672,16.037191,0.7317388,-10.819876,-1.1199017,0.020925086,0.9285368,1.1458555,0.6665233,6.7154274,0.3645741,0.32896003,24.146284,20.003418,0.42195097,610.5763,0.26043084,1478.2319,0.21293023,-118.03041,-0.75855696,1687.4806,0.108900696,1042.9414,0.24077863,-118.68386,-0.71574503,2775.445,0.09527881,999.32434,0.2822718,-121.52378,-0.67415583,-15.405554,-0.382245,23.586376,0.28417164,0.013536134,1.400628,-0.014248167,-0.65363115,0.05443773,0.552955,33.990314,0.10773899,-4.4341435,-3.0750096,24.31136,0.4284553,-12.191965,-1.0991381,-9.870861,19.532042,0.001774182,-0.0008396534,0.047751963,0.92592597,2.9411764,0.14999999,0.058878407,0.26,0.049999997,-38.911045,q,Ses05M_impro07,Ses05M_impro07_M030
716,32.975887,0.05064999,31.311409,32.366657,34.73848,3.4270706,23.138391,10.69757,25.639011,0.0,0.1988389,0.8426034,0.06988779,0.12494101,0.3190109,0.24912313,1.6293919,0.64760166,1.3657583,0.18489122,0.04289553,0.93138474,29.44957,0.17237456,-15.180746,-0.8730909,12.190471,0.7761631,-13.540884,-0.7415191,0.015193536,1.1276809,1.0435951,0.7597554,6.832961,0.24716038,1.5039022,5.0421124,15.023392,0.4725523,686.67993,0.18444836,1385.5692,0.12896498,-125.210945,-0.74249876,1719.2556,0.09151624,1123.414,0.22980441,-126.981224,-0.70585823,2711.5896,0.0585423,918.11365,0.27200386,-130.79597,-0.6484812,-9.4521265,-0.84420496,23.63355,0.18407299,0.024447646,0.7642959,-0.008000195,-1.5086213,0.08444957,0.41322786,34.2761,0.095227495,-17.213457,-1.1062487,12.495199,1.1313812,-17.171083,-0.5694731,-7.790532,19.613241,-0.0033761163,0.008621891,0.018679537,1.1363636,1.2048193,0.32,0.0,0.24,0.06,-39.354397,ans,Ses05M_impro07,Ses05M_impro07_F030
717,34.568733,0.11064256,30.063778,33.55725,38.006493,7.9427147,21.480244,9.316544,36.745087,5.9980516,0.20050465,1.4032388,0.07193357,0.096911184,0.147465,0.07553144,4.0555577,3.822775,-2.7811708,4.605061,0.057987444,1.8311328,24.642317,0.37677982,-7.603663,-1.8493153,13.350408,0.8795844,-14.613259,-0.9232265,0.01984937,0.71793956,1.4470495,0.50962824,6.7459297,0.37851956,7.3529863,1.6255019,24.047342,0.5198202,621.6924,0.4284178,1394.3306,0.1623278,-157.49037,-0.49237838,1669.966,0.18465857,1084.3756,0.19659235,-148.46033,-0.54010737,2723.2805,0.099399604,1102.8113,0.34234378,-151.73953,-0.49322623,-12.481553,-0.57546294,26.228699,0.32638794,0.014324695,2.4443276,-0.0049735806,-3.0594025,0.11107549,1.2997804,30.919167,0.3205176,-7.9362535,-2.5272145,9.005448,2.01977,-14.462334,-1.0297093,-8.913179,18.19116,-0.007236106,0.0061109792,0.026839852,0.913242,2.8169017,0.089999996,0.061644137,0.296,0.32327074,-34.537052,o,Ses05M_impro07,Ses05M_impro07_M031
718,33.159714,0.07857247,31.290329,32.566475,35.314205,4.023876,22.08323,17.189556,12.783959,8.36181,0.25758874,0.7223926,0.11058156,0.21912327,0.37026194,0.2596804,3.3405652,2.3531065,2.139293,1.4786783,0.05386208,1.13263,28.907352,0.4023193,-2.1954885,-7.1282334,20.99164,0.69466764,-13.514602,-1.2013452,0.010017979,1.2465088,0.7447694,0.8853953,9.276933,0.2624189,2.3844228,4.3408985,20.275185,0.493539,602.4777,0.30105165,1415.405,0.15767737,-78.31787,-1.1501836,1690.826,0.13083526,1062.6077,0.3237675,-82.89054,-1.0029583,2703.7073,0.09452983,1058.7273,0.40599328,-85.93697,-0.942546,-14.601063,-0.49728948,23.425201,0.37208337,0.02995449,0.74466133,-0.012053532,-1.2169508,0.062408768,1.0606456,33.405552,0.24962214,-3.4232326,-5.055246,21.716436,0.7167114,-15.813554,-1.1273391,-9.87422,17.803364,0.003929915,0.0010296365,0.0390731,2.317073,1.9631903,0.3225,0.314593,0.15647058,0.13547048,-35.670406,s,Ses05M_impro07,Ses05M_impro07_F031
719,31.987383,0.09101259,29.398933,32.235447,34.711792,5.3128586,26.674706,24.95616,13.153179,2.8360171,0.21890797,0.33584997,0.15515551,0.2048271,0.27471313,0.11955762,1.3915356,0.64187187,1.6663473,0.61298245,0.042545833,0.44432685,30.511429,0.21778005,1.549944,7.2646484,32.13666,0.41262436,-10.086233,-1.5656962,0.009700022,0.7831707,0.6818368,0.4746502,8.9673605,0.3076111,10.996622,1.0779331,21.897285,0.37465107,608.267,0.26197726,1371.3646,0.09810933,-59.11128,-1.3696989,1786.0714,0.102974094,894.22766,0.32720557,-68.72211,-1.0677098,2712.613,0.09633515,1092.3275,0.37138808,-68.89693,-1.0618811,-15.748826,-0.30366907,21.75092,0.3419509,0.030193096,0.77709275,-0.0077433325,-1.6585782,0.043201715,0.42417285,31.351236,0.19667482,2.7110422,4.1640315,31.931892,0.4336032,-12.361293,-1.3710634,-11.405691,17.771048,0.024019463,-0.0029962503,0.040672407,4.545455,2.3622048,0.30666664,0.1887385,0.14,0.02,-38.06345,q,Ses05M_impro07,Ses05M_impro07_M032
720,29.709164,0.08800076,27.40092,28.081535,32.82621,5.425289,77.32031,0.0,-12.8564205,0.0,0.14241488,0.5909817,0.06612193,0.102645226,0.24051832,0.1743964,2.0230923,0.44739622,0.7407908,0.3021676,0.039172377,0.8330686,29.837875,0.19552891,-4.4128375,-1.921526,24.016434,0.35909906,-15.587988,-0.8321375,0.026789375,0.3155316,0.73258394,0.7022165,5.4315557,0.37616572,1.5678076,3.235584,27.401478,0.29736748,654.5459,0.29446375,1309.8241,0.14394087,-178.82336,-0.31099528,1791.0775,0.10135883,1055.1084,0.16150281,-178.69252,-0.2926162,2808.3005,0.085463256,896.0411,0.29518136,-179.19357,-0.2854495,-18.350702,-0.07873011,27.507545,0.14992933,0.024457244,1.1253549,-0.012787011,-1.0510591,0.050965928,0.65070105,32.40494,0.104947485,7.178877,0.9136092,29.681643,0.3177089,-20.32862,-0.58695865,-11.648237,20.52135,0.016630568,-0.00013415459,0.03703173,1.980198,3.125,0.03,0.008164966,0.26999998,0.13490738,-43.108833,q,Ses05M_impro07,Ses05M_impro07_M033
721,32.581665,0.065319814,30.584717,32.29687,35.168583,4.583866,88.03673,0.0,7.95247,6.5851912,0.1908525,0.64830667,0.102767676,0.14919914,0.23773065,0.13496298,1.1937102,0.744812,1.2444947,0.89011276,0.037272893,0.7368436,24.412565,0.4986396,-7.812258,-1.8081421,27.225632,0.6063252,-13.902665,-0.7919127,0.008568808,0.5340779,0.66721165,0.48309764,6.934908,0.3812635,3.9072115,2.0297499,9.81705,0.7527419,652.15985,0.27167493,1428.7133,0.15655385,-144.66054,-0.59452456,1669.9117,0.098334625,912.6742,0.29454553,-138.31145,-0.60707486,2661.0425,0.06475816,924.28723,0.31155178,-138.25313,-0.6035175,-9.14068,-0.6667242,16.882706,0.2986097,0.016704611,0.9808749,-0.010354479,-1.6230004,0.05839858,0.5646337,28.004025,0.48423168,-9.678464,-2.1070497,28.025373,0.8232318,-19.279512,-0.6015879,-7.9593935,16.408316,-0.007134581,0.0057616225,0.02694483,1.869159,1.9607843,0.16499999,0.055,0.21333334,0.06599663,-41.52132,ans,Ses05M_impro07,Ses05M_impro07_F032
722,31.677078,0.106840126,28.534313,31.728024,34.97493,6.4406166,69.409004,36.49063,14.627393,18.4605,0.2262974,0.49622583,0.12747729,0.1978747,0.30710822,0.17963094,2.086389,2.2560709,1.8701425,1.32803,0.06361627,0.73161733,27.32641,0.35075033,-5.3189116,-2.2082047,23.579462,0.62327206,-15.248435,-0.95730364,0.027621623,0.84988004,1.1985672,0.5570716,4.6476383,0.6420878,3.258695,2.3943212,15.736672,0.59757453,696.7587,0.30839777,1331.3059,0.16165,-133.87006,-0.6296875,1730.0334,0.15113461,994.6948,0.34940946,-132.80817,-0.60845655,2717.8176,0.098266155,940.21765,0.3216768,-133.23161,-0.6031763,-12.739218,-0.41917387,20.448193,0.34265745,0.020038025,1.0809842,-0.011564757,-1.195653,0.08679977,0.6018764,30.511786,0.27654296,-6.2849965,-1.949956,22.919952,0.70072037,-19.770752,-0.68596625,-10.726726,17.063917,0.005949759,-0.0064904615,0.05033697,3.1578948,4.010695,0.08466666,0.04499877,0.15428571,0.15347007,-38.68515,s,Ses05M_impro07,Ses05M_impro07_M034
723,31.468708,0.10402549,28.538988,31.282084,34.78117,6.242182,30.389708,34.15998,68.93788,40.601234,0.18557034,0.5069814,0.093545236,0.17739278,0.26208702,0.16854179,2.172768,0.8332261,1.5637691,1.1195412,0.053101297,0.6739648,30.235388,0.1468214,-5.1886086,-1.4104162,15.490655,0.7603741,-24.779284,-0.66080165,0.025803154,0.9549758,1.4639012,0.43857694,4.974501,0.5829206,-0.43419352,-11.066771,16.447653,0.30798844,703.307,0.27429193,1337.4832,0.19960594,-138.06715,-0.59907717,1783.0514,0.17501459,1024.9238,0.23223695,-140.59592,-0.549903,2743.5037,0.076336674,999.6576,0.30091804,-141.47517,-0.54039097,-14.881239,-0.27936158,23.935146,0.2494258,0.019337993,0.8736768,-0.018264227,-0.83824307,0.07292329,0.45351988,32.256195,0.17051436,-2.3837564,-2.8539953,15.822445,0.737951,-28.996449,-0.5456072,-12.9678755,21.244154,0.005823748,-0.009933321,0.046003837,3.0303032,3.937008,0.076,0.016248075,0.13,0.06904105,-40.745945,ag,Ses05M_impro07,Ses05M_impro07_F033
724,28.893436,0.010928541,28.599838,28.809753,29.266714,0.66687584,0.0,0.0,-0.08178434,0.0,0.13826604,0.8024657,0.06883932,0.10099072,0.15710823,0.08826891,0.8165851,0.12714195,1.5281575,0.66276234,0.032301977,1.3115493,25.86229,0.21424057,-8.974179,-0.9315436,13.926917,0.5864424,-18.580982,-0.5750514,0.011171885,0.2650686,1.9115359,0.33214313,4.5790477,0.20795055,-4.243258,-1.0328214,14.561324,0.36015043,632.95166,0.32732335,1472.2146,0.28081483,-180.05388,-0.32159206,1664.8816,0.24003865,1073.4022,0.19755451,-181.29259,-0.29992208,2664.1384,0.09205013,829.79706,0.17431237,-181.70403,-0.2940907,-12.823558,-0.101029575,22.473204,0.17531466,0.025866609,0.64806473,-0.01610706,-0.83306533,0.06837999,0.5314157,31.6487,0.18035227,-3.5501366,-0.8356062,12.569463,0.26455483,-35.440018,-0.34030938,-9.656783,20.05112,-0.012959989,0.010272016,0.020010484,1.7857143,0.9615385,0.099999994,0.0,0.45499998,0.225,-42.320904,b,Ses05M_impro07,Ses05M_impro07_M035
725,37.94687,0.12763743,32.549747,36.08458,43.30652,10.756771,44.775578,46.54115,30.94201,15.9687395,0.22450846,0.6674064,0.10022295,0.1818754,0.32770905,0.2274861,2.2971497,1.6676738,1.6356837,0.74680316,0.058679108,0.9693158,26.177599,0.3722255,-2.8506684,-4.8847957,13.767314,1.1350083,-25.454348,-0.6773218,0.020126997,1.2196449,1.0040342,0.71686095,8.881364,0.33536217,6.302392,1.8732494,19.508993,0.462293,724.59283,0.24646465,1333.8762,0.13424209,-108.47844,-0.8324231,1772.3073,0.12805837,1038.9634,0.43393236,-104.95591,-0.8130135,2823.2996,0.07225981,843.9302,0.43387693,-107.172226,-0.77464616,-12.165587,-0.49120277,22.576794,0.29908457,0.029495733,0.5968905,-0.012515951,-1.3423526,0.08131496,0.7920377,29.772884,0.24942556,-5.5035014,-2.8726923,12.47768,1.5467272,-33.597034,-0.55385226,-10.919369,19.859797,-0.00062137336,0.00280693,0.03090633,3.215434,2.970297,0.17,0.097866125,0.14444445,0.12508762,-37.41815,q,Ses05M_impro07,Ses05M_impro07_F034
726,33.256348,0.1152832,30.222767,33.76882,36.340786,6.118019,69.94033,44.019188,22.229803,8.635789,0.19784099,0.7842672,0.081405215,0.14756656,0.28597513,0.2045699,1.601864,1.2259839,1.9626101,2.084455,0.04985831,1.1864197,28.648214,0.29582092,-4.4079456,-2.543059,11.354376,1.2775882,-18.920887,-0.7888759,0.014375399,0.9644288,1.0100423,0.5913762,6.76254,0.46294284,-0.086901814,-95.037315,21.170546,0.39018872,721.617,0.29934028,1350.4393,0.13820608,-133.92824,-0.66390127,1712.9855,0.14657725,1173.8221,0.28262144,-135.03177,-0.6281702,2768.7341,0.10388222,987.7303,0.35586953,-138.18156,-0.58295584,-10.5177965,-0.51919997,24.83069,0.24422547,0.028697772,0.7073428,-0.016036427,-0.903564,0.090449035,0.8570391,34.1002,0.19525151,-7.39698,-1.582132,4.2055893,4.095502,-27.367376,-0.6528385,-11.078991,19.883612,0.00522685,-0.0019235534,0.027701048,1.5665797,2.1024969,0.160625,0.112442695,0.2770588,0.44937557,-37.607044,ans,Ses05M_impro07,Ses05M_impro07_M036
727,32.969975,0.10837532,30.424826,34.16681,35.49031,5.065485,89.81202,31.267807,20.202484,6.468478,0.26137403,0.7171062,0.09955874,0.2022392,0.3918957,0.29233697,1.9110429,1.5366763,2.769716,2.472674,0.06693734,1.0662444,29.782679,0.31331986,-6.7025223,-1.8260031,6.079253,2.4989426,-18.368696,-0.8512216,0.010583162,0.9371753,0.87136835,0.5759385,7.4618483,0.3779441,-0.12945673,-55.77869,20.519278,0.3426453,724.7922,0.3303838,1394.2625,0.13524236,-96.30173,-0.9592721,1676.3464,0.149719,1168.7506,0.2082703,-98.46752,-0.8959696,2770.0974,0.10798374,1086.5629,0.4007328,-104.83113,-0.7857888,-10.223365,-0.5666168,25.745512,0.21846694,0.0274769,0.7760532,-0.010455861,-1.3395635,0.09403324,0.87987876,35.234978,0.19119969,-10.569713,-1.1710145,2.1733394,6.981355,-21.114876,-0.8062637,-10.220991,20.24231,0.0024843414,-0.0014241558,0.03692922,2.5751073,2.631579,0.19999999,0.11647604,0.13571428,0.12579542,-35.343094,o,Ses05M_impro07,Ses05M_impro07_F035
728,37.01156,0.088380344,32.64482,38.207855,39.845425,7.2006035,16.385592,8.16015,27.420128,0.0,0.22632457,0.86890036,0.0699992,0.10884483,0.42689815,0.35689896,1.0101452,0.37152046,2.2545824,1.3229598,0.06530321,1.2616416,27.725576,0.31005037,-3.836672,-2.4764595,3.2826383,4.95919,-24.93444,-0.6321668,0.009926029,0.5604763,0.73608136,0.47194186,8.0875845,0.4461931,-1.8652797,-4.1168704,27.53916,0.3695263,852.43317,0.18535694,1337.6815,0.15961282,-138.55093,-0.6606758,1804.7461,0.12985681,1391.1881,0.25924754,-138.20384,-0.620268,2908.138,0.09060823,904.8478,0.23181443,-141.80846,-0.56788397,-6.245073,-0.55350995,27.987,0.24121116,0.039073583,0.36098793,-0.022563875,-0.6519779,0.14174014,0.65458083,35.40305,0.16538578,-11.203002,-0.84847236,-12.0762,-1.2261298,-40.01866,-0.4022592,-10.570308,21.248196,0.002156969,-0.0005114757,0.02855021,1.2195122,1.2578617,0.26,0.13,0.34,0.15937376,-34.93606,o,Ses05M_impro07,Ses05M_impro07_F036
729,31.065823,0.17900091,24.275612,31.855978,38.095627,13.820015,53.89252,10.4302,25.09394,7.0970974,0.11369207,0.48197353,0.0602745,0.10768723,0.15302986,0.09275536,0.54219264,0.2075121,0.5242316,0.31295457,0.023687007,0.5676811,28.330706,0.25485313,-0.1412395,-61.46722,18.06547,0.7279105,-12.32277,-0.7899804,0.018687798,0.7138672,1.2362632,0.530078,5.082929,0.6206739,0.648779,12.786975,20.832432,0.28097686,624.9437,0.32356787,1374.1292,0.11880355,-151.53815,-0.53880304,1681.501,0.15161261,1078.163,0.292386,-151.96115,-0.50981337,2672.6042,0.09558058,968.3952,0.3886982,-152.91982,-0.49649495,-13.833508,-0.25922707,22.264448,0.27977064,0.026050508,0.6518627,-0.014936442,-0.89609134,0.034599,0.43398497,33.315865,0.1492051,-4.1294165,-1.99735,20.309189,0.781949,-19.830835,-0.6520527,-13.0756035,22.487118,0.002101597,0.0018644687,0.01994977,2.5229356,1.62413,0.15714285,0.102916636,0.3825,0.3385908,-47.41829,o,Ses05M_impro07,Ses05M_impro07_M037
730,43.786186,0.09097338,40.05066,45.744823,46.837414,6.7867546,31.652744,10.830801,10.867056,0.0,0.3302579,1.0808756,0.055670626,0.10815408,0.78795725,0.73228663,1.2374476,0.31835285,1.8413452,0.0,0.089960836,1.3302689,24.348804,0.12912084,-18.2512,-1.3058732,11.627306,0.97608715,-18.781792,-0.80456525,0.021167211,1.5669141,0.8884662,0.7618773,9.594215,0.38806608,5.010847,1.5508149,19.346914,0.15635042,948.07184,0.17268097,1297.4684,0.09788828,-115.63414,-0.84654325,1873.8386,0.066779055,1101.7825,0.24787848,-114.76847,-0.82783574,2932.4211,0.066049695,915.207,0.28025967,-118.59319,-0.762726,-4.7115865,-2.047979,17.834929,0.36889127,0.05351493,0.43724102,0.002543774,8.01936,0.18964916,0.6646511,22.77527,0.15356031,-33.768097,-0.79587775,6.15402,2.405994,-32.906773,-0.35788265,-11.42425,22.932556,-0.010820366,0.0141009735,0.015518715,0.8403362,0.877193,0.5,0.0,0.305,0.074999996,-32.402287,ag,Ses05M_impro07,Ses05M_impro07_F037
731,31.649937,0.16190258,25.428299,32.743645,37.164013,11.735714,387.1536,548.39557,69.49671,84.65328,0.12315679,0.51265484,0.062208936,0.10523027,0.18668334,0.124474406,0.65725744,0.15415488,0.4262045,0.16617072,0.021287512,0.5471834,28.654818,0.22002336,-2.599228,-3.5341842,17.465797,0.41443005,-15.219615,-0.69141835,0.01515748,1.3376403,1.127312,0.5145677,6.395342,0.44499752,3.754375,2.416636,21.919176,0.30853263,540.11237,0.3018343,1443.9121,0.14246786,-132.34685,-0.67342293,1578.3469,0.15055646,1125.0493,0.256663,-129.5785,-0.65548784,2611.681,0.10109063,978.05695,0.2567215,-131.87796,-0.62324065,-14.677333,-0.24607386,23.596052,0.22040337,0.02864718,0.6214211,-0.014016239,-0.774706,0.030094607,0.40523058,32.749313,0.15529339,-2.4217317,-3.7512302,16.248472,0.5569953,-22.961794,-0.41465703,-11.889454,20.8049,-0.0001669545,0.0028373706,0.015983738,2.347418,2.3752968,0.155,0.19607396,0.24399999,0.19011575,-46.097595,s,Ses05M_impro07,Ses05M_impro07_M038
732,33.767475,0.11439295,28.948437,33.432602,37.92162,8.973183,122.77219,147.1417,25.702282,10.832267,0.13404463,0.47425327,0.07002375,0.114460126,0.21993878,0.14991504,0.78494525,0.6338238,0.35922378,0.11889428,0.023524748,0.5132987,29.459198,0.24497654,-1.0977327,-7.109298,16.76165,0.47908464,-15.629076,-0.6862184,0.019241853,1.4049774,1.0596229,0.31582263,7.0230813,0.35586104,0.10468487,79.7761,23.867376,0.3018666,529.92236,0.27645722,1497.7903,0.10561312,-121.92304,-0.7732758,1595.1486,0.1647881,1143.2584,0.20759268,-114.27067,-0.7782058,2648.022,0.10017823,1059.0222,0.18714401,-117.76776,-0.7242417,-15.358829,-0.101794176,25.58679,0.11804335,0.032374933,0.46121034,-0.014919005,-0.6004749,0.032853644,0.32820112,34.248978,0.17897649,-0.64752907,-11.932588,13.16917,0.6773748,-23.615187,-0.36648673,-12.263403,19.784645,0.0026978478,0.0022645711,0.016214576,3.5714285,0.7407407,0.64,0.0,0.34,0.07,-44.931374,ag,Ses05M_impro07,Ses05M_impro07_F038
733,32.247646,0.17094359,24.50493,33.322216,36.81384,12.308908,538.3697,617.8501,128.91174,108.80123,0.13623832,0.5580694,0.056627646,0.13042036,0.21997249,0.16334485,0.40966806,0.22556238,0.38968915,0.04663089,0.02308166,0.6166635,28.502502,0.16871276,-3.6808167,-1.8709997,19.304537,0.3643455,-16.888096,-0.64714134,0.012194004,1.0815982,0.94118845,0.43258324,7.0842414,0.41616577,5.332046,1.8772955,19.140871,0.2658936,559.57074,0.30223763,1405.3542,0.17648914,-112.43778,-0.8299723,1596.8958,0.12505366,1019.1593,0.2501149,-112.7801,-0.76865816,2614.5037,0.10296295,894.85583,0.2882662,-114.3751,-0.74414,-14.084496,-0.26011708,21.251287,0.2760833,0.032573197,0.48450905,-0.016279688,-0.61349356,0.03269616,0.40717688,32.150955,0.10814323,-5.555684,-1.390404,20.64413,0.4013083,-24.684946,-0.39057913,-12.730089,21.774044,-0.0017682638,0.002114516,0.015305684,1.388889,2.877698,0.1575,0.15368393,0.16499999,0.14568801,-44.6667,o,Ses05M_impro07,Ses05M_impro07_F039
734,30.335464,0.22337146,23.302902,30.315077,34.76453,11.461628,188.32318,212.03357,111.271454,93.727875,0.12288614,0.5468801,0.059985347,0.105909936,0.17911835,0.119133,1.2400631,0.75263727,0.63018787,0.3126611,0.021367421,0.6260616,24.641933,0.3072695,-5.0917478,-2.0287042,21.53044,0.54915166,-12.835797,-0.8742146,0.018825132,1.7539494,1.0336888,0.71283156,6.3192215,0.6560936,5.7153983,1.2987615,19.57207,0.34791896,579.8167,0.40712687,1370.1509,0.17518146,-175.25046,-0.3601343,1630.7316,0.15510151,991.6803,0.3598441,-174.21751,-0.3523815,2647.4624,0.08989743,938.6911,0.39564365,-174.38672,-0.3478045,-12.816236,-0.34978178,18.873615,0.30767143,0.029363453,0.6359903,-0.01446152,-1.0747292,0.03468262,0.3995605,30.283932,0.19543914,-4.7216396,-1.793494,25.183144,0.5854407,-19.815224,-0.7525369,-9.448085,16.681475,0.0037895734,0.0028749732,0.019008784,2.5089607,1.4423077,0.0925,0.13772708,0.5808333,0.5058237,-47.025078,s,Ses05M_impro07,Ses05M_impro07_M039
735,34.515648,0.034010116,33.35942,34.547283,35.426834,2.0674133,40.047764,0.0,1.1219845,8.344651,0.15871635,0.55131406,0.06397317,0.13117844,0.26462823,0.20065506,0.8175489,0.3815439,0.750026,0.21482095,0.02685191,0.6011417,26.34568,0.29219022,-0.30044916,-30.168102,19.122097,0.39040175,-12.491602,-0.8481318,0.011368298,1.1941227,0.6682948,0.887017,10.2223625,0.20214008,6.1902776,1.4269476,23.795021,0.2389448,581.07434,0.25230533,1381.8091,0.103184134,-129.67906,-0.7178101,1695.6049,0.11099525,927.4028,0.32916057,-128.65402,-0.67818743,2763.4849,0.06977095,845.3087,0.34948558,-130.76273,-0.64776474,-16.13968,-0.19855063,21.467848,0.23940814,0.03814742,0.4397882,-0.022018513,-0.5579581,0.03692204,0.35877454,32.8227,0.15029949,-0.42574003,-20.013784,22.008684,0.362807,-19.414831,-0.36327872,-10.558892,16.57191,0.0023267781,0.0023130982,0.021288496,1.9736842,0.68027216,0.58,0.0,0.42999998,0.17999999,-42.17369,o,Ses05M_impro07,Ses05M_impro07_F040
736,34.46277,0.14566652,31.610136,36.126213,38.650253,7.0401173,194.44531,254.39388,183.38846,325.67654,0.21626219,0.6651828,0.09877395,0.18616533,0.28036204,0.18158808,1.814631,1.0985582,0.93212265,0.4773211,0.047774523,0.83649707,28.828835,0.24085343,-9.610545,-1.0236518,17.871317,0.78249216,-20.58853,-0.6596975,0.017846406,1.6568917,1.0689807,0.6469136,6.6853127,0.57786924,4.125549,2.909336,20.502575,0.4265929,622.2847,0.34135222,1384.4943,0.13953802,-119.74806,-0.7844448,1654.7794,0.13396816,1063.0271,0.23869698,-113.2973,-0.7914469,2671.5325,0.104502596,946.13153,0.32333848,-115.67446,-0.75201803,-11.69794,-0.4433538,20.277975,0.3143069,0.040936533,0.47717875,-0.016269179,-0.8428556,0.06417415,0.67915267,32.144012,0.18303253,-11.998248,-0.8412004,13.422566,1.2114329,-26.221024,-0.54463416,-9.836754,17.050358,0.010291155,-0.0030306904,0.03396439,2.4128687,2.6990554,0.1625,0.1747534,0.17857143,0.15670069,-38.587242,s,Ses05M_impro07,Ses05M_impro07_M040
737,36.893074,0.12225339,36.030426,37.825615,39.355614,3.3251877,139.04503,171.39062,313.80203,375.18787,0.34975654,0.4601665,0.2109573,0.305543,0.4992911,0.28833377,2.1278358,0.8929587,1.3166565,0.35980752,0.08380584,0.5382549,30.22168,0.25499827,-11.999412,-1.0244278,11.299695,1.6465415,-24.94393,-0.5376852,0.025991427,1.6726607,1.1497855,0.7168686,6.8780236,0.6721024,7.136797,1.5499356,23.470383,0.4150297,648.69684,0.3143208,1413.5796,0.14998628,-93.61727,-1.0192075,1651.9353,0.13426808,1145.9587,0.22883916,-84.76658,-1.0151144,2668.8726,0.109412126,924.89417,0.3056901,-88.78074,-0.93067235,-11.052751,-0.5802177,21.95902,0.30608013,0.045890637,0.43668646,-0.017102147,-0.7463037,0.0952496,0.4850603,32.238537,0.20948935,-14.483199,-0.7972455,6.038845,3.0360513,-31.396713,-0.3331812,-9.0310755,16.077158,0.026880255,-0.008262984,0.06908865,2.7272727,4.1860466,0.13666667,0.13038404,0.09375,0.046351243,-34.488052,q,Ses05M_impro07,Ses05M_impro07_F041
738,34.52047,0.11923336,32.8761,34.449078,37.020626,4.1445274,46.359333,11.630185,51.183117,48.270992,0.17036425,0.40573624,0.09113539,0.17994098,0.2315377,0.14040232,1.0808953,0.54031956,0.8412903,0.35245118,0.044012997,0.527881,27.843891,0.3156306,-2.0634367,-4.188722,18.20584,0.5626055,-11.358793,-1.0311022,0.02060341,0.6402873,1.4543451,0.46212482,5.865908,0.47510615,4.7864113,1.8988478,21.044922,0.3182218,597.18634,0.42907697,1354.7847,0.14454529,-119.44956,-0.76021934,1613.1919,0.1551896,1070.4832,0.29216316,-114.05516,-0.75672424,2631.2642,0.113848545,1040.5822,0.40899524,-117.11171,-0.7104266,-12.711276,-0.2345124,22.278479,0.20980221,0.031063449,0.59395295,-0.0042662118,-3.024361,0.05345799,0.33935583,30.722548,0.23873071,-5.0110564,-1.6193728,17.796907,0.6581168,-15.321706,-0.842139,-13.08065,23.072256,0.0023957982,0.0038722598,0.036353625,3.667482,3.2178218,0.1376923,0.08504784,0.14142857,0.20321897,-42.60231,o,Ses05M_impro07,Ses05M_impro07_M041
739,35.877262,0.066234306,33.832832,36.05759,37.540314,3.7074814,38.3092,62.993958,24.776472,14.305279,0.21012414,0.5229097,0.11636615,0.17348264,0.31060594,0.1942398,1.9055946,1.0469353,1.5244465,0.8426162,0.040718913,0.6493907,26.468893,0.504765,0.07675199,203.37524,12.103713,1.3288665,-16.046005,-1.0728027,0.016084453,1.1516508,0.9001455,0.71313304,9.213979,0.2812082,4.397726,2.2219467,21.27061,0.37185514,707.253,0.30018944,1383.9414,0.15755536,-78.91457,-1.1131133,1746.1472,0.14778687,1059.7172,0.30584046,-79.85736,-1.0241017,2789.3179,0.09660162,966.3643,0.3553331,-83.31379,-0.9491175,-13.879242,-0.42443898,24.265125,0.26464063,0.028899524,0.91240436,-0.011552735,-1.3903209,0.049423326,0.5345022,32.477207,0.27087858,-3.3099427,-4.6572685,11.719021,1.5449723,-20.852394,-0.84761405,-9.775431,18.138128,-0.0034804528,0.0035908755,0.023457732,3.0181088,1.8292682,0.3588889,0.2357232,0.14999999,0.13505554,-38.904366,o,Ses05M_impro07,Ses05M_impro07_F042
740,37.11444,0.026671153,36.366188,37.021854,37.75691,1.3907204,36.807995,36.6138,18.390596,15.427859,0.24440917,0.42658415,0.13960859,0.23848395,0.33261418,0.19300559,2.124071,0.9951851,1.445634,0.5080326,0.04744356,0.5488123,27.5841,0.4835691,-1.505196,-9.110154,8.818996,1.956766,-24.647034,-0.74000955,0.012552159,0.88371605,0.8828856,0.5574249,9.061885,0.25804237,5.820324,1.9761542,22.976242,0.31314275,685.43555,0.28390095,1426.7352,0.12175512,-76.611435,-1.13707,1676.6394,0.1499258,1120.3411,0.33385345,-73.30219,-1.094511,2754.5493,0.096336715,960.1356,0.4385051,-78.065544,-0.986553,-12.99428,-0.26363197,23.636833,0.21160415,0.039903816,0.44589195,-0.0154181775,-0.7149886,0.056117274,0.4272239,33.056087,0.2669744,-4.780651,-2.2505848,9.758305,1.8230886,-30.403698,-0.5419742,-9.408348,17.079601,0.008803766,-0.0020942895,0.028934363,3.626943,2.673797,0.252,0.11106754,0.13,0.07106335,-37.794415,ag,Ses05M_impro07,Ses05M_impro07_M042
741,32.03252,0.12114556,29.504482,31.80642,35.143387,5.6389046,146.76643,146.68259,59.359447,94.20443,0.17860633,0.42812082,0.11946145,0.16393977,0.22849125,0.1090298,1.2053585,0.78849965,0.73253787,0.31618136,0.04273871,0.5052022,30.531271,0.3223222,0.97044057,13.950943,15.475542,0.98118514,-12.421731,-1.1416374,0.022190904,1.0256952,1.1995234,0.52403367,6.093927,0.47279364,3.7898157,2.40853,23.621428,0.40060404,655.32526,0.35733145,1391.3989,0.18274519,-88.37858,-1.0224075,1694.7522,0.1522473,1087.6721,0.2383528,-92.49334,-0.8995601,2719.1172,0.110734485,1003.5344,0.2647625,-95.43654,-0.84739655,-15.110473,-0.38454235,24.617996,0.31967553,0.02531724,0.83980465,-0.011741937,-1.2952383,0.046829056,0.48156554,33.00382,0.22855736,-0.492877,-30.494654,13.675847,1.2304227,-15.095204,-0.9981694,-12.756247,21.450043,0.013535843,-0.0025264677,0.037411924,2.6970956,3.144654,0.182,0.13972354,0.116000004,0.056662746,-41.433712,o,Ses05M_impro07,Ses05M_impro07_M043
742,30.925762,0.06391219,28.96301,31.15895,32.07111,3.108099,41.38761,26.521896,16.731981,4.1182876,0.15878493,0.28580323,0.117554925,0.15965426,0.19082943,0.0732745,1.1112634,0.7078356,0.9452785,0.39142895,0.0380839,0.41997886,31.550673,0.26313427,1.542723,5.576607,17.425797,0.73244447,-11.641185,-0.86584014,0.017852258,0.9008453,1.299102,0.55926496,5.6156764,0.29223445,4.7298784,1.7048595,24.577345,0.18442233,506.56482,0.34704614,1352.5475,0.09884081,-77.05793,-1.1640489,1515.3729,0.13466683,1018.6627,0.17086422,-83.633766,-0.9724077,2601.6794,0.09477256,986.1883,0.35458124,-88.49499,-0.8786716,-15.158004,-0.21556617,24.602942,0.1719636,0.02287898,0.7554468,-0.005614265,-1.5648597,0.039972693,0.399662,32.458138,0.2020438,2.1723876,3.4975328,17.442926,0.82534975,-13.805732,-0.85455495,-13.812128,22.41701,0.023593085,-0.0034768044,0.036159422,5.194805,3.3783784,0.182,0.10186265,0.114999995,0.0887412,-43.544327,ag,Ses05M_impro07,Ses05M_impro07_F043
743,29.139008,0.18103015,26.290155,28.646473,31.161732,4.8715763,150.5836,172.95709,157.47932,118.42486,0.15984584,0.38495615,0.11220966,0.15304533,0.20032933,0.08811967,1.3638926,0.69962406,0.85046464,0.38921002,0.032727603,0.56149185,27.390549,0.29567862,-5.8256683,-1.9345796,20.899967,0.615749,-15.70129,-0.8923755,0.017593944,0.8122266,1.2579684,0.5123699,4.781147,0.43939027,5.5607395,1.1541076,21.846632,0.30371854,565.0508,0.41123888,1319.726,0.12850572,-129.3298,-0.7061061,1582.1031,0.16037412,978.65393,0.21281086,-128.67915,-0.66957545,2619.0112,0.113848776,942.82556,0.31635642,-130.38028,-0.6447894,-13.414885,-0.29349235,21.443573,0.28935868,0.022168033,0.8392959,-0.005630314,-2.154098,0.036329668,0.38860515,31.938059,0.21242847,-3.0291688,-3.1003284,22.726866,0.58578557,-13.9231825,-1.0206237,-8.554523,15.699482,0.012020907,6.328441e-05,0.03009563,4.092527,2.3423424,0.1576923,0.13068776,0.26916665,0.2475028,-44.899803,o,Ses05M_impro07,Ses05M_impro07_M044
744,36.47122,0.17448147,30.888885,34.096523,44.234306,13.345421,14.743056,8.994759,32.66886,4.4862146,0.21467759,0.6604142,0.08734519,0.18044306,0.3323363,0.24499112,2.2443857,1.1324968,1.3733469,0.6235432,0.04479827,0.79831696,25.831509,0.4050038,-9.349035,-1.2531214,13.383136,1.0322021,-22.3691,-0.7630239,0.0168818,1.2935385,1.027804,0.63316834,7.7540293,0.4354574,4.2154837,2.4088562,15.534559,0.47332254,638.5942,0.30079365,1402.9844,0.17203413,-109.46731,-0.86672854,1657.1996,0.14116393,1043.4652,0.28566164,-107.593,-0.84126526,2689.1877,0.09860961,950.1682,0.35090894,-110.52675,-0.7933986,-10.087832,-0.5024934,20.120712,0.27830213,0.036051814,0.7027806,-0.014214888,-1.0759741,0.06635882,0.52934736,31.129662,0.26494324,-14.490791,-0.8174258,10.832335,1.3484114,-31.291666,-0.55111,-8.22705,16.247179,0.005942443,0.002172961,0.022285854,1.8372704,1.8666667,0.25857142,0.18519707,0.25714284,0.28862798,-39.717182,o,Ses05M_impro07,Ses05M_impro07_F044
745,37.638615,0.2797882,25.865993,39.54988,49.083347,23.217354,66.97607,44.753044,22.597418,18.500557,0.18180205,0.7388057,0.06918034,0.14358409,0.2570666,0.18788627,2.0951712,1.0724219,1.3842692,1.1762381,0.043416996,1.3038018,24.491177,0.30501446,-11.378108,-0.8755769,16.63073,0.79908943,-19.056488,-0.8413596,0.02420447,1.2727904,1.0648218,0.53144914,7.289283,0.5197045,6.9274583,1.3003291,18.629946,0.37152863,681.25037,0.31603202,1289.3547,0.1753969,-141.73589,-0.6109901,1695.8372,0.12581366,947.4466,0.26677677,-141.19864,-0.58708215,2739.7058,0.09709908,900.48706,0.44901547,-142.54158,-0.5692145,-10.022728,-0.53224486,19.688072,0.22527994,0.045318753,0.5705017,-0.0080731325,-1.6768646,0.081617355,0.99575734,28.838427,0.20238593,-16.569653,-0.6741719,15.285387,1.1348451,-30.35052,-0.6178885,-8.23909,17.554813,-0.0007122942,0.010688694,0.026015209,2.2448978,2.0618558,0.147,0.11764777,0.318,0.62824833,-39.465538,o,Ses05M_impro07,Ses05M_impro07_M045
746,32.38473,0.17371443,27.363976,28.049706,39.057293,11.693317,43.376106,0.0,-7.185593,0.0,0.08153873,0.53028136,0.053357635,0.056813717,0.11522845,0.061870817,0.67970514,0.67514426,0.8113555,0.44634143,0.016959634,0.81085086,30.676174,0.21352144,0.83531195,5.074336,11.801215,0.59614235,-16.384808,-0.6154116,0.0127209425,0.45711842,1.3093592,0.5342576,6.454066,0.29782164,2.4492662,2.4110165,34.139687,0.20220318,585.0453,0.28523496,1421.0952,0.06484624,-158.3207,-0.48692814,1532.5997,0.1489549,1348.6919,0.17143293,-158.35545,-0.4592022,2677.9412,0.052012324,949.54364,0.19275023,-161.1428,-0.4211953,-16.970522,-0.119746275,31.489058,0.16799729,0.022526575,0.5540869,-0.020559346,-0.67499375,0.035173763,0.40146598,39.43728,0.14096633,6.486194,0.5423301,6.141107,1.7314597,-29.156744,-0.3513965,-13.230378,24.44416,-0.00048140946,0.0030447391,0.011723826,1.4184397,1.4705882,0.155,0.024999999,0.3333333,0.2013841,-48.933064,o,Ses05M_impro07,Ses05M_impro07_M046
747,37.18645,0.14598614,32.172943,38.658726,39.485996,7.313053,509.25674,580.68805,21.572943,12.035229,0.1584077,0.77866864,0.058352817,0.111666396,0.23898332,0.1806305,1.766278,1.3342053,1.5895045,0.8509357,0.03534424,1.1466452,25.698206,0.416026,-4.415994,-2.7972977,11.79967,0.8819265,-18.339476,-0.8779087,0.03602185,1.2920774,1.0983198,0.54895055,7.6207085,0.41270337,5.5493937,1.5378642,25.217201,0.26271406,787.17035,0.22286218,1438.1584,0.13547198,-128.90504,-0.6984926,1695.2914,0.12580802,1132.4691,0.2431105,-126.51166,-0.67695475,2854.147,0.07949425,810.37823,0.4256547,-130.49954,-0.62041736,-11.478172,-0.5280958,24.987946,0.2167058,0.029157225,0.77182376,-0.0098272655,-1.1476735,0.06208414,0.79445684,32.224422,0.19284855,-8.173362,-1.7207546,5.947968,1.9721795,-29.559895,-0.54742783,-9.480072,18.412844,0.0021949904,0.00525104,0.01809686,2.734375,2.7888446,0.13571428,0.09409071,0.19999999,0.16621843,-41.975,ag,Ses05M_impro07,Ses05M_impro07_F045
748,29.111244,0.16074117,22.85852,29.893978,32.324047,9.465527,1328.7657,0.0,28.196127,23.79486,0.076481506,0.412353,0.054487415,0.06755476,0.086979665,0.03249225,0.45748192,0.29142687,0.20714949,0.14650029,0.011664565,0.33443552,21.212746,0.30524883,-1.0864179,-6.700255,17.979948,0.37083554,-9.692764,-0.6425092,0.022682723,0.5896997,0.96488947,0.46901554,5.3702064,0.46868297,6.3982983,1.4279953,26.896532,0.3696788,887.93567,0.18875602,1412.94,0.09536684,-190.05202,-0.21922445,1788.0393,0.07556063,1038.1006,0.19954523,-190.44203,-0.21095003,2981.2102,0.050149154,800.47754,0.32048982,-190.91672,-0.20053339,-15.514202,-0.3869758,26.019213,0.2738381,0.011850868,1.6628183,-0.0081098145,-1.177882,0.018396035,0.19310905,33.033092,0.05779397,-0.8478309,-9.729952,18.127892,0.39888874,-14.409858,-1.020535,-10.822175,19.579548,-0.0059410892,0.0066444534,0.011342789,0.85714287,0.86956525,0.056666665,0.024944384,1.0733334,1.4825728,-55.35622,o,Ses05M_impro07,Ses05M_impro07_M047
749,36.558224,0.029514955,35.351643,36.906948,37.506424,2.1547813,0.0,0.0,-0.1326059,0.0,0.07441626,0.5617916,0.052935768,0.05671056,0.07991843,0.026982661,0.29939476,0.1431537,0.24681053,0.19688803,0.013087889,0.79908496,28.239721,0.17797457,-0.627347,-7.8354583,14.055254,0.3614483,-11.156685,-0.7194749,0.012547892,1.0372673,1.008912,0.90952665,11.57575,0.16766053,13.401743,0.49800366,32.947514,0.20101875,589.4467,0.3526245,1442.8575,0.14866735,-184.77437,-0.27294296,1541.2456,0.20141333,1183.9222,0.15119603,-173.33122,-0.36471584,2729.7249,0.09040872,974.5417,0.3653308,-175.49106,-0.33122113,-16.775103,-0.28455612,34.270508,0.16904926,0.04287299,0.63543713,-0.0027279167,-5.311286,0.030980233,0.5566126,37.960823,0.123123884,3.7697637,1.721075,4.3348374,0.8516401,-21.793013,-0.59952986,-13.424265,24.1168,-0.0068414607,0.006904291,0.01000316,1.2121212,0.62500006,0.24,0.0,0.66499996,0.235,-47.7802,b,Ses05M_impro07,Ses05M_impro07_F046
