,F0semitoneFrom27.5Hz_sma3nz_amean,F0semitoneFrom27.5Hz_sma3nz_stddevNorm,F0semitoneFrom27.5Hz_sma3nz_percentile20.0,F0semitoneFrom27.5Hz_sma3nz_percentile50.0,F0semitoneFrom27.5Hz_sma3nz_percentile80.0,F0semitoneFrom27.5Hz_sma3nz_pctlrange0-2,F0semitoneFrom27.5Hz_sma3nz_meanRisingSlope,F0semitoneFrom27.5Hz_sma3nz_stddevRisingSlope,F0semitoneFrom27.5Hz_sma3nz_meanFallingSlope,F0semitoneFrom27.5Hz_sma3nz_stddevFallingSlope,loudness_sma3_amean,loudness_sma3_stddevNorm,loudness_sma3_percentile20.0,loudness_sma3_percentile50.0,loudness_sma3_percentile80.0,loudness_sma3_pctlrange0-2,loudness_sma3_meanRisingSlope,loudness_sma3_stddevRisingSlope,loudness_sma3_meanFallingSlope,loudness_sma3_stddevFallingSlope,spectralFlux_sma3_amean,spectralFlux_sma3_stddevNorm,mfcc1_sma3_amean,mfcc1_sma3_stddevNorm,mfcc2_sma3_amean,mfcc2_sma3_stddevNorm,mfcc3_sma3_amean,mfcc3_sma3_stddevNorm,mfcc4_sma3_amean,mfcc4_sma3_stddevNorm,jitterLocal_sma3nz_amean,jitterLocal_sma3nz_stddevNorm,shimmerLocaldB_sma3nz_amean,shimmerLocaldB_sma3nz_stddevNorm,HNRdBACF_sma3nz_amean,HNRdBACF_sma3nz_stddevNorm,logRelF0-H1-H2_sma3nz_amean,logRelF0-H1-H2_sma3nz_stddevNorm,logRelF0-H1-A3_sma3nz_amean,logRelF0-H1-A3_sma3nz_stddevNorm,F1frequency_sma3nz_amean,F1frequency_sma3nz_stddevNorm,F1bandwidth_sma3nz_amean,F1bandwidth_sma3nz_stddevNorm,F1amplitudeLogRelF0_sma3nz_amean,F1amplitudeLogRelF0_sma3nz_stddevNorm,F2frequency_sma3nz_amean,F2frequency_sma3nz_stddevNorm,F2bandwidth_sma3nz_amean,F2bandwidth_sma3nz_stddevNorm,F2amplitudeLogRelF0_sma3nz_amean,F2amplitudeLogRelF0_sma3nz_stddevNorm,F3frequency_sma3nz_amean,F3frequency_sma3nz_stddevNorm,F3bandwidth_sma3nz_amean,F3bandwidth_sma3nz_stddevNorm,F3amplitudeLogRelF0_sma3nz_amean,F3amplitudeLogRelF0_sma3nz_stddevNorm,alphaRatioV_sma3nz_amean,alphaRatioV_sma3nz_stddevNorm,hammarbergIndexV_sma3nz_amean,hammarbergIndexV_sma3nz_stddevNorm,slopeV0-500_sma3nz_amean,slopeV0-500_sma3nz_stddevNorm,slopeV500-1500_sma3nz_amean,slopeV500-1500_sma3nz_stddevNorm,spectralFluxV_sma3nz_amean,spectralFluxV_sma3nz_stddevNorm,mfcc1V_sma3nz_amean,mfcc1V_sma3nz_stddevNorm,mfcc2V_sma3nz_amean,mfcc2V_sma3nz_stddevNorm,mfcc3V_sma3nz_amean,mfcc3V_sma3nz_stddevNorm,mfcc4V_sma3nz_amean,mfcc4V_sma3nz_stddevNorm,alphaRatioUV_sma3nz_amean,hammarbergIndexUV_sma3nz_amean,slopeUV0-500_sma3nz_amean,slopeUV500-1500_sma3nz_amean,spectralFluxUV_sma3nz_amean,loudnessPeaksPerSec,VoicedSegmentsPerSec,MeanVoicedSegmentLengthSec,StddevVoicedSegmentLengthSec,MeanUnvoicedSegmentLength,StddevUnvoicedSegmentLength,equivalentSoundLevel_dBp,labels,filename,utt_label
0,0.0,0.0,0.0,0.0,0.0,0.0,0.0,0.0,0.0,0.0,0.19792342,0.62588567,0.11703652,0.1315362,0.32074472,0.2037082,3.0429409,3.8466613,1.213974,0.26436564,0.04377894,0.6396803,20.68749,0.33024418,-7.0025406,-0.7925316,13.997751,0.3131131,-11.4225645,-0.82333577,0.0,0.0,0.0,0.0,0.0,0.0,0.0,0.0,0.0,0.0,0.0,0.0,0.0,0.0,-201.0,0.0,0.0,0.0,0.0,0.0,-201.0,0.0,0.0,0.0,0.0,0.0,-201.0,0.0,0.0,0.0,0.0,0.0,0.0,0.0,0.0,0.0,0.0,0.0,0.0,0.0,0.0,0.0,0.0,0.0,0.0,0.0,-7.567354,15.571295,0.0011999822,0.0020694183,0.044423692,1.6759777,0.0,0.0,0.0,1.73,0.0,-44.982147,s,Ses01M_script03_1,Ses01M_script03_1_M000
1,38.550777,0.10279186,35.81225,36.053574,44.509743,8.6974945,21.038946,0.0,149.01556,0.0,0.18046173,0.4390036,0.12421225,0.13803503,0.24766487,0.12345262,1.1189647,0.821593,0.9497084,0.1761804,0.045006353,0.59914356,22.24765,0.21804506,-4.2131367,-1.5567359,15.952447,0.29787216,-7.7041974,-0.85813737,0.025687248,0.6946304,2.2576663,0.5301376,5.0640583,0.2693039,-5.682656,-1.8458344,1.3022771,5.119621,737.4731,0.1641329,1356.226,0.08941143,-192.51964,-0.18622693,1773.5409,0.08344927,1178.8473,0.3998731,-191.77771,-0.18944779,2625.7268,0.06943106,919.38226,0.24549666,-191.92429,-0.18471414,-10.208539,-0.11320526,16.82633,0.08145599,0.0045603365,5.369535,-0.009978314,-0.5440432,0.103110805,0.30055505,23.46755,0.0965345,-8.051882,-0.73192644,18.625359,0.07956392,-14.497045,-0.9664781,-9.837721,18.808834,-0.0025218686,0.003844908,0.042469017,1.4705882,1.0050251,0.04,0.02,0.62,0.3472751,-43.57016,q,Ses01M_script03_1,Ses01M_script03_1_F000
2,25.402966,0.07903733,23.049797,26.564137,27.347717,4.29792,9.615247,4.4747257,30.136152,0.0,0.15883957,0.47634974,0.115210295,0.12604238,0.20374915,0.088538855,0.8458354,0.46672255,1.4201267,1.2706127,0.044236302,0.72450197,26.113213,0.1809355,-2.8397322,-2.2827783,14.281653,0.39604208,-6.156737,-1.0188116,0.025930801,0.65915114,1.1647049,0.5633027,4.3782263,0.457872,10.448557,0.49915165,28.520819,0.3138448,575.2772,0.36094978,1443.0856,0.11365385,-179.44081,-0.3223847,1597.5507,0.18398018,1180.6659,0.20701337,-181.11047,-0.29419163,2668.6584,0.103945516,1034.8219,0.33139572,-181.47067,-0.2879607,-18.417576,-0.23058315,27.469559,0.20751369,-0.00070292124,-13.34326,-0.014632806,-0.65688455,0.09394616,0.18061194,36.33278,0.08429073,7.1771536,1.0145606,19.393185,0.45387882,-4.0369153,-2.1415844,-11.169073,20.892591,-0.005984042,0.0014499716,0.038605697,1.7167382,0.877193,0.12,0.049999997,0.98999995,0.22,-41.67699,ans,Ses01M_script03_1,Ses01M_script03_1_M001
3,36.489746,0.12192262,33.167484,35.250366,40.49523,7.3277473,24.848883,19.888472,28.11087,11.037343,0.25975814,0.70366424,0.117562376,0.16006269,0.38248873,0.26492634,1.4609534,0.9345147,1.6340755,1.043056,0.08244708,0.9802326,27.697498,0.30465165,-2.8030362,-2.753301,13.499346,0.54222244,-6.922404,-0.95322204,0.017271215,0.96754783,1.0334648,0.5007573,8.664284,0.36393374,8.724679,0.90638083,24.581448,0.42776242,782.08276,0.35853064,1318.517,0.17204604,-145.8122,-0.57043594,1756.7413,0.12895611,1235.9579,0.41229573,-140.99654,-0.57943004,2816.0051,0.08778892,1151.2716,0.4657203,-144.63872,-0.53005236,-13.458291,-0.30904508,26.260933,0.3080954,0.02242152,0.86718166,-0.002758901,-3.731111,0.14473535,0.6560734,30.413471,0.3366909,-2.0631223,-5.17602,11.880908,0.85367346,-7.01903,-1.1746768,-11.0570755,20.733665,0.000413443,0.0006411811,0.05244963,2.2167487,1.4962595,0.21499999,0.22721136,0.37,0.5069517,-32.64892,s,Ses01M_script03_1,Ses01M_script03_1_F001
4,31.18302,0.1750294,25.739515,30.387375,37.19728,11.457766,50.413975,0.0,-37.525867,0.0,0.2133242,0.70619947,0.13086927,0.14530481,0.28053406,0.14966479,1.9073642,1.585837,2.007944,0.30152142,0.071296,1.3517518,27.283686,0.2259112,-2.845032,-2.6222985,14.411573,0.43890715,-6.215643,-0.98781836,0.032449055,0.6732053,1.2791088,0.2419925,5.5703278,0.36677313,1.5618436,3.6983237,24.84476,0.113152705,537.2865,0.35502645,1330.7057,0.16178687,-174.80685,-0.35389522,1557.0117,0.14914303,1011.0585,0.23575115,-174.70601,-0.34241673,2671.975,0.10499398,926.15857,0.1570581,-175.87047,-0.3243778,-15.995137,-0.2881367,26.777008,0.25408873,0.019844942,0.81706816,-0.014732881,-0.6089251,0.22002351,0.8013542,34.285805,0.1336802,1.1392516,6.265026,17.064848,0.592735,-7.219941,-1.298107,-10.929225,20.868101,-0.0015332543,0.0016490688,0.046753205,0.9615385,1.4778326,0.089999996,0.037416574,0.42249998,0.41160506,-35.496662,o,Ses01M_script03_1,Ses01M_script03_1_M002
5,0.0,0.0,0.0,0.0,0.0,0.0,0.0,0.0,0.0,0.0,0.1702959,0.25930697,0.13487054,0.16019242,0.19954756,0.064677015,1.2447863,0.6609949,0.6751783,0.3384338,0.034258816,0.2906234,19.908216,0.2601741,-6.0953693,-1.0076388,13.506292,0.35150722,-7.103334,-0.5950375,0.0,0.0,0.0,0.0,0.0,0.0,0.0,0.0,0.0,0.0,0.0,0.0,0.0,0.0,-201.0,0.0,0.0,0.0,0.0,0.0,-201.0,0.0,0.0,0.0,0.0,0.0,-201.0,0.0,0.0,0.0,0.0,0.0,0.0,0.0,0.0,0.0,0.0,0.0,0.0,0.0,0.0,0.0,0.0,0.0,0.0,0.0,-7.0448904,16.398376,-0.0018569932,0.0059890226,0.03445067,4.477612,0.0,0.0,0.0,3.29,0.0,-47.852787,q,Ses01M_script03_1,Ses01M_script03_1_F002
6,30.152782,0.057903014,28.860495,30.20339,31.705208,2.8447132,17.294962,3.7194073,8.487815,6.8388133,0.38571072,0.6444278,0.16111901,0.3293138,0.62731934,0.46620032,5.3299656,4.1224065,4.0223546,2.568921,0.1305776,0.8545346,29.348545,0.36489084,-5.2326365,-1.667066,14.815787,0.745319,-4.803711,-1.6267872,0.017017696,1.0005625,1.105786,0.65304273,6.692077,0.32281774,-1.2030135,-5.030855,21.841057,0.3788438,611.5474,0.4230008,1328.2385,0.172087,-117.48311,-0.7898145,1619.381,0.16863966,1072.4335,0.1941317,-118.61689,-0.7434447,2684.147,0.10970958,1061.1108,0.21417204,-122.75498,-0.68068796,-12.913101,-0.4154482,25.93586,0.27839333,0.025703996,0.71832407,-0.013607236,-0.86407655,0.21678735,0.4617929,37.832905,0.20510432,-4.0817585,-2.5375497,11.453848,1.248344,-3.4746742,-2.8280811,-8.500736,17.172544,-7.867292e-05,0.0031610571,0.061412025,3.0927837,1.8324608,0.23714285,0.17185661,0.33499998,0.36298528,-29.402412,q,Ses01M_script03_1,Ses01M_script03_1_M003
7,32.95406,0.062414743,32.06688,32.542152,34.96501,2.8981323,586.1962,570.66876,25.892435,16.17439,0.28499344,0.4416981,0.16431381,0.25406432,0.41030708,0.24599327,1.7868454,1.6671237,1.6473064,1.2696,0.0660121,0.5951934,24.892279,0.47657076,-5.7315817,-1.3163913,12.688041,0.79698616,-10.800996,-0.83591795,0.009682759,0.84848887,0.9780914,0.41497508,6.916727,0.3606042,-1.3287091,-12.194499,17.387127,0.40608627,590.48645,0.27945006,1416.7938,0.11958335,-128.77423,-0.716052,1555.3318,0.11709297,1153.0402,0.25242293,-130.25937,-0.68543917,2641.0676,0.088242665,1076.3254,0.34320587,-134.23949,-0.62689155,-10.114029,-0.5769519,24.181328,0.26363027,0.0110294875,1.1625704,-0.00907472,-1.3214623,0.09810539,0.46482283,37.224655,0.12052939,-9.087403,-1.076712,9.351456,1.5864847,-15.383367,-0.7422007,-7.4827275,15.925274,-0.003791587,0.0029869135,0.047818854,2.4822695,1.0830325,0.34,0.31016123,0.56333333,0.4296769,-36.891655,ans,Ses01M_script03_1,Ses01M_script03_1_F003
8,27.301294,0.14899863,22.927433,27.388577,31.956364,9.028931,47.64644,14.646967,13.450695,11.729758,0.41937125,0.6228109,0.22071952,0.33385926,0.60101324,0.38029373,4.6419334,1.5804018,3.5436344,2.714037,0.13700859,0.9083914,22.902262,0.47033033,-3.7634299,-2.322679,17.337795,0.4802155,-3.8866386,-2.0014403,0.038916584,0.8653984,1.3340731,0.5213494,4.257438,0.59565556,4.033484,1.6201897,18.746302,0.39544967,584.0176,0.48238632,1259.3712,0.129625,-135.82707,-0.6396174,1601.1213,0.20238636,1066.3722,0.34381405,-136.19339,-0.61895937,2659.7422,0.13661148,953.13885,0.24084389,-138.77972,-0.5819454,-13.050522,-0.3956108,24.355112,0.24710962,0.008259998,2.6271968,-0.009504388,-1.2517775,0.20845485,0.71993965,32.181393,0.26229897,-3.0096142,-4.008241,16.397093,0.77249753,-1.8371056,-4.34601,-6.2824993,16.452408,-0.0013897204,0.0037370592,0.10335087,2.4590163,2.1097047,0.15799999,0.11267653,0.24499999,0.20548722,-29.79333,s,Ses01M_script03_1,Ses01M_script03_1_M004
9,31.98728,0.071094535,30.540834,31.613514,34.970726,4.4298916,51.94885,23.675663,23.489828,0.0,0.42713332,0.44695652,0.2742764,0.37428448,0.5622339,0.28795752,3.937538,1.6127267,2.5828624,2.0071902,0.13552491,0.8289777,20.422604,0.41763318,-3.7330852,-1.8496839,15.925531,0.518234,-6.802182,-1.105467,0.032069813,1.001982,1.149488,0.4735317,4.9477096,0.24431509,-3.4986444,-2.253808,10.728448,0.76257724,654.5116,0.3271222,1287.1147,0.1379568,-160.02235,-0.45635954,1715.0933,0.12043119,1049.3701,0.26371002,-157.8943,-0.4587969,2706.046,0.06525894,943.8962,0.34887397,-158.88847,-0.44598022,-11.3437,-0.2606271,20.302828,0.21411122,0.012641439,1.4483665,-0.015966464,-1.0717089,0.13844681,0.527243,24.489983,0.33243182,-4.463781,-1.5918534,15.895461,0.56827354,-9.599776,-0.9250652,-7.904056,16.813812,0.009935915,-0.004884438,0.13577937,4.5977015,2.734375,0.07571428,0.06253163,0.235,0.1423025,-32.26592,s,Ses01M_script03_1,Ses01M_script03_1_F004
10,32.7335,0.12017541,29.511795,32.023865,35.885628,6.3738327,71.39788,32.63334,81.408516,72.1312,0.2932826,1.2982846,0.1067879,0.121813364,0.34729636,0.24050847,6.551045,6.64704,4.1470456,3.5432706,0.122070715,2.1290069,25.896053,0.39796302,-6.3396697,-1.3467363,12.672987,0.51108176,-12.320529,-0.55744755,0.03740161,1.0382769,1.3376373,0.4939675,4.7056236,0.5719634,-3.460379,-2.446412,19.671253,0.31033108,625.34235,0.43610504,1272.606,0.14255318,-185.14348,-0.28119653,1622.5358,0.21767756,1026.1869,0.14810432,-181.91473,-0.30632016,2647.7512,0.111398205,842.0656,0.32023278,-182.86917,-0.28953913,-10.529986,-0.354788,23.097713,0.23745964,0.041848354,0.5282618,-0.020199692,-0.5006154,0.6361933,0.71078616,38.278793,0.25518563,-15.799447,-0.90456563,3.5174499,2.0587049,-21.441925,-0.45367283,-9.846051,19.47237,0.0019063263,-0.0017923085,0.065904886,0.6756757,0.5819593,0.16166666,0.11781577,1.3157142,1.2529606,-26.676779,s,Ses01M_script03_1,Ses01M_script03_1_M005
11,33.39508,0.07334563,30.481115,33.87085,35.51404,5.0329266,31.943277,13.578902,14.310994,28.582823,0.7083113,0.99210274,0.12063256,0.35378483,1.4173762,1.2967436,13.078819,4.7884808,5.27192,3.6613111,0.37338892,1.3517427,32.487408,0.28793988,-10.516118,-1.034253,10.947372,0.83279806,-12.063339,-1.0285846,0.033606544,1.2911954,1.0429909,0.71110797,6.5523167,0.56695503,-2.1591191,-4.522048,20.298239,0.42704546,842.673,0.23683605,1217.2241,0.14121805,-127.89318,-0.73056453,1919.2115,0.13549234,1090.1047,0.31609988,-126.21492,-0.7094449,2900.754,0.096656986,928.50464,0.4376085,-128.30617,-0.6789896,-10.201462,-0.43551555,22.63573,0.29778123,0.040322576,0.47913796,-0.019739345,-0.89455414,0.7836309,0.72483104,38.519985,0.18619262,-16.337763,-0.77750117,8.799685,1.4689237,-21.385065,-0.6373481,-10.453741,22.475925,4.0748622e-05,0.0026422807,0.11047129,1.754386,0.89686096,0.44,0.14,0.4333333,0.24984437,-19.81534,s,Ses01M_script03_1,Ses01M_script03_1_M006
12,42.564415,0.17192668,36.60576,42.415604,48.370934,11.765175,75.64681,16.331217,27.124256,13.07343,1.0334697,0.7441647,0.34951392,0.8898537,1.5431237,1.1936098,11.960916,5.939122,7.1826816,4.77329,0.54053336,1.0837584,18.944035,0.5156997,-21.419523,-0.6932765,2.3978999,5.3734765,-20.157797,-0.692072,0.027995236,1.2919898,1.3697753,0.4680167,6.124512,0.7334344,2.3408012,3.8876672,15.35158,0.649703,796.8103,0.28115502,1278.0658,0.21750902,-120.46611,-0.79107183,1718.6508,0.13503124,1064.7668,0.22200081,-105.041145,-0.8975028,2803.0635,0.08596715,850.3071,0.46935752,-110.01051,-0.8113188,-4.0398483,-1.3370469,17.536318,0.32507607,0.036185686,0.6406746,-0.0009772908,-12.468359,0.83902556,0.7235471,22.078392,0.36878592,-28.447256,-0.52440816,-4.7641187,-2.6850042,-23.71967,-0.6626157,-2.1601324,12.178274,0.010444723,0.0034886666,0.24005316,2.0599253,1.7045455,0.2811111,0.13867983,0.28555554,0.34820524,-18.193281,s,Ses01M_script03_1,Ses01M_script03_1_F005
13,35.69946,0.15526399,33.2479,36.520344,38.44047,5.1925735,213.36046,202.16911,38.241055,27.789455,1.4808983,0.4273675,0.9048451,1.3692108,1.9489481,1.044103,18.753567,10.483431,6.6015487,5.1460743,0.84045213,0.63615376,27.722033,0.20502262,-13.4477625,-0.5903115,2.911037,3.7450056,-11.134948,-1.1707366,0.024458578,0.8735673,1.1734235,0.44890767,5.440944,0.68221253,-1.0200659,-6.851559,15.250984,0.55291986,685.135,0.34572616,1279.7985,0.15587568,-86.25687,-0.99076957,1651.8657,0.19146897,1093.936,0.33900926,-79.15083,-1.0294288,2655.3572,0.10615596,855.4346,0.26847428,-83.9837,-0.9274051,-7.386216,-0.39965236,18.019115,0.29209113,0.034806088,0.58817303,-0.009862543,-0.8638224,0.9234557,0.60961175,28.030607,0.2077949,-14.171204,-0.5643665,1.9552417,5.587079,-13.439014,-0.9439225,-6.922277,15.40957,0.018663134,-0.009060549,0.6583766,3.1645572,5.960265,0.09777778,0.053702425,0.06428571,0.031558175,-15.781802,oth,Ses01M_script03_1,Ses01M_script03_1_M007
14,40.60524,0.110730544,35.127747,43.463215,44.141415,9.013668,105.40539,37.13993,2.2626724,21.413166,0.896883,0.8110862,0.15218987,0.67736816,1.6954715,1.5432817,15.442673,11.810769,9.849834,5.07774,0.5325399,1.1162897,24.870047,0.28250155,-16.77667,-0.5942683,8.066727,1.6226926,-15.48402,-0.8454696,0.02633121,0.76856154,1.286824,0.7356091,5.9485993,0.6885444,3.7942524,2.0372834,23.942818,0.3272108,727.53876,0.35562247,1465.6752,0.16433316,-159.72871,-0.4725428,1582.5704,0.13391353,1217.0007,0.22371624,-148.32474,-0.55122876,2744.0413,0.10575109,805.82465,0.15489937,-151.74098,-0.5024453,-8.216128,-0.38011742,23.14767,0.16286999,0.040654182,0.61620176,-0.010268,-0.804627,1.2123936,0.4246481,32.262314,0.079503305,-19.579409,-0.48502585,-7.5662656,-1.6425389,-22.881523,-0.6717933,-5.6912265,14.490993,0.007339212,0.0038752325,0.30168822,1.948052,2.0134227,0.12666667,0.08055364,0.3433333,0.33038697,-18.97638,b,Ses01M_script03_1,Ses01M_script03_1_F006
15,0.0,0.0,0.0,0.0,0.0,0.0,0.0,0.0,0.0,0.0,0.38171265,0.6517802,0.13769832,0.30554086,0.6888823,0.55118394,3.1430275,0.901914,2.721273,1.6062169,0.09914841,0.7657937,18.122864,0.32669038,-9.9633255,-0.54866105,13.669696,0.24661379,-8.068906,-0.47735137,0.0,0.0,0.0,0.0,0.0,0.0,0.0,0.0,0.0,0.0,0.0,0.0,0.0,0.0,-201.0,0.0,0.0,0.0,0.0,0.0,-201.0,0.0,0.0,0.0,0.0,0.0,-201.0,0.0,0.0,0.0,0.0,0.0,0.0,0.0,0.0,0.0,0.0,0.0,0.0,0.0,0.0,0.0,0.0,0.0,0.0,0.0,-4.273036,12.333689,0.006082048,0.010926757,0.10322676,4.2735043,0.0,0.0,0.0,1.11,0.0,-36.23078,oth,Ses01M_script03_1,Ses01M_script03_1_M008
16,32.41149,0.012546822,32.149193,32.439247,32.742054,0.5928612,14.419441,7.016165,26.024607,13.547022,0.61081463,0.86327225,0.12947519,0.4541404,1.0289354,0.89946026,8.258369,4.696417,0.78349113,4.9302616,0.20409383,1.0316967,21.53847,0.6399601,-12.799659,-1.1688746,14.619572,0.39783356,-11.021736,-0.69731444,0.01583568,0.8191105,0.93812865,0.6186845,7.1583066,0.38193431,-2.6945744,-2.033959,18.130308,0.40556094,596.2725,0.33649585,1280.5481,0.08128161,-151.90778,-0.5320858,1589.1295,0.1631208,941.29675,0.14886217,-148.33885,-0.5500499,2648.9912,0.10491002,846.99207,0.34715748,-150.52974,-0.51817274,-8.72047,-0.5803614,18.621124,0.37585315,0.031991657,0.7145479,-0.01255475,-1.327926,0.43424872,0.36655632,31.86869,0.39595678,-8.815836,-1.2425259,16.755388,0.44803396,-13.070389,-0.7250423,-2.3433511,12.636938,-0.007942024,0.012432361,0.08664079,3.3898306,1.7699115,0.14999999,0.02,0.39499998,0.325,-23.77847,oth,Ses01M_script03_1,Ses01M_script03_1_F007
17,29.500942,0.09445006,26.162659,30.414612,32.141106,5.978447,46.029724,42.29717,16.403131,11.830619,0.6017319,0.6336468,0.30647394,0.510009,0.89660585,0.5901319,6.6261306,3.30945,4.838074,2.894721,0.20651016,0.7982804,27.427,0.509068,-4.775534,-2.7475228,14.773468,0.6332971,-6.53922,-1.8184947,0.014435332,0.9836245,1.0665652,0.6147858,6.3085594,0.40130386,1.774318,3.9455988,21.680758,0.28661016,591.06964,0.4234531,1302.4194,0.13261335,-80.67064,-1.1079191,1579.911,0.18523082,1047.202,0.25107694,-81.39607,-1.0284929,2620.4421,0.11184271,914.3081,0.26132017,-86.542496,-0.9237447,-11.707813,-0.33278787,21.499989,0.23326416,0.022462042,1.0419214,-0.010691136,-1.1667157,0.2601521,0.62215006,33.882565,0.30500066,-3.6729593,-2.6634223,14.577897,0.7108581,-5.4228163,-2.4088595,-4.0413384,13.00733,-0.0052897013,0.008395338,0.11893235,3.7037036,2.739726,0.22625,0.08873239,0.13142857,0.12642655,-24.839325,q,Ses01M_script03_1,Ses01M_script03_1_M009
18,31.035414,0.12322136,26.562668,31.980078,34.99303,8.430363,29.254772,0.0,-5.8750486,12.688375,0.33519214,0.50002575,0.1842685,0.28799886,0.49284285,0.30857435,2.5044675,1.3867941,2.2358813,0.9199631,0.111611344,0.7376416,28.21803,0.3309013,-1.772807,-4.8524876,12.48534,0.76356626,-11.958986,-0.83886886,0.017848222,0.5784391,1.1052829,0.47322333,5.621071,0.31299987,4.902592,1.2243919,21.453245,0.3655712,586.03625,0.32637018,1361.1172,0.106918424,-130.3348,-0.6667996,1597.0087,0.18266644,1127.2296,0.26422948,-132.09718,-0.62840885,2665.4956,0.11096375,971.3605,0.24672426,-134.38446,-0.5959856,-13.530584,-0.32491255,23.799435,0.30670843,0.008847696,2.3889427,-0.015708355,-0.7457578,0.13948798,0.53472275,32.513653,0.22933118,0.8938877,9.090344,11.81749,0.9864274,-13.493104,-0.7674157,-10.756558,18.785393,0.011797005,-0.007010397,0.09216637,3.1746032,2.834008,0.12571429,0.0753766,0.24,0.16114175,-33.439106,ans,Ses01M_script03_1,Ses01M_script03_1_F008
19,32.297928,0.21637604,26.458641,28.913446,37.904293,11.445652,1353.7961,1130.8433,-23.681358,43.802902,0.44468498,0.520813,0.2357677,0.39439383,0.6444506,0.40868288,5.3036113,4.1499467,2.2800586,1.9204985,0.13834146,0.8077803,25.441261,0.4291931,-6.4530716,-1.87511,10.89752,0.56344384,-14.223666,-0.8984708,0.014381296,0.83713585,1.1468011,0.45568085,5.021422,0.45138177,0.14048333,52.58073,18.259869,0.46020168,619.44037,0.32890832,1347.8956,0.13061248,-128.86797,-0.7052651,1581.9312,0.16431908,1012.3759,0.17501208,-128.08362,-0.6850408,2663.1714,0.09667218,843.1634,0.37870216,-131.18025,-0.64008415,-9.981612,-0.50293857,20.41154,0.2573658,0.032364205,0.7284911,-0.013811407,-1.1880904,0.2293736,0.55429596,33.0939,0.23267059,-9.625601,-1.1872021,8.765188,0.7467939,-16.450775,-0.80812037,-7.4546003,16.353624,0.0051842383,-0.0030697829,0.08488706,3.137255,2.811245,0.12714286,0.11208597,0.24166666,0.13208793,-30.6229,q,Ses01M_script03_1,Ses01M_script03_1_M010
20,33.77841,0.15851256,26.734697,34.760258,37.761066,11.026369,395.75955,133.00882,56.628353,46.144783,0.36142197,0.61243325,0.18016458,0.2977069,0.5159515,0.33578694,4.1951756,3.803927,2.1138127,1.803224,0.10787184,0.92366457,27.088554,0.3576841,-5.3348103,-2.0538182,11.287838,0.7507509,-11.292611,-0.9807516,0.017139059,1.5033207,1.0789281,0.5158157,6.2913713,0.47748247,-0.14091182,-60.243275,20.590961,0.34972316,607.2012,0.3054499,1347.8024,0.14886515,-129.49573,-0.69528717,1604.3373,0.14854887,1056.6294,0.2357905,-126.78341,-0.6923912,2667.162,0.080880865,901.094,0.36259115,-130.65271,-0.63557005,-10.837774,-0.46879962,22.163837,0.27574268,0.025904333,0.9269514,-0.011453032,-1.1318922,0.1776675,0.7217498,33.978607,0.18826866,-8.932227,-1.2134651,7.335593,1.300423,-15.424423,-0.72716826,-8.91296,18.071918,0.002883105,-0.00067877554,0.06521919,2.5839794,2.6178012,0.141,0.13427211,0.219,0.20324615,-32.124504,ans,Ses01M_script03_1,Ses01M_script03_1_F009
21,35.712387,0.022337392,35.00619,35.976143,36.188995,1.1828041,-8.239971,0.0,8.415467,0.0,0.2192051,0.705741,0.114341944,0.14748646,0.33482736,0.22048542,1.175277,0.7319785,1.017997,0.019381583,0.058905732,1.006663,30.730724,0.17502631,0.10004869,57.023594,9.64962,1.0692493,-7.0317006,-0.87471235,0.010861,1.4037434,0.7935166,0.50223655,9.684452,0.23617794,-4.970824,-0.65885156,23.506191,0.1121829,459.34097,0.24590307,1313.4457,0.14048587,-146.96498,-0.58521914,1396.5673,0.14272165,1045.4266,0.18696634,-146.75879,-0.5688561,2607.1091,0.059359774,803.61804,0.23046862,-151.45998,-0.5019637,-14.0569725,-0.3755412,30.338596,0.11974683,0.014974259,1.4457216,-0.010435367,-0.6428356,0.118115135,0.7224647,37.828953,0.071032375,1.2022732,7.530648,-4.5555487,-1.4635036,-13.906213,-0.40338305,-13.194496,22.344807,-0.00623363,0.00014215079,0.036678478,0.7575758,0.78740156,0.35999998,0.0,0.44,0.12,-35.124332,b,Ses01M_script03_1,Ses01M_script03_1_M011
22,39.874973,0.16899785,32.545174,42.958797,46.94575,14.400578,-14.535539,0.0,62.74811,0.0,0.29686356,0.6668075,0.13881265,0.20360778,0.4870488,0.34823614,3.3680956,1.9714533,2.6620953,1.4208802,0.10103925,0.96945864,29.994724,0.12149355,-6.999882,-1.0743285,7.4103823,0.82102793,-19.527071,-0.70877784,0.020594522,0.63590956,1.6486517,0.5742368,8.697354,0.27165788,4.491992,2.1155427,21.089684,0.27321503,665.4786,0.37748915,1314.433,0.12911898,-154.09747,-0.5027078,1649.4344,0.21323471,1076.0555,0.15315229,-152.6015,-0.48857537,2691.7114,0.08953373,891.05676,0.2170002,-155.25035,-0.451898,-13.562005,-0.26002082,27.464693,0.14786327,0.034262422,0.99928176,-0.011180873,-0.86072654,0.14718944,0.5949876,32.548763,0.12843442,-4.032962,-2.189396,6.067396,0.86561424,-26.327797,-0.4705494,-10.622676,20.29484,0.011516399,-0.0017505054,0.07156839,3.7037036,3.1007752,0.0775,0.04145781,0.225,0.18200275,-31.88208,oth,Ses01M_script03_1,Ses01M_script03_1_F010
23,30.77001,0.11681154,28.719593,29.909266,32.03646,3.3168678,489.01807,0.0,14.65279,18.106901,0.39271516,0.5318842,0.17719328,0.3621051,0.58185357,0.40466028,2.7728004,0.7574352,1.6873728,0.6438245,0.114956036,0.67480713,23.765427,0.5831199,0.08747128,130.1119,18.343172,0.6640999,-13.364297,-0.9357123,0.010836911,0.88219243,1.0850776,0.6464448,7.523514,0.24915002,-0.06913091,-78.23102,19.768936,0.39770985,483.0871,0.39394945,1277.1583,0.104763076,-122.98741,-0.74733126,1473.397,0.16103056,999.097,0.19118342,-123.465515,-0.7075938,2530.8225,0.09202486,894.51874,0.22729708,-126.84389,-0.6594017,-13.525427,-0.37494928,24.088795,0.30341095,0.017533768,1.1412677,-0.016198853,-0.78802365,0.17722976,0.4227567,34.145157,0.11769917,-1.1165435,-9.015657,18.24474,0.7420031,-10.956264,-1.3213589,-7.0842795,14.1621475,-0.0046997583,0.00018037604,0.074212186,2.7624311,1.7045455,0.24,0.143527,0.24249999,0.12754901,-30.573263,o,Ses01M_script03_1,Ses01M_script03_1_M012
24,35.170395,0.004402516,35.045322,35.20959,35.318283,0.27296066,4.321162,0.0,-6.757137,0.0,0.13826838,0.17470014,0.11555265,0.13406615,0.15761216,0.04205951,0.44924366,0.11587925,0.14572197,0.14711048,0.03697075,0.33495212,28.104958,0.14361678,0.043252893,94.32562,18.748417,0.27738512,-7.671933,-0.6813376,0.02423609,0.5863777,0.8059441,0.3635573,9.797901,0.14388455,12.636901,0.25525486,25.687212,0.119245104,549.1485,0.5019725,1643.4391,0.08887344,-190.60564,-0.20253697,1595.2288,0.14172268,1247.976,0.1039416,-186.19258,-0.24170159,2672.4905,0.098690435,1040.7935,0.12542811,-186.21307,-0.24130663,-21.630943,-0.16326253,30.297533,0.1646757,-0.0028703685,-2.1158402,-0.0021930188,-1.6070377,0.04955517,0.09425346,33.437225,0.051321305,7.656777,0.6294173,29.50335,0.08650695,-5.5659127,-0.5471304,-13.424268,23.27519,-0.004797076,0.003303647,0.03626316,2.34375,0.8130081,0.099999994,0.0,0.55,0.19,-43.990105,b,Ses01M_script03_1,Ses01M_script03_1_F011
25,28.54817,0.11573783,25.535988,28.236212,31.01527,5.4792824,324.112,280.22513,6.8955,10.363936,0.47287616,0.7565615,0.13825868,0.35069358,0.79904103,0.66078234,5.5630574,2.6278439,4.9252176,3.5921285,0.1701855,0.8925391,31.788187,0.308979,-2.3043544,-5.963299,16.722282,0.665826,-7.499718,-1.5437936,0.021278648,2.2988484,1.1534038,0.62271315,6.1453376,0.47840688,2.1907914,3.425187,22.597427,0.40442416,600.4626,0.4244176,1284.8004,0.13898659,-89.518906,-1.0494099,1644.8544,0.18346205,981.6293,0.20065594,-92.53841,-0.95832515,2683.1602,0.10918504,919.2821,0.33558232,-96.55513,-0.88254285,-12.748236,-0.44252944,23.380247,0.24092156,0.030480566,0.68785644,-0.009578938,-1.6090716,0.23415808,0.64664364,36.20374,0.25130787,-6.277625,-2.3211248,16.0438,0.81339914,-9.688583,-1.4124674,-13.325039,22.889914,-0.0039475844,-0.0010488472,0.085680924,3.1914895,2.3255816,0.24,0.24501176,0.16846153,0.18842857,-25.47666,q,Ses01M_script03_1,Ses01M_script03_1_M013
26,33.03741,0.05472608,31.851418,32.04351,35.052338,3.20092,75.89626,47.03329,20.27063,13.1256485,0.19264056,0.5466349,0.10858689,0.1452435,0.2747846,0.1661977,1.3770056,0.88386536,1.126324,0.8329877,0.05858742,0.8120967,29.706417,0.16385646,-4.0658517,-1.2170314,17.190262,0.5506729,-10.812228,-0.63415354,0.017606089,0.8217481,1.2527683,0.5567957,6.000929,0.30798954,5.986157,1.4181988,21.594816,0.30850354,576.6999,0.24384686,1439.7592,0.098379694,-168.8772,-0.40498137,1650.1528,0.084883474,977.1212,0.29191893,-168.84557,-0.3853712,2687.713,0.056882627,944.90173,0.26124984,-169.4016,-0.3783251,-14.235104,-0.25712243,22.215849,0.28300682,0.023939336,0.8640205,-0.019686075,-0.40425602,0.107778855,0.47190464,34.477383,0.19755833,-4.135051,-1.906874,20.980066,0.5421013,-11.531404,-0.6751937,-12.130834,20.523611,0.004233887,-0.0065416675,0.048982393,2.1212122,1.8461539,0.086666666,0.076955974,0.37142855,0.3812921,-39.339626,ans,Ses01M_script03_1,Ses01M_script03_1_F012
27,26.858067,0.22658557,22.393608,23.858524,29.275263,6.8816547,128.41591,96.71123,164.45367,2.5024412,0.19380745,0.6575781,0.10620038,0.1262026,0.26661262,0.16041224,1.3772207,0.3992174,0.7003493,1.1693816,0.0570484,0.8820763,31.354092,0.26193026,-1.2425137,-6.136617,12.278015,0.6018196,-7.6970277,-0.8818112,0.0378641,1.4500276,1.2294269,0.607401,3.905659,0.51318514,5.935117,1.479969,24.387411,0.26768592,402.6612,0.24998416,1461.0302,0.09352306,-166.55757,-0.42687976,1381.859,0.141344,1102.6005,0.1574941,-163.54022,-0.43132344,2410.8687,0.07057001,926.6904,0.23653693,-165.60611,-0.40157834,-13.04474,-0.31973806,24.549644,0.2171517,0.019026272,0.49504256,-0.01353883,-0.56290823,0.11680442,0.5678196,41.47381,0.17862172,-5.737409,-1.7253615,5.687882,2.0060265,-5.4984393,-1.9541156,-13.351833,23.516262,-0.0029701677,-0.0021667194,0.041445274,2.173913,2.2222223,0.08,0.095078915,0.346,0.31232035,-38.423725,c,Ses01M_script03_1,Ses01M_script03_1_M014
28,41.03638,0.16462716,35.120987,39.69825,49.567127,14.44614,96.663864,129.52103,109.03815,123.08071,0.32871157,0.7324082,0.12660307,0.25199142,0.48088565,0.3542826,2.7870197,1.7686279,2.2401056,1.4933541,0.13863544,1.0765799,29.674007,0.28348696,-7.7194257,-1.3442898,8.532657,1.5923244,-17.411848,-0.84279054,0.01998701,0.9537893,1.3066386,0.46482953,8.928334,0.399875,10.536388,1.1257917,27.412174,0.3691584,749.084,0.33548132,1380.352,0.18658914,-146.2395,-0.57351804,1743.8904,0.1498738,1178.7494,0.30549556,-141.59966,-0.5655179,2806.1877,0.10059277,1013.5,0.43595865,-143.96846,-0.5332674,-13.848443,-0.3797189,26.113081,0.30555117,0.040760268,0.46082202,-0.017502986,-0.6241003,0.24285892,0.60734797,31.98456,0.26352713,-11.643502,-1.1271741,3.844069,4.596901,-25.278503,-0.6152666,-10.7885475,21.656605,0.010881054,-0.004767131,0.089658596,2.6392963,2.3809524,0.13,0.05894913,0.23888889,0.23769468,-30.036549,o,Ses01M_script03_1,Ses01M_script03_1_F013
29,28.31767,0.073810294,26.520323,28.162758,30.322283,3.80196,79.3682,106.3572,25.800262,14.571537,0.27842206,0.61975974,0.13653088,0.21673359,0.4289779,0.29244703,2.814467,1.5842503,2.7685735,2.3128743,0.09492817,0.83314836,29.048246,0.34723684,-0.2191236,-45.70381,15.543196,0.6448125,-5.6249213,-2.0129642,0.027615063,0.8741786,1.2163199,0.6084896,5.192829,0.44680858,2.1348624,2.6291761,26.896288,0.25747555,553.14435,0.4376736,1321.6697,0.12231694,-127.165184,-0.72234327,1605.7821,0.16895387,1001.8361,0.2009682,-130.36316,-0.6548195,2666.3923,0.11061908,1023.75653,0.23983349,-132.81543,-0.6209444,-15.908156,-0.3514802,26.146418,0.26627672,0.025233764,0.93613183,-0.0075486093,-1.9902282,0.16037406,0.46921036,35.515923,0.23301889,0.16129015,67.516136,21.991936,0.50578725,-3.4191506,-4.693695,-10.800079,21.911182,-0.0037623611,0.002517041,0.054977782,3.4300792,1.8716577,0.19857143,0.15065841,0.275,0.31682014,-32.93154,q,Ses01M_script03_1,Ses01M_script03_1_M015
30,31.898556,0.054446924,30.81989,31.252157,33.051723,2.2318344,43.871292,18.400341,6.784204,3.0644727,0.25024918,0.50829744,0.16315868,0.19929487,0.33530116,0.17214248,1.6138293,1.0510495,1.2777903,0.44773018,0.0697888,0.6732442,28.233107,0.29124585,-1.736257,-4.500692,10.341231,1.1231631,-10.793892,-0.8629163,0.02006342,1.1727487,1.0880576,0.54142725,6.2368855,0.3551863,-0.20292003,-41.237278,27.034616,0.30201513,581.18536,0.27519837,1345.4454,0.08932263,-140.99269,-0.62589395,1632.9983,0.12768413,1143.0012,0.26786587,-146.53722,-0.54024756,2680.9834,0.0897392,925.0998,0.3083917,-148.19063,-0.51784045,-18.591133,-0.22377235,27.102102,0.20096448,0.019118395,0.9440937,-0.020893293,-0.5936886,0.106551126,0.61625403,36.637,0.14629067,2.5571537,3.61673,17.53467,0.5178659,-16.769493,-0.7830573,-8.83105,21.192625,0.0002457053,0.0027153753,0.05488219,3.1578948,1.4285715,0.2075,0.07189402,0.4725,0.41577488,-36.869026,ans,Ses01M_script03_1,Ses01M_script03_1_F014
31,34.265774,0.17835088,30.36786,31.449764,41.24645,10.878588,97.91351,145.87616,108.85109,116.66614,0.5252291,0.54581743,0.28492916,0.47252434,0.73855627,0.4536271,4.830982,2.3855119,4.1241493,3.0868669,0.22109063,0.9767931,30.999191,0.28741482,-5.279542,-1.5767335,7.740977,2.3679984,-16.754147,-0.9900527,0.026572391,1.9781859,1.0653993,0.6190216,7.512035,0.5209697,9.000114,1.6342498,24.17583,0.39714295,730.9492,0.31876197,1288.4586,0.17129707,-74.456696,-1.2403554,1789.1527,0.16246507,988.2399,0.23819438,-72.753914,-1.1381663,2820.0774,0.086793676,897.54407,0.3335956,-76.91572,-1.0430162,-15.227013,-0.31968084,25.855984,0.22707886,0.036228284,0.67355347,-0.021627054,-1.02979,0.2767268,0.82282776,34.153004,0.19539937,-4.7268753,-1.7701772,8.188079,2.5118804,-19.669325,-0.9434875,-7.86634,19.885809,0.013703532,0.0023605681,0.102952614,3.3112583,1.6694491,0.406,0.34047616,0.171,0.23222618,-24.377296,q,Ses01M_script03_1,Ses01M_script03_1_M016
32,41.081398,0.13430727,34.62647,41.78215,46.773968,12.147499,254.42567,165.25496,21.196892,0.0,0.42343372,0.679798,0.19453567,0.34143367,0.6026396,0.40810394,4.824599,3.228497,3.2229776,2.3909948,0.14679812,0.9552591,23.639786,0.46389642,-7.577713,-1.7410295,8.415086,1.7158532,-14.7387,-0.7912763,0.016455224,1.0986366,1.1151583,0.5375992,8.212837,0.51055086,14.558386,0.8510915,24.216568,0.40599668,694.83435,0.39224577,1323.4048,0.14122425,-121.2282,-0.76912063,1658.1313,0.13989393,1067.7706,0.18818715,-108.8872,-0.82914937,2733.838,0.09652421,868.52026,0.29710007,-113.5214,-0.7538317,-11.588187,-0.4844397,22.731424,0.3497545,0.03840727,0.72177565,-0.009332366,-1.1296458,0.2031597,0.81005746,26.993422,0.27516553,-11.269458,-1.317495,0.6243369,25.07613,-19.916378,-0.6548657,-8.6614485,16.23689,0.014336675,-0.0031710654,0.095458746,2.393617,2.1563344,0.21875,0.1759572,0.19888888,0.20365791,-30.45239,c,Ses01M_script03_1,Ses01M_script03_1_F015
33,28.447462,0.17531724,24.705315,27.08643,33.60943,8.904114,110.35176,105.89459,32.193645,11.772554,0.44175532,0.4275157,0.27396768,0.44661006,0.58982414,0.31585646,5.0461826,2.6892767,2.4870734,1.1957579,0.15084836,0.6808426,23.106518,0.6299901,0.9756464,11.934289,15.824411,0.83533645,-9.308079,-1.1938928,0.017336976,0.8380578,1.1714826,0.6547192,5.1393204,0.44724533,1.9172878,4.0309587,23.579975,0.29266325,587.58185,0.42202517,1341.3976,0.18075657,-103.9805,-0.9170132,1589.4476,0.16192243,1063.4897,0.285458,-105.0442,-0.85436136,2615.8674,0.09378339,952.10046,0.3395041,-108.70394,-0.79179263,-11.519516,-0.4022653,23.139414,0.26115525,0.031215737,0.4729122,-0.0062867645,-1.885755,0.18122318,0.5771349,32.045483,0.3105094,-3.8151898,-2.8108325,16.659395,1.0309225,-9.219157,-1.4278876,-7.170583,14.484379,0.011968826,0.0034406977,0.12138936,4.359673,2.7624311,0.175,0.14361405,0.15090908,0.104573116,-30.69963,o,Ses01M_script03_1,Ses01M_script03_1_M017
34,30.218565,0.19717795,22.812033,31.562538,35.3335,12.521467,90.31548,33.608295,23.696646,14.073944,0.37490207,0.41171864,0.23679364,0.34733042,0.53944904,0.3026554,4.4246507,1.9175165,2.5494065,1.0087823,0.13011844,0.5646069,26.046011,0.33924928,-0.9290034,-10.05294,16.605839,0.6978523,-14.328463,-0.79614794,0.025485199,0.9946646,1.2780427,0.46557358,4.5567284,0.578416,4.0808525,1.6259768,24.28197,0.33507258,646.89935,0.41870514,1383.1716,0.16619477,-116.612335,-0.8093931,1694.5671,0.17486309,1129.5359,0.3432934,-117.32794,-0.7576657,2711.2188,0.113874465,1006.9198,0.2922424,-120.55255,-0.70600045,-12.675396,-0.39012545,24.621115,0.27933112,0.026382314,0.89306086,-0.01500115,-1.0335996,0.15921201,0.4851445,31.572779,0.265564,-3.1571755,-3.084133,12.751238,1.053701,-18.498728,-0.69895333,-11.033455,19.476652,-0.0002263846,-0.002347883,0.10240029,4.522613,3.1088083,0.13499999,0.10981044,0.202,0.16797619,-32.717953,q,Ses01M_script03_1,Ses01M_script03_1_F016
35,26.557688,0.081056595,24.9246,26.149084,28.354464,3.429863,91.61719,96.49187,33.902878,37.7623,0.37186787,0.6450835,0.13948324,0.32238278,0.55348736,0.41400412,4.213391,1.8758417,3.2795606,2.4633698,0.12432256,0.76434106,25.924608,0.49132285,0.94106686,12.645085,18.858494,0.6015184,-12.948415,-0.9103037,0.017288422,1.2324423,1.1945379,0.660935,4.9033017,0.40001342,1.4848957,3.9255269,23.302628,0.3287839,692.0842,0.37822115,1262.2723,0.15395975,-123.73921,-0.74540144,1752.7457,0.18411225,1003.65704,0.26220104,-125.87672,-0.69286853,2777.5872,0.115711376,863.92004,0.34145457,-127.87454,-0.6634841,-13.123249,-0.4206483,22.900303,0.281591,0.029829174,0.6631628,-0.013287956,-1.5080584,0.19158757,0.46878147,35.063503,0.21359529,-5.3405833,-2.1872737,19.98455,0.7193475,-16.715927,-0.91880524,-10.000739,17.843672,-0.0005522601,0.0012798574,0.08045447,3.8043478,2.559415,0.14785714,0.18334894,0.22142856,0.18939212,-30.978146,ans,Ses01M_script03_1,Ses01M_script03_1_M018
36,28.113256,0.13658203,24.84096,27.211685,30.76959,5.928631,43.06338,15.029177,24.655247,21.902128,0.39239657,0.74196094,0.16041204,0.30855072,0.55748963,0.3970776,5.494921,5.634775,3.331979,2.637371,0.1413025,1.1172527,25.3715,0.51019675,1.0541719,12.459803,19.75452,0.6546128,-5.3341646,-1.5565284,0.025921822,1.1146338,1.1289119,0.6167986,5.257226,0.40046635,6.4724684,1.3443028,25.325638,0.41313925,629.86273,0.43223783,1410.8782,0.27790827,-119.83128,-0.75210214,1683.3861,0.1814868,1061.0372,0.30356404,-119.23734,-0.72319233,2728.72,0.12261103,1076.6334,0.3652888,-121.61853,-0.6886875,-14.823412,-0.46926257,24.794239,0.32275298,0.017076163,1.4250357,-0.0040594386,-2.5616958,0.20448062,0.96141857,32.840183,0.24824695,-0.68150145,-20.863707,22.73762,0.6751975,-3.6805372,-2.6257057,-9.172671,17.128038,0.0032265016,0.00068689743,0.09209673,2.5236595,2.7027028,0.15647058,0.11595847,0.1822222,0.15396808,-29.432737,o,Ses01M_script03_1,Ses01M_script03_1_M019
37,32.569447,0.1062913,28.912962,32.854084,35.86961,6.956648,40.814766,19.756851,26.543518,16.845518,0.24865805,0.48569676,0.14113265,0.22292414,0.3323533,0.19122064,2.3160188,1.6682407,1.3827735,0.74916893,0.08643896,0.6520893,30.220436,0.27839792,-1.4494637,-6.4117966,15.452711,0.66148436,-9.952504,-0.9216859,0.03244041,0.60891175,1.5510365,0.69971365,5.7114077,0.38614726,3.7431655,1.9906437,24.657566,0.19129045,659.00256,0.34059072,1462.0852,0.15878773,-147.24936,-0.54805595,1681.9211,0.1465934,1136.0438,0.19257231,-146.76143,-0.5249471,2772.7954,0.105294906,963.9273,0.25233784,-149.0924,-0.49382108,-18.050585,-0.23678426,29.12753,0.15028144,0.011756157,1.8871003,-0.011292807,-1.2981619,0.12192156,0.57414556,34.165794,0.15964873,1.3478999,8.869608,17.909502,0.7152089,-8.616633,-1.2041378,-12.74862,21.876345,0.006382182,-0.0076066554,0.07194235,2.5510206,2.5839794,0.109,0.059908263,0.23363635,0.3070467,-36.76187,o,Ses01M_script03_1,Ses01M_script03_1_F017
38,42.21457,0.1088161,41.75425,44.162827,45.535877,3.7816277,59.084976,25.609781,-0.540658,22.275576,0.26358902,0.5927427,0.12566856,0.2040931,0.39518857,0.26952,1.4374391,0.7197753,1.0769053,0.6300705,0.10926154,1.1781112,28.087938,0.3355575,-1.0150732,-8.988512,8.170938,1.5530812,-19.376188,-0.59306186,0.036804933,0.78253454,1.481851,0.5145155,7.4110446,0.26979432,20.615826,0.4108329,28.241678,0.22027436,588.4474,0.29242513,1382.5131,0.15667835,-152.32407,-0.55052644,1605.3679,0.14904264,1164.0024,0.27666244,-133.41718,-0.6295426,2687.3752,0.09472182,869.1849,0.2111903,-134.69174,-0.61334693,-15.448659,-0.21544059,24.928583,0.2363487,0.026692184,0.652128,-0.020529917,-0.2995511,0.19109607,0.8170572,32.587418,0.10224802,-8.291415,-1.0739825,3.8015811,4.6045175,-29.111094,-0.36530703,-13.207633,22.703203,0.0051629045,-0.0053949123,0.06907987,1.7699115,1.8518519,0.195,0.125,0.325,0.145,-34.101185,ag,Ses01M_script03_1,Ses01M_script03_1_M020
39,35.15088,0.1378757,31.43704,35.9781,39.703407,8.266367,116.14497,103.48882,56.722687,79.5439,0.46392965,0.6519911,0.18065847,0.3776296,0.74782217,0.5671637,3.3810437,1.4965057,3.5491967,2.5104334,0.17172457,0.93390584,23.674658,0.37248048,-5.572809,-1.9756815,9.268568,1.5061606,-15.795015,-0.95003366,0.019342441,1.3211784,1.3029975,0.51201004,6.1757255,0.48116967,5.6517735,1.9050157,21.543158,0.46761817,670.6397,0.31656983,1397.3813,0.17985415,-117.36042,-0.8057994,1639.8251,0.12910435,1087.6409,0.20261092,-110.50827,-0.8275344,2780.6218,0.085557416,887.7991,0.3205919,-114.526886,-0.76253325,-10.540426,-0.57086045,22.630608,0.2901511,0.025183585,0.95740354,-0.010096322,-1.2259678,0.26585296,0.60739964,27.223232,0.25445345,-7.849074,-1.6252501,4.8932676,3.4552257,-20.27872,-0.88248247,-8.930207,17.556831,0.0031222277,-0.002709104,0.087113954,1.7770598,1.791531,0.2581818,0.18968002,0.27818182,0.28997862,-28.030107,q,Ses01M_script03_1,Ses01M_script03_1_F018
40,27.196846,0.18981165,24.457203,25.714552,32.01866,7.5614586,66.54256,20.34996,221.73009,189.67421,0.37239972,0.7043321,0.12486306,0.30574983,0.626436,0.50157297,4.0958138,2.7591095,2.8497498,2.531563,0.13507326,0.9416782,27.953165,0.37238696,-7.6951146,-1.5217736,18.533773,0.6390831,-9.796446,-0.9106292,0.020965433,1.4960142,1.6484652,0.85383934,3.6706083,0.7004199,2.1666524,12.425083,14.507115,1.7784368,702.75183,0.37809667,1291.3763,0.18405749,-141.38441,-0.5939829,1705.1842,0.18175976,1019.88306,0.29879707,-137.61702,-0.60423815,2716.6213,0.11011363,905.6859,0.29775682,-139.56923,-0.57607925,-9.545303,-0.49921206,19.572159,0.264327,0.025791673,0.77610505,-0.005814977,-1.8195043,0.22564378,0.5394741,34.048,0.293668,-15.660712,-0.83094805,20.080935,0.8046353,-9.74999,-1.1447529,-10.816107,19.830982,0.0031598941,0.00022446981,0.09434275,2.9411764,4.1198506,0.07,0.055267937,0.15090908,0.17143537,-31.056662,o,Ses01M_script03_1,Ses01M_script03_1_M021
41,27.43147,0.13575223,22.830385,28.504671,30.565811,7.735426,841.7665,262.93936,-9.715603,23.108166,0.24695018,0.6807026,0.115818515,0.17338534,0.38671166,0.27089316,1.6855981,1.0554523,0.6808056,0.5510524,0.075532846,0.8047899,29.522238,0.3013229,2.0184844,3.4580522,14.119249,0.45788494,-5.6657867,-1.1875683,0.03094396,0.87362146,1.1754872,0.51407695,5.5053153,0.49392465,10.309354,1.3230575,24.924057,0.35492438,591.18774,0.39514932,1349.4099,0.12936486,-131.19014,-0.66244453,1569.6531,0.21976706,1068.0872,0.12276699,-131.17073,-0.64602584,2695.306,0.13675366,904.8819,0.298223,-134.80367,-0.5945509,-15.753432,-0.34570768,26.995607,0.24585274,-0.002803823,-5.74946,-0.006462638,-1.0517852,0.12961915,0.4710368,35.495754,0.21447925,4.7228804,1.7234242,13.421337,0.5868621,-3.0328448,-2.5083978,-12.468506,21.662882,-0.0074162744,0.0021857917,0.04268136,1.9379846,1.5810276,0.2375,0.14972891,0.29799998,0.20836505,-33.470882,ans,Ses01M_script03_1,Ses01M_script03_1_M022
42,31.60386,0.2583056,27.264122,31.096485,37.026203,9.762081,108.62323,16.96027,84.32341,12.498631,0.22991644,0.7076206,0.114258274,0.16722131,0.3000458,0.18578751,1.7271261,0.6518177,1.368066,1.0455508,0.0777073,1.0313048,30.12741,0.21074194,-2.0576487,-5.1225815,16.378849,0.5552688,-10.130129,-0.81607145,0.030676987,1.261732,1.3112328,0.5569421,6.0751343,0.43894443,6.8894157,2.502704,25.30987,0.23861837,688.66907,0.34162065,1375.0981,0.12670484,-162.83298,-0.44761178,1738.7324,0.13995558,1174.3934,0.18515132,-162.19731,-0.43182692,2764.8176,0.10830489,1047.3052,0.3168032,-163.36087,-0.4157712,-17.342287,-0.32424393,27.706144,0.21308902,0.004441974,5.9472136,-0.007884204,-1.593024,0.15103334,0.7600679,31.827663,0.23594105,2.8458562,5.3543715,17.39784,0.8660668,-9.735147,-1.038392,-12.666385,21.258924,0.004480449,-0.004548968,0.05830604,2.0771513,1.8072289,0.111666664,0.10122855,0.42166668,0.35484344,-34.80649,q,Ses01M_script03_1,Ses01M_script03_1_F019
43,33.061817,0.19635364,26.071415,34.899273,38.883472,12.8120575,72.37742,67.8235,62.85981,42.26802,0.30663806,0.79189885,0.11131555,0.19577758,0.51147074,0.4001552,2.7440846,1.3918873,2.8937838,2.1641448,0.09748508,1.0478697,30.737684,0.330429,-1.1669812,-7.0300617,13.187795,1.1812482,-14.023164,-0.7136994,0.013921013,1.0164201,1.1294384,0.98310274,8.674748,0.47731495,3.634983,3.2757826,26.609768,0.36421967,641.0496,0.41763428,1346.072,0.15339118,-140.14104,-0.6119991,1646.5776,0.2077894,1067.4369,0.24509901,-133.00455,-0.6483152,2765.6638,0.11648668,903.46234,0.2830554,-136.73483,-0.59406,-15.117983,-0.43544874,29.948576,0.30343944,0.03300032,0.71530163,-0.01919663,-0.5851508,0.16616406,0.7026121,38.74718,0.2053804,-2.8205345,-3.6137645,4.817162,4.1361256,-22.529669,-0.44476432,-12.430267,21.036407,0.0007588093,-0.00077936525,0.058526002,2.292769,1.7793595,0.19799998,0.1905151,0.342,0.27984998,-29.49273,ans,Ses01M_script03_1,Ses01M_script03_1_M023
44,37.379913,0.12836112,31.944252,36.97465,42.910538,10.966286,438.52164,535.6738,57.85735,30.23955,0.45281792,0.60464317,0.23472677,0.38240695,0.66444176,0.42971498,4.7704897,3.7102103,2.8369405,2.7122607,0.16043174,1.222944,21.505133,0.59981334,-7.373134,-1.3626225,6.5825634,1.602343,-18.76018,-0.45241052,0.01618904,1.7099991,1.1133821,0.47620395,6.567685,0.6862968,4.2859173,2.404028,21.07575,0.4268715,622.7328,0.3689694,1337.0021,0.1795679,-134.29114,-0.6622273,1631.8298,0.16281347,1103.9065,0.18134786,-127.266914,-0.69591707,2734.0151,0.10417119,1040.9366,0.3117768,-131.01588,-0.6409194,-11.226275,-0.41318053,23.852795,0.22719648,0.025865884,0.7097277,-0.013842091,-0.63905704,0.2348934,1.1052397,29.271933,0.21503678,-12.202967,-0.7930503,0.93648994,8.521327,-24.329426,-0.3168639,-5.3893147,13.135659,0.00796784,-0.0053964867,0.116336994,2.0895524,2.1212122,0.17428571,0.12992933,0.24125,0.24866833,-29.297949,q,Ses01M_script03_1,Ses01M_script03_1_F020
45,31.70309,0.11543811,27.947243,32.11641,35.677246,7.7300034,75.00164,44.13578,-0.4180247,7.0552425,0.63973194,0.83287853,0.2145969,0.38950753,1.1773549,0.96275806,6.566811,2.4227407,4.8360095,2.7382846,0.19635658,0.8211392,25.539051,0.55954355,-7.444776,-1.6621972,18.278282,0.48637754,-10.937627,-0.9771088,0.0122309355,1.0843676,0.92255086,0.72365826,8.2614155,0.34282628,0.49549487,12.363123,19.996145,0.32563326,636.1942,0.45345604,1223.0435,0.16632417,-116.173256,-0.8103721,1662.0731,0.20541245,974.53973,0.2559792,-112.18708,-0.81486154,2669.9177,0.100989565,812.9789,0.29394978,-115.1312,-0.76712215,-12.149166,-0.42384887,21.446419,0.30962917,0.042456243,0.6931501,-0.017190423,-0.7476287,0.31454685,0.41734675,35.216072,0.20233217,-13.057653,-1.0661434,18.115444,0.5374929,-14.56224,-0.88398755,-7.311601,15.314703,0.008159093,0.0027023633,0.095273405,2.2988505,1.7492713,0.26,0.22781572,0.24857143,0.2541332,-23.259579,ans,Ses01M_script03_1,Ses01M_script03_1_M024
46,42.718105,0.09176202,39.85702,43.671864,45.451183,5.594162,39.11823,10.853016,76.542,67.48383,0.2820866,0.7790564,0.110612944,0.1905959,0.4672071,0.35659415,3.8173654,2.935604,2.445339,2.00403,0.101500675,1.1865628,24.316984,0.30198047,-8.5952425,-1.3539584,7.1925964,1.7581036,-9.867145,-0.89530325,0.030396083,0.6430433,1.7447491,0.34541893,7.0316377,0.3621212,12.098281,0.5695096,25.33533,0.21554308,732.15137,0.22241847,1359.544,0.12318589,-176.28726,-0.35193244,1701.2716,0.049260933,988.07404,0.24389638,-173.52538,-0.3608048,2762.8147,0.052801188,801.7131,0.28057355,-175.33391,-0.33428925,-10.967343,-0.35872933,24.890144,0.2521786,0.046277177,0.40928102,-0.011146039,-1.4555886,0.25684687,0.48185605,30.261559,0.15072425,-14.477995,-0.9179453,-2.3378978,-6.5768895,-18.937273,-0.5929048,-8.303696,18.975048,0.004774313,0.0028692754,0.0762299,1.948052,1.320132,0.1025,0.10401322,0.506,0.6180161,-34.045273,s,Ses01M_script03_1,Ses01M_script03_1_F021
47,36.62561,0.08900665,33.087063,38.068176,39.51502,6.4279556,37.583836,27.075397,17.869715,8.930754,0.2580425,0.57157916,0.11636892,0.22407252,0.377409,0.2610401,2.1851056,0.93067926,1.260779,0.7539119,0.0791602,0.7884065,26.006496,0.38159406,-0.53004766,-17.125704,2.9478452,3.7961876,-11.66369,-0.8127999,0.013515591,0.56785697,1.1902355,0.38302,6.9744344,0.4386353,10.741683,0.8919598,31.558718,0.23290074,672.5298,0.3214894,1429.5638,0.19800988,-143.64716,-0.6034592,1632.2211,0.1327703,1099.7847,0.18350479,-131.87314,-0.66345876,2823.511,0.08935417,874.12134,0.25648454,-137.5477,-0.58317477,-11.321036,-0.3717077,29.628088,0.17106846,0.025860991,0.6549722,-0.011823542,-0.73495495,0.13326126,0.42535356,32.80339,0.21173026,-2.3822854,-4.70709,-6.77233,-1.2144506,-17.389421,-0.6388758,-10.188334,21.357273,0.0014145448,0.00084503606,0.049289513,2.8225806,1.6460906,0.21499999,0.11715375,0.296,0.28667754,-35.557896,q,Ses01M_script03_1,Ses01M_script03_1_F022
48,29.032927,0.07516671,26.971416,29.400263,31.288761,4.3173447,0.19517517,16.716322,17.418682,11.769878,0.28019798,0.82200307,0.10882005,0.2013162,0.4052737,0.29645365,3.3078141,1.7249345,2.1664124,1.480383,0.10197621,1.3310608,22.183908,0.58882284,4.573125,2.6419475,10.742452,0.9507378,-9.267396,-1.049202,0.018111188,0.57421297,1.3633145,0.6450228,6.0717225,0.34829047,3.9483504,2.0747206,25.7868,0.30364132,667.44855,0.38068917,1331.4288,0.13474087,-164.4231,-0.44971135,1703.2478,0.17526184,1044.0886,0.28446516,-165.72972,-0.42083552,2765.202,0.100024,827.0657,0.2965292,-166.83147,-0.40468454,-16.33105,-0.29700795,26.002132,0.21149175,0.023826791,0.9572031,-0.019293422,-1.1066308,0.2657937,0.75810355,31.282587,0.32507744,6.282637,2.5460732,13.749418,0.9754922,-12.729458,-1.46794,-9.954379,18.199127,-0.0031695187,-0.0013062435,0.06272403,2.017291,0.87976545,0.21333334,0.18926759,0.675,0.678583,-30.637613,ans,Ses01M_script03_1,Ses01M_script03_1_M025
49,45.130985,0.17641895,37.38944,43.641968,55.72457,18.335133,75.27356,6.0562477,40.330048,29.392479,0.4237057,0.5833262,0.16981159,0.38868517,0.6384468,0.4686352,4.8109927,1.9319735,1.6418366,1.2553312,0.18450606,1.0308787,23.797915,0.40267515,-10.434387,-1.0370404,6.424385,1.7188576,-12.533451,-0.72620654,0.02192813,0.7004368,1.327342,0.34075746,9.107684,0.38514808,12.851635,0.8574178,18.316288,0.5580149,774.33826,0.34410173,1348.1923,0.16776693,-163.80966,-0.43765187,1718.3112,0.12661831,1081.4452,0.2531022,-134.38416,-0.62240285,2754.1157,0.10506776,969.413,0.29864797,-137.82965,-0.5758729,-11.391366,-0.35216382,21.71413,0.3261384,0.038647868,0.7299914,-0.009747956,-1.2491822,0.30685735,0.75298893,26.415098,0.22761388,-17.333172,-0.5222323,4.544296,2.9216661,-16.356285,-0.5482921,-7.9576197,17.687674,0.0080405,-0.0020321729,0.11979783,3.0201342,2.7303755,0.122499995,0.06923691,0.19777778,0.22003926,-28.635399,q,Ses01M_script03_1,Ses01M_script03_1_F023
50,29.13219,0.19251361,23.762302,28.675451,33.824383,10.06208,49.575424,46.80187,33.62426,10.222897,0.40192762,0.83936805,0.12060037,0.25795996,0.64995825,0.5293579,6.5174775,4.3203526,5.3498755,3.5760272,0.1707025,1.1680504,30.926188,0.37636745,0.88646173,12.83047,12.999631,0.9046368,-9.132951,-1.069513,0.024612784,2.1962817,1.114776,0.6378933,6.0414653,0.44992068,3.8761008,2.7977345,27.853918,0.2824685,603.45844,0.37515947,1362.6007,0.1372034,-109.13877,-0.8621719,1625.3257,0.17984882,1062.7935,0.18321665,-109.613884,-0.8088215,2730.278,0.107334994,944.9594,0.30624393,-114.48899,-0.731807,-15.406766,-0.38196972,28.038742,0.21654558,0.02249052,1.0426393,-0.0145790335,-0.9234727,0.267238,0.8085516,37.830757,0.18878803,-0.86111075,-13.90554,11.674227,1.2382839,-10.660903,-1.0281446,-11.428697,21.120045,-0.0028497735,0.0007149711,0.07622256,2.7603514,1.8939395,0.25399998,0.22360082,0.25266665,0.28928572,-26.443924,ans,Ses01M_script03_1,Ses01M_script03_1_M026
51,26.640234,0.1590978,23.665949,24.001766,32.946518,9.280569,80.31713,48.705715,16.224533,23.319416,0.20034592,0.6372177,0.11229481,0.15063225,0.25254157,0.14024676,1.7881094,1.4289991,0.56383485,0.8080026,0.05356986,0.7218738,27.868088,0.31622016,1.1650312,5.6417146,9.392896,0.9229205,-7.8577228,-0.893027,0.029588604,1.1817405,0.9307529,0.46896362,4.141116,0.3628675,4.7422605,1.4911717,21.704365,0.2115078,511.644,0.32615864,1220.5714,0.09959024,-171.71999,-0.38731286,1462.2147,0.16438036,1024.671,0.16650127,-172.21632,-0.380109,2537.7473,0.09005881,819.6482,0.17213449,-174.05443,-0.35167098,-10.988527,-0.24900211,23.692049,0.14746465,0.0076245484,1.601635,-0.013213645,-0.39321923,0.1105831,0.38267708,34.616158,0.1746856,-4.060247,-1.6831731,0.813512,8.269293,-8.809994,-0.49493498,-12.810485,23.909346,-0.003973207,-0.0010356281,0.039761037,2.621723,1.1494254,0.12333333,0.09104334,0.7266666,0.55553776,-38.522514,o,Ses01M_script03_1,Ses01M_script03_1_F024
52,25.1308,0.08540087,23.539213,23.9158,27.416641,3.877428,26.360579,13.081033,22.032175,10.304465,0.27266386,0.6142242,0.12237278,0.22128893,0.43250766,0.3101349,2.69727,1.9929602,2.0468009,1.1142915,0.07627544,0.76615,32.217373,0.3432426,0.29299164,25.789785,9.885464,1.0617787,-9.4848585,-0.8039147,0.022903806,1.634467,1.0520021,0.780509,4.8978176,0.29696068,5.6741266,1.1694397,29.371923,0.22165695,527.9095,0.37203047,1407.3374,0.1321676,-106.41322,-0.90198416,1489.2627,0.17918102,1128.3605,0.18693605,-110.26808,-0.83320946,2637.0264,0.09750677,928.91925,0.26040787,-117.223564,-0.72311246,-14.054324,-0.31822157,29.499336,0.1796292,0.016858747,0.9504724,-0.015694804,-0.7980785,0.119782954,0.4688587,41.28238,0.13652451,-0.37752262,-24.47843,5.6798024,1.9404398,-10.590348,-0.78377557,-11.923779,22.19257,-0.007159889,0.0012131413,0.03634047,2.52809,0.85470086,0.56,0.49605104,0.44,0.30099833,-34.08906,o,Ses01M_script03_1,Ses01M_script03_1_M027
53,34.445805,0.03528393,32.9813,35.156174,35.48704,2.5057411,24.37401,0.0,11.473703,11.869531,0.15810254,0.30757996,0.11203069,0.1424207,0.20685543,0.09482474,0.27232206,0.12028028,0.44058904,0.14100052,0.049456693,0.64245784,25.94524,0.21488802,3.869127,1.3998623,16.595537,0.3085835,-5.3387175,-1.2605978,0.02921348,0.43137628,1.3664007,0.45458618,8.549391,0.23076534,5.2714376,0.7961865,21.324825,0.16331734,800.71326,0.34527162,1409.4933,0.097733445,-175.06912,-0.3287122,1841.441,0.13504593,1135.89,0.19965886,-168.78879,-0.36480626,2915.8562,0.08921213,1161.0079,0.28433895,-170.06122,-0.34765875,-21.201897,-0.1421547,34.181393,0.10799114,-0.012318309,-0.9319951,0.00048355063,9.852386,0.087558195,0.2863727,28.353632,0.092989184,10.771061,0.2550563,22.587448,0.12610874,3.8256962,1.157937,-13.5854845,24.677456,-0.007488206,0.0029188455,0.041367184,1.4814814,2.3076923,0.07333333,0.036817867,0.3333333,0.22691162,-39.256416,b,Ses01M_script03_1,Ses01M_script03_1_F025
54,27.162859,0.11941519,23.997065,27.230484,29.887606,5.890541,152.67352,177.85841,181.53656,486.12555,0.3822329,0.7117088,0.15217677,0.3024137,0.5632698,0.41109303,5.2186813,3.4545298,4.296354,3.0447638,0.13658012,1.0128427,25.937614,0.50761735,0.57664794,19.268482,17.075323,0.745661,-6.8957763,-1.548144,0.018772315,1.0536946,1.1154448,0.63259727,5.325209,0.48265836,3.473239,2.5083494,24.153923,0.29707444,607.6494,0.41208687,1347.305,0.14812844,-125.83804,-0.7213489,1633.1229,0.17848673,1060.6677,0.24377693,-126.03843,-0.683791,2675.4536,0.10943465,953.3898,0.26507565,-128.46425,-0.64847684,-13.7242155,-0.3767937,24.20018,0.2907715,0.022694692,1.0774221,-0.0116946325,-1.3716375,0.2171693,0.7607645,34.34025,0.25762388,-1.4566795,-8.303663,17.746918,0.9557367,-7.912109,-1.739188,-9.6768,18.583447,-0.0021414494,0.0019628992,0.08157031,3.1490552,2.6685393,0.14289473,0.10898835,0.2225,0.2619836,-28.567118,o,Ses01M_script03_1,Ses01M_script03_1_M028
55,30.317665,0.27279562,15.880012,34.06783,35.52593,19.645916,118.79476,77.25594,93.88201,0.0,0.23274656,0.6982495,0.10999622,0.16655028,0.3525629,0.24256667,1.4981822,1.032766,0.9378292,0.68033004,0.066611886,0.74838513,26.276848,0.3931415,-4.9161754,-1.6145666,11.840553,0.52452636,-9.534254,-1.0277395,0.017340865,0.8829305,1.3625675,0.47077155,2.565632,1.07102,-8.651309,-2.2294238,9.533491,1.9711238,552.1307,0.34306547,1328.0298,0.1294067,-178.56708,-0.33182234,1518.3987,0.11917659,1040.3462,0.21005036,-177.22224,-0.3454872,2793.619,0.049022418,773.6234,0.37586626,-178.88881,-0.31744698,-7.8929915,-0.7703347,24.128664,0.21285105,0.0053117233,4.6622624,0.0034397908,1.4630057,0.15918936,0.45828593,33.683315,0.10285278,-18.02387,-0.6245409,1.6127927,6.0025845,-25.116282,-0.59906363,-10.336044,20.027584,-0.0053693,0.0042422377,0.054722507,1.0309279,1.048951,0.10666667,0.10873004,0.6175,0.38557586,-38.61109,b,Ses01M_script03_1,Ses01M_script03_1_F026
56,25.751123,0.1399354,22.79712,24.908112,28.813652,6.016533,215.61563,189.3848,32.49116,32.191746,0.19882855,0.5869794,0.11499345,0.13701874,0.28334537,0.16835192,1.6271046,0.97820324,2.3424933,2.1445098,0.063884854,0.75685847,27.747183,0.34192818,1.3898418,5.504352,18.294579,0.55823666,-4.1752806,-2.066864,0.018220173,0.636585,0.88276976,0.5855032,5.884349,0.33317325,12.851862,0.63005006,26.500154,0.35163164,628.0475,0.4354208,1374.4131,0.1316563,-156.54897,-0.4869336,1638.5934,0.19109671,1067.1182,0.2662312,-157.94438,-0.4618737,2663.1226,0.13184984,988.34393,0.18450129,-158.92555,-0.44776243,-18.031605,-0.24368696,26.821161,0.22204682,-0.0026352464,-7.072668,-0.009828163,-1.1381547,0.10744466,0.5030533,37.644047,0.21427955,4.5137863,1.6452904,19.419065,0.82349306,6.0826554,1.016917,-12.8520975,21.554155,-0.009944122,0.00043351937,0.05116701,2.3809524,1.5105741,0.152,0.11530827,0.40666667,0.2459449,-36.37056,c,Ses01M_script03_1,Ses01M_script03_1_M029
57,34.418934,0.17701593,33.668846,35.547848,37.93608,4.267235,108.27194,81.50155,14.577465,10.84475,0.6757387,0.68886167,0.25596422,0.5031122,1.1026433,0.84667903,7.118924,2.7166748,3.331788,1.595178,0.26307574,0.93204486,22.454657,0.39014897,-16.552567,-0.70335317,6.2986035,1.8961174,-20.99421,-0.9636504,0.016411666,1.651314,1.1896237,0.4483421,4.9726276,0.7238469,-0.13796042,-82.946754,11.792188,0.8212663,554.2245,0.3691685,1328.189,0.19222918,-139.07771,-0.64312595,1537.4935,0.16806912,1072.8302,0.20528944,-124.13191,-0.7559816,2623.037,0.11009209,902.21423,0.4021458,-127.50998,-0.7023944,-4.7247453,-1.4021976,17.3227,0.32896215,0.02904954,0.6937134,-0.0054554055,-2.4390554,0.38928184,0.66094744,27.180952,0.33506027,-20.874134,-0.55981255,1.1746457,9.494453,-31.852734,-0.7172714,-4.2651057,11.394703,0.007648035,-0.0018905253,0.18827291,3.3472805,1.9027485,0.19333334,0.29427877,0.3122222,0.2851034,-25.746653,s,Ses01M_script03_1,Ses01M_script03_1_F027
58,26.143518,0.21215564,22.52104,24.029366,26.699606,4.178566,165.4321,124.935684,7.0999207,6.130511,0.48671553,0.81821394,0.22207618,0.36889943,0.6359307,0.41385454,4.33198,2.3750038,2.7704484,1.9779568,0.18448247,1.1351696,32.293095,0.4154366,-6.262261,-2.3456423,6.672917,2.0821612,-9.983445,-1.670453,0.019203957,0.96730876,1.2150191,0.6318322,3.4166434,0.71733797,5.3027315,1.4168453,24.05705,0.44420663,589.7916,0.43019098,1352.9263,0.13550077,-89.70171,-1.05072,1576.1145,0.18754277,1076.2864,0.15491937,-87.09112,-1.0496439,2644.1772,0.12906829,1011.70996,0.39954174,-93.61065,-0.92142826,-9.545174,-0.81941205,22.803778,0.29464778,0.02242891,0.81046057,-0.011750872,-1.4886826,0.24445248,0.91788405,38.787373,0.28345796,-12.297982,-1.1131886,3.4174085,4.626769,-11.018983,-1.6820935,-10.793692,20.16928,-0.005225958,-0.0016975423,0.07721301,3.0470915,2.52809,0.22333333,0.17613126,0.17,0.104880884,-27.50044,o,Ses01M_script03_1,Ses01M_script03_1_M030
59,28.394411,0.11354451,26.269758,28.92817,30.71609,4.446331,107.7594,113.6191,31.063427,15.076691,0.33621618,0.7981522,0.110083394,0.23183489,0.5754024,0.46531898,5.72374,3.4360738,4.8294415,3.0001512,0.12742805,1.0150583,32.716908,0.2735196,-1.7248353,-5.2659864,17.791464,0.8303353,-7.232751,-1.4526356,0.01990818,1.6434629,1.1240267,0.62377244,5.850336,0.42207137,1.7785735,5.8194814,24.35806,0.44823352,609.7253,0.40152076,1345.4897,0.1576885,-117.576775,-0.7899099,1673.1791,0.16420527,1057.2134,0.2619576,-118.3071,-0.7405848,2695.2222,0.11131676,1081.7513,0.3869957,-120.92674,-0.70072156,-15.139862,-0.4011179,26.040709,0.2848379,0.024124175,1.0736867,-0.013401807,-0.9372365,0.19451164,0.6665991,37.912243,0.18540357,-3.4317267,-3.3558373,19.73305,0.9260458,-4.932481,-2.5245826,-12.683991,22.667732,0.0019332827,-0.0016305158,0.07350511,2.8089888,2.1468928,0.20105262,0.19493303,0.25666666,0.32400274,-29.699135,o,Ses01M_script03_1,Ses01M_script03_1_M031
60,34.037598,0.06167863,32.24554,32.97397,35.77384,3.5283012,59.139023,48.274128,16.371065,9.302437,0.25173,0.83767146,0.13360523,0.17254353,0.27577963,0.14217441,2.8631976,1.2000715,0.79463047,0.66430503,0.0815031,1.2246526,24.815481,0.37603498,-2.261568,-4.448189,14.405494,0.80377525,-15.119634,-0.8864079,0.019543778,0.5638288,1.6202646,0.33799618,3.874612,0.69326895,-2.3697944,-5.74137,18.669031,0.42356297,509.53235,0.2904486,1376.9055,0.09959177,-162.89818,-0.45953837,1514.5176,0.099613585,1080.3994,0.2916953,-159.50652,-0.47653323,2696.7595,0.049230345,718.7988,0.31352344,-161.7688,-0.4431154,-9.78222,-0.6266294,21.288532,0.21794918,0.023604449,0.63544947,-0.0091988435,-1.4076601,0.21471195,0.6958914,29.773033,0.18182632,-11.730813,-1.1638633,7.106858,2.3790066,-31.001045,-0.529464,-10.844253,19.36574,-0.004330496,-0.0023643533,0.04636205,1.5444016,1.5748031,0.1275,0.11776565,0.38799998,0.23059921,-35.023968,g,Ses01M_script03_1,Ses01M_script03_1_F028
61,28.33662,0.18893892,23.218355,25.425549,34.10282,10.884466,48.683334,33.049652,52.24984,45.087646,0.35960838,0.92097944,0.121245794,0.24255067,0.5250179,0.40377212,5.6828766,3.8984349,3.9287715,3.7463646,0.15752114,1.474519,30.427385,0.38698494,0.4508735,23.296375,15.000377,0.9337496,-9.827123,-1.2021672,0.021120392,1.3052012,0.96719617,0.68879735,5.981078,0.4442516,6.2894955,1.4093602,29.25954,0.2913615,663.68774,0.36243558,1344.4296,0.13443634,-124.468834,-0.7395822,1736.1763,0.16892894,1012.6769,0.27466452,-124.86152,-0.69862574,2795.2085,0.11980527,1018.9398,0.3770733,-127.82167,-0.65521747,-15.467719,-0.35130128,26.137327,0.23938848,0.027103705,1.1929408,-0.015279769,-1.1787747,0.27457073,1.0686021,38.140556,0.24740049,-1.2994992,-9.4077835,15.859804,1.2106726,-9.764983,-1.5754832,-12.074636,21.5881,-0.0014261932,-0.0024955545,0.07409563,2.5348542,1.4030613,0.29,0.31490257,0.3683333,0.28189337,-26.508968,o,Ses01M_script03_1,Ses01M_script03_1_M032
62,34.89058,0.11497728,31.341831,32.464443,39.03303,7.6912003,28.208006,19.554209,10.429598,2.253684,0.2190391,0.74041283,0.11139419,0.16867995,0.26918066,0.15778646,2.3567924,2.296187,1.4376425,1.298984,0.06780551,1.1592374,28.64097,0.24965648,-1.033319,-10.931923,12.100447,0.78854334,-9.316306,-0.7424346,0.018965108,0.74724394,1.3153595,0.4686699,6.284199,0.3942919,11.023234,1.023356,27.98071,0.31323424,617.4793,0.31364813,1443.1661,0.14943773,-147.39096,-0.5609816,1663.6359,0.111670166,1120.2085,0.30842102,-143.11836,-0.5633735,2739.6787,0.086145535,1020.2571,0.34379914,-145.96938,-0.5245027,-14.001159,-0.46612653,24.903812,0.29201055,0.020564573,0.8861424,-0.010583009,-0.9207074,0.1253573,0.9295499,32.25578,0.1940255,-4.0002794,-4.185769,11.226686,1.15499,-11.162218,-0.78648853,-12.327657,22.136326,0.0027795604,-0.0031178503,0.041850295,2.052786,2.5110784,0.11647058,0.12750737,0.24666665,0.25714245,-36.478485,o,Ses01M_script03_1,Ses01M_script03_1_F029
63,30.724665,0.06171369,28.704195,30.675577,32.989872,4.285677,21.836096,7.4982905,6.8817525,6.766829,0.44441727,0.768015,0.1200761,0.3426113,0.6978519,0.5777758,6.029004,4.182636,4.796292,2.4727387,0.13614695,0.985167,31.62567,0.34528297,-4.653779,-2.6420383,16.780802,0.8386389,-3.5393264,-2.96706,0.011267604,1.0668997,1.0139376,0.6296614,8.020189,0.30818808,3.7615159,3.3511662,20.477135,0.3976064,621.38904,0.430448,1276.6239,0.13057537,-79.94869,-1.1595063,1619.8784,0.1496941,1008.44244,0.27242586,-80.46238,-1.0740544,2666.1038,0.099041514,888.76465,0.23731412,-84.77589,-0.9819401,-12.911334,-0.2835072,23.387527,0.24533014,0.026473606,0.91029865,-0.004146816,-2.9964454,0.19082026,0.7302012,36.623104,0.23330364,-8.174926,-1.5523263,17.710037,0.9578779,-0.30512363,-35.91667,-11.162269,19.935362,-0.001491731,0.00031449515,0.037260413,3.0395138,1.2383901,0.5175,0.4038796,0.26999998,0.3662649,-26.428267,q,Ses01M_script03_1,Ses01M_script03_1_M033
64,32.538017,0.12761778,29.99041,31.705639,33.37953,3.389122,354.17535,637.9384,17.99203,15.340551,0.45088238,0.67277104,0.2525616,0.34974802,0.549204,0.2966424,4.482902,4.647648,3.7253258,2.8316185,0.1680487,1.2306931,28.251375,0.41476405,-1.6299493,-6.831025,14.387047,0.63745713,-7.8673077,-1.1849544,0.016879242,0.9900713,1.0899147,0.49336994,7.4128447,0.2574224,3.5705526,2.8521948,22.625397,0.327258,570.2237,0.41024607,1363.1451,0.12505957,-88.480156,-1.0480747,1585.3137,0.15345281,1049.5045,0.17455012,-88.84219,-0.95514935,2658.2766,0.10013058,957.61414,0.18396333,-93.75475,-0.8644834,-15.368853,-0.21829914,26.04841,0.24367177,0.022308264,0.95669174,-0.0109355915,-0.9422767,0.22058305,1.1174123,33.447426,0.2415961,0.90473473,9.461457,15.247339,0.58668095,-5.798831,-1.81283,-5.831761,13.799915,0.00852375,0.0018383021,0.08987106,2.2292995,1.9417477,0.31,0.29704094,0.185,0.27705294,-25.865646,q,Ses01M_script03_1,Ses01M_script03_1_F030
65,31.435503,0.09110096,29.507584,30.820412,32.70815,3.2005653,90.25008,115.91817,22.576656,38.73341,0.70722157,0.78269017,0.3101088,0.52592087,1.0036013,0.69349253,8.97734,7.8476067,5.7622995,3.4014087,0.3571491,1.4472293,30.316011,0.42884296,-6.5672073,-2.136598,20.97128,0.78036785,-10.263028,-1.4106404,0.021280896,1.1909192,1.2268549,0.6605171,6.4190526,0.46854952,4.6999617,2.4857166,23.096138,0.4827793,633.7078,0.37969297,1272.945,0.16549091,-80.12027,-1.12668,1732.7422,0.16171393,952.39374,0.28709114,-82.62464,-1.0025896,2757.182,0.11005514,964.8891,0.29211608,-84.621346,-0.960819,-13.905343,-0.46816495,23.494259,0.30211288,0.036934398,0.6061743,-0.015263391,-1.05003,0.43312347,1.1778486,36.582672,0.22514018,-7.1893716,-2.0550416,22.578201,0.81115896,-10.604567,-1.368176,-6.1835356,13.846555,0.0066122883,0.0034521087,0.16076736,2.8747435,2.074689,0.306,0.27368593,0.154,0.17967749,-20.91568,ans,Ses01M_script03_1,Ses01M_script03_1_M034
66,35.325806,0.16367328,30.889023,35.946415,39.32504,8.436016,335.351,445.97818,75.906204,83.674675,1.0889698,0.6044127,0.5558873,0.8992221,1.7206116,1.1647243,10.352365,8.958355,5.227721,2.9519382,0.6056588,1.0031008,26.112572,0.41766316,-11.469133,-0.96506625,10.710338,1.71695,-22.136847,-0.7372291,0.029333238,1.6237047,1.2749522,0.4992724,5.5433483,0.7173246,4.0346665,2.6729867,16.959644,0.54967356,677.96594,0.37223575,1281.0183,0.15853152,-87.12669,-1.0554068,1717.7882,0.1621685,1019.4741,0.33306214,-77.68544,-1.0889757,2738.0579,0.09749919,926.65625,0.295934,-79.935844,-1.0392315,-9.288395,-0.5422277,19.628223,0.33485377,0.04921863,0.4788001,-0.014529449,-1.0643822,0.6425804,0.9705035,27.24416,0.30437592,-12.696467,-0.87548596,10.751693,1.7560242,-24.173672,-0.7003094,-6.812075,17.15611,0.032761365,-0.011220331,0.5412761,2.0833335,3.0744338,0.2031579,0.14205459,0.120625,0.10334824,-18.139643,s,Ses01M_script03_1,Ses01M_script03_1_F031
67,31.07803,0.17330354,26.023746,31.335325,33.54262,7.518875,456.22183,593.1667,74.866554,104.655975,0.7633499,0.668574,0.37449345,0.6174908,1.1136222,0.7391287,9.121061,2.4466116,5.734827,2.7143602,0.34787026,0.88816375,32.09747,0.21779883,-7.704699,-1.4758694,20.991102,0.792119,-15.157377,-1.173177,0.024277875,1.4373444,1.2660987,0.5024802,5.5425696,0.58589214,0.069610834,105.19619,19.331411,0.43570876,655.43567,0.38375396,1243.5195,0.13793753,-70.922905,-1.266032,1739.3796,0.16625372,935.5906,0.29346612,-76.352066,-1.0583119,2734.2603,0.11718616,939.02966,0.40151992,-77.42204,-1.0371449,-11.916661,-0.45653352,20.667082,0.29538554,0.03399744,0.6115743,-0.020396855,-0.9553376,0.3824496,0.67612547,33.442913,0.211524,-8.33998,-1.3575904,20.498865,0.8209561,-17.393717,-0.9903216,-12.599074,19.31193,0.019958533,-0.011824761,0.18884753,3.448276,3.137255,0.20625,0.25484982,0.10428572,0.0755659,-20.55704,o,Ses01M_script03_1,Ses01M_script03_1_M035
68,41.05976,0.20263714,32.609177,43.274433,48.403786,15.794609,60.388996,67.84319,52.211914,37.494503,0.63999075,0.8905349,0.15308516,0.5269312,0.9844131,0.8313279,7.766498,3.1444254,5.0366178,3.1779497,0.30538502,1.2367868,25.77085,0.28957945,-15.400686,-1.0648401,8.415891,1.9160875,-19.697989,-0.76874375,0.018903816,1.039703,1.1436621,0.41924042,6.506484,0.6575005,4.821814,2.217586,15.909657,0.5548722,805.3128,0.33036137,1269.4379,0.24305324,-111.71599,-0.85342366,1771.1174,0.14675285,1122.3785,0.30953908,-104.44746,-0.87965244,2766.4844,0.08844131,965.8756,0.4351729,-107.672806,-0.82498586,-5.7578154,-0.8581646,18.557425,0.3516036,0.039854847,0.5624602,-0.007221175,-2.015744,0.45435473,0.9069195,25.52127,0.32284674,-24.033203,-0.5991972,6.111208,2.9779325,-26.393295,-0.5548775,-9.35624,19.89886,0.0091789495,-0.0025937962,0.15474662,1.545595,1.5576323,0.31899998,0.36536142,0.33555555,0.58835196,-22.988428,s,Ses01M_script03_1,Ses01M_script03_1_F032
69,31.563005,0.25437325,24.338966,26.274336,41.05386,16.714893,115.60684,109.01672,36.553127,10.872337,0.30220073,0.69557434,0.1063385,0.24739599,0.4670985,0.36076,3.3565927,2.2110336,3.16211,1.609628,0.10555399,1.1075765,27.731298,0.4662585,-2.5003521,-4.655957,7.5938993,1.3991287,-13.065872,-0.83719784,0.014814217,0.64916426,1.1739602,0.50897723,5.848649,0.7735732,4.609911,1.4259408,28.102291,0.34723523,647.1362,0.3766824,1351.3026,0.10062221,-147.00177,-0.57581884,1631.5994,0.18172878,1170.3055,0.20634007,-142.4379,-0.58787936,2742.9294,0.1152471,1017.4054,0.41568288,-146.01791,-0.5381543,-11.330195,-0.5002587,26.16324,0.27598742,0.028045624,0.8050727,-0.016404327,-0.78195167,0.2000595,0.5729597,39.836655,0.20466511,-8.317904,-1.3430452,-2.7711492,-3.7750278,-19.046196,-0.8253211,-9.487556,19.10422,0.0009623244,0.001106478,0.06330208,2.144772,1.6304349,0.18333334,0.19439363,0.35,0.40816662,-31.852633,q,Ses01M_script03_1,Ses01M_script03_1_M036
70,30.167927,0.19138505,26.483898,32.03971,34.30455,7.820652,61.705544,64.054504,61.341713,68.38836,0.21267192,0.30718777,0.15428711,0.19996922,0.27032596,0.116038844,1.6354542,0.7609122,1.2947166,0.46680942,0.062100906,0.4799274,29.714983,0.3692886,1.8740906,4.488073,19.535618,0.46619248,-6.6928735,-1.0047874,0.02786633,1.655799,1.0668334,0.45796075,6.6134496,0.42399698,2.8891747,3.077394,27.705193,0.30922487,591.1951,0.28120333,1448.3658,0.117785335,-114.849976,-0.8134023,1685.2267,0.09256511,1116.797,0.34094393,-121.182625,-0.7020854,2756.0452,0.08057514,1013.9612,0.22144513,-124.26248,-0.6597654,-19.58882,-0.22632296,28.796492,0.25516316,0.023620995,0.6974479,-0.014153847,-0.64859873,0.074780904,0.31955257,37.346497,0.14091015,3.676507,2.4402103,21.188807,0.4940209,-8.608048,-0.7953108,-11.653628,20.235344,0.003855995,-0.0010559496,0.05129018,3.6697247,2.484472,0.17,0.14756355,0.18777779,0.2072453,-38.02384,ans,Ses01M_script03_1,Ses01M_script03_1_F033
71,32.319904,0.11470448,28.93682,32.31247,35.179924,6.243105,46.613663,50.911312,36.73862,57.75593,0.8459918,0.6681942,0.32417682,0.6952406,1.3919048,1.067728,10.275607,5.0335765,7.590871,3.535165,0.35304466,0.8290087,29.985916,0.35893437,-5.519323,-2.836765,18.78719,0.77791417,-11.079402,-1.3414097,0.018022664,1.4272546,1.0460114,0.71254325,7.444891,0.4496757,3.8585825,2.6651678,21.997265,0.46884453,664.8332,0.40113887,1319.0164,0.16750646,-68.26996,-1.2743192,1712.0143,0.16285805,1021.22546,0.28358993,-67.81992,-1.1786699,2758.8809,0.10797928,932.3513,0.2864475,-71.67571,-1.081317,-12.975994,-0.5268293,22.82599,0.31655988,0.03630845,0.66783917,-0.013789946,-1.1719633,0.41559348,0.7055,33.867435,0.22568808,-8.402058,-1.804418,19.18591,0.8249566,-11.770061,-1.3763937,-10.233053,18.916508,0.012605763,-0.0022651013,0.18485208,2.9850745,1.8220793,0.3864706,0.31334892,0.15062499,0.17523086,-19.895712,s,Ses01M_script03_1,Ses01M_script03_1_M037
72,31.95513,0.09172311,28.752298,32.862713,34.4658,5.713503,38.69727,50.681248,56.10448,74.93904,0.6508996,0.7345089,0.2950726,0.47536492,0.9177531,0.62268054,6.360822,3.96154,0.36920586,3.3253968,0.28678754,1.0541791,26.96129,0.46097147,1.027986,13.164864,25.81967,0.4358976,-5.123178,-2.2865906,0.013282794,1.0258944,0.92744637,0.7607649,8.381407,0.32691196,10.493028,0.84165454,25.996628,0.34866622,750.1245,0.33084205,1337.2968,0.1553263,-96.14819,-0.9275775,1805.5919,0.11830988,1060.7804,0.2417668,-97.54876,-0.8610812,2810.2844,0.097221084,987.2459,0.30242056,-98.9589,-0.8367088,-17.879007,-0.34248322,25.694754,0.26725724,0.022107545,0.94335485,-0.008768151,-1.5768836,0.34022632,0.9353574,34.06775,0.1662595,-0.69665414,-17.23612,30.091404,0.337009,-1.9247795,-6.201562,-9.407012,16.90415,0.011501873,-0.0057631503,0.19715416,1.5974442,1.9543974,0.29166666,0.23147474,0.242,0.11426286,-20.787819,b,Ses01M_script03_1,Ses01M_script03_1_F034
73,36.219822,0.11755891,31.619741,37.15358,39.792645,8.172903,112.1875,135.13121,26.230944,21.190649,0.73677194,0.5979705,0.30487671,0.633575,1.1906005,0.8857238,7.1382794,4.9911795,4.6671224,3.3288603,0.30836147,0.77566063,31.134115,0.25660807,-14.2134,-1.0222673,3.6338382,3.0270638,-21.85391,-0.85470504,0.017493062,1.3872664,1.23433,0.52244824,6.3502345,0.52467597,2.2559893,4.6195807,18.652924,0.55413014,736.4054,0.31208265,1312.3538,0.15946566,-63.5661,-1.3756127,1699.5612,0.15013702,1147.743,0.23223649,-60.818123,-1.3171957,2778.2083,0.09792204,880.02704,0.32075495,-67.42911,-1.1312727,-6.857922,-0.72709835,22.386196,0.30806983,0.0302214,0.70576274,-0.011233846,-1.0246438,0.35531196,0.69669026,31.827158,0.24532202,-17.764864,-0.7563892,1.7341472,6.581858,-25.662064,-0.75839293,-10.484,23.310492,0.014772556,-0.003068904,0.17161036,2.7842228,3.0588236,0.22923076,0.119772956,0.091818176,0.057019643,-23.597284,s,Ses01M_script03_1,Ses01M_script03_1_F035
74,29.64449,0.15766704,25.926588,28.071037,32.78752,6.8609333,30.535025,41.04546,24.774822,17.35348,0.64281857,0.550605,0.386309,0.5109057,0.89800006,0.5116911,6.317058,3.5337162,5.7562037,2.5189266,0.20148754,0.67712724,39.53257,0.1366334,-10.048385,-1.235578,8.196068,1.1932949,-15.41844,-0.7012564,0.008476457,0.7464152,0.9330912,0.5424264,6.7967806,0.4309874,1.2871835,4.559458,23.0962,0.32459334,688.336,0.39102048,1259.0646,0.13899045,-23.16718,-2.4746056,1669.6989,0.20380686,1018.91864,0.25102034,-28.28513,-1.8541892,2765.747,0.10866921,834.45715,0.3355017,-39.115173,-1.2623456,-9.863656,-0.45097792,23.466822,0.26007053,0.032197963,0.5941947,-0.011109408,-1.0085546,0.21424879,0.65097797,39.4353,0.14010113,-11.158124,-1.1309496,7.4664197,1.3633068,-16.252447,-0.65155953,-16.50389,29.857746,0.011455483,-0.002103311,0.11338907,2.834008,1.6597512,0.53499997,0.45752048,0.06333333,0.054365024,-25.642696,q,Ses01M_script03_1,Ses01M_script03_1_M038
75,36.633106,0.10821349,34.47625,36.090538,40.119892,5.6436424,279.6965,361.74957,114.9435,119.981445,0.56276345,0.54754585,0.30223453,0.53276557,0.8043993,0.5021648,6.9012837,5.8372464,3.514531,2.7753224,0.21493092,0.8217536,27.8954,0.27905077,-14.553824,-0.8138942,15.544968,0.8132445,-16.806492,-0.67906857,0.024501292,1.6838224,1.2718328,0.54611564,6.3637075,0.44682473,2.875508,3.684158,14.183496,0.6393764,598.8912,0.41712478,1370.647,0.1715969,-107.78505,-0.86494535,1612.0538,0.15751885,1059.8466,0.30117688,-91.381035,-0.9932658,2642.2332,0.10201306,996.8198,0.3498566,-94.64186,-0.92919886,-8.250281,-0.69800836,17.62456,0.3703079,0.038575925,0.3744477,-0.011127288,-1.1956354,0.23963131,0.6936458,28.96326,0.27037045,-18.228617,-0.69289535,14.707892,0.8704787,-19.1614,-0.6854726,-9.522823,18.925083,0.021497305,-0.0062672524,0.18702616,2.9535866,2.777778,0.19615385,0.16827351,0.20333333,0.13466007,-28.068125,ans,Ses01M_script03_1,Ses01M_script03_1_F036
76,38.549,0.20160669,34.233204,36.27177,38.50412,4.270916,120.53531,89.64142,18.960629,11.64778,1.6233629,0.48580837,0.85516375,1.468265,2.4172091,1.5620453,18.74841,7.584343,13.835202,5.410514,0.9730442,0.87847096,28.503563,0.2763496,-15.545796,-0.8919286,5.255224,2.335715,-20.448765,-0.7239563,0.016827984,1.399207,1.0525637,0.6074344,7.800432,0.49402213,7.6708717,1.6554459,19.979101,0.3687418,650.35516,0.40416297,1283.1941,0.22406743,-54.078518,-1.4801935,1634.8407,0.17558306,996.16974,0.22204478,-45.019215,-1.4885253,2710.9277,0.10168282,879.3069,0.3600303,-51.78484,-1.2138811,-8.5213,-0.57302916,20.801718,0.28604513,0.04942425,0.53070986,-0.015816413,-0.7409083,1.0241544,0.8783964,28.841167,0.2723014,-16.533773,-0.8662992,5.030241,2.5367322,-21.908869,-0.6700512,-6.9734244,19.212076,0.03338445,-0.011758857,0.7971989,4.3981485,2.8103044,0.285,0.27296215,0.06666666,0.044969123,-13.853929,s,Ses01M_script03_1,Ses01M_script03_1_M039
77,40.9405,0.19792667,35.944965,38.00847,40.812325,4.867359,111.05619,55.03935,132.7351,143.02066,1.375053,0.5764792,0.67110884,1.3096111,1.9078815,1.2367727,16.227201,10.987802,9.421797,6.4358716,0.7960781,1.0490694,18.979628,0.4748352,-22.92616,-0.45708922,10.197427,1.3927338,-18.424002,-0.6391988,0.021020152,1.0837696,1.2322757,0.4766295,5.3957295,0.75319386,6.3500004,2.2692866,11.244428,0.91140276,746.7996,0.4158985,1244.6519,0.25042355,-105.890274,-0.88960695,1715.7764,0.1538584,1047.7372,0.25299484,-81.743004,-1.1217345,2710.3152,0.09226073,999.4831,0.27002317,-83.63071,-1.0569003,-4.141525,-1.2205025,14.247118,0.49847108,0.04442027,0.6059178,-0.016032154,-0.77216506,0.9387142,0.9901374,20.891384,0.24109663,-27.550093,-0.30420282,8.81858,1.753038,-20.807632,-0.55050427,-2.33547,10.808653,0.02389442,-0.005169527,0.56488585,3.4188035,2.5974026,0.22833334,0.20419897,0.162,0.19569363,-15.305663,s,Ses01M_script03_1,Ses01M_script03_1_F037
78,33.752396,0.06892342,31.435345,33.94562,35.543663,4.1083183,150.33281,99.01838,17.652424,10.778076,0.7895353,0.66792643,0.35234308,0.6730546,1.1842344,0.8318913,8.674823,6.286126,4.2921443,4.0655675,0.2716312,1.1177176,25.56847,0.45175695,-10.2551775,-0.8242149,6.8421087,1.3190944,-15.206,-0.770922,0.014362333,1.7644305,0.7118372,0.8210464,8.551362,0.47141746,-8.1173525,-0.76839924,15.444493,0.5151185,536.87134,0.36591828,1289.6084,0.09202428,-126.8788,-0.7476295,1482.9078,0.15667643,1029.7124,0.14859422,-119.32622,-0.79558015,2570.7659,0.08102219,801.7616,0.2559764,-124.07032,-0.72127074,-12.119281,-0.32662347,24.644125,0.15839316,0.03737327,0.5545914,-0.020167692,-0.39927012,0.3102585,0.79441965,34.03776,0.08176239,-11.990362,-0.47617164,-0.8562977,-5.6102858,-21.733963,-0.45268548,-4.8007646,14.0047245,0.017035505,-0.0004028851,0.23730731,1.7605635,0.71684587,0.575,0.525,0.53,0.5024606,-20.488358,b,Ses01M_script03_1,Ses01M_script03_1_M040
79,36.3224,0.076577224,33.68506,36.237648,39.2604,5.5753403,72.09907,38.48414,11.759415,9.538461,0.5060236,0.6961189,0.20437394,0.38867855,0.8441146,0.63974065,5.6364207,3.1055074,2.3451614,1.0435016,0.1905489,0.95011896,27.709528,0.24848029,-11.093256,-1.0330327,12.541183,0.98889583,-12.533781,-0.79821706,0.023002839,0.61817765,1.2364484,0.41307798,5.4844384,0.58266866,5.2575207,1.3100626,22.163525,0.31459635,725.95557,0.2697071,1542.7422,0.15552698,-110.78413,-0.8330954,1622.0944,0.09988374,1195.8931,0.2590063,-106.30485,-0.84176636,2693.1143,0.08051644,979.3345,0.2956778,-111.10998,-0.7623338,-9.458339,-0.6751542,22.722866,0.25655633,0.040148675,0.4956788,-0.008587851,-1.1205,0.30024627,0.6508477,28.681805,0.29436255,-12.24915,-1.1175287,9.034122,1.5567243,-15.767609,-0.7081409,-7.82632,16.697533,0.017610159,-0.0051059187,0.08368344,2.8985507,2.2140222,0.22,0.13216151,0.20833333,0.22040996,-28.305021,o,Ses01M_script03_1,Ses01M_script03_1_F038
80,36.47585,0.15666786,31.808014,34.769367,42.100174,10.29216,163.9525,101.90591,40.474533,46.871803,0.8519094,0.6304869,0.35972765,0.71676844,1.3132697,0.9535421,7.7474327,5.2973614,5.1066566,4.2748117,0.31775677,1.0301462,27.873787,0.31089813,-15.761815,-0.72490263,3.3568032,3.0329676,-19.464008,-0.5292706,0.026586656,1.6861742,0.93539494,0.7500177,7.390926,0.578683,-3.5447483,-3.0775936,17.120754,0.4577342,596.7188,0.35989106,1303.4404,0.118659176,-104.81512,-0.92720616,1530.7728,0.14876418,1023.0261,0.14185694,-98.23185,-0.9642394,2629.8162,0.083131514,764.9767,0.2617548,-104.173195,-0.85711914,-10.676662,-0.44518366,23.705145,0.16873334,0.044368006,0.5278345,-0.018001115,-0.51926196,0.3768242,0.7385549,32.42695,0.12767175,-16.596077,-0.6184249,-2.7202554,-2.2682128,-23.545246,-0.40952948,-4.047025,14.640317,0.02011226,-0.0024126351,0.26609564,2.0905924,1.4184397,0.36249998,0.42868254,0.256,0.13661624,-20.197685,b,Ses01M_script03_1,Ses01M_script03_1_F039
81,30.290564,0.10036183,26.640043,31.380125,32.88525,6.245207,35.764557,28.34524,12.777894,2.8683448,0.5295802,0.72115743,0.17663975,0.44670546,0.82351047,0.64687073,6.032389,2.690415,4.076372,2.7187774,0.1956223,0.9997395,33.05182,0.24928367,-7.8172154,-1.6013765,18.867521,0.38326076,-5.573753,-1.988705,0.015845433,0.779307,1.2223339,0.74601424,6.411352,0.39248103,3.586348,2.4339826,23.95651,0.26341718,685.5935,0.3983001,1396.4349,0.1642063,-70.49638,-1.2339759,1654.9268,0.13369237,1109.864,0.23719269,-72.60952,-1.14442,2709.073,0.07783958,938.57416,0.32520074,-78.41893,-1.0100522,-13.249255,-0.4237181,23.955484,0.268995,0.03657204,0.68113834,-0.0061841873,-1.9323572,0.24225962,0.8570883,36.063957,0.17286454,-6.879542,-1.759145,19.643358,0.35511866,-0.9675842,-8.979638,-9.044561,18.305939,0.0107611,-0.003364357,0.101955965,3.2921813,2.5316458,0.26166666,0.1464487,0.13399999,0.18028866,-25.373222,s,Ses01M_script03_1,Ses01M_script03_1_M041
82,31.587349,0.04707441,29.964872,31.157532,33.24389,3.2790165,214.94585,210.33339,-7.20477,11.2686405,0.2303861,0.5137102,0.12551785,0.18348421,0.339957,0.21443915,2.215811,1.5437782,0.7531862,0.39527726,0.06302706,0.69058275,27.862642,0.28293207,-3.9748905,-2.7614253,16.53583,0.44126928,-8.325411,-0.79127353,0.01761141,0.8004422,1.2889098,0.58254427,6.291499,0.3289267,1.3613921,8.729663,17.320972,0.6566396,499.6003,0.34650543,1317.1707,0.1507949,-141.07243,-0.6262528,1562.6409,0.10365936,1004.8101,0.19188458,-141.86246,-0.59295756,2563.0884,0.08934598,1005.0149,0.23900391,-143.15431,-0.5753193,-14.494634,-0.43881008,23.604385,0.3595082,0.026358038,0.9898719,-0.013999757,-1.1362305,0.094397165,0.4933381,35.215538,0.107503444,-5.9242764,-2.3767142,19.995117,0.34043542,-4.967297,-1.4735312,-10.262686,19.063766,0.002973203,-0.0048856824,0.049563862,1.8248175,1.4869888,0.205,0.13573872,0.35599998,0.5113355,-38.16545,o,Ses01M_script03_1,Ses01M_script03_1_F040
83,30.33507,0.11718516,25.921108,31.39358,33.755295,7.8341866,14.548033,7.182514,24.519033,15.515766,0.41666847,0.79741454,0.10915113,0.3140746,0.7303698,0.6212187,3.9524736,2.2051444,4.7819633,3.2044108,0.14620282,0.9479718,33.280964,0.28196254,-4.3818417,-2.310771,13.175455,0.8875372,-10.374076,-1.1444534,0.016155066,1.7369559,1.081906,0.67844784,7.361686,0.41316447,3.1819503,3.4556217,24.85654,0.30582952,703.85504,0.4025972,1313.2966,0.16691697,-100.740425,-0.963711,1714.9662,0.17903803,1060.962,0.2649564,-101.88896,-0.89495623,2786.7437,0.102880456,861.54285,0.28391463,-105.32374,-0.8363207,-13.726118,-0.3480234,25.736046,0.19734329,0.042117957,0.45530552,-0.011589264,-1.5232861,0.2276318,0.5794013,38.90232,0.15362124,-7.816693,-1.4918782,12.546942,1.2225072,-10.206278,-1.4917154,-12.219118,22.425379,0.0027915146,-0.00059024227,0.05601891,2.413273,1.2158055,0.42749998,0.3223643,0.3322222,0.40515503,-26.475594,s,Ses01M_script03_1,Ses01M_script03_1_M042
84,32.994457,0.13582334,30.670933,31.111502,35.420067,4.749134,176.74017,122.685486,66.18202,40.884087,0.20297985,0.7652372,0.1102102,0.14644095,0.23980579,0.12959558,1.5947272,1.4815462,0.6768162,0.43184763,0.07313389,1.1863886,30.35053,0.24270904,-1.1388474,-8.248091,11.653741,0.79016495,-11.405387,-1.2464379,0.026752222,0.56838393,1.4365133,0.52420986,4.5025406,0.7685157,6.6800704,1.4564584,24.79748,0.40696523,654.28296,0.39581636,1487.5881,0.14372058,-171.12993,-0.38688168,1659.0769,0.17187022,1229.1624,0.23865397,-168.4552,-0.40027416,2826.1343,0.096914046,986.81195,0.32093963,-170.3936,-0.3706115,-14.933897,-0.6433334,29.0615,0.21677555,0.013277047,1.5987256,-0.008666526,-1.3111131,0.16268073,0.86395967,35.511517,0.090374604,-0.53129464,-25.475147,9.682678,1.5700891,-17.953154,-1.2432926,-12.48939,23.327595,0.0047496557,-0.002044896,0.05427178,1.242236,1.4644352,0.111428574,0.08903106,0.48125,0.5560674,-36.820965,dag,Ses01M_script03_1,Ses01M_script03_1_F041
85,0.0,0.0,0.0,0.0,0.0,0.0,0.0,0.0,0.0,0.0,0.14416522,0.36449108,0.11144073,0.12023987,0.1654192,0.053978473,1.1056443,1.0678492,0.68298876,0.5079103,0.028873885,0.33981362,21.779459,0.17256352,-5.8674893,-1.1050509,14.904524,0.2897553,-9.657854,-0.7114803,0.0,0.0,0.0,0.0,0.0,0.0,0.0,0.0,0.0,0.0,0.0,0.0,0.0,0.0,-201.0,0.0,0.0,0.0,0.0,0.0,-201.0,0.0,0.0,0.0,0.0,0.0,-201.0,0.0,0.0,0.0,0.0,0.0,0.0,0.0,0.0,0.0,0.0,0.0,0.0,0.0,0.0,0.0,0.0,0.0,0.0,0.0,-8.426962,16.534187,-0.0017822665,0.0044993404,0.029223476,2.6595745,0.0,0.0,0.0,1.8199999,0.0,-49.568798,s,Ses01F_script03_1,Ses01F_script03_1_M000
86,36.61498,0.036498986,35.11259,37.079433,37.97883,2.8662376,42.217052,16.607151,34.719185,24.139559,0.19900917,0.84244084,0.10384483,0.114022166,0.28812572,0.1842809,2.4301674,1.7727426,4.125458,2.2103307,0.061024275,1.2040391,23.38126,0.20580754,-1.921889,-3.429558,17.032227,0.3447565,-7.25835,-0.6626664,0.027028924,0.7130061,1.3170592,0.4045237,6.8894978,0.4337263,10.003893,1.087487,18.223328,0.674237,716.44775,0.30863497,1324.2671,0.13355578,-178.21239,-0.3134267,1807.8154,0.06779765,870.7682,0.23655201,-176.64061,-0.31972456,2846.8152,0.077676035,963.92035,0.25810954,-177.05383,-0.31300253,-11.765983,-0.47215477,16.650448,0.33238673,0.033091664,0.80302215,-0.011914223,-1.0043027,0.20011328,0.47306997,22.802887,0.3301001,-0.3739927,-23.955973,24.551144,0.41713652,-7.7508793,-0.9544123,-11.045604,19.68631,-0.0027597526,0.0022847313,0.040583365,1.388889,1.8957347,0.0625,0.031124748,0.354,0.36696592,-36.211098,q,Ses01F_script03_1,Ses01F_script03_1_F000
87,25.784513,0.0018537842,25.739971,25.770752,25.843966,0.10399437,0.018069902,0.0,0.0,0.0,0.11639406,0.16042326,0.10017598,0.11222483,0.12959725,0.02942127,0.3277438,0.21724592,0.28180778,0.1147921,0.025444556,0.30678132,23.56517,0.17081317,0.58692086,6.8249326,15.865554,0.21095018,-8.182692,-0.56083477,0.03640459,0.4866681,1.2038373,0.3558607,2.9047968,0.11840093,2.2335935,0.36723948,27.881401,0.0472549,483.17047,0.2301343,1353.2668,0.044410054,-194.69275,-0.16158867,1396.9226,0.10387564,1197.2539,0.107373536,-195.08092,-0.15127555,2440.2905,0.033394735,889.6157,0.030459508,-195.46855,-0.1416724,-14.191543,-0.18806231,26.910599,0.09571469,0.02073413,0.31799713,-0.0025747255,-1.8511043,0.044310458,0.06822263,30.043781,0.01599839,8.464218,0.4775387,12.292331,0.28647634,-10.790047,-0.61550224,-12.14269,21.412645,-0.0081836805,0.0024826308,0.025085805,4.255319,0.5464481,0.049999997,0.0,0.875,0.055,-49.209053,s,Ses01F_script03_1,Ses01F_script03_1_M001
88,37.73808,0.11510827,33.85793,36.674973,41.43589,7.577961,38.361362,16.563347,0.10528946,22.493437,0.25248134,0.91311437,0.09971763,0.12625523,0.40587395,0.30615634,3.682823,3.0672855,3.6603827,3.2771194,0.09005718,1.7159772,24.044142,0.350196,-3.5884645,-2.166536,15.733133,0.5049395,-8.405184,-0.9621823,0.016906807,0.76033384,1.1697958,0.7764326,9.7674885,0.24231328,8.729121,0.6484654,22.325714,0.48847395,803.03876,0.33404332,1450.5817,0.23763269,-168.35274,-0.40454978,1762.4382,0.14924735,1088.2677,0.20075844,-166.17735,-0.41078037,2859.2075,0.09799776,1061.7843,0.37309545,-168.06554,-0.38359916,-15.029324,-0.39009464,26.436031,0.3215635,0.03633159,0.7537574,-0.005055918,-2.289214,0.25461662,0.7126314,28.96011,0.36229235,-2.3458314,-4.4708323,16.759483,0.7077237,-9.690003,-1.2980274,-9.435745,19.147682,-0.0016266069,0.00419415,0.049714748,2.015504,0.78125006,0.24599999,0.20264255,0.84333336,1.168256,-29.944689,o,Ses01F_script03_1,Ses01F_script03_1_F001
89,24.051508,0.01807179,23.639694,24.060135,24.47789,0.8381958,0.0,0.0,-0.22859879,0.0,0.11177572,0.2629861,0.094019845,0.099178724,0.12474291,0.030723065,0.31315818,0.20856406,0.45236188,0.31094489,0.02761039,0.43336263,27.335548,0.17655529,-0.22030392,-19.803177,15.930804,0.1966886,-7.1859093,-0.6185326,0.06377182,0.31438237,1.7687265,0.6088911,2.932633,0.15743615,6.70291,0.41423428,29.084236,0.09157896,508.48788,0.18933919,1599.2328,0.13155934,-197.55896,-0.11523668,1552.0695,0.06416196,1070.8547,0.15558507,-197.822,-0.106367595,2596.862,0.056701835,1060.8976,0.028758787,-197.87074,-0.10429218,-16.97018,-0.12875974,24.3049,0.08020165,-0.00852431,-2.005335,0.0038100225,0.47695446,0.03971865,0.071594656,28.182377,0.051628582,6.6995263,0.28484496,26.210447,0.0814521,2.0517507,1.6036954,-13.445941,23.196865,-0.005676378,0.00013874075,0.027616384,1.438849,0.36630037,0.04,0.0,1.3299999,0.02,-48.18093,o,Ses01F_script03_1,Ses01F_script03_1_M002
90,38.4321,0.16287611,32.657806,35.549095,42.770283,10.112476,55.54611,11.866669,-6.443742,22.746748,0.37207285,0.7541841,0.09582684,0.3494382,0.62086225,0.5250354,5.064179,3.4079816,4.4739,2.3039796,0.1354657,1.1592793,23.404818,0.42887077,-8.184667,-1.2658961,12.552621,0.84014624,-10.382917,-1.0277836,0.020064713,0.8193755,1.163215,0.58949494,8.799155,0.29157463,5.8504586,1.3239236,18.200815,0.49223197,780.1294,0.35977143,1336.0714,0.22549213,-138.37357,-0.6223304,1760.352,0.14735505,1089.7279,0.23939432,-134.87434,-0.62584406,2783.2778,0.11165993,1038.9296,0.33880046,-137.06532,-0.59520566,-11.263654,-0.48017505,22.443533,0.3501273,0.042139854,0.65027875,-0.008434064,-1.4560274,0.25723532,0.6462894,26.675144,0.29602244,-9.938819,-1.2360295,9.487773,1.5973637,-12.908005,-1.1822956,-7.8605423,18.725996,0.0023211343,0.0049475366,0.06636941,2.5454545,1.4678899,0.24125,0.18489438,0.4175,0.5745814,-29.600525,q,Ses01F_script03_1,Ses01F_script03_1_F002
91,40.728542,0.13173458,33.217102,42.23863,43.01854,9.801437,65.00478,12.8556385,26.425007,0.0,0.5751318,0.48111427,0.3430922,0.500532,0.84201443,0.49892223,7.741422,3.3647993,4.3275833,2.718196,0.2543079,0.8063058,21.985886,0.42126647,-16.310415,-0.61344117,10.597833,1.284757,-13.316198,-0.98761684,0.012348169,0.75423205,1.0821701,0.5720518,9.433388,0.284855,2.744174,2.0871835,13.63817,0.5591149,773.0588,0.37418854,1290.1932,0.21401916,-102.82091,-0.87372506,1721.498,0.13715835,1136.1594,0.31206727,-98.93766,-0.86838055,2686.399,0.10105446,1033.1136,0.37763342,-101.01172,-0.8330536,-9.94007,-0.5787558,19.502466,0.32784206,0.049937434,0.51599073,-0.008302326,-1.3172605,0.3248052,0.5369997,26.401636,0.28834933,-16.728796,-0.7343696,8.900338,1.8350182,-16.15066,-0.81949013,-3.2540836,11.798423,0.016347567,0.0030742066,0.13438815,4.895105,3.649635,0.144,0.083570324,0.14,0.17916472,-25.795826,oth,Ses01F_script03_1,Ses01F_script03_1_M003
92,30.10492,0.037661385,29.225458,29.573217,31.24498,2.0195217,75.7164,0.0,16.105595,4.6474433,0.1580338,0.45405793,0.09398679,0.13406554,0.2295435,0.13555673,0.5653743,0.3698247,0.80677587,0.46895352,0.043927077,0.75902945,30.800123,0.267461,-4.827613,-1.1608475,13.364952,0.5697366,-7.032891,-0.7880844,0.020877179,0.8741796,1.5365553,0.494046,4.9003754,0.31568158,-2.2243538,-2.192262,20.652435,0.45953524,584.79285,0.31037816,1426.8524,0.25488526,-179.17422,-0.3177926,1535.8356,0.1338892,1087.7742,0.13038649,-180.12337,-0.30340916,2611.5142,0.09804398,976.5421,0.123016864,-181.3404,-0.28317896,-10.621061,-0.46106976,21.98821,0.38533047,0.0123095475,0.92976165,-0.0037099952,-2.6277435,0.06314775,0.2383178,39.189106,0.15714493,-7.083153,-1.489357,8.050609,1.2570158,-0.2749654,-28.073875,-11.282069,21.51342,0.0037184062,-0.0024095322,0.04211159,1.7985612,1.4652015,0.067499995,0.04548351,0.474,0.38139743,-42.78519,q,Ses01F_script03_1,Ses01F_script03_1_M004
93,33.214966,0.050544504,32.093613,33.684784,34.27151,2.1778984,161.50566,136.54884,-107.61075,98.069466,0.21582933,0.7115579,0.11705045,0.14571375,0.31211722,0.19506678,1.5192634,1.1387223,1.2833226,0.905021,0.047731668,0.7972081,25.54881,0.38622707,-3.2571473,-2.6231985,15.392159,0.5998112,-6.774694,-1.3689723,0.018511748,1.9131484,0.95665616,0.8040145,9.555104,0.26927647,5.73427,1.4528935,26.51969,0.2591229,638.3574,0.30075446,1419.4939,0.13095221,-148.3863,-0.5576535,1631.4904,0.1281837,1116.3816,0.18482345,-149.75801,-0.5221716,2787.3098,0.07167494,884.50226,0.28558692,-152.52205,-0.48345172,-15.088556,-0.43340227,30.053835,0.18922594,0.01335028,1.142822,-0.01144408,-1.0141199,0.08876543,0.4029454,37.350746,0.21530536,0.72964114,13.55123,14.472188,1.0438104,-12.509753,-1.0430526,-8.645495,17.759087,-0.0015333579,0.0057652863,0.031768024,1.6891892,1.3745705,0.19999999,0.105593555,0.404,0.42944613,-35.60865,ans,Ses01F_script03_1,Ses01F_script03_1_F003
94,23.779615,0.061791003,23.377792,23.81854,25.009745,1.6319523,4.3556213,0.0,23.181173,0.0,0.15560304,0.35498562,0.11033335,0.12951352,0.2046499,0.09431654,1.5949982,0.71857035,0.5166291,0.36853638,0.03025002,0.443716,22.219215,0.3677487,-6.637458,-0.7965643,15.778251,0.3418071,-6.6785054,-0.8181903,0.01660748,0.53194773,1.5819365,0.3008016,3.0961144,0.41185206,11.124771,0.5083659,20.494831,0.21392672,545.99255,0.32418895,1373.6123,0.10894789,-184.11267,-0.27469975,1513.383,0.108382724,1144.888,0.18909943,-184.5965,-0.2668182,2480.1895,0.07449217,1113.4921,0.16063273,-185.15453,-0.2570227,-10.761398,-0.22091319,21.455774,0.27424166,-0.004641745,-3.2784142,-0.0074632587,-0.854333,0.056866895,0.19856037,35.953,0.07791971,-8.0059805,-0.9123665,13.630301,0.74635005,2.7974613,2.2354212,-7.961729,16.782227,-0.0004431368,0.004219946,0.027645804,3.3962266,1.1538461,0.06666666,0.032998316,0.5825,0.5516056,-46.766525,s,Ses01F_script03_1,Ses01F_script03_1_M005
95,33.469772,0.06625086,31.592625,32.694767,35.949512,4.356888,134.79642,168.80115,13.819803,12.289078,0.25695202,0.69661826,0.11518131,0.19304429,0.37579846,0.26061714,3.111352,2.7623491,3.2098627,3.4158623,0.06819909,1.0706348,21.681858,0.35822186,-4.347627,-1.6289865,17.8344,0.41380483,-6.281072,-1.0314718,0.021729108,0.9094253,1.2402049,0.6291348,6.878279,0.33446056,0.9932151,6.283011,16.26999,0.49548954,668.1147,0.34840882,1380.6302,0.18859762,-153.65701,-0.5097804,1649.8557,0.11824768,1056.1344,0.25184214,-153.38063,-0.50296265,2672.0146,0.093356125,976.43005,0.22405541,-155.35161,-0.47526968,-11.540176,-0.4233672,20.708487,0.33351797,0.011353252,1.5860411,-0.008391679,-0.92252314,0.14202233,0.64736986,29.514442,0.24678965,-6.0584264,-1.5185572,17.730238,0.6184377,-3.8716784,-1.7356603,-8.2960825,16.66274,-0.0010529815,0.0038166416,0.043179195,2.7707808,1.5306123,0.16166666,0.15082182,0.40285712,0.44083408,-35.429832,o,Ses01F_script03_1,Ses01F_script03_1_F004
96,31.236202,0.116883665,27.065393,31.94283,34.98169,7.916296,60.079277,21.688513,15.835637,13.020239,0.16015762,0.8448119,0.09228533,0.09598753,0.22238055,0.13009521,1.562199,1.738725,1.0508277,0.46747422,0.048465826,1.3495622,30.392067,0.19798411,-5.53751,-1.2578019,12.292611,0.5291835,-11.607498,-0.48122248,0.017317668,0.6922323,1.6964177,0.34619796,3.399383,0.61664087,-6.9586535,-0.65380883,18.69081,0.31722796,564.53906,0.37324804,1355.4335,0.09755659,-177.34439,-0.34868363,1541.2861,0.17398821,1112.2582,0.19835871,-175.78488,-0.3524459,2623.572,0.09559793,938.467,0.29128954,-177.12465,-0.3314015,-11.289234,-0.3070505,23.092405,0.22108606,0.0361214,0.3617112,-0.01696537,-0.63188344,0.15446897,0.7096329,40.082184,0.10384945,-13.23172,-0.765589,2.8049085,1.898179,-20.347818,-0.28937247,-12.101064,22.631504,0.001031813,-0.00074753864,0.032806408,0.929368,1.1257036,0.10666667,0.06548961,0.6514286,0.5645334,-39.043903,g,Ses01F_script03_1,Ses01F_script03_1_M006
97,37.573547,0.22456361,30.036194,35.143993,47.035725,16.99953,354.58716,335.34912,36.440624,26.604397,0.890923,0.9290744,0.289498,0.61580443,1.4665929,1.1770949,15.979737,13.729381,9.406239,7.511015,0.43708697,1.3080194,21.351955,0.6178784,-13.075534,-1.0145202,8.51095,1.3162581,-18.525589,-0.7774591,0.027469987,1.2232599,1.3078227,0.52434015,4.8320284,0.76242507,-0.7624543,-21.679365,15.969766,1.0304776,787.48865,0.31563112,1329.7648,0.16523425,-126.354645,-0.7156069,1725.3855,0.13101643,1168.8021,0.2581526,-121.62321,-0.7248472,2779.1348,0.08367854,940.7616,0.34838372,-124.80268,-0.67718863,-6.929366,-0.93331766,17.936424,0.38177723,0.045004696,0.52424175,-0.014086511,-0.9102921,0.6128843,0.9751913,24.8434,0.5850917,-17.214462,-0.83762676,4.8734937,2.6081076,-23.090143,-0.7195956,-5.5776205,15.593153,0.01822943,-0.0012396242,0.30838442,1.7571886,3.0595813,0.12736842,0.13134293,0.18777779,0.24144371,-19.810886,s,Ses01F_script03_1,Ses01F_script03_1_M007
98,38.822605,0.18536887,32.90262,36.685364,44.4817,11.5790825,177.16846,124.98487,35.073227,22.73638,1.0186484,0.8052903,0.34133998,0.7920817,1.5222268,1.1808869,16.219656,13.099391,12.081295,7.2455597,0.5114179,1.1451516,18.178757,0.58765787,-15.31087,-0.86387986,10.370256,1.1858628,-18.856983,-0.84855914,0.030119656,1.1828743,1.3765466,0.50340635,4.8979836,0.7452291,-0.0032478895,-5070.834,12.644801,1.1907779,787.98755,0.31455013,1335.2526,0.17967792,-119.90335,-0.75441104,1718.8752,0.12807515,1233.5276,0.31389475,-115.14077,-0.7670322,2756.4385,0.09175471,965.07513,0.4178822,-117.99086,-0.72255373,-6.0247235,-1.0336819,16.285357,0.3768806,0.04573161,0.537035,-0.012358336,-0.969789,0.7171059,0.82278115,21.085497,0.48610085,-18.310505,-0.789928,7.0481167,1.8858836,-24.239134,-0.7138112,-3.037677,12.895605,0.018994594,-0.0003383894,0.34877023,2.3219814,3.4321373,0.12272727,0.08650705,0.16149999,0.2085012,-19.235836,s,Ses01F_script03_1,Ses01F_script03_1_F005
99,32.724606,0.1287847,27.75383,33.840477,35.831093,8.077263,55.756973,49.727867,10.157787,9.234734,0.46884167,0.7022089,0.21792914,0.33971894,0.6661887,0.4482596,4.319861,3.2150395,2.315984,2.0927534,0.15756299,0.8313028,26.313313,0.4546576,-7.1667776,-1.1132559,15.581303,0.60605556,-9.945599,-1.0946099,0.020215675,1.316422,1.1814543,0.50594234,6.619063,0.5121616,5.171735,1.912922,23.600967,0.34806,645.7399,0.3842953,1372.9369,0.14692248,-112.47551,-0.83731455,1658.7808,0.15173516,1060.533,0.21034206,-109.30703,-0.8170334,2726.4219,0.10836206,991.8,0.41920358,-112.91383,-0.7592992,-13.712282,-0.41068366,23.715858,0.29364005,0.04589981,0.3877774,-0.012052826,-0.8401284,0.2211286,0.56464237,33.309074,0.27393684,-6.1063504,-1.2817363,13.505689,0.74968594,-13.427147,-0.8978839,-5.491622,14.839894,0.009083463,0.0021757837,0.09131533,2.4761906,1.9267823,0.24799998,0.22582294,0.27888888,0.46095175,-28.410284,q,Ses01F_script03_1,Ses01F_script03_1_M008
100,35.089447,0.09979528,30.723358,35.970924,38.010868,7.28751,109.87328,111.31562,10.117642,15.251807,0.49116907,0.63773644,0.2287845,0.40056545,0.73020464,0.50142014,5.6292157,2.5848644,5.177714,3.7669268,0.18004575,0.7985142,24.172783,0.37833473,-6.414303,-1.1495088,16.278795,0.6557497,-11.189955,-1.1105123,0.017480697,1.0900753,1.100328,0.5803005,7.142175,0.54374427,9.081571,0.95616555,19.040792,0.56279993,579.2593,0.30090645,1428.8151,0.13605614,-137.126,-0.6246905,1662.5859,0.119860515,981.4131,0.23436503,-128.90303,-0.653278,2663.2437,0.088749856,1078.3798,0.23497969,-129.18013,-0.6507883,-11.991866,-0.5573496,19.234787,0.4835474,0.048407033,0.5082955,-0.020404773,-0.59327245,0.28226873,0.4407175,28.846664,0.24883033,-6.1700244,-1.5760379,17.875048,0.6628868,-17.210316,-0.7970596,-6.9353557,15.334886,0.013537924,-0.0017801292,0.11873318,3.968254,2.834008,0.13,0.09680613,0.17625,0.14256029,-27.01117,ans,Ses01F_script03_1,Ses01F_script03_1_F006
101,31.40744,0.09761368,28.10196,30.88178,34.67262,6.5706596,152.62486,88.86356,43.76547,52.351547,0.31980488,0.5497068,0.1765027,0.28716952,0.40723276,0.23073006,4.942125,4.0058103,2.0811174,2.2995925,0.10782786,0.81235915,23.55262,0.46520266,-3.9944422,-1.9515585,15.726152,0.52372724,-12.297644,-0.7445611,0.029774642,0.5463805,1.8928689,0.5514241,3.9340863,0.740644,1.0332221,7.4937844,20.973577,0.53039986,576.46045,0.37919357,1343.1809,0.16124342,-163.35643,-0.42380235,1587.5922,0.12724112,1157.0062,0.2198775,-162.82254,-0.40900105,2609.424,0.102573596,1117.1735,0.36864287,-164.37294,-0.3873939,-10.476666,-0.50848913,20.933926,0.3802262,0.027211225,0.765674,-0.011715684,-1.0782434,0.15281111,0.534594,29.418325,0.26399383,-5.7338142,-1.819246,13.735648,0.8383932,-12.416799,-0.66109043,-7.989724,16.12909,0.010490131,-0.0059904135,0.09410853,3.9215686,4.0404043,0.041249998,0.027585097,0.18625,0.15643989,-34.919792,s,Ses01F_script03_1,Ses01F_script03_1_M009
102,32.00786,0.085981764,29.725311,31.870255,35.076252,5.3509407,272.96915,124.31956,50.173584,47.69019,0.3168791,0.589159,0.16940081,0.25438556,0.41528445,0.24588364,4.300533,3.472904,3.774788,1.7303015,0.11548914,0.7936018,25.617872,0.39413002,-3.9713187,-2.31538,20.628426,0.39172834,-7.0411158,-1.232244,0.026769487,0.76407117,1.8024316,0.54217213,4.435508,0.48492903,1.6328073,5.1855125,17.316093,0.589145,510.10538,0.2793273,1238.5226,0.14182192,-161.03989,-0.44950753,1542.2065,0.095832326,960.3436,0.2416084,-161.52939,-0.42476717,2509.3367,0.07446977,937.41095,0.1739802,-161.88214,-0.4197775,-11.400673,-0.5639296,18.655905,0.42330387,0.034472935,0.70531535,-0.016942795,-0.60413873,0.17708662,0.45165285,31.309307,0.24372032,-7.5925636,-1.470174,21.753752,0.42637828,-8.553939,-1.0571862,-9.739726,16.211775,0.0159456,-0.0048882184,0.10190518,4.587156,3.286385,0.055714287,0.035398602,0.19874999,0.22893433,-34.24829,o,Ses01F_script03_1,Ses01F_script03_1_F007
103,31.40382,0.10057213,27.88293,32.269974,34.34834,6.4654083,168.7465,283.9718,24.52053,30.680254,0.28834477,0.55489403,0.14812733,0.24466921,0.43398452,0.2858572,3.0199127,2.9082637,1.8192886,1.6203841,0.09869321,0.87088245,29.803598,0.33813316,-2.0101066,-4.9055467,17.312172,0.7235152,-8.477649,-1.3067454,0.017687274,0.90278745,1.1940773,0.45094562,6.7288303,0.38211805,2.4437337,3.3747327,23.268274,0.32388604,653.1299,0.410037,1404.461,0.15306363,-116.41375,-0.80148524,1669.1718,0.16799149,1160.1812,0.29126263,-117.49196,-0.7510955,2744.0217,0.11101819,1010.6466,0.2726105,-121.09947,-0.696538,-15.942269,-0.3543604,26.316807,0.25191593,0.025832139,0.94579846,-0.011862531,-1.0403618,0.14085476,0.63935673,36.70947,0.1561695,-2.5901737,-4.4548864,16.7132,0.95624393,-8.724824,-1.4430232,-10.647672,19.17513,0.005057757,-0.00029185435,0.063925065,2.3602483,1.375,0.32636362,0.24525581,0.3483333,0.5400746,-32.395008,o,Ses01F_script03_1,Ses01F_script03_1_M010
104,34.213062,0.08259609,32.021023,33.21052,35.495983,3.4749603,113.95947,191.4298,44.563725,42.88802,0.35276145,0.7424862,0.12634909,0.27681997,0.5263645,0.4000154,4.19294,2.6115944,3.897069,3.5775115,0.13587292,0.9957925,29.187454,0.26185608,-3.0971246,-2.9795501,22.846708,0.437837,-8.1089945,-1.2859124,0.023060571,0.84007645,1.2402947,0.53287333,7.5362782,0.3437917,8.3593235,1.0380408,20.8795,0.43710268,632.8151,0.3991166,1426.1958,0.16068776,-110.50906,-0.8242694,1711.8263,0.1429413,1076.6047,0.38012397,-106.07876,-0.8031334,2741.16,0.111183055,1154.1409,0.39691797,-107.960884,-0.7767465,-15.484586,-0.42822617,24.381887,0.44796923,0.018782804,1.5928975,-0.01592809,-0.8487042,0.185168,0.72246695,32.32257,0.24269915,-1.764643,-5.7171474,25.71701,0.46766877,-9.494479,-1.2384169,-11.779506,20.773926,0.0010874649,-0.0025194518,0.082614854,2.763819,1.7811706,0.2942857,0.24610433,0.24714284,0.2714887,-29.753986,o,Ses01F_script03_1,Ses01F_script03_1_F008
105,30.7625,0.28961658,23.29957,26.666218,44.06127,20.761702,72.52841,0.0,23.75414,5.5013294,0.24385731,0.7938433,0.11005698,0.1757263,0.29769474,0.18763776,3.8182647,3.1139703,0.9845298,2.3569553,0.08532142,1.1883191,28.543392,0.42299765,-1.9047643,-4.372101,12.708033,0.86123735,-12.216116,-0.7522256,0.017606482,0.8183258,1.3398744,0.59287167,5.7843347,0.68771535,5.554426,1.647299,25.258102,0.27924773,548.7218,0.37328485,1336.3,0.12449033,-145.51016,-0.5833089,1548.4725,0.13730152,1131.971,0.20547569,-145.65794,-0.5493816,2586.417,0.09628643,1030.8795,0.26705456,-148.42566,-0.5110694,-14.342663,-0.44287467,25.41315,0.31336114,0.033621214,0.79392815,-0.014819974,-0.7061335,0.13474448,0.9863787,35.712082,0.29618245,-4.1593876,-2.5790217,8.248869,1.487504,-14.090362,-0.7602523,-11.930167,20.465334,0.007654058,-0.005362026,0.055127434,2.4590163,2.5210085,0.11,0.10551461,0.26666665,0.28081232,-32.92611,c,Ses01F_script03_1,Ses01F_script03_1_M011
106,39.079346,0.12440987,35.549046,37.798668,44.06127,8.512226,122.56288,150.58896,57.39846,84.321884,0.34362873,0.73415047,0.1320897,0.27772057,0.48374,0.3516503,5.6995177,4.056402,3.4829233,1.741666,0.14560923,1.2516984,26.38209,0.43826118,-1.7532703,-5.9597955,9.38023,1.3984828,-17.918762,-0.74723244,0.022207946,0.7877242,1.0922142,0.67188585,8.73893,0.3984757,9.196461,1.0003008,29.595201,0.3528539,791.7655,0.25618544,1353.5928,0.16581754,-133.50604,-0.644362,1833.7386,0.1246999,1166.9348,0.3182262,-134.61606,-0.5888762,2902.9958,0.091454186,1068.7292,0.3346876,-137.18224,-0.5551617,-14.80227,-0.51283264,28.12645,0.35388118,0.042972438,0.64674103,-0.017581888,-0.80908537,0.24913825,0.78762555,31.627197,0.3012557,-2.510894,-5.6667514,3.9172118,3.8692877,-22.428352,-0.7249441,-9.721068,19.608799,0.01252636,-0.004643377,0.08632008,2.903226,2.6229508,0.1375,0.07361216,0.22125,0.31762546,-29.868755,o,Ses01F_script03_1,Ses01F_script03_1_F009
107,30.355291,0.059793357,28.638218,30.403286,31.398277,2.7600594,75.27998,91.78021,12.386248,10.266011,0.22637622,0.5988711,0.118552506,0.18123722,0.32088014,0.20232764,2.5940576,2.0531688,1.3785826,1.1331832,0.06923367,1.019619,27.253645,0.33919895,0.56287354,14.546552,17.400476,0.59106743,-10.754124,-0.9109723,0.015927533,1.0452464,1.2107625,0.5086224,6.323592,0.38343176,3.429584,2.790078,24.523315,0.33251628,608.57745,0.3602982,1314.4713,0.16730925,-134.7393,-0.6692422,1655.5087,0.15331419,1000.57544,0.31072706,-138.18091,-0.6034395,2686.2324,0.098363474,951.91876,0.32812512,-139.49707,-0.5852615,-16.170895,-0.29642594,25.009665,0.22268958,0.030712107,0.55328465,-0.018359985,-1.0039667,0.119072646,0.76009744,34.02726,0.23152526,1.3184092,6.230868,21.875387,0.62706673,-12.950547,-1.0100908,-11.301538,20.7348,0.0024217458,8.059131e-05,0.04194154,2.4886878,1.6018307,0.20714284,0.12925218,0.34625,0.5769085,-34.598957,q,Ses01F_script03_1,Ses01F_script03_1_M012
108,31.700453,0.048159957,30.158169,32.053326,32.74599,2.587822,82.61789,148.95903,28.324585,31.493618,0.30769154,0.55118066,0.15747713,0.27183235,0.41741028,0.25993317,4.7658644,5.3255973,3.028449,4.427454,0.10066753,0.91425955,26.415636,0.32243967,3.0505686,3.1327555,23.613125,0.4261098,-3.7764268,-2.954107,0.015824977,0.7182884,1.0668672,0.4190925,7.9842935,0.27354535,9.750409,0.67156065,21.587494,0.31673735,766.2812,0.3216947,1311.6501,0.15315266,-100.15597,-0.8874798,1831.8428,0.12556648,990.03937,0.37801385,-104.89245,-0.79064906,2802.5325,0.085426845,971.121,0.3234677,-105.88843,-0.7742311,-17.94521,-0.3595691,25.803638,0.28536695,0.0010925179,25.697325,-0.013044665,-1.4479715,0.13448709,0.7524753,29.270172,0.2816612,5.8827004,1.552655,28.757965,0.30874074,-2.9009397,-4.6165924,-11.227166,19.354694,-0.0050182627,-0.0049896752,0.059175745,2.777778,2.0325203,0.264,0.13093509,0.20799999,0.15223666,-31.697834,ans,Ses01F_script03_1,Ses01F_script03_1_F010
109,33.86697,0.18498892,29.022388,31.324236,36.55833,7.535942,65.27818,63.034805,94.6751,141.51236,0.615063,1.2219119,0.19273277,0.3352815,0.8501183,0.6573855,12.3465,10.31875,7.5289507,8.510273,0.28087306,1.8113371,29.48655,0.3019083,-4.523963,-2.97846,15.565697,0.7834621,-13.464039,-1.1294538,0.017294051,1.8599551,1.0519,0.5275496,7.204947,0.43721363,5.3121867,2.0862956,21.865578,0.49040252,656.19257,0.40230724,1344.1393,0.16947894,-66.07326,-1.3027412,1674.6,0.17481521,1076.6206,0.29398927,-65.82098,-1.1749979,2722.0454,0.10783356,930.0437,0.36092496,-69.82073,-1.0741277,-13.716132,-0.49827483,23.28979,0.3167037,0.037123945,0.7128032,-0.011092186,-1.4143645,0.3451983,1.6345237,31.779026,0.24302976,-4.964416,-2.9021168,15.033115,0.86443293,-15.362558,-1.0898887,-9.9405985,18.912004,0.0027593577,0.000275621,0.107650094,0.98231834,2.0730503,0.3457143,0.35440856,0.11571428,0.14808528,-20.946829,s,Ses01F_script03_1,Ses01F_script03_1_M013
110,41.70829,0.14700009,35.511265,40.139484,47.795654,12.2843895,71.39591,67.87924,131.30983,148.00208,1.1505536,0.8713496,0.34609812,0.9060602,1.6676908,1.3215926,15.099625,8.050727,9.677771,8.385569,0.59740305,1.2148448,23.836803,0.3407696,-16.573812,-0.8523208,12.058969,0.84726024,-14.873475,-1.0591968,0.020686815,1.9834901,0.89589626,0.539408,8.9722395,0.45963243,8.2479515,1.2320735,13.541793,0.65852076,740.8294,0.35973868,1322.7731,0.21856867,-77.26624,-1.1581247,1748.4857,0.12898733,981.89215,0.34871134,-65.884476,-1.2343572,2774.7246,0.08083186,917.8353,0.41209722,-69.36941,-1.1404934,-8.931852,-0.81399393,17.125164,0.420883,0.062535346,0.42538083,-0.01387651,-1.173389,0.79107714,0.9755725,26.024462,0.27919066,-19.997343,-0.7346446,11.814687,0.9936164,-19.558596,-0.8051288,-5.7976456,14.637796,0.005115656,0.003902802,0.13555801,2.1164021,1.8766756,0.3742857,0.32119673,0.19,0.25992304,-16.524471,c,Ses01F_script03_1,Ses01F_script03_1_F011
111,27.669922,0.118609644,24.973837,26.901468,29.681236,4.7073994,9.524843,18.879967,38.477135,31.111147,0.20205748,0.42321426,0.12224407,0.17994544,0.29332873,0.17108467,1.2921045,0.65308577,1.3389639,0.6494589,0.05348636,0.6780462,24.716602,0.41650447,2.4215786,3.7107177,15.574261,0.5633788,-8.420297,-1.0740954,0.021901613,1.0406268,1.1783835,0.506076,4.774333,0.4555305,-1.826331,-4.5356083,21.87734,0.24037553,489.99518,0.36745733,1326.2424,0.12224521,-135.00638,-0.6802999,1536.4194,0.13679494,1032.9281,0.21959949,-137.32492,-0.6180553,2545.9082,0.08650022,885.4065,0.20945871,-138.73627,-0.59770757,-15.52642,-0.17112504,24.228321,0.14215557,0.030580321,0.55780053,-0.012436802,-0.8815338,0.07797962,0.42700934,33.36887,0.18040328,0.8934624,7.1551466,21.18671,0.5262248,-10.852488,-0.8524754,-10.702668,20.057709,0.0004284839,0.001589415,0.03996252,2.7083335,1.4736842,0.22571428,0.19913076,0.42999998,0.2832465,-39.402905,o,Ses01F_script03_1,Ses01F_script03_1_M014
112,33.352985,0.10852067,29.891382,31.936462,37.603905,7.7125225,94.46497,0.0,-51.097206,0.0,0.23746656,0.7110694,0.10734007,0.17208897,0.3418263,0.23448622,2.3739634,1.5472792,1.9486502,0.82895184,0.07930526,0.9769047,21.956385,0.27081865,1.1012012,7.687964,18.697075,0.37848556,-12.385706,-0.5679913,0.01772289,0.83892,1.1505635,0.53671974,6.3833466,0.6195162,5.8719163,1.5680442,18.484264,0.48195377,480.85016,0.3014817,1346.0266,0.12339635,-174.39517,-0.36250883,1621.1039,0.09437001,931.35236,0.279922,-170.36543,-0.37141824,2647.4688,0.08744221,1155.7972,0.38923687,-170.18463,-0.37485048,-12.89753,-0.48884377,19.216402,0.48243377,0.038209297,0.36023962,-0.025667462,-0.79929817,0.18586242,0.3514327,28.056387,0.19659533,-3.1201468,-3.0067077,21.954767,0.29530808,-18.17507,-0.48825583,-11.137776,18.86262,0.0057106586,-0.0065502385,0.06085303,1.986755,2.0547945,0.07333333,0.041096095,0.2925,0.20054613,-35.156796,q,Ses01F_script03_1,Ses01F_script03_1_F012
113,30.299442,0.07752582,28.678665,30.31713,32.772686,4.094021,242.56673,366.80878,15.590996,10.232639,0.26182044,0.53134644,0.14453289,0.22814137,0.34020743,0.19567454,2.7076614,1.6769979,1.7725636,1.2241532,0.07669681,0.80200535,26.407324,0.44689918,-1.483598,-6.332223,14.819402,0.65285105,-8.672626,-1.0719475,0.01585672,0.9257633,1.2137125,0.45241565,5.484897,0.4682256,4.214617,2.0887883,25.435642,0.4203504,568.1567,0.38111007,1389.5188,0.15698768,-127.04237,-0.7254911,1614.2482,0.16438854,1053.3091,0.21338695,-126.73517,-0.68990374,2690.0708,0.108165845,993.59155,0.2271356,-130.12956,-0.64074844,-14.172074,-0.47266018,25.052443,0.27735886,0.029322162,0.64034915,-0.012783863,-1.2816609,0.1244202,0.5176621,36.761627,0.21459243,-1.8183832,-6.190073,13.000738,1.028594,-8.420671,-1.4500587,-8.827018,17.025364,0.00437731,0.0013062124,0.045136414,2.601156,1.6011645,0.24363635,0.23125242,0.32999998,0.32323882,-35.464024,ans,Ses01F_script03_1,Ses01F_script03_1_M015
114,27.897406,0.15253511,23.881264,26.90032,30.90677,7.025507,34.057114,25.219025,11.5819645,7.1416416,0.22985928,0.53038055,0.12511231,0.18624313,0.3370377,0.2119254,1.8622627,1.1742866,1.0666531,0.7458538,0.062365454,0.8286767,27.526318,0.38425222,-1.2601118,-9.949404,17.89966,0.63958347,-6.3121867,-1.3768778,0.012271275,0.9444532,1.0509648,0.5742214,4.927249,0.48108575,5.3094444,1.6508073,23.842812,0.40514338,565.3091,0.4164221,1400.9746,0.13181977,-120.58646,-0.772754,1596.046,0.15563568,1097.9019,0.25136888,-119.82468,-0.74088806,2640.6538,0.10732615,1002.9502,0.25532916,-122.569275,-0.69861156,-13.528949,-0.4449884,22.721287,0.28876165,0.019096537,1.0340539,-0.0054870574,-1.368404,0.08436698,0.52905685,34.72474,0.19281211,-4.5816116,-2.9799519,17.854303,0.8077619,-4.690658,-2.0541308,-10.400493,17.623676,-0.00058848044,0.00082761864,0.04577763,2.0504732,2.3847377,0.17266665,0.10318052,0.22533332,0.2437175,-37.38967,o,Ses01F_script03_1,Ses01F_script03_1_M016
115,32.545273,0.12331319,28.419352,32.284416,35.860626,7.4412746,51.592804,45.052803,56.61873,54.670296,0.28516072,0.7815661,0.10733691,0.20532101,0.40312675,0.29578984,4.944611,2.4685354,4.101931,2.511775,0.09675394,1.0393476,28.86494,0.36246008,-2.9736736,-3.4338522,15.038933,0.6014834,-9.216759,-0.7809508,0.01865752,0.8552581,1.082288,0.7912034,6.128184,0.48994914,5.1225977,1.452948,22.392956,0.35193592,558.4663,0.24180982,1330.4257,0.10332611,-128.95375,-0.69502085,1631.6626,0.084892206,936.3717,0.19876127,-129.24193,-0.65897304,2696.6743,0.06732001,954.1755,0.3219853,-132.26057,-0.6168543,-13.312536,-0.37430593,21.386198,0.30797002,0.031054674,0.5303144,-0.024911517,-0.46053454,0.17195156,0.6620627,36.179375,0.18515788,-8.676793,-1.3953637,16.07944,0.75121164,-11.898828,-0.6054242,-11.760709,20.479874,-0.00085947325,-0.0050503816,0.050593782,3.4883723,2.9498527,0.121999994,0.073593475,0.17818181,0.20647773,-33.35016,o,Ses01F_script03_1,Ses01F_script03_1_F013
116,28.241503,0.14957547,24.749264,25.29913,33.52138,8.772118,45.91227,30.877792,54.2195,30.973913,0.17359804,0.51412356,0.09874745,0.13727921,0.2569262,0.15817876,1.201694,0.9257527,1.0844222,0.86095995,0.046707824,0.66344774,29.442303,0.27533588,-4.224307,-2.151363,14.993025,0.6300604,-10.503453,-0.73896575,0.014925605,0.97687006,1.2874812,0.73620766,3.8876173,0.5789413,5.275518,1.5867623,19.191277,0.5632349,574.34814,0.41387287,1488.1989,0.13913995,-170.77678,-0.39296874,1519.7181,0.1578574,1193.2637,0.2148786,-168.51117,-0.40057003,2533.7847,0.108704,949.2425,0.21920487,-170.2478,-0.37517866,-9.7753315,-0.73068464,21.354729,0.2837944,0.017074589,1.0728071,-0.0072143683,-1.5407587,0.08033249,0.3852542,38.108036,0.12724566,-11.71537,-1.0215701,10.83856,1.3320312,-7.2982073,-1.0908372,-11.489765,21.391998,0.0018411967,-0.0023771524,0.040417586,1.6908213,1.9559904,0.0775,0.06814507,0.41375,0.40267658,-41.584457,ag,Ses01F_script03_1,Ses01F_script03_1_M017
117,32.456165,0.05420014,30.758219,32.378544,33.90052,3.1423016,43.730965,30.469841,15.524634,10.533185,0.21979433,0.6465996,0.10275133,0.17281441,0.327123,0.22437166,2.5051773,1.5120252,1.8033547,0.9150775,0.06394106,0.94896996,29.099913,0.31551176,-0.084444486,-102.0352,14.835327,0.49683693,-6.0279236,-1.528585,0.016632963,0.78776205,1.2077054,0.6692437,7.7517204,0.266287,9.139204,1.2119792,27.26159,0.33616605,676.87555,0.31548336,1439.2314,0.15258147,-132.40031,-0.6752397,1706.973,0.13475148,1145.027,0.24829406,-134.9805,-0.6176777,2786.2432,0.09271765,965.1644,0.32187688,-137.66808,-0.5805596,-17.599428,-0.2789732,28.485886,0.24294862,0.013572777,1.6336107,-0.013190896,-0.97496843,0.104100004,0.7114078,36.981194,0.17170264,1.588606,5.622481,14.803337,0.69471765,-7.460779,-1.617656,-11.806559,21.341822,-0.0031730977,-0.0022153393,0.040662065,3.0150754,1.3513514,0.26624998,0.26855806,0.45125,0.45385674,-34.074883,q,Ses01F_script03_1,Ses01F_script03_1_F014
118,28.050508,0.0037785806,27.938793,28.064861,28.160727,0.22193336,0.0,0.0,-0.029493522,0.0,0.115992,0.23789294,0.09555052,0.101994455,0.13388726,0.03833674,0.34136105,0.16007468,0.20047887,0.1515822,0.029730532,0.50955987,26.351477,0.27567527,0.013494547,282.02078,16.4706,0.22240505,-6.5038013,-1.0682907,0.022071192,0.7624552,1.4908082,0.3283548,5.557396,0.20920642,2.3911989,0.6115286,37.31995,0.10936878,808.57434,0.37213445,1524.3368,0.1876731,-193.99692,-0.17245272,1907.3154,0.10753186,1298.0415,0.08319486,-193.41356,-0.17888367,3116.1833,0.094936654,1292.9714,0.18441896,-193.9206,-0.16623884,-17.933657,-0.080205075,24.896017,0.09109225,0.0084794285,1.0884241,0.0070210476,0.7518684,0.04700229,0.213757,39.49102,0.036337607,4.950495,0.31205267,17.030619,0.13356079,5.1347623,0.38913178,-12.579828,22.60355,-0.006874881,0.0018279647,0.029183386,2.0576134,0.4201681,0.089999996,0.0,1.13,0.089999996,-46.826454,q,Ses01F_script03_1,Ses01F_script03_1_M018
119,32.140007,0.061526645,30.664265,31.188578,33.89792,3.233654,16.297834,3.2759612,17.353645,4.1410584,0.25745597,0.69335407,0.10759379,0.18115756,0.413027,0.3054332,2.704901,1.6196767,2.295317,1.3758341,0.0743025,0.88849026,30.460024,0.37648958,-2.609244,-2.9456897,14.704477,0.63082993,-10.927011,-0.66161263,0.013616737,0.7036158,1.1629692,0.63286275,7.190718,0.34003693,2.9972649,1.3348441,25.30072,0.30935344,547.24335,0.2841048,1409.0857,0.14062978,-114.10763,-0.82048166,1571.4034,0.10209808,1126.3247,0.291949,-117.335106,-0.74712837,2636.3342,0.06117465,990.9866,0.3886802,-121.43564,-0.68548405,-14.972215,-0.29867417,25.308552,0.29099202,0.027689902,0.82317233,-0.021755967,-0.4011415,0.12239202,0.56104344,38.970425,0.2204141,-5.2725635,-1.7806252,9.957525,0.9647302,-13.273492,-0.6182094,-11.550148,20.510391,-0.0018874618,-0.00314506,0.035844363,2.9914532,2.183406,0.19999999,0.12569804,0.234,0.18671903,-34.038338,q,Ses01F_script03_1,Ses01F_script03_1_F015
120,28.733912,0.29254255,22.822788,23.399004,38.42487,15.602081,49.352917,18.892256,29.904612,15.000399,0.22312567,0.6984704,0.103948995,0.16678387,0.3094665,0.20551752,1.3153068,0.91886437,1.1936265,0.9585923,0.05998466,1.0332366,29.007221,0.30716622,-5.016875,-1.6297327,14.576211,0.89300376,-11.807744,-0.94350165,0.011674781,1.0229526,0.98343825,0.5709799,5.1411295,0.6715485,6.194407,1.1400256,24.205349,0.33573446,606.10443,0.36107156,1409.0856,0.15811388,-142.21736,-0.6101179,1570.7009,0.15238103,1171.2579,0.22653371,-141.04092,-0.5950332,2646.4265,0.09336154,932.1124,0.29083124,-143.36774,-0.5621556,-11.6227665,-0.3382233,23.244043,0.26928556,0.025851356,0.79046005,-0.011486304,-0.73050976,0.09638023,0.9176093,35.36408,0.191311,-9.488852,-0.99634564,8.8152895,1.9965483,-18.912601,-0.7672152,-11.3878975,20.551138,-0.0013482426,-0.0030807145,0.042011116,2.1194606,2.1442494,0.13909091,0.1132539,0.3072727,0.30409598,-36.943596,ans,Ses01F_script03_1,Ses01F_script03_1_M019
121,41.18332,0.13779841,37.86578,41.977142,46.317993,8.452213,70.61286,56.600925,43.08719,20.141874,0.35889032,0.62790436,0.13446176,0.2983801,0.58202255,0.4475608,3.739811,2.1307416,2.7678747,1.7647791,0.12575279,0.8848553,26.333345,0.36759028,-8.720087,-1.2031283,9.393355,1.3980788,-19.965042,-0.70608467,0.016474525,0.8496958,0.9716502,0.7433097,9.593019,0.44279265,9.55814,1.1052337,21.820116,0.34091535,702.5983,0.27893612,1337.4221,0.110715196,-120.21846,-0.77171123,1701.2649,0.12679599,1146.903,0.40321538,-111.44711,-0.7805104,2783.9043,0.0904331,909.467,0.3815673,-114.71742,-0.72892636,-13.543556,-0.39134753,25.2204,0.25429013,0.042752754,0.60053384,-0.015755529,-0.6070916,0.19939534,0.52868634,30.371418,0.22914226,-13.261689,-0.74804235,3.1324704,4.3251476,-27.51913,-0.4599761,-8.801087,17.916616,0.0029658014,-0.0050172713,0.056654565,3.1578948,2.142857,0.22166665,0.14848307,0.22166665,0.17883107,-30.7614,q,Ses01F_script03_1,Ses01F_script03_1_F016
122,32.997707,0.16733918,27.389229,32.525406,37.503803,10.114574,-26.946037,0.0,18.936583,0.0,0.19572546,0.5685047,0.095760815,0.15742514,0.290708,0.19494718,2.3650992,1.5923151,1.4774756,0.97846085,0.06079098,0.7403742,33.0859,0.18659204,-4.7848735,-1.1419811,11.564297,0.8275935,-14.016697,-0.65431356,0.020795709,0.7879642,1.4086163,0.53554004,4.853218,0.5895435,3.200081,3.0796387,24.462465,0.3226806,606.573,0.38938838,1291.3467,0.12595344,-145.18933,-0.5901267,1608.0411,0.20545751,1066.392,0.28737357,-141.67816,-0.5798905,2699.3828,0.09407848,856.96326,0.3041959,-144.40392,-0.54303765,-12.656222,-0.3013562,26.191141,0.19217783,0.032750383,0.49914983,-0.013675996,-0.75546014,0.10708381,0.3707581,38.60846,0.09924538,-6.3837442,-1.1674755,9.577571,0.93491185,-20.213915,-0.42518824,-12.98794,24.545023,0.00523217,-0.0032874332,0.039632097,2.366864,2.102102,0.14428571,0.22915104,0.27124998,0.36147052,-38.83856,ans,Ses01F_script03_1,Ses01F_script03_1_M020
123,37.153603,0.08565842,34.909264,36.931732,39.148655,4.2393913,42.781036,42.573017,26.176683,8.488149,0.30433735,0.82207704,0.09708611,0.18996875,0.5238885,0.42680243,4.7963233,2.128127,3.9335372,2.594467,0.0963096,0.9961008,28.082268,0.34823626,-2.5193086,-4.7704353,9.814688,1.0962832,-7.555931,-1.2160615,0.014425301,0.93121946,1.0428259,0.67330927,8.722697,0.35770985,5.657779,1.6566647,24.942295,0.34994406,706.20056,0.27318478,1445.0277,0.23928465,-126.35279,-0.72187215,1660.4916,0.09901827,1082.2367,0.27380094,-121.999535,-0.72436565,2776.409,0.0781607,945.96423,0.32548207,-127.55066,-0.6438597,-12.001064,-0.44839516,25.549473,0.32559824,0.027954424,0.74935406,-0.009779562,-1.1033868,0.17408758,0.51077193,32.91213,0.32916158,-6.7375107,-2.230216,3.9790187,3.231563,-9.826712,-1.1993502,-12.729612,22.931856,-0.006254108,5.5102002e-05,0.038477518,2.240326,1.4403293,0.29,0.13180071,0.38142857,0.3917517,-31.48785,q,Ses01F_script03_1,Ses01F_script03_1_F017
124,32.965088,0.012898337,32.650955,33.023464,33.337135,0.6861801,8.684354,1.454332,2.44443,5.095924,0.16663094,0.6438767,0.0947748,0.122822076,0.22775169,0.13297689,1.0483528,0.57830375,0.69492424,0.37218285,0.04847657,0.8910859,27.098288,0.3408728,0.9701688,9.71979,12.445018,0.68732244,-11.252273,-0.7481413,0.011518265,0.8706558,1.184483,0.5385914,6.7965765,0.21843475,0.9182482,10.808513,26.679676,0.31776348,618.85767,0.33850095,1417.9205,0.13441668,-181.08643,-0.32351273,1619.2407,0.18752906,1118.0242,0.18791969,-178.9734,-0.33065152,2779.8184,0.11029887,885.4787,0.19413783,-180.32399,-0.30810422,-14.178033,-0.3961543,27.695148,0.16676973,0.01876231,0.6192685,-0.0183905,-0.8732,0.12206222,0.33835766,39.14248,0.13565356,-1.8929884,-5.9228477,4.7031317,1.919523,-25.666584,-0.5901479,-12.460049,21.603523,-0.0021029068,-0.0012998517,0.03900934,1.2562814,0.25445294,0.45999998,0.0,1.7199999,1.0,-40.00165,ans,Ses01F_script03_1,Ses01F_script03_1_M021
125,43.191902,0.16801718,37.204754,43.728996,49.090233,11.885479,80.81655,39.443237,37.253517,3.589735,0.44645268,0.90475976,0.10256563,0.29302874,0.7966333,0.69406766,6.512165,4.596728,4.579964,2.2577395,0.25203788,1.4069006,25.492783,0.3341433,-7.7490478,-1.5034366,5.022386,2.584011,-13.054918,-0.7550694,0.04560978,1.9061707,1.2179515,0.53569144,8.6803055,0.47388393,13.980993,0.7275791,19.352566,0.3845882,736.15735,0.3491697,1338.7568,0.17492215,-134.19708,-0.66066134,1690.1132,0.12124264,1057.9493,0.28616306,-118.24833,-0.7491524,2780.8406,0.099297404,964.98926,0.54889894,-122.04183,-0.69438195,-11.147369,-0.51515603,22.167639,0.37604475,0.0577211,0.48112994,-0.011289656,-0.7997776,0.49811193,0.81891793,27.371439,0.34354386,-15.209899,-0.8158548,2.240261,7.118205,-16.310823,-0.7424063,-10.9533825,21.913248,0.00431717,-0.0013922147,0.056005068,2.5547445,1.4869888,0.295,0.2263294,0.28399998,0.25429118,-24.23233,q,Ses01F_script03_1,Ses01F_script03_1_F018
126,31.75655,0.11657474,29.43663,32.66832,33.791916,4.3552856,283.524,376.2559,19.475204,12.266225,0.21443166,0.5648316,0.10391989,0.18014038,0.32783383,0.22391394,2.292297,1.8940573,1.7095429,1.1536276,0.06776431,0.8076588,29.907902,0.30486238,-2.640242,-3.6373525,15.837874,0.600609,-8.201645,-1.1047568,0.013931723,0.97419924,1.2469532,0.5283983,6.07707,0.4200432,4.19667,2.2556384,24.64519,0.33231473,559.6177,0.43388408,1341.8838,0.1480423,-150.83435,-0.5457187,1578.2933,0.17075892,1065.9343,0.25171757,-147.75737,-0.5466052,2631.6892,0.10730131,992.1786,0.32148543,-150.18806,-0.5128443,-13.669732,-0.42111826,24.65643,0.20693493,0.02759665,0.6789863,-0.004789791,-2.3564856,0.11246799,0.560332,36.690235,0.18184829,-6.2668624,-1.7033795,14.574032,0.7670923,-6.7533493,-1.4714589,-12.034106,21.932035,0.00045293514,-0.00050997525,0.049701788,2.3068051,1.7401392,0.15533334,0.1448156,0.39799997,0.58988357,-37.42503,ans,Ses01F_script03_1,Ses01F_script03_1_M022
127,29.49152,0.11596951,24.871408,31.261536,32.518536,7.647127,107.30104,96.385475,16.350506,27.776041,0.24504162,0.51254475,0.12986311,0.22720838,0.3279952,0.1981321,3.0300336,2.1193852,2.046063,0.9965861,0.07373574,0.7113005,23.298574,0.40848455,-1.4955004,-6.011819,15.921438,0.65477276,-7.960153,-1.0013103,0.020022577,1.5945858,1.2591187,0.4276677,4.4300985,0.7030617,4.5663733,1.0785465,16.383781,0.27703384,640.735,0.31551558,1365.4609,0.15314266,-165.51398,-0.43502942,1591.523,0.13902156,1221.3619,0.30287558,-165.35013,-0.4262646,2604.769,0.09638428,944.9334,0.18658379,-166.9001,-0.40362713,-10.163747,-0.60722023,20.305248,0.30605015,0.00732452,2.52044,-0.012273086,-0.8325162,0.1088559,0.6818407,30.83643,0.2076825,-7.7617254,-1.3367232,12.440911,0.97703856,-9.004081,-1.153846,-10.850062,19.395815,-0.0021970903,-0.002597144,0.066260055,3.846154,1.3114754,0.1375,0.039607447,0.60499996,0.2772634,-38.456493,o,Ses01F_script03_1,Ses01F_script03_1_F019
128,26.390804,0.08455932,24.675701,25.20481,28.62017,3.9444695,327.85037,221.40672,11.40418,8.485759,0.22660413,0.3547946,0.15515555,0.21507183,0.29283643,0.13768087,2.1983263,1.8806688,1.2767915,0.94374573,0.05796507,0.4597127,27.826605,0.38948107,-1.4741898,-5.852469,11.614205,0.78556234,-7.4617023,-1.0293939,0.01055682,0.98306096,1.357971,0.42499226,3.8551621,0.4167049,-2.4323754,-1.8301954,19.339151,0.3338043,697.86707,0.29636288,1456.948,0.1691891,-107.92259,-0.8570054,1656.842,0.1455046,1211.2837,0.16089721,-110.79043,-0.80117637,2723.588,0.09701771,993.9663,0.18115278,-115.55398,-0.7255807,-11.051691,-0.49558726,23.93873,0.19991505,0.010885758,1.7366985,-0.00818612,-1.1952368,0.062974565,0.31958893,34.599182,0.17239912,-3.9163847,-2.0240765,7.5750365,1.1598021,-10.254012,-0.6510073,-10.918512,19.920584,-0.0045204824,-0.002220405,0.05499165,3.448276,2.4561405,0.18857142,0.17249668,0.1725,0.19746836,-40.381134,s,Ses01F_script03_1,Ses01F_script03_1_M023
129,32.540657,0.1837098,27.954306,30.953377,35.52935,7.5750446,190.2152,231.88696,81.27054,139.2611,0.3258046,0.73761386,0.17375845,0.2739146,0.40250996,0.22875151,5.163232,6.933936,2.4970345,2.6509626,0.119685404,1.1142124,27.75643,0.39591184,-1.0440396,-11.150085,15.499526,0.85192555,-11.175406,-1.0818026,0.019414017,1.0740564,1.2815902,0.5187204,6.2860527,0.46493566,6.9636636,1.6611205,26.171425,0.3104611,647.20355,0.36859697,1368.3473,0.15532906,-120.58431,-0.74702424,1670.1422,0.16096614,1077.8378,0.22631194,-117.852005,-0.7229656,2740.1501,0.102101915,953.258,0.32777357,-121.108025,-0.6751336,-14.42239,-0.3679939,25.023415,0.26951408,0.028714478,0.85305434,-0.009969661,-1.6985228,0.15283579,0.91392916,33.57465,0.22710674,-1.8430203,-7.086973,12.803502,1.1680043,-13.211327,-1.1392913,-10.081634,18.525719,0.009385172,-0.00012744514,0.092902586,1.750199,3.434505,0.12302325,0.10577586,0.15439023,0.15735695,-30.98793,c,Ses01F_script03_1,Ses01F_script03_1_M024
130,39.802334,0.19743277,30.954662,43.19044,46.961365,16.006702,208.76366,272.75537,140.48833,177.62285,0.5091895,0.7449905,0.21600573,0.38235822,0.76944643,0.5534407,9.374401,7.495718,3.6771402,3.1908617,0.18629251,1.1159203,24.205652,0.43493843,-11.683151,-1.06326,11.27386,1.0645041,-13.306961,-0.9435809,0.0263974,1.8269503,1.2546738,0.77982324,8.179249,0.58300304,10.685208,0.9996774,20.080286,0.36071077,794.65796,0.32985216,1312.9294,0.20860192,-118.2228,-0.75838655,1710.3318,0.1490295,1140.9894,0.27435714,-113.4555,-0.7702425,2751.686,0.09353334,938.5553,0.32843035,-117.81138,-0.7039114,-10.444423,-0.5389603,21.414177,0.29408115,0.045709647,0.7140264,-0.006666595,-1.6083512,0.2563822,0.8098294,27.548689,0.35501537,-15.778601,-0.8437572,6.8619432,1.8317362,-19.479841,-0.70854425,-6.7279415,15.791957,0.010868974,0.003013468,0.12701772,2.4070024,3.3259425,0.132,0.1467969,0.185,0.12626031,-25.968796,oth,Ses01F_script03_1,Ses01F_script03_1_F020
131,28.163647,0.13113968,24.197199,27.860676,31.275797,7.078598,108.61671,109.58644,20.91376,9.373008,0.27430466,0.5541165,0.16286528,0.23327208,0.3701636,0.20729831,2.9623222,2.408168,1.6461875,1.4600937,0.080377586,0.8953124,32.343304,0.3124573,-3.0184066,-3.8498044,12.273003,1.0498084,-8.577906,-1.4508141,0.015319166,1.1407408,1.0973454,0.46375108,5.481467,0.4630558,1.7205099,4.638653,23.907763,0.36425713,645.37225,0.3821062,1405.192,0.170327,-84.45447,-1.0860294,1657.6796,0.17685749,1116.809,0.18248004,-86.74034,-0.99717903,2756.3396,0.11237756,967.6599,0.23583522,-92.31498,-0.88917124,-14.262631,-0.47665823,27.311533,0.23469777,0.017686708,1.3491441,-0.009501766,-1.2961684,0.09584648,0.87842,37.359543,0.1730171,-3.1986291,-3.8040962,11.655426,1.1928213,-9.663354,-1.4644983,-9.810675,19.681929,0.004852852,0.0014933376,0.056766685,1.981506,2.1276596,0.28125,0.22499652,0.16875,0.082906194,-34.442493,c,Ses01F_script03_1,Ses01F_script03_1_M025
132,33.943226,0.18786924,29.816154,31.7804,39.06203,9.245876,449.8685,541.19696,39.70109,26.071362,0.47441992,0.6932745,0.22543323,0.36563292,0.65999645,0.43456322,5.9108734,3.9076576,3.0703506,1.3568103,0.1697946,0.9262588,23.855173,0.40019238,-8.065084,-1.336323,9.982212,1.2948984,-15.66106,-0.91971976,0.022098351,1.9046403,1.198577,0.56531143,5.99693,0.4084598,-0.48960933,-15.811593,16.943615,0.4806351,670.6368,0.38705564,1308.4886,0.16059992,-125.725266,-0.74091303,1721.0663,0.15673877,1059.4308,0.31669205,-122.882,-0.72493476,2739.0488,0.11526596,1004.28284,0.30414462,-124.777275,-0.697087,-9.065868,-0.60789293,19.25538,0.4014735,0.042864572,0.35262853,-0.016860608,-0.81174845,0.28045535,0.5966287,28.757864,0.23988779,-11.874998,-0.9294605,9.584454,1.7389885,-23.759422,-0.6636835,-6.818591,16.758736,0.014414291,0.0013677634,0.09505228,2.278481,2.3076923,0.17,0.1506283,0.2411111,0.14609316,-28.24556,s,Ses01F_script03_1,Ses01F_script03_1_F021
133,29.951925,0.121986285,26.1671,30.353271,33.049603,6.8825016,316.78546,498.9903,13.066762,12.568759,0.23072164,0.62400407,0.10657782,0.18925199,0.32520968,0.21863186,2.2005951,1.2981346,1.4185538,1.0239872,0.07050409,0.9172147,31.085794,0.28460854,-1.539745,-5.860081,16.805172,0.68606544,-9.434837,-0.9359463,0.013758006,0.82802546,1.173399,0.5165534,6.0359063,0.44984487,3.9972076,2.4889843,24.94414,0.3195961,572.1367,0.38209867,1390.436,0.15971933,-117.35152,-0.8011292,1595.9324,0.16827968,1091.0184,0.27159208,-119.27771,-0.7351173,2648.1838,0.10865076,970.6389,0.2843966,-122.01723,-0.6941159,-15.351842,-0.35030764,26.093706,0.24662872,0.022219576,0.9815913,-0.0093686255,-1.2910879,0.09727911,0.66350335,36.491024,0.17897552,-1.3770255,-7.4018283,17.43831,0.8063833,-8.936889,-1.1368355,-11.795034,20.973335,0.001967755,-0.00044916896,0.048531238,1.7448858,1.5691009,0.2776923,0.2911292,0.33884615,0.38910475,-35.70657,o,Ses01F_script03_1,Ses01F_script03_1_M026
134,32.922634,0.0901984,29.955635,32.828312,36.112602,6.156967,126.36228,105.62612,23.69355,26.31172,0.3228152,0.86803144,0.12361818,0.24239309,0.4302386,0.30662042,6.3096037,5.1141744,4.7294464,4.467727,0.117702186,1.3042514,26.204466,0.330692,-2.1937344,-4.7826533,17.07728,0.6784821,-12.045535,-0.8349347,0.019688867,0.94624525,1.3026875,0.6491246,6.178561,0.3947536,6.575545,1.3780478,23.095268,0.3346091,581.99725,0.3406353,1424.941,0.13838048,-138.882,-0.62644446,1629.9818,0.13269208,1094.3245,0.2825542,-136.79016,-0.611053,2654.378,0.09536231,1048.7476,0.27078298,-138.70354,-0.58436984,-12.741176,-0.47164127,21.68987,0.36832374,0.032733466,0.6970895,-0.013610244,-0.8511752,0.21381295,0.9575984,28.782936,0.285359,-1.947448,-6.4161177,15.4979515,0.86577547,-12.615946,-0.8229486,-10.993073,19.460238,0.0048772893,-0.004845033,0.06686679,2.622951,2.1978023,0.14999999,0.15924823,0.27095237,0.2657945,-31.238575,s,Ses01F_script03_1,Ses01F_script03_1_F022
135,30.122953,0.0974957,27.685432,30.308489,32.391335,4.705902,489.96912,714.42926,51.299084,34.530293,0.34596068,0.5033697,0.2176671,0.28316307,0.48289543,0.26522833,4.008745,3.066944,1.8989666,2.0609872,0.09788553,0.75030553,23.595774,0.5285147,-0.7225583,-15.058795,21.329609,0.51074106,-9.201643,-1.2934504,0.015775077,1.5786825,1.1186757,0.5242538,5.9676065,0.43392098,4.6870003,2.220871,23.071829,0.35895848,636.79095,0.41804305,1326.1095,0.15461537,-97.23383,-0.9583041,1675.2167,0.1535623,1030.4662,0.26730034,-100.233604,-0.8628909,2699.7642,0.10256137,949.5311,0.37409106,-102.705246,-0.82090765,-14.575883,-0.31787455,22.827211,0.24696757,0.025236502,0.82254606,-0.01117507,-1.264905,0.11694064,0.6089488,31.381819,0.25106475,-0.3978839,-26.590767,21.551687,0.6037824,-10.762804,-1.2710347,-5.883442,13.107181,0.0008070281,0.0032320907,0.07227141,3.2520325,2.6272578,0.200625,0.25163138,0.17,0.39099872,-33.300507,q,Ses01F_script03_1,Ses01F_script03_1_M027
136,29.384766,0.101019435,26.495079,29.32933,31.148949,4.6538696,264.05902,173.03592,44.808033,39.06485,0.3229265,0.47743306,0.19052601,0.27844986,0.43470678,0.24418077,4.3075986,3.0207722,2.923272,2.1010475,0.09599881,0.7747499,28.000357,0.3756578,5.242433,1.8271189,20.169512,0.561055,-7.827634,-1.2839817,0.015733212,1.0514793,1.1640781,0.6017586,6.40884,0.31955907,1.8164233,3.7998157,24.934793,0.31766135,510.1915,0.38285622,1427.3248,0.17184684,-68.43134,-1.2436724,1552.5897,0.13742132,1069.6119,0.24954219,-75.86065,-1.0143248,2596.6033,0.08431219,1008.0483,0.26681262,-80.483955,-0.91361654,-15.96722,-0.33833772,25.520512,0.23923112,0.024489887,1.0009501,-0.012185155,-0.9271042,0.10507744,0.7326889,31.288263,0.25593594,4.1280823,2.2384737,19.027369,0.6315952,-9.702,-1.0397537,-12.515097,21.723139,0.0018447974,-0.004335885,0.081900805,3.9840639,4.4715447,0.14454545,0.14208598,0.064,0.040298887,-32.836025,q,Ses01F_script03_1,Ses01F_script03_1_F023
137,31.325153,0.12485807,28.576784,31.027168,33.160892,4.5841084,516.8684,775.6382,6.972292,31.208124,0.40666872,1.7644608,0.16460614,0.23665631,0.3744905,0.20988436,-5.5837307,5.06711,5.6557717,5.4009933,0.2042062,2.8860145,31.918545,0.27140015,-2.6244414,-4.7173443,19.168182,0.7319205,-8.383073,-1.343559,0.023631169,1.2944149,1.3594966,0.57057714,6.098003,0.3742781,6.2353134,2.9453547,26.52379,0.37921658,665.82043,0.37708387,1360.8285,0.1526979,-95.381996,-0.95258284,1701.3383,0.1466847,1115.8267,0.3292928,-99.69432,-0.8463063,2769.9143,0.10310845,956.85406,0.20130253,-103.11525,-0.78991413,-15.662122,-0.44952494,26.089739,0.23165704,0.024457337,0.95875394,-0.011151417,-1.1246096,0.23322959,2.6971374,35.123028,0.22447747,-2.0163178,-6.9872046,16.94109,0.89597243,-8.845965,-1.3618753,-12.723856,20.829176,0.004974265,-0.0050133322,0.09686,0.20876826,3.7974684,0.13722222,0.1274016,0.119375,0.113988414,-20.475101,ans,Ses01F_script03_1,Ses01F_script03_1_M028
138,36.746403,0.094195515,34.321663,36.010628,40.613716,6.292053,85.05016,91.249535,59.358658,82.9385,1.3085788,0.8302319,0.4408121,0.920359,2.1512032,1.710391,13.736157,10.7676735,11.023886,7.745303,0.8088172,1.2111226,25.281242,0.4272745,-8.855327,-1.3577375,15.488579,1.1905189,-18.716133,-0.8612191,0.021750988,1.1431317,1.081566,0.70495695,7.451962,0.5182865,7.6430154,1.3262492,17.051422,0.36469018,624.9516,0.4178902,1390.4835,0.18801154,-100.45055,-0.9155297,1646.6056,0.15671717,1077.777,0.34816396,-85.32724,-0.9987214,2687.6506,0.10072751,961.5281,0.3260936,-86.984245,-0.9670594,-10.002509,-0.684471,18.881725,0.38885397,0.045971766,0.45649227,-0.017848296,-0.75739676,0.93195295,1.1063261,26.672758,0.22967446,-11.142928,-1.117709,17.34358,1.1449134,-22.482841,-0.75911653,-7.5134788,16.002842,0.030489564,-0.012740616,0.62243885,2.173913,2.994012,0.19866666,0.20902522,0.14333333,0.13129695,-14.641302,s,Ses01F_script03_1,Ses01F_script03_1_F024
139,36.62675,0.08951553,34.159164,36.18013,40.15844,5.999275,27.19529,10.076407,23.047169,9.769891,1.4677684,0.5884431,0.6734172,1.2901067,2.1995437,1.5261265,19.707718,16.305912,9.3076725,12.194493,0.7878864,0.96743846,27.65945,0.19413258,-12.008491,-0.9469822,20.148703,0.8811454,-24.59752,-0.7041483,0.013462996,1.0319359,1.0155708,0.67517257,7.748073,0.45806357,8.481577,1.1737045,14.988461,0.37531826,558.1135,0.4099724,1383.654,0.15424639,-69.342606,-1.2822574,1612.4099,0.16464996,1023.6242,0.3031671,-60.21478,-1.246416,2639.219,0.091476366,978.75757,0.39639452,-58.809242,-1.2890091,-9.89672,-0.43886065,14.922381,0.3735289,0.052038345,0.34107524,-0.025336104,-0.508115,0.8415183,0.97703105,27.264894,0.17308666,-12.784559,-0.852579,22.556515,0.74325275,-28.808018,-0.58518016,-8.78611,18.561193,0.02902364,-0.014443789,0.7005681,2.1276596,2.747253,0.266,0.14732276,0.078,0.036551334,-16.070116,oth,Ses01F_script03_1,Ses01F_script03_1_M029
140,32.570435,0.17333049,26.128202,32.0866,38.339054,12.210852,178.79257,111.185455,19.436974,8.01807,0.5642044,1.2922348,0.21360311,0.32313493,0.58500147,0.37139836,2.2355576,1.2530009,-11.824222,9.073291,0.20779455,1.429372,27.243479,0.33414316,-7.622062,-1.522732,21.785948,0.58614475,-7.6189914,-1.0755993,0.020086715,0.845999,1.3236719,0.72040576,6.6191764,0.61778474,2.7975528,3.5172086,14.600006,0.59720415,593.5921,0.46376336,1392.5505,0.20886451,-111.97882,-0.8068714,1629.8235,0.14337255,1028.4454,0.38141733,-109.30277,-0.7958743,2640.6245,0.09981321,1053.489,0.25120065,-111.185135,-0.7667163,-11.359138,-0.7164917,20.232683,0.3635135,0.030503433,0.64598846,-0.011122008,-1.1641768,0.28887677,1.2165949,28.093475,0.3319581,-8.660345,-1.6153086,19.358425,0.744591,-9.137411,-0.8347006,-9.918646,16.352444,0.020123526,-0.0066169207,0.09540056,0.7722008,3.937008,0.116000004,0.06151423,0.13222222,0.092589624,-22.63624,o,Ses01F_script03_1,Ses01F_script03_1_M030
141,39.346466,0.123772815,34.955696,39.680717,42.893814,7.938118,33.971375,29.80863,29.759064,11.9109335,0.77936274,0.9193677,0.1990577,0.5230785,1.2848544,1.0857967,11.390738,6.6994324,10.634495,6.717458,0.35449272,1.1876376,23.81811,0.357716,-14.625827,-1.0383475,12.123628,1.1665334,-15.976309,-0.9162095,0.018493526,1.0800885,1.1742303,0.6671028,8.319009,0.45062166,8.111984,1.360777,15.8472,0.5926398,795.06006,0.3429557,1377.6617,0.24191692,-107.37019,-0.86178195,1731.7064,0.14125967,1135.5519,0.29510465,-95.213776,-0.9489239,2761.6072,0.084681466,1029.8202,0.34815073,-98.920334,-0.8801402,-6.598128,-0.872163,18.225897,0.34394142,0.04443721,0.61328477,-0.0034328292,-3.4334912,0.53082263,0.8336913,24.32219,0.3379098,-20.961105,-0.7384427,8.429628,1.9573808,-21.139402,-0.7426351,-8.85455,18.032621,0.014361849,-0.0023739096,0.13920806,2.6132405,2.4604568,0.21714285,0.21032044,0.15733333,0.16862054,-21.281908,s,Ses01F_script03_1,Ses01F_script03_1_F025
142,29.382364,0.24489541,24.011696,24.794846,39.94034,15.928642,55.959114,38.10623,83.75728,0.0,0.23278217,0.5042119,0.12081689,0.20947,0.3337115,0.21289462,2.5544071,1.7627227,1.4281954,0.6648048,0.065455385,0.7584547,30.961868,0.30510437,-5.8698053,-1.6733152,10.407514,1.0573055,-12.586751,-0.71918064,0.010732751,1.3745104,1.0711923,0.46490037,4.927175,0.5395518,3.163593,1.9404273,20.55154,0.4646935,571.5472,0.37362874,1385.2738,0.13399427,-137.35583,-0.6439947,1512.6716,0.1805619,1188.0986,0.28758633,-132.70226,-0.6620991,2619.17,0.12300656,946.65186,0.32975897,-136.4016,-0.6092073,-10.336752,-0.47708252,22.830269,0.26221862,0.0127655,1.1204002,-0.007999539,-1.621169,0.07760049,0.4693422,38.547115,0.11230626,-12.578778,-0.75318784,4.882874,2.5429797,-15.936098,-0.64158803,-11.617129,21.229803,0.0040427074,-0.0026659148,0.05935111,2.734375,2.3904383,0.14,0.11532562,0.25833333,0.22244224,-38.632973,q,Ses01F_script03_1,Ses01F_script03_1_M031
143,28.421259,0.13485861,27.293798,29.947271,30.705175,3.411377,205.94534,161.80978,51.434174,58.75533,0.25646415,0.4502674,0.15455273,0.2308373,0.33706847,0.18251574,3.2354934,1.6222557,2.5809917,1.8683896,0.073029414,0.606748,30.399734,0.32613283,1.0494938,8.910922,18.631905,0.7134206,-10.153571,-0.80686057,0.052302014,2.2843466,1.255024,0.568446,6.06869,0.3831158,2.0171762,2.9473104,23.015362,0.30019486,554.7636,0.26983875,1382.7148,0.11647075,-97.632225,-0.95764196,1663.6128,0.1287551,1076.1384,0.3392427,-102.97261,-0.8451347,2668.2646,0.0884938,1052.7548,0.30210313,-106.29204,-0.791018,-16.437763,-0.28026578,25.149326,0.22450194,0.02259063,0.992219,-0.017008346,-0.6237551,0.087251194,0.5208473,35.944878,0.16171929,0.041964974,211.72816,21.682623,0.7184611,-11.955081,-0.73482835,-11.847068,20.930298,0.007663828,-0.0026946072,0.058362402,3.717472,2.6515152,0.19285715,0.16841397,0.1425,0.15138939,-35.725273,ans,Ses01F_script03_1,Ses01F_script03_1_F026
144,24.998755,0.17257664,18.251768,27.290546,27.514078,9.26231,185.10393,110.32674,83.7772,64.50802,0.18399698,0.34710062,0.12159673,0.17241001,0.24419756,0.12260083,0.77605295,0.46455032,0.5766628,0.14727461,0.046067968,0.5784724,26.107758,0.36085498,0.59108394,12.599312,15.939257,0.6969609,-8.962539,-0.65667486,0.067770086,1.715295,1.3284382,0.6938859,4.8278627,0.41559425,1.2958211,4.675636,19.03068,0.40647322,537.54553,0.27447963,1458.2437,0.10146807,-146.23038,-0.59438694,1666.3754,0.14141566,1181.1013,0.2658962,-147.55418,-0.5611605,2564.026,0.09532863,1007.802,0.3106652,-148.83647,-0.5436641,-16.623304,-0.27231345,23.545332,0.13268422,0.026638383,0.5166803,-0.017881798,-0.34008846,0.067552894,0.26906466,35.206654,0.1269571,1.2156217,5.650591,21.173426,0.81969935,-12.226638,-0.57425666,-11.000784,20.030603,0.0033268025,-0.0020874576,0.039061293,2.631579,1.3605443,0.19999999,0.03,0.515,0.345,-40.504246,b,Ses01F_script03_1,Ses01F_script03_1_M032
145,30.327583,0.13836716,26.328535,30.241062,33.114357,6.785822,120.31433,130.47609,27.630215,21.957224,0.52745426,1.1534739,0.20781763,0.36270428,0.5097849,0.30196726,5.089947,5.813132,2.495393,2.1777852,0.23777416,1.8390139,30.893587,0.32136667,-4.1976047,-2.4170196,12.178163,1.0877037,-11.70151,-1.4614452,0.020652713,2.8128688,1.1551219,0.5023553,5.5096107,0.48889622,-1.030125,-7.850776,23.761663,0.36097378,669.52374,0.37830776,1358.4989,0.18073972,-84.556915,-1.0957367,1667.9731,0.17237648,1128.1813,0.25417542,-88.4124,-0.9811596,2730.287,0.098536044,1029.407,0.38687226,-93.520164,-0.8833447,-12.269112,-0.5703128,24.782997,0.2740097,0.035122663,0.5780418,-0.011019882,-1.4833055,0.31442004,1.5884145,33.65743,0.27876693,-3.096882,-3.6153712,8.847435,1.6954857,-13.481832,-1.4711511,-9.310074,18.71449,0.012684469,-0.00020487115,0.11317018,0.95087165,2.5559106,0.22749999,0.15089317,0.14375,0.1635877,-20.790215,s,Ses01F_script03_1,Ses01F_script03_1_M033
146,36.09211,0.1461338,33.347176,35.756912,38.002975,4.6558,146.38902,133.12483,19.446278,35.867428,0.8864153,0.8053369,0.35261932,0.6157271,1.4172847,1.0646654,9.914119,5.401265,6.559608,5.883853,0.46259412,1.1799272,29.578384,0.3142838,-9.324267,-1.5801195,4.0124555,3.5191176,-19.493727,-0.972939,0.018988503,1.493519,1.1208785,0.5083436,7.1077394,0.5123075,3.1060026,4.01643,21.05382,0.53597844,674.68427,0.36463115,1350.771,0.19049934,-76.332405,-1.1861398,1656.1045,0.17970744,1167.0771,0.2971912,-74.05757,-1.1204238,2757.337,0.09858885,955.6957,0.36346155,-80.76635,-0.9684164,-8.313765,-0.8185527,23.79879,0.34645396,0.041088603,0.5167024,-0.012825344,-1.391771,0.5825843,1.00467,31.138868,0.28880617,-11.298123,-1.338381,0.47741953,28.77008,-24.978933,-0.7695729,-8.766528,20.173534,0.016820448,-0.000110055174,0.2231068,2.474227,2.7196655,0.24076922,0.12369078,0.114999995,0.081700675,-17.779547,s,Ses01F_script03_1,Ses01F_script03_1_F027
147,31.480682,0.11587565,27.125137,31.483463,35.73034,8.605202,164.89937,163.62064,55.989155,33.67256,0.551449,0.6677125,0.28037602,0.4415756,0.753524,0.473148,6.610877,6.1778593,4.201545,3.703833,0.22087817,0.93766904,25.335308,0.38614675,-10.435404,-0.84215117,16.373173,0.4484455,-10.064707,-0.95445466,0.030661661,1.0306817,1.5386791,0.45230904,3.6315198,0.6796316,-0.5783448,-19.717995,17.54337,0.5253499,842.2587,0.31694123,1309.166,0.17728612,-156.36809,-0.49146846,1810.0634,0.16766293,1172.0896,0.2944205,-155.12425,-0.48712805,2813.5388,0.096598975,930.94836,0.3138584,-156.88063,-0.46402472,-9.263895,-0.5101923,20.996021,0.279434,0.03977892,0.35199478,-0.008131426,-1.1800526,0.26170525,0.6224329,31.11498,0.24504863,-14.334691,-0.8257575,11.749111,0.5391133,-14.877599,-0.7138927,-7.054797,16.171156,0.020166477,-0.00017541104,0.21083322,3.0516434,2.8503563,0.074999996,0.0736546,0.25416666,0.333528,-28.321306,q,Ses01F_script03_1,Ses01F_script03_1_M034
148,33.228203,0.12901774,30.126682,32.144714,37.243095,7.116413,40.145287,16.872993,57.80845,36.23524,0.5134977,0.82979524,0.10915112,0.40308905,0.8041659,0.6950148,9.16989,8.902688,4.6342998,4.179831,0.21503994,1.0668392,28.694757,0.24453273,-7.2415442,-1.724817,16.061121,0.6397822,-10.492987,-0.93991995,0.024820367,0.9973402,1.2234297,0.4965324,6.175171,0.5172051,3.3706138,2.7527635,19.475597,0.4093817,693.9612,0.35713962,1372.388,0.13736565,-132.9305,-0.6504512,1723.3195,0.14217605,1035.4669,0.21481475,-127.28364,-0.6684283,2746.5598,0.089591466,914.98724,0.2924053,-130.02623,-0.6297313,-12.749999,-0.51830477,23.862055,0.24053776,0.0334125,0.63040346,-0.012952288,-0.76301533,0.21895978,0.7967452,32.211487,0.197568,-7.2050138,-2.2861373,15.351625,0.82491666,-12.685409,-0.9050931,-9.609507,20.165857,0.016107513,-0.0027053712,0.21661057,2.5188916,3.0612247,0.12166667,0.09965216,0.185,0.23164268,-27.733717,ans,Ses01F_script03_1,Ses01F_script03_1_F028
149,33.33505,0.22017922,25.703575,32.0484,42.66339,16.959816,79.60472,0.0,-37.37241,0.0,0.17885865,0.5472922,0.09377208,0.14437206,0.27297622,0.17920414,1.5233006,1.1767263,1.219382,0.5413279,0.054590803,0.6582521,32.84385,0.16065784,-5.057447,-1.4362448,13.5448675,0.97177136,-7.098043,-1.3967808,0.02312699,0.65077037,1.1005338,0.62204486,6.3393874,0.61205244,6.695962,1.3612018,21.749678,0.27658337,553.9703,0.42442274,1368.1302,0.14660458,-175.2625,-0.34173122,1577.3326,0.1571901,1038.1378,0.21495801,-166.77765,-0.4000715,2657.338,0.1001582,1024.3406,0.22837813,-168.13533,-0.38052908,-13.597348,-0.34214205,23.875772,0.18126996,0.01868217,0.8611239,-0.0051777116,-1.6615504,0.08909005,0.2737515,35.588055,0.15188709,-6.2945967,-1.3942386,17.050392,0.9853195,-4.3465586,-3.3839355,-12.6947565,23.604645,0.002464771,-0.0026050238,0.047793057,2.3728814,2.0689657,0.08166667,0.049469404,0.3257143,0.4464417,-39.99908,dag,Ses01F_script03_1,Ses01F_script03_1_M035
150,34.98921,0.14842801,30.828325,34.605457,39.291817,8.463491,335.7165,581.6952,42.454693,47.983585,0.821418,0.93385416,0.24221931,0.5608343,1.2735574,1.0313381,13.354514,9.03537,7.775612,4.5395217,0.38170716,1.1913967,26.468508,0.33833152,-13.245358,-1.1315224,16.271826,0.8846166,-18.62321,-0.80691624,0.02508514,2.1138854,1.2272271,0.6317794,5.7845984,0.5931325,4.2554626,2.511505,17.119205,0.62220985,683.72974,0.38307726,1336.3398,0.2034337,-97.391365,-0.9541527,1683.9355,0.14842157,1087.0734,0.30890194,-89.13088,-0.99986494,2727.8284,0.08897271,959.5787,0.3918284,-92.369026,-0.9370533,-8.649541,-0.81238437,18.092821,0.4715176,0.04113998,0.5895033,-0.012877559,-0.9430298,0.4668437,1.0226318,27.867298,0.29769146,-16.457596,-0.9387364,15.60259,1.0113112,-22.481838,-0.69082785,-8.2706,16.99696,0.015587667,-0.0054975883,0.26419523,1.9672132,2.8806586,0.1942857,0.21377273,0.13588235,0.14964896,-20.84542,s,Ses01F_script03_1,Ses01F_script03_1_F029
151,38.152573,0.09743569,35.10804,37.55498,40.733917,5.6258774,317.80417,607.60065,24.789225,12.752176,1.1812439,0.7317033,0.50056994,0.92333764,1.7964813,1.2959113,15.276296,8.221743,7.5585732,3.7590516,0.57914275,0.9129994,24.889647,0.25681883,-20.321548,-0.53044134,13.063068,1.2021794,-22.454472,-0.69033587,0.023652907,1.6504196,1.2261901,0.54968536,5.9491367,0.5534772,6.3876715,2.016055,15.478025,0.6100469,726.8763,0.37356105,1300.8386,0.23201083,-90.45289,-1.0152779,1708.6039,0.15554363,1065.7242,0.2723004,-73.303,-1.1870241,2742.8105,0.081210926,924.6101,0.32661703,-77.31893,-1.0900344,-5.658777,-0.7863522,15.467136,0.36562908,0.049657077,0.44449747,-0.008758061,-1.130095,0.64845467,0.8139511,24.551996,0.27100837,-23.957073,-0.43064514,11.244445,1.3664261,-24.256598,-0.629436,-7.1238303,17.047094,0.032248892,-0.007778995,0.46341076,2.5145068,3.137255,0.19937499,0.24260227,0.09294118,0.08315575,-18.20628,s,Ses01F_script03_1,Ses01F_script03_1_M036
152,31.976667,0.1669737,27.047836,31.825714,34.526917,7.47908,135.16498,106.41244,30.595915,15.206655,0.5802452,0.6902888,0.28946558,0.452012,0.85336304,0.5638975,5.899188,3.1787875,3.6743233,2.2628994,0.22670674,1.0305163,28.703438,0.30404073,-10.55793,-0.87496364,20.28869,0.50611544,-8.549221,-1.1422018,0.021562923,1.1430277,1.1773741,0.5939863,5.983686,0.51461965,3.2669916,2.9084349,21.36715,0.3474826,705.77325,0.38194397,1404.4132,0.2016725,-107.835785,-0.8571223,1667.2646,0.14898577,1130.9777,0.28506586,-104.37988,-0.84334767,2760.6765,0.10371256,996.4972,0.33382472,-108.935394,-0.7690529,-12.56326,-0.4133339,24.516272,0.23274831,0.027544776,0.80496925,-0.0039501707,-2.5126202,0.17071776,0.8426931,33.444946,0.19432727,-8.423053,-1.0640758,20.111656,0.5912689,-8.368283,-1.2989233,-6.6539836,16.178555,0.022764485,-0.004594175,0.29091465,2.1825397,2.811245,0.17571428,0.16637798,0.185,0.20512192,-26.939577,s,Ses01F_script03_1,Ses01F_script03_1_M037
153,31.477158,0.15692945,28.854908,31.40963,32.917046,4.0621376,167.8016,113.52316,30.817184,18.954832,0.4748832,0.8068979,0.1666134,0.37258616,0.631552,0.46493858,5.576272,2.8917654,3.5401976,2.444781,0.17834976,1.2062749,28.301336,0.33247283,-8.580694,-1.1555412,19.501501,0.4823457,-8.141823,-1.2095495,0.018985199,1.1818417,1.0217785,0.57008016,6.117343,0.48747414,2.539105,3.5954568,20.4908,0.3310948,651.4363,0.41874158,1363.784,0.14831722,-117.17365,-0.7968122,1614.5299,0.13406558,1074.0408,0.24221571,-116.21297,-0.7655935,2688.5332,0.092896424,966.06213,0.35664076,-119.92801,-0.70915717,-12.541635,-0.39615935,23.80055,0.24360745,0.028195651,0.7984247,-0.0069349944,-1.6970022,0.16071357,0.8406783,34.31771,0.1834154,-8.745266,-1.0429239,20.310148,0.5406615,-7.818123,-1.439811,-8.333635,17.518135,0.0132349925,-0.0033260956,0.195645,1.8131101,2.1067417,0.20733333,0.21261755,0.26285714,0.29634508,-28.297348,o,Ses01F_script03_1,Ses01F_script03_1_F030
154,27.587006,0.13321273,23.62097,27.476974,31.127466,7.5064964,68.70753,95.81894,9.57254,1.6046908,0.19395195,0.5109652,0.09705268,0.17305744,0.28469312,0.18764044,1.7958833,1.9282119,1.0904706,0.5794615,0.05185736,0.70934576,32.864815,0.29179147,-1.794302,-4.3788857,13.693727,0.7004113,-8.707708,-0.9664287,0.011609422,0.9581109,1.1386977,0.49602354,5.3487377,0.4351715,2.344602,3.4185846,26.428398,0.23285735,603.703,0.37940338,1407.4391,0.11153387,-117.84609,-0.8046271,1619.1488,0.1644133,1116.8324,0.1755747,-119.60059,-0.75205714,2698.132,0.11996808,1051.7822,0.27993354,-123.602234,-0.69109833,-14.49896,-0.2619999,25.381268,0.18096347,0.025119934,0.582179,-0.008549931,-1.4372039,0.07483111,0.5186864,40.415966,0.13228537,-4.4038777,-1.8485283,12.341629,1.0402431,-8.001211,-1.320926,-12.588398,21.92233,0.003014978,-0.0005420858,0.035006642,2.1978023,1.7777778,0.235,0.18466184,0.27222222,0.3211015,-38.768,o,Ses01F_script03_1,Ses01F_script03_1_M038
155,32.38983,0.13221495,29.46046,31.0334,33.62564,4.16518,89.901665,64.81708,24.516615,18.422926,0.22188058,0.5571973,0.11978743,0.19102651,0.31125847,0.19147104,2.9146821,2.2489917,2.1113665,1.3087052,0.06286067,0.8382895,28.638622,0.34419572,-2.9027622,-3.383298,14.8274765,0.69804054,-8.307762,-1.3281159,0.019627258,1.3571701,1.0839748,0.6346155,6.96698,0.42687738,8.015702,0.9911227,26.258045,0.29036734,674.3628,0.34776726,1483.3641,0.19373292,-142.09453,-0.5906452,1665.77,0.14658731,1069.2097,0.19561502,-141.1204,-0.5780454,2776.5178,0.09165283,975.5529,0.29578367,-144.40764,-0.53179324,-16.529633,-0.44921833,28.021639,0.29517174,0.017044896,1.3628907,-0.0124582015,-0.8502059,0.095792666,0.59866136,36.87979,0.16698459,-0.6621255,-15.729424,16.943527,0.79725796,-10.055179,-1.6432954,-9.448548,17.725998,0.0031232345,-0.0007328871,0.047259375,4.1769047,1.7412935,0.18285714,0.12679729,0.32375,0.44740745,-36.391266,s,Ses01F_script03_1,Ses01F_script03_1_F031
156,33.766293,0.10337082,32.53599,32.750076,38.535416,5.999424,181.72232,0.0,10.047564,18.860771,0.12577248,0.7380177,0.06486674,0.07765701,0.2170557,0.15218896,1.7492495,1.240444,0.46705762,0.6265995,0.032320265,1.0222846,22.13025,0.30622613,-0.20308071,-34.5773,15.657535,0.49855533,-2.397446,-3.4080067,0.02767481,0.6232956,1.3992958,0.5362732,7.3898964,0.47500202,15.968121,0.32096055,24.022774,0.36097836,751.2107,0.1966268,1411.5358,0.17560253,-178.31473,-0.32148832,1778.7833,0.087607905,1132.7301,0.3133334,-178.45111,-0.3081384,2707.0425,0.054959483,934.61066,0.30006617,-178.61687,-0.30619657,-11.807413,-0.7257607,18.91316,0.52446705,0.031623643,0.5606373,-0.0016373942,-7.513986,0.08480829,0.40050083,23.000898,0.6236948,3.5282056,3.03071,22.93485,0.52607113,-6.838471,-2.1827707,-11.602862,20.306683,-0.0073428983,0.008704419,0.021919036,1.764706,1.8292683,0.06,0.037416574,0.46666667,0.3975201,-42.373047,s,Ses02M_script03_1,Ses02M_script03_1_M000
157,38.895023,0.10112668,34.916176,40.53512,42.004555,7.088379,77.68978,29.366308,44.910435,0.0,0.20363316,0.9765842,0.06278939,0.118744634,0.31473696,0.25194758,4.5287595,2.1126306,2.287638,1.9930323,0.06722932,1.198215,23.651869,0.37694174,-1.737416,-7.1455364,16.020267,0.41333777,-10.303234,-0.973777,0.025536967,0.65247554,1.5225613,0.7236187,7.933176,0.49265987,11.867722,0.8531145,14.715308,0.39435196,794.3921,0.21706916,1427.4305,0.16590376,-157.37688,-0.46021438,1832.1299,0.10516284,962.36584,0.2846182,-155.39009,-0.46922097,2765.3179,0.06959998,1061.1262,0.52814806,-155.57565,-0.46504486,-12.254979,-0.7030199,19.35181,0.4977144,0.044214744,0.4599227,-0.01179911,-0.78878105,0.16706096,0.5390287,23.411295,0.5082707,-5.661573,-3.3826969,17.58929,0.5613275,-21.686707,-0.49674323,-11.787104,20.765398,0.0049152877,0.0070596132,0.035033494,2.1390374,2.747253,0.08399999,0.028705398,0.21499999,0.24390915,-35.964733,q,Ses02M_script03_1,Ses02M_script03_1_F000
158,38.29456,0.004105392,38.1404,38.30345,38.43851,0.29811096,8.074061,0.0,-11.4274025,0.0,0.08766889,0.45497483,0.059601996,0.07051206,0.10666688,0.04706488,0.53212345,0.3410078,0.37511477,0.40574265,0.01822564,0.7663744,28.967806,0.21576323,-1.1158442,-5.843415,13.276678,0.43469408,-5.9409523,-1.0978575,0.011170366,0.04933889,0.93578696,0.55188984,11.726747,0.15826051,18.963463,0.34527308,33.25264,0.1038543,544.9714,0.19110334,1693.8625,0.10326135,-194.46016,-0.1716463,1590.2814,0.076761924,1307.5746,0.06308647,-191.2857,-0.19804375,2688.6357,0.042242996,1051.333,0.09311195,-191.8992,-0.18472035,-16.859564,-0.49939376,30.525711,0.34177616,0.04030112,0.33324906,-0.0016838751,-4.3662653,0.053421304,0.5195645,33.061497,0.22636664,3.5606294,2.1565154,8.055594,0.35834354,-12.1641035,-0.52656245,-11.827991,22.728397,-0.0021650493,0.006066641,0.015370665,3.4722223,0.7246377,0.07,0.0,1.29,0.0,-44.135372,ans,Ses02M_script03_1,Ses02M_script03_1_M001
159,39.13866,0.09568938,35.35547,38.094975,43.28062,7.925152,70.96435,31.563313,32.59969,20.635824,0.23771979,0.56099975,0.09763388,0.22033505,0.3534835,0.2558496,2.837292,1.7773166,2.3227794,0.7813144,0.07515354,0.74119383,30.13406,0.3837647,-0.64131075,-21.279726,14.193898,0.8505582,-15.1206455,-0.6951869,0.039074775,2.1105776,0.9878351,0.6413256,9.853192,0.2896196,13.550863,0.5338443,26.661192,0.37970138,735.4446,0.27887058,1431.8387,0.17185797,-99.375275,-0.89934105,1791.8564,0.10345532,1061.2957,0.255225,-100.41801,-0.8066086,2849.3252,0.08053819,947.3348,0.30084512,-103.38676,-0.76036763,-17.50188,-0.45611158,26.701393,0.3806367,0.053213943,0.32643592,-0.011636854,-0.866251,0.09732329,0.5377319,33.210804,0.3078192,-1.8241075,-8.814516,15.018585,0.9227531,-17.59788,-0.60478806,-11.797771,22.499687,0.019140262,0.0007689044,0.045846827,3.9344263,2.6666667,0.20875,0.18408132,0.14375,0.14132741,-35.1396,s,Ses02M_script03_1,Ses02M_script03_1_F001
160,32.554066,0.29943043,24.899052,27.584213,46.713165,21.814114,43.35003,0.0,132.56602,101.40145,0.12128253,0.71226585,0.07649737,0.09864571,0.12252959,0.04603222,1.0347643,0.637171,0.49100196,0.24561812,0.032867666,1.2036257,30.371853,0.21698675,-1.5729469,-5.098971,11.707657,0.8747637,-8.8929825,-1.076152,0.042708866,0.6096465,1.7832607,0.5970883,4.289088,0.7513355,6.653356,0.6868223,25.349672,0.2621913,673.5158,0.3635265,1282.2166,0.13114956,-177.11313,-0.3289046,1667.7252,0.13547097,975.2191,0.19117613,-176.91519,-0.31610358,2839.8381,0.08103743,863.7131,0.530029,-178.05525,-0.298793,-12.815781,-0.3637592,25.549038,0.13465406,0.02474968,1.1965882,-0.0057929615,-2.0068858,0.06820249,1.0051618,35.80858,0.046276275,-6.979206,-1.4116951,9.899067,1.5739384,-13.678023,-1.0553381,-12.603351,23.659893,0.005487193,0.00024547687,0.028232004,3.1413612,2.1505377,0.0525,0.020463381,0.312,0.27110144,-44.103073,o,Ses02M_script03_1,Ses02M_script03_1_M002
161,42.82875,0.08096695,40.29762,41.712677,46.863396,6.565777,80.44721,37.14749,47.246887,35.12842,0.24208023,0.872202,0.06194514,0.11987836,0.4884094,0.42646426,3.2252502,1.4021337,3.416475,2.3637311,0.08730183,1.2514147,25.388277,0.30731058,-6.8785405,-1.5205557,12.67298,0.97348416,-12.775055,-1.0925317,0.026421132,0.8325853,0.9103544,0.620849,10.048998,0.40542257,10.004763,0.8361381,20.412504,0.60354763,804.2389,0.31053686,1261.5494,0.15175048,-151.62909,-0.5243385,1837.376,0.1376536,1065.2646,0.3543644,-139.94057,-0.57469314,2922.6846,0.09183398,1017.7956,0.40766975,-141.98918,-0.5466339,-13.70599,-0.40412277,25.811296,0.3731754,0.06654406,0.5262566,-0.009609921,-1.2909609,0.18913792,0.5300767,27.352427,0.37715587,-10.609637,-1.2837838,4.8292394,3.2470968,-26.469675,-0.39497915,-10.056503,19.961702,0.0002561924,0.008872878,0.0346203,2.9739776,1.8939395,0.174,0.105565146,0.41,0.38509738,-31.766054,q,Ses02M_script03_1,Ses02M_script03_1_F002
162,27.756067,0.07469885,25.060787,28.073513,29.735294,4.674507,68.130905,35.927216,22.55722,11.391731,0.18001051,0.58943164,0.067058235,0.17155686,0.28249508,0.21543685,1.5405388,0.6774816,1.1600957,0.58474904,0.04212314,0.7566073,31.112951,0.23964421,-3.9097657,-3.1542943,13.627017,0.47660032,-8.689659,-1.552123,0.016515719,0.9676244,1.2186276,0.47338125,3.9127254,0.7327496,3.500472,1.3312093,17.89777,0.495415,591.43524,0.33430582,1391.446,0.18743175,-103.38895,-0.88267934,1564.6531,0.1682276,1109.1504,0.1552453,-104.59845,-0.844145,2593.33,0.11545403,963.10767,0.3201213,-108.469925,-0.780125,-11.935708,-0.47420183,22.300543,0.24854918,0.01960214,0.82247823,-0.008719138,-1.7786913,0.054380327,0.45616344,34.402344,0.18955062,-7.08036,-2.060363,11.936644,0.6365636,-11.007909,-1.1405048,-12.025164,22.268785,-0.0022308845,0.005553216,0.027625857,2.464789,2.930403,0.16749999,0.1739073,0.15375,0.20742092,-41.206955,s,Ses02M_script03_1,Ses02M_script03_1_M003
163,40.360714,0.12774597,38.770844,42.00943,44.307373,5.5365295,31.85875,8.859141,4.900181,22.733536,0.23809564,0.6575987,0.080986984,0.20347014,0.39154842,0.31056145,2.6127841,2.12613,2.4006553,1.3723128,0.058470476,0.8868972,25.11502,0.41673973,-3.2964892,-4.0882936,10.639418,1.4259394,-12.273709,-1.2353202,0.015459305,1.9767195,0.73287076,0.8548056,11.630624,0.27944425,9.94636,0.7326832,23.690804,0.47772256,829.6867,0.21256432,1319.2043,0.13774033,-107.68595,-0.82937324,1853.3799,0.11029293,1115.8726,0.3852306,-108.2248,-0.7682633,2884.2998,0.07925708,949.2014,0.32494426,-110.68135,-0.730753,-16.197714,-0.36545238,28.656689,0.3034233,0.04345342,0.5673418,-0.008189191,-1.3347093,0.08756022,0.6043839,31.597633,0.2736226,-3.7296777,-3.903829,6.3869944,2.9618998,-20.802006,-0.75788885,-7.753424,14.317553,0.0024374425,0.010871555,0.027351955,2.5641026,1.746725,0.29999998,0.29163334,0.2525,0.17851819,-34.43452,ag,Ses02M_script03_1,Ses02M_script03_1_F003
164,29.019255,0.14462747,26.922018,26.986479,27.242414,0.32039642,64.71257,0.0,-17.267101,0.0,0.11875801,0.59366184,0.061878826,0.083952814,0.17436686,0.11248803,0.55561686,0.48522714,0.7245544,0.29882237,0.023871563,0.70888656,25.136797,0.27413127,-3.8751848,-2.3377378,18.557198,0.38871506,-2.9110248,-1.85794,0.015096421,1.0930341,1.268364,0.45119336,5.4980536,0.28212616,8.803629,0.9399609,15.870991,0.7550641,558.968,0.36701524,1282.8024,0.117008954,-180.87985,-0.31444126,1551.57,0.14370474,1058.4554,0.1851853,-177.91385,-0.32424626,2518.1968,0.069724716,853.2798,0.14314729,-177.8604,-0.32627988,-13.443492,-0.30430773,20.724064,0.32495394,0.030238809,0.65427023,-0.007871231,-0.87551135,0.047217555,0.28723013,34.13443,0.03993944,-7.705926,-1.2177572,24.573006,0.20480143,-6.5686665,-0.8400791,-10.33523,18.41268,0.00029551735,0.004667818,0.021084245,1.764706,1.2121212,0.095,0.065,0.47,0.27856776,-47.0257,s,Ses02M_script03_1,Ses02M_script03_1_M004
165,39.92091,0.068409234,37.15026,40.545986,42.85703,5.706768,31.775923,4.927251,10.241244,6.348892,0.23590189,0.9458984,0.06317075,0.10099814,0.43306664,0.36989588,3.526148,2.0271494,3.7193036,1.5869461,0.06152441,1.2658166,27.976055,0.27757698,-7.8648043,-1.7129415,11.921332,0.89837044,-8.198359,-1.1147403,0.01845696,1.1235642,0.7727718,0.74113786,10.102766,0.3129677,4.989263,1.40974,18.938974,0.37836817,734.88495,0.3056777,1370.9502,0.12740706,-136.01431,-0.6434292,1706.8683,0.100092985,1173.0289,0.38600504,-126.10966,-0.6918113,2677.378,0.08760201,1031.6703,0.36914018,-128.227,-0.661929,-11.313309,-0.4972108,20.24524,0.38632265,0.047046106,0.43710762,-0.01089607,-1.135811,0.12053815,0.72246736,33.187584,0.21404529,-19.206837,-0.68897325,4.606353,2.5187168,-14.077821,-0.7130761,-12.241592,22.163746,0.0015958351,0.0075623826,0.022691436,2.4911032,1.8115942,0.216,0.12658595,0.26166666,0.27594784,-35.186024,s,Ses02M_script03_1,Ses02M_script03_1_F004
166,39.72896,0.21288076,31.339972,43.721302,48.83635,17.496378,105.87159,63.937096,29.1142,19.553879,0.1310306,1.1727225,0.054646958,0.06190133,0.16304101,0.10839406,1.5619669,2.2084353,1.0957631,0.554956,0.037630156,2.027303,28.016344,0.20099433,-4.449479,-2.1057715,10.2537365,1.0406648,-9.464919,-1.3400391,0.031331375,0.86195135,1.5787945,0.5626524,5.296285,0.57362574,2.3903775,3.4831533,24.163,0.32016718,749.6034,0.3217421,1265.5421,0.14081562,-182.24492,-0.31122845,1674.2542,0.14406763,1214.8535,0.2948898,-180.45625,-0.31472853,2825.584,0.0887139,788.6488,0.3992271,-181.62944,-0.29519686,-7.3463607,-0.94021136,25.598276,0.19057606,0.055138588,0.44143835,-0.0054342705,-3.210779,0.18229367,0.8705866,27.50646,0.2934859,-14.937059,-1.1272527,-9.255358,-1.681428,-37.57585,-0.37587854,-11.760794,24.016886,0.00021987443,0.0064141527,0.019766446,0.6051437,0.6097561,0.17,0.10747092,1.158,1.2311035,-38.90272,s,Ses02M_script03_1,Ses02M_script03_1_M005
167,44.861378,0.13142274,40.333538,44.11627,50.514297,10.180759,73.43759,38.66755,35.051323,19.586285,0.3915272,0.74280936,0.16288146,0.30046406,0.5668186,0.40393713,6.8446555,4.1926785,3.3169968,2.5709124,0.13215433,1.0190389,18.088419,0.57624644,-15.936719,-0.8382871,6.0459175,2.556485,-20.76599,-0.8419569,0.02862776,1.0154703,1.2522277,0.6914166,8.936935,0.4785917,4.757958,1.4116461,16.241648,0.52326536,791.47906,0.28324947,1274.6068,0.16670112,-135.53241,-0.66292846,1791.9303,0.12693824,1024.3696,0.22267345,-118.81957,-0.74376404,2851.0503,0.09929695,910.9839,0.36415565,-121.5472,-0.7026307,-8.163095,-0.91137147,20.776045,0.36365527,0.0510371,0.55499303,-0.005813787,-1.9457293,0.21974649,0.63770103,20.921612,0.36938292,-21.119383,-0.65176225,-2.472732,-6.46391,-34.646076,-0.39279512,-2.5688756,9.651992,0.01762844,0.0058938195,0.06467383,2.6455026,2.1563344,0.19749999,0.13979897,0.24624999,0.24191618,-31.077026,s,Ses02M_script03_1,Ses02M_script03_1_F005
168,29.044966,0.09946294,27.49406,28.359186,31.399565,3.9055042,56.86702,53.04609,27.547544,30.755926,0.15191987,0.47578308,0.08681346,0.14242321,0.19559214,0.10877868,0.94306904,0.54705864,0.38204437,0.55837053,0.03387499,0.6732664,21.84789,0.49056846,0.4929174,21.371742,15.8227215,0.6856309,-4.286853,-2.3277283,0.01487272,0.7929039,1.28744,0.48308155,5.0542336,0.3676028,7.0664716,0.9799042,22.687672,0.33618993,610.58997,0.3965055,1400.465,0.25883234,-153.28618,-0.5138618,1636.8583,0.17769392,1029.103,0.26208535,-153.80208,-0.48544526,2666.7224,0.09997799,910.7896,0.19030397,-154.72737,-0.4733465,-14.475981,-0.3440888,23.616446,0.25740233,0.019812685,0.78492206,-0.008164717,-2.2444775,0.044590577,0.31907243,30.45268,0.2069697,3.3864093,1.797513,18.263552,0.86487824,-8.98509,-1.6505393,-8.212051,15.070786,0.006689418,0.0082984,0.030251758,2.9801326,2.3569024,0.101428576,0.11306491,0.26375,0.30252838,-44.50897,q,Ses02M_script03_1,Ses02M_script03_1_M006
169,29.92176,0.15501668,27.140903,27.478434,36.436348,9.2954445,12.933478,5.0057015,84.28955,0.0,0.19660035,0.69849485,0.10147854,0.15459357,0.23104568,0.12956715,2.7520404,2.546082,-0.42623654,1.1715603,0.04585243,0.79009247,27.098688,0.3865689,-0.64995366,-11.729307,15.857637,0.6201578,-14.748297,-0.97235847,0.0151944,0.9972077,1.4159327,0.51040834,5.776925,0.36368024,1.1705406,6.078003,22.915403,0.361193,658.0102,0.35013416,1362.9835,0.13243999,-120.15959,-0.7563036,1686.6519,0.16717766,1174.2457,0.3760386,-122.14401,-0.69542664,2754.3987,0.08796338,903.1062,0.26588392,-125.00303,-0.654907,-15.133256,-0.44633153,25.539095,0.2862447,0.035333786,0.5955521,-0.012522795,-1.7003021,0.059641078,0.6996506,32.84884,0.23681194,2.5190976,3.634963,13.498035,0.85965896,-18.321537,-0.87154716,-9.418296,17.31169,0.021143733,0.0005541259,0.035267103,2.415459,3.482587,0.114285715,0.06863093,0.17666666,0.1271045,-40.06997,q,Ses02M_script03_1,Ses02M_script03_1_M007
170,38.48275,0.1282422,35.77404,38.578808,43.200485,7.426445,45.457935,26.559902,20.039017,8.469449,0.21030879,0.64411694,0.099439174,0.18154068,0.28980196,0.19036278,3.6423573,2.453217,2.054692,1.1898407,0.05848565,1.0016701,22.943523,0.5593089,-3.6430686,-2.6511865,12.868304,0.84439456,-14.446837,-0.7725,0.025945535,1.3125756,1.3226184,0.7313387,9.008502,0.4154641,5.4391356,1.4651376,19.853512,0.62850505,717.93097,0.28802267,1359.0251,0.1950385,-133.23392,-0.6526885,1793.9104,0.1344024,1049.5613,0.28847358,-129.22768,-0.6307227,2815.8718,0.08725312,1017.15454,0.3095324,-130.86382,-0.6073236,-15.868982,-0.45044795,24.683435,0.36554256,0.043730542,0.5794771,-0.015279009,-1.2724892,0.09717343,0.6882215,30.645422,0.32747662,-2.706822,-3.6009893,12.4542675,1.1234126,-19.684687,-0.6591917,-6.5712843,14.275577,0.018500421,0.0035317861,0.033600837,3.4567904,3.25,0.115384616,0.07164178,0.18583333,0.1486303,-35.896038,ans,Ses02M_script03_1,Ses02M_script03_1_F007
171,26.899467,0.12901197,23.961485,25.746513,30.404535,6.4430504,40.42761,27.139229,12.89374,8.262434,0.1476725,0.40816864,0.095587924,0.1356516,0.20520586,0.10961793,1.1365275,0.52216953,0.6402404,0.3076754,0.031309996,0.6376135,28.631733,0.34188423,-2.74147,-3.3931904,14.758002,0.6641943,-6.44596,-2.1527717,0.013347634,0.8416445,1.2474436,0.498257,3.9121542,0.40714958,2.8857508,2.8998094,20.442204,0.3818323,556.13275,0.35169962,1338.214,0.18814588,-117.540886,-0.7671028,1512.386,0.14788719,1080.3336,0.18477227,-118.027336,-0.74367714,2592.8706,0.08046542,910.88715,0.22058041,-122.36313,-0.6787098,-11.144398,-0.47046316,22.8452,0.23024443,0.014838471,1.3511745,-0.002474439,-5.1138973,0.036523785,0.4319727,34.895554,0.13188238,-6.2469444,-1.6573653,13.002636,0.8347173,-7.722578,-1.6154499,-11.043455,19.600307,0.008137376,0.00177791,0.027703255,3.820225,2.9545455,0.14076923,0.11296436,0.16428572,0.23759851,-45.13269,q,Ses02M_script03_1,Ses02M_script03_1_M008
172,34.32335,0.06349196,32.33314,34.20812,35.72032,3.3871803,35.532505,23.412981,24.104816,13.135449,0.14046358,0.67216843,0.06726121,0.11006737,0.20396517,0.13670397,1.7621646,0.94180775,1.1226249,0.76318246,0.03287132,1.0659809,28.765255,0.43967605,1.9617175,4.6719317,10.352282,1.3067487,-7.972594,-1.6611966,0.0205942,0.823303,1.0258025,0.52824605,7.6526093,0.31363294,4.0989337,1.1471584,29.200706,0.30040643,646.8287,0.31028283,1471.0356,0.15381533,-122.55659,-0.7438794,1722.5938,0.15754525,1094.0181,0.26576445,-124.2391,-0.6817535,2801.4106,0.100240745,976.68225,0.31176025,-127.70425,-0.63283694,-15.055381,-0.29380924,27.693378,0.26439354,0.03603878,0.5821274,-0.015613568,-0.75076103,0.052634984,0.8555242,35.866344,0.263491,1.2980342,7.816802,7.509328,2.3731387,-16.26116,-0.78009367,-12.159208,22.120028,-0.0033281343,0.0039734803,0.018028133,2.6315792,2.3738873,0.17125,0.062337287,0.20333333,0.19686429,-41.862873,ans,Ses02M_script03_1,Ses02M_script03_1_F008
173,33.889908,0.1796398,27.493164,32.330036,43.351616,15.858452,208.04088,0.0,18.906164,6.264478,0.09868849,0.35755512,0.06591632,0.08792377,0.12772636,0.06181004,0.8287753,0.32810515,0.5752458,0.32488012,0.02272075,0.49396658,30.028828,0.2136106,2.0518758,4.1365404,13.784229,0.58685386,-8.096334,-1.2122544,0.02532129,0.73630893,1.2814021,0.5474498,7.957215,0.4548123,4.4960527,2.0170953,23.240309,0.13829356,632.7884,0.34865123,1433.3356,0.11642448,-166.06648,-0.42525086,1735.3976,0.17417759,1084.6335,0.22226276,-164.88835,-0.40931973,2734.4583,0.12478259,982.78906,0.1783196,-165.42755,-0.40211862,-19.400738,-0.19615245,27.424198,0.11273178,0.027162414,0.69349635,-0.01037845,-0.9157245,0.025694938,0.42316607,31.817575,0.09013982,7.5780334,0.8657425,21.537357,0.35106623,-14.7242155,-0.6906526,-13.686671,25.373209,0.0014350215,-0.0012375044,0.022365145,4.060914,1.5625,0.12333333,0.024944382,0.37,0.3166228,-48.16684,c,Ses02M_script03_1,Ses02M_script03_1_M009
174,39.302258,0.11259345,35.781654,37.805637,42.849564,7.0679092,37.498814,10.906425,28.305378,24.082232,0.17640309,0.6464489,0.081404336,0.14171621,0.2683738,0.18696946,2.683619,1.4437575,1.7320085,0.8479329,0.045953527,0.8318005,26.804398,0.45960015,-3.0270076,-3.8776686,11.389303,1.0186309,-9.231781,-1.2018869,0.021554705,0.92442757,1.0652596,0.75844824,10.2325945,0.3050531,9.962021,0.7974823,23.50546,0.36449644,694.5315,0.36623934,1326.8763,0.1829938,-126.19683,-0.70015913,1729.2462,0.12548703,1009.0148,0.25086564,-119.79083,-0.7096848,2805.4563,0.09965693,1005.09875,0.3681647,-122.91102,-0.6651124,-15.293844,-0.41552848,25.344265,0.31599173,0.051463168,0.5035388,-0.008067049,-1.2776387,0.069592506,0.5604617,31.570772,0.26671982,-5.4631867,-2.3780222,10.276483,1.2545301,-13.766337,-0.9223525,-9.436111,19.564438,0.008032248,0.0040970077,0.026616976,4.166667,2.2535212,0.19375,0.1025838,0.20333333,0.18390818,-38.965797,o,Ses02M_script03_1,Ses02M_script03_1_F009
175,31.245544,0.078352384,28.82198,30.654106,33.619698,4.797718,57.588425,32.549206,32.757187,14.523589,0.12448805,0.78327435,0.0692917,0.09764691,0.13545544,0.06616374,1.761369,1.3978187,0.38760316,1.2195089,0.027952394,1.26003,23.030012,0.43712097,2.284242,4.0359645,19.3453,0.46648377,-2.5546832,-4.293138,0.029178321,0.91041243,1.343152,0.46766064,5.046402,0.4444531,8.195751,1.0257827,24.203947,0.36551282,545.9013,0.40500316,1416.0182,0.12051687,-160.06352,-0.46153748,1679.5176,0.1526486,1020.9633,0.21701977,-159.98203,-0.43817693,2687.286,0.09795096,1236.9688,0.32443473,-160.63467,-0.43042526,-15.110928,-0.42607892,24.00039,0.3442936,0.022990292,1.045346,-0.0033434264,-4.152245,0.053715896,1.1459814,27.427036,0.26378998,4.877968,2.1949809,22.485474,0.48494342,-7.1703587,-2.070662,-10.664208,18.597328,0.003537924,0.0054916465,0.020548081,1.3586957,2.479339,0.08333333,0.051207643,0.29777777,0.20020975,-44.531113,q,Ses02M_script03_1,Ses02M_script03_1_M010
176,34.942337,0.048125036,33.704533,35.376087,36.334362,2.6298294,20.890036,26.162178,25.572672,12.626587,0.21206503,0.7959927,0.059877016,0.1481334,0.3934887,0.3336117,3.4789317,1.8082039,2.009173,0.7314303,0.053003278,1.0341735,23.473366,0.35408655,-4.743606,-2.136401,19.012035,0.61650544,-12.300781,-1.0351294,0.028520603,1.1099085,1.5359205,0.86035943,6.4384584,0.72173774,8.084076,1.1036893,19.611607,0.4285381,577.0283,0.30147806,1442.3894,0.118089356,-130.16371,-0.7047271,1709.6232,0.07719871,1003.7612,0.3545558,-131.01033,-0.6604944,2657.3206,0.10152825,1188.4177,0.46685693,-130.96077,-0.6612191,-12.09804,-0.5225579,18.696312,0.34134382,0.058418855,0.38324332,-0.01474496,-0.6598728,0.10591984,0.52065665,26.957632,0.29023618,-7.100887,-1.8649527,23.116365,0.6443568,-24.048832,-0.48388866,-8.575127,16.399122,0.011234899,0.0061434503,0.022356171,2.8169017,1.923077,0.1875,0.06759253,0.24799998,0.2304257,-37.403027,ans,Ses02M_script03_1,Ses02M_script03_1_F010
177,31.183939,0.19964127,24.93595,30.896336,36.24479,11.30884,244.92938,337.1518,69.70867,72.71216,0.17980696,0.7750745,0.088686034,0.13478927,0.25219822,0.16351219,1.6910139,1.6218891,1.2895001,1.3101166,0.042862784,0.84262764,25.779036,0.31910336,1.4188415,9.162519,10.934043,0.97670025,-9.876998,-1.3426237,0.018805979,1.0060829,1.4045631,0.52851695,4.8410068,0.6486528,3.222213,3.2229116,20.354649,0.48785856,649.925,0.33095938,1348.5896,0.15750177,-141.6461,-0.58616114,1640.0547,0.15900862,1148.7874,0.2526408,-140.58092,-0.5763778,2709.7842,0.091823615,875.57526,0.30358687,-142.82938,-0.54510665,-12.198289,-0.5351624,23.413166,0.26009598,0.020530641,0.89401364,-0.006668271,-2.3901846,0.064674504,0.7075299,28.50825,0.25082365,-1.027552,-15.544292,8.741953,1.2011237,-16.000816,-0.88261986,-11.598425,21.958342,0.005168484,0.0024158976,0.032136336,1.430143,3.097345,0.09642857,0.100328535,0.1989655,0.17036158,-40.17075,q,Ses02M_script03_1,Ses02M_script03_1_M011
178,37.625153,0.14496124,32.52914,38.206978,43.144432,10.615292,39.514774,10.605744,26.583542,17.695547,0.34513685,0.56749076,0.17391971,0.28680235,0.5040503,0.3301306,2.2080343,1.5597614,2.4652808,1.0511845,0.08392082,0.5783442,25.38723,0.37463963,-5.4949174,-3.4152029,16.102516,0.9931854,-19.506174,-0.8594157,0.017387131,1.1927675,1.0005467,0.72648877,7.783226,0.49700955,5.763587,1.8493391,15.123121,0.8104861,779.5846,0.2532753,1392.8088,0.15941395,-66.89303,-1.2006515,1786.8971,0.11719454,1087.89,0.38997704,-67.1046,-1.1289264,2779.5217,0.08105798,991.1464,0.34902093,-68.74482,-1.0886785,-8.684126,-0.85824114,17.498964,0.522564,0.036043625,0.6544956,-0.005790226,-2.8433664,0.09360116,0.52148765,26.945469,0.32008424,-10.888664,-1.7217486,16.869825,1.0071769,-21.706154,-0.76275307,-10.792642,19.81651,0.019513614,-0.005147077,0.06119863,2.2727275,3.515625,0.19888888,0.1587762,0.074999996,0.026925823,-34.8082,c,Ses02M_script03_1,Ses02M_script03_1_F011
179,32.76536,0.18193208,29.229126,32.03047,39.396145,10.167019,1081.8881,1025.1553,27.946344,24.522423,0.161067,0.65252376,0.09649861,0.12031993,0.18658169,0.09008308,1.1484196,0.6904235,0.8467986,0.50268614,0.03975442,0.9305007,26.151611,0.31677565,0.6641123,17.100727,20.617739,0.5822191,-4.980266,-2.7321432,0.025348352,0.8120029,1.1461449,0.7079024,4.66173,0.7633849,7.5628734,1.096929,18.112242,0.51243097,668.913,0.41335276,1368.5504,0.16927142,-155.49612,-0.49478644,1671.2809,0.12920827,1010.29004,0.2923719,-152.6965,-0.5027484,2722.8035,0.07395312,980.3793,0.39470604,-153.53973,-0.492618,-10.757871,-0.6139805,18.447163,0.48749447,0.029874746,0.79771924,-0.0068541276,-1.9172046,0.0755387,0.7105428,25.267073,0.29404134,-2.9535367,-5.032762,22.467669,0.640814,-13.028977,-1.3788238,-12.005992,21.252775,0.009770622,0.000983117,0.027700176,1.923077,1.9543974,0.12666667,0.07781745,0.36499998,0.47320712,-42.598648,o,Ses02M_script03_1,Ses02M_script03_1_M012
180,37.53805,0.06591957,34.97807,38.124603,40.356995,5.3789253,-26.075289,0.0,26.19362,0.0,0.13674808,0.84697974,0.06620183,0.09641347,0.15188995,0.08568812,1.7665176,1.4093684,0.2835836,0.4244788,0.03150456,1.0155607,25.55215,0.25149274,-1.9384415,-4.9989386,19.463673,0.34806827,-6.55431,-2.4463785,0.01160915,0.6024826,1.0690782,0.9604305,7.953504,0.3725647,6.441954,1.7083668,19.878075,0.29396418,601.1475,0.25133464,1491.6953,0.21409436,-164.38315,-0.44765133,1642.6144,0.0912016,1213.2833,0.5015294,-161.33154,-0.4536408,2645.378,0.104699135,1148.9238,0.37844747,-162.47124,-0.43871936,-11.516183,-0.5207749,17.25189,0.506145,0.043820098,0.47138172,-0.024811393,-0.7987793,0.080910765,0.48154578,25.98501,0.20227833,-8.287368,-1.3393383,18.424414,0.3027931,-20.07039,-0.992181,-12.278374,21.512915,-0.0026582906,0.0022142613,0.018930694,2.0134227,1.388889,0.145,0.044999998,0.36666667,0.18785337,-42.478462,q,Ses02M_script03_1,Ses02M_script03_1_F012
181,30.031914,0.17215137,25.456043,31.2845,34.28314,8.827095,161.883,137.17838,41.47646,23.423927,0.14501059,0.59895843,0.07844577,0.12077794,0.18930238,0.110856615,1.2349007,0.6460328,0.72120166,0.47880945,0.034311008,0.78087115,26.832407,0.34871966,-0.68417525,-14.131979,17.256283,0.72001296,-8.441891,-1.5743346,0.021763373,1.0750362,1.3450911,0.437678,4.177008,0.61244214,2.0895104,4.5798936,19.644897,0.55595976,669.00323,0.34088707,1341.9708,0.13559593,-163.62363,-0.447664,1681.8337,0.15947199,1179.8367,0.31714395,-161.4991,-0.4488033,2737.647,0.08354672,855.64575,0.28404287,-162.68845,-0.4318919,-13.483317,-0.42873853,23.88999,0.26666147,0.026205402,0.91786474,-0.013341066,-1.3948255,0.0617188,0.6277984,29.658524,0.26371527,-1.6169838,-8.091309,9.812673,1.6268449,-20.8501,-0.7171346,-11.642978,20.712715,0.00558343,0.0026380187,0.027111996,2.264151,1.6455697,0.12,0.097032905,0.46615383,0.31264475,-44.189102,ans,Ses02M_script03_1,Ses02M_script03_1_M013
182,31.953331,0.1890185,26.265833,35.391132,36.941265,10.675432,70.76804,0.0,26.066265,20.105331,0.15569404,0.7416797,0.08733062,0.1182363,0.18206696,0.094736345,2.692976,2.5968592,0.48873505,0.930307,0.03046814,0.7660602,25.187471,0.37624586,-1.2174917,-9.251813,15.672314,0.6427063,-3.0541048,-3.713671,0.013164553,1.1842045,1.1486758,0.66835743,7.5028815,0.51068515,5.231233,3.2764215,23.995535,0.34705275,565.74457,0.35214305,1402.8712,0.114421986,-160.07588,-0.47882208,1584.0729,0.12227049,1068.507,0.13178208,-157.07323,-0.4850602,2662.2852,0.08808664,1083.9672,0.38067064,-159.29382,-0.45372695,-13.064465,-0.33818862,25.254374,0.2056681,0.042088248,0.62585,-0.00430913,-2.409934,0.053119693,0.66456085,31.464207,0.20549801,-4.7097898,-2.615639,8.577009,1.2073171,-12.597062,-1.0303094,-10.835654,19.743595,0.004831194,0.006657148,0.022975218,2.5252526,1.7902814,0.12142857,0.074723974,0.41714287,0.2971154,-41.754425,o,Ses02M_script03_1,Ses02M_script03_1_M014
183,36.042496,0.05115554,34.176067,36.44046,37.48534,3.3092728,42.35196,38.446487,33.808357,21.805769,0.19625674,0.71510726,0.08332501,0.15643282,0.27194947,0.18862446,3.202735,1.9056494,2.420616,1.5917584,0.044249434,0.87335795,29.18868,0.34908462,-5.1108336,-2.0187428,8.6722555,1.2125193,-11.548775,-0.90992105,0.018196663,1.2733006,1.018271,0.7804342,8.435953,0.3637433,7.566602,1.1310551,26.051857,0.30056617,574.1403,0.312307,1419.988,0.121483296,-111.867355,-0.8517709,1619.4186,0.096175425,1095.4186,0.30345258,-109.43342,-0.8140927,2666.1184,0.08452028,1026.6078,0.3902637,-113.688034,-0.7470782,-13.451608,-0.36816713,24.171139,0.27572843,0.047611013,0.3445801,-0.009444545,-1.0405695,0.06015808,0.65103394,34.83293,0.20537388,-8.916302,-1.1387284,10.321235,1.1303533,-13.734347,-0.8105052,-10.187424,20.219648,0.019132564,-0.0003050498,0.029721655,4.43787,2.102102,0.22571428,0.18321393,0.19999999,0.12913172,-39.218925,o,Ses02M_script03_1,Ses02M_script03_1_F013
184,26.441462,0.24577333,19.836498,31.812504,32.646797,12.810299,1372.8793,0.0,-8.117626,56.97927,0.11351689,0.48429987,0.06506902,0.09781346,0.15699176,0.091922745,1.2963169,0.89930695,0.6736561,0.28246453,0.027867608,0.77003837,27.00015,0.32092488,0.89363736,7.8954096,14.564828,0.7896191,-6.6443334,-1.5106022,0.03980048,0.7256521,1.8879777,0.5857362,3.701238,0.5125587,16.206657,1.1426634,32.10795,0.11947515,702.25714,0.2459551,1528.8942,0.23281014,-177.40486,-0.34298363,1760.5979,0.099721365,1206.1123,0.2196867,-178.7101,-0.31488064,2771.0444,0.07873964,956.80005,0.21503112,-179.3236,-0.30553082,-15.979821,-0.2967717,25.033669,0.25572744,0.025732279,0.88980573,-0.01269006,-1.1706231,0.039393872,0.6204986,30.16661,0.3076746,5.4594107,1.0054529,15.240807,0.72656447,-15.277978,-0.9067323,-11.505296,21.360073,0.01180796,0.00398271,0.026734551,2.7272727,1.5384616,0.068,0.024819348,0.46666667,0.18794206,-46.618267,ag,Ses02M_script03_1,Ses02M_script03_1_M015
185,36.29461,0.10187978,33.521664,35.10197,37.917706,4.396042,128.28574,98.50107,29.310196,11.729668,0.17002459,0.78486687,0.057411056,0.1119717,0.29263794,0.23522688,2.7249923,2.5025811,1.614419,0.94596463,0.039858446,1.0493114,28.720514,0.37543568,-5.8424845,-1.6683288,10.819451,0.93710685,-9.028648,-1.2177304,0.014049258,1.0585172,0.89112645,0.7192471,8.984671,0.29634532,5.986196,1.1525099,28.373598,0.33736143,613.70306,0.37882546,1454.9528,0.14099674,-136.70392,-0.6537758,1626.0027,0.14702016,1104.0497,0.20251377,-131.62502,-0.66196346,2744.4043,0.099529944,1040.4144,0.22790442,-135.84822,-0.60078984,-11.848172,-0.4256647,24.770832,0.32650197,0.05492755,0.28058335,-0.009491079,-1.2537665,0.07072894,0.55151534,36.252583,0.26291978,-9.899643,-1.427827,4.80752,2.6163757,-14.651899,-0.6887911,-10.450707,19.451153,0.008336183,0.004482721,0.02203835,2.1563344,1.6393443,0.21833333,0.21536143,0.31714284,0.33383974,-39.494102,q,Ses02M_script03_1,Ses02M_script03_1_F014
186,24.960648,0.10248897,22.565712,25.994549,27.423138,4.8574257,29.595203,17.980858,9.979749,12.187603,0.084540494,0.50004923,0.05532668,0.06283621,0.10658893,0.05126225,0.4617513,0.35418737,0.38583565,0.23431613,0.015709432,0.56372035,29.26331,0.19520704,-2.115538,-2.7026134,13.369921,0.53305584,-3.8517814,-2.1578,0.011831064,0.9888003,1.2525483,0.3956279,3.817062,0.34870508,7.176642,0.90099525,24.94873,0.25049648,569.26056,0.3125651,1371.334,0.1462812,-162.67792,-0.4635401,1578.5343,0.13679649,1119.0477,0.21281497,-164.32114,-0.43618342,2726.9768,0.08791148,946.0909,0.39020637,-166.27968,-0.40803614,-14.320705,-0.2894661,26.252487,0.13975504,0.012398793,1.050782,-0.01049863,-1.060442,0.026669048,0.36150283,36.473053,0.070110984,-1.3320122,-5.518574,9.204136,0.9158986,-13.211303,-0.814571,-12.163077,21.840052,-0.0024890597,0.0065250616,0.013165889,1.5789474,1.0666667,0.175,0.15532224,0.592,0.36548048,-51.15196,ans,Ses02M_script03_1,Ses02M_script03_1_M016
187,38.04707,0.08006833,35.712807,38.272186,40.62931,4.916504,31.997871,18.60687,63.015415,60.391407,0.13424285,0.7804361,0.055007413,0.07560185,0.21171199,0.15670457,1.8056222,1.1837418,1.418746,0.9100086,0.029442769,1.0172155,27.487278,0.31729445,-3.6621747,-1.9809282,15.263208,0.5793606,-9.152372,-1.1762046,0.036689457,1.4932215,1.0932821,0.80819535,9.028321,0.37593174,12.78282,0.66976,27.769022,0.3094273,679.864,0.29638606,1357.347,0.141379,-137.04143,-0.6338184,1759.3411,0.10442605,914.5868,0.20942275,-132.8214,-0.635787,2855.3296,0.07127464,1036.124,0.4242346,-136.31517,-0.5872155,-15.242818,-0.42994353,25.051281,0.33175007,0.041761685,0.6197054,-0.012396716,-0.9541447,0.051956836,0.6680569,33.22571,0.20903698,-5.2112846,-2.1081667,12.821582,0.8745824,-15.685376,-0.7502274,-11.386984,20.515251,0.0004028201,0.004916781,0.016270762,2.4096386,1.6393442,0.2225,0.09093266,0.292,0.208173,-42.00518,q,Ses02M_script03_1,Ses02M_script03_1_F015
188,21.652313,0.091580816,19.88336,20.27567,23.84603,3.9626694,17.521463,0.0,-2.7362823,0.0,0.06867363,0.24109888,0.054769028,0.06381997,0.0816313,0.026862275,0.26254052,0.17379586,0.2519669,0.09366876,0.012717825,0.31058997,28.602184,0.16538064,-0.8544991,-5.003546,14.446959,0.41451916,-4.951387,-1.136424,0.007523106,0.5614835,1.0493053,0.31003216,2.0428033,0.49654433,5.6866455,1.0695525,24.574903,0.214537,601.39075,0.31452715,1348.5557,0.12267699,-173.49428,-0.37585792,1609.4387,0.17245448,1204.272,0.23584545,-175.39589,-0.34622863,2612.8555,0.068075426,852.84937,0.21477297,-176.14557,-0.3344805,-14.667693,-0.14391115,24.87945,0.12202811,0.013081785,0.9537877,-0.010844065,-0.66436166,0.016744144,0.14738563,35.90098,0.07212021,2.1998594,1.7610925,11.876617,0.68913865,-13.299595,-0.41981253,-13.109081,22.76842,-0.007106672,0.006272878,0.01221938,3.2128513,1.2295082,0.103333324,0.046427958,0.515,0.43991476,-55.021534,ans,Ses02M_script03_1,Ses02M_script03_1_M017
189,37.08999,0.101786226,34.27952,35.21464,40.286934,6.007416,26.917318,9.743777,20.839754,6.551873,0.16878663,0.7165698,0.060425,0.12727687,0.26599956,0.20557456,2.086556,1.1356809,1.5637883,0.9806807,0.036242444,0.8727094,27.870726,0.32357374,-3.1370437,-3.7443068,6.452057,1.6459713,-10.081483,-1.0817446,0.025056468,1.4420719,0.98292583,0.5614967,8.411046,0.41731048,7.708115,0.7219509,26.898111,0.37079868,669.3175,0.32110843,1468.2966,0.20560782,-114.16794,-0.8160261,1629.9575,0.12748067,1214.5979,0.33434716,-109.62523,-0.81472254,2741.0132,0.09958494,999.0552,0.4219226,-115.3387,-0.72468877,-11.68222,-0.63532406,26.454624,0.28164813,0.04350751,0.42851987,-0.000106548236,-115.7069,0.056196835,0.54516333,32.67368,0.23473364,-6.42148,-2.1478057,2.5144024,4.579194,-15.665807,-0.69527227,-10.812983,21.191336,0.0041794,0.0071675708,0.017241005,3.1128407,1.9646367,0.24299999,0.10020479,0.24399999,0.2228991,-41.032402,q,Ses02M_script03_1,Ses02M_script03_1_F016
190,25.72181,0.06742457,24.08315,26.35697,27.305351,3.2222004,5.1681957,9.367758,24.578709,4.165181,0.103711985,0.52368975,0.055677798,0.089204215,0.14121999,0.08554219,0.74297464,0.44439498,0.63544405,0.43138665,0.019770902,0.79702854,25.141098,0.34186754,0.47263423,17.778046,14.037152,0.56575155,-8.701412,-1.8959744,0.013204667,1.1963391,1.2781367,0.39109567,4.2569075,0.4291462,-0.094209604,-81.7833,22.670307,0.2883654,643.9585,0.32129806,1394.6104,0.1351131,-166.34044,-0.433016,1684.6593,0.15839513,1234.3407,0.24062528,-169.57912,-0.38490444,2766.0674,0.11180855,942.3887,0.25964984,-170.32034,-0.37362927,-18.15461,-0.117932476,25.599972,0.13757749,0.017197566,0.7365374,-0.026624853,-0.9687341,0.042738765,0.50851524,33.791553,0.13216351,5.975033,0.77648675,12.061075,1.029395,-33.00561,-0.82395566,-10.486754,18.530403,-0.0005688421,0.005058647,0.015151003,3.1578948,1.4285715,0.1125,0.0983298,0.452,0.5060198,-47.103844,ans,Ses02M_script03_1,Ses02M_script03_1_M018
191,37.34275,0.17326203,28.328156,38.183403,42.40627,14.078114,26.503881,2.9475477,838.47406,1064.2484,0.15547992,0.5510524,0.07168544,0.13547632,0.23607843,0.16439298,1.4224967,0.6708284,1.2843451,0.82813865,0.04033867,0.726478,28.158419,0.3419905,1.0856857,7.242871,12.97288,0.6504191,-11.658147,-0.9304659,0.024785956,0.7230438,1.1674886,0.69262284,8.908391,0.44768175,14.694236,0.70943105,26.094982,0.27175328,671.6548,0.3491633,1366.3914,0.121335916,-113.30552,-0.78458947,1699.5181,0.14733157,1000.9605,0.26555422,-112.08577,-0.7553782,2798.2046,0.09860173,810.5019,0.34700957,-116.29584,-0.6926742,-17.951338,-0.36856064,28.891277,0.2732741,0.043158617,0.54970163,-0.009703838,-1.159025,0.055229943,0.44533113,32.529022,0.1867246,0.6254173,13.677772,12.832068,0.8385886,-16.371449,-0.63476866,-11.953972,21.141068,0.010960534,0.004387204,0.024327736,2.966102,2.6086957,0.18333334,0.067741334,0.17999999,0.10847426,-40.112274,q,Ses02M_script03_1,Ses02M_script03_1_F017
192,33.142982,0.17682084,27.662016,33.156654,35.54486,7.882845,26.466904,14.789643,1244.3495,887.1168,0.1332488,0.5866993,0.05985442,0.107940495,0.21064088,0.15078646,1.0295138,0.55478203,0.8106608,0.36829644,0.031237217,0.7148941,28.208567,0.22738646,0.85018235,9.12089,15.643193,0.59695977,-10.760343,-1.1015078,0.014869392,0.852075,1.2477807,0.51364607,5.9123206,0.55431414,2.5394802,3.1503131,20.235405,0.32916027,658.4377,0.40067312,1300.4653,0.13898917,-161.16418,-0.47220796,1648.6887,0.15990011,1032.7856,0.19916995,-158.06744,-0.482173,2751.463,0.11134885,833.4268,0.2906564,-160.17288,-0.45147783,-11.119944,-0.6613538,22.269989,0.3871567,0.036108825,0.5016613,0.00035773157,38.09949,0.051803086,0.37198684,29.559015,0.21567112,-4.722618,-1.9006453,10.297131,1.1821035,-12.7922125,-1.3218927,-13.946228,23.012342,0.009300598,-0.0004540969,0.025491571,2.3178809,1.3355594,0.1625,0.15433323,0.56624997,0.5548409,-44.26486,ans,Ses02M_script03_1,Ses02M_script03_1_M019
193,38.12132,0.071421765,35.223778,38.864685,39.988823,4.765045,3.8436368,17.19961,14.012789,2.113905,0.18177143,0.76527095,0.061711583,0.12922347,0.30405,0.24233842,2.4323094,1.4553016,1.9835455,1.1911602,0.037886042,0.9414595,29.195623,0.29181185,-5.357193,-1.8711212,14.691153,0.5791585,-9.930826,-0.78164566,0.013940876,1.0507553,0.8673956,0.7143472,10.161737,0.28483215,12.214586,0.68183047,23.111952,0.31080472,626.63513,0.37465817,1547.7012,0.1753519,-132.3452,-0.6785601,1630.6412,0.13607626,1134.8069,0.32177934,-118.00376,-0.75740963,2672.9087,0.10417147,1060.4303,0.33856592,-121.24951,-0.7075655,-12.780751,-0.49097776,23.899725,0.32504204,0.047560304,0.43499553,-0.009846235,-0.99285644,0.06446299,0.582589,34.74183,0.19133799,-11.812469,-0.8858347,12.9869795,0.85204786,-13.532545,-0.5380834,-11.548141,20.284395,0.0059265364,0.005591613,0.016759504,2.5641026,1.3029317,0.3375,0.2986951,0.32599998,0.29903847,-39.154198,o,Ses02M_script03_1,Ses02M_script03_1_F018
194,25.148245,0.16815338,19.962172,24.99645,30.223711,10.261539,-8.340665,0.0,30.772205,0.0,0.0985362,0.51175004,0.061192133,0.07465983,0.14448759,0.08329546,0.7923886,0.59923506,0.48400265,0.33058798,0.020520499,0.70331156,27.463055,0.25383264,2.5487669,3.2019677,12.80531,0.38875958,-7.154334,-0.90182745,0.036902852,0.43811744,1.3982121,0.46185282,2.83078,0.76675946,8.864449,0.7510381,30.691574,0.20893486,667.41956,0.33351147,1468.0383,0.12209043,-166.1683,-0.40486574,1717.8579,0.17470622,1151.2858,0.18921615,-167.3108,-0.38620973,2828.134,0.11387994,1193.7346,0.3211042,-168.57591,-0.36849487,-15.896226,-0.28698543,27.18279,0.16737041,0.018470313,0.8440551,-0.006459965,-1.6329551,0.03667122,0.43756407,31.709217,0.19553563,6.9846306,1.3021348,11.667828,0.42324162,-8.244576,-0.73090076,-12.569559,22.161592,0.0026813569,0.0036459335,0.017243195,2.3255816,2.7667985,0.057142857,0.02602981,0.24749999,0.30115402,-48.987732,o,Ses02M_script03_1,Ses02M_script03_1_M020
195,29.32124,0.19849697,24.56851,27.87939,34.08921,9.5207,129.56346,139.29596,204.1456,448.638,0.14518769,0.5963004,0.08274348,0.124343336,0.19524932,0.11250584,1.2624573,0.6931189,0.8649767,0.6707289,0.034619547,0.94935024,25.428926,0.36771962,2.3139248,4.148617,15.594753,0.8082635,-10.806372,-1.1187881,0.016830157,0.8294378,1.2889063,0.4822297,4.2250333,0.536281,2.9569664,2.9427514,23.597116,0.30931076,650.6513,0.3688141,1382.399,0.15794553,-147.203,-0.5650101,1674.7004,0.15862861,1139.8572,0.27394187,-148.42708,-0.5297733,2745.2393,0.09248369,955.7313,0.44344747,-149.90895,-0.5091053,-13.965725,-0.38320634,24.582857,0.21840723,0.02622321,0.8374262,-0.01080322,-1.4529139,0.055393957,0.8612481,31.414557,0.20979644,1.3276646,7.6403403,11.141512,1.3274685,-18.004395,-0.84432524,-11.305136,19.490164,0.007549275,0.0017121702,0.02624395,1.3148284,2.2727275,0.116774194,0.07221773,0.30258062,0.2940152,-43.23857,o,Ses02M_script03_1,Ses02M_script03_1_M021
196,27.475687,0.14654976,24.557343,26.709824,29.397665,4.8403225,481.24316,641.73566,142.44328,199.08694,0.16636312,0.4674507,0.09956063,0.1532601,0.22134736,0.12178673,1.1825005,0.8201214,0.6798333,0.44425538,0.039626677,0.651862,30.267014,0.30047667,-2.91967,-3.6412718,10.949219,1.1868253,-12.301278,-0.9837216,0.017609198,0.98743665,1.3381547,0.5357206,2.902113,0.56998587,2.890052,2.4251044,21.280735,0.34204936,663.13855,0.33279592,1346.3763,0.13180923,-140.4062,-0.6063823,1618.5767,0.16553517,1228.4113,0.3298013,-140.30202,-0.59468323,2707.907,0.087028824,942.8312,0.31787217,-143.50105,-0.54955035,-10.619303,-0.5437357,24.550772,0.22368659,0.019516353,0.93322116,-0.007473971,-2.0875459,0.056640353,0.483189,35.513336,0.17416684,-6.195366,-1.560917,8.888237,1.707108,-16.217627,-0.95864147,-10.223273,21.47095,0.007874022,0.0012662495,0.031725165,2.7196655,2.5369978,0.1175,0.09019654,0.23615384,0.31565654,-43.373985,o,Ses02M_script03_1,Ses02M_script03_1_M022
197,36.53183,0.09536445,35.658714,37.136684,38.146942,2.4882278,105.31015,79.11589,-7.527479,18.024963,0.2182899,0.83730376,0.06395885,0.14652263,0.40946323,0.34550437,2.4551532,1.3322535,2.413731,1.3561707,0.0514369,1.0354147,26.42748,0.30644405,-6.463116,-1.5343474,7.624143,1.3638966,-14.342674,-0.7545188,0.011825698,1.0443976,0.87793505,0.919872,8.929824,0.45278314,8.439579,0.77916896,25.149963,0.3013549,538.01953,0.3043571,1580.4117,0.15986195,-163.36543,-0.4576117,1583.3079,0.10511614,1112.1134,0.3129605,-146.21992,-0.56094307,2658.757,0.087319456,1083.2721,0.39993942,-148.67772,-0.5276754,-11.686467,-0.54858005,22.414274,0.35902992,0.06194181,0.38728443,-0.012502966,-1.1032565,0.09856018,0.49765965,29.376114,0.3075426,-9.232277,-1.1834418,5.8231244,2.0418622,-22.750677,-0.43695235,-8.59769,19.521963,0.010536422,0.007146696,0.03370013,1.923077,1.9607843,0.138,0.09947864,0.29166666,0.2883526,-36.778084,s,Ses02M_script03_1,Ses02M_script03_1_F019
198,29.620659,0.22943942,24.89703,27.913239,32.12789,7.2308617,154.96817,141.19856,22.786589,12.66027,0.14439099,0.603887,0.06926819,0.11594835,0.20255621,0.13328803,1.2665044,0.7818282,0.8504808,0.63655376,0.032832183,0.82738614,26.395386,0.33432233,1.1539631,6.5141473,17.169153,0.6708938,-10.421678,-1.0951645,0.018125601,0.93844044,1.1929375,0.48070523,4.8193707,0.6795657,4.2633247,1.8544205,21.743408,0.35948163,591.4445,0.33907786,1390.3069,0.1607026,-136.64494,-0.6395085,1630.0325,0.16030492,1074.7549,0.26598334,-137.16922,-0.60776126,2690.619,0.08611921,962.73114,0.3397188,-138.78514,-0.5849192,-14.420955,-0.3960656,23.668901,0.30559048,0.02632897,0.86997145,-0.013387958,-1.0071303,0.04804142,0.55181754,30.396917,0.21977249,1.793426,5.106251,15.024932,0.87177837,-16.048502,-0.88800836,-11.782403,20.018301,0.004746545,0.0015145204,0.024494935,2.0729685,2.0815988,0.15879999,0.13906315,0.3008,0.38873047,-43.44097,o,Ses02M_script03_1,Ses02M_script03_1_M023
199,38.894638,0.117179416,35.239124,37.771786,41.879093,6.639969,193.0423,207.63742,27.13803,19.728369,0.17977434,0.658142,0.07545863,0.13706693,0.27142763,0.195969,2.5662014,1.3460722,2.0438414,1.3787699,0.04256118,0.88205683,25.877317,0.38126436,-1.1101586,-9.155157,13.714078,0.6768317,-16.925762,-0.6863527,0.01900327,1.024991,0.9965897,0.76348704,10.072108,0.3062297,11.811716,0.70467705,24.72605,0.43477273,610.1833,0.34486544,1445.1963,0.17646018,-111.486824,-0.8443098,1677.9448,0.12951866,1041.6084,0.32405904,-105.81969,-0.8180645,2755.153,0.103242934,961.2685,0.38971552,-108.941025,-0.76865983,-16.260527,-0.37464726,25.183521,0.34156162,0.056237243,0.40601054,-0.0146415485,-0.77453834,0.06302508,0.6113951,30.058743,0.28414294,-3.4040697,-3.3730698,13.453799,0.8221396,-22.580027,-0.5234463,-11.311936,19.31235,0.013011538,0.0008332843,0.020196171,3.518268,2.1798365,0.233125,0.20129949,0.204375,0.2922749,-38.851486,o,Ses02M_script03_1,Ses02M_script03_1_F020
200,27.701853,0.2716946,19.82427,29.501974,35.788105,15.963835,688.58124,761.22766,103.21827,97.73751,0.099881425,0.47354957,0.060094677,0.08614833,0.12231194,0.062217265,0.9691123,1.0706437,0.6121788,0.5174121,0.021370176,0.8362264,27.726093,0.24479942,0.31609598,24.224163,16.578203,0.43237364,-10.312017,-0.6462162,0.042685095,2.0685558,1.2359627,0.6327645,4.940225,0.7284955,14.0279,0.64832133,28.494816,0.17228964,581.47595,0.35672536,1421.4851,0.14945142,-159.56322,-0.4719092,1656.8256,0.13845071,1161.9194,0.22485574,-158.4085,-0.4571576,2621.9854,0.09663346,1010.4727,0.166025,-159.02573,-0.44848314,-17.555958,-0.192935,26.221365,0.15192537,0.023885006,1.1736896,-0.0053273444,-1.8465005,0.030855367,0.7852548,30.748024,0.19381852,4.5059814,2.068389,21.18675,0.38423827,-7.4412284,-0.89001244,-12.556756,21.245756,0.007731164,-0.0014970126,0.018676372,2.4657536,1.9444445,0.11285714,0.07244984,0.33249998,0.33932838,-47.431732,q,Ses02M_script03_1,Ses02M_script03_1_M024
201,32.217262,0.14695159,31.455284,32.50183,35.938732,4.483448,511.85306,752.1914,93.704956,104.311775,0.12996346,0.58696055,0.061708912,0.0989307,0.20094873,0.13923982,1.8813217,1.044046,1.1367443,0.5903308,0.028745888,0.8369953,28.288883,0.26623884,0.7267573,10.854789,16.831373,0.48015535,-11.043049,-0.70970535,0.032272886,2.1726902,1.1506196,0.9360053,7.5626373,0.42241207,9.907567,1.0770361,28.273159,0.21071483,584.86414,0.37603953,1348.8317,0.1286275,-122.33765,-0.75424796,1640.361,0.1418742,1090.7567,0.23414637,-122.44438,-0.70501876,2691.2256,0.1015412,1021.24927,0.4210801,-124.90401,-0.66593736,-15.028545,-0.40900108,25.36834,0.2673373,0.042241838,0.47490507,-0.008263943,-1.290425,0.043429762,0.6199215,31.216337,0.26710105,0.7455029,14.041043,16.389482,0.6408396,-14.606584,-0.6530666,-13.114988,21.19879,0.013149372,0.002671847,0.01840982,3.7593987,2.6819925,0.15142857,0.15994897,0.20142856,0.20739393,-43.448566,q,Ses02M_script03_1,Ses02M_script03_1_F021
202,29.871138,0.18617238,24.179039,30.572262,36.347298,12.168259,140.64497,37.16644,14.059862,9.400283,0.11677136,0.5481102,0.07319649,0.09761953,0.1428995,0.069703005,0.98609316,0.8963523,0.6070778,0.5144388,0.024099521,0.6269343,29.982346,0.31525022,1.0639865,7.6158676,17.499413,0.568831,-8.384393,-0.9393101,0.021366034,1.4668467,1.2724417,0.6160514,6.2370195,0.5611232,8.15451,0.9908239,28.98473,0.24919057,637.1937,0.38154656,1389.6401,0.14790884,-149.18036,-0.5412551,1663.4869,0.18771169,1092.4584,0.25842762,-149.67406,-0.51065654,2776.9827,0.11531501,932.64954,0.3506671,-151.69962,-0.48288295,-16.704805,-0.25456938,28.71364,0.18536058,0.025669303,1.025165,-0.002443004,-4.0057254,0.035748072,0.5174169,37.472168,0.14771707,1.6684191,5.1497803,14.035001,0.7302542,-8.9950695,-1.1304154,-13.012939,21.017515,0.0055579073,-0.0008553373,0.019065954,2.3904383,2.2132797,0.12090909,0.10991356,0.28416666,0.23106487,-44.503742,ans,Ses02M_script03_1,Ses02M_script03_1_M025
203,36.645184,0.09309358,35.228252,36.671246,38.909645,3.6813927,35.08123,11.209734,35.62793,12.374113,0.25393718,0.7860251,0.11285827,0.17543802,0.35923874,0.24638048,2.8432508,2.0746624,1.5942814,1.2174095,0.05617138,0.9411918,26.419569,0.4488248,-3.8993084,-3.503765,12.9397955,0.8572039,-17.165195,-0.7329312,0.02212668,1.4839113,1.0093881,0.7567388,9.234002,0.3391089,9.223582,1.0226333,24.31726,0.3522594,646.8673,0.3458227,1429.9703,0.1381139,-103.17762,-0.8927395,1650.9847,0.15758906,1049.0244,0.24383645,-95.24304,-0.9183443,2761.5051,0.09144922,909.28766,0.33615494,-99.940895,-0.83337516,-12.718326,-0.58438367,24.620274,0.35293674,0.04843489,0.46298578,-0.0052828793,-2.0075572,0.07942201,0.73305744,30.664555,0.28658837,-6.7067056,-2.3515694,10.981029,1.121223,-21.929712,-0.59764117,-8.781828,16.791662,0.014579907,0.0026037076,0.02518113,2.3346305,2.1696253,0.25636363,0.15778422,0.16833334,0.14076182,-36.326958,s,Ses02M_script03_1,Ses02M_script03_1_F022
204,34.182217,0.16039138,28.563957,35.313477,39.633247,11.06929,29.917336,14.426392,88.36732,12.2187805,0.15821053,0.6937049,0.07449376,0.12917002,0.2018726,0.12737885,1.4995492,1.1928203,0.03576379,0.77494097,0.038516775,0.8846304,29.18726,0.30421844,-0.14727208,-65.2303,17.03115,0.86296344,-15.831801,-0.61918086,0.015309976,0.6638516,1.0084974,0.5042713,7.786052,0.45507994,3.0137792,3.1822038,24.686674,0.38272756,668.9747,0.2682486,1396.8689,0.0978738,-134.7485,-0.64753014,1802.583,0.0994954,1031.1305,0.2325033,-136.00346,-0.59579074,2804.977,0.083571434,988.6553,0.38398862,-136.66422,-0.5875728,-17.803186,-0.36447975,25.171957,0.29458028,0.037952945,0.40006468,-0.01820297,-0.7467089,0.056597006,0.63463944,30.774788,0.22164567,1.9147893,7.300156,20.14376,0.8448334,-23.217993,-0.37362903,-12.636824,21.10648,0.01261832,-0.0058728126,0.02800938,2.2624433,2.3255816,0.14999999,0.06723094,0.3225,0.22364871,-40.528137,o,Ses02M_script03_1,Ses02M_script03_1_M026
205,38.478645,0.11273361,36.050602,37.89877,41.3581,5.307499,32.264492,17.561838,41.17631,24.541376,0.25755623,0.6670335,0.11468335,0.21398138,0.3772212,0.26253784,3.7170048,1.8195847,2.7425172,1.255145,0.069346055,0.7794622,28.519737,0.2673474,-7.7412786,-1.8172088,15.95678,0.9087685,-18.113842,-0.579415,0.025991553,1.5013056,1.0548801,0.7132312,8.918894,0.4480656,10.541297,0.9271789,20.925804,0.39049646,706.6941,0.34266967,1450.7538,0.15101704,-86.000946,-1.015903,1756.8533,0.123235814,1108.5812,0.3273705,-80.92927,-0.99589884,2777.371,0.089842565,986.0679,0.35338855,-83.21321,-0.94833434,-14.861544,-0.5040319,23.748499,0.3629753,0.052156743,0.42619988,-0.009937049,-1.0679753,0.085217655,0.62315154,30.441212,0.2388154,-8.122503,-1.9367795,17.418467,0.86347175,-20.560114,-0.5208197,-9.415321,19.447287,0.019806381,0.0031376558,0.038176958,4.023845,1.8018018,0.36499998,0.32092315,0.15615384,0.23908602,-36.210514,ag,Ses02M_script03_1,Ses02M_script03_1_F023
206,34.3854,0.15844455,33.29207,34.438072,38.008545,4.7164764,1222.3206,851.62244,115.89815,82.7868,0.09588491,0.33246806,0.07055041,0.08786923,0.12049538,0.049944967,0.67354083,0.40607327,0.21012385,0.16831589,0.021823047,0.6521372,32.368526,0.19933482,0.33010605,21.936476,11.760249,0.54298174,-12.804313,-0.83842015,0.027985461,0.45300153,1.3206452,0.6864025,8.12648,0.41843256,15.361549,0.5960822,34.08467,0.13469395,535.1739,0.37904578,1469.3779,0.09895522,-172.86209,-0.37630832,1584.3678,0.13380124,1219.0763,0.12952507,-168.58278,-0.38475215,2708.1948,0.08515029,958.3749,0.15605365,-170.26817,-0.36102483,-21.372965,-0.2882319,33.635414,0.16088957,0.032348897,0.47441575,-0.0045418665,-2.4908109,0.032031912,0.47255698,36.842403,0.11196564,7.308594,0.8932999,14.849076,0.7168499,-10.321814,-1.3518015,-13.099321,23.874609,0.0053163376,-0.004352016,0.019221464,4.109589,1.4084508,0.12333333,0.12552114,0.56666666,0.098770216,-47.560814,q,Ses02M_script03_1,Ses02M_script03_1_M027
207,34.474533,0.051181,33.2558,33.935944,35.026657,1.7708588,23.295652,14.587289,18.659765,7.1932297,0.15062734,0.59252584,0.06950732,0.11734817,0.23892164,0.16941431,1.708244,0.92494214,1.1649241,0.73147404,0.031352848,0.6924261,30.646431,0.26096717,0.3845185,23.361784,20.347578,0.478211,-9.939571,-1.0612991,0.017373525,0.99175674,0.877106,0.929524,9.396188,0.20395228,12.007728,0.6660224,27.630835,0.2663156,569.73627,0.3593833,1514.5731,0.17427512,-113.637245,-0.8313315,1688.9342,0.13646737,1085.6713,0.38544485,-111.64874,-0.77850217,2710.252,0.10345003,1043.2947,0.41739026,-112.74836,-0.76212484,-17.49707,-0.33353254,25.341288,0.29784596,0.045033116,0.33943564,-0.00785893,-1.3590413,0.043654747,0.48440048,35.19759,0.172402,-0.17857663,-63.011627,25.668375,0.39839113,-12.125782,-1.1180189,-13.552684,22.26527,0.009032776,0.00045033076,0.020147055,2.8985507,1.4760147,0.32999998,0.12509996,0.26,0.17787635,-41.43679,ans,Ses02M_script03_1,Ses02M_script03_1_F024
208,30.142942,0.2978689,22.086523,26.526632,40.75586,18.669336,90.284225,66.774506,30.097996,16.901697,0.21568565,0.87917,0.07848251,0.15822767,0.3212869,0.24280438,3.420035,2.769447,1.6642342,1.853875,0.056831818,1.2541033,29.700926,0.2665525,-5.4853306,-2.1364083,15.080497,0.8734426,-13.516394,-0.927772,0.016917814,1.2120867,1.196543,0.71154445,5.325108,0.60254264,6.284242,2.4828925,21.966904,0.47081596,626.435,0.37371972,1424.887,0.16382638,-118.72868,-0.76305765,1599.8562,0.15121901,1202.8835,0.2974,-115.548035,-0.7598502,2664.5254,0.09463027,1073.6057,0.38489383,-119.61537,-0.69814456,-11.400802,-0.5641179,23.862041,0.4209339,0.032518163,0.8597664,-0.003052767,-4.0837007,0.07585337,1.0325364,32.92626,0.2357133,-8.545754,-1.7355448,11.456023,1.2843293,-15.15905,-0.83521444,-11.642536,20.26957,0.012345558,-0.0007520263,0.033357818,2.5440314,3.3663368,0.12588234,0.087652974,0.16,0.13838352,-37.251453,s,Ses02M_script03_1,Ses02M_script03_1_M028
209,37.570045,0.17187329,29.58635,39.84136,42.18652,12.60017,57.85469,29.830112,74.12857,82.82056,0.47673637,0.6267682,0.2512488,0.37712824,0.70004904,0.44880024,4.5526657,3.309746,3.590098,1.6483656,0.15602115,0.9874329,26.22945,0.31411588,-13.586411,-0.9813223,6.003205,2.8694458,-24.683573,-0.7246962,0.020737879,1.7641523,0.91503793,0.5881289,7.47566,0.5055506,3.753343,2.329763,18.27392,0.5150294,702.4057,0.40470305,1366.3419,0.16048227,-63.59062,-1.3275036,1689.998,0.19623885,1149.1837,0.27614218,-55.988243,-1.3284651,2744.1738,0.12750722,1036.6449,0.35149986,-62.460827,-1.133189,-7.5469875,-0.960182,20.395666,0.34056064,0.045459267,0.5090015,-0.003501223,-4.052453,0.17976618,0.93127126,27.338396,0.28489038,-16.371023,-0.7980567,1.8208703,8.978959,-27.739033,-0.6575405,-8.7179575,17.525331,0.031719938,-0.0021718147,0.08252539,3.524229,2.672606,0.27916667,0.27891034,0.074999996,0.050249375,-29.576744,s,Ses02M_script03_1,Ses02M_script03_1_F025
210,32.30051,0.20325081,25.09518,32.69002,39.32256,14.227379,60.218403,41.105362,27.475164,16.391201,0.39620325,0.7947082,0.20676771,0.28198317,0.42850327,0.22173557,3.6756814,3.64674,0.3226347,2.2873483,0.1130121,1.1437982,28.168077,0.2693748,-11.3574095,-1.3069603,7.8828683,1.49721,-17.99493,-0.6852908,0.027521102,1.4815542,1.1033212,0.6932604,5.437922,0.6769366,1.1689312,6.8297696,17.01998,0.54332304,633.1214,0.40942147,1399.5511,0.14622904,-54.440693,-1.4639698,1580.9854,0.15994444,1099.3451,0.1775573,-51.929073,-1.4254041,2681.4517,0.12002938,972.0472,0.3348297,-59.474052,-1.182635,-9.182938,-0.74740297,20.081026,0.33297023,0.040170185,0.5127201,-0.006481263,-2.0911777,0.122557685,1.1320424,29.017838,0.27910483,-11.8089905,-1.2650015,6.2305446,1.8339529,-18.641226,-0.71985084,-8.185987,19.133955,0.021848392,-0.004037276,0.076336846,1.9455253,2.777778,0.27142856,0.24392202,0.068571426,0.03681171,-31.938566,q,Ses02M_script03_1,Ses02M_script03_1_M029
211,37.58182,0.07567817,35.550297,37.29484,39.817272,4.2669754,25.603283,10.871767,29.494902,10.146167,0.20812806,1.005933,0.06375815,0.1540885,0.25964215,0.195884,1.8301735,1.3961054,1.769385,1.0569086,0.05436384,1.5906495,25.695646,0.33925745,-4.604081,-2.9845572,15.918623,0.5936924,-10.200087,-0.8462082,0.030678198,1.4697347,1.1021957,0.70210636,9.250454,0.35118595,10.832383,0.8835504,20.388515,0.49221238,567.26575,0.35568473,1429.5204,0.16624537,-137.66345,-0.60414964,1657.316,0.14377217,1020.5805,0.185946,-118.76698,-0.71007925,2625.7546,0.099460386,1159.5867,0.47415978,-120.693565,-0.6840308,-13.89843,-0.5061664,22.042253,0.37400824,0.04451767,0.48399335,-0.008472897,-1.206846,0.08004136,1.3546103,30.473072,0.2449726,-6.2607102,-2.4106042,16.512115,0.65721494,-10.870749,-0.9968722,-9.524779,17.30528,0.016151013,0.00017184128,0.034447603,2.1472392,3.4267912,0.12363636,0.098190226,0.162,0.17145261,-37.27495,ans,Ses02M_script03_1,Ses02M_script03_1_F026
212,0.0,0.0,0.0,0.0,0.0,0.0,0.0,0.0,0.0,0.0,0.11841727,0.8091596,0.059236072,0.09095693,0.13837384,0.079137765,1.2317901,1.0388635,0.7531342,0.76502645,0.020976588,0.8659402,21.955133,0.3910795,-3.8375268,-1.2601717,15.871783,0.71056134,-9.210005,-0.62518734,0.0,0.0,0.0,0.0,0.0,0.0,0.0,0.0,0.0,0.0,0.0,0.0,0.0,0.0,-201.0,0.0,0.0,0.0,0.0,0.0,-201.0,0.0,0.0,0.0,0.0,0.0,-201.0,0.0,0.0,0.0,0.0,0.0,0.0,0.0,0.0,0.0,0.0,0.0,0.0,0.0,0.0,0.0,0.0,0.0,0.0,0.0,-8.919402,16.912512,0.008820322,0.0033274235,0.021229707,1.2552302,0.0,0.0,0.0,2.33,0.0,-49.12667,o,Ses02M_script03_1,Ses02M_script03_1_M030
213,37.182594,0.11985154,34.978706,36.661636,40.547493,5.5687866,95.88147,157.27026,44.930595,45.20273,0.39396963,0.7005613,0.15404855,0.3300252,0.60607195,0.4520234,5.1513724,3.804807,3.2368631,2.1603572,0.10826822,0.96996593,24.7665,0.44674557,-9.37476,-1.4449313,13.1195965,1.093637,-20.911545,-0.7672974,0.018493384,1.3433226,0.9514727,0.6303002,7.8752227,0.4434217,9.198241,0.8796205,19.989561,0.535945,699.8906,0.3732655,1403.2683,0.21305555,-84.11213,-1.0805988,1715.0244,0.14770092,1105.3419,0.33221442,-78.02597,-1.0624838,2750.9666,0.09216347,959.781,0.31628996,-80.14651,-1.0164794,-10.148513,-0.6654426,19.509546,0.46649474,0.056409568,0.3901397,-0.008675882,-1.5753891,0.13754974,0.82763153,27.225004,0.35364354,-11.323751,-1.2906046,12.963828,1.1912249,-25.386911,-0.66833425,-6.8308663,15.486532,0.023692321,0.0030216146,0.051016483,2.9299364,2.3195877,0.27888888,0.2402982,0.13941176,0.20881939,-32.14399,s,Ses02M_script03_1,Ses02M_script03_1_F027
214,33.789913,0.20587198,26.99347,33.662296,41.705376,14.711906,227.53618,184.30013,34.982323,22.855305,0.35330883,0.6871111,0.16853623,0.26878542,0.5154707,0.34693444,3.7827504,1.3347468,0.7970882,1.0443188,0.095591925,0.7951582,26.187057,0.3163299,-7.675513,-1.6105707,15.986539,1.19516,-13.1181755,-0.85054284,0.019334571,1.1050782,1.0748078,0.5989096,5.364634,0.74461275,5.6532965,1.5163219,19.138912,0.53259856,661.3764,0.3222563,1402.0889,0.22446288,-92.26399,-0.97112465,1641.4564,0.11874777,1008.109,0.2568401,-90.099655,-0.9322309,2695.359,0.08621959,915.33466,0.26691604,-93.65657,-0.869779,-9.431005,-0.572179,19.917803,0.45387378,0.039410844,0.52833813,-0.01124524,-0.8608701,0.12294145,0.69800216,28.448315,0.22080152,-12.028027,-0.9738152,12.72232,1.6150312,-15.453821,-0.78973615,-8.8774185,17.267708,0.022512985,-0.0018102902,0.059071064,2.3904383,4.0650406,0.138,0.112587735,0.088,0.08219489,-34.116215,s,Ses02M_script03_1,Ses02M_script03_1_M031
215,43.526325,0.1418478,39.033546,45.37076,48.336853,9.303307,80.98551,30.634092,27.352259,26.728415,0.23307276,0.6749805,0.084923744,0.18403602,0.40546536,0.32054162,3.1116254,2.06233,1.8297435,0.93971235,0.06906998,1.0723876,23.107632,0.32237792,-6.439514,-1.678167,13.5174055,1.0506775,-13.415264,-1.0030059,0.018467687,0.93235135,0.9783042,0.950689,10.911131,0.3980673,7.607111,0.93672305,13.072246,0.9460617,830.97864,0.33642402,1305.7543,0.18851763,-124.02834,-0.7092868,1806.2892,0.13576616,928.8742,0.29990846,-115.7704,-0.73801696,2871.0466,0.09729546,933.30963,0.42478165,-117.87168,-0.70711803,-12.354078,-0.39897063,21.570845,0.37459928,0.067766555,0.38421333,-0.0066560875,-2.0023303,0.11199641,0.7098765,24.535309,0.32584548,-13.037553,-0.7677299,10.265746,1.5826118,-20.468721,-0.7083035,-10.93947,19.564943,0.013501256,0.00158095,0.031416696,2.6373627,2.4444444,0.18545453,0.17996785,0.20181817,0.22351807,-35.14004,o,Ses02M_script03_1,Ses02M_script03_1_F028
216,23.609192,0.14408858,19.572317,24.414513,26.568241,6.995924,1.8443195,0.0,17.269192,0.0,0.108105406,0.58372325,0.05942112,0.06770509,0.17108503,0.11166391,1.2311277,0.7620343,0.21989107,0.47408468,0.023644807,0.77417725,29.97149,0.26791668,-2.0101106,-2.3991945,17.76341,0.32930812,-5.1823754,-1.1082052,0.013053489,0.7352236,0.96350825,0.49665877,3.507448,0.56988895,4.1854596,2.2837527,24.127447,0.2956847,575.8263,0.33758977,1410.9222,0.12311626,-143.3927,-0.6009388,1579.7646,0.12297169,1053.2537,0.12609188,-145.30667,-0.5627133,2666.454,0.10308458,997.92444,0.27639705,-147.54854,-0.53111404,-14.64191,-0.24720477,25.216251,0.20516147,0.019511119,0.79220587,0.0017639956,4.3657255,0.03780952,0.528373,37.66419,0.16164884,-2.980095,-2.2024877,19.984072,0.37986666,-0.5404689,-12.792685,-13.068079,22.230476,0.001952575,0.0039199432,0.0172212,2.1097047,1.724138,0.16499999,0.121757954,0.31399998,0.31366223,-45.76147,s,Ses02M_script03_1,Ses02M_script03_1_M032
217,36.807343,0.10950456,35.4652,37.43556,38.992813,3.5276146,169.37498,198.591,13.614288,3.869223,0.1344563,0.7134502,0.05828216,0.0940066,0.2124699,0.15418774,1.7472342,1.2896063,0.96149623,0.7119757,0.023506017,0.75226057,28.751421,0.35252067,-1.15381,-8.161264,15.334127,0.4896723,-3.7533002,-1.4968839,0.013264318,0.89188427,0.7872448,0.71189266,10.617621,0.26655245,13.304276,0.5322347,24.758327,0.33157012,597.04126,0.40596855,1451.5123,0.12142796,-127.07221,-0.71214074,1674.4509,0.13663857,1113.2351,0.36640447,-121.16389,-0.7161142,2670.3428,0.12842813,1129.3228,0.40622106,-123.81429,-0.6781602,-16.346943,-0.37222844,24.650223,0.38580352,0.04370312,0.46230215,-0.011699715,-0.9000817,0.03858222,0.4474238,35.51922,0.18702902,-3.5067863,-3.3762503,15.756138,0.46796834,-2.6351984,-2.3737524,-12.39218,20.965712,0.00018973467,0.0053191623,0.012044315,2.8673835,1.459854,0.29749998,0.2858649,0.36749998,0.29380053,-42.246418,o,Ses02M_script03_1,Ses02M_script03_1_F029
218,23.633146,0.14914304,19.986217,23.572407,25.810818,5.8246,64.14554,30.499657,148.92671,138.60657,0.10495654,0.4895581,0.06158183,0.088043354,0.13772275,0.07614091,0.72093225,0.35688522,0.49304742,0.28789017,0.022812217,0.7753629,29.150211,0.25780112,-2.1485505,-2.798017,14.685731,0.53327084,-9.095127,-0.74566066,0.013341797,0.74837524,1.2555847,0.5019407,2.1477141,0.8277895,4.6053414,1.7547841,24.47844,0.29545867,587.08826,0.40909445,1287.2804,0.11808705,-173.20941,-0.36557698,1593.3898,0.19323641,1100.0365,0.18371613,-173.7249,-0.35466906,2624.1968,0.10309824,1008.8833,0.2933074,-175.07205,-0.33379215,-13.227187,-0.2783705,26.014952,0.19693078,0.024863897,0.43771136,-0.003086075,-2.1793456,0.029795527,0.48802248,36.12387,0.12895223,-2.409181,-3.6157858,11.647093,0.8692444,-11.070469,-0.69454896,-11.897855,21.769278,0.006841231,0.001960535,0.021779535,2.0618558,1.8750001,0.067777775,0.040215466,0.39999998,0.3697296,-48.340008,s,Ses02M_script03_1,Ses02M_script03_1_M033
219,28.71565,0.020118136,28.123571,28.716537,29.315023,1.191452,0.0,0.0,-0.2566166,0.0,0.15072355,1.0181761,0.06028922,0.06534359,0.23914628,0.17885706,2.269848,2.0487034,4.252179,2.4352725,0.04878896,1.4128991,25.336514,0.19287601,-3.0225534,-1.1287774,17.36474,0.53427,-4.376621,-1.0814021,0.0047247293,0.0,1.826715,0.0,4.006152,0.24559116,4.6490326,0.4103305,22.756477,0.07215787,798.9949,0.33146885,1291.869,0.07925053,-189.97803,-0.2142156,1777.7954,0.13803482,1061.7465,0.16058205,-190.39911,-0.20562448,2841.1787,0.10228529,950.92126,0.32986224,-190.35152,-0.20661712,-9.7649145,-0.41489694,18.745996,0.13002235,0.0481497,0.13916716,0.0053464454,1.0098054,0.18400986,0.37326023,22.577679,0.11792904,0.92780524,4.1532383,26.39374,0.44129324,1.674,1.2129073,-11.333881,20.325386,-0.0010628889,0.0066639646,0.043148305,1.8518519,0.97087383,0.049999997,0.0,0.475,0.085,-38.53306,s,Ses02F_script03_1,Ses02F_script03_1_M000
220,38.98069,0.10701971,34.35412,39.281845,44.639053,10.284935,25.770435,14.309118,56.329807,0.0,0.11314023,0.44716966,0.06937156,0.10107669,0.14264847,0.073276915,1.0167667,0.5651948,0.54347074,0.1472668,0.02469512,0.6669859,25.559116,0.23145933,-3.4245787,-2.7485647,14.83244,0.5195431,-9.768961,-0.740084,0.029957615,0.6481486,1.5059335,0.32527766,5.5136046,0.6601141,9.033857,1.1150644,16.950499,0.36435592,877.17017,0.17425463,1270.6687,0.16014165,-144.17169,-0.5748839,1925.3893,0.08765803,890.4774,0.23615335,-145.14122,-0.5460936,2943.1226,0.07609946,899.33136,0.27496368,-146.456,-0.5271544,-11.752093,-0.4624764,19.617195,0.2418119,0.024028538,0.6935291,-0.004262496,-2.2677412,0.038394473,0.43158606,27.014553,0.24560475,-5.5971146,-2.3871362,11.338199,1.0332607,-16.081324,-0.47670504,-11.8495655,20.192162,0.010285909,0.008358523,0.01967053,2.419355,2.5210085,0.11333333,0.026246693,0.195,0.11346805,-48.02208,q,Ses02F_script03_1,Ses02F_script03_1_F000
221,23.695034,0.13313738,20.793003,23.127316,26.863245,6.070242,60.265614,0.0,4.30894,16.4046,0.17291203,0.9060009,0.060156345,0.077222824,0.31377712,0.25362077,2.919647,1.9278007,3.5597537,1.968742,0.05053951,1.1399887,30.843111,0.2720132,-2.6381192,-2.9166853,19.85538,0.37569243,-8.552197,-1.237025,0.06502974,0.9560087,1.5202656,0.50993466,2.5171974,0.9318884,5.575857,0.33853024,22.910769,0.29080817,524.63385,0.20075111,1577.411,0.17899767,-148.82602,-0.5723178,1437.3295,0.13853164,1310.6992,0.29332098,-151.16891,-0.52928144,2621.3345,0.044066425,709.52716,0.19645007,-152.37408,-0.5122396,-14.591901,-0.45316073,21.684467,0.31776163,0.026735352,0.42430934,-0.023037115,-0.71890265,0.10514973,0.5217029,41.723537,0.08598723,-0.47714484,-23.123253,15.895476,0.41282424,-22.066854,-0.552424,-11.701299,20.808796,-0.0027467587,0.00728089,0.033559293,2.777778,0.97087383,0.26999998,0.0,0.36499998,0.065,-37.69365,ans,Ses02F_script03_1,Ses02F_script03_1_M001
222,39.771416,0.08086335,37.581184,38.72932,43.55744,5.9762573,52.68618,28.838663,39.427284,25.413328,0.12019661,0.38651857,0.0805752,0.11590282,0.14938603,0.068810835,0.7449402,0.40290087,0.48529026,0.16944128,0.02491271,0.5758751,29.046669,0.26799342,-3.6356332,-2.8615444,10.297089,0.9704924,-16.22592,-0.56246555,0.020947497,0.70541704,1.2255263,0.4979646,7.8005795,0.3204577,10.236921,0.67051405,28.008314,0.33794522,729.76373,0.23417608,1374.748,0.12038131,-122.86004,-0.7317549,1780.5643,0.107116,1048.3546,0.27100322,-121.250175,-0.6898316,2815.2148,0.08054305,938.5237,0.35877603,-124.41388,-0.6451508,-15.772229,-0.30192798,24.97262,0.34838247,0.033681955,0.539906,-0.010752978,-1.0596915,0.028978879,0.39016548,32.668648,0.21508637,-2.1926453,-5.3105545,9.250411,0.9436325,-20.372684,-0.37396562,-10.569227,20.957281,0.014619062,0.0034742814,0.022043863,2.9490616,2.9891305,0.14,0.15684387,0.17272727,0.19531284,-47.438423,s,Ses02F_script03_1,Ses02F_script03_1_F001
223,21.710098,0.13001537,17.854263,22.044811,24.443233,6.58897,18.303988,11.256326,41.934387,30.864136,0.15852429,0.6911177,0.06499576,0.12620325,0.23218893,0.16719317,2.2893624,1.2657335,2.2518845,1.5282962,0.035125475,0.87624717,22.639002,0.432322,-3.3082206,-3.0094416,21.469017,0.35372838,-11.916773,-0.91627634,0.027880942,0.6065704,1.6746392,0.8322812,3.47968,0.5241873,4.125985,0.751772,24.243538,0.35130075,547.73724,0.35334784,1254.9355,0.11088353,-159.82428,-0.46513525,1607.2524,0.15685534,949.8292,0.24810694,-162.44958,-0.42885306,2673.1404,0.09097979,795.9325,0.23688546,-163.27304,-0.41738093,-14.024275,-0.43978614,22.172773,0.39797255,0.011650243,1.3410496,-0.009781636,-0.84449726,0.07292929,0.27727813,32.748352,0.24528988,1.5645902,4.9513283,24.743896,0.3543018,-4.110217,-2.0304883,-7.217751,13.953209,0.0044961283,0.008756541,0.026241519,3.2786887,2.247191,0.085,0.055,0.26999998,0.24931908,-41.258507,s,Ses02F_script03_1,Ses02F_script03_1_M002
224,41.528957,0.06795964,39.952553,41.607952,43.47588,3.5233269,74.90439,29.817513,65.325386,62.137314,0.10353857,0.4088449,0.0681666,0.09252241,0.1277485,0.059581906,0.4986224,0.38773665,0.38267812,0.20546159,0.02189424,0.8564306,24.914019,0.3679646,-4.649758,-1.0114806,11.364823,0.87925196,-13.127336,-0.7452754,0.039988983,1.9032698,1.3025461,0.40751457,8.013746,0.35394308,8.634007,0.76455766,25.824827,0.2354228,835.45447,0.19713023,1354.2874,0.12009867,-156.19223,-0.48952043,1832.3605,0.10263882,1220.094,0.17505635,-152.4027,-0.49487707,2901.119,0.07456156,1027.9725,0.30430967,-154.18176,-0.47130385,-13.622939,-0.35374567,28.084496,0.17593327,0.027258273,0.7475628,-0.007449886,-0.92774177,0.03735826,0.61558855,33.39237,0.0849893,-5.755033,-0.6789735,3.261753,3.8701248,-22.017933,-0.50380385,-9.76017,18.581404,0.009052403,0.006790327,0.016516078,2.4390244,1.6597512,0.1575,0.06869315,0.338,0.24652788,-47.48944,q,Ses02F_script03_1,Ses02F_script03_1_F002
225,25.52588,0.099060245,22.708424,26.060368,27.51334,4.8049164,86.31589,94.68635,25.416132,22.917747,0.3862343,0.80641675,0.06887948,0.3417688,0.61767375,0.54879427,6.7777276,4.900383,6.3975205,4.6642094,0.1082247,1.0730646,29.172527,0.39781037,-3.7951567,-2.9305508,14.153987,0.73167765,-11.548444,-0.98611027,0.024162613,2.6245174,1.1108952,0.81025803,4.401479,0.60767496,4.9051557,0.80744,22.185814,0.44260123,594.7009,0.3978515,1351.2844,0.16994491,-81.63696,-1.1611135,1569.2052,0.19647801,1086.8348,0.29410464,-86.5902,-1.050292,2621.3098,0.123909414,891.42706,0.34620598,-90.94499,-0.9597751,-11.995586,-0.64436966,22.781391,0.3614717,0.034755073,0.43552244,-0.01722608,-0.77341366,0.16598104,0.70824724,36.327248,0.18248008,-4.818323,-2.7019079,12.8744135,0.95964414,-15.291542,-0.8381488,-7.919344,16.308363,0.0033717772,0.012538296,0.02352078,4.104478,0.7604563,0.78999996,0.44,0.3333333,0.20417856,-30.761425,s,Ses02F_script03_1,Ses02F_script03_1_M003
226,38.502956,0.1871721,38.483875,40.295834,43.676453,5.1925774,38.676807,30.821138,99.34246,71.688576,0.2581054,0.7891414,0.12243888,0.22172646,0.31629384,0.19385496,5.548915,6.879686,1.8284957,5.6256766,0.06707801,1.0780197,26.62476,0.31952882,-11.259068,-0.6958386,6.3839483,3.022876,-13.666985,-0.8694325,0.017283814,0.7867292,1.1039962,0.41861486,7.0065327,0.5041827,9.601721,0.61614007,19.62392,0.69173723,793.5341,0.27708188,1441.7683,0.19860773,-90.241455,-1.0073228,1751.2247,0.11481573,1096.4172,0.27347356,-85.54713,-1.001444,2779.4358,0.08960719,1010.61255,0.28232402,-89.14616,-0.9310242,-8.939796,-0.5435227,19.0434,0.3884379,0.040309496,0.501675,-0.0065574544,-1.4590001,0.0852741,0.9574268,29.825617,0.18548994,-14.401968,-0.5329677,3.441617,5.933937,-14.949503,-0.738052,-6.241521,16.030523,0.021403661,0.006817074,0.03615707,1.8518519,2.843602,0.20833333,0.16747305,0.12,0.12556538,-35.431984,ag,Ses02F_script03_1,Ses02F_script03_1_F003
227,35.40065,0.30517432,25.151632,34.899353,47.384624,22.232992,48.82897,20.668974,94.96534,74.78367,0.28289217,0.8996061,0.08913129,0.18138836,0.43415087,0.34501958,5.2305307,5.26187,5.668907,5.0674787,0.07971189,1.0927827,23.915392,0.32227772,-8.593912,-0.87644,21.8645,0.49287555,-9.369192,-0.90276855,0.024052963,0.6508738,1.2512515,0.3622577,4.9433155,0.58028245,8.972903,0.47727123,8.620321,1.2433908,722.53094,0.39084762,1380.7219,0.19994695,-131.20818,-0.6610959,1731.6782,0.13709536,991.12317,0.25787467,-125.782104,-0.6786551,2644.866,0.08203395,1058.0085,0.2613665,-125.23446,-0.68855006,-7.7579412,-0.41255692,13.706262,0.3169221,0.042548157,0.55726165,-0.0019596033,-5.6040535,0.13036022,0.8373358,26.05103,0.18606515,-13.621681,-0.5274059,23.907457,0.5973945,-12.12773,-0.7899171,-8.558124,15.615299,0.018997405,0.0015004681,0.050726354,3.2894738,3.4013608,0.11,0.09465728,0.16399999,0.22005452,-33.877544,s,Ses02F_script03_1,Ses02F_script03_1_M004
228,40.45089,0.05849538,39.31829,41.106277,42.19427,2.8759804,9.686145,3.6060464,31.454117,2.5142202,0.15306243,0.4765473,0.0804318,0.14216544,0.22562289,0.1451911,0.65042925,0.35659805,0.738274,0.23340397,0.02628673,0.6853451,19.26486,0.2957763,-8.448521,-0.8776459,11.088606,0.7642037,-16.958351,-0.5669901,0.013601283,0.63612205,1.1167932,0.30585417,6.8438444,0.37207597,1.7172911,5.094054,19.098547,0.3567977,682.464,0.2717965,1411.9711,0.16252127,-144.68971,-0.6068739,1657.0922,0.08684055,1143.7885,0.3218374,-130.5825,-0.6704557,2710.9053,0.07280364,883.79517,0.25338683,-133.46063,-0.62788934,-8.339609,-0.4292027,19.204039,0.2615137,0.025587488,0.7483272,-0.00762879,-1.3868455,0.041539546,0.39427072,23.519915,0.15051109,-14.7252,-0.43594888,4.7696934,1.9959284,-25.102955,-0.26085842,-7.2582855,15.398576,0.012772182,0.0071500307,0.017182453,2.2222223,2.2727273,0.154,0.09046546,0.22,0.21055482,-46.58878,s,Ses02F_script03_1,Ses02F_script03_1_F004
229,28.41382,0.122640416,26.00835,29.222443,30.896833,4.888483,80.08983,29.546469,107.165306,94.37337,0.18846093,1.3170518,0.05631689,0.073577225,0.26577,0.2094531,3.0285888,2.5783405,2.9013965,1.8085839,0.059922602,1.8288993,24.663406,0.3606988,-3.747548,-2.1615584,11.18769,0.5267543,-9.688162,-1.0618067,0.06632202,1.1862812,2.4142168,0.8208331,3.7874832,0.7737496,1.873564,2.823884,28.147491,0.3038575,669.70026,0.3749091,1310.9965,0.12069895,-168.54202,-0.41576734,1682.8815,0.22103506,1041.7112,0.26346946,-168.64957,-0.40292355,2834.9238,0.11604304,891.81104,0.36620325,-170.50996,-0.37532905,-11.698255,-0.4681167,25.727259,0.28187138,0.047259707,0.5495646,-0.014346761,-0.9086259,0.24417596,0.6284745,35.79728,0.18935174,-0.15241444,-62.52558,6.762253,1.3399056,-20.986843,-0.79469633,-8.456803,18.944553,0.0019362582,0.012477274,0.02151025,1.4344262,1.242236,0.13,0.11357816,0.56,0.50849915,-33.486816,s,Ses02F_script03_1,Ses02F_script03_1_M005
230,45.571205,0.16255555,41.226097,43.981197,52.296776,11.070679,144.06894,73.51958,23.440666,17.178564,0.23471011,0.5274714,0.13987407,0.20380315,0.35268807,0.212814,2.0842948,1.0272405,1.6901348,1.4676971,0.056060284,0.8168585,16.112259,0.5311175,-12.404837,-0.8094531,4.7287693,2.5748384,-20.335207,-0.63551646,0.031624522,1.0940293,1.4283069,0.43291473,6.6395884,0.65857553,4.973289,1.6839479,13.980968,0.70631254,832.432,0.26404196,1329.8981,0.16894038,-143.28116,-0.5862355,1805.5393,0.13184257,1068.769,0.20163296,-130.3114,-0.64999425,2843.1924,0.07906047,987.9201,0.36710572,-131.9822,-0.62315494,-9.18416,-0.76403636,20.096857,0.3072176,0.040604964,0.61991775,-0.0019857497,-6.885912,0.076209165,0.5589615,18.85826,0.34281826,-14.327538,-0.68480384,-0.7360614,-16.454031,-28.295544,-0.3553189,-2.9700139,11.562076,0.02143345,0.009504312,0.04470904,2.227723,3.0075188,0.118333325,0.09370462,0.1925,0.25645417,-40.283825,s,Ses02F_script03_1,Ses02F_script03_1_F005
231,26.687569,0.15106504,22.816057,25.211353,31.337048,8.52099,164.5246,184.9515,18.740753,25.034388,0.20382854,0.6570189,0.06414569,0.17897573,0.33100274,0.26685706,2.6252818,1.5861211,3.3879364,2.1177254,0.057829846,0.98827976,23.418266,0.6356563,2.9376621,3.2496564,17.375736,0.6379737,-8.91642,-1.3064045,0.029083485,0.91809183,1.5671754,0.82884127,5.6746416,0.3589127,6.238841,1.0850366,27.074398,0.3396286,582.7054,0.34493756,1327.9908,0.12882452,-138.0591,-0.6336103,1665.3488,0.17679827,926.05066,0.27062762,-142.7676,-0.5602782,2741.938,0.102184355,887.07465,0.3873636,-143.54662,-0.54907733,-16.40412,-0.3537546,24.20298,0.34196365,0.03145743,0.5117867,-0.017164594,-1.1645796,0.1018531,0.40814027,33.312443,0.3161011,9.280693,0.637243,21.010767,0.65556747,-10.838496,-1.453369,-7.243938,14.447955,0.0027578995,0.009844807,0.03843497,3.6764705,1.8726593,0.166,0.13290597,0.28833333,0.30856746,-36.243916,q,Ses02F_script03_1,Ses02F_script03_1_M006
232,38.22237,0.0911847,35.487015,38.258743,41.13241,5.6453934,16.850622,0.0,-80.838326,0.0,0.08682499,0.35361665,0.05752485,0.07896598,0.116946064,0.059421215,0.5995052,0.3939465,0.17006463,0.26133338,0.018036427,0.6733494,25.240072,0.3014627,0.6186055,6.4505563,16.529022,0.46636304,-11.464102,-0.89364576,0.022894952,0.7989766,1.3124905,0.53313726,8.071128,0.35334343,14.464229,0.57605493,23.025208,0.2814355,609.85474,0.27253243,1407.0594,0.11867886,-158.9833,-0.4720467,1659.0122,0.1253257,1214.0911,0.40230665,-150.54512,-0.5040779,2618.8577,0.0904921,918.4162,0.32945755,-150.12054,-0.51047486,-16.798603,-0.186642,22.916777,0.21128191,0.034199942,0.43535328,-0.008935128,-1.1943387,0.022500485,0.41804856,30.833288,0.10367351,0.60760224,6.5802712,19.808771,0.51095665,-19.966831,-0.5688245,-12.576777,20.145128,0.011502549,0.0059764837,0.016177196,3.982301,1.8099548,0.14999999,0.0728011,0.304,0.19530489,-50.16191,ans,Ses02F_script03_1,Ses02F_script03_1_F006
233,27.922745,0.32421717,23.434137,23.951473,25.827766,2.393629,42.90778,0.0,-158.06207,0.0,0.28190377,0.61116874,0.12669761,0.25263447,0.44216907,0.31547147,3.2412534,2.5404556,3.6894212,2.1654978,0.075140335,0.7515839,28.3415,0.39628437,-2.6000814,-4.702242,12.8247175,1.3489026,-15.992914,-0.95434564,0.021194221,1.1926008,1.5400575,0.7027434,4.7789407,0.41430554,4.301571,1.4448935,23.99828,0.27909812,746.8992,0.29940563,1309.6213,0.14878671,-104.115746,-0.88478607,1792.1581,0.16274275,1055.8369,0.44053617,-102.233986,-0.85869956,2874.595,0.09240494,845.09064,0.31084955,-106.04034,-0.79584575,-12.555512,-0.58133817,23.400713,0.25764042,0.032602724,0.5084704,-0.010455146,-2.0675702,0.10718005,0.49791548,32.832302,0.34704262,-1.6116321,-7.7787094,13.274989,1.4389125,-17.109533,-0.9525395,-8.61262,17.949434,0.017354507,0.0071427613,0.043931443,4.3010755,3.3149173,0.14999999,0.088128686,0.12833333,0.075590275,-34.35239,q,Ses02F_script03_1,Ses02F_script03_1_M007
234,34.04532,0.2265166,23.752615,35.236156,39.31756,15.564943,196.55254,161.32657,-10.666023,63.92248,0.17292586,0.6306296,0.085769035,0.13598344,0.25704077,0.17127174,1.397409,0.8829414,0.9308548,0.6566758,0.036892552,0.81552225,26.77275,0.33622903,-7.576355,-1.3598298,8.479738,1.7832474,-14.883585,-0.8087969,0.01807004,1.2082988,1.3037866,0.5494574,5.6677194,0.47986612,3.2966762,3.1433587,22.778793,0.33065882,598.1836,0.3382672,1394.4309,0.13713361,-137.33275,-0.6398813,1589.489,0.15157683,1075.0713,0.24226488,-127.35682,-0.6860511,2671.3796,0.09182152,926.7562,0.34513724,-130.95428,-0.6348214,-11.674249,-0.44356534,23.25657,0.2145157,0.033734236,0.5607945,-0.007930777,-2.1227286,0.055129115,0.6305876,30.471739,0.2995149,-7.5467157,-1.5522972,5.322151,3.2723217,-21.212416,-0.621166,-8.401541,18.25421,0.017944269,0.005011823,0.025464516,2.6041667,3.1662269,0.1125,0.076389894,0.1990909,0.17249267,-40.827625,ans,Ses02F_script03_1,Ses02F_script03_1_F007
235,23.710394,0.18119283,20.003952,22.96599,26.871494,6.8675423,64.54603,33.753536,25.015352,20.683065,0.2749557,0.77883345,0.079226255,0.20959535,0.420658,0.34143174,4.0873556,1.6988049,3.5001068,2.2971349,0.07262972,0.9504438,27.480198,0.41651672,-4.323069,-2.6014404,19.488888,0.6197913,-7.459763,-1.9205626,0.027251005,1.2839938,1.0938456,0.7303968,3.837291,0.69504195,4.250478,0.7426484,23.576527,0.3388963,597.7722,0.4106121,1294.1205,0.13460618,-114.9624,-0.8185118,1598.1577,0.17946786,1056.1909,0.36162046,-117.909195,-0.75809246,2687.363,0.10870263,834.5568,0.32237107,-120.468636,-0.7180505,-12.650839,-0.5209532,23.492622,0.3083003,0.026964704,0.8785033,-0.010061664,-1.8376571,0.111646086,0.67934614,34.42508,0.2512407,-1.5509958,-7.6332607,19.06246,0.8219023,-12.058521,-1.5286793,-7.3904905,16.90912,0.0018879968,0.007152231,0.042734604,3.6324787,1.9438444,0.22,0.2517053,0.27222222,0.33561808,-34.027542,q,Ses02F_script03_1,Ses02F_script03_1_M008
236,35.365765,0.14212336,32.00988,36.389183,38.507343,6.497463,4.221555,52.778645,57.75361,10.195251,0.091767445,0.46548977,0.061801314,0.07578838,0.11503789,0.053236574,1.0087755,0.6292478,0.60052025,0.4540618,0.018648764,0.8553502,28.841164,0.26496163,-1.7180884,-3.565027,10.694276,0.99892735,-12.59167,-0.80041337,0.0133559685,1.4460913,1.5174735,0.64603853,7.1975675,0.3408881,2.5364616,3.506579,28.544817,0.21422812,710.11554,0.30995974,1425.4816,0.15048145,-154.6505,-0.52080214,1736.8402,0.17087223,1329.0692,0.4337069,-154.59367,-0.49161974,2750.181,0.0889687,1131.7213,0.28308225,-156.61096,-0.46372038,-14.261795,-0.31058973,27.056517,0.21272837,0.037043013,0.5757925,-0.01301307,-0.6246094,0.022785885,0.39158767,35.36244,0.1389398,-2.1897624,-3.3656666,1.9732845,6.7208376,-23.471806,-0.4416678,-12.182622,21.943644,0.009036837,0.005913972,0.015870536,1.923077,1.9498608,0.12,0.07964206,0.325,0.1939072,-49.37837,ans,Ses02F_script03_1,Ses02F_script03_1_F008
237,25.613743,0.17816281,22.281435,25.002222,29.31884,7.037405,78.186935,51.30551,114.77634,43.301876,0.15994787,0.7578112,0.06512084,0.101622604,0.28628728,0.22116643,3.11354,2.7743242,1.7945999,1.4477547,0.03807544,0.8482275,29.346756,0.32657403,1.2270249,7.2617936,16.918139,0.5197915,-9.452461,-0.98773324,0.018114828,0.81830513,1.032413,0.78965235,4.2693057,0.62320423,4.4219093,0.95440876,25.053894,0.2571595,560.54364,0.45799994,1361.3368,0.16858916,-134.84506,-0.6485786,1571.471,0.21570227,1170.9149,0.44034427,-138.58081,-0.58838576,2612.5796,0.11490199,952.3967,0.35263467,-140.83614,-0.55669147,-13.213651,-0.44788516,23.85705,0.25331885,0.02615889,0.6863003,-0.010060832,-0.8384131,0.06147145,0.50854427,35.498,0.1910973,-2.7755427,-4.1082172,20.540243,0.5588317,-15.537731,-0.6880207,-13.172036,22.064373,0.006192433,0.0034314727,0.027478777,2.4875622,3.0612247,0.10166667,0.091363125,0.20166665,0.08668269,-40.587345,c,Ses02F_script03_1,Ses02F_script03_1_M009
238,38.439358,0.105271414,36.438538,37.7248,39.474445,3.0359077,101.12861,79.8674,81.36032,51.34583,0.08511063,0.31061405,0.062015202,0.07849771,0.10427285,0.042257648,0.44365785,0.23592107,0.28233507,0.11970611,0.016994124,0.53338516,28.88253,0.2423752,-1.023349,-5.8363476,9.723481,0.77371943,-12.67128,-0.643171,0.017618604,0.57459295,1.4044473,0.41196305,7.1374025,0.31057948,5.047651,1.6577196,28.598036,0.24421087,643.0877,0.2521255,1423.6014,0.107088305,-162.25618,-0.45330718,1735.4572,0.12076139,1143.3042,0.20524083,-161.49797,-0.42671925,2805.3442,0.078157336,1117.5538,0.28033784,-162.81133,-0.40958613,-16.8971,-0.17697877,27.447886,0.17470537,0.034680948,0.47974807,-0.013312322,-0.6551424,0.022560064,0.32873124,34.517757,0.15523905,-1.1866589,-4.5039268,4.2827773,1.8616244,-20.759035,-0.3002454,-13.115109,22.63538,0.012336112,0.0035632164,0.015510129,3.0054646,2.7700832,0.07,0.06449806,0.271,0.18201374,-51.353695,o,Ses02F_script03_1,Ses02F_script03_1_F009
239,26.33873,0.15329014,23.96267,25.962805,30.38735,6.4246807,56.106796,13.913436,64.8847,36.135246,0.15134671,0.5556367,0.075008355,0.13514078,0.21851033,0.14350197,1.8072047,1.0430406,1.3550283,0.93280435,0.03546405,0.7802704,24.154125,0.5495564,4.851943,2.471712,18.274967,0.72631,-3.498464,-3.4892406,0.02076695,0.91770947,1.217048,0.8541426,6.1138325,0.43924376,8.499111,0.5501476,30.993616,0.23743846,583.5272,0.30040538,1413.8217,0.1214551,-146.41335,-0.55904686,1680.2241,0.13718085,1102.9299,0.3732585,-150.07716,-0.5019659,2714.3137,0.072172605,980.4243,0.4102236,-150.50504,-0.4970832,-19.505304,-0.30530092,28.074871,0.2812673,0.013437642,1.1165868,-0.006177135,-1.9792771,0.05124913,0.56432235,33.775414,0.24645755,14.442491,0.49111822,27.271929,0.62757206,-0.028992742,-484.17422,-9.514265,17.962894,0.00515785,0.0065668174,0.028821992,2.9411764,1.897019,0.14571428,0.08764493,0.315,0.21656407,-41.04462,q,Ses02F_script03_1,Ses02F_script03_1_M010
240,35.352406,0.021976538,34.544132,35.351162,36.140835,1.5967026,10.252772,7.088804,6.4335146,1.2138097,0.111118995,0.37427616,0.07436092,0.098928675,0.13945135,0.06509043,1.643657,1.3044778,0.32258672,0.42169836,0.021141587,0.52355295,23.86716,0.3264557,-4.543695,-1.8092955,12.683846,0.7331968,-13.528922,-0.6393787,0.011089604,0.6440163,1.1575863,0.37630135,8.150823,0.20456211,12.591296,0.7680193,31.731943,0.11453211,676.75024,0.28539583,1385.22,0.11769095,-163.02292,-0.4709243,1770.5706,0.106061,1060.3445,0.14689633,-165.17978,-0.42843133,2769.9731,0.07744583,1097.1776,0.58571583,-166.12743,-0.4142042,-17.497427,-0.28568548,27.037868,0.15732244,0.037451614,0.42916992,-0.0077934447,-1.1023976,0.026582234,0.28683713,33.132706,0.14622122,-0.45507124,-17.314196,12.663276,1.0460241,-20.44757,-0.5853562,-8.81938,17.560213,0.0078032105,0.0062439726,0.020036811,2.9914532,0.8733625,0.21499999,0.055,0.6033333,0.3564953,-49.733234,ans,Ses02F_script03_1,Ses02F_script03_1_F010
241,28.737822,0.2580408,22.848856,27.38509,31.616995,8.768139,152.01236,208.88148,34.408993,13.787809,0.27125406,0.78336644,0.11592676,0.20892096,0.35500002,0.23907326,3.9946585,3.2244966,3.6528907,3.4990108,0.07457523,1.0916479,20.63827,0.6821482,1.1794224,12.322289,15.653279,0.82586664,-10.813114,-1.382452,0.037107125,1.5412248,1.2205349,0.6213206,4.4354777,0.60377496,6.3303204,1.042682,22.749306,0.44366258,630.204,0.37196264,1309.4597,0.14678954,-116.60265,-0.7871011,1671.1598,0.17808314,1008.24506,0.39154354,-118.868,-0.72852224,2720.383,0.09263878,906.8406,0.42637455,-120.266,-0.7066616,-12.288282,-0.58591753,22.059923,0.36813694,0.028802734,0.79454094,-0.0078097326,-2.3778143,0.11575642,0.83313715,27.932158,0.38515452,3.8781505,4.034533,15.57906,0.9317919,-12.671491,-1.410295,-4.976161,12.649859,0.0060337596,0.007863058,0.04136168,2.831257,2.5114155,0.17,0.20893669,0.19869566,0.23290798,-34.479332,q,Ses02F_script03_1,Ses02F_script03_1_M011
242,38.651794,0.23710112,28.004436,37.689014,49.167255,21.162819,82.08827,37.87756,64.21851,27.320831,0.2657472,0.7625208,0.12827213,0.20338202,0.3250826,0.19681047,2.5995343,1.4401016,1.2179193,0.58906466,0.07908443,0.9699123,26.519236,0.3375782,-3.1631012,-4.879469,17.453926,0.9094154,-17.51369,-0.80918413,0.02390327,1.4575015,0.97783417,0.5901359,7.6960754,0.4442954,12.088601,0.6349659,23.994036,0.47578976,767.2619,0.26754257,1363.3179,0.16926153,-105.424614,-0.8618706,1828.0454,0.09571173,976.8917,0.38224894,-107.05982,-0.77955145,2843.3513,0.0747343,980.0695,0.31018016,-107.44248,-0.7740837,-14.117979,-0.56423855,25.013224,0.3442653,0.04470464,0.57200956,-0.004142283,-3.7145815,0.08738805,0.88522655,27.735992,0.37527767,-0.09248344,-187.52895,15.381322,1.0948746,-17.003887,-1.0213678,-9.70905,16.490175,0.031620257,-0.0053576115,0.05883276,1.9607843,2.811245,0.18142857,0.10736169,0.18166666,0.12266711,-33.52472,c,Ses02F_script03_1,Ses02F_script03_1_F011
243,22.718304,0.24881072,18.087694,20.532677,28.019073,9.931379,79.11625,31.853455,31.384247,0.5277815,0.2519512,0.6983265,0.11705388,0.22152542,0.33292678,0.2158729,3.7729554,2.591293,2.9359076,1.6264439,0.07684894,0.96321803,23.736834,0.572693,5.1916895,2.0227702,23.231878,0.66327864,-8.205031,-1.553324,0.028967138,1.257972,1.3504896,0.7130131,2.8945107,0.7482107,7.5805764,0.7270347,24.778553,0.4151229,604.53064,0.3831273,1327.2435,0.15860993,-102.027405,-0.8998027,1653.2812,0.15259285,937.7008,0.30978873,-106.5626,-0.79849094,2706.8743,0.08916686,918.1164,0.3551859,-107.448555,-0.78411555,-13.687829,-0.5447101,21.786232,0.4194163,0.02067798,0.9081592,-0.0043814885,-2.8775952,0.09959818,0.8729209,29.967567,0.2970989,4.317042,2.373438,26.449343,0.6550478,-4.869712,-2.7129083,-7.6410184,14.402422,0.005775766,0.0015613027,0.054821655,4.4368606,3.4722223,0.14,0.10620734,0.126,0.09199999,-35.518658,o,Ses02F_script03_1,Ses02F_script03_1_M012
244,39.07869,0.037494343,37.48149,39.377735,40.586044,3.1045532,-19.729658,0.0,6.7246757,0.0,0.1088918,0.33251446,0.075653955,0.09543535,0.14890265,0.0732487,1.2992822,0.74555194,0.54587907,0.28394228,0.018815422,0.5333989,20.072044,0.4152499,-2.1904984,-2.6784756,13.660974,0.48286664,-11.882055,-0.8551212,0.028243536,0.732901,1.203563,0.33001634,8.4978,0.12839533,9.940895,1.0903565,27.916601,0.16347262,737.1601,0.22354388,1540.583,0.14157431,-174.02501,-0.36425656,1739.8992,0.109299555,1121.5702,0.22036831,-164.91156,-0.4055798,2803.7837,0.067197986,1027.2552,0.35505486,-166.4707,-0.38423222,-17.843163,-0.14769843,27.283108,0.15472451,0.026940284,0.8934051,-0.008688986,-1.8704925,0.02674165,0.44932234,29.09732,0.10252097,-0.49273124,-16.299698,8.589754,0.7055782,-14.618087,-0.9480536,-8.320894,16.46739,0.0051057152,0.0047712657,0.017288368,4.83871,2.5210085,0.07,0.02828427,0.29999998,0.17204651,-50.35895,q,Ses02F_script03_1,Ses02F_script03_1_F012
245,25.274311,0.20556486,20.27247,24.904253,30.105131,9.832661,195.9442,289.88712,40.560764,22.297512,0.29748887,0.7712583,0.11515919,0.22346817,0.4541175,0.33895832,5.6392713,3.6609566,4.338761,3.578084,0.09029628,0.95705706,24.06605,0.60264856,0.517722,24.097097,19.477913,0.71530604,-12.017064,-1.3051003,0.036585897,2.8259692,1.25879,0.7707976,3.4590008,0.69637316,4.5764794,1.3821132,23.10593,0.40445927,576.32245,0.37782708,1314.4244,0.160809,-122.55062,-0.74875647,1590.0027,0.18396239,1031.6633,0.3687057,-125.32594,-0.69718456,2709.7202,0.10184605,852.93445,0.35268986,-127.29763,-0.6661161,-11.943818,-0.5519841,22.224062,0.33516568,0.033375967,0.6755667,-0.01492003,-1.1789176,0.14512788,0.6833641,32.2066,0.2926497,0.6071033,23.36268,17.017508,0.9229128,-20.345186,-0.91528744,-7.434029,15.133563,0.009564227,0.006116837,0.053734798,3.4674063,2.5139666,0.15222222,0.11384959,0.21315789,0.17041908,-33.56841,ans,Ses02F_script03_1,Ses02F_script03_1_M013
246,23.47465,0.20587645,19.344429,23.155212,28.362635,9.018206,189.85048,190.55855,58.747578,31.795977,0.2474245,0.77841806,0.10047882,0.19420743,0.34422338,0.24374455,3.560586,2.5453224,3.039419,2.1762552,0.06945124,0.90429795,21.582535,0.6571946,2.2695022,5.968305,22.24832,0.65860164,-7.151569,-1.6791227,0.020103643,0.8762607,1.3477646,0.74684346,3.53543,0.70980084,5.1162567,0.764245,22.600798,0.40913275,503.11377,0.38820806,1300.4911,0.18014307,-133.42213,-0.6544414,1530.9769,0.14272538,1032.2195,0.3453799,-136.38933,-0.6072622,2550.5305,0.09109169,853.98785,0.23302774,-137.35358,-0.59274983,-12.835458,-0.6123222,21.305552,0.3562115,0.021850245,0.81714934,-0.0068504377,-1.8022447,0.11192758,0.6915958,29.960669,0.2601107,0.82846904,21.143763,25.203217,0.59865385,-5.689123,-2.4918365,-7.279136,14.265466,0.007745665,0.0058296816,0.048599165,4.0229883,3.2069972,0.09909091,0.06707587,0.17583333,0.13841113,-36.124996,o,Ses02F_script03_1,Ses02F_script03_1_M014
247,35.310047,0.04622161,33.947506,35.091118,36.723972,2.7764664,44.434223,54.481686,21.363676,19.27581,0.09916386,0.41349426,0.06501123,0.08666593,0.12904906,0.06403783,0.8004411,0.45639235,0.44322065,0.20987523,0.016883157,0.55313194,26.670362,0.25768927,-3.7984152,-2.1337647,7.7829876,1.1858926,-15.29783,-0.5941314,0.015882837,0.7705735,1.1782712,0.40488937,6.279356,0.32445437,3.2941353,2.46564,24.634981,0.28108203,631.2196,0.25339627,1476.2351,0.13437651,-127.268166,-0.73303807,1626.3038,0.087782055,1157.4713,0.19347811,-127.03438,-0.6929463,2716.4976,0.07632207,956.0453,0.30499658,-130.85434,-0.6372785,-11.908448,-0.37964734,24.738476,0.16798706,0.032346033,0.4546499,-0.0053398996,-1.7548908,0.02334502,0.4231048,31.796,0.13824876,-8.796293,-1.0756208,3.3816714,3.187453,-22.61689,-0.3073372,-10.867256,20.553259,0.01272415,0.0066008004,0.012877837,2.6666667,2.3728814,0.15571427,0.09084635,0.21374999,0.10965143,-50.910954,o,Ses02F_script03_1,Ses02F_script03_1_F013
248,24.430107,0.1624655,21.713257,23.374977,28.397984,6.6847267,86.56693,61.328453,22.32608,18.103079,0.2540167,0.71136147,0.062037088,0.23010182,0.4077049,0.3456678,4.0106583,3.545625,3.228206,2.57908,0.08112568,1.0628345,25.513937,0.5999422,0.87150055,11.368627,20.483143,0.73925376,-11.417371,-1.2667452,0.028273363,1.1765652,1.4678313,0.801418,3.4449933,0.59493744,4.109917,1.0782045,26.228733,0.31238604,604.2105,0.376093,1328.53,0.17921805,-108.24488,-0.87408024,1655.3849,0.16234697,1073.4838,0.3545215,-114.53947,-0.7653714,2698.694,0.11337842,901.74805,0.2997057,-116.51053,-0.7343643,-13.676007,-0.48295066,24.735498,0.3477946,0.02955351,0.7283467,-0.009132515,-1.7302572,0.13019925,0.65696514,34.33834,0.31409323,1.6445216,7.010056,24.1344,0.79326606,-14.493815,-1.3232796,-6.765699,15.093165,0.0053630816,0.011706071,0.04048768,3.6101084,2.5735295,0.17285715,0.146064,0.19285715,0.15745422,-34.19464,ag,Ses02F_script03_1,Ses02F_script03_1_M015
249,35.951965,0.05026382,34.12844,36.187603,37.48127,3.352829,30.196657,16.331076,35.660595,51.27112,0.111385345,0.45586228,0.06412014,0.09727329,0.15397826,0.089858115,0.9136491,0.518909,0.5404283,0.3545567,0.022016328,0.60604906,29.947126,0.24672054,-4.641945,-1.8313545,4.3911386,2.4692512,-12.630666,-0.9134059,0.018611116,1.9779311,1.1468985,0.5301032,7.794162,0.31988713,5.226008,1.7756939,28.928999,0.26923501,649.1927,0.31729302,1429.7965,0.1314304,-131.62595,-0.7035275,1635.4319,0.14364529,1215.994,0.27501744,-124.91433,-0.7155073,2739.5312,0.093863174,1091.8137,0.43356773,-129.40906,-0.6487457,-13.160277,-0.42405492,27.936134,0.22514255,0.03810335,0.5277916,-0.0051782606,-2.017911,0.030018281,0.414725,36.07896,0.10644698,-6.109943,-1.5343244,-0.5924229,-21.008945,-20.801765,-0.54605967,-10.447598,22.073814,0.0059432345,0.0077992626,0.016565917,2.819549,1.5180266,0.25875,0.25042152,0.33666667,0.25974348,-47.496395,q,Ses02F_script03_1,Ses02F_script03_1_F014
250,21.680178,0.20254545,16.985142,23.274448,26.303823,9.318682,22.31542,0.0,33.484455,0.0,0.19899948,0.72603834,0.06572237,0.14516361,0.35297188,0.2872495,1.3737024,0.8777797,1.1855993,0.5785393,0.043677676,0.8400686,22.427357,0.67160815,-0.67052335,-12.388687,20.290718,0.4285156,-8.228388,-0.941057,0.018138269,0.5627354,0.79232925,0.6400899,3.8616588,0.9381003,4.393227,1.3381245,25.668648,0.31457087,602.73724,0.43970323,1231.6149,0.09980413,-132.15193,-0.6713577,1638.1259,0.19459562,996.14703,0.33711645,-135.84271,-0.61850876,2678.0625,0.119439304,937.49475,0.3742171,-138.02724,-0.5887964,-16.124062,-0.3433939,25.156542,0.24492614,0.031950932,0.34954953,-0.0018409094,-3.0131216,0.08321551,0.34011987,35.496124,0.10147061,0.93651193,9.436717,28.342442,0.31249675,-3.9670782,-1.8541043,-4.40153,12.148587,0.0044505936,0.014045133,0.02455644,2.222222,2.3076923,0.14333333,0.10370899,0.19999999,0.1759261,-36.14255,ans,Ses02F_script03_1,Ses02F_script03_1_M016
251,35.723488,0.09303977,33.484425,34.151196,36.817837,3.3334122,15.927263,9.618212,35.917145,29.598099,0.093255594,0.32234553,0.06530783,0.08970378,0.119063586,0.053755753,0.5178347,0.2626641,0.40751782,0.10571657,0.016531799,0.5105358,26.165644,0.34991616,-2.0543382,-2.9381683,9.703106,1.0937734,-14.071709,-0.70904,0.015476018,0.79327303,1.2805648,0.45832455,6.5585957,0.2791583,2.5263157,4.116998,26.729883,0.2736591,636.9091,0.28316092,1407.2308,0.17988405,-152.64835,-0.533103,1662.4353,0.13644885,1182.3789,0.23507307,-151.31274,-0.51566744,2723.1965,0.10109773,1050.3093,0.3008632,-153.87581,-0.48103672,-12.776353,-0.33331874,25.311457,0.23954077,0.019058913,0.7956953,-0.011369708,-0.7797738,0.020756144,0.3551707,32.54223,0.18933019,-2.267904,-3.4515584,2.229924,5.5044804,-20.342197,-0.4735735,-10.902723,19.841568,0.0058731507,0.0034906904,0.015090414,3.4161491,2.2082021,0.111428574,0.07586239,0.28,0.19974984,-51.41627,q,Ses02F_script03_1,Ses02F_script03_1_F015
252,26.032965,0.24401037,21.902752,24.824366,28.950247,7.047495,252.75938,232.04393,2.2595196,6.4922857,0.27986974,0.82113177,0.0956278,0.20678872,0.40525138,0.3096236,3.797704,3.0055242,2.8006904,1.7724723,0.06476649,0.9866243,27.135365,0.40345997,-0.9440511,-11.405841,18.829126,0.55483544,-15.641695,-0.8071503,0.013967357,1.0755349,0.9128414,0.74280894,5.4231925,0.45796853,3.654847,1.8575675,24.025599,0.30974987,516.13525,0.3682852,1330.4915,0.18265302,-106.859344,-0.8963934,1475.5729,0.16130178,1104.1493,0.36019334,-110.946495,-0.8123242,2604.063,0.079936355,742.6116,0.43386966,-114.56711,-0.7530085,-14.736572,-0.4356917,23.366163,0.28379667,0.03420792,0.5872423,-0.015458251,-0.9836478,0.09243918,0.71759534,33.715485,0.20577388,2.3798637,5.9554133,15.233985,0.54683006,-21.765022,-0.6486158,-8.660951,17.485506,0.0050394214,0.0066705924,0.040487118,2.5714285,2.0289855,0.22857143,0.14632922,0.21249999,0.23482706,-33.667118,ans,Ses02F_script03_1,Ses02F_script03_1_M017
253,38.370136,0.29940513,20.153465,41.708954,48.321617,28.168152,69.20739,53.348755,-50.110912,107.64508,0.124942675,0.6191214,0.067304835,0.10863826,0.15231672,0.085011885,0.83118916,0.3612187,0.7605379,0.64812416,0.022509955,0.6217267,25.121378,0.36487147,-5.588116,-1.1570336,9.660566,1.106377,-15.359983,-0.5572946,0.02306738,0.5199935,1.167698,0.39423466,7.209446,0.49414986,12.794758,0.5827447,23.07299,0.35801098,661.55927,0.29068503,1343.8955,0.14148194,-143.16745,-0.5912493,1673.513,0.1273919,1079.8209,0.17392395,-135.40811,-0.604867,2721.6257,0.08902844,959.1929,0.2850849,-137.70412,-0.5737939,-13.815536,-0.34962854,24.93959,0.27796486,0.02573489,0.761619,-0.0032963858,-2.6681218,0.029990837,0.5083507,31.185474,0.14994214,-5.9720736,-1.2185366,9.473478,1.1230842,-18.34849,-0.4411944,-8.225155,17.627481,0.015071855,0.00552398,0.018578585,2.6086957,2.6666667,0.12833333,0.07646713,0.22666666,0.14727147,-46.768818,q,Ses02F_script03_1,Ses02F_script03_1_F016
254,22.262157,0.07316921,20.996521,21.714882,24.170273,3.1737518,29.818962,12.147219,3.4868126,13.3443365,0.15364857,0.7779195,0.055575155,0.09128025,0.268371,0.21279582,2.351153,1.2360132,1.9222167,1.4072875,0.03381331,0.8466872,27.936619,0.30308214,0.49747732,16.446243,18.17832,0.4731827,-11.385678,-1.0744582,0.01714472,0.7539121,1.2613709,0.62465525,3.7686942,0.36382487,4.1116157,0.7045073,23.150394,0.28720674,530.14087,0.3612319,1385.7904,0.22915934,-125.3147,-0.753365,1524.55,0.19083351,1131.5044,0.32032207,-129.53531,-0.68362826,2614.7725,0.07475898,755.9702,0.3998024,-130.87627,-0.66323084,-14.357778,-0.38787624,21.708277,0.26582733,0.024218595,0.66322273,-0.015949657,-0.9649494,0.06276759,0.32248354,35.596344,0.19516273,4.0445514,2.8615324,18.991848,0.35851684,-18.959572,-0.8424267,-11.213553,20.096275,0.00156337,0.010586123,0.01675557,3.6036036,0.92165905,0.41,0.24,0.4333333,0.22881335,-40.623512,ans,Ses02F_script03_1,Ses02F_script03_1_M018
255,33.85328,0.048211638,32.77414,33.960396,34.57626,1.8021202,223.93486,155.14954,25.06867,34.146477,0.093282804,0.41910374,0.06026652,0.07881504,0.12499019,0.06472367,0.703296,0.36375675,0.6453386,0.9059777,0.01574297,0.5269104,25.912556,0.3017761,-3.879298,-2.3941765,10.503724,0.79191464,-9.052162,-0.7992814,0.0152271995,0.68097466,1.3947766,0.47320312,4.542804,0.57568896,1.5199276,4.4742303,25.259418,0.34263214,698.7184,0.28506854,1409.8779,0.11557099,-159.23038,-0.48371843,1686.005,0.11785041,1182.6003,0.20641145,-159.20985,-0.46601355,2769.5444,0.07593829,1070.1499,0.4360639,-161.60683,-0.4320512,-10.355419,-0.57265747,24.938086,0.22042993,0.024699068,0.6316503,-0.0015974054,-6.236479,0.02324654,0.37563446,33.61738,0.16912732,-7.4283705,-1.366755,2.6972625,2.8967888,-13.428709,-0.5280411,-9.892566,19.586744,0.006949442,0.0085394485,0.013587735,2.2544284,1.7857144,0.11545455,0.088867985,0.38833332,0.2670466,-52.20895,q,Ses02F_script03_1,Ses02F_script03_1_F017
256,24.225662,0.09495343,22.064507,23.97966,26.795326,4.7308197,37.331944,10.684699,24.79959,14.98849,0.2200621,0.8622382,0.06861381,0.13905373,0.3451586,0.2765448,3.5207393,2.1328053,2.5099206,1.2112435,0.055094395,1.2060432,18.073631,0.7543502,1.5871717,8.729722,15.997159,0.6557505,-12.87671,-1.4190005,0.022977054,0.9031831,1.4519174,0.717395,4.456129,0.5001252,5.029271,0.776834,25.551598,0.26427242,673.3769,0.3699509,1304.4945,0.15622523,-147.95923,-0.57052493,1729.8463,0.15663365,1045.3179,0.3298326,-152.09023,-0.5094996,2814.7673,0.09273196,746.60443,0.30404907,-152.10295,-0.50996125,-15.92136,-0.29218102,22.485733,0.24141875,0.019315654,1.4510565,-0.0172144,-1.5822101,0.114221804,0.74876356,27.10779,0.32499307,14.521078,0.80598587,20.907747,0.532857,-22.822765,-1.3413414,-4.6044397,11.990664,0.0066211517,0.008157812,0.03406704,2.7522936,1.242236,0.21,0.18973665,0.45799997,0.24685219,-34.296036,ans,Ses02F_script03_1,Ses02F_script03_1_M019
257,31.064392,0.17847283,25.59451,32.890133,35.123234,9.528725,52.669605,0.11481094,94.13213,137.0605,0.109976724,0.9674213,0.05722712,0.06937874,0.10077885,0.043551728,1.1025643,0.99680877,-0.63749427,0.7317198,0.022125436,1.23985,29.16461,0.24701218,-0.6763747,-8.853664,12.046354,0.44075122,-8.565828,-0.95815074,0.052829787,1.8932401,1.0252771,0.54009116,4.517504,0.58604455,6.104456,1.1020777,26.117903,0.21704037,490.89062,0.24994238,1428.9404,0.10528224,-151.22939,-0.5377686,1514.3735,0.12603962,1168.648,0.24638127,-147.3815,-0.53349036,2597.0894,0.07898728,929.765,0.22664846,-148.98535,-0.5113113,-15.544093,-0.33635554,25.37472,0.21400854,0.030825736,0.6272849,-0.009232117,-1.0354549,0.0395647,0.8366359,35.305325,0.11775987,0.36411515,19.454323,14.850519,0.33654064,-13.685907,-0.6656896,-11.566148,22.166336,0.007310856,0.007864306,0.012256471,0.9756098,2.5,0.108,0.071105555,0.26799998,0.19823219,-42.72988,q,Ses02F_script03_1,Ses02F_script03_1_F018
258,28.25834,0.20985407,21.606932,28.831718,32.459026,10.852095,93.578186,106.93384,66.67983,90.94311,0.25053957,0.638972,0.118732855,0.21059789,0.36896986,0.250237,4.31289,3.232162,2.7929711,1.9043981,0.07321754,0.8174721,28.512163,0.4482578,2.5742116,5.3031225,17.41878,0.67785144,-12.038499,-1.3197105,0.03861413,1.4437566,1.214549,0.70892483,4.933434,0.5842917,4.3995943,1.4834889,26.945026,0.32605448,595.25323,0.36347708,1414.9623,0.17395069,-94.72695,-0.98248273,1610.4707,0.16332392,1090.9448,0.27627456,-96.63482,-0.900824,2722.6118,0.095710024,936.28705,0.38147306,-100.43218,-0.83356667,-14.811243,-0.49234182,25.059752,0.3312345,0.028103346,0.82053584,-0.009080855,-1.6251385,0.097162284,0.6744764,33.76138,0.26287937,3.8798406,3.8613057,15.183226,0.7960599,-14.722948,-1.241392,-8.864444,17.459047,0.012978726,0.005871856,0.042834062,3.649635,2.4074073,0.22692308,0.20532843,0.19727272,0.12068674,-35.56398,ans,Ses02F_script03_1,Ses02F_script03_1_M020
259,38.52222,0.073689744,36.26767,38.847694,40.730717,4.463047,153.45035,155.38971,44.486156,44.939972,0.15319067,0.54481006,0.088412836,0.11601573,0.22035867,0.13194583,0.93510586,0.7479663,0.83007884,0.51318914,0.03139757,0.73469764,26.108643,0.3861563,-10.050238,-1.0008392,16.081358,0.78094,-14.700205,-0.7138941,0.018426213,1.3632607,1.288444,0.31453693,6.4286623,0.28246552,6.169752,1.3536712,19.858536,0.4406863,619.6748,0.32202995,1455.4436,0.16131592,-136.05501,-0.67682254,1603.9415,0.11365573,1191.3169,0.39115852,-118.65213,-0.764421,2661.6106,0.09136542,997.923,0.33314094,-121.074936,-0.726643,-9.570711,-0.48468667,19.640215,0.34479252,0.029644629,0.67957425,-0.0074288636,-1.0009798,0.040283818,0.6008537,29.818245,0.23297642,-15.825053,-0.6884043,10.699634,1.2785709,-22.288906,-0.32923555,-8.370106,16.386166,0.01314908,0.0062070033,0.025606208,3.2786884,2.0920503,0.19799998,0.17543091,0.21499999,0.1897147,-45.23402,o,Ses02F_script03_1,Ses02F_script03_1_F019
260,21.254362,0.2902928,16.235397,19.538462,27.788048,11.55265,8.613992,0.0,24.988552,0.0,0.19590095,0.7852993,0.08965674,0.15039407,0.2543636,0.16470686,1.4880179,1.0217357,1.6917689,1.3529184,0.049593296,1.0645915,22.447283,0.73733103,0.44567704,29.599684,13.693976,0.6417527,-11.851407,-0.8228205,0.019285098,0.67353064,1.1861502,0.5594966,2.8265808,0.86731905,7.3778872,0.31667644,28.705948,0.2536987,614.2335,0.3833715,1387.173,0.15133883,-145.21518,-0.59168386,1610.2567,0.19392869,1279.1842,0.35685113,-145.40575,-0.56728697,2720.87,0.08690219,819.529,0.25006095,-147.64594,-0.53597754,-14.701879,-0.4996116,25.008234,0.33215132,0.02205648,1.1474967,-0.010882731,-1.678495,0.09206033,0.74495995,34.733677,0.31876078,4.536206,2.172843,12.770561,0.77047896,-15.520585,-0.8596672,-5.252456,13.681495,0.0038899332,0.00869434,0.032367166,1.8315018,1.119403,0.26,0.0725718,0.45749998,0.31602016,-37.803238,o,Ses02F_script03_1,Ses02F_script03_1_M021
261,25.457129,0.1795401,22.694534,24.489769,27.84242,5.1478863,220.95288,178.18149,42.498474,38.454727,0.26467204,0.7102639,0.107575804,0.21305242,0.38907677,0.28150097,4.2304463,2.3679266,3.2940185,2.288527,0.07579056,0.963308,22.272322,0.68978405,1.7957133,7.0376744,20.30953,0.6791492,-10.679488,-1.3394866,0.023044994,0.9172834,1.4293839,0.82731974,4.3557124,0.5725047,4.8374333,1.0736022,23.928202,0.35382318,611.65704,0.3806106,1358.6086,0.19439884,-127.27427,-0.70989466,1668.7244,0.17417277,1046.2684,0.3477723,-130.4233,-0.6487132,2699.0942,0.09884421,904.9426,0.35510066,-131.30898,-0.6358708,-14.048082,-0.49209592,22.197075,0.35890374,0.028933955,0.75509447,-0.011413018,-1.5704374,0.11551504,0.67328244,31.151648,0.31270477,4.673173,2.763666,21.778006,0.72823125,-14.240246,-1.2798455,-5.711208,13.635878,0.008007442,0.007395781,0.051422138,3.8020086,2.5197985,0.144,0.121659935,0.23882352,0.26380432,-34.36896,o,Ses02F_script03_1,Ses02F_script03_1_M022
262,23.948128,0.14699648,21.376043,23.03048,26.57544,5.199396,361.75873,302.01483,25.745928,10.837565,0.3364232,0.61792684,0.14994517,0.27593428,0.5146508,0.36470565,4.664471,2.6064389,3.13966,2.078533,0.09697548,0.78480923,29.265524,0.45414615,-2.2659986,-5.278408,15.304455,1.1357849,-9.624221,-1.3848088,0.02289327,1.1481194,1.2427862,0.7127979,3.7044184,0.61430126,4.3507485,0.8086466,24.548208,0.4074055,630.8178,0.36609438,1325.4517,0.15117158,-84.91473,-1.0901837,1649.0432,0.17443842,1065.9628,0.30483285,-89.58075,-0.98210686,2728.8628,0.115966015,929.1319,0.34641325,-93.19451,-0.91288036,-11.081395,-0.7141411,22.52503,0.37215924,0.028732082,0.6727185,-0.008784588,-1.6007922,0.12402768,0.638823,35.341778,0.21292411,-3.7690067,-3.3191311,16.684376,1.0956967,-10.831691,-1.3216833,-6.7233067,15.797124,0.0054461453,0.004057051,0.05975373,3.8812785,2.5462964,0.22363636,0.16444246,0.13583332,0.12983698,-32.985897,o,Ses02F_script03_1,Ses02F_script03_1_M023
263,36.0597,0.052286353,33.72623,36.547768,37.884033,4.1578026,171.66647,0.0,2.114149,7.2054706,0.12642969,0.51099974,0.07408999,0.10463413,0.18062846,0.106538475,1.4174484,1.0044581,0.7342308,0.5635346,0.02188175,0.72500944,24.127083,0.35739124,-5.3969398,-1.3455852,6.2289658,1.6366171,-13.567415,-0.770753,0.014345573,0.7837967,1.0388752,0.5470259,7.160551,0.45240283,0.81611705,9.287437,22.966164,0.292643,626.6892,0.3295125,1414.6758,0.104362614,-146.51982,-0.5942926,1706.2806,0.12820287,1054.0728,0.189127,-144.98798,-0.57411313,2763.359,0.10431716,1109.6174,0.36891216,-146.33716,-0.5550732,-12.151497,-0.32891536,20.935839,0.32884902,0.03785638,0.32209304,-0.009857415,-1.057753,0.027413184,0.323775,25.229748,0.46669587,-3.2212098,-2.9117196,2.681283,4.9210296,-21.162676,-0.55346006,-7.272858,17.733744,0.01051647,0.008557892,0.020157421,3.6036036,1.3824886,0.20666665,0.12657891,0.37,0.3925557,-48.142624,s,Ses02F_script03_1,Ses02F_script03_1_F020
264,25.029022,0.16032436,21.011082,25.007837,28.600765,7.5896835,106.772606,152.63023,29.018461,14.111472,0.29077414,0.7379739,0.112181,0.23169288,0.43331978,0.32113877,4.530712,2.7561445,3.4366233,2.5687394,0.08223713,0.9553044,25.624249,0.5374396,1.235548,8.330775,21.594425,0.6671442,-10.62015,-1.4803156,0.023260362,1.1145673,1.195909,0.72722554,4.4048305,0.5359218,3.8980715,1.2061123,24.154322,0.38233432,567.65344,0.40346602,1324.3438,0.1585417,-97.37757,-0.9638249,1612.4077,0.17133561,994.5371,0.34124696,-102.76249,-0.8526027,2673.473,0.10242638,906.12384,0.3305228,-104.592285,-0.820937,-12.972001,-0.5092371,21.542356,0.40154535,0.028180657,0.7178358,-0.013110698,-1.2256283,0.115152374,0.7396442,31.829988,0.30056557,2.3414645,4.5368447,23.217598,0.70436585,-13.478597,-1.3769767,-7.5199957,15.445585,0.0024559645,0.006228573,0.04512443,3.564728,2.4505184,0.20884615,0.18286872,0.1852,0.20368837,-33.798378,o,Ses02F_script03_1,Ses02F_script03_1_M024
265,39.767166,0.09608867,35.310265,39.196632,44.133926,8.823662,9.378102,5.3820543,198.72997,234.32002,0.096104056,0.41869697,0.068659686,0.08706555,0.11044678,0.041787095,0.6662759,0.4133039,0.43538824,0.28591284,0.016571688,0.63166714,23.71511,0.3156687,-2.2215548,-3.10188,12.910363,0.60122055,-13.668312,-0.67447597,0.020114647,0.5934342,1.3617051,0.37780607,7.0391912,0.35790172,7.6790934,0.8795798,23.7084,0.37159294,687.92065,0.27419382,1372.2378,0.17111629,-160.00066,-0.47520006,1689.2456,0.10594508,1095.926,0.25471407,-156.61296,-0.47268897,2734.044,0.08487014,928.4796,0.37776315,-158.1218,-0.45220044,-12.279916,-0.34070438,22.407717,0.26480776,0.028794698,0.5943749,-0.0014755041,-6.0361447,0.02385545,0.6743322,27.96668,0.175064,-5.378093,-1.6129763,10.160869,1.0228646,-21.462059,-0.50138193,-11.097289,19.390682,0.008957214,0.0042147026,0.014343315,3.022339,2.2486773,0.09823529,0.061379746,0.3077778,0.30104548,-51.133797,o,Ses02F_script03_1,Ses02F_script03_1_F021
266,20.818384,0.18614854,18.359236,19.579268,22.193193,3.8339577,8.879751,0.0,15.871325,0.0,0.20762286,0.5673559,0.098632105,0.1847308,0.2868512,0.1882191,2.0088618,1.4441359,2.2521954,1.3719918,0.047524486,0.77767664,21.709148,0.61956036,1.6926025,6.533875,24.218092,0.5668783,-12.839319,-1.002791,0.02138729,1.0609032,1.0812106,0.707848,3.476758,0.6140369,7.3295913,0.5155704,24.777512,0.32313806,521.8496,0.3403129,1313.703,0.14374854,-112.835304,-0.8166138,1578.725,0.15323775,1007.73987,0.2804311,-117.97909,-0.733163,2591.84,0.08094273,872.848,0.3489798,-119.006935,-0.71615523,-14.337162,-0.42861107,22.417898,0.34642982,0.010619049,1.7106291,-0.0092917625,-1.2321318,0.06671002,0.5244394,31.03637,0.22387318,4.2683883,2.8270836,30.492167,0.4860638,-12.424192,-1.2948508,-6.0372334,12.791501,-0.0018860237,0.0034603686,0.03264546,4.135339,2.6819925,0.16,0.11928358,0.16749999,0.18545552,-38.47376,q,Ses02F_script03_1,Ses02F_script03_1_M025
267,34.62536,0.09037059,32.22689,33.174156,39.87415,7.6472588,0.95246637,0.0,18.546741,0.0,0.08584496,0.19431652,0.07231628,0.08414829,0.09448248,0.0221662,0.24516143,0.17853801,0.4007578,0.21771091,0.013711182,0.43853244,23.602175,0.335992,0.60001326,10.360443,14.407902,0.35747835,-10.308754,-0.51405406,0.01988958,0.58138126,1.3588513,0.35603544,5.039419,0.33205822,2.8261855,2.528714,23.914488,0.20932683,597.40607,0.23159274,1457.8021,0.11899159,-143.6041,-0.5879339,1611.7866,0.117210045,1147.4156,0.19573542,-145.3156,-0.5480416,2706.1614,0.07597187,1086.7953,0.24450777,-148.15152,-0.5096112,-15.335754,-0.3282787,26.580658,0.1758605,0.017299969,1.1641312,-0.0063067847,-1.5039375,0.016942417,0.45556897,31.367655,0.12616907,1.9766217,3.2323942,10.708861,0.5658233,-14.409507,-0.411618,-10.756988,20.023655,0.007343571,0.010984617,0.01256697,2.4752476,2.030457,0.1425,0.0901041,0.262,0.19913813,-52.00788,q,Ses02F_script03_1,Ses02F_script03_1_F022
268,26.466652,0.24201809,22.423481,24.412054,32.271217,9.847736,154.22063,126.39078,18.699217,7.327285,0.26152447,0.67937654,0.104891166,0.20995468,0.40239838,0.29750723,4.118432,2.5780728,3.055233,1.4041846,0.07093773,0.789573,27.550903,0.45826825,-0.19727828,-58.06956,22.621117,0.6549249,-12.829213,-1.1086767,0.023752825,1.2962469,1.2773793,0.75978065,5.23691,0.6348857,5.5361104,0.72223973,24.624315,0.39211327,546.8738,0.39753726,1357.0908,0.14753325,-106.08152,-0.8714598,1604.6339,0.16990133,1018.25494,0.34272024,-109.64242,-0.783976,2653.6885,0.092616424,922.81744,0.3413893,-111.08094,-0.76088554,-15.43908,-0.4904425,24.259377,0.35952023,0.027456613,0.6951612,-0.010459118,-1.2671942,0.08990162,0.6029092,34.34519,0.2286052,2.9631035,3.7581213,25.376167,0.67466384,-13.313846,-1.2054504,-7.847948,16.58528,0.007970893,0.0031046553,0.052890413,4.1322317,2.7139876,0.17692308,0.14029554,0.15857142,0.13468786,-35.313404,ans,Ses02F_script03_1,Ses02F_script03_1_M026
269,38.24467,0.12077453,34.81165,39.20191,41.192116,6.3804665,50.903893,26.610523,43.6385,20.063147,0.17817391,0.531268,0.10343122,0.14877057,0.24179612,0.13836491,1.6864097,1.5301801,0.9329907,0.7356038,0.038809773,0.75659114,25.23816,0.26244524,-10.37135,-0.9526103,14.868259,0.8140294,-20.864605,-0.5038727,0.020456474,0.7208397,1.3318592,0.42680255,6.688202,0.4782938,6.9669304,1.5545546,18.067963,0.3862777,653.2977,0.36433572,1424.4805,0.16404405,-132.99007,-0.65731734,1645.1525,0.13674344,1154.0184,0.30775437,-123.21513,-0.6935153,2673.6304,0.088129215,1016.4493,0.29723677,-125.165565,-0.6648768,-11.54062,-0.49970073,20.989613,0.32954088,0.030868614,0.61112463,-0.004684427,-1.7013956,0.038178988,0.56787497,28.248373,0.1527244,-10.905616,-0.97613555,12.747896,1.0145587,-22.239594,-0.5307298,-8.553961,17.0078,0.023107097,-0.00011413081,0.03953307,2.7310927,3.3970275,0.114374995,0.09447014,0.15875,0.10815931,-43.352665,s,Ses02F_script03_1,Ses02F_script03_1_F023
270,32.895092,0.28335193,24.349276,31.598661,40.351772,16.002497,173.20012,57.053875,35.39298,32.151386,0.23094177,0.63324624,0.11997953,0.19082582,0.28852892,0.16854939,2.3200908,1.044536,1.9696116,1.2615999,0.07568174,1.4751816,27.065762,0.34259668,-5.482217,-1.7884737,17.930237,0.87699544,-18.271368,-0.68799937,0.024055721,1.0960244,1.2870963,0.4838559,5.667215,0.5288066,7.4100394,1.1943913,23.205431,0.23864086,602.7768,0.34768596,1278.6562,0.11869056,-142.87,-0.5866577,1683.0471,0.14106593,1026.7887,0.45681167,-140.09631,-0.569821,2663.6965,0.08228502,878.9535,0.29168937,-140.56773,-0.564375,-13.75781,-0.43082908,21.690792,0.31784102,0.030307159,0.82835317,-0.017295836,-1.0103086,0.08847379,1.2240533,29.63655,0.2029569,-1.5092505,-6.2579994,20.935629,0.80120933,-20.098763,-0.6901601,-8.461941,16.862234,0.01849048,-0.008217872,0.07202003,3.2,2.8806586,0.108571425,0.050264604,0.21857142,0.14055285,-33.906864,o,Ses02F_script03_1,Ses02F_script03_1_M027
271,38.517258,0.12877846,34.442093,37.58819,43.776924,9.334831,170.252,156.57974,69.11618,62.3349,0.13289349,0.4850064,0.085894,0.1161291,0.17096613,0.08507213,1.1492522,0.8116756,0.92060727,1.1127893,0.027332086,0.65088546,28.951647,0.17898759,-9.732662,-0.8982797,14.232896,0.94267,-16.132195,-0.57293695,0.023839755,0.99377334,1.2506835,0.38768715,6.187261,0.3501,8.279854,0.7599297,22.562122,0.21779802,716.92737,0.29835418,1428.1676,0.17660831,-139.47545,-0.61873055,1738.5444,0.09240876,1024.461,0.23716153,-137.30205,-0.6036211,2745.5195,0.07717794,1005.8969,0.34767786,-138.80928,-0.5840241,-10.731697,-0.35726508,19.983395,0.28094286,0.0379089,0.4263082,-0.0064227604,-1.4047309,0.030231152,0.56793684,29.614391,0.14810428,-11.635815,-0.76300216,15.494409,1.0003988,-20.819239,-0.46001908,-10.695606,20.079151,0.024996087,-0.00030335944,0.026207453,3.0088496,2.6785715,0.119333334,0.07987212,0.23266666,0.19736487,-46.41149,ag,Ses02F_script03_1,Ses02F_script03_1_F024
272,28.370684,0.25045225,19.952,32.68363,34.680943,14.728943,272.23547,0.0,18.934465,15.483073,0.25070122,0.7450411,0.088546425,0.19941598,0.39032933,0.3017829,2.9928892,1.8505008,2.4177415,1.7563184,0.07574891,1.0528371,30.331158,0.3357318,-4.650784,-2.386094,8.756595,1.1319789,-20.476183,-0.7730429,0.0470436,1.6263765,1.2343098,0.5007395,4.11884,0.76840806,3.235937,1.8303531,27.629162,0.33875775,552.0852,0.26748776,1511.6472,0.20154093,-130.96236,-0.70176095,1510.7886,0.13795277,1168.8723,0.17663173,-128.36792,-0.6927503,2683.5754,0.07829653,984.03577,0.40968072,-132.56113,-0.6317696,-11.824217,-0.48383075,24.321877,0.2643119,0.03633152,0.47468746,-0.011284953,-1.5903478,0.11348648,0.90178376,35.990524,0.16835314,-2.325839,-5.4873004,7.447184,1.0154889,-27.923443,-0.6373908,-8.318659,18.736538,0.007722808,0.0023633009,0.055329885,3.3653848,1.980198,0.185,0.14168628,0.29999998,0.17874563,-35.45753,q,Ses02F_script03_1,Ses02F_script03_1_M028
273,34.483475,0.03856944,33.605568,34.66341,35.64317,2.0376015,40.259163,31.591112,37.24887,42.64516,0.12391246,0.38116795,0.085955575,0.11233459,0.16826233,0.08230676,1.0386113,0.8195126,0.7159446,0.39882088,0.019884745,0.49740335,23.131607,0.35769632,-6.299951,-1.177159,17.048643,0.6846721,-13.8120985,-0.78382254,0.01622244,0.68932086,1.3469739,0.3870096,6.106178,0.25737783,9.264493,0.6900827,22.215076,0.27739146,624.7756,0.28569162,1503.5549,0.13316207,-133.53323,-0.67158157,1687.9108,0.092567675,1139.2584,0.35591877,-131.5451,-0.6554812,2671.9404,0.07592501,1059.2198,0.26539844,-132.30464,-0.64312804,-11.574241,-0.40739712,19.942577,0.22010195,0.037717737,0.4824038,-0.00093007466,-8.11288,0.021592923,0.3268072,29.541225,0.15911888,-6.8243995,-1.3173223,20.372301,0.6332816,-18.043875,-0.52677906,-6.8300333,15.634342,0.015160825,0.0104387915,0.0192483,4.1379313,2.1052632,0.16833334,0.114515886,0.24428572,0.2621263,-50.019405,ans,Ses02F_script03_1,Ses02F_script03_1_F025
274,26.222775,0.280544,21.818905,24.01677,29.45066,7.631756,121.10666,169.4982,39.13377,32.020603,0.3127532,0.6608227,0.13753226,0.2586177,0.49253768,0.3550054,4.1605735,3.0134096,3.2237597,1.9679495,0.08586293,0.8767687,28.37207,0.44002512,-3.349732,-4.0779333,16.468266,0.91504484,-14.599297,-1.2450118,0.023741337,0.9215359,1.10423,0.73394096,4.456607,0.5332503,4.2123404,1.2912292,27.75732,0.3363225,683.25586,0.3693454,1385.068,0.1558209,-100.358,-0.9336181,1688.4352,0.17252786,1179.75,0.29494363,-103.838715,-0.8383923,2798.6155,0.11206382,964.98193,0.38613248,-106.717445,-0.7913903,-13.756213,-0.5529456,24.646175,0.35503802,0.033120207,0.7570117,-0.012232058,-1.5081376,0.11485073,0.688705,35.76035,0.24415013,0.3514064,40.468475,16.87783,1.052029,-19.963121,-1.024774,-5.0736384,14.524519,0.00918572,0.008578251,0.054406907,3.2608695,2.5688074,0.19714284,0.21315414,0.16,0.17895995,-32.87348,s,Ses02F_script03_1,Ses02F_script03_1_M029
275,33.72033,0.25352153,23.42336,36.711407,41.80024,18.376879,557.686,634.3101,66.46716,31.749352,0.39205372,0.600157,0.21497968,0.3465867,0.4772588,0.26227912,4.0878005,2.6320648,2.554234,2.2664185,0.1079315,0.78680205,26.67828,0.32286188,-11.702489,-0.9980677,8.173149,2.0120916,-18.244352,-0.9935128,0.028773297,1.0605962,1.4067357,0.65433824,4.789716,0.6411401,2.6366942,3.425133,21.086887,0.45012206,690.9106,0.4064552,1351.7565,0.16079734,-107.78607,-0.8677478,1648.4099,0.17506644,1170.253,0.2786508,-100.42334,-0.8878347,2734.683,0.10108537,930.3248,0.35811606,-104.489334,-0.81750196,-9.19027,-0.6987441,21.696428,0.27740484,0.038866185,0.61774135,-0.0037895152,-3.6298733,0.11774297,0.7670268,28.957016,0.24994484,-10.363694,-1.1485407,6.4929595,3.0929368,-24.31769,-0.80914295,-4.131426,14.682869,0.020610018,0.0030416725,0.09803753,2.3584907,3.8277514,0.128125,0.14761515,0.12133333,0.17235108,-32.34184,s,Ses02F_script03_1,Ses02F_script03_1_F026
276,25.776651,0.14471285,22.384167,24.796446,30.186617,7.80245,17.075647,0.0,7.3815613,7.470565,0.41708627,0.6064951,0.18567912,0.35289326,0.6457345,0.46005535,6.2170105,2.7155397,5.3578973,4.584513,0.1124481,0.8051142,23.966713,0.5645721,-4.8598294,-2.4667423,15.639529,0.7193269,-15.154691,-0.9149803,0.013090952,0.7354073,1.3629193,0.7525251,4.410647,0.47531614,2.4886658,1.6878808,21.370054,0.40186575,526.2937,0.39538223,1336.9128,0.12532964,-91.45377,-1.0576899,1506.2383,0.19044101,980.3029,0.20474914,-93.39654,-0.9907532,2602.6863,0.09756665,877.77124,0.4209907,-98.793465,-0.8879356,-9.549651,-0.58272815,21.204815,0.36378396,0.041353628,0.3976577,-0.011603709,-1.1220878,0.16922092,0.49168703,33.421547,0.2882629,-1.6474389,-7.749612,11.496781,1.0023334,-22.333199,-0.6297359,-0.86782366,8.565409,0.014544871,0.011920136,0.0472258,3.1578948,1.6216217,0.33666667,0.20072092,0.25333333,0.16213848,-31.200596,q,Ses02F_script03_1,Ses02F_script03_1_M030
277,37.589504,0.07312524,35.461605,37.339897,37.859097,2.3974915,15.330317,4.7976947,1.0381088,12.688678,0.105630234,0.5191991,0.06685366,0.09112992,0.124919936,0.05806628,0.9406654,0.536107,0.50554997,0.44998202,0.018702887,0.70284367,24.73104,0.29847714,-4.1250644,-2.507989,11.782364,0.83665615,-10.1464615,-0.6041609,0.020217454,0.6271066,1.3557038,0.27223277,6.481123,0.27018982,7.847108,1.2225962,27.784529,0.22110638,662.536,0.28281567,1457.034,0.12139673,-156.5803,-0.49852434,1691.1202,0.10146729,1122.0374,0.20427012,-154.03192,-0.49646068,2735.0903,0.09216382,1028.4241,0.36252958,-156.34395,-0.46503702,-12.506019,-0.468004,22.525682,0.22805752,0.030514285,0.551968,-0.0038170924,-2.144413,0.025344608,0.6261824,28.82107,0.1741751,-4.0479717,-2.6477923,5.7103777,2.1174035,-12.963985,-0.4590572,-10.026323,18.64681,0.014230439,0.006339867,0.016671026,1.3559322,2.0689657,0.11333333,0.05217492,0.29857144,0.26486805,-50.070007,ans,Ses02F_script03_1,Ses02F_script03_1_F027
278,29.414331,0.010520634,29.185608,29.399872,29.640167,0.45455933,0.0,0.0,-0.25253296,0.0,0.1579677,0.8424692,0.056337345,0.09842766,0.22581352,0.16947618,2.878215,1.8730273,2.1227527,0.97973084,0.04707725,1.1144135,25.055952,0.3073478,-7.5438256,-1.2194548,18.910456,0.7522619,-9.47724,-0.9343682,0.0,0.0,0.0,0.0,-1.5763664,-0.1674991,5.4698877,0.13857348,15.162099,0.027784048,692.5344,0.27576634,980.8539,0.023725476,-198.31018,-0.095591925,1724.6509,0.12535162,830.9711,0.01218893,-198.37915,-0.093038276,2748.5266,0.08664872,1226.2996,0.10873967,-198.43454,-0.09107334,-0.1250022,-10.670179,9.934614,0.06573151,0.03420893,0.15348156,-0.0077191372,-0.39011163,0.24393056,0.046966523,21.158722,0.13391101,-25.861647,-0.075476915,11.5477295,0.18740672,-14.552843,-0.094159454,-8.58741,17.812222,0.011127604,0.0037003614,0.045362458,3.6199095,0.46296299,0.02,0.0,1.055,0.45499998,-42.467495,o,Ses02F_script03_1,Ses02F_script03_1_M031
279,35.55593,0.21089993,27.8385,36.714478,40.89325,13.05475,345.39413,319.48315,84.4243,65.23299,0.3641965,0.8178913,0.119816385,0.27073705,0.54988253,0.43006614,5.6029863,3.6173022,5.70005,4.9413967,0.1040933,1.0740442,24.324835,0.33833167,-10.588163,-1.0064331,12.733176,1.1352377,-20.40276,-0.7428644,0.02446668,1.5428315,1.3436528,0.5629037,5.5725875,0.5904509,5.782731,1.2085755,19.811172,0.39569473,690.1701,0.37015885,1316.4973,0.14963847,-110.0247,-0.857625,1674.2667,0.15977666,1098.2009,0.35180315,-105.908554,-0.8575474,2704.7427,0.09608656,906.8908,0.37557098,-109.1045,-0.80266464,-8.591267,-0.58297575,19.069296,0.40468183,0.04792246,0.40190044,-0.010148384,-1.2367823,0.12553406,0.93870795,27.956602,0.21277347,-13.020667,-0.81790835,9.317798,1.864271,-27.21125,-0.5507447,-6.312846,14.450548,0.022909712,0.0035329927,0.08416893,1.7832648,2.486188,0.19222221,0.20786095,0.17947368,0.14695053,-31.64917,s,Ses02F_script03_1,Ses02F_script03_1_F028
280,30.391201,0.26855373,24.631306,27.601173,40.798386,16.16708,198.9738,94.38071,19.336784,15.850624,0.50675887,0.70071256,0.22353156,0.3502476,0.87407845,0.6505469,8.0216,3.9421523,5.788331,5.4241695,0.13666171,0.9661171,19.26375,0.7662873,-6.176526,-1.7762858,15.8003645,1.0292257,-17.256126,-0.94769716,0.022863572,1.5656384,1.2566259,0.7787067,5.4229016,0.5498412,4.648944,1.110009,19.014118,0.3882217,592.18176,0.44407475,1254.6101,0.123592466,-92.10617,-1.0418644,1575.5349,0.17420949,1004.38715,0.43298274,-93.51498,-0.98524565,2627.7937,0.08796504,740.7195,0.25521794,-97.20428,-0.9127892,-7.981107,-0.47615945,17.628101,0.34860125,0.045663152,0.42307624,-0.008938748,-1.8283398,0.19534577,0.6971707,27.339893,0.30042273,-9.355026,-1.0163804,17.082628,1.0926392,-22.07266,-0.875027,-1.8478448,9.329599,0.021162936,0.007982357,0.06784818,3.0651343,2.3622048,0.22666666,0.23456815,0.17666666,0.19171739,-28.401592,s,Ses02F_script03_1,Ses02F_script03_1_M032
281,45.009384,0.0548555,43.385075,45.464733,46.595203,3.2101288,56.354164,18.846556,16.592104,9.633809,0.12993293,0.36405492,0.09020509,0.124616265,0.16606621,0.075861126,0.69551754,0.28922647,0.45734605,0.27959043,0.023636205,0.5693865,20.319893,0.38344398,-6.690884,-1.1589749,10.8737135,0.83083445,-13.030454,-0.68340904,0.022315063,0.6866458,1.3101137,0.37940544,8.442116,0.23928167,12.429644,0.48300186,18.987759,0.45345113,791.6897,0.26976225,1372.084,0.18924755,-158.04903,-0.48354343,1758.4542,0.12694353,1099.4948,0.27621442,-145.31207,-0.5556544,2785.6094,0.0925866,886.2441,0.32193983,-147.27025,-0.52858603,-10.710735,-0.38465005,21.21904,0.26532045,0.038734492,0.45351136,0.006052576,1.5144403,0.03185091,0.4591664,24.251245,0.22352962,-11.387396,-0.85651463,5.9061313,1.8220608,-19.1819,-0.45272732,-8.086557,17.005795,0.020153536,0.0061287554,0.020369198,2.7173915,1.9283748,0.14857142,0.14836523,0.305,0.30409703,-48.659325,o,Ses02F_script03_1,Ses02F_script03_1_F029
282,22.02934,0.11648163,20.014782,21.144941,24.346329,4.331547,13.52845,18.562447,17.08038,6.5306673,0.23085052,0.9076597,0.07773021,0.101780005,0.37555203,0.29782182,2.9327252,1.9185404,4.086869,2.0261025,0.05120794,1.0091909,24.737476,0.49490726,-5.376885,-1.3328236,24.384668,0.35275853,-5.6697803,-1.2573365,0.017786214,0.8816793,1.1064512,0.8317439,3.9433486,0.429265,3.1480591,0.9395913,22.816671,0.2844193,607.38965,0.4261487,1428.53,0.16170967,-122.66044,-0.7582845,1492.7261,0.10736464,1082.6898,0.24792618,-123.79238,-0.73363495,2582.9148,0.074074544,819.7808,0.2894954,-127.13162,-0.6827877,-11.439616,-0.46894976,21.35358,0.29485112,0.026203385,0.70582354,0.0017654026,4.9051304,0.0971634,0.4699032,36.734966,0.19190982,-7.5613008,-1.2875038,27.435156,0.398981,-2.8312352,-2.5323591,-7.299679,14.063032,-0.0013117286,0.01066074,0.02134547,2.690583,1.3761468,0.28666666,0.12684198,0.3125,0.24722205,-35.15353,s,Ses02F_script03_1,Ses02F_script03_1_M033
283,35.20886,0.0630695,33.172226,34.45108,37.95611,4.783882,21.445417,13.551223,54.999756,40.93979,0.0716596,0.18195681,0.058795746,0.06927847,0.08371154,0.024915796,0.16371694,0.082474224,0.18668684,0.13180697,0.010728498,0.31737503,25.296696,0.25877482,-2.1027129,-2.1934483,14.041344,0.4162776,-8.674818,-0.6149398,0.020064147,0.87239045,1.2770042,0.4357812,5.9255176,0.25969836,6.782651,1.653204,23.295044,0.32844853,623.74927,0.29491067,1439.708,0.115324736,-165.61432,-0.43050054,1670.0854,0.06822674,1238.8636,0.2796424,-164.32785,-0.41445285,2695.2795,0.07826034,1118.7058,0.19586845,-164.98064,-0.40618476,-15.455779,-0.2190986,22.79052,0.30656657,0.02765871,0.5305482,-0.0057674358,-1.4595028,0.014375172,0.28559288,32.69176,0.06358225,-2.9275007,-1.9490305,12.86157,0.3468588,-11.984464,-0.5738368,-11.012662,19.043459,0.0034661111,0.0068074763,0.00992003,3.3834589,1.9157089,0.09199999,0.062417943,0.3333333,0.29595417,-55.875587,o,Ses02F_script03_1,Ses02F_script03_1_F030
284,22.2831,0.20014888,18.239477,22.452194,26.569386,8.329908,117.12475,109.25502,86.22868,82.96575,0.17989217,0.8113534,0.05719792,0.10769995,0.33174562,0.2745477,2.6824698,1.3310829,2.0828502,1.7203801,0.049642928,1.0053885,29.182926,0.3716565,-3.143418,-3.1283894,15.067417,0.7523238,-7.7379475,-1.3607522,0.022880554,1.1636431,0.909935,0.95533174,3.3516033,0.6681589,3.6801283,0.85425365,26.949062,0.28686178,594.05164,0.45680872,1401.2516,0.14852522,-153.29604,-0.5177462,1571.2532,0.19478568,1086.6136,0.279426,-154.30798,-0.49848473,2727.7253,0.13195865,927.2198,0.2772046,-157.27878,-0.45697844,-12.138981,-0.46544826,26.774696,0.28320134,0.027134895,0.7685137,-0.0007655478,-13.0732355,0.07580967,0.44490662,37.565727,0.24796945,-1.300667,-8.8042,15.794347,1.1264945,-8.724374,-1.4541522,-9.417203,19.652645,0.009049406,0.009344588,0.04177138,2.5157232,2.3305085,0.09636364,0.070100285,0.28583333,0.26740912,-38.26181,s,Ses02F_script03_1,Ses02F_script03_1_M034
285,32.27526,0.06788795,31.087765,31.536667,32.42982,1.3420563,349.8694,340.90366,-2.578227,12.998493,0.093787186,0.68786055,0.04635778,0.06511286,0.14399077,0.09763299,2.0685809,2.7379951,0.73800725,1.0052835,0.019222898,1.0879428,24.510435,0.31480047,-0.88455695,-6.112374,12.286786,0.6955638,-13.093162,-1.0528681,0.026353948,1.0152327,1.544356,0.62194157,5.6562247,0.3637397,1.2349598,4.66541,25.17542,0.28628746,491.1509,0.30845797,1313.3259,0.09846511,-173.9736,-0.38253957,1474.147,0.16166556,1053.6815,0.18670087,-173.63594,-0.36617842,2603.474,0.08559522,961.683,0.30920544,-175.23608,-0.3410942,-14.051486,-0.370162,27.676176,0.23686308,0.033259325,0.40720695,-0.013778381,-1.0019405,0.032154527,0.46397886,34.270348,0.22943002,2.5546498,2.677111,4.9023013,2.3526173,-27.216213,-0.6721425,-9.929423,19.75882,0.0017393702,0.0097469725,0.016684517,2.0491803,1.2605042,0.10666667,0.057927158,0.6666666,0.38378233,-48.574917,s,Ses03M_script03_1,Ses03M_script03_1_M000
286,36.0132,0.0664234,33.542793,36.648582,38.503235,4.9604416,38.857365,23.049202,50.767666,26.79295,0.09379392,0.6442964,0.043091185,0.068835616,0.13758945,0.09449827,2.137627,1.5533077,1.2332534,0.9001564,0.018599536,1.0697172,21.750132,0.33246452,0.44276857,14.695589,15.970762,0.50076234,-7.8254366,-0.8658408,0.03285629,0.79060423,1.2157458,0.4548663,7.716191,0.18580066,12.10046,0.60093415,16.922112,0.25791016,757.1578,0.22102234,1404.5264,0.10013703,-166.44637,-0.41040453,1843.261,0.09002916,1003.557,0.4402953,-166.967,-0.39856967,2792.454,0.047040153,930.3826,0.20069976,-166.83563,-0.39977235,-13.955977,-0.2411026,20.902016,0.23907316,0.027480803,0.72810656,-0.010730004,-0.87522984,0.028709965,0.44706357,24.652397,0.20415781,2.344422,2.0851777,25.825264,0.28818545,-12.981696,-0.65572244,-10.011467,19.175467,0.0027183064,0.010631403,0.01658914,3.1645572,1.3071896,0.14,0.01,0.39999998,0.2060744,-49.54776,q,Ses03M_script03_1,Ses03M_script03_1_F000
287,25.733301,0.01463734,25.358002,25.915495,26.04715,0.68914795,11.117957,0.0,3.5305407,0.0,0.054662492,0.2705783,0.04280994,0.047741234,0.065410525,0.022600584,0.24584152,0.14775077,0.10775727,0.10804721,0.009008713,0.34981778,29.753584,0.17862207,-1.5227853,-2.2464721,10.963105,0.6153403,-8.767923,-0.60648686,0.009289626,0.60063267,0.9679049,0.24120556,1.5241818,0.34892637,1.3443218,5.9990025,21.873652,0.25890154,564.8198,0.32341164,1415.5918,0.12964885,-178.49753,-0.3376688,1442.5178,0.22451316,1259.035,0.18330468,-179.322,-0.3246768,2528.4717,0.11771831,1081.066,0.1907001,-181.14955,-0.29352447,-12.610049,-0.35763603,26.856926,0.08270218,0.018878499,0.9248931,-0.0067565385,-1.4327744,0.013923327,0.17705964,39.57632,0.046818584,-2.5050085,-2.61809,2.4017947,1.9054861,-18.198668,-0.36347568,-12.841632,23.992687,0.0019714127,0.009608466,0.008436332,2.9629629,0.7692308,0.14,0.0,0.565,0.105,-58.125713,ans,Ses03M_script03_1,Ses03M_script03_1_M001
288,37.28077,0.041167386,36.18734,36.94142,38.130566,1.9432259,79.5841,93.52907,14.7988825,11.23349,0.122444846,0.56906855,0.05619295,0.11096592,0.16631423,0.11012128,1.6892736,1.0348045,1.555059,0.9892222,0.022477075,0.8045898,23.359634,0.5085524,-1.3863629,-8.465684,17.996801,0.69391906,-13.102048,-0.77575684,0.027383259,1.2470874,1.0805296,0.6939192,9.438565,0.26893958,10.194358,0.75712234,24.143312,0.38261813,611.77045,0.2774532,1468.7313,0.14230287,-133.63005,-0.6383176,1693.3502,0.10369735,1139.4424,0.3187774,-127.02089,-0.64779806,2702.5215,0.09776334,1037.6276,0.27296233,-128.93663,-0.6196841,-15.375188,-0.41033968,24.057787,0.32857275,0.038637653,0.4740196,-0.005333776,-2.154119,0.027203167,0.61387736,29.132095,0.27867827,0.8573825,11.925766,20.168148,0.6445271,-16.959305,-0.6279022,-7.2098503,15.654123,0.010948654,0.0074162385,0.019687645,4.83871,2.9972754,0.13,0.13862966,0.18181817,0.13556738,-46.742134,s,Ses03M_script03_1,Ses03M_script03_1_F001
289,0.0,0.0,0.0,0.0,0.0,0.0,0.0,0.0,0.0,0.0,0.055940498,0.23518664,0.043467786,0.051043615,0.06944302,0.025975231,0.35741732,0.106295325,0.19399442,0.11356188,0.008909678,0.333199,27.296507,0.19317849,-1.6065073,-3.9242358,12.292535,0.4079712,-7.5495567,-0.71182185,0.0,0.0,0.0,0.0,0.0,0.0,0.0,0.0,0.0,0.0,0.0,0.0,0.0,0.0,-201.0,0.0,0.0,0.0,0.0,0.0,-201.0,0.0,0.0,0.0,0.0,0.0,-201.0,0.0,0.0,0.0,0.0,0.0,0.0,0.0,0.0,0.0,0.0,0.0,0.0,0.0,0.0,0.0,0.0,0.0,0.0,0.0,-12.206024,22.703262,0.0023981303,0.010222861,0.009045509,3.7234042,0.0,0.0,0.0,1.8199999,0.0,-58.77818,s,Ses03M_script03_1,Ses03M_script03_1_M002
290,41.456303,0.06491338,40.082138,41.03209,41.46698,1.3848419,57.876034,30.590382,-50.453888,78.74219,0.09551642,0.78870344,0.042222876,0.061044026,0.131797,0.08957413,1.0450734,0.6096936,1.1376386,0.7620069,0.022560708,1.0455856,26.789762,0.24248378,-0.5974078,-10.369672,11.260696,0.7832182,-14.842463,-0.6577306,0.026496273,0.9484106,1.3192023,0.45122996,9.780334,0.24293515,13.659623,0.51654357,19.380587,0.47216707,704.8083,0.36081794,1348.6764,0.120311335,-171.25668,-0.36962533,1789.4552,0.13114287,1064.7073,0.3719019,-157.44617,-0.45141596,2781.3433,0.08875175,873.1709,0.26092583,-157.66339,-0.44977295,-15.724801,-0.33842027,24.902138,0.35911897,0.036160544,0.51873106,-0.008926167,-1.0722334,0.051065627,0.5077463,25.321478,0.3336596,0.19553415,42.628605,15.8286085,0.82109344,-25.01685,-0.3248842,-12.829342,24.532475,0.0071333814,0.008171238,0.013486156,2.074689,2.1186442,0.11,0.13221195,0.28333333,0.3229895,-45.173645,q,Ses03M_script03_1,Ses03M_script03_1_F002
291,26.951792,0.041345797,25.996826,26.34176,28.504387,2.5075607,14.648788,12.423145,25.805927,15.995717,0.1266879,0.5812986,0.048590593,0.11007653,0.19544889,0.1468583,1.0624107,0.4051476,0.81786025,0.30900425,0.022217354,0.7476036,27.627235,0.30046743,-11.816396,-1.0009664,16.706057,0.7128743,-10.401072,-0.8119849,0.011243761,0.91953045,1.4242792,0.4379212,2.9827092,0.8682963,-4.4041805,-1.7235489,8.707838,1.0284629,523.72235,0.45663083,1407.2706,0.2255263,-155.40445,-0.51180583,1504.7689,0.15867774,1024.9448,0.2701018,-155.4678,-0.5004096,2510.8596,0.114474185,927.08826,0.2078977,-156.34975,-0.4880641,-7.973204,-0.49517062,16.849709,0.36896628,0.03406234,0.35959497,0.0007864705,12.996173,0.030095838,0.4077429,32.7525,0.16986866,-15.099362,-0.78206444,18.576324,0.86957383,-13.616128,-0.6213172,-7.9159427,17.002703,0.007208376,0.008276773,0.020101506,2.8735633,1.7492713,0.12666667,0.06394442,0.36285713,0.34137174,-48.735287,s,Ses03M_script03_1,Ses03M_script03_1_M003
292,38.823936,0.032773823,37.30148,39.315365,40.10714,2.8056602,21.263708,3.7567115,16.091896,7.4403462,0.14821145,0.5468875,0.053880155,0.14901194,0.22391915,0.170039,1.8369975,1.1289943,1.1685615,0.6581989,0.023992237,0.7208998,18.472593,0.65178853,-7.1735606,-1.6279294,17.620762,0.622577,-13.570101,-0.8629689,0.009914093,0.69565237,0.8935324,0.63103193,10.004723,0.25521109,9.303641,0.9099047,21.207815,0.4763102,645.5653,0.29363155,1374.0916,0.13340229,-143.80841,-0.5975545,1695.5936,0.084364645,1074.8468,0.39502907,-136.19492,-0.61928666,2716.773,0.08218785,1059.7351,0.41897175,-137.5262,-0.59986997,-12.006599,-0.37737486,20.167194,0.32905385,0.038695578,0.46188697,-0.009514853,-1.2725277,0.034879923,0.4088956,27.577686,0.34808382,-6.958207,-1.2391607,16.582903,0.86230403,-25.21278,-0.4708246,-3.0498848,10.354437,0.0081462255,0.012242833,0.01883446,4.6728973,1.4354068,0.24,0.21181753,0.325,0.27290106,-45.655697,ag,Ses03M_script03_1,Ses03M_script03_1_F003
293,29.889708,0.043118633,29.153961,30.225895,30.803062,1.6491013,227.96985,173.03426,34.63491,22.678312,0.08128978,0.48989218,0.04663604,0.06567861,0.12642552,0.079789475,0.37743723,0.26216483,0.40687507,0.12808959,0.013603162,0.6623777,26.392452,0.24923134,-5.8822193,-0.9755993,14.605953,0.3569027,-7.144584,-0.79828,0.014619194,0.73719406,0.8684554,0.49654976,4.2857146,0.6038398,-0.9140264,-6.8129644,16.286434,0.36714655,482.87616,0.15020193,1287.8318,0.11919716,-170.04999,-0.39638978,1566.7736,0.059460144,1047.4498,0.16074416,-172.18973,-0.36336908,2533.953,0.05619215,1015.51416,0.23676014,-172.59595,-0.3577945,-12.1881075,-0.2733808,19.984488,0.14498447,0.029680101,0.46275026,-0.014558759,-0.8044986,0.020847267,0.29325056,34.91531,0.12045323,-8.188525,-0.7749764,18.487288,0.27736747,-10.539283,-0.71749276,-10.047074,19.999659,0.004405353,0.008798092,0.012577238,2.9239767,1.8072289,0.07666666,0.07318167,0.34,0.24768932,-53.201702,s,Ses03M_script03_1,Ses03M_script03_1_M004
294,36.84393,0.08087289,35.789726,36.84367,38.788414,2.9986877,118.28194,101.72668,39.028767,26.222906,0.18891393,0.69644827,0.07406869,0.16718851,0.2584128,0.18434411,2.277307,1.7057858,2.0960019,1.2843587,0.039389204,1.1170009,23.053843,0.39543924,-9.80566,-1.3855386,14.744501,0.9770607,-12.166044,-1.0893774,0.024020368,1.0665185,1.0933416,0.7982617,7.956219,0.43672585,7.563878,1.3791683,18.367304,0.48714057,600.90894,0.35057506,1395.8452,0.14377871,-123.447464,-0.73716587,1638.0675,0.101866454,1052.6598,0.28551647,-113.67214,-0.7935634,2635.2437,0.09227196,1057.9551,0.3543451,-116.59618,-0.7470444,-9.126057,-0.72633994,18.913628,0.42423603,0.047526814,0.37576145,-0.0047216215,-2.905159,0.059217885,0.9367238,27.589533,0.2798007,-12.141702,-1.3568094,14.430475,1.2291417,-14.991595,-1.1023319,-6.329519,14.543713,0.018829823,0.004781401,0.023284828,3.9344263,2.0,0.22333333,0.14499043,0.21857142,0.1577003,-41.013824,s,Ses03M_script03_1,Ses03M_script03_1_F004
295,38.54501,0.10102866,39.101627,39.337296,39.596813,0.49518585,55.35339,32.139473,104.48936,66.57191,0.18010993,1.0644686,0.043019235,0.06967952,0.37541336,0.33239412,1.3443015,0.9971249,1.3089459,0.5860398,0.050590932,1.4669846,23.410322,0.28259763,-5.798742,-1.6840847,4.5841694,2.521057,-21.96564,-1.0122846,0.020363431,1.2734306,1.1986706,0.595883,8.417384,0.5441472,6.11317,1.2750878,24.445269,0.2944085,752.7348,0.32785556,1233.206,0.19377443,-159.0275,-0.51428485,1859.9099,0.20525615,1098.2742,0.45340875,-152.2827,-0.53489053,2830.807,0.08664843,798.915,0.35657018,-152.56941,-0.53092015,-12.977933,-0.4295127,23.361557,0.25477758,0.06121538,0.29038787,-0.024644403,-0.6681688,0.12192304,0.6539336,25.938274,0.15829265,-9.707798,-1.0689955,-7.7787642,-1.3381582,-52.087135,-0.3188121,-9.404746,19.021639,0.008827023,0.00867192,0.026996635,1.0282776,0.78125,0.32,0.23720595,0.7025,0.637196,-35.54406,s,Ses03M_script03_1,Ses03M_script03_1_M005
296,44.977676,0.14609264,38.89682,44.681244,48.881466,9.984646,107.813194,58.71865,37.530296,21.80548,0.21631308,0.7063176,0.09474319,0.17645383,0.31627312,0.22152993,3.8863072,2.1134255,2.8724117,1.9606487,0.052810222,1.1217219,15.6817875,0.62961507,-13.292655,-0.9822589,8.097094,1.315072,-16.303307,-0.67816347,0.026215386,0.6101741,1.3793303,0.593075,6.294184,0.5709369,10.044468,1.3268566,16.2377,0.64413506,743.1038,0.29887834,1311.0121,0.14268641,-153.23334,-0.51692593,1675.594,0.13205428,1170.0795,0.29605922,-134.46758,-0.6384728,2684.587,0.078366034,1008.9972,0.4122201,-137.343,-0.59501684,-4.3170004,-1.9285476,17.634853,0.44255865,0.04383847,0.6116479,0.0049014976,3.1790822,0.08431353,0.8326919,18.6351,0.4892939,-19.227121,-0.619477,3.6348667,3.0086067,-24.396488,-0.45674288,-2.4230144,12.666637,0.01654587,0.013180584,0.036840424,2.5917926,3.0567687,0.10428572,0.062187996,0.20142856,0.16877106,-40.613712,s,Ses03M_script03_1,Ses03M_script03_1_F005
297,38.89575,0.0358589,37.771732,39.09703,40.280693,2.5089607,34.14612,0.0,-11.440189,0.0,0.16735448,0.8504495,0.05016297,0.08037338,0.28445688,0.23429391,1.9766891,1.8159674,1.18539,0.40455702,0.050534043,1.142906,29.634254,0.18856564,-8.582642,-0.97200435,4.5193996,2.431869,-14.408368,-0.93180037,0.014809405,0.58388776,1.4370966,0.3532705,5.229998,0.44937214,-2.1965802,-2.197614,20.616188,0.25445357,702.5032,0.2837424,1440.7983,0.27395207,-168.40486,-0.43092814,1625.5334,0.1455224,1212.7698,0.3359172,-156.84248,-0.5104992,2758.377,0.075827405,874.36554,0.37219498,-159.53728,-0.47044295,-4.5846567,-1.1741573,21.932451,0.155371,0.052276682,0.3702774,-0.010378201,-1.4866723,0.12598851,0.4565617,31.969915,0.16518962,-19.76048,-0.29225403,-10.71772,-0.4365094,-30.104567,-0.44382,-9.633422,22.253145,0.018052306,0.008973001,0.03029955,1.6304349,1.1173185,0.19,0.14,0.45333332,0.23271345,-40.192444,s,Ses03M_script03_1,Ses03M_script03_1_M006
298,29.521118,0.22586517,23.05755,25.063618,35.94937,12.891821,149.54373,87.82947,43.214977,19.738258,0.080323994,0.45633596,0.047106963,0.07345844,0.107250564,0.0601436,0.72899103,0.7708157,0.3805377,0.19075337,0.01516175,0.75281847,26.283747,0.25919425,-1.6092176,-5.3900614,13.668848,0.81432444,-9.9594145,-0.86267376,0.019493528,0.9990019,1.4410808,0.5093163,3.9319327,0.7313835,1.4645679,8.458797,22.420929,0.4568385,550.7946,0.37149635,1333.853,0.14622702,-178.62968,-0.32399446,1538.1251,0.15991302,1075.6005,0.20425005,-177.43578,-0.32032913,2629.2007,0.09282593,904.5881,0.26770994,-178.33315,-0.3067049,-13.20568,-0.41280887,24.908398,0.26981053,0.028035566,0.8528221,0.00081457786,11.034087,0.023862988,0.52042973,31.319193,0.21809028,-1.4343594,-6.7255826,12.504409,1.530691,-16.054272,-0.62251896,-11.065959,21.124935,0.004680853,0.010034877,0.013984695,1.923077,1.9464719,0.055,0.036055513,0.3888889,0.34475258,-51.780605,q,Ses03M_script03_1,Ses03M_script03_1_M007
299,38.77091,0.06259925,36.265568,38.7237,41.325848,5.06028,39.94589,0.0,19.200506,0.0,0.08847826,0.58228683,0.04474593,0.06002616,0.14093733,0.0961914,1.2862952,0.90198314,1.2584202,0.71615297,0.01733119,0.77633834,25.008175,0.27241024,1.0635637,5.6229706,15.091731,0.69706655,-8.726345,-1.3878065,0.020592557,1.0821528,1.3067269,0.91950566,9.594286,0.28142712,18.121101,0.18952347,23.354235,0.40379003,584.1312,0.28580317,1410.6779,0.10669592,-154.08089,-0.5008171,1712.1864,0.13417932,1025.3922,0.34863442,-149.28305,-0.5015011,2675.1729,0.100207046,1072.7004,0.2880712,-149.33484,-0.50174224,-15.348241,-0.17382967,22.492191,0.22354743,0.038915034,0.48888797,-0.008592687,-1.1533598,0.030165924,0.46021658,26.373861,0.22186093,0.45763066,13.989295,23.931976,0.48097095,-17.448067,-0.8070875,-12.741135,22.108541,0.01066468,0.008302172,0.012575349,4.494382,2.8901734,0.09199999,0.061122827,0.22999999,0.18665476,-48.222336,ans,Ses03M_script03_1,Ses03M_script03_1_F006
300,20.11612,0.008738798,19.879774,20.223932,20.264908,0.38513374,1.2162782,0.6070226,7.6326056,0.0,0.059000745,0.24448286,0.045053005,0.056151293,0.07331182,0.028258815,0.27171305,0.16079846,0.2150608,0.09797179,0.008880559,0.3075301,26.800888,0.32578984,0.9333645,6.6706076,12.129745,0.5216317,-6.742065,-1.2094265,0.0135872075,0.42695725,1.1137053,0.4529469,2.0332792,0.4683606,14.538752,0.22261202,33.911274,0.02908476,537.45325,0.3969629,1418.918,0.10172727,-189.669,-0.22499663,1564.3732,0.15590255,1182.7285,0.0946627,-189.49837,-0.22037369,2656.4038,0.081262164,967.3899,0.17417945,-189.7529,-0.21506378,-19.755028,-0.07921729,30.772537,0.040712323,-0.0027382737,-2.731947,0.007738699,0.83660793,0.012032081,0.23093604,34.813652,0.01709835,6.9613943,0.2918249,21.40791,0.13400249,-4.650509,-1.0888785,-11.985434,21.26407,0.007295197,0.010556509,0.0087279035,3.508772,0.44843048,0.14,0.0,1.03,0.39999998,-57.650494,q,Ses03M_script03_1,Ses03M_script03_1_M008
301,39.014446,0.06643006,36.994286,39.813377,41.02735,4.033066,34.917576,18.31058,26.844486,21.077728,0.123977296,0.683478,0.053828083,0.10248242,0.17888203,0.12505394,1.7651085,1.1638722,1.3301812,0.68869877,0.02425747,0.8282456,25.76209,0.3855568,-4.5886083,-2.4137535,11.564311,1.0539153,-15.966731,-0.85022134,0.023526775,0.87527883,1.1266239,0.65859824,8.597202,0.32771817,6.4216905,1.2811844,23.502237,0.32817364,642.96027,0.30747363,1438.2474,0.14585046,-143.90604,-0.5947782,1630.5093,0.12570018,1173.7223,0.23940897,-133.24155,-0.6352879,2718.7427,0.10425745,986.31116,0.32219556,-135.73549,-0.59916997,-12.157867,-0.48863015,22.52874,0.36472192,0.028669553,0.5577991,-0.008354917,-1.1178714,0.039394267,0.5559726,31.023901,0.25991347,-8.022905,-1.6539503,6.1618075,1.9514006,-24.551964,-0.5563495,-9.953372,17.642164,0.013159713,0.0048327236,0.015799126,2.7227724,2.255639,0.15444444,0.08486736,0.241,0.18173882,-45.348816,ans,Ses03M_script03_1,Ses03M_script03_1_F007
302,23.797512,0.12105795,20.03468,23.853058,25.893238,5.8585587,36.42385,42.18066,84.92336,89.53875,0.07776679,0.32242134,0.056067545,0.07007747,0.10098215,0.044914607,0.44635853,0.35307893,0.39785516,0.48295808,0.012341527,0.48868093,25.959047,0.25699508,-1.5278547,-4.8839703,15.77574,0.53811157,-10.4051075,-0.8702028,0.012124423,0.52723485,1.2162427,0.54952437,3.0736814,0.4813614,7.589917,1.0571344,23.232344,0.43406013,543.56683,0.4131411,1324.3167,0.18530138,-176.28621,-0.34576395,1550.1028,0.20281118,1197.583,0.29312065,-177.3239,-0.32675245,2519.804,0.12438596,1010.5398,0.2154683,-177.68445,-0.32172424,-14.918566,-0.2410961,22.944487,0.2706552,0.00633234,2.4510288,-0.0058532213,-1.7368137,0.013525342,0.2415474,31.90842,0.10496612,-1.7666657,-4.9725237,23.051144,0.44072366,-14.14106,-0.7960313,-11.50444,20.311293,0.008843372,0.0051330193,0.012254707,3.0852995,1.4652015,0.0775,0.064951904,0.5188889,0.44632933,-54.644463,q,Ses03M_script03_1,Ses03M_script03_1_M009
303,36.669205,0.09545314,33.936447,35.428596,38.695183,4.7587357,7.8316913,12.0596075,26.496271,14.780191,0.13448335,0.5082601,0.07607238,0.1201298,0.18709141,0.11101903,1.5224311,0.9825861,1.3628867,0.8308379,0.022982683,0.6223135,25.380873,0.44495177,-4.8967457,-2.258848,11.460847,1.055381,-14.988145,-0.83926994,0.035319775,1.6166023,0.93464094,0.6264507,8.05974,0.30705938,2.4703317,2.9661026,22.644428,0.30321002,631.12085,0.29625234,1417.972,0.13363206,-119.80821,-0.7704781,1668.0874,0.11522962,1131.3403,0.23995203,-121.05217,-0.7184041,2695.59,0.09413571,1051.7848,0.3556761,-124.09234,-0.67360187,-13.57969,-0.3747055,23.54805,0.31428328,0.04070771,0.4087705,-0.0113750035,-0.98293257,0.029994156,0.43698472,31.553165,0.2521173,-5.754252,-1.5497403,11.68048,1.2298708,-24.025541,-0.5085891,-7.885527,15.165833,0.014052073,0.006809567,0.018079665,4.1533546,2.2727273,0.18285714,0.092846155,0.20625,0.19480358,-46.115593,ans,Ses03M_script03_1,Ses03M_script03_1_F008
304,38.616962,0.23733696,30.171785,39.924606,46.54001,16.368223,148.89812,81.976814,143.39497,116.123856,0.22914715,0.58354414,0.10016492,0.21053368,0.33471024,0.23454532,2.4950893,2.1923113,0.902297,1.6257324,0.0649149,0.95756733,26.612099,0.31054395,-11.705669,-0.9822262,8.362086,1.9460553,-25.018572,-0.6661476,0.03620683,1.7493892,1.1383888,0.59806186,5.96308,0.8366075,6.947612,1.2752624,17.976377,0.5940564,695.8076,0.37219462,1254.878,0.16935842,-139.74402,-0.6173169,1697.6198,0.18022823,1033.1682,0.4104595,-131.05493,-0.65732133,2777.9976,0.10351564,841.29364,0.3016342,-133.69774,-0.61873615,-9.980986,-0.57419205,20.813694,0.3631956,0.04882742,0.4891749,-0.01075727,-1.0543997,0.089837305,0.73390263,28.29331,0.284564,-15.148299,-0.74049205,3.422351,4.891526,-31.524015,-0.43708864,-8.320668,17.302227,0.024866935,-0.0049031414,0.047526225,2.8169014,2.8653295,0.12,0.097467944,0.20899999,0.19279264,-37.391438,c,Ses03M_script03_1,Ses03M_script03_1_M010
305,42.06663,0.15293853,35.737064,43.299454,46.806007,11.068943,72.626434,29.199354,66.39864,52.269222,0.22232121,0.5922437,0.10514617,0.1875847,0.32772386,0.22257769,2.5152345,1.9067423,2.1197886,1.397449,0.062698595,0.9663715,23.291563,0.41456482,-6.945594,-1.905751,8.615469,1.762361,-21.197416,-0.85156846,0.034273,1.578538,1.1091013,0.6736813,8.337161,0.41926602,13.037268,0.590515,19.677343,0.53940517,727.90186,0.34554553,1299.8706,0.18841091,-120.11497,-0.7438628,1731.7272,0.1369722,1025.0739,0.32676512,-110.727554,-0.7644427,2786.5815,0.099874154,952.60345,0.3375517,-112.74605,-0.73321056,-11.523319,-0.44369125,20.023346,0.3520644,0.05558089,0.40521777,-0.008842385,-1.2929292,0.08326096,0.7802562,24.55043,0.37007672,-9.927741,-1.4621845,7.1970053,2.385234,-27.132101,-0.6894667,-9.901947,18.799263,0.03325875,-0.0063202153,0.044087008,3.7333333,3.5135138,0.1323077,0.12453939,0.13076924,0.0947435,-37.76158,o,Ses03M_script03_1,Ses03M_script03_1_F009
306,24.035116,0.19179447,20.367058,22.727865,24.440851,4.0737934,223.54956,129.63153,137.51057,175.51741,0.08321111,0.418034,0.05559173,0.07710475,0.09883295,0.04324122,0.6017511,0.24588566,0.36935517,0.24305606,0.014004345,0.5351601,25.427666,0.27893868,-2.1701822,-3.5067663,20.01001,0.69829226,-8.547434,-1.2409087,0.028521953,1.7536399,1.267227,0.6782832,3.1296163,0.62012,10.647174,0.54985553,23.33246,0.29199216,647.40936,0.38839802,1331.51,0.11518109,-171.55367,-0.38399702,1654.2446,0.17116527,1019.54755,0.17841396,-172.08664,-0.3721867,2687.9258,0.0705062,829.8002,0.21684147,-172.5999,-0.3634451,-14.112283,-0.29082868,22.794243,0.19610657,0.010080535,1.6115565,-0.0013180355,-10.108349,0.017657656,0.4055577,28.772844,0.11961696,-0.55666506,-11.238244,24.14057,0.67035174,-14.407812,-1.197441,-10.576024,18.482578,0.009748127,0.005744632,0.01338789,2.8735633,1.7543861,0.07833333,0.050138693,0.47166666,0.5010128,-53.077484,q,Ses03M_script03_1,Ses03M_script03_1_M011
307,35.80141,0.037554003,34.463074,35.55363,36.787697,2.324623,54.00023,26.926634,15.82559,3.269289,0.08722963,0.6060431,0.047324248,0.06947167,0.11039111,0.06306686,1.4094564,0.41510633,0.5661177,0.41767323,0.012995657,0.71092355,23.337431,0.30487615,-1.6903223,-5.6922827,13.357106,0.67893344,-10.670287,-0.8716397,0.019168636,0.72865605,1.002994,0.57577485,7.333439,0.2812668,4.012157,1.8906244,17.477654,0.40141776,715.05414,0.27986377,1394.619,0.134217,-145.84117,-0.5700846,1819.4651,0.13124727,1129.0787,0.37949345,-147.50038,-0.5328001,2701.8513,0.0792552,1210.9126,0.3768509,-147.65816,-0.53141624,-13.391562,-0.39541394,20.693262,0.36869597,0.01967032,0.7102949,-0.0052292817,-2.3885105,0.01863229,0.54787123,26.06263,0.19213007,-1.1316382,-8.153326,21.593468,0.49413142,-18.280964,-0.50529385,-9.524565,19.059595,0.0033498115,0.01067855,0.010872561,2.0,1.632653,0.175,0.15435348,0.332,0.40749973,-52.23899,ans,Ses03M_script03_1,Ses03M_script03_1_F010
308,29.306664,0.24592492,22.886234,24.18727,37.224697,14.338463,236.29132,258.01672,25.9973,3.0068502,0.08299117,0.69366086,0.05211001,0.06851695,0.10015003,0.048040017,0.8830757,0.5964714,0.5853444,0.3673395,0.0145249395,0.8214828,24.223097,0.32940224,-1.2918425,-6.8049955,10.609534,0.8311436,-11.163418,-0.98587894,0.015805157,0.81736606,1.1335787,0.55294245,5.032548,0.7343813,4.226094,1.6275924,23.222471,0.27835616,675.74756,0.25543466,1445.1351,0.15017824,-187.23015,-0.2541378,1636.9296,0.15424466,1368.6921,0.21965097,-186.84224,-0.2504135,2728.0564,0.090849996,948.5868,0.24937814,-187.4147,-0.23907788,-15.54088,-0.30536884,26.421505,0.2389713,0.022745429,0.8312588,-0.016424298,-0.9069223,0.02436369,0.60176945,33.675755,0.19145904,-0.3389899,-24.130978,7.107808,1.5614616,-29.21243,-0.43769404,-10.625842,20.242697,0.0032426924,0.008135964,0.013241676,0.9650181,0.72904015,0.09666667,0.081989154,1.255,1.5746506,-50.742355,q,Ses03M_script03_1,Ses03M_script03_1_M012
309,37.782806,0.07102228,35.88522,37.15101,39.597797,3.7125778,222.58652,211.49362,40.398457,43.03485,0.19752301,0.7228863,0.07820141,0.1597845,0.29521722,0.2170158,2.1671453,1.230425,1.7818526,1.3898157,0.041712433,0.94650424,23.293602,0.4068401,-8.832216,-1.6830802,16.7928,0.87475055,-14.699202,-1.0182004,0.027457094,1.6583153,1.0247037,0.6691345,7.2882886,0.48785555,6.954087,1.6208735,14.243343,0.8073652,620.20685,0.40456393,1343.5519,0.14873007,-126.24285,-0.70743716,1655.1312,0.11897572,1144.3691,0.2686056,-114.53934,-0.76694673,2621.1123,0.09961513,1033.6906,0.2847107,-114.89571,-0.76054126,-7.9293633,-1.0043285,17.197077,0.51539874,0.042577315,0.32491368,0.00046944467,30.425526,0.061377384,0.762505,26.381802,0.32299176,-13.457937,-1.2695018,21.348583,0.7916148,-20.726751,-0.5242075,-7.641594,16.969294,0.012615168,0.0062618656,0.024896748,2.6058633,2.6490066,0.16749999,0.092161536,0.16777778,0.17699829,-41.24638,c,Ses03M_script03_1,Ses03M_script03_1_F011
310,33.77402,0.13285448,29.931486,33.854866,37.144585,7.2130985,86.43589,78.86919,110.6378,128.65578,0.17867938,0.49856037,0.09670095,0.15873508,0.26749754,0.17079659,1.676995,0.9543197,1.1453301,0.6677053,0.038265795,0.70424724,24.363737,0.35785133,-5.4629493,-2.4693918,16.259823,0.89851815,-15.297675,-0.964649,0.031369116,1.7373207,1.1338375,0.49638546,5.160779,0.57304096,3.1353338,3.4546187,15.544495,0.603184,533.61194,0.42340568,1301.9237,0.14245299,-106.20759,-0.8805598,1587.3229,0.1503361,975.6447,0.30050263,-101.22941,-0.86592853,2599.0461,0.0839774,962.30945,0.39346272,-102.54854,-0.84237355,-9.565548,-0.48338023,17.829178,0.3636559,0.03698287,0.4494799,-0.004273066,-2.508059,0.047688626,0.5855686,27.168783,0.25311953,-8.56048,-1.5449904,19.24566,0.82240593,-20.314295,-0.6401871,-8.206009,17.236958,0.014191738,0.0049232277,0.02833134,3.1809146,3.6144578,0.13777778,0.0774995,0.1252941,0.16172299,-43.439014,o,Ses03M_script03_1,Ses03M_script03_1_M013
311,36.104675,0.071363285,33.59113,35.79099,38.121353,4.530224,373.25327,0.0,10.014569,8.672951,0.13743792,1.0445302,0.04790107,0.06953771,0.19226703,0.14436597,1.4977413,1.6409434,0.58049387,0.26531655,0.028522316,1.3235835,24.781425,0.22944483,-5.3723745,-2.2323167,16.479488,0.6551322,-11.630107,-1.0636574,0.02777687,1.0059077,1.3508387,0.50915235,7.087859,0.48339206,2.4226286,3.1883533,13.609349,0.7778219,580.5447,0.30147338,1317.0272,0.1499001,-139.67891,-0.61864203,1720.6028,0.08035704,1052.6409,0.41535455,-139.71753,-0.59352404,2676.9065,0.09204149,1226.132,0.37593788,-139.87535,-0.5911893,-12.574565,-0.6055447,18.710209,0.57627684,0.030135734,0.9480585,-0.018696891,-0.6393066,0.064452864,0.75615585,27.79375,0.21205114,-10.976481,-1.4136761,22.603727,0.4036319,-22.434164,-0.5038835,-10.026611,19.660053,-0.0009894064,0.011407141,0.011831263,1.438849,2.238806,0.14,0.09201449,0.21249999,0.15352117,-42.45382,q,Ses03M_script03_1,Ses03M_script03_1_F012
312,31.162457,0.06728875,30.07351,30.545235,32.438557,2.3650475,42.64529,57.790962,26.464136,18.713602,0.12968355,0.64989656,0.04690012,0.105904676,0.20274423,0.1558441,1.0687505,0.5472136,0.83703476,0.6368305,0.027597465,0.86697793,29.282972,0.2586151,-5.5390086,-1.8950055,13.329238,0.9423364,-14.5422325,-0.9815229,0.025196228,1.7488002,1.4019437,0.42596996,4.921764,0.41782016,1.0129682,8.48245,17.989304,0.43061286,553.14264,0.3672534,1328.0901,0.19129686,-125.353516,-0.741234,1553.7725,0.17127395,1065.0155,0.32107633,-125.4028,-0.715734,2628.7607,0.10424122,857.6044,0.32282314,-127.96221,-0.67644936,-11.472605,-0.40363634,20.903984,0.24227694,0.031718202,0.5749358,-0.00719112,-2.4806514,0.04265699,0.5842971,33.056816,0.17396028,-8.110856,-1.4829309,12.641576,1.2139539,-22.861858,-0.7216337,-10.734617,20.273733,0.007899724,0.008051366,0.017854149,2.0733652,1.607717,0.24,0.2564761,0.3281818,0.3115013,-45.019314,ans,Ses03M_script03_1,Ses03M_script03_1_M014
313,29.019457,0.123900495,25.526222,29.725819,31.974857,6.448635,41.08626,12.420836,27.742718,11.988224,0.11865512,0.63042223,0.05086886,0.09967319,0.16541883,0.11454997,1.009587,0.49791884,0.6572995,0.38859248,0.024015056,0.9023987,24.293215,0.347095,-2.5574927,-5.084975,16.643211,0.7039301,-11.406625,-1.2400964,0.028008146,0.98967785,1.3698374,0.49297577,3.7713892,0.4504432,3.5360265,2.5815291,18.688803,0.45582175,530.0949,0.34352744,1386.9314,0.20865764,-155.89655,-0.5097065,1576.5614,0.13728619,1001.20056,0.25240052,-155.70847,-0.49128538,2628.6455,0.073107846,950.11115,0.41503456,-156.67511,-0.4772371,-11.795543,-0.38835534,20.413969,0.2662393,0.029484427,0.6846216,-0.0060142633,-2.8185875,0.04093299,0.76587355,27.860035,0.276507,-3.5026963,-3.9955182,17.8078,0.87794846,-19.442986,-1.0089679,-10.605657,18.976782,0.007767864,0.007108343,0.018843208,2.052786,2.067947,0.10642857,0.071574844,0.33266667,0.3570708,-47.00729,o,Ses03M_script03_1,Ses03M_script03_1_M015
314,37.64261,0.080347426,34.976048,38.326378,39.277046,4.3009987,57.36704,48.000988,27.704767,34.741905,0.12974042,0.8343489,0.052206755,0.08908751,0.18669645,0.1344897,2.1006405,1.2163,1.3760806,0.8188386,0.023064476,0.9932678,24.771748,0.33718044,-5.4917464,-2.1910088,12.207682,1.0134424,-13.318338,-0.9048308,0.01881719,1.1439507,1.1121309,0.80280465,8.4791,0.35594317,2.435979,4.120066,17.724518,0.621931,655.07135,0.24610314,1396.429,0.14847714,-126.05018,-0.7219764,1671.6772,0.098931,1172.0251,0.39611894,-122.94472,-0.70662016,2708.8984,0.07713484,974.2952,0.34611404,-124.97622,-0.67548364,-10.519007,-0.8067105,21.56515,0.36089343,0.030407203,0.5808157,-0.0059934906,-2.7261703,0.03570764,0.75511044,29.101221,0.21963376,-9.125807,-1.6242257,10.618357,1.4249936,-21.128847,-0.63546276,-9.966181,18.826925,0.004076934,0.009038864,0.013966419,2.844639,2.4336283,0.16545454,0.09708137,0.20583333,0.21222858,-44.763577,o,Ses03M_script03_1,Ses03M_script03_1_F013
315,37.100956,0.005782024,36.933437,37.21273,37.286163,0.35272598,0.0,0.0,-0.08678545,0.0,0.07911558,0.44270003,0.05092169,0.06935631,0.10168552,0.050763827,0.63613605,0.34013274,0.49463755,0.40902373,0.014152042,0.63144493,26.319271,0.28072459,-3.334204,-2.1292431,12.779913,0.7577515,-10.66104,-1.052367,0.044971902,0.15102212,1.3641485,0.34207922,6.8230143,0.09700539,23.357714,0.4119384,16.071074,0.55087173,970.30383,0.17534843,1447.5969,0.0695724,-197.64566,-0.10440708,1795.0043,0.095518425,1150.689,0.034899294,-197.7419,-0.10184636,2807.9663,0.052141182,908.87427,0.04121167,-197.68785,-0.1034009,-14.321787,-0.37172666,22.045214,0.30237117,0.002344306,6.7105384,0.0052932217,1.5304866,0.020553738,0.3842787,19.054686,0.39349976,7.767769,0.41325328,25.875937,0.08205496,-2.6396923,-1.7227619,-10.336477,20.20326,0.008740848,0.008100101,0.014177437,2.1505377,0.5449591,0.024999999,0.005,1.1899999,0.74551994,-53.587467,ag,Ses03M_script03_1,Ses03M_script03_1_M016
316,34.007603,0.0735032,32.756596,33.799595,35.26736,2.510765,109.889366,92.92309,11.938441,9.4646845,0.11656354,0.7389036,0.04732625,0.08565245,0.17001906,0.12269281,1.5457423,1.0489013,1.0990933,0.59055054,0.017546512,0.8279514,28.101025,0.28132278,-6.3194366,-1.9602284,9.646916,0.93638676,-12.60906,-1.1716692,0.012492563,1.0806097,0.97726643,0.6480382,7.813772,0.34780264,2.7848628,2.9131894,20.213778,0.5909721,581.43005,0.3654717,1369.2495,0.14789808,-117.00418,-0.804809,1566.8827,0.117431216,1090.1881,0.18150523,-116.69111,-0.775229,2663.3018,0.089435704,1068.1715,0.34670794,-120.74387,-0.71285844,-9.997546,-0.6825096,21.196566,0.40219283,0.031049462,0.60904974,-0.0012660734,-9.167892,0.025415113,0.62109286,32.77944,0.16558957,-11.467322,-1.2369832,10.694193,1.1431105,-20.8655,-0.7540219,-10.637161,21.050493,0.0069937133,0.011741772,0.011511679,2.6258206,2.4336283,0.17272727,0.12742847,0.19916666,0.23149724,-47.31523,q,Ses03M_script03_1,Ses03M_script03_1_F014
317,20.340315,0.0069234427,20.212206,20.273214,20.466791,0.25458527,0.07036324,0.0,0.0,0.0,0.0537285,0.34661648,0.044125427,0.04621976,0.05529271,0.011167284,0.035563346,0.02998387,0.08242152,0.0,0.008877174,0.39036027,27.896091,0.15041536,-2.6660016,-1.580817,12.333245,0.2364997,-7.190701,-0.9105907,0.040074684,0.06276632,1.7715086,0.38650256,2.7757132,0.1315633,10.161393,0.02813641,36.456635,0.060080826,637.24,0.3296968,1529.6835,0.06501056,-196.23305,-0.13898009,1675.2275,0.15712337,1223.4017,0.07106466,-196.51689,-0.13047169,2894.5952,0.108243585,1029.3616,0.1451757,-196.68419,-0.12540397,-19.741344,-0.0074226805,31.182522,0.025623124,-0.009286066,-1.3230255,0.011204384,0.14507532,0.013280768,0.11363658,33.68189,0.010966866,7.983848,0.118364796,19.528973,0.10111792,2.2114491,0.48928288,-11.748282,21.980762,0.00092953007,0.012548492,0.008896165,0.4761905,0.4878049,0.04,0.0,0.98999995,0.13,-58.31905,ans,Ses03M_script03_1,Ses03M_script03_1_M017
318,36.011044,0.053079356,34.303715,36.48462,37.093044,2.7893295,45.599274,48.891403,33.933693,31.941391,0.083122686,0.5038425,0.04584037,0.06618796,0.1230409,0.07720053,1.2507813,0.6174902,0.98132604,0.59992707,0.01461715,0.5014206,27.03926,0.34193674,-2.9494934,-2.8178773,14.311008,0.5791815,-7.396538,-1.2270598,0.019240903,0.95820755,0.91504765,0.5299947,7.6849747,0.2507677,3.7788336,2.006228,19.639286,0.4508597,575.2959,0.24938068,1466.0493,0.1450173,-150.06247,-0.54720443,1618.3303,0.09925935,1042.5396,0.25901455,-148.78444,-0.5337984,2665.885,0.096210755,961.4958,0.24575303,-150.16562,-0.5151571,-12.143392,-0.3870004,19.691536,0.369052,0.024894388,0.76453674,-0.009008596,-1.0210785,0.021565838,0.367649,33.244907,0.16075951,-6.2198176,-1.4294484,15.361819,0.7976276,-15.481075,-0.66118324,-11.206591,20.446424,-0.0055905986,0.01146849,0.01194458,4.7619047,1.6194332,0.16749999,0.120078094,0.342,0.21673948,-52.036488,q,Ses03M_script03_1,Ses03M_script03_1_F015
319,33.10097,0.14898247,28.544067,34.654633,36.380737,7.83667,49.46773,33.49712,121.63367,100.32702,0.106234916,0.5810412,0.048194587,0.085426256,0.1662087,0.11801411,1.397568,0.66315734,0.6296941,0.3439639,0.02329471,0.64103264,30.494843,0.19001491,-7.174063,-1.3608176,10.229864,1.0590162,-13.430424,-1.0543327,0.014248655,0.859703,1.1633914,0.55683804,5.2788243,0.609625,-0.2832393,-34.17253,19.483412,0.528811,550.1441,0.3420009,1329.1898,0.1316859,-151.89934,-0.5297674,1494.2069,0.16173536,1110.9281,0.15551914,-149.56165,-0.53732884,2626.943,0.10883073,895.58527,0.26475587,-152.6549,-0.49327338,-11.152016,-0.4782853,24.32232,0.27089876,0.01545009,1.0354772,-0.0042731725,-2.908031,0.029501587,0.3408634,35.41062,0.13579577,-9.434262,-1.256213,1.8186517,6.5264482,-25.926222,-0.54610884,-12.672548,23.717339,-0.0042908667,0.0073704734,0.02101814,2.0930233,2.3529413,0.105,0.10413933,0.27181816,0.25505143,-48.63897,ans,Ses03M_script03_1,Ses03M_script03_1_M018
320,43.076687,0.11180067,39.844112,43.027786,46.12623,6.282116,131.90865,96.99386,-9.548355,34.819473,0.19115664,0.7618557,0.055687983,0.13709658,0.32618338,0.27049538,3.1911225,1.8875382,2.3944364,1.2341744,0.054832477,0.93809646,24.262249,0.4140182,-12.495473,-1.3080089,9.709446,1.199878,-14.467503,-1.0457941,0.028972773,1.1149879,1.1477329,0.6076459,8.177824,0.5836769,6.8307757,1.7508739,14.924305,0.9741593,751.9044,0.29622167,1449.9329,0.22300933,-153.19931,-0.50548947,1696.5364,0.14398278,1180.5458,0.28285697,-138.47632,-0.6011808,2800.4133,0.11131323,954.6854,0.28152755,-139.74164,-0.57743675,-10.765481,-0.90869623,21.713282,0.49757776,0.03401547,0.7817108,-0.0045718946,-3.5784876,0.08795962,0.561284,25.292902,0.44621465,-10.820416,-1.7515069,6.394057,2.0407777,-27.152369,-0.5193129,-7.733908,19.632463,-0.001784224,0.009049189,0.038283736,3.4722223,1.7667845,0.188,0.13075167,0.29666665,0.24763325,-40.34858,q,Ses03M_script03_1,Ses03M_script03_1_F016
321,30.295898,0.14030883,25.225325,32.79666,33.22637,8.001047,133.39781,99.58344,60.15262,38.876266,0.07657271,0.40535378,0.047495436,0.069767,0.10326337,0.055767935,0.6094749,0.48606476,0.37815747,0.34721103,0.013039509,0.51316714,29.891994,0.19379038,-4.5201344,-1.4479684,11.76841,0.7223604,-13.899854,-0.9303192,0.009516068,0.7765811,1.0594839,0.50186455,5.223854,0.54648495,-0.12098787,-47.05011,24.672396,0.31484908,479.6788,0.3379251,1367.668,0.12696037,-153.60066,-0.5317161,1437.7407,0.17343263,1074.8872,0.17668153,-154.26028,-0.5132869,2627.2708,0.07537719,931.41345,0.3013568,-157.77283,-0.46210092,-12.249442,-0.34793395,26.388126,0.19392462,0.021585977,0.7812356,-0.008806614,-1.1335267,0.015899174,0.39831963,36.40425,0.086295344,-1.9179487,-3.1378148,5.0191483,1.804934,-27.144833,-0.41220754,-11.161211,21.036896,0.0034416262,0.007684678,0.012235774,2.281369,1.7274472,0.1311111,0.21413621,0.42555556,0.30510876,-53.66152,ans,Ses03M_script03_1,Ses03M_script03_1_M019
322,36.30294,0.07167245,34.300022,36.826538,38.369503,4.069481,113.59336,143.17195,22.56468,11.353332,0.120523535,0.7254635,0.048338424,0.0896323,0.1839526,0.13561417,1.7842809,0.92543584,1.3962914,1.1613982,0.02177677,0.93016124,26.26771,0.30540982,-5.9723363,-2.147704,12.049276,0.9587947,-10.586749,-1.121971,0.025904026,1.6749895,1.1695272,0.5838858,7.3061786,0.4225119,2.9334812,3.1166275,19.15798,0.57124865,660.1647,0.25759366,1421.6146,0.13911639,-129.73863,-0.69701856,1692.5787,0.112980306,1083.226,0.321495,-130.55443,-0.66126335,2697.0366,0.08722309,1083.9658,0.47891408,-132.41011,-0.6349499,-10.902266,-0.6164662,21.282734,0.39684272,0.035772815,0.50587505,-0.0059143347,-2.3431995,0.037860923,0.5906372,30.893623,0.25961155,-8.697983,-1.7923442,13.698847,1.2120626,-19.431257,-0.6993674,-9.274459,18.84404,0.0062713926,0.011921436,0.012102418,3.3542976,1.6949153,0.2175,0.14997916,0.35,0.25787592,-45.91012,q,Ses03M_script03_1,Ses03M_script03_1_F017
323,26.682085,0.050073642,25.096977,26.913017,27.840366,2.7433891,100.61859,126.81053,37.068005,46.890366,0.082498476,0.498054,0.047990836,0.066429496,0.11900174,0.0710109,0.830746,0.6754454,0.37014076,0.20300049,0.013481772,0.6343784,25.818306,0.28063688,-2.1536622,-3.7309859,13.389927,0.5908396,-10.720826,-1.0127581,0.014524497,0.45727962,1.4220779,0.55114996,1.9113196,0.80961084,-2.0555334,-2.7271314,13.239172,0.35085908,519.4435,0.31206885,1268.1383,0.15401779,-180.52803,-0.31453022,1488.334,0.17473477,955.5175,0.16185267,-180.8224,-0.306153,2668.111,0.0953397,725.2668,0.34156168,-181.74744,-0.2906712,-10.172919,-0.29977876,21.070944,0.20040797,0.025760138,0.5566917,-0.018354613,-0.6757204,0.025607705,0.3091292,32.10793,0.17674097,-6.9627585,-0.91169906,9.626695,0.85028887,-32.442204,-0.37907216,-10.9404335,20.144396,0.005522556,0.0077285925,0.0121639455,2.3696682,1.1990408,0.078,0.049959984,0.6116667,0.5298244,-53.116516,ans,Ses03M_script03_1,Ses03M_script03_1_M020
324,34.219868,0.039472613,33.24894,33.69238,35.67844,2.4295006,7.047544,0.0,0.9433117,9.141358,0.07862446,0.44990408,0.047105283,0.06815803,0.10901819,0.06191291,0.45016316,0.11764623,0.39042518,0.23347872,0.011667054,0.5700228,23.502663,0.40130323,0.30466768,26.998653,16.94042,0.7051846,-4.996683,-1.5041507,0.0139686605,0.811776,0.99558264,0.5341243,8.31214,0.31484872,11.410229,0.61070853,20.949846,0.27292013,502.2248,0.24853475,1514.5327,0.12030886,-158.2665,-0.4955007,1764.3052,0.06365905,974.52295,0.30597633,-159.2562,-0.4582426,2655.364,0.07255936,1379.1736,0.37540096,-158.56607,-0.46946955,-15.599159,-0.25881067,20.732365,0.3671267,0.03186551,0.87238955,-0.008332681,-0.76212853,0.019357525,0.45882723,29.952454,0.12565063,2.9835138,2.112762,33.849766,0.33009088,-12.602524,-0.8439177,-10.381221,19.305317,-0.0025576788,0.011503575,0.009615793,2.5641026,1.0526316,0.21499999,0.114999995,0.4733333,0.26712462,-51.631645,o,Ses03M_script03_1,Ses03M_script03_1_F018
325,32.357975,0.13423897,27.792297,31.880743,33.820805,6.028507,36.234276,27.362415,64.637825,50.051506,0.09107471,0.596755,0.047238752,0.077167906,0.12407036,0.07683161,1.1634055,0.92455196,0.6457679,0.927737,0.015521377,0.7142315,28.990278,0.2447606,-3.8222175,-2.5351026,12.150239,0.6623839,-11.308344,-0.861663,0.01941151,1.8062156,1.1494963,0.5874546,5.735037,0.46552253,0.77453,10.670442,19.990906,0.43831822,515.9788,0.33098412,1326.2035,0.12305582,-147.79,-0.5747007,1512.2423,0.10547593,1078.1461,0.2533729,-145.02205,-0.57679224,2589.3806,0.07423603,920.31287,0.33485767,-147.38594,-0.543978,-12.204623,-0.43300626,22.145748,0.25391293,0.029271387,0.6296848,-0.004197468,-2.4668505,0.024706248,0.55480397,33.674973,0.15367953,-9.439693,-1.463628,13.328443,0.8793395,-16.318384,-0.5785357,-11.650695,21.295692,0.00859329,0.007945875,0.011709829,2.0989504,1.3595166,0.20888889,0.19868705,0.45499998,0.37847722,-50.28437,dag,Ses03M_script03_1,Ses03M_script03_1_M021
326,42.82487,0.10196589,38.602234,42.667194,47.905533,9.303299,77.03578,11.569316,23.665857,9.35208,0.13768007,0.6100206,0.064588055,0.11479656,0.20687607,0.14228801,2.323247,1.722778,1.827141,1.1074287,0.026594445,0.84435093,22.786924,0.39807722,-7.1771693,-2.0662732,9.652162,1.0458696,-17.5207,-0.7560522,0.027236864,2.2426527,1.2020605,0.80832654,10.309784,0.2503116,10.318919,0.80293024,19.19992,0.55712205,670.21387,0.25458193,1403.5032,0.1493855,-145.5327,-0.5608474,1682.3356,0.107614115,1101.0935,0.24844894,-127.70005,-0.65412086,2725.6816,0.09229474,969.7854,0.39195603,-130.01071,-0.61969274,-11.993483,-0.52377504,21.280071,0.40936574,0.0342291,0.614164,-0.0017021309,-6.1962123,0.03157672,0.6721672,27.082195,0.26669818,-10.814337,-1.2335316,10.761124,0.9738961,-24.360752,-0.41650853,-7.9247313,16.100065,0.017920176,0.0047902293,0.023860797,4.5045047,3.0487804,0.12399999,0.10121264,0.16636364,0.15113345,-45.8741,o,Ses03M_script03_1,Ses03M_script03_1_F019
327,37.941216,0.33566087,23.222946,38.996605,54.976906,31.75396,319.93597,0.0,401.63242,0.0,0.07311322,0.5050496,0.047028296,0.0605439,0.08751605,0.04048775,0.4521096,0.3883017,0.26570824,0.14938803,0.012356404,0.7602488,24.798721,0.26757297,-2.0585713,-4.059659,11.827812,1.0397333,-10.000017,-1.4479908,0.030389449,0.62932754,1.1827911,0.22301732,3.7896512,0.48600096,8.615686,1.0269673,9.3277,0.25862256,597.696,0.6148231,1127.2434,0.23497824,-196.796,-0.12885982,1634.999,0.23328085,869.59656,0.27982545,-194.64331,-0.15375116,2679.7314,0.10148152,848.84656,0.21732974,-194.72406,-0.1522358,-8.947351,-0.428129,18.12158,0.49468714,0.018009534,0.532924,-0.008872276,-1.3543023,0.02782948,0.56326497,27.772276,0.12464729,-9.929416,-0.46045327,24.258715,0.8415849,-24.550596,-0.9653513,-10.805125,20.607622,0.005752732,0.008246391,0.011894424,1.7283952,0.75,0.036666665,0.0047140447,0.955,0.3534473,-53.997055,o,Ses03M_script03_1,Ses03M_script03_1_M022
328,25.048014,0.07674936,23.140125,25.203785,26.348846,3.2087212,130.77711,149.54886,7.832592,2.463897,0.0832809,0.47876978,0.054121807,0.072237276,0.100073285,0.04595148,0.48629996,0.31530097,0.4124791,0.45133513,0.012844143,0.60633135,23.848577,0.30976132,-1.1609257,-7.83479,17.482994,0.641158,-7.6736617,-1.1912491,0.012048829,0.8906964,1.167277,0.49247894,3.418914,0.45571262,3.0957305,2.803149,16.801548,0.50227845,501.35104,0.334454,1350.71,0.17777124,-168.49045,-0.409597,1533.6068,0.13588633,953.27716,0.21984257,-169.48878,-0.39084476,2555.0747,0.08289401,934.8599,0.32742044,-169.96718,-0.38407367,-11.824824,-0.36791658,19.418203,0.3055362,0.018270222,0.83067626,-0.0017542109,-5.8162813,0.018748818,0.46607187,29.963345,0.16915666,-3.0965958,-3.3911588,23.867937,0.6616638,-11.888795,-0.96762896,-10.656817,18.709133,0.005750564,0.0104819,0.011676535,1.7363851,1.4263074,0.10666667,0.073635735,0.48904762,0.59586596,-53.247467,o,Ses03M_script03_1,Ses03M_script03_1_M023
329,21.216242,0.085552745,19.899944,20.758886,23.505096,3.6051521,31.05495,21.577843,21.34552,0.3746462,0.06655757,0.3752094,0.046761516,0.058231946,0.08113359,0.034372073,0.350397,0.2819204,0.1792798,0.11249369,0.011190578,0.4677201,27.85482,0.2175635,-3.0308778,-2.6321328,13.067784,0.70673496,-6.4684625,-1.3789806,0.013025109,0.8199642,1.3365222,0.5202112,2.4588714,0.59254795,10.062333,0.781862,23.096207,0.44892308,542.99164,0.50506526,1231.1748,0.16040087,-185.6758,-0.26650444,1558.0906,0.20600505,992.5506,0.36984313,-186.70117,-0.2469476,2600.5886,0.107832015,885.73883,0.29575586,-186.90692,-0.2437288,-13.789279,-0.27729434,24.118502,0.2393679,0.01761103,1.4502459,-0.0033354776,-3.867295,0.016655732,0.28222927,33.352417,0.14724614,-1.7493085,-3.7471883,21.21913,0.72074157,-9.767288,-1.3453921,-11.717169,21.501371,0.0008874323,0.010629296,0.010788867,1.9556715,1.0498688,0.061249997,0.045397546,0.7733334,0.98455846,-55.630444,o,Ses03M_script03_1,Ses03M_script03_1_M024
330,39.740368,0.100086406,36.616825,40.02186,42.696743,6.079918,44.42725,5.514332,13.622844,13.296414,0.094951324,0.81966627,0.045017853,0.053534586,0.12378462,0.07876676,0.9871965,0.82623047,0.9771541,0.4718792,0.018706046,1.1649951,27.618345,0.2983241,-3.6884208,-2.3434477,8.168002,1.2958298,-14.329324,-0.95295733,0.030549016,1.6766281,1.0349182,0.587136,8.769814,0.23563568,5.2404995,1.6080431,28.680992,0.29242715,762.9967,0.1964638,1393.5948,0.15059972,-148.67912,-0.56615627,1790.4236,0.11943913,1115.4929,0.3615419,-146.947,-0.5414458,2877.4463,0.07672523,899.21344,0.27033213,-148.86136,-0.5159733,-14.365462,-0.41586894,25.743906,0.34253305,0.04383491,0.48819128,-0.014491392,-1.031482,0.042407855,0.63769424,34.04204,0.23903331,-6.995723,-1.7816563,3.6775532,4.3850694,-30.423128,-0.4240741,-10.8446045,20.26167,0.002339645,0.012877036,0.00863624,1.5479876,1.2578617,0.2325,0.11986972,0.432,0.3243085,-45.804947,s,Ses03M_script03_1,Ses03M_script03_1_F020
331,28.008762,0.17976896,25.784674,26.972578,29.280956,3.4962826,280.60782,351.31638,464.74088,451.98505,0.07407311,0.48210296,0.048265822,0.058804393,0.09509349,0.046827666,0.4009944,0.29661816,0.31740758,0.24351087,0.012610825,0.5633435,27.705044,0.21702002,-3.785321,-2.1043832,15.918772,0.5378271,-9.65449,-1.2494602,0.014783335,0.8899906,1.1580253,0.6211356,3.6122932,0.5775956,1.9897751,3.1104028,16.972399,0.41599345,546.8755,0.2930285,1378.8799,0.15325464,-179.25578,-0.3311976,1557.7605,0.17327508,1219.6027,0.41817552,-179.0513,-0.32476088,2649.5425,0.07255951,737.12335,0.43726915,-179.81027,-0.3111606,-11.11622,-0.36488518,19.28188,0.28301755,0.014432393,0.9361045,-0.01568715,-0.867265,0.024706088,0.39410615,34.882046,0.14530872,-4.00156,-1.8918768,17.824759,0.665244,-32.10029,-0.5634917,-11.554302,20.20261,0.0012539553,0.010498852,0.011030662,2.1875002,0.78740156,0.14,0.19606121,0.92333335,0.65941054,-53.630013,o,Ses03M_script03_1,Ses03M_script03_1_M025
332,28.699572,0.10820661,25.938833,29.313988,31.49394,5.555107,63.859577,59.28049,56.957745,61.411724,0.117561616,0.52528447,0.06745835,0.10116449,0.16141844,0.09396009,1.1901929,0.67073387,0.7735138,0.7145458,0.021777753,0.68035346,26.966496,0.31878862,-4.819728,-2.0868921,19.215286,0.6578383,-13.864914,-1.1215715,0.019138964,1.0775362,1.2004548,0.44125664,4.1544724,0.6399611,2.750538,2.883779,17.482943,0.5065009,548.74,0.3844457,1307.2562,0.13654159,-147.23177,-0.56122625,1573.6196,0.17477505,1053.2369,0.25603175,-147.4351,-0.53961796,2613.076,0.09527502,840.4662,0.28520784,-148.60602,-0.5235254,-12.246399,-0.45332778,21.19976,0.3123776,0.026074488,0.7710904,-0.0054859202,-2.7935917,0.030000418,0.53722,32.41453,0.1877618,-4.6559677,-2.291926,19.187815,0.7234256,-20.290295,-0.9795705,-9.244303,17.48975,0.008573347,0.006148697,0.018503113,2.5519848,2.2792022,0.1175,0.14714646,0.28879997,0.390869,-48.653793,o,Ses03M_script03_1,Ses03M_script03_1_M026
333,35.612896,0.094630934,33.23442,35.916206,37.595387,4.3609657,58.69012,36.215958,173.2131,220.33507,0.09739795,0.6154079,0.047668748,0.08138746,0.13132587,0.08365712,1.5850766,1.1324618,0.8895093,0.71952224,0.018214993,0.98464054,24.24661,0.36470455,-0.6757553,-11.307496,18.678347,0.63821554,-13.167288,-0.9597677,0.021688879,1.1022815,1.1378192,0.7638914,8.229103,0.26368627,8.66787,0.88659924,20.197556,0.38313383,650.9927,0.29885527,1386.6978,0.12279603,-152.11215,-0.5221516,1786.0209,0.12643446,972.5942,0.39845198,-150.75246,-0.5044782,2730.5557,0.084163286,1070.3265,0.3009967,-150.27077,-0.51119363,-14.008763,-0.37485522,19.825205,0.37849432,0.03985194,0.49769717,-0.010030992,-0.8378391,0.02960942,0.67781144,28.13908,0.26606745,0.8082643,12.253937,27.49152,0.52522314,-22.080101,-0.5397795,-9.9252205,18.538954,0.0062040337,0.009981369,0.0139756,3.1180403,2.2522523,0.116000004,0.079774685,0.27909088,0.34097332,-48.549183,o,Ses03M_script03_1,Ses03M_script03_1_F021
334,38.393295,0.15225974,34.96386,36.55823,42.04122,7.077362,53.351994,19.101086,107.927444,81.02592,0.119308196,0.6724746,0.047136135,0.096284986,0.18431401,0.13717788,2.221031,1.119367,1.8163474,1.3283321,0.026683772,1.1236447,26.197058,0.36641482,-4.355854,-2.1877682,11.547778,1.1916866,-16.654135,-0.7782879,0.0398429,2.04001,1.2224178,0.7272368,7.8634424,0.3919261,5.8209248,1.5646739,22.516083,0.43088838,664.78345,0.3223985,1396.611,0.12044568,-138.73427,-0.6190824,1695.4989,0.13651703,1081.6575,0.24733508,-135.41278,-0.61060876,2791.632,0.09318022,943.04987,0.30547085,-137.81343,-0.57849616,-12.0863905,-0.49485692,24.191336,0.3758183,0.048296586,0.5029577,-0.0068136314,-1.2459276,0.047577843,0.76170343,30.705936,0.31775165,-5.500616,-1.9371569,9.418057,2.0642326,-27.33138,-0.4654155,-9.798835,19.001825,0.010087771,0.0077599166,0.015213302,3.521127,2.3090587,0.14846154,0.12037417,0.24499999,0.3161995,-44.872387,o,Ses03M_script03_1,Ses03M_script03_1_F022
335,30.43564,0.22353321,22.015486,32.003002,33.185863,11.170378,2.9608727,0.0,57.848503,0.0,0.08958214,0.6448469,0.0465002,0.0684195,0.11976681,0.07326661,0.91760045,0.49174064,1.038217,0.74166995,0.015453847,0.78707737,24.593311,0.2846731,-2.8346133,-3.0047646,13.999062,0.58035564,-9.531652,-1.1773072,0.024197217,0.704529,1.4426919,0.3326048,3.7980385,0.37072912,8.824992,0.9474542,24.273577,0.41297397,864.78345,0.29928264,1253.5947,0.13371058,-179.28267,-0.31202185,1851.1249,0.13978125,1130.1852,0.30916008,-178.65884,-0.31148174,2882.12,0.112798706,920.4836,0.2645062,-179.26471,-0.30205262,-11.655633,-0.40883175,18.643175,0.3649729,0.038165443,0.64303225,0.003875396,1.8799152,0.029699301,0.6173865,24.947248,0.2735558,-3.952199,-2.4386632,20.595486,0.2475467,-8.506774,-0.6981876,-10.843922,19.766306,0.0029765372,0.0064633824,0.013661566,2.922078,1.320132,0.0775,0.023848481,0.4333333,0.42749918,-51.032616,q,Ses03M_script03_1,Ses03M_script03_1_M027
336,35.179962,0.046701625,33.542862,34.85388,37.248318,3.7054558,21.313889,12.213525,6.283268,18.841398,0.118670106,0.6710116,0.049681395,0.089258134,0.18751352,0.13783212,1.5856863,0.83567977,2.459606,1.6164858,0.022046095,0.8181175,24.300158,0.3801579,-3.2368817,-2.718138,15.704214,0.52403325,-12.04393,-1.0785588,0.012570997,0.66580117,1.0380163,0.4916813,7.5917454,0.30284047,3.8077238,3.4215658,20.183939,0.42113248,504.92078,0.29535782,1385.1824,0.09823707,-145.09268,-0.59406656,1537.9183,0.13220592,1043.6449,0.17999516,-139.48055,-0.61057025,2677.1533,0.07275521,1023.5412,0.37751412,-141.64581,-0.5788342,-11.144118,-0.47548038,21.418274,0.32357672,0.02514006,0.6479788,-0.0043823724,-1.789248,0.03834437,0.415511,31.207401,0.2669412,-8.398846,-1.4306834,18.318285,0.6323064,-24.909023,-0.51351327,-10.219538,19.728268,-0.00010462461,0.012588306,0.014537074,3.265306,1.2500001,0.25666666,0.27108833,0.39,0.2657066,-46.233116,q,Ses03M_script03_1,Ses03M_script03_1_F023
337,28.842686,0.22748433,23.925705,26.263,29.116867,5.191162,556.2434,860.234,30.741083,6.892111,0.098608926,0.5236139,0.05767883,0.08364388,0.122708045,0.06502922,0.9040765,0.453888,0.40773648,0.3547182,0.016994184,0.60165626,28.265219,0.2971743,-3.2803001,-2.440806,11.293681,0.9305012,-14.072973,-0.9123638,0.01667347,2.4826546,1.1985763,0.5779974,3.9270668,0.62550175,4.1822195,1.753241,22.869202,0.33330646,595.69977,0.34064525,1356.5759,0.11734244,-155.24408,-0.5138812,1550.1654,0.15006317,1202.8657,0.20859514,-153.19388,-0.5138565,2664.8352,0.06950531,987.7957,0.4382424,-155.79768,-0.47682095,-11.322159,-0.49017686,23.975853,0.17011191,0.017330952,0.995423,-0.0060841385,-2.4458735,0.024782958,0.4432648,32.405434,0.15477516,-5.1290474,-2.0275865,2.8119721,4.0795865,-26.31267,-0.5529774,-11.20679,21.070246,0.008486858,0.0067544444,0.014139887,1.8382353,1.858736,0.126,0.09264988,0.35545456,0.32365423,-50.59339,ans,Ses03M_script03_1,Ses03M_script03_1_M028
338,44.973545,0.072704,43.27993,45.455475,47.12525,3.8453217,0.2931335,4.6660542,9.711824,2.4362955,0.16595648,0.5823999,0.08787621,0.14312482,0.24410495,0.15622875,2.2477486,1.2679142,1.6379976,1.2448155,0.0317708,0.8872641,21.392807,0.5046981,-9.9975,-1.3532852,5.8419995,2.932987,-20.561455,-0.6612152,0.013065566,1.0728089,0.9743741,0.9422509,11.53455,0.30267242,7.9586186,1.1689556,21.020752,0.5344822,776.8878,0.30021477,1291.9531,0.16974902,-128.48924,-0.70749986,1767.2906,0.15022264,1092.543,0.306075,-114.45072,-0.7686342,2823.4375,0.093083344,962.99866,0.37752622,-117.37342,-0.72230995,-9.193264,-0.861844,22.634806,0.37909204,0.044913918,0.542265,0.0050090295,2.1303606,0.040895253,0.6921842,26.405518,0.28501362,-14.724096,-0.8891742,-1.6929989,-10.380812,-27.795134,-0.48064157,-5.69451,15.205691,0.012713221,0.010123686,0.024315624,3.6842105,2.477876,0.18071428,0.112342864,0.18866666,0.21685222,-42.452984,s,Ses03M_script03_1,Ses03M_script03_1_F024
339,25.709461,0.08674262,23.792099,26.663254,27.570154,3.7780552,0.0,0.0,-0.3364587,0.0,0.07140006,0.32807934,0.050499275,0.06814384,0.08057317,0.030073896,0.30574557,0.18271537,0.26340163,0.16524315,0.012469436,0.5730177,29.236862,0.300057,-1.558521,-3.278469,10.443418,0.5291629,-13.852686,-0.57534784,0.01651935,0.9140516,1.6847188,0.34991527,2.6918008,0.885035,2.387875,3.6180615,24.318933,0.19407554,640.1565,0.19808511,1469.4109,0.07047124,-171.60869,-0.38800666,1599.6897,0.11231561,1293.1147,0.11132975,-173.67355,-0.35761437,2759.6167,0.09704876,979.45917,0.13084976,-175.20374,-0.3343321,-14.919149,-0.19135988,27.940887,0.099168405,0.027262356,0.48236123,-0.021275686,-0.39189345,0.022322569,0.40105528,40.02816,0.07366598,1.6992868,2.0450697,2.515593,2.0662184,-20.978321,-0.24097788,-10.759865,21.373447,0.008530155,0.0074941954,0.011150578,2.9850748,1.5503876,0.085,0.055,0.35666668,0.22484563,-54.284405,o,Ses03M_script03_1,Ses03M_script03_1_M029
340,36.521576,0.10630853,33.694485,35.351273,38.81062,5.1161346,113.42101,106.036446,21.838123,29.359825,0.12499752,0.60270673,0.06514794,0.1026245,0.17755742,0.11240949,1.6793739,0.91129804,1.334467,0.7816247,0.019840814,0.6385543,25.201302,0.3533082,-6.4183674,-1.6897337,17.220736,0.6257857,-12.71434,-0.8480584,0.017432269,1.0251096,1.0744495,0.6512199,7.8390374,0.3421153,5.6241403,1.575466,16.977701,0.52132815,586.2754,0.31247002,1424.0248,0.16141912,-121.93154,-0.7537623,1649.1656,0.10426375,1108.3453,0.310829,-118.899124,-0.7317744,2628.4424,0.0912084,1039.0226,0.30983365,-120.167786,-0.7123484,-10.67943,-0.5539847,18.187654,0.41821298,0.02879962,0.56526816,-0.006795974,-2.0005457,0.02802821,0.4615499,29.5574,0.24919741,-11.0793,-1.1772207,20.296486,0.5943029,-17.822866,-0.65142155,-9.576851,18.369503,0.0053992206,0.009061318,0.013461905,4.087591,2.7941177,0.14999999,0.1595388,0.17799999,0.18998946,-47.716248,ag,Ses03M_script03_1,Ses03M_script03_1_F025
341,27.39382,0.0025734561,27.341366,27.385489,27.44461,0.10324478,0.0,0.0,-0.05735906,0.0,0.0643603,0.34573576,0.04600139,0.050718285,0.084385306,0.038383916,0.2660925,0.10550671,0.21855146,0.07854757,0.010960773,0.4249661,26.933323,0.08582558,-5.192984,-0.93902296,22.809483,0.59144837,-7.9894505,-0.6364422,0.0038755143,0.0,0.9063322,0.0,2.8316724,0.096593164,1.3311114,0.69472736,13.287056,0.05217424,384.57248,0.024437401,1333.6919,0.051075526,-195.62851,-0.13869296,1590.1421,0.017655779,973.1399,0.1329279,-196.2578,-0.12207535,2390.078,0.01598536,1017.89557,0.09730814,-195.94496,-0.13030379,-9.915037,-0.057755794,11.692635,0.029564753,0.018512553,0.1546327,0.0022107228,0.4099098,0.011691354,0.04242773,27.4708,0.005444748,-5.72796,-0.1148376,46.09342,0.0722227,-19.145107,-0.11291173,-11.336645,19.501299,-0.00061337376,0.008815373,0.011229417,1.6949153,0.88495576,0.02,0.0,0.53999996,0.14999999,-57.262173,o,Ses03M_script03_1,Ses03M_script03_1_M030
342,29.786228,0.05950537,27.445389,30.390009,31.239664,3.7942753,24.710966,0.0,-61.01556,0.0,0.074001,0.5332928,0.046074487,0.05404864,0.09894894,0.052874453,0.40584084,0.26340136,0.3091575,0.14260715,0.01387105,0.75110924,29.396578,0.22177097,-4.4940405,-1.1753396,8.286288,0.7526508,-12.453094,-1.0516353,0.013545106,0.13330466,1.379002,0.41174072,2.3737993,0.5488556,-1.9343421,-2.2699683,21.460289,0.16479144,512.5745,0.33954638,1418.2378,0.1376718,-189.0956,-0.23584756,1423.9365,0.14194094,1039.2357,0.09722437,-188.59628,-0.23787005,2729.8381,0.09975933,848.5745,0.5482904,-189.57355,-0.21882592,-9.689533,-0.35341573,22.945538,0.14136632,0.028628992,0.6196572,-0.010988697,-0.91243047,0.03481409,0.34284586,36.284477,0.08410054,-9.484097,-0.44249433,2.0612285,2.84855,-46.91008,-0.21213266,-10.841391,22.321917,0.00461339,0.008670117,0.01266121,1.098901,0.7462687,0.074999996,0.044999998,0.8266666,0.6572839,-53.010334,q,Ses03M_script03_1,Ses03M_script03_1_M031
343,32.55043,0.121543795,33.276077,33.873306,34.919132,1.643055,64.45209,23.42071,25.08222,37.61198,0.09093271,0.7219973,0.045814678,0.05104555,0.14385779,0.098043114,1.45508,1.2180108,1.1325916,0.59515786,0.014380432,0.70870566,27.878273,0.18821427,-5.8387733,-1.5902675,19.157906,0.6358951,-9.449638,-0.968099,0.015980037,0.8391973,1.1489377,0.5845447,6.902587,0.3248436,-1.0909605,-5.9477544,14.069428,0.6987883,495.26657,0.32290766,1306.3033,0.13016146,-155.78989,-0.5106094,1596.7902,0.111312784,998.90643,0.2869551,-155.38199,-0.49665037,2558.5784,0.09360748,1183.5421,0.35431364,-155.82678,-0.4899658,-9.468711,-0.61924046,17.316292,0.48759022,0.022543436,0.6956821,-0.009308061,-1.108787,0.026163962,0.31338507,32.97089,0.1450953,-14.202131,-0.9001622,30.230497,0.44372806,-18.289593,-0.48432502,-11.561853,20.605064,0.0031484158,0.010682997,0.010810207,1.8348624,1.552795,0.148,0.08109254,0.39499998,0.42189056,-50.36283,ans,Ses03M_script03_1,Ses03M_script03_1_F026
344,22.640827,0.09341708,20.078316,23.080276,24.364155,4.285839,15.7215,10.604206,44.181175,26.320084,0.06571587,0.3377539,0.046225153,0.059200987,0.08323079,0.03700564,0.24104986,0.18652837,0.20020206,0.07936485,0.010396126,0.4859385,26.918583,0.22608218,1.0725713,6.0041304,11.286567,0.63679624,-10.81031,-0.88038146,0.012067891,1.1110998,0.9731511,0.48223367,2.8488662,0.48639622,6.930681,1.460768,28.163658,0.1950832,670.0536,0.34498873,1422.644,0.109004736,-174.36678,-0.3633623,1623.0142,0.19723581,1176.7976,0.20557666,-174.94643,-0.35497525,2794.6736,0.08071488,891.11566,0.19522421,-176.56062,-0.3296603,-13.35891,-0.50384986,27.468899,0.11744815,0.008674613,1.7538518,-0.0023981552,-4.2015285,0.014122124,0.38700235,35.569496,0.09386901,2.4433737,2.3020594,10.97025,1.4187683,-16.143488,-0.82469285,-11.306673,21.64383,0.0058248057,0.011956321,0.009814383,1.7441862,1.179941,0.107499994,0.04602988,0.574,0.37574458,-55.489307,s,Ses03M_script03_1,Ses03M_script03_1_M032
345,37.516,0.09587932,35.56844,37.338905,39.384598,3.8161583,74.42429,25.750319,73.96161,108.28902,0.2768306,0.9102372,0.10935813,0.17994381,0.34875473,0.2393966,2.80377,2.094235,2.4960876,1.6236072,0.074251,1.2936559,25.503933,0.4172864,-12.559634,-1.3712133,7.347597,1.800131,-21.750963,-0.7924316,0.01760999,0.9579941,1.082559,0.5513421,6.993047,0.5188549,3.2920613,3.084936,18.682152,0.738624,725.37994,0.37504777,1393.7117,0.22203521,-94.98107,-0.9926019,1691.664,0.16333252,1217.5553,0.34774503,-87.010925,-1.0022359,2755.71,0.09599385,1064.3674,0.36954737,-91.06791,-0.92272335,-6.7827873,-1.2943292,20.416119,0.47292072,0.039666288,0.45351002,0.0027726523,5.2784534,0.10094469,1.116831,26.615618,0.3484493,-14.787175,-1.2662457,5.151407,3.035899,-27.787582,-0.6051044,-5.822425,16.372732,0.018929802,0.007940972,0.035676166,2.077922,3.1662269,0.18166666,0.16159792,0.11416667,0.06575945,-34.140514,s,Ses03M_script03_1,Ses03M_script03_1_F027
346,23.933355,0.043299712,22.883602,24.467371,24.898602,2.0149994,-0.08058548,1.9271562,28.782463,0.0,0.075840265,0.32837984,0.05804501,0.07062897,0.09105805,0.033013042,0.82691526,0.9684506,-0.34143934,0.57994264,0.0127336085,0.5094715,28.624971,0.22033906,-0.21740825,-36.661934,12.115252,0.5312375,-7.6877866,-1.032821,0.009443309,0.97664255,1.2408563,0.57553685,3.5885727,0.2531407,0.43316197,14.5867195,19.668737,0.2411618,506.8473,0.32409537,1384.2668,0.1209404,-175.87115,-0.36456987,1550.3649,0.1321212,1114.0765,0.1687807,-177.32632,-0.3404846,2586.9475,0.07884185,1258.6461,0.3563749,-178.52046,-0.32081068,-14.09911,-0.21684952,25.87687,0.12321286,0.020749874,0.8919883,-0.007969459,-1.6727287,0.014040593,0.22374535,32.947853,0.07572975,-1.8099873,-2.0413935,10.729154,0.70740426,-18.602829,-0.3783184,-12.676005,23.345072,0.0040234653,0.007029695,0.011808465,2.7027028,0.68728524,0.175,0.015,0.83666664,0.21060759,-54.268406,s,Ses03M_script03_1,Ses03M_script03_1_M033
347,31.779926,0.08295498,30.1142,32.202335,32.784298,2.6700974,43.961735,7.4992943,77.313484,95.28906,0.10647154,0.47060645,0.05969587,0.09913883,0.1553583,0.09566243,1.4205954,1.6193054,0.48601335,0.15222809,0.01753509,0.5270783,28.819626,0.35571328,-2.328547,-4.056696,9.782145,0.7396171,-7.660965,-1.1135739,0.014883481,0.8814362,1.0407094,0.40486494,6.6477284,0.39926398,2.1200182,3.3319662,28.131657,0.30870065,558.9779,0.38166496,1373.9633,0.14134488,-118.366066,-0.7932427,1522.9039,0.14495341,1175.8226,0.18133251,-121.33276,-0.7233563,2665.6353,0.07857796,989.7048,0.23775072,-126.35868,-0.6495519,-14.924513,-0.2985367,29.218477,0.17426449,0.02730652,0.60224366,0.0005683989,15.838804,0.021837167,0.38426873,35.28903,0.21189709,2.31079,4.3689404,9.468185,0.8663092,-11.766169,-0.8502979,-7.621333,20.177301,0.0066703586,0.01669845,0.014706481,2.8,1.632653,0.2575,0.394105,0.33249998,0.2988624,-48.582867,q,Ses03M_script03_1,Ses03M_script03_1_M034
348,38.97239,0.13299876,34.4642,39.752598,42.37293,7.9087296,81.094925,88.82015,85.39882,111.389046,0.101163216,0.5790023,0.046817873,0.08180978,0.15608738,0.109269515,1.4156047,1.126877,0.8466887,0.5697753,0.015935974,0.7332455,25.239716,0.32822052,-5.232568,-1.8211693,13.326472,0.71766585,-10.28195,-0.9442343,0.02419022,2.0448372,1.019887,0.6162635,9.295465,0.38671806,7.8423004,1.0448759,18.324093,0.4891061,701.0192,0.33442175,1375.4001,0.19871192,-146.23006,-0.5670307,1692.8818,0.14451015,1075.7057,0.21923237,-137.52156,-0.600432,2737.29,0.09281832,911.68024,0.41306403,-139.0262,-0.57942045,-14.225164,-0.35138947,24.111223,0.28753674,0.024958827,0.97594345,0.00044015516,23.2186,0.021194361,0.5925272,29.562838,0.21264528,-5.351589,-2.3466456,14.37129,0.83591485,-16.168901,-0.71181905,-8.948921,19.460766,0.0048998315,0.01312069,0.013295305,2.9250457,1.8450184,0.18299998,0.12353542,0.33900002,0.32672465,-48.61298,ans,Ses03M_script03_1,Ses03M_script03_1_F028
349,34.1875,0.0025063984,34.100433,34.19372,34.271317,0.17088318,0.0,0.0,-0.043872833,0.0,0.06638823,0.44113085,0.04489553,0.057674788,0.0767353,0.031839773,0.250879,0.06513015,0.09480422,0.15846367,0.011557328,0.66809714,28.093575,0.16874295,-4.4246397,-1.2711663,14.417485,0.5972006,-7.709003,-0.9382723,0.019497003,0.036783867,0.9891535,0.039420936,6.3420014,0.13984571,3.9811897,0.4992582,23.24018,0.12475613,640.8563,0.2956578,1460.2609,0.114105776,-196.48244,-0.14330047,1601.707,0.05084096,1332.0884,0.24657744,-196.78903,-0.13377406,2716.773,0.033737816,1067.0562,0.03389755,-196.95149,-0.12857994,-16.66602,-0.1380473,26.766481,0.13819814,0.0042667314,0.5151367,0.0008519241,4.7144003,0.016147291,0.17936215,33.367775,0.0339854,2.8489532,1.1252342,17.937342,0.14331812,-4.412399,-0.9144861,-11.31022,20.303543,0.005827067,0.007979162,0.011485493,2.232143,0.4587156,0.04,0.0,2.12,0.0,-55.509632,o,Ses03M_script03_1,Ses03M_script03_1_M035
350,38.0129,0.09524655,34.452282,37.51073,41.765587,7.313305,41.754982,21.0418,27.824896,37.378796,0.35424054,0.91583407,0.10624704,0.24942033,0.5011406,0.39489356,4.1677685,2.1730874,3.4307213,3.25981,0.1062778,1.4033654,20.8595,0.5153107,-17.862051,-0.90997255,10.948902,1.1857021,-23.931892,-0.68965024,0.024005936,1.0971162,1.1350099,0.5146073,5.001888,0.77254254,0.21478893,43.387882,12.436196,0.82662296,726.3226,0.3906004,1318.8477,0.18536198,-98.29068,-0.97133833,1739.5591,0.14354901,1088.937,0.27653533,-89.69573,-1.010577,2710.5693,0.086781554,1025.9943,0.30732098,-91.1298,-0.9819439,-5.4552836,-1.2463689,13.883853,0.6004557,0.045374937,0.39426836,-0.010591369,-1.3947291,0.15561993,1.1298141,23.632023,0.44272956,-23.30413,-0.7229926,10.933937,1.3533125,-31.62511,-0.48027986,-4.947972,12.716982,0.018152578,0.0081845485,0.040509444,2.268431,2.6717558,0.20714284,0.123890996,0.13666667,0.1462722,-33.512913,s,Ses03M_script03_1,Ses03M_script03_1_F029
351,41.693623,0.1266953,36.59112,41.21352,46.764954,10.173832,328.45364,325.88556,194.42426,195.28122,0.26908857,0.77668226,0.096098304,0.20352507,0.4353896,0.3392913,3.5910778,2.929166,2.4770868,2.6180484,0.08060824,1.1386007,19.543188,0.39080173,-10.783984,-0.82497877,6.743092,2.1905982,-25.157755,-0.7351453,0.055683166,1.6896573,1.516679,0.41257834,5.947509,0.76401865,8.351962,1.3436984,16.971882,0.61367095,812.5825,0.3082863,1258.7968,0.19995993,-130.4349,-0.68852806,1867.4792,0.1610264,1031.6061,0.45384106,-118.99454,-0.7352407,2857.8723,0.08242269,916.5061,0.36038524,-119.74287,-0.72527707,-9.239135,-0.61293393,18.494707,0.30596593,0.062327534,0.3759596,-0.01580219,-1.0842992,0.12507363,0.7428534,23.135332,0.23369431,-13.995808,-0.51456386,0.7652614,17.730972,-36.994198,-0.41955528,-5.1572614,14.51879,0.025066813,0.00619266,0.047628045,2.2869024,2.9411767,0.14,0.18928435,0.19153847,0.23445013,-33.13908,s,Ses03M_script03_1,Ses03M_script03_1_M036
352,38.002125,0.12277053,36.266674,39.247437,41.242306,4.9756317,124.158035,79.65143,113.78821,124.16729,0.2017432,1.0063677,0.08083699,0.1329085,0.2529499,0.17211291,3.0895822,3.0496554,2.420522,2.2174368,0.052355487,1.7244414,20.91598,0.41561076,-13.263919,-1.0888392,15.781037,0.881931,-15.712913,-0.7912695,0.03519599,1.3646619,1.346569,0.6793305,5.4155827,0.65890956,5.894924,1.8823625,13.016724,0.5941221,661.71173,0.36389115,1347.9874,0.16221258,-145.59747,-0.573335,1647.5925,0.11631182,1154.9587,0.48131335,-131.93631,-0.6562223,2695.3374,0.089873664,1008.6113,0.3879445,-133.19441,-0.63741845,-5.6951823,-1.219476,15.359939,0.44429785,0.030574348,0.48930058,-0.00207374,-7.1404357,0.103122585,1.2700309,25.684195,0.28659964,-22.658562,-0.69016904,13.65758,1.1858927,-19.38939,-0.57110965,-5.6343656,14.858318,0.016639367,0.010501225,0.024503697,2.8708136,2.9055688,0.114999995,0.10476164,0.24700001,0.27860546,-38.474133,o,Ses03M_script03_1,Ses03M_script03_1_F030
353,25.966846,0.15214314,22.787405,25.446924,25.821747,3.0343418,1222.4297,0.0,4.622861,12.615746,0.061918594,0.25521106,0.046988383,0.059715375,0.07498006,0.027991675,0.30611306,0.11815693,0.20296462,0.11803947,0.009320347,0.3479642,28.11858,0.1923873,-4.882749,-1.057861,14.510576,0.4355141,-3.4898436,-1.5143764,0.016068127,1.1398492,1.3762585,0.3962047,3.7400584,0.45608208,0.6765189,10.628347,19.382582,0.30599007,695.4697,0.40977684,1367.666,0.112756796,-184.53,-0.26902154,1718.2416,0.1562091,1090.9644,0.2906362,-184.89528,-0.2635617,2681.184,0.14265038,1239.5043,0.334578,-185.55383,-0.2519562,-13.634083,-0.1916308,23.697239,0.15640049,0.016036524,0.84561753,0.0092875725,0.66135883,0.014331194,0.13090947,34.82368,0.08833987,-4.3573923,-1.0936077,18.882656,0.63215685,0.9420382,6.7490253,-10.290247,20.127596,0.0038023617,0.012124374,0.008890664,2.6785715,1.3761468,0.053333335,0.024944384,0.65333337,0.5041384,-57.076412,s,Ses03M_script03_1,Ses03M_script03_1_M037
354,32.378727,0.10878049,31.932781,33.120586,34.668755,2.7359734,69.06848,65.03548,47.041138,33.136604,0.081259064,0.49505922,0.04651396,0.0693288,0.11573122,0.06921726,0.81646967,0.49434322,0.6768789,0.5527855,0.01170879,0.5174685,26.187918,0.4042191,-1.9276658,-4.390876,14.759311,0.5577739,-6.305668,-0.9951998,0.023026986,1.701577,1.1703607,0.95471466,7.2463408,0.3095431,1.2434633,3.9626238,21.13821,0.40732375,542.3626,0.3015207,1375.5011,0.11750438,-139.82637,-0.61235815,1635.5615,0.11498116,1015.4135,0.2559236,-142.8452,-0.5644145,2674.012,0.10158191,970.8229,0.3255641,-144.70677,-0.5410023,-13.586342,-0.3001756,21.737888,0.3666242,0.021682799,0.72678506,-0.0062122196,-2.1707256,0.016801443,0.36413124,32.18892,0.19482143,-2.0833962,-4.4242296,21.17515,0.5180649,-8.769544,-0.8872074,-10.3283,19.385912,-0.00087805296,0.012006545,0.009599121,3.8793104,2.6431718,0.11,0.11647604,0.21142857,0.22535232,-52.24824,o,Ses03M_script03_1,Ses03M_script03_1_F031
355,25.703632,0.080688804,23.963837,25.876337,26.646263,2.6824265,27.803886,9.723006,117.265175,142.15941,0.062936634,0.38055128,0.04577622,0.050211366,0.08013875,0.034362532,0.31452298,0.20944037,0.24429333,0.14918555,0.010889186,0.5658528,28.607925,0.17932278,-3.007681,-1.4443614,11.2669525,0.766134,-7.017316,-1.2993608,0.012648691,0.4239217,1.3059801,0.41222227,2.6985672,0.5924341,2.5251977,3.4500523,24.162403,0.28663653,466.73248,0.40956065,1334.3622,0.0890448,-179.55069,-0.329713,1430.5071,0.12567076,1071.2024,0.12923694,-180.25587,-0.31496063,2529.419,0.088553846,888.16327,0.27812487,-181.57318,-0.29245558,-14.117514,-0.27966017,28.355825,0.1399108,0.03004201,0.71044385,0.004272631,2.2787273,0.02118229,0.2853364,35.93419,0.09204082,-0.8652922,-5.9297886,12.68031,1.0874699,-9.651777,-1.1948601,-11.304667,21.80108,0.0026995158,0.012544558,0.009619277,1.5384616,0.776699,0.1325,0.07189402,0.90599996,0.47153366,-55.13491,s,Ses03M_script03_1,Ses03M_script03_1_M038
356,32.49017,0.098593704,29.446005,34.29733,34.91825,5.472246,0.0,0.0,-0.26210532,0.0,0.07974417,0.6751198,0.046254307,0.05310183,0.09522637,0.048972063,0.2800956,0.2822081,0.41797704,0.007365182,0.014717371,1.1986036,27.58103,0.30527446,3.0409548,2.1236167,10.00411,0.42928365,-19.052044,-0.83495456,0.03684817,0.6736917,1.1004045,0.8600341,6.826069,0.5011944,1.0379733,3.373094,32.846954,0.11279816,792.8129,0.1873109,1466.7043,0.1445575,-161.69017,-0.4759424,1819.5623,0.14077711,1483.2299,0.23544343,-164.38792,-0.41955048,2988.9204,0.07871871,833.79596,0.3235606,-164.6052,-0.41632795,-19.603012,-0.099440925,30.970764,0.097343326,0.051898543,0.33194646,-0.04073514,-0.36449993,0.038201954,0.72565806,42.030415,0.10179335,13.588529,0.22679178,3.8138149,0.73644125,-41.8545,-0.25053406,-11.509373,21.238068,0.00010276634,0.00854119,0.008693713,1.0752689,0.5524862,0.38,0.0,0.7,0.22,-47.2452,b,Ses03F_script03_1,Ses03F_script03_1_M000
357,0.0,0.0,0.0,0.0,0.0,0.0,0.0,0.0,0.0,0.0,0.058646966,0.20586541,0.047308575,0.054882526,0.07149157,0.024182994,0.15912797,0.05016909,0.17330389,0.080527134,0.008145268,0.2554351,22.665804,0.15705371,-4.356997,-1.556188,12.302274,0.2462798,-8.931983,-1.1034414,0.0,0.0,0.0,0.0,0.0,0.0,0.0,0.0,0.0,0.0,0.0,0.0,0.0,0.0,-201.0,0.0,0.0,0.0,0.0,0.0,-201.0,0.0,0.0,0.0,0.0,0.0,-201.0,0.0,0.0,0.0,0.0,0.0,0.0,0.0,0.0,0.0,0.0,0.0,0.0,0.0,0.0,0.0,0.0,0.0,0.0,0.0,-9.147073,18.406261,0.0008999943,0.011587542,0.008185387,4.2424245,0.0,0.0,0.0,1.5899999,0.0,-60.64599,oth,Ses03F_script03_1,Ses03F_script03_1_F000
358,23.354794,0.07790179,22.695206,23.227276,25.264292,2.569086,28.553686,0.0,-15.075043,15.022011,0.078744024,0.67044014,0.04476033,0.049717635,0.1080222,0.06326187,0.83575094,0.671598,0.78302187,0.4036448,0.014420049,0.89641947,28.445877,0.3146434,-2.2615192,-2.9695427,13.374797,0.39513785,-6.561556,-1.1681559,0.016202927,0.6541588,0.91710573,0.42628813,3.7057643,0.48445088,2.83428,1.7660586,26.626507,0.31277063,476.58087,0.26097074,1361.6792,0.12698863,-157.13109,-0.5104455,1471.7949,0.13574055,1065.3086,0.19579777,-159.59158,-0.4685722,2605.582,0.085457996,997.42523,0.62239915,-161.49333,-0.4415792,-16.091906,-0.41571015,27.04168,0.22856091,0.02758874,0.46189892,-0.0133260265,-0.84822017,0.033173792,0.4160989,42.364277,0.08614242,-2.6950293,-4.6871815,14.144998,0.47440153,-11.00552,-1.064416,-11.244488,21.931221,-0.0006196849,0.011379214,0.00935453,2.0833335,1.0695187,0.19999999,0.16,0.4733333,0.3151014,-49.44128,ans,Ses03F_script03_1,Ses03F_script03_1_M002
359,40.97406,0.03119336,40.00402,41.470566,41.829247,1.8252258,40.32028,20.844524,158.84517,149.55003,0.08909173,0.45210484,0.05603151,0.07685163,0.12218641,0.0661549,1.0520566,1.0573329,0.67952156,0.3843121,0.014274634,0.67279017,23.956553,0.26144964,-7.0190253,-1.2300289,12.998739,0.7481349,-12.014578,-0.7491153,0.026075508,0.638445,1.3955939,0.287994,5.790558,0.28796184,8.604228,0.7731492,16.268917,0.67765737,650.6188,0.34445292,1339.6373,0.08411176,-187.36496,-0.22487082,1695.8726,0.14789177,1054.4338,0.13530125,-176.52654,-0.31549975,2692.6082,0.09863679,1020.5623,0.19010706,-176.66748,-0.31497487,-11.541161,-0.40840247,19.970694,0.37355173,0.018994126,0.8551472,-0.0013378245,-6.708524,0.017210145,0.47860435,28.00041,0.123976626,-7.468677,-1.1831235,11.416991,0.8488774,-13.526801,-0.8473422,-8.619518,17.560444,0.011367685,0.005241303,0.013939656,3.478261,2.0588236,0.055714287,0.027701028,0.3575,0.27476126,-53.84793,s,Ses03F_script03_1,Ses03F_script03_1_F002
360,28.782768,0.10114433,26.230297,28.81742,31.148327,4.91803,12.179975,5.8795977,33.002163,0.9124853,0.23845647,1.1374086,0.045867298,0.09297865,0.45056394,0.40469664,3.7702456,2.2735176,3.602904,2.4184613,0.06610924,1.4080757,26.569355,0.35399112,-7.310977,-1.460974,13.6216345,0.85213155,-10.845367,-0.8834458,0.021029472,1.4766022,1.4051791,0.7280738,5.026432,0.6925496,2.432974,2.8858976,17.517067,0.43282554,728.9187,0.35115838,1277.2867,0.15207581,-134.85237,-0.678884,1738.9326,0.14101127,968.329,0.24492665,-136.18497,-0.6460813,2773.6438,0.10204922,795.4525,0.4257162,-136.89273,-0.635921,-11.1475,-0.36446902,18.920298,0.29219532,0.053829666,0.37215883,-0.016853793,-0.6017055,0.16265053,0.6268274,34.538742,0.15870927,-12.331436,-0.9465192,13.360667,1.3055779,-18.087374,-0.66024524,-8.665937,17.894985,0.0046885936,0.011811992,0.017513938,1.8306637,1.388889,0.235,0.16204424,0.552,0.43737397,-33.426006,s,Ses03F_script03_1,Ses03F_script03_1_M004
361,41.330605,0.026968863,40.177776,41.257915,42.42344,2.2456627,8.277853,3.2967994,5.5058565,0.0,0.06984404,0.47934827,0.045116358,0.052581795,0.09480518,0.049688824,0.38896763,0.26456767,0.4121351,0.2920504,0.009164009,0.5003437,23.378428,0.3030976,-5.6159425,-1.4832743,11.58084,0.690023,-8.7615385,-0.987455,0.013294742,1.2501233,0.98743176,0.33339924,8.667625,0.27859637,2.8057077,2.9034147,19.271563,0.27514172,757.64276,0.23201028,1451.6056,0.24049824,-175.94016,-0.36554807,1628.2393,0.11721612,1164.2991,0.17200643,-170.82948,-0.39656606,2741.5918,0.086277544,770.0419,0.3974545,-172.27492,-0.37432513,-7.37505,-0.3582555,20.950745,0.22474715,0.014745388,0.91644245,0.0028015573,1.7233328,0.017365882,0.2945977,33.25962,0.10208451,-19.519176,-0.27125356,2.987616,3.7215612,-22.868294,-0.46534717,-9.609528,18.627523,0.0026673763,0.014432419,0.007629792,2.4390244,0.30959752,0.52,0.0,1.3399999,0.04,-55.571507,ag,Ses03F_script03_1,Ses03F_script03_1_F004
362,35.600624,0.15924156,31.71433,37.233055,37.91245,6.198118,128.64426,104.14353,104.769104,62.461426,0.3095496,1.3133241,0.043990254,0.10307918,0.57955056,0.5355603,4.464413,1.455444,2.1130338,0.9355762,0.10464144,1.8928337,24.242289,0.41189888,-10.361756,-1.2712572,11.48026,0.8784296,-20.80673,-0.9124914,0.05108052,1.5265279,1.2528605,0.9327613,6.385502,0.7327521,2.7922568,3.4035285,16.007072,0.7602477,714.3571,0.37617674,1237.8059,0.21292633,-149.83553,-0.57770675,1776.972,0.21623576,929.51825,0.38126034,-140.0927,-0.6293601,2797.5737,0.09968181,779.7831,0.41286507,-140.72005,-0.62042916,-10.377553,-0.69642854,17.182993,0.49106607,0.06990192,0.35846034,-0.01666115,-0.90495485,0.24764249,0.93741655,30.107569,0.30327526,-19.255219,-0.9346926,8.147333,1.4943811,-40.735954,-0.38134828,-8.245879,17.560091,0.007413898,0.012349572,0.040780064,0.99833614,1.1744967,0.25714284,0.23499021,0.57142854,0.4994691,-29.60689,s,Ses03F_script03_1,Ses03F_script03_1_M006
363,36.57175,0.15340787,31.301214,33.45739,42.919926,11.618711,101.438644,88.878555,35.20642,8.976723,0.23840135,0.9765279,0.072180964,0.16821861,0.31462255,0.2424416,8.477991,6.6200213,3.3998291,2.0159752,0.06453148,1.5567986,22.132908,0.31416118,-16.119268,-0.76048034,7.1236467,1.4420547,-15.578652,-0.71668917,0.02182465,1.0317203,1.56793,0.47313842,3.962455,0.7735788,-0.081957035,-100.19179,7.754107,1.1616304,625.8455,0.37282383,1342.9152,0.17279966,-145.22165,-0.58931816,1560.7372,0.1611137,1072.1655,0.20206359,-132.28204,-0.6735441,2621.1296,0.08346043,867.11127,0.5162175,-134.9055,-0.6350298,-3.3897436,-1.3117507,14.17853,0.32062778,0.03782281,0.5397767,0.0011342395,13.259005,0.12345189,1.1060193,24.421669,0.27312094,-23.741486,-0.4980502,1.8567817,4.936307,-23.105667,-0.47702575,-4.883805,14.816465,0.01657765,0.011510263,0.03467764,1.9379846,3.1311157,0.099999994,0.06623821,0.18705882,0.2580644,-36.37353,s,Ses03F_script03_1,Ses03F_script03_1_F006
364,27.44578,0.4007714,18.221756,19.971203,44.25938,26.037624,351.4483,209.13043,18.056496,10.844421,0.105588615,0.31415412,0.07239335,0.10205565,0.13858503,0.06619168,1.030437,0.7257857,0.49673283,0.22128306,0.01798107,0.5116868,26.419031,0.3245958,-3.374139,-3.491626,15.548081,0.71321434,-8.876254,-1.1499859,0.021097327,0.82824486,1.1145092,0.58565176,5.265434,0.9207251,1.9796011,4.3168206,21.25222,0.36850864,620.33905,0.32982373,1346.1298,0.14928211,-136.93826,-0.6184084,1640.1089,0.1278756,1090.7317,0.27726725,-138.51927,-0.5726541,2669.585,0.09044652,932.3234,0.31557757,-139.86311,-0.55541205,-14.740103,-0.30253264,24.613874,0.32717192,0.016961712,1.4968584,0.00038703275,27.59514,0.02118444,0.57520235,29.134604,0.20746055,2.7563004,2.601547,18.234821,0.7000214,-12.480664,-0.901641,-8.229002,16.756815,0.00416267,0.0063905786,0.01656986,4.444444,2.6415095,0.12285714,0.077591285,0.23285715,0.20878658,-48.809788,c,Ses03F_script03_1,Ses03F_script03_1_M008
365,25.537056,0.08084783,24.179132,25.268776,26.491379,2.3122463,209.80716,371.28415,11.864702,8.644293,0.20711163,0.71865296,0.09448804,0.16102108,0.31003082,0.21554278,2.3695629,1.4371957,2.1632352,1.0667042,0.046690926,0.9452127,24.129622,0.53346187,0.15379249,65.709236,30.494728,0.5883038,-12.67462,-1.0567213,0.014057932,0.8994234,1.0813746,0.7370651,5.1783524,0.45468304,5.350731,1.3173295,22.217373,0.4362196,568.8742,0.4203374,1311.663,0.20573162,-98.47318,-0.96643734,1659.6984,0.17363666,812.2761,0.38158226,-101.25851,-0.88436043,2688.9993,0.10115637,823.7677,0.322912,-99.75027,-0.91076314,-13.945152,-0.48430184,20.601393,0.3629621,0.034975834,0.7132471,-0.014904071,-0.81996083,0.07001629,0.6579705,31.69345,0.24623936,-0.14722227,-66.76171,41.55649,0.40679973,-14.808392,-1.0837765,-6.8482604,14.10019,0.011290947,0.00700168,0.020932337,2.8846154,1.6286645,0.322,0.20749938,0.225,0.14829588,-37.411705,q,Ses03F_script03_1,Ses03F_script03_1_M009
366,35.519604,0.09019139,35.06019,35.690323,37.702545,2.6423569,121.830635,67.35726,-9.760793,40.54806,0.15810184,1.0644977,0.06480211,0.0938492,0.18601298,0.12121087,4.3695617,3.1295686,2.569934,2.0691442,0.036916055,1.7819666,22.92674,0.30302948,-11.619974,-0.9254471,11.784069,1.0062592,-10.497279,-1.067559,0.030647304,1.1442633,1.380988,0.41782194,4.1965046,0.51908666,-1.5020862,-4.9817114,15.546841,0.5264024,751.7673,0.33988357,1388.7408,0.16386011,-154.02074,-0.51241356,1750.8547,0.15646628,1153.3386,0.29724824,-152.94368,-0.5048152,2759.9336,0.091096364,1027.7201,0.33907506,-154.24368,-0.48617312,-7.3076954,-0.7904551,17.821363,0.38418677,0.033976417,0.47226584,0.0010744936,12.536993,0.06750692,1.3251203,27.017067,0.21051595,-13.652896,-1.1231194,8.451559,1.9466369,-19.157703,-0.68915725,-5.7498293,14.86777,0.010644039,0.008282856,0.027120588,1.3586957,2.754821,0.081999995,0.053065997,0.23636363,0.20877446,-39.89673,c,Ses03F_script03_1,Ses03F_script03_1_F009
367,24.599564,0.1355293,21.900675,23.503555,27.314194,5.413519,19.978537,2.5759778,21.840782,19.821949,0.18294978,0.6198777,0.074037366,0.17356046,0.2728839,0.19884652,2.5967727,1.548882,1.8084633,0.96316737,0.040246394,0.9115234,24.139565,0.58953196,-0.71058124,-17.691444,18.986494,0.79840666,-5.869963,-1.601976,0.02189712,0.8164506,1.3207521,0.7851543,3.723032,0.62894094,5.146918,1.0816076,21.634666,0.31898963,527.5098,0.3791792,1309.097,0.15617841,-114.31288,-0.82335967,1563.3748,0.14398512,950.5846,0.33526006,-116.26773,-0.7705233,2597.0383,0.09038635,877.49677,0.33079758,-117.597176,-0.7486879,-12.101332,-0.45197955,20.150562,0.31054515,0.036665317,0.4713852,-0.008150444,-1.5287336,0.064317785,0.6047895,32.65762,0.28565788,-2.578133,-4.51657,26.14103,0.62322223,-6.6880803,-1.7908325,-6.170375,14.643014,0.0092127295,0.007828051,0.02200768,3.3898304,2.4137933,0.17714284,0.09269217,0.18875,0.18831076,-40.587456,o,Ses03F_script03_1,Ses03F_script03_1_M011
368,33.57014,0.0777185,31.646355,33.29677,35.22339,3.577034,36.52507,21.962904,66.43604,37.553932,0.119006194,0.7886507,0.05357039,0.089345574,0.1621164,0.108546,1.5951078,2.0442648,1.2795569,1.2464299,0.02528268,1.5286449,28.32485,0.25837559,-8.223111,-1.7461201,12.866071,0.6874529,-11.989024,-1.0254092,0.019403001,1.5291103,1.5071274,0.6983356,5.7714553,0.45074418,1.982089,3.5269377,15.053604,0.6854443,677.6905,0.28989947,1361.7744,0.14763804,-140.15224,-0.612985,1645.085,0.11739112,1132.2969,0.19085854,-139.08421,-0.60712934,2721.233,0.07312703,934.56256,0.35902852,-141.72614,-0.5692084,-8.250586,-0.8028421,19.855152,0.32550004,0.020996109,1.2290454,0.0033457528,3.5809865,0.034649726,1.2129352,31.810276,0.15961967,-14.922983,-1.0811421,10.54708,1.0562278,-18.165127,-0.76871514,-10.072785,19.38658,0.0052754134,0.007961025,0.020747263,1.891892,3.038674,0.09363636,0.086578675,0.17923076,0.19715129,-42.985813,o,Ses03F_script03_1,Ses03F_script03_1_F011
369,27.342363,0.19224359,23.70134,27.224102,31.595493,7.8941536,71.1357,57.15817,75.2048,35.502865,0.24201931,0.70841557,0.08760759,0.21333306,0.3382932,0.2506856,3.5218122,2.322777,2.7193925,1.3274447,0.07039996,1.0551738,26.600113,0.44247514,-3.5442896,-3.8172708,13.94082,1.1640009,-15.246269,-0.83335793,0.0391315,1.5929935,1.5218456,0.86890817,3.7579846,0.6926578,6.2334394,1.1268173,21.926392,0.39420414,599.8234,0.3728531,1335.3904,0.14246832,-114.41215,-0.8131642,1629.1664,0.15671168,966.305,0.29896873,-114.8974,-0.7789404,2719.7498,0.10178687,847.0952,0.31381285,-117.062584,-0.7434239,-10.818745,-0.5537557,20.283117,0.38760668,0.041936018,0.5869294,-0.008780537,-1.2686718,0.096876174,0.8451838,32.05276,0.29670534,-4.226643,-3.2619882,18.060163,1.1689397,-17.966816,-0.789191,-8.141029,16.25818,0.020255424,-0.0012721496,0.050515268,3.7383177,2.8481014,0.14999999,0.14749764,0.162,0.13113351,-36.960964,ag,Ses03F_script03_1,Ses03F_script03_1_M013
370,32.86515,0.22328599,36.022125,36.100235,36.75372,0.7315941,457.90778,0.0,3.4854412,0.0,0.06539276,0.2947063,0.047375023,0.06028283,0.080504455,0.03312943,0.35830328,0.2541678,0.2545766,0.13825999,0.009455444,0.28828833,24.447153,0.37957773,-1.9261886,-4.243885,11.352051,0.6464967,-10.516775,-0.7206162,0.013721496,0.9182896,1.1760712,0.4078876,3.5236387,0.48615953,-0.1769398,-45.463806,20.87327,0.4464046,623.8142,0.28023607,1465.6132,0.16041102,-187.55472,-0.2491664,1618.8964,0.1300804,1358.5619,0.17866424,-188.43614,-0.2308134,2608.2046,0.1078062,1155.7474,0.15068154,-188.87418,-0.2230028,-10.046729,-0.5054033,20.723473,0.3371265,0.024215978,0.56751823,-0.003193525,-2.3140354,0.012441209,0.24204843,34.694637,0.047169443,-11.813064,-0.76693857,3.5054233,2.363517,-15.740077,-0.454274,-10.572315,19.438486,0.0029029234,0.008407797,0.009343829,2.484472,0.9463723,0.056666665,0.018856179,0.97999996,0.18457156,-58.033627,q,Ses03F_script03_1,Ses03F_script03_1_F013
371,30.555805,0.15173423,27.970509,30.199644,32.09217,4.121662,210.99329,273.18066,62.503662,10.164457,0.21827392,1.0248722,0.047779173,0.10278096,0.44055057,0.3927714,4.162134,2.1377947,2.3844192,1.1479293,0.053779244,1.1564339,27.664421,0.30828956,-7.4754915,-1.5262221,14.310756,0.8635112,-15.089554,-0.7305966,0.018993938,1.5294032,1.2563772,0.75643337,5.314341,0.5615045,0.36786893,32.112522,13.913582,0.6507677,664.41833,0.36537325,1288.0212,0.15060529,-134.71797,-0.6621061,1657.342,0.16111706,999.61206,0.22024055,-131.0347,-0.6725722,2699.33,0.10302505,786.38495,0.27775925,-133.22456,-0.64050806,-8.978505,-0.5108993,18.149378,0.3664866,0.043937743,0.49086744,-0.010972875,-1.0052514,0.09529332,0.70681226,31.849167,0.2417512,-13.920431,-1.0140193,10.872873,1.0024077,-21.048744,-0.5474383,-10.847677,20.794989,0.007970472,0.006049585,0.030979717,1.7994859,2.8720627,0.11636364,0.10940107,0.23200001,0.22085291,-36.522373,ans,Ses03F_script03_1,Ses03F_script03_1_M015
372,38.96701,0.05972656,36.735287,37.99339,42.11218,5.376892,48.59716,67.17251,14.037473,7.651234,0.101950236,1.2924293,0.046169396,0.07077765,0.10905595,0.06288655,1.2723916,1.7294135,2.0866082,3.1321008,0.021179823,2.4130487,26.22519,0.29615936,-4.770638,-2.4162097,2.314212,4.6448636,-10.910544,-0.93649375,0.02231982,1.0772227,1.4142904,0.48992887,6.913109,0.33025473,-0.061395008,-167.66306,23.35706,0.36285463,621.8197,0.29365712,1486.656,0.18573645,-168.79613,-0.41566196,1562.3293,0.11847918,1202.1561,0.25087148,-156.81158,-0.48955932,2688.1096,0.07990416,942.8972,0.33352154,-159.86061,-0.44656384,-10.108073,-0.41699776,25.042309,0.23796628,0.030692661,0.5924271,-0.0024735597,-3.3855252,0.038039915,2.2839715,32.40606,0.16636698,-12.03855,-0.8854086,-3.986595,-2.4523873,-20.44944,-0.37798613,-9.842842,20.695448,0.009963295,0.008473607,0.015932998,0.78585464,1.984127,0.103,0.0981886,0.31416667,0.23750293,-43.07487,q,Ses03F_script03_1,Ses03F_script03_1_F015
373,28.64242,0.105158694,26.317793,28.559513,30.19666,3.8788662,61.507435,39.378624,160.73904,203.88037,0.24048759,0.89646417,0.059012186,0.17074388,0.36850563,0.30949345,3.9495783,1.9289376,2.323475,0.76044595,0.063659206,1.3279653,16.699242,0.9129472,-1.6690071,-9.599496,12.660113,1.1659735,-12.769701,-1.1018671,0.04728889,1.4624598,1.3807758,0.47488302,3.8916464,0.6319127,1.8333325,4.293161,17.308228,0.6172277,604.8915,0.40991816,1317.3253,0.17029572,-153.23132,-0.5307195,1677.445,0.18544957,890.8963,0.30075172,-150.76845,-0.5271272,2686.285,0.11367296,854.4294,0.337177,-151.27356,-0.5205107,-10.867709,-0.55958045,17.473131,0.3260408,0.035623748,0.52243817,-0.012185191,-1.5516865,0.122422084,0.95366913,26.224962,0.32047424,-2.3319087,-8.107062,22.573362,0.67121357,-18.523367,-1.21874,-3.7024133,11.3616295,0.015349201,0.0063093924,0.043850385,2.1333334,2.1621623,0.1125,0.07189402,0.2922222,0.25887698,-36.712933,ans,Ses03F_script03_1,Ses03F_script03_1_M017
374,44.24395,0.06876756,41.04177,44.301514,46.02031,4.9785385,108.53591,123.398735,39.619843,14.405211,0.07805833,0.3971662,0.04904886,0.07098177,0.10057937,0.051530514,0.55344176,0.23728903,0.39448383,0.19893067,0.012830063,0.5719315,25.055882,0.34464657,-4.7378945,-2.346606,7.489668,1.1449502,-11.507894,-0.7202288,0.023636036,0.66602176,1.3778089,0.48772338,7.439849,0.2703686,7.3505907,1.3858991,21.186525,0.3061353,639.3229,0.2778946,1371.8037,0.15181199,-177.90013,-0.32591528,1657.7928,0.11284776,1093.7184,0.1659492,-167.29262,-0.3947631,2693.5393,0.069767475,1011.411,0.25580522,-168.89034,-0.37165186,-9.351984,-0.5184817,20.76666,0.25961372,0.026884316,0.48418418,0.0026659097,3.8175678,0.020883586,0.3710901,29.821077,0.12593435,-15.881997,-0.6873576,4.552174,2.7465172,-19.09091,-0.30459586,-10.37481,20.34859,0.009237281,0.0064535174,0.011110245,4.0880504,2.5559106,0.061249997,0.079755485,0.27444443,0.2673371,-54.496426,o,Ses03F_script03_1,Ses03F_script03_1_F017
375,21.988276,0.1823076,18.729744,20.6551,24.689774,5.9600296,359.04663,395.6974,27.538914,14.490506,0.10964473,0.64534324,0.046924602,0.09276485,0.15946445,0.11253984,1.4474947,1.1316009,1.3404576,1.263194,0.023622302,0.9328485,25.2266,0.46819124,1.7872907,5.283224,16.712587,0.827558,-8.6986685,-1.5720083,0.0242372,0.77246183,1.1370791,0.6434782,2.9723415,0.59874195,6.3608217,0.65324247,27.573124,0.21852061,564.8765,0.3780028,1364.9939,0.14537086,-149.67273,-0.55182517,1601.6588,0.20532441,1051.9639,0.33645767,-152.95674,-0.50490147,2702.0886,0.10366968,880.87585,0.34943563,-154.26103,-0.48586947,-15.260562,-0.37678856,24.835182,0.25487545,0.01932439,1.0999745,-0.011408081,-1.2744808,0.03992981,0.7078081,34.30624,0.22019652,5.7250743,1.4714632,21.145466,0.8637655,-14.4641285,-1.1330769,-9.607865,17.65193,0.0026798048,0.0068736025,0.018009901,2.9780567,1.7377567,0.14181818,0.16235864,0.3783333,0.4113967,-46.03153,o,Ses03F_script03_1,Ses03F_script03_1_M019
376,24.264204,0.10268388,22.518154,24.551748,26.491894,3.9737396,59.39931,93.845314,28.864033,22.788992,0.18320572,0.7723019,0.059932854,0.13794729,0.29972392,0.23979107,2.7413857,1.229309,2.0309138,1.3640635,0.03843326,0.93919235,28.25737,0.39355418,-3.211852,-3.5593896,21.708925,0.67409563,-12.559505,-1.2514406,0.01856253,1.2976025,1.1867112,0.70792115,4.033519,0.52724415,6.130968,0.78479886,20.98977,0.44169706,538.3577,0.4132071,1300.7292,0.17123121,-100.10506,-0.95297444,1581.8086,0.17542183,957.9213,0.34378886,-104.07613,-0.86847293,2621.6328,0.10413324,815.22565,0.31187403,-105.33333,-0.8461479,-12.500973,-0.52214944,20.509914,0.36068186,0.028744869,0.6965192,-0.015218284,-1.0254066,0.054153517,0.6749159,33.850845,0.22052391,-4.442282,-2.922464,24.968208,0.651108,-16.107645,-1.2152584,-9.415047,16.99107,0.0053560073,0.0042331186,0.021941379,2.7929156,2.1189337,0.23419355,0.2105871,0.22399999,0.2383918,-40.191376,o,Ses03F_script03_1,Ses03F_script03_1_M021
377,41.720886,0.113416076,36.558258,44.19464,45.391933,8.833675,161.7727,253.08554,28.772884,43.884464,0.082414165,0.6591978,0.049329005,0.06758597,0.105207354,0.05587835,0.9149211,0.93043774,-0.21914046,0.6147353,0.015122726,1.501095,25.766104,0.24261558,-4.940806,-1.7109773,9.646257,0.98435545,-15.54922,-0.6059283,0.01887414,0.9952562,1.1820866,0.36932674,8.00635,0.39073017,9.48303,1.2691842,22.9566,0.38796937,689.2516,0.25457445,1367.048,0.16551109,-162.86472,-0.46395832,1712.6613,0.1312126,1051.0525,0.22426416,-156.44818,-0.48694795,2782.7092,0.089623876,965.9709,0.38723323,-158.22517,-0.46135238,-12.163719,-0.38311103,22.25367,0.32934886,0.02819751,0.65141225,-0.0013696434,-6.2849417,0.022541432,0.71241194,30.563301,0.14456062,-11.972391,-0.7821843,4.0265517,2.501658,-23.401634,-0.35876969,-10.695679,19.58896,0.010134998,0.0067280703,0.011403265,1.1641443,1.6393442,0.13571428,0.114873484,0.42333332,0.5754843,-50.08616,o,Ses03F_script03_1,Ses03F_script03_1_F019
378,26.7727,0.18011566,23.320747,25.764616,29.208908,5.8881607,176.69077,147.34094,12.247355,10.102596,0.21182019,0.7807055,0.0955602,0.1513486,0.3026498,0.2070896,3.0718274,2.4628184,2.535725,1.6174717,0.053229604,0.9935742,25.214453,0.4681135,-2.554401,-5.189782,21.086018,0.76353747,-15.375778,-0.8975911,0.020167695,1.0620091,1.2625551,0.5898877,4.547873,0.5505459,4.954942,1.2432551,22.801685,0.45623034,558.47723,0.37785006,1342.3274,0.18045098,-121.801575,-0.75435364,1623.0001,0.18146807,920.8819,0.27028567,-123.138725,-0.71045804,2686.1892,0.113365866,829.5651,0.32606894,-123.964905,-0.6971347,-14.376789,-0.5413887,22.198946,0.3370386,0.03520506,0.5763788,-0.011551331,-1.2639395,0.07175367,0.7576908,31.389603,0.22797729,-0.06600849,-203.19511,25.511648,0.6259362,-17.05355,-1.0031147,-7.9550104,15.920014,0.014687056,4.0530937e-05,0.04100632,3.6166368,2.7422304,0.14266667,0.1322355,0.202,0.18666188,-38.54281,ans,Ses03F_script03_1,Ses03F_script03_1_M023
379,39.12858,0.22804394,28.05427,43.535988,46.263554,18.209284,42.445816,51.470833,32.71977,31.790956,0.1563664,0.621634,0.088505566,0.12864725,0.1916144,0.10310884,1.6732416,1.1139431,1.1875457,0.99799603,0.030087803,0.91871345,24.65412,0.36276978,-9.166211,-1.444083,4.3537965,3.0152364,-18.698008,-0.6242564,0.019857114,1.061224,1.3418306,0.54887795,6.740357,0.5063207,5.8990355,1.0819163,20.041166,0.4773839,690.94476,0.3354384,1310.4342,0.14534688,-130.05157,-0.69730896,1680.0532,0.1608186,1117.076,0.27547395,-115.202126,-0.77288413,2739.367,0.09890252,853.729,0.28199032,-117.96661,-0.7274389,-8.869628,-0.69951606,20.939837,0.28105304,0.037039857,0.5874116,-0.0019012599,-11.4050045,0.042195868,0.8475715,27.002985,0.28710222,-10.6672325,-1.3616271,1.6560458,8.809306,-22.963606,-0.526965,-6.7702875,17.243214,0.018078228,0.0068340525,0.020024408,1.6091955,3.2634032,0.13,0.108298525,0.18249999,0.16713892,-41.02284,s,Ses03F_script03_1,Ses03F_script03_1_F021
380,25.866291,0.19954006,18.694782,26.770012,31.228455,12.533672,49.059223,0.0,42.09517,0.0,0.14548387,0.9909791,0.04485276,0.09514505,0.20911673,0.16426396,2.4740884,1.9505874,2.509556,1.6602076,0.03760953,1.4710945,29.545519,0.36145598,-4.239842,-2.2113876,6.400566,1.3060659,-18.164698,-0.8670755,0.019603087,0.89031076,1.4072996,0.5830691,3.4452667,0.86473334,2.0142963,3.0270178,22.062866,0.33675343,615.561,0.3073162,1359.0819,0.086396195,-157.64282,-0.4973921,1566.6951,0.2073134,1236.8909,0.26724175,-159.16959,-0.4707753,2746.8599,0.050884806,847.9984,0.41911814,-161.45251,-0.43956795,-10.498746,-0.3967562,24.322859,0.2319004,0.031937372,0.69899404,-0.021548081,-0.6134605,0.102794714,0.81766546,37.436344,0.12360229,-5.7871256,-1.4275879,0.32658505,28.202133,-40.48944,-0.43500826,-11.033785,22.234337,0.0039126324,0.004733619,0.020037793,1.8018018,1.8433181,0.11,0.11768602,0.32799998,0.27337885,-39.964336,q,Ses03F_script03_1,Ses03F_script03_1_M025
381,34.990536,0.098971486,33.93599,35.762413,36.927307,2.9913177,50.16138,49.780605,44.88114,10.505461,0.0816203,0.3927523,0.052927222,0.076189294,0.10421463,0.05128741,0.60395753,0.27015215,0.34134415,0.21211083,0.011134401,0.4121801,24.580229,0.33519873,-7.466345,-1.1630856,18.586,0.66597885,-12.908686,-0.82381254,0.027392525,0.74922854,1.1941094,0.40286005,5.2543483,0.3388003,4.2334323,2.6848192,13.571493,0.5519879,574.9439,0.302326,1413.7285,0.17925945,-171.91093,-0.374289,1629.8816,0.123004474,1074.4338,0.31384203,-165.52647,-0.4140118,2622.1443,0.07649851,954.10834,0.33098918,-165.46474,-0.41328537,-9.544373,-0.495201,16.081474,0.37249014,0.016563565,1.4267857,-0.001082493,-8.6834135,0.015761886,0.227167,29.68224,0.15853621,-13.174022,-0.8418739,22.708357,0.80232173,-22.574991,-0.52407646,-8.598114,16.468563,0.008350364,0.0071086306,0.010125564,3.10559,2.2082021,0.07285714,0.050628696,0.30875,0.31970444,-55.154503,ans,Ses03F_script03_1,Ses03F_script03_1_F023
382,41.53679,0.08346928,38.088867,40.622074,44.437466,6.3485985,52.002834,41.151974,13.731996,8.175078,0.0891029,0.53734976,0.046416946,0.073202975,0.12408545,0.0776685,0.9886373,0.56770074,0.43170595,0.34479427,0.01521829,0.8103694,26.813803,0.15829727,-8.763809,-1.028631,14.75658,0.5810681,-12.751203,-0.69542694,0.016669536,1.0220393,1.2370325,0.41689453,7.2256956,0.30780315,7.896509,1.2651852,15.664082,0.31563425,630.4533,0.36775208,1378.7026,0.17563602,-157.67128,-0.495893,1660.4539,0.115284026,1027.2422,0.19967195,-139.72801,-0.60538286,2626.3835,0.089434214,1077.5133,0.41368726,-141.27272,-0.5839942,-9.099917,-0.35487893,16.549908,0.31749985,0.0314008,0.7608247,-0.0039872047,-2.5895796,0.02496022,0.5831389,27.781254,0.18945128,-16.538626,-0.5500877,11.9966,0.7206405,-15.576604,-0.64273936,-11.609668,19.6184,0.0037993987,0.005218581,0.01043138,3.0812325,2.2727273,0.1325,0.074119836,0.25444445,0.31134516,-51.454014,ans,Ses03F_script03_1,Ses03F_script03_1_F025
383,36.505203,0.115867876,33.486095,35.511284,39.96187,6.475773,57.57714,40.550766,57.025387,48.571987,0.17652225,0.80500567,0.04791637,0.120485246,0.3061385,0.2582221,2.5427878,1.113989,1.2665796,0.9574924,0.049696673,1.1052184,28.844746,0.2435003,-1.844766,-6.257496,4.7535973,2.2632046,-17.134108,-0.88587695,0.0305981,1.0153483,0.95446396,0.69786066,7.402419,0.4196137,5.3118677,1.8687711,29.554655,0.22494268,688.53925,0.3159591,1381.8206,0.17427011,-120.53036,-0.77411026,1684.4833,0.14777784,1264.5292,0.32916597,-115.777916,-0.7594188,2782.0085,0.0837271,890.36993,0.2173145,-120.00872,-0.6953069,-14.517583,-0.40397874,28.811468,0.23190035,0.04837513,0.5414791,-0.008146539,-1.3668839,0.086229436,0.64343673,31.882717,0.24823174,-0.15988982,-95.05657,-1.4068072,-8.262387,-25.68464,-0.6626823,-11.516621,22.30404,0.0008708607,0.0068135704,0.019095616,2.3529413,1.6,0.285,0.32958305,0.25399998,0.28018564,-38.68278,q,Ses03F_script03_1,Ses03F_script03_1_M027
384,37.74201,0.121086195,32.232536,38.728752,41.3618,9.129265,54.23165,58.487206,37.25028,26.683487,0.085135385,0.4802867,0.047923107,0.07055998,0.11999868,0.072075576,1.5338027,1.288937,0.72445786,0.45685294,0.014622484,0.8777062,23.71424,0.31603083,-7.289829,-1.0468699,10.611824,0.6746481,-8.304835,-0.99232894,0.020022675,0.74690694,1.3147042,0.46621212,6.1281776,0.41500866,2.2134836,4.2235093,19.68482,0.33096796,590.8661,0.31897575,1384.6803,0.14356722,-177.70593,-0.33677498,1549.7356,0.14630969,1199.0377,0.20818342,-170.0357,-0.38929552,2644.2688,0.07430718,993.8765,0.26858598,-171.28246,-0.3699008,-11.460014,-0.6752733,22.394356,0.39542267,0.015689736,0.9440706,-0.0013291325,-8.078402,0.026531613,0.5518653,30.088345,0.25337294,-6.675216,-1.8794737,8.322746,1.2091559,-16.169785,-0.673754,-7.6199183,16.527386,0.006374095,0.012045397,0.01235025,3.097345,1.3422819,0.114999995,0.08789197,0.5214285,0.48888877,-51.336864,ag,Ses03F_script03_1,Ses03F_script03_1_F027
385,34.69785,0.19170462,28.865883,33.01438,40.314896,11.449013,327.48596,392.14832,121.29027,139.94969,0.43966627,0.818029,0.12562849,0.34029144,0.7492084,0.6235799,7.7895007,7.1715164,3.1217456,1.9544973,0.13991147,1.371834,19.867395,0.4758515,-14.719008,-1.1969246,4.170465,4.021752,-15.837781,-0.99284947,0.03354444,1.3862253,1.3533589,0.7429526,4.095755,1.0771788,0.9963127,9.308164,14.953604,0.81318223,776.6267,0.36718935,1228.926,0.23679845,-92.30239,-1.0592927,1772.9213,0.1717016,946.1338,0.32467976,-90.66257,-1.026702,2802.6443,0.10495124,869.6201,0.34808478,-92.79637,-0.9860529,-5.42815,-1.3538396,15.582147,0.5552118,0.05110947,0.43627825,-0.0044652713,-2.4929278,0.17663538,0.84006834,24.1046,0.32164997,-18.129131,-1.0110966,1.6572284,11.497845,-18.930275,-0.8827298,-3.5410638,13.335986,0.025455303,0.0074115694,0.096616894,2.0833335,2.1052632,0.26,0.22320394,0.17636363,0.20100984,-29.963799,s,Ses03F_script03_1,Ses03F_script03_1_M029
386,23.614578,0.14962618,20.597881,22.578888,26.330452,5.7325706,193.81035,196.75323,28.19019,11.435202,0.10357329,0.78358155,0.044623777,0.061942443,0.1522662,0.10764243,1.4025081,0.8083711,0.9913821,0.6487899,0.021658301,0.80198485,29.25739,0.3246239,-3.127931,-2.5245183,11.515037,0.77518904,-8.711029,-1.4392718,0.02597419,1.6933552,1.3030587,0.7662143,2.8360822,0.9185527,4.8587503,0.7632217,22.27008,0.33989537,503.59143,0.35884416,1349.7399,0.14510004,-151.87363,-0.54257196,1446.4237,0.16352347,1059.5682,0.20223795,-152.38232,-0.5292583,2585.6672,0.09877095,840.36115,0.30530432,-155.45186,-0.48527053,-11.345826,-0.38012978,24.356916,0.20475093,0.02001501,0.8884386,-0.0088414205,-1.4672976,0.03786715,0.43600637,38.226475,0.18757083,-6.3018775,-1.6799848,8.027328,1.6784852,-17.253984,-0.979854,-12.672068,23.686876,-0.0073258244,0.011130257,0.016422343,1.8621974,1.8796993,0.122999996,0.09466256,0.387,0.4626889,-45.476723,s,Ses03F_script03_1,Ses03F_script03_1_M031
387,31.872448,0.00945561,31.620407,31.861755,32.086704,0.46629715,14.007302,0.0,15.193476,0.0,0.08858234,0.62332857,0.053722925,0.062409032,0.11988875,0.06616583,1.2091362,0.5917803,0.6184289,0.61799663,0.019393032,1.1296034,21.681734,0.3503631,-0.2804574,-24.151676,15.713384,0.41193062,-4.221069,-1.5858417,0.023225112,0.35648835,1.4492134,0.24985713,6.4599195,0.14995947,14.202329,0.17947097,29.928135,0.1227632,612.4741,0.37683925,1595.6036,0.12918474,-188.56613,-0.23859465,1600.0428,0.08211224,1100.194,0.083018124,-188.56216,-0.23003009,2595.7559,0.09495962,1268.2213,0.29307592,-189.0132,-0.22114074,-16.944239,-0.18453261,27.403753,0.11562377,0.030104874,0.5070589,0.008374289,0.7349011,0.068868175,0.35552284,35.761143,0.15314172,-0.46155545,-5.039777,24.033907,0.28871906,9.092206,0.90570253,-10.88354,19.92386,0.0001900911,0.010134061,0.014041357,1.5873016,0.5434783,0.12,0.0,0.84499997,0.125,-47.414207,s,Ses04M_script03_1,Ses04M_script03_1_M000
388,41.70944,0.10006715,37.271454,42.86342,45.6446,8.373146,143.19151,160.38046,21.154402,8.279458,0.46086046,0.66468084,0.15354969,0.4162834,0.7226439,0.56909424,7.584064,4.805584,5.791451,2.7874033,0.19346206,0.9163397,23.03774,0.49878064,-13.737779,-1.0692263,11.692239,1.4022021,-19.969362,-0.82551676,0.03488433,1.4666959,1.1631614,0.6699795,9.04318,0.38694885,9.196103,0.80974644,16.673815,0.682094,746.603,0.37454405,1310.7017,0.18267764,-101.18777,-0.8909681,1743.6929,0.1410348,1055.6421,0.29609287,-85.88132,-0.9886995,2767.4805,0.10794981,992.9366,0.2935764,-89.19514,-0.9241055,-10.290348,-0.7365347,20.067818,0.44547457,0.065715335,0.43128,-0.003825794,-3.9127707,0.26174653,0.6624759,25.285336,0.39993998,-17.464941,-0.7596622,12.378977,1.3831143,-25.755327,-0.6296606,-4.9117455,16.452099,0.021584874,0.010479535,0.08904888,5.084746,1.7421603,0.354,0.18423897,0.16499999,0.1461449,-28.337852,s,Ses04M_script03_1,Ses04M_script03_1_F001
389,30.834213,0.13574293,28.391628,29.504482,29.992413,1.6007843,131.40796,115.71832,-3.264586,8.896491,0.18149026,0.57230824,0.081262365,0.15403654,0.26785874,0.18659638,2.6423337,0.6780486,0.8464241,0.42341205,0.042392705,1.2948858,19.377193,0.41495803,-2.3751447,-4.2001524,17.077808,0.66308326,-7.571303,-1.2688501,0.025429176,0.6534661,1.2010494,0.40586054,5.2399397,0.22790276,5.205132,0.80278236,17.830845,0.35688943,775.2996,0.30137312,1329.5743,0.13561876,-158.692,-0.45422658,1754.2856,0.13002896,1034.2513,0.17276454,-154.0751,-0.4761733,2695.1753,0.08812948,978.83154,0.32162037,-154.41983,-0.4716198,-12.205585,-0.46476117,19.85386,0.336713,0.023895295,0.8759163,0.0040318635,2.0953884,0.04631157,0.3475222,22.550087,0.48689058,2.9006305,4.007551,26.223192,0.45985964,-1.5462315,-5.2390594,-6.7055926,16.161701,0.012041929,0.009619719,0.034095332,3.267974,2.7027028,0.0875,0.061796036,0.20799999,0.18956792,-41.08806,s,Ses04M_script03_1,Ses04M_script03_1_M002
390,46.6928,0.051654287,44.51967,46.161633,47.88898,3.3693123,54.917168,24.136108,-18.020851,29.977331,0.27317098,1.155039,0.051471286,0.0972036,0.5877861,0.5363148,6.007012,3.4201412,8.793338,5.1062045,0.15575533,1.4940889,22.083866,0.3685949,-4.988844,-2.3086793,11.444269,1.1800717,-15.448299,-0.8643384,0.062356133,1.2477086,1.3730404,0.47368333,11.042886,0.19167641,4.346835,2.2319713,10.210707,1.4128782,994.05536,0.20928213,1318.0485,0.19398233,-157.63263,-0.47632238,1898.2064,0.08007406,994.2233,0.20450579,-154.73782,-0.48806086,2968.5864,0.08408328,1058.7861,0.3079346,-156.13815,-0.4683806,-13.334743,-0.50041056,22.585453,0.2941878,0.09372947,0.3515308,-0.0037688923,-4.790556,0.43659225,0.46041936,21.88281,0.35748637,-16.679314,-0.98679066,5.6857977,4.067504,-27.503813,-0.49715722,-10.9464,20.293108,0.012562635,0.008410808,0.06025553,3.0303032,1.0362694,0.24499999,0.074999996,0.4633333,0.4030991,-28.007065,q,Ses04M_script03_1,Ses04M_script03_1_F002
391,26.221624,0.116440065,21.749718,28.135826,28.47657,6.7268524,67.57853,0.0,-3.6703825,0.0,0.08411212,0.57569414,0.048398722,0.06275335,0.12406739,0.07566866,0.97867376,0.87863594,-1.3401039,1.6567023,0.016479112,0.84694326,27.836422,0.26361582,-6.826884,-1.3149217,19.842365,0.44135737,-4.8838587,-1.0347754,0.023352979,0.69656134,1.245319,0.27594474,4.660103,0.33093804,8.633267,0.30628163,20.380617,0.17087045,529.36005,0.38410607,1276.502,0.14787991,-183.7159,-0.27648228,1581.8926,0.09550009,863.2548,0.13432585,-184.64145,-0.25927773,2632.1553,0.086356066,1083.5294,0.2660682,-184.91473,-0.2546496,-14.76345,-0.24217257,22.190449,0.20734368,0.01398273,1.601258,-0.008538191,-1.2674667,0.023823448,0.41720805,34.89141,0.067472875,-6.664693,-0.836118,33.102154,0.19241382,-0.9359531,-5.017909,-11.932631,20.964865,0.0033236279,0.005874636,0.014415608,2.314815,1.421801,0.053333335,0.012472191,0.47,0.4993496,-51.81537,s,Ses04M_script03_1,Ses04M_script03_1_M004
392,38.671646,0.10037202,34.891693,38.24119,42.531677,7.639984,45.30825,18.53615,20.117025,9.472646,0.31851867,0.9428695,0.056008358,0.21930104,0.59154207,0.5355337,5.1353307,3.926802,4.6189947,2.4348285,0.10095427,1.2397763,22.106379,0.40197474,-8.472752,-1.5525358,12.883366,0.9415652,-12.998721,-1.183816,0.01797341,0.8609269,1.094138,0.66545385,8.112872,0.30648896,5.3177094,1.1493684,16.94196,0.43893915,657.6369,0.3974235,1411.7501,0.17169084,-129.78918,-0.6989269,1647.7347,0.1471519,1103.0507,0.2530286,-114.818344,-0.78586775,2676.2583,0.13057135,959.1165,0.36953932,-116.77772,-0.7556996,-8.67819,-0.6436898,19.39982,0.36784327,0.047870953,0.38869166,-0.005417425,-2.2198002,0.19563203,0.6640398,25.008615,0.3742207,-13.828297,-1.0862296,8.506322,1.679853,-24.019138,-0.65750974,-8.528489,18.812172,0.0018538354,0.011498519,0.021695698,3.1468532,1.4234875,0.3175,0.18280795,0.35999998,0.33815676,-32.304432,s,Ses04M_script03_1,Ses04M_script03_1_F004
393,37.37617,0.12769498,34.46418,37.51708,39.160168,4.6959877,173.4478,176.25479,337.35367,457.71313,0.1492712,1.0058519,0.04701463,0.07731736,0.26420614,0.21719152,2.1085687,1.5420331,1.1928684,0.4784898,0.043870546,1.4578501,28.240196,0.3361327,-8.96668,-0.94349045,14.728002,0.5114542,-10.105133,-0.9995946,0.044681083,1.4783946,1.5264429,0.4520806,3.116237,0.6499419,4.655979,1.8050996,22.05461,0.3159134,746.5323,0.3010245,1232.1064,0.1355727,-178.21893,-0.34134397,1799.9283,0.16162044,1047.8295,0.30599964,-170.71506,-0.38704795,2772.4392,0.08011971,740.8455,0.24358857,-171.54738,-0.37450588,-8.582781,-0.4242083,20.652517,0.23399554,0.058490515,0.22887108,-0.017461656,-0.6908884,0.15266484,0.45052603,40.04886,0.11015426,-19.812693,-0.3930122,3.525299,1.9864557,-25.345425,-0.2741003,-9.793474,18.859621,0.005829633,0.009312979,0.023354836,1.1185683,1.357466,0.10833333,0.05669117,0.60499996,0.31282315,-39.52224,s,Ses04M_script03_1,Ses04M_script03_1_M005
394,43.705566,0.08118178,40.094673,43.85704,46.843697,6.7490234,45.311447,21.79554,25.129206,26.963806,0.56944644,0.8877111,0.08305335,0.4371693,1.070356,0.98730266,10.23509,5.7206907,9.335086,5.6180234,0.22217694,1.2124128,16.606283,0.5280709,-17.080572,-0.7974775,8.871608,1.8514472,-23.529099,-0.77421623,0.0123657035,1.0580585,0.7980311,0.5846121,9.120323,0.45876995,8.467117,1.1000712,14.762702,0.6027834,722.21906,0.3494944,1342.6843,0.2188583,-144.21268,-0.5995495,1714.3206,0.1326934,1091.1653,0.20828806,-122.10432,-0.7300926,2728.7732,0.09156422,938.636,0.33824563,-123.70515,-0.7055129,-6.0101123,-0.8773042,15.101854,0.401947,0.07073163,0.36283857,-0.0011448093,-9.167423,0.3819731,0.7578812,16.172539,0.47487304,-24.906006,-0.5535661,0.31110305,56.737263,-35.12806,-0.5105475,-4.983774,13.039519,0.022558654,0.008785038,0.112661496,3.0864198,2.1943574,0.18142857,0.10602271,0.25142857,0.23424217,-25.63895,s,Ses04M_script03_1,Ses04M_script03_1_F005
395,28.753365,0.12309113,28.85428,29.471668,30.265873,1.4115925,27.581224,4.4052277,73.0311,8.430111,0.10757606,0.5095205,0.06508689,0.09348573,0.13722198,0.07213509,1.052031,0.73868054,0.7310526,0.52227944,0.022466436,0.8821357,21.801226,0.37351853,1.1313782,8.369724,18.122677,0.50756085,-7.185511,-1.2359298,0.020978982,0.4306458,1.4785922,0.40600306,4.332118,0.5161411,6.883428,1.2871954,27.437332,0.23887008,613.578,0.3560164,1485.7834,0.32199213,-167.85686,-0.41244408,1616.049,0.13943753,1050.1368,0.17767614,-168.67752,-0.3870673,2620.918,0.085392915,914.59265,0.17025617,-169.36922,-0.37666315,-15.961788,-0.29131556,24.162043,0.21203469,0.028585557,0.6222725,-0.0021802152,-7.4283366,0.04293552,0.3914842,28.478533,0.28181675,4.421735,1.5350351,23.866695,0.38892227,-9.05501,-1.5644109,-9.762433,17.935911,0.0072634122,0.009173904,0.017569024,3.649635,1.858736,0.086,0.056071382,0.35833332,0.3519667,-47.13698,q,Ses04M_script03_1,Ses04M_script03_1_M006
396,40.445515,0.108369276,36.116318,40.225803,44.993435,8.877117,54.71855,16.516289,29.675808,6.218704,0.40170985,0.94408095,0.11997107,0.28486288,0.58335835,0.46338728,5.2128673,3.219347,5.1112604,3.0559871,0.16604173,1.5207211,20.409033,0.57278955,-8.114036,-1.8735243,11.197045,1.5346551,-19.07333,-0.86786574,0.022532517,0.79705554,1.3004245,0.6382982,7.4870753,0.37692213,8.366328,1.0396788,18.981333,0.4254743,750.94946,0.33429375,1306.31,0.1573631,-113.13542,-0.80044484,1728.2932,0.1295175,1082.6897,0.2801934,-101.00774,-0.87490165,2782.2578,0.09479089,926.5527,0.32092804,-104.31764,-0.8168457,-7.336233,-0.79636866,19.603573,0.31807652,0.061009638,0.35096103,0.00028349145,54.539555,0.26717916,1.1307309,23.618546,0.40174037,-16.456882,-0.8945251,6.026135,3.3496268,-28.245832,-0.52424634,-8.175719,16.35905,0.016457818,0.0054888586,0.053479742,2.4054985,2.4475524,0.21142857,0.15207408,0.15375,0.12154603,-27.39616,ans,Ses04M_script03_1,Ses04M_script03_1_F007
397,27.797888,0.15577933,23.758835,27.465965,32.40646,8.647625,-0.8357457,0.0,10.051145,0.0,0.1404881,0.69268113,0.072376505,0.10546592,0.19739555,0.12501904,1.547934,0.9554329,0.77235705,0.5730445,0.029141402,1.0684891,26.469501,0.3833213,-6.75828,-1.3663186,19.049387,0.45822784,-7.4584093,-0.95760536,0.013631545,1.1161883,1.2228118,0.5012233,4.4369173,0.43741292,0.15495147,47.228134,17.758331,0.3729643,565.25726,0.39309323,1329.1853,0.17243369,-133.3174,-0.68057436,1584.8958,0.14980471,1022.2127,0.21347196,-132.59387,-0.659081,2569.8767,0.09145224,1022.2963,0.25494644,-134.60233,-0.62928313,-12.055779,-0.31080958,20.167126,0.21240734,0.03521437,0.5051439,-0.0088331085,-1.3245655,0.051037796,0.7811184,34.857037,0.18443349,-10.089772,-1.0254492,18.873999,0.5478525,-8.718945,-1.0011989,-8.780116,16.384802,0.01013543,0.008151998,0.017194256,2.580645,2.173913,0.156,0.11697862,0.282,0.5136497,-43.264397,q,Ses04M_script03_1,Ses04M_script03_1_M008
398,38.009598,0.061818603,35.918335,38.065475,39.947807,4.0294724,24.909616,11.066927,9.276123,36.514927,0.21649934,0.7524754,0.070550956,0.16639096,0.3527521,0.28220114,3.173353,1.6101278,2.5241592,1.5215244,0.061278116,0.9698024,27.983383,0.41537297,1.0763131,9.1798315,8.528906,2.178625,-15.696041,-1.0822313,0.023347855,1.4881781,1.0844862,0.6370189,9.2021265,0.34258983,9.872048,0.68797797,31.153988,0.2934691,698.0922,0.29220107,1374.5465,0.118993625,-117.76108,-0.76682955,1738.6393,0.15328582,1122.2672,0.4331474,-108.96041,-0.7815794,2884.5747,0.07434535,976.3203,0.31551784,-113.97335,-0.7045237,-14.872654,-0.33526555,29.23468,0.2844939,0.04847418,0.42870733,-0.016501937,-0.9092025,0.096827626,0.6247351,33.56797,0.31162205,1.2470634,8.020676,-0.20404531,-91.957016,-25.250254,-0.6511225,-10.726399,20.074162,0.006265385,0.0052831736,0.02432764,3.7037036,2.1943574,0.22714284,0.15617885,0.20571429,0.24598823,-35.152832,ans,Ses04M_script03_1,Ses04M_script03_1_F008
399,33.25136,0.2691792,20.75314,33.918552,43.01328,22.26014,321.8161,0.0,146.25226,0.0,0.12844712,0.78481084,0.05863274,0.10336874,0.16894537,0.11031263,3.5464358,4.2693925,1.8005623,2.7352057,0.03241584,1.4393585,25.422266,0.5484079,-0.52819854,-19.200031,16.74285,0.51394105,-11.13641,-0.8333601,0.028796202,0.9446596,1.5512773,0.45214167,5.0947037,0.5126147,9.18143,0.76746655,15.602125,0.6615748,630.90356,0.33451986,1437.7828,0.14895636,-185.96945,-0.25351074,1625.2017,0.11127077,1040.3109,0.1425498,-183.63754,-0.2701632,2602.5657,0.06524362,1060.6154,0.11190688,-183.73944,-0.26788545,-9.050206,-0.43049246,16.595833,0.4042552,0.041278064,0.48872247,-0.002441128,-3.4329882,0.08139385,1.2918315,22.159336,0.46801648,-6.083236,-1.5892131,23.248373,0.5918311,-17.964441,-0.68652,-12.178014,20.870434,0.014530762,-0.0020111878,0.02815803,2.1164021,1.6304349,0.046666663,0.004714045,0.4075,0.20265426,-42.546467,c,Ses04M_script03_1,Ses04M_script03_1_M009
400,39.88474,0.13913043,34.46034,40.21722,45.433056,10.972717,56.173492,25.69194,69.42048,32.767757,0.3660662,0.7614679,0.119853765,0.2643671,0.6287347,0.508881,4.671665,2.0532088,4.5900087,2.2214952,0.1572475,1.0984681,25.522516,0.5249229,-5.900981,-2.3791063,9.143429,1.4842588,-18.663944,-1.0299529,0.062793694,1.4495738,1.4447905,0.6315253,7.096879,0.5169263,9.237537,1.0667651,21.465101,0.46267968,748.6394,0.3130017,1358.1577,0.24639219,-121.64025,-0.7384104,1702.4944,0.1322407,1069.1901,0.21814345,-113.92994,-0.75552374,2791.5557,0.096258655,892.81915,0.3636141,-117.26647,-0.703512,-11.148615,-0.61999166,22.156382,0.3809081,0.06586301,0.3940456,-0.012351197,-1.4395325,0.25581604,0.719431,25.58135,0.44422814,-9.393427,-1.7658377,4.6162252,3.4488485,-26.145693,-0.850874,-10.214917,19.280903,0.032149192,-0.00029918953,0.070959136,3.3444817,3.0612247,0.14666666,0.051639777,0.17625,0.1998085,-29.986872,o,Ses04M_script03_1,Ses04M_script03_1_F009
401,23.905573,0.06630119,22.062706,24.615255,25.4332,3.3704948,24.211273,26.099808,30.301401,20.547369,0.08979735,0.32422876,0.06475574,0.08301996,0.11306869,0.048312955,0.4183981,0.23245883,-0.0762362,0.41928992,0.015480557,0.3381419,29.418531,0.24201076,-2.416381,-2.804259,19.743073,0.5278376,-8.080043,-0.9434369,0.009962514,0.8667987,0.950132,0.48929983,3.8453045,0.6650169,-4.942023,-1.1250917,19.767626,0.28287718,526.96136,0.31538844,1408.5767,0.15024047,-166.64955,-0.43155128,1638.0851,0.15697229,1036.4796,0.3933104,-168.20885,-0.40212494,2610.0088,0.09593247,1116.3851,0.40792617,-168.57996,-0.39653316,-15.811254,-0.29854792,23.282223,0.24229401,0.03380019,0.40644863,-0.008765463,-1.1512762,0.017793782,0.23344533,34.61453,0.114996225,-2.2642694,-3.138567,28.932377,0.44764814,-14.163524,-0.5579235,-12.490577,20.8597,0.016005127,0.0035157723,0.014904356,3.0054646,1.6620499,0.095,0.10515861,0.4157143,0.32631522,-51.73824,q,Ses04M_script03_1,Ses04M_script03_1_M010
402,34.81342,0.020566015,34.055805,34.860046,35.481647,1.4258423,82.52952,100.034386,1.6279097,8.567664,0.13283515,0.7577295,0.060954884,0.09037497,0.1892071,0.12825222,3.110008,2.2440999,1.7019091,1.1895555,0.027311211,1.0615922,22.606112,0.41822642,-0.66993165,-13.967669,12.284161,1.0290458,-6.4298215,-1.5118098,0.0161072,0.8403958,1.1205299,0.8644598,9.414505,0.29150578,9.258509,0.81913215,25.753012,0.22885424,740.4888,0.28728315,1450.0974,0.17200084,-156.70412,-0.49218267,1834.7678,0.099658266,1090.2812,0.34597275,-158.45378,-0.4623684,2851.6885,0.07991462,982.1267,0.2711845,-159.9791,-0.4413564,-16.836145,-0.3918506,25.597641,0.32417032,0.033060707,0.4488253,-0.009889226,-1.2765367,0.061212584,0.6095484,31.78515,0.20977545,0.8190886,14.5320835,22.057781,0.68806314,-14.464707,-0.8794612,-8.966231,18.060583,0.0036504178,0.0060335863,0.016829608,2.9739776,1.1363637,0.20333333,0.09177266,0.48999998,0.50862557,-42.124393,ans,Ses04M_script03_1,Ses04M_script03_1_F010
403,30.09117,0.09942494,27.704596,30.008915,32.417492,4.7128963,53.833225,45.20377,67.38688,80.81519,0.15778834,0.7298313,0.052229736,0.13106391,0.24165438,0.18942465,1.4994888,0.64720225,0.9103423,0.725099,0.037911188,1.0464058,26.441,0.4000252,-3.6990016,-3.4229636,19.81549,0.59619606,-8.64242,-1.2673216,0.016658392,0.83323205,1.2361487,0.4865658,4.676278,0.61488533,3.2979946,2.6487951,18.6585,0.5000938,589.29047,0.38795623,1294.9573,0.1696191,-144.08833,-0.59506845,1633.8927,0.1748199,992.1099,0.24849506,-143.99876,-0.56893784,2613.2815,0.10252993,875.1401,0.30655792,-144.6878,-0.5592499,-12.620235,-0.43660736,19.956242,0.31360734,0.03709208,0.5201496,-0.009573388,-1.8385782,0.06491845,0.6046967,33.10365,0.26448286,-6.822374,-2.2939396,21.03929,0.70510155,-12.455593,-1.1299729,-10.482847,18.597017,0.011044657,0.0064921253,0.025970377,1.9040904,1.910828,0.15148148,0.15784904,0.33892855,0.3532334,-41.69468,ans,Ses04M_script03_1,Ses04M_script03_1_M013
404,42.274097,0.1006419,38.190323,41.133923,48.161953,9.97163,21.49115,6.165584,19.708984,8.5652,0.40153292,0.8699756,0.049397226,0.32220542,0.6720425,0.62264526,8.039548,5.255233,6.733701,3.4581835,0.13350469,1.2004125,22.447496,0.3965913,-14.338841,-1.0379416,5.232359,3.1761508,-21.436785,-0.710931,0.017989919,1.4044932,1.1053554,0.6281855,8.96302,0.40050557,5.9033313,1.4307566,19.594406,0.3899155,767.6178,0.28893584,1357.2959,0.18377459,-94.72466,-1.0049901,1697.5261,0.091661625,1085.986,0.29310307,-86.167816,-1.0396911,2754.9058,0.07529495,968.8707,0.37747443,-91.572525,-0.93043303,-6.7033863,-0.7917315,19.880022,0.3125108,0.058992773,0.46466672,-0.0021358198,-6.0612063,0.19908077,0.8595034,22.790781,0.38661277,-22.469069,-0.592364,0.55851316,31.153198,-29.279667,-0.47912174,-10.5604315,20.242538,0.012206194,0.010276865,0.03705271,3.6931818,1.7291067,0.34166667,0.27966744,0.21333334,0.20507449,-30.180107,o,Ses04M_script03_1,Ses04M_script03_1_F013
405,41.12297,0.12394768,36.052322,37.978867,46.471237,10.418915,400.4649,0.0,-94.61289,0.0,0.09547044,0.671905,0.046853382,0.07152641,0.14702065,0.100167274,0.84792393,0.75451684,0.5352661,0.3646454,0.023934567,1.0679882,27.487926,0.30090335,-2.6517248,-2.7580223,18.00874,0.589475,-9.259446,-0.7956989,0.041878834,0.3548922,2.1088653,0.21969359,6.6780105,0.40493813,12.055426,0.78143877,15.954561,0.4661761,868.6767,0.36835998,1158.1354,0.13494584,-196.85321,-0.1139786,1898.497,0.14889263,1044.2697,0.4502094,-195.00087,-0.1401952,2859.3345,0.12950887,1035.1735,0.22552587,-195.07323,-0.13905676,-10.717707,-0.43595502,20.118158,0.40252376,0.06399043,0.35062453,0.0035274401,3.2174706,0.058657635,0.35823798,23.579723,0.41303763,-7.120226,-1.4313781,17.535536,0.517286,-12.125454,-0.31822157,-11.852118,21.210562,0.016053319,0.005878529,0.023112444,1.2722647,1.0309279,0.022499999,0.004330127,0.74,0.6214821,-47.27612,ag,Ses04M_script03_1,Ses04M_script03_1_M014
406,38.35764,0.09913282,35.235153,38.731094,40.589066,5.3539124,82.802864,60.445915,36.40325,39.767574,0.32142165,0.8698568,0.0634028,0.23765433,0.58078635,0.5173836,4.5844893,2.7979457,4.1714487,2.0673013,0.0914396,1.238989,24.785952,0.38918707,-6.9185944,-2.10509,6.7249823,1.8184714,-17.497953,-1.0888743,0.026886169,1.935323,0.9145267,0.6780059,9.033428,0.38199964,5.703572,1.8837663,20.227274,0.45593745,690.42505,0.3686904,1366.6589,0.20952876,-106.501945,-0.87707007,1668.1464,0.18049353,1181.288,0.31370088,-96.18084,-0.924809,2790.7827,0.11345358,965.8294,0.43002635,-100.3401,-0.8497714,-10.462629,-0.6704728,23.494,0.3191937,0.042876285,0.38766137,-0.009664742,-1.316404,0.1448296,0.8445374,28.853718,0.31822902,-9.861625,-1.760626,2.7554593,4.8328247,-27.305134,-0.7229601,-8.542382,19.271042,0.0053323647,0.012259466,0.022557672,2.529183,1.3752457,0.4057143,0.43084162,0.29857144,0.3894842,-31.092447,q,Ses04M_script03_1,Ses04M_script03_1_F014
407,31.776308,0.039144255,31.119106,31.393288,31.840168,0.7210617,58.07478,53.436764,15.683304,11.267035,0.13515958,0.80935466,0.04986549,0.07239989,0.2421612,0.1922957,0.80263966,0.5092048,0.809763,0.43144727,0.030604608,1.2438534,24.312122,0.5069385,-1.0068758,-7.8939633,14.868988,0.27320692,-7.56609,-0.758794,0.012179675,1.2159991,1.1857817,0.82728606,7.4744444,0.33189583,1.5409869,4.6627803,22.45048,0.4648622,678.73236,0.30756742,1320.0518,0.117850885,-158.82556,-0.49429533,1693.2173,0.14609931,997.07385,0.15756765,-156.50935,-0.48791292,2744.8638,0.10209064,732.0127,0.27834162,-157.73628,-0.47124568,-15.130722,-0.19793884,23.470938,0.16400981,0.04879979,0.43043572,-0.0077147493,-1.0762537,0.07394945,0.48320296,39.5134,0.11821168,-4.023119,-1.8902465,15.665578,0.37866595,-6.658535,-0.85708004,-9.445827,17.470505,0.0041248417,0.008868025,0.017258912,1.2658229,0.862069,0.275,0.235,0.5733333,0.3886158,-40.59614,ans,Ses04M_script03_1,Ses04M_script03_1_M015
408,41.99991,0.107504256,37.765587,41.63539,45.19224,7.426655,60.92614,41.25243,95.18519,122.110405,0.27936387,1.0406204,0.048255313,0.15312938,0.5414444,0.4931891,6.165773,2.8115988,4.6042066,2.148676,0.11316313,1.3295525,23.49418,0.4717766,-6.2878456,-1.9865988,7.0119433,2.2514784,-13.622735,-1.3763511,0.02603854,1.6912487,1.1406883,0.60620666,9.163627,0.39101565,9.735693,1.1874971,24.047146,0.35521224,726.79913,0.3270247,1363.8419,0.18269135,-144.1328,-0.5973997,1670.0002,0.1191278,1126.7153,0.22558784,-131.77534,-0.6558309,2801.5571,0.10331275,852.0104,0.36305523,-135.36314,-0.6046812,-9.06348,-0.7569399,23.786133,0.34696898,0.06354968,0.42994213,-0.0049909777,-2.4193513,0.25178698,0.61450124,26.722124,0.40950042,-15.217471,-0.93273693,-5.877484,-2.8447998,-27.91232,-0.80732375,-10.663778,19.489265,0.008827259,0.009743673,0.03279976,2.1875002,1.904762,0.18666665,0.14452988,0.27142856,0.41728473,-30.912344,q,Ses04M_script03_1,Ses04M_script03_1_F015
409,24.890438,0.07605184,22.485733,25.75723,26.199392,3.7136593,7.2969885,1.9994287,10.377501,8.893523,0.0926151,0.5945141,0.046436958,0.07971275,0.12697497,0.08053801,0.99928236,0.8473665,0.44670197,0.25054878,0.016881483,0.6955115,31.146772,0.24499221,-4.781562,-1.4315268,14.374332,0.54000586,-9.926871,-0.7509622,0.008208797,0.8466524,1.1279926,0.5465088,4.12027,0.45785615,1.352514,3.4115734,19.155903,0.3270551,566.0454,0.3249161,1370.4777,0.1302392,-150.87964,-0.55847365,1601.1624,0.15483736,1156.7484,0.19959758,-153.37077,-0.5164671,2603.6685,0.0977498,942.69257,0.33488813,-154.85312,-0.49519727,-13.21752,-0.23951991,21.8283,0.16411471,0.03186181,0.44572914,-0.01351539,-0.82582825,0.024960635,0.56170815,39.201702,0.081335895,-10.1428795,-0.6901023,12.274163,0.8167227,-16.886047,-0.4807284,-12.987218,22.14723,0.008557289,0.006007253,0.014411026,1.7142857,1.7391305,0.13333333,0.11770962,0.35999998,0.2873027,-49.236576,ans,Ses04M_script03_1,Ses04M_script03_1_M016
410,40.463394,0.1263466,35.862656,40.238518,43.60875,7.7460938,45.771465,22.754496,32.849693,5.7516913,0.2638199,0.88605696,0.059099693,0.18230812,0.46820343,0.40910372,5.170951,2.9804728,4.0625157,2.0929124,0.087255895,1.2623818,25.839857,0.34980482,-6.0009155,-2.5873628,3.9581406,3.4177005,-13.959673,-1.3454571,0.037690926,1.7907649,1.1621037,0.7098585,8.807288,0.33778706,4.8553405,1.721316,24.874815,0.36056718,768.30383,0.26380348,1412.142,0.15904613,-115.680466,-0.7988373,1717.5082,0.118796766,1160.0334,0.29572582,-108.38142,-0.8217077,2913.1875,0.07838766,887.52185,0.33342966,-114.01233,-0.7309679,-11.17928,-0.76910406,24.946133,0.33220667,0.04443231,0.58827454,-0.005525253,-2.615629,0.1395636,0.8769108,28.950716,0.32753378,-9.590202,-1.8555098,-1.2559876,-10.20248,-24.113531,-0.83791184,-9.747665,21.46838,0.007086677,0.011924133,0.03523703,3.3854167,1.5831134,0.31166667,0.171213,0.25571427,0.2555586,-33.95631,q,Ses04M_script03_1,Ses04M_script03_1_F017
411,26.235622,0.093811356,22.652777,27.08726,28.459198,5.8064213,39.73218,0.0,-0.9854369,8.054199,0.08830407,0.59863555,0.0492036,0.072461314,0.10676713,0.057563532,0.93714565,0.48309565,0.23299682,0.09848756,0.019292805,1.1779021,25.258963,0.40914008,2.1611362,3.742806,15.546027,0.5003396,-11.7689295,-1.0575042,0.01577902,0.789368,1.4805722,0.39009434,2.48383,0.47673765,-1.8451883,-2.649729,19.11275,0.18495046,552.1276,0.28556865,1309.0674,0.1279376,-169.88068,-0.42181233,1576.9861,0.17353936,995.8104,0.19553614,-171.24127,-0.39094555,2612.135,0.08242847,895.79736,0.43275946,-171.97437,-0.3792708,-18.426306,-0.18031833,25.278702,0.13644062,0.03896868,0.3433096,-0.034071878,-0.602676,0.05581783,0.67713004,39.05051,0.1358938,-1.0486584,-5.5400066,11.828108,0.9337038,-32.892105,-0.47025776,-11.481771,19.581825,0.004795196,0.00844055,0.012181689,0.7575758,0.7722008,0.195,0.105,0.71666664,0.23156473,-47.516617,ans,Ses04M_script03_1,Ses04M_script03_1_M018
412,39.89185,0.14781989,34.91889,36.70558,47.53919,12.6202965,38.711975,2.1752853,35.07733,4.2238545,0.23920992,0.8302019,0.055643894,0.17699365,0.44309068,0.3874468,2.8860424,1.8021492,3.3978117,1.213866,0.07044917,1.0894492,22.846838,0.45377672,-3.3338487,-3.590045,13.406029,0.8693287,-10.538773,-1.3140179,0.06067967,1.7471577,1.1850384,0.5489777,8.15327,0.22647575,11.862382,0.68823284,19.96681,0.35378233,622.7062,0.37857538,1268.0234,0.15355344,-109.10824,-0.8718015,1653.6672,0.090637796,874.4137,0.20620677,-105.89281,-0.846977,2684.7988,0.07858369,935.11194,0.44433007,-109.07217,-0.7957984,-10.9796295,-0.52355695,19.960623,0.37879804,0.05518312,0.526478,-0.009163779,-1.2961725,0.12179016,0.6382068,23.667309,0.45063818,-6.916173,-2.172928,15.104914,0.95111674,-14.170558,-1.1769984,-10.484684,18.959692,0.009434008,0.007182914,0.018368857,2.6431718,1.3513514,0.3733333,0.13597386,0.2575,0.19765815,-35.997643,q,Ses04M_script03_1,Ses04M_script03_1_F018
413,28.919386,0.074542485,27.160906,28.451004,31.25718,4.0962734,30.562214,11.846647,67.178764,85.0396,0.11946975,0.7971844,0.046664663,0.08122197,0.18641865,0.139754,1.3638327,0.89750445,0.8415781,0.52762103,0.02684883,1.0380144,27.68896,0.35518205,-3.110652,-3.4727004,19.60116,0.4842535,-7.4388986,-1.3737162,0.02047426,1.4435866,1.2621253,0.42964673,4.0308123,0.55780417,-1.6412876,-3.000202,16.307627,0.46952727,553.88934,0.3780587,1322.9795,0.17172083,-160.41287,-0.47963616,1605.6118,0.16252503,1005.4121,0.25881365,-160.95615,-0.4582165,2600.3223,0.09766102,846.58417,0.29855403,-161.39265,-0.45166478,-13.677008,-0.39791563,19.391273,0.24127686,0.035930045,0.45530024,-0.01559694,-1.219456,0.061978813,0.48800275,37.622257,0.12631598,-10.288429,-1.2630008,25.139412,0.49266985,-13.066345,-1.1833781,-11.418476,19.79621,0.008485282,0.008067985,0.017471313,1.6216217,1.3605442,0.148,0.12867013,0.51454544,0.45768908,-44.031906,ans,Ses04M_script03_1,Ses04M_script03_1_M019
414,36.125446,0.075975664,33.41692,36.442383,38.936394,5.519474,37.055065,15.989129,25.709871,15.665697,0.2656639,0.74034464,0.0855034,0.22002815,0.4296779,0.3441745,2.7420447,1.617704,3.1914365,1.4909769,0.06929072,0.9167787,26.663229,0.42699283,-4.3038697,-2.987894,11.940788,1.2800355,-12.12959,-1.0014669,0.016974173,1.2393187,0.936969,0.6641679,8.845253,0.30666634,8.84132,1.1809193,20.574085,0.48037776,616.79193,0.33838233,1428.6833,0.17181061,-105.71858,-0.8850481,1616.8702,0.14049405,1064.6792,0.27899247,-91.57068,-0.96364826,2667.723,0.10486108,934.5424,0.26583537,-95.668526,-0.8875495,-11.718635,-0.5801267,23.48515,0.40337762,0.046556987,0.44649056,-0.005356827,-2.3059173,0.09925051,0.6405374,31.428255,0.32483867,-8.44091,-1.4769225,11.499985,1.6484944,-14.465424,-0.89971423,-9.648661,18.751,0.010944441,0.0067675887,0.024137516,3.533569,1.438849,0.405,0.304754,0.26999998,0.24135035,-34.750763,o,Ses04M_script03_1,Ses04M_script03_1_F019
415,30.010775,0.12572807,26.508043,30.069536,32.491505,5.9834614,76.09628,86.35762,39.96334,49.16276,0.15613706,0.63429505,0.05964706,0.13447876,0.2364552,0.17680815,1.8458015,0.96609634,0.9572437,0.71031445,0.036203187,0.87457955,27.202772,0.3897049,-1.7064646,-6.782192,19.757269,0.7305361,-9.85647,-1.2167486,0.014382943,0.92938477,1.2444155,0.50471234,5.109156,0.46511573,3.5823793,2.5173378,19.782738,0.38394594,662.23254,0.37020516,1315.7714,0.18166101,-125.04664,-0.73923916,1709.368,0.14697495,1009.44977,0.32182392,-125.27155,-0.70001096,2684.224,0.090760924,904.63464,0.26754403,-125.99338,-0.6891944,-12.23481,-0.41363525,20.527327,0.28950584,0.038961336,0.49814287,-0.010367144,-1.5631596,0.056687035,0.6064718,32.63814,0.2682969,-6.046265,-2.0363672,20.807686,0.88697046,-12.456954,-1.1770732,-11.767614,19.573935,0.008461655,0.0046206913,0.02227932,2.2335672,2.1766965,0.17764705,0.093716055,0.26939392,0.3686991,-41.789032,o,Ses04M_script03_1,Ses04M_script03_1_M020
416,28.96831,0.25483757,22.566969,24.101248,38.277122,15.710154,17.742308,22.142027,14.830921,8.642586,0.11839798,0.7754698,0.047704987,0.09004957,0.17615601,0.12845102,1.4408561,1.0601307,0.90423083,0.7087317,0.027556933,1.2169932,27.332666,0.34533077,-2.7331698,-4.060064,14.995693,0.7113221,-11.125035,-0.973311,0.013865851,0.8656191,1.4381435,0.4753692,4.399182,0.67636245,6.9869075,1.4590709,21.167418,0.33526132,625.0733,0.396679,1342.6782,0.15949312,-155.79185,-0.5164627,1630.7462,0.16916408,1032.2963,0.1880383,-150.06734,-0.5450882,2675.8445,0.10513222,890.2653,0.28739864,-151.5147,-0.5239496,-10.776348,-0.43045843,20.535273,0.27315205,0.03967594,0.50084955,-0.006806904,-1.3970057,0.048585918,0.79390687,32.18678,0.2692342,-11.854599,-0.90968436,12.940065,0.9308573,-19.740374,-0.60875106,-12.490017,21.11744,0.0083594555,0.0045998436,0.020283258,1.5132409,1.9035534,0.128,0.13818826,0.353125,0.53929025,-43.783627,o,Ses04M_script03_1,Ses04M_script03_1_M021
417,42.548817,0.08351599,40.346405,44.160435,45.265892,4.919487,0.27498627,27.290726,25.5307,10.335725,0.2827868,1.0472162,0.046939835,0.12603958,0.5972824,0.55034256,5.400471,2.747162,5.0773664,3.0939472,0.09025341,1.3273509,23.931993,0.28882015,-12.075015,-1.1111789,4.792129,3.0933676,-18.819271,-0.8077045,0.020339735,1.2935302,0.90606123,0.54178125,8.48438,0.49714214,5.074624,1.7079374,15.24938,0.5809603,794.70337,0.2949584,1366.2733,0.15738834,-137.73322,-0.63751173,1706.148,0.14699702,1119.7485,0.24035256,-124.74326,-0.7319474,2828.8909,0.08699281,901.69775,0.3095977,-128.66612,-0.6724583,-4.2205596,-1.2599552,18.072992,0.39071602,0.05538678,0.5175702,0.007301484,1.3163457,0.19353434,0.6486108,22.370964,0.38529482,-24.68502,-0.40293,-1.3650286,-13.308305,-33.175014,-0.29495585,-9.607452,22.009655,0.0060680583,0.014165115,0.024077702,2.0242915,1.2396696,0.31333333,0.2117126,0.3525,0.48375484,-32.77422,s,Ses04M_script03_1,Ses04M_script03_1_F020
418,25.496662,0.1379296,23.819372,25.18912,26.460758,2.641386,306.68283,595.2542,41.136112,45.40192,0.10471418,0.644436,0.047630742,0.0876657,0.15070963,0.10307889,1.8552662,3.3791747,0.9381516,1.1781957,0.021756127,1.0755795,29.118086,0.28812528,-2.3084116,-3.6289876,19.92209,0.5814769,-9.229801,-1.259631,0.01787418,1.8455397,1.2432463,0.5725615,3.5558524,0.5229915,-1.1363894,-9.072458,18.209066,0.45793456,604.0827,0.37007123,1355.445,0.16255857,-132.21388,-0.69296443,1662.2913,0.15139914,1045.2893,0.27534613,-135.48355,-0.6300108,2636.336,0.09933546,948.76636,0.27186245,-136.2332,-0.6194764,-14.658201,-0.3455159,22.28899,0.29099357,0.036874846,0.5523476,-0.013917952,-1.2968032,0.035445817,0.9149663,34.26894,0.20686619,-5.3416357,-1.8419886,20.595387,0.72420585,-15.954153,-0.92506206,-12.717079,21.026043,0.006600771,0.0064437855,0.014516386,1.420839,2.3082147,0.14147058,0.1500614,0.27117646,0.39181903,-46.490124,o,Ses04M_script03_1,Ses04M_script03_1_M022
419,38.84772,0.09016288,35.06914,39.25132,42.369698,7.300556,70.95967,41.168407,9.678192,10.539788,0.28510323,1.0402141,0.046367377,0.1781934,0.4848757,0.43850833,7.839556,4.5726295,6.670622,4.618823,0.08870665,1.3336527,21.763187,0.4369104,-4.152189,-3.4024575,15.99475,0.98131645,-18.006247,-0.9499195,0.018710317,1.3749712,1.0558386,0.6529826,8.978961,0.34967792,10.827378,0.90159345,19.94097,0.4349472,658.6885,0.33565044,1374.5284,0.162177,-134.20566,-0.6650834,1697.3833,0.13699414,1005.62537,0.3148223,-120.67255,-0.73609,2729.0679,0.083962485,1031.5276,0.39303088,-122.05889,-0.71295613,-9.269721,-0.6377471,18.35786,0.4039222,0.04554615,0.43590835,-0.0104909735,-1.1622703,0.1689543,0.79651165,22.156588,0.42116794,-9.966614,-1.8141116,14.098177,1.4515142,-31.030504,-0.5397605,-10.980964,19.630157,0.007280698,0.007966791,0.02738218,2.7713625,1.8583044,0.224375,0.17076917,0.31133333,0.4952961,-32.28765,o,Ses04M_script03_1,Ses04M_script03_1_F021
420,24.271732,0.06026262,22.291672,24.540386,25.12491,2.8332386,26.373358,25.856226,12.883669,8.199165,0.09046922,0.58342075,0.04714851,0.07487746,0.12127835,0.07412984,0.58401686,0.40664512,0.6909285,0.3196892,0.015701754,0.6735721,26.590061,0.3440065,-1.3386837,-7.123093,16.536215,0.53337884,-10.837756,-0.98925096,0.013545249,1.1122789,1.2306118,0.41364968,3.2400033,0.3688942,-0.92108095,-6.1563005,15.034596,0.5116977,576.0064,0.40379527,1316.3342,0.15693247,-150.77348,-0.5593565,1612.92,0.15818487,1173.3832,0.35188845,-153.2603,-0.52128005,2544.0293,0.09187699,922.89276,0.3509308,-154.15231,-0.50779635,-11.66844,-0.3473025,21.137142,0.20772617,0.032002468,0.40287226,-0.009304488,-1.7927105,0.02888696,0.43385145,35.906563,0.20183967,-10.26845,-0.95720214,15.901253,0.8243925,-14.993258,-1.0985234,-12.118117,20.751783,0.0060171173,0.0061446005,0.0115566645,2.201258,1.5974442,0.146,0.19396907,0.38166666,0.46534628,-49.050312,q,Ses04M_script03_1,Ses04M_script03_1_M023
421,40.2538,0.13333286,35.29804,39.17016,45.712444,10.414406,146.50745,188.51277,54.86241,59.90408,0.5867833,0.8188507,0.20691584,0.44669905,0.9574722,0.75055635,8.391368,5.9614697,6.216003,4.4069667,0.2524572,1.2111002,22.18556,0.48034608,-11.384975,-1.390691,10.862736,2.2937007,-26.084799,-0.80197126,0.030177789,1.0652043,1.0931621,0.69619876,7.1671777,0.5205242,7.1541085,1.2586076,18.3561,0.55582786,684.10425,0.3933052,1286.0049,0.21342033,-93.79725,-0.9842591,1748.3259,0.17986768,1027.0284,0.3687784,-80.263756,-1.0318162,2727.07,0.10800854,981.44104,0.3385474,-81.78104,-0.99778056,-8.271755,-0.7415534,19.547926,0.36876452,0.059405003,0.45213225,-0.011411702,-1.2518555,0.33629727,1.012539,24.056234,0.37472776,-16.676458,-0.92824,7.233515,3.776256,-32.500072,-0.6525908,-8.882298,17.064548,0.02899789,0.0011330302,0.10015145,2.7504914,2.9761906,0.21066667,0.11834788,0.111428574,0.13195547,-23.945665,s,Ses04M_script03_1,Ses04M_script03_1_F023
422,33.68832,0.17367087,27.685179,37.309372,38.982407,11.297228,0.0,0.0,-0.615212,0.0,0.106512874,0.5729014,0.05050915,0.08712677,0.15784301,0.107333854,1.1265427,0.72784317,0.76280326,0.51978534,0.022827504,0.847701,28.125101,0.3213939,-4.1368113,-2.1345751,10.551911,0.888689,-12.671937,-1.0373131,0.019549346,1.0936252,1.1822368,0.44089973,5.0701685,0.5200983,-2.1856923,-3.200836,22.710299,0.4614406,676.56805,0.19645461,1323.4746,0.12151876,-180.74593,-0.30849406,1679.8883,0.12547655,1454.9089,0.34736225,-179.88617,-0.30311918,2667.671,0.055722136,764.3541,0.14649118,-180.37317,-0.29533875,-14.108286,-0.19126612,25.556314,0.1502757,0.039268225,0.34021595,-0.02378964,-0.3593997,0.043861285,0.39251676,36.19922,0.059659086,-3.4671488,-1.3697516,8.45345,2.0524163,-31.876347,-0.5288178,-10.773717,21.052454,0.006029561,0.0013472645,0.020619454,2.030457,1.5625,0.06333333,0.04027682,0.415,0.34441978,-47.393703,q,Ses04M_script03_1,Ses04M_script03_1_M026
423,35.32985,0.05924763,33.889847,35.400204,36.53359,2.6437416,19.079794,8.645052,79.40435,99.88128,0.22356397,0.7077754,0.05898356,0.20517425,0.36720723,0.30822366,3.6842659,2.1168194,3.2602866,1.9653118,0.0609474,0.84153074,27.988825,0.36983275,-1.2359786,-9.94247,21.502375,0.7907154,-8.475787,-1.5700922,0.019716742,0.75484353,1.0452915,0.668962,8.478586,0.27559242,13.534002,0.6026822,24.308416,0.30632275,591.33356,0.40139621,1413.7727,0.14964503,-100.27457,-0.94199365,1662.6986,0.11536752,1012.9216,0.5165413,-100.27158,-0.8513829,2675.418,0.10342423,1061.4763,0.28373933,-101.83973,-0.82567734,-13.697215,-0.475731,23.887403,0.31110826,0.04837324,0.40061173,-0.006079568,-2.3645601,0.09233235,0.46414962,33.498936,0.2408632,-6.0044312,-1.9218453,28.08779,0.6756864,-12.133014,-1.1235124,-11.788494,20.21976,0.0028413075,0.0070702904,0.022089384,3.9525692,1.6129032,0.3425,0.22094965,0.204,0.20509511,-36.01471,ans,Ses04M_script03_1,Ses04M_script03_1_F025
424,28.999592,0.19580235,24.377546,27.02726,31.859652,7.4821053,88.50933,108.64802,29.001678,21.494755,0.2051491,0.89484745,0.10617311,0.16139014,0.2648278,0.15865467,4.832166,6.536038,-0.11162118,3.061632,0.055454534,1.6910611,27.110495,0.39716825,-4.652289,-2.5257862,16.457573,0.7886884,-11.370856,-1.0810949,0.01446973,1.1579672,1.1277363,0.7393134,5.081128,0.50528485,0.815082,10.105255,22.341124,0.34856105,696.61237,0.31113675,1437.9723,0.16945007,-124.37599,-0.7293959,1714.6254,0.14820369,1146.016,0.26990247,-125.88886,-0.6800653,2714.7085,0.09380295,1014.05585,0.3012747,-127.63823,-0.65501606,-13.139141,-0.48061994,22.408789,0.28807566,0.03719385,0.6649709,-0.00874354,-2.0439243,0.07096166,1.6447252,33.177246,0.26446337,-3.7783804,-2.9593484,15.88215,0.9974303,-13.617716,-0.9283541,-8.017388,15.628785,0.019499388,0.00333011,0.03816678,1.372549,2.970297,0.12733333,0.0978752,0.18933332,0.22936046,-36.03589,s,Ses04M_script03_1,Ses04M_script03_1_M027
425,37.531315,0.12410783,33.106926,37.10236,41.988945,8.882019,50.63651,31.606758,54.361946,36.873116,0.42486188,0.8782022,0.084983036,0.28996158,0.7631334,0.67815036,8.242862,3.6491456,6.140723,3.4389195,0.16629389,1.3783281,23.35582,0.37404144,-12.103665,-1.1926869,8.496401,2.0261045,-24.020853,-0.9948022,0.023861663,1.0680554,1.2109122,0.7372765,6.794271,0.5021294,3.910114,2.3638709,17.919048,0.6919615,693.22064,0.36508453,1346.4675,0.19282988,-113.58309,-0.8351848,1700.2424,0.17320691,1083.3683,0.21660332,-105.840675,-0.85506415,2769.7722,0.09254105,942.8686,0.38426322,-108.894,-0.80408067,-8.7829685,-0.74575883,21.010775,0.34548968,0.04721697,0.43681762,-0.012764848,-1.2483083,0.26713172,0.99660224,26.194021,0.3338388,-14.33253,-1.1328919,1.3550737,13.426524,-35.84585,-0.7443004,-6.192377,16.015001,0.014150987,0.0075290827,0.06750331,3.0150754,2.2900765,0.2111111,0.16023903,0.20333333,0.3100896,-27.557941,s,Ses04M_script03_1,Ses04M_script03_1_F026
426,24.601654,0.19268104,20.504574,22.546165,28.71958,8.215006,0.0,0.0,-2.05071,0.0,0.048829075,0.18744843,0.044017304,0.0452907,0.050221264,0.0062039606,0.14380784,0.0971862,0.09220437,0.057740107,0.008553066,0.30993873,27.947727,0.12631221,-0.04657696,-63.506294,13.582921,0.23991027,-4.527531,-0.8299643,0.013576575,0.037804015,0.96460205,0.21080932,2.3130019,0.48174438,13.714159,0.26678437,25.168055,0.15918314,960.3475,0.053785138,1502.2451,0.043189857,-195.05534,-0.15601373,1811.1736,0.025482126,1246.479,0.03624875,-195.18115,-0.15246661,2919.3403,0.02410276,594.2346,0.099577464,-195.223,-0.15166417,-13.124501,-0.12999633,22.356892,0.03140225,0.011765013,0.68736506,0.0067859455,0.25857118,0.0098175295,0.08862454,34.50274,0.03523052,-5.7566743,-0.41391635,19.14441,0.16164741,-6.9507146,-0.5211487,-14.292814,24.88777,-0.0046314793,0.01120826,0.008637781,3.5714288,0.5235602,0.049999997,0.0,0.91499996,0.405,-59.027836,q,Ses04M_script03_1,Ses04M_script03_1_M028
427,31.512325,0.13262337,25.987534,32.106705,34.402237,8.414703,52.398388,40.4119,61.341564,29.58554,0.26370376,1.0699209,0.07350898,0.21777888,0.31703198,0.243523,4.2317266,4.3797674,3.2439713,3.9991014,0.09009554,1.810881,31.653984,0.3012309,-7.57213,-1.9660109,10.887859,0.9067914,-18.624847,-0.6668528,0.022561613,1.2938234,1.461594,0.59735584,3.7951972,0.5866781,1.3938669,4.1457987,19.593042,0.4974233,683.348,0.35603574,1297.6803,0.14888561,-103.63109,-0.90704954,1713.4335,0.21114944,1032.1161,0.112778425,-104.30348,-0.84730554,2728.8394,0.109926626,907.1524,0.4874302,-107.59694,-0.79236805,-10.690377,-0.47359115,20.947147,0.27376616,0.042374488,0.3995689,-0.016882323,-0.72086513,0.09742912,1.348922,35.66761,0.2413876,-10.097349,-1.5324183,8.008419,1.1391859,-24.99942,-0.39244887,-12.461512,21.927856,0.015131967,0.0037338785,0.039043516,1.9138757,3.9408867,0.12,0.092736185,0.113749996,0.1331294,-33.527092,q,Ses04M_script03_1,Ses04M_script03_1_M029
428,39.14025,0.09500456,35.315067,39.01811,42.388527,7.0734596,36.205605,13.1107025,62.255108,33.935867,0.28909776,1.0082872,0.052512527,0.23289903,0.44451544,0.3920029,4.4050927,3.0330195,3.143419,1.5903987,0.10362336,1.6062233,25.142181,0.3170715,-6.8391604,-2.155956,14.632101,1.221199,-18.656536,-0.7607384,0.029917782,1.1401039,1.1851292,0.82173413,7.4944625,0.53248554,7.454379,1.111495,18.990414,0.38378662,695.025,0.35320976,1341.6361,0.1360408,-112.6651,-0.8113036,1713.7881,0.1485216,983.4486,0.31484023,-103.2021,-0.84621304,2757.4795,0.10132685,1059.3275,0.45058715,-105.71406,-0.80343384,-10.43763,-0.6577303,21.575232,0.34743032,0.05085083,0.37683195,-0.007423556,-1.4499352,0.16956042,1.2064047,26.475101,0.34280607,-11.563214,-1.55581,12.39117,1.7839862,-25.966644,-0.54731333,-11.654618,19.970713,0.014375814,0.0071561625,0.032111146,2.5454545,2.5925925,0.19714284,0.1978249,0.16857143,0.21390441,-32.450092,ans,Ses04M_script03_1,Ses04M_script03_1_F027
429,34.08864,0.14759225,31.44842,32.568336,39.947514,8.499094,65.430336,0.0,152.1382,106.913704,0.19357415,1.1311332,0.048844516,0.13054067,0.28337172,0.2345272,5.1483493,3.5597148,4.2059274,1.4200553,0.051734,1.4522606,28.378305,0.2605399,-6.6979723,-1.4685472,20.11919,0.731494,-10.111091,-1.079763,0.014059428,0.8308547,1.2327303,0.55981,6.815672,0.5866316,8.489835,1.2361025,18.091553,0.2965234,569.3174,0.32304478,1420.4022,0.12141961,-170.54182,-0.38377717,1616.5308,0.121625215,1051.2921,0.20335445,-163.18361,-0.42477292,2639.0002,0.081593975,1110.4432,0.3874209,-164.17928,-0.41015288,-10.172121,-0.34523645,20.182518,0.2495694,0.036584977,0.5480944,-0.013917845,-0.75452894,0.10146924,0.8256801,31.606695,0.23568703,-14.287695,-0.49087265,10.796148,1.4414797,-15.533276,-0.66834813,-12.290875,20.414206,0.017427487,0.00024983514,0.030564379,0.9433963,2.9126215,0.06,0.046904158,0.26333332,0.29572883,-35.81415,o,Ses04M_script03_1,Ses04M_script03_1_M030
430,38.177193,0.11245076,34.55462,36.937153,42.602516,8.047897,142.71979,175.45071,56.46528,103.20882,0.48834726,0.6814367,0.19620593,0.41016212,0.7532314,0.5570255,9.03596,6.405993,6.02288,3.4778903,0.17879452,1.0631813,25.903309,0.40444654,-13.285275,-1.1939142,13.23476,1.2893785,-23.595121,-0.827534,0.020856561,1.3767027,1.0798112,0.6087167,7.6055803,0.41141614,6.649707,1.4195207,17.76865,0.5989369,676.3678,0.39764223,1297.2981,0.18344347,-86.80235,-1.0571494,1727.6984,0.16113153,1018.9265,0.3100489,-78.19765,-1.0598366,2777.6758,0.100849114,1002.9007,0.5954278,-80.74434,-1.0037718,-9.12133,-0.7426725,18.868519,0.45091835,0.055823416,0.42151207,-0.010914805,-1.4653225,0.22299877,0.909352,27.141653,0.33857062,-15.339564,-1.0700877,13.094024,1.472621,-31.33888,-0.5793755,-6.6279078,16.227127,0.023256417,0.003219015,0.09338959,4.229607,2.435312,0.264375,0.28922242,0.125,0.13624427,-28.779959,s,Ses04M_script03_1,Ses04M_script03_1_F028
431,31.004251,0.35075486,24.240898,26.089106,46.097324,21.856426,269.978,0.0,17.087982,6.0306854,0.226569,1.217985,0.05731976,0.107818335,0.29048058,0.23316082,4.066441,5.587204,6.1394663,4.5802674,0.063666336,2.093356,25.336489,0.36694703,-9.1182165,-1.4434726,14.760837,0.7011985,-12.203778,-1.0413024,0.013280569,1.0573512,1.1546804,0.5034454,4.8362846,0.6867692,-0.96449983,-6.3911147,13.304646,0.59944695,586.7393,0.46693456,1279.0096,0.17127314,-128.98438,-0.7048945,1607.0509,0.16571464,1036.7799,0.1813047,-126.27076,-0.7035534,2613.4478,0.10240602,984.272,0.304711,-128.1375,-0.6735552,-10.10316,-0.5388338,19.852886,0.2375763,0.048141174,0.52706283,-0.0047785738,-3.0001798,0.11890201,1.5872021,28.823711,0.32347015,-16.682266,-0.7253175,13.511442,1.114222,-20.840223,-0.692033,-9.544475,18.680565,0.009095465,0.010334139,0.02637382,1.1520739,2.5821598,0.14181818,0.11637073,0.20583333,0.3020612,-32.760044,s,Ses04M_script03_1,Ses04M_script03_1_M031
432,36.566563,0.07773265,33.657627,35.94086,40.059044,6.401417,65.9565,40.73714,26.10101,12.656889,0.34206322,0.917732,0.067687735,0.23609626,0.5857007,0.51801294,4.1115394,1.3378494,3.810246,2.0378468,0.09864066,1.1301341,23.347488,0.48018414,-11.661041,-1.2007651,16.873682,0.80384433,-10.650256,-1.3120625,0.025222847,1.557962,0.9931872,0.8709087,7.1886725,0.5153441,9.29251,0.7962494,17.201225,0.37285194,630.6113,0.4174946,1317.6918,0.13814518,-139.23161,-0.62292516,1677.0216,0.15095665,1054.1396,0.3016859,-116.08218,-0.7885536,2716.097,0.12456047,1056.573,0.36989388,-118.357704,-0.75279653,-7.2599583,-0.9229553,17.710478,0.42400667,0.053110868,0.42369106,-0.009498115,-1.0620012,0.19247925,0.54817635,27.509794,0.26538187,-18.08152,-0.8141372,18.33744,0.8476668,-19.082966,-0.8343479,-5.524533,14.974336,0.011475085,0.0068475073,0.02557247,3.004292,1.3157895,0.3333333,0.24390344,0.30249998,0.19421315,-31.752523,o,Ses04M_script03_1,Ses04M_script03_1_F030
433,29.470617,0.11927744,27.824947,28.280518,32.43862,4.613674,46.564537,19.198648,18.27981,11.92564,0.17542265,0.69112396,0.060694896,0.13419059,0.28613436,0.22543946,1.319299,0.7849129,1.0988512,0.4652494,0.043642446,0.89468694,33.92087,0.24903889,-11.189821,-1.014401,10.55397,1.0947064,-9.817732,-1.0719246,0.0138448635,1.2108837,1.2787242,0.53229654,4.4348755,0.59643704,1.2044083,5.3428874,17.751888,0.45297718,618.0113,0.35941955,1321.3872,0.14994971,-135.74794,-0.6566265,1566.4877,0.1534807,1118.556,0.2525988,-133.62813,-0.660379,2610.9265,0.103469364,863.9159,0.21518779,-137.03511,-0.61098367,-9.651159,-0.41049212,22.053963,0.22698256,0.03633069,0.56929386,-0.007029002,-1.9194336,0.063709095,0.4964006,39.27015,0.14081544,-18.651154,-0.5165582,5.3352375,2.501951,-13.516251,-0.8573929,-11.113211,21.611568,0.017071264,0.004726233,0.033863276,1.8750001,2.5263157,0.12666667,0.066749945,0.24749999,0.20425169,-40.782116,s,Ses04M_script03_1,Ses04M_script03_1_M033
434,31.97356,0.18898147,28.02259,28.686865,39.471024,11.448433,81.65878,47.792526,34.633324,0.0,0.35978368,0.57027704,0.14350455,0.34809518,0.541307,0.3978024,4.079583,1.8117486,3.4754252,2.3391933,0.12772498,0.7101678,35.221657,0.20828676,-17.66016,-0.5903107,15.229365,0.83600456,-14.617103,-0.9986339,0.05781934,1.093288,1.8223615,0.5748747,5.2918425,0.31312153,7.3100295,1.0843363,20.607922,0.27155304,708.74365,0.23681125,1355.2393,0.14084753,-124.167274,-0.7348863,1740.0045,0.1334414,1144.3527,0.3247051,-120.37246,-0.72222304,2687.3506,0.09100688,1019.2592,0.5322602,-120.94002,-0.7152676,-13.472102,-0.36166865,20.39917,0.21925749,0.039119054,0.3800461,-0.020720383,-0.80820805,0.18327416,0.5192359,38.682514,0.21748261,-12.50496,-0.9302964,20.85408,0.44614714,-13.3411455,-0.82353556,-7.863089,18.400024,0.03301892,-0.0036427588,0.07955358,3.8834953,2.0618558,0.205,0.095,0.17,0.09899495,-32.13838,ans,Ses04F_script03_1,Ses04F_script03_1_M001
435,39.17602,0.12550151,35.12518,39.844303,43.76828,8.643101,184.9308,110.82824,38.356888,20.22681,0.23683341,0.45189375,0.14870274,0.2185283,0.32251742,0.17381468,2.9612045,1.2258762,1.3222269,0.5119864,0.06629324,0.7002284,28.01598,0.31422853,-12.917188,-0.9672667,13.858782,1.0213624,-17.491282,-0.7932633,0.03702329,1.4228828,1.4083792,0.5133492,7.059618,0.4288637,12.687212,0.7687073,19.493023,0.63333964,708.68713,0.34716672,1430.8962,0.24292767,-120.818016,-0.7256532,1723.0718,0.13730256,1099.9487,0.2816007,-102.61872,-0.82249624,2702.577,0.088716544,1043.6055,0.36850554,-104.63611,-0.7894904,-11.559036,-0.35910988,20.858543,0.33271375,0.05079622,0.48445293,-0.0038110423,-3.2057242,0.07392834,0.5776002,26.116251,0.32812932,-10.323216,-1.2736456,15.7519865,0.9333008,-21.321028,-0.5661823,-6.8397074,17.54294,0.03409016,0.0015114443,0.05918313,4.1984735,3.515625,0.14555556,0.10781786,0.11888889,0.11948449,-38.7178,s,Ses04F_script03_1,Ses04F_script03_1_F001
436,30.066807,0.14601329,26.50322,26.888195,35.668697,9.165478,32.501133,0.0,-44.474983,0.0,0.2863648,0.883533,0.095898226,0.22473137,0.38380748,0.28790927,6.089012,5.34829,1.9211838,0.746913,0.0936726,1.4336183,23.640072,0.47711608,-8.5613365,-1.3650553,21.446232,0.73590183,-6.9489365,-1.4720426,0.020379119,0.6856102,1.2335545,0.60537195,5.067996,0.38635036,1.148837,4.5764875,15.879069,0.31997386,566.61084,0.46435153,1360.5306,0.3129317,-148.52866,-0.5574545,1613.0054,0.1303901,866.68335,0.33129165,-144.90262,-0.55333674,2582.6638,0.086165264,923.1289,0.21100613,-144.78957,-0.5538014,-10.119309,-0.37053078,16.083986,0.20965311,0.034584235,0.64827377,-0.006787389,-1.9895372,0.1982766,1.0018303,32.13011,0.23406978,-12.128305,-0.98401046,33.335144,0.4845368,-0.23971602,-41.676037,-5.5635576,15.746363,0.011211333,0.009001518,0.05309576,2.222222,2.3076923,0.12333333,0.03091206,0.21499999,0.14773287,-33.13697,s,Ses04F_script03_1,Ses04F_script03_1_M002
437,46.931255,0.048326418,45.1593,46.472694,47.54621,2.3869095,40.933025,21.378641,6.713864,4.3459783,0.18496639,0.7791006,0.0523628,0.114853054,0.3493881,0.2970253,1.6430105,1.1415218,1.0857878,0.4396356,0.057324708,1.1338403,25.029463,0.2880417,-10.302586,-1.1362898,9.710411,1.4113511,-15.45412,-0.8873941,0.021699509,0.9585254,1.0790656,0.4111043,10.25708,0.21161564,11.809797,0.6909985,20.549063,0.543791,888.17816,0.16448899,1324.1399,0.27539456,-155.63876,-0.5023366,1848.9927,0.094636545,1145.6818,0.19526693,-148.43549,-0.5207091,2810.1018,0.074914075,1025.4133,0.30544445,-149.93797,-0.49960178,-13.075202,-0.421984,24.721825,0.3244797,0.07391181,0.32252592,0.0027561795,5.1583576,0.11266058,0.46633756,26.509495,0.14008856,-17.56471,-0.72599757,-2.725337,-6.0186715,-30.469143,-0.3665996,-9.337457,17.717234,0.018128285,0.00727503,0.035154335,1.4150944,1.9323672,0.145,0.11146748,0.3475,0.38602945,-38.201115,q,Ses04F_script03_1,Ses04F_script03_1_F002
438,23.829153,0.14917286,20.558065,23.082504,26.556309,5.9982433,93.84565,59.686325,59.132763,42.74989,0.13905044,0.73669577,0.051994383,0.077169254,0.2520288,0.20003441,2.1762087,1.1744438,1.9872347,1.2059172,0.031348895,0.9959516,30.854446,0.37888917,-4.4947295,-2.5054724,17.960556,0.5874522,-6.2915044,-1.3139763,0.033699002,1.7597317,1.3115913,0.66052157,3.2052026,0.61158025,6.08373,1.1104486,21.921577,0.33803114,563.6171,0.3529895,1363.25,0.14967501,-134.06189,-0.66726655,1613.9716,0.164108,1075.3486,0.22301826,-137.17227,-0.6184498,2589.62,0.11569074,1079.4629,0.26893303,-138.48682,-0.5991382,-12.723316,-0.35618064,21.791943,0.23763584,0.026860284,0.4919378,-0.012651005,-0.76236564,0.0579475,0.4174822,41.83336,0.13654134,-11.219772,-1.1507431,20.238264,0.7140888,-3.6435354,-3.0194163,-11.292147,17.250843,0.0057078036,0.0048677237,0.018067466,3.4120736,2.1276596,0.15124999,0.09413256,0.29625,0.25631705,-41.749718,s,Ses04F_script03_1,Ses04F_script03_1_M003
439,35.041145,0.025906824,34.0913,34.829453,36.18252,2.0912209,11.8504505,10.581617,4.7435656,5.829278,0.12075269,0.7366802,0.055199098,0.0992777,0.17298825,0.11778915,4.699628,3.107074,0.17789462,0.0,0.022970825,1.7491548,27.221483,0.31047043,-2.5232923,-4.638857,13.810318,0.78894114,-13.223093,-1.1153288,0.011033143,1.5917265,0.96704656,0.5799656,8.481823,0.1914292,7.675867,1.7805845,21.779873,0.34926555,691.4679,0.29369968,1425.3257,0.09664411,-122.2509,-0.76282537,1698.7517,0.12022684,1383.2982,0.25830936,-124.078896,-0.6967109,2685.4985,0.08532637,1019.1547,0.35381672,-125.28388,-0.67705846,-9.954861,-0.6114825,22.140945,0.21009918,0.03581724,0.37131163,-0.0018649366,-7.9201713,0.02443693,0.30247504,32.66523,0.21873587,-8.062498,-1.7115293,9.562265,1.4088767,-25.501238,-0.58117104,-12.275314,19.834108,0.0085697975,0.008210002,0.012514458,0.5524862,2.2857144,0.175,0.1098863,0.192,0.18082035,-44.15807,ag,Ses04F_script03_1,Ses04F_script03_1_F003
440,25.84847,0.102727585,23.284414,24.994793,29.17615,5.891735,8.756788,1.2892505,16.195862,0.0,0.2576059,1.1482415,0.053811558,0.079634696,0.4608246,0.40701306,3.384442,1.1859338,4.407018,3.081334,0.078177705,1.5290891,30.040209,0.28296793,-8.756021,-1.4107335,22.150444,0.41076043,-5.609773,-1.2114978,0.014246778,0.6779124,1.3161075,0.6926722,4.325585,0.36642858,4.7005568,0.9730805,13.956928,0.42388865,507.622,0.4260664,1296.3809,0.1582444,-125.39065,-0.7467056,1557.3884,0.116367474,956.8824,0.21522051,-128.54488,-0.69965506,2529.86,0.07517333,897.35693,0.18836078,-129.2646,-0.688441,-10.503213,-0.2833881,16.81199,0.21020441,0.03966349,0.46178198,-0.020304775,-0.5097167,0.17895527,0.8261697,37.971237,0.18855476,-20.386467,-0.624739,25.824533,0.40045562,-6.082459,-1.335431,-12.388916,19.522675,0.004626163,0.0050706947,0.020429417,2.2988505,1.775148,0.20333333,0.07586537,0.2525,0.26947865,-32.291714,s,Ses04F_script03_1,Ses04F_script03_1_M004
441,39.111286,0.10375684,34.94409,40.734463,43.316544,8.372452,33.11309,20.010902,-4.973713,14.677545,0.3373655,1.1420611,0.06115115,0.23950134,0.36375487,0.30260372,6.1592846,9.246778,5.3213215,6.2959156,0.12729834,1.8312461,26.515387,0.23237956,-14.582995,-0.87142295,8.160187,1.3215579,-21.005754,-0.615178,0.02391818,0.921157,1.3271534,0.55807483,6.5474963,0.41563576,5.3971653,1.8903459,19.627445,0.3264538,726.0732,0.35079896,1335.4081,0.20165083,-107.21628,-0.88474673,1680.3586,0.14768915,1078.6069,0.22847453,-88.683556,-1.0302311,2746.6648,0.101388305,824.5662,0.2815647,-93.49805,-0.9355181,-8.740515,-0.47858164,21.171694,0.25807112,0.049436677,0.37138367,-0.0007353121,-12.888095,0.1819042,1.5068986,27.860588,0.20634933,-19.548277,-0.6166466,5.631028,2.248589,-28.379045,-0.34947234,-9.088149,17.764885,0.017160138,0.004489936,0.024814855,1.2605042,1.724138,0.33249998,0.18335417,0.22749999,0.23710492,-28.115244,s,Ses04F_script03_1,Ses04F_script03_1_F004
442,30.752665,0.09429301,27.938887,30.348248,33.800495,5.8616085,69.76158,70.31125,76.7252,101.150215,0.32240647,1.2965456,0.052760206,0.092303336,0.5936884,0.54092824,6.0406823,3.0524535,3.3576775,2.084796,0.12836896,1.7534821,29.885216,0.29876685,-12.074582,-0.8542474,13.977633,0.51190305,-14.140318,-0.6940673,0.018231954,1.5659397,1.2098187,0.7529015,5.441627,0.57346416,-2.0857043,-3.2635064,13.97557,0.55534923,794.11865,0.28729662,1194.4098,0.17049639,-156.56136,-0.51300764,1885.2083,0.16860761,866.27655,0.24416275,-155.53343,-0.5098843,2829.6501,0.09514341,874.62384,0.31101006,-156.6596,-0.4935517,-9.456064,-0.40315026,18.05615,0.27389538,0.053040307,0.30396232,-0.022708135,-0.67012805,0.41839576,0.7256522,38.698082,0.14916106,-22.900856,-0.4763613,10.258366,0.9538332,-23.451471,-0.48900545,-9.104067,17.234327,0.0095804185,0.0025751712,0.04225592,1.4527844,1.4705882,0.14999999,0.118180655,0.51,0.35099855,-27.850267,s,Ses04F_script03_1,Ses04F_script03_1_M005
443,45.597942,0.116466165,41.13076,45.868458,49.32739,8.196629,108.75454,82.74092,74.044464,62.035664,0.22655578,0.85151213,0.053864684,0.12817082,0.42811495,0.37425026,3.2349734,2.5206861,1.9428802,1.0367367,0.06326577,1.1530504,19.78268,0.37777475,-12.353288,-0.84946936,10.12659,1.1646792,-23.806034,-0.68567204,0.035861067,1.3489872,1.3100696,0.39770934,8.008328,0.54088897,9.059282,1.0341814,15.293551,0.5864088,880.116,0.28306413,1214.3287,0.18399663,-144.384,-0.5842633,1861.0905,0.14755742,1124.7958,0.26291853,-135.69699,-0.62605244,2835.2754,0.06821303,930.0049,0.3694333,-137.18246,-0.60440636,-9.033728,-0.6129695,19.912758,0.3331428,0.06753542,0.40951267,-0.00468783,-3.002239,0.13872027,0.47633561,19.198233,0.4226251,-20.325262,-0.54074615,3.2465816,4.3877935,-38.791706,-0.3941919,-7.27236,15.422835,0.01561396,0.009491962,0.022726072,1.7621145,1.7817373,0.19,0.09300538,0.34875,0.3831918,-36.260612,s,Ses04F_script03_1,Ses04F_script03_1_F005
444,26.004095,0.12215215,23.76012,25.646849,28.298632,4.5385113,150.20378,155.83932,9.8387985,16.533598,0.21868959,0.8262823,0.060407236,0.1853659,0.3221074,0.26170015,3.685317,2.7427785,4.4064837,3.2828948,0.06489813,1.2404774,24.581226,0.5445612,-4.310033,-2.4947355,17.234575,0.6551354,-11.106833,-0.92428815,0.034010902,1.0318346,1.7466385,0.6556172,3.1648335,0.6879318,3.5147765,0.99793607,21.929562,0.27830613,704.19714,0.33764333,1279.0804,0.15348037,-141.65746,-0.60176396,1737.9423,0.1582353,1056.1113,0.29820943,-144.61671,-0.55650204,2718.5234,0.08761216,926.68695,0.27401525,-145.37718,-0.54593724,-13.267755,-0.46067026,20.742498,0.26774478,0.034578994,0.5636893,-0.017363098,-1.1343398,0.13036582,0.7507201,34.153076,0.28873175,-3.6084535,-2.8357522,22.564426,0.61144155,-12.507871,-1.1941952,-6.9597535,14.044443,0.010174771,0.006244761,0.037810415,2.9850748,2.4242425,0.11625,0.13037805,0.24444444,0.2884099,-36.176277,q,Ses04F_script03_1,Ses04F_script03_1_M006
445,38.082993,0.21544684,28.232618,38.75875,47.4278,19.19518,234.87227,186.74203,63.2764,26.743511,0.18469265,0.78765,0.0748477,0.13184029,0.27809745,0.20324975,2.997641,1.3741668,2.2703226,1.6112744,0.05570969,1.1861926,22.991024,0.45725766,-1.9905056,-4.7884965,17.473696,0.6355795,-11.724498,-1.2581795,0.02353766,0.65326643,1.3930076,0.40123266,6.669308,0.34876847,9.932423,0.89853144,16.41698,0.6516854,753.36163,0.30328822,1291.0972,0.19478571,-136.39696,-0.6181461,1826.017,0.12460605,911.5557,0.38891378,-135.06706,-0.59652567,2809.2795,0.08141008,923.53174,0.23037517,-135.4666,-0.5928746,-13.648064,-0.31609243,20.128323,0.32258993,0.04997097,0.56817496,-0.009220185,-1.427511,0.07998745,0.7044287,27.821669,0.2563672,-5.45398,-1.9500532,21.900362,0.51578563,-19.692621,-0.9300347,-9.078751,15.29208,0.017876854,0.004785771,0.031050988,1.9704434,3.5353537,0.09571428,0.07108489,0.16714284,0.1543386,-36.633682,ans,Ses04F_script03_1,Ses04F_script03_1_F006
446,32.037148,0.25356603,26.302172,30.325756,42.094955,15.792784,374.19223,213.39676,56.73529,54.634388,0.31558678,0.60412085,0.14210138,0.2543595,0.5070751,0.3649737,5.1510415,2.6227176,2.6287696,1.9925447,0.11354311,0.8557216,25.97867,0.5906105,-3.666877,-4.270131,15.603414,0.866015,-9.19843,-1.5588688,0.0216632,0.77594644,1.2902356,0.64950883,5.2818804,0.573863,0.2902202,34.584225,17.959822,0.57593024,756.7865,0.3113094,1370.4293,0.20097002,-116.28747,-0.74116737,1788.835,0.13190803,1015.5813,0.31281742,-112.60104,-0.736831,2810.9502,0.09173452,926.77264,0.23843956,-115.33667,-0.69757956,-12.415148,-0.48003522,22.68658,0.3127125,0.047774095,0.5854322,-0.0094238445,-2.2908275,0.14165837,0.69889355,32.327656,0.33304536,-7.0524015,-1.6117091,13.916362,1.1000466,-8.951044,-1.7657744,-7.5582867,14.197168,0.028972011,-0.0022562116,0.08591144,4.0462427,5.952381,0.070999995,0.0361801,0.077,0.0603407,-32.249447,s,Ses04F_script03_1,Ses04F_script03_1_M007
447,38.306458,0.17495102,35.12504,38.233845,41.266106,6.1410675,63.638325,45.8773,53.66024,20.558746,0.28372955,0.6220194,0.1351454,0.24546783,0.3978241,0.2626787,4.6570506,1.9398955,2.0916836,2.812619,0.08106898,1.117375,24.762041,0.4967307,-7.128485,-2.2675304,8.608212,1.5195035,-18.766535,-0.6764677,0.021544397,1.0177495,1.2336154,0.54765755,6.613608,0.47014624,9.768835,1.0530703,23.253424,0.47117913,645.9744,0.34556442,1379.7412,0.15941209,-110.96055,-0.82568806,1677.14,0.14660764,1067.4314,0.24604413,-88.858765,-0.9571703,2736.3281,0.115791984,1049.1084,0.24307476,-93.26577,-0.87635666,-11.223184,-0.45840976,22.28452,0.2816859,0.047498234,0.5230705,-0.005973481,-2.3761096,0.08083469,0.7554501,28.362146,0.28647396,-10.67118,-1.3607223,7.662401,1.9891212,-19.835812,-0.55936325,-7.593459,15.64115,0.03318569,-0.004660906,0.060656045,2.3715415,4.032258,0.139,0.08431489,0.088999994,0.078670196,-34.116154,ag,Ses04F_script03_1,Ses04F_script03_1_F007
448,27.233736,0.24423179,21.439907,24.947021,32.858925,11.419018,60.235336,32.8547,12.400001,4.9113364,0.31738523,0.8572673,0.10599625,0.21694574,0.47439775,0.3684015,4.159566,2.4462872,4.7679963,3.453608,0.095141426,1.2619476,32.539143,0.31226805,-7.6518908,-1.6828022,21.796778,0.64152294,-8.662022,-1.8099422,0.017123366,0.9162985,1.175728,0.61789453,5.084898,0.5401571,6.2063837,1.046571,19.340622,0.3968179,608.66956,0.3596858,1301.0085,0.17549384,-79.997116,-1.1493726,1684.349,0.1731247,916.9395,0.32789648,-80.04036,-1.0740037,2664.7993,0.1164158,924.977,0.2754946,-82.28743,-1.0249577,-13.200975,-0.36380237,20.640455,0.22857286,0.03394675,0.66574186,-0.01666307,-1.2167431,0.12853247,1.0494179,36.84652,0.20515336,-10.305823,-1.248164,22.868128,0.6999419,-11.760163,-1.5147063,-10.850701,18.418272,0.0064541446,0.0027585335,0.037389565,3.2019706,2.4937658,0.24799998,0.24514484,0.14444445,0.1394522,-30.86765,q,Ses04F_script03_1,Ses04F_script03_1_M008
449,35.434887,0.06607843,32.294563,36.068497,37.153923,4.8593597,14.011267,2.7070832,14.357126,9.528482,0.110955216,0.4421818,0.06461722,0.1008307,0.15543538,0.09081817,1.044948,0.5586154,0.7356516,0.46337977,0.023632094,0.6704919,28.717827,0.23725766,-4.035173,-1.9804217,13.902534,1.0876733,-16.539648,-0.7541484,0.018789144,0.8024937,1.357501,0.45114657,6.5833974,0.3137127,5.003921,1.4743615,25.1914,0.4553501,652.9331,0.3223706,1412.518,0.13674407,-131.40416,-0.6817694,1691.225,0.1500113,1177.801,0.3210414,-126.74804,-0.6695514,2751.95,0.09683948,1010.8388,0.2646722,-129.2129,-0.6337523,-13.638031,-0.2909929,25.27895,0.24658583,0.033399638,0.84662855,-0.008578108,-1.3471413,0.034275737,0.4823213,33.062134,0.18683328,-3.7715063,-2.2336905,9.736216,2.1812289,-24.891012,-0.48408538,-11.616066,19.79374,0.0073741865,0.0042202896,0.016904743,3.896104,2.970297,0.12666667,0.09055384,0.17,0.19493589,-47.683723,ans,Ses04F_script03_1,Ses04F_script03_1_F008
450,31.899778,0.29085538,22.615534,30.764372,40.205074,17.58954,75.16237,16.380722,40.41966,7.450161,0.32874268,0.82292277,0.09750052,0.2800676,0.5034405,0.40594,3.1221595,1.9513426,3.3643022,2.2908697,0.12036726,1.3447831,25.167168,0.6567914,-6.9301763,-2.016945,16.315163,0.89765626,-12.734972,-0.6204478,0.047565497,0.83550376,1.2982773,0.4970979,4.9104824,0.9752424,6.5444074,1.2752427,17.30895,0.35652047,708.17365,0.38631225,1303.0616,0.21048625,-121.24721,-0.7348351,1734.556,0.17173733,1064.4799,0.2970164,-118.82291,-0.72943926,2678.0535,0.108579114,1009.5046,0.3214815,-120.31169,-0.70752233,-10.737292,-0.38615903,19.55526,0.28338698,0.050744336,0.56763226,-0.015567561,-0.90761924,0.2139055,0.9577059,32.412357,0.3582599,-15.402344,-0.7626303,14.717892,1.2504255,-14.367117,-0.6661025,-8.458947,15.015993,0.008939247,0.002201357,0.041942656,3.3816426,3.482587,0.11857142,0.10493924,0.175,0.12010412,-30.559353,c,Ses04F_script03_1,Ses04F_script03_1_M009
451,43.436123,0.12150994,41.028404,44.28384,47.26753,6.2391243,48.867916,22.876862,46.55381,28.714947,0.30103728,0.60525,0.14761093,0.26430342,0.4226969,0.27508596,2.7068937,1.1023135,1.6698716,0.8478558,0.097793445,0.8875074,26.077656,0.3312485,-10.607231,-1.2283912,6.0847244,2.9739716,-24.697632,-0.685695,0.022610867,1.0066125,1.2330639,0.47570667,9.341424,0.3705411,15.507134,0.63495433,24.265816,0.41385445,745.05347,0.31619447,1341.2379,0.13541041,-87.74505,-1.0340457,1748.0398,0.12750411,1143.3502,0.24092375,-76.92825,-1.0064037,2806.245,0.089701466,931.5958,0.34163943,-80.515594,-0.9314555,-13.571064,-0.34187248,24.03158,0.28833628,0.054672558,0.5836761,-0.0038636974,-3.5356255,0.12249703,0.7935119,27.596615,0.2627169,-13.615001,-0.86109185,1.5821056,10.982631,-29.026657,-0.5696464,-9.681762,18.38012,0.03164338,0.0032567438,0.04638093,3.3707867,3.8314178,0.17,0.0820975,0.08,0.07717224,-32.530354,o,Ses04F_script03_1,Ses04F_script03_1_F009
452,25.554165,0.17662437,22.96495,24.709806,26.73144,3.766489,77.526306,91.494675,68.89035,102.24056,0.20624554,0.6048857,0.085597016,0.17459221,0.33796036,0.25236335,2.3181107,0.8874017,2.0394337,1.3056272,0.040895294,0.7805189,28.634209,0.46793815,-2.150222,-4.625085,25.324276,0.5696394,-8.640323,-1.7903019,0.013631774,1.0540093,0.95847523,0.82923573,5.799796,0.37306866,4.20997,1.0115172,21.93443,0.3262863,573.70905,0.40327248,1314.9348,0.14554618,-85.823784,-1.0958487,1640.6458,0.15585953,1059.0386,0.34061933,-91.14799,-0.9563529,2598.5432,0.10391592,940.78156,0.3086306,-91.38893,-0.9522126,-14.398094,-0.3502548,20.422258,0.29248884,0.027420359,0.81326896,-0.015273776,-0.993421,0.053308293,0.5519497,36.513756,0.20196545,-4.0719686,-2.4488614,31.396486,0.4752687,-8.9317875,-2.1558785,-8.107379,15.923546,0.0073264735,0.0065811514,0.02409518,3.2258067,2.0833335,0.27714285,0.17152378,0.18285714,0.13252647,-38.234047,q,Ses04F_script03_1,Ses04F_script03_1_M010
453,34.614906,0.06654922,34.5231,34.948196,35.298923,0.7758217,155.66966,179.06958,11.039433,8.4081545,0.09389771,0.35817412,0.066092566,0.084383294,0.11344836,0.047355793,0.6599381,0.452178,0.390983,0.25392005,0.014382617,0.4846461,21.331554,0.38071242,-0.16435622,-56.230904,12.154445,0.7392729,-10.13829,-1.0007819,0.016568627,0.9029946,1.0490948,0.5303547,6.9913893,0.33935475,4.4750447,2.723169,19.91576,0.38537073,676.8502,0.26396525,1356.7881,0.14619146,-136.92642,-0.6474192,1728.7513,0.109438956,1161.8065,0.27052718,-137.75092,-0.60419536,2715.4824,0.06805729,852.2553,0.27177462,-138.656,-0.59058183,-15.527821,-0.33943436,24.741686,0.15079013,0.016775284,1.0704199,-0.0070985756,-1.4653802,0.021078197,0.28086495,29.059105,0.19697028,0.044848703,272.27493,12.167158,0.9050678,-17.08676,-0.73990625,-8.680043,17.464096,0.002396983,0.008329566,0.010977917,4.0441175,1.8726593,0.17799999,0.10979981,0.33599997,0.33903393,-51.486286,ans,Ses04F_script03_1,Ses04F_script03_1_F010
454,26.975779,0.18143831,23.579674,25.32409,29.99675,6.417076,86.06231,77.69593,-5.6141787,12.907252,0.32949635,0.7106683,0.13171296,0.26390696,0.52806634,0.39635336,3.7775407,2.1457663,3.4931393,2.9564369,0.08948808,0.9553863,26.182146,0.56825775,-3.290742,-4.3165617,20.863142,0.7912363,-12.018952,-1.3116299,0.020028712,2.3356726,1.1441102,0.7930936,5.568767,0.44960564,5.050357,1.0639297,19.817286,0.38626423,570.06665,0.39465654,1295.1047,0.14621228,-94.19048,-1.0088601,1651.863,0.16859981,921.2835,0.3726089,-97.35612,-0.91630435,2639.8481,0.09881754,946.2757,0.37593147,-98.06438,-0.9023538,-13.125946,-0.38193932,20.572166,0.26343432,0.025201872,0.9324497,-0.020662572,-1.0724281,0.12704052,0.7481747,34.647923,0.26870388,-6.4206166,-2.3190057,24.00083,0.8248961,-16.660362,-1.0312252,-7.4214973,14.439514,-0.0051108906,0.0043771947,0.0416027,2.747253,2.3545706,0.22647057,0.24355072,0.17823529,0.19097997,-31.650637,q,Ses04F_script03_1,Ses04F_script03_1_M011
455,35.93668,0.28700346,23.130135,36.572884,44.465996,21.335861,89.578125,85.901344,63.789158,32.242683,0.34608027,0.54323876,0.20456457,0.29588833,0.46227825,0.25771368,3.283134,1.7499912,2.1959941,1.6828936,0.11004344,0.9191142,23.66621,0.5044862,-9.457012,-1.8632842,16.795033,1.3000963,-24.726166,-0.6831579,0.03158836,1.8949982,1.1191379,0.5202163,6.359667,0.61177695,7.481292,0.9931153,17.14262,0.568227,702.9153,0.32735115,1353.612,0.17344072,-84.01795,-1.1242061,1770.9941,0.11764342,966.7829,0.335912,-82.097145,-1.0367213,2751.6587,0.07665349,968.2976,0.33103803,-82.11095,-1.0335175,-10.8082075,-0.6514666,19.661882,0.3044457,0.03960168,0.5270495,-0.017520742,-1.2809657,0.11694002,0.89296436,28.228325,0.29037187,-12.612177,-1.2957441,16.851515,1.3884456,-27.876127,-0.5409552,-5.817487,13.030624,0.03561671,-0.0032534297,0.10212645,3.1250002,2.4734983,0.25,0.23157842,0.13428572,0.120695256,-32.5696,c,Ses04F_script03_1,Ses04F_script03_1_F011
456,30.625025,0.2712583,22.17496,31.466974,35.973213,13.798254,219.606,314.10376,131.46353,117.53992,0.33518216,0.7775664,0.10194631,0.2710182,0.51230687,0.41036057,4.613807,3.9608285,3.8859107,2.463177,0.110944435,1.1442355,25.256227,0.5948587,-6.9933004,-2.1127636,22.29352,0.7647466,-12.654699,-1.088889,0.035578266,1.3400476,1.153613,0.52328247,5.3008695,0.77028173,6.8149095,1.7423637,17.66854,0.3296034,667.5226,0.41480538,1292.6802,0.1699067,-120.88821,-0.7753847,1732.4773,0.15472668,1016.8083,0.35158178,-122.96721,-0.7075588,2667.9387,0.11014126,940.86725,0.23947048,-122.336075,-0.717782,-10.635295,-0.49404773,17.357307,0.32393757,0.040971257,0.50471133,-0.015792474,-0.9600111,0.15570736,0.8429021,32.96731,0.3075301,-12.976382,-0.8854326,25.024883,0.78911716,-12.444715,-1.2554351,-7.3572326,13.994638,0.01366021,0.000261592,0.08087508,2.4509804,2.2332509,0.1811111,0.14363877,0.24666665,0.20885932,-31.31469,o,Ses04F_script03_1,Ses04F_script03_1_M012
457,35.43562,0.13606127,31.436974,33.391083,42.698162,11.2611885,31.01547,3.6384168,34.313736,0.0,0.21546052,0.89480036,0.08085136,0.17061314,0.24762519,0.16677383,2.7864087,1.5764682,0.43295184,0.6204346,0.08431113,1.7116659,29.479033,0.29716742,-4.2582293,-2.037037,16.930948,0.74194497,-18.299164,-0.9921543,0.03369164,1.6720104,1.3957477,0.5987703,7.212842,0.37851104,1.2950814,9.085481,17.62341,0.24372487,705.75653,0.2730336,1279.398,0.12656495,-112.89192,-0.8242476,1875.4723,0.13316955,858.9332,0.24837105,-112.72241,-0.75454944,2870.617,0.09111273,901.22437,0.3332763,-112.45963,-0.7587422,-17.662292,-0.22340061,24.566923,0.17609552,0.03426861,0.6723464,-0.021691896,-1.1063061,0.10452421,1.5389692,34.47318,0.115897775,-4.079875,-1.9406126,19.998043,0.66729856,-23.23724,-0.70037913,-9.649454,18.809263,0.004119981,0.006335702,0.03472966,2.0833335,2.1582735,0.22333333,0.15173075,0.22,0.086409874,-32.992455,q,Ses04F_script03_1,Ses04F_script03_1_F012
458,29.761513,0.13763855,25.475733,28.621023,33.477905,8.002172,29.814585,19.380426,48.125275,46.181053,0.41503295,0.67084265,0.13546483,0.35348845,0.70898825,0.5735234,5.638008,3.1930134,4.1397276,1.6031446,0.14868832,0.953644,31.281263,0.42033556,-8.032276,-1.4457763,20.136457,0.8468315,-13.357774,-1.3134847,0.024767602,1.5651171,1.2159605,0.6822574,5.696308,0.5015891,3.0174086,2.641534,17.87029,0.42112014,756.4088,0.31771,1220.8818,0.15901202,-91.17302,-1.0196817,1871.6273,0.14289777,852.6643,0.35355455,-91.153114,-0.9643308,2856.0562,0.10361269,959.3166,0.3973794,-91.496376,-0.9559064,-12.059486,-0.43548977,19.07393,0.31462264,0.04895332,0.54492384,-0.023176774,-0.89061743,0.20873587,0.6960851,37.190113,0.21094978,-12.469998,-0.93166304,21.544737,0.90077347,-14.399343,-1.4390715,-8.9608345,16.285885,0.01820344,-0.0027648616,0.06791019,3.5031848,2.2653723,0.25142857,0.18787749,0.17,0.106234245,-28.858147,ans,Ses04F_script03_1,Ses04F_script03_1_M013
459,28.223843,0.114223294,25.582651,27.15474,32.082767,6.5001163,102.46276,75.333565,69.237045,65.78474,0.2860685,1.0616161,0.06249378,0.18883334,0.4134438,0.35095003,5.6885347,3.471174,4.5560746,3.2602472,0.103353076,1.4581261,24.147417,0.5925459,-6.4072843,-1.9456912,21.735775,0.5614356,-8.918045,-1.2774032,0.03297906,1.2844634,1.7638967,0.71738595,3.8569396,0.6829913,-0.14317587,-58.51054,14.665106,0.60051554,627.1643,0.42969516,1220.7207,0.16216743,-146.99844,-0.57556367,1689.1394,0.18659893,1006.17487,0.48394877,-144.99284,-0.57555485,2654.5103,0.10460188,868.6019,0.26366422,-145.64705,-0.56589115,-10.389505,-0.5958155,18.445944,0.36070946,0.04198013,0.59967834,-0.01391108,-1.4132149,0.24316159,0.78202736,33.786533,0.33334243,-13.441648,-1.2373405,22.858622,0.69459844,-14.236378,-1.0922272,-7.667253,15.114407,0.008731428,0.0069567175,0.047272645,2.6974952,1.9455253,0.141,0.14652304,0.35099998,0.2985448,-31.318148,o,Ses04F_script03_1,Ses04F_script03_1_M014
460,24.430544,0.22746861,20.245613,23.826502,25.66159,5.4159775,189.0223,103.19123,19.234581,8.276714,0.21441218,0.6719507,0.1013807,0.17883486,0.2911053,0.1897246,2.4850783,1.2666035,2.298192,1.473792,0.048866726,0.7805235,24.449568,0.6797448,-0.8506793,-17.805851,22.227009,0.61537766,-7.867191,-1.5900282,0.015038653,0.86567444,1.1168593,0.59928215,4.602514,0.5102624,3.8887901,1.5537992,21.489489,0.38058615,541.1311,0.3999673,1270.2356,0.14460827,-111.46075,-0.84441245,1588.7191,0.14536482,998.2318,0.43120527,-114.52631,-0.7815431,2562.838,0.09802712,951.4489,0.31966096,-116.167404,-0.7554578,-13.325787,-0.3348967,20.61762,0.28391394,0.025468819,0.83008844,-0.006955053,-1.8270856,0.063900575,0.6609554,34.36949,0.24848203,-6.3193846,-2.6185796,25.215746,0.63137746,-2.1767492,-5.6613464,-6.5159664,12.468121,0.011777303,0.0015907576,0.036952924,3.6516855,2.857143,0.151,0.084196195,0.22125,0.24121761,-38.008224,o,Ses04F_script03_1,Ses04F_script03_1_M015
461,37.349953,0.15877877,33.202885,36.459484,39.56894,6.3660545,52.125275,11.4147625,251.44621,233.04802,0.21313307,0.6611872,0.10751191,0.16257752,0.30154195,0.19403005,1.7982765,0.74751437,1.3826361,1.4042927,0.050455175,1.0594449,25.074558,0.49168664,-6.067315,-1.8405415,7.9531054,2.0293436,-16.791151,-0.78879774,0.026442677,2.0934136,1.2462012,0.6284718,7.311549,0.3950752,6.1182666,1.9925394,20.1508,0.40576157,669.13245,0.30131075,1395.809,0.14904709,-107.90939,-0.8474313,1693.931,0.12567477,1033.7715,0.25542077,-99.017914,-0.8702182,2769.987,0.0857001,969.74854,0.2947436,-103.293,-0.7969629,-11.581902,-0.4787526,23.827072,0.264256,0.03461646,0.65566564,-0.0064639803,-1.4402406,0.055541094,0.9423089,30.268309,0.32101777,-8.817276,-1.3277364,6.5858684,2.6206145,-19.006426,-0.7617196,-7.407707,16.661146,0.019125422,0.00314505,0.03893334,3.264095,3.9274926,0.13,0.09181922,0.1125,0.09038113,-38.381313,o,Ses04F_script03_1,Ses04F_script03_1_F013
462,29.661411,0.29146674,22.874584,25.000422,38.055595,15.181011,60.395584,12.384113,317.1881,296.81635,0.32423759,0.55462515,0.15633278,0.31106183,0.45804343,0.30171067,2.41891,1.0223442,2.749018,1.6443759,0.08988483,0.8596146,24.555466,0.62762326,-7.2589087,-1.8090596,21.08899,0.7694143,-11.362871,-1.2079184,0.037915286,1.7383801,1.3005223,0.80892116,5.0721316,0.6391833,9.848698,0.8173389,18.654154,0.3814279,689.8386,0.3541317,1290.7043,0.15675364,-105.29923,-0.8934849,1773.8644,0.13443458,856.5151,0.31289446,-103.45252,-0.84754956,2763.0327,0.10667221,985.7159,0.32832095,-103.8248,-0.84017736,-9.909618,-0.40996242,17.084854,0.29676884,0.042613845,0.46464607,-0.013707754,-1.0494301,0.11133508,0.67719203,31.733244,0.42421904,-10.431038,-1.143264,24.716553,0.7588241,-10.006032,-1.6066829,-5.6153874,12.585894,0.020058623,0.004518999,0.06957074,3.6231885,2.9520295,0.16875,0.12534328,0.13222222,0.10517476,-34.260326,ag,Ses04F_script03_1,Ses04F_script03_1_M016
463,41.11456,0.06382261,39.380653,40.778942,42.617085,3.2364311,49.395325,70.744354,15.115138,10.622193,0.190096,0.5842552,0.08150867,0.17602962,0.28938437,0.2078757,2.0434942,1.5039364,1.0825633,0.5430445,0.04541223,0.8807114,24.24503,0.3809954,-10.475401,-1.1657114,7.218906,1.6434935,-19.96057,-0.9035967,0.021983488,1.014046,1.1349336,0.40454674,7.7385497,0.43525735,5.0679793,2.1163402,21.30198,0.35441148,753.2463,0.29662356,1373.8003,0.1773337,-110.36496,-0.8607983,1726.2675,0.15539148,1181.3981,0.25504592,-97.91915,-0.9051536,2830.8042,0.10187471,969.073,0.36905482,-101.898994,-0.834388,-10.204075,-0.5519439,23.023926,0.26158008,0.03146065,0.64154506,-0.0030966692,-4.8175135,0.068692505,0.5585206,30.398039,0.19695158,-15.5311165,-0.7512025,1.484437,7.2364535,-29.5169,-0.5960137,-6.9576015,15.08912,0.008965225,0.011004369,0.016729103,2.4621212,1.9120458,0.283,0.28185278,0.218,0.25879723,-40.574345,q,Ses04F_script03_1,Ses04F_script03_1_F014
464,30.437307,0.10751189,28.181313,28.937475,34.469376,6.288063,51.05846,20.071678,63.806953,65.80115,0.2491962,1.0168701,0.056122582,0.14267857,0.47227344,0.41615087,2.6862924,1.6404809,1.6871756,0.59461814,0.07277087,1.6870737,27.185999,0.5217138,-7.775869,-1.2885233,12.822897,0.6148367,-8.499219,-0.8057025,0.020123787,1.7197983,0.97605956,0.86174035,6.7298365,0.46594778,1.8010993,2.5975206,20.95927,0.24883233,572.9379,0.37804446,1312.6456,0.106464535,-145.63312,-0.59118414,1549.2095,0.15889932,1115.8319,0.29662183,-144.47034,-0.58454424,2550.7456,0.10742681,922.72235,0.16198534,-147.10562,-0.5468405,-12.965327,-0.22399071,24.39907,0.17237574,0.044697627,0.4807124,-0.016316053,-0.5801073,0.15562181,0.96924984,41.9128,0.15278481,-13.34183,-0.64335823,7.0950637,1.5113156,-7.90956,-0.8682033,-7.328154,15.019464,0.007217721,0.0068337065,0.038622517,1.0416667,1.055409,0.275,0.23135471,0.6475,0.37439117,-32.571438,ans,Ses04F_script03_1,Ses04F_script03_1_M017
465,43.265415,0.15615416,36.760998,45.823887,49.904633,13.143635,34.932537,11.711587,26.746622,0.0,0.18120788,1.0050243,0.05229491,0.12150693,0.28322402,0.2309291,2.8095198,2.3294141,0.9735714,0.37812132,0.048173927,1.2345588,26.587158,0.28312835,-9.11101,-1.0834876,6.2426925,2.176696,-14.542824,-0.97469604,0.017003099,0.88104475,1.1016939,0.55505097,9.139232,0.4192256,13.35122,0.8215247,26.31442,0.30029523,722.5478,0.3398159,1279.3342,0.1650673,-133.00082,-0.69032043,1721.7992,0.13330357,1065.8303,0.17341241,-122.16791,-0.72519267,2743.5042,0.102679074,1006.94385,0.3076124,-125.36387,-0.67759913,-9.768728,-0.5839462,21.79879,0.30523658,0.055217613,0.43275705,-0.0011574917,-11.499451,0.084536724,0.6808774,27.363232,0.29494727,-15.971978,-0.6548984,-1.5725435,-10.538724,-23.393965,-0.71003735,-11.057403,19.076878,0.009234548,0.0065846774,0.013956986,1.2987013,1.320132,0.3175,0.28181332,0.42,0.40459856,-37.051235,o,Ses04F_script03_1,Ses04F_script03_1_F015
466,28.451916,0.15409924,23.660656,29.272299,32.901207,9.240551,9.179964,9.861493,112.7724,102.91938,0.36616823,0.9315782,0.07465323,0.25265846,0.5570633,0.48241004,5.1024027,4.3091745,3.9089062,2.5801055,0.10768907,1.1875776,31.964775,0.36749795,-9.3525505,-1.2345523,15.398775,0.8571239,-12.945562,-0.91667205,0.01390789,1.2387791,1.0122279,0.7900707,5.835147,0.51593167,-0.32696134,-22.131487,19.120049,0.39423692,589.408,0.4048674,1302.548,0.1412045,-100.784035,-0.9715461,1645.64,0.190316,988.38873,0.23143192,-100.60311,-0.921171,2650.2595,0.09883284,837.8028,0.3295339,-102.8057,-0.880514,-12.130716,-0.3758522,21.058128,0.21861315,0.047356162,0.43074653,-0.021815745,-0.6613985,0.17909952,0.7842463,38.27236,0.19247,-12.291181,-0.99937636,16.238739,0.99718344,-17.684225,-0.7315098,-8.946871,16.995993,0.010658898,0.0028724363,0.031037023,2.2801304,1.3245033,0.39,0.3195309,0.274,0.2866775,-28.57352,dag,Ses04F_script03_1,Ses04F_script03_1_M018
467,39.492363,0.10592023,37.101074,40.17775,43.156406,6.055332,37.22956,10.102824,118.554436,41.95373,0.26155582,0.687367,0.075430855,0.23464358,0.37845677,0.3030259,3.358837,3.1781778,2.0925057,1.6695045,0.081542775,1.1123484,26.567894,0.25915283,-11.805472,-0.9208956,13.095477,1.092283,-24.75225,-0.70885503,0.043201648,1.641969,1.3639348,0.521523,6.146179,0.50797164,6.422866,1.4485903,21.242857,0.40580165,691.6478,0.35611486,1327.5286,0.20020792,-132.9032,-0.6871813,1781.5687,0.15480894,980.87103,0.35971367,-118.261734,-0.7279291,2764.6343,0.089080356,929.08026,0.37697726,-118.576385,-0.72432286,-11.59937,-0.5300193,20.257696,0.3554894,0.05339025,0.30644342,-0.019578388,-0.99588394,0.1291211,0.8894316,28.64041,0.24872574,-13.869088,-0.70709467,11.632863,1.7468971,-36.309143,-0.4621559,-9.367492,18.418966,0.018120712,-0.001205018,0.041810803,3.0434783,3.1531532,0.13285714,0.12936264,0.16142856,0.13819537,-34.49851,q,Ses04F_script03_1,Ses04F_script03_1_F016
468,36.159332,0.12537795,33.76919,35.60929,39.9953,6.2261086,-4.0317974,41.795258,75.31813,58.3741,0.25741813,0.71926314,0.0651133,0.22853954,0.40520415,0.34009084,3.7019525,2.146852,2.93402,1.8050228,0.082231104,1.1051086,31.383244,0.23448394,-9.523708,-1.0864902,14.995333,1.0583799,-21.389204,-0.79562956,0.023122933,1.2665552,1.1049734,0.66269046,7.5299644,0.4666865,1.1757483,6.6062746,23.267244,0.33563626,616.7706,0.35430208,1352.7682,0.16355702,-116.874054,-0.80369705,1677.2396,0.18064564,1049.8407,0.34353068,-112.02751,-0.78794044,2694.0867,0.08569912,1014.1368,0.32253557,-114.882904,-0.7425733,-13.140668,-0.45553696,24.13991,0.3006451,0.05093077,0.38012898,-0.021392612,-0.89743024,0.13020743,0.8378068,35.315113,0.20478141,-11.355355,-0.94564575,9.740386,1.840993,-29.424482,-0.6132283,-12.314312,20.753172,0.012744346,-0.0031200696,0.04042002,3.448276,2.34375,0.19666666,0.2452663,0.21,0.30528674,-34.130764,ans,Ses04F_script03_1,Ses04F_script03_1_M019
469,40.740833,0.20511961,35.984695,41.892406,47.37268,11.387985,94.29161,84.5011,103.72323,114.712,0.18107395,0.6844448,0.067832254,0.14968684,0.27177235,0.2039401,1.7475784,0.8201981,1.062273,0.6797574,0.046187766,1.0219703,25.005285,0.41246173,-10.550075,-1.4206569,4.9852853,2.6453452,-16.02461,-0.87618256,0.020061458,0.9045575,1.2263539,0.5081399,6.185583,0.60372066,7.673411,1.1537623,24.083149,0.41504043,708.59467,0.32237568,1329.8081,0.19240725,-129.08698,-0.71274,1662.0114,0.11746768,1135.4259,0.20630948,-117.828476,-0.76066756,2757.21,0.085061155,919.2808,0.39260206,-122.30544,-0.691963,-9.026945,-0.7097721,22.560997,0.2497934,0.038577627,0.4918816,0.0021103302,6.6573834,0.06247785,0.77531916,27.831985,0.28363433,-15.195737,-0.8891933,0.42812377,36.673992,-24.45319,-0.5569855,-8.622179,20.383738,0.007885721,0.0096724015,0.033760108,2.2624433,2.9748285,0.13692307,0.10079566,0.1776923,0.23446023,-41.753647,q,Ses04F_script03_1,Ses04F_script03_1_F017
470,22.08828,0.053384047,21.27398,22.370785,23.29309,2.0191116,-8.138851,14.161691,7.2297378,3.5065157,0.1466751,0.58316815,0.06315356,0.1271423,0.21637516,0.1532216,1.0421234,0.5290842,0.6240172,0.4581949,0.026665065,0.5713691,21.95262,0.8007957,1.2485034,9.385873,18.28046,0.5321375,-13.573963,-0.9916432,0.011034554,0.99577475,0.7867645,0.63052547,4.7004757,0.41656458,7.566465,0.34887126,22.554352,0.18788317,556.2301,0.3335671,1317.3779,0.16260517,-145.9433,-0.59670633,1739.6802,0.17914887,953.60474,0.3111788,-149.86494,-0.5341751,2661.269,0.08239226,940.8367,0.32821286,-150.1241,-0.53032416,-18.606312,-0.2551855,23.862764,0.19753705,0.020429492,0.84868485,-0.035502646,-0.8038152,0.036496375,0.43172392,37.78273,0.18681529,2.7654238,3.2001498,25.932598,0.4849604,-21.446674,-0.89744896,-5.8189793,13.941456,-0.00028295766,0.008436566,0.023359235,2.8490028,1.4450867,0.182,0.14062715,0.40666667,0.31488973,-41.267094,ans,Ses04F_script03_1,Ses04F_script03_1_M020
471,37.850014,0.21440934,35.189163,39.241875,44.541885,9.352722,117.45,39.06843,24.09538,9.922365,0.16059919,0.45571798,0.094627045,0.14873505,0.23910455,0.14447752,1.5235465,0.7658734,0.92284364,0.3897761,0.039590444,0.717304,24.748007,0.34945947,-4.9150553,-2.4988494,12.889898,0.85355777,-15.381861,-1.0091648,0.0232279,0.7114851,1.3399278,0.5089819,7.051857,0.4524667,15.818794,0.6245672,22.730001,0.32588148,591.7521,0.36933294,1364.8779,0.25796616,-143.1094,-0.5864903,1684.232,0.12559372,917.54395,0.23018295,-129.64482,-0.6365312,2693.1558,0.08347655,910.56146,0.30222908,-130.21936,-0.6295857,-14.793013,-0.31233802,21.832144,0.23945822,0.042278744,0.64725494,-0.00876539,-1.0780954,0.046598226,0.50891715,28.040941,0.17565866,-5.186856,-2.2379904,17.108707,0.66772103,-18.485409,-0.9031401,-8.667551,16.51531,0.024943458,-0.0020738328,0.035022084,3.6585364,3.73444,0.09555555,0.05964918,0.15222222,0.13146845,-43.536465,q,Ses04F_script03_1,Ses04F_script03_1_F018
472,26.30653,0.14416012,23.02929,25.563444,30.037457,7.0081673,77.46624,26.171757,57.262764,71.98876,0.26951024,0.9475495,0.07113332,0.19024856,0.39700067,0.32586735,4.2973266,2.914813,3.372566,2.4867904,0.09091859,1.2509732,27.05566,0.4565026,-6.631632,-2.2055488,24.875984,0.5292152,-6.8445735,-1.7018576,0.023950914,0.8178488,1.524086,0.71505934,3.06643,0.824724,3.4437003,1.5755814,17.122416,0.494844,663.3465,0.37656552,1253.9854,0.15422352,-140.37517,-0.61731374,1731.1554,0.16578785,932.49567,0.38450128,-140.38103,-0.59676844,2672.6562,0.10377674,926.75464,0.32967496,-140.32362,-0.597291,-11.28829,-0.5441084,17.797338,0.3378496,0.0265654,0.8134791,-0.016801607,-1.0161675,0.16202614,0.895745,36.045086,0.21917582,-12.034513,-1.3077238,30.929024,0.5134456,-10.595606,-1.436935,-10.882691,18.379606,-0.0036205193,0.0013564904,0.05821327,2.3679419,2.389706,0.12461538,0.096684694,0.2723077,0.212717,-33.351585,ans,Ses04F_script03_1,Ses04F_script03_1_M021
473,35.448597,0.12601268,32.65163,33.56855,38.547997,5.896366,66.68231,86.10889,56.665108,36.012848,0.2788714,1.1424736,0.076295584,0.15265115,0.33998376,0.26368818,5.027137,3.579159,5.4873395,4.055647,0.09106622,1.5809978,28.879051,0.3897837,-6.259912,-1.9524773,14.288156,0.9011978,-11.669486,-1.0102524,0.025441062,1.1735631,1.1326029,0.5367288,6.877683,0.44208115,5.448002,1.8120767,19.18456,0.36253932,693.4259,0.3396458,1305.7305,0.15967567,-102.70056,-0.891365,1727.694,0.15979166,1074.0955,0.2237801,-98.60114,-0.87971765,2724.3323,0.096655495,989.8402,0.3199718,-101.933235,-0.821043,-12.114721,-0.49591634,22.806242,0.3341851,0.028210279,1.0806378,-0.0048865667,-2.7697968,0.1322107,1.3263191,32.754765,0.2839339,-9.28421,-1.2456473,12.780437,1.1598848,-14.145372,-0.93214077,-11.821622,21.472002,-0.0010326543,0.0059575327,0.035160273,1.6778524,2.739726,0.195,0.12951833,0.14999999,0.18688232,-29.175022,o,Ses04F_script03_1,Ses04F_script03_1_F019
474,31.389824,0.17202534,27.086557,30.849161,35.707184,8.620626,93.00759,72.337814,57.083412,37.61015,0.44701678,0.72916037,0.1264452,0.40083957,0.73599327,0.6095481,5.4914227,3.6751196,5.4196863,3.1006513,0.1588479,0.94413716,27.533987,0.5330997,-6.380906,-2.282022,18.519419,0.86327416,-12.647511,-1.1931325,0.039068464,1.7746135,1.242809,0.83635455,5.480237,0.53590024,5.3825264,1.5101054,19.596903,0.36168298,749.0061,0.35117862,1276.8156,0.20163426,-99.861496,-0.92957,1798.3262,0.15974675,979.4826,0.23819615,-97.859604,-0.8947171,2780.171,0.09621144,897.3523,0.34787312,-99.24423,-0.87041515,-10.303212,-0.5616355,19.013493,0.40306753,0.049302585,0.47480014,-0.01621332,-1.1625482,0.2266923,0.6658174,33.855827,0.32820308,-12.5771265,-1.0485635,19.104538,0.8996897,-15.861162,-1.0626737,-8.054041,16.526728,0.011116396,0.0034519979,0.07755901,3.4816246,2.9296875,0.17999999,0.12372011,0.14,0.1496663,-28.280167,o,Ses04F_script03_1,Ses04F_script03_1_M022
475,29.06565,0.1246051,25.894484,29.3531,31.33326,5.438776,35.724743,14.916017,19.470003,6.5649037,0.41695464,0.7429989,0.14086345,0.33754164,0.6918626,0.55099916,6.2308955,3.2257004,5.670323,3.9829063,0.13618882,0.98362863,26.203907,0.53748465,-5.601403,-2.4804676,25.510054,0.6626125,-9.278653,-1.5843606,0.017923791,0.9632432,1.3461806,0.7359608,5.6896515,0.49558282,3.3252072,1.9851376,18.10635,0.3723352,696.1432,0.3854936,1258.3624,0.19455604,-101.00122,-0.9175672,1780.1925,0.15899777,871.63306,0.32285002,-102.710846,-0.8522972,2728.7146,0.101220675,925.64343,0.3372147,-102.67562,-0.85163254,-10.558935,-0.44089454,17.532524,0.32000747,0.040182024,0.6055184,-0.015425419,-1.1331065,0.1897746,0.7630175,33.15156,0.26614246,-9.791598,-1.4988792,25.945663,0.7480316,-11.900795,-1.4266891,-6.9444523,13.50779,0.012795177,0.0043199635,0.078151,3.5928144,3.3182507,0.14954545,0.0834744,0.13090909,0.10426842,-28.924564,o,Ses04F_script03_1,Ses04F_script03_1_M023
476,27.612957,0.16092353,24.343079,26.1586,30.77949,6.436411,103.11595,143.9004,24.503365,17.196373,0.37500265,0.6918388,0.16739237,0.29710913,0.55047,0.38307762,5.9865985,3.8636518,4.5895753,3.5615366,0.11317181,0.9607336,26.794136,0.68048614,-7.738351,-1.9297305,18.472452,0.852078,-9.919943,-1.1633972,0.017878642,0.9732124,1.194151,0.7380474,5.0299506,0.46692106,4.4747286,1.5398378,19.337479,0.42492485,668.0444,0.35863516,1333.6082,0.19771731,-93.10838,-1.0349423,1706.2406,0.15089226,963.229,0.30170494,-93.8071,-0.9670182,2680.6653,0.092711575,919.62506,0.26184717,-94.96861,-0.944662,-11.6260195,-0.45333982,19.267282,0.31574914,0.042588852,0.58517736,-0.017018493,-0.94434124,0.1573975,0.72906333,36.89837,0.2447223,-14.023991,-0.95143175,21.796242,0.7874714,-10.529411,-1.2715358,-4.56644,11.353598,0.009674683,0.0029509054,0.056915652,3.511236,2.1276596,0.256,0.19909127,0.19399999,0.2147805,-30.85064,o,Ses04F_script03_1,Ses04F_script03_1_M024
477,37.267467,0.07950452,34.874443,36.748516,40.09944,5.2249985,108.16771,87.60504,69.95476,74.13711,0.22982624,0.5552286,0.10324639,0.21118882,0.33245543,0.22920904,2.2400656,0.8722837,1.3336315,0.64396864,0.053142972,0.71433395,24.98828,0.41701686,-11.417284,-1.0944794,6.2264695,2.1051922,-24.022268,-0.5802883,0.022286307,0.7921855,1.288874,0.410231,4.0703754,0.71004087,1.4989358,6.585446,18.183401,0.55247796,739.9661,0.29859117,1379.098,0.14018388,-130.11987,-0.70047754,1723.0438,0.12283281,1130.7198,0.2661473,-123.52763,-0.7153848,2777.1633,0.07789435,925.2642,0.25338134,-126.08223,-0.6782837,-8.017442,-0.47489998,19.591331,0.34205526,0.04693817,0.40309697,-0.01127405,-0.9144463,0.073811896,0.52694625,26.946392,0.3501929,-16.091732,-0.67270154,3.9643478,3.3117747,-32.65481,-0.3450929,-6.569177,16.706942,0.017994871,-0.0001712829,0.039016403,2.9411764,3.3707867,0.11,0.07498148,0.16666666,0.14197026,-40.565132,s,Ses04F_script03_1,Ses04F_script03_1_F020
478,24.150837,0.08894861,21.430944,24.894491,25.906036,4.475092,25.793447,24.233496,13.471407,5.3708653,0.1895758,0.76011515,0.057993013,0.14305936,0.3131045,0.2551115,1.8010768,1.2181354,1.505524,0.9762044,0.041646212,0.8944394,29.878027,0.4144817,-1.5144727,-6.3004103,23.805243,0.7639395,-8.041888,-1.8181752,0.011944695,1.1637988,1.0167838,0.8493769,5.5387316,0.39343372,5.3418746,0.8166345,24.23872,0.2903023,655.0796,0.36367512,1369.6354,0.17646575,-107.434135,-0.879044,1740.5394,0.15568288,1009.36676,0.37002754,-113.22958,-0.773369,2692.3616,0.10500812,988.5648,0.3298648,-112.82166,-0.78090376,-15.249085,-0.36082777,22.752777,0.28720382,0.024634203,1.1115828,-0.01592446,-1.4004233,0.05797333,0.57402337,36.09553,0.27391538,-0.06696078,-145.59074,29.194668,0.73665506,-7.2899446,-2.5232816,-9.24613,17.507778,0.00528085,0.0032029764,0.027105402,2.0183487,2.037037,0.22727272,0.25757933,0.2225,0.32457983,-36.441616,o,Ses04F_script03_1,Ses04F_script03_1_M025
479,25.15507,0.078880176,23.65936,25.524008,26.345009,2.685648,27.395147,33.90843,18.927837,11.9064045,0.2867144,0.6345445,0.10015413,0.2584309,0.45595378,0.35579965,3.1779828,1.405584,2.5764346,1.5331215,0.068300985,0.82787764,30.105171,0.5192226,-3.4006243,-3.4860146,25.443363,0.55631864,-6.2355633,-1.8987075,0.015751293,1.4791836,0.9507596,0.7450482,5.673982,0.3574291,4.6751585,1.0377121,23.580513,0.3697392,575.84576,0.39717352,1328.6722,0.18650523,-83.63736,-1.1265917,1658.703,0.14454477,942.5845,0.3401655,-89.226265,-0.9877438,2657.8936,0.11004685,980.8386,0.2802157,-90.69132,-0.9588855,-15.087299,-0.40545535,22.278967,0.32204515,0.036033824,0.63615984,-0.021149252,-0.8212709,0.08950283,0.62822104,38.740852,0.20372765,-5.7801337,-2.150069,27.69145,0.57266474,-6.511924,-2.1266332,-7.634649,14.187654,0.0026977635,0.0034748556,0.03721347,3.3755276,1.9088018,0.305,0.2569533,0.18789475,0.20541559,-33.38475,o,Ses04F_script03_1,Ses04F_script03_1_M026
480,37.377335,0.1076728,33.68729,37.16165,41.550762,7.863472,681.50024,1005.09155,17.163317,13.544135,0.14426668,0.59863377,0.06125514,0.12461076,0.21542591,0.15417077,1.9439471,0.9892548,1.0382468,0.76545674,0.032347497,0.88449913,23.537994,0.30116707,-6.248067,-1.9224166,16.43719,0.67336977,-17.47223,-0.78604436,0.020258062,1.3061075,1.3926997,0.42309391,5.9846854,0.37297824,4.581937,2.3758135,17.589186,0.49441558,625.93585,0.3445241,1424.0006,0.19057313,-136.07652,-0.655049,1664.7065,0.124811046,1054.7007,0.24782641,-126.732025,-0.69358605,2697.2983,0.077494554,1015.9425,0.38065454,-128.25725,-0.6693586,-10.676495,-0.47505698,19.08968,0.31546864,0.03235135,0.69159734,-0.0076323315,-1.7125058,0.049850307,0.6082342,27.104067,0.20104174,-12.375057,-1.1696223,14.546402,0.91058576,-25.561954,-0.55499506,-10.219382,17.544044,0.009133135,0.003866715,0.021076402,2.312925,2.1917808,0.171875,0.22508939,0.2482353,0.28732508,-45.018284,o,Ses04F_script03_1,Ses04F_script03_1_F021
481,25.157034,0.08639494,23.518904,25.493338,27.348183,3.829279,124.11373,89.5096,-1.9021416,11.994481,0.2735596,0.92744803,0.061022848,0.19787902,0.44285744,0.3818346,5.9204125,4.1907964,5.1621017,3.9427729,0.08055825,1.220224,23.4296,0.6430254,-3.4301875,-3.9962106,23.748426,0.61410916,-10.364798,-1.2751985,0.01941245,0.94453335,1.3595748,0.66554886,4.3031597,0.5148742,5.8252325,0.79070467,17.477987,0.4232888,651.727,0.43139324,1259.2689,0.21752404,-114.900734,-0.841546,1733.091,0.15268631,915.7739,0.35638902,-118.645615,-0.77155364,2674.826,0.0914447,881.01,0.2418242,-118.8816,-0.76715916,-11.887784,-0.4105925,18.435051,0.32297885,0.030846864,0.751407,-0.018448276,-1.0908768,0.15361886,0.7237858,33.929813,0.2584231,-10.097223,-1.5726174,29.804634,0.63440174,-10.502959,-1.6947151,-8.067313,15.015518,-0.008498192,0.006926114,0.026490957,2.834008,1.2396696,0.3433333,0.20981473,0.32999998,0.27285528,-32.360527,q,Ses04F_script03_1,Ses04F_script03_1_M027
482,38.225792,0.12153355,34.145905,38.070072,42.24236,8.096455,146.9426,145.5028,64.721275,40.65377,0.17493394,0.46928304,0.09289915,0.1705225,0.2664931,0.17359397,1.5868998,0.5323147,0.93044996,0.44413844,0.04315806,0.7041292,22.014967,0.5485392,-1.0389682,-8.615002,14.622818,0.6494893,-19.610594,-0.77959037,0.04727055,1.060616,1.3919988,0.40504542,6.489472,0.42493895,9.742362,0.8205461,22.070845,0.40579242,704.95215,0.35883987,1490.1437,0.14075328,-133.31944,-0.641134,1693.6228,0.14486398,1176.5135,0.21560115,-121.82925,-0.6804894,2800.3152,0.10387234,1008.8748,0.3298986,-124.3903,-0.6455178,-13.292927,-0.29516038,23.332148,0.1593018,0.036518402,0.636933,-0.0079034725,-1.2772267,0.055494554,0.5095747,27.870361,0.24739538,-2.8539867,-2.5832443,11.916975,0.8881969,-23.727512,-0.66163236,-8.151617,15.922888,0.012507977,0.0011520012,0.034744687,3.6649215,3.7634408,0.10714286,0.06734013,0.12,0.13190906,-42.084385,q,Ses04F_script03_1,Ses04F_script03_1_F022
483,29.093136,0.21205309,26.04626,27.633497,29.058575,3.0123138,429.94077,524.13153,75.532,85.58732,0.35403025,0.7088279,0.12555264,0.2780127,0.6011662,0.47561353,5.3489056,3.2406766,3.3315494,2.0673738,0.11132054,0.9316847,29.539503,0.37577856,-4.5524745,-2.8442981,28.702261,0.62140405,-11.386341,-1.3034647,0.021366056,1.1232554,1.2741154,0.7670648,5.425024,0.43784738,6.389658,1.2154952,20.297655,0.58862054,643.6876,0.39439142,1247.4266,0.16818315,-89.193535,-1.0304035,1755.0461,0.14764334,896.2815,0.44620302,-90.3493,-0.9441131,2712.6003,0.10148024,939.5926,0.28686756,-89.879875,-0.9535652,-12.6348295,-0.5206123,19.534086,0.374757,0.03012493,0.8551547,-0.018106285,-0.9163172,0.14541064,0.7664256,33.60729,0.21647957,-6.413208,-2.159731,30.12319,0.6549856,-13.254831,-1.210051,-9.978035,16.260609,0.0054624826,7.580471e-05,0.058086265,3.5856574,2.8225806,0.20428571,0.13156825,0.13,0.09235026,-31.056435,ans,Ses04F_script03_1,Ses04F_script03_1_M028
484,38.4857,0.17222127,34.727066,38.141624,43.717445,8.990379,272.90152,562.37787,132.7187,147.08661,0.34755653,0.67108744,0.16570833,0.27476057,0.5354101,0.36970177,3.6619737,2.155951,2.7177472,2.6584466,0.123377174,1.2064313,27.685377,0.3401999,-11.492934,-1.0938989,11.830114,1.7827432,-23.21577,-0.69698924,0.02968363,1.1340175,1.3765368,0.54109645,6.335656,0.56420225,4.7907805,2.0980408,17.907404,0.7590691,759.9866,0.33433154,1323.9087,0.20935209,-86.38667,-1.0511465,1782.4072,0.15343629,1058.1425,0.33183345,-82.924965,-0.99357855,2791.3923,0.09342311,977.1604,0.508726,-84.88478,-0.9479804,-10.43492,-0.56269765,21.017452,0.31544566,0.047963485,0.6087066,-0.0112220915,-1.6190146,0.14963844,1.0954193,29.09688,0.28533393,-13.621405,-0.910966,7.364958,3.024439,-27.257067,-0.60782164,-9.218155,17.386229,0.028124724,-0.0017084937,0.07877984,2.5145068,3.90625,0.1545,0.12330755,0.081499994,0.065213114,-29.520761,s,Ses04F_script03_1,Ses04F_script03_1_F023
485,35.75485,0.23809138,27.239012,34.112743,45.608734,18.369722,871.3606,1183.3752,98.534454,85.038414,0.41801846,0.7186234,0.19367984,0.3221092,0.6234025,0.42972264,4.775164,1.5329255,4.807312,2.549218,0.16710678,1.2308348,29.81947,0.35133547,-12.860493,-0.8849307,23.125563,0.8015148,-17.626268,-0.7212027,0.03158489,1.627756,1.1918316,0.41781113,5.722865,0.5925652,7.395697,1.051333,15.330633,0.68296206,707.3059,0.36870453,1205.4486,0.18919152,-65.70265,-1.2971635,1768.3818,0.12912928,951.1786,0.38408488,-70.16025,-1.0960145,2690.5303,0.097208604,996.54694,0.32271525,-69.28446,-1.1183013,-9.855444,-0.5820017,16.624352,0.47798666,0.054213766,0.45579165,-0.017528608,-1.2025301,0.19498397,1.1266354,30.278837,0.33596393,-14.902213,-0.7766237,21.425358,0.8655018,-19.119333,-0.6774387,-10.38332,17.632238,0.034181178,-0.01137445,0.11339666,3.7234042,3.846154,0.17571428,0.13264962,0.089999996,0.04560702,-26.660362,o,Ses04F_script03_1,Ses04F_script03_1_M029
486,39.408466,0.14645007,33.552544,40.59492,44.939278,11.386734,459.6672,914.2187,134.96059,128.28244,0.23736657,0.53510964,0.12980886,0.20925817,0.32906947,0.1992606,2.4389224,1.0481421,1.4569671,0.93423027,0.0600716,0.7412422,26.950615,0.21110617,-13.954583,-0.9407419,18.838793,0.886539,-19.304699,-0.65107185,0.022324167,1.1171924,1.2366885,0.46460548,6.579131,0.4610875,6.3956428,1.3695816,14.93716,0.57875127,644.77655,0.36728182,1374.6624,0.1963472,-104.9951,-0.86204296,1660.8967,0.13817765,1067.2517,0.30772662,-92.35706,-0.9170398,2664.271,0.09138295,1033.5051,0.29421997,-93.77216,-0.88962734,-9.616897,-0.5125533,17.432802,0.36469162,0.032136828,0.7427516,-0.00273964,-4.340027,0.06570301,0.642062,27.596157,0.2236183,-16.678152,-0.7922989,18.221478,0.8473188,-23.22595,-0.5216202,-8.816452,17.504446,0.015968041,0.0013147969,0.049630046,3.6900368,4.096834,0.13318181,0.11522256,0.10263158,0.08919772,-39.492363,ag,Ses04F_script03_1,Ses04F_script03_1_F024
487,28.743862,0.22323799,21.935644,27.159916,36.371452,14.435808,2.05025,13.209079,37.96879,0.0,0.3059817,0.77198195,0.107018135,0.21076845,0.52773494,0.4207168,5.438377,3.395316,2.5059664,2.3919015,0.10323265,1.0693551,27.86716,0.5173859,-10.5751095,-1.3955883,11.641814,1.0429403,-18.616446,-0.87586164,0.023878641,0.92354304,1.4488109,0.63295305,4.5063267,0.79547375,5.0662127,0.9667718,20.964338,0.4261007,580.6196,0.3546429,1263.9128,0.09919061,-124.67479,-0.75671417,1615.4751,0.17904069,1060.7683,0.28869456,-123.07381,-0.74594426,2670.853,0.11145516,742.21875,0.28135625,-125.59759,-0.7069465,-11.192871,-0.3962418,20.64828,0.23283821,0.05263208,0.46812806,-0.022475073,-0.5175558,0.20238993,0.53666645,37.971535,0.10795917,-14.699576,-0.8687054,7.2484803,2.0734043,-27.187437,-0.7654219,-4.88342,11.987792,0.0058186604,0.0038868468,0.041902743,3.7634408,1.6853933,0.22999999,0.089814626,0.255,0.21604396,-32.210583,q,Ses04F_script03_1,Ses04F_script03_1_M030
488,34.347553,0.038482208,33.17076,34.18862,35.07806,1.907299,29.224527,11.665635,16.579302,16.529772,0.117173575,0.37354347,0.07448363,0.11294338,0.15712604,0.082642406,0.82260686,0.4562382,0.6648038,0.3722683,0.022232477,0.5045547,27.826239,0.41921487,-2.3370275,-4.05664,20.51787,0.6385276,-12.783138,-1.0539527,0.016558707,0.70016026,1.179902,0.463475,7.10376,0.23243622,11.457673,0.4761023,25.475697,0.26158276,617.9276,0.2995039,1501.1057,0.15286605,-109.78635,-0.8369391,1665.7164,0.12944387,1091.4312,0.34919018,-109.93642,-0.7785993,2705.224,0.08880609,992.0783,0.2693748,-112.13347,-0.74557257,-14.268238,-0.35114333,24.370594,0.27149454,0.030427303,0.7648961,-0.004223867,-2.602395,0.025853189,0.32624206,34.654167,0.15094154,-3.5902631,-2.0605006,24.704006,0.61422014,-15.502418,-0.9930846,-8.910248,15.731442,0.013137528,0.0062209875,0.019382423,4.577465,2.8673835,0.16624999,0.23910967,0.16,0.1785357,-47.771675,ans,Ses04F_script03_1,Ses04F_script03_1_F025
489,28.125166,0.12339537,25.49199,26.959818,30.570616,5.0786266,105.98648,62.735077,28.686544,9.764944,0.34314167,0.6979217,0.111061394,0.29240823,0.5410271,0.42996573,4.075381,2.0013201,2.4902728,1.4755435,0.10202318,0.9947095,31.097462,0.38141412,-7.633377,-1.8354139,22.113468,0.55769986,-10.870705,-1.2429293,0.020917093,1.5966029,1.1578696,0.7572596,5.3209057,0.49261612,3.1168334,1.8349167,22.026989,0.3632108,709.45544,0.32028458,1344.1813,0.15828872,-95.19893,-0.9900044,1773.3146,0.1579639,1024.5809,0.35593787,-98.88442,-0.89695644,2740.0706,0.09886816,1010.5159,0.37482178,-100.37951,-0.8707788,-12.071236,-0.5721515,19.455023,0.36114,0.04366913,0.55660456,-0.017846422,-1.1135583,0.15314686,0.69928056,37.735363,0.24476182,-8.920532,-1.8133098,22.80904,0.6295246,-12.50538,-1.1396371,-8.379659,15.992289,0.009686475,0.0036576765,0.041361686,2.824859,2.471483,0.21230769,0.15433,0.17076923,0.186855,-31.200161,s,Ses04F_script03_1,Ses04F_script03_1_M031
490,38.02642,0.11816771,32.801395,38.67005,42.595047,9.793652,62.652115,44.868683,101.20433,122.17777,0.23657303,0.5077636,0.13102052,0.22351046,0.3436759,0.2126554,2.0240479,0.68016165,1.3506448,0.4617671,0.067992516,0.8200001,29.210316,0.22837694,-12.451455,-0.9771357,7.711027,1.9799341,-26.380995,-0.7627785,0.02387401,1.1366423,1.297403,0.4390985,5.8114634,0.50047576,1.9698434,5.7311406,18.772184,0.61698085,679.2554,0.30812854,1410.9001,0.22270387,-106.389084,-0.88863033,1661.1837,0.14952667,1152.0953,0.23877265,-100.186066,-0.88850856,2760.515,0.08624538,906.3059,0.32401884,-104.26196,-0.8187599,-10.007168,-0.6743525,23.276703,0.32036793,0.031995166,0.6045895,-0.011635117,-1.5106444,0.09210472,0.6539025,30.407686,0.22785537,-13.646056,-0.97238016,1.7470427,8.888585,-32.68112,-0.64935696,-9.4964695,18.52036,0.022378571,-0.0025201289,0.041671216,3.02267,2.8061225,0.18181817,0.1808474,0.16700001,0.17418666,-37.77436,s,Ses04F_script03_1,Ses04F_script03_1_F026
491,24.807423,0.151298,21.664242,23.82057,29.149675,7.4854336,23.975716,18.263935,15.846731,18.381723,0.30549392,1.0429721,0.0832219,0.20873982,0.45343634,0.37021446,6.353199,6.487597,5.236174,5.700648,0.09475488,1.651419,31.782461,0.4585959,-6.5229344,-1.925013,19.978117,0.59147674,-8.425771,-1.3595052,0.016444556,1.6159089,1.1511586,0.7690429,5.067035,0.36934808,5.7098117,1.0027473,25.15205,0.3939696,705.2324,0.3730318,1326.6788,0.22478342,-86.66393,-1.0888203,1741.3748,0.1738518,1057.4955,0.2858107,-90.743576,-0.98909676,2753.8848,0.11855785,968.3239,0.38589582,-93.92353,-0.9278293,-13.846465,-0.38232148,23.672554,0.277395,0.029993325,0.78997624,-0.011289152,-1.1186167,0.14310612,1.3183815,39.789387,0.21748275,-8.805876,-1.6504539,18.858027,0.7174647,-6.9479795,-1.9191573,-8.239565,15.834356,0.0029293795,0.005343218,0.028392132,2.1582735,1.6990292,0.33571428,0.19404395,0.2025,0.19427751,-29.889704,q,Ses04F_script03_1,Ses04F_script03_1_M032
492,38.882397,0.11184935,35.151283,38.37758,42.61125,7.4599686,96.072044,30.67334,76.0824,87.61558,0.20905386,0.5533392,0.110346206,0.1807938,0.27175233,0.16140613,2.0132818,1.5526367,1.3025167,0.8623227,0.060275175,0.9972118,24.696686,0.30776572,-12.276744,-1.0024949,16.93464,1.1215274,-20.05116,-0.6456515,0.025636557,0.79803735,1.4395545,0.62674123,5.924504,0.44268894,7.7063785,1.3034728,17.867556,0.58807737,760.4653,0.34307387,1358.0553,0.22493263,-134.03963,-0.6447009,1736.2666,0.15450592,1069.217,0.26226783,-121.116035,-0.7229546,2747.0457,0.07165275,943.78815,0.25194678,-123.95595,-0.67870706,-9.548286,-0.5005421,20.944103,0.2701449,0.043669187,0.49948245,-0.0049699196,-1.8672832,0.08338371,0.84875757,27.743172,0.19461675,-15.6447735,-0.85516006,12.250651,1.8718922,-23.30792,-0.47700924,-8.420716,16.16952,0.023720603,-0.0009424141,0.04253716,3.558719,3.6231885,0.10699999,0.07629547,0.13454545,0.17190714,-38.58405,ans,Ses04F_script03_1,Ses04F_script03_1_F027
493,31.659313,0.25900748,24.193521,29.186377,41.19405,17.000528,121.66443,48.995464,36.475845,42.49395,0.29385504,0.5896074,0.1511142,0.24419856,0.43405172,0.28293753,3.4886715,2.0421185,3.5586462,3.4768953,0.09156464,0.79909325,29.201412,0.28021803,-12.545037,-1.141755,31.179193,0.70078164,-8.603957,-1.8945814,0.037803482,1.5722486,1.5317177,0.6651762,5.289874,0.51067585,11.179374,0.7249331,14.871746,0.57931143,758.41455,0.38169783,1197.9174,0.21956985,-127.19205,-0.6753388,1829.7985,0.12587805,910.89655,0.41845912,-125.30108,-0.66000944,2727.222,0.09359461,1024.2141,0.31728292,-124.656296,-0.6676181,-10.879589,-0.5034868,17.415026,0.33227825,0.0379518,0.60669374,-0.009620774,-1.177244,0.11403529,0.7530905,31.786806,0.21381581,-12.510026,-1.172161,36.723923,0.65904135,-7.4733195,-2.1171017,-8.184854,15.499932,0.023702778,-0.004373836,0.07854686,4.7445254,4.477612,0.082499996,0.0524603,0.13,0.124316305,-35.062233,o,Ses04F_script03_1,Ses04F_script03_1_M033
494,36.251297,0.13911168,33.174805,35.08493,40.508717,7.333912,158.35703,183.41158,130.98907,195.83818,0.26968858,0.47313255,0.15042715,0.2460158,0.38475972,0.23433258,2.8305368,1.3862691,1.3459457,0.8007136,0.06765508,0.7321784,25.052397,0.4178434,-12.709558,-1.1158621,15.190294,0.9247686,-26.191978,-0.70533574,0.024659708,1.7703704,1.2500148,0.48118165,5.2367945,0.5393089,4.601432,2.160336,17.40042,0.5356701,672.462,0.37053698,1360.8989,0.20346604,-75.82496,-1.183932,1698.9113,0.16282481,1074.362,0.25200412,-71.60612,-1.147697,2714.709,0.088591,973.8113,0.33444726,-74.12448,-1.0854763,-9.341365,-0.59388137,18.747025,0.38598883,0.041650604,0.60939634,-0.009733427,-1.4717867,0.07141041,0.62679404,27.377878,0.2809751,-14.244351,-0.9572368,13.904893,1.0561589,-31.704836,-0.5523096,-6.3903527,14.697594,0.019511005,-0.0004141401,0.05760805,3.3747783,3.052065,0.21529411,0.19171417,0.103333324,0.11411496,-38.13396,s,Ses04F_script03_1,Ses04F_script03_1_F028
495,31.85336,0.30779734,25.481995,28.097448,30.088318,4.6063232,49.349346,36.744694,123.14582,149.78477,0.4774064,0.55293405,0.28751466,0.4099998,0.6215461,0.33403143,2.8941257,2.122559,4.923378,3.0763152,0.13024196,0.8109717,18.58505,0.9839489,-8.85228,-1.4931068,19.007881,0.9135012,-8.545892,-1.2784681,0.021034606,0.72598565,1.2646855,0.55914897,4.1490626,0.70607674,2.0657723,2.579289,13.829083,0.57887244,659.8303,0.43902543,1217.7336,0.19301453,-96.48842,-0.96687424,1672.961,0.1607199,917.5899,0.32716033,-100.07381,-0.88651156,2653.4805,0.09649837,923.0237,0.26329127,-100.71202,-0.8785866,-6.5881004,-0.7747072,14.377607,0.5346338,0.04746551,0.406265,-0.015054113,-1.0465928,0.17475325,0.7060822,28.029358,0.50608695,-15.826303,-0.70163083,20.021112,0.94996744,-11.75005,-0.8868386,-1.9520421,8.006251,0.023755152,0.002914776,0.08477542,3.3898306,3.4632034,0.14375,0.12429174,0.11,0.08082904,-30.56472,s,Ses04F_script03_1,Ses04F_script03_1_M034
496,37.122623,0.2623686,28.50864,31.57752,48.456482,19.947842,110.5697,87.30648,133.57162,87.910645,0.43009186,0.55733496,0.24000794,0.3753981,0.6038045,0.3637966,3.9658816,2.1208978,2.6367564,1.2023112,0.12832431,0.6757371,22.935383,0.65506744,-15.7957,-0.92034596,13.929452,1.2653881,-17.662825,-0.93354124,0.028077384,1.0382416,1.2187634,0.53462136,5.8548837,0.5041117,4.5722904,1.8997258,14.359954,0.7715222,695.56,0.3733402,1297.4104,0.19012819,-99.236916,-0.940924,1700.2169,0.13101351,993.4144,0.34945196,-91.26834,-0.9583715,2702.1267,0.08934008,938.8182,0.39104635,-92.173325,-0.9402629,-8.384297,-0.5577487,17.266119,0.35606253,0.05045629,0.4590257,-0.011382734,-1.4749024,0.16569005,0.5316291,27.31918,0.4823829,-19.892334,-0.6580461,12.915617,1.5066956,-18.787453,-0.9348252,-5.001762,11.89865,0.034707192,-0.0018946406,0.07992431,3.4391534,3.2258065,0.17166665,0.11134281,0.118333325,0.077549264,-30.82906,o,Ses04F_script03_1,Ses04F_script03_1_F029
497,28.63837,0.20777327,23.04879,27.724695,31.29871,8.24992,33.104202,7.3208637,86.24732,106.72987,0.4057841,0.579821,0.24000794,0.3153383,0.56688774,0.3268798,3.3273854,2.0573738,2.56053,1.2109839,0.11374624,0.6607324,33.032207,0.30882147,-13.020794,-0.98728096,24.418938,0.41157952,-9.072187,-1.3120139,0.016305769,0.94123423,1.1076305,0.67787653,5.151409,0.5223587,5.7755446,1.1465392,19.385181,0.3876467,606.46686,0.38354817,1297.6738,0.15541252,-67.53974,-1.2937356,1629.9944,0.106109686,1063.7349,0.25216988,-68.75356,-1.1567287,2553.8193,0.092156954,993.845,0.38276166,-69.70345,-1.1337482,-11.591423,-0.38171342,18.507471,0.2878092,0.0354049,0.5297795,-0.015239097,-0.7536414,0.12769158,0.64616454,36.4029,0.20738636,-14.667886,-0.829867,25.977943,0.36996165,-6.4443836,-1.8536855,-8.87155,16.616005,0.026064163,-0.009462918,0.08515488,4.2253523,3.8647344,0.1725,0.15546301,0.08833333,0.03715583,-30.468262,s,Ses04F_script03_1,Ses04F_script03_1_M035
498,31.652958,0.21086007,22.374332,32.634705,38.721813,16.34748,41.498093,17.075994,61.912827,22.208649,0.1665197,0.50226337,0.07861904,0.15453528,0.25745934,0.17884031,1.5607731,0.8499694,0.33844802,0.638677,0.04140769,0.6632542,29.216833,0.2506809,-7.130587,-1.4352447,18.88179,0.47636735,-9.862225,-1.0654835,0.023447694,1.1542789,1.4219931,0.58929473,5.104744,0.4401175,6.4846387,1.3669423,17.54517,0.42606708,495.2438,0.30684245,1283.5244,0.13206485,-143.23341,-0.58795536,1566.6656,0.10366185,1044.0315,0.16085102,-135.03209,-0.6110665,2502.7688,0.08824628,1087.5576,0.3920656,-135.64488,-0.6039161,-12.561217,-0.3235541,19.379694,0.27211368,0.020577118,0.7995148,-0.014769867,-0.9523589,0.054891236,0.45882416,32.209206,0.16437392,-9.9705515,-1.1341621,24.919142,0.30900702,-14.609514,-0.75563425,-12.398913,20.80884,0.014681378,-0.004940656,0.03546133,3.4482758,4.0404043,0.0775,0.05332682,0.17,0.20681255,-43.194782,o,Ses04F_script03_1,Ses04F_script03_1_F030
499,25.088005,0.12001381,22.4826,24.66143,27.344944,4.8623447,169.14899,173.43956,40.64349,25.375105,0.2511575,0.8074892,0.060909286,0.18677266,0.44512615,0.38421685,3.7588637,1.9723393,2.7251978,1.1172466,0.07710531,0.9476991,32.070137,0.3233322,-7.416562,-1.7295139,18.712772,0.6317134,-6.4986506,-1.6864736,0.026533937,1.3869712,1.2684301,0.5614169,3.3308516,0.578556,5.3881717,0.76447433,21.629673,0.3615265,683.4531,0.4108225,1381.7946,0.1925038,-118.794754,-0.7743934,1661.3414,0.16759235,1117.5468,0.21734041,-119.76299,-0.75079834,2697.1548,0.099476166,916.4766,0.2784968,-122.574524,-0.70714194,-11.420121,-0.39038187,21.17081,0.312728,0.030484093,0.7203511,-0.01045076,-1.3041012,0.11539338,0.590748,37.433395,0.26427507,-12.154412,-1.2415708,18.018085,0.8258982,-8.541047,-1.3692328,-12.417904,21.21259,0.006357863,0.0030300997,0.05070559,3.0898876,2.8490028,0.139,0.08251667,0.17363636,0.18237188,-35.041557,s,Ses04F_script03_1,Ses04F_script03_1_M036
500,0.0,0.0,0.0,0.0,0.0,0.0,0.0,0.0,0.0,0.0,0.113542266,0.69379294,0.06314714,0.07787163,0.13725725,0.074110106,2.2010198,1.2569239,0.6337129,0.45988968,0.023894832,1.1164293,22.074757,0.21462348,-5.551296,-1.2570511,15.510703,0.42074174,-11.863351,-0.6376058,0.0,0.0,0.0,0.0,0.0,0.0,0.0,0.0,0.0,0.0,0.0,0.0,0.0,0.0,-201.0,0.0,0.0,0.0,0.0,0.0,-201.0,0.0,0.0,0.0,0.0,0.0,-201.0,0.0,0.0,0.0,0.0,0.0,0.0,0.0,0.0,0.0,0.0,0.0,0.0,0.0,0.0,0.0,0.0,0.0,0.0,0.0,-9.422446,18.177002,0.0014170663,0.0037249285,0.023543289,1.2605042,0.0,0.0,0.0,2.32,0.0,-47.636497,s,Ses05M_script03_1,Ses05M_script03_1_M000
501,36.53389,0.057895645,34.11425,37.02712,38.639023,4.5247726,51.491257,23.892023,38.75081,7.107447,0.14538147,0.42314935,0.0860327,0.1333192,0.20060071,0.11456801,2.1723642,0.83917546,0.85265243,0.4303426,0.03191005,0.6027377,23.169193,0.3571134,-0.94277954,-12.044079,16.271984,0.43923005,-13.381822,-0.6079846,0.02632315,1.0445889,1.0460446,0.5571171,9.508076,0.18806267,5.024587,1.8307562,16.506641,0.35203087,766.15735,0.2392138,1463.9025,0.21439582,-140.04028,-0.5895906,1784.5342,0.13759908,1185.05,0.38045752,-136.7517,-0.5866326,2769.6125,0.11167397,972.4098,0.32362193,-138.563,-0.5607891,-16.472952,-0.4093874,27.002787,0.27970582,0.011496232,1.4523472,-0.011915294,-0.7387997,0.04655846,0.2956745,28.528074,0.282744,1.4483398,9.264354,19.076786,0.46620655,-14.262066,-0.54691076,-8.820673,16.679678,0.0027829253,0.0027488226,0.025178872,2.9850748,2.3255816,0.14999999,0.086023256,0.1925,0.13988835,-43.198643,q,Ses05M_script03_1,Ses05M_script03_1_F000
502,27.83603,0.10584058,26.844315,27.029337,27.146677,0.30236244,-0.62066185,0.0,55.604774,0.0,0.10611398,0.419922,0.06865912,0.08650955,0.14481947,0.07616035,0.77606744,0.4187976,0.67711926,0.39872682,0.019566286,0.6191389,24.136026,0.3927555,-2.0872324,-3.293051,16.889318,0.25328198,-10.237161,-0.803683,0.011515989,0.7943624,1.5474061,0.4542673,5.5328555,0.4088217,3.0193136,1.259697,27.871447,0.17434944,694.58673,0.31636855,1474.6362,0.23855573,-157.47473,-0.49429727,1758.0685,0.16346522,1166.3553,0.18933424,-160.92632,-0.44535336,2807.8218,0.06100525,957.30383,0.4117277,-162.2469,-0.42774847,-17.466599,-0.31257156,27.907986,0.19548324,0.0153048765,0.9200199,-0.015190771,-0.9308959,0.036257457,0.3444189,37.828312,0.117951006,2.793424,2.627186,18.93849,0.2307463,-14.429911,-0.821404,-8.994526,17.869848,0.0017288963,0.006146273,0.015381001,2.8089888,1.734104,0.12,0.11430952,0.43666667,0.38853,-47.351627,ans,Ses05M_script03_1,Ses05M_script03_1_M001
503,38.698307,0.059149656,36.997677,38.902847,40.6728,3.6751213,25.407139,11.089308,-5.576192,23.94743,0.1829573,0.6252829,0.06317348,0.18123071,0.2813762,0.21820274,1.9245262,1.2045988,2.235815,1.3004671,0.04279708,0.8135873,26.584328,0.37661558,-3.8340979,-2.883401,13.7916975,0.8064198,-13.321071,-0.8097673,0.013283114,1.022753,0.8651664,0.796105,10.668918,0.29168692,10.247387,0.9232249,21.590235,0.47810313,702.9836,0.28423616,1348.7477,0.17033814,-126.893936,-0.68840605,1751.3306,0.11427655,956.4199,0.25668624,-114.34976,-0.74729,2804.8657,0.09150984,948.8338,0.35752487,-116.93592,-0.7104971,-14.867903,-0.45092642,24.086576,0.38543034,0.02494636,0.73903847,-0.013937622,-0.76342136,0.06208938,0.493291,31.101725,0.25789192,-5.6816473,-2.3380795,16.795504,0.75806206,-17.761925,-0.64387256,-10.011205,20.568268,-0.0009879963,0.0020727084,0.025503505,4.105572,2.0833335,0.2242857,0.16176325,0.205,0.17226432,-38.921722,s,Ses05M_script03_1,Ses05M_script03_1_F001
504,32.849045,0.10106928,30.061024,31.995186,37.08266,7.021637,76.6126,58.987415,9.748612,7.369196,0.10294575,0.62239635,0.05778797,0.063680395,0.16125089,0.10346292,0.9984535,0.87725693,0.63350374,0.3615508,0.024658458,1.0961177,27.470629,0.2385453,1.4162668,5.543112,16.485085,0.5414725,-5.479935,-1.5786415,0.019205032,0.6892471,1.0625408,0.46003482,7.2629814,0.3707431,8.330601,1.0163871,26.722027,0.19798242,576.87463,0.37203842,1440.6537,0.16828538,-153.69136,-0.52132803,1665.5956,0.15838642,1051.3202,0.26288214,-149.07922,-0.51635635,2783.0044,0.09414319,898.06696,0.42490092,-150.53613,-0.4965802,-18.628002,-0.23592049,28.162285,0.21148627,0.018253632,1.1132267,-0.008525849,-1.3983138,0.037849005,0.5856731,32.617115,0.21166763,8.993199,0.8767527,19.41897,0.6879466,-6.5589485,-2.1175203,-12.917301,23.074528,-0.0047572185,0.005003816,0.019803513,1.8867925,1.4492754,0.19666666,0.026246693,0.3525,0.26042032,-44.512283,s,Ses05M_script03_1,Ses05M_script03_1_M002
505,36.76279,0.101389565,32.123558,37.08609,39.707504,7.583946,15.991355,2.3543007,81.70408,0.0,0.09386028,0.55778575,0.059303407,0.06826386,0.14166595,0.08236255,0.7310335,0.50069946,0.6995103,0.55519444,0.01819503,0.8863655,24.399082,0.27615437,0.31422317,20.950863,16.326002,0.49434698,-9.325079,-1.0174736,0.019700117,1.5849278,0.84191996,0.4818825,9.701041,0.24704994,12.951982,0.82514477,26.731861,0.22083764,721.41064,0.23184171,1469.8147,0.11267508,-158.45088,-0.47522834,1776.8002,0.10843818,1051.2507,0.3449142,-158.0601,-0.45952493,2871.6328,0.057372253,981.8923,0.24068245,-159.69061,-0.43796152,-19.378895,-0.23258822,30.82734,0.22597274,0.02594344,0.8720828,-0.013304263,-0.713459,0.038914014,0.48329288,32.775105,0.17432404,5.0279074,1.6975425,21.519117,0.5138339,-15.186418,-1.0144053,-11.603934,21.22896,-0.011310001,0.007060383,0.011527384,2.1186442,0.86580086,0.28,0.11,0.56666666,0.43284586,-45.91051,q,Ses05M_script03_1,Ses05M_script03_1_F002
506,28.60749,0.070449196,27.66003,28.958015,29.718836,2.0588055,16.047821,6.9630494,23.986794,2.5782998,0.12296593,0.4930772,0.062765986,0.10920316,0.18682404,0.12405805,0.80290174,0.5286768,0.61541903,0.2798831,0.027336538,0.74826866,29.613817,0.388542,-1.4764351,-7.270681,10.856636,0.7317114,-8.905888,-0.9079663,0.01864512,0.9840358,1.1656853,0.47399002,4.813651,0.4392439,1.3853915,3.5766857,25.892488,0.26699752,673.1001,0.3046209,1439.9558,0.13042827,-132.31343,-0.6556247,1665.5546,0.13179372,1257.7612,0.18138063,-133.81866,-0.61632264,2747.6978,0.09339846,1105.9135,0.238564,-137.3739,-0.56752986,-14.087048,-0.39315608,27.563742,0.17028292,0.024187725,0.7193264,-0.0070485533,-1.9582275,0.04244963,0.41340688,39.407692,0.14164358,-2.8371205,-3.9092526,12.113917,0.7278649,-8.128211,-1.1236721,-11.20304,21.345808,-0.0027173907,0.0009871235,0.01881992,3.618421,2.6755853,0.13,0.10874282,0.19777778,0.27647695,-45.561447,s,Ses05M_script03_1,Ses05M_script03_1_M003
507,36.269665,0.1414963,33.79612,37.23262,39.57567,5.7795486,41.307373,21.465685,16.474297,0.0,0.11393545,0.5169068,0.06285778,0.09715399,0.15574625,0.092888474,0.7126785,0.53035265,0.9433831,0.5019081,0.020515652,0.6323942,25.650833,0.37567168,1.7642721,4.9025884,13.268682,0.78823733,-13.698367,-0.81708413,0.0146689145,1.0269139,0.87037957,0.8389676,9.823676,0.32771358,4.348875,5.344405,17.161577,1.9994135,742.6544,0.22488715,1404.8578,0.15273726,-132.50203,-0.65698206,1779.3466,0.10387559,1070.7393,0.24227595,-133.1036,-0.6155602,2892.0505,0.07673406,885.98175,0.3786495,-135.07413,-0.5885615,-16.557941,-0.315959,28.322525,0.20029727,0.014053933,1.6107196,-0.0113806315,-0.75993514,0.028967502,0.49025032,33.17334,0.18151873,0.32852536,27.311352,13.568536,1.1097498,-20.897924,-0.63643235,-12.918005,21.945213,-0.00819466,0.0032818618,0.015545321,3.9647577,1.8018018,0.2075,0.19791095,0.26,0.16697305,-45.35288,ag,Ses05M_script03_1,Ses05M_script03_1_F003
508,25.484016,0.06186548,23.254318,26.30169,26.740858,3.4865398,6.6785097,4.408982,28.060722,22.613634,0.11904165,0.5759163,0.06535822,0.08857876,0.17746644,0.112108216,0.8162057,0.41348097,0.6431339,0.389967,0.0196347,0.7456456,21.602442,0.31804806,-6.7499833,-1.2401155,20.032696,0.4617337,-12.377951,-0.66647345,0.024205396,0.69542056,1.1582446,0.37479386,2.0755215,0.6273842,3.8868823,0.743725,16.793451,0.25040823,571.4021,0.41551405,1268.4851,0.134873,-172.37077,-0.382956,1588.7126,0.15802673,976.71277,0.19683835,-171.45181,-0.3851988,2611.9,0.10780441,901.76337,0.17217878,-172.38902,-0.37085533,-8.081012,-0.18685393,15.9531355,0.20594168,0.037083916,0.38212287,-0.0063191345,-0.94455385,0.045138717,0.32638302,30.679802,0.14947526,-16.330637,-0.34627113,24.416767,0.38928315,-19.168386,-0.55986935,-8.8987875,16.570528,-0.0010349264,0.0060660043,0.015411647,2.3364487,1.4354068,0.09666667,0.05312459,0.4325,0.40776065,-49.106888,s,Ses05M_script03_1,Ses05M_script03_1_M004
509,34.325268,0.06261327,31.56065,35.370758,36.52126,4.9606094,82.24186,106.356064,6.5460277,3.7882218,0.1494181,0.77168983,0.06305011,0.10036781,0.2325611,0.16951099,2.208915,2.075365,1.3596607,0.8656761,0.027863337,0.9632686,28.236895,0.30857328,-1.9741113,-5.4530125,14.163004,0.64774597,-13.334299,-0.90616065,0.012160616,1.226943,0.88692737,0.9111525,9.514806,0.25614274,-4.1552277,-1.7562954,18.892992,0.3693708,659.0805,0.2237145,1383.0819,0.09870698,-111.508575,-0.8437832,1702.324,0.104321204,1053.0138,0.23763612,-115.48901,-0.76764,2778.2168,0.07183152,993.63495,0.385028,-119.60747,-0.704819,-14.823305,-0.35225895,25.528881,0.21938801,0.028295036,0.6747005,-0.017351376,-0.5898571,0.043150254,0.7210544,35.64855,0.15005705,-6.635736,-1.7866412,12.073144,0.9412101,-22.65743,-0.4751443,-13.508546,23.252573,-0.012499222,0.005432473,0.015047556,2.5270758,1.4705882,0.31,0.2293469,0.278,0.29969317,-41.214226,s,Ses05M_script03_1,Ses05M_script03_1_F004
510,35.221157,0.07521012,34.76532,35.86679,36.90713,2.1418114,105.1069,85.09845,43.299747,26.96245,0.097533785,0.9337259,0.054622486,0.057925664,0.098876074,0.044253588,1.2301553,1.0923929,0.7834971,0.5527987,0.022067564,1.3317678,26.341726,0.23893788,-3.706302,-1.1236733,12.565729,0.5458329,-12.130702,-0.9994208,0.015752662,0.8662147,1.3567438,0.48229262,6.6819863,0.3473659,6.5288463,1.3378811,28.317122,0.2663127,703.735,0.35294268,1283.5939,0.14022768,-181.036,-0.3171584,1736.4792,0.20639835,986.46356,0.16388766,-177.19344,-0.33796537,2825.3267,0.10722077,839.9773,0.4320257,-178.21327,-0.32193068,-11.586794,-0.32609203,25.374184,0.2763475,0.046728086,0.41775253,-0.012946056,-0.89703506,0.06602608,0.43407655,35.270218,0.16598684,-6.3580227,-1.1344329,5.9568834,1.9182987,-34.638733,-0.37330368,-12.0313635,22.022402,-0.007932234,0.00567101,0.014443289,0.6960557,1.0501751,0.111111104,0.1686182,0.82111114,0.9249437,-44.384228,s,Ses05M_script03_1,Ses05M_script03_1_M005
511,36.657738,0.111852005,31.922747,37.757896,41.391415,9.468668,72.77649,54.78274,45.666862,24.819859,0.28814337,0.7077748,0.10858619,0.21244676,0.4495878,0.3410016,3.613187,1.5703856,2.9329925,2.1904702,0.08179961,1.1057911,23.234816,0.40821084,-6.9243474,-1.8981067,10.859121,1.0896293,-15.503153,-1.0333749,0.029960427,1.1364006,1.1501759,0.48998538,6.398449,0.42323166,3.743668,2.5879383,16.17818,0.6252153,712.3148,0.36187828,1362.3823,0.16460717,-112.174965,-0.8009995,1704.8573,0.12910785,1142.3999,0.2761752,-106.41263,-0.8218216,2731.7117,0.09816076,977.612,0.3667943,-109.63906,-0.76957154,-8.8897085,-0.662441,19.423779,0.37470135,0.033987936,0.5295221,-0.00586377,-2.243199,0.10898306,0.8809068,25.681427,0.31907383,-11.816053,-1.1262712,10.456436,1.3032602,-20.428505,-0.6835368,-7.9078574,18.306967,0.014373738,0.007478092,0.056121077,3.3962266,3.1496062,0.1525,0.07344215,0.12777777,0.13389696,-35.386703,s,Ses05M_script03_1,Ses05M_script03_1_F005
512,33.096996,0.17501058,28.495138,30.149612,38.915302,10.420164,111.06628,135.81523,21.890097,7.4885035,0.24415845,0.3584845,0.1615012,0.23773122,0.32586083,0.16435963,2.0685165,1.6266894,0.85960174,0.8056919,0.06099999,0.6714282,24.866117,0.4452159,-1.2048908,-8.2981415,19.549885,0.5516279,-14.721642,-0.9816554,0.024443725,1.320228,1.1259181,0.48373896,6.749961,0.38277906,6.3801813,1.8212734,20.00993,0.44782618,713.2859,0.3404361,1341.9298,0.14926328,-79.42798,-1.0675896,1765.6665,0.14717005,1140.479,0.2777862,-83.718216,-0.9390819,2716.3533,0.0973559,939.3231,0.27534077,-84.8232,-0.916644,-14.65014,-0.35449857,23.4289,0.2856752,0.035302784,0.640198,-0.009273861,-1.410387,0.065124385,0.6243667,29.150362,0.28319576,-0.31451792,-32.617928,21.422194,0.48057804,-18.43215,-0.7950491,-6.36042,15.432287,0.0114220595,0.008812538,0.048299223,4.778157,3.4843206,0.17999999,0.15093045,0.09777778,0.109318875,-37.56831,q,Ses05M_script03_1,Ses05M_script03_1_M006
513,34.675133,0.0993386,30.881977,34.599262,37.827362,6.945385,31.034668,16.007025,35.783035,17.348892,0.27818257,0.3068606,0.19592042,0.2706963,0.36219448,0.16627406,2.5962045,1.6711323,2.2029443,1.2072556,0.07876111,0.5546623,22.249247,0.60056925,0.03917395,246.5992,18.79545,0.6019839,-17.419632,-1.008587,0.024292173,0.94869745,1.1460997,0.591546,7.365145,0.3914158,8.710291,1.6227952,22.341183,0.36833733,680.61365,0.359181,1333.3008,0.12285034,-104.646484,-0.87655157,1787.7427,0.13051513,1049.8933,0.35822767,-108.25407,-0.7818534,2763.05,0.07236768,850.36835,0.27921614,-108.22087,-0.781072,-15.442394,-0.28721476,23.435093,0.23566642,0.045842566,0.47391063,-0.013230909,-1.1751623,0.09861564,0.43470278,29.062462,0.30260137,1.3992624,6.1286607,22.974562,0.39555544,-21.860924,-0.71972144,-6.52769,14.856301,0.022417108,0.0017112946,0.060852233,7.253886,2.673797,0.186,0.07863841,0.16799998,0.12253978,-35.994305,ans,Ses05M_script03_1,Ses05M_script03_1_F006
514,31.475523,0.05662703,29.875652,31.133951,33.387077,3.511425,22.442434,12.025567,22.715261,8.813594,0.1920682,0.45517272,0.11821708,0.1731435,0.26492733,0.14671025,2.6110876,2.631504,0.65979624,0.8648955,0.051749904,0.61077416,26.386204,0.5088786,4.7330894,2.163216,17.17426,0.42603636,-16.738035,-0.8322792,0.017712533,0.78665453,1.3977702,0.4548816,5.4516745,0.41258818,-2.8189778,-2.2778094,23.102846,0.42989942,720.176,0.2850067,1353.6421,0.12633598,-107.873985,-0.8433573,1734.583,0.14302915,1133.0455,0.25038078,-113.40643,-0.74460596,2789.1235,0.0728458,826.9009,0.23492074,-115.35485,-0.7150826,-15.596959,-0.33500594,25.940187,0.2646549,0.030080946,0.63586915,-0.0084499745,-2.2493212,0.05976267,0.42772207,32.215405,0.34119618,4.7106466,2.099628,15.77426,0.49837697,-16.974045,-0.77505827,-11.74754,19.402517,0.013768213,-0.0005740076,0.04180161,4.897959,2.9535866,0.15714285,0.108458586,0.16142856,0.111153506,-40.291077,q,Ses05M_script03_1,Ses05M_script03_1_M007
515,35.59249,0.068653636,33.297707,36.039032,37.91387,4.616165,58.45285,46.35164,23.310976,9.576806,0.17496225,0.599766,0.09202156,0.13133389,0.25615495,0.1641334,2.697447,2.7339594,1.8069491,1.3445109,0.045134537,0.80959123,24.912737,0.5359451,1.4436964,7.652489,13.947258,0.9374904,-19.772491,-0.72329617,0.018959455,0.77974105,1.1926315,0.50353545,8.133146,0.3338094,5.3922024,2.3120298,28.18514,0.3655104,570.2271,0.33400226,1361.979,0.10115116,-138.38417,-0.62874496,1591.9698,0.15301959,1176.3931,0.4741992,-131.39903,-0.64048916,2703.9253,0.076298684,962.0055,0.30699807,-135.03151,-0.58826035,-14.759996,-0.46594837,27.632391,0.27657557,0.036339507,0.65676886,-0.013946529,-0.97969395,0.074334875,0.48690313,33.99904,0.2719591,-1.9678237,-6.220112,9.1607275,1.7642974,-26.88176,-0.6509024,-9.4649515,17.05998,0.007218209,0.000997758,0.028123574,3.9855072,2.5830257,0.13857143,0.18473367,0.19874999,0.11773249,-39.27992,ans,Ses05M_script03_1,Ses05M_script03_1_F007
516,32.738094,0.065357916,31.528954,33.61729,34.1045,2.5755463,55.501057,34.838535,-6.892415,13.623347,0.0918579,0.4665361,0.056629613,0.07444329,0.12719034,0.07056072,0.587986,0.2656068,0.4600464,0.24520247,0.019239778,0.7511022,23.916523,0.3116687,2.1480389,3.6405656,18.47868,0.45362684,-11.398484,-0.853842,0.022423282,0.6568602,1.2573575,0.48286146,7.293114,0.34019545,6.908657,1.2532985,26.095041,0.26954806,674.55347,0.31813753,1398.6638,0.13070409,-172.60849,-0.3830169,1737.9233,0.12710783,1177.118,0.2239286,-173.10806,-0.35493523,2756.626,0.0880808,1023.5173,0.19472164,-173.60341,-0.34758142,-18.999529,-0.2232528,28.247766,0.20606267,0.026311079,0.96606964,-0.004795665,-1.8761777,0.03719813,0.4570437,29.206848,0.23456159,9.690567,0.9484725,20.943232,0.52309555,-10.924964,-1.2485074,-11.843329,21.212732,-0.00035416905,0.003975689,0.015951639,1.7429196,1.1013216,0.136,0.09810199,0.625,0.47717047,-48.833553,o,Ses05M_script03_1,Ses05M_script03_1_M008
517,32.76611,0.09593949,29.86174,32.708305,34.482155,4.6204147,33.216736,26.713802,29.88448,15.9487295,0.20635216,0.4585886,0.11587755,0.19107445,0.29514745,0.17926991,1.849946,0.71433485,1.3582083,0.8751435,0.051097393,0.59209675,29.010416,0.30528966,-1.6178085,-6.3648043,14.698846,0.87873423,-16.31354,-0.83463365,0.021029059,0.9578128,1.3042909,0.49785426,5.8186336,0.4759596,1.2421504,7.389396,23.116142,0.36778715,597.742,0.3887992,1340.6135,0.113660105,-94.972404,-0.98041725,1626.4922,0.16378875,1179.4628,0.28800607,-95.33315,-0.90767044,2649.3716,0.10871251,1030.9849,0.29267952,-98.822655,-0.8461957,-13.296602,-0.31610572,24.092073,0.25124884,0.034870263,0.4704237,-0.013175328,-1.127881,0.06267477,0.41986576,33.080463,0.21858415,-3.2389846,-3.28158,11.517439,1.016362,-19.841194,-0.66444343,-11.809501,20.007133,0.014851476,-1.3447209e-05,0.033471562,4.0920715,2.857143,0.19181818,0.16759355,0.153,0.12837835,-39.287598,q,Ses05M_script03_1,Ses05M_script03_1_M009
518,36.892864,0.09713059,34.468296,36.724213,39.74523,5.2769356,44.00934,19.596394,20.229445,8.987705,0.22850336,0.6147028,0.102222964,0.18604478,0.34811053,0.24588756,2.4906323,1.093115,1.9020884,1.2005031,0.060118984,0.86050725,27.956772,0.34150255,-3.1429167,-4.2869773,10.177367,1.824919,-23.392136,-0.76240504,0.018298246,0.90233684,1.1199977,0.7072444,8.288905,0.39847264,4.484299,1.9632235,23.361456,0.363187,697.45215,0.27948165,1424.3788,0.15323558,-82.26688,-1.0881823,1719.0732,0.15090324,1141.399,0.30187896,-79.93102,-1.0081263,2789.044,0.08160273,917.585,0.3964387,-83.43249,-0.9329592,-13.079811,-0.45817694,24.941273,0.29123527,0.031097312,0.62902486,-0.015588242,-0.84919316,0.07712648,0.71086323,31.071087,0.24686593,-4.613353,-3.1675835,6.7568326,2.945497,-30.076977,-0.56522316,-10.364608,18.707087,0.011429559,-0.0010004808,0.02627232,4.545455,2.7131784,0.23857144,0.24209964,0.12666667,0.08158159,-36.86232,ans,Ses05M_script03_1,Ses05M_script03_1_F008
519,30.788609,0.07493685,29.357853,30.539326,32.205154,2.8473015,30.335032,0.0,-83.99548,0.0,0.12574121,0.44781572,0.07996762,0.11080071,0.17094095,0.09097333,2.008467,1.604322,1.511544,0.9329692,0.02273948,0.71511215,20.227354,0.2932029,-3.9074497,-2.2415206,15.183104,0.6716334,-11.726683,-0.6327782,0.033206325,0.89508116,1.4472183,0.7812572,6.121293,0.27010006,7.6046205,0.70115286,22.267439,0.23139192,623.05133,0.36753958,1428.1107,0.18130152,-182.58101,-0.29053283,1707.8986,0.17029719,1032.8785,0.29902208,-181.58394,-0.2850517,2654.2783,0.087876424,949.43713,0.17788899,-181.48607,-0.28722948,-14.898825,-0.27011555,21.26234,0.18385856,0.018840404,1.2131,-0.0059244274,-2.3922691,0.033506233,0.86951035,25.795689,0.21543625,4.7892776,1.1095216,33.957005,0.28089747,-16.683218,-0.82321095,-7.236138,15.684101,0.0047209375,0.005512662,0.021858798,3.6363635,1.3953489,0.07,0.042426404,0.62666667,0.6003517,-49.174088,o,Ses05M_script03_1,Ses05M_script03_1_M010
520,38.70284,0.07595765,36.015045,38.344044,41.50992,5.494873,26.393848,12.019081,41.85573,17.725456,0.21962415,0.6452707,0.083467685,0.17939119,0.37697423,0.29350653,2.7423995,1.4339786,2.0797615,0.8667507,0.05316419,0.84865105,24.927374,0.43089604,-7.1626425,-1.8616464,9.680253,1.1251628,-18.256025,-0.99780786,0.021417735,1.188379,0.96681905,0.6247392,8.80917,0.29943246,6.7872195,1.2876866,21.212957,0.36859092,644.9508,0.35544735,1418.9744,0.20138766,-124.08694,-0.74173266,1635.9343,0.13689609,1128.5425,0.33836082,-107.91063,-0.82639503,2705.7668,0.10114885,920.776,0.38177714,-111.15109,-0.77338374,-11.712022,-0.5555582,21.54415,0.39441732,0.03714855,0.52909726,-0.012094678,-1.0888153,0.08045633,0.5502556,29.947227,0.25129595,-10.221706,-1.5128939,6.542084,1.9504689,-24.67054,-0.8835262,-8.135276,16.987732,0.003345349,0.003427214,0.026611904,3.8781164,1.6853933,0.29166666,0.28386715,0.27833334,0.27461588,-38.456802,o,Ses05M_script03_1,Ses05M_script03_1_F009
521,28.96333,0.0843126,27.574842,28.038008,29.994738,2.4198952,186.34608,222.86586,21.682775,9.186235,0.122180186,0.51512957,0.06106929,0.10263465,0.18478782,0.12371853,1.078172,0.43834504,0.40863115,0.3050267,0.026530495,0.6469127,29.074223,0.31279445,3.0959272,2.9281006,21.79892,0.46418703,-8.89986,-1.1969253,0.0174803,0.97262645,1.1282848,0.53512424,6.6997304,0.43393016,5.8828244,1.1315888,26.718847,0.24419251,624.38617,0.34578612,1410.78,0.12586774,-118.014534,-0.76971984,1707.0337,0.15279594,1075.8315,0.20786653,-123.37235,-0.68175155,2708.0725,0.11760052,1124.847,0.31151184,-124.48831,-0.6654877,-19.028545,-0.28481048,27.736546,0.22919373,0.020449443,0.9588001,-0.010809019,-1.3394023,0.038281266,0.42036873,35.67856,0.18490662,5.3295393,1.7465365,26.37734,0.45481285,-7.6721306,-1.7935575,-12.219796,21.174408,-0.003855499,0.00029943464,0.017371044,2.8901734,2.0588236,0.20571429,0.1084774,0.26,0.20653605,-42.681347,q,Ses05M_script03_1,Ses05M_script03_1_M011
522,34.481747,0.06901535,32.258186,35.62033,36.00306,3.744873,274.08588,347.85522,5.1433473,22.887045,0.1405556,0.5156001,0.0650094,0.12064195,0.20857793,0.14356853,1.8766698,1.0096552,1.1829062,0.47454593,0.030345626,0.65292597,26.067709,0.3164886,2.8302383,3.981501,17.87586,0.62998897,-10.10446,-1.0899174,0.01698786,1.2577504,1.1109107,0.88089776,9.091956,0.5470575,7.372351,0.7848254,21.564901,0.32786885,765.06573,0.31519988,1447.8643,0.14583059,-131.8278,-0.6423762,1816.1982,0.1417688,1119.2031,0.28157157,-129.93256,-0.62290245,2856.8677,0.10293566,1069.5533,0.339455,-131.27806,-0.6039816,-18.962269,-0.47770157,27.997004,0.36208132,0.025148876,0.7611667,-0.007378064,-1.5549437,0.03738979,0.53386605,30.727444,0.24891277,4.407857,2.8644376,21.877554,0.5674877,-12.330935,-1.1706555,-12.453332,21.96535,-0.003380706,0.000613454,0.026907872,4.166667,3.0674846,0.12399999,0.11412274,0.182,0.10303397,-40.090164,ans,Ses05M_script03_1,Ses05M_script03_1_F010
523,33.637604,0.17515858,28.791952,32.556847,39.144985,10.353033,45.404785,22.262213,32.90435,10.099881,0.14816836,0.6338394,0.06351941,0.12673892,0.20982496,0.14630556,1.5160186,0.927477,0.80708265,0.6040712,0.035539724,0.9129644,24.21443,0.34300527,0.20468022,56.0052,17.810316,0.6301931,-13.425755,-1.0609983,0.022790432,0.8517935,1.3383828,0.5613,5.812109,0.5758472,6.97421,1.4442165,20.840189,0.44911093,635.9314,0.31474483,1375.8928,0.1439293,-151.65594,-0.52774596,1696.5742,0.16011484,1056.2002,0.2549359,-147.28932,-0.5378631,2710.0786,0.09848016,958.23926,0.39734742,-148.1524,-0.5259949,-13.516705,-0.49315366,22.297873,0.25195047,0.030236354,0.7789326,-0.011754063,-1.4662087,0.057899512,0.64245576,28.871458,0.19104059,-1.3526587,-10.971053,18.222193,0.7626953,-24.35511,-0.6701675,-11.178362,19.941442,0.0018014368,0.0040126303,0.026194835,2.6291082,2.4551463,0.10961538,0.09146166,0.30083334,0.40551323,-42.82491,q,Ses05M_script03_1,Ses05M_script03_1_M012
524,37.56971,0.14995033,32.233326,36.97154,42.14061,9.907284,37.94474,7.5488243,34.443504,14.484326,0.19876382,0.5539551,0.09307853,0.17664488,0.2959297,0.20285118,1.6102408,0.79290533,1.798142,1.0743372,0.05229436,0.6696348,27.3563,0.22626987,-3.9673414,-3.8294814,21.337734,0.573519,-13.966199,-1.1876898,0.020828456,1.1891203,1.1974167,0.5911705,6.7228947,0.3721317,2.7196717,4.0811086,14.617322,0.6994104,647.26587,0.2857311,1371.2434,0.13812536,-126.39338,-0.7072615,1715.0173,0.108939335,1041.2148,0.31886896,-113.38701,-0.7773125,2711.2217,0.07798948,1004.1644,0.34006023,-114.93011,-0.7531357,-10.756212,-0.64711237,19.353258,0.35254535,0.024638206,0.72583795,-0.01214793,-1.3283001,0.0674848,0.46405596,28.061125,0.21646698,-10.776141,-1.6195297,21.480955,0.69594014,-23.637192,-0.65062785,-14.387602,21.445625,0.008204429,-0.002400913,0.040677626,3.7288134,3.1034484,0.14222223,0.07465146,0.17875,0.2585748,-40.38848,c,Ses05M_script03_1,Ses05M_script03_1_F011
525,36.099476,0.15639359,31.954657,35.80456,41.5864,9.6317425,49.529465,19.79184,39.900074,34.79738,0.13949212,0.52806187,0.06492684,0.12598185,0.19139485,0.126468,1.4871757,0.9848077,0.8142916,0.5239699,0.031849623,0.85532016,22.733818,0.41384387,1.488522,6.182704,17.316055,0.5541012,-10.931189,-1.025698,0.034070093,1.5655737,1.4138333,0.4656586,6.298005,0.4851129,10.615247,0.6992035,22.737822,0.4041944,642.7387,0.41630188,1434.0369,0.34530085,-152.8124,-0.5096233,1626.8888,0.13823709,1076.6561,0.29932314,-143.04129,-0.56401044,2656.8308,0.09625688,967.45526,0.3249903,-144.8195,-0.539143,-12.280801,-0.37554634,22.40869,0.26571202,0.03337494,0.5581303,-0.004458082,-2.4643166,0.04609275,0.42938116,26.496778,0.34706157,-2.8883975,-3.1732945,17.796879,0.7712405,-14.98311,-0.77460384,-11.655603,20.68651,0.007829905,0.0032267775,0.025822287,2.6666667,2.7027028,0.10699999,0.09274157,0.22,0.26666287,-44.460163,o,Ses05M_script03_1,Ses05M_script03_1_M013
526,35.893593,0.068289176,33.592247,36.552498,38.126007,4.53376,40.381813,0.0,-15.197335,24.684578,0.09053316,0.8919591,0.053935006,0.057063818,0.09736733,0.043432325,1.6101307,1.8674694,0.53263605,0.14491577,0.0184778,1.296286,25.309704,0.124762185,-2.54139,-3.5027292,16.459433,0.2341917,-9.209455,-1.0841335,0.030768307,0.6458196,0.80567425,0.47450337,7.249324,0.60306686,5.0833335,2.4380195,19.549047,0.49999243,794.0502,0.24115235,1418.1277,0.11379775,-168.95058,-0.4115541,1829.0355,0.0687648,1088.7212,0.37877503,-169.59244,-0.38961,2984.2546,0.042029873,753.2988,0.41547,-170.25899,-0.38041475,-17.228546,-0.4095339,25.005428,0.37411377,0.024004778,0.7637052,-0.015322382,-0.9665224,0.05759121,0.64031,27.597237,0.15621628,2.4145756,8.149194,15.35504,0.29348025,-16.78978,-1.1170903,-12.457429,21.95333,-0.010326185,0.004989112,0.010282684,1.0309279,0.52910054,0.32999998,0.0,0.765,0.055,-46.35044,q,Ses05M_script03_1,Ses05M_script03_1_F012
527,30.559116,0.13722059,26.972446,29.137585,34.452305,7.4798584,100.164764,101.85151,18.371002,20.083914,0.13495447,0.658357,0.05650302,0.107401334,0.2084571,0.15195408,1.3424013,0.8503116,1.1085751,0.6715635,0.031079032,0.9960578,25.064674,0.42088118,-1.6646885,-6.143423,17.632769,0.6051289,-11.03977,-1.1550153,0.021093933,1.2535634,1.4621668,0.534211,4.5693307,0.6095068,6.5911865,1.242542,23.68901,0.33902144,662.1958,0.3462826,1371.8301,0.19883676,-153.68335,-0.5223661,1662.613,0.16097245,1094.3668,0.23519887,-152.90826,-0.5100542,2715.0957,0.09524142,892.7997,0.29069567,-154.54568,-0.4868149,-12.886719,-0.4474627,23.619284,0.30573648,0.030208291,0.6822779,-0.010826497,-1.6872861,0.053943425,0.61060727,32.930347,0.2645326,-2.0667815,-6.0479407,15.380041,0.9377798,-20.691725,-0.8621466,-10.504422,19.343424,0.001178917,0.0056527616,0.023120338,2.302923,1.6014235,0.15333332,0.13792108,0.47588232,0.5269006,-43.95462,ans,Ses05M_script03_1,Ses05M_script03_1_M014
528,31.360283,0.08640166,28.315746,31.128454,33.889454,5.5737076,27.086748,24.205105,17.394281,6.422125,0.14008735,0.62380755,0.061481982,0.11627675,0.21174619,0.1502642,1.3025081,0.86458725,0.89140224,0.6284086,0.033364218,0.8829983,25.7777,0.28554678,-2.61953,-3.6089268,19.253714,0.6427795,-8.192906,-1.360797,0.020198764,0.7306037,1.1921551,0.4816494,5.907942,0.37434283,7.0688987,1.4508778,22.342356,0.37004408,595.4653,0.45234033,1349.0779,0.15477574,-154.23894,-0.5173396,1617.008,0.12623759,1038.0219,0.32829922,-149.88475,-0.5273448,2644.6108,0.10627204,979.6823,0.356128,-150.99701,-0.5113659,-13.908281,-0.3240631,22.424925,0.26076785,0.027563745,0.84213305,-0.00327061,-4.434583,0.0577913,0.47888207,30.109951,0.2151169,-1.1588424,-8.652137,25.11615,0.52287906,-8.904048,-1.3036013,-11.270387,20.707846,0.0011424803,0.0031748302,0.024188725,2.3448277,1.8055556,0.14461538,0.13658558,0.3607143,0.34602776,-43.084904,o,Ses05M_script03_1,Ses05M_script03_1_M015
529,35.448734,0.054851107,33.712845,35.080822,37.067688,3.3548431,50.06373,25.204062,-11.6391535,16.49831,0.16880393,0.7245705,0.06973291,0.13411544,0.23527439,0.16554147,2.510691,1.4936363,2.0282004,1.4097061,0.038986176,1.03279,28.262808,0.31932515,-3.2943273,-3.564827,11.638732,0.8729451,-16.407919,-0.7790912,0.015611201,1.4898907,1.1622312,0.7749036,8.667075,0.30298936,-3.3263001,-3.1278465,18.03221,0.4250929,620.07367,0.22581051,1350.5938,0.11623508,-111.20092,-0.8221063,1673.8368,0.10266342,1032.0028,0.27019674,-112.29034,-0.77653867,2791.7744,0.056894563,805.6005,0.3281488,-116.208176,-0.71548635,-13.898056,-0.42209265,25.169998,0.19133076,0.017793022,1.0207807,-0.01429728,-0.772684,0.059630547,0.77673244,34.01413,0.15620448,-8.377383,-1.4170811,10.457283,1.1789954,-22.882854,-0.51752585,-12.512898,21.7664,0.00025735734,-0.003199515,0.020718515,4.054054,2.749141,0.16624999,0.13591702,0.15666667,0.12719189,-39.79954,o,Ses05M_script03_1,Ses05M_script03_1_F013
530,35.177185,0.12497789,30.86642,32.776043,39.158676,8.292255,43.368225,36.579884,15.822907,14.775718,0.14589624,0.59707975,0.055856213,0.13956353,0.2159228,0.16006659,1.2530284,0.95579576,0.856122,0.3579437,0.037226193,0.84318995,28.04413,0.34300885,0.6516211,12.314413,11.182062,1.0997467,-9.991029,-1.217152,0.029916199,2.0217452,1.3046017,0.47148687,6.584892,0.39736915,7.282825,1.331625,26.825947,0.3267207,676.71216,0.3406858,1417.972,0.20762411,-129.8425,-0.7005424,1646.0128,0.14003845,1094.3348,0.26604894,-126.54179,-0.6795715,2737.985,0.10144384,1030.6984,0.31935626,-129.6826,-0.63608956,-13.300511,-0.31750184,25.038946,0.2787861,0.03508553,0.49712166,-0.0044218632,-3.5473785,0.055079218,0.39217255,32.39443,0.31188577,-1.1817102,-7.549453,10.71448,1.5811007,-13.189029,-0.9939081,-12.477256,23.692186,0.0019174204,0.0034137724,0.025886241,2.4390244,1.8575851,0.21166666,0.12019659,0.26142856,0.3127495,-42.09146,ag,Ses05M_script03_1,Ses05M_script03_1_M016
531,36.29186,0.11067318,33.477894,35.709164,39.32937,5.851475,92.56859,128.88403,48.019005,38.568714,0.2718259,0.677482,0.123079725,0.20940506,0.4182086,0.29512888,2.8995147,1.8326921,2.8406494,1.5303428,0.067759365,0.8267815,31.17862,0.29764375,-7.051209,-2.3405712,4.072365,2.887247,-20.491205,-0.81811136,0.019776845,1.4699107,0.98835313,0.7537071,8.394061,0.46802896,2.577525,4.1296587,23.586912,0.47066316,624.99005,0.34491012,1397.3381,0.14589459,-81.51775,-1.1222692,1625.7671,0.15963282,1135.3842,0.181356,-78.01498,-1.0687509,2719.8184,0.10228835,995.01355,0.36493132,-83.61645,-0.9519615,-12.853482,-0.5240809,25.831453,0.30722144,0.03257164,0.70060873,-0.012731136,-0.8261158,0.08426919,0.69103485,33.910526,0.21499638,-9.240329,-1.9131696,3.5272205,3.3861325,-26.360996,-0.59769726,-10.606328,21.887247,0.010743839,-0.00054774573,0.036307544,3.2128513,2.2357724,0.2890909,0.25090578,0.13818182,0.11922615,-35.424652,q,Ses05M_script03_1,Ses05M_script03_1_F014
532,32.56586,0.06325177,31.10782,33.03462,34.240143,3.1323223,34.341385,17.748438,25.12356,24.07065,0.16428652,0.8173499,0.058332026,0.12590982,0.22819334,0.16986132,1.8478518,1.4341122,1.3095757,1.1603758,0.03697549,0.96002793,30.355217,0.34660405,0.5254862,27.126532,9.264903,1.2285235,-15.426654,-0.71553624,0.017165963,1.1182169,1.032252,0.4768134,6.634681,0.47393224,-0.43037492,-12.9641,27.345613,0.42050514,579.5792,0.34595954,1480.2484,0.10927369,-110.88383,-0.84859484,1588.5414,0.18951088,1222.5355,0.17127772,-112.23339,-0.78719246,2727.15,0.09381815,1012.47516,0.31220955,-116.989685,-0.7131574,-15.787875,-0.39444444,29.165346,0.24633543,0.02516729,0.56737405,-0.013296345,-0.68204856,0.053228483,0.7010641,36.969822,0.23732932,2.2039123,7.445157,4.525771,1.975802,-20.471313,-0.6483914,-11.389548,21.262835,0.0026162562,0.0035558436,0.022865169,1.2145749,1.6528927,0.2875,0.19816345,0.29749998,0.38356063,-40.800755,ans,Ses05M_script03_1,Ses05M_script03_1_M017
533,31.825132,0.04218628,31.103188,31.719498,32.858498,1.75531,25.134344,7.1794314,-6.4432034,11.683432,0.14494713,0.69402105,0.05345487,0.10658803,0.25543714,0.20198226,1.8654125,1.0852629,1.0490866,0.73991585,0.027742948,0.7813801,32.961906,0.2704598,1.4199586,6.136115,12.079658,0.9314369,-14.216605,-1.074212,0.010768461,1.2509484,0.8744964,0.73125416,8.83893,0.26504156,-2.452712,-2.734956,25.56245,0.37879708,601.8041,0.29848677,1381.9525,0.11196729,-104.892075,-0.90508485,1665.2976,0.15348926,1119.0579,0.32337746,-110.48058,-0.7908492,2783.605,0.086104006,905.3155,0.31554615,-114.33507,-0.72977686,-16.814224,-0.3151501,29.5985,0.20627029,0.03021408,0.7120974,-0.02556484,-0.62477666,0.041652676,0.5191159,39.933422,0.16049556,2.301406,4.427431,8.454,1.6818099,-22.09394,-0.75844526,-14.1031685,23.905214,-0.0059251715,0.0038844715,0.013424994,2.1680217,1.6483517,0.29666665,0.20146684,0.24714284,0.2398639,-40.551483,q,Ses05M_script03_1,Ses05M_script03_1_F015
534,28.473259,0.07312635,27.263248,27.935812,30.27343,3.0101814,21.84207,14.239647,48.981567,33.239597,0.13030502,0.48964244,0.062785566,0.1251454,0.18137558,0.11859001,1.2878542,1.2590486,0.75463253,0.36138818,0.026327292,0.6308328,31.623375,0.28480986,-0.964041,-7.011814,16.284023,0.6538034,-12.364672,-0.9623672,0.014935691,1.2937303,1.0761656,0.5660743,5.968605,0.3494577,4.1407814,1.4979544,24.826303,0.3544475,635.6872,0.329308,1364.5333,0.13888246,-115.661,-0.7905064,1679.1975,0.15541644,1102.082,0.19022061,-120.36651,-0.70925033,2709.2502,0.10898602,1033.2886,0.22194259,-123.7766,-0.6596284,-15.571709,-0.28395838,26.896496,0.21824259,0.017018069,1.1580455,-0.012667099,-1.037719,0.03390939,0.4086521,38.085796,0.16251071,-1.2412671,-7.0885024,14.263787,0.7105445,-10.136783,-1.1181326,-12.769259,21.406393,-7.7298726e-05,-0.005166508,0.020741504,2.7173915,2.754821,0.153,0.13092364,0.235,0.18574174,-44.718494,ans,Ses05M_script03_1,Ses05M_script03_1_M018
535,37.5402,0.12948656,33.06107,37.327286,41.74675,8.68568,51.635254,21.271059,50.532856,17.341068,0.12407836,0.46660274,0.06709241,0.12070085,0.1723796,0.10528719,1.231667,0.6149834,0.7815431,0.47985,0.024516068,0.5604768,27.93513,0.3158549,-1.1634055,-7.7062044,16.795696,0.66398525,-17.37846,-0.76266146,0.020329041,1.0521723,1.0916018,0.6593806,8.222574,0.2888629,7.46185,1.3461976,24.185612,0.2789944,629.00775,0.31287748,1368.3513,0.11763356,-118.1558,-0.7729823,1662.1605,0.14455764,1060.1356,0.26931158,-115.96529,-0.73959213,2729.5864,0.090054214,910.52734,0.41199827,-119.06083,-0.69325393,-14.144396,-0.40075058,24.468271,0.28971148,0.019958002,0.94107985,-0.008956287,-1.324231,0.0300601,0.43612593,31.47723,0.20993407,-2.1062837,-5.681278,15.951174,0.81146646,-24.674963,-0.5360705,-12.486968,22.230444,0.00011876667,0.0018150011,0.019088762,4.4117646,2.621723,0.17142856,0.091873914,0.19,0.12581165,-46.127552,q,Ses05M_script03_1,Ses05M_script03_1_F016
536,36.5663,0.1358106,32.97372,33.935616,40.52636,7.552639,23.884413,17.07798,20.013271,15.365645,0.12534466,0.45855853,0.0646965,0.11706948,0.17895612,0.11425962,1.0076694,0.3774229,0.9231811,0.36524996,0.030132739,0.576262,33.63148,0.19159494,-3.0126526,-2.7977996,9.451321,1.141442,-14.226666,-0.7923138,0.0154317,1.02395,1.244743,0.4871402,7.224127,0.21661265,2.4758997,4.6160455,25.973024,0.3603506,616.9812,0.35036448,1341.7924,0.10002111,-123.09927,-0.75474614,1607.8981,0.18661329,1112.0768,0.17225856,-119.24683,-0.7489414,2671.464,0.11855849,961.99066,0.30300772,-124.1614,-0.6749035,-12.632707,-0.35649252,26.61811,0.2412931,0.020757768,0.97410923,-0.008406873,-1.4861109,0.036387876,0.33416945,36.840195,0.16627842,-5.6505127,-1.9481308,2.969723,3.209865,-18.975025,-0.616838,-14.8711815,25.918259,0.009959253,-0.0016406542,0.025917133,4.0,1.3636364,0.31666666,0.2444495,0.39,0.36175498,-45.32537,ans,Ses05M_script03_1,Ses05M_script03_1_M019
537,35.08206,0.10047416,32.017395,33.633694,37.98177,5.9643745,304.4317,424.63165,179.8097,282.94647,0.23006128,0.8845973,0.058570243,0.17070813,0.37213135,0.3135611,3.2722535,2.376244,2.424085,1.8912868,0.060695402,1.3807601,28.842745,0.27026194,-7.619172,-2.0201344,12.113215,0.7306195,-14.932394,-0.9657157,0.015841817,1.2763078,0.91199607,0.56580615,8.672875,0.3010367,-1.028963,-7.716626,19.014515,0.5146642,668.8821,0.28793284,1416.1614,0.14112231,-101.92504,-0.9257438,1659.8594,0.11810795,1103.5793,0.2252783,-103.17865,-0.86475635,2767.4854,0.07403097,931.93097,0.3298478,-107.425224,-0.79323465,-12.298401,-0.58102113,24.157476,0.27081227,0.029552074,0.6815469,-0.010340215,-1.3907886,0.079780996,0.92147464,33.01031,0.23342727,-9.980103,-1.7681429,10.456924,0.9597077,-20.651293,-0.7411797,-11.254852,22.19736,0.0011615756,0.0044802646,0.040616665,2.2332509,2.0100503,0.25375,0.2332883,0.19777778,0.26186416,-36.369595,q,Ses05M_script03_1,Ses05M_script03_1_F017
538,37.756104,0.05614637,36.20604,37.009003,39.00214,2.7961006,38.066093,24.59069,31.40858,22.79496,0.121494085,0.57493395,0.0571813,0.10115999,0.19901463,0.14183334,1.0916024,0.8340347,0.8561299,0.65798473,0.029107297,0.82106566,24.237568,0.3220051,1.7422956,5.1624856,14.152406,0.8425875,-9.503197,-1.3326076,0.016978126,0.5671777,1.3430952,0.4991702,6.9815373,0.410109,5.9956236,1.464141,28.902918,0.35516465,687.19586,0.2972679,1365.6581,0.23099503,-175.69899,-0.36373764,1708.7153,0.17350437,1066.8815,0.20303397,-172.71295,-0.3679664,2799.8225,0.078228034,939.6877,0.31271362,-173.96631,-0.3480191,-14.053588,-0.459108,26.39684,0.20009266,0.039290577,0.71157575,-0.014405222,-0.93894076,0.051231656,0.3736218,30.536749,0.15595208,-2.1556938,-4.294066,-1.1986446,-14.305925,-28.488968,-0.5842672,-12.912473,22.376673,0.002605488,0.0020224915,0.025911791,2.006689,1.7006804,0.078,0.057410795,0.40666667,0.27157974,-45.31168,ans,Ses05M_script03_1,Ses05M_script03_1_M020
539,37.729645,0.09285412,34.779686,37.175735,39.660088,4.8804016,39.92776,12.227724,233.07759,318.21405,0.16646835,0.54431117,0.072522536,0.15737146,0.2417864,0.16926387,1.6488395,1.0630777,1.3891354,1.0635754,0.039587367,0.72971225,27.970156,0.39118436,-2.565546,-4.429077,12.64329,0.844859,-18.980282,-0.7886875,0.023932118,1.3852259,1.0474137,0.53957355,8.423163,0.29862913,6.145901,1.8531818,24.06309,0.2073572,624.6052,0.35051495,1358.6302,0.08199641,-126.27486,-0.705116,1669.918,0.14876057,1054.4819,0.27757117,-122.251564,-0.6960003,2759.7576,0.11852263,944.5707,0.46709085,-125.62771,-0.647229,-14.692911,-0.29930606,24.442493,0.23669536,0.029418437,0.67472184,-0.014147174,-0.8971781,0.04811369,0.38091987,31.890764,0.251609,-4.196349,-2.7794032,12.974156,0.8751745,-21.116077,-0.62311107,-11.021541,19.94483,0.004798182,-0.006479413,0.034169357,3.7190084,2.9535866,0.13714285,0.06712765,0.1575,0.13479151,-42.226475,q,Ses05M_script03_1,Ses05M_script03_1_F018
540,31.45985,0.12948775,28.225529,29.574076,35.13239,6.9068604,77.09547,44.15748,47.69456,30.517677,0.13013177,0.52447975,0.06454004,0.121999465,0.18472977,0.12018973,0.90680635,0.4974681,0.66742384,0.3794404,0.030692263,0.84671026,29.471981,0.3222351,1.9746865,5.0144243,15.444388,0.6947797,-12.270402,-1.2556574,0.016141117,0.93384486,0.9467775,0.6119551,7.1555805,0.39895046,5.6497087,1.7802342,30.109007,0.24410386,628.98596,0.3785014,1370.3978,0.12178577,-128.01144,-0.7079097,1667.1038,0.16106176,1169.2976,0.2441275,-132.12689,-0.63319737,2749.4817,0.1139413,989.60724,0.38424814,-135.05975,-0.59194547,-18.214645,-0.2641802,29.570084,0.20504405,0.02493573,0.8974395,-0.0049558207,-2.8935118,0.039709635,0.5706716,35.822723,0.2189792,5.9763923,1.4959836,16.13891,0.90166074,-9.814752,-1.8180594,-11.965169,21.476803,0.0028681145,-0.001485007,0.0252763,1.9726859,1.6819572,0.22181818,0.33288866,0.35272726,0.2934773,-43.084446,ans,Ses05M_script03_1,Ses05M_script03_1_M021
541,32.91069,0.11333291,31.555738,34.588127,35.37719,3.8214512,100.07178,100.10697,6.807771,9.623443,0.16253117,0.48691115,0.081906766,0.15861483,0.2353841,0.15347734,1.4312996,0.6915181,1.2309228,0.6063182,0.03075268,0.5912439,28.197382,0.28574952,0.5630507,16.291435,14.460371,0.8254919,-17.095415,-0.81349707,0.0153401075,1.0552179,0.9059705,0.6544472,8.3156595,0.41853482,-0.5140409,-18.428776,18.478289,0.42289284,661.93756,0.284067,1472.0065,0.2308674,-84.53564,-1.049391,1689.392,0.1458701,1165.0104,0.23897572,-87.88277,-0.9427598,2743.1152,0.094117776,937.2982,0.38874856,-91.882935,-0.868638,-14.871756,-0.35207218,26.10774,0.23117536,0.021106571,0.91386944,-0.010815875,-1.183281,0.036989495,0.46489164,31.799854,0.19610012,-0.7140453,-14.468248,13.613328,1.0100179,-21.695494,-0.5916288,-12.473516,22.070707,-0.0005209106,0.0036603727,0.020077668,3.960396,2.6936026,0.22375,0.18199846,0.1275,0.17144606,-42.065475,o,Ses05M_script03_1,Ses05M_script03_1_F019
542,31.607649,0.13988936,27.21209,31.254711,36.451534,9.239445,293.1865,474.25253,31.83356,18.761051,0.15135,0.54413176,0.06749874,0.14497055,0.2161738,0.14867505,1.5744356,1.5506924,1.0792307,0.7324355,0.036260918,0.9234754,23.118637,0.44549975,1.1257133,8.949054,16.504107,0.7418938,-12.412641,-1.0398916,0.02166174,0.8020361,1.3012705,0.49623966,5.5278525,0.5064019,7.9674916,1.134702,26.18754,0.2712163,721.6269,0.3300048,1379.993,0.14926425,-151.86055,-0.5294886,1757.0984,0.15364975,1173.4692,0.3248243,-150.44817,-0.5158413,2774.2012,0.100909285,1041.7694,0.3794909,-151.62823,-0.49936536,-14.088324,-0.37613314,24.338116,0.26014954,0.03395094,0.7202134,-0.0084754815,-1.8977659,0.05678029,0.6940474,28.689552,0.29153764,2.3793476,4.4583306,12.972075,1.1063558,-18.872719,-0.8498154,-10.215492,18.640547,0.0053951964,0.00322025,0.028534735,2.417962,2.1939955,0.116842106,0.09971289,0.31894737,0.40458414,-42.523476,o,Ses05M_script03_1,Ses05M_script03_1_M022
543,31.657139,0.097790755,29.229298,31.113457,33.902557,4.6732597,105.404015,91.95115,134.98817,222.38348,0.15568316,0.5911962,0.060135357,0.13628191,0.24020506,0.18006971,1.5372791,0.7155125,0.98920345,0.8051959,0.037650727,0.9363326,23.813614,0.49380174,-1.9150172,-5.3007464,12.853967,0.9342463,-11.387318,-1.1044123,0.019296018,1.6817322,1.3456427,0.41753015,5.1184473,0.4973953,6.218391,1.4915487,24.64829,0.30595988,692.941,0.338352,1368.2893,0.14429864,-148.80109,-0.5521414,1681.5955,0.15768296,1076.342,0.23448111,-147.19962,-0.5474459,2757.957,0.11404823,966.16583,0.35478202,-149.26643,-0.51791275,-12.433925,-0.41273242,22.771624,0.26411346,0.034746867,0.6999763,-0.009013324,-1.3908192,0.070352376,0.5182867,31.843668,0.29362053,-3.0705056,-4.016094,11.544594,1.4143841,-16.823915,-0.992432,-9.400905,18.499527,0.0023420253,0.004291195,0.024593621,3.0534353,2.0,0.13538462,0.0987316,0.3430769,0.44087994,-42.23517,o,Ses05M_script03_1,Ses05M_script03_1_M023
544,36.11565,0.08826543,32.825535,36.27341,38.987198,6.161663,51.707253,2.9900417,30.67788,12.415447,0.10892571,0.532177,0.057904102,0.08564833,0.15958762,0.10168352,1.1282407,0.75730294,0.7887892,0.5724871,0.0199975,0.7244003,25.536928,0.3754627,-2.205096,-4.147791,11.77277,0.78635377,-11.412105,-0.79148614,0.021606132,1.3268064,0.68266237,0.5364782,8.753876,0.40706208,0.9528101,5.674776,21.682837,0.29419905,684.20636,0.27662182,1404.6677,0.13066047,-147.07465,-0.5650284,1670.0289,0.1187866,1182.8197,0.22516264,-145.07361,-0.5561112,2786.792,0.080098026,839.2722,0.28366315,-147.80255,-0.5180852,-14.108163,-0.5762026,26.766268,0.24527296,0.018954325,0.80764484,-0.009471476,-1.4900658,0.033000674,0.4799585,35.148033,0.13741617,-2.4485223,-4.6914124,11.507922,1.206224,-18.60817,-0.4705402,-9.548329,20.031113,-0.0056992737,0.0072497088,0.014406575,2.8268552,1.438849,0.2075,0.0875714,0.372,0.40281013,-46.51367,s,Ses05M_script03_1,Ses05M_script03_1_F020
545,34.192696,0.13817558,29.813835,34.455933,39.04899,9.235153,73.64031,61.90889,39.29873,31.50485,0.18656324,0.57976824,0.088813335,0.1593249,0.27585432,0.18704098,1.6490585,1.3105154,1.1693012,0.7942049,0.051437136,0.84128994,26.663391,0.37131992,-0.5719723,-20.691547,18.479578,0.854148,-10.687145,-1.129974,0.021067632,0.89802104,1.3112153,0.45477593,6.578676,0.42889813,9.160558,1.0131353,27.118238,0.3213569,679.70087,0.34659964,1397.7185,0.16752009,-119.92788,-0.75661236,1724.3003,0.14449611,1089.6954,0.2776073,-114.72124,-0.7444787,2751.7107,0.106701635,1024.5876,0.30923662,-116.88392,-0.71131945,-14.47008,-0.3763107,24.573406,0.29087692,0.030886766,0.8018377,-0.009109456,-1.5321622,0.07022388,0.6500136,31.272816,0.2615654,-2.0264807,-6.3446484,15.776648,1.2214735,-14.9079485,-0.89227414,-11.5419445,19.678009,0.007852413,0.0032006395,0.03475721,2.545744,2.9552717,0.15216216,0.13870317,0.17,0.15624055,-39.505676,o,Ses05M_script03_1,Ses05M_script03_1_M024
546,38.95466,0.09590245,36.580784,38.481964,42.272152,5.691368,34.21052,23.311373,134.92699,197.36815,0.2440082,0.6328798,0.11275671,0.203876,0.35261044,0.23985374,3.6748106,2.780614,2.3294785,1.2711577,0.056805525,0.94175404,22.985035,0.4851264,-4.5255027,-3.2512205,14.201484,0.90216744,-25.059244,-0.6655784,0.015435514,1.0725082,0.9800255,0.80666655,9.761406,0.31315917,8.12325,1.3940662,20.087072,0.3979736,635.8039,0.35287336,1384.5275,0.16857009,-91.89522,-0.99551594,1683.69,0.14066896,1028.8206,0.3213824,-84.16693,-0.98021597,2741.1785,0.097578086,966.62964,0.50943774,-86.68626,-0.9297059,-12.701892,-0.3603224,21.93264,0.31476843,0.03809442,0.53881943,-0.01364172,-0.8464964,0.071414255,0.75480527,27.853086,0.30192629,-8.068915,-1.7517993,14.87943,0.95631045,-32.19844,-0.44708925,-8.32935,16.130714,0.008931113,0.0007022605,0.031793933,3.6163523,2.8526149,0.21555555,0.15724087,0.13466667,0.14117916,-37.279377,o,Ses05M_script03_1,Ses05M_script03_1_F021
547,33.182587,0.1347553,28.936663,33.10862,35.43069,6.494028,35.811596,17.205256,85.975876,51.043556,0.10468854,0.4257605,0.057714052,0.10054429,0.14141145,0.0836974,0.8943202,0.9316792,0.5394003,0.3592512,0.023585254,0.6998964,23.895857,0.39660603,3.7656229,2.8335776,18.893644,0.5855374,-8.895774,-1.1701777,0.030605236,1.1068668,1.4303259,0.5376725,6.3101816,0.42246845,10.934061,1.0224487,25.088282,0.36115274,709.20404,0.31839353,1399.8807,0.16726425,-159.35844,-0.45938578,1768.5569,0.15115416,1103.5559,0.4065323,-160.16138,-0.4346476,2810.6511,0.123536356,965.1058,0.2999195,-160.83673,-0.426069,-18.11034,-0.2700331,25.238165,0.2788042,0.019740207,1.1250023,-0.007539064,-1.8199551,0.040909484,0.44307745,29.176497,0.2461595,8.303077,1.1724758,23.621126,0.66374975,-10.829038,-1.3256541,-12.759311,21.61016,-0.0034710895,0.0018469635,0.01854114,2.9520295,2.234637,0.095,0.0517204,0.30615383,0.5141615,-46.685574,q,Ses05M_script03_1,Ses05M_script03_1_M025
548,33.195877,0.06827849,30.928566,32.68034,35.80171,4.8731422,35.177395,19.893501,15.799815,7.700029,0.14279708,0.5683329,0.07221058,0.10348157,0.22853298,0.1563224,1.9959446,0.87917924,1.5087601,0.83304083,0.02754182,0.71468043,24.019096,0.54157907,0.83179224,11.719714,18.101675,0.60873455,-14.351234,-0.8829649,0.013945326,1.4065645,0.9908985,1.0303793,8.709528,0.20110531,0.47080392,17.000826,21.701384,0.29864368,517.291,0.2686449,1442.0171,0.122178495,-124.972046,-0.737644,1547.686,0.14025542,1123.667,0.2448761,-127.01415,-0.6822696,2617.9626,0.106507316,1013.5617,0.32261768,-129.83662,-0.63797486,-13.697051,-0.41339704,25.430517,0.27229837,0.024117824,0.8179934,-0.016320257,-0.7360262,0.04100559,0.46800044,34.90372,0.29439336,-1.8182027,-6.139053,13.024472,1.0164365,-22.65678,-0.623871,-9.899337,17.273888,-0.0019689992,0.0046083997,0.019149663,4.7393365,1.9417477,0.19999999,0.27748874,0.234,0.14650597,-43.451923,q,Ses05M_script03_1,Ses05M_script03_1_F022
549,31.048937,0.21217573,27.3861,28.004814,31.462467,4.0763664,28.32163,27.366898,23.9554,7.8696866,0.19815183,0.9766655,0.092848025,0.13050732,0.21612963,0.123281606,1.898649,1.8913387,0.90358204,0.50967616,0.051328328,1.1677914,29.935772,0.33237687,-3.3544512,-4.50874,19.66746,0.8485529,-13.640678,-1.0638156,0.024708068,1.315339,1.2761313,0.5933922,5.7020707,0.5725321,3.9440937,1.4432698,25.971891,0.26678863,683.9287,0.35431013,1365.4,0.16425788,-116.101524,-0.77910066,1675.8315,0.14141457,1095.0365,0.25562605,-119.6722,-0.70622694,2770.465,0.097463526,910.2992,0.3607138,-121.87295,-0.67292285,-14.1762705,-0.55125684,25.137623,0.2582741,0.022550147,0.9162847,-0.0034496803,-5.2217927,0.07061435,1.0970623,33.633865,0.25035584,-3.7904866,-4.517999,18.108387,1.0264169,-17.723312,-0.92737114,-11.873625,21.046627,0.0022383253,0.00017176302,0.032459065,2.1176472,3.8186157,0.107499994,0.071282886,0.13437499,0.10422143,-36.88924,ans,Ses05M_script03_1,Ses05M_script03_1_M026
550,38.746384,0.15013883,33.388596,37.684025,44.831734,11.443138,56.924046,40.775234,37.54215,32.038326,0.32220143,0.6461115,0.1405638,0.25424367,0.52065814,0.38009435,3.4441195,2.1989434,1.9961381,1.3548158,0.08126067,0.92053986,26.889648,0.3582017,-9.272831,-1.9591362,10.14925,1.6553423,-28.518682,-0.60906065,0.019195871,1.6028024,0.95325917,0.75797194,9.41892,0.37103206,3.249853,3.1662674,19.905077,0.4920361,688.38464,0.37408334,1380.7781,0.17283706,-67.964134,-1.2789032,1731.1194,0.16522859,1064.8551,0.2838325,-63.442364,-1.2216054,2813.6917,0.10317804,1026.1593,0.36376598,-67.90686,-1.0955948,-11.637694,-0.65272075,22.7346,0.34434363,0.038893867,0.6584488,-0.009696622,-2.0435739,0.093963586,0.79704875,28.343998,0.2838261,-11.8349085,-1.6610421,10.224505,1.7331935,-31.66352,-0.5588506,-10.421466,19.763924,0.015799709,-0.0076824254,0.046385918,2.5951557,2.2767074,0.31769228,0.40595862,0.107499994,0.09892126,-33.5894,s,Ses05M_script03_1,Ses05M_script03_1_F023
551,39.19544,0.1391848,33.00271,39.608185,41.46715,8.464443,74.170494,55.532085,55.748207,11.75678,0.30799392,0.6746859,0.15145928,0.2469613,0.40044582,0.24898654,4.1650205,3.580455,2.087562,1.9184215,0.09928124,1.0208199,28.355917,0.24377668,-11.266681,-1.3195281,19.335512,0.6906494,-28.722515,-0.5353291,0.02214,0.9168254,1.3353556,0.65783745,7.6483893,0.35803312,2.1169071,5.6975946,18.308386,0.7758828,782.11035,0.36590827,1365.0668,0.13512473,-100.6,-0.90781116,1866.7446,0.14704822,1022.62036,0.28876635,-100.50052,-0.8566797,2895.3696,0.09412667,1028.2213,0.2876052,-101.41242,-0.84177846,-13.702722,-0.5449513,22.297201,0.33343866,0.04709339,0.61277306,-0.023144312,-0.70589364,0.12249458,0.8307976,30.33591,0.20502895,-11.927562,-1.4046978,15.556483,0.7538922,-36.031403,-0.3541216,-10.69073,17.445406,0.029683443,-0.009013125,0.06274396,2.4793391,2.966102,0.17714284,0.13306436,0.16333334,0.15584894,-34.43257,o,Ses05M_script03_1,Ses05M_script03_1_M027
552,38.478386,0.1224318,34.616814,38.7661,42.41058,7.793766,112.68185,116.9625,97.66461,134.42316,0.39654604,0.68651545,0.14024223,0.32561424,0.6678563,0.52761406,6.250667,3.859926,4.483681,2.1925359,0.1330665,0.9440243,26.47081,0.278531,-16.155115,-1.0241975,14.455308,1.1426581,-30.306316,-0.5987889,0.032347497,1.5419453,1.1895795,0.599119,6.7887287,0.48863626,4.6315217,2.2061806,15.736892,0.57048136,750.5662,0.35373223,1425.11,0.18082094,-81.48115,-1.1301492,1710.8114,0.13655336,1170.4453,0.35010305,-73.438065,-1.1750678,2788.9841,0.08827391,950.4465,0.42497444,-77.434555,-1.074826,-7.3671904,-0.83059454,18.466375,0.31521302,0.04205663,0.54994935,-0.009900416,-1.1953222,0.17035593,0.7180598,27.774582,0.23366821,-21.676273,-0.7660538,12.597961,1.3432704,-37.613247,-0.4149557,-10.169401,19.404793,0.012853883,-0.0025878295,0.06061653,4.1050906,2.152318,0.30153847,0.3097355,0.16545454,0.16773158,-32.150185,ag,Ses05M_script03_1,Ses05M_script03_1_F024
553,32.17325,0.08507998,29.617334,31.629885,34.508247,4.890913,28.60497,18.97396,7.2016687,3.9734378,0.21446155,0.46267438,0.11708345,0.19957113,0.3141087,0.19702524,1.574657,1.2321647,1.1729068,0.533647,0.05453833,0.7410151,28.11117,0.4861885,-9.569901,-1.1877888,8.23122,1.0591476,-22.72376,-0.67590714,0.016199887,0.78811747,1.304102,0.4201698,4.9794583,0.59941816,-0.25814697,-27.918848,19.265583,0.3910773,638.57776,0.3959751,1281.8191,0.14747031,-115.8618,-0.82872295,1603.1517,0.22350419,1132.0239,0.17858924,-113.93488,-0.8187436,2647.6716,0.092123,809.47943,0.26038128,-118.27803,-0.7480738,-10.396284,-0.29965812,23.994095,0.16801602,0.0349498,0.441616,-0.01042845,-1.426474,0.08084269,0.44837695,36.975197,0.127889,-15.855923,-0.60858303,4.52317,1.6733992,-31.02072,-0.4518198,-7.4006815,16.102757,0.010026479,-0.0022122327,0.0342312,3.2520325,1.6666667,0.2625,0.16738802,0.3175,0.30127853,-40.114464,q,Ses05M_script03_1,Ses05M_script03_1_M028
554,34.11381,0.0691545,32.24504,34.386387,35.117477,2.8724365,24.313858,14.673081,72.25765,110.58011,0.17251545,0.5403281,0.100456305,0.15338926,0.20975229,0.10929599,1.8932472,1.1929691,1.9154952,1.5339552,0.034011014,0.5076028,25.219152,0.44909582,1.2152349,8.717966,20.26835,0.57396275,-17.324892,-0.84379417,0.01736184,1.1431062,0.82797563,0.83125407,9.022699,0.26785478,-1.8224909,-4.9451785,16.276136,0.4295144,721.6056,0.28241697,1405.8713,0.15959954,-100.02598,-0.8925905,1765.799,0.1229002,1171.3163,0.3154574,-104.38441,-0.80030096,2793.489,0.087963015,1027.0361,0.5594547,-105.82928,-0.77534753,-14.948469,-0.36120594,24.675251,0.29044253,0.014787043,1.3897204,-0.009116028,-1.8268301,0.04232365,0.36839855,31.14336,0.22466487,-1.4177451,-8.202501,21.173223,0.61811936,-20.25666,-0.8362354,-10.62121,17.91625,-0.0014889868,0.0007735968,0.024896963,3.2490976,2.5735295,0.20428571,0.26472935,0.16142856,0.1401457,-41.37551,ans,Ses05M_script03_1,Ses05M_script03_1_F025
555,33.698368,0.12953462,28.413391,35.17427,37.261475,8.8480835,140.15225,131.1237,124.68441,207.68901,0.22600888,0.9058582,0.092426166,0.15546179,0.28621304,0.19378687,2.649145,2.352068,1.8074732,2.1374278,0.054824147,1.0631295,28.422644,0.28216612,-5.178958,-2.157323,13.460445,1.13235,-17.004093,-0.89570725,0.020499066,1.6746346,1.2623191,0.67402524,6.168477,0.63630354,1.9710815,5.686377,21.02177,0.42842644,673.4529,0.38166413,1371.0869,0.1619661,-133.9443,-0.6451323,1646.2751,0.17253685,1096.2606,0.26101238,-125.255646,-0.69467604,2744.7305,0.097569786,930.62604,0.53638196,-128.94374,-0.6390054,-10.907784,-0.49683186,22.487087,0.27436823,0.037315577,0.654292,-0.006794282,-2.2063837,0.080259666,0.83163106,31.789118,0.21399155,-8.415381,-1.5813638,9.001252,2.028199,-22.440655,-0.7861514,-10.758538,21.02566,0.009429748,0.0019797988,0.038063638,1.8867925,3.3625731,0.11,0.11489125,0.18142857,0.16619799,-35.20482,s,Ses05M_script03_1,Ses05M_script03_1_M029
556,35.6424,0.07118603,33.887753,35.66773,37.494003,3.6062508,105.98047,94.474556,21.558052,17.03519,0.3609129,0.66736174,0.16866036,0.27739847,0.5809488,0.4122885,3.9211166,2.408668,2.8913467,1.936279,0.086489566,0.7723573,31.423182,0.21701829,-12.03286,-1.0473834,4.9443,3.0954354,-21.235596,-0.8318455,0.016989665,1.7917303,1.063783,0.77111757,7.8011785,0.5169291,-0.13419299,-78.28719,17.639206,0.49528947,680.3649,0.34700868,1419.7936,0.16451296,-74.8593,-1.1633906,1622.0306,0.15143873,1162.6088,0.22304308,-68.90476,-1.2021787,2730.059,0.09523333,960.02844,0.38968697,-77.10862,-1.0006932,-8.127846,-0.74729776,22.782845,0.27964503,0.03611996,0.59762037,-0.0038972432,-3.216028,0.09833504,0.6573591,32.79379,0.19577178,-14.937152,-0.86962897,2.2308493,6.671852,-23.808207,-0.7709056,-10.303312,21.418318,0.018398637,-0.0018934582,0.062049728,3.6585364,3.08642,0.21533333,0.33107635,0.09923077,0.04565111,-32.31161,s,Ses05M_script03_1,Ses05M_script03_1_F026
557,36.08692,0.12498141,31.049221,37.540134,39.513187,8.463966,72.2915,43.16076,56.902733,53.808235,0.16603844,0.67193735,0.071569815,0.12932856,0.25462064,0.18305083,1.8478452,0.88898087,1.2979972,0.9010312,0.038884554,0.8805589,25.431696,0.29699782,-2.4468534,-3.5855098,13.350494,0.7793443,-15.612039,-0.81424755,0.02277607,1.2855797,1.2448351,0.63330865,6.957578,0.4458968,7.736672,1.0346317,23.423517,0.2877171,765.56006,0.32729018,1305.711,0.17402145,-147.8647,-0.5507766,1814.1838,0.17030613,1085.6569,0.22618285,-141.66275,-0.5763654,2826.9585,0.09744973,912.0562,0.27611196,-143.02168,-0.55560344,-11.8226795,-0.47125855,23.926258,0.20352966,0.038593818,0.5212776,-0.003813056,-3.17508,0.066454895,0.57084244,30.171906,0.20498073,-7.1872764,-1.5668346,8.558678,1.406974,-23.671003,-0.57355714,-11.00348,20.28752,0.0078318305,0.004597237,0.025623614,2.2471912,2.4574668,0.12307692,0.07507787,0.285,0.39090705,-41.36749,q,Ses05M_script03_1,Ses05M_script03_1_M030
558,37.498207,0.0614626,34.63247,38.29338,39.239143,4.606674,19.411991,6.7325845,19.951107,12.878876,0.2063592,0.38365123,0.13488653,0.19842869,0.26826662,0.13338009,2.0961535,0.7857006,2.466495,1.4000136,0.042311423,0.4941187,22.933966,0.3760673,-2.6020718,-3.4660394,16.014568,0.6768718,-20.341988,-0.54317296,0.014792295,0.816813,0.86175305,0.7074691,9.381563,0.32022154,6.287734,1.3131782,19.561544,0.40751913,748.4723,0.2527634,1323.8829,0.14066152,-122.12459,-0.7175292,1827.0312,0.13864999,1072.2316,0.33596689,-119.55508,-0.69555295,2792.8184,0.087163135,920.59503,0.24689376,-119.68471,-0.6941555,-14.181899,-0.37884942,23.593315,0.2955653,0.02910059,0.6732985,-0.011344085,-0.903546,0.048075818,0.40778115,28.781017,0.2338996,-2.8586123,-3.4802752,18.354227,0.7203461,-23.551546,-0.52112854,-8.050009,15.616661,0.011177444,0.000934038,0.038981643,5.1546392,2.6455026,0.166,0.09436101,0.19,0.13914022,-40.706333,ans,Ses05M_script03_1,Ses05M_script03_1_F027
559,28.971478,0.1263922,25.785275,27.423418,32.93341,7.148136,306.58295,237.64503,142.21169,164.29564,0.14537506,0.4947715,0.0672085,0.14356501,0.20874654,0.14153804,1.8025594,0.7049279,1.6352615,1.6452243,0.031187149,0.7611827,26.424911,0.28383797,-7.9059505,-1.1079898,20.809578,0.6778474,-12.776757,-0.8903187,0.03286617,1.5318487,1.6145966,0.46368277,3.7815583,0.7840503,0.18717349,30.084743,15.629214,0.46280816,728.19305,0.35897636,1319.1898,0.12699386,-158.37482,-0.48015362,1756.448,0.15689594,1190.1067,0.262244,-160.01772,-0.44611555,2699.7505,0.09806,812.7895,0.16958088,-159.9776,-0.44645426,-11.667822,-0.37975377,19.161566,0.26817742,0.02251595,0.7948937,-0.016135734,-1.2398524,0.049636897,0.6266252,31.267189,0.19249707,-6.4578967,-1.563066,20.1619,0.71714574,-21.014761,-0.75384355,-8.54602,16.933603,0.008500186,0.004826704,0.026724022,4.089219,2.6515152,0.07428571,0.058762755,0.28285715,0.2646137,-45.342102,o,Ses05M_script03_1,Ses05M_script03_1_M031
560,38.151043,0.08211557,35.26981,37.15285,40.716434,5.4466248,46.887882,53.603577,35.553345,18.454275,0.43251157,0.5895007,0.19439599,0.42232037,0.6437971,0.4494011,5.341645,2.9612658,3.777799,1.4723074,0.11245171,0.74928224,26.048859,0.2987726,-15.253975,-0.99095976,10.079786,1.3068662,-33.077694,-0.58845544,0.015112092,1.2525694,0.9255041,0.7823017,8.298488,0.4285959,2.8486369,3.6468914,16.671503,0.49086407,714.1117,0.3022833,1418.9069,0.1620723,-81.614365,-1.1416795,1710.6074,0.15310112,1060.9297,0.28358018,-74.11202,-1.1625702,2815.0771,0.09614066,966.447,0.469767,-78.30891,-1.0633358,-7.591001,-0.7665888,18.015718,0.35668588,0.042667426,0.40877798,-0.011956808,-0.9521709,0.13153315,0.607581,27.929295,0.25656962,-18.85875,-0.7847888,10.334503,1.4313532,-41.7113,-0.41074196,-8.47134,18.153645,0.01924406,0.0015756029,0.07302968,4.497751,1.9637463,0.33076924,0.276474,0.14642857,0.20229423,-32.141533,s,Ses05M_script03_1,Ses05M_script03_1_F028
561,38.90461,0.13594995,34.51073,36.503716,44.81775,10.307018,171.34828,241.09506,70.67666,44.664436,0.40151137,0.4101324,0.24481829,0.38572836,0.54003304,0.29521477,4.2300224,1.9408944,2.9725583,1.5326473,0.13045187,0.57415074,23.384453,0.24536172,-13.627356,-0.8908396,13.360045,1.0715307,-18.23592,-0.77310336,0.026074076,1.184136,1.3209435,0.43620738,6.4030256,0.40347517,10.006423,1.028346,16.50036,0.5124858,791.4872,0.3301359,1270.6841,0.21732135,-99.62279,-0.89261556,1763.8793,0.1482897,1097.7549,0.2525852,-85.08548,-0.98643917,2775.5842,0.095177464,905.02155,0.34910986,-87.8434,-0.93240136,-8.539938,-0.5290446,18.16821,0.29084447,0.04964434,0.52617395,9.274729e-05,154.71118,0.13452375,0.5388176,23.893097,0.2206753,-14.678319,-0.81590563,14.744066,1.0768355,-17.510582,-0.7940298,-8.281285,17.924675,0.045777317,-0.0033142308,0.122597225,4.7318616,3.858521,0.14999999,0.12062337,0.103,0.14464094,-33.563435,s,Ses05M_script03_1,Ses05M_script03_1_M032
562,38.773052,0.1166015,34.314392,37.84179,43.766663,9.4522705,136.98407,219.44026,63.47973,45.937958,0.36588287,0.4641997,0.22014005,0.33791208,0.5201327,0.29999268,3.5288615,1.9472886,2.1546888,0.7203712,0.11142591,0.6697502,29.935123,0.25318378,-9.692198,-1.308158,11.973631,1.1029798,-22.183676,-0.70924515,0.027348643,1.4310094,1.2419914,0.6266687,7.042192,0.453146,7.04233,1.5129231,21.20339,0.4230534,642.9554,0.34020546,1414.9857,0.15984128,-64.779106,-1.2928617,1657.3812,0.12860301,1078.8157,0.23793389,-57.338722,-1.2416106,2738.1506,0.08827038,974.00183,0.34797677,-63.15483,-1.0767295,-11.328895,-0.49300894,22.043354,0.2706764,0.04520676,0.49199975,-0.013024901,-0.99155587,0.11096374,0.63586664,30.758066,0.22412713,-11.762751,-1.0379578,10.778678,1.2318233,-24.115616,-0.6033972,-11.325064,20.978498,0.038468283,-0.010553795,0.117443986,3.6144578,3.6809816,0.20083334,0.19512637,0.06666666,0.034960296,-33.89957,o,Ses05M_script03_1,Ses05M_script03_1_F029
563,31.904049,0.1044731,28.194843,31.65052,35.497417,7.302574,90.44258,25.89927,12.108441,10.2869,0.26611522,0.41916662,0.19371958,0.23985763,0.31894735,0.12522776,1.9015936,1.121337,1.2608993,0.8375271,0.059201907,0.4526731,33.93546,0.2313933,-2.7491765,-3.809237,20.495935,0.5439763,-13.233829,-1.2553359,0.025670711,1.989579,1.1514498,0.7880052,7.4968553,0.37891665,3.7939975,2.4497604,23.650337,0.34131816,570.6114,0.34925497,1421.0457,0.19453517,-30.236364,-1.9256382,1621.5104,0.13775209,1048.4546,0.205778,-37.38681,-1.3686619,2675.6665,0.09552557,988.4681,0.30001193,-42.738262,-1.1608279,-14.773994,-0.31734958,24.312586,0.28250062,0.035572853,0.6388241,-0.010620926,-1.1457541,0.061053704,0.4469222,35.059246,0.17140111,-3.7077863,-2.8107843,19.831057,0.5707447,-14.639359,-1.1658491,-13.879088,23.77009,-0.0015099496,0.00052502216,0.047323003,2.7888446,2.0408163,0.42999998,0.24091493,0.0475,0.0147902,-36.75214,s,Ses05M_script03_1,Ses05M_script03_1_M033
564,32.039577,0.098793164,27.727657,32.890987,35.214714,7.4870567,38.748356,17.51667,9.703369,3.8544984,0.23470499,0.64441675,0.07816401,0.22030765,0.32711184,0.24894783,2.5466707,1.1472846,1.6452607,1.1407269,0.040014934,0.6033583,28.191072,0.4134065,-3.0438702,-4.077448,22.573767,0.41835552,-12.256491,-1.1672107,0.018423712,2.8384233,0.7176973,0.7134911,8.993431,0.29525962,0.46659124,22.766457,18.099709,0.4929247,568.42334,0.38695762,1357.6295,0.15580207,-83.1371,-1.1146555,1647.2046,0.13478097,1033.0972,0.33083576,-86.681305,-0.9978007,2677.3599,0.09713627,1118.9574,0.38090107,-89.513565,-0.9442784,-13.846255,-0.36320713,21.518858,0.35257885,0.0321482,0.7366638,-0.01595367,-0.9739867,0.051525094,0.39932942,33.853504,0.16400823,-7.829222,-1.4632176,23.667948,0.43070957,-16.302137,-0.99523246,-10.815309,18.375156,-0.009447773,0.0034208824,0.023225656,3.0303032,2.0725389,0.29,0.13490738,0.22666666,0.18006171,-37.549973,o,Ses05M_script03_1,Ses05M_script03_1_F030
565,36.331482,0.13325948,31.074217,37.540417,41.47393,10.3997135,38.50185,22.347633,46.36282,19.937174,0.10060874,0.52242994,0.055302948,0.076238304,0.1502643,0.094961345,1.0186044,0.6253301,0.6465685,0.39711007,0.023811415,0.7885578,28.523687,0.2709248,-0.74225146,-9.635073,12.113343,1.0013744,-9.289784,-1.0481151,0.0186336,0.70045996,1.2102345,0.4786669,7.227652,0.45138234,6.4328036,1.3750167,27.469563,0.30411676,666.9782,0.31655335,1414.2594,0.13466671,-165.62534,-0.42892,1655.6292,0.15921488,1187.668,0.16439538,-161.5298,-0.44564778,2792.573,0.08898085,1069.9434,0.38665605,-164.45912,-0.40392143,-14.864632,-0.34692717,31.268698,0.1939501,0.022687087,0.5641717,-0.0055245347,-2.1668642,0.04531572,0.40847123,36.37029,0.18193741,-0.495805,-14.324614,3.071337,5.3729815,-15.129482,-0.78107095,-12.242701,23.088799,-0.00047237606,0.0050575803,0.017916134,2.2590363,1.3657057,0.1511111,0.05086899,0.504,0.3719731,-46.82246,s,Ses05M_script03_1,Ses05M_script03_1_M034
566,33.321335,0.12654081,30.493317,31.793205,36.06366,5.570343,17.648079,6.100989,16.454376,0.0,0.14138842,0.61270905,0.054670125,0.135771,0.20791844,0.15324831,1.3607162,1.0847763,1.5720252,0.90904725,0.024692032,0.64948374,28.873402,0.18137622,-2.6950095,-3.315472,20.441357,0.48359346,-13.900085,-0.91918755,0.015754897,1.4892411,0.85812145,0.60606277,8.25764,0.31596372,-0.05058795,-174.15532,16.791063,0.42162287,628.90967,0.2884867,1326.3054,0.1445443,-106.245255,-0.86415845,1713.027,0.11174015,1011.53735,0.3705145,-109.81225,-0.7844042,2742.2073,0.080215864,878.6934,0.30578914,-111.77815,-0.7543188,-14.558895,-0.3338892,22.707518,0.32018754,0.018187806,1.2093692,-0.014616167,-0.79288185,0.033840004,0.5161718,30.75154,0.19860515,-1.4511611,-6.0052133,26.440062,0.3946115,-20.801868,-0.6649802,-13.2182455,24.605713,-0.012505265,0.003992306,0.015954057,3.0456855,2.0833335,0.235,0.1806239,0.17799999,0.2295561,-42.69074,dag,Ses05M_script03_1,Ses05M_script03_1_F031
567,29.523888,0.054669674,27.698843,30.054146,31.052954,3.3541107,0.0,0.0,-0.3983619,0.0,0.13675229,0.8706317,0.06665318,0.095128864,0.18370715,0.11705397,3.4514437,4.0311494,1.8968191,1.3624017,0.039075058,1.8431996,20.409065,0.33268505,-6.38419,-0.8904674,15.751944,0.37445885,-6.8205504,-1.1576871,0.017690932,0.14374074,3.0341873,0.14627898,2.8085363,0.86802,-0.15821667,-35.192047,18.219643,0.20402794,588.11194,0.40135294,1260.6398,0.16563895,-193.88364,-0.16278036,1622.8458,0.12085713,1069.4843,0.2570004,-192.22229,-0.18453725,2610.0508,0.03985237,1117.8743,0.15980762,-192.59229,-0.1766891,-5.512752,-1.5252668,16.563576,0.5411378,0.039610818,0.27711603,-0.0072501386,-2.1013155,0.299794,0.3298057,24.603508,0.4227441,-10.483364,-0.8937999,14.772078,0.60538787,-4.216574,-1.9873143,-7.6247144,16.78077,-0.00028349503,0.008044669,0.026834963,0.8583691,0.877193,0.044999998,0.015,0.71333337,0.42593688,-40.206226,s,Ses05F_script03_1,Ses05F_script03_1_M000
568,32.387188,0.0025288218,32.323288,32.35511,32.445427,0.12213898,1.7026266,0.0,6.007576,0.0,0.07862,0.17517234,0.066919826,0.07589199,0.089579105,0.02265928,0.29886028,0.16268396,0.23984268,0.10873174,0.01340298,0.27195287,23.437885,0.19713773,-1.1347413,-2.9102516,14.426179,0.23892513,-8.907521,-0.54809,0.008055275,0.26314574,1.3879688,0.38253877,4.790726,0.19706978,8.959246,0.23226438,22.87496,0.06406918,638.1008,0.042211954,1274.5549,0.021473803,-193.91136,-0.17603204,1708.821,0.004636667,861.63684,0.051065423,-194.05728,-0.17230447,2958.9026,0.04149663,622.2113,0.108079344,-194.70692,-0.155304,-13.231321,-0.06643549,26.542772,0.0672007,0.008624963,0.77211684,-0.0156150395,-0.11658406,0.018576723,0.052827485,31.47635,0.028876988,-2.566787,-0.7920458,10.135926,0.36793718,-17.1987,-0.29525524,-12.257479,21.483381,0.0002934056,0.004726172,0.01331967,4.054054,0.46082953,0.07,0.0,1.035,0.405,-55.161766,q,Ses05F_script03_1,Ses05F_script03_1_F000
569,24.2142,0.0210972,23.782068,24.129076,24.575788,0.79372025,17.208778,4.6023397,7.7366986,11.231118,0.16003677,0.7870084,0.06740168,0.09196117,0.27795917,0.21055749,1.9882578,1.2967563,2.5215259,1.2464867,0.036510024,1.0996605,25.395405,0.37995508,-6.9792743,-1.0690839,14.149003,0.4530082,-8.600521,-1.1160764,0.027783401,0.9381429,1.3832812,0.59669447,3.317521,0.5667408,4.018053,0.6831113,23.401426,0.31541887,773.4403,0.3215311,1316.4478,0.15944776,-158.42786,-0.5044838,1772.8525,0.16305485,1148.7858,0.34033838,-158.47235,-0.48994115,2727.116,0.10927373,952.75916,0.49498656,-159.82567,-0.46991283,-13.278934,-0.39381203,23.162844,0.23255129,0.028763086,0.5626219,-0.008657831,-2.4188943,0.09160156,0.34846812,40.802788,0.06480107,-9.04702,-1.1760324,20.29747,0.39986438,-8.594375,-1.8548316,-8.6158,16.810158,0.0017226718,0.006542477,0.021247063,1.923077,0.49261084,0.45,0.0,0.775,0.185,-40.828842,ans,Ses05F_script03_1,Ses05F_script03_1_M001
570,34.306698,0.059327763,32.99666,34.19935,35.485146,2.4884872,28.825983,13.841332,13.875943,3.2224958,0.100627504,0.2811958,0.067704596,0.10203361,0.12690656,0.059201963,0.58609885,0.23885576,0.40543416,0.25012732,0.017017199,0.3824698,26.625847,0.2675504,-1.3615032,-4.755792,13.291873,0.68421394,-14.976251,-0.5945463,0.014612805,0.93733835,1.2659378,0.40239814,6.2413926,0.29938918,-0.37734094,-23.111568,19.54951,0.27258858,577.7056,0.22092666,1363.7911,0.10631781,-118.29575,-0.7757885,1620.0294,0.10399039,1191.7844,0.29894593,-122.80973,-0.6912588,2642.2769,0.07847495,1087.9258,0.34012315,-125.07816,-0.656912,-14.615849,-0.19101578,24.183903,0.17524517,0.009113145,1.5720277,-0.009515522,-1.0488153,0.019693557,0.25887403,31.30337,0.14501701,-1.5884156,-3.6694257,12.298762,0.86735004,-19.353523,-0.4316251,-11.788377,20.47432,-0.003334273,0.0046400973,0.0151308365,4.3859653,2.6706233,0.15333332,0.14779867,0.19888888,0.23439968,-50.98664,s,Ses05F_script03_1,Ses05F_script03_1_F001
571,28.660204,0.057381604,27.65086,28.44516,29.926464,2.2756042,37.919926,0.0,-5.6324754,12.657983,0.18017022,0.7704833,0.072963804,0.13042535,0.2674534,0.1944896,3.0103874,1.9771724,3.0155663,2.5342226,0.0478216,1.0037255,24.576097,0.42741615,1.7265077,6.441993,20.164377,0.36936218,-4.748819,-1.8497688,0.029533384,0.9551634,1.123681,0.71020293,6.7183895,0.38386363,2.8862426,1.8729539,27.453888,0.28050455,465.39267,0.3123579,1378.9701,0.13968268,-132.01373,-0.668804,1573.8368,0.12296248,1073.6094,0.25212795,-136.04688,-0.59247434,2606.1418,0.072333656,1118.0143,0.42114228,-138.18141,-0.56367844,-20.01503,-0.29603392,30.694633,0.24399745,0.0128722545,1.5266765,-0.013475107,-0.82169676,0.09064537,0.54713756,34.455456,0.2120164,10.6774,0.78707594,24.659695,0.34082562,-1.7193104,-5.6798215,-7.8634415,15.993052,-0.0053394963,0.007812707,0.02363134,2.747253,1.6949153,0.21333334,0.17326921,0.265,0.26320145,-36.56208,s,Ses05F_script03_1,Ses05F_script03_1_M002
572,36.535576,0.0068033272,36.310658,36.515213,36.776287,0.46562958,0.0,0.0,-0.041454125,0.0,0.082109824,0.28323865,0.06306348,0.074289486,0.09846149,0.035398006,0.3436543,0.21214055,0.37314782,0.35387763,0.01477305,0.44066617,24.03905,0.2990221,-2.1577263,-2.4952393,13.923398,0.45215422,-8.769156,-1.0673321,0.014338596,0.36730307,1.1485392,0.42436722,7.498228,0.2722234,20.349876,0.47141123,32.027477,0.10219208,465.93332,0.20338088,1441.9404,0.12679726,-185.16254,-0.2865807,1449.8245,0.058418486,1303.8407,0.1632688,-183.7812,-0.27942958,2469.9312,0.05315425,921.01495,0.14129412,-183.96126,-0.27624398,-18.928865,-0.13697617,29.094627,0.11606503,0.03965324,0.30483297,-0.003773921,-1.5998826,0.015051532,0.24379092,32.833332,0.079345554,3.500072,0.729869,9.982886,0.79227996,-21.546768,-0.2535284,-11.14112,20.345585,0.0041513327,0.008554986,0.0148813315,2.3584907,0.4830918,0.19,0.0,0.92499995,0.21499999,-53.25506,q,Ses05F_script03_1,Ses05F_script03_1_F002
573,25.36658,0.11546329,22.320837,25.76893,28.881962,6.561125,82.80567,93.67592,14.641579,10.370273,0.1846597,0.764515,0.06669997,0.11889823,0.2927219,0.22602193,3.9347668,2.4926412,3.0371816,2.4978719,0.054200545,1.2429103,28.06384,0.5218939,-2.259882,-4.54697,12.218387,0.8050974,-8.598579,-1.2093846,0.021143949,1.4185656,1.4488993,0.54786474,3.9903934,0.6930174,3.0357418,1.5413885,24.808561,0.31819,588.1745,0.31194752,1401.1105,0.13095115,-125.691574,-0.73171276,1620.6017,0.16235307,1148.098,0.17061634,-130.38966,-0.65755767,2706.7717,0.114980526,1024.4421,0.2789297,-133.90543,-0.60813296,-14.322789,-0.3850557,28.086967,0.27114332,0.0296681,0.59057665,-0.017764451,-0.76088226,0.10528868,0.7252462,42.00698,0.14951096,-4.8118534,-2.5897207,9.7071705,1.3395694,-14.915869,-0.8730537,-9.487202,18.799007,0.000393268,0.008094878,0.023580132,4.037267,2.2082021,0.16428572,0.08449128,0.2657143,0.3385202,-37.243767,s,Ses05F_script03_1,Ses05F_script03_1_M003
574,39.33558,0.09438298,34.558243,40.47023,43.044212,8.48597,120.091736,13.417668,46.806866,0.0,0.08682007,0.3379981,0.068167835,0.07498453,0.10270241,0.034534574,0.6072557,0.59441286,0.6156485,0.6351036,0.01430271,0.4612186,21.714918,0.36332712,-0.4021898,-12.203409,12.665846,0.46762908,-8.466572,-1.0305026,0.028419007,0.4239799,1.7105974,0.3886965,5.1374907,0.23676246,8.480135,0.7864877,20.565075,0.40836576,774.65234,0.24254519,1289.9316,0.11236566,-179.24774,-0.31561506,1829.1844,0.10357219,1109.7244,0.19885184,-177.05528,-0.3148539,2872.5115,0.07947184,872.3556,0.16191642,-177.37842,-0.31038836,-13.647387,-0.17863977,24.564085,0.1384776,0.013503778,1.0578059,-0.0030683272,-4.098056,0.017366474,0.3282175,30.195269,0.15476103,-2.4993677,-1.0061014,10.450243,0.8902412,-18.304983,-0.55709136,-10.839521,19.802105,4.0057417e-05,0.007303251,0.014007942,2.3696682,1.9417477,0.06,0.037416574,0.346,0.25310865,-53.686844,ag,Ses05F_script03_1,Ses05F_script03_1_F003
575,31.250967,0.14533584,26.991861,33.29501,34.247208,7.2553463,19.511148,17.97035,37.55045,0.0,0.20291464,0.7838969,0.072109975,0.17475228,0.3003999,0.22828993,2.703708,2.9668472,2.0726817,1.4633353,0.05307852,0.9809509,25.325943,0.42861614,-2.3819401,-4.8439937,21.003172,0.3666361,-7.9212623,-1.1901158,0.0327213,1.4553585,0.9709175,0.6226826,7.541346,0.5059797,5.001103,0.7511999,23.341892,0.33180583,487.2942,0.2808312,1411.4315,0.12982765,-138.61717,-0.63521355,1562.427,0.104869306,1066.6975,0.2294338,-140.00703,-0.59107924,2605.8367,0.09323695,1009.13257,0.30467445,-141.78178,-0.56604844,-17.382982,-0.4186639,25.78164,0.33451438,0.029725956,0.6036192,-0.016255176,-0.6488804,0.10346014,0.47755378,36.855007,0.13529839,-1.4704367,-11.107835,25.408691,0.25333163,-7.580208,-1.308227,-9.358991,17.64488,-0.0019156353,0.008456377,0.02854656,2.843602,0.97087383,0.345,0.16499999,0.44,0.3262923,-36.830868,s,Ses05F_script03_1,Ses05F_script03_1_M004
576,35.96782,0.07074486,33.223835,35.65951,38.461304,5.2374687,10.0883465,0.6507669,32.757744,0.0,0.11639329,0.4976205,0.06475566,0.10820135,0.15945178,0.09469612,1.5870249,1.0389876,0.5765953,0.2589655,0.02200639,1.0175338,26.883293,0.19244303,-7.3835616,-1.2785289,12.74902,0.61604035,-13.316436,-0.7411289,0.014141886,0.8823829,1.2405536,0.5166731,6.275144,0.39009947,-3.0814471,-2.9981334,16.91182,0.35778785,569.149,0.22933824,1327.2201,0.10317936,-137.1994,-0.6476301,1649.1846,0.08408005,1147.2454,0.27692136,-137.28836,-0.61948586,2626.5435,0.072074585,1111.1416,0.4137557,-139.45209,-0.5888991,-11.368496,-0.39914116,20.459274,0.18352565,0.015331569,0.6804632,-0.01234381,-1.1414418,0.02666959,0.3544987,30.316872,0.113285944,-10.76129,-1.0444112,12.512213,0.9021151,-21.895605,-0.3714828,-10.522415,20.193436,5.429422e-05,0.005250059,0.016410766,1.5564203,1.984127,0.162,0.11034492,0.26666665,0.25289437,-47.115044,s,Ses05F_script03_1,Ses05F_script03_1_F004
577,33.973267,0.16238737,31.270834,32.260338,36.357853,5.087019,79.36042,81.9572,208.03004,339.413,0.16459094,1.2023673,0.054903764,0.06310437,0.23552957,0.18062581,3.0816379,2.0061376,1.3364303,1.3541745,0.05402934,1.8719095,26.124601,0.31420523,-4.562354,-1.4274272,12.014573,0.71248424,-11.600323,-1.1532763,0.02979015,1.9734836,1.2613996,0.52103317,6.6317863,0.42100677,0.0179684,510.3871,25.43555,0.30466604,715.89075,0.30421147,1341.1724,0.17448108,-171.09413,-0.40298408,1737.5934,0.1732355,1077.5879,0.25422034,-167.90872,-0.41111478,2859.0295,0.08558928,742.1571,0.44602984,-169.3716,-0.38953143,-12.683759,-0.52019435,26.083437,0.28124315,0.046997204,0.52703303,-0.017543664,-1.1103082,0.18395163,0.7334027,35.643093,0.20218568,-3.4527366,-3.2514246,6.6314225,2.3403153,-29.005777,-0.56770563,-10.402216,21.002228,-0.0010277277,0.010858581,0.025579002,1.040312,0.7853403,0.22,0.22442518,0.8842857,1.4599006,-34.360165,s,Ses05F_script03_1,Ses05F_script03_1_M005
578,36.397694,0.15670772,31.201633,33.45993,43.250404,12.048771,158.0,172.96602,141.74492,224.53273,0.31291997,0.49275926,0.17646201,0.28531402,0.4419957,0.2655337,4.9334908,2.5887206,3.3749404,2.0593226,0.0977561,0.85324436,26.30051,0.2944191,-8.483212,-1.1131195,8.70076,1.1597762,-20.272924,-0.77564263,0.030605847,1.0493758,1.2724007,0.5437585,5.1618595,0.44823235,0.9089207,7.360843,18.407005,0.39863494,663.81177,0.35117748,1349.7472,0.17419407,-126.16847,-0.70937514,1660.6116,0.17673555,1104.8113,0.28017715,-118.31853,-0.72956586,2736.3796,0.088312924,821.2309,0.27519354,-121.52734,-0.68246686,-9.586975,-0.6060045,21.83083,0.2682517,0.03461804,0.7981596,-0.0077465368,-2.477556,0.110060774,0.70825016,26.994654,0.3340044,-7.241072,-1.4960967,4.749409,2.3289995,-27.232103,-0.60483617,-7.1860995,18.553385,0.01628918,-0.00024141412,0.085355654,3.5087721,3.9426525,0.102727264,0.08236183,0.145,0.10356157,-34.219475,s,Ses05F_script03_1,Ses05F_script03_1_F005
579,31.4251,0.17820567,26.437864,29.556126,35.865845,9.42798,283.4594,431.94492,10.833989,15.5372095,0.37131158,0.46033973,0.18305829,0.38986623,0.48820245,0.30514416,5.0988293,2.695528,5.257331,3.136771,0.116893075,0.72959054,22.185427,0.7669261,0.20095265,42.00918,17.487598,0.70342493,-16.82937,-0.9305704,0.02593745,0.9262295,1.2040615,0.54704547,5.3870573,0.36406532,3.3930697,1.4553579,21.191471,0.28458217,624.52106,0.3849134,1281.5669,0.14528848,-96.62641,-0.95001054,1641.1282,0.18178119,1028.6705,0.3046828,-95.67357,-0.88619137,2677.7104,0.09569501,829.018,0.34941077,-98.80588,-0.83109564,-12.296966,-0.41681576,21.830372,0.284979,0.037635915,0.57695055,-0.013771438,-1.3643279,0.15003292,0.59080505,30.497004,0.3576543,-2.1683407,-3.3914387,16.270826,0.8841565,-20.387089,-0.89529413,-3.4604163,10.772869,0.012479354,0.0039056528,0.07791083,5.7823133,3.4722223,0.156,0.11525623,0.111999996,0.08553362,-32.128407,q,Ses05F_script03_1,Ses05F_script03_1_M006
580,30.805517,0.11878005,27.363752,29.359661,34.350456,6.986704,519.5145,361.84412,16.743553,2.8540292,0.27271262,0.6915905,0.12573114,0.17899355,0.43657073,0.3108396,5.108066,6.346005,4.295481,3.7255125,0.079749525,1.1953728,19.451166,0.8986737,2.41557,3.2261121,17.42062,0.44505256,-13.796743,-0.7843888,0.016981957,0.63595355,1.1904501,0.43904918,5.272257,0.40288156,3.3271134,2.2369359,20.947836,0.35910538,598.17865,0.36415648,1271.2775,0.119488806,-120.78868,-0.75186193,1653.851,0.15667114,993.1054,0.218197,-119.71447,-0.71489394,2700.6418,0.086627275,940.6276,0.24638559,-121.76144,-0.68472236,-12.978845,-0.28847417,21.842264,0.33866262,0.031688463,0.545202,-0.011583122,-1.0445331,0.114711046,1.0067433,31.975527,0.35993585,-1.5907756,-4.051258,17.552496,0.5949912,-15.516599,-0.6925382,-4.682276,11.622137,0.011855005,0.0024742384,0.049805112,3.5,3.626943,0.11285714,0.05993193,0.16833334,0.1173906,-33.803684,ans,Ses05F_script03_1,Ses05F_script03_1_F006
581,30.742985,0.11194143,27.735884,29.846733,34.53423,6.7983456,57.55537,23.99999,18.787691,5.6922545,0.3141231,0.6341863,0.12939148,0.26930296,0.4674685,0.338077,5.631275,5.8146653,4.9943967,3.2739406,0.10877704,0.9283876,27.008038,0.49303198,1.775281,6.460602,18.804996,0.5055949,-16.786135,-0.8957209,0.019443518,0.85591805,1.2111521,0.7535967,5.9341664,0.51334107,1.3104562,7.3818927,22.874922,0.42177835,670.237,0.3479179,1275.3451,0.1559867,-113.036385,-0.79366416,1814.9471,0.16009478,978.4732,0.2423564,-115.67206,-0.7147387,2820.9282,0.09595638,927.9457,0.28635326,-116.4188,-0.70518345,-16.066446,-0.40914395,23.409748,0.32749382,0.04533257,0.542274,-0.019196853,-1.0354894,0.15149471,0.71739095,34.91755,0.25148904,0.60714054,16.528605,19.843378,0.4596082,-19.992077,-0.79272115,-8.779988,16.17931,0.01500852,-0.0051678764,0.07656319,3.846154,3.9408867,0.11125,0.11229843,0.12,0.0517204,-31.105059,q,Ses05F_script03_1,Ses05F_script03_1_M007
582,35.380573,0.06944057,34.017418,35.607273,36.471275,2.4538574,219.82983,330.66248,13.606669,14.034396,0.19386348,0.63320273,0.10790063,0.15922686,0.26876116,0.16086054,2.7614725,2.4373088,0.75941604,0.8491071,0.051115282,1.0831878,24.716516,0.4303518,0.6691909,15.141951,11.834069,0.9747294,-17.37982,-0.7003941,0.021633172,1.2739452,1.2165964,0.6813046,7.3545723,0.35079724,3.0878918,3.3865964,24.144178,0.3893339,654.5767,0.32065025,1366.9614,0.12119082,-103.076324,-0.8699188,1722.3654,0.1451943,1156.4578,0.25509623,-105.60268,-0.79017097,2758.7139,0.09857744,989.81244,0.3138647,-108.27344,-0.7477631,-16.100288,-0.35008222,26.07021,0.26526615,0.033037312,0.7595309,-0.011171532,-1.022256,0.057800025,1.1118379,30.501064,0.22018385,2.1328812,3.8020353,10.981378,1.2162896,-21.835907,-0.5645098,-8.00781,15.341849,0.008261324,-0.0009563588,0.04501195,2.173913,3.6900368,0.13499999,0.12475976,0.116000004,0.05817216,-36.787056,ans,Ses05F_script03_1,Ses05F_script03_1_F007
583,32.712963,0.14122918,27.592516,33.511185,36.07438,8.481863,201.01562,356.23624,29.125921,20.793833,0.2269648,0.5995155,0.091692396,0.21527249,0.33271614,0.24102375,4.1678534,2.1010406,3.103533,2.2391698,0.077477984,0.9057202,27.114202,0.42331284,3.4432735,3.0864098,17.582148,0.73070043,-11.090429,-1.3141762,0.02599197,1.0094523,1.1541333,0.6709177,7.0405626,0.46556285,5.647544,1.25807,24.360563,0.44388282,636.2591,0.37898734,1375.3389,0.16972832,-114.219826,-0.776533,1671.2717,0.17426755,1143.5675,0.30356765,-113.99822,-0.72270566,2734.0977,0.10365013,948.38257,0.35557887,-116.09338,-0.6926749,-16.474573,-0.42165017,26.787727,0.32565293,0.03218716,0.67751926,-0.011925872,-1.4335728,0.10421035,0.65537375,32.90579,0.31482896,5.192731,2.0390813,18.163883,0.8376219,-13.684157,-1.3201472,-11.034191,19.945366,0.008340856,0.0027187061,0.053127725,4.5234246,3.0944626,0.15157895,0.18846366,0.15944444,0.16399431,-35.276043,q,Ses05F_script03_1,Ses05F_script03_1_M008
584,33.82392,0.10003145,30.98883,33.787155,35.46681,4.4779778,137.95364,78.27446,45.194984,38.76832,0.11212642,0.70940065,0.05837034,0.08047858,0.15276606,0.09439573,1.9425606,2.4994867,0.63184166,0.5030944,0.026960026,1.6044871,26.2937,0.2171747,-2.6911995,-2.6365483,17.70089,0.51087934,-11.852668,-1.147068,0.03151311,1.3275287,1.0552714,0.48479086,7.065143,0.33085665,1.6820863,8.041911,13.66121,0.6154207,662.49976,0.30107695,1344.3062,0.1347159,-154.21014,-0.51862365,1755.2634,0.1307288,1112.2402,0.39604366,-154.28862,-0.48960823,2716.1287,0.096788794,1001.5281,0.33808383,-154.26547,-0.49131858,-15.399571,-0.18329534,22.45334,0.19658938,0.010865065,1.7500705,-0.013576846,-1.0177597,0.034376472,1.1825774,28.862864,0.22607087,-2.0379913,-3.8710608,20.57161,0.557503,-23.241098,-0.7536129,-12.457104,21.76366,-0.0014422501,0.0051744753,0.02458897,1.2259195,2.1201415,0.111666664,0.11305112,0.3383333,0.40459514,-42.481808,ans,Ses05F_script03_1,Ses05F_script03_1_F008
585,24.536692,0.15982914,22.010513,23.13266,23.895197,1.8846836,20.685907,0.0,107.19589,85.65039,0.15975188,1.004417,0.055646658,0.10301923,0.21497832,0.15933166,2.3441374,1.5514395,2.5339773,1.679612,0.050887994,1.7786827,24.528627,0.43113944,-4.2312336,-2.1563764,15.913039,0.5156438,-9.512479,-0.9436913,0.019288609,0.3520384,1.3352646,0.5413294,2.2904844,0.5748458,4.5856767,1.0799346,23.980621,0.21790506,546.0397,0.4459114,1272.1411,0.12506495,-178.00694,-0.3332929,1503.5328,0.1724319,1088.922,0.2793483,-179.04504,-0.31765735,2561.1619,0.078014486,871.95667,0.2414333,-179.97684,-0.30221558,-12.573087,-0.32021645,22.263313,0.23259391,0.037822593,0.5181013,-0.015866626,-0.6491268,0.12988685,0.6336274,35.3086,0.22281684,-5.642589,-1.3698503,20.663029,0.4681211,-16.613277,-0.649065,-9.201709,17.906906,0.00056526513,0.004416865,0.041899454,2.2026432,1.3513514,0.07666666,0.03858612,0.48,0.4448033,-37.410973,c,Ses05F_script03_1,Ses05F_script03_1_M009
586,36.93177,0.051015638,35.37065,35.908493,39.585278,4.2146263,21.944138,0.0,-10.456721,0.0,0.063598655,0.2891218,0.053735256,0.055886626,0.06728599,0.013550736,0.19365768,0.19795147,0.18235405,0.12415889,0.0110406205,0.40196115,26.15308,0.16659504,-2.2954407,-1.2565567,14.090775,0.3903684,-7.1281114,-1.1179775,0.014095789,0.6104488,1.1893357,0.29518157,6.9907312,0.192346,0.57238334,20.653448,27.09296,0.13712876,609.4059,0.26702067,1427.8008,0.08352933,-187.96959,-0.252904,1561.8187,0.16347809,1225.77,0.13114679,-186.5516,-0.25534233,2607.723,0.06843398,1237.6987,0.466622,-187.53435,-0.23589802,-13.594279,-0.18905404,27.096237,0.12568448,0.010928545,1.413642,-0.00982576,-0.7525575,0.019560438,0.2021384,34.105743,0.08128883,-1.9663322,-0.7405971,4.2847056,2.428022,-24.508816,-0.4661475,-12.505523,22.169798,-0.0019068458,0.011460204,0.010351087,1.5479876,0.62893087,0.114999995,0.044999998,0.96666664,0.807066,-56.13046,o,Ses05F_script03_1,Ses05F_script03_1_F009
587,35.55665,0.10956518,32.28868,34.60496,39.900658,7.6119766,25.471533,5.70165,14.827141,13.231403,0.11272389,0.5190868,0.058817893,0.09530294,0.17570187,0.11688398,0.7922531,0.4017289,0.7394931,0.49305815,0.021526014,0.5864417,28.947498,0.19037141,-3.217499,-2.8406112,15.323477,0.5031949,-14.968561,-0.8813545,0.011594654,1.1290232,1.0208476,0.5224263,7.3240356,0.25019914,2.792203,4.250644,20.611275,0.4337999,560.3565,0.2737793,1306.5818,0.11808486,-130.94057,-0.6987152,1608.9379,0.099673524,1079.0215,0.31233203,-130.11263,-0.6634563,2664.009,0.087625936,965.3738,0.3848951,-132.982,-0.6215587,-13.250972,-0.32766536,23.161928,0.25761116,0.022016814,0.656339,-0.012489896,-0.8871707,0.031060321,0.3601763,32.24873,0.16060302,-7.1266465,-1.5526639,12.724052,0.7898734,-25.298964,-0.46876457,-13.842128,23.02484,-0.0026868444,0.0037602389,0.015858501,2.5806453,2.295082,0.15714285,0.12055991,0.225,0.2915047,-47.677017,o,Ses05F_script03_1,Ses05F_script03_1_F010
588,25.69237,0.053346578,24.723427,25.740028,26.858458,2.1350307,80.34291,67.09377,9.87419,8.058328,0.20347837,0.72988975,0.065451175,0.16312,0.31409013,0.24863896,2.9240305,2.6555169,2.6852064,1.0728548,0.056475136,1.0085357,29.052526,0.5034397,2.6861188,4.2248287,20.88417,0.627026,-5.3552575,-2.695274,0.015357404,0.7040403,1.1963137,0.6375223,5.1797905,0.46475095,4.4111342,1.1475843,26.340107,0.3404543,532.4017,0.31607372,1360.5768,0.15872693,-101.15109,-0.9157752,1608.8707,0.142357,1020.8238,0.27354828,-107.37557,-0.7944979,2621.4001,0.10908996,970.0661,0.2598744,-109.09507,-0.7674621,-16.986172,-0.38269398,25.404716,0.3180425,0.025713397,0.8207462,-0.013675794,-1.1609071,0.08605093,0.7138417,36.724487,0.23576508,4.130606,2.6297026,25.880724,0.5910659,-3.4017265,-5.2678294,-9.699216,17.640139,-0.00040716774,0.0047848355,0.025977014,3.2258065,2.6229508,0.19,0.13047987,0.1511111,0.17897512,-36.20415,q,Ses05F_script03_1,Ses05F_script03_1_M010
589,32.49794,0.041038442,31.53884,32.11743,34.398254,2.859415,88.69972,0.0,-1.6628199,7.129792,0.10075681,0.46231592,0.06459346,0.0915749,0.11664107,0.05204761,0.46418712,0.32915884,0.44658637,0.20754276,0.015792895,0.42911428,24.103912,0.38360098,-2.5929124,-3.028126,14.453724,0.49967945,-11.989472,-0.67442805,0.020478126,0.54152966,1.1107501,0.4359964,6.923247,0.25596002,2.7902768,1.5304843,22.90833,0.223967,651.982,0.33088276,1502.5197,0.27965346,-147.75389,-0.54878974,1708.1454,0.12807047,1143.2975,0.20243247,-149.76161,-0.50645286,2739.8323,0.10427071,1031.9583,0.27198777,-150.95052,-0.49082446,-18.553068,-0.18437523,27.764343,0.12893872,0.006318395,2.1781905,-0.0069021857,-1.5501343,0.01680392,0.2540862,32.57409,0.114320636,4.3006263,1.6375507,20.568129,0.37781763,-10.897917,-0.7104821,-8.573718,18.100351,-0.0053219316,0.00758395,0.01575415,2.3584907,1.9323672,0.1425,0.11861176,0.282,0.31237155,-51.44839,ans,Ses05F_script03_1,Ses05F_script03_1_F011
590,29.004543,0.17086193,24.439243,27.677164,33.692276,9.253033,244.29202,318.09836,42.390396,20.594982,0.26843837,0.7714349,0.093078785,0.2358649,0.38452813,0.29144934,4.2356853,2.1895607,3.3508399,2.7896676,0.08952842,1.4760022,21.801846,0.61845684,-1.3182783,-9.159564,20.840406,0.60975665,-12.753788,-1.3186804,0.044541474,2.69309,1.312861,0.71077955,4.75519,0.6864933,7.073725,1.1254616,19.82044,0.41008228,664.4053,0.37127167,1298.9221,0.15534185,-135.1832,-0.63572365,1740.9867,0.17318375,945.6225,0.29514128,-134.27005,-0.6173653,2727.6582,0.10237904,923.2102,0.3130434,-134.75595,-0.6103318,-12.361235,-0.49009854,19.897463,0.34947678,0.031082131,0.7547403,-0.011229738,-1.6374587,0.1476559,1.2301558,29.000584,0.3442648,-2.252271,-6.2905526,24.004559,0.60344,-17.572718,-1.1611112,-7.495534,15.114071,0.0045695864,0.00565475,0.05661338,2.9232643,2.9411764,0.11458333,0.12773602,0.21304348,0.2116074,-33.624844,q,Ses05F_script03_1,Ses05F_script03_1_M011
591,35.68112,0.08547229,33.431152,35.56797,38.660805,5.2296524,292.5769,264.5291,-8.383305,22.61827,0.16645826,0.5294399,0.0888055,0.14787282,0.23467061,0.14586511,2.7700937,2.3724172,1.2467059,0.5728593,0.05546018,0.95419633,28.051746,0.20782124,-5.0728188,-2.3290408,21.50154,0.7237369,-10.953854,-1.2854987,0.018834252,0.6677354,1.6640117,0.65463144,5.323581,0.46469146,2.973084,2.30357,13.27032,0.6104782,643.5567,0.33820996,1365.5386,0.18615824,-143.9912,-0.5619517,1685.4174,0.14117385,1050.4846,0.20180182,-139.30403,-0.58175206,2694.2974,0.10899016,1071.1306,0.27547765,-140.9001,-0.55670583,-9.146856,-0.6241503,19.153656,0.2094374,0.022355715,0.735677,0.0007116744,16.347319,0.0606085,0.89387476,28.06802,0.15462133,-14.899971,-0.93364245,16.62818,1.0874078,-19.668262,-0.61815655,-14.302736,21.826586,0.009755571,-0.0001544339,0.055278447,2.857143,4.390244,0.06555555,0.06499762,0.14222223,0.13878663,-38.85684,c,Ses05F_script03_1,Ses05F_script03_1_F012
592,32.837948,0.15729724,27.052748,32.672054,38.1672,11.11445,129.25385,120.32203,13.52094,24.225227,0.27072164,0.64231086,0.08138543,0.24331717,0.41052556,0.32914013,5.5837007,4.60729,3.8410928,3.3914647,0.09486425,1.0287416,25.140053,0.51473397,1.1616536,9.665349,20.669622,0.7208734,-10.904748,-1.4711406,0.01959895,0.866389,1.3145521,0.8285633,7.431766,0.42501003,8.327163,1.1641941,24.629215,0.33613345,696.4376,0.36807847,1410.9312,0.27097857,-123.46071,-0.72467923,1692.8696,0.17121686,1038.6329,0.314958,-116.87703,-0.7367805,2788.8655,0.11022288,906.73816,0.39219373,-118.72054,-0.70831126,-13.617499,-0.42518663,24.467592,0.29187146,0.045945387,0.48503235,-0.011028243,-1.1601593,0.12680404,0.6617989,32.12091,0.30238852,-3.853944,-2.4767683,20.505453,0.94119906,-15.212293,-1.2686701,-10.319471,18.613297,0.008610926,0.004594668,0.07095139,4.268293,3.0959752,0.139,0.11431972,0.162,0.14489996,-32.56826,o,Ses05F_script03_1,Ses05F_script03_1_M012
593,38.647564,0.0068509327,38.440273,38.749557,38.833992,0.39371872,8.061314,2.7758598,12.6046505,11.721814,0.09711081,0.44777736,0.06478379,0.07722752,0.13294028,0.06815649,0.8620761,0.49716562,-0.75624776,0.8605826,0.018002698,0.72192633,22.345781,0.23016362,-4.250923,-1.8299261,17.971659,0.34689242,-9.750167,-1.259058,0.02366896,0.86793494,1.5252104,0.26915896,8.08271,0.10584577,-7.303615,-1.2539878,16.236137,0.35398093,613.7779,0.2405934,1313.6227,0.11685304,-182.68924,-0.300723,1652.7056,0.06986933,1111.8616,0.17360952,-180.68735,-0.29607326,2680.696,0.058553394,783.2954,0.14813323,-181.03857,-0.2906635,-16.414953,-0.16466995,25.016136,0.22482647,0.014788072,0.808231,-0.0072623678,-1.2517362,0.026942918,0.45655048,29.071789,0.10095036,-1.4493603,-4.0846057,15.040626,0.28622687,-21.801762,-0.62353396,-9.693771,18.62822,-0.0015056782,0.008921906,0.015116967,2.027027,1.4084507,0.07,0.03,0.41,0.21275964,-50.538578,q,Ses05F_script03_1,Ses05F_script03_1_F013
594,28.411293,0.14232004,25.106583,27.109552,31.289185,6.182602,156.63727,148.1294,35.760628,27.310257,0.23930521,0.72641283,0.08261443,0.20680568,0.361879,0.27926457,3.624405,2.0140767,3.1577277,2.2929468,0.07314547,1.0009781,23.244108,0.699786,2.2531853,5.4404893,18.337683,0.6156351,-8.784108,-1.4619039,0.026662063,1.8668923,1.435764,0.7700176,5.668439,0.45294636,6.5474663,1.2896901,25.950052,0.37717053,618.25104,0.38899046,1345.3906,0.1741981,-122.39571,-0.7439711,1657.3783,0.173445,1062.1304,0.236826,-125.819405,-0.67480534,2722.8943,0.111129865,943.7502,0.26357657,-128.15018,-0.6407676,-15.238387,-0.45303077,25.951866,0.30845392,0.03002677,0.80884916,-0.014950759,-1.2682202,0.11449888,0.6755339,33.53659,0.34241393,3.6817935,3.6249716,17.909857,0.7529159,-12.433878,-1.3626199,-7.793038,16.243742,-0.0019848193,0.009086171,0.043910097,3.3783786,2.3728814,0.16685714,0.16352844,0.234,0.32922596,-34.519302,ans,Ses05F_script03_1,Ses05F_script03_1_M013
595,35.443523,0.05965244,34.008507,34.692734,36.4355,2.4269943,50.75319,37.103188,56.963524,63.495388,0.1227771,0.51938325,0.058754887,0.109203614,0.1709642,0.112209305,1.2974724,0.7497503,1.0931832,0.8029063,0.027570248,0.810981,26.825153,0.3446094,-2.932025,-3.8687875,7.8168006,1.2479281,-15.990284,-0.81821144,0.020367905,1.2214242,1.3678354,0.5075497,6.522963,0.36827558,0.57819545,17.90565,20.747736,0.35833442,621.1492,0.27656356,1389.1093,0.15156476,-123.54191,-0.7532671,1626.6642,0.12283813,1170.101,0.27942568,-120.35918,-0.73181933,2738.7795,0.08022434,966.3505,0.44255954,-124.49332,-0.66849005,-13.436942,-0.42300496,25.285051,0.2527958,0.01776414,1.1024859,-0.008967023,-1.4267293,0.039537266,0.66694456,31.821255,0.2252077,-7.63333,-1.5857269,3.1199434,3.357594,-23.203176,-0.54853845,-12.108692,21.305529,0.0011778107,0.0020870278,0.018253252,2.857143,2.903226,0.1388889,0.13939905,0.166,0.16125755,-45.399654,o,Ses05F_script03_1,Ses05F_script03_1_F014
596,31.652527,0.13397923,28.215881,31.304201,34.73721,6.521328,44.172165,34.721413,47.723125,35.788963,0.21751684,0.79148364,0.070001364,0.13453063,0.3830912,0.31308985,2.7988636,1.950918,3.1993165,2.2978685,0.06590805,0.94607776,28.483719,0.47620058,4.5406046,2.32619,17.891481,0.9392751,-7.6897297,-1.9972969,0.029404517,1.4082832,1.0567751,0.87408483,7.8700166,0.33195224,5.7215176,1.7699012,27.092276,0.27148944,635.10223,0.40511966,1378.7278,0.13139194,-112.05455,-0.8018069,1651.2893,0.16626771,1113.0975,0.2632236,-108.18124,-0.78243774,2749.3137,0.11061566,1046.3079,0.32155287,-113.35784,-0.7012916,-16.608643,-0.4781778,28.988192,0.3176875,0.02520934,1.1061337,-0.010872608,-1.7476346,0.10001432,0.67085564,36.105484,0.32330418,4.0170727,2.8315983,16.890326,1.2410798,-8.092385,-2.2497509,-12.122553,20.719524,-0.0067754816,0.006383959,0.030455614,3.4031415,2.9177718,0.1690909,0.14506768,0.166,0.14256226,-34.251644,ag,Ses05F_script03_1,Ses05F_script03_1_M014
597,36.437317,0.07753852,34.99306,35.90356,38.8491,3.8560371,157.37184,165.39946,18.743944,8.949193,0.116495006,0.69879955,0.054264966,0.06562893,0.20661327,0.15234831,0.94735974,0.5463246,0.77557856,0.57220334,0.02286799,0.8101753,28.1101,0.24636261,-5.923041,-1.4300997,12.443609,0.94474274,-13.777691,-1.1535798,0.010891788,1.0067267,1.1287631,0.5241518,7.7020373,0.28563696,-2.6437416,-4.4590635,19.907595,0.5683117,593.00415,0.2841987,1378.7043,0.12555467,-132.7166,-0.70267355,1603.64,0.13012323,1102.1005,0.2070217,-128.83696,-0.7094682,2734.8586,0.07051061,981.252,0.39658248,-132.92603,-0.6476795,-10.842704,-0.47945175,24.981472,0.22138444,0.022174012,0.83325374,-0.009525292,-0.9048566,0.0408725,0.45097032,34.58472,0.13510537,-12.163594,-0.87835217,3.1541507,4.0674586,-29.619743,-0.4946703,-12.792979,22.11921,-0.011096973,0.012774752,0.012203987,1.7647059,0.79207927,0.46249998,0.16467771,0.618,0.59509325,-45.4393,q,Ses05F_script03_1,Ses05F_script03_1_F015
598,36.4007,0.12886277,32.147476,36.7675,41.156986,9.00951,118.553764,121.78747,16.209515,0.27152586,0.19615446,0.48867214,0.12653323,0.1703248,0.23056573,0.1040325,1.2659346,0.65564924,0.94271725,0.2736561,0.048654333,0.74994475,29.957182,0.33622697,-8.812649,-1.4343777,1.9850448,6.103138,-19.100073,-0.8637514,0.0151862195,0.8799482,1.2278233,0.5597652,6.317988,0.5592548,1.4108384,5.680495,25.400633,0.45224002,685.22015,0.286237,1422.4225,0.12634438,-98.019875,-0.94848746,1680.9491,0.14948027,1204.6339,0.17473093,-94.6134,-0.9050691,2756.2368,0.10177137,1004.2383,0.30628815,-100.247894,-0.80829453,-10.968457,-0.55857104,24.409107,0.28306282,0.017791213,0.8685914,-0.0075673084,-1.4909632,0.053857487,0.5515548,33.53134,0.23045237,-10.407493,-1.1585217,0.7054067,18.880896,-23.918337,-0.68543714,-7.7879896,20.236593,0.00746513,0.0030126509,0.03525294,3.125,3.6,0.14999999,0.1562761,0.12,0.12539935,-39.688488,q,Ses05F_script03_1,Ses05F_script03_1_F016
599,30.563766,0.09849452,26.861431,30.88394,33.903408,7.041977,32.136932,0.0,-39.850765,0.0,0.17848052,0.73700535,0.06202954,0.12569101,0.30946866,0.24743912,1.5468761,0.5650525,0.6871455,0.5109471,0.04938015,1.145311,22.543308,0.7729376,5.8548803,1.8109857,15.260314,0.5040107,-11.363667,-0.99227655,0.05012117,1.5697211,1.1515292,0.9261636,7.9826593,0.289484,3.976201,1.1965796,36.447304,0.178618,620.8705,0.35214254,1464.2622,0.15073812,-146.48528,-0.5728538,1670.4515,0.16936262,1261.8121,0.26144695,-150.03708,-0.51078844,2838.241,0.10331503,1011.1747,0.1832444,-152.36438,-0.47871047,-21.858156,-0.23191793,33.154488,0.15395571,0.03145974,0.76300156,-0.017546756,-0.7418462,0.10723844,0.61314565,42.696648,0.15525937,12.085086,0.58325297,14.749824,0.607429,-13.5699005,-1.4397058,-6.8515673,15.0793705,-0.0076702037,0.008077273,0.026181644,1.3245033,0.6849315,0.42999998,0.0,0.5,0.22999999,-35.979637,ans,Ses05F_script03_1,Ses05F_script03_1_M015
600,31.352146,0.061587106,29.77832,31.563303,33.381435,3.603115,0.6231308,10.217668,7.4706244,1.6905179,0.113952324,0.6978159,0.061116636,0.09561344,0.14750317,0.08638653,0.9342205,0.67143416,-0.2842319,0.7058827,0.028018253,1.4872737,31.589878,0.20449834,-0.94546384,-8.759305,12.145884,0.8316117,-15.014693,-0.921438,0.016519804,1.0031044,1.3242084,0.41678756,5.3574224,0.51554465,0.8654983,9.142818,26.631922,0.25570852,631.0803,0.29807872,1423.8751,0.1085153,-118.26511,-0.7917285,1653.8583,0.15177478,1281.427,0.25199625,-121.609566,-0.71241987,2727.2825,0.09409622,1065.1138,0.27255878,-124.67947,-0.66711015,-17.240725,-0.37409085,28.728306,0.27966392,0.018745255,1.015139,-0.016440246,-0.7661487,0.038344603,1.0556417,36.445904,0.1071625,1.0365239,10.691024,9.562664,1.3762577,-18.350431,-1.0132891,-13.053702,21.740517,-0.0029171114,0.002209326,0.012372831,2.1505377,1.8315018,0.23200001,0.14330387,0.294,0.22141363,-40.02365,q,Ses05F_script03_1,Ses05F_script03_1_F017
601,26.9144,0.076990075,24.561342,26.880156,29.144562,4.5832195,26.696426,47.53086,46.907135,74.851524,0.21129382,0.665789,0.080456614,0.18349718,0.3149108,0.23445418,3.8997433,2.077257,1.8432786,1.3121986,0.053704552,1.0599601,26.670218,0.4784589,-0.39333174,-24.530891,19.403847,0.52061325,-11.250284,-1.4498312,0.015650826,1.1040598,1.1580061,0.82050496,5.9170895,0.45261237,3.5502074,1.3818393,23.613516,0.40295792,592.9241,0.3918284,1338.008,0.13288191,-122.86818,-0.73753095,1620.9232,0.16001788,1086.4633,0.20896529,-125.77213,-0.6787933,2688.1206,0.11212364,989.3769,0.2815827,-128.66684,-0.6373296,-15.7367,-0.46170354,27.102129,0.30460754,0.025124373,0.99381113,-0.016626785,-0.98812765,0.08429401,0.74013937,36.052628,0.2324523,3.210786,3.9144695,18.042604,0.71139807,-10.467491,-1.9419197,-8.514544,16.634085,-0.002605853,0.003967859,0.033227388,2.955665,2.244389,0.17666666,0.10697871,0.2488889,0.19575748,-35.938873,ans,Ses05F_script03_1,Ses05F_script03_1_M016
602,33.62018,0.08560002,31.243898,32.81767,35.58367,4.339773,132.52913,143.18204,33.32165,30.882225,0.14303309,0.8837526,0.0618608,0.10319943,0.16606016,0.104199365,3.3603647,2.7204015,4.6632085,3.6542938,0.03920673,1.4002525,30.516235,0.24391454,-0.29110587,-22.88526,14.278489,0.5175513,-18.995792,-0.61629444,0.01873235,1.1022625,1.3950859,0.472983,6.4208794,0.35118622,-0.43283457,-17.460361,25.914915,0.2398092,549.8557,0.30550006,1394.094,0.09859721,-128.11298,-0.71068,1547.9259,0.1430828,1149.252,0.212059,-129.5777,-0.6476856,2679.0256,0.085081324,911.52014,0.3062056,-133.33893,-0.59454143,-15.693695,-0.20036253,26.710548,0.18290538,0.03401801,0.5701694,-0.015506143,-0.95298165,0.068269916,1.0726149,35.202835,0.19123757,0.16982636,34.993946,13.043493,0.6169407,-24.673021,-0.5385926,-13.473961,22.167723,0.0056907176,-0.0020249884,0.017430067,2.3076923,3.1496062,0.114999995,0.084409714,0.18249999,0.18280795,-37.153404,q,Ses05F_script03_1,Ses05F_script03_1_F018
603,33.353607,0.06706914,31.828094,32.92545,34.18503,2.3569374,52.431194,60.615368,30.014036,0.80739415,0.20848429,0.77249956,0.061421275,0.14559531,0.36209914,0.30067787,3.30071,2.001456,4.556555,3.0362988,0.06708543,0.97483253,33.011833,0.29642227,1.9662095,4.547991,14.703308,0.634854,-16.262981,-0.9589295,0.026355695,1.8395462,1.198847,0.59966373,8.013721,0.315254,1.1188676,8.487116,29.376888,0.20864052,623.9729,0.3296658,1356.7401,0.10137789,-108.23564,-0.86222166,1642.3873,0.17946844,1152.7828,0.20795,-113.26081,-0.75085664,2802.5208,0.07885574,840.7924,0.3793294,-117.028076,-0.6923573,-18.066631,-0.33339667,29.988438,0.1985434,0.035788056,0.576554,-0.022443868,-0.85138816,0.115162745,0.53206205,39.528893,0.22041006,6.1202326,1.5337883,10.583649,0.86874604,-25.749516,-0.6087866,-12.82714,21.316725,0.0023987927,0.005172322,0.02276365,3.6290321,2.0576134,0.234,0.22014539,0.23200001,0.30042633,-34.036133,ans,Ses05F_script03_1,Ses05F_script03_1_M017
604,33.64289,0.09520356,32.104954,33.123653,36.298965,4.1940117,104.31561,60.176987,42.361362,49.693466,0.13570666,0.5019065,0.0599585,0.13057904,0.18936369,0.12940519,1.1242661,0.48374116,0.64502794,0.2966818,0.028105864,0.83058894,29.467207,0.24231498,-5.3740616,-2.2317612,10.173223,1.1246647,-15.622915,-0.7055273,0.013640635,0.8193962,1.2472678,0.49590164,6.124703,0.3534384,-1.1636248,-7.907796,21.753117,0.5242379,600.07544,0.23543721,1412.2124,0.118665166,-95.679634,-0.98482573,1653.929,0.102272026,1209.2006,0.27536005,-100.066,-0.87406325,2706.9094,0.07592479,1033.2057,0.35313773,-103.78986,-0.8111879,-14.970232,-0.3693318,25.74666,0.24083649,0.022461325,0.9273308,-0.014308655,-0.862925,0.034760468,0.69410384,33.16834,0.19722578,-5.0364704,-2.4737408,8.431608,1.5148518,-21.516008,-0.489102,-10.998034,20.643211,-0.002951895,0.0069749504,0.019249931,3.478261,2.6548674,0.19666666,0.16499159,0.16,0.19008769,-45.03231,q,Ses05F_script03_1,Ses05F_script03_1_F019
605,35.09263,0.12414676,32.82587,34.579376,38.94284,6.11697,64.95109,51.34086,57.426655,28.370228,0.21809879,0.54334265,0.086524636,0.21744978,0.31858486,0.23206022,2.5943866,1.535901,1.6534805,1.136911,0.05571949,0.8275481,19.143475,0.7142103,3.6241589,3.3563106,17.808062,0.6689247,-10.761962,-1.0581312,0.026294386,0.6164319,1.1473656,0.575158,6.315072,0.49613371,8.218566,0.9928019,22.470642,0.5257953,706.8291,0.37201896,1397.4683,0.17847295,-120.82179,-0.7322499,1725.4708,0.17750789,1191.7666,0.35164303,-119.96907,-0.6951291,2777.83,0.094333,1007.6794,0.6481031,-121.57627,-0.6718132,-14.037082,-0.5544232,24.173082,0.35289508,0.02957546,0.84765464,-0.009587475,-1.6483591,0.08268082,0.58913773,26.603582,0.38580757,5.422839,2.5961878,18.478224,0.7604375,-17.376883,-0.7100263,-6.3475404,13.610247,-0.0010024159,0.006909501,0.03553119,3.6866362,2.8301888,0.15333332,0.12565385,0.17999999,0.18275666,-37.93938,ans,Ses05F_script03_1,Ses05F_script03_1_M018
606,41.120285,0.16545773,34.436863,40.450382,48.034187,13.597324,202.58136,54.354107,115.65067,17.683662,0.11626187,0.7515637,0.06117972,0.08840415,0.11708655,0.055906832,1.9828165,1.787922,0.7084757,1.0817665,0.03253255,1.6276284,28.097128,0.25139678,-0.109324895,-64.180336,9.683763,1.0570074,-15.465333,-0.8414182,0.03569157,0.7505258,1.1942437,0.53921133,7.372319,0.53797615,8.269552,1.0856502,30.63765,0.30412462,723.4585,0.33303982,1326.7755,0.12840667,-169.31473,-0.4065539,1719.5013,0.17459579,1281.2352,0.5077447,-168.9787,-0.37802157,2818.9536,0.15651093,953.42505,0.354026,-170.25056,-0.3603385,-16.2427,-0.26241934,28.487991,0.21755919,0.04765071,0.37291113,-0.010352512,-0.9883506,0.064177446,1.1140634,33.986355,0.15755524,-3.0756888,-3.277126,0.078802414,190.85895,-24.069834,-0.5492751,-13.649567,22.11419,0.009871988,-0.0019868861,0.01912347,2.0661159,2.1186442,0.076,0.042708304,0.4675,0.22840479,-39.967022,q,Ses05F_script03_1,Ses05F_script03_1_F020
607,33.58611,0.16526166,29.961258,32.872707,38.034145,8.072887,112.237206,123.06788,33.465958,17.717632,0.29831985,0.6421222,0.13921697,0.27413258,0.42113975,0.28192276,4.5667157,3.3167064,3.569374,1.7977904,0.102170296,0.9347959,26.816332,0.50260437,1.6653081,8.100743,17.039099,0.8648672,-14.853125,-0.9854482,0.025877606,1.2473581,1.0514057,0.7352924,7.783959,0.41307738,10.503756,0.93315643,26.159996,0.32623518,603.64264,0.40829158,1304.8062,0.15048477,-103.54667,-0.8936029,1641.0853,0.17912617,1029.3596,0.2702508,-100.00646,-0.84994525,2694.5317,0.11037351,865.60986,0.29541114,-102.711815,-0.8053616,-14.569175,-0.4887534,25.282091,0.35567293,0.04201889,0.6049376,-0.009371503,-1.757866,0.13465486,0.7568015,32.152332,0.3422879,0.53725594,23.853106,16.783726,1.0384785,-15.581029,-1.1479814,-9.762858,18.444048,0.007497586,0.00090545474,0.063312694,4.2622952,3.140496,0.16842106,0.15246269,0.13555555,0.16677402,-31.71473,ans,Ses05F_script03_1,Ses05F_script03_1_M019
608,35.326283,0.036333844,34.503742,34.9756,36.30681,1.8030663,29.786228,11.582651,6.1418843,2.777895,0.09789205,0.6325147,0.057105154,0.08052269,0.11473839,0.057633236,0.86336404,0.91959655,0.9993013,0.81387705,0.023126867,1.5063169,29.618658,0.21237569,-0.19183998,-36.73993,16.029736,0.60003364,-13.729169,-0.68659776,0.016872568,0.80933124,1.2345558,0.4587948,7.209777,0.2618422,3.5666726,3.7109017,18.791786,0.43078598,662.21747,0.27312985,1355.7344,0.22147723,-135.16342,-0.63065994,1775.6161,0.10207083,1180.4266,0.39416787,-135.06989,-0.5870227,2771.8164,0.08937234,984.84125,0.30187047,-135.86124,-0.5767105,-17.987833,-0.20948008,26.480478,0.18068098,0.003823651,5.907973,-0.008791253,-1.3161746,0.02253376,0.4898961,32.01869,0.12705244,0.62502235,13.768742,18.906895,0.55662245,-18.764954,-0.48856315,-14.641604,24.412851,-0.0027320466,0.00092859624,0.023855615,1.5673982,3.5031848,0.09727273,0.0559368,0.16636364,0.21529147,-45.683647,o,Ses05F_script03_1,Ses05F_script03_1_F021
609,29.25003,0.16800924,24.379211,28.765106,34.979053,10.599842,484.97864,595.7927,30.889696,9.873589,0.24205013,0.6705279,0.088063225,0.21385919,0.36896294,0.2808997,3.7734118,2.2835047,3.061863,1.741168,0.07749738,1.0892972,20.201761,0.89713967,4.6910706,2.579347,18.319483,0.70508856,-11.740686,-1.2318842,0.02193623,1.2275087,1.2339743,0.6389494,5.9528313,0.4584501,5.0272036,1.7151939,25.371687,0.34014192,723.9939,0.3278061,1294.7858,0.14817595,-137.39098,-0.62585026,1758.3203,0.1680747,1091.525,0.3278853,-137.9828,-0.59174013,2795.8384,0.10600949,956.999,0.37646616,-139.29129,-0.5732352,-14.483042,-0.47731358,24.508226,0.39928988,0.03743853,0.6446126,-0.015090989,-1.3108615,0.13004202,0.77115965,32.134586,0.3808097,4.263436,3.2117634,19.574673,0.83355564,-17.223839,-1.1134453,-6.5375175,14.331768,0.0019097738,0.005795164,0.049698595,3.6534448,2.3084996,0.14318182,0.13679402,0.25782606,0.2688293,-34.17506,o,Ses05F_script03_1,Ses05F_script03_1_M020
610,34.06295,0.13999595,30.209589,35.011963,38.34525,8.13566,67.68682,55.053852,11.252538,10.193508,0.29452968,0.69853044,0.0802625,0.27724224,0.46550843,0.38524592,4.6081,2.4920988,4.1395707,2.6957855,0.109952465,1.0108527,23.839085,0.58562094,1.7617964,6.441757,16.799444,0.8996259,-13.320907,-1.1734872,0.024936546,1.3056943,1.1791689,0.6312418,7.988525,0.41700888,11.433049,0.8466395,28.036833,0.31290576,676.78735,0.3570283,1355.3407,0.18337117,-122.360535,-0.7413934,1745.4404,0.16156259,1063.0842,0.31352043,-119.894745,-0.70781344,2798.274,0.095713705,957.18256,0.37030324,-121.38414,-0.6851692,-16.64237,-0.4158508,26.439468,0.31893545,0.04671857,0.61176974,-0.01596095,-1.0714183,0.16913505,0.60656,30.856714,0.3076632,3.308502,3.5038981,16.116394,1.201224,-20.677153,-0.8918933,-8.48459,16.630342,0.0043195393,0.0070077498,0.06106723,3.901895,2.0179372,0.21833333,0.20100443,0.28687498,0.32562858,-30.8972,o,Ses05F_script03_1,Ses05F_script03_1_M021
611,29.908327,0.083492,27.937767,29.922451,32.345562,4.407795,159.98804,201.67914,24.031101,12.055148,0.30624345,0.70374316,0.08999723,0.26709545,0.5218625,0.43186527,5.467911,3.8916175,3.975184,3.091879,0.104052596,1.0181887,25.796396,0.540399,-1.2968893,-8.038683,17.295307,0.87357515,-14.265364,-0.9938196,0.018138796,0.66099036,1.0258626,0.6134856,5.7039685,0.47607404,3.0514638,2.5906856,23.740324,0.37681046,633.8872,0.35816985,1338.7098,0.18825899,-122.89396,-0.74270034,1677.2134,0.16142078,1024.8253,0.2360666,-125.44473,-0.6837264,2712.5508,0.12486337,922.88635,0.35591584,-127.22352,-0.6574646,-14.537964,-0.5153293,23.022573,0.3639353,0.039362784,0.683814,-0.020937046,-0.8827611,0.18200056,0.6201174,34.125668,0.2884527,-0.19531216,-62.20444,19.80639,0.9468686,-17.678648,-0.96301,-8.257171,16.659931,0.0040926468,0.002239708,0.04944484,4.1853514,2.2590363,0.17533332,0.15383397,0.24733333,0.2865302,-31.899649,o,Ses05F_script03_1,Ses05F_script03_1_M022
612,36.99918,0.14304861,31.920725,34.968025,43.335033,11.414309,48.280975,0.0,-68.91856,0.0,0.13995768,0.6418796,0.066816896,0.11980926,0.18416253,0.11734563,2.1657846,1.4081718,2.048095,1.6377465,0.026054116,0.6544706,21.901709,0.5926897,-4.318009,-1.8520218,8.737201,1.3275479,-17.6452,-0.6613651,0.021539066,0.82329255,1.4491218,0.39767256,5.3489537,0.45430094,4.2288914,3.2450356,21.634815,0.3394658,547.73175,0.24462906,1339.469,0.10953665,-181.65422,-0.3002987,1604.76,0.13350175,1153.8942,0.23822838,-173.8061,-0.35506037,2649.4673,0.079972774,1047.3954,0.34750265,-174.92474,-0.33811435,-12.377739,-0.27317584,22.30264,0.32863498,0.017704166,0.80073947,-0.014901389,-0.83687335,0.027565451,0.29269025,31.376686,0.16850473,-7.4786053,-0.79775864,9.234046,1.847327,-30.704361,-0.25502315,-7.984798,17.236382,0.004671034,0.0005612018,0.026240801,2.8391168,1.6025642,0.081999995,0.04069398,0.4333333,0.3967647,-46.79599,s,Ses05F_script03_1,Ses05F_script03_1_F022
613,32.07518,0.122565575,28.268543,32.31196,36.161537,7.892994,56.39574,49.433155,45.46074,48.97711,0.35431126,0.6258703,0.16133752,0.30352873,0.54472923,0.3833917,4.8421574,2.7912772,4.2195163,2.4715626,0.13229163,0.84223235,27.111668,0.5337461,2.2560108,5.6672173,19.890282,0.904021,-15.899493,-1.1183137,0.023092879,1.3550755,1.0623082,0.7027835,7.526918,0.41437197,6.3052034,1.5650812,27.890982,0.27008134,635.0081,0.37064838,1368.0195,0.18177353,-91.77571,-0.99203473,1705.8226,0.15875122,1082.2761,0.28362653,-92.97251,-0.89269847,2772.4397,0.09889996,948.4159,0.34224784,-95.25295,-0.85055923,-16.105082,-0.41365436,26.185041,0.2992062,0.045857027,0.70673096,-0.017393071,-1.135479,0.16974351,0.6196809,33.473274,0.3071622,2.4594266,5.393428,17.835861,1.1554401,-20.038136,-1.0057505,-8.419733,15.898087,0.008025277,0.0036743847,0.075437546,5.0259967,2.6109662,0.22266667,0.22976701,0.14413793,0.20807023,-29.171118,o,Ses05F_script03_1,Ses05F_script03_1_M023
614,39.21005,0.07885094,37.385765,38.958244,40.79873,3.4129639,41.652153,29.564903,41.40113,81.11424,0.16914977,0.4454564,0.099752456,0.15848961,0.22179975,0.12204729,1.3186067,0.99401075,1.0095898,0.5913453,0.03566271,0.6802579,23.304054,0.34501046,-6.3177943,-1.670425,12.964488,0.8278185,-26.309671,-0.5435693,0.017584717,1.3890295,1.2528989,0.46218282,7.5265303,0.31336197,2.5770845,4.4621406,19.10735,0.4544461,664.2601,0.255002,1352.8921,0.1531068,-110.469765,-0.8622126,1696.661,0.107793026,1040.5468,0.2991194,-105.67467,-0.832606,2734.6199,0.07854752,877.16614,0.4061997,-107.832436,-0.79606825,-12.0822115,-0.369037,20.71758,0.27673802,0.02714665,0.67382437,-0.014733837,-0.83705324,0.044388846,0.5351566,26.307495,0.19824684,-8.932686,-1.3175691,12.775103,0.94680965,-34.06035,-0.2861646,-9.226752,17.840357,0.012279074,-0.0024201046,0.02697124,3.8333333,2.6890757,0.18249999,0.15951097,0.15882352,0.18622825,-44.093014,o,Ses05F_script03_1,Ses05F_script03_1_F023
615,29.085022,0.22287557,23.825546,26.52835,33.18935,9.363804,41.03972,17.288858,22.441694,29.325891,0.18304223,0.62454826,0.075620145,0.16419163,0.27562493,0.20000479,3.3736856,3.0398672,1.9235829,0.97492856,0.05385318,0.89004844,23.138794,0.61893684,3.3171384,3.6672955,21.31938,0.724466,-10.736555,-1.3000088,0.02481222,0.61311436,1.2599369,0.6104887,6.1964717,0.54468346,7.671654,0.730474,25.214153,0.34266052,656.9125,0.38714698,1375.4987,0.23760815,-127.406525,-0.67837435,1737.1184,0.15765546,1002.17444,0.33772045,-130.13118,-0.6194296,2771.6846,0.11040343,1046.0612,0.30798653,-130.97885,-0.6073679,-18.561367,-0.36043596,27.719313,0.31589872,0.011142123,2.193214,-0.011513555,-1.426076,0.077433206,0.586879,32.20608,0.29817826,7.8693604,1.3250748,27.761543,0.68483543,-6.895522,-2.2124343,-7.118605,16.058432,-0.0013028078,0.004284305,0.03834682,3.13253,2.4390244,0.16,0.14149205,0.20818181,0.29950923,-38.386684,q,Ses05F_script03_1,Ses05F_script03_1_M024
616,32.77083,0.0526206,31.57072,32.20118,33.638084,2.0673637,165.6183,81.509995,22.652754,10.502939,0.1342852,0.852994,0.0719082,0.09481668,0.12907599,0.05716779,4.645937,4.591043,1.0767345,3.2418673,0.035183214,1.5133399,24.778831,0.44700074,2.0113597,3.215328,14.003671,0.4440175,-13.197399,-0.77298737,0.012128374,0.67370236,1.1551095,0.57716066,6.3314066,0.26681057,2.159383,4.029429,25.851154,0.2618264,553.0258,0.28433284,1327.8495,0.10377966,-138.32622,-0.62705946,1584.6211,0.15049839,1177.9921,0.20946044,-139.63785,-0.5803779,2624.6223,0.10737567,1119.2329,0.27667287,-141.89731,-0.54956865,-15.341975,-0.2645388,26.119465,0.15966946,0.022570241,0.80203557,-0.013334232,-0.82040817,0.053259403,1.4486041,33.382637,0.22301187,1.0535133,6.2016587,10.540697,0.6564188,-20.581131,-0.41148552,-10.614417,19.25047,-0.0028698503,0.006146146,0.021887615,1.5544041,2.673797,0.118,0.14372195,0.236,0.118760265,-39.022514,q,Ses05F_script03_1,Ses05F_script03_1_F024
617,28.282492,0.10065561,25.786646,27.872435,30.752254,4.9656086,89.04978,68.44613,36.755947,18.881584,0.24386604,0.67580324,0.09332749,0.20353101,0.38332254,0.28999504,5.137704,3.0956864,3.5837595,2.064814,0.084908344,0.98706555,26.000727,0.52441615,0.3111935,34.307796,25.863115,0.5688044,-10.920729,-1.1457351,0.028511114,0.936155,1.4038243,0.5339163,4.987008,0.5246848,7.2955623,1.0116746,25.981936,0.29361662,663.2572,0.37696514,1342.3351,0.15600257,-126.12725,-0.699094,1708.092,0.15563588,1059.5299,0.34897012,-128.84695,-0.63960606,2726.8516,0.098253,1021.2322,0.3609537,-129.21175,-0.63341194,-15.141463,-0.41991878,23.362707,0.3207793,0.025534634,1.0573344,-0.010098572,-1.4538704,0.12103629,0.6849305,32.0323,0.31726563,4.1037874,2.5392072,29.222113,0.5989588,-13.580076,-1.2198339,-9.040455,16.778597,0.0018658562,0.0035820003,0.06257541,4.508197,2.8985507,0.13071428,0.13656314,0.19285715,0.2078952,-35.052715,ans,Ses05F_script03_1,Ses05F_script03_1_M025
618,33.91598,0.103045546,30.849295,33.8417,36.71524,5.865946,95.07953,95.156525,24.790024,23.168955,0.18558934,0.62270766,0.093914956,0.15330218,0.2551189,0.16120395,2.0050588,1.709437,1.5077428,1.5835689,0.051859442,1.1864002,26.224054,0.31996676,-5.133638,-2.3930047,12.4277115,1.2990984,-24.051868,-0.6345906,0.023774274,1.2246914,1.4007739,0.5246059,4.6559525,0.5958951,0.21435775,38.097786,19.038633,0.53898764,620.09076,0.31215778,1379.5232,0.18338953,-114.25348,-0.83668816,1657.986,0.14077932,1107.3202,0.2736891,-113.95682,-0.79278845,2708.735,0.09660534,984.69794,0.3170862,-116.771614,-0.74569196,-11.110559,-0.5800167,22.352566,0.3363018,0.028364034,0.7618655,-0.017070267,-1.0196065,0.07354908,1.0443022,29.57957,0.2005954,-9.206656,-1.5097004,7.654215,2.70933,-31.801525,-0.4315873,-10.692596,19.153864,0.009981975,-0.0022424785,0.03253525,2.4590163,2.479339,0.17666666,0.2674239,0.22071427,0.22224389,-38.663948,s,Ses05F_script03_1,Ses05F_script03_1_F025
619,35.107967,0.2022261,27.850618,37.00851,42.403526,14.552908,49.076775,37.36492,67.79726,25.800484,0.34040982,0.5571275,0.16822283,0.30971324,0.5075006,0.33927774,3.4650064,2.352984,2.3811688,1.2037432,0.12124456,0.83754164,26.618032,0.32123592,-6.279208,-2.3538878,13.184885,1.6033854,-27.872652,-0.51372325,0.029187484,1.1230696,1.1838104,0.6408322,5.116916,0.75442153,2.6297586,3.224519,18.156384,0.792996,668.8364,0.35838667,1241.2,0.12627053,-90.411,-1.0356748,1752.5767,0.13635492,942.89874,0.2838098,-91.715,-0.9394165,2763.641,0.10890661,999.6733,0.3793436,-92.5988,-0.9242758,-11.718384,-0.7349608,20.620707,0.49953505,0.03864675,0.73039824,-0.024947895,-0.8210538,0.141274,0.68082845,26.87935,0.30774873,-8.501149,-1.9306412,9.63974,2.4948516,-33.950565,-0.40529862,-11.640778,19.189873,0.02349387,-0.0133354915,0.098464094,3.0651343,3.543307,0.15555555,0.0869369,0.10666667,0.089938246,-32.386524,o,Ses05F_script03_1,Ses05F_script03_1_M026
620,39.643,0.07525563,38.102135,39.729362,41.85348,3.7513466,82.521065,83.17147,71.13816,60.893597,0.26370713,0.45457688,0.1518581,0.24734563,0.36632967,0.21447156,2.1476774,1.2046257,1.6174985,1.0190698,0.06959818,0.7701088,25.050714,0.26134235,-16.43958,-0.80297905,11.23512,1.2808634,-27.676012,-0.5115075,0.02383138,1.0885212,1.219573,0.42855597,5.94245,0.568792,4.700769,2.678222,17.836819,0.5010335,689.73334,0.3174374,1403.004,0.13423248,-100.17845,-0.93221736,1673.0477,0.11833983,1120.3545,0.23685788,-81.73867,-1.0701466,2729.1287,0.08432296,976.588,0.34692088,-86.124176,-0.97784305,-8.380854,-0.56660426,18.673145,0.30711785,0.020398071,0.91162646,-0.0070837443,-1.5933409,0.07171891,0.6030102,25.557163,0.22056617,-19.712805,-0.6788778,8.982153,1.5807487,-32.896416,-0.377495,-8.25417,17.78711,0.013335738,-0.001765075,0.0637294,3.5573123,3.4068139,0.17235294,0.24618334,0.106874995,0.11471262,-38.027153,ag,Ses05F_script03_1,Ses05F_script03_1_F026
621,33.976795,0.12453346,30.009445,32.386856,38.70396,8.694515,29.112673,0.0,-7.041171,18.527988,0.35142198,0.7567065,0.06867468,0.29788524,0.59804755,0.5293729,5.726276,3.520179,4.8628516,2.438128,0.12607807,0.892109,25.534786,0.50577605,-6.25502,-2.3197532,5.598126,2.2736201,-22.411514,-0.987173,0.028204348,1.1960517,1.3424126,0.7868122,6.2371798,0.67742336,4.5946975,2.3736207,23.065817,0.37027553,689.05304,0.34255886,1195.8561,0.12436082,-111.06171,-0.8740623,1786.2667,0.19736005,985.19556,0.23013532,-106.40232,-0.8664806,2797.7278,0.096965626,869.48364,0.3323023,-109.30853,-0.8165744,-11.84578,-0.34702185,24.326733,0.15834807,0.060509007,0.3670704,-0.022880921,-0.68865615,0.20565301,0.41903597,33.314877,0.15706928,-10.825002,-1.3082877,0.8855084,16.703743,-38.040043,-0.56088626,-8.595073,16.976263,-0.001262854,0.0018990496,0.052746516,3.0769231,1.5789474,0.30666664,0.13224557,0.22749999,0.24529319,-30.515116,q,Ses05F_script03_1,Ses05F_script03_1_M027
622,35.595226,0.068712674,35.301655,35.935474,37.37309,2.071434,70.36396,46.55945,4.813562,7.3142934,0.094591595,0.3759813,0.06338719,0.08975087,0.12124044,0.057853244,1.0585781,1.4898206,0.51898867,0.48434064,0.021112407,0.9470674,26.627022,0.2909569,0.88598835,7.306389,16.44799,0.4072124,-9.358855,-1.1220149,0.018692601,0.55416155,1.244162,0.6225105,7.2470474,0.23380677,2.8601916,2.8578808,24.094175,0.22049224,688.61145,0.2441679,1532.5316,0.2105072,-153.81589,-0.4996457,1701.3071,0.13855459,1199.0232,0.323624,-152.00731,-0.48577267,2753.3684,0.0926165,1011.39325,0.23725846,-153.64519,-0.4634838,-16.71956,-0.2530083,27.940184,0.14858323,0.015496791,0.9599629,-0.0056928922,-1.752933,0.0246761,0.92289424,33.1135,0.12310224,0.7651547,10.661122,16.16444,0.54571325,-13.17495,-0.81203216,-12.719604,22.276253,-2.680705e-05,0.0056816144,0.02000968,2.5974026,2.640264,0.09625,0.07696387,0.23222221,0.18587796,-48.494556,ans,Ses05F_script03_1,Ses05F_script03_1_F027
623,32.39481,0.21110798,24.592926,32.656876,39.01394,14.421013,434.57022,670.5487,73.37081,67.31741,0.27120012,0.7252675,0.08000829,0.24517348,0.40330717,0.32329887,4.2967935,3.1579788,3.0761406,1.75407,0.08478266,1.0257536,28.040756,0.40345177,-6.3771443,-1.9581668,14.664261,1.0952002,-14.590258,-1.134023,0.021548923,0.9221454,1.2808343,0.67766833,5.725737,0.5947751,5.45023,1.9592713,24.771715,0.41272092,697.9372,0.32901195,1399.4785,0.15895037,-119.542725,-0.7603961,1684.415,0.16134028,1208.3676,0.25207254,-116.8015,-0.7471075,2750.4023,0.10327286,997.2889,0.34514642,-119.74921,-0.7017872,-12.934976,-0.6701703,24.471426,0.3490892,0.032047193,0.7158956,-0.01180889,-1.5564984,0.12433603,0.7299452,33.515438,0.2898863,-5.727734,-2.562027,10.901686,1.7858588,-20.46724,-0.92648137,-8.342019,18.13999,0.0030959004,0.0050891847,0.051984735,3.3045976,2.6124818,0.1661111,0.20736812,0.21875,0.2196268,-34.13522,s,Ses05F_script03_1,Ses05F_script03_1_M028
624,36.620274,0.09990142,33.95274,37.738476,39.217674,5.2649345,311.2691,641.33496,34.73735,18.95176,0.31375846,0.6489471,0.14993902,0.27540362,0.42746258,0.27752358,5.0139995,4.4977784,2.6393745,1.5633779,0.10445638,0.99722445,28.793486,0.3061347,-9.2118435,-1.6779574,6.3412437,2.278025,-25.096338,-0.62344354,0.020680428,1.1963793,1.2029701,0.6560566,6.669924,0.5531952,2.9538243,3.9691834,22.1781,0.5331259,721.9377,0.27807352,1411.6569,0.15220517,-87.05769,-1.0557119,1714.5267,0.1363667,1188.9728,0.22729431,-85.10066,-1.0038718,2804.504,0.09089088,976.2012,0.36986494,-89.99181,-0.90614533,-11.069995,-0.7251599,23.61441,0.29885656,0.034184057,0.5988764,-0.011997291,-1.3406628,0.117219865,0.87736404,31.12624,0.26806924,-11.160359,-1.3962804,3.5920498,4.2566786,-29.24405,-0.5485916,-8.896733,19.37601,0.017354753,-0.006602857,0.08661381,2.3094687,3.0373833,0.1953846,0.23815362,0.13181818,0.11714934,-32.806248,s,Ses05F_script03_1,Ses05F_script03_1_F028
625,31.066067,0.110922195,28.078627,30.0831,33.59901,5.520384,95.677666,83.08673,16.338509,18.034927,0.30753097,0.91125643,0.06785479,0.18722758,0.54713225,0.47927746,6.2721667,4.382532,3.9348364,2.2410202,0.10398652,1.1795627,25.658304,0.4182601,-1.3899302,-7.1887345,10.770801,0.96856964,-19.575819,-0.85094625,0.017305328,1.2297895,1.4275737,0.7579323,6.0503206,0.401913,0.20272394,40.609337,20.68838,0.4159959,707.91693,0.35169426,1276.6959,0.18527505,-130.4315,-0.691143,1729.6946,0.20227301,1022.4622,0.22992304,-127.488075,-0.690055,2772.3013,0.09171784,766.8287,0.46334133,-130.12051,-0.65112853,-11.149792,-0.5043205,23.193596,0.25734884,0.03949184,0.57699454,-0.018255206,-1.1558712,0.20238909,0.63095915,32.01009,0.30096397,-3.220573,-4.1337233,8.044354,1.5584325,-29.078234,-0.61785567,-9.549019,18.73347,0.0070820097,-0.0006369164,0.041758675,2.669903,1.9656022,0.19125,0.26236603,0.26333332,0.27792883,-30.998024,q,Ses05F_script03_1,Ses05F_script03_1_M029
626,35.53133,0.03388341,34.725883,35.983425,36.603493,1.8776093,-20.534327,0.0,6.1307507,0.0,0.075544015,0.30053005,0.05648184,0.070717104,0.09070751,0.034225672,0.84955585,0.49093905,0.32794994,0.2526727,0.01350028,0.33906758,27.464703,0.21555391,-0.89518243,-4.7584805,15.862864,0.35720015,-8.890469,-0.77036166,0.013237168,0.7247325,1.1765126,0.43666947,6.1855016,0.26725847,3.7311418,2.0311303,21.438175,0.22873875,633.64264,0.26260218,1378.1248,0.10726749,-164.78537,-0.4340298,1730.9503,0.1006427,1128.3878,0.25272077,-166.80486,-0.39720032,2627.3887,0.09703738,1165.2421,0.3966684,-167.5987,-0.385474,-15.44094,-0.18759073,24.318892,0.18524732,0.0151287215,1.0605057,-0.009439477,-1.0087181,0.015893605,0.21693845,32.195457,0.14512004,-1.4602607,-2.8398628,14.31919,0.47736165,-14.702404,-0.3368967,-14.281444,22.394957,-0.0068912804,0.0033169945,0.012782679,2.9535866,2.1551726,0.078,0.03249615,0.30333334,0.3537733,-53.622723,ans,Ses05F_script03_1,Ses05F_script03_1_F029
627,24.408672,0.24098,20.707905,22.82032,24.317757,3.6098518,103.25398,11.738701,14.917957,17.95308,0.21475556,0.80933315,0.057410866,0.16762608,0.40758303,0.35017216,2.291633,0.9943917,2.4444098,1.1911235,0.05435569,0.8778493,30.247505,0.3340423,-8.263152,-1.1765772,20.442768,0.72695965,-7.8641057,-1.9230406,0.020219121,0.85665303,1.2560232,0.5809192,3.2896132,0.6810896,7.6773953,0.58343726,17.869833,0.40338233,648.0943,0.44763774,1347.3689,0.16807905,-124.77719,-0.7201678,1604.7048,0.17456499,1059.1927,0.19573344,-125.90027,-0.7005589,2656.1033,0.12152715,908.1742,0.31930694,-128.21259,-0.6654913,-9.020253,-0.69156533,19.179531,0.46013293,0.025054622,0.6780635,-0.014067719,-1.5521905,0.0867465,0.40000755,34.9048,0.27030355,-12.9835005,-0.9377436,22.23395,0.8080732,-11.325809,-1.8140099,-11.526738,21.259604,-0.003803012,0.006277811,0.035302237,2.3364487,2.8708136,0.12833333,0.08473816,0.17,0.19493589,-37.897865,o,Ses05F_script03_1,Ses05F_script03_1_M030
628,36.549057,0.073871784,35.119904,36.440426,38.784813,3.6649094,30.202444,30.099913,41.432384,37.404457,0.2723816,0.86972135,0.12440373,0.21479622,0.32917878,0.20477505,4.940268,3.606354,1.4723283,1.9492384,0.075161986,1.4387767,25.479307,0.19605082,-11.386938,-0.73177403,14.929383,0.85673016,-28.811178,-0.5548469,0.016477216,0.9796968,1.1426826,0.43114316,5.5604696,0.58292687,-0.64806455,-16.87332,15.527786,0.543491,641.245,0.31386644,1378.0219,0.12647003,-101.80104,-0.93363273,1668.9274,0.12691548,1114.4836,0.3183814,-97.32209,-0.92171764,2683.4702,0.09370607,953.7742,0.4020484,-99.39097,-0.88486975,-9.265822,-0.3697016,16.876257,0.3132487,0.029102527,0.6419301,-0.01488096,-0.75679755,0.073147565,1.2894461,26.34715,0.15978661,-13.7822485,-0.62342167,16.258438,0.8499137,-37.84017,-0.3521139,-9.76693,17.502876,0.020560255,-0.0043609375,0.0775406,1.7187501,2.6813881,0.19470589,0.14121814,0.15823528,0.17433016,-35.163754,s,Ses05F_script03_1,Ses05F_script03_1_F030
629,37.50159,0.18781413,32.33017,34.620888,41.68289,9.352722,461.90097,736.2487,244.52579,377.43192,0.47321016,0.72203773,0.18198489,0.39040884,0.67415655,0.49217165,8.091391,7.622117,5.4433928,3.2771728,0.15207304,1.0149643,17.791357,0.6523943,-5.743626,-2.0831304,10.129951,1.4755201,-17.815346,-0.70797455,0.020959774,0.8565225,1.2121943,0.5498767,6.893871,0.6142303,9.547674,1.0970926,18.52906,0.4836112,726.5887,0.41190505,1297.7365,0.23040892,-105.231125,-0.8798433,1695.8523,0.15208583,985.855,0.20686656,-93.32561,-0.9350851,2713.0256,0.10740564,847.86316,0.3407503,-95.493225,-0.8961892,-8.879951,-0.5651961,18.389635,0.32682058,0.05146368,0.44217113,-0.008357425,-1.5395526,0.2065433,0.7944504,22.602148,0.41243252,-9.005495,-1.1278526,13.518097,1.0884973,-18.320272,-0.74738574,-5.2862573,13.688128,0.021989724,-0.0009871838,0.08427888,3.3898304,2.7681663,0.19999999,0.21943107,0.14125,0.09700998,-28.825094,s,Ses05F_script03_1,Ses05F_script03_1_M031
630,36.210567,0.21348676,30.253727,34.25888,41.875496,11.621769,368.97357,605.5083,210.9546,296.50388,0.49386042,0.6386067,0.23913577,0.4141612,0.6904915,0.45135573,8.007058,7.125774,4.5666137,3.0832684,0.16114062,1.0078105,22.769361,0.5201808,-8.515202,-1.3936077,13.457628,1.3106568,-20.404875,-0.7981059,0.024521105,1.1134439,1.155493,0.6317321,6.923599,0.57349724,7.1975102,1.738802,17.649752,0.5400036,772.63416,0.3469045,1262.2054,0.19515191,-80.883026,-1.1065989,1749.7646,0.14392781,994.7068,0.2232493,-75.877106,-1.0755569,2780.722,0.09821375,837.5724,0.3885689,-78.292175,-1.0223234,-9.351432,-0.5281748,19.306938,0.32892787,0.05033231,0.50941217,-0.009555892,-1.5034277,0.19852082,0.895719,26.30259,0.36085933,-10.798924,-1.0043503,14.854386,1.1999972,-22.19746,-0.7640007,-5.812426,14.882571,0.030194229,-0.00019289198,0.090790585,2.7659576,3.448276,0.185625,0.16159242,0.09642857,0.06465371,-26.84037,o,Ses05F_script03_1,Ses05F_script03_1_F031
631,31.486053,0.14093696,26.672155,31.673203,35.861862,9.189707,112.42818,128.06036,69.99388,120.810295,0.5253673,0.6708346,0.21121725,0.45537624,0.8525289,0.64131165,6.479258,4.1351404,5.554175,3.1291022,0.15903178,0.83735025,27.910583,0.32160676,-5.77486,-1.8303216,21.92702,0.59592754,-11.829355,-1.2482772,0.017323868,0.9519688,0.99999475,0.6567747,6.6628976,0.41802654,4.930417,2.4087698,18.734795,0.3858512,695.9279,0.38454536,1296.9747,0.17354901,-57.068794,-1.3897281,1707.9331,0.15136878,1001.703,0.24376498,-56.49282,-1.2699332,2718.1047,0.09824673,842.1651,0.3542613,-58.94663,-1.1969718,-11.730439,-0.46474448,19.9991,0.32333666,0.03814562,0.7347796,-0.007886935,-1.9824198,0.17863147,0.79189837,30.282242,0.2590663,-6.45471,-1.7684383,23.476702,0.59556335,-12.116476,-1.3346208,-8.680033,18.774836,0.02387818,0.0035325168,0.10643942,3.3333333,2.6515152,0.28571427,0.24294956,0.085,0.07112196,-26.614027,s,Ses05F_script03_1,Ses05F_script03_1_M032
632,35.90903,0.10739604,33.49252,37.31854,38.84758,5.3550606,34.815716,23.074394,8.741244,0.0,0.1455243,0.42913377,0.09086442,0.14324524,0.17976347,0.088899046,0.7062457,0.2864502,0.5504703,0.27430293,0.026657507,0.6940989,22.958862,0.3209319,-1.9225698,-3.2382925,15.19228,0.62919337,-12.279074,-0.98136145,0.015242057,0.8723704,1.1656439,0.5186017,6.7262955,0.37132964,8.949446,1.0730466,22.111914,0.37056193,655.0638,0.339391,1447.3882,0.16683157,-80.5539,-1.1301126,1719.5374,0.11277829,1102.6891,0.19012614,-75.56222,-1.0856684,2678.9292,0.09437416,1094.6157,0.24454202,-77.589096,-1.0400039,-14.100743,-0.30405435,22.24761,0.27480268,0.028019551,0.96480024,-0.010994198,-0.98773557,0.03363901,0.57541585,25.451761,0.206933,-2.7399342,-2.4018803,14.336545,0.7505325,-17.366344,-0.6563112,-9.298245,17.2195,-0.0075582615,0.0071743485,0.014220319,1.9736842,2.0408165,0.32666668,0.18263504,0.14333333,0.024944382,-45.316933,o,Ses05F_script03_1,Ses05F_script03_1_F032
633,34.025536,0.15947472,30.102772,34.020233,39.313156,9.210384,127.64518,127.71119,126.15177,117.89264,0.1887084,0.8633532,0.055867955,0.121696785,0.30141538,0.24554743,3.0250971,1.5617093,1.5205181,1.1349119,0.054944444,1.1939857,25.396215,0.43353304,-2.5778751,-3.8914943,12.2405,0.8659114,-9.306811,-1.4071326,0.02879996,1.3781505,1.0916843,0.90335375,7.2962914,0.51753515,8.465996,0.962858,26.91265,0.46959385,646.689,0.37606564,1403.9713,0.17748974,-163.34291,-0.436687,1662.9674,0.17429133,1102.5056,0.23471546,-157.70967,-0.4637758,2798.1038,0.11194588,975.10944,0.29331774,-160.03146,-0.43205374,-15.437839,-0.39935645,28.941847,0.32895383,0.027177135,0.8161159,-0.007865802,-1.7245986,0.1005798,0.55558896,34.390724,0.2980431,1.374312,8.494711,10.037844,1.7660874,-10.108215,-1.723796,-9.305767,18.891672,0.00026638398,0.007892317,0.04070722,2.375,1.6352202,0.13923076,0.13481963,0.41928568,0.7221146,-36.98027,s,Ses05F_script03_1,Ses05F_script03_1_M033
634,35.237877,0.079135865,31.703346,35.512386,37.899178,6.1958313,19.839077,2.7080355,113.64621,82.94029,0.08374967,0.3240166,0.054882355,0.083929114,0.11077806,0.05589571,0.34771597,0.18459821,0.54347324,0.23355828,0.015356176,0.45131415,29.165373,0.17495167,-1.631056,-3.2904227,16.280083,0.60470533,-12.219211,-0.82848185,0.01723462,0.7318823,1.292865,0.37228748,6.3701973,0.30315718,2.1733093,3.4226036,24.637306,0.19960055,571.7465,0.28225622,1326.1151,0.13074055,-148.86974,-0.5489794,1578.4845,0.13040534,1078.046,0.19302885,-148.3357,-0.5126882,2694.193,0.074862055,887.7232,0.22918032,-150.73973,-0.48008278,-15.412394,-0.24269396,26.006578,0.18335553,0.014997873,0.85801864,-0.004558091,-1.4065281,0.020693481,0.2359082,33.502747,0.0886038,-1.4409811,-4.8400726,13.242196,1.0305723,-18.693527,-0.56141466,-13.30122,22.771511,3.737122e-05,0.0059355176,0.01303433,4.651163,3.0120482,0.088,0.053065997,0.185,0.25617376,-51.547417,dag,Ses05F_script03_1,Ses05F_script03_1_F033
