,F0semitoneFrom27.5Hz_sma3nz_amean,F0semitoneFrom27.5Hz_sma3nz_stddevNorm,F0semitoneFrom27.5Hz_sma3nz_percentile20.0,F0semitoneFrom27.5Hz_sma3nz_percentile50.0,F0semitoneFrom27.5Hz_sma3nz_percentile80.0,F0semitoneFrom27.5Hz_sma3nz_pctlrange0-2,F0semitoneFrom27.5Hz_sma3nz_meanRisingSlope,F0semitoneFrom27.5Hz_sma3nz_stddevRisingSlope,F0semitoneFrom27.5Hz_sma3nz_meanFallingSlope,F0semitoneFrom27.5Hz_sma3nz_stddevFallingSlope,loudness_sma3_amean,loudness_sma3_stddevNorm,loudness_sma3_percentile20.0,loudness_sma3_percentile50.0,loudness_sma3_percentile80.0,loudness_sma3_pctlrange0-2,loudness_sma3_meanRisingSlope,loudness_sma3_stddevRisingSlope,loudness_sma3_meanFallingSlope,loudness_sma3_stddevFallingSlope,spectralFlux_sma3_amean,spectralFlux_sma3_stddevNorm,mfcc1_sma3_amean,mfcc1_sma3_stddevNorm,mfcc2_sma3_amean,mfcc2_sma3_stddevNorm,mfcc3_sma3_amean,mfcc3_sma3_stddevNorm,mfcc4_sma3_amean,mfcc4_sma3_stddevNorm,jitterLocal_sma3nz_amean,jitterLocal_sma3nz_stddevNorm,shimmerLocaldB_sma3nz_amean,shimmerLocaldB_sma3nz_stddevNorm,HNRdBACF_sma3nz_amean,HNRdBACF_sma3nz_stddevNorm,logRelF0-H1-H2_sma3nz_amean,logRelF0-H1-H2_sma3nz_stddevNorm,logRelF0-H1-A3_sma3nz_amean,logRelF0-H1-A3_sma3nz_stddevNorm,F1frequency_sma3nz_amean,F1frequency_sma3nz_stddevNorm,F1bandwidth_sma3nz_amean,F1bandwidth_sma3nz_stddevNorm,F1amplitudeLogRelF0_sma3nz_amean,F1amplitudeLogRelF0_sma3nz_stddevNorm,F2frequency_sma3nz_amean,F2frequency_sma3nz_stddevNorm,F2bandwidth_sma3nz_amean,F2bandwidth_sma3nz_stddevNorm,F2amplitudeLogRelF0_sma3nz_amean,F2amplitudeLogRelF0_sma3nz_stddevNorm,F3frequency_sma3nz_amean,F3frequency_sma3nz_stddevNorm,F3bandwidth_sma3nz_amean,F3bandwidth_sma3nz_stddevNorm,F3amplitudeLogRelF0_sma3nz_amean,F3amplitudeLogRelF0_sma3nz_stddevNorm,alphaRatioV_sma3nz_amean,alphaRatioV_sma3nz_stddevNorm,hammarbergIndexV_sma3nz_amean,hammarbergIndexV_sma3nz_stddevNorm,slopeV0-500_sma3nz_amean,slopeV0-500_sma3nz_stddevNorm,slopeV500-1500_sma3nz_amean,slopeV500-1500_sma3nz_stddevNorm,spectralFluxV_sma3nz_amean,spectralFluxV_sma3nz_stddevNorm,mfcc1V_sma3nz_amean,mfcc1V_sma3nz_stddevNorm,mfcc2V_sma3nz_amean,mfcc2V_sma3nz_stddevNorm,mfcc3V_sma3nz_amean,mfcc3V_sma3nz_stddevNorm,mfcc4V_sma3nz_amean,mfcc4V_sma3nz_stddevNorm,alphaRatioUV_sma3nz_amean,hammarbergIndexUV_sma3nz_amean,slopeUV0-500_sma3nz_amean,slopeUV500-1500_sma3nz_amean,spectralFluxUV_sma3nz_amean,loudnessPeaksPerSec,VoicedSegmentsPerSec,MeanVoicedSegmentLengthSec,StddevVoicedSegmentLengthSec,MeanUnvoicedSegmentLength,StddevUnvoicedSegmentLength,equivalentSoundLevel_dBp,labels,filename,utt_label
0,35.90328,0.105544165,32.292206,35.82827,40.17695,7.8847427,39.537598,1.7481298,80.90617,0.0,0.20380595,0.5122724,0.12470216,0.16367453,0.27155444,0.14685228,2.3039203,2.048243,1.2448592,0.42899427,0.058181517,0.8710795,23.54142,0.30710948,-1.2805957,-6.437846,12.782406,0.52965724,-8.765352,-0.73740655,0.019374125,0.55043525,1.3865182,0.39423814,6.448042,0.24464922,8.37683,1.2541918,31.901993,0.123035364,629.1808,0.3080736,1424.1449,0.114577495,-176.90355,-0.3435925,1641.3135,0.15779127,1196.1614,0.13281895,-170.16708,-0.38245106,2704.6836,0.09821564,1057.9185,0.19912146,-171.81241,-0.35728946,-14.600921,-0.32453406,28.20221,0.15445362,0.025412876,0.43880475,-0.01341206,-0.7060745,0.10329671,0.46506837,31.109274,0.24992271,5.8957686,1.7153815,4.3932476,1.761573,-13.252395,-0.6107782,-9.316146,18.07105,0.0059814956,0.0014278268,0.050043393,2.714932,1.388889,0.11333333,0.046427958,0.4375,0.3645802,-39.120384,q,Ses01F_impro03,Ses01F_impro03_M000
1,32.65921,0.11473922,31.224361,33.115875,35.275383,4.0510216,64.656586,25.477917,86.66563,111.37128,0.5016944,0.7418333,0.17092898,0.35494053,0.91984797,0.748919,4.8726006,3.7368984,3.6146758,1.8163519,0.19451526,0.9095068,27.240522,0.27656603,-9.360454,-1.2694957,12.424057,1.0852982,-16.404066,-1.0194014,0.02509615,1.0226461,1.3659755,0.6819524,4.8534217,0.78289205,5.03446,1.7611157,17.065657,0.51823866,527.351,0.4137586,1329.2253,0.1446636,-107.61309,-0.872862,1553.7606,0.16031766,1007.37775,0.2205197,-104.31052,-0.86735487,2601.434,0.0936663,1050.3496,0.45237353,-108.09359,-0.8039533,-9.626901,-0.64887214,19.832495,0.36172307,0.03477076,0.6925558,-0.0110774115,-1.0434669,0.28695437,0.61925,29.645546,0.2056833,-12.756824,-1.0093819,12.820641,1.2251967,-21.682486,-0.79896235,-8.478005,19.100271,0.0114243515,-0.0013562726,0.104761265,2.1052632,3.2142859,0.14777777,0.121726274,0.1411111,0.16481939,-27.931723,ans,Ses01F_impro03,Ses01F_impro03_F000
2,30.121479,0.13006482,26.022423,31.22035,32.8966,6.874176,63.862446,35.350628,112.40335,115.50083,0.40451464,0.77703565,0.14665957,0.30478984,0.5905148,0.44385523,3.7005973,4.5568357,3.1149788,2.7263079,0.13846774,1.0242168,26.900063,0.30810156,-11.880629,-0.83967316,12.968051,0.7813356,-9.838679,-1.1833364,0.028294975,1.010759,1.1362764,0.4134083,2.607953,1.0974663,0.48800257,12.231801,13.867915,0.46134338,503.24533,0.37101856,1306.7301,0.14576265,-135.97253,-0.6376883,1490.1803,0.1501806,1011.56805,0.14590026,-133.53934,-0.6471719,2534.6057,0.07101837,904.1152,0.40080607,-137.36613,-0.59260166,-6.5640593,-0.6342806,19.323977,0.22062044,0.029275017,0.74086046,-0.006398928,-1.649676,0.2619444,0.67945623,31.189795,0.19516648,-18.45743,-0.50789976,7.353926,1.3574461,-18.681368,-0.712705,-7.431333,17.484676,0.0091846725,0.0024799842,0.07992414,1.9512196,4.0,0.07625,0.053604454,0.17428571,0.27644977,-30.669823,ag,Ses01F_impro03,Ses01F_impro03_M001
3,33.174564,0.05838918,31.976238,32.823982,33.731297,1.7550583,30.833818,21.260378,-0.074882984,10.451764,0.5377393,0.77257454,0.17675048,0.32994574,0.9843067,0.8075562,8.166439,7.283129,6.222033,4.7254677,0.14824265,0.99193054,22.570566,0.41149247,-16.642242,-0.7591961,20.655346,0.6189231,-8.094116,-1.146121,0.01567219,1.727101,1.045772,0.7317675,6.6395297,0.57755333,0.1741015,32.55499,2.5367956,2.9556642,500.04312,0.3553045,1213.022,0.17859675,-122.2424,-0.7674035,1567.9116,0.09502793,831.4594,0.23507844,-120.16307,-0.7719982,2551.7922,0.06933172,1105.9021,0.37493932,-119.55707,-0.7825319,-3.3083122,-1.5561235,10.495809,0.8910707,0.02845654,0.53001004,-0.020275755,-0.58460766,0.2516668,0.6001319,29.672264,0.2121968,-26.681452,-0.43062913,23.875908,0.72243416,-12.637726,-0.8292364,-4.8457446,12.74971,0.003629024,0.0012956491,0.07812553,3.4985425,1.47929,0.274,0.23888072,0.31666666,0.24321917,-28.264996,s,Ses01F_impro03,Ses01F_impro03_F001
4,36.007183,0.11763189,32.945724,35.16908,38.987965,6.04224,340.1302,467.1558,45.754486,25.132784,0.5943702,0.8201211,0.27392238,0.44116676,0.7948216,0.52089924,4.6062255,3.0668678,4.0022054,2.3361852,0.26058307,1.11666,23.154072,0.44298175,-11.71887,-0.91364497,18.335938,0.6151042,-9.3767805,-1.2673508,0.027357537,0.8848921,1.4777431,0.45079616,6.062506,0.5309431,2.2668982,4.964263,12.44435,0.6771652,595.4789,0.44569248,1296.462,0.23324564,-145.20853,-0.57001615,1637.115,0.14876014,970.3162,0.3857074,-135.57272,-0.6117107,2666.0784,0.09464328,951.1877,0.33346117,-136.68782,-0.5974973,-9.9270525,-0.6512374,19.308044,0.41663375,0.04257929,0.48222774,-0.01524524,-0.7846077,0.4540138,0.841545,27.842857,0.24440649,-12.699871,-1.109883,18.28032,0.6892774,-13.163897,-0.9657228,-4.9370522,13.802334,0.010720591,-0.00030968705,0.16100782,2.1212122,3.0769231,0.106,0.13024592,0.17999999,0.15291114,-25.266245,q,Ses01F_impro03,Ses01F_impro03_M002
5,37.31474,0.078905925,35.185425,37.4442,38.76206,3.5766335,109.073,116.74715,84.47393,70.57893,0.9397805,0.77688855,0.26413473,0.6331048,1.7805692,1.5164344,14.507138,4.875786,8.846171,5.2815833,0.50122124,0.9885709,25.983507,0.29112336,-14.658544,-0.9973718,18.997602,0.5911443,-15.116364,-1.3342413,0.025252055,1.163249,1.2000258,0.6054688,6.9031653,0.5459511,3.2581089,3.5747666,12.695545,0.59499264,650.7398,0.40526122,1264.9763,0.20567809,-99.79841,-0.90103644,1681.9305,0.14578958,1031.7223,0.41210654,-85.77211,-0.9849021,2721.2676,0.1019802,1005.7376,0.41174927,-87.540375,-0.9517418,-10.967724,-0.7372196,19.594814,0.5134831,0.047582533,0.5744798,-0.019259352,-0.6748099,0.6528639,0.7218537,27.695967,0.21829093,-14.776532,-1.1400154,16.961641,0.6978321,-20.185001,-1.1232966,-6.050779,14.387911,0.015525264,-0.0067311223,0.28448606,2.34375,2.7888446,0.21714285,0.10898417,0.12142857,0.12597376,-19.968946,ans,Ses01F_impro03,Ses01F_impro03_F002
6,43.812737,0.12425411,38.916405,42.556896,48.398903,9.482498,119.26353,87.678635,200.07205,167.70868,1.4807926,1.0626439,0.3124517,0.79931676,2.5487928,2.2363412,25.329502,15.039136,21.471767,14.414713,1.0410357,1.351486,18.741291,0.468433,-21.392502,-0.7445812,5.6321845,2.7102568,-10.710865,-1.0316237,0.03783157,1.1796507,1.4447995,0.5569201,5.4526315,0.8220454,7.3366137,1.078908,13.703752,0.48409578,916.0615,0.28034657,1302.0446,0.2465075,-130.79219,-0.67646074,1843.3105,0.123427965,1153.3732,0.2062104,-113.94173,-0.7861527,2837.0225,0.080916494,1081.5437,0.44330776,-117.47066,-0.7312283,-6.023613,-1.7158638,18.4228,0.54783183,0.038061596,0.7121015,-0.005708465,-2.0401704,1.4158325,1.0679265,19.147875,0.48736778,-21.93856,-0.85521424,3.0632482,5.1844387,-10.953586,-1.1752295,-2.2232108,11.764288,0.031383313,-0.0006190329,0.7535074,2.2727275,3.3248084,0.12769231,0.11341916,0.16333334,0.1286684,-13.609573,q,Ses01F_impro03,Ses01F_impro03_M003
7,45.373783,0.11465543,41.864784,43.535076,50.417072,8.552288,129.75105,88.80384,142.12926,156.17407,1.6434113,0.8971655,0.42271042,1.0968617,2.6655698,2.2428594,23.788599,12.967532,21.745686,13.569342,1.1313845,1.1804004,17.21945,0.48809823,-27.026691,-0.43813038,4.388159,2.93398,-16.314032,-0.5827339,0.04047708,1.1266923,1.4312756,0.5701104,4.0917873,0.9963096,5.7841573,1.6673788,12.013327,0.5103128,848.30225,0.3565198,1282.487,0.2390556,-141.36594,-0.6121974,1784.5977,0.14606851,1133.2971,0.20084444,-116.86937,-0.7838943,2728.668,0.09139584,1065.7875,0.43466043,-119.713425,-0.738745,-1.5467417,-3.4161723,12.344636,0.36843926,0.04613828,0.5143802,-0.014498474,-0.8287465,1.66375,0.82714635,16.66083,0.49542105,-33.07407,-0.27917948,-0.26876605,-41.41227,-20.944878,-0.37202972,-1.4124466,10.632266,0.03624815,-0.0042110686,0.75215816,3.0434783,3.5164838,0.11125,0.085137755,0.17214285,0.1625765,-13.513742,oth,Ses01F_impro03,Ses01F_impro03_F003
8,38.920776,0.1073914,35.806423,38.189724,40.484978,4.6785545,277.76328,277.33496,70.102875,85.000114,1.1307038,0.61295515,0.5763882,0.92733526,1.600617,1.0242288,10.927853,8.411053,8.674989,3.6530492,0.5843895,0.72574234,23.024122,0.3516229,-16.69971,-0.8396304,14.979315,0.70924276,-11.630566,-1.1143384,0.03583548,1.2824503,1.138126,0.55202574,7.282866,0.5173264,8.233036,1.3418754,14.609456,0.56063545,743.7205,0.3580379,1255.0149,0.17582662,-130.75615,-0.66250587,1713.8125,0.11835435,1077.5328,0.34932277,-111.26553,-0.78587383,2727.8418,0.07809296,1012.3351,0.400397,-114.307594,-0.7363966,-7.514549,-0.8694715,16.928692,0.4765208,0.04998904,0.3654932,-0.010796184,-1.1522374,0.6517178,0.67124,24.139294,0.33500284,-18.76257,-0.88921905,16.609047,0.74961716,-13.863009,-0.96420103,-6.6688447,15.537378,0.051245306,-0.012464991,0.5405775,3.90625,4.0,0.11,0.08809086,0.13222222,0.07627112,-19.009193,q,Ses01F_impro03,Ses01F_impro03_M004
9,37.458748,0.08313879,35.314144,37.35532,39.78806,4.473915,71.18748,69.25167,55.372566,48.308704,1.3142889,0.6140348,0.6120463,1.0502512,1.9954005,1.3833542,13.604446,4.621151,9.281169,4.2895837,0.65970236,0.80059737,25.365723,0.29728508,-20.650023,-0.67833775,18.472881,0.7713726,-14.333319,-0.9089019,0.024295717,2.2389727,0.9667502,0.5643129,7.522252,0.48276353,7.866008,1.6249297,12.041361,0.684696,671.53015,0.4298808,1250.8356,0.20434086,-105.27243,-0.84905875,1678.0107,0.13914515,970.46564,0.3221454,-80.14276,-1.0677454,2699.7249,0.10702826,973.66895,0.27097633,-81.56999,-1.0372937,-6.671008,-0.95381755,13.852773,0.55139667,0.057411794,0.38791496,-0.016648782,-0.85961205,0.75470203,0.7115355,26.061213,0.26728326,-22.31205,-0.6905625,21.69992,0.63256335,-15.022014,-0.9539934,-6.510519,15.346195,0.0409102,-0.015806373,0.51897424,3.1914895,2.9649596,0.20636363,0.21605018,0.11,0.05799686,-17.285261,ans,Ses01F_impro03,Ses01F_impro03_F004
10,37.26657,0.1283501,31.909378,37.335274,40.614082,8.704704,36.58462,14.3515,25.406479,8.135893,0.85037035,0.6442896,0.44382954,0.6910483,1.2028918,0.7590623,10.994274,4.5997095,8.057811,5.4203877,0.41443542,0.77449906,23.14566,0.3558627,-12.361699,-0.9931667,18.12958,0.7884589,-10.661056,-1.4729449,0.02675263,0.9997279,1.1331084,0.5167122,7.066962,0.4381636,8.488689,1.3311952,13.76748,0.64692813,704.2446,0.44878155,1255.3822,0.1702783,-112.96494,-0.7947727,1723.142,0.14966996,975.019,0.31331742,-99.29479,-0.86223584,2761.746,0.105734356,1015.5612,0.22577575,-100.84825,-0.8370671,-9.985141,-0.7029747,17.458912,0.44111264,0.051460847,0.555541,-0.015117786,-0.8392074,0.53626496,0.63886243,25.81036,0.22325468,-12.891318,-1.0970606,19.976215,0.8167912,-12.912648,-1.3681217,-4.675421,13.180042,0.035775874,-0.0084366035,0.28458104,4.669261,4.38247,0.11545455,0.086693145,0.11333333,0.0821922,-21.428604,s,Ses01F_impro03,Ses01F_impro03_F005
11,36.446568,0.13231935,33.158203,34.454754,38.779427,5.6212234,98.0302,106.8609,37.043846,24.898512,0.62986344,0.4444291,0.38231564,0.59961414,0.8940928,0.51177716,8.012633,4.931073,4.6173763,1.5774577,0.26916453,0.675377,28.169724,0.290994,-11.46505,-0.9508351,11.367042,0.7325359,-10.235489,-1.1482816,0.03869859,1.1507342,1.525879,0.57110876,6.1872926,0.53656715,1.8197676,6.529101,18.656746,0.5024489,737.89624,0.36322814,1348.3906,0.16778837,-83.122696,-1.0584713,1701.1204,0.1472047,1106.3918,0.19085315,-81.59846,-1.034826,2717.03,0.109056234,995.0618,0.23481672,-87.63908,-0.9152836,-11.645492,-0.45882326,22.773726,0.25124374,0.048569765,0.43037537,-0.012551765,-0.9789309,0.32056257,0.57241225,31.54563,0.17303303,-11.734017,-0.9926377,9.518581,0.7847913,-14.877237,-0.72975045,-5.485917,14.825334,0.029115817,-0.0023510638,0.17974405,4.2372885,2.173913,0.29,0.156205,0.14999999,0.1766352,-25.543068,q,Ses01F_impro03,Ses01F_impro03_M005
12,32.659492,0.08407437,30.729267,32.21162,34.86645,4.137184,75.15169,103.94305,43.75042,23.595339,0.5013734,0.59400874,0.24129114,0.43883148,0.7424637,0.50117254,7.5765705,4.501647,4.1051106,2.410169,0.19682626,0.704558,30.81872,0.19206826,-6.8753357,-1.8212883,25.430445,0.5114625,-6.624678,-1.8243811,0.02496736,1.229293,1.2532218,0.6260455,6.210374,0.4780105,3.937626,2.9670901,17.430437,0.50964963,518.98395,0.37839985,1329.1833,0.15717073,-67.953064,-1.2695245,1600.8646,0.11180062,931.7029,0.26472968,-70.89982,-1.1187305,2594.8438,0.09429348,997.18207,0.20811418,-72.5625,-1.079736,-12.266976,-0.5249244,19.775948,0.3951268,0.041627854,0.51225954,-0.015779804,-0.72423786,0.2394917,0.55359143,32.543724,0.14904736,-8.109724,-1.6475594,26.490927,0.5229896,-8.171616,-1.6256392,-10.948592,17.969923,0.014757617,-0.006835664,0.098696314,3.6334913,2.5477707,0.26874998,0.26148316,0.117142856,0.14414419,-27.544735,s,Ses01F_impro03,Ses01F_impro03_F006
13,28.056353,0.115174286,26.0792,27.14873,28.709639,2.6304379,111.625084,83.759445,39.381016,14.868054,0.3324335,0.7261429,0.115214854,0.29065084,0.5314988,0.41628394,4.570023,1.9830285,2.372313,1.1332186,0.12221163,1.3112738,26.529066,0.27928936,-5.1233788,-1.198437,21.952486,0.36447346,-2.1293197,-3.4615605,0.03172997,2.1782954,1.3085587,0.52803195,3.5653086,0.45263788,-1.4849327,-4.6441884,18.721996,0.42303354,699.27795,0.42832053,1366.0851,0.23347145,-122.428,-0.7400193,1657.1036,0.15586632,1044.6072,0.18107367,-122.39169,-0.7220663,2682.423,0.11525249,1006.64325,0.27187446,-125.291725,-0.67912436,-10.495995,-0.4494912,18.639557,0.28497413,0.030496469,0.6438483,-0.0008374409,-8.690487,0.15317237,0.93095356,28.162037,0.28477523,-6.149572,-1.0288347,20.988777,0.42950118,0.53058,16.8212,-10.664788,17.720278,0.007805407,-0.002558203,0.08009013,1.923077,2.4752476,0.16,0.15811388,0.185,0.17613915,-31.047047,s,Ses01F_impro03,Ses01F_impro03_M006
14,34.517498,0.14633371,29.861519,34.924274,38.506428,8.644909,177.89497,283.4345,78.94111,57.346672,0.5293267,0.79267997,0.2158589,0.38843992,0.7959156,0.58005667,8.041841,3.0364733,5.55657,4.3236895,0.23475939,1.1829914,26.449017,0.30523133,-11.216324,-0.8270934,19.575191,0.49948126,-7.3303127,-1.5369351,0.021277022,1.0703938,1.2642946,0.58200127,5.1448812,0.6215194,4.6581655,2.2111945,15.147011,0.59699136,597.16125,0.41173562,1345.4916,0.15676811,-126.46857,-0.7200347,1629.0094,0.14148453,936.341,0.21748815,-119.63117,-0.7319236,2642.8364,0.0992643,989.4171,0.2643235,-121.19301,-0.7104003,-9.358908,-0.4991904,16.565083,0.4880373,0.040772635,0.6226805,-0.01684941,-0.74042964,0.30679289,0.78549236,30.399813,0.24284069,-14.317576,-0.660935,20.937958,0.5353116,-11.965438,-0.97376263,-7.24099,15.959578,0.02175206,-0.0011444282,0.18538126,2.4719102,3.181818,0.12642857,0.096481465,0.16642857,0.15944578,-26.40515,s,Ses01F_impro03,Ses01F_impro03_F007
15,35.224464,0.13428552,31.677446,34.717937,40.428207,8.750761,457.63065,359.00653,60.57256,35.08006,0.50546247,0.5282845,0.30675495,0.4363222,0.7333357,0.42658073,6.9506507,4.158085,2.5567174,3.3852854,0.19741878,0.80447674,27.405758,0.30125096,-10.895786,-0.993679,18.84688,0.5999068,-7.3593407,-1.4203285,0.025205681,0.9363783,1.2897578,0.5609168,5.5719132,0.6281986,4.856555,2.2532134,14.186375,0.8992399,520.49786,0.39282987,1317.7202,0.1491701,-111.48747,-0.84399444,1576.974,0.1137957,926.17267,0.28464642,-107.165565,-0.81236255,2572.3845,0.09354721,972.3601,0.29287863,-108.489296,-0.79174626,-10.477972,-0.4824552,17.647713,0.4722184,0.041349247,0.46496364,-0.019905841,-0.54758996,0.26434264,0.5862531,31.43868,0.21833375,-12.258816,-0.8608051,20.621609,0.5997111,-11.280701,-0.7816926,-6.767818,15.93963,0.025793776,7.514513e-05,0.12899049,3.649635,4.104478,0.11272727,0.06607033,0.122999996,0.15492256,-28.622839,o,Ses01F_impro03,Ses01F_impro03_M007
16,34.44073,0.09490535,31.34936,34.253197,37.60962,6.2602596,60.82748,55.749405,50.010887,64.6829,0.59457636,0.76256275,0.23538344,0.46235317,0.8634612,0.62807775,7.6214542,4.6790977,6.3629684,4.5352144,0.26693788,1.1378295,26.626728,0.28844026,-10.571652,-1.1810352,25.324697,0.461788,-12.070063,-1.085699,0.025930297,1.0058277,1.4066622,0.6096904,6.2934875,0.51421154,7.619763,1.6940149,14.507916,0.7009827,513.16656,0.3568276,1363.0641,0.20927502,-110.85166,-0.8319291,1581.0358,0.10553867,930.0239,0.30121493,-103.687294,-0.84776354,2590.6501,0.08215851,1039.2471,0.28577974,-105.0794,-0.82263654,-10.917113,-0.5534174,17.468246,0.40046394,0.043303404,0.52045065,-0.01682245,-0.6828646,0.33995074,0.8008277,28.396235,0.21645123,-9.988062,-1.2201627,28.332918,0.42437363,-12.183775,-1.0237561,-8.380379,16.302534,0.015404228,-0.0104938885,0.19009511,4.5112786,3.0769231,0.16125,0.15901552,0.16285715,0.0839582,-24.183247,ag,Ses01F_impro03,Ses01F_impro03_F008
17,35.700787,0.10677848,31.757833,37.856815,39.2173,7.459467,33.142597,20.451406,30.068686,4.8176785,0.6714308,0.77096844,0.23144244,0.4619677,1.1863776,0.9549352,11.561175,7.740301,8.191604,6.4777765,0.290472,0.99911684,27.46929,0.20149952,-14.301333,-0.8422344,22.041155,0.5830131,-14.677277,-0.86309034,0.019477988,0.686036,1.5681643,0.640113,6.2736154,0.4734799,6.8503633,1.987918,13.427888,0.53961486,621.28796,0.4325429,1224.7018,0.14687787,-104.10459,-0.87689865,1688.4855,0.14484699,938.8986,0.5010826,-95.33388,-0.9273836,2718.424,0.11008919,947.1626,0.24295068,-97.00802,-0.8962981,-7.6522512,-0.5965156,15.3384,0.43092805,0.04783194,0.5594244,-0.013234785,-0.94387865,0.41352057,0.7534698,29.556913,0.13600312,-18.814512,-0.605331,23.582863,0.5813364,-19.119427,-0.5730289,-8.911823,15.942612,0.013416238,-0.011928396,0.10602666,4.580153,3.2,0.16749999,0.12715639,0.17,0.043204937,-23.356104,ag,Ses01F_impro03,Ses01F_impro03_M008
18,35.022503,0.11090567,30.699799,35.20555,38.902443,8.202644,26.789928,16.33776,10.658015,14.965375,0.7169027,0.71240085,0.203691,0.56770307,1.2103583,1.0066673,12.5999155,5.474204,8.858654,6.172105,0.31804043,0.90138006,30.678236,0.24980645,-14.903894,-0.8897724,18.95236,0.6650954,-10.311704,-1.3348612,0.01808546,0.7919942,1.109112,0.45441055,6.2598047,0.44884685,5.0703125,2.3175898,16.267958,0.4443041,630.6317,0.40850735,1280.4513,0.1257155,-84.81191,-1.101667,1656.7418,0.13537794,997.2514,0.38528782,-80.73747,-1.0922549,2693.8252,0.11498769,959.6484,0.38876826,-83.911705,-1.0250262,-8.111036,-0.59581697,17.44783,0.35604626,0.05179397,0.40442264,-0.011246852,-0.76777196,0.46569145,0.57831246,33.861816,0.16744386,-21.745653,-0.46363604,18.476692,0.77972263,-15.885698,-0.7946101,-9.398322,16.289553,0.010811655,-0.0036591117,0.081586055,4.142012,1.2195122,0.515,0.445,0.18666665,0.12970051,-23.205719,s,Ses01F_impro03,Ses01F_impro03_F009
19,32.044807,0.15237108,28.364826,31.857573,34.238308,5.8734818,35.048424,22.238647,46.605698,24.197771,0.31850842,0.9549871,0.13185333,0.23021436,0.3496629,0.21780957,0.9177245,0.9001809,2.7958655,3.2250187,0.13884541,1.569878,31.81603,0.2677791,-0.327811,-30.666481,16.448912,0.7799938,-9.526514,-1.9276174,0.02749249,1.7046741,1.2377431,0.56233406,6.5803237,0.45311284,5.0626264,2.0997734,27.568895,0.3372241,617.96484,0.42164078,1399.9689,0.17006308,-94.007744,-0.9834016,1621.1907,0.15729792,1054.771,0.229014,-94.081375,-0.9179513,2701.208,0.11021762,957.0564,0.40939426,-98.694954,-0.8354477,-15.816865,-0.4009557,26.15499,0.25438765,0.036346838,0.6205301,-0.007375731,-2.0464704,0.20518373,1.3011202,34.976685,0.19995241,-1.187347,-9.846599,16.138954,0.946735,-10.989283,-1.9999729,-12.8017645,21.056068,0.009878248,-0.0010487319,0.048987906,1.2244898,2.886598,0.19142856,0.17062311,0.15416667,0.20718181,-28.782825,q,Ses01F_impro03,Ses01F_impro03_M009
20,36.758354,0.13951594,32.81993,35.33454,42.243538,9.423607,84.45973,63.073658,71.5796,126.60124,0.5976197,0.6952375,0.20870128,0.4846619,1.0781457,0.8694445,6.6677947,5.7431126,5.099998,2.6982138,0.29283473,0.9399052,33.08412,0.23314376,-12.451687,-1.037681,8.508656,1.4973587,-17.36222,-1.1798091,0.040484443,1.4577518,1.1435448,0.57081383,6.3092375,0.5821326,5.386118,1.8517532,23.992998,0.4977094,713.60986,0.3224686,1427.8295,0.16421875,-92.684944,-0.990425,1656.3317,0.16382767,1113.235,0.19718401,-90.22794,-0.95248103,2787.7742,0.094116986,881.6494,0.436968,-96.3429,-0.84075177,-11.72003,-0.734783,24.95071,0.335488,0.04668467,0.42616382,-0.009441962,-1.7595131,0.38851646,0.7599007,35.042557,0.20926826,-11.919317,-1.2302978,5.995032,2.344334,-21.730131,-1.0943593,-7.572714,18.2949,0.015691198,-0.00510056,0.15937716,2.1943574,3.1847136,0.17999999,0.18248287,0.15857142,0.17216507,-25.094238,ans,Ses01F_impro03,Ses01F_impro03_F010
21,39.833027,0.19966659,32.21096,38.15247,48.413826,16.202866,95.550644,50.76064,191.07115,104.955414,0.5539803,0.69869745,0.19199903,0.42291114,0.8922159,0.7002169,11.330717,10.081479,5.6675496,3.4035468,0.26532984,0.91211784,30.254824,0.22860868,-15.97093,-0.83137167,12.284408,0.9751695,-9.98607,-0.9536406,0.031634685,0.9986724,1.4559712,0.5910811,5.888422,0.7449402,5.1279945,1.689336,15.742046,0.605069,759.43884,0.3111753,1356.3826,0.17222111,-140.5931,-0.6006183,1718.8877,0.11377328,1043.7548,0.2192733,-134.26921,-0.6217085,2773.501,0.08256265,967.99133,0.3924754,-136.96954,-0.58389145,-8.427194,-0.94211024,19.60639,0.32211614,0.054324172,0.48589525,-0.008669656,-1.0812974,0.4518159,0.5268338,29.417774,0.24581267,-20.56991,-0.8335277,9.635058,1.6544311,-13.826882,-0.7515544,-8.339527,17.701637,0.021745024,-0.005360963,0.15784474,3.202847,3.6363637,0.091,0.085141055,0.20375,0.25084543,-26.300587,c,Ses01F_impro03,Ses01F_impro03_M010
22,39.928177,0.200352,32.69387,39.400864,48.662743,15.968872,59.495502,15.953825,99.66562,33.06206,0.4534606,0.672773,0.20358375,0.38664693,0.6628614,0.45927766,9.508023,9.349702,6.4245734,3.607503,0.22640769,1.0383434,28.200922,0.29434252,-10.635605,-1.2368898,14.546716,0.7351344,-11.109435,-0.7835057,0.025194498,0.8955596,1.3215963,0.62912095,7.412942,0.55106735,9.71267,0.87135196,17.37688,0.5023216,695.0418,0.39354533,1345.433,0.18361826,-132.77464,-0.6455332,1685.7983,0.1267953,1000.34644,0.26362503,-125.4862,-0.6744309,2713.8933,0.08058777,992.9761,0.39288706,-128.03088,-0.63719946,-10.641492,-0.6394891,20.477951,0.29458496,0.054858107,0.49783662,-0.010375304,-0.88874143,0.3783974,0.68858737,28.212023,0.25578517,-14.454878,-1.1370348,14.677975,1.0213244,-13.296593,-0.7312504,-9.458685,18.878815,0.021862464,-0.0036430634,0.13139227,3.773585,3.3816426,0.11285714,0.08762164,0.185,0.17764665,-26.63048,s,Ses01F_impro03,Ses01F_impro03_F011
23,35.818047,0.26896045,25.974785,35.49723,41.65238,15.677597,42.15771,9.517467,23.860352,23.107002,0.39447817,0.9799774,0.18361014,0.26701424,0.43905306,0.25544292,6.071959,4.3722897,-0.03277135,4.2606,0.24322125,1.9375643,31.14982,0.30364582,-5.653245,-2.2625315,9.619528,1.606426,-12.565946,-0.85340863,0.02719817,1.0760162,1.3413723,0.42054218,6.295047,0.52718705,8.595888,1.2607816,26.020775,0.32986358,663.3352,0.34782165,1409.5562,0.17653778,-128.50385,-0.6797325,1661.6611,0.16451526,1153.0476,0.19056314,-117.33982,-0.71885437,2745.7207,0.10040889,993.7647,0.30044988,-121.90612,-0.65318257,-13.3450365,-0.56189656,27.759377,0.23029889,0.029701222,0.74284196,-0.012918815,-1.0161142,0.33346683,1.5984597,35.80429,0.17547475,-5.759498,-2.352914,6.235903,2.964944,-15.684157,-0.80051214,-10.581337,20.678772,0.01520902,-0.0018347518,0.09530325,1.7857144,3.6458335,0.117142856,0.06374375,0.13714285,0.14997278,-24.935078,q,Ses01F_impro03,Ses01F_impro03_M011
24,42.845215,0.20591204,32.45385,40.566788,51.43619,18.982342,28.383514,3.192657,116.13934,0.0,0.5007807,1.0121902,0.12404241,0.2698431,0.8787749,0.7547325,4.8748317,3.6842175,5.8549905,3.8116555,0.3580217,1.6443019,31.495916,0.22196054,-12.093978,-0.9482461,5.850773,2.9470785,-14.717239,-0.76025885,0.021902163,0.81754375,1.2601197,0.35440823,7.3465676,0.39249507,11.542463,0.97231877,27.813389,0.3890882,739.58386,0.34089616,1321.4625,0.19747029,-153.11986,-0.51262665,1684.3193,0.13212463,1179.4365,0.2520033,-134.96526,-0.6228333,2751.0264,0.07990373,979.5779,0.37138006,-138.66231,-0.5739044,-8.64305,-0.80813193,26.187729,0.38227248,0.04119873,0.59571356,-0.015356922,-0.8564442,0.65812933,1.0447589,34.646084,0.1903734,-16.044806,-0.81582135,-2.1396034,-10.981379,-20.289097,-0.7152222,-10.141094,21.104044,0.014645273,-0.003142149,0.20327984,1.7621145,2.2522523,0.14999999,0.049396355,0.22666666,0.29741478,-22.672642,ag,Ses01F_impro03,Ses01F_impro03_F012
25,33.95517,0.15433405,30.40784,32.59149,38.048546,7.640705,31.234306,3.932411,68.106415,26.538458,0.30292842,0.5398215,0.13620292,0.26773822,0.47726992,0.34106702,2.342214,1.2018903,1.9499285,1.0791491,0.11605891,0.8845384,28.21685,0.30661988,-6.424256,-1.7914975,16.550613,0.50982666,-6.214244,-1.6482483,0.027562125,0.66418296,1.3390632,0.38289526,5.436438,0.46118218,4.2703996,2.564518,20.842926,0.4863112,588.4084,0.37005734,1468.9912,0.22143222,-137.68463,-0.6304014,1617.3958,0.12848628,1101.7252,0.25027317,-131.3174,-0.63118654,2652.277,0.08994105,1005.4061,0.2368831,-132.62517,-0.61441547,-15.167323,-0.26031816,23.9158,0.2406691,0.04289139,0.4643402,-0.012496619,-0.85508674,0.18636426,0.5249532,34.83968,0.16993025,-4.0929203,-1.7224177,18.334122,0.5954711,-8.905999,-1.2929465,-8.17189,16.891144,0.012335968,0.0017320709,0.07376289,3.3333335,2.5974026,0.14,0.09929753,0.20363635,0.30514595,-32.591564,q,Ses01F_impro03,Ses01F_impro03_M012
26,39.592266,0.14259288,35.98945,37.93082,43.465027,7.4755783,75.90113,29.804693,47.82941,43.210197,0.7325299,0.73413974,0.29179922,0.605885,0.99244165,0.70064247,15.287983,10.666364,8.323087,6.0256324,0.3583622,1.1084605,20.70964,0.49163088,-16.844149,-0.7616786,15.186948,0.7942074,-13.160269,-1.2156438,0.04583501,1.2336998,1.4103787,0.52111435,6.0602326,0.55729145,5.4557834,1.5239149,17.135584,0.3965049,704.1444,0.39423445,1325.4354,0.198759,-135.81856,-0.6349643,1681.3397,0.1266392,1010.88696,0.25338092,-124.508255,-0.6942989,2727.4119,0.07956445,950.25885,0.3237288,-127.10498,-0.6576177,-9.22715,-0.7641565,19.080534,0.42553347,0.055816382,0.41673943,-0.015570292,-0.7625441,0.52982706,0.86889946,27.246948,0.30182084,-18.845438,-0.78946203,14.777126,1.066618,-22.959486,-0.5867101,-2.0003924,12.502861,0.022913245,0.003488551,0.24564849,3.3203125,2.95858,0.12933333,0.0964342,0.19999999,0.18932208,-23.528234,ans,Ses01F_impro03,Ses01F_impro03_F013
27,39.193672,0.17254008,34.068245,37.21457,44.820953,10.752708,86.088165,40.841293,188.44896,116.22145,1.0781717,0.5863966,0.5789381,0.90126264,1.6153781,1.03644,12.13773,9.198717,8.6724825,5.214221,0.5931654,0.91828644,23.58175,0.3174969,-17.05177,-0.58387715,12.483366,1.0490266,-15.083213,-0.6892454,0.083378635,2.179965,1.5062778,0.5237584,4.097379,0.94660175,4.1458645,2.1408715,16.277208,0.5267636,787.8126,0.32402775,1286.9698,0.22331972,-120.267494,-0.7414716,1761.6348,0.14340791,1045.7347,0.23454085,-104.747345,-0.84191066,2779.6077,0.100142725,962.974,0.2762776,-107.86367,-0.79158896,-7.4568343,-0.62059075,16.539553,0.34984285,0.056681458,0.3503297,-0.01664359,-0.637791,0.72115046,0.82638234,25.550644,0.29760176,-16.631283,-0.68658376,11.7923155,1.2525575,-17.170774,-0.59880686,-4.1605225,12.999646,0.037036285,-0.008810582,0.4277465,3.23741,3.3088236,0.14555556,0.122484565,0.17285715,0.16289473,-19.751408,o,Ses01F_impro03,Ses01F_impro03_M013
28,39.56898,0.16572763,33.402637,37.410347,47.27193,13.869293,130.77956,86.66353,170.79489,160.02248,0.6422822,0.80866647,0.24418357,0.49720588,0.9578941,0.71371055,10.138686,6.918241,8.427593,6.1872025,0.33727586,1.2104638,27.225342,0.30655384,-10.773605,-1.2366786,15.400544,0.8134083,-11.239127,-0.9373512,0.03572723,1.4323814,1.2055637,0.61972,7.6194863,0.51741904,7.7009125,1.2672604,18.395752,0.5418719,730.25287,0.42421606,1323.2755,0.2602026,-117.812744,-0.76048756,1735.3801,0.1588546,1034.443,0.3056862,-107.42858,-0.8096859,2770.0464,0.12336511,1023.4842,0.37224177,-111.00023,-0.7545807,-11.553337,-0.5592196,20.252394,0.4128327,0.05305496,0.59290415,-0.012510695,-1.0126469,0.48423547,1.0046074,30.36082,0.23788238,-14.391634,-1.0478183,15.883678,0.8368566,-11.154875,-1.0969884,-7.7733727,16.257845,0.020764925,-0.005317542,0.19185814,2.7923212,2.8169014,0.171875,0.13403445,0.19692308,0.2062256,-23.145853,o,Ses01F_impro03,Ses01F_impro03_F014
29,36.591198,0.20204186,30.823513,34.366936,42.65531,11.831799,146.40681,66.32104,83.772,57.83951,0.6882674,0.9449242,0.1873359,0.38824463,1.1755445,0.9882086,15.41508,12.041146,10.012496,6.4012513,0.38373515,1.3159044,26.437344,0.28656897,-9.983525,-0.9954667,12.189799,0.87463415,-15.181507,-0.68219334,0.03856465,0.81651515,1.6103013,0.58642894,5.003389,0.6707383,4.443281,2.0145307,16.559845,0.62866277,696.45935,0.4530835,1363.8411,0.17649856,-151.27364,-0.5125799,1688.0204,0.17078699,1063.69,0.23424804,-143.48631,-0.55186045,2748.6094,0.13647804,1048.6344,0.2789543,-145.67802,-0.52316356,-11.545267,-0.46160263,19.430792,0.33510408,0.0453546,0.5790321,-0.01668489,-0.76781297,0.49554253,1.0701386,28.799097,0.2397902,-12.671367,-0.94742227,15.267933,0.8899175,-15.767285,-0.7568978,-7.81834,17.885637,0.024725832,-0.009822695,0.32432678,2.5210085,4.2735043,0.061999995,0.04069398,0.16357143,0.14528823,-22.017216,q,Ses01F_impro03,Ses01F_impro03_M014
30,36.369972,0.14364989,31.42164,36.178097,39.64569,8.2240505,69.85897,28.49266,38.21357,23.114323,0.78927636,0.75858927,0.28507027,0.5910803,1.2274786,0.9424083,15.008964,11.830011,7.9406548,5.908995,0.43788803,1.0606514,27.351297,0.2818369,-12.013718,-0.85580844,16.124207,0.64165574,-15.339711,-0.7691106,0.029549109,0.93507975,1.3734944,0.57591945,6.052418,0.5589038,3.9948478,2.2870228,15.893839,0.55290866,686.57275,0.37154752,1367.9304,0.20179746,-126.51777,-0.67891735,1687.4508,0.1351369,1026.4817,0.20896688,-120.491455,-0.7064685,2744.0283,0.09937924,1037.5278,0.31823537,-122.93408,-0.6727362,-11.436517,-0.47405687,19.503412,0.36564055,0.042790554,0.5031001,-0.01763373,-0.59313864,0.47118294,0.87647516,29.665174,0.23009148,-14.790068,-0.7933545,17.939493,0.65716887,-18.28713,-0.6737405,-8.491065,17.895077,0.03494702,-0.010480789,0.420713,3.0701754,3.7694016,0.106470585,0.16294862,0.13055556,0.07106118,-21.613579,ans,Ses01F_impro03,Ses01F_impro03_F015
31,34.013493,0.08680899,31.743347,34.766754,36.267086,4.523739,137.96034,135.57623,75.98963,88.81713,0.5046778,0.5790247,0.25407177,0.4079511,0.747805,0.49373323,5.634197,3.3330483,3.118839,1.5256307,0.20842649,0.76446825,27.9262,0.26580122,-4.340239,-3.0129254,24.274992,0.37261587,-8.386682,-1.4599966,0.035083853,1.0979594,1.1454742,0.7262055,6.5416346,0.48378736,8.900743,1.2486663,17.495998,0.510119,551.3548,0.4084043,1294.0934,0.17605978,-92.634445,-0.97486407,1634.1012,0.13827817,957.35535,0.31331015,-86.200226,-0.964493,2656.273,0.08618217,1015.58325,0.34792644,-88.671295,-0.9146001,-12.983943,-0.38099283,21.638325,0.27040488,0.034327757,0.66639304,-0.016040483,-0.7736407,0.25644034,0.6603444,30.574898,0.20515622,-9.172585,-1.5424349,25.602879,0.34612522,-12.426433,-1.0244198,-13.7798195,22.080145,0.015274916,-0.0013106792,0.13748127,4.1474657,4.2654033,0.13666667,0.11035297,0.114999995,0.052519836,-27.38359,s,Ses01F_impro03,Ses01F_impro03_M015
32,33.69807,0.095553525,31.798056,33.970924,36.2713,4.4732456,127.692055,84.94442,77.60487,54.98744,0.3920137,0.6457464,0.15864721,0.33425504,0.6038158,0.44516858,4.683445,2.541998,3.0665512,1.7934716,0.14698605,0.9745393,25.118181,0.33964592,-0.9172704,-11.636286,21.772102,0.4259751,-7.2066073,-1.2774107,0.036519293,1.3008645,1.2531338,0.5735025,5.925101,0.5379147,10.29053,0.9391142,19.678774,0.35286334,511.1324,0.32406777,1276.8229,0.18094972,-115.209114,-0.7911906,1593.598,0.12258184,902.7938,0.21499519,-108.463585,-0.80218995,2610.8596,0.058724735,945.89233,0.28508714,-110.95381,-0.76093644,-12.970064,-0.2632502,21.379618,0.18415377,0.03460548,0.6339643,-0.018538512,-0.6123679,0.21389984,0.7368737,29.59666,0.2626758,-5.240639,-2.4285674,24.143122,0.40233847,-9.499861,-1.1274514,-12.046991,20.287027,0.0039856196,-0.0011558139,0.08789965,2.4509804,3.517588,0.13285714,0.113101006,0.15166667,0.14287718,-29.27916,s,Ses01F_impro03,Ses01F_impro03_F016
33,30.498508,0.09565578,26.01538,31.416813,33.107735,7.092354,8.33529,1.8515507,36.598495,17.69741,0.22656754,0.475004,0.12812507,0.183814,0.32150578,0.19338071,1.1599393,0.60995305,1.8714774,0.76048404,0.067914955,0.72390217,26.633099,0.38274065,-0.94613826,-7.4722176,12.823908,0.68293166,-9.289966,-0.923078,0.017792927,0.6099519,1.3566672,0.43907592,5.2821097,0.45983586,2.5668702,3.2962167,26.755613,0.22036195,611.5055,0.29875514,1417.8579,0.13963072,-140.46602,-0.6074454,1613.54,0.12675177,1139.0166,0.2820138,-140.05951,-0.5863061,2652.5132,0.10287085,995.55475,0.26427177,-143.0564,-0.5460446,-14.745034,-0.23668292,25.001202,0.14260189,0.03051838,0.60262424,-0.012677908,-0.98619884,0.11411375,0.39905322,36.219246,0.16660197,-2.5864973,-2.6644218,13.254088,0.8837392,-8.728461,-1.1391582,-10.133707,18.41206,0.0050242217,-0.0017825752,0.04677927,3.9106145,2.2988505,0.13499999,0.074330345,0.222,0.15131423,-37.416546,q,Ses01F_impro03,Ses01F_impro03_M016
34,36.5955,0.138746,32.82604,37.179985,41.243614,8.417576,124.92907,63.203438,41.617878,0.0,0.33744916,0.8866777,0.122553214,0.22608022,0.44872624,0.326173,7.120264,3.9896052,1.8537698,1.6335685,0.107613795,1.0145605,29.871576,0.29117003,-7.4883447,-1.731124,12.02924,0.9600386,-12.823549,-0.7626435,0.024048625,1.7339345,1.0783539,0.6199513,7.9193935,0.5883219,7.0072136,1.1663042,20.467215,0.3354065,659.4202,0.34886077,1430.7877,0.16005683,-123.12831,-0.7339449,1657.7224,0.13371338,1025.9028,0.17503989,-119.13742,-0.741397,2800.2937,0.10689861,1040.2046,0.4060963,-124.53328,-0.6596377,-11.517387,-0.58771276,25.095858,0.270199,0.02552126,0.5634001,-0.01016496,-0.75112784,0.16205159,0.68076074,34.531586,0.16961184,-14.02012,-0.92981905,9.621257,1.3570758,-16.631699,-0.59688807,-11.681182,20.70157,0.00412863,-0.0042690923,0.06815603,1.6835017,3.082192,0.13222222,0.13464174,0.17222221,0.17554852,-31.277016,ans,Ses01F_impro03,Ses01F_impro03_F017
35,33.028275,0.17905973,29.446136,32.36937,37.54082,8.094685,72.03561,92.63256,89.353516,19.596157,0.34150326,0.84085816,0.10631581,0.2636957,0.51172435,0.40540856,4.221988,3.1538417,2.5063365,2.0658886,0.14383769,1.0920876,29.267658,0.27113247,-3.276782,-3.2606094,14.732231,0.94447994,-7.9180865,-1.489879,0.039336853,1.1398562,1.4081995,0.54120183,4.863971,0.49370205,0.47395864,61.009426,17.880438,1.5487623,550.806,0.42492494,1322.4103,0.15894012,-141.809,-0.59022397,1614.0477,0.15624341,966.14105,0.20431396,-139.88817,-0.57338387,2680.9417,0.10505012,1025.9071,0.3293803,-142.35693,-0.5417138,-12.210325,-0.4647593,22.67408,0.26410097,0.030652136,0.7710643,-0.014685659,-0.9008414,0.23676737,0.87718093,34.1576,0.12685144,-8.651331,-1.4078643,18.800728,1.0331082,-9.74211,-1.5723145,-12.30667,21.750912,0.012632908,-0.0033436497,0.102634326,2.264151,3.8610039,0.076,0.05444263,0.17999999,0.15648925,-30.427351,q,Ses01F_impro03,Ses01F_impro03_M017
36,33.19881,0.17197031,31.708284,32.42436,37.546455,5.838171,70.86692,92.819496,89.14062,19.594093,0.32015398,0.879493,0.10002499,0.23308206,0.4773791,0.37735412,3.9722114,2.7812603,2.9921343,2.1295967,0.13426355,1.1512944,29.04933,0.26451224,-2.8712363,-3.6191776,14.846061,0.8968654,-7.5553164,-1.495421,0.037928067,1.0832365,1.5924866,0.47732198,4.8335123,0.4937934,2.2825353,8.452535,19.326756,0.8915205,548.47626,0.40975437,1339.6671,0.13082087,-149.40465,-0.5363204,1605.9146,0.13871941,1035.3909,0.3157533,-145.10205,-0.53832847,2655.6614,0.09023178,1065.6929,0.31536058,-147.20505,-0.5126944,-12.266697,-0.4566313,22.43208,0.27545053,0.028609162,0.82104146,-0.01481316,-0.9178353,0.23702076,0.84423506,34.106762,0.13255852,-8.436812,-1.468905,19.27065,0.98306906,-9.370838,-1.6307693,-12.564532,22.044592,0.008120958,-0.003043387,0.093380265,2.0618558,3.4965036,0.077,0.055686627,0.187,0.17866449,-30.829105,ans,Ses01F_impro03,Ses01F_impro03_F018
37,33.021084,0.04631147,31.995022,32.29948,33.785656,1.7906342,9.4242735,0.0,24.489294,0.0,0.15990846,0.5838916,0.09449297,0.11349264,0.19385985,0.09936687,1.7149388,1.3340925,0.276544,1.1841334,0.043158602,0.61022216,30.818901,0.20515649,-0.7518061,-6.2401123,14.706049,0.47237557,-5.9541507,-1.3804188,0.013404509,1.0325655,1.3448287,0.86055213,8.739209,0.19897874,1.8805556,3.155262,18.458786,0.15491576,711.29315,0.18513595,1480.5553,0.24994075,-167.31755,-0.4172821,1690.2578,0.046542626,898.6113,0.10997854,-168.41666,-0.40172735,2835.162,0.02163037,794.8536,0.20411777,-170.62807,-0.36890605,-16.069023,-0.23277827,26.345184,0.28546652,0.00018227864,98.26987,-0.019167984,-0.5075638,0.084792644,0.24338813,34.050728,0.1993185,-1.6017995,-5.2566257,20.042246,0.50188434,0.61870474,11.17492,-13.280473,23.176397,-0.0057103545,-0.0022343497,0.034493595,2.1126761,0.729927,0.24,0.0,0.55,0.48999998,-39.43532,a,Ses01F_impro03,Ses01F_impro03_M018
38,32.898308,0.04177531,31.985714,32.298946,33.46093,1.4752159,7.8481674,0.0,24.084007,0.0,0.16220899,0.57067084,0.096595466,0.11745005,0.19429193,0.09769647,1.5195392,1.2203257,1.0185553,0.798962,0.045718573,0.6394529,31.12614,0.20227714,-0.30806485,-15.5723,14.425544,0.50031644,-6.206767,-1.2754498,0.020203086,1.1940389,1.280508,0.8552892,8.825986,0.19535461,1.7357167,3.570104,17.915987,0.1343144,668.85474,0.2050855,1378.2195,0.21717207,-169.20526,-0.40580747,1688.2593,0.030654157,909.67706,0.23299399,-169.58742,-0.39248592,2790.1277,0.046342857,837.04535,0.17110927,-171.50598,-0.3635452,-16.332775,-0.21500976,26.73641,0.26735592,0.0011892506,14.458749,-0.019134695,-0.4749474,0.08703399,0.31672087,34.67352,0.18012156,-1.8236798,-4.759426,20.65119,0.47719195,-0.07461953,-81.26158,-13.618246,23.935377,-0.0072413445,-0.0027371636,0.037872136,2.1276596,0.7352941,0.22999999,0.0,0.55,0.06,-39.380424,ag,Ses01F_impro03,Ses01F_impro03_F019
39,28.97937,0.18978223,24.17452,28.435314,32.113834,7.939314,82.50179,58.10398,87.54281,82.18114,0.26957735,0.8298603,0.13069314,0.18670884,0.31718376,0.18649063,4.998222,3.6063643,2.0239685,1.455648,0.09628121,1.568136,29.426928,0.3061992,-2.4724352,-3.9377227,15.387925,0.845379,-11.990237,-1.0916685,0.017378896,1.3112266,1.3519492,0.6205703,4.1043806,0.60465515,2.1215796,3.3027935,22.94133,0.326088,599.92456,0.3444698,1336.3408,0.12662955,-129.65385,-0.7044138,1601.5056,0.13487522,1044.0568,0.2203198,-131.44339,-0.65510076,2665.6914,0.09905216,905.82764,0.39953083,-134.7283,-0.60821587,-12.735181,-0.44017252,23.506977,0.2118477,0.0229942,0.7727994,-0.009425696,-1.4886979,0.13271181,1.1874788,34.059956,0.18835685,-4.78297,-2.3729198,14.524787,1.0438433,-15.483351,-1.0876186,-10.886186,20.315975,0.004419233,-0.00011417141,0.071970254,1.6736403,2.5369978,0.13666667,0.15638271,0.21846153,0.23097938,-33.316185,s,Ses01F_impro03,Ses01F_impro03_M019
40,35.864075,0.16641563,30.89883,32.700294,39.884148,8.985317,59.95207,38.140636,120.622635,94.81708,0.38613886,0.8109182,0.10835896,0.25210607,0.7085422,0.60018325,3.327612,2.7749166,2.6619601,1.6928267,0.18824886,1.2380034,28.894903,0.31563434,-5.204632,-2.087265,7.358927,1.9940575,-22.785765,-0.76596564,0.040516455,0.87676966,1.296957,0.4659207,3.099502,0.6820336,1.9550385,3.6298912,21.03162,0.34052593,643.0268,0.3765075,1286.7058,0.10841955,-133.28212,-0.65840834,1518.7643,0.1488046,1035.9384,0.24904196,-131.56445,-0.6485968,2747.8142,0.09213266,594.5067,0.34890246,-136.02644,-0.5854358,-7.4390163,-0.46428195,21.700064,0.20575368,0.029066296,0.6682741,-0.008191612,-1.7523669,0.253773,0.7920464,29.39619,0.30116263,-9.394219,-1.4175798,3.3275342,4.7482653,-33.838062,-0.46638435,-10.542422,21.604362,0.011443534,-0.0019877474,0.16194537,2.189781,3.787879,0.086,0.022449944,0.154,0.12690154,-29.544716,b,Ses01F_impro03,Ses01F_impro03_F020
41,34.879276,0.13237217,31.796612,33.208954,37.378952,5.5823402,125.225525,209.50452,34.921333,19.967915,0.46616447,0.6478534,0.21346556,0.39244235,0.69751775,0.48405218,5.9209533,3.3259127,4.929156,3.3433847,0.19161463,0.87143517,28.531878,0.31341466,-4.0824757,-2.6866057,21.89595,0.5494309,-9.330304,-1.238713,0.02427165,1.0469298,1.2787606,0.663899,7.520317,0.42367357,7.6032047,1.056628,19.680649,0.53283453,669.2913,0.3582975,1352.8738,0.17402317,-101.01405,-0.8960326,1716.5367,0.12072978,1019.9889,0.332667,-98.94651,-0.85563934,2735.871,0.10282483,1034.0188,0.41233906,-101.185036,-0.816921,-12.941039,-0.43822694,20.768454,0.35081798,0.039260507,0.7158341,-0.0147972945,-0.87850577,0.25282022,0.7016797,30.842941,0.2616721,-6.727221,-1.7130812,21.131878,0.6468016,-11.019461,-1.0972949,-11.755948,19.862934,0.01823011,-0.0054725227,0.11679825,4.0366974,3.1539888,0.16941176,0.10360959,0.13499999,0.15744045,-26.595943,s,Ses01F_impro03,Ses01F_impro03_F021
42,29.2225,0.16918814,24.588339,27.885445,32.745785,8.157446,255.63791,196.50232,107.96544,121.73785,0.25431263,0.47557822,0.15774944,0.22400974,0.33697763,0.17922819,2.4021025,1.2988886,2.2829375,1.5747386,0.086783424,0.7766319,30.143808,0.21924253,-0.23543136,-38.131054,23.362604,0.44337747,-5.029159,-1.8406225,0.027005302,1.7870357,1.3071647,0.55096513,5.6026196,0.5357559,3.0408888,2.8493717,19.55303,0.45807675,611.38434,0.40021616,1320.6339,0.14071289,-119.713196,-0.76334053,1675.8572,0.1401674,1022.14575,0.29537517,-121.7933,-0.6932542,2685.7112,0.12117381,1029.229,0.37576348,-122.40336,-0.6848619,-16.035282,-0.33652693,23.33937,0.3215593,0.020780288,1.1916419,-0.0105715105,-1.1265769,0.09899026,0.7234892,32.166367,0.15699646,-0.12991253,-80.31719,26.903494,0.4121976,-4.0545964,-2.769729,-13.209473,20.989988,0.012931232,-0.00367283,0.07845502,3.904555,3.0701754,0.13357142,0.111265905,0.17214285,0.18111473,-35.530083,o,Ses01F_impro03,Ses01F_impro03_M020
43,29.783716,0.17779192,24.574179,31.420912,32.395645,7.8214664,237.99771,112.85118,138.72353,126.90348,0.20182905,0.5534674,0.11050205,0.17425375,0.24723023,0.13672818,2.1688173,1.0768822,2.310168,1.5859311,0.073227644,0.91498977,29.803478,0.2079405,1.2144252,7.6366215,19.868584,0.45810613,-3.8323352,-2.6233883,0.059063394,1.5638988,1.3764657,0.4691763,6.4142675,0.5492989,1.3677278,4.7166877,21.827229,0.44731972,793.83575,0.43030033,1394.2626,0.15086679,-151.69398,-0.5054048,1810.6609,0.17355208,1103.569,0.18845181,-150.89389,-0.49121124,2914.551,0.13818061,1092.7871,0.25504214,-152.69292,-0.46787238,-19.41088,-0.3279155,29.038853,0.27956727,0.0069391285,4.455162,0.00074285973,8.8568125,0.084299214,0.76855516,29.976423,0.1516752,7.464797,1.441905,25.341051,0.36009967,4.1979737,2.8897471,-13.577682,21.842134,0.008934085,-0.003181533,0.06684492,3.125,3.211009,0.078571424,0.099488474,0.21285714,0.14488561,-36.655823,b,Ses01F_impro03,Ses01F_impro03_F022
44,29.74153,0.10859821,27.551208,31.515831,32.38661,4.8353996,8.75861,55.993446,24.10782,2.4585342,0.18539678,0.50726336,0.111772515,0.15331458,0.26320377,0.15143126,1.5380409,1.462983,1.4809095,0.8965397,0.05876234,0.6857387,29.12278,0.262028,0.62479204,12.781535,19.490967,0.31527472,-5.6022525,-1.1151822,0.026083143,0.6406102,1.6018848,0.6503476,4.3627324,0.4596599,-0.4990631,-15.316941,21.109697,0.29039967,531.283,0.43300796,1446.7891,0.1433664,-181.31084,-0.30383497,1503.4419,0.15483959,1211.1317,0.2930413,-181.25668,-0.29270023,2523.8547,0.114933714,1035.427,0.16554604,-181.71208,-0.2846315,-14.954442,-0.18366897,24.275318,0.17838094,0.022153368,1.1547748,-0.008420022,-1.0422632,0.07829682,0.49987575,34.173267,0.16554993,-1.6822321,-4.9996037,17.929327,0.35812828,-8.060757,-0.5528288,-13.665218,22.111113,0.004847093,-0.0021104226,0.057189766,2.2471912,1.5267177,0.06,0.018708287,0.45799997,0.35504368,-40.36243,o,Ses01F_impro03,Ses01F_impro03_M021
45,0.0,0.0,0.0,0.0,0.0,0.0,0.0,0.0,0.0,0.0,0.16201888,0.30808797,0.11662798,0.15995301,0.19402498,0.077397004,1.2973806,0.9604241,1.6952008,1.299151,0.052604545,0.5521599,29.797163,0.23460074,1.9777621,2.4318252,19.444633,0.31205168,-4.6302176,-1.3977691,0.0,0.0,0.0,0.0,0.0,0.0,0.0,0.0,0.0,0.0,0.0,0.0,0.0,0.0,-201.0,0.0,0.0,0.0,0.0,0.0,-201.0,0.0,0.0,0.0,0.0,0.0,-201.0,0.0,0.0,0.0,0.0,0.0,0.0,0.0,0.0,0.0,0.0,0.0,0.0,0.0,0.0,0.0,0.0,0.0,0.0,0.0,-14.59952,22.940186,0.0017219438,-0.004328289,0.05432835,2.4096386,0.0,0.0,0.0,0.77,0.0,-42.805122,ag,Ses01F_impro03,Ses01F_impro03_F023
46,39.164146,0.09368164,36.395233,38.33181,41.852207,5.456974,123.93141,181.99532,38.203514,35.653057,0.3794531,0.73077726,0.13890506,0.29221067,0.6217393,0.48283428,5.685951,3.7472122,4.454025,2.4956603,0.14362015,0.9958262,26.439035,0.3288498,-7.4889307,-1.6151675,15.059832,0.83795565,-11.457198,-0.96251565,0.024852501,1.4414052,1.264598,0.6754223,8.384603,0.35992804,7.944494,1.140985,18.750174,0.5458005,634.8747,0.37826297,1363.5245,0.16565168,-138.23434,-0.6244657,1665.9125,0.14130268,1079.7737,0.27033493,-123.45018,-0.70458996,2679.0063,0.12308093,1038.2361,0.2921054,-125.66437,-0.6722475,-12.207612,-0.5566682,21.678217,0.4520644,0.03920951,0.5374694,-0.012387821,-1.0058132,0.2419169,0.6377765,31.877914,0.23474059,-13.088822,-1.227596,13.600435,1.2217036,-15.747698,-0.7603952,-9.902294,18.375065,0.0070606293,-0.0003573567,0.07259629,2.9612758,1.8433181,0.2225,0.20680606,0.26555556,0.24617569,-30.066545,s,Ses01F_impro03,Ses01F_impro03_F024
47,39.711708,0.099699914,38.135017,39.3469,41.11544,2.980423,166.31923,206.77051,115.58934,7.068638,0.36033878,0.59895664,0.15491551,0.29303104,0.58675253,0.43183702,4.872716,2.0180728,1.8086271,0.81927717,0.118004344,0.7424928,22.566936,0.3388528,-3.9207225,-2.3938577,18.420853,0.65370035,-9.623115,-1.0130304,0.043555956,1.5251104,1.1848756,0.49337724,8.095006,0.24109496,7.1343,1.0815107,8.708328,0.9350706,657.75446,0.4119126,1356.8597,0.1727877,-171.6696,-0.35720715,1766.3632,0.14515911,912.1105,0.17032325,-154.77858,-0.47197932,2706.545,0.1302717,1089.1604,0.20719801,-153.70229,-0.48935378,-12.439757,-0.5420618,17.59622,0.5986862,0.040329523,0.41054642,-0.016329931,-0.70378107,0.18812357,0.35723805,29.908134,0.19523178,-7.826889,-2.0286992,22.776506,0.5748456,-11.334131,-0.6810314,-8.976489,17.1766,0.01050259,0.00030501443,0.0903313,1.8181819,2.5316458,0.095,0.06946222,0.28,0.20603397,-32.53073,a,Ses01F_impro03,Ses01F_impro03_M022
48,40.298008,0.12867382,36.425095,38.523975,45.381172,8.956078,183.61005,137.36656,85.226295,46.847404,0.46705785,0.6789206,0.17718498,0.36627036,0.71447206,0.53728706,6.8227854,4.5540967,4.229132,3.8044024,0.1824302,0.94928634,21.817947,0.3756983,-11.616238,-0.8100665,14.66903,0.8651697,-10.266126,-1.1945851,0.046303477,1.5686946,1.7121303,0.4604687,5.3905993,0.65196866,4.5695734,3.112356,13.944431,0.6714664,770.13855,0.3977379,1289.6409,0.23833717,-151.4317,-0.518696,1740.2288,0.16165954,1044.1161,0.22226074,-140.53496,-0.5867137,2759.69,0.10232123,1087.3036,0.28730467,-142.74171,-0.5564423,-9.1341095,-0.68677294,18.536283,0.35554194,0.04693821,0.49413162,-0.009642361,-1.0537984,0.31683996,0.55619866,25.068521,0.32540792,-16.162054,-0.6313651,13.0593,1.2863139,-17.368664,-0.6547631,-6.6343675,15.3462105,0.016410792,0.0015448068,0.1216498,3.5326087,3.0303032,0.09636364,0.08997703,0.195,0.2237372,-29.079079,s,Ses01F_impro03,Ses01F_impro03_M023
49,35.81732,0.14174001,31.470043,35.263092,39.823593,8.35355,261.07016,232.80182,64.02987,53.260685,0.6108414,0.59076923,0.28502107,0.5037818,0.94894886,0.6639278,9.101691,5.1366878,5.6819572,3.387398,0.23996705,0.73841214,24.431784,0.35286653,-10.093786,-1.0238558,24.770538,0.47388986,-8.153745,-1.6492705,0.03548523,1.6454402,1.1333258,0.5877631,6.9698334,0.49599698,9.164218,1.2148446,13.141204,0.6374446,660.4914,0.4221347,1271.9307,0.22196826,-104.69393,-0.8632048,1699.7235,0.12736185,906.75977,0.25713876,-95.82258,-0.90888256,2716.541,0.09872581,1081.3202,0.39613867,-96.59607,-0.8988894,-10.85076,-0.53149426,17.413345,0.44045645,0.042259637,0.56545764,-0.018501326,-0.73264545,0.3169139,0.568706,27.503578,0.25352255,-12.720057,-0.9014543,26.760859,0.5046753,-14.703551,-0.85321474,-7.4752007,15.258219,0.018729327,-0.00088724366,0.14335047,4.336735,2.5839794,0.212,0.16479078,0.155,0.20665187,-25.829569,s,Ses01F_impro03,Ses01F_impro03_F025
50,45.966934,0.10755348,40.976143,45.36793,49.279724,8.303581,75.653824,54.25461,168.9831,158.9266,0.46415025,0.8342218,0.13091491,0.3158431,0.78216964,0.6512547,9.474728,6.493912,6.3678117,2.503328,0.21595322,1.1487682,21.43713,0.3499677,-11.607628,-0.7698419,15.870854,0.40098232,-10.557617,-0.7654177,0.036302578,0.7702509,2.288321,0.6052851,6.77678,0.46192923,5.5991344,2.2551587,10.080898,0.5009898,922.9073,0.18325016,1310.6539,0.18159986,-162.75145,-0.4290768,1832.5012,0.07182651,1077.8778,0.30255133,-154.94229,-0.47931483,2801.7297,0.05709595,983.3334,0.30098176,-156.98853,-0.45168933,-5.518211,-1.2997767,10.700012,0.66549605,0.042482466,0.72011554,-0.0096495515,-1.0314974,0.41291285,0.6343612,20.383818,0.3453376,-19.537344,-0.41061643,12.633015,0.49543,-13.302432,-0.78078204,-7.6020784,13.784872,0.021239717,-0.002891904,0.16051213,3.1674209,3.240741,0.065714285,0.036196742,0.22,0.27902892,-27.973852,o,Ses01F_impro03,Ses01F_impro03_M024
51,37.62837,0.17961845,31.55687,35.135796,41.436005,9.879135,127.487434,60.909805,68.164406,35.151306,0.47170663,0.74359226,0.15270206,0.3688423,0.76942116,0.6167191,7.5274587,4.759654,5.152971,2.8430464,0.1889384,1.0478098,21.789928,0.49647275,-7.223041,-1.3952886,23.235909,0.53032804,-8.464014,-1.0717425,0.020044703,1.3559372,1.238238,0.8787513,7.9579134,0.41546938,9.4043,1.1853461,12.536185,0.7280645,607.87445,0.4435399,1308.8544,0.16659686,-154.822,-0.50497305,1679.4875,0.0987671,873.98615,0.47674716,-145.35143,-0.547673,2663.237,0.07980855,998.89484,0.26709488,-144.48419,-0.5614667,-8.686859,-0.81044424,12.545726,0.6364406,0.04487023,0.5546364,-0.016814291,-0.7885885,0.33412677,0.5956698,24.598883,0.39525017,-9.820658,-0.99741465,30.343065,0.5129611,-11.599331,-0.8758701,-7.2999806,13.228485,0.016473006,-0.00421569,0.12698828,3.8333333,2.3529413,0.12,0.11148351,0.28357142,0.31730127,-26.545977,s,Ses01F_impro03,Ses01F_impro03_F026
52,26.347061,0.111868225,24.344793,25.952337,27.280556,2.9357624,242.99428,0.0,-0.14658785,8.429387,0.30782366,0.57074875,0.14590645,0.28639492,0.41417605,0.2682696,3.326432,1.9418052,2.8857532,1.9211491,0.09672655,0.78598255,22.850395,0.40920275,-2.3221107,-4.78683,17.298422,0.47502613,-3.1569722,-2.5324364,0.023062121,0.6994672,1.2256165,0.64631957,4.929582,0.32909647,4.0532594,1.6582838,27.937532,0.19950369,677.92847,0.4383757,1269.2361,0.15134022,-164.27058,-0.43619126,1721.034,0.17930576,1018.8099,0.2038002,-165.08742,-0.41590938,2744.6367,0.13524611,1067.604,0.38720793,-166.04015,-0.40211165,-14.150596,-0.2839982,23.47799,0.2217703,0.025059992,0.7513647,-0.00082966354,-13.209083,0.13224892,0.5895196,29.622986,0.3285742,1.9294997,5.2227244,21.644243,0.3561185,1.158126,7.661512,-8.195039,17.13264,0.0020327999,0.003495004,0.087500714,3.4220533,2.3346305,0.07333333,0.050552495,0.33499998,0.28341666,-35.233627,s,Ses01M_impro03,Ses01M_impro03_M000
53,34.23453,0.01694259,33.581875,34.22448,34.80416,1.2222862,1.0789871,0.0,10.281013,0.0,0.21138526,0.68322587,0.1209171,0.14599097,0.24483304,0.12391594,1.3153378,0.90602654,1.0251889,0.43701422,0.049659453,0.78473747,24.067999,0.1726171,-6.3301125,-0.92064995,14.306598,0.3766206,-8.83515,-0.80738294,0.012627291,1.2571799,1.0262113,0.34670442,5.927009,0.46160656,5.7629275,0.35415834,21.878538,0.20540668,755.08374,0.25385505,1357.92,0.10429812,-179.3876,-0.33790424,1765.9762,0.13812028,1357.4,0.13291118,-180.10052,-0.31821364,2734.6738,0.0657643,1086.2958,0.22655629,-180.58545,-0.30950835,-11.569901,-0.31514853,23.006992,0.2566024,0.018316153,0.51826996,-0.011944181,-0.39871567,0.1350344,0.29285112,29.581308,0.17270108,-6.066917,-1.3001479,5.175433,0.8859556,-23.967878,-0.22948736,-9.057309,18.64108,-0.004490977,0.004037327,0.03991377,0.5494506,0.56497175,0.19,0.0,0.775,0.355,-40.39968,q,Ses01M_impro03,Ses01M_impro03_F000
54,26.285826,0.20196164,22.714409,24.644806,27.946497,5.232088,135.49428,57.69397,11.094036,20.020527,0.3367537,0.51219505,0.15943068,0.3224053,0.47934029,0.3199096,3.1875,1.9927182,2.876488,1.7695885,0.10478216,0.8845695,22.06902,0.63484836,0.43262717,25.54319,12.70937,1.0115471,-6.676611,-1.9842829,0.01610837,0.7843857,1.154025,0.6135769,5.025396,0.4311754,9.078166,0.866631,27.733139,0.29757807,577.3969,0.40650895,1381.8064,0.20851536,-146.27318,-0.5718937,1584.7899,0.1652616,1066.2819,0.29846698,-147.09593,-0.54402286,2691.4124,0.1162083,989.73096,0.30646655,-149.60873,-0.5080542,-14.031259,-0.42301714,25.012825,0.27753776,0.01572697,0.927794,-0.01201117,-1.2593566,0.14355816,0.6765042,34.652565,0.27964815,0.80006534,12.69402,14.412457,1.1753364,-7.370096,-2.4335866,-6.9442844,15.826874,0.0008503054,0.0025429246,0.08960473,4.0,2.5,0.106153846,0.12450137,0.25357142,0.2900642,-33.605793,ans,Ses01M_impro03,Ses01M_impro03_M001
55,29.897102,0.37232056,21.882423,22.19801,45.504917,23.622494,112.068695,0.0,-18.454552,0.0,0.2176793,0.4363868,0.13261332,0.1940089,0.3013577,0.16874437,2.5234034,0.88688034,1.4710866,0.8794071,0.056314122,0.809085,24.68321,0.31199443,-6.496385,-1.2130076,13.907166,0.45715204,-11.311291,-1.2378985,0.011558786,0.612307,1.088539,0.7371885,5.3486333,0.55381477,14.009847,0.29741433,28.048695,0.12173062,525.42456,0.3362623,1314.4769,0.08873919,-168.78514,-0.4296499,1565.1212,0.15387075,1137.3453,0.468875,-164.99004,-0.42801997,2721.1802,0.16246712,1055.5214,0.3643419,-166.63829,-0.40444517,-12.39442,-0.18460354,21.027279,0.16066849,0.015217297,0.83796114,-0.008739004,-0.8819103,0.09059288,0.5099116,29.414528,0.16957158,-1.355575,-4.1863594,11.564991,0.9040759,-10.194218,-2.034273,-7.8463097,18.137697,0.0001182291,0.00712097,0.043969214,2.34375,1.6260163,0.11,0.04,0.48499998,0.074999996,-39.7374,oth,Ses01M_impro03,Ses01M_impro03_F001
56,24.678131,0.020204673,24.153387,24.752872,25.183054,1.0296669,0.0,0.0,-0.22015412,0.0,0.19266824,0.84617054,0.11799524,0.12887584,0.17145026,0.053455018,0.7703802,0.5207901,1.2530258,0.0,0.063282326,1.2788061,28.924225,0.15965915,-6.479929,-1.3805854,11.320934,0.5505547,-8.116544,-0.5468768,0.017189194,0.0,1.6581806,0.27484858,0.8581013,0.581259,-0.3336163,-8.947027,18.65953,0.20238136,551.8977,0.33993495,1254.7686,0.13315366,-190.93048,-0.21278085,1627.8113,0.11578735,835.81323,0.19789991,-191.562,-0.19924389,2629.922,0.06001774,972.0065,0.16294344,-191.70377,-0.19548711,-14.893639,-0.1061782,24.010485,0.06299571,0.027869552,1.1484499,-0.008018431,-0.85793394,0.22972396,0.42337424,32.812935,0.16271055,-4.1691875,-1.9255426,28.783363,0.1663949,0.16103403,21.739017,-11.033406,21.963614,-0.0012715893,-0.0007154754,0.056664743,0.78740156,0.8196721,0.049999997,0.0,0.57,0.25,-37.173737,b,Ses01M_impro03,Ses01M_impro03_M002
57,36.163887,0.25115588,30.136946,30.445608,50.017673,19.880728,11.19051,0.0,677.14984,0.0,0.20228173,0.62615794,0.118326366,0.13876309,0.2882571,0.16993073,2.8977234,1.8548352,1.6418834,1.0696272,0.05997956,0.8723329,28.316772,0.18317586,-3.6040592,-2.258282,16.132996,0.4837251,-13.979588,-0.5465382,0.042482946,0.92698604,1.1401093,0.5499988,6.034837,0.46337315,-6.2289996,-1.3022591,24.065115,0.28263175,732.3345,0.17536806,1261.4274,0.079449445,-187.32811,-0.25199822,1710.8654,0.10272566,1050.3599,0.12563184,-186.71513,-0.24551179,2763.1997,0.08565749,824.6059,0.12519982,-187.76031,-0.22515388,-16.098856,-0.51426995,27.765823,0.29800224,0.044286005,0.27600923,-0.02304323,-1.0746773,0.15872668,0.4373906,38.483356,0.2444985,-0.22043566,-68.78023,6.7432613,0.52573913,-23.281677,-0.29181024,-11.502564,20.506155,-0.0010723709,-0.0005743407,0.04437483,1.4705882,1.5384616,0.04,0.02,0.59,0.16,-36.663204,q,Ses01M_impro03,Ses01M_impro03_F002
58,27.398705,0.14402911,23.333046,27.10836,31.219269,7.886223,64.97541,44.04756,20.336063,15.981115,0.3784891,0.628659,0.14937487,0.3283258,0.5725752,0.42320034,4.0950327,2.650009,2.4664443,1.6100584,0.12947662,0.82025534,23.288681,0.6402555,5.027623,2.3925366,17.538694,0.69069713,-7.8892527,-1.2524906,0.021908833,0.6500019,1.1426226,0.50259626,4.965459,0.5329532,2.5779185,3.7382734,24.918125,0.30576843,596.67523,0.39084685,1308.0632,0.1540477,-121.51462,-0.73568463,1609.193,0.1555793,969.78284,0.17582363,-123.759026,-0.69012314,2677.6145,0.10218612,911.58386,0.26989344,-127.18953,-0.64012414,-13.510016,-0.45706028,22.874321,0.33119604,0.02407681,0.9505471,-0.009524982,-1.4514761,0.1919353,0.6260221,30.812908,0.36808443,1.2819359,8.810067,18.15408,0.7476933,-6.8218327,-1.5008594,-9.302642,17.002937,-0.0032487668,-0.0003390989,0.08618137,2.777778,3.6723163,0.10384615,0.054425452,0.14846154,0.12901081,-30.657188,s,Ses01M_impro03,Ses01M_impro03_M003
59,31.725712,0.1105495,30.363945,32.322563,34.754818,4.390873,34.466103,11.259928,21.248785,0.0,0.2524331,0.50247097,0.13580492,0.24989016,0.3266988,0.19089389,1.7172537,0.31391835,1.8452368,0.8047079,0.0854622,0.76641655,27.980858,0.44944006,3.083963,3.3135948,13.838107,0.68681127,-10.330712,-0.93555814,0.01549629,0.8444823,1.1449198,0.63040936,6.9056673,0.41670677,-1.6721174,-3.7863262,26.822247,0.13702284,665.2894,0.3120429,1381.1367,0.16684522,-135.98708,-0.6349462,1658.8408,0.10763393,1016.1164,0.19950102,-139.90402,-0.5802453,2800.302,0.090917386,1006.1899,0.33117378,-144.03854,-0.52398205,-16.66368,-0.30265683,27.095732,0.264202,0.010413218,2.2556388,-0.016074862,-0.63298184,0.13001668,0.58101726,32.992317,0.2682831,3.3049512,2.5073197,14.189907,0.97244394,-13.6074295,-0.82752144,-10.800609,20.353868,-0.0014507542,-0.0025312158,0.05781953,1.948052,2.7210886,0.114999995,0.046097722,0.2325,0.17977417,-34.390484,q,Ses01M_impro03,Ses01M_impro03_F003
60,30.28678,0.17271104,26.275145,28.92412,33.46776,7.1926136,214.2643,193.82825,41.39472,45.43308,0.59287053,0.49012616,0.3625418,0.55758864,0.8122617,0.4497199,6.7417245,3.2294593,4.2689357,2.340146,0.24214502,0.720038,24.949085,0.58616114,-0.21715766,-60.725468,17.9733,1.0091915,-6.205287,-2.1883364,0.01917246,1.0015111,1.0556484,0.67020756,5.9665275,0.49147812,4.865762,1.9995812,23.480225,0.40884608,616.8873,0.4174532,1301.8656,0.15446092,-107.60138,-0.8529095,1637.2274,0.15851882,1009.0264,0.23754045,-102.811386,-0.8476999,2680.4316,0.1077379,964.86487,0.27616948,-106.54186,-0.78488624,-11.514046,-0.4914857,23.20688,0.38826355,0.032420825,0.6508536,-0.0069957823,-2.0052116,0.27919963,0.5995956,30.914816,0.35785094,-2.7179859,-4.3226027,16.34064,1.3076398,-5.050117,-2.8748138,-7.458697,15.904457,0.010261757,0.00056120433,0.19841224,4.0,3.482046,0.14218749,0.17536987,0.12870967,0.10921248,-26.088379,s,Ses01M_impro03,Ses01M_impro03_M004
61,31.41938,0.1975767,25.493477,31.12788,33.156944,7.6634674,179.49649,60.85269,58.02964,50.458492,0.66214013,0.4447529,0.40581322,0.59856784,0.879578,0.47376478,6.2048154,3.7115788,1.7445195,1.4570794,0.27711853,0.7192434,18.482883,0.72819376,3.3062294,4.362113,19.478102,0.7488082,-12.960787,-0.9445319,0.030999096,1.2803816,1.062246,0.85288155,4.906875,0.4395825,6.6467276,1.7048103,21.190844,0.36780408,616.41565,0.44317904,1247.4934,0.1655362,-141.51097,-0.5835863,1661.464,0.16899814,902.85596,0.22511402,-135.23216,-0.5971455,2711.5117,0.094593786,840.28625,0.2690365,-136.4894,-0.579307,-10.583735,-0.5418937,19.776173,0.38192073,0.026679276,0.7047629,-0.005959134,-2.9508603,0.3044154,0.6352751,21.658865,0.46898308,1.9155744,5.9018197,19.87636,0.75357944,-14.47567,-1.0611881,-7.27811,14.8271055,0.020237494,-0.0055674403,0.26315004,3.488372,4.7619047,0.065,0.03201562,0.14999999,0.09143303,-26.315018,s,Ses01M_impro03,Ses01M_impro03_F004
62,39.310726,0.19059667,32.13997,38.30814,45.970272,13.830303,125.77793,89.74273,91.064545,68.143684,1.0763196,0.6058601,0.5662593,0.840047,1.6118302,1.0455709,13.144787,9.308766,10.757628,6.65532,0.65185195,1.0461828,21.620111,0.49366072,-12.809995,-1.2160068,9.889458,1.7559603,-18.95985,-0.76379097,0.029580126,1.4687765,1.2680354,0.507835,6.1744194,0.6283644,6.2307677,1.6521152,16.702003,0.65765196,801.1422,0.3281125,1248.8796,0.20213427,-99.11243,-0.9078252,1777.228,0.1490283,1054.6519,0.31472814,-92.05005,-0.91813284,2804.8726,0.08919843,920.4664,0.4247181,-95.14198,-0.86276203,-6.960454,-0.9226107,18.419243,0.3879244,0.04715,0.50153095,-0.007466777,-1.6687404,0.77868736,0.9381116,24.39084,0.37677062,-15.235748,-0.9894586,9.802793,1.9268278,-20.879614,-0.70437676,-5.0082626,15.045707,0.032511264,-0.003654731,0.48036748,3.3333335,4.615385,0.11636364,0.0979121,0.09285714,0.089994326,-18.39297,q,Ses01M_impro03,Ses01M_impro03_F005
63,39.38293,0.193184,32.08089,36.896835,47.73337,15.652481,132.96255,97.30409,102.164154,70.73449,1.3263178,0.5345676,0.63983715,1.2067614,1.9526148,1.3127776,16.143148,9.794078,12.3105345,6.4070477,0.8882328,0.8535229,24.862593,0.35980594,-16.547592,-0.8838081,3.7417219,4.217657,-22.448118,-0.5949936,0.029917907,1.647268,1.2962086,0.5134404,5.8897333,0.65289086,5.7615085,1.795304,18.321009,0.5687307,768.33124,0.33445,1258.3779,0.20417677,-75.738014,-1.1359661,1747.3494,0.15930991,1049.4781,0.29994804,-70.196945,-1.1004105,2809.4468,0.09405744,884.79694,0.47477436,-74.86215,-0.99530566,-6.224515,-1.0558412,19.303976,0.3610645,0.05060063,0.489713,-0.011064834,-1.0544082,0.96843415,0.7960398,26.334524,0.32836854,-16.758207,-0.88526136,4.165537,3.8956778,-23.201756,-0.59654564,-4.4952188,16.835161,0.037436504,-0.008519274,0.7035485,4.0669856,5.352798,0.119545445,0.10670594,0.05823529,0.06345311,-16.484125,q,Ses01M_impro03,Ses01M_impro03_M005
64,36.386765,0.22831039,29.6753,34.992603,42.29348,12.618179,99.56629,93.945076,53.629967,40.45107,0.8873974,0.67782986,0.4018936,0.80060726,1.218966,0.8170724,11.415796,5.425236,9.130494,6.246062,0.4824016,1.2072401,24.53175,0.50370336,-11.56306,-1.2313714,12.809722,1.3092582,-15.586419,-0.8885405,0.026399536,1.3260089,1.2420919,0.61065024,7.0443897,0.5565879,7.711514,1.6365908,16.196156,0.7036492,684.83795,0.4027955,1255.3062,0.17656086,-106.92677,-0.874161,1715.5974,0.17214146,973.00946,0.28885138,-97.24206,-0.902764,2737.2473,0.10734868,926.6131,0.45136765,-99.65768,-0.8553791,-9.284278,-0.7424607,20.13538,0.3892259,0.039383046,0.55944073,-0.012200977,-1.098596,0.6040052,0.99689883,28.889782,0.3721165,-15.495213,-0.9228133,11.816216,1.6607511,-18.781025,-0.7691988,-6.852055,15.543714,0.016545413,-0.0020221698,0.33808374,3.6241612,3.1081083,0.17043477,0.15515709,0.13130435,0.1729364,-18.702053,ans,Ses01M_impro03,Ses01M_impro03_M006
65,38.982937,0.22428583,32.482998,36.75148,44.80823,12.325233,129.79256,103.181175,50.739285,40.033855,1.1062235,0.59650415,0.6500816,0.9602837,1.4870687,0.8369871,12.367553,6.018582,10.966896,6.206105,0.66837454,1.0342226,23.535398,0.5116901,-14.918213,-0.90804076,8.586009,2.074708,-20.246761,-0.7326038,0.025221463,1.2663444,1.3615043,0.59179896,7.224322,0.5955329,6.7081013,2.0494587,13.9460335,0.8514357,714.7209,0.37269506,1282.5237,0.1766505,-95.90303,-0.9656608,1740.4099,0.15851973,1024.7825,0.28279176,-83.856735,-0.99882203,2748.9836,0.095467076,1000.6341,0.4599759,-86.27107,-0.94254106,-8.753769,-0.7961313,19.637033,0.3992452,0.04312273,0.57051694,-0.01316772,-0.9239539,0.75710666,0.9374236,25.872358,0.40122378,-17.342016,-0.7445452,8.51728,2.2605324,-22.642954,-0.6349496,-5.9082766,15.391615,0.026858255,-0.006040774,0.5340511,5.107527,3.814714,0.15642858,0.106207825,0.079333335,0.045820907,-16.441425,a,Ses01M_impro03,Ses01M_impro03_F006
66,46.116062,0.15822574,39.218105,46.89322,50.965466,11.74736,125.169716,45.15876,81.636185,53.512486,2.4856277,0.7744558,0.61280096,1.9571486,4.615496,4.002695,21.969587,9.0388975,17.823523,9.5928135,1.983522,0.9445396,17.291424,0.5949915,-25.342354,-0.4804368,1.2366217,10.712588,-24.790218,-0.57729524,0.041127626,1.3931788,1.2317184,0.5790253,5.903533,0.7377395,3.2152004,3.865452,12.244048,1.0220681,851.4127,0.31722537,1199.5774,0.21659504,-95.319405,-1.0092704,1835.7615,0.15404426,1110.9275,0.31912735,-75.12849,-1.1682711,2809.3406,0.1006486,935.8738,0.33025843,-77.56506,-1.0945346,-4.414394,-1.3080183,15.34939,0.35324156,0.04274316,0.6912257,-0.00980724,-1.3919146,2.6780198,0.6781739,15.943584,0.60888684,-29.297518,-0.33833262,-3.3446727,-3.8335388,-29.568836,-0.4181749,-4.155097,13.127801,0.018455086,-0.0050718775,0.7333178,2.777778,2.8103044,0.22333333,0.15525964,0.12,0.13010484,-8.061254,q,Ses01M_impro03,Ses01M_impro03_F007
67,42.384953,0.15658337,36.659622,40.926033,47.152885,10.493263,159.28424,177.7945,76.39401,83.3772,2.051873,0.7969107,0.6452224,1.6351992,3.3508828,2.7056603,21.426792,9.927762,15.291526,7.9780755,1.5552651,1.0375854,19.19114,0.561098,-19.929752,-0.7854288,4.028541,3.9797683,-20.881056,-0.7670384,0.031764332,1.3223557,1.2366908,0.51715714,6.8666425,0.5788638,4.85684,2.4329646,14.880696,0.80374736,846.8781,0.3193129,1221.627,0.22504543,-87.18267,-1.0753113,1823.714,0.14904925,1084.938,0.30692914,-72.837494,-1.1640767,2843.3096,0.10236612,946.1217,0.33428696,-76.361176,-1.0769484,-6.3533974,-1.0130438,17.911358,0.36423862,0.044078965,0.6135777,-0.011742612,-1.1997277,1.9846907,0.8209534,19.937649,0.55179363,-23.523035,-0.6493538,-0.1690914,-97.82374,-25.388054,-0.61122876,-5.5296855,14.041876,0.019987848,-0.0028910057,0.7014592,3.2218094,2.992519,0.21499999,0.14476992,0.10636364,0.11367999,-9.743605,ans,Ses01M_impro03,Ses01M_impro03_M007
68,37.56878,0.14395615,33.197803,37.897285,41.927574,8.729771,149.99669,332.01254,104.04948,84.63586,1.0558574,0.54306287,0.53501546,1.0247072,1.51337,0.9783546,12.417647,6.119854,8.63606,5.782972,0.5585233,0.7621858,24.130758,0.392583,-18.326654,-0.7605169,15.951725,0.8621581,-18.930065,-0.6501825,0.03567803,1.6054648,1.3177512,0.44962785,5.8380694,0.5986014,6.6828375,1.7173575,14.45306,0.5536061,773.2091,0.3604495,1252.0468,0.19621992,-100.70618,-0.8882272,1758.5073,0.14792158,1009.0952,0.27851284,-89.130684,-0.9658984,2734.2168,0.094206415,943.09973,0.36290273,-91.503654,-0.9205758,-7.641351,-0.6978572,16.440199,0.34809998,0.049471803,0.44884002,-0.013659297,-1.0791715,0.66455615,0.5615064,25.28579,0.34218648,-18.74601,-0.75507027,15.096713,0.9994414,-21.749681,-0.569786,-4.8891487,12.821969,0.024891866,-0.004478835,0.41160315,3.4770515,3.5014007,0.15959999,0.15590972,0.12238095,0.111094326,-19.761414,q,Ses01M_impro03,Ses01M_impro03_F008
69,33.893574,0.1893997,27.65377,33.207302,39.040253,11.386482,186.08888,327.93106,76.690735,78.699745,0.9113454,0.5976592,0.4358372,0.7862986,1.3777963,0.9419591,10.375957,5.4207187,7.6299586,4.8477154,0.4518326,0.8562968,27.145117,0.3499233,-12.7623415,-1.0934833,15.12387,0.8782099,-17.064291,-0.8222142,0.025746463,1.6037837,1.2168999,0.5455931,5.955508,0.5389803,2.5554593,4.330011,17.155668,0.47009006,699.99396,0.39280885,1273.6335,0.17269428,-86.215706,-1.045244,1704.6365,0.16645323,989.7285,0.24076028,-80.26301,-1.0523572,2724.5935,0.10344313,899.9969,0.35154232,-83.44544,-0.98384625,-9.4413595,-0.57129127,19.280539,0.3171958,0.045411345,0.49356857,-0.0147621045,-1.006757,0.5256094,0.7095072,29.146841,0.28979,-13.767052,-0.9945827,13.78066,1.0374528,-20.512312,-0.6885614,-7.391774,15.745439,0.01988615,-0.0040802523,0.32444212,3.5215948,3.5333333,0.17150943,0.15714908,0.10644444,0.09225942,-20.648409,ans,Ses01M_impro03,Ses01M_impro03_M008
70,33.211452,0.13619472,28.823881,33.307568,36.965656,8.141775,496.47675,709.9066,16.148659,10.256123,0.8984582,0.6690499,0.34306645,0.6677811,1.5206658,1.1775993,10.486847,5.1027637,8.806868,3.8541698,0.44351947,0.9140619,27.829876,0.344909,-6.073492,-2.176812,11.891236,1.1139705,-17.51091,-0.8628643,0.01836002,1.2585015,1.0059323,0.536162,7.0967565,0.41264212,3.978025,2.742624,21.368366,0.33461106,635.3006,0.36810884,1289.0186,0.14072026,-85.29304,-1.0783736,1690.7437,0.17160094,981.4663,0.2715561,-79.474,-1.0547869,2746.936,0.10811378,937.8187,0.3210954,-82.711815,-0.9845515,-11.464133,-0.4950288,21.449211,0.2906918,0.04225518,0.6028014,-0.019245662,-0.8490968,0.5431384,0.76314336,31.392296,0.23280121,-8.361325,-1.5800493,10.9390955,1.3787676,-22.406092,-0.6596896,-8.681297,16.38056,0.021820221,-0.0034214675,0.2524725,3.4574468,3.2345016,0.19166666,0.106835805,0.117,0.078873314,-19.526293,o,Ses01M_impro03,Ses01M_impro03_F009
71,37.857338,0.18148345,33.530437,35.934834,44.40571,10.875271,93.58819,79.329315,62.09586,67.0043,0.8137669,0.58624095,0.4202643,0.7179649,1.1900108,0.7697465,10.851794,10.082405,7.4566803,7.610868,0.35790572,0.9212738,24.432528,0.37252292,-13.90149,-0.874824,15.9308605,0.8782029,-18.016653,-0.7259855,0.020046173,1.5998206,1.1719612,0.5575033,7.182287,0.4491633,6.668759,1.574534,13.273643,0.7578685,768.74713,0.36999232,1311.9202,0.2042676,-100.69823,-0.89687663,1734.6176,0.16590734,1050.2207,0.25644988,-92.43285,-0.93865246,2729.0417,0.11181937,933.4518,0.34894451,-94.459404,-0.90012985,-7.6408715,-0.7130102,17.557655,0.3720771,0.042613003,0.48808622,-0.005981147,-1.7715296,0.39740708,0.7131523,25.562943,0.3613405,-15.480532,-0.84171414,15.437834,0.9843199,-20.892696,-0.63748056,-6.7575827,15.969934,0.027031524,-0.0015661133,0.29787216,3.442029,3.4576888,0.15815789,0.12713142,0.11722222,0.09275448,-22.447445,s,Ses01M_impro03,Ses01M_impro03_F010
72,40.400497,0.23576751,29.769684,37.276108,50.34917,20.579487,40.843742,0.0,-47.863136,0.0,0.50413966,0.508178,0.2678646,0.4619879,0.70418465,0.43632004,5.065359,2.8544567,3.6145191,5.10665,0.20225926,0.6707408,29.011786,0.25833222,-16.482973,-0.81429946,14.109868,0.87006956,-15.92973,-0.9939489,0.029162638,1.2965395,1.5778253,0.34977844,7.041222,0.54179174,7.135043,1.6927487,11.46115,0.5955986,669.44025,0.45349997,1199.3049,0.15046717,-123.10334,-0.7267142,1710.567,0.20521022,889.7912,0.33986592,-117.05526,-0.73041517,2638.8992,0.10410776,895.6687,0.15742457,-117.55443,-0.72019994,-9.810244,-0.5420345,19.499416,0.21186806,0.043770663,0.62395,-0.013923267,-0.6779221,0.24422953,0.57560223,26.179598,0.30905786,-14.090137,-0.8564913,17.25607,0.7379833,-25.309065,-0.64263844,-6.2956004,18.88364,0.019271022,-0.0005320112,0.1782469,3.846154,3.2,0.13499999,0.07921489,0.12399999,0.07445804,-29.235949,q,Ses01M_impro03,Ses01M_impro03_M009
73,33.76608,0.14719193,29.220047,34.178883,36.528347,7.3083,62.96446,50.832294,355.58557,474.04312,1.3102459,0.4497082,0.7342382,1.29096,1.7931813,1.058943,16.939486,7.8250213,13.593629,7.9146943,0.69352585,0.69270873,29.76471,0.25749144,-19.942886,-0.5630867,17.829699,0.87017864,-14.461861,-0.98894984,0.026181681,1.7082927,1.1926235,0.5125352,5.5288363,0.61160463,3.1410873,3.8252013,16.984432,0.45302022,772.19763,0.3495447,1243.7021,0.17883946,-62.88854,-1.3550239,1759.7605,0.15239944,1034.6903,0.2676635,-57.750595,-1.306449,2754.0679,0.09878826,871.258,0.26880693,-60.778996,-1.2187079,-7.161374,-0.6402473,16.846882,0.3050033,0.04972231,0.37394178,-0.013157537,-0.9296134,0.66919297,0.55879223,31.229725,0.22675428,-19.77449,-0.5574276,19.54472,0.7659246,-15.799873,-0.921731,-2.3905175,15.385673,0.036671296,-0.006176686,0.8374675,4.868914,3.448276,0.20888889,0.25026408,0.07,0.037416574,-17.773779,s,Ses01M_impro03,Ses01M_impro03_M010
74,40.270794,0.17747495,32.310368,41.47023,45.442677,13.132309,108.300896,32.594204,57.537968,42.53616,1.0247145,0.505746,0.54250216,1.0121949,1.4216927,0.87919056,10.747713,3.892872,4.8984003,1.8548979,0.56847775,0.7532263,22.969809,0.28450075,-20.344671,-0.788321,7.785184,2.238162,-13.065033,-1.1258543,0.029391045,1.4038695,1.594833,0.526916,5.045509,0.5680967,11.892359,0.9913111,19.04112,0.39174956,859.39813,0.27564585,1288.1251,0.16155899,-124.055855,-0.70335454,1841.8851,0.13090709,1086.9272,0.24374709,-113.59804,-0.7541854,2840.238,0.103423566,1028.856,0.42997286,-116.05075,-0.7147729,-6.5335813,-1.0674282,16.786907,0.29283255,0.044775486,0.49292073,-0.008230088,-1.6014292,0.5897337,0.5941221,23.970213,0.23892513,-20.620441,-0.642246,8.735391,1.704779,-16.27699,-0.8409809,-4.127378,17.258678,0.029378267,0.0017903286,0.54923254,3.508772,5.0,0.08272727,0.04350359,0.103999995,0.0397995,-20.360983,a,Ses01M_impro03,Ses01M_impro03_M011
75,36.861233,0.17465928,31.42037,36.87249,41.7313,10.31093,124.05327,62.20862,88.17267,114.68322,0.7043945,0.76512915,0.26165348,0.5223479,1.1027874,0.8411339,7.9019604,4.7353983,4.698268,2.9935644,0.3547466,1.1320947,28.43048,0.25910145,-14.136071,-0.9219453,13.102791,1.2417481,-13.526599,-0.9557289,0.035429105,1.801135,1.4593635,0.58164346,5.2808537,0.6940341,6.7669,1.6191382,19.794998,0.43671328,753.91693,0.3218013,1376.713,0.20514736,-126.20641,-0.7084991,1697.5172,0.12510723,1127.8458,0.2423871,-114.439255,-0.7679255,2737.6096,0.08917294,976.5704,0.3018949,-117.64722,-0.71701896,-8.437594,-0.72097844,20.514454,0.3409671,0.039707866,0.53393614,-0.010003288,-1.1924194,0.40537637,0.9000544,29.827713,0.25463152,-16.821558,-0.7422204,10.0111065,1.6284788,-17.771975,-0.81657505,-8.221614,19.366596,0.022033975,-0.0012436176,0.3159179,2.5,3.8323357,0.11,0.13114877,0.1348387,0.15054461,-22.994965,o,Ses01M_impro03,Ses01M_impro03_F011
76,35.183826,0.0656443,34.288498,35.52685,36.797974,2.5094757,22.685436,13.600568,24.856028,10.3673935,0.83556473,0.5435313,0.3906385,0.7487132,1.317211,0.92657256,11.393001,5.732747,7.707025,5.554174,0.4777443,0.7376051,30.03327,0.27810964,-10.028231,-0.9190938,20.853384,0.6008973,-14.671595,-0.775238,0.027639443,0.6868549,1.3687859,0.522507,5.644876,0.43680695,9.834756,0.77751404,21.177162,0.3222275,621.7998,0.38062096,1403.8254,0.15648131,-126.44013,-0.68346137,1624.0951,0.11958151,1037.5029,0.28699946,-113.55758,-0.74647087,2676.9673,0.08287413,924.7938,0.21482189,-115.99868,-0.70897937,-11.069433,-0.45057213,20.087608,0.3910117,0.050814833,0.3466556,-0.012141473,-0.79438543,0.5405256,0.59292233,33.58401,0.13395236,-13.040997,-0.79128903,19.73494,0.6436888,-12.386198,-0.8641026,-10.190062,18.434668,0.034689277,-0.010670867,0.44405797,5.2631583,4.2168674,0.10285714,0.08361721,0.098749995,0.07096434,-20.794065,q,Ses01M_impro03,Ses01M_impro03_M012
77,33.75116,0.103587836,31.174644,34.05061,36.41315,5.2385063,192.92574,266.18384,50.261917,70.86568,0.55852586,0.6612968,0.27354693,0.44610512,0.76200384,0.4884569,7.5818114,6.2554784,4.1881776,4.6506824,0.2605734,1.0036521,32.84485,0.21820317,-7.824314,-1.5619227,16.103186,0.791519,-13.293295,-0.7535868,0.024147084,1.029912,1.2601943,0.5044358,5.9668374,0.4604438,5.4715137,1.6728112,21.87232,0.34231785,605.2471,0.36032844,1389.6002,0.13230257,-108.51439,-0.82918,1650.8708,0.14575344,1092.6173,0.26732183,-102.70496,-0.83084565,2693.1992,0.10039327,1036.438,0.3486963,-106.33075,-0.77166045,-12.821854,-0.42459542,24.076824,0.32501268,0.028763253,0.83211976,-0.014563814,-0.6627811,0.26624072,0.9325048,34.832874,0.15447105,-6.504879,-1.9802958,16.393713,0.81414104,-12.105694,-0.9003798,-10.3288,19.91839,0.022790631,-0.010357327,0.24071896,3.3288949,3.489933,0.14461538,0.111983195,0.121923074,0.09949948,-24.926964,o,Ses01M_impro03,Ses01M_impro03_F012
78,32.35675,0.08705881,30.92897,32.37586,35.256237,4.3272667,90.05565,45.95181,12.706246,5.748886,0.53081155,0.3452343,0.34149066,0.54204273,0.71131253,0.36982188,3.45548,1.6319281,2.543858,1.3935679,0.2232445,0.58605576,36.257214,0.11340608,-5.329959,-2.3700213,16.627853,0.83720374,-12.28493,-0.8587766,0.022558102,1.138428,1.0503091,0.4727255,6.364035,0.43266633,2.3881476,3.4719152,21.371643,0.39198717,644.2888,0.38432136,1457.9843,0.19288953,-78.574684,-1.0893924,1690.8887,0.1810015,1248.3159,0.3455349,-83.09433,-0.94486856,2718.0046,0.12648363,1112.1908,0.3624056,-86.05439,-0.88839793,-13.753883,-0.4110361,26.394869,0.34627768,0.016870458,1.3019319,-0.018281171,-0.576724,0.19456242,0.62332004,36.182735,0.113456026,-1.5488876,-7.844851,17.418678,0.9022352,-12.067151,-1.0157027,-9.738047,20.961163,0.021474674,-0.01649101,0.28766283,4.6728973,3.3492825,0.18857142,0.14075598,0.089999996,0.050142653,-27.355476,a,Ses01M_impro03,Ses01M_impro03_M013
79,28.842491,0.12505037,25.67776,28.427391,31.315092,5.637333,178.65636,302.5223,65.02316,82.24129,0.6163226,0.5955012,0.2973585,0.5121127,0.9483491,0.6509906,7.8772564,6.055503,5.4825788,2.2403414,0.2471364,0.86133075,30.006145,0.4316563,-11.650038,-1.3358014,17.433315,0.8591195,-11.325704,-0.885,0.025548724,1.1909121,1.269147,0.6852735,4.4517665,0.52311844,0.07707244,122.20473,20.313084,0.45250317,606.3954,0.39487758,1298.8048,0.16701072,-85.76997,-1.0587572,1596.1252,0.15073605,1062.0945,0.27535224,-85.80361,-1.0111423,2662.32,0.09286187,850.32227,0.24677204,-90.84877,-0.91218054,-11.621515,-0.38636398,23.263561,0.25835457,0.030573193,0.74157387,-0.013506227,-0.80864084,0.28244677,0.79995865,36.26615,0.18031421,-10.355295,-1.2010121,14.302464,0.9927343,-12.135477,-0.9034188,-4.5964556,13.876867,0.0040824907,0.002457229,0.1876793,3.3994334,3.7463977,0.15153846,0.08583043,0.09384615,0.0695633,-26.143814,o,Ses01M_impro03,Ses01M_impro03_M014
80,34.987644,0.2874911,28.267948,30.106834,51.124554,22.856606,156.66925,109.28708,38.77455,27.242493,0.6335795,0.70058894,0.154451,0.5950366,1.008869,0.85441804,2.439526,1.0139307,3.527774,1.6671929,0.21501954,0.8712245,18.708838,0.6471404,-16.279852,-1.1897347,15.86552,0.91647583,-14.9182005,-0.5397606,0.025722863,1.1855711,1.3885155,0.5486559,5.278877,0.547754,-5.8553452,-1.4029742,15.976945,0.4620238,579.62616,0.44799268,1226.2927,0.16188289,-160.9508,-0.47572324,1581.7291,0.1721249,996.1689,0.14170584,-147.19609,-0.5616984,2627.0667,0.08666151,887.671,0.3299628,-150.05792,-0.52064115,-7.3448076,-1.2367479,20.766745,0.3528601,0.02670144,0.85652214,-0.0028504555,-4.9526887,0.25543267,0.67833227,25.110926,0.46571776,-12.611105,-1.3301777,10.669956,1.1744657,-18.123943,-0.38370895,-0.28489414,12.897717,0.0016172922,0.010160475,0.20879874,1.7441862,2.3952096,0.105,0.06576473,0.23200001,0.2314649,-28.001053,ag,Ses01M_impro03,Ses01M_impro03_F013
81,30.821712,0.138558,28.581017,30.854445,33.895035,5.3140182,98.64466,0.0,55.304935,56.860638,0.30254284,0.6441325,0.12592125,0.2472649,0.42907268,0.30315143,3.1179543,3.6656497,2.8868382,2.3337107,0.1062669,1.1290195,22.928144,0.5320528,-5.61601,-1.6437224,21.468472,0.43838108,-9.333736,-0.8323404,0.026082225,0.44683823,1.9067795,0.57959616,5.1326523,0.5227157,7.0794253,0.9917363,20.641296,0.15869166,568.8868,0.46792144,1314.314,0.14580534,-181.614,-0.29634416,1616.0192,0.10696058,839.26654,0.18326543,-180.00002,-0.29105917,2605.7927,0.08826511,925.85394,0.13916577,-179.74799,-0.29575807,-10.901787,-0.45257294,16.172813,0.33893058,0.033061214,0.51805747,-0.009752873,-0.9711324,0.21683645,0.74309886,24.145197,0.49596685,-0.47550207,-20.734463,32.808704,0.3780195,-4.171516,-1.4188911,-8.63277,17.169899,0.003915067,-0.0022888617,0.09399097,1.9138757,1.9607843,0.049999997,0.035355337,0.35,0.32960582,-33.411503,a,Ses01M_impro03,Ses01M_impro03_M015
82,40.843407,0.10867249,36.03109,40.78648,44.46962,8.43853,81.36892,19.984709,37.107815,10.747692,1.1663474,0.7196326,0.33879015,0.9911657,2.057955,1.7191648,9.33823,5.522561,6.534149,3.7799733,0.7288478,1.1658195,22.791903,0.38946047,-20.07882,-0.7160834,11.414952,1.6286714,-26.81178,-0.56301665,0.019245882,1.3660002,1.150508,0.6057251,7.975564,0.5517313,3.5762515,3.0042062,11.7515,1.1741912,816.2863,0.355432,1220.2612,0.20734209,-91.059044,-1.042933,1842.7438,0.15777144,1089.9431,0.34923753,-78.33773,-1.1127336,2812.4924,0.10680015,1090.1484,0.38016987,-79.74088,-1.0776161,-6.7998786,-1.1677399,17.867289,0.47288123,0.053756125,0.4080255,-0.014364743,-1.641633,1.0326506,0.882856,24.189924,0.3265508,-23.962475,-0.6380854,7.183359,2.8041618,-31.02322,-0.49175256,-4.5970335,11.988288,0.0147278495,-0.0046879887,0.14732789,2.4615386,1.8808779,0.33666667,0.31909594,0.175,0.28412145,-14.269292,o,Ses01M_impro03,Ses01M_impro03_F014
83,39.9688,0.16722575,34.821953,38.295116,45.997917,11.175964,176.28511,224.82025,46.423958,25.212969,1.6398754,0.5750955,0.7855755,1.395767,2.4593549,1.6737794,12.51825,4.6018267,8.749495,3.0801163,1.2968289,0.95515025,27.36627,0.35042885,-19.183262,-0.89155877,3.0478883,6.0609183,-22.988783,-0.6885318,0.024653975,1.0764445,1.3213903,0.52450603,6.584874,0.55772454,6.9616046,1.685671,19.729528,0.5894569,699.3048,0.35356203,1264.2086,0.18276654,-61.050903,-1.380944,1716.4263,0.16285324,1047.5211,0.2696648,-52.013306,-1.3716954,2709.4944,0.099007934,923.9251,0.250562,-56.58183,-1.2193832,-6.8689833,-1.4393727,20.808264,0.35697532,0.047301967,0.5546057,-0.017162781,-1.316818,1.3425833,0.8898163,27.674562,0.33005154,-20.470133,-0.7812761,1.7264122,10.727987,-24.831526,-0.65022796,-9.274894,19.098286,0.04195057,-0.0155708445,1.2015359,3.3163266,3.8759692,0.19266666,0.24411653,0.045333333,0.027292654,-12.012921,ag,Ses01M_impro03,Ses01M_impro03_M016
84,40.6365,0.16725267,34.57674,38.77655,46.21669,11.63995,160.03065,198.67137,56.807983,24.693317,1.0783002,0.7597448,0.4983948,0.8227936,1.4967167,0.99832195,11.514436,9.115624,5.676072,3.778931,0.70140773,1.4118762,25.925236,0.38833803,-18.723564,-0.7853994,8.954719,1.8624208,-13.33178,-0.9495356,0.030487875,1.1517186,1.40039,0.43941468,5.2170815,0.67445344,7.985741,1.5034137,19.906622,0.47109964,717.4711,0.33834368,1330.4845,0.17152674,-115.611725,-0.8085334,1665.1511,0.13358769,1131.3557,0.29789418,-100.48037,-0.9064383,2719.2966,0.09418896,938.6589,0.30300364,-105.21615,-0.825046,-5.018687,-1.7225009,19.193392,0.38528636,0.038419135,0.67301685,-0.005662035,-2.6911013,0.8849878,1.2196622,29.57422,0.26886767,-23.825161,-0.6317496,6.1543345,2.9997816,-16.39109,-0.76359546,-5.7795963,14.836596,0.03267881,-0.004871357,0.5206515,2.1148036,3.5276074,0.13782609,0.16581699,0.144,0.15742934,-16.47538,q,Ses01M_impro03,Ses01M_impro03_F015
85,31.270817,0.15131049,27.685926,31.522835,34.413807,6.7278805,167.14996,240.03558,149.40309,336.91797,0.50387233,0.71241057,0.23749064,0.42683715,0.72032446,0.4828338,7.010777,5.4744625,5.1072145,4.09858,0.22590986,1.3615263,29.263927,0.36825067,-3.5168688,-3.1616375,16.50048,0.8289693,-4.7176647,-2.196844,0.019330129,0.9622335,1.1556823,0.5988633,6.377885,0.47133723,6.678038,1.7984586,22.952356,0.37363705,597.8068,0.43799418,1341.2826,0.16473812,-99.34095,-0.91600555,1596.8618,0.14759767,1069.6685,0.3297547,-98.82418,-0.85839623,2664.0642,0.099487886,947.7018,0.27216393,-102.922195,-0.7907435,-13.889952,-0.38511273,24.495785,0.25874227,0.024947207,0.87045544,-0.008586216,-1.4673601,0.24728274,1.0847609,32.760365,0.27257308,-2.2110002,-5.195563,17.363684,0.94623554,-4.3938127,-2.6812744,-9.411943,19.26213,0.009126993,-0.00018716624,0.20102175,2.385159,3.6379771,0.14390244,0.13623649,0.125,0.15559027,-24.901989,ans,Ses01M_impro03,Ses01M_impro03_M017
86,31.709372,0.1630677,27.496304,31.478493,36.913326,9.417023,133.4717,162.68784,28.14086,14.050892,0.53051144,0.79389185,0.25226673,0.4404331,0.6880947,0.43582794,7.8257027,6.431931,5.80681,6.195759,0.26962605,1.5877571,27.416845,0.39941385,-3.6789918,-2.2432148,16.097363,0.82337403,-3.216991,-3.4809458,0.020907037,1.1098785,1.080722,0.5802512,6.1129365,0.4903593,7.1930075,1.5554624,22.039186,0.35718802,642.8782,0.45385426,1363.5399,0.16337587,-104.971756,-0.8724609,1624.708,0.14830321,1070.7749,0.2533341,-103.53792,-0.83980864,2694.1816,0.10460368,1037.5139,0.4213371,-108.38023,-0.7616243,-13.19034,-0.32116914,24.496218,0.2326716,0.023302563,0.8822412,-0.004983686,-2.364975,0.2611786,1.3893601,32.07468,0.23994476,-3.3284934,-2.316868,16.535858,1.0111884,-3.4707444,-3.9009545,-8.63564,18.54839,0.010567885,0.0025978321,0.28190637,2.0408163,3.440367,0.14333333,0.16226177,0.14538461,0.21363574,-23.415344,ans,Ses01M_impro03,Ses01M_impro03_F016
87,34.47209,0.108010046,30.289495,35.567863,38.906445,8.616949,62.480408,0.0,-20.958406,0.0,0.15481104,0.3820339,0.10781607,0.12376645,0.21779385,0.10997778,1.6147709,0.76431805,1.3630327,1.5067632,0.04474016,0.51954424,27.656025,0.2932459,0.28707367,23.04749,18.885574,0.35468164,-9.362094,-0.8524514,0.030821105,0.5560684,1.9925535,0.45247665,5.647076,0.28496662,11.084251,0.98171407,22.161911,0.17578422,679.23145,0.27441007,1473.0569,0.095078275,-190.56993,-0.20560509,1754.5277,0.114989065,1282.4257,0.35057577,-188.3955,-0.21759722,2731.6707,0.076604195,1011.41595,0.16321242,-188.49934,-0.21564932,-17.457827,-0.19978559,25.873608,0.20251909,0.012394906,1.8265784,-0.01023148,-1.1655316,0.06014602,0.3992172,33.298985,0.169834,1.2793932,4.609559,21.001797,0.24144718,-9.816262,-0.50299007,-13.149103,22.320366,-0.0035870268,-0.0014974293,0.043493237,2.0689657,1.4035088,0.0425,0.0147902,0.65,0.48718578,-43.348095,s,Ses01M_impro03,Ses01M_impro03_F017
88,24.900316,0.031946093,24.103226,24.958319,25.646025,1.542799,60.727512,46.966618,12.61078,3.311124,0.21492471,0.6238664,0.108162545,0.15985364,0.3157714,0.20760885,3.2712686,2.2516322,2.2528398,1.1431165,0.058355425,0.6775611,26.603521,0.4358489,-1.2833167,-7.426682,15.57038,0.6318658,-12.442983,-0.5926355,0.01686999,0.6055957,0.96224755,0.48407403,3.2402906,0.482866,6.7727604,0.64390475,25.983906,0.3272097,528.0316,0.25390005,1379.2799,0.15904696,-163.86293,-0.45334217,1528.288,0.13443474,1198.9421,0.22011839,-165.64589,-0.42759064,2642.0906,0.08760486,1020.81586,0.18370518,-167.81323,-0.3958197,-12.361948,-0.37098223,25.56061,0.2852472,0.017498117,0.8485601,-0.025909634,-0.49073955,0.11905758,0.35942957,39.878178,0.1609149,-7.5990577,-1.5357794,1.0812898,7.6832447,-13.857752,-0.7019144,-10.889481,19.390976,-0.003769437,-3.6991594e-05,0.044975776,3.4313726,1.5075377,0.11333333,0.012472191,0.39499998,0.3153173,-38.9937,s,Ses01M_impro03,Ses01M_impro03_M018
89,25.644564,0.013041285,25.34346,25.56694,25.853144,0.5096836,17.87456,0.0,8.967858,0.0,0.1652564,0.3417671,0.11873294,0.13959838,0.22120978,0.10247684,1.9579567,1.7847238,0.92027044,0.6726575,0.043878533,0.49575996,26.097569,0.32177654,-1.5117217,-3.9943824,15.967681,0.46301076,-9.8993635,-0.7053274,0.010998782,0.57509094,0.65660775,0.32311866,4.623657,0.36378196,3.204885,0.76062757,34.072075,0.06110642,640.685,0.24303627,1567.5161,0.1337945,-181.27931,-0.31376368,1652.625,0.18618068,1472.5564,0.144134,-182.90974,-0.28561115,2760.797,0.10472297,1164.726,0.15009725,-184.18152,-0.26263094,-17.92053,-0.20355828,32.435703,0.1768967,0.021314101,0.8906069,-0.033646736,-0.49762833,0.079138294,0.33148244,43.16699,0.16276188,5.5460963,0.72444814,0.6446565,10.459661,-21.051043,-0.33021674,-11.48996,21.66611,-0.005678768,0.001037353,0.04109142,1.6,0.8333334,0.11,0.0,1.05,0.0,-42.76566,ag,Ses01M_impro03,Ses01M_impro03_F018
90,33.64748,0.19632772,29.609585,33.570194,35.508938,5.899353,497.848,864.55383,145.86899,195.68881,0.47375277,0.83176064,0.18441488,0.3122766,0.63196236,0.4475475,6.642173,5.984706,5.397169,4.0009413,0.21650502,1.2400967,22.383917,0.6325675,-4.7821717,-2.1613793,23.479631,0.6797423,-7.544116,-1.3604318,0.036872607,0.8771086,1.2551895,0.45300543,5.527189,0.48449486,9.726538,1.097778,24.222744,0.30016702,702.4759,0.3660846,1262.5466,0.1723682,-153.9417,-0.49588737,1708.2437,0.13678768,995.07587,0.19524056,-149.45367,-0.5073859,2748.0527,0.10687628,985.6793,0.3013546,-151.34892,-0.48110074,-11.851611,-0.6205524,22.266726,0.32817057,0.021995656,1.0545459,-0.0040272013,-3.2596738,0.3428923,0.8336284,30.788074,0.3693907,-5.8805184,-2.1905165,20.306929,1.0049924,-3.5448432,-3.1333215,-7.0686255,14.267839,0.008477599,-0.0026715272,0.17044348,2.3872678,3.4946237,0.07076923,0.045651104,0.19384615,0.28607526,-26.85838,q,Ses01M_impro03,Ses01M_impro03_M019
91,33.40977,0.179513,28.43018,32.251945,37.65581,9.225632,594.2088,893.93396,214.63599,242.85419,0.66031253,0.6557219,0.27825153,0.51865923,1.0770514,0.7987999,9.250034,6.06664,6.6043797,4.142066,0.3055267,0.94063133,25.521536,0.49644363,-11.233246,-1.0850984,21.082535,0.8387182,-11.562509,-0.98982537,0.023037843,1.0785145,1.3260268,0.45972344,4.6725507,0.47945198,3.0693905,3.5403185,17.004763,0.42526862,703.0945,0.39650202,1290.4296,0.16761974,-122.84641,-0.74135876,1701.1771,0.15403129,1015.0141,0.2230288,-114.75353,-0.77606744,2740.9387,0.107675724,956.4287,0.3249812,-117.701904,-0.7294474,-7.925583,-0.5687238,19.113201,0.32392475,0.040920887,0.5098977,-0.0089526,-1.2717904,0.39831957,0.67878604,30.006245,0.30645207,-15.80137,-0.7239585,12.606901,1.3948629,-13.298551,-1.0295877,-6.838914,13.723727,0.017046086,-0.0042251805,0.24324553,3.6111112,3.9772727,0.10285714,0.08421305,0.12714286,0.16254357,-24.870752,o,Ses01M_impro03,Ses01M_impro03_F019
92,30.600689,0.12150171,27.801449,29.862097,33.74905,5.9476013,52.191425,25.572147,24.278986,9.54639,0.5465841,0.6170236,0.2816998,0.4307676,0.81547695,0.5337771,6.637001,4.716154,5.5119414,3.6268246,0.23212975,0.7768759,31.109486,0.3121336,-6.9110823,-1.8098,19.517818,0.81984967,-8.128938,-1.5116261,0.013824929,0.8121507,1.270914,0.55563706,4.954174,0.38022295,-0.6025817,-16.028776,18.041801,0.5163648,629.60693,0.4148935,1302.5607,0.16150542,-102.14106,-0.9127352,1662.1001,0.16697086,1000.4745,0.23805942,-100.280655,-0.8794423,2687.3252,0.11760774,953.9649,0.30687404,-102.93953,-0.83331007,-10.966422,-0.4926682,20.304989,0.31259987,0.037991945,0.5804629,-0.01323745,-0.8724403,0.29458264,0.65122616,32.911472,0.24531819,-11.201188,-1.0713712,16.873335,0.95925313,-10.864644,-1.3473676,-11.975576,20.427185,0.0052216905,-0.006831683,0.16978708,4.5454545,4.012346,0.12307692,0.09084091,0.12545455,0.14662033,-26.955057,a,Ses01M_impro03,Ses01M_impro03_M020
93,30.311213,0.07620627,30.065948,31.232283,31.712166,1.6462173,16.356512,13.269304,19.61705,0.0,0.27269906,0.4078942,0.15651593,0.24957089,0.3782426,0.22172669,2.813747,2.367528,1.7499049,2.1141262,0.1007698,0.64173657,28.975496,0.36182427,1.9014732,4.333711,20.272577,0.6954813,-6.640495,-1.4113618,0.015348781,0.8768649,1.2645818,0.700735,6.472636,0.28785235,1.5440968,7.0799427,23.380735,0.21019223,621.6279,0.31823465,1355.7183,0.11712813,-157.17381,-0.4908656,1663.9366,0.15027712,1029.12,0.23921917,-159.7185,-0.4436449,2762.6323,0.11250722,908.08344,0.34249,-160.29669,-0.43551967,-18.856958,-0.23964992,27.724543,0.24581288,0.0072720787,3.3013787,-0.01731034,-0.55126417,0.10391317,0.4120857,33.141098,0.18894279,6.1014743,0.8383449,24.241402,0.64963496,-10.479518,-1.1888146,-12.08787,20.803072,-0.0025586148,-0.005417441,0.09723277,5.084746,1.775148,0.12333333,0.057927158,0.3125,0.18713297,-34.392452,s,Ses01M_impro03,Ses01M_impro03_F020
94,28.559256,0.26409268,24.55035,26.100658,29.008148,4.457798,148.36754,163.03824,78.72153,82.01345,0.46333262,0.60469025,0.22150588,0.4147214,0.6833329,0.46182704,4.900517,3.1967583,3.8795543,2.0544515,0.16654547,0.8035985,29.54706,0.3707276,-5.7266164,-1.995729,17.654682,0.90764743,-11.642975,-1.0248762,0.016938902,1.3487772,1.008683,0.50996196,5.176413,0.51863015,4.958544,1.6055465,22.46764,0.41286752,658.0045,0.38104543,1353.4755,0.16436893,-94.598236,-0.99734163,1676.274,0.17048508,1054.5767,0.30902436,-97.10106,-0.91374123,2705.3677,0.11438283,996.9904,0.31659886,-100.09591,-0.8613595,-12.632955,-0.4929066,22.917995,0.30016252,0.025505254,0.91144645,-0.013674942,-0.98979706,0.1977499,0.65129,34.445526,0.23817939,-7.204029,-1.7328383,17.576046,1.0816895,-12.779263,-1.0888091,-9.067861,17.958534,0.008483642,-0.0017522522,0.12845722,2.9988465,2.5522041,0.20818181,0.16929361,0.16272728,0.13084279,-29.337242,o,Ses01M_impro03,Ses01M_impro03_M021
95,25.428604,0.107984126,23.84382,25.155088,26.65992,2.8160992,144.2261,104.62196,14.222669,31.266304,0.5087419,0.539967,0.2800844,0.4516093,0.719497,0.43941262,5.036755,3.2089636,2.9445505,1.716926,0.17459269,0.66412675,32.619625,0.28604302,-7.184472,-1.5608908,14.67008,1.13592,-15.272693,-0.7872067,0.013890197,1.7386935,1.0445153,0.53205204,3.937758,0.5155057,5.2022905,1.4254968,22.517979,0.40296832,645.17084,0.3739245,1370.0276,0.15483348,-76.58976,-1.216122,1638.3381,0.17669275,1068.1108,0.25636536,-80.861015,-1.0967095,2702.0247,0.1106713,945.07245,0.3305719,-84.98307,-1.0105945,-11.382118,-0.42526647,23.085934,0.26520115,0.030643836,0.63003445,-0.016567718,-0.7765415,0.19841534,0.58423334,36.1187,0.18471421,-9.639026,-1.1378306,14.7054405,1.3182608,-17.987032,-0.692788,-9.841406,18.86939,0.009162501,-0.006052117,0.13128793,3.9772727,2.8901734,0.206,0.16954055,0.13222222,0.07771426,-29.024235,ag,Ses01M_impro03,Ses01M_impro03_F021
96,41.80776,0.24461439,26.226233,46.6241,48.968304,22.742071,150.55739,152.02441,179.0335,196.48714,0.4389294,0.58573246,0.22947529,0.37293237,0.60433525,0.37485996,4.9059553,2.5008585,2.6615868,1.6275691,0.1608678,0.84483397,25.356813,0.38166073,-12.007457,-1.0879521,13.065285,1.021975,-13.2850275,-0.79945153,0.022805179,1.3081931,1.0536638,0.47047043,8.855353,0.44692156,10.039321,0.7736088,20.051783,0.47201616,836.2385,0.2382516,1290.0905,0.1847136,-112.68578,-0.79209864,1790.1864,0.111737505,1061.516,0.35970056,-106.055084,-0.8102507,2829.8984,0.09323225,978.1843,0.29553,-110.1612,-0.7452327,-10.5811205,-0.57418233,20.81768,0.33458698,0.03723367,0.76447606,-0.005136766,-2.2060912,0.1729267,0.78996706,28.243448,0.29076445,-14.239066,-1.0091125,8.782,1.6897687,-15.662867,-0.6607307,-7.1344748,15.431689,0.017550405,-0.0029260071,0.15118474,2.5125628,3.5623412,0.13571428,0.119446,0.14416666,0.08190017,-31.113878,o,Ses01M_impro03,Ses01M_impro03_F022
97,31.588003,0.2626276,25.474436,28.934044,35.043423,9.568987,369.08585,711.7749,134.32274,163.66795,0.82112867,0.95688975,0.27940375,0.58759904,1.1086459,0.82924217,11.954347,16.374384,7.5268507,5.6657567,0.44921184,1.5513649,27.211533,0.4582089,-8.920733,-1.6497777,16.205505,0.8519406,-11.821553,-1.0727642,0.031982064,2.0313125,1.3014386,0.5491134,4.024935,0.8117669,2.9940848,3.155699,20.984348,0.4882393,727.4258,0.35641113,1277.6481,0.17091694,-104.215454,-0.8783008,1750.5598,0.150331,1038.6482,0.25348184,-102.78172,-0.85189277,2758.708,0.106180444,961.9547,0.3467724,-105.58628,-0.8043994,-10.352841,-0.89918727,21.42936,0.3568111,0.031067884,0.88186896,-0.013893058,-1.3311574,0.5554611,1.4060196,30.373417,0.38687804,-9.575111,-1.6073371,15.412969,0.9318988,-13.104402,-0.9675358,-8.166119,17.69174,0.015146051,-0.004423798,0.34239203,2.2517912,4.0206184,0.119743586,0.08979998,0.11666667,0.102686144,-18.54108,o,Ses01M_impro03,Ses01M_impro03_M022
98,32.65147,0.25796726,26.137442,29.699377,35.316,9.17856,368.31235,704.23114,148.95241,169.88472,0.9495379,0.8731088,0.36773464,0.6887378,1.2746251,0.9068904,13.154121,16.765574,8.086572,5.6447797,0.53637177,1.4100345,26.770536,0.49754423,-10.23182,-1.5139282,15.653379,0.92578804,-13.299487,-0.9741383,0.03417635,2.0238018,1.3246115,0.52738774,4.045272,0.8579556,1.9956969,4.7254906,20.198013,0.50544685,753.0051,0.33262447,1268.0759,0.17602795,-95.752235,-0.9516689,1778.9717,0.1439936,1042.7133,0.2622805,-94.242065,-0.9178453,2777.0989,0.10302893,967.12354,0.36177608,-97.14198,-0.8644015,-9.915056,-0.9787223,21.07964,0.36673924,0.034631692,0.7520406,-0.01465715,-1.3133004,0.6220226,1.3184787,30.18372,0.41056576,-10.744009,-1.4496557,14.867494,0.99338174,-14.247324,-0.879123,-7.0130005,16.7792,0.019359484,-0.0060396176,0.43695828,2.5740025,4.2746115,0.12242424,0.09208132,0.09612904,0.07777873,-17.5753,a,Ses01M_impro03,Ses01M_impro03_F023
99,34.193714,0.2672316,26.145256,30.92975,48.345745,22.200489,72.42683,9.623598,123.29456,30.248161,0.33001694,0.56498694,0.15616588,0.28681037,0.46879363,0.31262773,3.7240114,1.3879641,1.7770509,0.7796813,0.1202916,0.68920094,30.194118,0.2560041,-8.67957,-1.1585038,12.956982,0.9250021,-14.586174,-0.85386026,0.018548787,1.0307206,1.5477114,0.4173412,5.3929257,0.5496003,2.567308,3.1792393,17.853199,0.31272468,613.4554,0.38455132,1306.6034,0.113990456,-135.71745,-0.6518793,1582.7668,0.14150372,1086.7909,0.30279586,-133.673,-0.65164673,2695.7747,0.08370334,808.90015,0.29914126,-137.2657,-0.599904,-10.164518,-0.41084337,22.095774,0.23853917,0.03782631,0.5810873,-0.011406681,-1.0383162,0.17683154,0.43052885,33.335953,0.17422038,-13.203951,-0.95032793,8.08337,1.5690333,-22.344349,-0.66794646,-10.244566,20.01474,0.018855479,-0.0012728508,0.093263924,4.469274,2.8901734,0.111999996,0.061449163,0.21399999,0.18650468,-33.43945,a,Ses01M_impro03,Ses01M_impro03_F024
100,31.134867,0.26952305,24.664045,26.583147,43.329853,18.665808,98.02061,60.174145,246.3164,204.34581,0.40266818,0.6910545,0.17092565,0.32338837,0.6246157,0.45369008,4.5770445,6.0490856,3.8086,3.0191867,0.17233226,1.1394331,29.70203,0.32480675,-0.22224325,-41.38873,17.062765,0.6313167,-5.6942554,-1.7953132,0.027342958,1.6480235,1.2412192,0.69320804,6.758828,0.43993202,7.2243195,1.1102597,26.362118,0.3464566,627.3433,0.38885513,1414.6562,0.20501259,-123.51084,-0.7228642,1654.3422,0.15984778,1039.8328,0.20608518,-123.680855,-0.67369634,2721.132,0.106968984,995.9138,0.28392962,-126.24697,-0.637224,-17.217743,-0.31227326,26.604387,0.26375374,0.022332048,1.0307211,-0.009121249,-1.1488839,0.18740171,1.0646358,35.816284,0.15312573,0.22502425,47.616604,19.671808,0.6376776,-4.7231646,-2.5823762,-11.447079,20.595053,0.008815617,-0.003275889,0.16577171,2.4282563,3.125,0.12928571,0.13079232,0.19583334,0.14244638,-27.941792,o,Ses01M_impro03,Ses01M_impro03_M023
101,33.741486,0.2784861,24.0317,32.346832,43.909107,19.877407,161.5849,94.41091,269.35477,253.04703,0.4184697,0.70893824,0.17925604,0.3297027,0.6513694,0.47211337,4.867175,6.58699,3.8324912,3.3352842,0.18550958,1.1597444,25.941158,0.39711413,-0.25098518,-34.588448,14.759752,0.6683265,-7.3874598,-1.3860252,0.027568394,1.8423572,1.3172731,0.57792014,6.887534,0.4984738,7.7081285,1.206573,24.171146,0.35063103,619.4896,0.38954365,1423.8365,0.225314,-142.43866,-0.5862141,1618.9896,0.15299006,1005.66315,0.16274033,-139.24019,-0.57240385,2712.4568,0.10098175,952.82733,0.32535958,-141.55305,-0.540711,-16.136637,-0.3098582,26.141714,0.24660683,0.025633363,0.93845713,-0.0072659827,-1.3793923,0.23205523,1.0256184,33.5598,0.14036721,-0.8640294,-11.859376,15.303331,0.7836093,-8.143891,-1.6217406,-10.406507,18.915844,0.008517848,-0.002878436,0.16674083,2.4590166,3.3240998,0.094166666,0.07330965,0.24555555,0.22475225,-27.52984,o,Ses01M_impro03,Ses01M_impro03_F025
102,33.66177,0.16213036,30.533848,32.489967,34.05595,3.5221024,71.573,39.298622,4.58674,5.4102697,0.5138083,0.6298874,0.19404685,0.43982413,0.80084074,0.6067939,4.524717,1.5232625,5.241709,2.7368267,0.23734683,0.867337,31.258442,0.36475688,-3.7248871,-2.8490078,10.86307,1.5659163,-12.157139,-1.4578023,0.031128753,1.7709415,1.1656593,0.6554293,7.4777436,0.30526382,5.809283,2.4862638,25.075346,0.36076048,625.62805,0.40495834,1323.5017,0.18658888,-100.521,-0.9018214,1627.2512,0.14746039,1029.3795,0.22537215,-106.64775,-0.7899437,2710.8171,0.118061975,903.60504,0.25678465,-110.289246,-0.7336439,-15.973492,-0.36038116,28.20926,0.19474854,0.03376365,0.671811,-0.016158823,-0.9913492,0.30152807,0.6302926,38.10335,0.18003404,-2.9675572,-3.3561475,13.337724,1.329997,-5.7297597,-2.871492,-8.435548,20.273388,0.017220892,-0.0033961823,0.17315288,3.448276,2.877698,0.175,0.1551612,0.1475,0.08870598,-24.666983,q,Ses01M_impro03,Ses01M_impro03_M024
103,35.14784,0.21696079,29.402065,34.372097,36.3293,6.9272346,161.28532,104.06328,125.20348,69.1866,0.41551766,0.6497641,0.14507331,0.38501883,0.68483824,0.53976494,4.178978,1.3348497,1.5193136,1.1116396,0.18153214,0.9201412,31.357533,0.25905982,-8.1005,-1.3892814,11.904361,1.2928458,-11.093139,-1.4309857,0.026407916,0.9573034,1.2545427,0.54824483,5.8000503,0.49170336,0.52486926,18.48125,20.439587,0.5841317,677.52655,0.39290375,1306.1683,0.1770412,-145.77818,-0.56818295,1691.7185,0.15103643,1111.5703,0.23787312,-147.26314,-0.52568257,2766.6975,0.08382309,923.12897,0.21925153,-149.3828,-0.49752775,-14.236278,-0.4956465,26.222738,0.3212497,0.034837645,0.68683577,-0.014223885,-0.8033812,0.22332464,0.5940259,37.708683,0.12969215,-8.4185915,-1.462654,12.010843,1.3988496,-12.564331,-1.3076054,-10.016585,22.016481,0.010967905,-0.0014305688,0.16974677,2.661597,3.1007752,0.08625,0.07712611,0.24571428,0.22005565,-29.247581,ans,Ses01M_impro03,Ses01M_impro03_F026
104,35.23914,0.23150295,26.808378,35.138294,47.56955,20.761171,105.42535,0.0,65.803085,53.10939,0.47878096,0.48580888,0.22085878,0.48841387,0.69180185,0.47094306,1.2611933,1.7868093,2.4812956,0.62376523,0.20678301,0.64336526,33.65332,0.19036222,-12.173719,-0.9390238,16.244387,1.0350564,-5.5977182,-2.044423,0.020086868,0.51732713,1.3197007,0.45923796,5.376093,0.58068746,1.768166,4.0506787,18.654324,0.7487088,732.1431,0.32321984,1318.1299,0.17422053,-141.46606,-0.5987802,1791.9657,0.102411814,1105.7527,0.25861824,-140.37706,-0.568971,2802.016,0.06648129,986.3692,0.19501032,-142.74158,-0.5376345,-12.857239,-0.47119316,22.511438,0.3737865,0.032917492,0.69445574,-0.007457341,-1.4101154,0.20986627,0.56481236,36.814106,0.109120935,-11.561017,-1.0654434,19.119066,0.8085271,-6.394747,-1.814461,-9.871265,21.216383,0.01786867,0.0005038537,0.2157141,2.631579,3.6697247,0.08,0.0543139,0.136,0.07838367,-29.160063,a,Ses01M_impro03,Ses01M_impro03_M025
105,42.075356,0.15075482,34.700066,43.70329,47.397644,12.697578,65.4507,40.85944,367.35855,675.4153,0.48372033,0.61989987,0.2522238,0.44556728,0.64778674,0.39556295,3.2090764,1.4830643,4.3385634,4.848424,0.1586908,1.079012,20.095015,0.44464967,-13.630481,-0.8044486,-0.2419363,-63.239704,-17.20124,-0.8603197,0.025291288,1.1501976,1.113787,0.49966374,7.5633106,0.5298247,7.6100626,1.2907933,19.094637,0.5417103,783.2406,0.2834525,1343.2797,0.17739648,-91.14952,-1.0345027,1753.6145,0.11219103,1080.0903,0.24430631,-83.43559,-1.060887,2789.4685,0.0886285,912.3069,0.45828167,-86.71879,-0.99315417,-8.476098,-0.8213673,19.247372,0.47471797,0.04448786,0.6317612,-0.0050806026,-3.2375972,0.17479403,0.7796719,22.221779,0.34655106,-15.496259,-0.7500029,-5.2453485,-2.9057293,-20.217606,-0.8480665,-4.3262186,12.773763,0.020530505,0.00035788113,0.13818106,2.9776678,1.758794,0.3457143,0.24662621,0.19999999,0.1933169,-28.73999,q,Ses02F_impro03,Ses02F_impro03_F000
106,40.18669,0.16736403,31.912773,42.895203,44.972107,13.059334,34.246456,6.2169256,487.68832,239.37584,0.56048024,0.56846863,0.30618358,0.47981858,0.7329161,0.42673254,3.465367,1.5058872,4.066563,4.333643,0.18926528,1.0176713,20.986301,0.5035254,-9.505865,-0.8505692,1.9146396,8.34439,-20.178038,-0.8373482,0.03218873,1.307503,1.0052463,0.5593534,7.368247,0.6460577,8.083781,1.3117582,21.627268,0.42094243,759.3253,0.2755097,1345.3354,0.1588046,-84.47824,-1.0736839,1742.0658,0.095607765,1080.2351,0.25703576,-81.28147,-1.0224582,2805.181,0.08531512,838.2343,0.30419523,-85.149895,-0.9460433,-11.23803,-0.5842079,22.191656,0.3423211,0.04400348,0.68453944,-0.013791718,-0.89960223,0.1953551,0.83062005,24.919035,0.30268794,-9.367304,-0.9239053,-1.7090733,-9.552389,-23.281199,-0.84278536,-2.60376,9.888204,0.02540437,-0.0053115855,0.19053473,3.6144578,2.0491803,0.306,0.33761516,0.13,0.18073921,-27.087898,q,Ses02F_impro03,Ses02F_impro03_M000
107,47.774677,0.056723062,45.505825,47.109337,49.502724,3.9968987,135.31084,58.025898,25.556328,16.886652,0.34643203,0.63327074,0.12418055,0.29472116,0.5881171,0.46393657,3.1679852,1.7857565,1.7560511,0.88577306,0.10100864,0.8396257,17.82928,0.41605133,-15.807539,-0.6314925,6.511834,2.0362139,-17.144094,-0.58721584,0.032554418,1.0510268,1.8445792,0.39118057,4.621736,0.90198374,7.816898,1.257212,15.600188,0.46111178,903.8497,0.2275312,1236.8099,0.17963776,-157.84164,-0.49409616,1905.5103,0.09675602,1084.5388,0.2066997,-145.90974,-0.5599224,2847.2354,0.09113577,1045.321,0.310392,-146.81715,-0.54796,-3.492341,-2.183046,14.564669,0.6582979,0.05696992,0.35717136,-0.0017595559,-7.2946153,0.18087672,0.5115011,16.020485,0.6037708,-22.88475,-0.4899761,-7.2095523,-1.8166959,-21.098455,-0.43235457,-4.395773,11.568053,0.013288563,0.0040276092,0.071411535,2.3696682,2.4271846,0.11,0.05329165,0.278,0.294238,-36.006725,c,Ses02F_impro03,Ses02F_impro03_F001
108,24.672146,0.063664965,23.392843,23.931976,26.171684,2.778841,15.079693,6.295612,5.9021564,3.3260038,0.33364105,0.9833948,0.08003473,0.14191066,0.4924726,0.41243786,1.5037498,0.47068462,1.7160186,1.4887747,0.05358422,0.96860695,25.612436,0.34538716,0.819024,11.908859,22.620255,0.6344576,-9.5292225,-1.7289909,0.005405394,1.2183791,0.5740578,1.0436743,6.965948,0.25852567,5.5084677,0.777239,24.416407,0.37700534,652.4545,0.40058437,1316.0625,0.16705988,-107.8849,-0.8844868,1674.3071,0.2083397,1018.0279,0.26494312,-110.04207,-0.8397394,2750.7134,0.11935138,919.50024,0.44748196,-112.24871,-0.8012086,-13.633035,-0.5723978,21.506353,0.3803723,0.014963265,1.0741353,-0.005046845,-1.9144157,0.0875364,0.6139267,31.158415,0.2136003,2.7649586,4.6275578,28.491222,0.6482924,-12.065428,-1.8853657,-10.318299,20.347736,-0.009289917,0.009829841,0.02205055,0.87719303,0.5934718,0.815,0.065,0.56333333,0.28859812,-30.495022,b,Ses02F_impro03,Ses02F_impro03_M001
109,31.335608,0.20296626,25.058582,32.47033,37.874306,12.815723,1028.8264,0.0,13.635409,9.937056,0.24076834,1.204938,0.072876096,0.1368196,0.29292828,0.22005218,3.3138876,3.4197814,0.914672,0.0143766105,0.059601083,1.3787413,27.258892,0.21777385,-7.0752616,-1.124258,17.884914,0.43713352,-12.953172,-0.9177333,0.0131102605,0.8678291,1.209966,0.46859568,5.140317,0.50952893,3.8015676,1.8511676,18.57042,0.5311797,602.46344,0.35514796,1291.7931,0.103205405,-140.92319,-0.61434495,1594.1343,0.1349056,948.0734,0.17658529,-138.45792,-0.6178846,2633.1428,0.08886727,936.076,0.56990063,-140.06615,-0.59367096,-9.645247,-0.4739825,17.966404,0.37787473,0.029140264,0.53525573,-0.01150491,-0.7203072,0.12578301,0.9237068,28.692675,0.20542035,-13.696222,-0.61249816,17.784954,0.5931288,-22.610626,-0.48466495,-12.2757435,20.988525,-4.493431e-05,0.002503475,0.029781552,0.98039216,2.5125628,0.12,0.09208691,0.21333334,0.25830644,-33.831867,c,Ses02F_impro03,Ses02F_impro03_F002
110,27.224916,0.12601283,24.102169,25.640133,31.28632,7.1841507,45.045773,18.853983,21.756865,17.56402,0.38783652,0.9889436,0.076285206,0.2686152,0.6290726,0.5527874,8.182325,5.7803035,6.2305655,4.3812466,0.13145778,1.2970312,23.533615,0.4727663,-2.4045467,-5.7715974,17.14569,1.0654737,-8.346376,-1.6879246,0.010776258,0.75166047,0.94381344,0.9793219,6.1194215,0.3992134,6.4147816,1.0566267,25.672688,0.5508156,499.34976,0.42064863,1395.8772,0.17950745,-150.9161,-0.5442932,1571.537,0.14628848,974.1737,0.41132548,-151.1435,-0.51062655,2656.7595,0.10922165,857.2832,0.37878123,-151.1117,-0.5112318,-17.096138,-0.57922846,24.751738,0.4862932,0.011393432,1.8299458,-0.008244858,-0.93892586,0.21383402,0.99700314,29.153166,0.431763,10.232587,0.9580641,31.411318,0.54129946,-2.1599407,-6.0758643,-7.4525914,17.81078,0.0016111861,0.003451229,0.09257913,2.0833335,1.2084593,0.225,0.15321553,0.46400002,0.4447741,-28.687239,dag,Ses02F_impro03,Ses02F_impro03_M002
111,34.92973,0.18280931,31.124487,33.683792,36.592068,5.467581,111.74591,150.51172,15.74252,11.058534,0.94139075,0.5773974,0.36963162,0.89711523,1.4548616,1.08523,7.774224,5.2049923,7.7220516,5.4202065,0.27332693,0.7971329,25.656736,0.3914151,1.1317734,11.225788,14.3495865,1.2024117,-28.88768,-0.6366047,0.014487288,1.9937333,0.6921849,0.67755795,9.1946125,0.34264013,2.0294986,4.253599,16.63224,0.6828012,606.97406,0.38518682,1383.1572,0.179247,-28.114365,-2.1276326,1692.464,0.1943835,1052.971,0.404441,-35.271267,-1.4620918,2737.267,0.086565405,852.9629,0.46643534,-35.725945,-1.4277521,-11.623808,-0.7491264,19.76568,0.49076697,0.050484672,0.39737967,-0.023823638,-0.6142802,0.2715757,0.75210977,26.257105,0.3930516,1.7525936,7.3687797,12.641804,1.271597,-30.149704,-0.62197864,-6.3058743,13.191113,0.01892641,-0.023045266,0.37548646,4.1984735,1.5686275,0.5675,0.7110335,0.07,0.014142135,-20.721663,s,Ses02F_impro03,Ses02F_impro03_M003
112,41.110462,0.20232122,33.44265,39.31806,50.277664,16.835014,348.84555,408.4815,129.79948,157.32036,0.37739256,0.5869694,0.17526202,0.32969823,0.55936086,0.38409883,3.2441812,2.0805385,2.3870742,1.4264003,0.10493182,0.79374677,19.341972,0.33905596,-10.191359,-1.3467143,11.468998,1.5009493,-17.098646,-0.6668088,0.022204323,1.1630542,1.0100013,0.5339047,7.335466,0.46662357,7.41907,1.2523648,18.462215,0.51257354,745.381,0.33636624,1325.2397,0.2431129,-114.17806,-0.8116092,1789.4645,0.13544093,1004.6246,0.3788229,-101.68211,-0.88132626,2802.585,0.100162335,1025.4147,0.4296368,-104.31593,-0.83262753,-7.248159,-0.88804483,18.542831,0.34777394,0.0433145,0.43111748,-0.00598947,-3.1729605,0.12093827,0.62301236,20.689394,0.28796402,-11.088754,-1.4275401,8.635781,2.2688296,-18.726692,-0.578462,-4.316872,13.453134,0.010683985,0.0031458288,0.08997549,2.9850748,2.6565466,0.19,0.17410997,0.17846152,0.20519583,-32.167027,s,Ses02F_impro03,Ses02F_impro03_F003
113,36.728767,0.17862403,32.085495,35.094868,39.287334,7.2018394,392.68106,568.633,223.43628,333.36758,0.504118,0.6956507,0.22289279,0.4343698,0.70723337,0.48434058,6.849538,4.308641,5.28195,3.9360704,0.17209688,0.9855773,21.757217,0.43310267,-5.926069,-2.4421992,17.091059,0.89142394,-12.038395,-0.95211565,0.029335566,1.2732877,1.1611199,0.65499234,6.8507066,0.5077042,9.1045,1.0859202,19.345425,0.52229977,679.3401,0.37025875,1332.8809,0.20404422,-96.182755,-0.93699026,1720.4905,0.13497783,1003.7299,0.34321904,-89.046585,-0.9376512,2729.9956,0.09989625,952.11633,0.38171053,-90.35032,-0.90868586,-10.978264,-0.66087097,19.627996,0.44116077,0.044153117,0.5834746,-0.00977803,-1.2788752,0.18037677,0.86753154,23.879915,0.3580856,-4.710071,-3.1496034,16.371021,0.9861796,-12.955848,-0.95343727,-5.8386946,14.222105,0.019509286,0.000121337805,0.16313332,3.1634445,3.3687944,0.1731579,0.19593374,0.108888894,0.08704334,-28.687387,o,Ses02F_impro03,Ses02F_impro03_M004
114,41.911236,0.21772255,32.09497,47.060112,50.19746,18.10249,727.1668,692.01886,240.94194,190.28291,0.3667094,0.79103047,0.17984465,0.28731897,0.44633865,0.266494,8.806469,5.7122655,-0.40401,4.1825695,0.12348564,1.3698088,17.886522,0.45297688,-14.1901,-0.81390625,7.908625,1.0970207,-16.181852,-0.6515429,0.028552366,0.5845869,1.8418218,0.59708226,4.551492,0.55525744,3.5677176,2.6486201,11.89204,0.81819296,758.4962,0.35654804,1296.4622,0.24411279,-156.46402,-0.48720175,1718.0813,0.14847313,1066.0223,0.22597788,-148.7252,-0.5185055,2710.3113,0.085827366,918.1047,0.35994977,-148.26056,-0.5133028,-6.55071,-0.9463584,14.732447,0.47412613,0.041046616,0.6363969,-0.0051791407,-2.63746,0.17148067,0.94036496,20.254986,0.45393333,-12.294713,-1.0851337,6.966139,1.4143506,-16.192102,-0.826545,-2.9325175,12.019187,0.023952456,0.005247041,0.090288706,2.0100503,4.663213,0.05111111,0.026010444,0.1625,0.09934158,-31.366856,o,Ses02F_impro03,Ses02F_impro03_F004
115,35.218388,0.14574647,32.054497,35.08135,39.44391,7.389412,80.10934,88.90372,61.812374,29.970522,0.79349524,0.5975802,0.31914094,0.7180417,1.2078757,0.8887348,9.851197,4.156852,9.078841,5.636076,0.32075554,0.7970158,20.625526,0.42330605,-11.364476,-1.160958,8.875271,1.6969186,-20.539728,-0.60340685,0.03491694,2.1819198,1.1204327,0.70243156,5.6482134,0.58592004,3.2074435,2.7861838,15.491643,0.43654567,640.52094,0.40147305,1343.4818,0.22449039,-80.31472,-1.1460901,1671.0865,0.15979475,1032.873,0.282125,-74.73822,-1.1473501,2692.7188,0.07472041,869.2364,0.3634296,-76.452965,-1.1037887,-7.5993204,-0.9229522,16.981476,0.39254934,0.057233423,0.43990898,-0.010935035,-1.2539783,0.40664417,0.6150488,22.501707,0.37824482,-10.1635475,-1.3344408,6.7617936,2.4131038,-21.497988,-0.6408599,-3.6563053,10.815005,0.03208807,-0.0040848115,0.16416353,4.6153846,2.7559056,0.23142856,0.33485302,0.13166666,0.07470311,-24.471556,q,Ses02F_impro03,Ses02F_impro03_M005
116,39.816303,0.16335426,35.006016,39.488304,46.390015,11.383999,23.127636,29.191952,27.218035,15.84996,0.2682451,0.72616285,0.1509911,0.22203934,0.29584768,0.14485659,1.6238925,1.6715196,1.5786897,1.2080227,0.05987309,0.9241061,25.76618,0.18879054,-16.26941,-0.6051415,10.442078,1.0601046,-16.821495,-0.6854579,0.021581331,1.3173279,1.2673708,0.45466486,6.6136403,0.6104301,7.2805667,1.3640517,14.767819,0.62795115,702.8681,0.2914574,1319.866,0.26242995,-84.18394,-1.080525,1723.2794,0.107388206,1021.0279,0.3006829,-78.9813,-1.0624365,2689.956,0.083167866,1075.4902,0.45798585,-81.544106,-1.0065941,-8.428567,-0.5282706,14.869032,0.40080535,0.038789596,0.65387094,-0.004950581,-2.628076,0.0642606,0.9452433,26.674894,0.1850154,-18.312523,-0.5320788,8.289479,1.3377491,-16.430418,-0.6986182,-8.514525,13.923445,0.019700045,-0.011070013,0.053648964,1.62413,3.521127,0.174,0.2006589,0.083749995,0.06594268,-37.34668,q,Ses02F_impro03,Ses02F_impro03_F005
117,39.182964,0.17313346,37.91693,39.577377,43.998604,6.0816727,384.24548,713.1929,116.184975,178.17413,0.23435642,0.7144115,0.11362552,0.18701524,0.31646228,0.20283675,2.7402055,3.8778489,1.9967108,2.876094,0.05701684,1.1267371,26.507757,0.30761853,-13.813334,-0.90864635,10.716926,1.1211417,-16.941767,-0.61895126,0.02177104,0.98833495,1.3466084,0.53994757,6.321446,0.54243314,7.751051,1.1486285,18.804804,0.47168022,726.39343,0.27578124,1403.839,0.17415315,-113.62242,-0.81287163,1728.983,0.11504482,1095.6995,0.26102966,-103.37618,-0.8556086,2737.3965,0.08221927,983.18,0.3784215,-106.29864,-0.80642724,-9.354545,-0.6839487,18.423862,0.3901792,0.03477331,0.5584058,-0.0064225206,-2.2012775,0.055405546,0.97365016,28.956379,0.21946752,-16.471836,-0.7890501,8.746363,1.4387181,-19.223505,-0.5183352,-7.0952363,15.558063,0.020155784,-0.0006883273,0.059118714,1.1510792,3.1768954,0.15431818,0.17174768,0.14,0.12064222,-39.01965,s,Ses02F_impro03,Ses02F_impro03_F006
118,40.927784,0.13852222,38.788578,41.47049,44.194138,5.4055595,82.584206,54.283005,112.97947,127.52381,0.13500115,0.52873147,0.07560628,0.11407393,0.18502648,0.1094202,1.1403935,0.6323793,0.6681387,0.3066051,0.029796375,0.7401553,27.847876,0.2457022,-8.180454,-1.3581542,10.074797,1.1660597,-17.458641,-0.531265,0.022628881,0.7069281,1.2209802,0.40487888,7.4253387,0.3404419,9.630475,0.84714115,24.196894,0.42387927,758.9608,0.23619434,1361.753,0.14001374,-146.67781,-0.5620067,1764.1558,0.105922,1100.8976,0.34384868,-140.64786,-0.5745923,2819.2146,0.07144328,959.98553,0.35731634,-142.89062,-0.54414946,-11.918598,-0.4923079,22.727213,0.3287143,0.027436031,0.6893354,-0.00855007,-1.1977338,0.03549496,0.6171236,31.067863,0.16891229,-9.890818,-1.284706,6.6460505,1.7798079,-22.067596,-0.38422236,-10.414085,19.933472,0.023059191,-0.00045590004,0.027138798,2.142052,2.7210886,0.1125,0.1070144,0.23416665,0.18973483,-45.789333,s,Ses02F_impro03,Ses02F_impro03_F007
119,41.607666,0.14140636,39.481884,42.534695,44.52464,5.042755,173.68967,298.718,257.12546,384.0784,0.14698122,0.48502243,0.08128913,0.1294061,0.20950855,0.12821943,1.3108984,0.66580755,0.89840597,0.5139641,0.031128919,0.66969323,23.619383,0.31594315,-9.223019,-1.1981252,12.580488,1.0583231,-15.15653,-0.58992356,0.02224416,0.7883964,1.3048084,0.36098525,7.0475254,0.4289925,7.675589,1.2960678,18.972334,0.4871026,698.9481,0.31568107,1352.9187,0.14613806,-152.02585,-0.533612,1721.7216,0.118760034,1027.127,0.32703826,-137.78969,-0.6060942,2745.6978,0.09143266,951.1971,0.28200087,-139.83105,-0.57628584,-9.299305,-0.5778268,18.869654,0.42655674,0.028425058,0.7201876,-0.0038717012,-3.1981335,0.042821106,0.48933,26.918571,0.21131262,-13.7124405,-0.9000692,7.234705,2.5320556,-16.992939,-0.55282795,-8.585698,15.730206,0.014879417,0.0011991857,0.024423335,3.1172073,2.6448362,0.11904762,0.07837059,0.23809524,0.21643472,-44.930916,s,Ses02F_impro03,Ses02F_impro03_F008
120,48.95548,0.07263916,49.017693,49.819378,50.362877,1.3451843,9.335965,8.353035,58.538822,0.0,0.47181055,0.5718233,0.19608021,0.4538664,0.7295904,0.5335102,3.2097754,1.6123638,2.4574585,1.2451769,0.11823774,0.75895804,11.6150255,0.86751676,-13.411049,-0.83291787,-7.839453,-2.7014997,-26.416555,-0.445821,0.024935283,0.65265834,1.3003613,0.5333705,8.245342,0.5203099,3.598033,3.0536745,18.030489,0.32781574,965.0517,0.15514864,1314.1663,0.23079328,-93.79435,-0.949081,1823.4432,0.09695005,1318.2435,0.4213992,-92.37483,-0.92940295,2905.2417,0.056548994,879.98315,0.32478675,-98.79077,-0.809695,-8.592428,-1.1351237,20.32065,0.4297234,0.07913885,0.28726888,-0.0065738712,-2.7403653,0.155434,0.45727375,13.831435,0.7731623,-13.389607,-0.9141523,-18.55069,-0.89670545,-32.566257,-0.32635048,-1.1693288,8.568412,0.025547242,0.001452824,0.06953708,1.7964072,2.4691358,0.2325,0.27878082,0.1475,0.17282577,-29.409369,q,Ses02F_impro03,Ses02F_impro03_M006
121,39.048603,0.20033965,34.4136,39.422432,45.05449,10.640888,229.86871,413.67035,57.598972,38.472786,0.2680162,0.71644783,0.13188702,0.19811398,0.38645488,0.25456786,2.2354739,2.0547512,1.2892346,0.93295336,0.061354764,0.9301448,25.007298,0.35579547,-9.912891,-1.2075112,8.551852,1.9029974,-19.64533,-0.6253328,0.027100608,1.445226,1.176244,0.56719714,7.151991,0.5352093,8.446395,1.0162084,21.01524,0.39279926,725.9535,0.29908282,1365.0317,0.16511789,-99.23829,-0.93966013,1748.265,0.12059543,1089.7183,0.3053317,-93.47069,-0.92542726,2768.4688,0.079427674,940.26245,0.39485967,-96.32239,-0.87288547,-11.691694,-0.6585169,20.782791,0.36091223,0.03940209,0.82248247,-0.01127079,-1.2950461,0.07125927,0.83378637,26.397951,0.3437346,-9.311359,-1.536439,6.8606925,2.6063871,-21.269302,-0.6472744,-7.8429613,16.32694,0.025471658,-0.0035435592,0.047415674,1.822701,2.8309743,0.19647057,0.1890671,0.15433332,0.1362518,-35.030865,s,Ses02F_impro03,Ses02F_impro03_F009
122,28.02483,0.28107494,22.931314,24.910635,31.192545,8.26123,115.47757,106.582146,535.9648,839.4844,0.40871596,0.6007335,0.17332721,0.34181088,0.6768213,0.5034941,3.620182,1.448091,2.7815654,1.2944815,0.092632875,0.7370035,28.081514,0.27774468,-9.953513,-1.0855747,15.208157,0.9859954,-11.80415,-0.8775891,0.019728115,1.3856937,1.0818506,0.74908054,4.774714,0.60315377,4.111414,1.2522533,17.312397,0.49136657,612.47705,0.40523887,1307.9017,0.15094565,-69.0987,-1.2978201,1612.2716,0.16650537,1051.1458,0.39335144,-70.27617,-1.195478,2643.2185,0.11555323,891.49805,0.50300634,-73.97055,-1.1035016,-8.262552,-0.6436199,17.77995,0.40899694,0.03419811,0.6191761,-0.0044809915,-2.8636794,0.10927727,0.6483551,29.310257,0.2596279,-9.740566,-1.2249537,16.27682,1.000952,-12.448856,-0.9056097,-8.283613,18.83872,0.017779665,0.00094551744,0.06053146,3.9473684,2.9333334,0.22272727,0.2616761,0.10699999,0.09737042,-32.292786,o,Ses02F_impro03,Ses02F_impro03_M007
123,36.857784,0.26735407,24.829515,40.393204,45.686787,20.857271,412.07397,488.02402,66.10031,63.564823,0.22074425,0.6752216,0.10627426,0.16913207,0.2901136,0.18383934,2.1099977,1.456611,1.9019514,1.4228557,0.053396534,0.9210201,27.10952,0.28823408,-13.103779,-0.91640335,8.341337,1.6037664,-15.286069,-0.70431054,0.024713768,1.2876172,1.3403596,0.46543834,5.03663,0.60509545,5.1351585,1.7618682,18.78019,0.592381,713.82495,0.30053282,1331.3822,0.18784398,-127.70582,-0.7021018,1674.7592,0.13329987,1164.9762,0.3162331,-118.97928,-0.7330091,2714.626,0.09590017,998.38605,0.44975734,-122.56372,-0.67951596,-8.143439,-0.8548791,19.64311,0.4495478,0.029529545,0.6250376,0.00110226,14.536884,0.060736515,0.78205293,29.490896,0.26591498,-13.962185,-0.86691576,6.7072005,2.3381038,-15.853412,-0.7976329,-7.042061,17.442186,0.022309154,0.0038600059,0.048262622,3.5202088,3.8057745,0.104482755,0.08397808,0.14777777,0.13203067,-38.93466,o,Ses02F_impro03,Ses02F_impro03_F010
124,25.266176,0.14871447,22.668009,24.84784,28.12287,5.4548607,66.68067,54.885105,55.697407,39.449867,0.35952893,0.6585691,0.13602327,0.3221243,0.5212962,0.38527292,4.806068,2.791897,3.7754714,2.570207,0.105972774,0.8863768,25.984581,0.38478118,-3.8726482,-3.1529949,21.049345,0.79633385,-12.843912,-1.0567075,0.03130094,1.2065508,1.2123263,0.65100837,3.0915148,0.7649083,3.40766,1.5821824,18.90634,0.43445012,495.44708,0.39327347,1255.9366,0.18635431,-102.71814,-0.9239144,1561.7845,0.15738901,887.01355,0.39448863,-107.52434,-0.8276571,2601.2847,0.0866287,864.96985,0.37736246,-108.47184,-0.8127447,-11.163156,-0.5508761,19.04236,0.33798128,0.034105573,0.56502813,-0.0104205,-1.3714336,0.12092234,0.7156414,28.515987,0.31783098,-1.3767706,-9.570566,27.119305,0.5975927,-12.326069,-1.1326355,-7.2684956,17.41437,0.02426452,-0.0016812267,0.09174684,3.3950617,2.647975,0.17941177,0.15577021,0.18875,0.15874015,-33.669,ag,Ses02F_impro03,Ses02F_impro03_M008
125,28.31112,0.21656914,24.598846,26.251833,30.493414,5.8945675,114.35683,99.446365,19.02881,15.670347,0.53350353,0.5769294,0.295809,0.44900832,0.7868626,0.4910536,5.231413,3.0633209,5.5210233,3.3827193,0.18073124,0.7843756,24.459854,0.43659428,-2.1150143,-6.145832,22.645983,0.5623316,-15.893887,-0.8160172,0.02938434,1.3419383,1.1659876,0.5967015,4.0411353,0.71343756,4.2548046,1.4604363,18.670834,0.38723436,525.61017,0.4300524,1259.0707,0.19751543,-70.4708,-1.2846549,1595.1488,0.149104,865.7557,0.30213195,-74.401924,-1.1152147,2601.5146,0.08815476,877.26,0.3058765,-74.65302,-1.1095663,-11.947107,-0.4544885,18.882559,0.3485361,0.048531678,0.45904887,-0.016263695,-0.6990198,0.20685737,0.70251757,27.018072,0.3127536,-2.4089,-5.201357,26.154358,0.47022852,-13.958148,-0.90818214,-7.738973,15.212378,0.032727767,-0.010431093,0.1327838,3.3412888,2.173913,0.30333334,0.26695815,0.13444445,0.06865552,-28.587835,q,Ses02F_impro03,Ses02F_impro03_F011
126,29.886631,0.21304965,25.7213,28.0775,32.039444,6.318144,184.05087,205.14064,285.62848,306.88153,0.49416342,0.6272169,0.22304845,0.4227673,0.7513165,0.52826804,6.1152296,4.4327183,4.3301883,3.3581612,0.15692039,0.8767707,26.551554,0.29412565,-5.2010098,-2.4895084,21.712118,0.6399938,-15.6125555,-0.7773922,0.022621213,1.2293702,1.0617939,0.6981978,5.49049,0.5546214,4.1111465,1.3344697,20.122616,0.42139092,510.4905,0.42560107,1272.5577,0.17921655,-78.40455,-1.1959387,1587.8865,0.1449801,891.8319,0.30604747,-81.901985,-1.0357953,2606.9575,0.09270906,888.8767,0.377733,-82.49517,-1.0236993,-13.00098,-0.4681689,19.922173,0.35878128,0.04985549,0.44218612,-0.016851833,-0.646392,0.1791458,0.7662289,28.802383,0.24478093,-3.1591277,-3.7190082,26.559803,0.45676002,-13.675053,-0.9692017,-7.6756935,16.607931,0.023588372,-0.0048196125,0.11911429,3.131524,2.1097047,0.296,0.2961486,0.17222221,0.11242555,-28.865908,ans,Ses02F_impro03,Ses02F_impro03_M009
127,43.565876,0.12919185,41.707962,43.909927,48.048336,6.340374,124.21079,84.297905,211.11412,89.42632,0.2968217,0.40738156,0.17700426,0.28206268,0.39135852,0.21435426,5.3419533,3.259297,3.0270684,2.5589173,0.07882323,0.6402391,21.280483,0.27982703,-15.877882,-0.60104245,16.982521,0.8398471,-18.574821,-0.7450216,0.026008291,0.651558,1.243388,0.39556235,6.260013,0.54939306,3.6923642,2.1278005,5.0164266,1.5978047,753.05566,0.29631296,1329.1731,0.23827285,-133.0257,-0.630762,1782.6632,0.124972574,949.0043,0.39239258,-113.18711,-0.7391257,2713.719,0.084776536,1042.6248,0.33387458,-112.429855,-0.7518757,-8.379202,-0.53209996,14.07135,0.3431415,0.047772486,0.5253913,-0.0068348707,-1.2743831,0.0777271,0.53715825,19.466629,0.2866274,-18.419685,-0.4097439,17.638718,0.7296731,-25.19015,-0.47110665,-6.2326865,14.26156,0.033497117,0.00034625066,0.07500978,2.8368795,3.6764705,0.12399999,0.074993335,0.12399999,0.075259544,-37.94722,q,Ses02F_impro03,Ses02F_impro03_F012
128,38.806705,0.13771074,35.3582,37.891964,40.56981,5.211609,37.0831,15.671403,39.232727,15.381705,0.74111575,0.588992,0.3675089,0.60140157,1.1742479,0.806739,5.6200247,2.3893013,5.2158527,2.719546,0.28772995,1.0736897,22.400864,0.32718065,-9.381066,-1.3858986,1.27014,14.833549,-17.563118,-0.8887235,0.025388243,1.8056146,0.97131044,0.5139312,7.606423,0.5031875,9.372042,1.1805627,20.363047,0.48269185,670.36285,0.42069417,1311.4131,0.1744163,-50.743423,-1.5595978,1628.0847,0.1637875,1030.9791,0.23408324,-43.760098,-1.5350363,2723.2883,0.09752927,821.4621,0.31812677,-50.61259,-1.2611505,-9.567179,-0.6650158,21.757446,0.30739078,0.06907577,0.29058486,-0.005356294,-2.325225,0.3192063,1.0270141,23.090313,0.29135618,-9.750735,-1.4429307,-3.596802,-4.611537,-20.311659,-0.7552941,-6.929144,15.491675,0.031971943,-0.0056022373,0.16230029,3.7974684,0.97087383,0.8566666,0.6654489,0.14999999,0.10984837,-23.753859,ans,Ses02F_impro03,Ses02F_impro03_M010
129,42.262405,0.15621194,36.149055,43.45836,48.872746,12.72369,97.94378,86.05078,51.161396,38.22251,0.25100356,0.6306557,0.13030711,0.22441116,0.33963448,0.20932737,2.4265974,2.5276113,1.2910361,1.4815514,0.05756258,0.9275662,23.150183,0.35435018,-13.148902,-1.0031123,8.317281,1.2112466,-20.530619,-0.5676795,0.02731149,1.3855233,1.2611252,0.45629236,7.5637274,0.4985839,7.538679,1.2162373,17.218666,0.567763,741.30334,0.33666885,1315.1355,0.192492,-109.667946,-0.8297175,1728.4685,0.15370204,1103.6407,0.30368224,-99.639656,-0.8585755,2721.2844,0.08634223,897.237,0.33005506,-102.04107,-0.81728154,-10.107063,-0.533797,19.490713,0.30114964,0.051678013,0.3994169,-0.00035634727,-37.163982,0.06939072,0.93946075,24.238947,0.32453245,-11.814899,-1.1224085,7.0450797,1.4509887,-23.048323,-0.5136244,-5.635153,15.626387,0.034044493,0.007294054,0.041078392,1.8987342,3.514377,0.14772727,0.1469982,0.1285,0.13712311,-36.169464,o,Ses02F_impro03,Ses02F_impro03_F013
130,33.929184,0.22791058,27.487402,30.87452,39.389954,11.902552,96.14688,45.723785,157.01173,184.0809,0.3925086,0.5796511,0.20594627,0.3237846,0.5531477,0.3472014,3.8406582,2.0126836,4.1592684,2.113827,0.11605318,0.7532007,21.70002,0.45074353,0.21958481,55.550377,7.944838,1.4772899,-13.741936,-1.0490783,0.03194015,1.2724231,1.1438266,0.6686901,5.8829193,0.65537614,3.3586657,1.9107604,17.104816,0.52254426,627.9884,0.39996904,1300.9711,0.13722692,-108.19765,-0.8295455,1650.4609,0.177687,1045.1476,0.2761846,-104.32791,-0.81353647,2628.3777,0.096266866,907.94446,0.31451216,-106.39684,-0.7767713,-9.476217,-0.6310817,18.735428,0.31760034,0.04811895,0.5379457,-0.0076446026,-1.6796598,0.13527085,0.6490922,23.323484,0.43497568,-1.9826007,-6.2976913,7.5964346,1.7848905,-17.385733,-0.8439451,-10.705839,18.622353,0.040978637,-0.0047608055,0.097794466,3.2934132,4.5731707,0.10466666,0.087244235,0.10692307,0.09218582,-32.56224,o,Ses02F_impro03,Ses02F_impro03_M011
131,40.646393,0.22735651,32.009113,42.16047,45.06477,13.055656,299.72208,343.59763,94.55652,78.05537,0.41381744,0.89527446,0.1402718,0.27581662,0.64473224,0.50446045,5.796051,5.0870976,4.8122654,3.7488909,0.14241819,1.3603783,23.31826,0.3045075,-11.63397,-0.90507835,4.7822504,2.8859363,-17.742659,-0.5265784,0.033889107,1.096027,1.4148719,0.45377436,5.9708886,0.6126999,9.23,1.1836799,17.865015,0.49330148,722.68884,0.31936574,1352.2532,0.19172256,-125.82408,-0.6913932,1704.3209,0.14025569,1086.4537,0.23843935,-110.039635,-0.7820899,2691.2798,0.087408565,933.46796,0.2871741,-112.446976,-0.73933125,-7.805565,-0.6604034,19.135077,0.28848052,0.04013634,0.6260213,-0.008928734,-1.4775412,0.18983822,1.2401254,23.798624,0.2612903,-13.529065,-0.71485615,1.7584822,7.5303874,-20.297579,-0.458594,-8.573004,16.29869,0.0307019,-0.007827273,0.08929517,1.754386,4.43459,0.1005,0.08616699,0.121764705,0.071144864,-29.713793,ag,Ses02F_impro03,Ses02F_impro03_F014
132,32.251865,0.19937558,27.042847,32.009113,37.181347,10.1385,109.7906,111.76659,391.52588,734.04565,0.6997926,0.49863046,0.36446753,0.6765948,0.94995457,0.585487,7.4625726,6.218224,5.4758472,3.5605347,0.25738278,0.7803784,21.594467,0.5156968,-13.233294,-1.0325863,12.531893,1.2169375,-17.70362,-0.8091527,0.032996953,1.4142958,1.2397269,0.6199476,4.1510124,0.9002863,2.9045002,2.6740572,16.35095,0.5218132,568.90967,0.3899234,1287.1703,0.16118303,-97.931366,-0.9741481,1605.3417,0.1470722,919.21857,0.24254572,-93.695915,-0.9586995,2612.4216,0.09312536,892.1134,0.29115167,-95.94999,-0.91666967,-8.670597,-0.72935396,17.531569,0.39918184,0.052048214,0.46131983,-0.014297751,-0.9759552,0.27256164,0.7981754,25.409718,0.32476923,-11.450137,-1.1075646,14.3627615,1.0146092,-16.788822,-0.8119434,-0.73730326,12.407394,0.032022238,0.0053241397,0.241303,3.1558187,2.7888446,0.19214284,0.17704633,0.15615384,0.10269735,-27.054964,s,Ses02F_impro03,Ses02F_impro03_M012
133,36.452553,0.20822583,27.529911,37.85064,43.079124,15.549213,204.20164,237.72018,115.29607,73.176384,0.34064627,0.7029768,0.15031764,0.27274814,0.49583477,0.34551713,3.5720515,3.1564288,3.025102,2.8601956,0.08905139,1.0892948,24.757795,0.43064198,-13.761187,-0.8682483,15.218669,0.8329216,-18.716291,-0.57989967,0.024387326,1.3014866,1.1701515,0.50285625,5.926376,0.57901996,5.3488493,1.569525,16.9785,0.534579,658.36084,0.3549247,1348.488,0.1576203,-122.90221,-0.74103904,1708.6674,0.13977689,983.25555,0.24006824,-117.64501,-0.7473767,2693.0608,0.09122244,970.7404,0.39230543,-118.87391,-0.729059,-9.278229,-0.5762085,17.254385,0.3757042,0.034403898,0.53703034,-0.009534718,-1.1488386,0.10418533,1.2156147,28.328878,0.2642283,-15.321648,-0.79482466,15.020858,0.8269281,-21.86275,-0.510454,-5.7396235,13.514935,0.016595969,-0.0002533993,0.07904762,2.1001616,3.4201956,0.11952381,0.101909205,0.14545454,0.22781028,-34.3641,s,Ses02F_impro03,Ses02F_impro03_F015
134,33.280117,0.1223515,30.440247,34.60012,36.24727,5.807022,157.37125,238.11743,38.490524,43.693203,0.21730827,0.7638622,0.11041354,0.17198075,0.25318968,0.14277615,2.3040984,1.8527668,1.3520311,1.8293425,0.045210913,1.0384707,30.57776,0.18058577,-12.658628,-0.8060736,16.544827,0.92831314,-16.833479,-0.6384778,0.0138962185,1.45143,1.1861184,0.45738077,5.4462085,0.46788746,3.6857538,2.0842173,18.306583,0.47074226,611.3621,0.30296278,1406.7286,0.18087116,-81.230095,-1.134509,1617.7905,0.116163835,1033.843,0.2981587,-82.685844,-1.0554974,2676.757,0.08129819,928.0759,0.33125764,-86.24839,-0.9814494,-8.205788,-0.55348426,17.928158,0.3690774,0.03378333,0.5928796,-0.0038789364,-3.223743,0.052338798,0.9422374,31.80886,0.17849648,-15.7832575,-0.64841646,13.732558,1.1523142,-18.294603,-0.58990496,-10.076715,17.725258,0.01798016,-0.001325249,0.03299799,2.5553663,3.2702239,0.17947368,0.11066658,0.10631579,0.10504186,-37.991405,s,Ses02F_impro03,Ses02F_impro03_F016
135,29.200386,0.19946285,24.904778,27.32387,34.87436,9.969582,266.9005,235.28615,36.85952,35.73612,0.2981691,0.6039172,0.15135917,0.24393785,0.42523423,0.27387506,3.0493731,2.4690375,2.7141564,1.5682169,0.0721231,0.77199125,28.333635,0.29103532,-7.9793887,-1.2345352,18.972471,0.77463007,-17.319822,-0.70215,0.019327445,1.2481648,1.0807308,0.58701426,5.0369754,0.5561168,4.7356434,1.2981654,20.029478,0.3695074,537.94556,0.3545318,1347.4773,0.15550674,-100.605125,-0.93093127,1558.5548,0.14533408,948.6719,0.26608992,-101.7762,-0.869255,2617.8281,0.089030735,938.7961,0.48877478,-104.3817,-0.825707,-10.572716,-0.49343517,18.95985,0.28819144,0.03375582,0.67968833,-0.008175628,-1.3749646,0.086055785,0.69859624,31.387531,0.19819957,-7.741461,-1.2203537,21.874775,0.75573504,-16.696259,-0.74323213,-7.6778765,15.696158,0.020743545,-0.005679149,0.05772927,2.8006592,3.3277872,0.1485,0.21145388,0.132,0.10524257,-35.58913,q,Ses02F_impro03,Ses02F_impro03_M013
136,28.922287,0.20586862,23.60264,28.400248,32.85296,9.250319,406.79175,444.74265,45.45191,55.313816,0.3172557,0.9684669,0.1437261,0.21993434,0.36830902,0.22458293,3.300641,2.9443247,1.5697222,1.3115366,0.069151156,0.9857792,25.830404,0.27950597,-11.110843,-0.8490709,14.476067,0.7511168,-18.314453,-0.6311819,0.017740952,1.010834,1.1222073,0.6685724,4.2362523,0.5691867,3.4879925,1.9163319,16.368078,0.46694398,580.99005,0.41341707,1351.4354,0.191293,-126.70744,-0.7257928,1567.921,0.17017709,1040.0521,0.30713326,-125.2272,-0.7197514,2618.3972,0.07869824,976.35535,0.48932523,-127.85876,-0.6792602,-8.417748,-0.61621064,17.199297,0.31017548,0.030666886,0.59364307,-0.005984452,-1.8341604,0.103366286,0.8533344,28.811266,0.20253246,-11.557719,-0.7665149,15.66057,0.8063475,-20.72435,-0.5949188,-6.8504944,14.7392025,0.020470437,-0.00221244,0.048210263,1.24805,2.6729562,0.13647059,0.136293,0.21764705,0.16696352,-33.419014,ans,Ses02F_impro03,Ses02F_impro03_F017
137,23.226645,0.1884346,21.622807,22.691757,25.93214,4.309334,31.753798,10.9951105,407.8477,305.24448,0.22481936,0.62183815,0.08155802,0.19293927,0.35858586,0.27702785,1.2701559,0.88806665,1.6361818,0.6210343,0.0496626,0.7627286,27.195036,0.42289793,-4.5365367,-2.289872,18.949291,0.48299763,-7.9539075,-1.2441468,0.021991791,0.9359474,1.2514133,0.66274816,3.3169198,0.5671272,2.3997688,1.5690022,23.831327,0.34336656,567.6712,0.49426195,1386.3854,0.20540477,-117.485855,-0.76706636,1498.3467,0.15998998,1177.6564,0.34890592,-121.91076,-0.70020425,2606.1975,0.11264129,917.49994,0.20595358,-125.01268,-0.6558734,-11.252245,-0.23980087,22.66909,0.32965028,0.02178651,0.94035685,-0.004183479,-3.2248147,0.063056976,0.49069446,34.07385,0.17011036,-5.7230663,-1.4360762,20.289154,0.54675287,-9.683869,-0.99891067,-8.801792,16.59593,0.011189639,0.0018051814,0.042661387,3.4965036,3.6231885,0.108,0.060464863,0.12166667,0.05398045,-39.14502,ag,Ses02F_impro03,Ses02F_impro03_M014
138,36.16933,0.19847779,33.038532,36.9942,41.561527,8.522995,256.00137,406.37354,83.67663,89.96341,0.18152523,0.6218689,0.10511571,0.15242605,0.21660136,0.111485645,2.0286725,1.6784221,1.1138356,1.4899857,0.040093172,0.85557073,30.01349,0.19417872,-11.793098,-0.9924037,12.818858,0.994249,-14.462897,-0.61856264,0.019826408,1.3523251,1.2411152,0.4217622,6.3609943,0.510728,5.5616593,1.7683591,18.911108,0.38944113,674.9695,0.332102,1373.7164,0.1918452,-99.03323,-0.93683857,1685.5947,0.14227822,1104.0002,0.31014422,-96.47267,-0.90342927,2690.4944,0.09743592,1000.5384,0.3374243,-99.62614,-0.8457851,-11.393239,-0.53805774,20.295855,0.3126829,0.0320381,0.70514554,-0.007289632,-1.723679,0.04145284,0.78000337,32.052467,0.14996526,-12.517228,-0.89728874,12.757821,1.0651631,-16.473127,-0.5472217,-9.959213,18.384237,0.023880795,-0.0030806046,0.036548395,2.5677605,3.4532375,0.1525,0.10940178,0.13238095,0.09309006,-40.48518,s,Ses02F_impro03,Ses02F_impro03_F018
139,29.725292,0.23831238,23.125063,26.9724,36.488865,13.363802,223.41183,259.28058,14.59343,6.6505227,0.30124173,0.6511483,0.1233966,0.2152426,0.498607,0.3752104,2.6887481,1.5481619,2.4657211,1.5937023,0.07108685,0.8115013,33.405685,0.17905349,-9.384389,-1.1438068,17.89922,0.86443824,-15.1475,-0.59113806,0.017977372,1.4186856,1.0415534,0.53518045,5.3156705,0.44199717,3.1222956,2.3790882,20.251156,0.3730587,598.5402,0.3662763,1353.4167,0.16326503,-61.91477,-1.3680825,1634.2722,0.15546203,1026.8782,0.23760356,-64.30771,-1.2131842,2637.9097,0.108640485,921.2779,0.35403788,-67.85388,-1.11777,-11.930589,-0.50711775,20.86049,0.28407753,0.032136433,0.65464747,-0.010158076,-1.3556609,0.07591062,0.75942427,34.699825,0.17314059,-9.113387,-1.2447537,19.405008,0.8571233,-15.800518,-0.6038367,-10.9375725,19.716671,0.026630687,-0.005493166,0.061231125,3.2019706,3.0,0.23333333,0.23931614,0.08,0.038514066,-34.307995,q,Ses02F_impro03,Ses02F_impro03_M015
140,31.117884,0.28657782,23.59235,26.898561,39.707184,16.114834,88.82083,89.03358,401.95374,675.0228,0.3211475,0.73396355,0.12311795,0.20250349,0.5670579,0.44393995,2.7112346,1.5366552,2.8106298,2.242866,0.071264334,0.876034,28.530245,0.2681056,-8.82746,-1.1182486,14.922552,0.8596098,-18.563213,-0.4860371,0.01681382,0.9831159,1.0792038,0.5157342,5.3599453,0.47782063,6.164898,1.0370958,21.123718,0.33910638,594.4157,0.39143217,1290.9924,0.13824385,-91.8805,-1.0286069,1582.7217,0.14729802,1014.7926,0.25444397,-92.29297,-0.95674133,2637.0166,0.09552763,851.3262,0.34982944,-96.008675,-0.88862944,-9.893824,-0.47154078,20.163563,0.31372795,0.037478823,0.4113867,-0.008863539,-1.5275416,0.08513196,0.73018163,30.277742,0.20771606,-8.741382,-1.1376803,15.5439205,0.87349194,-19.76559,-0.42703724,-8.611188,18.513582,0.022949452,-0.0015196395,0.05242157,1.8258427,2.9745042,0.18428572,0.15255198,0.14578947,0.17553873,-34.16651,ans,Ses02F_impro03,Ses02F_impro03_F019
141,25.445488,0.13923335,23.497826,24.357172,27.258823,3.7609978,24.351358,15.337832,471.75897,718.4337,0.5087196,0.43379375,0.33159578,0.5148121,0.6818017,0.3502059,2.9295437,1.2935745,2.649616,2.1533775,0.116295636,0.6435761,26.697226,0.35368228,-4.9562736,-1.992157,22.120844,0.5747742,-17.201607,-0.5349884,0.015552915,1.1862925,0.91914576,0.557297,4.297747,0.51440376,3.3632925,1.0517551,19.293045,0.27436697,530.85657,0.4372052,1230.8458,0.12844019,-43.27274,-1.8150624,1513.6285,0.14790209,905.8355,0.32307428,-49.893738,-1.5060118,2576.638,0.08665158,767.5154,0.29812565,-54.438473,-1.3371866,-9.068157,-0.40198293,18.110794,0.26481482,0.038448457,0.36927015,-0.012990726,-1.0364851,0.12643021,0.5092965,29.037397,0.22878641,-5.847005,-1.7420466,23.436049,0.5765016,-17.481161,-0.54176176,-5.669173,14.175441,0.014397501,0.0034558151,0.08293765,3.23741,1.4705882,0.53,0.31136793,0.26,0.06,-30.866924,ag,Ses02F_impro03,Ses02F_impro03_M016
142,29.063442,0.14184698,24.341236,29.748028,33.718323,9.377087,-36.695198,0.0,34.880516,0.0,0.19208838,0.4422063,0.11293799,0.17231801,0.2671479,0.15420991,1.8230625,1.7863002,1.5702256,0.44455266,0.04574723,0.6203944,25.290152,0.45884615,-0.40610918,-33.095444,12.392701,0.7555933,-6.0551066,-1.319075,0.018736703,0.7632127,0.88599956,0.5131587,4.6727996,0.49841663,7.547135,1.0172584,27.66492,0.13897698,496.45566,0.23445277,1396.5294,0.12769666,-155.98004,-0.5042989,1510.8463,0.094091006,1024.3882,0.1755295,-158.69792,-0.46460283,2557.629,0.070262946,922.0699,0.1482,-160.77203,-0.4372609,-13.605176,-0.41977373,24.622839,0.21977964,0.03285664,0.47822934,-0.0013274297,-9.998309,0.057943795,0.75614166,35.249718,0.16946016,-0.43136132,-23.556095,19.807207,0.4797329,-5.07515,-1.0789139,-7.93267,16.743061,0.009651332,0.003978276,0.043014154,4.166667,2.1582735,0.09666667,0.044969123,0.34666666,0.19362047,-40.8808,o,Ses02F_impro03,Ses02F_impro03_M017
143,37.9119,0.22203906,25.813774,39.11271,46.275917,20.462143,49.559326,56.423653,25.465197,21.049452,0.21114512,0.79118717,0.090048894,0.15436272,0.3104459,0.22039701,1.9594252,1.2092911,1.0641801,1.1309278,0.045070123,0.93944967,23.915842,0.49782324,-9.57907,-1.1196749,12.084416,0.8805972,-17.600965,-0.610748,0.021355715,0.7444968,1.2256454,0.48984227,6.9782877,0.552737,8.99379,0.79137564,20.418095,0.48056138,654.49725,0.31704107,1374.3279,0.18174331,-155.77061,-0.50156605,1671.7423,0.1491934,1073.6943,0.23648025,-147.49158,-0.53960454,2713.8333,0.095830396,944.4223,0.38435295,-149.02477,-0.518214,-11.7789955,-0.5118831,21.72551,0.2988,0.03725545,0.541165,-0.007117113,-1.5833261,0.043319706,0.65654314,30.527391,0.22559072,-10.6978655,-0.8589639,8.410057,1.3413652,-23.617096,-0.41754854,-6.8495827,15.292969,0.019127253,0.002769688,0.04520383,1.897019,2.3593469,0.113076925,0.096147686,0.29,0.33229965,-41.20971,o,Ses02F_impro03,Ses02F_impro03_F021
144,31.380394,0.14412177,27.942339,33.01438,34.815636,6.8732967,475.24072,661.7947,129.676,121.18459,0.25188056,0.5329563,0.12850788,0.21759927,0.3823357,0.2538278,2.701634,1.6384779,2.1614196,1.2362347,0.062352594,0.61192966,24.769922,0.55416405,0.4784005,28.459982,18.753998,0.70806134,-10.974914,-1.017804,0.020920545,2.4380596,0.85247,0.80896586,7.9188123,0.52489024,7.2845445,0.9596521,28.748253,0.2708309,541.83435,0.3190523,1385.9548,0.15037936,-128.87993,-0.6857493,1616.7657,0.13447413,1129.9221,0.36151338,-132.54156,-0.613881,2730.504,0.08192773,908.4337,0.33215877,-134.81386,-0.5824396,-16.781675,-0.44686383,26.46137,0.31479862,0.0379785,0.50484306,-0.011338456,-1.0647572,0.06934913,0.6275134,31.822765,0.26401675,8.633474,1.4739803,17.443666,0.8543012,-12.419682,-0.9542793,-6.42252,14.522162,0.016027786,0.0011044884,0.059201196,3.3766234,3.1578948,0.111666664,0.17463453,0.17,0.17685284,-37.270382,q,Ses02F_impro03,Ses02F_impro03_M018
145,33.79337,0.18179679,29.643997,34.005142,41.431053,11.787056,64.23582,30.459387,103.93612,109.86104,0.29407117,0.84238374,0.123549685,0.16560009,0.4775409,0.3539912,2.3243546,2.4901419,2.9865534,2.0704792,0.09194216,1.1600311,29.901268,0.16941133,-7.53073,-1.1011485,13.916978,0.8901511,-14.583169,-0.81083035,0.024289936,0.74537057,1.3625922,0.44016314,5.0853686,0.6713045,5.0051913,1.6264561,18.61521,0.36052048,657.86304,0.32245734,1320.9335,0.15535043,-115.57187,-0.79088056,1691.667,0.12850864,1079.8568,0.27523473,-115.24707,-0.7535738,2607.6528,0.09594789,955.01404,0.3291246,-116.93544,-0.7265381,-10.708226,-0.50195944,19.22742,0.3344801,0.035603948,0.5342518,-0.010473937,-1.0006897,0.10712262,1.0447302,30.63065,0.12432043,-9.834106,-0.8390846,15.4383335,0.85599303,-19.947887,-0.5288955,-11.025723,20.112505,0.022357417,-0.0047263284,0.06309486,1.4492754,3.4653466,0.12428571,0.076505296,0.14428571,0.15258318,-33.443825,ans,Ses02F_impro03,Ses02F_impro03_F022
146,31.098442,0.2105603,26.029697,29.876654,36.332813,10.303116,118.273026,156.5338,74.54923,60.95705,0.49676585,0.6044128,0.23441902,0.41352156,0.74040425,0.50598526,6.0205393,4.955682,4.3890424,3.5106804,0.16447367,0.8740787,24.140306,0.44210008,-8.689445,-1.3956904,11.273376,1.2836509,-14.4725685,-0.95821154,0.0349118,1.5607926,1.3693323,0.62020344,4.256583,0.73091555,2.5512185,2.5735054,17.296198,0.3875501,557.14667,0.38554928,1281.6646,0.14742944,-95.20033,-0.9813674,1544.2072,0.15167157,969.1971,0.24597509,-91.7633,-0.96286094,2603.1802,0.0904548,854.8363,0.39448658,-95.25101,-0.89664066,-8.662203,-0.6777366,18.995302,0.3474325,0.045342695,0.5098257,-0.009099813,-1.4977084,0.19998142,0.7486421,28.050524,0.28083616,-9.207034,-1.2717485,10.241729,1.5108095,-17.395662,-0.8422366,-5.084566,14.296253,0.028571598,0.0012178579,0.11816499,3.2634032,3.3997657,0.15896551,0.15807778,0.11821428,0.11263258,-29.455572,ag,Ses02F_impro03,Ses02F_impro03_M019
147,29.005531,0.23917158,25.05547,26.022476,29.392555,4.3370857,57.53496,8.476078,28.633064,21.821068,0.49513435,0.5191788,0.2808916,0.44118392,0.7085593,0.42766768,7.1119866,4.8486633,4.435664,2.6730616,0.13445604,0.6940878,25.310722,0.34066948,-12.105041,-0.8254307,19.20082,0.54759747,-13.248406,-0.7622592,0.036661457,1.7627579,1.1204438,0.65292996,4.4889,0.70516723,2.6571014,1.5680593,13.689889,0.59231204,553.9705,0.4766167,1166.7922,0.16263378,-104.205734,-0.89313114,1579.865,0.19846246,870.2368,0.2137683,-107.20364,-0.83425194,2573.334,0.0914331,845.50977,0.37585852,-108.41217,-0.8144078,-9.039507,-0.5670148,17.073961,0.31941167,0.03983116,0.58599097,-0.008652809,-1.6406463,0.1547813,0.6149978,26.496513,0.2329555,-10.541532,-0.9923305,22.905704,0.5066728,-15.096182,-0.605294,-5.294978,14.737992,0.022833722,0.0001818213,0.11502211,3.6764705,2.621723,0.18142857,0.07989789,0.17999999,0.119642325,-31.330564,g,Ses02F_impro03,Ses02F_impro03_F023
148,24.654648,0.17421724,21.479914,24.269339,27.051489,5.571575,40.178566,23.657637,87.25349,137.28279,0.2336008,0.563171,0.11936446,0.20407249,0.33267584,0.21331137,2.9221606,2.180065,2.147603,1.1046869,0.051134564,0.6606261,23.576225,0.5429401,0.7608388,16.863707,22.582518,0.62769485,-8.125295,-1.3220009,0.019388834,1.1498573,1.1122382,0.6888862,4.6479273,0.48633522,6.920311,0.8239385,24.551392,0.35744554,562.87036,0.38500544,1328.4315,0.17427713,-110.774055,-0.83572775,1621.9124,0.15326834,976.5178,0.37527877,-117.08023,-0.7282071,2644.7515,0.098820254,871.75464,0.315979,-117.3873,-0.7230966,-14.338899,-0.44553423,21.685852,0.37759277,0.018795865,0.9213746,-0.005864067,-2.0599017,0.06127191,0.53919584,29.295372,0.30021426,5.166287,2.2269285,29.305408,0.47345006,-9.161765,-1.2929596,-6.6826553,15.586832,0.00798678,0.0071202107,0.042822126,3.514377,2.5764894,0.171875,0.13412768,0.18411763,0.15503542,-38.498455,o,Ses02F_impro03,Ses02F_impro03_M020
149,31.974182,0.19389927,25.530933,30.664993,38.562668,13.031734,117.14722,143.27774,94.46796,100.6288,0.32463664,0.9746349,0.08843424,0.18925364,0.5113117,0.42287746,2.9486604,1.9691807,1.4303691,1.490522,0.07299714,1.18765,26.400898,0.27465472,-9.674963,-1.3889619,16.942757,0.9195427,-15.131983,-0.7933193,0.011752246,1.145009,0.97390294,0.57670134,6.046302,0.43144426,2.2259803,3.9127817,15.962171,0.54844224,540.38837,0.37415934,1328.0441,0.16144729,-105.839325,-0.9066593,1564.8541,0.14733592,973.2858,0.2922103,-100.04031,-0.9290891,2589.1978,0.08914143,919.8265,0.34766716,-102.54871,-0.88177264,-8.95932,-0.6950391,17.504765,0.35325843,0.031218441,0.6789106,-0.008713095,-1.0699944,0.11051901,0.9228016,27.476906,0.23798098,-12.518471,-1.2841283,16.007038,1.2408756,-19.565453,-0.6887316,-9.714936,16.963377,0.009515808,-0.0006970539,0.030448647,1.55521,2.1978023,0.22857143,0.14961174,0.26,0.19183326,-32.097897,o,Ses02F_impro03,Ses02F_impro03_F024
150,23.85102,0.16759486,20.333618,23.862228,25.489443,5.1558247,212.73717,201.89484,21.557585,12.975582,0.28521073,0.82425356,0.09983769,0.20420416,0.44673538,0.3468977,4.351347,3.027778,4.4993744,2.929188,0.080431536,1.0519255,26.143095,0.48791066,-1.3707043,-9.2479105,25.060429,0.5865735,-9.415873,-1.2175535,0.019438813,0.87304276,1.3205558,0.742823,3.7221885,0.59543806,4.1595993,1.9892355,21.604239,0.39464045,499.84058,0.368991,1290.4772,0.19657561,-107.80706,-0.8641957,1553.8818,0.13567273,895.3734,0.2683306,-111.45698,-0.7870781,2592.9155,0.09685768,895.0153,0.33234298,-112.83456,-0.7653991,-12.648105,-0.5669335,20.083935,0.39636254,0.022424689,0.9527683,-0.011316436,-1.0559659,0.11417173,0.892984,31.284534,0.2969764,-1.9300529,-7.4188156,30.225637,0.49961624,-8.92703,-1.4618238,-9.460446,16.646223,0.007699505,-0.0009543043,0.050765246,3.5,2.7027028,0.17,0.15467708,0.16882353,0.14116666,-34.323914,o,Ses02F_impro03,Ses02F_impro03_M021
151,30.279015,0.22525592,24.160894,25.72428,40.003582,15.842688,816.48157,788.2868,16.502077,9.289602,0.37930232,0.81865543,0.102975965,0.30804393,0.63387275,0.5308968,5.6194696,3.3547938,5.466815,3.4898515,0.110912494,1.0680269,21.631712,0.6024874,-6.3670583,-2.0297966,22.758059,0.5693242,-11.001762,-0.8548985,0.016692696,0.74596435,1.3595985,0.5777581,4.290069,0.5880568,9.208636,0.8697127,15.773155,0.38385823,478.53918,0.46805164,1099.7173,0.11813073,-132.50584,-0.6853164,1534.1932,0.13384058,800.6645,0.16406281,-117.0239,-0.7666266,2518.0227,0.08088639,831.56354,0.19832288,-117.39215,-0.76125515,-8.077854,-0.60155684,14.917755,0.34355614,0.03516819,0.5297556,-0.013000852,-0.87926084,0.17857948,0.80009663,26.900778,0.2806383,-13.106368,-0.8281503,27.310644,0.41288438,-13.067486,-0.6686271,-7.074266,13.538214,0.014213484,-0.0008722415,0.06263459,3.181818,2.7906978,0.14833333,0.045246236,0.16142856,0.08998866,-31.814161,q,Ses02F_impro03,Ses02F_impro03_F025
152,24.356153,0.13449667,22.24586,23.790945,26.411171,4.165312,59.263092,53.644844,26.96671,12.811604,0.481418,0.6520511,0.19519663,0.3996107,0.76132786,0.56613123,9.306089,6.246973,6.3754034,4.4698105,0.14842013,0.87432176,29.219814,0.32018432,-10.992435,-0.94570696,19.424831,0.6179551,-10.277089,-1.4539762,0.018984519,0.8670654,0.9817644,0.9062694,3.5296817,0.61707276,5.0910597,0.8223731,16.883907,0.5220114,601.7359,0.4468766,1205.1808,0.13386653,-103.67757,-0.9149095,1610.2048,0.2086246,970.26447,0.38641882,-105.487114,-0.8688976,2626.8213,0.122425266,847.4127,0.34914094,-107.5177,-0.8354569,-9.736866,-0.6076973,18.25154,0.33570844,0.033082202,0.53105235,-0.013037644,-1.4697477,0.18308938,0.65804756,33.112904,0.18819419,-10.04896,-1.106209,19.924528,0.6890491,-17.811516,-0.9164095,-6.0563736,16.229338,0.008804191,0.008698224,0.11579484,4.597701,2.3391814,0.20375,0.1604632,0.17999999,0.14313939,-29.738764,ans,Ses02F_impro03,Ses02F_impro03_M022
153,27.083656,0.17041989,24.09935,26.151588,28.975527,4.876177,139.29276,135.99855,51.32192,42.162167,0.53167003,0.5579809,0.24872471,0.50444436,0.77721316,0.52848846,7.2498703,3.6650233,5.571878,4.0032387,0.15424702,0.687802,24.658916,0.36590797,-5.763623,-1.9559478,21.37146,0.76674557,-14.548076,-0.85457146,0.016482158,1.810401,1.0698633,0.69598967,4.447497,0.56795937,3.337947,1.5485617,17.949713,0.47737426,556.5382,0.4144889,1270.2399,0.17431135,-86.96102,-1.0846906,1573.3042,0.15255897,908.8011,0.29970315,-89.59051,-0.99475247,2609.0708,0.09388524,843.04266,0.32937035,-91.25825,-0.95945,-9.308198,-0.6368798,17.726957,0.3734219,0.04123686,0.4476158,-0.013194533,-1.0525116,0.1829835,0.54515505,26.983578,0.3003896,-4.984508,-2.2318337,22.252018,0.86850554,-18.231306,-0.66893643,-6.986055,14.9530115,0.019130204,-0.0004532386,0.115298375,3.5233161,3.0208335,0.18344827,0.17118804,0.12689655,0.09996908,-29.245176,o,Ses02F_impro03,Ses02F_impro03_M023
154,30.70912,0.11267405,28.079622,28.517193,34.97332,6.8936977,321.63577,388.163,30.45096,10.399407,0.36945793,0.57245284,0.22114801,0.31433976,0.5363157,0.31516767,8.782878,5.3723726,3.4037938,3.2215624,0.10984169,0.79504097,26.018106,0.41840857,-10.360013,-1.4159786,14.53041,0.72035396,-16.982416,-0.69795746,0.019037286,0.81531936,1.6378071,0.82734555,4.9324436,0.5838796,1.2779437,5.698036,20.7835,0.4223235,607.4069,0.4184222,1285.5472,0.14559864,-123.84237,-0.7418884,1632.9036,0.19331828,1014.69714,0.27990055,-120.68503,-0.74325347,2672.26,0.09021351,808.2243,0.25129262,-123.35563,-0.7014081,-10.96589,-0.6107484,21.945225,0.30893257,0.041686755,0.32913366,-0.014448231,-1.1039827,0.14899528,0.70819205,33.471382,0.18035541,-5.7545447,-2.7987823,10.088741,1.1813762,-23.513466,-0.4928556,-3.9930155,13.643697,0.021194395,0.001664818,0.079729766,4.8648653,2.777778,0.14199999,0.107591815,0.19799998,0.10457533,-32.22543,ag,Ses02F_impro03,Ses02F_impro03_F026
155,30.508034,0.14549609,26.00966,30.488377,33.990345,7.9806843,30.049812,18.366117,65.73832,68.29116,0.5356381,0.5521435,0.30007446,0.4674242,0.7371456,0.43707114,5.7739906,3.1680326,5.8161106,3.4464316,0.16497749,0.8351019,26.969389,0.38266495,-3.3180199,-4.0897884,15.713803,0.99662155,-18.07796,-0.84666735,0.022018464,1.8137573,0.8907296,0.6359296,6.023783,0.600685,4.6752024,1.502823,21.455229,0.4057421,561.30225,0.34277877,1358.1481,0.15312771,-61.724964,-1.4113797,1607.9513,0.15038088,992.084,0.29041472,-64.03833,-1.2390115,2679.9597,0.08396381,898.3697,0.33136553,-67.11253,-1.1540874,-11.767434,-0.58200264,21.047789,0.35139462,0.050761156,0.3807532,-0.0157474,-0.7775017,0.18927974,0.74130607,29.813934,0.2748949,-1.6848307,-8.20857,14.485985,1.1075524,-20.426744,-0.7623392,-5.135088,12.93999,0.025965564,0.0014980844,0.10580262,4.4811325,1.6746413,0.42999998,0.37370726,0.14714286,0.07850647,-28.513317,c,Ses02F_impro03,Ses02F_impro03_M024
156,34.532772,0.17778733,26.277533,37.06567,40.141167,13.863634,32.614994,28.448229,19.232042,11.020618,0.20952985,0.7228356,0.08877473,0.16227579,0.26924497,0.18047023,1.3835139,1.2703419,1.6390849,1.6266414,0.042266995,0.9363475,27.808447,0.20932414,-11.554018,-0.8241408,12.179217,0.68815756,-15.659992,-0.5241466,0.02256376,0.9902612,1.2729595,0.422427,4.3790007,0.6998752,7.291872,1.1235253,20.568832,0.31310245,668.3774,0.33014432,1434.6848,0.14902325,-114.65456,-0.8027078,1647.777,0.13206916,1127.555,0.22489868,-108.92202,-0.8098916,2671.1008,0.07719893,964.8745,0.34044695,-112.07953,-0.76086855,-9.468703,-0.42807683,19.386938,0.24885596,0.03627241,0.50381005,-0.005979377,-1.9698795,0.056363847,0.8623926,29.858553,0.19662052,-12.321342,-0.6050589,12.098061,0.79632366,-17.888243,-0.46643582,-8.715394,18.394964,0.021553945,0.00045680098,0.030283105,2.3391814,3.8575668,0.11615385,0.09228204,0.12307692,0.13974617,-40.07852,ag,Ses02F_impro03,Ses02F_impro03_F027
157,30.034805,0.30487773,24.302494,27.146704,31.356602,7.0541077,86.620224,79.94756,83.4037,82.65563,0.39540696,0.5961919,0.22246169,0.34291708,0.5555965,0.33313477,5.754398,4.809086,4.7419505,4.1020308,0.11887144,0.881651,23.951454,0.44252667,-4.17143,-3.126426,14.088112,0.98675615,-9.33775,-1.5108947,0.026871342,0.7786494,1.2296467,0.5415286,4.212963,0.7600288,5.1343274,1.0420668,19.725662,0.45673978,679.5734,0.356119,1277.8507,0.1624215,-106.87249,-0.8578004,1695.2994,0.1532707,1034.2457,0.23093633,-105.42808,-0.8276424,2711.674,0.08812141,837.5202,0.38967153,-107.474594,-0.79265666,-10.501142,-0.59155047,19.198586,0.25696304,0.031180333,0.86674154,-0.013224777,-1.3474847,0.14376074,0.8009863,25.967463,0.38715023,-1.3913513,-10.303813,12.941451,1.2509542,-10.5984535,-1.5695585,-6.849376,15.746791,0.016894165,0.00043533067,0.094189726,3.7623765,3.4068139,0.14117646,0.102319136,0.14,0.14313455,-32.02468,ag,Ses02F_impro03,Ses02F_impro03_M025
158,35.492405,0.1809242,30.575758,33.715874,42.853123,12.277365,128.40651,220.82465,34.216267,23.646376,0.32634822,0.88558537,0.11706833,0.23636444,0.48586285,0.36879453,9.970506,8.061376,7.851308,7.425884,0.10316564,1.5353214,27.056107,0.26154944,-11.222146,-1.0396533,13.091441,0.8756469,-16.894976,-0.72292334,0.02515828,1.3115606,1.3120087,0.50926095,4.99713,0.6182508,2.9223583,3.0336053,16.785934,0.60237306,621.15674,0.35146227,1373.0504,0.19139017,-101.706764,-0.9210295,1612.698,0.13344297,1097.4956,0.22621576,-97.41851,-0.9079764,2657.922,0.089795634,963.76526,0.40412188,-100.182,-0.85741204,-9.744555,-0.54944295,19.081032,0.33560154,0.03377696,0.6089372,-0.009655788,-1.5328186,0.11855487,1.467364,29.352745,0.19610143,-11.578202,-1.1761667,9.876109,1.2806576,-20.757149,-0.61911494,-7.1690326,15.286084,0.01578295,-0.0017581532,0.08590307,2.1301775,3.3333335,0.15464285,0.10761977,0.12888889,0.18086894,-32.37092,o,Ses02F_impro03,Ses02F_impro03_F028
159,38.06418,0.22899148,28.68565,39.41005,46.473343,17.787693,101.05839,80.80739,114.566345,181.27142,0.4471767,0.87153137,0.1369491,0.32041913,0.66161,0.5246609,10.1873865,6.7853994,7.1918297,5.6326833,0.15942919,1.154809,25.785467,0.3163176,-13.790996,-0.67602324,8.210628,1.746381,-11.20549,-1.096226,0.041371305,0.78886735,1.64795,0.6306948,5.2400813,0.669785,6.787312,1.0496365,19.857216,0.5826064,661.1358,0.36683667,1286.5675,0.1532097,-108.496765,-0.8216094,1637.8251,0.15510646,966.197,0.17743239,-105.10345,-0.81250864,2741.1765,0.09963705,841.3799,0.21469434,-110.47804,-0.72920644,-8.774097,-0.5976523,21.086294,0.3428105,0.03985563,0.72615963,-0.001904764,-4.5390334,0.1703611,1.1078045,29.563818,0.21585737,-14.0988455,-0.5844852,2.8850863,5.6498704,-14.513393,-0.8593566,-4.9040885,15.416187,0.0106954435,0.006594516,0.14853853,3.3519554,4.5454545,0.10375,0.07904706,0.102,0.08930844,-29.666039,s,Ses02F_impro03,Ses02F_impro03_F029
160,21.50856,0.1291475,18.185009,21.431015,23.758339,5.57333,33.701817,17.932755,49.009663,18.10474,0.19139428,0.6494499,0.07791202,0.15884522,0.30008233,0.22217031,2.06106,1.4202112,2.0831926,1.2950519,0.041991092,0.64856243,27.120132,0.38519278,-5.3979235,-1.7508374,19.513727,0.733926,-4.961329,-1.9952451,0.045938104,1.2908502,1.3559155,0.59865266,2.957711,0.59400725,2.540513,1.1079669,23.966158,0.27556744,527.89777,0.43504688,1304.4535,0.15520552,-136.36942,-0.6541744,1527.9409,0.14401908,958.0264,0.33080205,-138.69789,-0.61075836,2608.1282,0.0807554,942.938,0.5040498,-141.10501,-0.57764184,-13.263641,-0.28592008,23.511654,0.24721612,0.020300923,0.70041656,-0.0011568161,-8.783155,0.05768114,0.38051206,35.806473,0.17982085,-2.1755655,-3.2290537,28.657385,0.5647673,-3.9035997,-2.1110854,-5.7806535,17.416395,0.0021309804,0.009151116,0.034924608,2.919708,1.858736,0.17,0.07797435,0.28833333,0.25523955,-40.49609,o,Ses02F_impro03,Ses02F_impro03_M026
161,41.255688,0.19886611,33.443832,44.609528,46.39688,12.953049,58.387962,0.0,26.855368,24.941154,0.12400464,0.7939696,0.058862783,0.08940409,0.16563115,0.10676836,2.7251306,3.970776,0.5999626,0.40127546,0.02891703,1.0686179,24.05581,0.27970612,-3.5222466,-1.432275,14.255896,0.39935336,-8.457293,-1.1094768,0.024832778,0.73851544,1.0527822,0.48407438,9.516573,0.40666258,5.0188403,1.0443946,18.597122,0.40560654,754.84827,0.29038554,1353.211,0.15554199,-167.85318,-0.40797988,1708.756,0.09984719,999.22375,0.19232966,-163.50317,-0.41973314,2822.6897,0.07349715,820.72327,0.30774584,-165.45757,-0.39265603,-16.554148,-0.269815,27.543913,0.18073374,0.0404894,0.64368856,-0.00020008229,-37.168,0.050291557,0.5779463,29.695505,0.2414016,-3.1755192,-2.3334682,11.897531,0.48866174,-11.869153,-0.91291744,-10.70058,21.18335,0.0034061675,0.009293224,0.023431476,2.0512822,1.5584416,0.12833333,0.09352658,0.42142856,0.6895843,-43.28577,g,Ses02F_impro03,Ses02F_impro03_F030
162,25.774069,0.041516602,25.045351,25.957834,26.284246,1.2388954,246.42754,0.0,-0.2923789,5.3167195,0.15859239,0.39873952,0.09829867,0.15022658,0.22359738,0.12529871,1.3039125,0.86830425,1.1337092,0.95572084,0.031105993,0.61954576,20.412764,0.5385936,-2.6792114,-2.770284,19.178923,0.420725,-6.628405,-1.2025957,0.016267167,0.7689581,1.27502,0.5028277,4.336434,0.38957477,1.1862301,4.6329484,22.059685,0.2877436,516.44934,0.32008162,1370.2451,0.14681187,-144.29875,-0.593348,1554.5331,0.11929111,1088.0751,0.30358148,-146.52332,-0.5488499,2586.3215,0.073402606,1109.7705,0.37118092,-148.146,-0.5264661,-14.934101,-0.27114877,24.574587,0.18375687,0.023056945,0.726358,-0.00012208667,-90.56288,0.043733113,0.3779452,31.239424,0.15836684,2.6708598,2.2999518,23.3791,0.39851612,-2.97604,-3.0879433,-5.9860616,13.673672,0.0053890543,0.008065883,0.024850104,3.3472805,1.2820513,0.22666666,0.24308208,0.39749998,0.22117583,-44.7626,o,Ses02M_impro03,Ses02M_impro03_M000
163,43.824543,0.122524,40.52807,42.72992,46.616764,6.0886955,57.909443,20.645842,97.238594,82.23252,0.48018038,0.6922322,0.14503452,0.42243773,0.80439514,0.65936065,4.977118,1.6890172,4.8963346,3.0916123,0.17702311,1.0629809,21.894863,0.3282299,-18.968884,-0.77505803,8.416539,2.006976,-23.014898,-0.7039295,0.043362442,1.6256652,0.9224539,0.8196722,8.407213,0.4342004,10.290514,0.6588273,16.828882,0.43423805,848.50903,0.27480876,1361.3069,0.16734247,-85.060646,-1.0549186,1798.0858,0.11929977,1095.7172,0.2669659,-75.19297,-1.1111789,2851.788,0.08068503,888.8456,0.38208938,-78.57111,-1.0323713,-8.308217,-0.82235014,18.33766,0.39599937,0.05863831,0.4651345,-0.009419612,-1.443237,0.23174949,0.82313585,22.863903,0.33372045,-21.889034,-0.7299363,5.295905,3.2988093,-29.331171,-0.4180218,-5.8506546,15.530671,0.013499867,0.0040468513,0.06735616,3.4210527,1.6,0.41666666,0.2874408,0.185,0.19568256,-29.35582,q,Ses02M_impro03,Ses02M_impro03_F000
164,30.638742,0.11589964,27.02387,31.142773,33.18115,6.157278,127.42883,79.62367,113.8941,116.83367,0.20412427,0.5141301,0.09257677,0.20502344,0.26561064,0.17303386,1.296227,0.8456369,0.8098832,0.6079988,0.04378353,0.86130774,22.72624,0.3085486,-7.8145876,-1.224145,13.619808,1.0504808,-13.73305,-0.9471068,0.022082128,2.4087224,1.1882619,0.5462106,5.278697,0.5968781,6.445603,1.6101284,17.653896,0.5320624,596.62463,0.35961187,1325.4,0.17159177,-119.25394,-0.798276,1586.1611,0.16014385,1029.9998,0.22318542,-117.60019,-0.79450524,2713.6313,0.09877492,894.6827,0.23885155,-121.12109,-0.7363045,-9.125464,-0.6510873,21.937572,0.19487998,0.029649105,0.7693269,-0.0059816074,-2.959805,0.06446511,0.6871718,28.249529,0.19812287,-7.429077,-1.6482882,5.647809,2.3408945,-22.190378,-0.6338794,-6.64149,14.836064,0.00530002,0.0066382606,0.028325586,2.5157235,1.2779553,0.32999998,0.20359273,0.344,0.23380335,-41.028763,ans,Ses02M_impro03,Ses02M_impro03_M001
165,41.229305,0.090168156,39.02833,39.74389,43.694065,4.6657333,69.85118,0.0,-46.520218,41.948208,0.40604058,0.944386,0.06653489,0.22139075,0.6913314,0.6247965,3.9882302,1.5574832,2.9755967,0.8804217,0.13688275,1.4352621,19.44082,0.5409225,-13.841683,-1.0696462,10.6059885,1.5059398,-15.505125,-0.81631726,0.022850003,1.2175832,0.97810274,0.41589075,7.558721,0.40024522,9.123861,1.004652,17.208324,0.43378922,728.843,0.34725556,1329.6481,0.21203421,-125.67806,-0.75839037,1745.8567,0.12096816,1055.8442,0.44718224,-104.61232,-0.8937453,2763.7693,0.076002106,903.1685,0.27190346,-106.23654,-0.864874,-6.5477715,-0.96634424,16.54452,0.45029324,0.049162455,0.39796427,-0.009721189,-1.3953868,0.25217167,0.8956164,25.25735,0.254411,-23.711002,-0.6337458,9.48212,2.314319,-23.622095,-0.4990532,-5.5532675,12.690443,0.011205825,0.007533259,0.02504522,1.5957447,1.0928962,0.45499998,0.435,0.29,0.28855965,-29.692595,q,Ses02M_impro03,Ses02M_impro03_F001
166,32.25215,0.2907542,25.914856,27.707153,46.657272,20.742416,42.60647,0.0,3.3908083,0.0,0.1403663,1.2807984,0.05963275,0.08537454,0.16590446,0.106271714,1.0442945,0.56145024,7.605607,7.3565183,0.045893844,2.6548755,26.119808,0.25218,-3.3067856,-2.622108,16.16994,0.39162937,-8.937429,-0.93231124,0.012749503,0.7977737,0.98368675,0.46536094,6.1444945,0.65994877,5.2406983,1.3262784,14.095381,0.74310714,609.2584,0.4184068,1301.7566,0.17960633,-167.40938,-0.4134396,1601.9111,0.16746981,1062.0957,0.350907,-167.0156,-0.40805605,2597.189,0.101862386,979.4026,0.30427405,-167.76442,-0.3971415,-12.8542385,-0.2700504,21.20786,0.20498282,0.029343275,1.2171206,-0.005382936,-2.240759,0.14392214,1.7296001,26.588629,0.3372474,-1.7413968,-6.3035617,15.912112,0.45497707,-13.434876,-0.91159695,-11.386446,20.244747,0.005134187,0.0035542091,0.018583266,0.5830904,1.4836795,0.116000004,0.037735924,0.538,0.77571636,-32.242382,ans,Ses02M_impro03,Ses02M_impro03_M002
167,50.43635,0.13861628,46.0002,52.10382,55.061047,9.060848,61.343628,105.05719,43.212418,39.348183,0.80652803,0.7182447,0.3324924,0.68665296,1.0274414,0.694949,7.226507,4.7317934,6.9810367,4.8603773,0.39263555,1.401569,11.918272,1.0393475,-23.472979,-0.61468595,0.27101272,64.9117,-27.628508,-0.5723126,0.023281645,1.5706391,0.9050807,0.68488675,11.023524,0.4693189,7.7486076,1.4738569,10.403917,1.2370579,880.4932,0.30915314,1155.7721,0.23771335,-71.575134,-1.1714431,1862.1738,0.14933449,999.3048,0.31686044,-51.529377,-1.3304917,2860.5088,0.086145125,877.07367,0.34824798,-54.15107,-1.2288531,-6.3832417,-1.1907123,17.151554,0.46704075,0.04450928,0.80319035,-0.01105103,-1.3153285,0.45918867,1.2854574,13.077374,0.97515714,-25.084091,-0.53169674,-3.3295052,-4.8118415,-31.803793,-0.4249401,2.2437818,7.232186,0.012663568,0.009723065,0.120656244,2.7848103,1.2820513,0.63,0.41751647,0.10666667,0.07972174,-20.557043,o,Ses02M_impro03,Ses02M_impro03_F002
168,44.719494,0.1835965,33.843483,47.658707,53.023224,19.17974,194.37404,95.44768,76.89129,29.25983,0.7510267,0.75724846,0.25409132,0.5528715,1.4048215,1.1507301,12.549872,8.654595,7.384609,5.659211,0.3164262,1.1401206,13.521896,0.6142546,-20.51195,-0.5464454,6.0484757,2.2392297,-18.871727,-0.6149742,0.053954028,1.1983509,1.3651284,0.6564592,4.358179,0.81403726,5.478334,1.779532,10.3480425,0.867053,810.3511,0.33023876,1239.23,0.24062215,-139.60907,-0.61427146,1754.4825,0.13596159,1016.6596,0.22959933,-128.44305,-0.6781526,2723.908,0.08534022,901.2196,0.19900753,-129.81992,-0.65976757,-3.2357574,-2.0747285,12.5380335,0.60930336,0.055720937,0.364555,-0.007107631,-2.0450091,0.4846987,0.8559742,14.058988,0.70643383,-22.059551,-0.56603754,6.928783,2.5294428,-20.710327,-0.5182898,-0.047417004,8.794869,0.041590158,0.0003584843,0.22697763,2.777778,3.3175356,0.10428572,0.05394631,0.15375,0.11704033,-25.133274,ag,Ses02M_impro03,Ses02M_impro03_M003
169,49.714085,0.14359854,42.48488,50.18698,57.96345,15.478573,45.610474,25.761131,54.822754,33.313843,0.49115843,0.5961923,0.21019906,0.4341898,0.77410257,0.5639035,5.691308,3.9871542,3.9903755,0.78534406,0.19917527,0.8799822,18.930998,0.56915617,-17.026323,-0.64000577,1.9579228,7.438051,-23.209282,-0.6108545,0.02764638,0.86763203,1.1696138,0.5739572,7.234804,0.6171376,9.800643,1.0297444,17.5605,0.595706,857.4455,0.2775527,1156.6869,0.20230088,-121.69594,-0.7747225,1833.5753,0.11474003,1061.414,0.32000664,-108.62291,-0.8106958,2852.9587,0.08261007,863.41284,0.26427573,-109.32716,-0.7834874,-5.638068,-0.97280025,19.324535,0.3422614,0.041731115,0.71033514,-0.0078729745,-1.5477227,0.28894848,0.6546429,18.134312,0.60561496,-22.704115,-0.43887883,-6.2240376,-2.1679113,-28.722727,-0.49746758,-5.6437325,15.319653,0.029347636,-5.2950814e-05,0.11265087,3.9130435,2.6666667,0.18166666,0.06817053,0.17,0.107238054,-29.706491,b,Ses02M_impro03,Ses02M_impro03_F003
170,34.658062,0.19992264,25.967073,37.982956,41.196392,15.229319,224.47823,195.61407,117.687256,90.15881,0.4070578,0.9085712,0.14367364,0.28053188,0.53087234,0.3871987,3.7693143,2.148287,2.3799505,1.2513883,0.137997,1.0990433,22.056938,0.52267015,1.4164293,11.183475,12.089427,1.2625843,-14.844791,-1.2907611,0.056082834,2.4685469,1.6797696,0.5995641,4.9403105,0.71070516,8.107522,1.2409797,18.920475,0.6944909,615.43976,0.3977562,1353.7881,0.16609165,-123.301926,-0.71059144,1665.2272,0.13526066,1007.3723,0.3548622,-117.1311,-0.71685004,2674.5393,0.089229904,999.4898,0.41161674,-116.84508,-0.72441214,-11.0811405,-0.7042209,19.47603,0.53018594,0.03768737,0.6838704,-0.010539253,-1.4318478,0.19272827,0.94801813,21.830538,0.4805605,0.15864316,95.14259,15.181748,1.1990932,-19.240614,-1.2213173,-10.481567,20.303305,0.027331267,-0.00056149275,0.08053857,3.1358886,3.9145908,0.10909091,0.08027844,0.15222222,0.1430445,-30.93434,s,Ses02M_impro03,Ses02M_impro03_M004
171,37.42325,0.19612037,28.147789,39.498543,43.230537,15.082748,316.0299,161.88326,167.20943,97.15743,0.48503876,0.9938804,0.07589229,0.2901638,1.0829093,1.007017,3.2032058,1.709043,2.8704746,0.49692068,0.15277955,1.2074032,15.398119,0.50845295,-6.060987,-2.6239762,17.831703,0.6361402,-22.538912,-0.74605256,0.04465648,1.7284571,1.3401159,0.52858967,4.1978574,1.0298334,9.257123,1.3805244,9.527961,1.0744518,628.60803,0.3738464,1261.8323,0.16638805,-127.85737,-0.6714273,1679.3292,0.13320872,803.7046,0.31145427,-111.88581,-0.7616143,2653.364,0.077556916,1002.635,0.34040114,-109.47106,-0.8066575,-6.3844624,-1.1551667,12.00642,0.73134345,0.050425027,0.43403986,-0.014976917,-0.85522544,0.26113814,0.72680056,15.02126,0.59771156,-5.696669,-3.2133512,20.199137,0.64908266,-27.949463,-0.70903486,-6.115524,12.901037,0.02052707,0.0015006437,0.066120274,2.2556393,3.90625,0.116000004,0.11217843,0.19333334,0.21746008,-29.595264,q,Ses02M_impro03,Ses02M_impro03_F004
172,43.143414,0.13475199,40.102303,41.37833,49.82617,9.723869,449.7185,622.7349,104.1416,66.3647,1.0043576,0.57602686,0.5661077,0.8658516,1.588004,1.0218964,13.519807,7.028883,8.865084,5.218404,0.51615846,0.90433276,18.281574,0.3934054,-18.459291,-0.53392595,9.322762,1.6672382,-22.166037,-0.4875049,0.05671751,1.3060311,1.2987734,0.58847773,4.249304,0.81364167,3.136457,3.8935938,10.400657,0.97960794,763.60565,0.3784296,1245.9901,0.188289,-142.59715,-0.60853386,1778.7449,0.12435051,991.66156,0.20358284,-122.03473,-0.71759677,2731.5723,0.08682269,1003.0365,0.36303577,-122.55589,-0.7094246,-4.5127425,-0.9307691,11.676936,0.5255692,0.06051318,0.30073896,-0.024160897,-0.46646848,0.7282494,0.6117035,16.56314,0.38078406,-22.654173,-0.38178653,4.913921,3.4550629,-27.119402,-0.32364568,-5.418366,12.504468,0.050461363,-0.014524425,0.3828471,4.9079757,4.6875005,0.07666666,0.052110996,0.11666667,0.13444535,-21.743973,ans,Ses02M_impro03,Ses02M_impro03_M005
173,39.261898,0.1001056,36.890305,40.409637,41.99726,5.1069565,173.42282,93.70986,109.069695,98.765564,0.7468499,0.4103125,0.45115757,0.741947,0.9693921,0.51823455,12.061084,5.2980657,8.948742,3.8416646,0.31004912,0.6574311,23.257471,0.2823006,-14.672272,-0.58637995,15.2363615,0.66935754,-13.547651,-0.70935845,0.051506944,1.8621706,1.1777189,0.49858332,7.139028,0.35055643,13.777717,0.8717545,15.669816,0.46899176,617.3608,0.47367325,1365.9277,0.2358125,-127.32264,-0.7284747,1666.9519,0.14581236,1044.9287,0.30831572,-88.67756,-1.0143466,2681.2136,0.09175839,1008.54224,0.29240027,-90.036995,-0.98869956,-8.876325,-0.46862715,15.791268,0.3463443,0.04434208,0.43090945,-0.020032097,-0.5151807,0.31208542,0.5252285,24.601223,0.25358254,-16.076454,-0.59382105,15.338364,0.69891405,-12.629303,-0.8823778,-6.52522,12.663286,0.05106051,-0.015671879,0.26680592,5.780347,2.3809524,0.2375,0.12597123,0.128,0.09846827,-25.660929,o,Ses02M_impro03,Ses02M_impro03_F005
174,45.45039,0.10723608,42.16996,45.438824,49.993675,7.823715,87.4533,44.717888,41.209255,28.849863,0.3132604,0.587569,0.1601117,0.27996576,0.44051814,0.28040645,3.519631,1.8564638,3.035705,1.6216732,0.09021597,0.79653555,19.587143,0.5496766,-9.682084,-1.2140265,8.1075115,1.9958136,-24.67815,-0.5360549,0.06532904,2.84657,0.9481111,0.77272475,10.291979,0.3754391,7.2811236,0.9199193,13.110866,0.8933844,856.6105,0.226313,1192.3855,0.18855222,-79.28255,-1.0881294,1866.9292,0.10730376,967.7397,0.3849939,-76.37017,-1.0035571,2861.291,0.08470965,883.02673,0.429943,-77.568794,-0.9793311,-10.615395,-0.54943585,20.354656,0.43334502,0.058867116,0.44949037,-0.0063181776,-2.0129883,0.10912578,0.6076512,21.65451,0.45539236,-12.849211,-0.8425224,2.897417,5.5643196,-27.880915,-0.46943635,-6.9033265,12.85071,0.022337962,-0.0008157047,0.048746906,3.6082475,2.6109662,0.259,0.18522689,0.112222224,0.09413676,-34.532967,q,Ses02M_impro03,Ses02M_impro03_F006
175,42.133503,0.118405305,37.764977,43.30328,46.22029,8.455315,52.658432,30.30511,262.5866,530.2425,0.4678446,0.54276145,0.24667817,0.4504368,0.70573604,0.45905787,5.720437,4.0832024,3.8916655,1.5991094,0.1538744,0.78321016,19.583979,0.49268124,-15.901515,-0.8368525,6.6287875,2.4650486,-26.823032,-0.5187782,0.03325361,1.4219885,0.997495,0.6514079,7.750821,0.5256494,9.318965,0.96757203,13.634692,0.6805912,783.7633,0.27115142,1300.7766,0.18945538,-62.20558,-1.3194904,1778.2847,0.12661503,1003.04224,0.33319274,-56.71919,-1.2970151,2777.8792,0.082660966,908.183,0.31118688,-57.793983,-1.2647961,-6.3968954,-0.9695344,14.8588705,0.57887614,0.06508006,0.34994245,-0.005011694,-2.8951356,0.18796642,0.615823,20.3078,0.44110858,-18.503757,-0.73133904,5.128824,3.378738,-30.04347,-0.42160615,-5.802401,14.388152,0.020250773,0.0067727515,0.041028474,4.675325,2.110818,0.35875,0.29976815,0.146,0.123709336,-31.367668,o,Ses02M_impro03,Ses02M_impro03_F007
176,45.357605,0.15743792,42.711807,47.30611,50.719414,8.0076065,77.90453,46.178734,173.21738,258.96542,0.4005064,0.7135518,0.11575625,0.3793989,0.61425763,0.4985014,3.4516761,1.6335555,3.6499398,2.874432,0.13242102,1.0158186,19.896738,0.5662681,-10.903108,-1.3207004,6.3729424,2.7325225,-17.144756,-0.74238163,0.030243764,1.606505,1.0256717,0.64580697,8.749789,0.4461251,8.872515,0.9648905,17.586382,0.5744782,835.2329,0.24872443,1241.4736,0.18259698,-98.23095,-0.92908263,1811.8568,0.1188106,1044.0369,0.3647809,-89.463,-0.95284504,2842.0234,0.0747612,878.4311,0.31820732,-92.72689,-0.8886891,-6.8634486,-1.214923,20.474314,0.40239555,0.052266613,0.44211286,-0.0034124008,-3.7020023,0.1821178,0.7703901,21.814728,0.48378944,-15.580768,-0.9922481,0.05489726,333.59546,-20.637081,-0.6290675,-7.2468395,15.9685335,0.021643527,0.0032353667,0.060422808,2.3752968,2.8846154,0.20083334,0.12419463,0.1622222,0.2139978,-30.76361,q,Ses02M_impro03,Ses02M_impro03_F008
177,32.008686,0.1264886,27.991331,31.562,35.940758,7.9494267,73.3722,80.132614,32.181927,18.218699,0.22898413,0.54392636,0.12849966,0.1995272,0.31611896,0.1876193,1.5610697,0.89002013,0.31627005,0.6659543,0.057752613,0.77358335,23.795391,0.33438468,-3.8229358,-2.796944,18.906002,0.9525541,-10.306066,-0.99096686,0.017072283,1.0233738,1.2620099,0.46760255,5.519602,0.45411602,4.4609237,3.2662487,19.607563,0.4028912,534.8178,0.3773729,1359.4941,0.2116492,-118.19077,-0.764384,1564.5874,0.120189525,1008.4327,0.30670923,-116.79384,-0.73052204,2610.6648,0.08053933,970.9879,0.26432833,-118.681366,-0.70153093,-12.274612,-0.41441497,21.904682,0.2181168,0.032667745,0.57287806,-0.004592824,-2.5321162,0.070116505,0.5389521,26.329384,0.23226495,-3.2887735,-3.2147665,18.480677,1.0636506,-13.121296,-0.7855038,-8.346565,17.259577,0.012103151,0.004000316,0.041197903,1.8939395,4.247104,0.09727273,0.084109336,0.12333333,0.15245089,-39.10767,ans,Ses02M_impro03,Ses02M_impro03_M008
178,30.304817,0.17725387,26.201763,27.207045,38.24791,12.046146,35.597042,24.157309,146.70284,0.0,0.24450652,0.6436219,0.12558825,0.20005918,0.31031865,0.1847304,1.4100622,0.6881928,1.9585165,1.7634373,0.063938096,0.9761573,24.996452,0.27637374,-2.4644854,-3.8635218,26.056028,0.48925623,-13.715389,-0.8044497,0.018034251,0.9133549,1.336935,0.42274985,5.5658627,0.33178422,3.0121133,3.3263865,19.469614,0.17107512,435.4117,0.18449342,1324.6063,0.10670256,-124.91967,-0.7387752,1497.7389,0.09541305,1108.0164,0.40140775,-122.87383,-0.6823961,2459.0913,0.064550914,1013.8285,0.28586403,-121.689095,-0.6983964,-15.261269,-0.19473308,21.646334,0.1382115,0.037364364,0.40357387,-0.016528133,-0.7631613,0.05503291,0.4699202,29.970245,0.113310404,-0.31536102,-28.584187,29.937931,0.39538407,-15.424147,-0.6505434,-9.149324,14.467112,0.023366487,-0.008689316,0.07709517,3.1914895,3.3707867,0.12,0.014142135,0.15666667,0.052493386,-37.8474,ag,Ses02M_impro03,Ses02M_impro03_F009
179,32.94475,0.27292132,25.692642,28.463654,43.94692,18.254276,275.7217,225.10808,166.77678,168.15967,0.31675887,0.8813396,0.1359521,0.21433216,0.45137167,0.31541955,7.152888,6.654368,4.628541,4.407813,0.11072082,1.9276251,22.909641,0.43865547,-7.167833,-1.5393729,15.57145,0.8715234,-13.092636,-0.7883773,0.025386097,1.3483584,1.2562522,0.5895536,4.848452,0.6086999,5.3230515,1.6991582,16.715437,0.49153867,584.7939,0.4094763,1288.3638,0.13781743,-114.632576,-0.79296654,1560.6295,0.15321547,1041.4957,0.2822362,-109.22655,-0.7921924,2618.0435,0.09060466,900.3873,0.2731506,-112.036064,-0.7469987,-9.444755,-0.6438886,19.887209,0.29607835,0.028139206,0.8187055,-0.006570375,-1.854991,0.14819849,1.7447625,28.22031,0.24736014,-10.3012495,-1.0606766,14.56749,1.0811287,-15.756296,-0.70473945,-7.0175915,14.629118,0.015008059,-0.0012223271,0.07585849,1.388889,3.6777582,0.12523809,0.11549558,0.13149999,0.12398689,-31.35131,o,Ses02M_impro03,Ses02M_impro03_M009
180,37.528763,0.18401316,26.197151,40.047237,43.40157,17.204418,74.64665,45.26294,-0.17346446,18.277105,0.27663556,0.6817088,0.07513858,0.21977985,0.47226828,0.3971297,2.6058166,0.9780554,1.7135799,1.1611314,0.067462794,0.8476099,23.118074,0.3911998,-7.6042495,-1.8794831,19.098228,0.49413526,-14.845875,-0.7008302,0.0236176,1.4232398,0.9970091,0.530697,7.4850373,0.34845218,13.011745,1.2465295,13.146058,0.578163,573.06525,0.33398247,1368.6089,0.18296763,-112.50956,-0.8093587,1580.9012,0.13467862,1011.35205,0.2755237,-94.823296,-0.928231,2567.6125,0.06553555,913.5879,0.30654165,-95.31186,-0.91858304,-9.176542,-0.46123248,16.070013,0.40840465,0.03371757,0.6606806,-0.010102802,-1.0409278,0.100906685,0.52763987,26.333033,0.29576322,-13.787697,-1.0744938,22.303696,0.49102256,-20.860415,-0.41380024,-9.809323,18.218773,0.0032115146,0.0060171057,0.027023252,1.6666667,1.7142857,0.32999998,0.117756814,0.23333333,0.21929178,-36.11979,q,Ses02M_impro03,Ses02M_impro03_F010
181,28.26143,0.11954726,25.762167,28.22086,31.501747,5.73958,103.42548,159.15099,23.262949,12.26594,0.14421703,0.7663749,0.065625764,0.10480864,0.18605456,0.12042879,1.0722775,0.75756335,0.47910398,0.43732467,0.032846358,0.9913108,29.33016,0.2129783,-1.3571451,-6.1793947,14.586411,0.66557,-9.615024,-1.1462278,0.018871034,1.4140561,1.2519536,0.4808771,4.968898,0.55818975,2.4802523,3.0570645,23.462536,0.3417964,503.9194,0.3569355,1295.4427,0.15428206,-152.93059,-0.5261877,1511.5789,0.12795949,996.2432,0.19830525,-151.40472,-0.5225399,2641.6965,0.07278153,885.85767,0.28985217,-154.05054,-0.48545852,-13.966474,-0.34078327,25.999865,0.18715109,0.018948382,1.1581149,-0.0053460044,-2.7379708,0.058601752,0.7405288,33.51605,0.17461184,-0.5955052,-16.097172,13.742334,1.0182161,-11.051465,-1.3881403,-11.963564,21.879816,0.0027749317,0.0017690734,0.023676515,1.1936339,1.7356476,0.14384614,0.124933116,0.38214287,0.42081854,-41.26623,ans,Ses02M_impro03,Ses02M_impro03_M010
182,35.21682,0.38515645,21.568462,27.135403,50.170578,28.602116,81.6755,47.812588,122.91594,166.20844,0.2054645,0.82390326,0.085375644,0.12248918,0.32367873,0.2383031,2.312287,1.0183446,2.527,3.4532926,0.049745392,1.0592535,26.230856,0.33434513,-4.0362377,-2.7487795,13.980866,0.8302843,-16.933842,-0.73442155,0.044722434,1.462635,1.2901661,0.44099534,3.9072812,0.93122935,9.238483,0.5806377,18.736431,0.6364605,672.393,0.337268,1357.9313,0.15720208,-128.2661,-0.7033694,1639.3826,0.14970732,1077.562,0.30727753,-124.68714,-0.69855434,2688.355,0.10032809,872.409,0.3183409,-126.83341,-0.66605294,-10.067669,-0.7221864,19.73648,0.38885614,0.036614265,0.67009705,-0.0057326187,-2.3318498,0.076069675,0.8108307,25.789776,0.38215876,-8.740175,-1.358938,9.435368,1.4994034,-23.344942,-0.61229205,-11.8874445,20.552505,0.011607921,-0.0014393494,0.028512936,1.179941,3.0030031,0.126,0.12092973,0.1690909,0.13405931,-39.16286,s,Ses02M_impro03,Ses02M_impro03_M011
183,45.58325,0.12255037,41.868702,47.06291,50.372433,8.503731,118.03959,43.247612,242.60109,281.81107,0.609906,0.6753664,0.2956618,0.51219153,1.0045612,0.7088994,4.0285063,2.0853674,2.3375173,3.4898205,0.27969444,1.2493446,24.873661,0.3191169,-16.495567,-0.68826544,0.84860843,21.0636,-24.253128,-0.49807543,0.04137887,0.98585415,1.2988039,0.46782076,6.5047665,0.7786923,8.510459,0.762203,11.936434,0.8890031,876.4505,0.23972864,1337.6692,0.2670912,-102.28773,-0.8886316,1818.0201,0.13217163,1194.8936,0.37748125,-95.33929,-0.91670024,2827.087,0.07616276,800.5282,0.36302543,-98.265656,-0.8629178,-7.2229195,-0.94090694,17.103767,0.37377557,0.058389187,0.3261195,-0.0063652704,-2.1861224,0.16081278,0.60917985,22.413776,0.37454224,-17.004204,-0.5483789,2.4323928,5.255814,-28.736336,-0.40105242,-6.9325304,21.745056,0.04517057,-0.0009787289,0.41401908,2.3809526,3.0,0.17999999,0.10263202,0.195,0.0963068,-24.985334,a,Ses02M_impro03,Ses02M_impro03_F011
184,37.20605,0.20136213,26.944452,41.495106,43.82991,16.885458,341.0782,218.44208,6.1719284,30.508926,0.861111,0.57831573,0.38966238,0.74891555,1.3100412,0.9203788,4.2647834,0.5723466,7.2388825,0.5307351,0.34516585,0.85471946,25.585485,0.19175619,-20.548645,-0.55502313,8.144543,2.3104389,-17.506163,-0.54120857,0.08738958,2.7746136,1.384393,0.47262534,4.2296133,0.9164619,4.49573,1.2678139,16.352533,0.3744331,629.972,0.40806308,1373.2393,0.22932713,-66.53007,-1.3662368,1597.0145,0.14629126,1131.8463,0.3974949,-54.762283,-1.461287,2622.0398,0.09843718,1070.733,0.31835496,-60.264954,-1.2697674,-5.5031314,-0.8313121,17.297659,0.1932902,0.047068715,0.36348414,-0.011725099,-1.2313596,0.33076215,0.7016061,26.47778,0.1486084,-22.081072,-0.49279323,9.257483,1.8645308,-17.512352,-0.56659186,-7.1009593,15.648324,0.047461294,-0.014129428,0.19152091,3.409091,3.6585367,0.19333334,0.124721915,0.06,0.014142135,-23.2877,s,Ses02M_impro03,Ses02M_impro03_M012
185,40.22461,0.21777713,28.85435,42.03316,49.10266,20.248312,234.03201,168.25357,56.62191,20.0092,0.8164267,0.65063494,0.38944128,0.61919916,1.3971182,1.007677,4.1666636,2.4103115,4.798176,2.3334622,0.28739357,0.86329895,23.031069,0.3173504,-17.280079,-0.8258304,1.9948567,8.304369,-17.61901,-0.6205634,0.02824644,2.198724,0.95069736,0.6204254,8.396327,0.69332457,2.3361406,3.6670206,13.380553,0.5642891,740.42914,0.34908637,1251.8519,0.2476638,-61.62859,-1.3739339,1684.187,0.13068183,1032.7396,0.3232341,-59.939857,-1.3326231,2723.7192,0.08195623,877.1394,0.46665397,-66.28103,-1.1503872,-8.0688505,-0.6113565,18.8565,0.36705306,0.06432692,0.4785022,-0.011393062,-0.99540347,0.3484421,0.7608589,22.836136,0.30486324,-20.312716,-0.75317353,-2.9046814,-5.402746,-19.18542,-0.589548,-6.823529,15.18866,0.035399437,-0.010013847,0.13606705,1.4450867,2.647059,0.2688889,0.2657252,0.10125,0.05418429,-21.408066,o,Ses02M_impro03,Ses02M_impro03_F012
186,30.74241,0.37483662,22.628948,25.646059,48.931206,26.302258,165.13153,50.37538,19.110653,3.389637,0.32361856,1.219537,0.10213904,0.15207072,0.4310441,0.32890505,3.675492,2.6416936,0.021343995,1.4614657,0.08926878,1.7088398,23.87628,0.39961323,-3.3407617,-3.781376,14.487089,1.3119992,-13.096604,-0.8426812,0.014608106,2.360328,1.0765998,0.51670796,5.6030126,0.8512864,4.5754685,1.8189566,18.588633,0.4421048,583.9163,0.46879512,1215.5908,0.18510343,-81.70487,-1.1282256,1562.1959,0.1664684,960.1001,0.2931714,-83.89122,-1.0309165,2613.811,0.09370792,824.01465,0.3677252,-87.78862,-0.9523507,-11.286486,-0.5160217,20.307901,0.33188578,0.03592853,0.8624513,-0.0059701665,-2.2296364,0.11252454,1.4037793,25.996054,0.34900826,-5.611475,-2.3894198,12.221231,1.7228731,-15.389503,-0.76795113,-10.987612,18.784893,0.009542995,0.004165255,0.029191213,0.8025682,2.5974026,0.23062499,0.22202107,0.14333333,0.1969997,-26.408672,s,Ses02M_impro03,Ses02M_impro03_M013
187,43.507256,0.1488191,37.948803,44.78333,49.049835,11.101032,189.02869,225.17726,78.48936,110.349236,0.55739856,0.5345539,0.29097587,0.50605834,0.7937687,0.50279284,5.448565,2.366613,3.9627893,1.8800131,0.16246074,0.708762,22.70151,0.46465907,-19.091558,-0.7474462,7.5195727,2.0892,-18.373388,-0.64503413,0.02890372,1.7373796,1.0281448,0.60303754,8.686908,0.49154678,6.930581,1.2008852,13.439017,0.66303813,791.74207,0.32891905,1310.0946,0.18979387,-47.239304,-1.5482883,1754.3031,0.12418249,1050.8975,0.2857346,-42.775036,-1.5147766,2783.4312,0.08504472,962.61707,0.39981222,-47.777946,-1.3132323,-6.8073893,-1.0809737,16.855864,0.46075,0.05389054,0.41796333,-0.0059827026,-2.7986162,0.1755883,0.6724727,22.267271,0.48615304,-20.672392,-0.70915675,6.31923,2.5548663,-19.425928,-0.6179111,-8.742918,17.757158,0.031270064,-0.005623478,0.09849863,3.640257,2.262931,0.36142856,0.31379834,0.07235294,0.049885683,-28.88189,o,Ses02M_impro03,Ses02M_impro03_F013
188,47.10945,0.1741832,48.41422,50.14203,51.488373,3.074154,318.22144,289.14984,27.694853,13.378096,0.5437931,0.4123706,0.31883332,0.50440395,0.7873127,0.46847937,5.044141,2.1471095,2.8454375,1.667467,0.1624311,0.6141474,21.51855,0.34156108,-18.880138,-0.8051853,0.009038973,1356.7733,-25.294016,-0.28149983,0.029131934,2.352267,1.1053495,0.55015486,10.529159,0.4025147,7.3557024,0.77617383,12.513816,0.9113056,898.4304,0.24029152,1284.169,0.26755503,-47.960888,-1.5409144,1830.2351,0.116388895,1092.7244,0.26785907,-49.86729,-1.3520738,2842.5247,0.06607487,828.59735,0.29608232,-53.675755,-1.2115496,-6.978991,-0.94481516,18.721807,0.30636477,0.05551828,0.3756411,-0.016250283,-0.87417734,0.17984684,0.57193357,21.566431,0.36455652,-19.909298,-0.81731474,-0.8481017,-14.808004,-26.728119,-0.2563199,-7.587032,16.858002,0.04674966,-0.0073999274,0.099517465,4.794521,2.189781,0.36666667,0.20757863,0.07,0.05715476,-28.624226,ag,Ses02M_impro03,Ses02M_impro03_M014
189,42.593586,0.11472978,41.433926,43.764034,45.74546,4.311535,361.60242,11.211563,35.89445,19.087845,0.5495385,0.5202066,0.29427457,0.49467906,0.7407682,0.44649363,5.1359153,1.1917081,4.246719,1.2134651,0.15629266,0.40272522,24.820639,0.345419,-18.800455,-0.81294006,15.975307,0.7817158,-17.567225,-0.7070688,0.024731362,1.9771036,1.1388856,0.5610456,8.776855,0.43848112,5.9007816,1.481131,8.070667,0.8748839,859.4569,0.29475763,1372.2089,0.1677062,-42.51574,-1.377425,1788.8301,0.11033173,1076.3118,0.28345567,-36.377323,-1.3579584,2786.0173,0.08450087,1032.8771,0.32693088,-38.101646,-1.2721506,-7.5485854,-0.9844831,16.604176,0.42260072,0.050212897,0.40330887,-0.0053297193,-2.2689917,0.16652419,0.37566802,24.7804,0.2979931,-20.98125,-0.7050395,16.045828,0.8252362,-19.177942,-0.6284141,-10.989852,22.263056,0.035766814,-0.0003177367,0.11602476,5.3892217,4.347826,0.1942857,0.17061712,0.024999999,0.008660254,-29.33072,s,Ses02M_impro03,Ses02M_impro03_M015
190,30.310165,0.20024495,27.435476,28.339417,29.93779,2.5023136,179.96031,86.95259,8.084813,1.3660458,0.35597828,0.37908942,0.23341526,0.36649528,0.46237257,0.22895731,2.3284998,0.6414373,2.0750647,1.4182632,0.087723434,0.65669805,23.663584,0.38993496,-7.452113,-1.478068,10.921839,1.1064361,-14.9444065,-0.66842717,0.014402588,0.9499157,1.1423655,0.44322157,4.705612,0.94901645,-0.7093257,-8.652573,12.220007,0.5710402,518.69183,0.36567235,1272.8838,0.22269875,-53.23316,-1.5335003,1506.5399,0.16303574,888.6301,0.1733298,-51.65572,-1.4937372,2572.5593,0.10431007,804.8443,0.23558371,-58.09182,-1.2653649,-8.584309,-0.4780305,17.987364,0.3111345,0.042220492,0.49777004,-0.009019595,-1.0493007,0.099921785,0.5049653,26.462736,0.29729554,-8.846352,-1.1125572,10.528309,1.1562287,-17.710861,-0.47960928,-5.2352567,12.792541,0.01555487,0.0037200404,0.032182757,2.9629629,2.3255816,0.32333332,0.2264705,0.086666666,0.036817867,-34.32791,b,Ses02M_impro03,Ses02M_impro03_M016
191,43.291145,0.18149522,35.767292,46.490723,49.05185,13.284557,66.566414,30.845285,51.641495,32.260048,0.34845826,0.34907055,0.21674006,0.3587328,0.44273815,0.22599809,2.8489182,1.2542841,2.8365088,1.5565643,0.110429466,0.59467375,21.57997,0.48476756,-7.318872,-2.0259478,0.3215537,38.187756,-23.90435,-0.49953455,0.020367626,1.171965,0.8566969,0.6690464,10.2315645,0.40353835,6.9659104,1.2674611,21.262678,0.40525454,917.48956,0.17068923,1187.4629,0.19766168,-72.204994,-1.1447688,1872.6053,0.12158637,1034.6495,0.28521734,-77.41574,-1.0133641,2971.3318,0.070985906,826.0614,0.4434017,-83.422295,-0.8879784,-10.656689,-0.56032324,23.60021,0.23644362,0.06801787,0.35762587,-0.00013884048,-89.91134,0.12850235,0.4981106,23.44396,0.40660745,-12.207033,-1.2682412,-3.6239145,-2.986492,-28.01169,-0.41293293,-10.889691,21.375162,0.03678416,-0.00088629103,0.07810391,4.964539,4.4117646,0.145,0.10259142,0.076,0.036110938,-32.914,q,Ses02M_impro03,Ses02M_impro03_F014
192,31.755104,0.1860798,27.867352,30.95916,38.43901,10.571659,55.917442,33.496002,40.426655,24.595808,0.26710528,0.86499566,0.114595376,0.17248094,0.37624952,0.26165414,3.3741271,1.6524653,2.0657208,2.0812294,0.087993264,1.1889639,26.27388,0.2704937,-1.7603807,-7.5821795,20.400997,0.735834,-11.547523,-1.1615303,0.023750525,1.0982846,1.3159655,0.49402982,4.7223735,0.57188004,5.675082,1.9406841,19.758219,0.44496155,563.6892,0.49467617,1327.9948,0.15120369,-120.545044,-0.7586601,1576.0476,0.16383433,942.6906,0.25493833,-119.52141,-0.7345248,2616.9546,0.09394011,871.40045,0.26838133,-121.43213,-0.7037061,-12.4565,-0.45568544,20.933115,0.31198564,0.042002216,0.6119522,-0.0077740257,-1.5565673,0.11695748,1.13081,27.265507,0.23808824,-4.2509484,-3.467342,17.831327,0.91796225,-15.084469,-0.89182365,-12.715597,20.986181,0.018787699,-0.0009407316,0.06327581,1.9390582,3.3898306,0.118333325,0.07690181,0.17090909,0.09472011,-34.57464,ans,Ses02M_impro03,Ses02M_impro03_M017
193,40.184784,0.1439648,37.102776,39.607018,44.195988,7.093212,276.73904,346.87265,145.79773,147.00647,0.85119396,0.5383055,0.44455594,0.78984886,1.1652057,0.7206498,12.256231,8.430566,4.40839,3.8004384,0.38913834,1.0145304,21.604385,0.38334018,-20.668962,-0.62387776,11.760381,1.4218109,-23.609547,-0.49536324,0.04157438,1.5463406,1.2336199,0.47260654,5.363471,0.56920904,5.720431,1.6886483,12.815531,0.7862813,780.91943,0.33539036,1399.2131,0.25473008,-64.21668,-1.2587479,1724.0148,0.12066112,1110.6982,0.37264544,-52.287495,-1.3436462,2727.5845,0.08516383,1011.14825,0.4191311,-53.901447,-1.2862009,-5.7202406,-1.1771863,14.227822,0.5248942,0.061048564,0.36289248,-0.011075784,-0.9982742,0.38095847,1.0496266,22.136576,0.3635477,-20.547485,-0.63405585,12.173381,1.3906001,-23.67848,-0.4708717,-5.7590876,12.989165,0.06047059,-0.012432362,0.39195698,4.244032,4.5822105,0.16058822,0.16206281,0.046153843,0.030769229,-24.04692,ag,Ses02M_impro03,Ses02M_impro03_F015
194,44.20852,0.15274681,43.415253,44.83007,46.83913,3.4238777,322.9642,30.249176,85.32752,35.29926,0.5525024,0.75546503,0.30163515,0.46726176,0.67278904,0.3711539,10.334152,11.55406,3.8994794,3.850411,0.26759326,1.8424014,15.459529,0.60460496,-12.722985,-1.0885094,16.854116,0.94582486,-19.104671,-0.46640718,0.020882774,0.70864797,1.3378901,0.797954,7.6068726,0.51529014,9.2385645,0.8342234,5.93041,2.1122658,782.1275,0.33571205,1349.8064,0.2487936,-132.86691,-0.6060487,1752.4318,0.10137683,895.6975,0.20170183,-106.16706,-0.8007728,2751.5786,0.07536806,897.4338,0.22461691,-106.056496,-0.80133843,-5.7743692,-1.4820004,15.437068,0.3765369,0.059748974,0.48138142,-0.0013978677,-6.5628214,0.4239501,1.5919139,14.695877,0.6618324,-15.984618,-1.057016,20.139172,1.0210569,-22.51425,-0.40178266,-5.3211575,15.140817,0.033307295,-0.0011758067,0.12026735,4.2944784,4.458599,0.105714284,0.06207303,0.136,0.12690152,-24.825226,o,Ses02M_impro03,Ses02M_impro03_M018
195,41.037018,0.09844719,39.16085,40.51821,44.862873,5.7020226,46.043514,24.01551,61.35965,37.31364,0.4655738,0.43058935,0.2519239,0.46514642,0.60046625,0.34854236,5.7848544,3.1437297,4.205477,2.752379,0.13477439,0.6103141,21.6599,0.5110086,-14.4637785,-1.1618992,15.337913,1.1192384,-26.983418,-0.41312623,0.03052187,1.2875155,1.1314142,0.4914721,7.1178517,0.511542,8.378806,1.0799882,13.412997,0.616995,620.0741,0.38678426,1356.5203,0.16330293,-86.376076,-1.0395474,1627.4633,0.11021472,935.8535,0.32000303,-62.701977,-1.23022,2700.6277,0.06621028,960.7082,0.28696835,-65.80597,-1.1459498,-7.3470798,-0.56484157,16.229025,0.35024327,0.055375926,0.28165454,-0.008940968,-1.5823058,0.14779373,0.53046846,23.770296,0.2952988,-18.557703,-0.7018112,18.285948,1.03016,-29.80334,-0.3348103,-6.140557,13.6458435,0.040309668,-0.00715513,0.10823314,4.245283,3.3980584,0.20714284,0.108194835,0.094,0.04882622,-31.810122,q,Ses02M_impro03,Ses02M_impro03_F016
196,39.683384,0.16265723,31.163654,43.36734,45.830875,14.667221,89.480415,48.808315,49.32739,36.834297,0.477178,0.22027458,0.39588368,0.46827665,0.5790385,0.18315482,2.1974673,1.287,1.760827,0.933754,0.123909906,0.45922887,27.795334,0.17529245,-15.3157015,-0.3749648,10.896464,1.0304004,-27.525995,-0.4329477,0.044255964,1.2979115,1.2097489,0.44106582,5.1375227,0.5556915,10.44891,0.6887923,20.818449,0.23449935,664.035,0.30603683,1399.0431,0.18951793,-43.989807,-1.76589,1627.9695,0.113279484,1092.2126,0.2596033,-42.95892,-1.5492958,2753.7744,0.084660925,906.1184,0.39657623,-49.766727,-1.2805662,-8.327121,-0.22690429,19.25315,0.18589453,0.05112661,0.2749734,-0.011478819,-1.0119185,0.12367625,0.5006957,28.286383,0.15987563,-16.001566,-0.35860476,9.748011,1.0631067,-30.859295,-0.31598347,-7.661595,16.6354,0.023227988,-0.0047460985,0.1254606,4.761905,2.1276596,0.38333333,0.09104333,0.105,0.024999999,-32.91798,ans,Ses02M_impro03,Ses02M_impro03_M019
197,40.17877,0.08985633,40.05087,41.420937,41.921394,1.8705254,176.2713,61.3187,5.1112366,38.126675,0.36483595,0.4794985,0.16391373,0.37102604,0.55692285,0.39300913,1.6392131,1.1730508,1.990611,0.54205793,0.07401859,0.7175077,27.856956,0.46876612,-9.673332,-1.3846898,3.4263918,3.412775,-16.206045,-0.6375469,0.019883081,1.6738364,0.8957987,0.8229295,10.477527,0.42971563,6.868369,1.0979959,22.320768,0.30181685,731.1825,0.27608055,1345.9172,0.17487922,-66.005714,-1.3134792,1716.2538,0.13221063,1017.43225,0.28533602,-63.103794,-1.2315654,2809.6606,0.078815386,796.38727,0.34100384,-69.89675,-1.0524602,-11.842125,-0.45606247,22.931036,0.2741744,0.03544303,0.51047826,-0.01392683,-0.66730493,0.085274205,0.6325906,32.211536,0.29111218,-13.20664,-0.94109386,0.752031,15.263627,-18.064533,-0.59611875,-6.3123198,14.370951,0.025500702,2.61961e-05,0.040908843,2.8806586,2.1097047,0.344,0.1618147,0.14,0.08746427,-33.033333,o,Ses02M_impro03,Ses02M_impro03_F017
198,29.145967,0.23792094,23.4571,25.86387,38.88047,15.42337,98.92153,114.51977,37.719624,40.934753,0.23019396,0.7761095,0.10489578,0.15523091,0.32047486,0.21557909,1.9531407,1.7661586,2.144452,1.9919152,0.054103345,1.0790726,30.699385,0.2777651,-5.1828227,-1.9872304,15.459537,0.62527543,-11.94725,-0.91705394,0.01559963,1.9657699,1.0777946,0.4830942,5.2635074,0.4970591,4.1813745,2.2276988,20.025461,0.4892618,516.31384,0.4209344,1316.0166,0.13315941,-77.08991,-1.1717438,1500.768,0.16576068,986.9361,0.17777403,-76.73261,-1.0993671,2566.088,0.084170915,903.0763,0.34542,-81.88419,-0.9881536,-12.072549,-0.4004696,22.057474,0.3581724,0.028632034,0.664051,-0.0069351476,-2.093536,0.066943794,0.9790332,32.92091,0.22186239,-5.418973,-1.998135,16.649189,0.5799415,-13.4673605,-0.87606114,-9.585579,19.273441,0.014167473,0.0058767726,0.02972138,1.5873016,2.204409,0.29181817,0.12275758,0.12916666,0.18177176,-37.574257,o,Ses02M_impro03,Ses02M_impro03_M020
199,39.35802,0.1717735,37.885254,40.388657,44.813137,6.927883,91.67773,115.88248,69.81634,40.04551,0.46285644,0.48684958,0.24624476,0.47639894,0.6747889,0.42854413,4.272207,1.9140409,2.4721944,1.4943479,0.119351186,0.63446856,26.830412,0.23448378,-20.117697,-0.7733089,17.277142,0.52746826,-19.935886,-0.4982329,0.029904626,1.2808404,1.0954306,0.5098722,6.4597397,0.54412156,10.223089,0.8662763,12.919695,0.5633457,676.66693,0.35418692,1426.3761,0.17908132,-38.576786,-1.7583638,1691.6915,0.101715684,997.44855,0.25851023,-36.594086,-1.521561,2654.8523,0.078843705,1002.9505,0.3412858,-36.706028,-1.5163333,-8.189419,-0.5912495,13.020719,0.5351492,0.054134287,0.37185308,-0.018359022,-0.6204825,0.12780027,0.5811505,27.224154,0.21706122,-21.969172,-0.70583236,17.436638,0.5390681,-22.165268,-0.3852993,-9.702651,14.945403,0.03427321,-0.0015426277,0.043934386,3.5353537,2.6041667,0.32799998,0.23224124,0.0475,0.029474566,-32.614536,q,Ses02M_impro03,Ses02M_impro03_F018
200,27.589842,0.1712638,23.77696,26.232641,31.872349,8.095388,155.61252,136.0935,55.7646,62.102795,0.19050269,0.9218786,0.07261033,0.11283761,0.3197428,0.24713247,1.1626111,0.86624247,0.8960657,0.47969517,0.040104333,1.1368601,30.465538,0.20564318,-4.7565465,-2.2970006,17.74633,0.47141644,-9.780683,-0.8778969,0.025059985,2.0316339,1.1240147,0.53490204,4.1526527,0.64949214,-0.22315523,-41.751682,16.077213,0.602922,499.80203,0.35698953,1282.2312,0.15473436,-119.5524,-0.7843883,1545.3188,0.100861065,1024.7919,0.26384348,-122.24925,-0.7326211,2540.2395,0.07773206,998.3602,0.3311116,-124.51093,-0.6983874,-12.2729845,-0.4683338,19.869703,0.38013434,0.03857862,0.55886954,-0.014297278,-0.7816571,0.06301291,0.8686887,32.637238,0.16332455,-8.875816,-1.5296767,19.417124,0.45870903,-14.525592,-0.5382677,-12.339087,21.908232,0.0100777075,0.0013439733,0.024314117,1.1286682,2.283105,0.173,0.08509406,0.24499999,0.2181857,-39.444553,ans,Ses02M_impro03,Ses02M_impro03_M021
201,39.39106,0.122916676,34.27048,38.865578,43.11206,8.841579,46.21997,35.207314,54.919476,52.996323,0.30128872,0.51565456,0.14305548,0.29639894,0.44560745,0.30255198,3.4709558,1.7470767,1.6361537,1.2430471,0.0696197,0.7174773,27.354736,0.36786622,-14.475318,-0.885482,16.118107,0.70371205,-15.50256,-0.764904,0.021254001,1.5384039,0.843462,0.5581744,8.765441,0.38591084,8.515008,0.72417116,19.922573,0.39212507,642.00775,0.3260922,1437.8448,0.14971672,-77.49588,-1.1722206,1692.2698,0.112374514,996.82495,0.27977332,-70.60251,-1.150853,2702.3633,0.07738531,1040.259,0.4654334,-74.45081,-1.0578479,-9.420119,-0.625236,17.663626,0.43503988,0.051536724,0.35511518,-0.015895389,-0.6840484,0.09022995,0.5167309,30.968372,0.2534199,-18.446892,-0.672396,13.545293,0.8633811,-20.11676,-0.547606,-6.020174,12.477387,0.010019254,0.0051726415,0.024859296,3.73444,2.1186442,0.322,0.18323755,0.20333333,0.124721915,-36.102417,q,Ses02M_impro03,Ses02M_impro03_F019
202,29.257645,0.19315095,24.217491,28.317745,34.804745,10.587254,165.26656,159.01855,158.63783,250.73665,0.13910398,0.494303,0.07800792,0.12810525,0.1883908,0.110382885,1.0710151,0.5769937,0.7936794,0.6540747,0.032316517,0.75788873,31.380276,0.23785235,-0.60088176,-12.416188,17.879955,0.71737915,-10.366337,-1.1120865,0.019075511,1.4135284,1.1188378,0.496632,5.332113,0.4670474,3.4141538,2.620163,22.669302,0.30368644,559.10986,0.3577965,1341.8956,0.14263538,-106.98746,-0.86111945,1636.6311,0.15011537,1001.78235,0.3124016,-110.924164,-0.7721802,2692.006,0.080992185,978.5516,0.31111977,-113.386444,-0.7337496,-15.560417,-0.27161655,24.769827,0.23644024,0.025507169,0.7700906,-0.00753078,-1.406686,0.034689028,0.49649853,33.900597,0.17518295,0.010371499,802.2854,20.96286,0.67748195,-11.335452,-1.0136108,-12.249123,22.316284,0.012630351,-0.0017511764,0.03039047,2.9224906,2.8132994,0.16818182,0.16513456,0.16727272,0.23605049,-44.049633,ans,Ses02M_impro03,Ses02M_impro03_M022
203,32.70867,0.2022312,25.749573,34.18185,39.702473,13.9529,121.62832,89.137924,18.14524,15.192049,0.19705373,0.59323883,0.09897235,0.1594856,0.29255378,0.19358143,1.5832037,1.3303243,0.7159856,0.52773046,0.04133268,0.7857587,31.042234,0.23178062,-2.6596746,-4.32114,12.096328,0.9559249,-15.2863035,-0.7734959,0.016233582,1.4077162,1.0579987,0.56795883,6.9726377,0.54563653,5.540439,1.8781134,24.137129,0.36091748,577.1477,0.36169088,1357.0363,0.15457417,-99.07832,-0.94016284,1593.1254,0.15175115,1065.5791,0.2498708,-92.96603,-0.9403125,2714.1428,0.091835774,931.9482,0.3138898,-97.991005,-0.84852666,-14.2332115,-0.4138512,25.63112,0.2472871,0.0327401,0.710467,-0.011100903,-1.274998,0.051762998,0.7140177,34.009823,0.14576559,-3.1348505,-3.8480349,10.976822,1.179374,-17.290306,-0.7149187,-11.109027,20.577198,0.013754714,-0.002121614,0.026694914,2.3638234,2.0703933,0.274,0.24420072,0.189,0.1332629,-38.65426,o,Ses02M_impro03,Ses02M_impro03_M023
204,37.19821,0.13035183,35.254112,39.343357,40.29344,5.0393295,20.646215,18.527184,7.649127,0.0,0.26949465,0.4787781,0.11137542,0.28445235,0.40568167,0.29430625,1.2168353,0.54490656,1.0375607,0.52942276,0.049271096,0.5888939,32.29399,0.19596866,-6.63329,-1.9767007,11.481755,0.79988086,-19.066046,-0.6457411,0.011642508,0.70425934,0.92335767,0.6416913,9.244161,0.41862437,11.533895,0.99588394,24.14593,0.3490398,572.6486,0.3658597,1360.986,0.14129174,-79.69779,-1.143373,1615.3988,0.15408155,1004.1774,0.22509384,-57.382626,-1.3298674,2720.3303,0.09596983,915.883,0.37110278,-64.02429,-1.1332183,-13.829458,-0.40490738,23.821873,0.23782782,0.04157954,0.5160965,-0.015699374,-0.7472216,0.055100743,0.5033978,34.09322,0.13890417,-8.946644,-1.481773,11.223059,0.8257369,-20.874287,-0.5594522,-12.589527,21.111366,0.015982185,-0.0017965251,0.031684756,2.3346305,1.984127,0.376,0.3469063,0.108,0.09239048,-35.83505,o,Ses02M_impro03,Ses02M_impro03_F020
205,38.990463,0.092977606,36.311085,38.462425,42.615967,6.304882,30.942404,17.239244,21.401373,11.842978,0.27404848,0.59209466,0.12449019,0.25126076,0.39854923,0.27405906,3.3197622,1.6248658,2.5756676,1.1501805,0.0668639,0.7224682,26.828003,0.350781,-9.010956,-1.6185212,12.403694,1.0874038,-15.922989,-0.6958678,0.031322364,0.7996089,1.238953,0.7419143,8.413749,0.4756533,8.535339,1.0502101,20.889399,0.42589998,686.6542,0.30349478,1416.8251,0.15063407,-84.465904,-1.0459536,1750.0679,0.10720226,1001.1044,0.30311546,-83.02459,-0.9832678,2778.3481,0.0870763,1012.03796,0.2895515,-86.69586,-0.91128284,-11.741146,-0.516981,20.110378,0.41398904,0.053041525,0.3809259,-0.015471796,-0.9895348,0.08174529,0.5745879,30.240028,0.24830768,-12.897596,-1.1411432,11.646995,1.2781448,-20.690126,-0.4906471,-9.84933,17.18222,0.018254222,0.00018474247,0.04165639,3.9351854,3.5128806,0.17466667,0.06741579,0.083749995,0.090130106,-35.805847,q,Ses02M_impro03,Ses02M_impro03_F021
206,30.282303,0.15928163,24.878857,29.74117,34.884552,10.005695,105.20554,98.58828,64.16494,103.556816,0.16545722,0.72492546,0.08727196,0.13460039,0.21248122,0.12520926,0.73253417,0.5936961,0.63602763,0.48540336,0.035745382,0.76310635,27.223629,0.28130612,-2.8691504,-3.4205873,16.613201,0.65245736,-8.858811,-1.1172907,0.019894004,1.4395151,1.2480903,0.5251193,4.8525734,0.4708737,2.2236025,3.5401185,19.939716,0.37690502,523.53217,0.37405217,1296.6733,0.12778288,-135.66862,-0.64710593,1562.6552,0.13366581,976.4422,0.1928003,-135.9252,-0.6205244,2591.9932,0.084557004,1008.64343,0.43644562,-138.04674,-0.59108865,-12.103373,-0.410572,20.800785,0.30616814,0.03003914,0.6864552,-0.0057247295,-1.8278844,0.04941163,0.6654732,29.275396,0.22902668,-3.8616679,-3.032716,17.615202,0.6989421,-11.959147,-1.1163658,-10.931619,20.1327,0.010685612,0.0018890868,0.028619114,1.5015016,2.571861,0.12647058,0.08574526,0.24117647,0.24063356,-42.751858,ans,Ses02M_impro03,Ses02M_impro03_M024
207,31.740082,0.19362776,25.22229,33.600193,36.266045,11.043755,95.720924,33.45435,44.440723,30.549534,0.33752784,0.72243756,0.13452351,0.22724111,0.6124409,0.47791737,7.695601,5.236305,3.674576,0.8458984,0.09162901,1.6271191,26.695911,0.27388248,-8.254336,-1.5126321,21.922552,0.5458279,-17.931274,-0.74794644,0.022875147,1.5280133,1.0589067,0.5096557,5.5997314,0.46467346,5.864559,1.2996211,17.141272,0.5142685,567.10223,0.40207192,1296.4847,0.11175642,-52.621777,-1.538483,1666.6533,0.11546784,929.4078,0.2076999,-57.191654,-1.2526195,2701.1953,0.07565202,993.71747,0.34232107,-58.81874,-1.2084874,-10.905967,-0.5846381,17.741795,0.48301104,0.036451805,0.5305951,-0.008637271,-1.1167278,0.073054425,0.6000017,27.75421,0.26031658,-8.559475,-1.66212,23.962687,0.5432038,-19.467655,-0.7400917,-8.921731,17.806345,0.024859812,-0.0011953751,0.040930197,1.869159,2.970297,0.25333333,0.08178563,0.044999998,0.022912879,-30.98951,ag,Ses02M_impro03,Ses02M_impro03_F022
208,35.301113,0.18152021,26.800898,35.96323,40.48939,13.688494,506.32242,631.71857,76.42841,133.24048,0.35480216,0.5460285,0.18718202,0.30967918,0.4915162,0.30433416,3.7535777,3.9483836,3.1371524,2.5455751,0.08500694,1.2008146,27.079144,0.34163117,-8.106224,-1.4286569,18.756992,0.8451387,-21.725641,-0.59151906,0.013659313,1.0355073,0.8863903,0.60501075,7.9292455,0.4530298,6.2458673,1.3675518,16.384344,0.5860719,565.1266,0.35976726,1359.599,0.15064739,-51.981243,-1.5328821,1643.0547,0.13789113,1013.308,0.43318316,-55.090633,-1.2821734,2639.158,0.085840955,1046.1049,0.3581747,-56.019653,-1.2582601,-10.728841,-0.512016,17.721739,0.51439905,0.04523323,0.5019449,-0.016398137,-0.6658185,0.091947496,1.1966703,29.461267,0.23601957,-10.253932,-1.0777276,18.22729,0.92437243,-23.582699,-0.5374482,-8.116407,14.245231,0.030247852,-0.0067396173,0.0634344,2.764977,2.4767802,0.309375,0.43608296,0.08357142,0.067676455,-31.5852,o,Ses02M_impro03,Ses02M_impro03_M025
209,35.571045,0.14126095,32.785225,36.367023,40.18247,7.3972435,26.020203,14.616361,15.268751,5.2992268,0.34388033,0.49133506,0.20219949,0.30496284,0.4836381,0.28143862,2.6575556,1.5206571,2.0642583,1.2215102,0.06723776,0.51458746,29.510498,0.31780738,-8.789596,-1.3409866,17.983057,0.9506306,-21.029083,-0.6167993,0.011361964,0.891256,0.8300401,0.5963036,8.400793,0.38523892,7.1119165,1.1983584,18.021147,0.6012703,554.3045,0.3320412,1425.8982,0.18449254,-47.508003,-1.6904495,1624.9805,0.129798,1027.4651,0.4403662,-50.70863,-1.3808916,2654.7502,0.073325336,1069.0913,0.32822138,-51.919655,-1.345442,-10.531843,-0.55387443,17.759949,0.5643199,0.043902837,0.43623158,-0.01852843,-0.60784984,0.073664054,0.45291403,31.280064,0.23141219,-10.662737,-1.0656598,18.259148,1.0099522,-23.665493,-0.5247853,-8.841921,14.436875,0.018615369,-0.00541061,0.04150261,2.8735633,1.5503876,0.51375,0.510929,0.12857142,0.07239348,-35.247517,o,Ses02M_impro03,Ses02M_impro03_F023
210,29.405157,0.13246223,24.651768,32.194008,33.08184,8.430073,7.8815374,2.5192292,43.282585,22.821312,0.1589683,0.68579686,0.081583105,0.116210945,0.23943794,0.15785483,1.0151784,0.40649503,0.84904516,0.51005703,0.029479478,0.72632146,27.643438,0.21175905,-6.847803,-0.77112687,16.965986,0.81897265,-6.715502,-2.4441464,0.018657176,0.69447124,1.3464696,0.5051599,6.4617376,0.44981813,0.5808074,6.200843,19.604004,0.32773456,455.42523,0.37111363,1597.2455,0.28865308,-139.26828,-0.6222569,1436.4384,0.1527503,1081.9365,0.2172056,-132.88432,-0.6582196,2655.9434,0.090995975,911.2848,0.2721093,-135.91806,-0.6117886,-13.165547,-0.27531594,24.528458,0.12047758,0.025571413,1.3596771,-0.01427669,-1.000121,0.050585773,0.44556025,33.152557,0.10595794,-3.917064,-1.0346243,10.639625,1.8481166,-19.238483,-1.111436,-8.944406,18.880116,-0.0067346557,0.008179514,0.01899484,3.1007752,2.419355,0.14,0.07348469,0.25333333,0.09568467,-41.190853,ag,Ses02M_impro03,Ses02M_impro03_M026
211,42.01089,0.13318743,38.14525,42.174652,45.97891,7.83366,242.49545,459.15466,186.10342,372.59488,0.53118205,0.5759319,0.2594903,0.48814452,0.7366816,0.47719127,6.6398964,5.085407,4.025092,3.3554754,0.17978169,1.0564644,24.22432,0.33079576,-16.921253,-0.6511394,10.720012,1.2759844,-22.357176,-0.49843365,0.029729918,1.3641913,1.1002184,0.546372,7.2406135,0.5017923,9.348634,0.8879073,13.539788,0.800572,702.2208,0.33200872,1390.4127,0.17756061,-55.342144,-1.4422445,1742.556,0.11875919,950.8406,0.3345751,-47.841217,-1.3693337,2748.0496,0.07734427,997.48596,0.30983496,-48.72085,-1.3432134,-7.8719044,-0.6733627,14.432671,0.59536666,0.052848406,0.40277275,-0.015453178,-0.8390978,0.19661689,0.9926611,24.073885,0.34262222,-17.479841,-0.63861495,10.74028,1.3422214,-23.639582,-0.47543177,-7.6581645,15.097201,0.03577039,-0.011183742,0.10752707,3.2312927,2.5728989,0.31,0.3457745,0.081,0.039862264,-28.800108,o,Ses02M_impro03,Ses02M_impro03_F024
212,35.046528,0.27773017,24.680954,39.537064,44.056793,19.37584,643.9948,904.09534,61.045525,36.33539,0.2185375,0.6676744,0.10824005,0.16063544,0.3230086,0.21476854,2.0337882,1.729177,2.0382266,2.3183076,0.04636605,0.89222854,29.107534,0.3500132,-4.8985424,-2.219836,12.971858,1.1013415,-12.513709,-0.8692876,0.020125913,2.0144095,1.0467947,0.64957076,7.7233915,0.6051725,5.3171864,1.6584853,19.899464,0.43333882,664.02795,0.36126983,1319.7528,0.15070528,-94.31469,-0.9700888,1665.9269,0.148075,1053.6737,0.27829105,-94.66407,-0.89745295,2695.7864,0.08815744,977.0118,0.3195235,-98.08884,-0.8359706,-14.108395,-0.3977585,23.050587,0.32025984,0.035884216,0.73277557,-0.009710672,-1.2213202,0.053674,0.82416594,31.928074,0.27338094,-6.168984,-1.9630386,11.311643,1.453292,-14.92615,-0.76501334,-10.419078,19.049686,0.015623872,-0.001538867,0.036802255,1.9631903,2.5925927,0.21714285,0.23209484,0.14809524,0.13454045,-37.64382,ag,Ses02M_impro03,Ses02M_impro03_M027
213,38.96766,0.118525,36.461132,40.03238,42.64483,6.1836967,26.248169,18.60864,19.222559,11.893818,0.28382817,0.7223364,0.07268598,0.22706866,0.50454414,0.43185815,3.7232993,2.188984,3.9250824,2.5684793,0.059793565,0.8082219,28.113052,0.2699775,-10.590227,-1.3569375,22.934427,0.40256947,-15.293361,-0.85044545,0.019166866,0.93536055,1.0611786,0.8026026,9.145131,0.3479612,11.485445,0.54881656,14.79632,0.5883803,622.68884,0.380541,1401.3446,0.13870937,-99.320694,-0.907837,1724.2382,0.11488471,927.456,0.3701991,-78.8179,-1.0513018,2686.5864,0.08993764,1107.6785,0.2816041,-78.366394,-1.0623187,-10.508825,-0.6377025,14.480941,0.6448542,0.047838353,0.4791937,-0.017014433,-0.6934715,0.076407164,0.5541167,29.062922,0.28748626,-14.001882,-1.1395485,24.714458,0.40910506,-19.0519,-0.7472735,-11.835748,19.599699,0.012747507,0.0035545335,0.029071508,3.1847136,1.9417477,0.33499998,0.1985573,0.15833333,0.15931275,-35.567818,q,Ses02M_impro03,Ses02M_impro03_F025
214,31.5006,0.12668069,25.146498,33.489353,34.261654,9.115156,2.4503708,0.0,29.924744,0.0,0.16857775,1.05732,0.064382136,0.08593846,0.18152882,0.117146686,0.4375681,0.16345777,1.0139732,0.0,0.027850112,1.0770904,22.796919,0.3331255,-4.2018514,-1.946381,20.068325,0.3615774,-13.680765,-0.64095664,0.011029224,0.9983441,0.8622735,0.6644693,6.471383,0.43994048,-3.1779683,-1.6910187,10.424859,0.73070914,513.6012,0.3405844,1303.041,0.11073369,-149.40741,-0.570806,1665.0103,0.085076794,824.1025,0.33371922,-150.13853,-0.5416046,2640.1582,0.07184331,1214.0271,0.46955857,-148.7773,-0.5629026,-7.5638385,-0.64130646,11.17473,0.5240723,0.040160865,0.5322691,-0.028066257,-0.44045067,0.066127345,0.52621293,22.817476,0.2070086,-10.691755,-1.1289603,26.882017,0.18520512,-24.011505,-0.3576172,-10.427865,18.485811,0.0056156456,0.0030346105,0.014436311,0.58479536,1.2048193,0.21499999,0.105,0.39333332,0.25460207,-40.989117,ans,Ses02M_impro03,Ses02M_impro03_M028
215,36.80842,0.11115192,31.9103,38.4722,40.334446,8.424147,37.096867,21.413004,31.512527,14.499545,0.3380317,0.6107448,0.13599487,0.29538274,0.5324875,0.39649266,3.158578,1.5439599,2.992312,1.876189,0.08291524,0.6934292,26.817076,0.2396892,-11.323446,-0.95586735,16.025898,0.72756034,-17.969522,-0.68996865,0.03219234,1.3049822,1.2189388,0.59552824,5.8044944,0.54248697,5.920045,1.346563,14.871019,0.49502274,578.4272,0.29719907,1375.7029,0.22728442,-99.81421,-0.9334157,1639.8701,0.12377945,979.5228,0.47519448,-88.539185,-0.99163663,2636.1362,0.073262,1024.8962,0.32321587,-89.02059,-0.9797856,-8.516522,-0.47346207,14.827169,0.42572945,0.047204357,0.40196425,-0.017776007,-0.6245176,0.108291715,0.52388203,27.529997,0.18320008,-16.390038,-0.59029317,15.629796,0.8709372,-24.532206,-0.4622336,-10.740775,18.907106,0.015339388,-0.003757174,0.04673974,3.886926,2.8880866,0.19749999,0.15473768,0.12875,0.10493301,-35.18781,o,Ses02M_impro03,Ses02M_impro03_F026
216,33.799778,0.19987606,27.074047,34.05507,37.739876,10.665829,182.71776,163.67346,86.9321,107.060104,0.25085348,0.9752163,0.08796311,0.16809885,0.3665799,0.2786168,4.0765715,2.8752635,3.6813922,4.387648,0.07529865,2.0607998,26.7983,0.30683565,-6.276481,-1.6785424,16.997253,0.7059425,-17.929443,-0.5848604,0.02260335,1.5525357,1.0263443,0.5799532,6.317583,0.50746685,5.69089,1.9034815,14.514264,0.47034925,638.15204,0.3780968,1331.8804,0.23406717,-129.45575,-0.7096168,1690.1469,0.12936136,893.3364,0.27976197,-126.25615,-0.70430446,2670.8008,0.08392071,1039.9034,0.3145507,-126.06618,-0.70887625,-10.416466,-0.5531861,17.530111,0.48891908,0.0508193,0.51357096,-0.017996455,-0.6337955,0.1153071,1.5060725,26.873528,0.2989804,-10.962392,-0.9406251,18.259876,0.8525851,-25.684595,-0.35062194,-11.455438,19.989649,0.020243533,-0.0059040175,0.05115836,1.5065913,1.9011408,0.19899999,0.18981306,0.27818182,0.3011136,-32.769188,o,Ses02M_impro03,Ses02M_impro03_M029
217,37.434788,0.056821514,35.791775,36.74819,40.19449,4.402714,25.928032,6.615081,23.697676,19.376892,0.18258376,0.53766763,0.08692109,0.16542688,0.25390753,0.16698644,2.00827,1.4640683,1.4536033,0.8143584,0.037767462,0.70404756,30.195911,0.2860423,-8.163739,-0.917102,7.36085,1.964181,-15.693691,-0.40654188,0.020984989,0.94545835,0.9910777,0.6789104,8.41262,0.38495532,5.8409686,0.99083644,27.330431,0.1733516,697.51,0.34371883,1392.5771,0.13304098,-117.167786,-0.79450977,1651.8921,0.13622797,1204.341,0.19058791,-117.44945,-0.74198556,2805.5208,0.08283451,1083.7196,0.5039475,-122.123,-0.6719974,-11.8114805,-0.42816573,27.216469,0.21926208,0.044453956,0.40270856,-0.004755568,-2.151433,0.05766408,0.46292487,36.916386,0.12407389,-9.186981,-0.84853184,-2.6243124,-4.902321,-18.69055,-0.3176719,-9.315309,18.406178,0.014741871,0.005159889,0.02251885,3.4285715,2.3529413,0.185,0.1192686,0.174,0.14813508,-41.32694,o,Ses02M_impro03,Ses02M_impro03_F027
218,44.42304,0.112109885,42.39076,44.65719,47.36588,4.9751205,91.133156,41.36127,54.58836,15.366735,0.22633524,0.8006823,0.08932668,0.17307383,0.33940238,0.2500757,2.9280896,1.695095,1.7206739,1.2547357,0.06530692,1.1289707,25.391457,0.34239733,-5.868557,-2.037353,11.164924,1.0873985,-16.631432,-0.6731393,0.047395505,1.4813733,1.0338298,0.6958214,10.0743885,0.31963846,11.025968,0.6089995,17.753153,0.66309524,813.9667,0.27032688,1389.8507,0.17415285,-119.94282,-0.754123,1814.9186,0.12500852,1057.1765,0.29580766,-111.36907,-0.7773848,2882.6013,0.08394353,953.3049,0.37009427,-114.00988,-0.73694247,-13.567546,-0.477976,21.91667,0.44042695,0.051615372,0.50395393,-0.0130619295,-0.9085808,0.10283182,0.8220523,26.662281,0.3127732,-9.18361,-1.5668572,6.2695246,2.215317,-23.082354,-0.45664683,-11.162807,20.101603,0.01001441,0.0014963069,0.028888442,2.5445294,2.3195877,0.20555554,0.09673688,0.20333333,0.259829,-36.263813,g,Ses02M_impro03,Ses02M_impro03_M030
219,43.222237,0.13444498,40.035465,44.063442,46.853157,6.817692,138.36452,225.6498,115.83971,106.210754,0.23563638,0.69008535,0.10636696,0.1967901,0.33594248,0.22957551,2.8972833,1.7859508,1.5200152,1.0849856,0.061323613,1.0665984,21.238045,0.5968326,-3.4574184,-3.4677815,9.267922,1.2519717,-17.8146,-0.6487391,0.046119247,1.6658027,1.0600996,0.63337976,9.818796,0.33029577,10.046538,0.72495806,18.784597,0.60874003,785.84784,0.268458,1358.7787,0.17810681,-118.578125,-0.7592727,1796.3213,0.1263617,1088.5046,0.36392933,-110.67728,-0.7745117,2812.4026,0.0831119,955.97034,0.4185069,-113.011795,-0.7369738,-13.171525,-0.48739353,22.128815,0.409167,0.05173416,0.5212838,-0.011393472,-1.2496002,0.09233303,0.82088715,26.262148,0.33657348,-9.215317,-1.46787,5.311055,2.5547585,-24.290522,-0.4469448,-9.003825,16.936365,0.014046072,0.00021257489,0.030522745,2.8355389,2.480916,0.19461538,0.11056605,0.17428571,0.2684004,-36.817326,a,Ses02M_impro03,Ses02M_impro03_F028
220,29.44818,0.23748396,24.833649,24.9071,40.075783,15.242134,2.4503708,0.0,308.27396,0.0,0.096561834,0.36771873,0.07001939,0.081554055,0.12377162,0.053752236,0.7245523,0.44646996,0.36709616,0.17962976,0.018986573,0.43603972,21.233406,0.21266259,-3.1627445,-1.0065933,18.528458,0.2544981,-6.0955954,-1.2331992,0.044246446,0.30571148,1.9285145,0.17190813,4.6764364,0.30449012,9.859,1.2712009,14.368703,0.92002463,542.33215,0.2944348,1336.1132,0.05236861,-182.7882,-0.26991695,1623.186,0.16696627,979.48737,0.07716166,-181.29907,-0.27399555,2551.9348,0.07440232,1054.5048,0.24056797,-181.48279,-0.27174413,-12.564946,-0.3751981,20.653814,0.19511506,0.009867609,2.0084183,-0.0033616396,-4.037055,0.02871947,0.27752727,23.03937,0.33197358,-1.8128906,-1.3503042,20.640574,0.27432936,-6.0329914,-1.9363216,-11.810629,20.98805,-0.011475679,0.006506794,0.01813354,3.1914895,2.247191,0.04,0.02,0.25333333,0.23612612,-50.73046,oth,Ses02M_impro03,Ses02M_impro03_M031
221,28.422127,0.26569003,20.4631,28.689224,35.797546,15.334446,37.604496,30.346449,110.09003,127.16853,0.32519224,0.9925936,0.09277084,0.1730341,0.5453933,0.45262244,5.144073,5.4173784,3.4680176,1.9333159,0.08460816,1.3541842,23.329554,0.2883541,-9.076144,-1.0657748,11.764147,1.1234522,-19.238008,-0.9085179,0.016689388,1.3264978,0.9811077,0.70062655,4.96854,0.6490834,-1.1568476,-7.2211266,12.766651,0.6452596,576.02563,0.45230612,1322.915,0.17690247,-121.24866,-0.79580826,1575.5837,0.21176359,1054.4856,0.41062385,-116.891785,-0.8084871,2613.8865,0.0936837,772.4716,0.37734306,-118.451836,-0.78279823,-9.080392,-0.5854447,17.057388,0.3506253,0.046850763,0.47859797,-0.016868332,-0.8600184,0.139004,0.9778572,25.389917,0.28930742,-8.304229,-1.252811,7.0308957,2.0695052,-27.737331,-0.7523178,-7.320886,15.922496,0.013774546,0.0035030004,0.04491109,1.8950438,1.6152717,0.25545454,0.20539822,0.31416667,0.24692975,-30.853125,q,Ses03F_impro03,Ses03F_impro03_M000
222,38.13719,0.18689188,30.05661,39.654728,43.744457,13.687847,311.1482,588.1275,79.869644,69.02563,0.22890301,0.84444445,0.09049149,0.16554445,0.29323184,0.20274036,5.32127,5.968604,2.9788766,2.79887,0.055808343,1.3827289,23.193754,0.2891772,-15.817967,-0.8553545,15.234476,1.0504154,-18.74108,-0.65746385,0.021198077,1.0373917,1.2505885,0.50167954,5.1102195,0.6868122,6.364954,1.3493683,12.456669,0.82184047,639.2532,0.3789518,1321.4313,0.17656524,-136.64174,-0.6557439,1669.1488,0.13769203,973.48474,0.32697904,-120.281685,-0.74299324,2685.5537,0.07985555,970.49677,0.38238585,-120.60669,-0.7372918,-6.1296344,-0.8069338,14.370118,0.47993553,0.03657973,0.54345876,-0.0025318714,-6.0750833,0.07848622,1.0195199,24.418896,0.26300815,-18.32273,-0.7609382,14.867897,1.4663435,-25.472303,-0.46998554,-6.0156007,13.589191,0.019194994,0.0049811336,0.03976745,1.7873101,3.052065,0.12852941,0.14600828,0.17852941,0.24294917,-37.633312,ans,Ses03F_impro03,Ses03F_impro03_F000
223,27.07873,0.030064814,26.169548,27.063148,28.04485,1.8753014,14.983354,0.0,-5.4865837,0.0,0.09704901,0.82527876,0.05055591,0.05946061,0.1050033,0.054447386,0.8011022,0.56378764,0.89610857,0.6568521,0.017535368,1.0947905,25.770187,0.10655976,-7.2990575,-0.7305438,15.164043,0.51016134,-9.453463,-0.5925322,0.038836032,0.8250338,1.5297091,0.35428602,1.6967525,0.48061115,3.7782302,0.8499748,19.76635,0.12077477,785.7492,0.22962976,1266.0417,0.09297669,-177.92476,-0.34359747,1779.941,0.10362707,1075.4054,0.12238448,-178.79436,-0.32901523,2711.599,0.068304926,1177.507,0.39434308,-179.16805,-0.32273206,-9.574687,-0.13947697,17.808739,0.1370793,0.030759204,0.42761156,-0.0007192752,-7.422303,0.05985748,0.38759196,28.871231,0.13964584,-7.782548,-0.9130135,11.064391,1.0532125,-8.877101,-0.54073834,-10.129589,17.354586,0.004273195,0.005030176,0.01224946,2.1276596,0.7352941,0.14999999,0.0,0.59,0.03,-48.235424,b,Ses03F_impro03,Ses03F_impro03_M003
224,35.990677,0.20309816,27.172813,41.13371,42.461346,15.288532,98.61153,0.0,2.1247864,0.0,0.09721639,0.71792173,0.049171887,0.06467472,0.13770413,0.08853225,1.0655986,0.46461993,0.82677984,0.6829771,0.017130634,0.99469846,22.989979,0.30865476,-6.478277,-1.8462771,12.616983,0.86858326,-11.56357,-0.5817226,0.013723185,0.7776504,1.2073858,0.3650108,4.399899,0.63635445,0.2710612,25.142206,17.569975,0.28071368,777.7164,0.1595191,1353.3584,0.06770152,-175.83025,-0.36837137,1730.228,0.080548294,1166.914,0.21064818,-174.4644,-0.36996695,2740.4094,0.0578166,893.6504,0.14212383,-175.40811,-0.35468292,-7.583345,-0.5940124,17.408882,0.15961567,0.021247983,0.64733,0.0025514583,4.5910883,0.04525991,0.47282606,28.349558,0.12871587,-16.925335,-0.71372455,6.5932684,2.1288118,-14.382111,-0.5400834,-8.713566,16.866037,0.0044440585,0.008105352,0.012758144,2.0408165,0.6920416,0.19,0.04,0.82,0.5233227,-49.6628,ag,Ses03F_impro03,Ses03F_impro03_F001
225,32.378674,0.08306525,31.194532,31.554417,33.504723,2.3101902,48.31482,54.833714,37.564453,8.400141,0.23036924,1.0442418,0.07914273,0.13504572,0.2802224,0.20107967,1.1854585,0.79907453,0.8684414,0.3078677,0.0515917,1.4032547,24.184013,0.32520595,-20.410988,-0.7457901,13.922131,0.9807954,-11.09637,-0.7478277,0.012827948,1.2843951,1.7697426,0.71942383,1.6919911,3.266323,-0.48621008,-17.608313,12.934654,0.8358725,613.1997,0.40582007,1230.8832,0.1921692,-134.24208,-0.6723636,1658.8243,0.15478803,1041.0675,0.18893059,-132.71295,-0.6676523,2658.098,0.09335782,972.5148,0.2019518,-134.97168,-0.63277173,-5.9657183,-1.1223013,16.69893,0.35562176,0.02618755,0.5016039,-0.005368772,-2.6920433,0.07230289,1.049547,32.223457,0.16044769,-26.00847,-0.7234976,12.331731,1.4622895,-14.751761,-0.45320445,-3.3645632,11.874666,0.012538552,0.008903702,0.04385012,0.621118,3.2051284,0.098,0.05706137,0.19399999,0.2652998,-37.334896,b,Ses03F_impro03,Ses03F_impro03_M005
226,33.86738,0.20075068,25.678818,35.266827,40.462444,14.783627,216.75395,274.62943,52.003117,36.264034,0.22869067,0.6203159,0.11463664,0.19166113,0.3232867,0.20865008,1.8065164,0.9454009,1.757843,1.3435751,0.042976703,0.773011,21.704689,0.420054,-15.870636,-0.88188416,11.060205,1.1659174,-18.07856,-0.71697575,0.021611655,1.6232074,1.266552,0.5155093,4.556236,0.61767685,2.3923619,3.717699,13.398702,0.63629085,634.32056,0.42254543,1359.8417,0.18577448,-104.93524,-0.92205054,1592.8068,0.1566552,1091.2992,0.3160818,-96.30409,-0.9818859,2665.9548,0.08813597,880.1619,0.38425192,-99.096634,-0.927336,-6.160021,-0.78950477,15.1190195,0.38427547,0.033296287,0.5050067,-0.009023543,-1.226589,0.060948204,0.56477636,26.085241,0.26112068,-20.486237,-0.7095775,8.818909,1.5933555,-24.290533,-0.5221855,-3.4996934,10.784986,0.017058527,0.007222387,0.02329938,3.3043478,2.8070176,0.178125,0.15689243,0.14823529,0.17064704,-40.351395,ans,Ses03F_impro03,Ses03F_impro03_M006
227,38.740376,0.14966424,34.694397,36.730232,41.816254,7.1218567,111.00441,49.649117,126.98638,88.64635,0.11413099,0.44600216,0.06034621,0.11031026,0.16032583,0.09997962,0.8578076,0.41273504,0.57359165,0.26061046,0.017764654,0.58143306,25.384031,0.20133184,-15.44248,-0.7437806,10.21953,1.2023672,-17.986385,-0.67459524,0.017122108,0.9509503,1.3539004,0.36018273,5.1104383,0.435589,-5.4637036,-1.5454787,10.372661,1.023889,599.7736,0.30610755,1308.3065,0.15238744,-151.78305,-0.5414365,1597.7979,0.10827595,1092.0668,0.22482681,-142.32982,-0.59380215,2621.5647,0.08151593,1108.4713,0.36952007,-144.63103,-0.5608922,-5.07444,-1.1321287,15.608636,0.4728735,0.021110613,0.74993956,0.00040475884,30.356209,0.025501173,0.4085979,27.108177,0.16685748,-24.469286,-0.45592824,7.528064,1.8777936,-24.93589,-0.4275896,-7.70199,17.471905,0.013040284,0.0051860046,0.014673984,2.6923077,2.9126213,0.09266666,0.060383957,0.22933333,0.26646993,-51.210075,s,Ses03F_impro03,Ses03F_impro03_F004
228,27.046959,0.25951895,21.03034,21.828615,35.54291,14.512571,8.836306,1.0372056,98.68691,0.0,0.105734184,0.588977,0.05053546,0.08127704,0.17393458,0.12339912,0.98537517,0.76665354,0.46204323,0.23898803,0.016085442,0.6295351,28.931808,0.18716456,-10.577529,-0.9138863,9.701264,0.9625494,-14.838052,-0.6159841,0.01292557,1.1391001,1.1690167,0.5551912,3.8475294,0.2662927,-1.1661806,-7.951835,16.473606,0.5801095,472.0993,0.29860404,1336.4141,0.113115095,-158.61516,-0.5042415,1399.4252,0.13197863,1147.026,0.32216412,-155.98706,-0.52801114,2579.9907,0.057058662,974.77997,0.22618432,-159.83533,-0.4699446,-5.219428,-0.81630874,21.255339,0.25175735,0.024082197,0.6183999,-0.0034627975,-3.675236,0.0287977,0.22281861,34.18706,0.17430252,-17.032969,-0.44730455,1.4117866,6.6764812,-26.517578,-0.1364942,-9.11972,19.526825,0.008062411,0.008580594,0.012778169,2.5270758,1.1029412,0.19,0.11575837,0.52,0.41850924,-49.937107,s,Ses03F_impro03,Ses03F_impro03_F005
229,30.110428,0.260366,21.292933,31.21828,38.503944,17.211012,31.786032,19.022778,96.76562,3.0429156,0.18306826,0.7260194,0.067030266,0.1327932,0.28956306,0.2225328,1.6058539,0.9497722,1.1743324,0.97460717,0.028661735,0.7942257,27.418585,0.2498163,-16.071623,-0.78302246,8.990598,1.0510801,-23.2141,-0.57981163,0.030507337,2.2289462,1.2341241,0.84438616,3.7835722,0.8872241,-0.12969571,-67.297615,11.565742,0.88308203,651.128,0.3706447,1328.3712,0.13426222,-120.21293,-0.8174467,1616.3206,0.171196,1068.6158,0.2500537,-114.45849,-0.85778445,2686.0662,0.07870131,937.8017,0.37648445,-118.36585,-0.7929454,-3.7468262,-1.4106541,15.0365505,0.550189,0.03196365,0.3739007,-0.010350219,-1.0086081,0.04613229,0.470378,27.964367,0.33340898,-23.814318,-0.55005735,4.8863153,1.6748098,-32.674526,-0.31200144,-8.549309,18.100946,0.012281316,0.0050921603,0.016984193,2.6022303,1.923077,0.21,0.15646085,0.29,0.18373893,-43.06697,b,Ses03F_impro03,Ses03F_impro03_M008
230,36.65844,0.13973066,34.56708,37.327095,38.641796,4.0747147,126.14535,93.039734,83.77192,59.943867,0.14407903,0.6937704,0.06921708,0.1119114,0.20249915,0.13328207,1.2434313,0.5626762,0.80043596,0.7579523,0.02293926,0.7552234,24.466782,0.20585948,-14.653289,-0.8392095,12.489573,1.0398124,-22.06423,-0.63159835,0.045593582,2.3339858,1.2432405,0.45214036,4.0885463,0.8115528,-2.6886861,-4.2464247,8.102426,1.2981833,661.7087,0.35488293,1317.5425,0.15612246,-139.47092,-0.6469587,1693.9407,0.12812515,1063.2814,0.25650808,-130.6838,-0.68434685,2679.82,0.093487814,1010.6587,0.3642691,-131.21985,-0.6744997,-5.5208445,-1.0006683,14.184446,0.5424145,0.026959557,0.62548643,-0.00800574,-1.3428802,0.034979705,0.5600162,24.572857,0.22524099,-22.944202,-0.5187196,10.833241,1.4948149,-31.289925,-0.3801588,-8.220145,17.039995,0.013822696,0.0027616601,0.0164494,1.9886364,3.004292,0.10904762,0.10609542,0.21249999,0.16037065,-45.944435,s,Ses03F_impro03,Ses03F_impro03_F006
231,35.58575,0.21239457,24.72619,39.065193,40.620274,15.894083,178.94196,125.54324,33.10894,25.74188,0.14160392,0.8067946,0.051052965,0.0957158,0.21155086,0.1604979,1.3714576,0.73741853,0.6298354,0.29771513,0.02426978,0.97978044,24.363672,0.25566205,-10.907049,-1.4787291,11.360193,0.9110536,-16.91591,-0.8748603,0.015139739,1.479628,1.1004049,0.5482772,5.3040476,0.5113402,-2.2752457,-4.3252063,10.0511875,0.85888004,738.9936,0.29885468,1253.2592,0.18105514,-146.34903,-0.60107535,1820.6765,0.17440832,1016.2508,0.30098218,-138.07625,-0.6350294,2766.5469,0.085381396,989.44666,0.32419804,-139.70724,-0.61144996,-6.0369368,-1.6501626,16.846016,0.36710772,0.03416489,0.57705784,-0.0108751515,-2.7516866,0.047273904,0.5954346,27.215307,0.2631548,-20.928194,-0.9431907,6.4371333,1.5827458,-25.699047,-0.7316347,-8.917083,17.682953,0.007328945,0.0059694895,0.013864224,1.553398,2.5490196,0.11461538,0.112565555,0.25615385,0.34982497,-42.57858,s,Ses03F_impro03,Ses03F_impro03_F007
232,31.86395,0.2733117,24.521358,24.827286,41.00742,16.486061,28.656605,0.0,-1.4794245,0.0,0.23497981,0.66076946,0.049936526,0.22659983,0.40603393,0.3560974,1.362178,1.105467,1.0230495,0.057638317,0.04443824,0.79721063,26.02241,0.29137716,-13.367193,-1.3926927,12.548312,0.57662356,-25.715622,-0.69873863,0.008208391,0.8625244,0.9073759,0.6192075,5.2493935,0.47494748,-0.038807016,-236.62198,10.473946,0.7488632,889.93884,0.16971865,1268.0524,0.23094267,-95.89532,-1.0740513,1998.0138,0.14113082,971.72144,0.41851202,-97.74416,-0.9750643,2864.0342,0.07176672,973.3231,0.43976063,-97.96941,-0.9676912,-8.481874,-1.2703681,16.177654,0.39776284,0.043410968,0.4931966,-0.023221662,-1.5887101,0.06886078,0.45111573,27.718266,0.33559462,-16.712053,-1.3460364,11.6404505,0.7095937,-36.997208,-0.43142265,-9.068483,17.717949,0.011030267,0.0021748308,0.020428322,1.3157895,2.0408165,0.24666665,0.1302135,0.16499999,0.1622498,-37.703873,b,Ses03F_impro03,Ses03F_impro03_M009
233,37.67823,0.1970447,33.760735,39.073917,40.548977,6.7882423,45.99967,45.018776,143.86037,98.2012,0.13051815,0.5116264,0.06829505,0.120813206,0.18091428,0.112619236,1.1543409,0.6896371,0.5892605,0.4053206,0.024013665,0.7197627,27.492085,0.20216201,-14.823186,-0.82883096,11.090062,1.0913817,-18.149965,-0.6829313,0.024019076,1.5513151,1.4138367,0.47747958,5.1434093,0.5194456,3.2073305,3.4606638,16.017555,0.76289904,639.18774,0.36765337,1325.1771,0.17069854,-149.18022,-0.56018615,1655.1547,0.14005928,1102.2922,0.33005208,-135.17595,-0.63157505,2669.423,0.09270868,1041.6919,0.38313475,-136.59825,-0.6127094,-8.19414,-0.7013206,17.098349,0.41534734,0.029861541,0.6198445,-0.011985455,-0.9905357,0.033831045,0.44899613,28.883575,0.22732547,-19.923876,-0.63895273,9.653186,1.2444953,-26.55881,-0.46260452,-8.7247505,18.194042,0.01003712,0.003915918,0.018776352,3.195489,3.0534353,0.10125,0.076229505,0.21666665,0.15115848,-47.342804,s,Ses03F_impro03,Ses03F_impro03_F008
234,22.639034,0.19224498,20.010904,20.8963,24.098923,4.0880184,205.7932,0.0,18.13644,16.84069,0.13203064,0.36556917,0.08416884,0.13177232,0.17944935,0.09528051,0.75784016,0.32101578,0.6482688,0.26963475,0.020512208,0.4227372,33.20451,0.17392555,-11.695962,-0.72041374,13.971308,0.6306101,-16.81112,-0.6938923,0.012769569,0.58615243,0.8844777,0.51295435,3.4026031,0.5844601,6.687252,1.052701,20.959753,0.31058243,568.8319,0.34551877,1252.0243,0.13021874,-100.09833,-0.9446359,1613.4034,0.19514263,997.66656,0.19928212,-103.13199,-0.88181305,2611.3965,0.092684,914.7164,0.29712188,-106.8273,-0.81768,-11.05072,-0.48990828,18.987442,0.2402464,0.022699118,0.5658662,-0.012400378,-0.9201201,0.025015777,0.30521634,37.521053,0.11339938,-11.24251,-0.86219484,16.065296,0.6227396,-18.76901,-0.70194185,-9.479159,17.473362,0.013467756,-0.00078069075,0.017366894,3.7593987,2.34375,0.21,0.13490738,0.145,0.05315073,-47.621304,b,Ses03F_impro03,Ses03F_impro03_M010
235,39.39457,0.06329938,36.873684,38.57955,42.101578,5.227894,122.03386,209.59433,50.417362,44.482723,0.11808385,0.5032043,0.06919135,0.106505774,0.15671171,0.08752036,1.0694785,0.61388487,0.46304265,0.20074403,0.01970252,0.7229248,27.28552,0.1642707,-15.265223,-0.7650726,9.483249,1.1784538,-17.519577,-0.610292,0.014849419,0.81522924,1.3145001,0.46937022,6.0328608,0.47293973,1.0328127,11.972711,17.179136,0.5413316,660.3939,0.3141048,1358.1255,0.14309503,-140.64644,-0.61838543,1631.4238,0.1311063,1165.9714,0.25165564,-130.22034,-0.6743691,2652.352,0.07987866,1060.996,0.35543558,-133.04538,-0.6331838,-7.436781,-0.637949,19.542253,0.33730698,0.022568753,0.7818045,-0.002275621,-5.2389803,0.026301285,0.5756638,29.092308,0.1472049,-18.854837,-0.55351204,5.453358,2.378257,-24.706152,-0.38081563,-7.9943905,17.804617,0.010903337,0.0053154402,0.01603928,2.527076,2.7845035,0.1226087,0.06809311,0.20708333,0.17047673,-49.737427,s,Ses03F_impro03,Ses03F_impro03_F009
236,40.364697,0.04982811,38.702637,39.867462,42.402954,3.7003174,32.21212,7.72709,-5.7399235,17.842611,0.09585809,0.3945312,0.055078886,0.09488633,0.12433095,0.06925207,0.61240923,0.30414972,0.5644642,0.27845132,0.014842203,0.47087386,25.023642,0.22318056,-7.5002947,-1.2285067,13.215299,0.77881736,-16.846735,-0.638403,0.018688427,0.839273,1.2939696,0.40413046,7.001177,0.38746288,8.934783,1.0390911,17.543205,0.5063619,643.80743,0.38024387,1383.5922,0.15676475,-150.96832,-0.5333363,1664.9608,0.15516627,1089.4281,0.23212193,-124.16431,-0.69671977,2639.779,0.08392566,996.8945,0.33717096,-124.836205,-0.6866153,-10.704331,-0.36762163,18.398293,0.29032853,0.022064153,0.5995454,-0.0058836234,-1.3105992,0.018780375,0.36364654,27.38153,0.18670064,-12.247896,-0.7200148,14.330033,0.8738129,-24.998978,-0.31929103,-10.424886,19.111567,0.0040176474,0.004912538,0.012303973,3.13253,3.1707318,0.12,0.07400624,0.16214284,0.19806848,-52.32011,s,Ses03F_impro03,Ses03F_impro03_F010
237,39.744984,0.10862111,36.483307,40.528217,43.522255,7.038948,256.91788,375.36627,61.744152,106.69252,0.2578824,0.9412302,0.0994633,0.17994891,0.33477122,0.23530792,3.045001,2.5367885,2.0370858,1.7901497,0.06686263,1.6041955,21.22816,0.3402003,-18.326843,-0.67297214,18.091389,0.7927478,-21.170618,-0.53368247,0.025506245,1.5517418,1.2354003,0.45981055,5.58787,0.5485281,6.9331207,1.372024,11.554793,0.7776122,756.8913,0.36388677,1290.4094,0.19691063,-133.44482,-0.6638981,1772.1083,0.13442141,1068.842,0.4339101,-114.56307,-0.7925738,2725.2612,0.09559388,986.5465,0.25582984,-114.43013,-0.7950745,-5.633864,-1.0469303,13.302071,0.5741818,0.043505643,0.5792473,-0.0030807734,-4.1145506,0.10737173,1.2658414,22.53325,0.30891904,-22.363033,-0.5866638,16.701962,0.9304795,-23.18028,-0.42402476,-4.9138227,11.892455,0.02007547,-0.00035279806,0.033983827,1.5069968,2.7056277,0.1572,0.13984333,0.1916,0.15311904,-35.343227,s,Ses03F_impro03,Ses03F_impro03_F011
238,38.971756,0.09876865,36.02572,38.136536,42.80029,6.7745705,311.9406,339.18652,79.117325,89.385956,0.4469295,0.8281168,0.09642493,0.40925637,0.7067534,0.61032844,4.591058,2.244846,3.3960626,1.7287728,0.14085244,1.2109234,19.03428,0.455941,-17.786493,-0.7713409,23.740675,0.681352,-18.816366,-0.49055573,0.03366106,1.7372867,1.3354825,0.551022,4.877486,0.667091,10.630839,0.6695014,9.726136,0.96306384,824.95905,0.39401808,1205.1304,0.3064913,-113.8016,-0.82618475,1851.3369,0.15764086,947.03705,0.31159985,-92.54847,-0.9875601,2753.0125,0.10391697,1000.4195,0.2818577,-90.55815,-1.0261198,-3.7422867,-1.3043019,9.463462,0.63925195,0.06309795,0.3825523,-0.0019221553,-6.694922,0.21436179,0.8183619,21.603914,0.35451734,-24.814625,-0.48744532,23.676191,0.7595181,-21.632063,-0.3104619,-4.1961007,9.532763,0.018682154,0.004410813,0.0518049,2.264151,2.3076923,0.235,0.22358815,0.175,0.12802994,-30.343884,q,Ses03F_impro03,Ses03F_impro03_M011
239,34.309895,0.26110137,26.26699,29.937248,44.348354,18.081364,68.15363,60.671463,139.70695,82.24644,0.24182451,0.61910117,0.12216702,0.20474398,0.36236277,0.24019575,3.2407758,2.290854,1.4121938,0.9622078,0.060161673,1.0355438,18.497765,0.5759093,-11.387481,-1.3570601,14.625728,0.9883417,-14.615095,-0.7784451,0.026902812,0.7754007,1.4160105,0.3824481,4.5441346,0.592719,5.5397053,1.7280248,16.459866,0.6012391,605.612,0.4418925,1289.5953,0.23680471,-136.24423,-0.63963145,1623.7136,0.13812904,938.7266,0.33422783,-129.78957,-0.6540543,2628.5874,0.08765795,927.4835,0.31284276,-130.14168,-0.6494401,-8.708322,-0.8296473,16.88627,0.36291492,0.044684555,0.52851605,-0.006046634,-2.4325085,0.06710818,0.70998627,22.134567,0.4327767,-9.212557,-1.6998966,19.22996,0.7850695,-15.3565,-0.7307725,-4.4078364,13.123599,0.023817057,-6.355078e-05,0.056624763,3.1007752,3.7328098,0.091578946,0.06417601,0.16444445,0.20491792,-38.92195,q,Ses03F_impro03,Ses03F_impro03_M012
240,44.807343,0.0574788,43.217766,44.093277,46.699986,3.4822197,75.94485,83.884056,46.87792,37.989555,0.23086374,0.6421495,0.10449637,0.19184215,0.360643,0.25614664,3.0251176,2.5890968,1.5682402,1.0086502,0.05933744,1.3205314,16.843073,0.5065731,-19.265226,-0.5345628,10.596532,1.2392039,-16.791054,-0.6272712,0.026264818,0.6904274,1.4716038,0.471587,6.0081005,0.7049414,8.507226,1.2081835,13.201546,0.6743826,873.5818,0.1907539,1334.4954,0.184665,-142.3445,-0.5952181,1829.9822,0.09336292,1030.4391,0.18047023,-134.55423,-0.62278473,2818.7185,0.068982266,925.3549,0.25979716,-136.11296,-0.60058796,-5.961058,-1.2253048,16.52824,0.284112,0.044164017,0.47188345,0.0066449954,1.921242,0.061342645,0.8507251,19.869562,0.33092073,-20.123981,-0.54176056,9.392502,1.4026853,-21.140545,-0.3820647,-1.5878263,11.25262,0.025910908,0.008879091,0.059263837,2.3529413,2.9850748,0.11,0.09316652,0.203,0.18395923,-39.381447,ans,Ses03F_impro03,Ses03F_impro03_F012
241,37.466442,0.110914305,35.551693,37.245895,41.182343,5.6306496,62.59959,36.15024,49.03896,11.495826,0.09271011,0.67139727,0.052539717,0.067815095,0.115142815,0.0626031,0.78889865,0.7917936,0.5401055,0.438576,0.015379809,0.95002186,24.099482,0.22963253,-7.3857503,-1.315164,14.837488,0.4016819,-12.239812,-0.63278943,0.027634481,0.7309416,1.3959857,0.43438074,4.509756,0.55832464,2.435837,5.0781727,13.531745,0.646694,694.32526,0.37031066,1415.1078,0.15162945,-176.7313,-0.34073532,1710.452,0.13991241,1234.3003,0.30323124,-170.8289,-0.37482154,2670.0117,0.06872156,967.6377,0.2826765,-170.97322,-0.37253466,-9.226859,-0.46608457,16.735523,0.2982032,0.035606205,0.5379303,-0.006455475,-1.4462478,0.034170244,0.6348155,25.739971,0.28201064,-13.981695,-1.0854157,12.196908,0.55111,-20.300625,-0.3732929,-9.930779,17.269743,0.0069240015,0.004888947,0.011948399,1.312336,2.1276596,0.06625,0.06854515,0.34,0.31450135,-50.265022,o,Ses03F_impro03,Ses03F_impro03_F013
242,33.168808,0.22226925,26.503643,28.157742,43.15664,16.652996,71.685104,65.15153,64.17784,53.970547,0.17159578,0.8019333,0.054135818,0.1059423,0.26121905,0.20708324,2.3636947,1.4173934,1.993524,1.319147,0.030968685,0.93667144,20.975498,0.4427944,-5.6449475,-1.9759794,20.995075,0.8820477,-10.346409,-0.8680939,0.04372189,1.6373069,1.4042747,0.59114045,3.3988435,0.8100016,5.2559752,1.0755373,13.450303,0.8368182,590.3088,0.5948812,1235.3177,0.14318244,-146.99962,-0.5726982,1653.0012,0.1610102,863.2333,0.47318098,-141.29248,-0.5824293,2612.759,0.082202055,956.2082,0.2955077,-139.81331,-0.60533315,-5.76071,-1.0199307,12.108715,0.69876134,0.040870454,0.46123934,-0.007498013,-1.6364541,0.0596437,0.4942136,22.1931,0.34863067,-13.360933,-0.7080146,34.229458,0.66115755,-12.673107,-0.7600422,-8.29476,17.329855,0.009176566,0.006042,0.017657472,2.542373,2.6086957,0.11333333,0.08279828,0.25,0.24522097,-42.431137,s,Ses03F_impro03,Ses03F_impro03_F014
243,30.788176,0.20712869,25.786783,27.73633,38.27361,12.486826,96.721436,71.947205,35.27858,27.397276,0.24975495,0.4861638,0.13994338,0.2379839,0.34875068,0.2088073,3.346308,1.019707,1.3383682,0.9519181,0.046393823,0.5854437,21.233139,0.5524983,-6.57124,-2.3426802,28.975082,0.6186002,-11.522235,-1.0736423,0.026093127,1.5102804,1.201519,0.62252754,4.2204823,0.7440014,2.0578077,3.2160425,14.28099,0.68144464,590.32544,0.50318336,1221.3734,0.21274787,-76.15957,-1.163193,1629.987,0.16158791,856.78546,0.3749909,-76.11586,-1.085887,2644.7146,0.09295928,905.76044,0.3604726,-76.05361,-1.0896155,-7.793613,-0.96236455,15.136124,0.6091765,0.04114214,0.463078,-0.004507186,-2.080665,0.053542424,0.5184482,25.37148,0.32037437,-11.28752,-1.2843409,33.485096,0.5831976,-12.755574,-0.98875034,-5.7264495,12.430351,0.017582556,0.0045172567,0.03401735,3.902439,4.0201006,0.155,0.120519705,0.08285714,0.048022103,-40.16696,q,Ses03F_impro03,Ses03F_impro03_M013
244,34.281986,0.15696587,29.844912,33.866024,38.347954,8.503042,81.21715,75.831276,79.796715,127.22891,0.15715218,0.57480514,0.0841524,0.13612527,0.2012265,0.1170741,1.5845953,0.91335183,0.61498046,0.36589235,0.02767247,0.75737786,26.981096,0.24705574,-14.441409,-0.93584776,13.405973,1.1248102,-15.67586,-0.75247663,0.020668153,1.8920873,1.1818064,0.42999768,5.138465,0.5802372,-1.2441458,-5.975472,12.855169,0.6937534,625.981,0.3631962,1360.0026,0.181436,-107.663475,-0.8870271,1648.201,0.14085868,1123.0817,0.29164177,-103.17635,-0.88339245,2620.801,0.092507064,1066.4443,0.31168976,-104.75684,-0.85508525,-8.571389,-0.7005564,17.203703,0.3650752,0.022737434,0.91368705,-0.0038312138,-3.142889,0.033494357,0.70795435,28.570288,0.17564087,-15.630316,-0.8825865,14.650885,1.1579429,-16.844456,-0.7937293,-6.6762285,16.351475,0.014236525,0.004092413,0.020705307,2.4285715,2.5936599,0.18833333,0.14720544,0.19812499,0.16715331,-44.599922,ans,Ses03F_impro03,Ses03F_impro03_F015
245,38.796432,0.15861468,37.14289,39.367764,43.77246,6.62957,97.895454,71.86539,17.979328,0.0,0.1414135,0.63803685,0.05363345,0.124197364,0.21825579,0.16462234,0.7116361,0.2883213,0.9452417,0.70276654,0.021854002,0.74429244,23.44545,0.1630383,-15.46931,-0.84799254,18.726902,0.61769736,-13.8258095,-0.5291519,0.013436036,1.4181277,1.0640006,0.5720828,7.2050953,0.49265718,13.068047,0.91776925,13.461548,0.9447678,511.72473,0.38779646,1217.8322,0.15474793,-153.22023,-0.53294754,1586.4443,0.09580164,882.95044,0.228619,-127.39104,-0.6963517,2523.829,0.08859951,1014.9724,0.25361323,-126.21232,-0.71719944,-7.982231,-0.8630216,13.204583,0.80491525,0.04062384,0.40055245,-0.010544418,-0.76117176,0.030030075,0.4240568,23.457008,0.25328907,-16.055326,-0.77146256,20.361717,0.5780906,-19.025206,-0.354481,-5.792447,12.265927,0.0156005705,0.005336894,0.017809916,1.8181819,2.5000002,0.145,0.06538348,0.31,0.19252704,-47.06176,ans,Ses03F_impro03,Ses03F_impro03_F016
246,32.890625,0.20864783,27.371231,33.68659,43.208225,15.836994,231.08138,209.59846,18.146551,9.14994,0.24850337,0.50772035,0.11550203,0.23739403,0.38036925,0.26486722,1.185029,1.147744,1.0437961,0.45346445,0.042865884,0.63799995,24.314878,0.40548328,-14.368542,-1.1468866,23.538872,0.77930206,-10.685609,-0.8856879,0.018765835,1.3351411,0.86887264,0.59833235,5.2618847,0.65431356,2.4670277,2.8273664,11.546936,0.5496885,469.01938,0.41503966,1270.3816,0.12268461,-64.78357,-1.3458822,1534.0769,0.10608164,864.8651,0.3254951,-61.90348,-1.2362491,2500.6113,0.09278178,967.4512,0.26900643,-60.593624,-1.2827384,-7.332379,-0.59531444,14.118232,0.44566795,0.036619265,0.7202241,-0.0043713804,-2.0003102,0.044536956,0.6412852,26.154026,0.28923005,-14.574824,-0.8500993,28.023293,0.6638364,-11.574246,-0.7984333,-5.169852,11.819812,0.016605916,0.0034992278,0.04093939,2.7210886,3.521127,0.19999999,0.10059821,0.064,0.031368773,-40.111206,q,Ses03F_impro03,Ses03F_impro03_M014
247,32.033024,0.0030313246,31.934788,32.050278,32.122417,0.1876297,5.3293233,0.0,10.250759,0.0,0.088936046,0.62881047,0.049279913,0.06754253,0.102391146,0.053111233,0.30260625,0.2304011,0.32705534,0.12079714,0.014644333,0.9169178,27.94123,0.10746762,-13.119346,-0.8734905,10.087511,0.80204,-10.468801,-0.5832914,0.015817562,0.19385466,1.715253,0.174309,0.86769116,1.711099,2.4033456,0.2702249,4.495338,0.49448532,476.4624,0.045678418,1083.3179,0.0771495,-192.29945,-0.1979948,1532.737,0.033996154,1008.2857,0.11852844,-192.32156,-0.19805874,2529.8394,0.051074438,1121.1514,0.10562621,-192.41426,-0.19580136,-2.7230053,-0.4081261,12.995653,0.09113208,0.03065303,0.37423936,0.004336146,0.57616293,0.040267624,0.19073038,28.112854,0.08075849,-34.65439,-0.08824894,8.71208,0.4991024,-11.462133,-0.15748857,-8.936413,18.89476,0.007292718,0.0037307495,0.013799515,1.6042781,0.5494506,0.07,0.0,0.85999995,0.53,-52.89295,s,Ses03F_impro03,Ses03F_impro03_F017
248,24.981922,0.2521245,21.33574,23.43465,25.644276,4.3085365,179.76843,158.78673,17.361858,20.618572,0.09750214,0.5108568,0.051584553,0.08272805,0.14359467,0.09201011,0.94313574,0.6740497,0.69386375,0.33114812,0.017631983,0.5802771,28.05941,0.29501313,-2.60659,-3.6516807,17.195097,0.7143799,-8.021325,-1.0929682,0.01851097,0.7574759,1.0176898,0.5386818,4.053749,0.5660765,4.4382873,0.89736545,24.175453,0.32455066,566.64685,0.4149548,1401.6006,0.1983495,-146.25426,-0.5801794,1590.8971,0.13458222,991.02185,0.28499064,-148.04663,-0.54395163,2642.7788,0.09557162,988.9944,0.38732627,-149.82898,-0.5198862,-14.10332,-0.34908387,22.876455,0.24662739,0.020259079,0.97282594,-0.0015250333,-6.833776,0.024106907,0.3645341,31.917454,0.24388927,1.3429524,7.394213,25.75411,0.6644809,-8.068159,-1.4346496,-10.783619,20.941658,0.004436171,0.0060337204,0.0151500115,3.4979427,1.6632017,0.1625,0.09148087,0.3711111,0.15884614,-49.314198,o,Ses03F_impro03,Ses03F_impro03_M015
249,34.057865,0.036610723,32.48314,34.652336,35.25465,2.771511,7.664172,0.0,13.205424,0.0,0.066889584,0.36695468,0.04721845,0.05730983,0.08747013,0.04025168,0.31662437,0.13567851,0.24053036,0.06985428,0.009997332,0.42875996,27.52261,0.103026696,-5.85207,-1.0834612,14.324897,0.46019712,-10.4952545,-0.7125905,0.016852027,0.66639733,1.1585257,0.50624645,5.232596,0.36118677,8.003419,1.15277,21.926138,0.4497959,508.09714,0.18234135,1318.9619,0.07427179,-174.6739,-0.37289524,1627.554,0.07021139,1096.0233,0.23614459,-177.01381,-0.33550432,2569.0586,0.05508736,1100.4662,0.17737722,-177.28697,-0.33107138,-13.0509,-0.33418208,20.166157,0.37758777,0.020589456,0.8961563,-0.0063957204,-1.7455877,0.014139727,0.20647217,30.581985,0.10716996,-8.881296,-1.0949299,16.996021,0.39780268,-20.989483,-0.60577005,-11.242143,19.436655,0.0062024086,0.004740126,0.0095755495,2.586207,1.3215859,0.086666666,0.00942809,0.48499998,0.116726175,-56.736305,s,Ses03F_impro03,Ses03F_impro03_F018
250,35.27557,0.048972655,33.10902,35.690018,36.79698,3.6879616,92.632805,33.682053,13.108301,1.0069051,0.07422122,0.35875458,0.053469792,0.06714911,0.08922407,0.03575428,0.48733574,0.25106794,0.25227675,0.17905413,0.010314104,0.4245222,25.852997,0.18161516,-7.269539,-1.1750842,16.225428,0.5437022,-12.248681,-0.6705261,0.011487495,0.8023145,1.2883521,0.47242406,4.0846105,0.47484973,-1.3424416,-7.597299,11.356997,0.90522045,509.47452,0.21387626,1312.7777,0.12812142,-185.2073,-0.27087015,1576.827,0.080890216,1122.6847,0.28870907,-182.7477,-0.2894456,2529.2708,0.0693846,1086.2065,0.4498366,-182.80933,-0.288482,-8.003158,-0.45002648,14.684647,0.39665425,0.023518749,0.75601214,-0.0039526247,-2.0547132,0.017974414,0.42421573,26.714441,0.17474335,-18.20842,-0.5588255,16.735128,0.64437026,-23.712498,-0.31246415,-10.075458,17.737549,0.006797951,0.00421152,0.009547788,2.6890757,1.0169492,0.08,0.04358899,0.65749997,0.7867615,-56.90689,o,Ses03F_impro03,Ses03F_impro03_F019
251,28.325905,0.15678242,23.63732,28.981169,30.26078,6.623461,91.5319,103.00124,116.12598,162.28624,0.19284321,0.6742762,0.09768874,0.14953957,0.28692198,0.18923324,2.4162788,1.9588215,1.7934407,1.1239337,0.03893305,0.9168798,24.794912,0.61357564,-2.759168,-6.435555,15.776059,0.8695076,-10.852634,-1.0576731,0.024850674,1.6213316,1.1459408,0.6727524,5.051019,0.4979593,0.14453912,52.577236,19.721737,0.6261214,544.85046,0.39930275,1314.0242,0.16828756,-112.26358,-0.8411781,1577.442,0.14115243,972.66815,0.28910744,-112.569145,-0.8013005,2624.2253,0.10142194,885.6135,0.31227908,-114.38526,-0.7725832,-11.436655,-0.6434569,20.280987,0.41789365,0.038268656,0.58537257,-0.0050180308,-2.3705156,0.052330717,0.5158038,32.280834,0.26624143,-5.950748,-2.783841,21.688133,0.59056705,-11.006968,-1.1122662,-6.3675733,14.050014,0.0123350695,0.004850929,0.02768529,2.4528303,2.2857144,0.19583334,0.14320487,0.20384614,0.2907957,-40.507183,q,Ses03F_impro03,Ses03F_impro03_M016
252,31.036184,0.21698691,23.494164,35.12677,37.009384,13.515221,175.71185,110.215576,239.82683,234.55641,0.14364304,0.4529756,0.09013162,0.13393898,0.18137547,0.091243856,0.8448211,0.45749447,0.79245585,0.30965364,0.021746865,0.56514084,26.212997,0.2848024,-11.186886,-0.8636655,21.908028,0.66666555,-17.123728,-0.77386725,0.020930434,1.7857994,1.1124934,0.37351343,4.875709,0.48941952,-0.56935185,-18.20839,14.89408,0.78227144,567.86005,0.34615368,1364.731,0.23540774,-108.76608,-0.86598414,1639.196,0.110752,1034.5378,0.29862452,-109.31001,-0.8220693,2616.8022,0.09729459,989.67267,0.341747,-109.81526,-0.81367123,-8.942156,-0.566079,16.718855,0.48277205,0.024852565,0.73274046,-0.0017761809,-5.517888,0.025240377,0.52139026,28.593292,0.24210088,-10.154378,-1.0142357,21.9847,0.8048602,-20.350168,-0.7200827,-6.359744,12.313739,0.010985532,0.000843359,0.019063933,2.7692308,2.8125002,0.1622222,0.09198765,0.1711111,0.107439324,-46.835728,ans,Ses03F_impro03,Ses03F_impro03_F020
253,31.265995,0.12565523,27.801172,32.145435,33.99872,6.197546,144.07996,176.58325,35.49998,47.104317,0.101224326,0.7649919,0.051965572,0.07625326,0.116368964,0.06440339,0.6641133,0.50471586,0.3797923,0.2885187,0.014699564,0.8806452,28.086185,0.1801098,-8.383675,-1.402066,19.523584,0.5761644,-12.882806,-0.6875794,0.022317193,2.1653018,1.3107139,0.7500019,4.5559254,0.6618655,-0.951965,-7.558067,11.642107,0.69943213,577.3229,0.31132224,1339.1266,0.1561438,-138.80084,-0.626188,1650.8394,0.1474299,1056.31,0.31899607,-139.8924,-0.596182,2600.8938,0.087544434,1110.6918,0.41785792,-140.10464,-0.59269816,-10.380661,-0.53902936,16.917316,0.37953627,0.017629769,1.0875659,-0.0076581617,-1.8833337,0.02418878,0.7573652,30.939257,0.18443447,-12.85042,-1.09977,23.937166,0.5926781,-18.109034,-0.5558671,-10.686218,19.022226,0.0016087153,0.005507919,0.010207846,1.3722128,2.0761247,0.14999999,0.13814244,0.31,0.15324272,-48.146637,s,Ses03F_impro03,Ses03F_impro03_F021
254,28.066816,0.16551265,22.867224,27.6407,34.117428,11.250204,145.74513,96.43239,114.82371,148.5064,0.15485623,0.6824741,0.0564321,0.12407987,0.22527748,0.16884539,1.6731275,0.5460435,0.21955171,0.35200876,0.02557756,0.75159013,30.541895,0.198113,-8.398083,-1.593333,20.020382,0.7349898,-17.011156,-0.6660489,0.03026622,1.7180581,1.5307982,0.94832814,4.027261,0.9389692,0.52782196,11.34926,14.271704,0.5205757,504.8198,0.32878068,1339.767,0.1377415,-95.04447,-1.0217452,1575.927,0.13936362,918.10645,0.24205206,-99.54786,-0.9226858,2610.7405,0.08214354,924.89294,0.46877196,-100.31494,-0.9073519,-11.229912,-0.62427765,18.095467,0.36706457,0.030604279,0.5322091,-0.010171021,-1.789758,0.034898248,0.5739926,32.43177,0.1888052,-11.69611,-1.3547782,25.53336,0.6255684,-19.392405,-0.6027239,-10.754262,20.573835,0.0036992545,0.0066119684,0.014211105,1.5463918,2.1505377,0.24,0.18479718,0.27666664,0.032998316,-43.47851,q,Ses03F_impro03,Ses03F_impro03_M017
255,29.252644,0.23165931,20.550522,33.718857,35.773014,15.222492,483.0294,611.38727,85.15831,36.883762,0.13461374,0.6317736,0.0662557,0.102849506,0.20188887,0.13563317,1.5142853,0.8205444,0.7705463,0.3505262,0.021605065,0.77736074,29.433271,0.1608351,-16.253036,-0.7455984,13.454128,0.805137,-16.225004,-0.6572009,0.011248325,0.7834952,1.218087,0.48610422,3.5523922,0.61354315,1.0264537,8.361439,10.987257,0.793072,570.2518,0.32124022,1292.7867,0.14491382,-158.26498,-0.4712036,1547.4219,0.1321669,1042.0327,0.22554538,-156.10092,-0.48498628,2601.0676,0.09833628,895.67505,0.2966947,-157.69699,-0.46295628,-6.011797,-0.80804473,16.355904,0.38418692,0.017995311,0.78450716,-0.003850821,-2.9581244,0.028409801,0.6006316,30.833014,0.16813527,-21.65944,-0.5681746,12.237021,1.1755456,-21.576927,-0.5810601,-7.874457,17.694609,0.01020057,0.002618894,0.018862346,1.8126888,2.4615386,0.074999996,0.041833,0.2688889,0.25757176,-47.630596,ans,Ses03F_impro03,Ses03F_impro03_F022
256,24.410963,0.12743248,22.560078,23.654379,25.773464,3.2133865,459.10355,620.2682,70.798874,52.99964,0.12701051,0.66219676,0.05122279,0.09941888,0.20355713,0.15233435,1.2134429,0.84694344,0.8307688,0.2923012,0.019508434,0.7580266,27.261457,0.35184246,-8.868015,-1.459291,13.613455,0.7386176,-11.856345,-0.87955564,0.01517913,1.069889,0.88721234,0.45274162,3.4772952,0.55625856,6.8023157,0.88057107,15.150498,0.5267867,467.54175,0.31577504,1199.3657,0.16386527,-149.12868,-0.5473823,1438.947,0.11522318,906.4366,0.18387048,-149.84744,-0.5352997,2490.1262,0.07480899,895.86273,0.3897379,-151.66432,-0.5106367,-7.1270194,-0.6531894,17.160849,0.38180143,0.015158961,1.1602623,-0.0052893353,-1.9677343,0.031225918,0.50771827,33.768967,0.113625735,-16.824007,-0.62806475,18.971346,0.6742184,-16.915995,-0.65537226,-8.965979,18.909296,0.003599901,0.00507535,0.015523422,2.3017905,2.0725389,0.11625,0.09949089,0.30666664,0.28855965,-47.66393,q,Ses03F_impro03,Ses03F_impro03_M018
257,28.738024,0.25438267,21.657515,25.33424,36.57319,14.915674,117.52838,132.62386,23.277613,12.498101,0.10457896,0.5697495,0.060780663,0.08856983,0.13611771,0.07533705,1.2172966,1.0450135,1.0831295,1.2884957,0.016518287,0.8068062,27.452145,0.26605454,-7.725521,-1.024638,20.426323,0.6062504,-13.392482,-0.72935146,0.015303474,0.85525835,1.0922009,0.5387704,4.3695455,0.5094281,4.8912916,1.4669651,17.424467,0.5640885,528.756,0.3298622,1302.1376,0.18097627,-145.31418,-0.5832472,1584.205,0.14689657,957.6728,0.29656908,-145.21783,-0.564253,2572.128,0.08591882,971.3526,0.36828792,-145.8612,-0.5548861,-10.098649,-0.44847935,17.71633,0.40979204,0.019667428,0.85058385,-0.004844867,-1.626428,0.023446066,0.63910234,31.474483,0.20610712,-9.520414,-0.91094923,25.487612,0.61885875,-16.674864,-0.76253194,-9.49663,17.260893,0.006576495,0.0036646295,0.013745426,2.1276598,2.027027,0.13666667,0.09533566,0.33555555,0.4018875,-49.175507,ans,Ses03F_impro03,Ses03F_impro03_F023
258,25.831583,0.27706453,21.494543,23.106096,26.421448,4.9269047,51.709553,20.919285,21.301802,22.681257,0.13124631,0.56322914,0.07153396,0.1145895,0.17261672,0.10108276,1.305797,0.8449543,1.5185994,1.6345044,0.023459591,0.7837468,29.322355,0.2766466,-7.594063,-1.1190412,21.42777,0.6585701,-11.317282,-0.85381836,0.020056233,0.85990703,0.9555175,0.6028168,4.120645,0.5795866,6.5950475,0.96538836,19.820644,0.37345243,522.5304,0.34976143,1313.8297,0.2067568,-118.8941,-0.7722896,1531.1006,0.1304887,963.8725,0.31172207,-120.30351,-0.73489285,2542.5479,0.077914946,884.1369,0.31671813,-122.19525,-0.7037231,-11.127267,-0.3650559,19.970444,0.26703057,0.02412086,0.6856841,-0.0018208919,-3.9250693,0.028889766,0.6358991,33.65877,0.19039835,-9.017087,-1.0261673,24.571308,0.66903806,-11.413838,-1.0351081,-9.802824,17.911068,0.014460602,0.0017620444,0.019744199,3.3854167,3.4300792,0.113846146,0.1016433,0.15615384,0.11290149,-46.21064,o,Ses03F_impro03,Ses03F_impro03_M019
259,22.754667,0.1717688,20.241798,21.349022,21.99101,1.7492123,-8.539099,0.0,241.004,0.0,0.07685915,0.37846676,0.050377302,0.07144506,0.09328214,0.04290484,0.38137668,0.23860705,0.322268,0.3298829,0.0106781125,0.5000299,22.859686,0.39831257,-4.562754,-1.6834936,13.848272,0.53470623,-10.25062,-0.9332347,0.018484795,0.28794044,1.0725691,0.3122472,1.2062187,0.8244331,5.685847,0.90691954,19.226158,0.40757656,616.5668,0.24909438,1286.4935,0.0595753,-186.70947,-0.26016015,1544.7279,0.17382348,1286.5088,0.4672588,-186.9211,-0.256521,2636.3276,0.09437504,852.22784,0.19927211,-187.71779,-0.24007608,-7.6081867,-0.22026302,19.007286,0.21227415,0.0026068997,2.384829,-0.00538627,-0.74318177,0.02294212,0.22591141,34.04911,0.07321532,-10.514297,-0.5088967,10.371483,0.6162284,-23.131245,-0.24974266,-8.489775,16.888,0.0017942358,0.007851011,0.00980003,1.9672132,0.6666667,0.099999994,0.07,0.9166666,0.9075364,-55.72497,b,Ses03F_impro03,Ses03F_impro03_M020
260,19.83539,0.05552948,18.471699,20.566422,20.811407,2.3397083,11.885135,0.0,-41.531345,0.0,0.08160892,0.41316825,0.05188967,0.07540435,0.10409043,0.05220076,0.6030834,0.45233095,0.47557735,0.53094155,0.011905044,0.60359013,22.089197,0.3253048,-7.1932173,-1.0537179,15.693732,0.4781204,-10.892857,-0.705704,0.036780186,0.6923512,1.6061974,1.0225971,2.0258412,1.0130559,6.039679,0.684106,30.260239,0.3587244,658.2211,0.31513524,1393.4739,0.15337911,-197.09737,-0.13195266,1693.3667,0.12412118,947.86597,0.14228188,-197.31233,-0.12435228,2873.7202,0.08882935,873.98865,0.21015072,-197.39256,-0.12167948,-18.372868,-0.18723685,27.172525,0.18772413,0.024485564,0.5519581,0.00060256646,10.70476,0.020991983,0.19841653,38.60324,0.06250413,2.6779451,2.5100853,24.775324,0.26099902,-0.5718849,-6.6408477,-7.756732,16.111866,0.006097278,0.008041761,0.011791929,2.1937845,0.18450184,0.099999994,0.0,2.645,1.775,-55.135094,o,Ses03F_impro03,Ses03F_impro03_M021
261,20.740587,0.0066820835,20.581942,20.748081,20.876024,0.29408264,11.885135,0.0,-17.051697,0.0,0.08502508,0.28757372,0.06243617,0.08339679,0.10389684,0.04146067,0.6286118,0.3161723,0.46010557,0.29115996,0.011037883,0.39356157,20.110815,0.3067371,-9.730668,-0.6573594,17.082478,0.36084846,-11.605544,-0.61251783,0.042930186,0.6211624,2.4050756,0.7686349,3.8013813,0.23496132,9.656006,0.1519698,39.882095,0.095212676,855.7736,0.052079305,1493.2139,0.06728187,-197.51413,-0.12274929,1874.8053,0.039976858,1005.78033,0.0777054,-197.63245,-0.11834477,3082.8352,0.026688673,966.9294,0.19275503,-197.79506,-0.11264121,-20.528435,-0.08288135,29.860146,0.082099654,0.017013637,0.77972656,0.0049315053,0.3900769,0.020290932,0.25507715,38.339027,0.06675893,7.6352262,0.20820662,21.90316,0.070060864,2.175726,0.9709872,-5.811059,13.230182,0.009122409,0.008987234,0.010590778,3.6697247,0.31347963,0.049999997,0.0,3.12,0.0,-56.54578,o,Ses03F_impro03,Ses03F_impro03_F024
262,32.039303,0.18768871,27.404211,31.15106,31.843237,4.439026,51.178047,31.00772,101.19724,77.49784,0.112592526,0.7605809,0.054996014,0.08158937,0.14791009,0.092914075,1.2224199,0.9296494,0.61265045,0.41788888,0.019609904,1.148553,20.131166,0.44756407,-6.5458884,-2.120003,14.569026,0.60071754,-11.075212,-0.76704824,0.017036643,1.3267596,1.03362,0.48914084,5.5270724,0.6446791,4.917961,2.8616164,20.537615,0.7746764,646.3287,0.40450495,1294.9854,0.237045,-165.89545,-0.4396756,1715.2936,0.16451909,1004.8661,0.2786881,-166.4826,-0.41994298,2709.2747,0.10059199,955.64185,0.25094885,-167.04031,-0.4114969,-13.423914,-0.809029,23.389887,0.42087254,0.028077262,0.6843077,-0.004779453,-3.140931,0.04205765,0.7284558,28.66876,0.31701952,-6.340543,-3.443694,17.230408,0.78596133,-16.707003,-0.6950929,-7.046557,16.30072,0.0049430006,0.014777137,0.014551494,1.8376724,1.0802469,0.16285715,0.11924935,0.64875,0.5935789,-47.68888,q,Ses03M_impro03,Ses03M_impro03_M002
263,43.55785,0.17754142,36.324574,43.993,49.784313,13.45974,155.90056,166.846,65.673546,46.70615,0.473794,0.8245021,0.16564158,0.3594253,0.7434567,0.5778152,7.195204,5.016757,4.623205,3.0623674,0.17232706,1.2433863,15.972724,0.6449251,-20.329859,-0.8608959,6.546497,2.2179823,-22.652649,-0.5429538,0.029324058,1.3084071,1.2087203,0.5672754,6.1220465,0.7437186,4.7187996,2.2610965,11.556089,0.9903502,801.2234,0.33186716,1249.6157,0.23586564,-109.364,-0.858442,1782.2725,0.12670624,1066.9546,0.29881486,-90.67633,-0.99415463,2773.443,0.088099,968.7339,0.37039682,-92.791664,-0.9452423,-3.7074726,-2.2795298,15.248704,0.53389287,0.05683492,0.48119214,-0.00015302606,-104.37965,0.22735667,1.0316055,17.043633,0.5687928,-25.4883,-0.66994905,3.7211213,3.8694344,-27.16376,-0.40350166,-3.1640775,12.272684,0.02964326,0.004989736,0.09927692,2.0408163,2.7985077,0.19766666,0.15430884,0.15333332,0.18489234,-28.937933,q,Ses03M_impro03,Ses03M_impro03_F002
264,43.569004,0.19300304,36.167694,43.79123,50.320297,14.152603,168.7989,163.30124,82.14851,50.152515,0.40735227,0.8053541,0.11442399,0.34005335,0.6398405,0.5254165,5.5524106,4.6721735,2.7055242,1.8104117,0.12650774,1.1127808,16.462687,0.6046045,-19.048138,-0.876667,6.419761,2.1904008,-21.99688,-0.5605013,0.023261128,1.0189078,1.2872719,0.5787402,6.1764402,0.77347213,3.2471395,3.5738332,10.444956,1.1068516,790.0901,0.3448267,1242.8862,0.2257054,-118.79167,-0.78483224,1761.5588,0.13074061,1036.4911,0.2534001,-98.765305,-0.9367159,2771.5378,0.07947612,947.8568,0.3708335,-101.052444,-0.88837963,-3.403695,-2.4727309,16.005043,0.49401626,0.057144787,0.49723428,-0.00037437552,-42.976242,0.18785082,0.85257107,17.882584,0.45963374,-26.442995,-0.58964944,2.4391217,5.4711175,-27.750479,-0.37648776,-3.6819217,13.052782,0.023366727,0.007702716,0.05653878,1.7082787,2.519894,0.20210525,0.15669546,0.21866666,0.25337368,-29.90479,s,Ses03M_impro03,Ses03M_impro03_M003
265,44.98296,0.1651805,39.96608,46.5547,50.43233,10.466251,178.62344,171.00464,38.401604,20.333029,0.53034997,0.68761563,0.14322127,0.4945164,0.8501067,0.70688546,5.543565,2.909201,5.870468,5.071068,0.18563354,1.2282186,12.092636,1.048174,-15.119462,-1.2980094,11.297425,1.5762587,-23.758766,-0.5551106,0.022449765,1.3634712,0.93002206,0.72439104,8.815089,0.4761533,7.335052,1.2358036,8.957863,1.5990171,853.5013,0.35721436,1179.0874,0.2925635,-104.79825,-0.8792945,1834.7655,0.15233213,1057.879,0.30036312,-83.89926,-1.0527428,2781.2083,0.089433044,955.14703,0.27376434,-84.742,-1.0366901,-4.039354,-2.1109846,12.4490795,0.85549015,0.058652166,0.49006462,-0.0014219406,-9.706573,0.23321645,1.0404029,12.397049,1.0731694,-20.888008,-0.8320849,7.724733,2.267934,-28.042324,-0.45464474,-5.5360208,12.953354,0.019541651,0.0027590962,0.111539595,2.695418,2.1917808,0.27375,0.3296186,0.18428572,0.16620615,-28.376703,ans,Ses03M_impro03,Ses03M_impro03_M004
266,45.523815,0.095091216,41.871635,45.67132,47.63636,5.7647247,38.75393,22.038424,42.82933,30.08107,0.47837037,0.64752686,0.14412957,0.45116955,0.78192604,0.63779646,3.8888085,2.7753093,3.776844,2.7685103,0.12875944,1.2763956,10.25769,1.0706807,-15.537114,-0.98519933,12.644677,1.3907,-29.464647,-0.5348117,0.01861402,1.6813915,0.87392956,0.6013572,9.212353,0.42256728,8.700321,0.96866846,5.553871,2.2418032,815.9291,0.41174057,1182.7781,0.2266909,-98.411125,-0.9564005,1822.8921,0.14928597,1029.7103,0.40112996,-76.27804,-1.139278,2765.211,0.07936127,1013.7197,0.31949222,-72.94157,-1.2246709,-2.3777637,-2.5965893,8.564436,1.1230241,0.06715466,0.37252006,-0.0075822626,-1.8592829,0.17433102,1.0457188,10.545001,1.0922178,-22.357773,-0.52624863,9.114736,1.9562811,-37.589657,-0.31637618,-5.19711,10.861039,0.022228796,0.005696429,0.043893836,2.4064171,1.3550136,0.48,0.5012384,0.19666666,0.1929306,-30.12843,o,Ses03M_impro03,Ses03M_impro03_F003
267,42.232105,0.2021564,33.211563,44.50002,51.345592,18.13403,468.92612,776.3269,190.0665,209.80545,0.32660973,0.8098436,0.11594338,0.24183415,0.4765778,0.36063442,5.192096,3.0562165,2.615446,1.9173093,0.099734284,1.2021266,16.903519,0.49315846,-12.845662,-1.033693,18.47978,0.8482402,-19.980158,-0.60514164,0.03662406,1.650461,1.3205112,0.5760619,7.3262663,0.5682689,3.8685052,1.9904755,6.571724,1.7465206,762.5987,0.40242428,1280.8049,0.21875879,-128.48471,-0.6853656,1742.9155,0.1345682,917.6826,0.30240938,-118.94455,-0.74174106,2758.1016,0.092710584,1000.1373,0.38469908,-119.29839,-0.7346795,-5.82882,-1.113325,11.229759,0.7756267,0.057769377,0.48054335,-0.01328452,-1.0103114,0.17962977,0.7933628,19.594706,0.39427695,-19.602705,-0.7076488,17.258587,1.0111784,-25.706842,-0.512923,-3.856745,9.939668,0.01567497,0.006733423,0.039108854,2.3866348,2.9126215,0.14083333,0.15558803,0.19636364,0.2449962,-31.578495,q,Ses03M_impro03,Ses03M_impro03_F004
268,38.791348,0.13172351,33.70701,39.58621,42.35523,8.64822,108.564316,103.64415,151.61858,247.78156,0.3005069,0.6661834,0.12328437,0.2483668,0.4565949,0.33331054,3.6448927,2.4223912,1.8434019,1.094892,0.06831023,0.7998426,22.204178,0.453199,-12.662518,-1.2131578,6.2937226,2.4923794,-26.00392,-0.7481593,0.023476308,2.0882742,1.1534061,0.74985117,7.2418966,0.65381396,3.3572009,2.6193962,15.805005,0.5171762,646.52014,0.38282818,1339.1292,0.18354887,-98.56724,-0.97731125,1634.1511,0.16038528,1064.439,0.26134968,-86.70549,-1.0110501,2709.8403,0.096651584,848.3878,0.36542684,-88.48678,-0.9710817,-5.8395185,-1.1719167,17.28438,0.367842,0.035392318,0.519939,-0.005949144,-2.1909215,0.09177004,0.621993,25.571833,0.2914026,-16.885456,-0.79766965,4.5270405,4.031281,-33.45354,-0.61300045,-5.2427206,13.885597,0.018235203,0.0053532463,0.03496628,3.6363637,3.0769231,0.188,0.20237589,0.117,0.06573431,-34.340538,q,Ses03M_impro03,Ses03M_impro03_M006
269,36.446964,0.11993889,33.47646,36.542973,39.083126,5.6066666,66.89967,22.477016,45.823982,27.03022,0.22155204,0.9850917,0.05582738,0.13200578,0.34746674,0.29163936,5.461766,4.1703534,4.808644,3.6741676,0.06254813,1.5872033,25.249813,0.30527222,-11.076766,-1.1553013,15.565138,0.82754993,-15.850594,-0.96607465,0.01939236,1.0037067,1.270968,0.6937021,6.4105854,0.4907458,5.2296405,1.9871398,15.935972,0.45912468,666.0796,0.37702525,1318.7211,0.13874246,-128.43285,-0.7020143,1677.5282,0.13104552,1080.2594,0.35224515,-117.90338,-0.75808465,2682.9521,0.092942886,1044.3419,0.37281555,-119.601295,-0.7304078,-7.6300187,-0.62754637,16.340174,0.3394983,0.04051416,0.6573896,-0.007510307,-1.6102562,0.1077037,1.1802028,27.75085,0.31762946,-18.260504,-0.7572744,13.894002,1.1574428,-22.16888,-0.80658615,-9.893289,18.216024,0.0067609907,0.003805079,0.027751867,2.777778,2.8021016,0.146875,0.10843885,0.17823529,0.23364715,-36.431812,s,Ses03M_impro03,Ses03M_impro03_F006
270,37.00919,0.26516524,27.980576,34.295822,48.43753,20.456955,89.10728,48.60668,85.29808,53.164738,0.12261805,1.1428133,0.046180304,0.06565718,0.14845616,0.10227585,1.6034111,1.4948739,2.11913,1.7560476,0.0347283,1.8029717,25.591967,0.31837812,-3.2276251,-3.3687377,14.718774,0.62819177,-8.75005,-1.1713833,0.028196437,1.0652634,1.2673004,0.6529788,5.9840903,0.8219838,3.4180207,3.7611756,10.763722,1.1131024,597.3858,0.4278814,1252.7888,0.16413623,-171.22636,-0.38480198,1624.949,0.14104386,923.5234,0.27008387,-161.82333,-0.4397695,2620.3748,0.103059016,905.89685,0.23949768,-161.88432,-0.43941903,-10.170685,-0.6525104,16.949661,0.54952997,0.04475827,0.6468859,-0.008356679,-2.1500053,0.0861989,0.9389759,24.649736,0.41142192,-10.0719595,-1.397713,19.739336,0.60616237,-15.327655,-0.9064078,-12.00223,20.000685,0.008751399,0.006863175,0.021089729,1.1152416,2.0637898,0.09363636,0.05364407,0.33916667,0.5250787,-40.225166,s,Ses03M_impro03,Ses03M_impro03_M008
271,43.248272,0.19300957,37.214706,44.35772,51.774586,14.559879,133.64235,36.97835,82.28859,66.38181,0.16310357,1.1444796,0.045009665,0.056240395,0.30137712,0.25636744,2.0456758,1.4029187,2.9711082,1.5889732,0.053229887,1.474832,21.604969,0.36957827,-3.3014746,-3.744323,14.179851,0.6620327,-11.088452,-0.9783601,0.045104485,1.264554,1.379699,0.65286213,7.886633,0.6870975,9.086105,1.4180863,7.041204,1.7999806,775.82654,0.39596185,1181.8479,0.23980056,-172.08943,-0.37125498,1806.0039,0.13905501,892.3668,0.31717008,-154.08723,-0.49497613,2833.6453,0.1278418,945.20447,0.26931152,-153.80704,-0.4994498,-8.513932,-0.8694571,14.395025,0.70261157,0.060018636,0.45040002,-0.012996859,-1.6922216,0.14028072,0.619659,17.67981,0.4070279,-12.244409,-1.3087285,17.052395,0.8056599,-23.110771,-0.5317708,-11.97245,20.1821,0.0029684927,0.009853507,0.02478406,1.5151516,2.3166025,0.099999994,0.062182527,0.2657143,0.3405398,-37.28102,q,Ses03M_impro03,Ses03M_impro03_F008
272,33.57382,0.21598642,27.652378,31.875978,45.024498,17.37212,86.61164,0.0,262.446,0.0,0.13174017,0.86414933,0.04565227,0.09466312,0.21933447,0.1736822,2.6899297,3.0919874,1.7023427,1.3236268,0.027379107,1.1056105,21.893385,0.39084595,-5.5379086,-1.9630306,19.608412,0.6368817,-6.555276,-1.4010365,0.0107502015,1.6934637,1.4229373,0.52432734,2.099966,0.89496213,-1.1850272,-7.400553,6.9989104,0.77119005,607.93933,0.49102864,1151.5559,0.07197763,-188.59985,-0.21653996,1613.1876,0.17571782,904.2972,0.11202103,-188.97704,-0.209513,2670.377,0.118680075,726.069,0.112183824,-189.05666,-0.20793176,-5.794129,-0.7067407,13.370516,0.21804726,0.038704857,0.4649422,-0.0016894141,-8.315394,0.06687009,0.73679143,25.26378,0.21214053,-15.968678,-0.28439236,18.28852,0.6449738,-22.446072,-0.118864864,-10.298754,19.804764,-0.0015035023,0.009002702,0.0245489,1.1299435,1.7441862,0.026666667,0.0094280895,0.39249998,0.30898017,-46.858784,ans,Ses03M_impro03,Ses03M_impro03_M009
273,39.15817,0.16245598,33.92561,36.008194,46.514526,12.588917,78.33953,58.77038,46.713043,50.078224,0.25997669,1.0453894,0.06636508,0.1719755,0.3618997,0.2955346,5.0110874,5.092588,2.5471306,1.7524388,0.0809119,1.8748893,23.071642,0.44719875,-13.077208,-1.1617807,12.594936,1.1153268,-15.440231,-0.9504997,0.023521418,1.0550226,1.1477821,0.66542894,7.1823397,0.42713964,3.93869,2.2578135,15.421877,0.5900848,692.6979,0.42842168,1318.6948,0.17259362,-119.858986,-0.7704177,1676.5579,0.138828,1053.8228,0.33749282,-114.61291,-0.7821348,2707.6475,0.091897555,993.6525,0.34624586,-116.0308,-0.7600466,-7.5708947,-1.0530603,16.457916,0.510963,0.05509303,0.41630808,-0.0042488654,-3.5919995,0.12966141,1.528048,24.64684,0.48806196,-17.508982,-0.9553993,11.134526,1.4246529,-22.745302,-0.6924332,-7.442256,16.898415,0.01504651,0.007414709,0.04129995,1.9955655,2.690583,0.16083333,0.1180719,0.18916665,0.16844675,-35.226254,s,Ses03M_impro03,Ses03M_impro03_F009
274,43.647984,0.2373254,32.41734,46.831253,52.840702,20.423363,86.45285,54.01853,198.4652,241.00613,0.28331065,0.9016471,0.09416945,0.19354928,0.4466436,0.35247415,4.3721504,3.336559,2.265205,1.2975035,0.08544984,1.4176337,20.302956,0.4460517,-15.889218,-0.8324274,14.467674,1.1076238,-20.255821,-0.70703197,0.03981759,1.9057512,1.4002913,0.70151585,6.5689087,0.5655643,7.2120795,1.417704,9.246314,1.3062047,792.0594,0.38763803,1184.0762,0.23518032,-120.479034,-0.74086046,1813.447,0.1674621,1004.01575,0.3658755,-102.99213,-0.8471657,2757.3186,0.098178886,970.73553,0.41927817,-103.21337,-0.8434325,-7.326958,-0.73405313,15.216189,0.3784438,0.054072782,0.59184694,-0.004731955,-2.7680502,0.12981954,1.0601733,19.4067,0.52066565,-21.20552,-0.6073514,12.742915,1.379367,-26.498194,-0.50177324,-7.897287,16.20054,0.025845528,0.0051137838,0.03429068,2.0565553,2.8460543,0.17727272,0.18703869,0.15409091,0.18712316,-33.34626,o,Ses03M_impro03,Ses03M_impro03_M010
275,46.51395,0.17048499,39.442204,47.60316,53.682095,14.239891,86.491714,45.38101,148.8383,209.71434,0.3633604,0.73919123,0.14327812,0.2961761,0.49434108,0.35106295,4.68188,3.6689508,2.1827312,1.2510043,0.11390497,1.1486855,18.45092,0.4840631,-20.493385,-0.6089059,14.437568,1.2070402,-24.91651,-0.5399326,0.040486492,1.7615658,1.3197598,0.55244374,6.987133,0.54793376,7.3422017,1.4487556,7.377217,1.6278588,836.1389,0.37138477,1164.6931,0.28672636,-101.33309,-0.8808839,1852.2479,0.16856167,993.2251,0.39388174,-83.41479,-1.0007311,2783.8982,0.09683375,936.2638,0.29882085,-83.22367,-1.0012138,-6.395888,-0.8534834,14.42932,0.41572872,0.060229905,0.51978344,-0.0047248835,-2.4783087,0.1533237,0.95587176,17.315504,0.57172734,-23.635298,-0.5468439,11.053781,1.647575,-28.810333,-0.42170015,-6.638228,13.936014,0.038966466,0.0025478443,0.045857992,2.646503,2.8625956,0.21399999,0.23694724,0.11399999,0.07675068,-31.762508,q,Ses03M_impro03,Ses03M_impro03_F010
276,25.904648,0.010474932,25.63971,25.902481,26.219852,0.580143,3.910533,0.0,-6.1825185,0.0,0.10829664,0.72862536,0.047471784,0.057339005,0.20194598,0.1544742,0.3558049,0.17324023,0.57243663,0.14543176,0.021715574,0.940072,27.589148,0.17106533,-9.12742,-0.99784446,11.606841,0.7127384,-14.947155,-0.873214,0.007004303,1.3626318,0.83553463,0.5572356,1.0441037,2.0834103,-0.14433795,-23.376366,11.102957,0.53295755,445.59283,0.06974249,1050.5431,0.10564027,-178.6579,-0.34013486,1421.6294,0.048308708,835.591,0.073369674,-179.00941,-0.33439043,2520.3025,0.012444527,658.9761,0.18864432,-179.78838,-0.32102895,-9.072002,-0.29045492,14.766181,0.3059399,0.006102872,4.3456974,-0.0061829584,-1.622467,0.029281711,0.29816383,31.549314,0.090154454,-16.92106,-0.17742902,22.375547,0.49188548,-29.217306,-0.14376841,-10.628938,21.288311,0.0012681506,0.0061508114,0.020797066,1.2096775,0.8230453,0.125,0.015,0.71,0.6523803,-47.46944,s,Ses03M_impro03,Ses03M_impro03_M012
277,37.414524,0.09624272,35.135002,36.28777,38.637962,3.5029602,40.819683,16.974173,12.853694,18.24978,0.2577242,0.9979273,0.081698634,0.16697359,0.34756166,0.26586303,4.3239946,2.7571824,3.658906,2.7868373,0.07168369,1.6748848,18.001602,0.57911223,-10.183685,-1.7297117,19.33901,0.8225604,-19.728539,-0.73639876,0.016688036,1.0555187,1.2093083,0.57236516,6.3835483,0.54178095,7.4259896,1.3474423,13.873628,0.83050185,690.49945,0.40822572,1307.9287,0.17236939,-122.86447,-0.7500484,1711.8746,0.119697236,1026.8792,0.35399488,-115.80008,-0.7777223,2710.799,0.0885355,1025.2197,0.38683805,-116.22891,-0.7686142,-5.4416523,-1.354426,13.456022,0.52765226,0.0478961,0.5015432,-0.0010255293,-12.450942,0.12092985,1.2785212,19.514095,0.46460676,-16.455584,-1.2252884,21.559395,0.93082654,-26.90114,-0.5450326,-6.1859827,14.503119,0.0076672514,0.010936354,0.032298125,3.1365314,2.793296,0.15133333,0.12290194,0.174375,0.23288862,-36.3314,o,Ses03M_impro03,Ses03M_impro03_F012
278,42.997387,0.17144038,33.31095,44.048176,49.08751,15.776558,19.952158,8.368701,66.08367,27.949844,0.2017205,0.9856752,0.06864277,0.11256884,0.3117624,0.24311963,2.4763114,2.287826,1.5936788,1.0713414,0.050148945,1.336207,21.808142,0.32211792,-8.098514,-1.7134558,12.00821,1.0575534,-15.012058,-0.850339,0.025148472,1.1867038,1.149094,0.53210247,7.89878,0.36292577,6.9667544,1.2684082,14.091929,0.8039591,899.8364,0.20193887,1267.699,0.17004041,-119.75124,-0.76037276,1895.9161,0.10234793,1083.492,0.29592872,-111.89933,-0.78433204,2860.2236,0.07595872,1029.6718,0.3419576,-113.23071,-0.76235044,-8.793576,-0.7765698,18.973646,0.392368,0.037442517,0.8426489,0.005261663,2.908491,0.072102144,1.0288807,21.642796,0.31632477,-13.877344,-1.1951199,9.191792,1.578533,-19.203833,-0.5643464,-10.731697,19.423264,0.007170885,0.0052791266,0.030899005,2.0,2.6086957,0.17666666,0.15209647,0.16700001,0.13827871,-37.48423,q,Ses03M_impro03,Ses03M_impro03_F014
279,40.03927,0.177105,33.297836,37.349583,48.464516,15.166679,36.02775,25.175724,48.788956,23.75245,0.20467658,0.9812873,0.074058056,0.11184118,0.33548954,0.2614315,1.9339706,1.5074311,1.4951639,1.1168038,0.049808428,1.3406368,24.181902,0.27752203,-5.2096777,-2.7284992,12.334841,1.0878656,-15.606541,-0.80265105,0.025143515,1.1568471,1.1049678,0.50502115,7.3560677,0.3671399,6.3597045,1.3762397,15.241614,0.6681901,833.01794,0.24231403,1343.1992,0.1875211,-114.80988,-0.8098554,1856.888,0.1093614,1033.9343,0.28487608,-111.73224,-0.79472345,2850.1387,0.079366036,976.7016,0.40959087,-112.70506,-0.77814066,-9.449833,-0.67732537,18.462414,0.3706254,0.042110734,0.67854434,-0.0012174667,-14.762021,0.075477734,1.0034292,23.38184,0.29039764,-11.631094,-1.4210202,11.435273,1.3623999,-20.943705,-0.57611525,-12.164537,21.609104,0.008143665,0.0029622323,0.026869584,1.421801,2.4038463,0.192,0.1529575,0.204,0.22168446,-37.656353,s,Ses03M_impro03,Ses03M_impro03_M014
280,33.76272,0.07584354,31.40383,34.05162,35.898624,4.494795,26.305016,26.078741,26.887121,8.172479,0.13851185,0.9267252,0.07099636,0.0971342,0.15482974,0.08383338,0.6292183,0.18209426,1.0104183,0.659133,0.028628705,1.288084,28.75569,0.227113,-5.075232,-1.9323394,19.07646,0.5580796,-12.358843,-0.95287675,0.026552007,1.4133875,1.2174305,0.83404887,5.9965186,0.3859161,0.42317182,15.347068,14.351757,0.34109935,616.47125,0.28899544,1382.319,0.11538027,-137.45233,-0.6413792,1705.8853,0.1354005,1000.35,0.2527488,-138.96165,-0.5985311,2667.1853,0.06415037,925.8644,0.2643336,-138.78351,-0.60137594,-11.280142,-0.2850988,16.732048,0.22584572,0.03095382,0.72537535,-0.016617507,-0.70897,0.053012896,1.0611438,29.081835,0.18893123,-7.8142495,-1.4641432,19.073092,0.6500697,-21.216064,-0.6374705,-12.346323,19.7971,0.0033542183,-0.00037594844,0.016595475,1.8248175,2.2304833,0.14166667,0.10462897,0.24428572,0.11611043,-43.17201,ag,Ses03M_impro03,Ses03M_impro03_F015
281,39.64474,0.21960369,34.131615,38.348526,46.52589,12.394276,220.05995,138.04529,163.99483,225.8506,0.120465234,0.64667064,0.059384547,0.09934658,0.15206552,0.09268097,0.94969785,0.74040717,0.82310706,0.510751,0.02340967,0.93119186,22.539421,0.46154281,-6.1330833,-1.2727063,13.466397,0.657338,-18.336588,-0.7091126,0.044094097,1.4851753,1.4233464,0.60388947,6.5724697,0.6199535,7.4552555,1.2854474,17.88986,0.4446787,699.1081,0.33303756,1300.7338,0.18611358,-165.85893,-0.42094174,1774.8599,0.16205406,1060.2164,0.323251,-159.23575,-0.4498946,2761.5342,0.099140406,1003.97375,0.28249368,-159.40956,-0.44813138,-11.640111,-0.6395249,20.516582,0.35259616,0.04059394,0.624247,-0.0098542515,-1.2744337,0.04387723,0.67401195,22.505808,0.49351734,-6.684426,-1.5251569,10.773233,1.0139194,-28.997093,-0.4765003,-8.225835,17.147184,0.012426209,0.005550639,0.017502267,2.2648084,2.6362038,0.07666666,0.04599517,0.264375,0.44535053,-47.007374,s,Ses03M_impro03,Ses03M_impro03_M015
282,41.427036,0.19188605,37.176643,41.161575,46.65118,9.474537,205.30185,285.37222,659.5572,1108.8644,0.24140404,1.0982519,0.06511531,0.13514161,0.3421877,0.2770724,5.016825,4.000325,4.263246,3.902406,0.07836534,1.9004776,20.482073,0.49887267,-12.283418,-1.1168102,11.533857,0.9923949,-20.153814,-0.7259365,0.039915666,1.7462914,1.2927573,0.5761905,6.242634,0.6254069,8.180814,1.1582918,11.86025,0.83428055,755.8048,0.37386823,1235.3119,0.22460717,-140.56339,-0.61177087,1769.7362,0.15066876,1004.1397,0.26043257,-125.181114,-0.70954823,2768.9666,0.09016358,975.73676,0.44995412,-126.19641,-0.69234556,-5.9894333,-1.420421,15.036086,0.6032299,0.05186747,0.5286663,-0.0032911727,-4.5508566,0.14779224,1.2828528,20.421066,0.54814124,-20.017603,-0.75169355,10.159329,1.3892258,-27.18925,-0.58372724,-7.2106547,15.450025,0.0153616015,0.0049354467,0.032140452,1.4783528,2.3354564,0.16272728,0.11767374,0.24454546,0.30002615,-34.994762,o,Ses03M_impro03,Ses03M_impro03_F016
283,30.998487,0.30844665,22.624092,26.966345,37.414677,14.790585,242.0652,126.130356,1099.4916,1399.8495,0.099170014,0.63935983,0.047272597,0.07454443,0.14417134,0.09689875,1.207247,1.0952774,0.5538764,0.3921365,0.017445868,0.77770084,26.894999,0.2896378,-5.318707,-1.2187235,12.829216,0.8777747,-15.793157,-0.678145,0.021739164,1.1039962,1.3751394,0.58194864,4.604785,0.53611505,5.3168683,1.6690719,14.735262,0.5983266,424.6441,0.24927157,1205.3228,0.12923396,-159.21243,-0.4891774,1399.6863,0.099448085,982.97235,0.3120137,-154.93362,-0.5069683,2513.5667,0.05602178,755.4082,0.28699124,-157.19571,-0.47315797,-9.781394,-0.33133286,21.698832,0.25945926,0.030241825,0.58506125,-0.011384189,-0.75038975,0.033594675,0.49876612,31.841623,0.15793712,-12.295142,-0.37254438,10.320992,1.5639781,-29.90576,-0.22237924,-10.954352,19.60632,0.008609247,0.0037141978,0.012822472,1.4705882,2.2471912,0.09666667,0.043076158,0.392,0.2539606,-48.963367,b,Ses03M_impro03,Ses03M_impro03_M016
284,31.113562,0.21140756,24.131536,27.701727,39.220646,15.089109,217.54428,182.84006,28.918486,11.298658,0.15639716,1.1021698,0.052210715,0.09278174,0.18336889,0.13115817,2.7671072,1.8823164,2.0595045,1.4215429,0.029978892,1.3527187,24.192215,0.34201112,-6.8338785,-1.8925198,13.116754,0.8981384,-13.861043,-0.8112364,0.017776007,1.2940999,1.1748027,0.56613815,4.2426057,0.7109884,-0.24304387,-31.980047,13.212561,0.78537023,660.3402,0.368951,1320.9791,0.12945613,-125.33173,-0.7397273,1654.4521,0.14376679,1046.5033,0.28981587,-120.88863,-0.75042427,2724.24,0.07613443,877.4649,0.34639803,-122.68958,-0.72121257,-8.439827,-0.85520875,16.72862,0.3866461,0.028206281,0.77757823,-0.0016772023,-7.5688367,0.05297371,1.0009813,26.56441,0.30798185,-12.263619,-1.2300979,17.602734,0.6808535,-19.382616,-0.5427137,-9.209294,18.37821,0.007874512,0.008029235,0.014051058,1.5503876,1.9762846,0.204,0.11672188,0.23333333,0.16888523,-42.315456,q,Ses03M_impro03,Ses03M_impro03_F017
285,35.61041,0.16154763,33.125107,34.686325,40.307354,7.182247,318.98395,269.66486,68.75445,111.44817,0.13495724,1.0658363,0.047906257,0.05786119,0.1859267,0.13802046,2.3336494,1.8948368,2.5901415,2.2970004,0.029811038,1.3825983,22.117132,0.36312047,-5.9354496,-2.846842,12.843415,0.74532187,-11.885487,-0.6786747,0.0201663,0.8061587,1.3541014,0.53302085,4.634917,0.75374734,5.9774256,1.4861045,13.000693,1.0129923,606.4132,0.31982124,1369.5985,0.15469514,-165.30942,-0.43394032,1649.4052,0.09642789,1026.9297,0.3082391,-158.19493,-0.475956,2633.845,0.07207842,1002.51544,0.21207519,-158.74338,-0.4664427,-6.504064,-1.1761831,13.723931,0.5415899,0.036821526,0.3941766,-0.0080023315,-1.6400646,0.07296218,0.7605005,23.301645,0.39258462,-15.025851,-1.3212117,17.576902,0.790265,-16.806099,-0.5897877,-9.764237,18.441793,0.0046592616,0.006827057,0.017800834,1.7114916,2.227723,0.0911111,0.0799228,0.30299997,0.40060076,-43.928543,s,Ses03M_impro03,Ses03M_impro03_F018
286,35.57662,0.20337388,30.113438,33.762432,38.58379,8.470352,59.24153,22.639847,221.19693,181.40784,0.15543944,0.6325174,0.054277133,0.13963135,0.2528139,0.19853677,2.1309342,1.4524024,1.7054479,1.1162181,0.034375,0.89428926,25.369528,0.27010858,-11.228386,-0.61160177,14.144665,0.7091646,-16.804419,-0.6983039,0.029724507,1.4966333,1.5458604,0.66503656,4.9513083,0.5555573,2.2540352,3.7758546,15.098191,0.57045215,599.1408,0.46032032,1300.482,0.14478016,-140.9347,-0.6180331,1620.936,0.1660497,1046.5266,0.28544486,-135.91339,-0.62093675,2650.9717,0.08163769,895.0238,0.2702334,-137.04288,-0.6068409,-9.342389,-0.3718241,17.956318,0.28320977,0.038326077,0.5166251,-0.009778432,-0.9805675,0.052573565,0.5015412,28.104416,0.21411566,-14.336222,-0.52413833,12.822514,0.9291233,-23.666891,-0.5115171,-8.5199995,16.752995,0.012036619,0.003464059,0.025591506,2.906977,2.6548674,0.1211111,0.077523395,0.211,0.19211715,-43.770985,ag,Ses03M_impro03,Ses03M_impro03_F019
287,31.788347,0.18183953,26.939846,30.738867,37.478138,10.538292,57.182617,41.35367,65.92231,99.200745,0.26875967,0.9562399,0.084553465,0.19213812,0.3351437,0.2505902,3.2482278,2.6285832,0.7792089,1.611301,0.06312462,1.4549571,24.767824,0.33438754,-15.792739,-0.77854025,12.461216,1.0580285,-18.663631,-0.64490634,0.014213091,1.9405512,1.0577683,0.5609975,5.102877,0.6190445,2.218759,3.3657088,9.39055,0.96807736,586.3725,0.38782716,1265.0558,0.18031323,-114.23523,-0.82593226,1555.4393,0.14844452,1062.8932,0.2621852,-108.09537,-0.8737582,2603.2686,0.08021026,857.8747,0.3396076,-110.80873,-0.82747227,-6.143366,-0.9065069,16.593067,0.41257828,0.02465142,0.92076135,-0.0047797053,-2.4523957,0.09810115,1.2051198,27.151358,0.24656168,-21.29778,-0.5656814,8.568713,1.7828928,-24.485977,-0.52716607,-7.1141605,14.618566,0.012375491,0.0011245601,0.029133804,1.4460512,2.239642,0.2015,0.16411199,0.225,0.3523989,-34.803402,s,Ses03M_impro03,Ses03M_impro03_M021
288,35.420097,0.16980883,27.28276,37.397263,40.872402,13.589642,28.278145,3.7738953,5.1437483,5.9968114,0.37464756,0.8167957,0.11862182,0.2853986,0.7401808,0.62155896,4.13919,2.9599805,1.3829573,1.1501979,0.0955624,1.2321287,20.743938,0.37401587,-17.752499,-0.70661086,7.1426635,2.0483954,-21.795362,-0.6057628,0.010119493,1.0931576,0.9896959,0.6473241,6.4541793,0.54564506,0.514718,12.337241,9.018052,0.9573008,686.42773,0.36573496,1326.9677,0.20037779,-119.152794,-0.8192194,1634.76,0.13857085,1170.4084,0.2800569,-110.19209,-0.8812934,2681.7185,0.07873022,884.39233,0.41649202,-113.20949,-0.82899976,-2.311336,-1.6493778,15.312637,0.40935126,0.036039855,0.51207316,-0.002824778,-4.7952466,0.17165026,0.80366033,23.738314,0.25330043,-28.423498,-0.24102229,-1.7329043,-8.272237,-29.505774,-0.46006244,-5.7111683,12.839004,0.018721787,0.0031812245,0.033596527,1.9390582,1.6901408,0.25833333,0.21310534,0.31333333,0.41435355,-31.764946,b,Ses03M_impro03,Ses03M_impro03_F020
289,32.512077,0.1032807,29.540646,32.77846,35.45609,5.9154434,51.149487,39.011047,75.40587,109.70558,0.23638129,0.92455775,0.10196934,0.1832095,0.26499414,0.16302481,2.4695046,1.8791795,2.1131835,2.031664,0.055084385,1.325391,25.516457,0.34240353,-10.541662,-1.3938731,19.779428,0.6360441,-20.683716,-0.65087813,0.017883575,1.8799627,1.090285,0.62070197,5.9436183,0.44289058,5.1960025,1.8194882,12.58045,0.6576968,504.84927,0.42307347,1230.1409,0.14720231,-83.89909,-1.08906,1553.1671,0.15549845,927.05994,0.28548184,-80.68977,-1.0750813,2561.6926,0.07461741,962.3461,0.37828282,-81.94861,-1.0480105,-8.981705,-0.6149678,17.00411,0.39686018,0.028887363,0.9881426,-0.0070646005,-1.5212233,0.07034135,1.2473631,26.412624,0.29250163,-13.596963,-1.1416789,22.81341,0.6157114,-22.74913,-0.6274193,-9.106723,18.514133,0.006627219,0.00046607738,0.030291872,1.4005603,2.840909,0.21399999,0.17425267,0.118,0.0804736,-37.52387,o,Ses03M_impro03,Ses03M_impro03_F021
290,28.515278,0.1332616,25.295395,26.23123,32.783382,7.4879875,380.46,514.5076,5.6855354,6.5990715,0.124102876,0.59479713,0.053945765,0.10905631,0.1761714,0.12222564,1.1170752,0.5231932,0.75600153,0.52358145,0.020605277,0.7308402,25.951078,0.35089985,-6.487987,-1.6709594,16.782732,0.71918064,-15.359288,-0.8587408,0.010183863,0.87726647,0.954847,0.5066662,4.745665,0.5760945,4.4028974,2.0052426,16.143019,0.48599482,503.9023,0.34046528,1268.5704,0.13930592,-130.2716,-0.703088,1533.9155,0.12758645,913.9691,0.2677595,-131.65074,-0.6695388,2595.609,0.0793096,857.73627,0.36055046,-133.03598,-0.6485708,-10.166078,-0.4080311,18.750542,0.32342908,0.027042545,0.6249625,-0.010012219,-1.2331998,0.031311214,0.4955547,30.508183,0.2360509,-9.981965,-1.2389368,20.2177,0.80929774,-22.571518,-0.60968655,-9.084786,18.062773,0.0062863287,0.007195199,0.014749555,2.7896996,1.9522775,0.17777778,0.064940624,0.31444445,0.4804422,-46.745857,s,Ses03M_impro03,Ses03M_impro03_M022
291,30.378319,0.23066002,21.793365,33.701527,37.13425,15.340885,-1.2325433,0.0,41.058872,0.0,0.09417315,0.5701592,0.04979513,0.07946477,0.12251212,0.07271699,1.2523658,0.99455845,0.7054081,0.38677996,0.013907865,0.58189136,24.707827,0.36961073,-6.197601,-1.4753633,13.293833,0.86115175,-13.3966875,-0.9590181,0.008818718,0.82386696,0.8696556,0.41228473,5.4432955,0.6661903,-0.79553926,-9.7930155,15.654886,0.65570027,530.9726,0.3403737,1315.2295,0.1637682,-157.85501,-0.48553568,1489.8787,0.16170251,1087.361,0.2308737,-158.0231,-0.4716831,2615.8845,0.07234883,1080.57,0.60812426,-160.06421,-0.44398367,-8.221448,-0.5304685,18.818144,0.30181238,0.028818246,0.77526325,-0.0034019395,-2.9405656,0.021377917,0.41282672,31.09786,0.1781233,-14.193376,-0.6418039,7.6491547,1.3592136,-31.08419,-0.34392563,-8.854195,17.305433,0.0056697386,0.00961466,0.011781687,3.4334764,1.754386,0.125,0.03640055,0.338,0.3235058,-51.97886,o,Ses03M_impro03,Ses03M_impro03_F022
292,39.23606,0.07307715,37.33483,39.76036,41.10099,3.766159,36.644485,19.35905,52.16794,42.978237,0.46781078,0.7993835,0.15211593,0.3176549,0.82151425,0.6693983,6.616363,4.19993,4.165155,2.560162,0.15050176,0.97594285,20.670963,0.41917178,-16.720219,-0.86242723,17.184576,0.7690414,-25.820786,-0.603675,0.020192124,0.91524655,1.1290742,0.5299434,6.052714,0.52873707,9.639956,1.1472771,12.146765,0.6087669,682.25415,0.39735413,1333.7651,0.1530858,-116.55635,-0.7998723,1741.1084,0.11935808,998.0507,0.39395717,-97.52722,-0.92578095,2681.14,0.089785345,1071.0361,0.33733168,-95.91944,-0.95719266,-6.299393,-0.79697424,11.420859,0.545474,0.05791618,0.32343954,-0.020426592,-0.6512856,0.23174174,0.65324384,22.197945,0.31985193,-23.121742,-0.6211459,16.854715,0.8361467,-31.332897,-0.52361226,-6.087018,13.43773,0.030726425,-0.0064429175,0.056141417,2.9850748,2.2670026,0.23222221,0.1457378,0.169,0.18425255,-29.248884,o,Ses03M_impro03,Ses03M_impro03_F024
293,37.09739,0.13257287,33.228638,38.628002,40.67913,7.450493,47.17563,32.797707,44.75599,41.19155,0.3184433,1.0534964,0.079169154,0.17697917,0.48602226,0.4068531,5.8366814,4.214764,3.5090556,2.65214,0.09428094,1.3594054,21.094938,0.36557478,-12.186238,-1.1101134,17.579433,0.6533662,-19.581322,-0.78310406,0.02084534,1.2271452,1.1596311,0.5657568,5.6471977,0.5386139,7.853473,1.3727072,12.260575,0.59457886,639.5425,0.41392323,1344.7719,0.17640018,-134.74153,-0.66595775,1700.2126,0.13179134,999.6795,0.38615495,-120.87206,-0.7468744,2654.2896,0.08591876,1057.8698,0.36473408,-120.10865,-0.7595429,-6.923817,-0.77383703,12.479677,0.54223394,0.053770296,0.36414272,-0.018467307,-0.7177447,0.18175453,0.8406587,22.732384,0.31918487,-19.767706,-0.75099003,18.038574,0.7298229,-28.671803,-0.5664669,-7.646349,15.722244,0.016872788,0.002053783,0.031072756,2.0862308,1.9607843,0.20642856,0.14300883,0.28214285,0.3013346,-31.694725,s,Ses03M_impro03,Ses03M_impro03_M024
294,42.425434,0.1547616,37.25842,42.49303,47.459476,10.201057,170.91048,84.52719,132.89688,106.792336,0.24645855,0.69241565,0.09607898,0.19005543,0.37802196,0.28194296,3.896881,2.2011344,1.9671912,1.2809874,0.0782985,1.1714193,16.74492,0.83626014,-8.849605,-1.750823,10.137439,1.6778346,-18.0422,-0.8495807,0.040026724,1.5244291,1.3230897,0.6821615,7.989395,0.49812385,6.8310156,1.4588829,16.738749,0.6240853,880.17,0.28286132,1226.961,0.1717656,-124.03122,-0.71204245,1878.7179,0.13795935,1074.3877,0.39856634,-116.45241,-0.7480263,2895.243,0.10843267,981.93176,0.26457563,-119.21501,-0.7039363,-8.34249,-0.8893296,18.609917,0.40909883,0.052677017,0.5313619,-0.007154748,-2.2153146,0.122197725,0.8328451,20.879536,0.4716724,-16.172865,-0.8943344,4.6638746,4.2655606,-25.05137,-0.6532048,-4.0122867,12.844524,0.017660793,0.0057429844,0.042760447,3.2432435,3.0136988,0.14272727,0.113625444,0.16727272,0.15480725,-36.459568,o,Ses03M_impro03,Ses03M_impro03_F026
295,38.39999,0.17414376,34.06213,37.280952,45.327545,11.265415,169.27737,72.43874,127.88451,108.07814,0.25556773,0.6898138,0.08665462,0.19019894,0.39616707,0.30951244,2.2732244,0.77670187,1.3464271,0.786272,0.07189941,1.2448119,17.984192,0.92594975,-8.774597,-1.7375689,10.299193,1.6803274,-14.148818,-0.7471643,0.03931863,1.9055145,1.0170565,0.59306186,5.8398504,0.64519626,2.2584655,4.564021,17.211264,0.62422836,747.78076,0.41002032,1214.0609,0.18408543,-132.80652,-0.6634948,1717.2455,0.16218886,1177.44,0.48913357,-120.872894,-0.74579847,2787.8416,0.13236597,1116.9764,0.22391306,-125.84656,-0.6716849,-5.109166,-1.4436226,18.196196,0.44294205,0.061498888,0.36451072,-0.002741112,-4.8734784,0.109183654,0.9269871,26.010487,0.44394398,-19.361631,-0.5218542,2.8270102,6.62247,-13.184573,-0.7509944,-2.5439641,11.021476,0.026101694,0.0023138814,0.04796299,3.0769231,3.1914895,0.12,0.08504901,0.206,0.1420704,-37.007862,s,Ses03M_impro03,Ses03M_impro03_M026
296,39.125084,0.17321928,32.963875,38.99838,46.702015,13.73814,29.895144,42.41217,37.507236,10.490957,0.16534553,0.8157534,0.0720941,0.111716114,0.22446996,0.15237586,1.6522502,1.4236494,1.5630894,1.301056,0.034297533,1.236626,19.424349,0.33646515,-6.3551946,-1.566923,14.617103,0.8059899,-15.535391,-0.7569876,0.019393073,0.9974591,1.2357577,0.5781692,6.7959337,0.54746616,10.036259,0.80891377,17.361084,0.52182436,782.10815,0.31549484,1329.9242,0.18729211,-138.51326,-0.62470806,1792.3088,0.13647842,1075.4454,0.26414073,-131.90578,-0.65369207,2760.8867,0.08160145,953.8129,0.29405314,-132.7284,-0.6412572,-10.060694,-0.46230853,18.251719,0.36615726,0.04590808,0.6438641,-0.0009711184,-17.3154,0.061344497,0.90549195,20.340204,0.3085266,-10.790685,-1.1784976,11.34318,1.3593755,-23.670425,-0.57642525,-7.955964,15.503811,0.011751053,0.0061969534,0.01872272,1.814059,1.8348624,0.195,0.137659,0.32999998,0.24366985,-41.72082,s,Ses03M_impro03,Ses03M_impro03_M027
297,43.850952,0.11465296,39.026836,44.62037,49.066757,10.039921,11.270631,28.766981,35.088783,0.0,0.17061591,0.836087,0.053397443,0.09612661,0.3172506,0.26385316,1.9636188,0.75673634,1.9252685,1.2445314,0.03584231,1.1130047,19.12096,0.2802773,-9.600792,-1.011646,11.134243,0.8932377,-15.436636,-0.7052871,0.023523554,1.5806744,1.314568,0.7307359,8.064582,0.5813602,9.391263,0.979714,12.25423,0.7937429,777.91644,0.31620315,1266.8593,0.24021891,-150.73178,-0.5541735,1803.0466,0.13908921,1008.57654,0.4251688,-143.54198,-0.5851735,2747.1963,0.07237407,957.55194,0.2198937,-143.97855,-0.5782129,-7.7275724,-0.46473706,14.724799,0.33653146,0.06053176,0.39944634,-0.0016938486,-11.988537,0.07866445,0.420917,18.761677,0.28610083,-20.093075,-0.45860943,9.273646,1.5647,-27.931808,-0.26244512,-8.101444,16.534992,0.008777502,0.007378431,0.017529828,2.173913,0.8888889,0.34,0.06,0.50666666,0.43145746,-41.61759,q,Ses03M_impro03,Ses03M_impro03_F027
298,28.152405,0.17803806,23.424454,23.547132,33.394394,9.96994,3.5577776,0.0,118.02447,0.0,0.07798596,0.5330875,0.047715805,0.05689364,0.11170741,0.063991606,0.8072047,0.90941775,0.62246984,0.6905815,0.011543749,0.6996273,23.71497,0.2924996,-7.684905,-1.4585221,11.979572,0.82981056,-9.465255,-0.7916423,0.013991881,0.5983957,1.7486581,0.33787826,0.36545697,4.5340614,4.23438,0.9649213,8.968488,0.6248108,481.0918,0.2155516,1131.6426,0.16656062,-192.18637,-0.20072949,1457.1246,0.08493402,928.1818,0.14699422,-192.1478,-0.20183374,2411.8306,0.059804346,829.4503,0.20619258,-192.42513,-0.19511822,-7.570081,-0.26250023,17.351103,0.25005907,0.00939489,0.87483376,-0.0010735237,-11.061275,0.02652495,0.44661292,31.268759,0.032611586,-22.267517,-0.33319372,12.688792,1.5721749,-17.335325,-0.36303255,-8.980065,17.796316,0.0022803484,0.009416575,0.010906251,1.6355141,0.47281325,0.085,0.005,1.3366667,0.5917394,-54.7291,ans,Ses03M_impro03,Ses03M_impro03_M028
299,38.55424,0.058325857,36.974567,37.187473,40.800423,3.8258553,0.2917164,0.0,0.0,0.0,0.07760441,1.1002578,0.04629774,0.047885217,0.055726662,0.009428922,0.16592409,0.11592329,0.6766863,0.0,0.015780738,1.8368089,26.631786,0.19913177,-5.518536,-1.0085436,8.250636,0.7428925,-8.452571,-1.1021383,0.015912175,1.5654528,0.8602544,0.62380946,8.005054,0.57374394,4.4330525,1.6228302,27.471817,0.37969762,732.6344,0.19407074,1503.5576,0.16790985,-184.04788,-0.2925699,1714.4983,0.12845121,1357.51,0.23384674,-183.09634,-0.28796035,2799.8516,0.055757765,901.9303,0.28099954,-183.70909,-0.27717897,-15.083327,-0.47090203,26.32702,0.3223452,0.053030245,0.30081168,-0.020007327,-0.40422407,0.069807194,0.8439874,37.773117,0.2011764,-9.525116,-1.5202932,0.07225737,108.812546,-33.21977,-0.17393175,-11.2442465,21.033562,-0.0012856224,0.011571578,0.010164292,0.48543692,0.49751243,0.19,0.0,0.895,0.114999995,-47.03062,q,Ses03M_impro03,Ses03M_impro03_F028
300,41.13098,0.13631846,38.954792,42.13431,44.49611,5.541317,48.095364,37.476875,36.136787,30.293137,0.33668607,0.8576113,0.09249525,0.26652548,0.5188836,0.42638832,6.5444236,4.7382746,4.267443,2.2429447,0.109374925,1.3898193,19.900955,0.46207038,-16.327332,-0.9662979,15.964208,1.0216941,-23.733227,-0.69322145,0.021955572,1.1510907,1.1441407,0.62039626,7.3285594,0.5675732,6.178851,1.5679111,8.76791,1.1936384,757.94305,0.38194835,1287.7039,0.2332048,-105.7435,-0.8685201,1767.5402,0.13621339,1037.6903,0.31001273,-89.68742,-0.9776195,2712.2427,0.09633077,982.9372,0.36581504,-89.61282,-0.9782625,-5.590595,-1.3342959,13.751509,0.5796713,0.04978495,0.4511473,-0.0051883343,-3.5505078,0.15023345,1.1432036,18.975,0.48980212,-20.351871,-0.78220695,17.206015,1.084185,-29.674288,-0.5239044,-7.293689,15.3093815,0.0193721,0.002916638,0.050363302,3.0955586,2.442334,0.235,0.16073616,0.16294117,0.18316706,-33.019016,s,Ses03M_impro03,Ses03M_impro03_F030
301,38.71031,0.20330037,26.850094,42.889626,44.551388,17.701294,75.19565,53.81641,39.158432,39.31657,0.28431034,0.639636,0.10754741,0.24959825,0.4565459,0.3489985,4.094056,2.5771527,3.37923,1.3012017,0.07773386,0.9404745,25.125591,0.32980704,-11.67811,-1.1199675,16.589367,1.0166749,-26.269508,-0.70556426,0.018081265,1.0409584,0.953581,0.49281898,7.9133887,0.51579183,7.040535,1.3034278,13.899614,0.8835453,756.9397,0.35896096,1266.8656,0.18682364,-78.114746,-1.0993353,1762.568,0.17089933,1067.0946,0.36699268,-75.0482,-1.0557251,2735.0938,0.09013467,873.0608,0.3022519,-76.0207,-1.0357991,-9.248259,-0.59193355,18.017622,0.41573277,0.047368802,0.5159502,-0.0050569377,-2.7091777,0.08973426,0.82535243,25.092415,0.3487364,-13.54827,-0.9794644,13.882416,1.3321373,-32.35594,-0.5651891,-10.608501,18.377382,0.024050204,0.0016134309,0.053441014,3.0100334,3.7414968,0.17363636,0.16603792,0.081999995,0.09651942,-35.08404,o,Ses03M_impro03,Ses03M_impro03_M030
302,45.969185,0.30094934,26.023642,54.237404,56.847374,30.823732,92.67539,93.30509,66.68361,39.634605,0.24896456,1.1734713,0.07307726,0.12853135,0.34998474,0.27690747,3.7766612,1.2891557,2.2292302,0.6790187,0.10304366,1.975802,21.446775,0.45462182,-10.261368,-1.2626002,5.0849237,2.5914743,-19.69754,-0.78448826,0.019676425,1.1758567,1.1829127,0.5783594,9.603911,0.55373126,8.2321005,1.1565542,16.793827,0.5063307,708.85455,0.39046022,1291.8772,0.25981703,-156.77411,-0.5005651,1685.9932,0.1810819,1022.3856,0.3358701,-134.44835,-0.62676805,2817.9531,0.105093494,875.3608,0.33620626,-135.77821,-0.5921468,-10.200123,-0.6225446,21.10813,0.289722,0.021232795,1.0244892,-0.005729335,-2.6038742,0.21856445,1.3397101,20.668793,0.41481206,-16.356533,-0.910826,0.03090174,578.78033,-29.077274,-0.48202524,-8.176212,18.092834,0.013418152,0.0043869703,0.03569065,1.4245014,2.3121388,0.1525,0.07578753,0.2575,0.2297689,-29.599604,q,Ses03M_impro03,Ses03M_impro03_F032
303,38.675617,0.117165945,35.098198,37.956055,41.024227,5.926029,275.66547,213.63063,18.29048,16.453384,0.21728374,1.0295885,0.058124583,0.119243056,0.32410645,0.26598188,2.9914892,2.6538384,2.4569955,2.2081752,0.06050333,1.7567136,21.028984,0.38332683,-12.72529,-1.2806848,16.479618,0.8583879,-15.67169,-0.69495016,0.023623953,0.97746533,1.4283,0.75225914,4.8278136,0.8227084,1.8308499,5.6778007,12.633708,0.62080663,716.8875,0.4245098,1332.5013,0.18073116,-151.63118,-0.54299444,1720.4027,0.16483748,1074.0205,0.31104797,-143.21465,-0.5869285,2752.6604,0.11014596,996.6254,0.2292161,-144.27052,-0.57032883,-4.279557,-1.6490844,16.651857,0.3054655,0.030167053,0.5849406,0.0030113042,5.258063,0.12006491,1.034124,21.946423,0.33761123,-20.28385,-0.8560662,11.546857,1.5690856,-20.683075,-0.5417009,-7.1526585,16.4085,0.0044747763,0.009024901,0.036094923,1.9305019,1.968504,0.144,0.0781281,0.285,0.29454768,-36.47349,o,Ses03M_impro03,Ses03M_impro03_F033
304,39.227654,0.08694207,37.5368,38.678776,41.404655,3.867855,127.82463,122.9631,46.936577,72.45565,0.31493142,0.9327389,0.04838158,0.25079364,0.46106815,0.4126866,5.181427,5.085774,7.619341,7.1249056,0.106815904,1.3451377,21.50842,0.3934193,-13.311172,-1.1447194,13.6052475,0.8309987,-19.927176,-0.75114244,0.022286126,1.7604778,1.257684,0.5768115,7.0878935,0.5415412,8.918187,1.1529115,13.306091,0.7198455,738.43256,0.31731588,1332.0992,0.13270536,-143.28674,-0.5824321,1838.5726,0.11616889,989.6921,0.3333205,-129.18568,-0.6632458,2766.8623,0.08737615,1021.56335,0.25966388,-128.24202,-0.67566097,-8.966715,-0.81992054,15.5889015,0.44131234,0.05684529,0.45949507,-0.013607529,-0.94672865,0.13988474,0.88287747,22.156483,0.39307466,-13.400758,-1.0670795,18.623222,0.77949417,-30.530256,-0.3770467,-6.435986,16.585594,0.020148123,0.0054018614,0.08613438,3.3742332,2.8037384,0.12777777,0.1611609,0.20666665,0.2696912,-34.025654,o,Ses03M_impro03,Ses03M_impro03_F034
305,39.23682,0.09085261,37.523426,38.70918,41.565247,4.0418205,113.67531,96.45116,36.57793,56.611603,0.42956525,0.6630728,0.22272527,0.3337592,0.6784821,0.45575684,5.075932,3.1046963,7.695636,6.937784,0.15098494,1.0274018,19.31807,0.47357166,-16.88345,-1.0321233,15.722771,0.85038763,-25.975775,-0.535148,0.019197559,0.92024875,1.1438236,0.5908963,6.803429,0.5919535,9.079162,1.1217744,13.562676,0.7235695,734.6525,0.30508947,1323.3497,0.1282794,-108.89425,-0.83197486,1832.566,0.10707616,950.3808,0.30195868,-93.600685,-0.9139192,2754.7673,0.077685975,1037.5569,0.22163303,-91.911766,-0.94340926,-8.587204,-0.8722746,15.166057,0.4621527,0.05730557,0.46619174,-0.0129800765,-0.9674108,0.14469926,0.88345975,21.569511,0.4245046,-13.883477,-1.0654957,18.77139,0.804139,-30.530205,-0.3850553,-1.1620324,10.470081,0.03840373,-0.00012895961,0.16279297,4.8672566,3.6199095,0.14999999,0.15921684,0.105,0.07697402,-32.44156,ag,Ses03M_impro03,Ses03M_impro03_M032
306,45.538506,0.09220834,41.93334,46.010933,49.644882,7.711544,32.604023,13.724977,128.75621,127.96626,0.28587034,0.764127,0.10550532,0.2191313,0.43513128,0.32962596,4.0949907,2.6088796,4.182205,3.055592,0.10382945,1.1116563,23.541067,0.3774109,-11.579889,-1.4092338,7.9677963,1.8695363,-27.736526,-0.5610076,0.027055118,1.3614292,1.0343856,0.7014764,10.338624,0.39704308,10.996758,0.72342587,12.961164,1.1693856,840.2751,0.28430593,1277.552,0.15850466,-86.70981,-0.99142045,1846.1255,0.12137905,1022.6697,0.31039697,-79.89688,-0.97365254,2850.7483,0.087071694,957.66327,0.36759615,-79.868965,-0.97197914,-12.11296,-0.7690521,20.568823,0.47361946,0.07144437,0.36206806,-0.010872254,-1.5269804,0.1358706,0.9233971,22.697603,0.41133285,-13.906782,-1.3346089,6.444387,2.5316956,-32.86681,-0.43258485,-11.091568,20.147598,0.03416849,0.000757953,0.037653197,3.163017,2.4630542,0.271,0.14733975,0.14125,0.20096251,-33.442192,o,Ses03M_impro03,Ses03M_impro03_F035
307,35.224457,0.059050992,33.190422,35.037144,37.099464,3.9090424,24.265703,10.014929,11.020236,6.3658977,0.08483849,0.46696845,0.051051304,0.075918645,0.11280823,0.061756924,0.73556805,0.65713346,0.2699079,0.40665302,0.01662247,0.65604943,27.067749,0.27967474,1.7515823,5.105061,16.172285,0.5085051,-11.028513,-1.2621696,0.01875812,0.6693524,1.15872,0.5653185,7.759113,0.32901025,13.455138,0.77297676,25.060469,0.31781003,664.5795,0.32233548,1493.7279,0.10135039,-161.83142,-0.45729804,1717.3854,0.13909069,1175.3942,0.17225723,-156.56471,-0.4672674,2720.208,0.09638613,1021.2239,0.35325766,-156.99951,-0.46205503,-15.957827,-0.2839077,24.9429,0.20749912,0.030262416,0.54135895,-0.0006730825,-17.564928,0.024136338,0.5280284,28.015165,0.2966664,6.5194287,1.2839851,18.009043,0.703366,-14.748745,-1.0277165,-13.217595,21.21965,0.0072385,0.0041451226,0.013993225,3.255814,1.9138757,0.122499995,0.039607447,0.38,0.2622022,-48.790806,s,Ses03M_impro03,Ses03M_impro03_M033
308,37.66083,0.04610535,35.608475,38.429535,39.076813,3.468338,10.141504,6.3477607,10.194062,6.514768,0.0821832,0.22083549,0.062612824,0.08363336,0.097605295,0.03499247,0.41809922,0.1876144,0.4973392,0.49477905,0.014184412,0.40240645,29.500095,0.17922264,-0.9792427,-5.836401,17.393862,0.50912386,-10.494348,-0.7211816,0.02095567,0.47793034,1.0846224,0.33671737,7.42263,0.2331787,6.5480356,1.2834694,18.99099,0.46859896,815.57135,0.22712134,1317.583,0.19289884,-119.16673,-0.7547859,1842.0305,0.09745363,970.4443,0.34016952,-120.51986,-0.71213186,2940.6108,0.07377416,879.22864,0.6677182,-122.989716,-0.6765183,-15.684425,-0.24953902,25.281431,0.20447923,0.008258258,1.6909987,-0.0023411992,-3.9683313,0.013409495,0.34769136,31.876196,0.17699273,-0.255328,-23.916046,19.427317,0.47744474,-10.400283,-0.6228979,-12.94088,22.508148,0.0116051035,0.003018063,0.015029139,5.439331,0.85470086,0.53,0.01,0.41,0.27580187,-52.198788,b,Ses03M_impro03,Ses03M_impro03_F037
309,47.529774,0.255689,27.294447,53.5999,58.259827,30.96538,32.45836,20.041798,57.534477,19.39418,0.1983125,0.785276,0.08546193,0.15287243,0.29559034,0.21012841,2.965365,2.5799851,1.805928,1.8794185,0.05288039,1.5018487,17.430569,0.6282222,-7.75384,-1.4897239,10.848493,0.91805947,-19.045187,-1.0985497,0.02455153,2.2052526,1.1191822,0.4810231,9.129575,0.49269828,9.273586,1.0688392,8.991301,1.4237896,703.86914,0.3750027,1172.1567,0.21443248,-144.33699,-0.5927027,1740.3221,0.16730966,949.63745,0.34709907,-108.646935,-0.82041526,2704.2964,0.09133766,988.13696,0.5091105,-108.364586,-0.80842984,-8.643893,-0.7709957,18.803062,0.51868707,0.034200516,0.7836828,-0.008878317,-1.2721189,0.08804374,1.1265855,18.384645,0.70227474,-13.450656,-0.8441747,10.454201,0.98750854,-27.877495,-0.7472024,-8.8675165,18.010363,0.007462203,0.00553555,0.017861096,1.6736403,1.7094017,0.2925,0.21194044,0.2725,0.19136027,-37.844444,q,Ses03M_impro03,Ses03M_impro03_F038
310,29.179941,0.12816687,25.680492,28.848799,34.358624,8.678131,25.554758,19.641161,9.603727,7.701851,0.13482337,0.84380794,0.06851254,0.09848908,0.15735027,0.088837735,2.3191102,1.9727755,1.3818328,1.2983589,0.02514772,1.0779691,25.526955,0.28758565,-4.8851304,-2.6086013,19.247059,0.65999955,-9.631144,-1.2390655,0.015466578,0.88001543,1.2314782,0.49893948,4.4526525,0.5492367,1.5726486,4.0288157,15.214849,0.5814796,505.1756,0.38023654,1340.4423,0.18242738,-136.96747,-0.65369517,1536.2429,0.13865477,1001.0711,0.3115136,-136.9641,-0.62766224,2533.8494,0.08441931,918.5838,0.2751674,-137.5014,-0.6197451,-10.3475685,-0.4094521,17.796299,0.3212459,0.023707507,0.84116536,-0.0011616095,-9.191305,0.03331343,0.8270951,30.40909,0.20903707,-8.342755,-1.2149957,22.033735,0.6502749,-14.303125,-0.95886624,-9.696313,17.005346,0.010876696,0.0067752968,0.021140534,1.2729845,1.5669515,0.20909089,0.13607849,0.37416667,0.34850773,-45.001385,s,Ses03M_impro03,Ses03M_impro03_M036
311,35.985706,0.018816825,35.22958,36.010593,36.72026,1.4906807,8.606804,1.3049926,29.049953,20.62637,0.13852425,1.4437636,0.0480202,0.0564439,0.12288845,0.074868254,0.606827,0.6534097,0.8916807,0.6648333,0.024881056,1.5670167,24.74673,0.302451,-9.018148,-1.3570033,8.358669,0.8409383,-13.617004,-0.8912178,0.008786924,1.0099173,0.9363215,0.59746826,7.845556,0.35858816,-2.9606762,-2.1303625,14.733934,0.8959907,661.52515,0.41082874,1342.6478,0.09579154,-172.63449,-0.40656883,1734.4347,0.17912883,1187.6833,0.2724676,-166.92433,-0.4455726,2781.283,0.08431003,1066.8555,0.22929193,-168.24248,-0.42434296,-5.0368137,-2.1210546,20.392351,0.37953866,0.04859494,0.27040875,-0.001970101,-7.0089025,0.10081362,0.44118732,28.876373,0.29089886,-25.401567,-0.79541135,-1.495915,-3.8141236,-34.742336,-0.35523546,-8.807439,18.734196,0.0012374105,0.012490817,0.009513183,0.70422536,0.35842294,0.47,0.0,1.145,0.805,-40.2726,b,Ses03M_impro03,Ses03M_impro03_M037
312,40.69709,0.117231354,36.698933,38.76395,45.66224,8.963306,39.824993,39.15383,42.714516,28.062653,0.18014392,0.9634789,0.048794642,0.11982635,0.26386747,0.21507283,2.6327002,1.3997065,1.8874828,1.2065319,0.036220465,1.132144,24.000349,0.33468637,-10.985307,-1.2883875,11.600717,1.036137,-19.332994,-0.7975673,0.016183281,1.594065,0.96458244,0.7043073,9.12136,0.36839575,6.2677364,1.4912504,13.293882,0.7892358,712.40283,0.28383344,1316.2843,0.13971376,-125.07594,-0.73659235,1770.7426,0.13931464,994.6001,0.4009822,-116.058495,-0.7771465,2738.393,0.08945075,990.7972,0.32283583,-116.52586,-0.7680313,-8.203196,-0.93077755,15.405032,0.5208178,0.048483707,0.43994513,-0.0074093803,-1.8509681,0.06404362,0.71776164,25.841389,0.30673182,-17.423706,-0.9525553,12.359886,1.2313484,-31.853626,-0.41304016,-8.984507,18.149176,0.004203408,0.010857723,0.01314806,2.195946,1.7035775,0.259,0.17218885,0.306,0.3589763,-40.34782,q,Ses03M_impro03,Ses03M_impro03_F040
313,29.355038,0.1985797,25.651222,27.335503,37.61485,11.963627,264.27487,232.99614,20.227541,11.712305,0.09769458,0.6123361,0.048522454,0.07883663,0.14341514,0.09489268,1.9678314,1.6068072,1.1590538,1.2401792,0.01702376,0.77280647,28.276108,0.2302915,-6.0887346,-1.2257127,13.09506,0.6175141,-14.848419,-0.8592618,0.036856513,1.9306744,1.2031194,0.5770157,3.5485673,0.5641614,4.4617853,1.6444936,14.818273,0.61217797,570.7032,0.34737408,1274.3567,0.1772739,-162.97148,-0.46015307,1554.8702,0.18789798,1012.6885,0.31511,-162.0495,-0.4602508,2647.9512,0.07578115,775.5036,0.42668965,-163.1478,-0.4442217,-9.876623,-0.45918065,17.46408,0.33166242,0.025353586,0.7698656,-0.008252532,-1.4029194,0.029383054,0.5529556,29.940372,0.16599208,-9.732268,-1.0141753,12.380401,0.7732437,-26.563934,-0.40950474,-10.733642,19.42324,0.009131194,0.003938384,0.013120572,1.6513762,1.4897579,0.125,0.081700675,0.46666667,0.61347824,-49.910294,ans,Ses03M_impro03,Ses03M_impro03_M038
314,34.205605,0.13591789,31.857813,33.67283,39.3845,7.5266857,76.441444,60.878716,13.586282,0.40018153,0.16398492,0.90773493,0.058294315,0.10816767,0.22566839,0.16737407,2.2788193,1.3246521,2.0674105,1.177481,0.029898437,1.0694115,25.835262,0.31068072,-7.605944,-1.1767501,19.925274,0.67931235,-20.543198,-0.70924807,0.020052694,2.4338968,1.0672683,0.7153927,6.737168,0.46046475,7.62758,1.2867365,15.309099,0.61527354,617.60046,0.3358108,1363.4375,0.23975326,-133.49902,-0.67692643,1719.8864,0.1153471,974.04974,0.36793688,-125.29715,-0.70486015,2658.4304,0.07533711,1084.6,0.3227611,-123.56823,-0.7315027,-8.578552,-0.6166406,13.6957855,0.5312368,0.041869413,0.5427942,-0.017128065,-0.91942525,0.048595093,0.79948026,24.834793,0.31996152,-10.638582,-1.0701356,24.277147,0.6671697,-30.03131,-0.5359099,-10.249804,17.825514,0.01396496,-0.00033582622,0.01787854,2.7989824,2.3195877,0.16444445,0.11586497,0.221,0.18151858,-41.3859,ag,Ses03M_impro03,Ses03M_impro03_F041
315,28.064318,0.110766135,26.465235,28.088856,30.785059,4.319824,51.338963,56.271175,23.093348,15.490322,0.08618919,0.5534879,0.047236156,0.07181922,0.118630074,0.07139392,0.7762844,0.5818543,0.50100374,0.310887,0.014826718,0.7941418,27.595613,0.18393548,-4.4980555,-1.4628618,15.899397,0.5780735,-8.831829,-0.9929687,0.016108416,0.93916595,1.1126082,0.45493537,3.7303033,0.5756913,3.4136105,1.9396137,19.001543,0.36616808,466.73035,0.3142961,1358.5472,0.15302892,-162.02643,-0.46810117,1439.6201,0.14314203,990.6873,0.15852125,-160.34242,-0.46930182,2513.2239,0.07384275,864.292,0.32855478,-162.01205,-0.4453115,-10.29198,-0.42393145,18.248701,0.311771,0.027225375,0.6128512,-0.0027759923,-3.2869728,0.025112467,0.5713571,32.089703,0.14941286,-7.7230773,-1.1233425,19.06631,0.61023504,-16.925842,-0.77509093,-11.009345,19.974154,0.008565568,0.01018448,0.012199477,1.9569473,1.3833992,0.14428571,0.09619284,0.48749998,0.67156065,-51.600716,s,Ses03M_impro03,Ses03M_impro03_M039
316,38.431408,0.23063834,32.7224,42.556168,44.36443,11.642029,67.5857,25.710941,177.57208,207.18935,0.16172913,0.74621594,0.06061066,0.12163686,0.22996727,0.16935661,1.61103,0.9214898,0.77239156,0.56844604,0.03173621,0.90579414,22.308296,0.3059147,-7.7915936,-1.2401391,18.447044,0.47764316,-15.182601,-0.6660378,0.023560265,0.9608116,1.1050661,0.49820706,8.12308,0.30219388,11.751942,0.68725675,13.512925,0.8096135,674.816,0.4370672,1487.209,0.19335328,-157.93326,-0.4859888,1637.562,0.15358588,1003.6323,0.23439047,-145.09209,-0.56096435,2713.2197,0.11667343,878.602,0.25139874,-146.09906,-0.54602754,-11.884977,-0.29904,18.881546,0.26564652,0.04042343,0.43487462,-0.007162766,-1.5641884,0.048048764,0.4223191,26.019651,0.30016524,-9.841152,-1.1611832,20.72772,0.543914,-20.407894,-0.41951674,-8.60198,15.324947,0.014826037,0.0015887544,0.024497349,1.9138757,1.9417477,0.1475,0.08642193,0.3475,0.3291941,-42.136333,q,Ses04F_impro03,Ses04F_impro03_F001
317,27.086252,0.32071313,22.272476,23.817085,27.814001,5.541525,231.46378,227.57346,40.238266,46.976624,0.32360822,0.5780513,0.14154269,0.29398397,0.4845336,0.34299093,2.4569154,1.3993752,1.4337778,0.86227715,0.07107091,0.87994176,31.74817,0.4414104,-13.716295,-1.1238066,19.561724,0.7491058,-17.101084,-0.79580146,0.016737515,2.3590515,0.94272685,0.8597223,5.396351,0.6068252,3.3834574,1.5906286,16.807758,0.62394613,643.92975,0.38476264,1331.1234,0.18504342,-74.64324,-1.2858533,1697.9744,0.17406806,1033.817,0.33971307,-78.282394,-1.1551683,2668.062,0.11722298,892.6248,0.3247524,-80.02199,-1.1136003,-11.685842,-0.5821099,18.703876,0.39254358,0.038161125,0.4373774,-0.021174185,-0.7843389,0.08644842,0.7775125,37.88256,0.18841705,-15.576663,-0.9801669,20.35896,0.84348184,-18.82723,-0.79364216,-4.1466494,9.724161,0.016947512,-0.00013896594,0.045896046,1.6491754,1.3595166,0.4588889,0.47169775,0.25444445,0.20396684,-34.078064,ans,Ses04F_impro03,Ses04F_impro03_M001
318,44.64889,0.35576662,22.137018,55.72661,55.98407,33.847054,163.66978,0.0,0.44708255,0.0,0.18218748,0.9953086,0.054661084,0.08773657,0.3132898,0.2586287,1.8009323,1.2465965,1.2599053,0.48409984,0.053116318,1.5738444,26.736284,0.291407,-15.463133,-0.7826792,11.652832,0.71298593,-15.379835,-0.9825776,0.036000285,1.3705535,1.26982,0.46826807,7.580224,0.7655395,11.19555,0.44652602,7.216708,0.996275,967.95844,0.1773775,1098.5104,0.15137723,-155.03188,-0.5290132,2060.9722,0.11339985,977.48535,0.46421716,-143.6471,-0.59613365,2975.9075,0.08889558,902.053,0.36597428,-144.27345,-0.5870389,-6.2860584,-0.68318576,12.982751,0.5147065,0.032429807,0.7162678,-0.01099998,-1.9200084,0.14934894,0.71395016,26.785563,0.38207483,-29.647943,-0.21579267,2.7782297,3.3150797,-35.490295,-0.3258114,-8.743946,15.007762,0.0070791515,0.0064594545,0.015332986,0.66225165,1.369863,0.21,0.08,0.5,0.25,-35.759422,c,Ses04F_impro03,Ses04F_impro03_F002
319,34.363186,0.33661354,26.296515,28.373945,53.37858,27.082064,51.459972,28.591478,25.566767,17.522293,0.3147897,0.7015296,0.06309588,0.31917012,0.50958586,0.44649,3.6156693,2.4036896,2.8823812,1.7565441,0.085156284,0.94494265,20.859713,0.6665769,-8.281983,-1.9598383,25.660383,0.8212646,-6.7372627,-1.2233468,0.02130207,1.4084715,0.9980132,0.60500866,6.182223,0.38847128,0.5236186,10.069356,16.193375,0.36363307,588.95654,0.44802305,1161.4834,0.14021353,-113.386856,-0.86624944,1674.1664,0.106971264,861.5844,0.5827469,-105.261055,-0.87825865,2665.875,0.07343169,939.8748,0.25489768,-105.32303,-0.87380624,-6.7289147,-1.1264077,14.676129,0.26416358,0.046778604,0.45070657,-0.014307557,-0.9196489,0.13587202,0.5927652,25.736612,0.4868083,-14.90288,-1.0354954,35.85649,0.6379698,-6.487183,-1.5940411,-5.2574425,13.5398035,0.00817124,0.007309914,0.03518908,2.7131784,1.5810276,0.31,0.18124568,0.24,0.27070278,-34.04423,q,Ses04F_impro03,Ses04F_impro03_M002
320,42.016212,0.25600877,27.15634,47.232952,50.013374,22.857035,354.32803,443.6358,20.23545,17.141724,0.3515054,0.41666263,0.2238431,0.345083,0.44010192,0.21625882,2.9251812,1.5343835,1.8396639,1.3364644,0.08498625,0.7111077,22.017801,0.57918006,-19.93389,-0.78579956,17.204662,1.0571584,-23.199278,-0.5253758,0.016284358,1.3692218,0.9748729,0.5572149,8.636617,0.3938633,2.7034752,2.391933,13.330788,0.7847024,820.89105,0.31273466,1195.7789,0.1807675,-48.272152,-1.5687838,1816.0386,0.12101019,1005.2348,0.37267488,-46.113617,-1.4538637,2794.0671,0.072967194,909.3595,0.33209997,-48.78383,-1.3439107,-8.116674,-0.96197706,16.524073,0.4100211,0.060136553,0.36510518,-0.003965546,-5.5201373,0.08970452,0.71731275,25.219612,0.42127568,-21.751968,-0.7276702,18.025455,1.0431908,-23.812115,-0.51626104,0.12798114,7.9760604,0.04283273,0.0067803618,0.06261236,3.409091,1.734104,0.465,0.46298847,0.08833333,0.06465721,-35.017704,ans,Ses04F_impro03,Ses04F_impro03_F003
321,36.309345,0.28861195,25.982546,33.528828,49.85056,23.868013,508.2754,472.14594,35.04218,72.79515,0.36648202,0.55310273,0.1936555,0.36010146,0.47786602,0.2842105,3.2713234,2.250883,2.2373178,1.0641788,0.100797355,0.85410386,21.283972,0.65909934,-8.160044,-2.024821,26.421759,0.446829,-18.66679,-0.75196207,0.01852406,1.112578,0.8935897,0.5439581,7.057269,0.486689,4.601425,1.7189662,13.978985,0.7887748,719.6767,0.401052,1231.6322,0.1942202,-82.577515,-1.0893506,1767.2915,0.12786306,895.86707,0.33286586,-82.729126,-0.99536604,2698.7483,0.09480357,977.2044,0.36746684,-81.37643,-1.0224065,-10.59407,-0.7054078,15.015277,0.51304907,0.05797078,0.35567948,-0.014050096,-1.5484341,0.11854602,0.81179214,25.279863,0.5019657,-11.364824,-1.6324586,27.69459,0.43593207,-20.157648,-0.72320586,-6.51125,11.404113,0.04736759,-0.00717492,0.07564409,2.3904383,3.2520325,0.18875,0.17142326,0.098749995,0.08313204,-32.873135,o,Ses04F_impro03,Ses04F_impro03_M003
322,37.772675,0.118953265,34.802963,38.233383,42.83368,8.030716,125.06829,86.09119,112.14688,77.61036,0.52302295,0.7077196,0.17093691,0.46358705,0.9214902,0.75055325,3.6009731,0.7506476,4.563388,3.5862038,0.16786781,0.99437344,18.950493,0.7356466,-11.522592,-1.5768634,18.667475,0.75716627,-13.90257,-0.7682361,0.024892328,1.5845857,0.9880998,0.40427354,5.9075403,0.6732097,9.162939,1.1148658,16.312658,0.31399152,828.41956,0.32291654,1243.6558,0.17317808,-114.31073,-0.8312988,1795.0474,0.13271774,1094.0165,0.27704856,-102.42983,-0.9160651,2776.3037,0.07746501,930.58417,0.2573032,-104.15679,-0.8847834,-5.5364895,-0.62236154,14.185385,0.35326996,0.06128954,0.40905517,-0.009648076,-1.0883597,0.26525936,0.67550796,25.894712,0.38554615,-25.524464,-0.5601586,10.875083,1.1879336,-16.951506,-0.7528147,-5.219573,10.487371,0.028474202,-0.004942964,0.07480556,2.234637,1.1494253,0.44,0.41,0.26999998,0.17720045,-27.609436,ag,Ses04F_impro03,Ses04F_impro03_F004
323,38.92376,0.11579305,35.917416,39.136257,43.3223,7.4048843,296.81516,261.7747,90.13085,87.549164,0.5550591,0.6387534,0.25415963,0.43363246,0.93549514,0.6813355,3.0623329,1.1135391,3.5151966,3.3646035,0.17651692,0.9487118,16.09842,0.96789396,-13.66061,-1.3557025,15.775492,0.8276522,-19.580194,-0.7258201,0.02666274,1.5920303,1.0225729,0.42401883,5.8356586,0.6943717,10.367447,0.9742585,15.206536,0.41269735,835.1516,0.29264998,1269.9119,0.16914469,-98.17148,-0.9789823,1808.9817,0.11946926,1095.193,0.26509836,-86.0046,-1.0704266,2782.9087,0.06777757,944.88336,0.24248576,-87.45392,-1.0380579,-5.4746447,-0.65538996,13.790557,0.36752942,0.061160326,0.39519644,-0.009269001,-1.107541,0.24750152,0.74063134,24.971945,0.40857476,-25.649008,-0.47169143,10.431011,1.1824104,-20.142426,-0.6629739,-2.1953976,7.200767,0.0408668,-0.0021167933,0.08296929,3.5928144,1.2345679,0.48,0.38,0.31,0.26,-27.377745,s,Ses04F_impro03,Ses04F_impro03_M004
324,44.84033,0.08756076,43.359062,45.350586,47.992317,4.633255,186.34828,154.2318,58.21583,45.559456,0.25528398,0.42484528,0.14410801,0.24569407,0.3779049,0.23379688,2.3983705,1.42844,1.415251,0.60549897,0.07879952,0.8233271,19.194988,0.50835824,-11.291693,-0.94747406,13.050847,0.9212026,-23.93968,-0.5707558,0.044241097,1.0707326,1.4668832,0.5935418,7.1522555,0.4828809,12.82189,0.4601645,11.973272,0.87454957,814.50964,0.30977973,1397.4152,0.19431013,-152.97482,-0.50419116,1829.2716,0.10929653,899.3676,0.26581663,-146.70978,-0.51909786,2837.0044,0.09576508,860.98004,0.26573142,-146.11821,-0.5285115,-12.082383,-0.5329968,19.570414,0.47753504,0.07708233,0.3577142,-0.010751909,-0.42298833,0.12594537,0.6535375,19.851461,0.48296815,-9.192313,-1.0005382,13.616963,1.1472272,-33.259052,-0.21516018,-6.642054,14.090366,0.048301276,-0.0009650019,0.06136081,4.3209877,3.1847136,0.086,0.035552777,0.17166665,0.15236105,-37.330105,g,Ses04F_impro03,Ses04F_impro03_F005
325,28.678236,0.18322283,20.832937,28.817385,34.39983,13.566893,35.839134,19.997646,89.7565,65.67833,0.32747048,1.114527,0.08386679,0.14806128,0.54156363,0.45769686,3.926126,4.0352836,4.445868,2.1495063,0.12109534,1.6367384,26.187077,0.3799548,-14.53892,-0.74768937,20.527937,0.650788,-7.365881,-1.339687,0.023699826,0.7676605,1.350613,0.8531622,3.7783747,0.6912341,2.6084516,3.599762,17.172405,0.3916983,805.43353,0.29663217,1254.0225,0.20177478,-151.53346,-0.5364714,1803.0674,0.13276109,905.4069,0.1636699,-151.02519,-0.5328536,2810.2747,0.08574955,831.14014,0.32851034,-151.54813,-0.5246307,-9.838057,-0.3618569,17.924835,0.18941882,0.040058114,0.42674938,-0.008980812,-1.6983929,0.3032254,0.9567271,37.605995,0.1346037,-20.672874,-0.6126608,21.8827,0.66766506,-5.530934,-2.798047,-6.1632247,14.302746,0.016226644,0.0036788585,0.061422113,2.3121388,1.7857144,0.13666667,0.03399346,0.29999998,0.2394786,-29.353897,q,Ses04F_impro03,Ses04F_impro03_M005
326,45.15168,0.1293679,41.042847,47.934494,49.38458,8.341732,171.31088,131.45007,61.787777,59.432713,0.2515905,0.65389025,0.08480631,0.21453853,0.4324333,0.34762698,5.1138473,2.9404407,2.6105847,1.2438455,0.07054627,0.91140443,18.97412,0.35849288,-9.910004,-0.85558516,14.225123,0.73801476,-16.044432,-0.7747881,0.0324902,0.536695,1.8502536,0.5371898,5.634153,0.4174779,11.870198,0.6377941,12.942083,0.5944336,799.98724,0.2332156,1310.8312,0.22530146,-171.85442,-0.36313725,1802.201,0.11635845,1063.2362,0.21721195,-165.54076,-0.40144768,2715.661,0.07229017,1038.0201,0.2801634,-165.42407,-0.39687496,-8.917917,-0.40245044,17.106241,0.25001287,0.07584568,0.45926577,-0.010153038,-0.947531,0.14371227,0.40489107,19.806372,0.38751262,-18.290316,-0.44118163,8.124288,1.3285139,-27.32874,-0.48964524,-7.3073096,14.446426,0.029711388,-0.0023576885,0.054488406,2.5104604,2.9914532,0.055714287,0.03886134,0.225,0.21400934,-38.182285,ans,Ses04F_impro03,Ses04F_impro03_F006
327,25.416914,0.118965596,22.012434,25.312157,28.058859,6.046425,86.78567,119.3517,25.529528,39.111263,0.26806137,0.64520925,0.10285523,0.24296394,0.3846665,0.28181127,2.933185,1.7721734,3.1315675,1.650098,0.06376435,1.0386168,28.032003,0.51164293,-4.658646,-2.7989945,20.91616,0.72466207,-12.321526,-1.0466366,0.014937007,1.0548717,0.98500246,0.7483531,5.246603,0.38788632,1.6082999,2.719236,19.804955,0.41868606,589.6025,0.3836948,1311.0367,0.16053274,-86.40506,-1.103605,1666.7233,0.16635738,954.55786,0.3403296,-91.461395,-0.97817874,2640.616,0.10656728,908.7404,0.37534362,-92.65848,-0.9549891,-13.478971,-0.46518293,20.273182,0.3128011,0.04171843,0.4672178,-0.01872696,-0.8112307,0.08122897,0.9212495,35.632465,0.23673937,-7.707903,-1.8544879,25.779467,0.63387245,-13.750097,-1.073382,-6.8642807,13.679209,0.015223756,0.0018714415,0.04100612,3.4153006,2.61348,0.21105263,0.15837646,0.15833333,0.17487296,-34.913826,q,Ses04F_impro03,Ses04F_impro03_M006
328,37.276688,0.08322149,34.475197,36.908375,39.949684,5.4744873,37.112503,53.09095,36.04566,33.711536,0.15973827,0.5470293,0.08456094,0.14317429,0.22113009,0.13656914,1.4273126,1.1025732,0.86841226,0.55188584,0.033772934,0.8132744,26.411112,0.31696707,-7.962287,-1.4926273,13.285644,1.104038,-20.391085,-0.64653844,0.016144127,1.601384,1.1554451,0.4408087,7.2242303,0.38319042,5.893833,1.5628555,22.637587,0.4131118,660.01733,0.31341723,1420.4167,0.165452,-113.43718,-0.83733493,1695.3716,0.13235186,1072.6404,0.25745445,-105.68846,-0.8562332,2741.1277,0.085587904,988.23346,0.348455,-109.18409,-0.7966271,-11.355744,-0.47945657,21.729065,0.31885105,0.036980547,0.520312,-0.008925466,-1.3270842,0.042397037,0.6690987,30.176617,0.20244895,-10.9758415,-1.1132212,10.649809,1.5602071,-25.245983,-0.47184253,-9.272057,16.638319,0.01697045,-0.0006966475,0.025224354,2.197802,2.1159153,0.23043478,0.15732762,0.21249999,0.17185871,-43.608265,ans,Ses04F_impro03,Ses04F_impro03_F007
329,38.51921,0.17892852,36.31278,40.491333,43.91162,7.5988426,143.35738,155.04381,53.07687,31.501942,0.28030282,0.829871,0.0643847,0.24843116,0.38293064,0.31854594,2.8357642,2.2096658,3.9611425,4.889515,0.08279683,1.3225367,27.596695,0.28644583,-18.559444,-0.7979627,10.8425865,1.5320822,-16.304144,-0.69685096,0.019233992,1.1979233,1.2192236,0.50744396,6.5359006,0.6806278,4.097285,2.4635072,17.445913,0.5770086,697.7292,0.41814098,1362.003,0.17892769,-129.58606,-0.7090456,1667.8032,0.13851175,1126.6128,0.2580821,-113.077866,-0.8169422,2676.1973,0.11122878,1046.042,0.26961148,-117.12389,-0.75268465,-6.608961,-0.5882767,17.229136,0.43431962,0.04193788,0.44591382,-0.0005658436,-26.563599,0.09817092,1.0025615,29.187239,0.29395103,-23.300459,-0.6216011,7.5485725,2.7152045,-20.691065,-0.5525882,-8.565921,17.554636,0.016529351,0.0029709956,0.07335763,2.166065,2.2058823,0.19666666,0.19119507,0.23333333,0.20417856,-35.21232,q,Ses04F_impro03,Ses04F_impro03_F008
330,31.68763,0.19619934,25.919949,30.47388,36.778774,10.858826,219.22888,236.04794,131.73106,112.10401,0.3264392,0.67639285,0.1448624,0.2686621,0.45990053,0.31503814,2.9360201,1.2601887,3.2523434,2.4420304,0.09035946,0.871821,25.921186,0.36276326,-7.2156405,-1.2873015,20.41855,0.6565299,-16.004555,-1.0183135,0.026023658,1.4990546,1.4735233,0.7065526,5.3919044,0.526176,2.8808227,3.7964673,14.959976,0.4861724,568.18335,0.39287618,1275.4089,0.16437733,-86.24692,-1.0675435,1629.4757,0.13388033,942.798,0.3070898,-84.23829,-1.0097212,2572.763,0.09900982,919.5775,0.28172553,-85.02334,-0.99420303,-10.855526,-0.32706237,17.568682,0.2074528,0.043996923,0.48466623,-0.014445547,-1.2008238,0.111638814,0.7683305,28.1956,0.2913603,-8.814927,-1.1452488,23.45383,0.60215205,-18.00619,-1.0112678,-8.621121,16.676788,0.02955322,-0.0032643527,0.059350584,3.0054646,4.166667,0.13866666,0.103335485,0.086428575,0.057768892,-32.198116,ans,Ses04F_impro03,Ses04F_impro03_M007
331,38.03408,0.14855361,30.772842,39.99975,43.353718,12.580875,98.59114,117.75307,54.77364,32.70677,0.3728519,0.6101134,0.21993876,0.31515032,0.42762822,0.20768946,5.567047,4.7309666,3.583015,2.5547392,0.10534366,0.84795153,22.866478,0.4290544,-14.171307,-0.9634222,11.513373,0.93076676,-23.783201,-0.61023456,0.024185318,1.1481558,1.3750273,0.6978724,5.6225233,0.55020106,4.3252506,2.361681,11.293049,0.79040796,666.96185,0.39963654,1277.6864,0.16602324,-91.17311,-0.98181957,1676.41,0.15853564,1011.0263,0.26801404,-72.72242,-1.1502156,2654.2156,0.09738376,883.59534,0.26522368,-74.42007,-1.1113954,-7.712964,-0.5852323,15.790897,0.32723212,0.04493121,0.39498654,-0.010102645,-1.9003959,0.11567088,0.7211181,22.189693,0.40863386,-15.198089,-0.8613429,13.035967,0.8060474,-28.015326,-0.455711,-6.2802596,17.39028,0.025932755,0.0032092654,0.09065177,2.2082021,2.8938909,0.22444445,0.32069755,0.09888889,0.10524515,-32.30093,s,Ses04F_impro03,Ses04F_impro03_F009
332,33.741135,0.115749046,32.24067,34.076828,36.51153,4.2708626,156.5104,239.03143,101.52203,121.31383,0.18434931,0.6096787,0.093837574,0.14803776,0.25485414,0.16101657,2.0109158,1.4492579,1.9121045,2.3067153,0.042504735,1.0226895,29.570902,0.29110137,-5.9315114,-1.9307488,15.947058,0.9165518,-10.768355,-1.2396368,0.016593581,1.4673883,1.1799245,0.51504284,7.0396705,0.3939284,7.4533763,1.5729039,21.310167,0.44977605,633.0274,0.3487524,1393.752,0.1911098,-80.0097,-1.1182204,1655.3479,0.12433113,1068.1035,0.22286128,-78.58636,-1.0610801,2686.7344,0.099587485,1018.46014,0.30555725,-82.83393,-0.9709832,-12.70049,-0.45543954,23.368734,0.33045012,0.03226363,0.7638286,-0.0034930077,-3.5349452,0.048379887,0.96912444,32.48102,0.22653241,-7.6486764,-1.5971894,14.663026,1.1193323,-11.984703,-1.2160271,-10.560218,18.614088,0.0178633,0.0009911836,0.031053869,2.3182297,2.6483052,0.24,0.14875484,0.112692304,0.07057771,-39.413994,s,Ses04F_impro03,Ses04F_impro03_F010
333,34.20645,0.10295715,30.7265,34.77595,37.74934,7.0228405,54.008614,11.531958,-16.232136,42.30507,0.22464034,0.93967843,0.09236792,0.157453,0.24924009,0.15687217,2.0297835,1.4533613,1.1791594,0.74041015,0.06430143,1.4549332,24.193012,0.47163284,-9.043112,-1.1531044,21.800535,0.77428365,-11.8163,-0.86399496,0.039892506,0.7609441,1.4896663,0.42036328,3.9620447,0.6490875,3.7974203,1.8243463,22.724506,0.3473025,710.31506,0.39859143,1256.0328,0.1374891,-156.06747,-0.48954046,1706.2937,0.16617645,1111.364,0.21327987,-147.14334,-0.5463972,2691.4988,0.12054612,1033.7782,0.16939117,-148.8601,-0.52182174,-8.748591,-0.37787384,20.048971,0.33598727,0.049139485,0.5538695,-0.006361302,-1.9053406,0.12710783,1.0751117,32.02531,0.24280953,-16.017965,-0.65983176,14.367595,1.0376141,-10.551002,-1.2515327,-7.7484026,13.810443,0.023120008,-0.0007864437,0.04263289,2.097902,2.8985507,0.0875,0.054025456,0.188,0.13377593,-36.11153,o,Ses04F_impro03,Ses04F_impro03_F011
334,32.7476,0.1208683,27.91583,34.029823,35.817894,7.9020634,32.3903,13.936575,93.84976,50.253494,0.2544301,0.85625017,0.10654436,0.17025214,0.33341247,0.22686811,2.9022214,1.7042959,2.165484,1.1967591,0.077885695,1.2474393,24.176947,0.57579815,-4.3400884,-3.090161,17.139265,0.7612234,-9.5697365,-1.0938935,0.044369604,0.6543192,1.4735659,0.4307685,4.0899663,0.6136485,2.4859893,3.1731763,22.898123,0.29536343,706.2269,0.39414093,1337.4062,0.18943809,-144.45297,-0.56932276,1677.2198,0.17485674,1168.0383,0.19777717,-138.6919,-0.59527415,2674.9905,0.12398606,957.2588,0.18317162,-140.40308,-0.57115185,-11.131732,-0.48103753,21.52898,0.31187594,0.047571298,0.6927909,-0.009036981,-1.4019883,0.13535249,0.9674496,33.69009,0.22813319,-12.5711775,-1.0479175,14.797136,0.7152297,-9.394192,-1.4214772,-8.447659,15.538568,0.021267993,-0.0007415328,0.051831614,3.2,3.3333335,0.089999996,0.05147815,0.14999999,0.12774976,-35.238003,o,Ses04F_impro03,Ses04F_impro03_M008
335,33.193745,0.20259124,26.796423,30.24639,41.949886,15.153463,167.13448,230.62225,32.12158,7.3981514,0.32938018,0.7025023,0.06371614,0.30691385,0.51896673,0.4552506,4.887463,2.7777803,2.9591625,1.5611649,0.084304705,0.72250926,31.451368,0.26275983,-17.00178,-0.6038074,21.086723,0.5351909,-15.028407,-0.88753706,0.02523988,1.1473547,1.086464,0.46755937,4.9964147,0.5987968,5.266102,1.3557919,13.213558,0.42408857,640.61884,0.3916534,1392.7241,0.22573148,-96.91828,-0.95604086,1613.9165,0.14003935,1046.4272,0.20186491,-88.65187,-0.99415535,2598.0647,0.10143162,920.0667,0.21617763,-89.99353,-0.96723175,-8.132997,-0.36812958,14.070349,0.26547614,0.04226974,0.39847806,-0.009163761,-0.9877716,0.11191735,0.41176426,34.804462,0.23214912,-21.704395,-0.36675593,24.004223,0.47932065,-14.893979,-0.8910367,-11.052405,18.1168,0.0077632125,-0.0014049106,0.039888795,5.0632915,3.2894738,0.17,0.12149074,0.14,0.14543039,-34.196102,o,Ses04F_impro03,Ses04F_impro03_M009
336,35.772972,0.14680722,30.425385,36.4523,41.010178,10.584793,160.68622,231.58376,23.136368,7.2329197,0.29481435,0.6922864,0.1322712,0.24698511,0.41703814,0.28476694,4.0722146,2.8989115,2.6177375,1.822342,0.069838606,0.7629252,30.260593,0.25468966,-17.427532,-0.59884804,22.09278,0.5165557,-18.75286,-0.7258149,0.015246734,0.9168142,1.2329046,0.42220983,5.047447,0.4697655,3.892863,2.0683696,14.723575,0.51752335,651.40564,0.38727152,1415.7507,0.20809922,-84.931854,-1.0930332,1610.3989,0.12923591,1063.6273,0.20829135,-74.836426,-1.1478868,2652.5803,0.09076948,1007.95825,0.26562205,-77.37002,-1.0863026,-7.3005705,-0.46518925,15.253443,0.35903013,0.040678564,0.3942361,-0.0062807067,-1.3542414,0.092178054,0.53806114,31.828176,0.23836184,-22.509531,-0.34995237,21.16576,0.6244081,-21.799398,-0.61500984,-10.517487,17.029085,0.01401446,-0.0052262233,0.031537283,3.6458335,2.673797,0.23799999,0.12687,0.1425,0.13329947,-35.72208,s,Ses04F_impro03,Ses04F_impro03_F012
337,27.992823,0.2764729,23.480793,25.709438,29.493553,6.01276,61.760303,40.176174,60.308796,71.163345,0.28287718,0.65558845,0.12803258,0.23879084,0.41791695,0.2898844,3.0548444,1.1508787,2.5554376,1.767352,0.07690236,0.8980614,30.271383,0.34548426,-10.735289,-1.2410021,20.985209,0.67185855,-12.030739,-1.2150006,0.02442382,1.2627842,1.3905126,0.7243062,4.100555,0.7155235,4.262228,1.5673364,17.774849,0.48876375,606.1885,0.41535738,1367.5675,0.21419102,-100.62749,-0.94779336,1651.4221,0.15977573,1041.1569,0.3286712,-102.327866,-0.87923473,2610.438,0.10227396,1007.15015,0.34710336,-103.41174,-0.85948545,-11.14546,-0.46346822,18.678175,0.36145505,0.041475635,0.5018757,-0.014838645,-1.0708206,0.09442256,0.7441717,35.549366,0.23057695,-13.54356,-0.9309305,21.672964,0.6872676,-11.962033,-1.2888279,-9.050237,15.684539,0.025463203,-0.003071662,0.058120392,3.0701756,2.945508,0.16700001,0.07975589,0.1447619,0.10125964,-34.996002,o,Ses04F_impro03,Ses04F_impro03_M010
338,34.221306,0.22131386,27.85671,34.052063,40.33809,12.481379,83.57772,48.189926,151.34435,224.12514,0.45777178,0.69566864,0.19531019,0.3492577,0.7008929,0.50558275,5.3927207,4.030696,4.1718197,3.1391857,0.15045786,1.0343748,28.297838,0.29474455,-18.19498,-0.8277305,16.356539,0.9914141,-20.984322,-0.6782783,0.027910385,1.5862701,1.3620756,0.6558725,4.3431964,0.8466341,4.644911,1.9057308,16.362976,0.59855723,721.4143,0.35575658,1332.2837,0.2148365,-93.31792,-1.0014279,1715.1216,0.15769362,1108.7499,0.34364125,-90.75015,-0.96651137,2702.7615,0.085634865,956.089,0.33827573,-92.587524,-0.92890227,-7.5339584,-0.83837295,17.16598,0.427289,0.044505775,0.40959623,-0.009762596,-1.4832495,0.16973145,0.95475745,31.071566,0.26068372,-19.456337,-0.7830462,15.293149,1.0808102,-20.836351,-0.71700937,-6.1681113,14.044099,0.03494334,-0.0039943117,0.12751354,3.2136106,4.0076337,0.13428572,0.08802442,0.09949999,0.08040367,-30.90299,o,Ses04F_impro03,Ses04F_impro03_F013
339,34.880566,0.12761036,31.471464,34.20755,39.261173,7.789709,146.47025,167.69444,160.79918,248.12514,0.60584754,0.5604824,0.29846963,0.53239495,0.93709546,0.63862586,5.994221,4.127047,5.346565,2.9404874,0.21137486,0.8448304,29.370121,0.2483961,-24.780554,-0.49585932,12.799514,1.2270381,-20.925606,-0.5982674,0.028211193,1.4145675,1.339502,0.62304395,4.1165233,0.87479573,3.220308,2.7015595,14.573721,0.61388725,757.59076,0.34432307,1300.8147,0.18656507,-74.51731,-1.1940552,1725.153,0.15837558,1116.4204,0.33603123,-70.78021,-1.1871196,2725.5688,0.086786374,945.69336,0.32313466,-73.73619,-1.1087569,-5.2724566,-0.92688745,15.771444,0.39496154,0.046989106,0.36882606,-0.010036406,-1.3004327,0.22609034,0.7601693,31.227852,0.22816023,-25.996658,-0.46137124,12.068963,1.340968,-21.61558,-0.6274818,-4.132856,14.060099,0.038986936,-0.0041824747,0.19402337,4.2622952,4.3333335,0.14461538,0.08589935,0.07083333,0.06343741,-28.832283,o,Ses04F_impro03,Ses04F_impro03_M011
340,29.512774,0.18157269,25.850182,28.17813,33.808613,7.9584312,67.93234,27.646059,51.751072,44.05988,0.4210062,0.71264297,0.17934549,0.29587635,0.6455444,0.46619892,5.475355,1.8542238,3.3203566,1.7532108,0.12837188,0.9104335,29.574484,0.31497455,-15.122369,-1.0009563,20.825655,0.5901444,-9.38043,-1.1805221,0.027084664,1.2039496,1.3931718,0.65944993,4.480455,0.59691143,0.9618887,7.5338874,14.52519,0.48016644,635.3194,0.38442397,1263.7349,0.15600587,-89.56647,-1.0406537,1696.3799,0.16099842,989.9344,0.36217588,-88.0519,-0.9808063,2632.6453,0.10009191,898.0442,0.27768564,-89.08061,-0.9602418,-8.407548,-0.6325546,15.485844,0.32698762,0.035853613,0.6279734,-0.011028634,-1.6580751,0.16614935,0.77554,33.008163,0.26621544,-17.664091,-0.9168262,21.729284,0.5832771,-11.019858,-1.0632517,-7.5171084,15.098683,0.01654869,0.00041544106,0.07879274,3.5714285,4.0,0.13909091,0.07821352,0.089090906,0.047949698,-31.101553,o,Ses04F_impro03,Ses04F_impro03_M012
341,30.521214,0.13499312,27.156006,29.414545,35.323627,8.167622,38.863667,22.888449,188.44643,385.80746,0.365934,0.55451846,0.16777301,0.35435495,0.541135,0.373362,3.827746,2.158042,3.5378273,1.8739778,0.103144884,0.71676564,30.186914,0.3298758,-11.301078,-1.1764206,16.478569,1.0516909,-14.61776,-0.9567384,0.0309168,1.5416089,1.3862498,0.58402544,4.3930817,0.54129195,0.2506399,33.0296,17.339453,0.4221968,656.4664,0.35588828,1270.5339,0.21431355,-79.16132,-1.1601506,1710.3326,0.17106913,933.3487,0.30235943,-79.22702,-1.1042914,2680.3784,0.104365155,900.22437,0.28834826,-81.25537,-1.0556222,-9.652903,-0.57275826,17.35683,0.31980106,0.04082825,0.45453268,-0.01510793,-1.0440967,0.13129136,0.5166185,32.64172,0.32014826,-12.245682,-1.0978795,17.433527,1.1046289,-16.539335,-0.83037776,-8.501065,16.275743,0.017167365,-0.001484427,0.057980444,3.8997216,2.542373,0.2411111,0.21309593,0.118,0.11745638,-32.564373,o,Ses04F_impro03,Ses04F_impro03_F014
342,30.521214,0.13499312,27.156006,29.414545,35.323627,8.167622,38.863667,22.888449,188.44643,385.80746,0.36002308,0.5796879,0.15237507,0.34897983,0.5374816,0.38510653,3.8230677,2.1662524,3.6503372,1.8959745,0.10243574,0.73697686,30.281006,0.3270215,-9.660265,-1.2943356,16.547073,1.0542586,-14.848589,-0.9375894,0.0309168,1.5416089,1.3862498,0.58402544,4.3930817,0.54129195,0.2506399,33.0296,17.339453,0.4221968,656.4664,0.35588828,1270.5339,0.21431355,-76.54516,-1.1894813,1710.3326,0.17106913,933.3487,0.30235943,-76.77051,-1.128348,2680.3784,0.104365155,900.22437,0.28834826,-78.839775,-1.0770668,-9.652903,-0.57275826,17.35683,0.31980106,0.04082825,0.45453268,-0.01510793,-1.0440967,0.13129136,0.5166185,32.64172,0.32014826,-12.245682,-1.0978795,17.433527,1.1046289,-16.539335,-0.83037776,-10.498428,17.852901,0.016601471,-0.0033962424,0.053306047,3.9772727,2.5936599,0.2411111,0.21309593,0.111,0.15102649,-32.515327,o,Ses04F_impro03,Ses04F_impro03_M013
343,34.765594,0.13643646,31.575726,36.827316,38.344196,6.768471,26.110353,9.950155,19.87533,21.58434,0.16792479,0.7094354,0.07464591,0.13556163,0.22276554,0.14811963,1.2498554,0.5949705,0.6949189,0.4000476,0.031952646,0.82520145,27.2245,0.26916763,-9.118466,-1.1442184,15.545105,0.78430736,-16.068539,-0.7581958,0.014930243,1.3085376,1.0784897,0.4578179,6.2679787,0.4343566,3.992808,2.1137695,16.983786,0.49923128,590.29803,0.30638745,1362.7999,0.15984245,-114.35383,-0.8389263,1660.1698,0.12020218,1028.2068,0.22265506,-108.721794,-0.8358994,2637.1067,0.090960644,1050.6067,0.33678752,-110.15778,-0.8115709,-10.418655,-0.48661986,18.19056,0.31520653,0.035971634,0.50744456,-0.012662781,-1.0294578,0.047013745,0.60888803,30.533716,0.17761692,-13.603431,-0.8036681,16.970741,0.8645054,-23.400137,-0.49626017,-9.6800375,17.63497,0.01660244,0.0032895936,0.018020667,2.1359222,2.1568627,0.21727271,0.17415203,0.20666665,0.19834034,-42.359585,o,Ses04F_impro03,Ses04F_impro03_F015
344,33.19724,0.17388329,26.846786,33.20339,39.17598,12.329193,47.0301,19.06716,37.06454,23.180576,0.32308927,1.1304963,0.05765299,0.08713512,0.669955,0.612302,2.9579914,2.9804134,5.06265,2.5275133,0.110082865,1.5669771,27.476273,0.23377037,-9.305501,-1.3716027,14.941363,1.003882,-13.16432,-1.0945946,0.026109315,1.6728728,1.0604123,0.4923568,5.0314736,0.79965633,3.839975,2.664531,16.408686,0.4714937,620.2773,0.37428913,1355.1738,0.1903644,-141.39064,-0.62363166,1630.9377,0.16497658,947.3916,0.26539078,-130.95615,-0.69047004,2664.753,0.116958,922.8371,0.35017338,-132.20882,-0.6708747,-8.46766,-0.5443311,15.440925,0.33900166,0.053705283,0.3506357,-0.020216858,-0.5921028,0.26500028,0.78523654,28.944529,0.2313943,-18.13341,-0.9131236,13.668168,1.6797845,-20.783903,-0.79911274,-10.865913,18.756796,0.009970076,0.0021004048,0.025527777,1.5625,1.5936255,0.2175,0.22906058,0.385,0.28543824,-30.844799,ag,Ses04F_impro03,Ses04F_impro03_M014
345,37.531216,0.025112893,36.865692,37.282967,38.47486,1.609169,29.137613,2.2298946,15.059233,0.0,0.13994886,0.9843458,0.057928305,0.075205624,0.19697018,0.13904187,3.4213405,2.778914,1.5327077,0.21217164,0.033195812,1.5169129,21.746342,0.3787849,-11.392409,-1.3234051,11.178652,1.2231758,-13.698855,-0.86125034,0.021897394,0.6247158,1.2578087,0.2401309,4.040409,1.1033802,1.4755174,8.882061,17.198345,0.32112542,670.1001,0.28639063,1680.5135,0.28390712,-174.90373,-0.37779492,1693.4335,0.079915464,926.39606,0.1807559,-170.65915,-0.4057128,2734.9214,0.074260004,935.31213,0.20473866,-171.74501,-0.38830307,-6.6961527,-0.8203479,18.079636,0.22149384,0.057631247,0.25273365,-0.011101591,-1.2173834,0.10402882,0.6068515,25.17823,0.086533375,-26.373993,-0.59942406,10.624015,2.3367412,-34.591797,-0.25297353,-6.5031333,15.131763,0.012838892,0.0068138614,0.021628367,1.8181819,1.2500001,0.11,0.07,0.4433333,0.3271425,-42.080585,q,Ses04F_impro03,Ses04F_impro03_F016
346,37.22185,0.14038719,31.586994,37.950966,43.26191,11.674915,0.7916457,0.0,0.0,0.0,0.2132676,1.0337695,0.059752103,0.08640111,0.4462627,0.38651058,3.6159277,2.282979,2.5287297,1.6199336,0.066995315,1.5348321,23.049366,0.42827767,-14.386348,-1.150387,14.691821,0.89083964,-6.3356433,-1.0037804,0.14517367,1.0412772,4.1772585,0.39854372,2.7421987,0.5209846,21.370564,0.2452924,17.146055,0.27563804,377.58664,0.21804298,1331.8392,0.13720891,-186.9603,-0.26639697,1477.9226,0.048998814,697.3828,0.5153629,-170.82195,-0.39230034,2456.7039,0.048357647,880.1207,0.15705432,-170.19778,-0.40194988,-8.610035,-0.26489648,14.1608515,0.24699079,0.06253789,0.4926915,-0.0173995,-0.91546714,0.21466538,0.68227404,26.06938,0.16017085,-16.022903,-0.8395168,37.84791,0.48593765,-15.420617,-0.5229266,-5.4173913,14.103034,0.011038943,0.010676418,0.042288702,2.5641026,0.89285713,0.17,0.0,0.45999998,0.14,-36.38885,ans,Ses04F_impro03,Ses04F_impro03_M015
347,45.844765,0.11729732,40.44406,45.896023,51.30912,10.865059,0.51985234,0.0,0.0,0.0,0.13522685,0.84214705,0.057082377,0.0713608,0.23838887,0.18130648,1.0159233,0.51155704,0.76708317,0.47255537,0.03332564,1.2626768,25.563288,0.17223634,-14.170084,-0.6979475,16.307034,0.5362441,-14.729647,-0.7691106,0.025989562,0.6788956,1.4459356,0.38997993,7.2612534,0.17143254,4.4026165,3.0749032,9.592512,1.7784476,687.3756,0.514576,1249.0353,0.106702976,-183.69559,-0.28197378,1676.8733,0.18193384,1005.4961,0.13163346,-163.37175,-0.42554286,2680.8545,0.0885673,1040.1497,0.24047902,-164.92357,-0.40376604,-8.706383,-0.464899,19.577232,0.24909012,0.046216488,0.55608124,-0.012812257,-0.58716756,0.0810031,0.60907227,27.923595,0.22600868,-24.290283,-0.38868728,11.926373,0.5943162,-27.764385,-0.32424098,-8.903737,16.2364,0.011512146,0.004703155,0.022877188,1.6129032,2.5210085,0.07,0.037416574,0.22749999,0.18389875,-43.209576,q,Ses04F_impro03,Ses04F_impro03_F017
348,39.233715,0.11968875,36.56743,38.06593,39.312473,2.7450447,35.635166,0.0,239.18466,196.06303,0.25863445,1.003477,0.06283685,0.12605858,0.5024353,0.43959847,0.90623796,0.6565718,1.3712262,0.8914477,0.085993774,1.4744792,25.171812,0.59068286,-16.631603,-0.59943056,15.204835,0.93487483,-7.854625,-1.0287288,0.022144185,0.9500879,0.938334,0.58298075,6.1752024,0.6106909,10.300811,1.0669318,21.478354,0.62910914,893.5696,0.29836214,1122.092,0.16115233,-168.5624,-0.41321042,1804.2817,0.111591205,1285.0363,0.36450815,-156.47769,-0.501135,2852.3281,0.10886805,1022.0092,0.19380918,-159.268,-0.4591705,-2.2127812,-3.0652626,16.57722,0.58146787,0.06736015,0.20371203,-0.001710475,-5.631406,0.19310543,0.56109357,26.45149,0.5246041,-27.252295,-0.25155732,6.4069676,2.756689,-11.841597,-0.5542368,-4.815552,14.483802,0.016460255,0.0050265514,0.05926624,0.8403362,1.754386,0.12,0.099999994,0.42499998,0.065,-33.641953,ans,Ses04F_impro03,Ses04F_impro03_M016
349,39.86559,0.15112145,35.895836,40.476135,44.327522,8.431686,590.8783,970.50214,65.892395,38.633137,0.16093552,0.44890597,0.09153557,0.15445082,0.22333367,0.1317981,1.2791803,0.76368356,0.8719765,0.482128,0.03413909,0.64510435,23.75526,0.4491453,-9.489218,-1.0831511,13.826744,1.1171329,-17.988548,-0.96231574,0.016992131,1.4407835,1.2210711,0.46528402,7.1350183,0.50347745,5.7883224,2.0877767,17.683065,0.89212644,664.7767,0.3174349,1375.8058,0.1740717,-132.2727,-0.68507874,1673.6888,0.14259683,1109.6195,0.39647642,-117.06816,-0.76932025,2715.955,0.096128196,989.68134,0.39286104,-119.69996,-0.7272838,-10.620428,-0.4423043,21.294933,0.32797977,0.028041745,0.7856674,-0.0049005044,-2.7171018,0.04426013,0.4180368,29.374811,0.22372851,-13.639146,-0.66864794,11.648731,1.5893533,-29.001297,-0.43372667,-7.9265413,16.854166,0.0035523209,0.0051109307,0.026202274,2.7900147,1.627219,0.2681818,0.26456887,0.29833335,0.2981284,-44.105957,s,Ses04F_impro03,Ses04F_impro03_F018
350,29.72469,0.14736465,26.224257,28.689514,34.854156,8.6299,190.88493,290.6848,145.4336,290.95474,0.28178096,0.8846046,0.08786776,0.19143112,0.46808827,0.3802205,3.8773062,3.669351,2.80093,2.17957,0.07684732,1.1394423,24.718658,0.6196859,-3.915062,-3.330438,19.939213,0.7947818,-8.77174,-1.0666155,0.019195735,1.4213624,1.0873836,0.73153776,5.683914,0.39216945,4.574723,1.6895283,20.253757,0.5196292,662.3861,0.40754062,1317.2089,0.17474394,-117.65773,-0.7965447,1730.5797,0.15043297,943.2278,0.3161958,-118.51155,-0.74706084,2710.2688,0.1027073,1058.7007,0.36514673,-118.87905,-0.7422333,-10.396747,-0.6319812,18.947735,0.48181832,0.0428227,0.5280128,-0.008697867,-1.5851387,0.12897027,0.8052056,33.907444,0.26696563,-8.738506,-1.649002,22.950945,0.8445556,-10.622285,-0.9127774,-7.4092965,14.098827,0.008780427,0.0039748526,0.0359712,2.5875192,2.4539878,0.17125,0.12603943,0.21625,0.23395711,-33.36742,o,Ses04F_impro03,Ses04F_impro03_M017
351,31.251055,0.106184125,29.044449,30.640572,34.097233,5.052784,198.7855,240.86975,283.62802,374.3607,0.39845926,0.8922394,0.061649773,0.26572537,0.7758591,0.7142093,3.1551518,2.3128378,4.2086005,1.5685179,0.11712222,0.971182,28.126291,0.45497486,-8.6691,-1.6570851,17.164274,0.65675753,-9.355921,-0.7419592,0.02462623,1.723255,0.93001187,0.59759283,5.630942,0.4450374,7.1717825,1.1104844,18.865166,0.49463505,690.2206,0.3568696,1324.8215,0.15032585,-109.96435,-0.8555343,1745.0874,0.15145953,1019.8303,0.2509977,-108.27501,-0.8359734,2725.538,0.11140355,1136.8865,0.46343324,-109.55385,-0.81511706,-8.5109825,-0.73081124,17.059967,0.45404577,0.04905052,0.40802455,-0.010324936,-1.0515332,0.20188718,0.5132372,33.24102,0.23302911,-13.284225,-1.1345017,18.125504,0.7970212,-9.337839,-0.7536337,-8.505845,16.181599,0.012262603,0.0039967503,0.043262813,1.7964072,2.4691358,0.19,0.1372953,0.195,0.17698869,-30.040716,ag,Ses04F_impro03,Ses04F_impro03_F019
352,32.817196,0.093594335,31.629414,32.961193,35.484207,3.8547935,68.67697,52.09115,22.460283,23.9367,0.16990668,0.7666568,0.075330175,0.13239731,0.2257725,0.15044233,2.2408714,1.7759564,1.1477063,1.0202712,0.034582887,0.88512844,30.342701,0.37129548,-7.3803387,-1.4605514,16.407177,1.002891,-6.7757525,-1.2524413,0.014066313,0.9298507,1.1422348,0.43636236,5.312634,0.35381934,0.69255185,10.595675,16.942915,0.47246528,500.29367,0.37005663,1294.1814,0.12312733,-118.1905,-0.7998658,1489.647,0.11149595,970.03644,0.3294787,-114.523346,-0.7924295,2512.6072,0.08604744,959.2699,0.1468506,-117.11941,-0.7517701,-8.436959,-0.507221,19.517317,0.32006463,0.030601887,0.64419246,-0.0006382477,-19.632069,0.041219488,0.7823153,35.980167,0.1647168,-16.243567,-0.5494514,15.341577,1.3398414,-11.752362,-0.6833745,-11.075001,19.306217,0.01904127,0.0031639836,0.029680219,2.4038463,2.4630542,0.176,0.16218507,0.21,0.17966634,-41.24388,s,Ses04F_impro03,Ses04F_impro03_F020
353,38.43638,0.28417808,30.535898,32.876453,50.97995,20.444052,1534.8748,1492.4003,23.671537,15.017322,0.2318784,0.59410256,0.06603923,0.20644291,0.3972525,0.33121327,2.4325206,1.4639642,1.4831067,0.8322719,0.051357165,0.7016936,30.190409,0.3950837,-12.566069,-1.169239,6.782759,1.564398,-13.620236,-1.0799116,0.017733766,0.9929486,0.95509934,0.62911284,8.791371,0.4989013,4.502882,1.4732811,22.919796,0.30768076,799.4496,0.3039217,1298.5535,0.17049031,-102.754745,-0.9141272,1748.1324,0.1457509,1176.4677,0.21550882,-100.472694,-0.8826992,2795.9187,0.10042111,980.6424,0.308662,-105.51998,-0.7985562,-6.8728447,-0.8211372,21.363848,0.27357644,0.04626847,0.39074853,-0.0017808179,-6.179821,0.06892534,0.39118093,33.281597,0.37174338,-19.560036,-0.6069911,2.9466057,4.4131784,-15.97863,-0.969538,-10.677544,18.611916,0.016353799,0.0005912554,0.026629042,4.1379313,2.877698,0.1775,0.09549214,0.14999999,0.112915896,-38.348362,q,Ses04F_impro03,Ses04F_impro03_M018
354,40.17441,0.23402567,33.106174,36.504025,50.922592,17.816418,1523.2638,1504.0111,28.712988,29.979435,0.28150973,0.4882234,0.16106267,0.2543235,0.40668592,0.24562325,3.6556098,1.8698819,1.1202037,1.1782321,0.07945312,0.9173054,28.549374,0.39136365,-11.702761,-1.4700062,12.153762,1.4552747,-26.852049,-0.57500076,0.019460736,1.3924134,0.9395552,0.4130301,9.405498,0.43248224,4.827688,1.5091337,22.819056,0.4504073,769.19885,0.34565687,1280.4899,0.17557195,-101.243866,-0.9170957,1786.8044,0.15368542,1104.6027,0.28065437,-98.10632,-0.8734635,2845.2834,0.10019893,993.2482,0.3188054,-101.57368,-0.8130605,-8.984424,-0.86415654,22.413984,0.39346525,0.05167064,0.4593962,-0.010424988,-1.4483932,0.08220823,0.6855408,29.913616,0.37135208,-13.64499,-1.331631,5.8620605,3.1512687,-26.169783,-0.5294714,-9.10285,15.455053,0.038326163,-0.011885143,0.079410054,3.726708,3.2467532,0.16399999,0.10442221,0.12399999,0.051999997,-35.309776,ans,Ses04F_impro03,Ses04F_impro03_F021
355,34.51395,0.11082162,31.87639,33.453445,36.008755,4.1323643,-19.402645,38.494614,49.575703,23.171276,0.35724038,0.6732513,0.15360053,0.27194804,0.60740536,0.45380485,4.582217,1.1267062,2.9004023,1.5518743,0.09686223,0.9381442,30.660572,0.4230153,-7.276349,-2.011545,19.271854,0.76127493,-17.054813,-0.8731853,0.027988454,1.2572104,1.1827155,0.7218378,7.9314237,0.33852765,5.7845674,1.2197217,22.221226,0.45324653,698.9504,0.37311077,1324.5112,0.18059939,-79.246414,-1.1104875,1756.4912,0.157402,1058.2106,0.2941381,-80.9244,-0.9912973,2769.3745,0.10086481,987.9229,0.30876324,-82.4854,-0.961101,-12.281103,-0.6130118,21.169989,0.49740776,0.045640394,0.5981058,-0.014431589,-0.8619018,0.11042764,0.8471647,34.208904,0.2951086,-8.217099,-1.9991941,17.872988,0.87595457,-16.465328,-0.8826934,-8.310292,15.211984,0.03093289,-0.010505925,0.07358239,3.007519,3.0651343,0.2075,0.13953045,0.0975,0.028613808,-32.139206,s,Ses04F_impro03,Ses04F_impro03_M019
356,37.615005,0.13321404,32.0501,39.445312,42.744167,10.694069,26.705404,8.057001,88.21061,22.037956,0.18323722,0.89050895,0.055274665,0.12198935,0.2710161,0.21574143,2.831069,1.9621229,2.480814,1.9077803,0.042282972,0.89444965,27.770918,0.3844118,-4.5918355,-2.0933282,15.464205,0.65588754,-10.160368,-1.0792887,0.019621644,0.6669713,1.3770068,0.7044824,8.474582,0.33073142,3.3355467,2.3548298,15.290579,0.43306214,718.52325,0.38367647,1215.4783,0.18025011,-139.96138,-0.60383767,1812.7322,0.1565632,944.83374,0.2945824,-136.92917,-0.5912186,2804.8523,0.10314926,980.6995,0.35972366,-137.14465,-0.59012735,-12.998811,-0.52186644,21.677416,0.49559346,0.03082763,0.6906543,-0.010099039,-1.1483694,0.06682442,0.6439623,30.656502,0.31997803,-6.7115555,-1.7859123,18.379477,0.7193152,-13.747088,-0.79506093,-10.971571,19.056303,0.015872436,-0.0014273638,0.029491732,1.7182132,2.4475524,0.13857143,0.10602271,0.2175,0.27215573,-38.89212,s,Ses04F_impro03,Ses04F_impro03_F022
357,30.835312,0.113720834,27.168411,31.24022,33.315998,6.147587,37.561207,19.314955,111.47164,156.62851,0.30872273,0.7532079,0.05362469,0.27951658,0.54984695,0.49622226,2.343106,1.6243812,4.5493326,3.0842984,0.090873055,0.878528,31.233728,0.28590932,-9.667127,-0.9418991,16.307644,1.0198898,-7.0657487,-1.2361774,0.03719641,1.1289706,1.0310781,0.7085894,4.14702,0.66965055,4.1195545,1.4625072,20.549723,0.34491712,595.7064,0.40789804,1404.4323,0.18017411,-110.62341,-0.87059885,1559.7755,0.13852341,1113.6812,0.34949955,-112.28226,-0.7936276,2550.48,0.09525461,1045.5604,0.37448433,-113.81143,-0.76934254,-8.576255,-0.446574,18.597355,0.3508796,0.04893392,0.38549963,-0.012330103,-0.9096122,0.14410457,0.49217746,35.620026,0.27396038,-14.734719,-0.6462198,15.264442,1.2120216,-10.589985,-0.78004134,-11.002483,18.58846,0.0076630847,0.0015526278,0.043943055,2.793296,2.8901734,0.154,0.110199824,0.172,0.19082977,-34.032063,s,Ses04F_impro03,Ses04F_impro03_F023
358,26.722803,0.21606289,22.449812,24.95232,28.761131,6.3113194,474.51382,741.76654,81.93051,107.0946,0.24675086,0.64268875,0.1003241,0.21919934,0.38051853,0.28019443,2.5893395,1.3314714,2.301371,1.9550221,0.059837338,0.8471032,33.71874,0.26521328,-6.918971,-1.5865539,23.71724,0.677143,-5.4893374,-2.087198,0.022747038,2.1064198,1.0198512,0.6938942,4.875541,0.47308728,2.5374713,2.1529663,22.595135,0.34617057,575.5541,0.3998899,1368.7585,0.17233545,-79.950005,-1.1692809,1629.7604,0.14576165,1014.3357,0.34186518,-86.15267,-1.0021431,2608.3977,0.09887531,1014.9466,0.3061088,-88.096054,-0.9636185,-12.732086,-0.4474228,21.142849,0.32741496,0.036765758,0.51891434,-0.009663509,-1.3403348,0.07091239,0.7438681,37.308903,0.19592209,-8.598907,-1.3476379,25.879183,0.67768764,-4.487445,-2.7951236,-11.767256,19.092901,0.015042129,-0.002124962,0.043365274,3.3067276,2.870264,0.204,0.17435594,0.11923076,0.0947029,-36.724106,o,Ses04F_impro03,Ses04F_impro03_M020
359,27.63992,0.24841586,22.915537,24.6323,30.258413,7.3428764,804.5236,971.1818,-9.959156,36.877155,0.1639204,0.6457104,0.06258018,0.12821084,0.24849184,0.18591166,1.5182418,0.95096904,0.9860332,0.52645797,0.03345222,0.76500815,33.8517,0.1814821,-2.8331356,-2.6846266,25.924324,0.52624404,-4.376126,-2.1726298,0.028489398,1.5550377,1.1055381,0.5855956,5.6807218,0.36999866,3.013389,1.8111892,23.51964,0.30577442,616.85986,0.42349008,1396.7927,0.16195203,-90.83895,-1.0400366,1709.7422,0.14719751,962.0722,0.3061085,-97.12951,-0.8957688,2677.5571,0.10346552,1069.3053,0.29092777,-97.89183,-0.8828682,-15.648021,-0.29722008,22.52143,0.26180407,0.028160669,0.54897547,-0.006134927,-2.0264769,0.044956613,0.5183428,36.506466,0.15039863,-3.181578,-2.441244,32.000656,0.43187457,-3.087353,-3.5152185,-13.937484,21.635265,0.0116739115,0.0013988768,0.01702122,1.7985612,2.197802,0.25,0.24034698,0.185,0.15118973,-40.07716,q,Ses04F_impro03,Ses04F_impro03_F024
360,30.462456,0.15048474,26.934353,29.280727,33.0272,6.092846,66.394684,62.56869,26.356876,19.430994,0.335865,0.7439997,0.13242981,0.2928627,0.42601237,0.29358256,3.6407378,2.5178719,3.2212207,1.9869927,0.093268245,1.0213469,25.805702,0.39122808,-1.6033885,-9.856209,28.351793,0.57366365,-6.477542,-1.8397309,0.017148491,0.956698,0.9958964,0.6560206,6.99471,0.31312913,8.368918,0.8917127,19.507502,0.47863021,552.3601,0.36434308,1287.6892,0.16148768,-78.46895,-1.1360729,1646.1166,0.13797885,786.84766,0.41881734,-83.13087,-0.9892679,2612.427,0.08936916,906.70825,0.29727522,-81.733765,-1.0159839,-11.755094,-0.48138005,17.65471,0.3184015,0.035568096,0.69153583,-0.011754203,-0.89423144,0.11226815,0.82821846,27.632616,0.28144562,-1.1767434,-14.481281,33.883255,0.4849795,-6.9072094,-1.8723586,-10.1774025,18.127579,0.016987039,0.0023350257,0.062275287,3.23741,2.5641026,0.24428572,0.1312421,0.12285714,0.12115095,-31.45513,ans,Ses04F_impro03,Ses04F_impro03_M021
361,41.329464,0.19432545,34.22548,43.076912,48.82042,14.59494,84.27993,78.60083,45.834667,15.922864,0.28650674,0.65644866,0.12410182,0.23335135,0.4310299,0.30692807,2.9246852,2.64287,2.0904891,1.4794767,0.08048049,1.040358,27.963835,0.22729553,-16.446516,-0.72341967,10.616897,1.3395314,-17.891565,-0.78311974,0.025575168,1.040295,1.207039,0.5017418,7.824186,0.52557373,7.891993,1.2187454,15.528291,0.6414195,690.8305,0.37514412,1330.2596,0.19584179,-87.57302,-1.0290706,1699.281,0.13588673,1070.2621,0.32519758,-77.072205,-1.0530478,2690.0483,0.09145797,990.94604,0.3200707,-79.519646,-0.99962395,-11.179328,-0.47562554,19.84948,0.3569187,0.047804564,0.67994785,-0.011214901,-1.1681544,0.08546712,0.9781628,28.15123,0.1996803,-15.879764,-0.67759764,9.947939,1.6531603,-19.93618,-0.7231353,-7.1183734,16.67049,0.033494428,0.00022172715,0.07255082,2.1696253,3.0,0.21533333,0.15974423,0.113076925,0.07828789,-35.072952,s,Ses04F_impro03,Ses04F_impro03_F025
362,29.16465,0.16434559,24.631721,28.403536,36.040703,11.408981,50.637768,0.0,-2.5906725,12.400563,0.24682747,0.630508,0.099183485,0.21114908,0.3989706,0.2997871,2.9185815,1.473376,1.8758106,0.8006487,0.058794774,0.9036094,27.098938,0.46606818,-4.7120476,-2.5798311,20.389965,0.5330827,3.3713336,3.1646044,0.021477653,0.86240375,1.0954907,0.45392984,6.2742496,0.30567715,2.3378835,2.253523,22.988792,0.31569746,651.76776,0.45429224,1429.903,0.17213105,-102.87184,-0.91286606,1646.299,0.14279863,1031.2556,0.22282329,-101.95214,-0.8802969,2683.82,0.106350824,1080.4211,0.24321413,-105.390884,-0.8218097,-12.649307,-0.33296403,21.544712,0.22236374,0.04398657,0.41277495,-0.0030196065,-3.7227366,0.08378511,0.65369004,33.171547,0.272467,-4.498257,-2.1830516,24.480501,0.47363722,8.401423,0.9317459,-7.1207876,14.135428,0.008432126,0.00673014,0.03341094,3.196347,1.869159,0.275,0.11456439,0.19,0.24091493,-35.492,o,Ses04F_impro03,Ses04F_impro03_M022
363,38.713398,0.0052645723,38.537422,38.718204,38.90446,0.36703873,15.678978,0.0,-12.235133,0.0,0.088833705,0.55230254,0.057819463,0.07594329,0.10141386,0.043594398,1.0192987,0.504629,0.34458604,0.27617633,0.015347206,1.1460365,21.683693,0.35019737,-5.648473,-1.4577923,16.931986,0.329727,-9.609877,-0.72085065,0.027294312,0.7014888,1.3902684,0.45726165,8.286897,0.3738757,19.980413,0.11849003,28.880852,0.053947505,887.3299,0.08979726,1503.9144,0.16203243,-195.27496,-0.15055089,1954.0005,0.071471736,1156.9297,0.13434145,-193.3053,-0.172323,3089.2744,0.08521213,1136.4409,0.076555625,-193.59186,-0.16619161,-20.875742,-0.17037638,30.577919,0.18556844,0.026816763,0.1294092,-0.005700221,-1.8579024,0.03356253,0.44299006,34.066498,0.041250978,5.3846793,0.7467052,16.140059,0.27300724,-3.1729593,-1.5392298,-8.658606,15.72107,0.0077380287,0.0051100138,0.014331905,1.0869566,0.55865926,0.07,0.0,0.84499997,0.42499998,-50.60682,dag,Ses04F_impro03,Ses04F_impro03_F026
364,29.690058,0.13386774,25.983654,29.92345,31.694536,5.710882,27.482065,11.229019,25.352804,10.8429785,0.31838354,0.78158164,0.06193673,0.25712982,0.5602422,0.49830544,3.6102395,2.5262032,3.54322,1.7617836,0.09253579,0.97104675,29.359156,0.29198706,-7.669549,-1.6529483,23.456785,0.7959679,-4.09108,-2.9758224,0.01869821,1.0051361,1.1678215,0.70980245,5.9316745,0.5628874,8.955295,1.0035999,21.847551,0.33695236,681.98047,0.3741801,1355.3287,0.24464066,-105.79301,-0.9004527,1689.6349,0.1373151,996.65594,0.43146235,-106.23454,-0.83622867,2698.7166,0.096965976,968.6441,0.41316643,-106.79545,-0.82734007,-10.872359,-0.5437377,19.754646,0.32496148,0.036988195,0.5918451,-0.0053542806,-1.8092272,0.14218517,0.6226255,32.294395,0.26229563,-7.7505727,-1.8964317,28.34525,0.81993777,-2.9778395,-5.2069516,-9.9070635,18.074873,0.0041494826,0.006848109,0.041564956,2.857143,2.0,0.24777777,0.1404578,0.22999999,0.25267458,-32.422165,q,Ses04F_impro03,Ses04F_impro03_M023
365,35.806267,0.16653173,29.063267,35.47796,41.910984,12.847717,398.64246,506.2548,24.691673,18.568731,0.45952448,0.9313134,0.122997046,0.36285883,0.644466,0.52146894,5.978489,7.040665,4.573705,2.6582806,0.14806914,1.094632,28.655758,0.32327148,-17.152533,-0.7762131,21.38484,0.740647,-10.132329,-1.5161724,0.026213594,1.7866663,1.1165482,0.51647097,6.233944,0.45295238,2.2230906,5.1571536,17.373955,0.5708863,704.60016,0.37106085,1335.5516,0.23645219,-132.77768,-0.6740994,1676.5371,0.12878488,1108.0829,0.18374239,-111.53184,-0.82969296,2699.4565,0.07781399,986.23395,0.34053302,-114.36697,-0.78221804,-5.7526355,-1.1602968,17.5219,0.31101462,0.029364754,0.82061124,-0.00046056363,-20.85095,0.22154385,0.8744664,28.023714,0.36036974,-21.38429,-0.5540428,16.34136,1.1624813,-13.13264,-1.091342,-9.720074,17.009209,0.0037938815,-0.00038652282,0.08654959,2.4590163,2.5316458,0.17333333,0.12391753,0.20166665,0.12522203,-28.16947,s,Ses04F_impro03,Ses04F_impro03_M024
366,37.257866,0.124274224,32.30419,37.26888,41.70486,9.400669,401.871,503.90125,3.1448848,33.694057,0.58718866,0.73595864,0.25934994,0.41507983,0.95188606,0.6925361,9.910626,6.285579,6.610508,3.5015347,0.2010849,0.89044166,29.353035,0.3113644,-22.312433,-0.4698402,22.204449,0.79111105,-14.801969,-1.0361303,0.030699968,1.4681771,1.1679895,0.5136576,6.178524,0.4758401,5.053837,2.394974,16.547518,0.594367,746.90155,0.3449854,1296.121,0.21496743,-116.53861,-0.7673822,1706.1212,0.12004782,1093.7091,0.20388754,-92.94156,-0.9729561,2721.9146,0.075160466,977.1901,0.35764024,-96.547356,-0.9050678,-5.386516,-1.2142233,16.626036,0.35886195,0.03627174,0.6783636,-0.0023686648,-4.0212116,0.25449035,0.7444539,28.309826,0.33156914,-23.821726,-0.4441433,16.36246,1.1165898,-14.454937,-0.9951558,-5.7437644,12.123527,0.019020112,-0.005071581,0.12428958,2.8037386,3.3653848,0.15714285,0.1356165,0.13833332,0.0872576,-26.647348,s,Ses04F_impro03,Ses04F_impro03_F027
367,37.829586,0.0964754,34.525078,37.370773,41.932022,7.4069443,286.1088,302.68295,47.13414,28.484308,0.6862986,0.740196,0.23701203,0.5376224,1.1025486,0.8655366,8.113604,4.9477854,7.6264205,2.682418,0.24504189,0.8960229,28.041172,0.3115169,-21.951319,-0.56241816,19.833078,0.78155917,-15.606978,-0.6396185,0.048353896,1.7560017,1.1731329,0.4727007,6.127732,0.4928956,7.1559935,1.1130555,16.189047,0.45521042,820.9665,0.3299106,1390.3158,0.32326472,-107.221176,-0.8064326,1760.2854,0.12458013,1092.1292,0.23262675,-91.84886,-0.92920065,2748.0947,0.08755508,843.5044,0.25596458,-94.5551,-0.8817141,-6.6066084,-0.66137904,15.691772,0.3928664,0.04573664,0.5108036,-0.0034265942,-1.8351158,0.27524114,0.81817055,28.780806,0.3114203,-22.197226,-0.5124034,17.67557,0.7959037,-15.62275,-0.6601106,-4.8579946,11.728737,0.027183266,-0.0037401682,0.22278757,2.919708,4.545455,0.118333325,0.068414584,0.1175,0.06339361,-25.5965,s,Ses04F_impro03,Ses04F_impro03_M025
368,40.450726,0.07770545,37.23612,41.19388,43.40503,6.168911,192.39204,272.14066,61.854336,44.193947,0.78907,0.65487605,0.27235997,0.5926272,1.3512605,1.0789006,9.966487,3.1128478,10.132301,5.252638,0.29604775,0.8068719,24.309874,0.37043878,-22.608242,-0.53773046,12.038263,1.4309047,-18.504623,-0.47884512,0.0400832,1.8667186,1.0480405,0.4588812,6.9150405,0.5518645,6.92189,1.1056643,14.741608,0.6432342,759.14667,0.35580283,1390.5537,0.32718253,-83.25848,-1.0402963,1751.6769,0.13542388,1059.7168,0.3016632,-66.10017,-1.1692066,2741.7617,0.08975999,865.52936,0.2320296,-68.37899,-1.1117406,-7.2008452,-0.53870356,16.748703,0.38072714,0.050050028,0.5245064,-0.007520704,-1.018305,0.2782483,0.8417436,24.500275,0.36082163,-21.732046,-0.48561758,14.031914,1.1846366,-20.578588,-0.4435378,-1.5233613,9.179631,0.03386863,-0.0041895146,0.30354738,2.7586207,3.5971224,0.192,0.11496086,0.11,0.078740075,-23.23038,q,Ses04F_impro03,Ses04F_impro03_F028
369,43.3953,0.12256624,39.044994,43.051556,49.91434,10.869347,60.03362,52.36718,47.56469,16.83046,0.7686178,0.71762913,0.33655086,0.46554402,1.3805205,1.0439696,5.9164405,3.5822666,8.533746,5.889063,0.28656846,0.87437034,20.097097,0.55399406,-22.11157,-0.88927144,7.527394,2.327996,-19.294008,-0.57813895,0.0267098,1.0403875,0.8898834,0.5785447,8.014205,0.5795184,5.544163,1.707195,12.571965,0.75643307,844.865,0.29185465,1183.8516,0.2662719,-95.665276,-0.94955677,1829.4565,0.1260929,1024.2146,0.2976492,-81.97006,-1.0365963,2807.2205,0.08128985,860.5898,0.2402837,-84.55894,-0.9817415,-4.8689933,-1.0928602,15.964204,0.49662042,0.06699146,0.31186286,-0.006550737,-1.6706681,0.36405393,0.69662124,22.429781,0.29793504,-28.255133,-0.5263632,6.0949407,3.3847647,-20.854776,-0.5273381,-3.420118,10.834006,0.03894633,0.007436547,0.18021679,3.6363637,3.773585,0.15833333,0.10838461,0.17,0.17682382,-23.463827,s,Ses04F_impro03,Ses04F_impro03_M026
370,41.038937,0.16904011,33.55919,41.594612,47.843243,14.284054,294.67545,456.0787,68.47073,61.29607,0.3290944,0.94271153,0.1178038,0.26853606,0.4483722,0.33056837,2.0606272,1.0558345,1.909056,1.2772115,0.10486346,1.2781053,26.00328,0.38169873,-13.888358,-1.0940058,7.1960673,1.8891319,-17.482378,-0.882751,0.031169876,1.3481922,1.1733509,0.52590543,7.576657,0.51104647,7.9082513,1.2471032,20.602882,0.5108856,821.9255,0.30348423,1356.1749,0.19509448,-95.11749,-0.9583917,1805.6666,0.13396803,1138.9829,0.24767572,-85.67332,-0.9975638,2852.3591,0.10427164,1040.8118,0.32732195,-90.1081,-0.9107531,-10.280485,-0.6135975,22.317217,0.36751553,0.054541834,0.5376399,0.0010020045,14.616747,0.12386409,1.1493919,29.227222,0.270219,-17.67188,-0.8595386,5.2959223,2.6139262,-19.192236,-0.83531123,-6.946759,15.914479,0.032415822,0.0045540845,0.07626938,1.610018,2.5270758,0.23785715,0.2252357,0.17272727,0.1838028,-31.792494,s,Ses04F_impro03,Ses04F_impro03_F029
371,25.572273,0.08927707,23.714043,25.926605,27.801205,4.087162,106.08438,132.22745,24.401789,0.39597887,0.19281183,0.78314716,0.06736,0.14035296,0.30239064,0.23503064,3.0746028,1.637727,1.6837549,1.016467,0.04642398,1.0217252,26.286219,0.46546105,-7.2075667,-1.4278034,19.091494,0.61598134,-3.1599605,-3.777858,0.024042634,0.6538465,1.1966999,0.6033597,4.55569,0.42539668,2.9013116,1.6693426,25.18971,0.371298,808.8215,0.39157313,1337.2938,0.23649919,-142.86862,-0.59564346,1807.7079,0.14931247,1094.9061,0.28308254,-143.14299,-0.581257,2819.6494,0.11678877,1016.76666,0.22340305,-144.82597,-0.5583676,-11.560179,-0.5669735,20.319485,0.4223623,0.035390362,0.6048882,-0.0028577908,-5.775427,0.0996921,0.5067839,36.101772,0.2294818,-8.518764,-1.3343323,27.520855,0.5576082,5.484503,2.7398057,-7.222794,14.642191,0.009530983,0.004282567,0.023944981,3.6101084,1.8382353,0.15799999,0.1334766,0.30333334,0.2929543,-37.83552,q,Ses04F_impro03,Ses04F_impro03_M027
372,33.356,0.085546374,31.405567,32.78535,34.98696,3.5813942,57.344807,53.872704,152.62737,96.20215,0.17212245,0.72718894,0.06867349,0.13535567,0.27145946,0.20278597,1.2334738,0.66433156,0.6011433,0.3150586,0.0393936,1.1400291,30.0337,0.19961397,-16.429617,-0.77262646,6.8677645,1.6306883,-13.7086525,-0.8817636,0.016703691,1.2022161,1.3594716,0.5045507,4.105922,0.81150395,-0.12171963,-58.975536,14.954356,0.5859986,535.5714,0.27954033,1492.5463,0.21662797,-135.38243,-0.6670702,1532.871,0.10758626,1193.2524,0.17323805,-129.00453,-0.6925143,2515.8696,0.091929525,1255.5112,0.44167006,-131.87932,-0.64983946,-9.308892,-0.6607612,20.516582,0.32088763,0.026832279,0.57818896,-0.0041408297,-2.3623703,0.05573976,0.9789609,33.00475,0.17985745,-17.538334,-0.8439592,6.1319427,2.5151498,-17.124166,-0.84761775,-6.214592,17.53438,0.0154513465,0.007953386,0.03044893,1.6620499,2.247191,0.15625,0.1062941,0.23777778,0.17911993,-42.849575,s,Ses04F_impro03,Ses04F_impro03_F030
373,29.035627,0.04679145,28.468622,28.883978,30.26822,1.7995987,8.348976,6.4427075,14.344827,0.0,0.1729607,0.8623806,0.062341668,0.08186981,0.33990723,0.27756557,1.5275773,0.7235855,1.053421,0.33549356,0.038895085,1.018866,28.555164,0.309074,4.086491,2.1083784,19.62032,0.402832,-4.2318974,-2.4233098,0.016544778,1.0307848,0.9193208,0.69859755,8.576629,0.1814546,12.84312,0.6664562,31.017006,0.29633287,829.2888,0.10421679,1243.8975,0.15225646,-129.67038,-0.6759384,1911.0323,0.038591906,831.72815,0.19171321,-133.22047,-0.62545705,2925.5886,0.030015174,610.59094,0.25849003,-133.55264,-0.6216546,-21.459557,-0.287194,26.686493,0.25829685,0.024533696,0.8574483,-0.019419862,-0.634451,0.08168099,0.40094987,37.90168,0.1656184,11.148612,0.58376306,25.282595,0.308953,-2.408286,-5.9912276,-12.487463,21.036743,-0.006654068,0.009580414,0.014012863,1.6666667,0.86956525,0.44,0.0,0.34,0.02,-33.927963,q,Ses04F_impro03,Ses04F_impro03_M028
374,34.134968,0.22685793,22.868784,34.2253,37.51087,14.642088,24.465746,15.980112,476.90265,0.0,0.11517851,0.5485278,0.062009837,0.083515346,0.19450746,0.13249762,0.63090813,0.40593284,1.1913095,0.6811419,0.022110255,0.80038637,23.553478,0.25744686,-4.8703938,-0.93167526,23.38536,0.5189587,-16.352077,-0.6892042,0.020947658,0.8600184,1.1565485,0.46248358,6.022593,0.25530282,13.711594,0.45236778,15.953757,0.5421421,586.2989,0.3971676,1382.3705,0.15966026,-155.7646,-0.5060581,1808.1321,0.08447609,705.1487,0.33478153,-151.02264,-0.5059826,2735.862,0.08495116,1260.1626,0.5143745,-148.52339,-0.54030216,-10.815337,-0.2072426,16.362991,0.23715994,0.04364312,0.46886092,-0.010180861,-0.6922029,0.042512245,0.33059216,27.56072,0.270383,-8.030086,-0.6600521,35.83674,0.3148779,-27.91375,-0.5109425,-9.718591,16.096382,0.015397403,0.004318986,0.0147780385,3.0534353,2.3809524,0.10666667,0.059066813,0.2175,0.17781661,-47.225292,ans,Ses04F_impro03,Ses04F_impro03_F031
375,25.368362,0.16832906,21.534433,25.152872,26.734865,5.200432,51.45042,50.365234,374.9243,509.7069,0.18307321,0.491659,0.08434029,0.18289351,0.26417762,0.17983733,1.83165,0.87568384,1.6441152,0.7243653,0.04072088,0.66959167,26.314249,0.51355314,-4.2479486,-2.85427,22.810741,0.5006363,-9.667516,-1.1944286,0.019031774,0.5926624,1.0913006,0.7039929,4.9657083,0.40629974,1.2951819,3.4698124,24.671192,0.34429243,570.03174,0.39308757,1389.7913,0.16185789,-117.421135,-0.81026465,1646.5143,0.15141976,948.7944,0.20280789,-121.239265,-0.7272274,2688.6133,0.11237228,936.0196,0.27901837,-122.49435,-0.70890427,-15.997545,-0.3580009,23.449692,0.23731811,0.035568427,0.44118905,-0.009919552,-1.2517986,0.06306361,0.35159448,36.414215,0.1690088,-3.913649,-3.1133642,28.44525,0.49368784,-7.173491,-1.9497249,-6.3472223,12.780473,0.011931871,0.0036965993,0.025498899,4.1284404,2.347418,0.172,0.21056116,0.19333334,0.09706814,-39.184513,ag,Ses04F_impro03,Ses04F_impro03_M029
376,25.998356,0.16908835,22.371084,25.559845,26.94261,4.5715256,41.788,37.92286,555.8281,539.92883,0.19141932,0.46175286,0.09090542,0.19194968,0.26465595,0.17375052,1.9863579,0.7884755,1.5878698,0.7987965,0.043599043,0.6540326,24.693674,0.59678733,-2.6285653,-4.773433,22.460442,0.50993633,-10.580208,-1.1753758,0.019474227,0.57813364,1.1325296,0.71155643,5.2208033,0.39254123,0.59936064,7.621008,26.387186,0.28660467,565.52277,0.3894605,1421.2977,0.15560453,-111.82288,-0.8680946,1635.5791,0.1428858,967.0412,0.18546289,-115.986664,-0.77005774,2692.0178,0.10715879,942.987,0.29707503,-117.55374,-0.7462189,-17.25465,-0.3069739,24.797634,0.18340723,0.035753664,0.439458,-0.008845254,-1.4251028,0.067662194,0.2951208,35.844036,0.18189164,-1.3077633,-8.536335,28.165182,0.5062888,-7.046835,-2.142608,-4.786033,11.460291,0.01097851,0.004846771,0.025356982,4.0935674,1.8072289,0.24333334,0.24729648,0.21499999,0.18887827,-38.44974,s,Ses04F_impro03,Ses04F_impro03_F032
377,26.991425,0.07133876,25.388367,26.338343,28.700378,3.3120117,16.875048,9.476165,15.966515,11.944138,0.24720626,0.62371653,0.07756521,0.26354474,0.3860845,0.3085193,2.333534,1.1702418,1.0321143,1.4590087,0.055666488,0.82930064,28.724197,0.35661107,-1.0047563,-8.96593,28.646423,0.56235033,-9.109091,-1.9980179,0.014715664,0.9337577,0.92469734,0.8902196,6.6270766,0.34755385,2.3929503,2.7920911,22.273737,0.28317347,578.22675,0.3979552,1365.508,0.20223632,-76.1481,-1.24774,1673.7854,0.15628812,871.405,0.3466987,-82.82383,-1.0510293,2663.6172,0.1081689,889.9549,0.3323378,-82.04767,-1.0681345,-15.237698,-0.31589833,20.821259,0.26356703,0.039921425,0.51874954,-0.014839862,-0.9890636,0.078982264,0.5280166,34.016296,0.21864845,0.7734,13.514607,36.15519,0.4177382,-9.927746,-2.264298,-9.002147,17.149168,0.0027598068,0.009246539,0.014732681,2.5477707,0.6472492,0.98499995,0.645,0.35666668,0.2145279,-34.645718,q,Ses04F_impro03,Ses04F_impro03_M030
378,49.3354,0.04656856,47.13278,48.93213,51.712772,4.579994,26.719551,6.6926928,30.580132,23.159182,0.12570715,0.6392678,0.061327595,0.07884931,0.21466196,0.15333436,1.4028791,0.9154655,1.084723,0.39352512,0.029562457,0.92522544,25.001333,0.2993531,-14.836002,-0.77565855,3.0871718,4.7124305,-10.799662,-1.0050747,0.02954596,0.5363126,1.5097389,0.24147296,6.8100047,0.3278246,11.467467,0.7063793,25.963688,0.30284202,894.0184,0.18573828,1287.5035,0.17747517,-149.94313,-0.5584642,1846.3506,0.108594954,1294.7908,0.24390544,-142.46585,-0.5797055,2911.1777,0.08376086,1086.3538,0.20241135,-146.33844,-0.5262264,-5.8082833,-0.69409955,24.0134,0.20882548,0.05635174,0.41414765,0.004358569,2.120645,0.06574806,0.28919262,31.506504,0.14897989,-27.70867,-0.29939237,-14.237454,-0.70669085,-22.879486,-0.4489416,-7.2291903,17.683537,0.005581087,0.013330589,0.013561218,2.3255816,0.8064516,0.39999998,0.0,0.405,0.185,-45.703575,ans,Ses04F_impro03,Ses04F_impro03_F033
379,29.456406,0.09314286,26.675074,29.51268,32.577587,5.9025135,42.541935,0.0,-4.8778534,0.0,0.15227965,1.0057598,0.06020057,0.07514142,0.22669321,0.16649264,2.0082493,1.3713769,0.68963623,0.28682426,0.031280875,1.1794145,28.922646,0.14514802,-10.470997,-0.8385433,15.336019,0.8130413,-6.5098443,-0.80062777,0.042622488,0.55054736,1.2037805,0.8047526,2.890787,0.80873585,2.6623442,2.1020455,17.448608,0.45580196,570.3901,0.4228792,1287.8953,0.25995648,-154.98047,-0.5309283,1499.012,0.10059167,910.1264,0.44116056,-154.91151,-0.51809096,2569.1318,0.058611438,890.16034,0.4467682,-156.49037,-0.49521637,-6.4253306,-0.5603157,15.407916,0.4720574,0.054672256,0.3430057,-0.010956669,-1.0822307,0.09361993,0.30169708,33.32267,0.11353416,-18.173595,-0.45567697,27.590137,0.6509541,-10.774271,-0.57175976,-9.1785755,19.552912,0.012430667,0.011246326,0.013445339,1.0309279,1.0869566,0.21,0.0,0.34,0.07,-42.090614,q,Ses04F_impro03,Ses04F_impro03_M031
380,34.750698,0.124053046,32.352314,35.148342,38.232445,5.880131,67.40816,62.457794,29.852942,14.316088,0.16102324,0.6761705,0.072309315,0.1285852,0.21946844,0.14715913,1.851914,1.1539999,1.0609459,0.63989216,0.033698328,0.8755781,29.150024,0.2617247,-7.8945527,-1.2329365,12.575262,1.0454036,-18.895943,-0.90960026,0.022014052,1.2732172,1.2172261,0.47211814,6.0220957,0.40766048,3.109544,2.789938,21.590221,0.45136923,629.3361,0.3520172,1358.4677,0.17333087,-102.880714,-0.9308285,1633.3201,0.15156642,1110.0453,0.21283299,-96.197556,-0.9354688,2704.9187,0.0848942,956.90375,0.34015697,-99.635185,-0.8726818,-11.384588,-0.37830517,22.727018,0.26769438,0.036223087,0.51826483,-0.009244931,-1.4384254,0.04553157,0.683771,32.589455,0.1705481,-10.635751,-1.0162655,8.568642,1.7621335,-26.7454,-0.7009722,-10.170336,18.470304,0.008877231,0.0059935376,0.016664488,2.268431,1.7175573,0.31777778,0.23341799,0.219,0.12770669,-42.759007,ans,Ses04F_impro03,Ses04F_impro03_F034
381,24.361877,0.07466809,23.21615,24.26823,25.454062,2.2379112,135.3056,163.98055,68.55628,135.65979,0.2106916,0.72835654,0.06601683,0.15638047,0.3634519,0.29743508,2.206325,1.4020716,1.4405825,1.0797485,0.03965898,0.9171062,28.956198,0.4662454,-6.250307,-1.892206,23.004639,0.6037618,-9.059977,-1.1206475,0.011068066,1.4226222,0.8535571,0.7729542,5.621955,0.3405562,1.714728,2.2710907,20.377783,0.462584,516.63,0.3861138,1290.3008,0.17439975,-112.95461,-0.8681433,1563.6708,0.14668986,934.9085,0.3435112,-117.546326,-0.7833594,2583.4956,0.103421375,906.78186,0.38149688,-118.47385,-0.7684088,-13.539487,-0.40829712,20.98512,0.3477897,0.034210816,0.550754,-0.018476844,-0.66636837,0.059338547,0.5726631,37.880684,0.20288485,-10.049133,-1.3588796,28.2366,0.59882665,-11.618192,-1.0975214,-8.9342985,15.778242,0.008027717,0.0032019694,0.024551552,2.3201857,1.4002334,0.30416664,0.33757612,0.35923076,0.2887496,-37.724785,q,Ses04F_impro03,Ses04F_impro03_M032
382,35.045414,0.11621361,31.02604,33.502483,39.700317,8.674278,66.68732,77.74968,33.240574,26.739302,0.2574416,0.7512825,0.054631814,0.21849263,0.4396657,0.3850339,3.3746822,1.8227037,2.2642868,2.1352587,0.071390495,0.91060865,26.751337,0.21533287,-10.782749,-1.3922987,16.393723,1.1062809,-17.499487,-0.61573696,0.029710028,1.7936748,1.2595433,0.5528678,5.643504,0.60657394,7.231328,1.9561372,17.400429,0.5775323,633.53796,0.37053418,1465.8127,0.19860889,-121.2248,-0.7791536,1650.9457,0.12526724,1091.5972,0.31991565,-113.468666,-0.7973487,2653.5364,0.09557401,1069.4629,0.38710895,-114.566025,-0.7780248,-9.947171,-0.5731821,18.81833,0.27173847,0.03740615,0.35853213,-0.010934331,-1.1111394,0.10413181,0.57018685,28.04846,0.24318507,-12.843366,-1.224281,18.481607,1.1806046,-19.985004,-0.5394989,-9.285673,18.126385,0.014694271,0.0027973498,0.040097173,4.0,2.507837,0.175,0.21667947,0.20375,0.26985818,-34.910786,ans,Ses04F_impro03,Ses04F_impro03_F035
383,25.89567,0.16748251,21.770044,24.92839,30.273834,8.50379,180.15999,158.30449,31.044569,33.99894,0.23625787,0.7033871,0.084341794,0.19293034,0.35487863,0.27053684,3.020527,1.9641826,2.614929,2.1709101,0.054707948,0.9097013,26.745949,0.49625954,-3.4292529,-3.3356638,28.940332,0.6050727,-7.111523,-1.7810458,0.02188241,2.399766,1.0374068,0.6598887,5.372384,0.47075003,7.6322393,1.0202088,21.359655,0.46800372,647.5654,0.41532153,1313.9451,0.21080486,-100.55067,-0.95302707,1727.1172,0.13292333,914.8819,0.4052178,-104.49863,-0.85323733,2688.754,0.10195318,972.294,0.32250747,-103.49068,-0.87079346,-13.228897,-0.46931612,19.743263,0.39540672,0.032952894,0.6413746,-0.014176739,-1.0779959,0.076870345,0.6994639,34.25055,0.23416309,-4.9661283,-2.541277,35.42233,0.5251898,-5.061629,-2.78814,-7.595852,14.123249,0.008279975,0.0025513524,0.030783268,3.6688616,1.7013233,0.2988889,0.24657406,0.25421053,0.31372657,-35.922207,o,Ses04F_impro03,Ses04F_impro03_M033
384,32.981525,0.00029672374,32.9721,32.98155,32.990967,0.018867493,0.0,0.0,-0.0006713867,0.0,0.13753612,0.6730343,0.07416827,0.09897953,0.20333779,0.12916952,1.2216976,0.050395966,0.27237073,0.37273484,0.02834639,1.1405956,18.652775,0.3410206,-7.220558,-1.423628,17.916668,0.4856568,-14.18806,-0.81798404,0.075227514,0.21447088,1.8586867,0.08335044,8.455715,0.02689627,0.94083774,0.58416647,19.529825,0.1880387,929.45435,0.009459694,1141.0183,0.033478186,-194.23128,-0.14939658,1962.8083,0.0076022455,921.2458,0.0451531,-194.48602,-0.14373498,3018.017,0.006361649,885.9659,0.10342591,-194.61502,-0.14052276,-15.069868,-0.24173518,24.237936,0.15504657,0.009556705,0.19495964,0.004236995,1.4574478,0.01728798,0.18153065,24.408367,0.06371569,8.03738,0.695082,17.947783,0.069295876,-2.5977888,-0.4930243,-7.478717,14.654672,0.0184604,-0.003974251,0.030005671,1.904762,1.0,0.03,0.0,0.47,0.089999996,-45.746483,ag,Ses04F_impro03,Ses04F_impro03_F036
385,32.167244,0.29501107,24.50424,26.311451,44.386387,19.882147,281.89438,146.68564,29.32606,14.096969,0.38330084,0.49227664,0.22084801,0.36744612,0.5315981,0.31075007,3.3107502,1.6427412,3.0214484,1.4918444,0.100262314,0.663601,22.697645,0.63875973,-10.193076,-1.5237466,17.304825,1.1121931,-14.477578,-0.87795424,0.020320654,1.715399,1.2359428,0.59446675,5.7023845,0.76865596,3.7071278,2.4584048,16.015577,0.7136484,637.0013,0.3972002,1352.9993,0.18097347,-75.441055,-1.2588916,1638.1068,0.12303187,931.6056,0.3226611,-78.36306,-1.1200113,2663.1873,0.09792649,921.8323,0.23144858,-79.211914,-1.102126,-9.050171,-0.5951136,16.873709,0.5013606,0.050869517,0.3665066,-0.009972738,-1.4068894,0.12086822,0.53973377,27.454657,0.3945768,-13.487534,-1.1291243,18.104898,1.2138813,-13.749473,-0.96387374,-3.6352155,10.347052,0.021521533,-0.0018102578,0.06651294,3.5911603,2.2408965,0.2775,0.17433803,0.1311111,0.11149932,-33.758484,s,Ses04F_impro03,Ses04F_impro03_M034
386,32.31169,0.29998165,25.341549,26.5948,47.09036,21.74881,191.1303,178.27586,76.84343,23.867779,0.44555113,0.44136503,0.27382356,0.41613114,0.5905409,0.31671733,3.5155828,1.3428928,4.117432,1.2939517,0.12367195,0.52740604,23.816492,0.56846946,-13.283641,-1.1949626,19.443308,1.002187,-14.445221,-1.0266448,0.023901707,1.8920858,1.183688,0.5714378,5.7886977,0.8733781,4.058024,1.9163136,15.16758,0.88166696,612.9139,0.44327268,1333.0527,0.17279379,-72.02503,-1.3002415,1625.0901,0.12446286,919.14886,0.3144733,-77.44732,-1.1066602,2637.6309,0.0930854,945.7528,0.21922669,-76.44652,-1.1328897,-9.253621,-0.7007885,16.454096,0.520589,0.05062033,0.4002627,-0.007829098,-1.920945,0.14107059,0.46938497,27.878525,0.299241,-16.3016,-1.0528673,20.083437,1.0228041,-11.418116,-1.3251263,-4.062777,10.826264,0.021190122,-0.005711081,0.09454773,4.469274,2.8735633,0.218,0.14232357,0.11,0.094868325,-32.73112,o,Ses04F_impro03,Ses04F_impro03_F037
387,35.0178,0.21012452,24.736298,34.721443,43.449287,18.71299,74.874084,84.26708,43.524284,42.70658,0.23871638,0.5622981,0.12041789,0.19928515,0.33558884,0.21517095,2.171163,1.5189521,1.1808244,0.62588733,0.05502808,0.72603005,26.166254,0.42568147,-8.073336,-1.7004669,13.717773,1.183092,-16.916782,-0.82334816,0.017580206,1.087948,1.2375823,0.48065278,6.418094,0.5020208,5.5001755,1.904008,18.925667,0.5193695,664.0275,0.36328003,1384.0237,0.17332399,-86.78791,-1.0601277,1689.7118,0.13077545,1034.5686,0.29793468,-84.479774,-1.0032728,2706.4712,0.10113665,1006.03064,0.3752682,-87.511284,-0.9440603,-10.84983,-0.5089385,20.081854,0.37373978,0.040932227,0.5358909,-0.009020754,-1.4886746,0.0649275,0.68143123,28.000626,0.32523188,-8.375625,-1.5580473,15.106015,1.2841605,-17.77536,-0.80333865,-7.6207747,15.594946,0.02734701,-0.0054616677,0.0404771,3.5353537,3.5805628,0.16428572,0.1478278,0.093571424,0.07354368,-38.28653,o,Ses04F_impro03,Ses04F_impro03_F038
388,30.096622,0.20197137,24.16716,30.634672,35.948875,11.781715,63.802063,40.056343,72.42534,31.99323,0.32074568,0.7621439,0.116336435,0.2540364,0.47603416,0.35969773,4.2153215,2.1878784,3.656171,2.7353897,0.10086301,1.101945,27.935064,0.37683567,-7.223712,-1.8779489,22.864868,0.6553259,-10.3673725,-1.3411012,0.027838891,1.0967315,1.2288224,0.88815445,4.691301,0.61143947,4.337756,1.4670812,17.664587,0.38014054,626.84125,0.41688383,1315.788,0.2045049,-105.03278,-0.89955723,1672.4635,0.1375968,954.9353,0.3373069,-106.12942,-0.83262014,2647.3665,0.093237214,906.72546,0.19195427,-106.40201,-0.8281895,-10.957703,-0.5252745,17.701393,0.35193688,0.043991413,0.49051777,-0.012671754,-1.004795,0.13107695,0.96170235,31.192263,0.24573328,-10.654766,-1.2996013,25.578539,0.6285838,-10.851149,-1.5748017,-9.283961,16.077007,0.02218721,-0.0070655257,0.07273717,3.809524,2.903226,0.16555555,0.11226072,0.14199999,0.08874682,-33.19999,dag,Ses04F_impro03,Ses04F_impro03_M035
389,31.53971,0.16438922,28.484509,32.972206,35.935364,7.4508553,65.12548,39.84721,130.28084,113.56515,0.22700699,0.6588868,0.104299024,0.18322015,0.30541396,0.20111494,2.1355443,1.1237758,1.6633427,1.2180367,0.067626856,1.2924976,27.459229,0.32734936,-3.6057994,-3.5021405,20.756176,0.7050374,-15.511059,-0.93156326,0.033062946,1.0942391,1.4848205,0.74765426,4.900962,0.524532,5.430809,2.0329056,20.0028,0.30911702,653.9997,0.33454683,1255.3936,0.14342764,-116.93131,-0.78487533,1744.5482,0.14080611,973.5129,0.32563078,-118.68491,-0.7106171,2693.6848,0.099337995,923.4096,0.37329918,-118.73986,-0.71004325,-13.659783,-0.33047044,21.032827,0.26483557,0.036544017,0.64446616,-0.010685938,-1.6257643,0.095733,1.2287577,28.45446,0.38561186,-0.6479506,-21.536854,21.043903,0.7946042,-18.022297,-1.0143087,-10.907002,17.8468,0.020269183,-0.003696007,0.045569554,3.137255,4.4176707,0.091818176,0.07613602,0.12699999,0.07376313,-34.434616,s,Ses04F_impro03,Ses04F_impro03_F039
390,28.5721,0.16355802,24.05939,28.13494,32.438564,8.379175,115.8055,150.47124,102.89254,108.32051,0.43738645,0.5296448,0.22546726,0.42151186,0.6200264,0.39455914,6.573841,6.587058,4.5231786,2.2594235,0.14107107,0.8391357,26.71341,0.43685704,-12.616454,-1.3586257,25.520996,0.6304351,-8.712987,-1.4647474,0.019673236,0.876086,1.0316545,0.70359695,4.5248146,0.6429063,5.3542438,1.8668022,15.629158,0.54505485,675.0468,0.40076628,1236.323,0.15233803,-97.22445,-0.97619355,1720.3523,0.14360659,913.94403,0.30077583,-96.57648,-0.9242963,2708.3381,0.101680286,939.9077,0.33916947,-95.83787,-0.93768466,-8.155779,-0.66335994,15.110725,0.49078155,0.04867555,0.388462,-0.009291509,-1.6244365,0.16778311,0.7210164,31.273808,0.3138697,-13.282169,-1.2423635,29.345741,0.59671247,-8.334379,-1.5731581,-5.3504834,11.612044,0.021993512,-0.003066797,0.11222191,4.2755346,2.6442308,0.19999999,0.1540956,0.14416666,0.11419707,-30.104963,o,Ses04F_impro03,Ses04F_impro03_M036
391,36.728737,0.23028798,30.077755,32.54454,48.318954,18.2412,40.107418,38.312325,105.019005,110.07516,0.4256702,1.0336678,0.08613782,0.23304185,0.6819664,0.5958286,6.2825403,3.6702588,3.695088,2.6499748,0.14991379,1.3433974,19.776535,0.71635944,-13.025824,-1.3381166,12.83999,0.8401912,-11.593459,-1.1415029,0.028796747,1.3269063,1.2472059,0.69615257,4.715129,0.83377635,3.0753574,2.4257648,13.342215,1.1137712,801.4099,0.27208105,1274.5133,0.14441505,-134.15532,-0.6636109,1774.6377,0.12047479,1142.9858,0.2153856,-127.28467,-0.7044448,2775.671,0.073378675,990.0322,0.41629732,-129.24348,-0.6755324,-6.355395,-1.1388437,16.659079,0.56963956,0.06459765,0.4476896,-0.005959683,-2.7481909,0.30358726,0.74215317,28.794538,0.32572109,-22.250847,-0.7990194,9.750484,1.3266817,-17.701359,-0.89309055,-3.340455,9.980577,0.014219377,0.006763115,0.056075476,2.5714285,1.7391305,0.21333334,0.11785113,0.29142857,0.33421245,-27.406683,o,Ses04F_impro03,Ses04F_impro03_M037
392,37.810883,0.32174072,23.548426,47.37929,50.051792,26.503366,48.373062,30.899065,154.01624,130.45149,0.2952528,0.60538936,0.10760619,0.2647003,0.43549144,0.32788527,6.3084617,2.4337668,2.0992289,0.99229884,0.07726533,0.82731503,24.002615,0.48608115,-17.501654,-0.914369,17.295591,0.60934806,-15.248011,-0.8316883,0.036834795,1.2745353,1.2840745,0.5886688,3.6745536,0.87110895,5.3788295,1.1603059,12.040961,0.45258352,818.9096,0.24647398,1295.0206,0.12298831,-101.61157,-0.92457616,1788.422,0.11761248,1137.8998,0.20303304,-95.5881,-0.94654757,2741.9841,0.07226434,992.9634,0.4758029,-97.76891,-0.906982,-5.2070694,-0.84982085,14.300541,0.3214964,0.059166785,0.55731153,-0.0048740264,-2.3683476,0.118504494,0.51929903,28.370771,0.26189867,-27.642107,-0.40282086,14.560218,0.7870218,-20.76383,-0.5866098,-7.991256,15.901596,0.010029942,0.0060807676,0.032359187,3.4722223,2.877698,0.18249999,0.057172984,0.145,0.11715375,-36.54786,b,Ses04F_impro03,Ses04F_impro03_F040
393,42.67906,0.19408871,42.7461,46.27362,47.723106,4.977005,27.618868,0.0,-610.6942,0.0,0.20236385,0.62486446,0.0865256,0.18703753,0.30223107,0.21570548,4.0823636,1.9905659,1.1904329,0.9291037,0.0528146,1.0931308,16.477589,0.43929988,-7.9409285,-1.3563704,18.063593,0.5325858,-17.115402,-0.6651059,0.028274186,0.59868413,1.5139964,0.41694912,5.476963,0.51255184,13.780122,0.69075024,15.109989,0.51595527,712.63965,0.24932176,1315.9032,0.1204709,-177.14572,-0.3292249,1756.6896,0.0854749,1108.0549,0.30359888,-172.65764,-0.3425683,2621.4368,0.070373654,939.5776,0.1536698,-172.22296,-0.34829462,-11.107999,-0.3488787,15.855936,0.31278628,0.05378873,0.5027033,-0.014171769,-0.57879186,0.10447837,0.6029922,19.099014,0.12427756,-6.514188,-1.7375851,13.271932,0.92431575,-25.540646,-0.39883327,-5.420949,11.333521,0.0216208,0.0009500352,0.044872146,3.726708,2.5641026,0.0525,0.02772634,0.252,0.19507948,-40.601704,b,Ses04F_impro03,Ses04F_impro03_F041
394,32.564213,0.15012693,29.605993,31.36418,33.066273,3.4602795,75.19735,43.841892,206.82921,145.16959,0.5110273,0.7368477,0.13851812,0.43665814,0.7944824,0.65596426,5.0524983,2.7700086,5.2701535,4.8409176,0.14450692,0.82779676,21.38139,0.61514264,-7.8589797,-1.8741342,27.949879,0.51465744,-14.490142,-0.63082004,0.021665357,1.4513462,1.1089828,0.7471559,5.390936,0.65373504,3.9887712,2.227717,13.92498,0.577933,631.3701,0.47100642,1310.3447,0.18521392,-100.61311,-0.9365739,1693.6608,0.1326996,949.46216,0.38760203,-96.974205,-0.9022646,2614.4595,0.0900682,997.571,0.27843451,-94.93043,-0.9389239,-7.6964326,-0.7060369,13.219187,0.45990574,0.050215345,0.35813028,-0.0187382,-0.5523162,0.19828303,0.53218126,26.250032,0.35851666,-12.917594,-1.0769078,30.33888,0.521924,-16.898746,-0.56215715,-6.3573546,12.003032,0.016856886,-0.0016627463,0.08186409,3.6363637,3.0769231,0.172,0.22763127,0.12,0.11778254,-28.844074,o,Ses04F_impro03,Ses04F_impro03_M038
395,33.103954,0.13521905,29.95558,32.027637,34.6114,4.655821,110.55027,76.957436,186.06172,173.10966,0.5769216,0.62633705,0.2517782,0.48501894,0.9076557,0.65587753,5.6756907,2.9116058,5.7242594,4.61133,0.17358539,0.75009567,24.695219,0.5541085,-11.852199,-1.1442652,24.607826,0.6527996,-14.293469,-0.7821501,0.023214627,1.3973924,1.0647124,0.72372967,5.864561,0.5829468,4.232415,2.258997,15.77469,0.5915323,674.38214,0.42968464,1294.1975,0.17898822,-79.93508,-1.1422083,1725.9629,0.14177966,959.64746,0.32501727,-78.340614,-1.0675217,2682.0881,0.09813267,965.5725,0.28677872,-77.67625,-1.0831957,-7.9085655,-0.6585224,15.13669,0.49212927,0.05100013,0.3540466,-0.016452402,-0.7287728,0.2074267,0.6036729,28.775993,0.33497632,-15.091532,-0.8598277,24.286537,0.73056984,-16.033575,-0.72695535,-4.962958,10.122914,0.025385054,-0.006085674,0.11270862,3.517588,3.3163266,0.1876923,0.19764589,0.09384615,0.081480384,-28.048449,o,Ses04F_impro03,Ses04F_impro03_F042
396,30.741945,0.16644439,27.524612,29.241396,35.053497,7.528885,89.438194,66.356575,62.30759,66.90692,0.4759014,0.676114,0.18558304,0.38178587,0.76763827,0.5820552,5.7308273,3.369134,4.769336,2.761265,0.13489676,0.88798827,31.769526,0.308214,-16.156525,-0.68588686,20.210728,0.7618691,-10.292294,-1.1478786,0.02648922,2.1845496,1.03783,0.64481497,6.099894,0.50947964,3.2578454,2.685382,17.452599,0.5476835,669.9924,0.41538316,1298.7524,0.17822933,-69.211365,-1.311632,1723.6405,0.15702522,998.7804,0.36495987,-71.41169,-1.1706098,2719.5874,0.09499513,975.05237,0.3295184,-72.88268,-1.1372516,-9.271157,-0.53596497,18.128292,0.40887904,0.050684344,0.33844116,-0.012416476,-1.0859966,0.16244604,0.73045796,35.919632,0.17996979,-17.632843,-0.57455933,22.00727,0.7880603,-9.442911,-1.3912683,-5.8536124,12.634901,0.025887186,-0.0027736821,0.07814987,2.7210886,2.293578,0.289,0.2880781,0.125,0.1426359,-29.694202,o,Ses04F_impro03,Ses04F_impro03_M039
397,31.9904,0.20701435,23.427982,34.814056,37.3398,13.911819,66.8678,43.498524,382.95474,512.30084,0.23501828,0.94889814,0.07064822,0.1612408,0.35497293,0.2843247,3.3853352,4.108752,2.1210678,2.1433322,0.05845649,1.3421425,29.266384,0.2884353,-12.20439,-1.0541553,12.972391,1.0036806,-11.871384,-0.79209256,0.027864857,2.38609,1.239974,0.5662858,4.8018565,0.7621037,2.3347325,4.260477,17.04328,0.49532327,667.7031,0.3809732,1343.5912,0.17394072,-122.00136,-0.7799075,1670.0884,0.13670097,1077.9136,0.32747948,-116.22535,-0.8018928,2674.8691,0.08568584,1031.8652,0.34060526,-119.162834,-0.7536808,-8.822043,-0.61779046,19.514702,0.2702727,0.040106144,0.4085038,-0.0071279686,-2.1616654,0.08988565,1.0304915,33.746254,0.20141134,-18.911465,-0.64326096,14.05786,1.1884123,-14.107898,-0.82372123,-9.43155,18.251822,0.018581435,0.0010392462,0.035316862,1.5151515,1.9693656,0.2122222,0.12514682,0.30875,0.25746056,-36.39084,o,Ses04F_impro03,Ses04F_impro03_F043
398,24.978016,0.18238127,22.656796,23.532257,25.187386,2.53059,65.65451,31.760582,160.67024,233.27429,0.16909283,0.6795853,0.071322516,0.1338461,0.25409043,0.18276791,2.1254358,0.79948074,1.5144602,1.1247112,0.036678065,0.8683,27.079502,0.4396003,-4.6828165,-2.6386137,19.997738,0.662432,-10.520612,-0.58805066,0.015560495,0.70459455,1.2432514,0.62429476,3.6075327,0.6618955,3.8996656,1.2918028,19.087778,0.48410806,534.2419,0.3434064,1314.5461,0.15582934,-129.82402,-0.7116391,1619.0563,0.11966369,1003.2962,0.405389,-132.79347,-0.650528,2538.1814,0.10247507,1039.7263,0.3224535,-132.74918,-0.6520247,-12.352816,-0.48799992,18.611544,0.33087206,0.036270864,0.46959764,-0.012785433,-1.1522951,0.059942108,0.5682747,34.438267,0.25299343,-8.917031,-1.6303763,27.156567,0.58465856,-11.727334,-0.6621555,-9.416978,16.433079,0.015428249,0.0015701407,0.02408551,2.6530612,2.2680414,0.14999999,0.072863504,0.26999998,0.22559012,-40.995594,o,Ses04F_impro03,Ses04F_impro03_M040
399,27.872366,0.103883795,25.52418,27.41242,28.860115,3.3359356,56.63683,38.771854,24.468065,14.792017,0.28604007,0.84398717,0.09818547,0.19226484,0.39027572,0.29209024,2.1448703,1.2532109,1.889905,1.0239116,0.08042488,0.9939359,29.368145,0.40550056,0.5079735,20.940826,19.651373,0.43659884,-22.041822,-0.75535834,0.018512756,1.1066936,1.0511165,0.5346433,5.2018695,0.4819382,-1.3928326,-3.0926728,19.635656,0.38630822,702.7645,0.2994991,1268.0199,0.14048825,-87.72779,-1.083326,1851.1797,0.16824949,893.6024,0.31274337,-94.76527,-0.91853416,2803.287,0.10219394,874.7089,0.3306664,-94.58025,-0.92222106,-15.798127,-0.34351173,22.009554,0.2570646,0.04995909,0.44938472,-0.030658336,-0.67653096,0.12089447,0.7026019,34.94822,0.19957075,-0.89456356,-11.846228,21.452116,0.41316304,-29.397629,-0.54486305,-10.441113,17.790535,0.017301243,-0.0025035217,0.02943929,1.2448133,2.542373,0.21666665,0.16709943,0.13285714,0.036140315,-31.684965,o,Ses04F_impro03,Ses04F_impro03_M041
400,27.872366,0.103883795,25.52418,27.41242,28.860115,3.3359356,56.63683,38.771854,24.468065,14.792017,0.26271474,0.89592046,0.088532805,0.16199654,0.3669469,0.2784141,2.4529314,1.1105481,1.4593295,1.0643145,0.07214384,1.0846045,27.324024,0.4730584,0.22679503,46.492786,18.753633,0.45438433,-20.055817,-0.82607293,0.018512756,1.1066936,1.0511165,0.5346433,5.2018695,0.4819382,-1.3928326,-3.0926728,19.635656,0.38630822,702.7645,0.2994991,1268.0199,0.14048825,-101.88682,-0.94683725,1851.1797,0.16824949,893.6024,0.31274337,-107.79778,-0.82254,2803.287,0.10219394,874.7089,0.3306664,-107.63547,-0.8254325,-15.798127,-0.34351173,22.009554,0.2570646,0.04995909,0.44938472,-0.030658336,-0.67653096,0.12089447,0.7026019,34.94822,0.19957075,-0.89456356,-11.846228,21.452116,0.41316304,-29.397629,-0.54486305,-9.245391,16.481737,0.01478633,0.00023047798,0.024758136,1.0948905,2.2304833,0.21666665,0.16709943,0.17999999,0.077275015,-32.240322,o,Ses04F_impro03,Ses04F_impro03_F044
401,28.060572,0.20551945,24.043121,25.547325,34.817215,10.774094,419.57007,837.8207,17.75044,15.102619,0.30492267,0.53326404,0.16876313,0.27124262,0.4408751,0.27211198,2.337463,1.2063314,2.5479722,1.7810559,0.07065137,0.7129102,29.783297,0.40463844,-10.76375,-1.2821821,21.477371,0.8148167,-18.004929,-0.88876975,0.017519249,1.0140543,1.0993623,0.6582482,4.445687,0.54359245,0.92571974,5.817269,17.945156,0.4476065,561.258,0.4007365,1320.0146,0.2115942,-87.92624,-1.0818403,1594.4854,0.14557451,984.99066,0.4406747,-88.92949,-0.998985,2606.4517,0.088806055,950.98804,0.35468107,-90.22627,-0.9746205,-9.500815,-0.61357087,16.994804,0.39657384,0.0424544,0.41540396,-0.015552052,-0.89811194,0.084298775,0.6297588,33.431538,0.24792573,-13.973255,-0.9958093,23.889492,0.8072576,-18.681416,-0.8614622,-8.678607,16.235695,0.023703692,-0.0048859487,0.052912313,3.0487804,3.0800822,0.18066667,0.09922813,0.122666664,0.06093348,-35.769493,o,Ses04F_impro03,Ses04F_impro03_M042
402,27.53764,0.14938904,23.984526,26.256683,32.60544,8.620913,134.43199,136.79225,41.48473,48.00847,0.26042458,0.41856852,0.16597448,0.24343157,0.35564733,0.18967284,1.7961637,0.8071254,1.5920249,1.1286011,0.067035034,0.69608366,29.45195,0.32397848,-7.1288,-1.496415,29.907492,0.43877858,-13.435678,-0.7232455,0.03307256,1.2329715,1.417899,0.5929568,4.061349,0.5805775,0.8818486,6.39963,18.893797,0.43911943,515.7169,0.36941358,1381.8872,0.1733851,-71.26356,-1.3084162,1612.9742,0.1163923,949.20746,0.33702877,-75.38384,-1.1181481,2565.9358,0.10403526,1036.5127,0.23332267,-74.6442,-1.1369886,-13.275568,-0.37892875,18.5722,0.28955987,0.046339974,0.4638853,-0.01797255,-0.6167793,0.083004795,0.56576884,33.670826,0.17986514,-8.585906,-0.934342,32.0194,0.36578482,-14.71335,-0.5604375,-7.574015,13.178021,0.023477038,-0.006784531,0.03992487,5.5,2.5641026,0.25,0.20832665,0.09833333,0.033870667,-36.258625,o,Ses04F_impro03,Ses04F_impro03_M043
403,28.001947,0.19711104,23.841196,26.142166,33.150414,9.309217,528.732,777.28705,56.776325,57.267162,0.23117788,0.5020999,0.106819145,0.20913976,0.34442186,0.23760271,1.7217137,0.7772037,1.6229011,1.0715653,0.056369856,0.7814161,27.304804,0.36714965,-5.77517,-2.0392315,24.691517,0.5544402,-13.890873,-0.6984546,0.031438123,1.1694741,1.3681089,0.52491635,4.087978,0.5362121,1.7520134,3.71205,19.698132,0.3779416,583.7429,0.37091544,1346.7426,0.15898554,-99.62947,-0.99078983,1676.2211,0.117624015,949.6163,0.25463384,-101.23332,-0.89805484,2634.5757,0.0950586,984.7749,0.32921883,-101.497635,-0.89421856,-12.537202,-0.43244964,18.471304,0.28209758,0.04540575,0.4486618,-0.015237717,-0.7781417,0.07991539,0.5446839,32.83944,0.2103844,-8.512374,-1.1606265,28.823797,0.43031642,-14.447255,-0.60340875,-8.3756895,14.5943365,0.02389289,-0.0044582905,0.032495108,4.1401277,2.2653723,0.22285715,0.17661211,0.22999999,0.12192894,-37.576,q,Ses04F_impro03,Ses04F_impro03_F045
404,26.684378,0.16530555,23.193039,24.92196,30.4785,7.2854614,322.42737,480.5651,48.561268,57.21101,0.24940935,0.62472576,0.09582598,0.22448774,0.39467496,0.298849,2.4931567,1.445828,1.9627433,1.3802063,0.05746263,0.8338502,30.4193,0.3969913,-6.522674,-1.9200146,21.382294,0.66468734,-15.45819,-0.7176773,0.020171681,2.9809031,1.0503385,0.68908906,5.6123147,0.44170123,2.879244,2.0396838,21.934101,0.39154005,600.8866,0.35589838,1346.1381,0.15952042,-102.467255,-0.9579103,1687.5664,0.15018143,1040.5032,0.36749282,-106.5425,-0.855363,2666.1873,0.11102724,956.8503,0.3353284,-107.44327,-0.83973294,-14.336031,-0.3939532,21.821154,0.29592296,0.044832893,0.4723001,-0.020496728,-0.77523905,0.080070965,0.654938,37.908894,0.19698414,-7.5259166,-1.6989088,23.26299,0.6998674,-17.468046,-0.6727049,-9.221134,16.078133,0.01502498,-0.0025094047,0.03510572,2.9826016,1.6638936,0.29299998,0.29575494,0.30157894,0.39049578,-36.135715,ans,Ses04F_impro03,Ses04F_impro03_M044
405,33.80555,0.22858429,29.321888,33.590744,37.076206,7.754318,209.12411,119.74669,159.76898,84.66553,0.16651584,0.6203931,0.06716599,0.13729379,0.25903806,0.19187206,2.15809,3.2366724,1.3896064,0.7861787,0.036938854,0.7343536,27.121859,0.34012362,-9.258764,-1.2681751,17.860924,0.8530007,-17.09386,-0.65607935,0.030851288,2.080533,1.1960316,0.57669306,5.382184,0.65259475,3.3487742,3.1732655,18.168373,0.41730696,612.58826,0.3469304,1358.1134,0.13850382,-150.90501,-0.5450389,1660.9084,0.12911223,1035.4038,0.25328812,-147.51294,-0.5416074,2671.4836,0.10266576,1041.0287,0.4253809,-148.82025,-0.5240302,-12.470699,-0.47663993,22.098612,0.34417063,0.029159414,0.7600477,-0.011308229,-1.2132385,0.048383962,0.5760502,33.131718,0.20413092,-9.670128,-1.4258349,20.649626,0.9920815,-22.634409,-0.4195742,-9.092012,17.846218,0.010167531,-0.0003726127,0.032877896,2.6666667,2.2471912,0.118999995,0.08595929,0.38,0.46419284,-43.048046,q,Ses04F_impro03,Ses04F_impro03_F046
406,35.63656,0.04972702,34.07263,35.296513,37.817852,3.7452202,103.99927,126.87837,13.58084,15.877466,0.37918898,0.737753,0.11470033,0.27684283,0.6758704,0.5611701,1.8053324,0.54619795,1.8730845,0.90398264,0.071596056,0.86446846,27.943005,0.36196378,-13.542767,-0.97619843,15.883775,1.0757079,-24.031696,-0.5482023,0.014679141,2.8611329,0.7285951,0.9497881,9.858512,0.32066947,6.9077764,1.3870834,21.662067,0.3735423,657.8538,0.3789757,1367.4404,0.16980775,-77.14998,-1.2241547,1713.5249,0.15256748,1089.6895,0.32150123,-75.4651,-1.1798983,2743.5642,0.100245066,931.374,0.18207397,-78.96962,-1.0906423,-10.881317,-0.49443695,21.10398,0.2966056,0.058161967,0.40475675,-0.010966405,-0.97917974,0.08567477,0.607759,32.011612,0.20214331,-14.978148,-0.9883906,13.769995,1.4455632,-28.986269,-0.3495519,-7.666971,14.885788,0.014773409,0.0029787342,0.04141316,1.4705882,1.5463918,0.4133333,0.1675974,0.1575,0.17020208,-30.164873,ans,Ses04F_impro03,Ses04F_impro03_M045
407,37.06525,0.12478947,34.12986,35.363403,38.271038,4.141178,25.603775,16.37093,51.202404,36.810207,0.47419205,0.5540555,0.20499563,0.42538208,0.7897485,0.58475286,2.2592483,0.9021763,1.3036649,0.9706212,0.09521279,0.66590023,29.414263,0.24556385,-18.070616,-0.79651254,14.701167,1.2411206,-28.177198,-0.36061874,0.021520758,2.2571366,0.8459587,0.74720985,9.159042,0.37600943,7.1099753,1.4022396,19.892794,0.49686873,683.6166,0.3663595,1347.7316,0.16397205,-41.7469,-1.8118778,1731.1672,0.14061779,1076.5294,0.35796908,-42.378716,-1.605957,2739.7612,0.09377803,928.1085,0.19733141,-46.61592,-1.4101896,-10.111512,-0.4684858,19.439768,0.3171939,0.05492387,0.45990732,-0.013063683,-0.92339814,0.09579214,0.5738721,29.598919,0.24518968,-16.93183,-0.8972355,14.386087,1.3177394,-28.828865,-0.37524667,-6.4961457,11.916256,0.0388347,-0.010123507,0.076487735,2.4271846,3.0,0.265,0.15798207,0.0725,0.030310888,-28.936642,s,Ses04F_impro03,Ses04F_impro03_F047
408,35.02531,0.19358498,29.17955,33.130474,42.887123,13.707573,139.51526,115.05949,106.80257,128.16397,0.32311112,0.6671532,0.1460145,0.24497516,0.5033091,0.35729456,2.5833328,1.4622426,1.9448743,1.3225328,0.0855823,0.7213762,30.522627,0.40500137,-3.5726397,-3.786939,21.168161,0.70845747,-17.324858,-0.7290625,0.029664343,2.0126405,1.0184535,0.7464964,8.645979,0.39905083,7.0239716,1.5321419,20.720581,0.42551848,659.04395,0.35785162,1370.4685,0.15790133,-67.62051,-1.266397,1786.725,0.1427477,991.08887,0.34838897,-71.154884,-1.0694621,2759.4116,0.09527517,1008.90875,0.3527557,-72.102425,-1.0429937,-16.391998,-0.41232884,23.403008,0.28189692,0.057724398,0.4223947,-0.019055488,-0.79166096,0.09998908,0.5834191,34.47891,0.21015881,-4.5870333,-2.8919713,22.831768,0.6677723,-17.516844,-0.77636915,-9.771203,16.968233,0.02892521,-0.0056899968,0.051009573,2.951389,2.9824562,0.23294117,0.23950353,0.099285714,0.10354188,-31.784124,o,Ses04F_impro03,Ses04F_impro03_M046
409,32.18452,0.16114733,27.014475,32.48118,34.907864,7.8933887,51.97403,25.912489,79.46973,99.93416,0.4416961,0.8182583,0.16939275,0.29399726,0.69531494,0.5259222,6.2553782,2.192789,2.1959612,2.2598248,0.14506318,1.0528795,23.538107,0.53564215,-4.237794,-4.028548,18.504253,0.6747177,-17.450195,-0.8140332,0.022138154,1.4664929,1.2532046,0.592779,6.85434,0.43313393,3.0739596,2.5482106,18.938444,0.39220005,791.6025,0.2780594,1242.6843,0.16922984,-101.2821,-0.9153566,1867.9929,0.13712592,853.9277,0.2555605,-100.512085,-0.866459,2823.2146,0.09643349,882.4914,0.54459685,-100.05155,-0.87493896,-11.804896,-0.3291827,18.148287,0.28142643,0.051360928,0.5060652,-0.014821893,-0.9931914,0.21204162,0.803748,27.139044,0.36585715,-5.0684886,-3.151291,20.653023,0.70398927,-20.404234,-0.8003022,-5.9387617,13.0236635,0.025982425,0.0020100463,0.068212405,2.9268293,3.517588,0.14428571,0.14049473,0.12,0.06524678,-27.783022,s,Ses04F_impro03,Ses04F_impro03_F048
410,31.280758,0.18611057,26.103142,31.285942,36.45404,10.350899,77.12344,97.297,64.18906,67.6176,0.41230547,0.7804761,0.14560165,0.29742038,0.68473077,0.53912914,5.0698624,1.9067926,3.8173654,2.6833444,0.14062014,1.0575683,29.679487,0.36885923,-8.924885,-1.668823,20.19429,0.76933897,-14.6430025,-1.0372274,0.023400603,1.1958381,1.2480098,0.5800342,6.043102,0.54357743,3.018287,2.517045,18.765434,0.43683454,659.8862,0.37332466,1305.0404,0.22009,-81.81003,-1.1142719,1743.4159,0.15272881,919.45703,0.3630717,-82.9324,-1.0088204,2691.562,0.10826197,983.16437,0.43294725,-83.02201,-1.0086603,-11.944341,-0.43027154,18.075562,0.3238562,0.051678993,0.45415142,-0.018774895,-0.805486,0.17640656,0.9129438,31.810856,0.27437624,-9.39321,-1.5903652,21.893194,0.7848857,-16.252024,-1.0216457,-8.483739,15.484499,0.029246395,-0.003151893,0.081433,2.8475714,3.0405405,0.19999999,0.1504807,0.10263158,0.055140212,-29.172258,o,Ses04F_impro03,Ses04F_impro03_M047
411,41.831287,0.097034104,38.591667,43.157433,44.423225,5.831558,94.80357,131.07909,24.72968,18.367191,0.117619716,0.64075506,0.057058617,0.08738403,0.18210182,0.1250432,1.000791,0.8644467,0.6490269,0.37671,0.02218582,0.86149293,26.210949,0.2758702,-7.4292006,-1.5774044,15.618463,0.59939516,-14.391113,-0.8010012,0.01100502,0.7641516,0.9640532,0.553659,10.6122675,0.30790213,13.126394,0.68745697,18.612097,0.3944399,673.4668,0.28554913,1397.6394,0.14132218,-156.28609,-0.50573075,1724.0653,0.10203838,1032.2146,0.26642725,-146.01024,-0.5533108,2734.9927,0.08552208,922.3339,0.2520083,-146.93369,-0.5400225,-14.193435,-0.37116736,22.966763,0.3115093,0.029395372,0.48144877,-0.005001732,-2.4943643,0.036074586,0.57873213,30.15184,0.19213249,-11.120306,-1.2514064,14.500415,0.80051804,-20.452732,-0.6064709,-10.074702,18.187008,0.006873324,0.003621467,0.016238987,1.7175573,1.1560694,0.25666666,0.3505076,0.5883333,0.55146515,-45.95797,o,Ses04F_impro03,Ses04F_impro03_F049
412,40.041348,0.22499289,29.142038,43.0693,46.976246,17.834208,115.72721,207.30342,40.220036,22.145355,0.20574404,0.6553548,0.09852332,0.18130887,0.27505684,0.17653352,2.27121,1.6644255,1.4666584,1.29795,0.050550196,0.93303865,28.496975,0.26677355,-14.090217,-0.9029647,15.986817,0.8839174,-16.626131,-0.6721396,0.02024041,1.669686,1.1725911,0.49993995,8.382979,0.5434777,7.1541557,1.213683,16.1075,0.49147648,735.7248,0.3518131,1307.0698,0.15619224,-89.78964,-0.9929859,1733.3364,0.13222334,1022.0295,0.28694218,-82.66377,-1.00272,2757.0562,0.10224716,971.75653,0.2710678,-85.51708,-0.94736934,-11.442993,-0.43547902,20.203806,0.31428403,0.045651864,0.48729557,-0.0038410367,-4.118435,0.06275794,0.7988393,29.84338,0.19617938,-17.876503,-0.6772451,14.587086,1.1080164,-20.067062,-0.5616046,-10.429692,17.195135,0.020247519,0.0008959111,0.029828379,2.4711697,3.488372,0.17380953,0.1546571,0.09190476,0.13619381,-38.45562,o,Ses04F_impro03,Ses04F_impro03_F050
413,32.094555,0.31192437,23.97181,27.36611,44.84743,20.875622,217.21906,265.14185,60.752502,14.93909,0.2581388,0.6808523,0.12614621,0.21061333,0.34432855,0.21818234,2.8745034,2.3802028,2.2019389,1.9273474,0.06915689,0.9686477,29.929955,0.38540632,-13.176337,-0.9551369,20.455093,0.6384501,-15.265383,-0.6240394,0.025106851,2.1909728,1.2496679,0.5095894,5.6654406,0.67241824,6.8340435,1.3474822,16.891111,0.43974566,609.9639,0.398,1310.8772,0.14460297,-90.54662,-1.0123875,1637.7512,0.15055273,997.53503,0.34136283,-85.72421,-1.0099602,2614.9094,0.09258244,916.9912,0.20284224,-87.67512,-0.9738828,-10.832152,-0.36564934,18.39379,0.2885831,0.045690473,0.45154318,-0.012448012,-1.4732872,0.09071321,0.79683596,34.09739,0.20272964,-18.181084,-0.628667,21.28985,0.71774393,-17.046787,-0.62280196,-8.485166,14.964781,0.021795806,-0.001225971,0.040616293,2.283105,4.205608,0.13333333,0.0883176,0.08444445,0.099119574,-35.62034,ag,Ses04F_impro03,Ses04F_impro03_M048
414,38.60227,0.04974399,37.297943,38.942818,40.044624,2.7466812,61.39491,48.726093,49.127018,76.92274,0.21947517,0.5840605,0.085611835,0.20008689,0.3567227,0.2711109,2.2034874,1.0081024,1.5766221,0.82469755,0.04620998,0.76829463,23.128807,0.30641735,-19.288538,-0.687528,12.749727,1.3076874,-21.368973,-0.5273643,0.021653112,2.1239147,1.2420824,0.38818663,5.866357,0.51476884,0.69277984,14.879338,15.159512,0.5877068,754.5063,0.38014206,1230.5442,0.21893142,-120.441414,-0.8201325,1771.9406,0.17381352,1014.43774,0.321613,-99.71539,-0.97225016,2803.7937,0.12629116,920.7061,0.2653219,-102.272736,-0.9222756,-6.2470875,-0.78597194,16.406347,0.37156624,0.04298756,0.40258488,-0.00678493,-1.7174728,0.06820204,0.45044124,25.885695,0.18670096,-27.260813,-0.47363985,5.1520333,3.2670388,-27.16264,-0.3437721,-5.879312,12.304843,0.017752672,0.0011583626,0.024629075,3.5326087,1.6528926,0.29833335,0.35554728,0.24428572,0.26299685,-40.93483,o,Ses04F_impro03,Ses04F_impro03_F051
415,29.573534,0.28521138,21.593307,28.077602,35.309616,13.716309,608.5927,804.6583,153.2999,175.11395,0.20091315,0.7792813,0.076901,0.16808419,0.28615117,0.20925017,1.7850587,1.0441998,2.16621,0.6506256,0.061153118,1.346979,29.435987,0.3160425,-8.28341,-1.4159154,19.581148,0.67090046,-11.292718,-0.8224016,0.035858195,1.1852678,1.2730683,0.591729,4.3446784,0.92747974,7.1067924,0.96166664,19.548628,0.45747322,634.21765,0.4015009,1414.7452,0.15311785,-128.63501,-0.69764304,1685.7828,0.15528679,1081.0656,0.3167734,-125.831795,-0.6783757,2703.1345,0.084024414,935.54065,0.29071778,-127.06754,-0.6599031,-13.407429,-0.3695858,22.957333,0.27136305,0.036955975,0.58323956,-0.0071158907,-2.001727,0.07653731,0.77748144,31.883215,0.30130753,-6.1362286,-2.0562284,22.263983,0.78850466,-13.24331,-0.8647855,-9.740916,17.837873,0.020314815,-5.6933444e-05,0.05212418,2.5,3.2727273,0.11444444,0.08043093,0.153,0.19692892,-37.511078,s,Ses04F_impro03,Ses04F_impro03_M049
416,46.975845,0.010710606,46.457993,46.900696,47.360893,0.9029007,8.393288,0.0,16.105198,15.502539,0.174105,0.5711666,0.07463893,0.15614092,0.26246658,0.18782765,2.963101,1.2615943,1.0771844,0.49918136,0.04984432,0.9316248,25.697287,0.14207777,-11.269883,-0.5154862,9.450348,1.0596627,-16.637897,-0.44155666,0.0462222,1.0042579,1.1546191,1.0158467,8.325707,0.27038085,22.990541,0.19428164,25.531979,0.11212948,804.6083,0.18306355,1297.5337,0.24110633,-186.35349,-0.24214226,1801.9833,0.11077908,889.26935,0.068337806,-181.87221,-0.26888508,2867.8284,0.07446667,765.3982,0.12704313,-183.01599,-0.2514943,-14.407091,-0.33361903,24.14654,0.23837866,0.056707043,0.5149164,-0.011449643,-0.8481785,0.08692007,0.62146735,27.11852,0.10737991,-8.128533,-0.3481963,2.829708,3.1240034,-19.687077,-0.39599657,-9.739381,17.82608,0.035040185,-0.006859638,0.047436744,2.9411764,2.2900765,0.036666665,0.016996732,0.2825,0.0990896,-42.12314,oth,Ses04F_impro03,Ses04F_impro03_F052
417,31.560415,0.17601076,24.48684,33.421528,36.966682,12.479843,24.402645,0.0,-57.937584,0.0,0.18313542,0.8466238,0.06473186,0.11110059,0.28471458,0.21998271,2.0681238,0.9905378,1.3671403,1.0377898,0.045915876,1.091342,25.948551,0.42106,-4.960704,-1.534749,15.395344,0.6927799,-9.779637,-1.0553628,0.027304992,1.1655983,1.3419418,0.91988623,6.2379146,0.5562727,4.996087,0.87972665,24.76421,0.1648778,768.853,0.31225312,1292.0074,0.15550335,-147.59787,-0.5777215,1817.8401,0.14164846,1131.2085,0.24346451,-147.9425,-0.5470138,2804.354,0.07539648,794.6603,0.5010926,-148.39806,-0.54007196,-11.927123,-0.50540376,21.864725,0.22260712,0.058126096,0.35727873,-0.0096129645,-1.1006465,0.1090223,0.4334997,36.591877,0.2160901,-8.256863,-1.0167536,12.800692,1.1809295,-16.10372,-0.7720905,-9.213266,17.185596,0.00867334,0.0030737864,0.021543179,2.5380712,1.0416667,0.26999998,0.089999996,0.4433333,0.34922135,-37.9745,o,Ses04F_impro03,Ses04F_impro03_M050
418,25.645283,0.103050396,22.21376,25.853573,28.208748,5.9949875,109.594124,129.23697,7.011745,6.70916,0.11446688,0.45647347,0.06762016,0.10386926,0.15842144,0.09080128,0.814928,0.5190448,0.5985602,0.50846213,0.01765137,0.6192977,22.727892,0.40473804,-2.56383,-3.0697093,17.252089,0.61742693,-10.1516695,-0.9360731,0.009477005,1.2290066,0.98204803,0.53698164,4.4027796,0.4778942,1.6918985,4.143243,20.19841,0.28670865,609.24133,0.37500942,1336.0875,0.14797811,-143.79196,-0.6145776,1651.1548,0.15904306,1023.4939,0.21771148,-145.22375,-0.5805027,2645.3896,0.10035916,1000.2894,0.4125057,-146.48549,-0.5619373,-12.5676,-0.3013149,21.260708,0.22702639,0.032518845,0.6189883,-0.009352045,-1.484345,0.026161572,0.4991305,31.549885,0.18481691,-5.092927,-1.6964701,16.442532,0.8668254,-14.694778,-0.9351425,-8.975627,16.93597,0.005551418,0.007123075,0.014124405,2.5934403,1.302682,0.21529411,0.19060639,0.5022222,0.45893058,-48.73115,s,Ses04M_impro03,Ses04M_impro03_M000
419,42.941895,0.18597408,31.5882,46.436844,49.45453,17.86633,59.91328,35.286514,39.418766,14.444115,0.5838841,0.74089867,0.22598836,0.5099948,0.9404075,0.7144191,8.867948,6.1032634,8.926435,4.7846484,0.26424852,1.4115895,15.820977,0.66682386,-14.361421,-1.1437856,10.528041,1.7399201,-23.639254,-0.88612676,0.02815671,1.0148007,1.0917282,0.6783711,7.3817377,0.5092464,6.850231,0.9067151,11.416477,0.88074845,901.9628,0.29911858,1181.6284,0.21274057,-74.56787,-1.1267715,1847.1511,0.14147398,1051.1355,0.31487402,-71.8424,-1.0973212,2830.9397,0.083574705,856.65204,0.31888112,-73.44549,-1.0598311,-7.4949846,-0.74085194,16.082329,0.4152264,0.073785946,0.4833404,-0.0016459654,-8.075499,0.34591314,1.2012378,18.059807,0.5687285,-20.548193,-0.5907209,10.362258,2.0283957,-27.48709,-0.8005829,-4.6172457,12.264388,0.021473756,0.005312713,0.08288178,3.0508473,2.4137933,0.28285715,0.12892017,0.108571425,0.13590212,-25.476233,s,Ses04M_impro03,Ses04M_impro03_F001
420,37.488155,0.24541427,28.648531,37.94936,46.59769,17.94916,62.80387,28.965265,33.160877,0.0,0.4702429,0.84175396,0.18249774,0.29330358,0.723451,0.5409533,16.517776,16.354506,7.2884116,6.992185,0.16562027,1.4470214,20.435656,0.5773277,-14.214735,-0.923491,19.140778,0.7318823,-16.550903,-1.2903732,0.0307154,1.4280821,0.94905895,0.5944172,6.0820384,0.63197446,3.4531214,2.005791,10.658104,0.84559435,826.26575,0.39242554,1235.7545,0.20234786,-79.06459,-1.104637,1784.3763,0.17039008,1137.7191,0.3323124,-75.06343,-1.0828556,2738.0771,0.09698912,899.09766,0.25088623,-75.599785,-1.0717213,-7.641073,-0.6660214,15.345095,0.41797516,0.051044725,0.73080695,-0.00014786767,-102.552505,0.19881149,1.2139695,22.39956,0.5047625,-17.197731,-0.7418956,21.043528,0.74848807,-18.293478,-1.2623278,-6.6110106,15.468606,0.02485317,0.006277516,0.104657955,1.5384616,2.631579,0.25,0.14057027,0.11,0.05899152,-29.349981,ag,Ses04M_impro03,Ses04M_impro03_M002
421,44.48673,0.15311253,40.19225,45.63829,49.225784,9.033535,48.461395,34.851078,117.11776,78.96332,0.45409295,0.9217499,0.094527334,0.30029985,0.82109356,0.7265662,7.613481,4.597364,6.7629986,4.892175,0.21289794,1.2977194,21.162697,0.50714064,-14.691831,-1.2531977,6.286714,2.5299542,-24.475609,-0.56687325,0.026735885,1.2126642,1.1907227,0.5975363,8.149455,0.5592391,8.856097,0.8948407,17.424772,0.65979624,853.38196,0.2596816,1217.94,0.15715879,-109.04569,-0.8414352,1826.2861,0.11859628,1109.7401,0.37076366,-101.60762,-0.8585531,2826.3345,0.08125647,936.17114,0.4290778,-104.34858,-0.811321,-8.281409,-1.1149836,20.027475,0.50851154,0.062409893,0.5097956,-0.00030403605,-57.26494,0.30226943,0.880036,20.121546,0.6074546,-20.503603,-0.91306585,0.9679854,16.729006,-29.65177,-0.4035559,-10.367225,18.634806,0.02714701,-0.0016633224,0.10968366,2.887139,2.6666667,0.195,0.18832153,0.17888889,0.1632615,-27.177994,q,Ses04M_impro03,Ses04M_impro03_F002
422,37.986774,0.19308077,29.084743,36.608047,45.160408,16.075665,161.42526,113.30869,105.78737,172.80809,0.4029023,0.7109361,0.14689064,0.3208483,0.6776462,0.5307556,9.063415,6.8267794,5.8410378,3.1544964,0.15442775,1.1595746,19.302427,0.5656035,-12.328191,-1.144351,16.782885,0.9055597,-17.603418,-0.87476027,0.028856885,0.93110156,1.2374876,0.6061845,5.6565676,0.5974176,7.596937,1.227014,14.975384,0.7010162,723.54346,0.39830053,1291.5786,0.22359727,-124.80054,-0.70951384,1709.2094,0.16309455,1043.6597,0.31946704,-111.04047,-0.7761435,2709.0984,0.108261004,884.64935,0.22970831,-111.4009,-0.76819545,-7.8471203,-0.80331,15.480398,0.5176066,0.05097804,0.57803744,-0.0070728245,-1.9897065,0.20954195,0.94682753,22.758362,0.48636693,-14.091192,-1.1111783,16.370895,1.1122265,-22.412226,-0.7932409,-5.4434614,12.871228,0.03238561,0.0014459813,0.10582288,3.2692308,3.4951456,0.1311111,0.13547812,0.13499999,0.13384277,-31.117765,o,Ses04M_impro03,Ses04M_impro03_F003
423,26.45499,0.14332849,23.021568,26.985332,29.221188,6.1996193,362.21692,432.1185,38.891796,20.084997,0.14217325,0.5778103,0.075224,0.11458547,0.20001659,0.12479259,1.6423209,0.8099382,0.96302575,0.6830574,0.02578996,0.95230377,20.610426,0.55550265,-5.917616,-1.6421812,20.062962,0.52400345,-9.247028,-1.0025724,0.022817833,1.5570395,1.1172401,0.44081715,3.5076213,0.6177789,10.804682,2.4323864,20.314718,0.40158513,669.67255,0.38197497,1350.1824,0.16416566,-153.69174,-0.52396315,1661.9047,0.16887698,1094.7612,0.33949983,-152.84175,-0.51220304,2632.881,0.085785165,930.4258,0.21403965,-153.82576,-0.49873853,-11.7459955,-0.36859933,21.058464,0.250751,0.02125481,0.98320806,-0.005920776,-2.5472276,0.04148369,0.6540365,32.319458,0.19467966,-9.018238,-0.9281583,20.95539,0.72559416,-11.456348,-1.1750227,-6.8722568,14.996608,0.0017222593,0.009108793,0.019821187,2.1505377,1.907357,0.12428571,0.09619282,0.33124998,0.48598963,-45.64647,o,Ses04M_impro03,Ses04M_impro03_M005
424,31.579594,0.21239623,19.999865,33.839798,37.458405,17.45854,91.62357,44.105335,24.377733,12.263223,0.21368481,0.98302037,0.056075633,0.093611315,0.43881178,0.38273615,1.0220304,0.5842667,2.1311073,1.3955585,0.05760338,1.2351623,19.686739,0.7039466,-3.7068226,-4.424417,20.128021,0.56014776,-8.066581,-1.0409623,0.02538016,1.0444359,0.8946058,0.7737461,4.46995,0.42388496,18.886648,1.6223075,17.045956,0.7045772,689.33813,0.42349985,1326.3452,0.22282894,-146.20285,-0.5573975,1659.4833,0.1709687,1153.3763,0.36423784,-142.11058,-0.57538307,2585.814,0.106108524,990.13293,0.23836552,-142.98914,-0.5604019,-7.285636,-0.9933445,17.054647,0.5412305,0.022866266,1.1971624,3.0603394e-05,425.25555,0.11484047,0.6691449,23.834621,0.71856236,-9.841318,-2.2871625,18.38375,0.789538,-7.2017884,-1.6000228,-9.036093,17.864594,-0.0011449361,0.007131282,0.03419381,1.7241379,2.95858,0.098,0.06615134,0.22,0.23091123,-37.809162,q,Ses04M_impro03,Ses04M_impro03_F004
425,28.492094,0.114512004,26.010082,28.643637,31.798012,5.7879295,200.91383,193.97917,-64.406265,57.432343,0.12420976,0.609251,0.072409086,0.09529094,0.16753207,0.095122986,1.0741819,0.82579726,0.56126773,0.5041474,0.018476125,0.71905166,21.751987,0.49128816,-4.4484153,-2.5668054,16.71257,0.68952084,-8.802986,-0.83481777,0.049880367,3.6759906,1.082895,0.7866934,5.548688,0.7494348,8.638404,0.9934725,19.11786,0.4127108,524.15436,0.37949973,1343.588,0.19922811,-151.33153,-0.5492152,1528.9254,0.15376271,992.30066,0.16970366,-151.0261,-0.5408443,2538.902,0.08695898,948.4277,0.2566899,-152.87367,-0.51266575,-10.169961,-0.5331413,20.702686,0.23170045,0.018775454,0.8238194,0.002687642,3.551713,0.03272423,0.54062825,32.21996,0.2644852,-9.081849,-1.7545905,15.617339,1.1900655,-11.540328,-0.8411363,-7.85213,15.819492,0.0041594827,0.010631429,0.013468019,2.1840875,1.2578617,0.19874999,0.20195527,0.5111111,0.48911357,-45.913986,ans,Ses04M_impro03,Ses04M_impro03_M006
426,45.886147,0.085093975,45.002777,46.864964,48.368515,3.365738,23.156832,13.535087,26.185495,18.759886,0.3365509,0.68103266,0.11165204,0.28054768,0.55095744,0.4393054,4.32646,2.8508666,4.8889017,2.3323283,0.09707358,0.98506415,18.94176,0.439976,-15.595872,-0.82263786,1.2269607,10.665765,-23.331642,-0.6286069,0.016522009,1.4632306,0.8402821,0.59689915,11.2293005,0.38799113,6.227065,1.207373,16.04804,0.60080236,852.6016,0.26058775,1254.544,0.2150507,-87.14902,-1.055427,1824.1168,0.11784438,1121.9993,0.29319847,-81.4664,-1.0469245,2889.7268,0.07663603,939.0223,0.3065935,-85.37037,-0.96454144,-9.206428,-0.76952636,20.600845,0.40394184,0.080275185,0.29654688,0.006354557,1.9750584,0.13686624,0.7013372,20.786343,0.36306566,-20.927174,-0.5070844,-3.238459,-4.031909,-31.054125,-0.34373656,-5.138047,11.985782,0.019874334,0.008273897,0.024381924,4.105572,1.4925374,0.42799997,0.24161124,0.222,0.25403935,-32.21511,q,Ses04M_impro03,Ses04M_impro03_F005
427,31.922428,0.21463466,24.467901,33.221233,36.834946,12.367044,20.316671,8.471248,25.932074,7.7524176,0.13423803,0.9008758,0.054881267,0.101172455,0.17392519,0.119043924,1.8365676,2.197166,0.8148197,0.75354046,0.029006047,1.7191163,24.447472,0.39640328,-2.9595838,-3.9278798,14.533959,0.80152655,-10.445856,-0.9435273,0.01585441,1.2919899,1.1423709,0.513503,5.447323,0.6037648,2.0920308,4.2981215,19.374062,0.3627987,643.2119,0.4066869,1414.3541,0.17337863,-146.55252,-0.58042806,1621.1278,0.16371742,1161.1724,0.2390281,-141.03058,-0.6008123,2650.5498,0.10676376,1008.5739,0.33187962,-143.19449,-0.56988466,-9.931086,-0.5149428,20.37564,0.26601753,0.03897224,0.5507229,0.0007921298,15.234832,0.057999488,1.3788327,30.414726,0.26690343,-11.2169895,-1.2101582,11.0422125,1.4201066,-15.960708,-0.78482133,-10.635362,18.867994,0.008157212,0.006688403,0.016032763,1.1235955,2.10356,0.14,0.10273191,0.3408333,0.47617328,-43.034542,ans,Ses04M_impro03,Ses04M_impro03_M007
428,44.407516,0.17386116,35.26158,47.46957,50.42031,15.15873,80.8753,77.40363,101.0525,75.461655,0.4614638,0.73648244,0.14893715,0.3935545,0.77189434,0.62295717,7.5743237,5.2222595,7.09299,6.4340286,0.19670677,1.1328282,20.884718,0.54842156,-14.687809,-0.9844744,15.192111,1.056033,-20.615496,-0.79445356,0.026949333,1.5142055,1.2009609,0.57403284,7.712104,0.57173526,2.365422,3.1458058,8.606137,1.5104107,902.74115,0.28881648,1230.2085,0.24962059,-112.846466,-0.7970382,1864.5967,0.12654395,1079.0435,0.3318277,-107.91728,-0.7980818,2832.0645,0.083923824,979.37335,0.31366342,-108.375275,-0.7870274,-8.83957,-0.71021235,16.823288,0.49853343,0.07502715,0.35777694,-0.009472805,-1.7397883,0.28632343,0.77295077,20.763954,0.54103106,-19.967327,-0.7373815,11.591873,1.5922409,-28.26179,-0.6114494,-7.3056145,15.146132,0.02360605,0.0029747295,0.10534022,2.7419355,2.601626,0.189375,0.21562319,0.19714284,0.2060315,-27.93341,o,Ses04M_impro03,Ses04M_impro03_F006
429,38.86808,0.24012545,27.841146,37.266415,48.319244,20.478098,81.91805,69.047134,63.81735,66.92103,0.40326166,0.93893194,0.10371775,0.25214395,0.71612775,0.61241,8.019767,5.6418967,6.0276065,6.4391446,0.15545495,1.4545573,22.401218,0.487558,-11.507128,-1.3515116,18.270613,0.92346096,-16.38062,-1.0040189,0.0222633,1.5392433,1.1415032,0.6080685,6.633578,0.6374417,2.7701783,3.1836014,11.799424,1.0258031,766.54266,0.38743338,1289.5839,0.24978417,-111.596725,-0.8193275,1771.2203,0.13619202,1022.39703,0.32556018,-107.69834,-0.813363,2751.518,0.08846448,984.6647,0.3158106,-108.473976,-0.79873663,-9.210183,-0.6855606,17.144371,0.45114726,0.06052925,0.50646365,-0.008384158,-1.7595236,0.23462668,1.0980959,23.198032,0.45807973,-15.683886,-1.088825,17.832756,1.1404694,-22.743063,-0.8088074,-7.7296352,15.459669,0.021233661,0.00467655,0.07526562,1.6443988,2.7921407,0.1725926,0.18032056,0.19347826,0.21708763,-28.827084,o,Ses04M_impro03,Ses04M_impro03_M008
430,36.897827,0.12216275,35.238117,36.055157,40.627407,5.38929,41.436268,29.146852,-69.13578,129.0031,0.48593366,1.1249859,0.071561135,0.20736012,0.85822976,0.7866686,2.8809392,1.7410408,3.5722046,2.5395925,0.16549218,1.7627155,20.707989,0.27603874,-10.150211,-1.7716324,19.061907,0.8892498,-18.346304,-0.83149564,0.018406497,1.2007192,0.772614,0.5521,6.770972,0.58632207,3.5550785,2.6218185,12.564612,0.68705195,664.79205,0.39330548,1305.7129,0.24580178,-116.12834,-0.8117826,1699.5913,0.111403584,875.56714,0.32731467,-109.220665,-0.843628,2743.448,0.071511835,899.05145,0.24492703,-109.84495,-0.8322739,-6.9736924,-1.0675496,15.248282,0.4472263,0.058669966,0.420892,-0.009980632,-1.2416109,0.3122225,1.1636885,18.704763,0.29976714,-15.282899,-1.4911492,23.036953,0.8919839,-29.354174,-0.45432937,-9.009478,17.442574,0.012179956,0.008092097,0.034555115,1.0416667,1.6042781,0.29333332,0.1987181,0.22999999,0.13874437,-27.728155,ag,Ses04M_impro03,Ses04M_impro03_F007
431,25.742596,0.077383585,23.8106,25.948326,27.30587,3.4952698,62.009914,45.244728,16.90803,21.474382,0.11631532,0.5644297,0.047999006,0.10983908,0.1726338,0.12463479,0.86202604,0.41448748,0.56023973,0.38526803,0.021226075,0.6534844,31.293213,0.23702627,-7.3404346,-1.4281162,21.770622,0.5829495,-10.048935,-0.9063663,0.012320317,0.8254491,1.2568818,0.4527184,3.663454,0.48902476,0.58562136,11.594638,18.248606,0.38009283,610.88654,0.41785535,1328.9664,0.16301998,-115.67833,-0.81374854,1625.9712,0.1674322,1025.6473,0.26484096,-116.67264,-0.77471876,2606.8696,0.09233652,920.8536,0.26745474,-118.164696,-0.75035304,-11.46696,-0.34637678,18.912207,0.23009625,0.031330746,0.5575027,-0.0010664146,-11.3422785,0.029521944,0.42625037,35.90659,0.1558139,-12.330317,-0.81815594,25.70287,0.5973993,-12.595933,-0.78863966,-12.233344,21.137012,0.0054992377,0.00823494,0.014887883,2.067947,2.3809524,0.176875,0.14725482,0.223125,0.2509661,-47.253464,o,Ses04M_impro03,Ses04M_impro03_M009
432,28.60876,0.20371547,25.156153,26.271418,31.390343,6.23419,117.3366,118.63481,31.476522,28.05974,0.1879365,1.4641963,0.0804462,0.14489006,0.20484555,0.12439935,3.5347624,3.452296,1.1375422,6.9909186,0.06315579,3.6413195,28.602749,0.2886279,-8.411564,-1.4607111,22.76864,0.5984946,-9.442796,-1.0088553,0.020884626,1.9263824,1.3426378,0.5397935,4.261045,0.57769614,1.6272236,5.9476805,16.411386,0.43516436,590.1172,0.4155435,1375.1125,0.20442045,-110.65956,-0.8541007,1640.5149,0.1384333,988.8936,0.28228956,-112.27578,-0.79745364,2600.3538,0.09219752,945.2862,0.25922662,-113.209755,-0.78131753,-11.316386,-0.49988186,18.848509,0.23202571,0.035850313,0.5581404,-0.0052863695,-2.4577804,0.10502425,3.109052,31.802452,0.23372246,-10.883714,-1.2552177,25.969006,0.5988277,-10.754275,-0.98111594,-9.821837,17.626907,0.017673876,0.004211885,0.0218091,0.41884816,2.739726,0.1623077,0.13574034,0.18269229,0.18323077,-32.32039,o,Ses04M_impro03,Ses04M_impro03_M010
433,38.10262,0.23142578,25.626688,41.2834,45.60083,19.974142,106.55486,48.353916,54.064857,47.82594,0.43804845,1.0399483,0.1497858,0.25418532,0.7155007,0.5657149,5.757607,2.8459742,5.602499,3.8544433,0.21675548,1.7591635,22.339596,0.4083827,-14.224605,-1.1026233,14.631938,1.1075016,-18.73202,-0.80500853,0.038125686,1.4934757,1.3706862,0.61243296,5.309653,0.652295,6.3316793,1.6990507,14.725865,0.73900974,753.71924,0.39749813,1293.7217,0.2685029,-109.88256,-0.8411191,1749.6074,0.15074438,1018.6262,0.2574689,-99.59848,-0.88320005,2728.9314,0.09674936,932.96027,0.2879328,-100.85646,-0.85896957,-7.8516846,-0.9363891,16.859636,0.38023618,0.052037112,0.46022362,-0.0020959526,-7.6440625,0.3175027,1.5080965,22.338594,0.46660855,-16.403429,-1.1735256,15.887018,1.1347253,-19.567547,-0.80887413,-7.00353,15.815502,0.035561103,-0.0034210796,0.10500975,2.2857144,3.188406,0.1609091,0.24160276,0.16,0.10718623,-27.009277,ag,Ses04M_impro03,Ses04M_impro03_F008
434,34.982178,0.26193118,25.285175,33.295757,44.635124,19.349949,154.58496,0.7560196,32.459187,66.93864,0.27466407,0.90286344,0.07007208,0.19978958,0.3930204,0.3229483,6.7116666,4.9176626,3.442821,2.121622,0.098901376,1.4981475,21.111744,0.38026348,-9.739881,-1.1663682,17.696436,0.5924284,-17.123318,-0.79140586,0.02489347,1.2336336,1.2876862,0.5966798,4.34387,0.6690884,6.9392757,1.6966188,13.238474,0.8994603,689.4269,0.43488944,1217.6362,0.21431194,-151.69002,-0.52602535,1714.668,0.1721539,970.0696,0.23809335,-137.40565,-0.60928005,2683.3591,0.09996427,916.9719,0.27148354,-137.7022,-0.60333586,-7.632367,-0.7140568,14.047439,0.4300129,0.052574985,0.4834248,-0.0055916226,-2.6627407,0.15913557,0.9486063,20.607977,0.5140132,-13.314654,-1.080747,19.22927,0.6789282,-22.182238,-0.7293191,-8.542631,16.933786,0.022701858,0.0011611168,0.07069076,2.9761906,3.0211482,0.102,0.093786985,0.207,0.20649695,-34.3321,a,Ses04M_impro03,Ses04M_impro03_M011
435,39.19521,0.1091452,35.99598,38.46733,42.977913,6.9819336,27.772108,12.878781,44.73222,33.694447,0.41190746,0.6252847,0.17030813,0.37117523,0.6344945,0.46418637,5.615559,2.8151982,4.7052603,2.914427,0.1314073,0.8816915,29.008125,0.29322088,-13.760502,-1.0083399,10.527901,1.5826138,-17.682798,-0.6746914,0.021295518,1.3653189,0.9834651,0.597608,8.689875,0.3749783,9.065438,0.9603874,20.628387,0.552148,702.7803,0.37585694,1417.8363,0.17411819,-63.736298,-1.3135917,1708.7583,0.12967457,1094.5623,0.28131795,-57.064632,-1.2913254,2746.6006,0.11572968,1070.7173,0.2867265,-61.8504,-1.1529154,-9.926208,-0.676495,20.243664,0.4353279,0.059647076,0.39342234,-0.0098139625,-1.1133394,0.1496353,0.7261689,30.167376,0.2863134,-15.511614,-0.893792,8.766107,2.088462,-19.666605,-0.63778645,-10.32728,19.456718,0.020724656,0.003021964,0.07575015,3.9473684,2.0,0.37888888,0.57966363,0.1125,0.16983448,-30.958775,q,Ses04M_impro03,Ses04M_impro03_F009
436,33.206852,0.18747787,27.317204,33.48491,37.51175,10.194546,13.3393755,3.0516202,24.913094,7.1441727,0.22432683,0.8809109,0.06923668,0.15178452,0.3543604,0.2851237,3.0782387,2.4130871,3.08514,3.3611567,0.058096353,1.2614943,30.887617,0.28013593,-7.9164243,-1.5279942,19.37371,0.7688506,-10.622322,-1.1153322,0.01538326,1.0231212,1.0360662,0.49308196,6.9952264,0.48391825,9.54155,1.1099417,22.745821,0.5399496,637.0474,0.4483235,1395.558,0.17347094,-102.62889,-0.9278347,1673.25,0.14556395,1152.6096,0.443792,-101.4356,-0.87877023,2680.8896,0.124449864,1089.678,0.26037255,-104.10386,-0.83298504,-12.469203,-0.5921982,21.949917,0.3991272,0.0454917,0.48103127,-0.006140075,-1.9222702,0.08453704,0.905262,34.399944,0.22495987,-10.547884,-1.2359244,18.0635,1.0081804,-12.31037,-1.1051269,-11.424778,19.917673,0.014816409,0.004195473,0.028922202,1.8633541,2.0920503,0.24700001,0.22095473,0.211,0.3101435,-36.108223,ans,Ses04M_impro03,Ses04M_impro03_M012
437,48.281837,0.12535055,49.71008,50.392822,50.523335,0.8132553,257.74655,0.0,64.40431,46.128056,0.14285251,0.9660924,0.045753587,0.055540107,0.30680752,0.26105392,1.9125088,1.2751435,2.2981098,1.022214,0.029218446,1.1840541,24.406342,0.17393656,-7.7227106,-1.8074176,9.66999,1.1605104,-14.659849,-0.805629,0.026259445,2.433455,1.017541,0.7206244,11.391256,0.3966668,4.4623013,1.0873756,21.458088,0.30138305,865.86505,0.20896992,1295.1411,0.15751918,-148.73178,-0.5684545,1757.3605,0.11948768,1080.0878,0.2013104,-138.80804,-0.6371547,2854.0,0.059208468,819.0814,0.2401874,-143.49802,-0.56762075,-4.4542623,-1.7065501,22.208069,0.2210844,0.053620983,0.34298798,-0.0023311754,-3.6098602,0.06710926,0.54269814,26.459412,0.14586051,-25.405672,-0.4338886,0.86987597,15.928257,-23.909369,-0.28904432,-13.075048,23.427061,0.0011396972,0.0076581473,0.011659217,2.9411767,0.42918456,0.76,0.0,0.77,0.28,-41.185287,s,Ses04M_impro03,Ses04M_impro03_F010
438,28.669357,0.2670872,23.95289,25.543991,27.444565,3.4916744,303.01822,187.29007,277.6056,468.96646,0.20760183,0.9467827,0.082136355,0.14359134,0.2782087,0.19607234,8.0570965,10.172505,2.6018872,3.8242154,0.049798213,1.9630053,19.601055,0.64429027,-5.4468937,-2.3005521,19.064474,0.6751309,-10.809403,-0.96924055,0.014472806,0.9443842,1.2647967,0.46534365,3.4795036,0.60771215,0.018014576,382.04276,12.928045,0.585863,596.9776,0.44473436,1340.8357,0.20870616,-137.74544,-0.6337212,1623.4124,0.1654714,985.6804,0.2802386,-137.2054,-0.6087084,2580.6165,0.0929108,905.7029,0.23640937,-137.58269,-0.60368085,-9.901268,-0.42016035,16.579842,0.28041804,0.03844482,0.5744522,-0.0067335945,-2.0855162,0.057885785,1.7344335,26.450855,0.34206292,-9.022891,-1.1942937,21.66991,0.7319475,-13.878825,-0.77285135,-6.3208957,13.570677,0.017233253,0.003998114,0.04573492,0.877193,3.2008832,0.09586206,0.06419352,0.21037036,0.18937485,-38.3986,s,Ses04M_impro03,Ses04M_impro03_M013
439,33.951157,0.19784373,26.03309,37.146126,39.719112,13.686022,100.87632,99.43941,47.23837,18.350218,0.3003087,0.9296446,0.10162181,0.18788752,0.49694347,0.39532167,5.5630813,2.8311222,4.189506,3.2086084,0.09047971,1.3764001,26.62917,0.31693774,-9.05753,-1.1787395,17.28656,0.7952878,-19.58457,-1.0349367,0.020736212,1.3204451,1.1186988,0.64549476,6.567927,0.5325658,5.3015304,1.6513158,18.301764,0.4450175,681.3184,0.40068737,1293.8529,0.20889871,-117.153564,-0.79872566,1722.7466,0.1718576,1041.1112,0.36207047,-105.339615,-0.84604776,2720.7798,0.10750938,863.47864,0.28115612,-106.7343,-0.82376575,-10.860636,-0.48231056,19.399906,0.38334748,0.054239202,0.38391045,-0.013361063,-1.442744,0.13650084,1.1086504,29.053164,0.2851294,-10.904489,-1.0456073,15.72544,1.0487931,-28.63269,-0.8019375,-9.1861315,17.275217,0.024353,0.0037590251,0.040521182,2.166065,2.919708,0.16499999,0.14374456,0.19307691,0.19722632,-32.24975,s,Ses04M_impro03,Ses04M_impro03_M014
440,36.16133,0.13542283,32.203068,35.049,39.61123,7.408161,106.730484,119.62564,18.714231,9.49558,0.38621727,0.6416401,0.16351786,0.31313902,0.62124807,0.4577302,5.549793,2.9053268,3.9910073,2.5782075,0.114756405,0.81487834,25.259228,0.48889112,-11.65056,-1.1317141,18.284637,0.95417213,-17.543348,-0.83936524,0.023160117,1.2154309,1.0830246,0.6760354,6.86439,0.45918584,4.165655,2.0067182,16.76692,0.61132383,616.5188,0.40959752,1321.4045,0.14168058,-81.49948,-1.1114416,1635.2476,0.13194837,1030.7008,0.4338037,-75.9263,-1.1035743,2665.2622,0.111874275,1013.168,0.32716277,-78.54729,-1.0459183,-8.396816,-0.7064236,18.393879,0.51565313,0.054194715,0.38816118,-0.010052411,-1.5620693,0.14910255,0.6155601,29.340048,0.3154518,-14.993418,-0.8745116,16.783758,1.1753649,-21.558796,-0.7184514,-5.9082713,13.18863,0.022273611,0.0023585714,0.049623515,4.631579,2.5531917,0.2525,0.20917,0.119166665,0.092507504,-32.52669,q,Ses04M_impro03,Ses04M_impro03_F011
441,31.003315,0.044863053,29.172112,31.393274,32.38517,3.2130585,43.48459,31.144651,15.758742,6.5380883,0.25695154,0.3890062,0.13882934,0.2696104,0.36169213,0.2228628,2.914555,1.7680742,1.558392,1.3184433,0.06649319,0.4899782,25.988293,0.641463,-3.4767294,-1.888329,18.831385,0.7038976,-10.8904,-1.0436835,0.024298223,0.79361504,1.2371702,0.61003506,4.776704,0.57531583,-0.7607761,-5.7409773,23.19823,0.33521143,505.90497,0.39923137,1358.2241,0.10656034,-91.03014,-1.0643013,1521.1067,0.107526794,993.2462,0.23421484,-96.089035,-0.9522075,2578.821,0.11455798,1021.42,0.31368,-101.903465,-0.8452833,-10.541948,-0.37692574,23.53675,0.33487025,0.053330466,0.2844575,-0.013302886,-1.0620159,0.08850068,0.30076033,34.709064,0.2326307,-6.302727,-0.9856279,14.246113,1.016902,-11.917828,-1.0873518,-4.374304,11.322689,0.021549685,0.0020834461,0.042098887,6.569343,3.0534353,0.17,0.090277344,0.18666665,0.11556624,-37.964363,q,Ses04M_impro03,Ses04M_impro03_M015
442,42.922455,0.2053975,33.512207,43.744965,52.24364,18.731434,97.09015,73.22125,143.2664,73.62621,0.7926817,0.50748324,0.3450031,0.86065215,1.144325,0.7993219,9.573012,7.2277975,7.485657,4.411975,0.4407232,0.76684475,26.426056,0.41278714,-26.887566,-0.5263471,-1.7184986,-10.470621,-28.390396,-0.47162458,0.048400022,1.320415,1.2379532,0.45940873,5.439011,0.9573931,5.259446,2.5081902,16.66551,0.67766434,751.88464,0.3915986,1231.0809,0.19561633,-66.58896,-1.3142221,1724.6082,0.1551861,1119.1761,0.28053352,-55.10385,-1.3738964,2772.921,0.09301304,906.3625,0.37831843,-61.421955,-1.1846646,-5.2305455,-1.7280229,19.922289,0.42647693,0.06675533,0.3248496,-0.011585206,-1.592165,0.50397515,0.6493417,25.956842,0.4249094,-30.127422,-0.4306527,-1.8285847,-10.176434,-29.094662,-0.45586044,-5.675438,20.870775,0.04255597,-0.0060735154,0.2732195,4.3137255,3.6,0.20222221,0.083636485,0.07833333,0.034359213,-22.166315,ans,Ses04M_impro03,Ses04M_impro03_F012
443,36.939228,0.2518357,30.17433,34.652622,45.3516,15.177271,119.01283,78.917336,97.42636,78.253105,0.46122715,0.9306352,0.10983864,0.24801035,0.9577168,0.84787816,9.577846,7.6386003,5.9625716,4.638823,0.22565271,1.3642421,28.153458,0.35324684,-15.532448,-1.0386841,15.09695,1.579074,-18.35522,-0.7603099,0.03430057,1.4663057,1.1953446,0.50048554,5.8493414,0.72559136,8.484837,1.6351119,20.12612,0.47259787,697.5192,0.41749603,1248.0039,0.1760679,-76.06983,-1.2132674,1731.9878,0.15072998,997.34515,0.29331127,-72.95258,-1.1432483,2737.2346,0.09808683,946.88617,0.33143088,-76.047226,-1.0720159,-9.235736,-0.89524436,20.707375,0.325413,0.05176454,0.51164246,-0.007235382,-2.043558,0.28696135,1.1537906,29.005512,0.3265049,-18.93299,-0.8649468,15.450088,1.6900721,-20.070139,-0.7431852,-8.937018,19.631878,0.018663714,0.0015019146,0.09759476,2.2857144,2.7079303,0.24214284,0.28938797,0.148,0.16916263,-25.298182,s,Ses04M_impro03,Ses04M_impro03_M016
444,33.890263,0.048535533,32.61212,34.323273,35.452656,2.8405342,115.01762,91.561966,17.819813,16.468903,0.13892017,1.0635214,0.05433111,0.06771359,0.20981388,0.15548277,2.3898728,1.4268208,2.7062397,2.0040462,0.03801626,1.5062418,23.405832,0.39424965,-4.9157057,-1.9835374,18.702429,0.35192648,-10.659002,-0.7368642,0.06511464,0.5297683,1.5748279,0.8093329,4.638365,0.72095454,-1.86221,-1.956459,17.300888,0.44757324,473.97195,0.26438782,1385.6718,0.11517715,-171.85103,-0.38160586,1488.1489,0.08562296,1064.6267,0.19344975,-169.8387,-0.38499054,2501.7378,0.09517004,1103.1864,0.43974173,-171.27817,-0.3642827,-10.66778,-0.35642594,21.461798,0.26549977,0.032730058,0.5387157,-0.010086891,-0.87153333,0.12240008,0.63203824,32.741413,0.2128467,-11.717268,-0.9493198,14.087928,0.3051063,-14.540822,-0.8792859,-9.378634,16.935472,0.002507859,0.0020631026,0.022924377,1.863354,1.923077,0.07666666,0.018856179,0.315,0.17528547,-40.473755,ag,Ses04M_impro03,Ses04M_impro03_F013
445,26.093971,0.15453307,23.446247,26.054539,27.425346,3.9790993,94.37032,75.67109,16.92981,6.787441,0.12582034,0.6814009,0.060642652,0.111732304,0.16535845,0.1047158,1.4213675,1.7708633,0.6773535,1.4340343,0.025811072,1.5147922,26.962526,0.31469283,-4.3174105,-2.0448344,21.006535,0.4386714,-8.0121155,-1.1330013,0.015527249,1.7235603,1.0450981,0.5984304,4.415173,0.4686484,-0.30387616,-27.054317,18.484682,0.42376867,613.50336,0.39556587,1351.7468,0.1669117,-134.14423,-0.66849184,1660.6163,0.15227969,1018.9471,0.2756427,-135.6254,-0.6316976,2645.418,0.098830156,926.7485,0.23325229,-137.07547,-0.61106247,-12.618882,-0.3688076,20.711622,0.24699706,0.03921956,0.5437892,-0.0035093059,-3.1656616,0.037396263,1.5399954,32.714306,0.21371883,-6.4768896,-1.4679009,20.453209,0.5432442,-11.216032,-0.9561623,-10.720888,18.489525,0.009572714,0.0055173687,0.01753707,1.8363941,2.529511,0.12666667,0.08071898,0.24866666,0.2583245,-42.944557,o,Ses04M_impro03,Ses04M_impro03_M017
446,37.394787,0.1343943,32.499928,36.864017,41.390865,8.890938,59.86791,43.48564,33.586643,35.123318,0.3812106,0.66071874,0.15367146,0.32965872,0.5617569,0.40808547,4.7416506,2.9666116,4.7266874,3.9148242,0.105301134,0.96151096,24.906572,0.4408718,-9.728764,-1.7947515,13.604812,1.1096417,-21.355474,-0.8067827,0.017965626,1.449961,0.99079186,0.7064465,8.400882,0.4611541,5.5391555,1.5583032,18.457603,0.46498007,645.70404,0.37365103,1340.218,0.15168327,-72.42033,-1.213142,1664.0099,0.1487565,1036.3219,0.29591936,-67.40926,-1.1830405,2709.3174,0.095442735,1032.43,0.32261923,-71.58053,-1.0756233,-9.66575,-0.58781564,19.015522,0.38595113,0.050417896,0.45263892,-0.0074191242,-1.8032761,0.13183115,0.80325514,27.602005,0.31122518,-13.835047,-1.228741,12.102146,1.3537153,-27.367023,-0.5843316,-8.521957,16.485838,0.013197002,0.004293906,0.039258588,3.1770048,2.4390244,0.285,0.27071664,0.11133333,0.0771031,-32.155952,q,Ses04M_impro03,Ses04M_impro03_F014
447,31.433474,0.24772939,22.79778,30.888065,40.490437,17.692657,225.15356,176.28217,73.94426,125.096214,0.16814332,0.8035485,0.07983738,0.1282842,0.20928562,0.12944824,3.8347352,3.9219713,2.58918,2.8573103,0.04027629,1.4404657,25.536844,0.42972022,-5.241538,-2.1498072,17.946247,0.6487676,-11.796173,-0.95081234,0.019284006,1.5616292,1.1631283,0.5550438,6.0083966,0.60709876,5.233206,1.6456797,19.118565,0.41312882,683.14703,0.35493442,1404.1538,0.18048407,-135.75522,-0.6444487,1690.5421,0.15584642,1090.7092,0.24757874,-131.31181,-0.6478164,2704.1855,0.093124926,975.6892,0.29370967,-132.82445,-0.6261347,-12.8361435,-0.4392627,21.341787,0.31068859,0.0368167,0.5708369,-0.0045137512,-3.2319767,0.059928067,1.2636042,30.502996,0.29519576,-7.595021,-1.6358011,15.921554,0.78891164,-16.401054,-0.7685835,-9.460107,17.118933,0.014336332,0.004465635,0.028889842,1.9283748,2.8597786,0.1216129,0.10439061,0.21466666,0.18936267,-39.58984,ans,Ses04M_impro03,Ses04M_impro03_M018
448,35.485638,0.15280864,31.96618,35.07986,42.708454,10.742273,229.98732,98.9588,208.0288,194.32088,0.16262518,0.8034399,0.049532004,0.11070126,0.26965794,0.22012594,3.3727124,1.901379,2.1082628,1.0161356,0.04185884,1.1636673,24.90239,0.46383408,-3.9680426,-2.3721573,15.90191,0.627667,-9.816418,-1.2036209,0.024071433,1.7712686,1.2134581,0.5630016,7.8728256,0.38843432,8.187923,1.2003678,22.586586,0.4529523,642.45544,0.3553146,1415.5415,0.21221267,-152.73178,-0.5198665,1625.1638,0.16036533,1066.8148,0.24526732,-146.5699,-0.54450077,2640.1711,0.09427993,1073.5978,0.37599945,-148.43312,-0.5194008,-12.603771,-0.34324571,23.480526,0.30792934,0.03970681,0.64788616,-0.006561293,-1.9951943,0.083505616,0.63311714,34.14892,0.25534415,-6.786072,-1.1607603,14.571293,0.92905354,-18.911442,-0.7332985,-9.977469,18.015854,0.005874334,0.005476267,0.024711723,3.183024,1.6129032,0.175,0.116153635,0.36285713,0.40875122,-39.387238,q,Ses04M_impro03,Ses04M_impro03_F015
449,38.56559,0.23828276,29.46207,40.77176,49.987778,20.525707,329.48752,273.82526,358.35358,640.64197,0.39555404,1.1970013,0.0573785,0.22769533,0.581867,0.52448845,19.269167,15.24941,7.9724727,5.217458,0.17503756,1.8599291,20.04798,0.50522816,-10.304343,-1.4561368,15.458562,1.0774847,-14.570438,-1.017344,0.023348983,0.8528863,1.3667421,0.6461162,4.8187437,0.72547567,5.8569922,1.340822,14.29956,0.65532875,738.6675,0.38235894,1358.8458,0.20377345,-144.05267,-0.57408136,1712.9811,0.13219512,1062.2905,0.3376049,-128.482,-0.6613761,2712.3013,0.08477377,944.7418,0.24738494,-129.73761,-0.6430281,-5.036037,-0.93954015,14.390915,0.51317805,0.0586113,0.43254513,-0.0070006023,-1.7072362,0.28563347,1.2488393,20.981796,0.5344498,-19.367294,-0.75793976,12.288896,1.7364553,-23.67879,-0.6593815,-8.502896,16.573915,0.01851437,0.004848871,0.10804059,2.4604568,4.255319,0.07958333,0.06307925,0.14,0.27954933,-27.607233,ans,Ses04M_impro03,Ses04M_impro03_M019
450,37.810352,0.14980316,30.095299,38.939873,42.881897,12.786598,56.541996,24.68607,-8.5598955,51.174797,0.49050596,0.7322129,0.2150663,0.3615519,0.79059213,0.5755258,11.20025,8.28776,5.4649596,3.1864207,0.1844992,0.9876491,23.02934,0.5018602,-17.300482,-0.8023135,18.473867,0.843399,-18.869583,-0.8489839,0.031790193,1.1134666,1.3879584,0.69455063,4.6184344,0.8094707,6.021353,1.7117637,11.237039,0.84045166,716.04663,0.44054905,1332.0205,0.20920102,-126.93001,-0.6971167,1690.4073,0.15147474,1060.4569,0.4172516,-108.30174,-0.8243293,2673.4146,0.08352477,997.7733,0.25166315,-109.27953,-0.8082907,-3.82618,-1.187179,14.120017,0.5629347,0.05386355,0.41377413,-0.007836093,-1.9534811,0.2568662,0.8074028,21.741257,0.5555876,-21.519888,-0.6384024,17.226887,1.1012807,-26.351088,-0.62050396,-6.1026926,14.092468,0.03523213,-0.00096065534,0.11933052,3.8834953,3.618421,0.12454545,0.08574419,0.13,0.17606817,-29.943977,o,Ses04M_impro03,Ses04M_impro03_F016
451,33.564045,0.25371492,25.088562,32.35621,41.651367,16.562805,107.56179,165.18346,51.510834,40.228436,0.2442962,1.0764781,0.08043924,0.14937887,0.31294847,0.23250923,8.316297,8.470993,3.8575265,3.090909,0.07337927,1.7663347,25.194368,0.40191862,-7.3269873,-1.8050761,16.211214,0.8402678,-11.589452,-1.1234865,0.017845059,1.2838063,1.1172384,0.5919592,6.026809,0.57378507,5.3934298,2.204773,19.624125,0.46086255,639.9375,0.40741935,1351.3098,0.18262208,-132.60907,-0.6877191,1676.6533,0.16248886,1038.3287,0.28603345,-124.781555,-0.707693,2685.2092,0.094271205,976.99493,0.2835354,-126.21886,-0.6859108,-10.881705,-0.5695258,20.447641,0.34498036,0.044891357,0.44033673,-0.010484486,-1.4343697,0.13142227,1.3552973,28.610447,0.34751415,-11.090623,-1.232735,15.134788,1.220531,-18.71734,-0.8041978,-9.263446,18.19236,0.011681285,0.006339676,0.034181032,1.3733906,2.2452505,0.17153846,0.14836785,0.2644,0.28301346,-33.57435,s,Ses04M_impro03,Ses04M_impro03_M020
452,35.78896,0.15737912,30.071821,37.34938,41.452625,11.380804,145.39023,230.48256,41.36379,41.118477,0.33638155,0.7322245,0.12404664,0.2661838,0.5182323,0.39418566,3.4416063,1.8602794,3.069851,1.9546143,0.084710196,0.8732759,22.698187,0.49018055,-6.68583,-2.2520952,20.347267,0.8627411,-12.256399,-1.315434,0.019076189,1.1730694,1.0697734,0.751559,7.19795,0.5477143,8.4252205,1.1731875,18.532352,0.4596539,609.82135,0.4380814,1341.6636,0.21886222,-109.36656,-0.8396416,1645.5975,0.1418759,958.7993,0.28985766,-92.00051,-0.93369913,2649.7239,0.09763696,978.89294,0.29650834,-93.61579,-0.9041352,-9.549181,-0.50472075,17.96336,0.39452222,0.048028365,0.41977683,-0.008465005,-1.5962819,0.11373676,0.643097,26.206821,0.33630505,-11.337256,-1.1682832,20.52798,0.96034956,-17.968443,-0.92351496,-8.289566,15.14641,0.018043038,0.0039337077,0.045181576,2.6422763,3.2921813,0.16875,0.12687962,0.121999994,0.09086252,-32.564365,o,Ses04M_impro03,Ses04M_impro03_F017
453,29.416502,0.23783864,23.247097,27.450293,36.38269,13.135593,502.77625,530.3287,41.173985,32.2318,0.20762189,0.98688346,0.06867009,0.13797392,0.28418183,0.21551174,4.6626434,3.9501686,1.9496454,1.9813222,0.049921207,1.2500802,25.72461,0.39493546,-4.8672953,-2.4709332,20.248306,0.5973387,-9.412357,-1.5449882,0.015318201,1.1671319,1.2575274,0.6217781,4.7151184,0.6665585,2.8039417,3.5613368,18.590403,0.40910158,593.6439,0.40755057,1333.5802,0.18355893,-121.09382,-0.7699204,1626.7781,0.1490029,1054.8291,0.26212066,-117.62553,-0.75408113,2623.9827,0.09908111,991.04626,0.340624,-119.07337,-0.73169273,-12.205785,-0.4136412,20.415462,0.27512488,0.0383499,0.5060341,-0.007992125,-1.7528496,0.07201069,1.0341494,30.153578,0.26924008,-7.3121543,-1.6870133,18.897287,0.701986,-15.347525,-1.1051936,-10.060505,17.754992,0.012919581,0.0050221505,0.03168742,1.323043,2.7716188,0.14999999,0.12409674,0.21636364,0.22662634,-36.977802,s,Ses04M_impro03,Ses04M_impro03_M021
454,31.397268,0.16899447,25.019592,32.45685,36.108345,11.088753,14.473088,5.2738285,29.744768,4.113413,0.25872478,0.86510664,0.0820401,0.17509827,0.37234125,0.29030114,4.103682,4.8471446,3.7311041,2.2184505,0.06874325,1.0940229,26.628569,0.34499103,-1.9320226,-6.6484475,21.333824,0.7512963,-19.240755,-1.1017112,0.018467303,0.84935766,1.285185,0.6527871,5.4933715,0.54677695,1.062865,7.2901735,18.261253,0.36393157,584.19806,0.34499672,1319.4464,0.11235537,-64.87538,-1.342722,1640.6256,0.15223297,1026.188,0.30099028,-71.53136,-1.1137626,2652.0437,0.08785352,1104.2639,0.547731,-72.87026,-1.0794122,-11.528157,-0.48858866,19.572897,0.30579433,0.040287126,0.51884305,-0.011734163,-1.3475128,0.09199202,0.8919628,28.518667,0.28414652,-4.2107387,-3.2380679,20.19054,0.87232965,-25.603834,-0.8277981,-11.873103,19.792461,0.0013266633,0.0038225413,0.021425871,2.9411764,3.0150754,0.22333333,0.14929463,0.103999995,0.037202146,-35.336143,o,Ses04M_impro03,Ses04M_impro03_F018
455,36.092487,0.20036522,27.24185,41.550507,42.41914,15.17729,57.864567,52.363342,31.034973,14.964173,0.19166116,0.5165511,0.103106044,0.185049,0.26052505,0.157419,2.5591314,2.409417,2.8668518,2.0942724,0.042849496,0.9233625,19.423386,0.6396503,-11.197869,-1.2220299,23.180822,0.630927,-13.258813,-0.87125313,0.019939017,0.6243159,1.5150645,0.577705,7.5909133,0.49139526,7.0819926,1.2718966,15.472331,0.4160217,559.83044,0.37708873,1293.116,0.13280046,-155.19852,-0.49609268,1698.0237,0.09831062,812.7906,0.33261573,-143.90259,-0.5465554,2647.3318,0.07775051,1045.8398,0.27677006,-143.32262,-0.5557834,-9.959854,-0.5427384,15.917739,0.44462085,0.039478082,0.54727805,-0.010713145,-1.2291553,0.06009384,0.7966882,23.02642,0.42603582,-7.7019296,-1.4937031,32.77232,0.5952636,-21.960129,-0.4868215,-4.5397296,11.205367,0.01259775,0.0060354373,0.0359298,3.8674035,2.840909,0.102,0.03187475,0.226,0.13410445,-41.62036,ag,Ses04M_impro03,Ses04M_impro03_M022
456,38.968647,0.17077655,32.336998,42.00413,44.53424,12.197243,21.338816,9.138758,233.13646,331.76773,0.34366557,0.79626983,0.14471598,0.25057602,0.505719,0.36100304,5.9794574,3.6666858,4.738609,3.1493654,0.108573176,1.1884842,22.01935,0.54948056,-10.591919,-1.3760499,19.956354,0.7782978,-17.697964,-0.9548657,0.020015623,0.93433785,0.96825343,0.7887768,9.074516,0.39455163,10.701099,0.8485552,17.778727,0.4798078,666.3168,0.36522064,1351.1991,0.16876823,-107.86064,-0.86161554,1714.4827,0.11551212,970.75946,0.32336652,-99.09784,-0.86500436,2721.4985,0.09140146,1026.8407,0.33044398,-100.365074,-0.8419122,-11.110985,-0.5909999,18.991085,0.38087225,0.05040609,0.3942346,-0.0044395933,-3.2346096,0.1517072,1.0010184,24.283155,0.43052122,-11.852439,-1.290403,18.702446,0.96480405,-23.713797,-0.75406474,-6.065537,13.070344,0.021360323,0.0021341774,0.055211212,3.0612247,2.3316064,0.23333333,0.17390929,0.17555554,0.11729462,-31.217836,o,Ses04M_impro03,Ses04M_impro03_F019
457,29.091156,0.21337996,23.49913,27.830244,33.212734,9.713604,155.54437,149.12683,25.732931,20.061255,0.16972014,0.82615286,0.085825816,0.13366717,0.20322414,0.11739832,2.81241,2.3960717,2.2039328,2.4569287,0.040084668,1.3968543,27.712656,0.37601888,-4.3817377,-2.8534727,21.268774,0.58359903,-10.49113,-1.1129787,0.015193011,1.434333,1.0957521,0.49958408,5.2578516,0.57796186,2.6326566,3.0694797,18.451115,0.49242398,550.79944,0.39415938,1327.8525,0.1554315,-104.9708,-0.91376114,1620.9955,0.15607332,966.84094,0.2879572,-106.11166,-0.8429325,2605.6099,0.0949663,1034.5156,0.30291617,-107.530205,-0.8187213,-12.40092,-0.43367466,20.220715,0.3117889,0.03867517,0.5000674,-0.0075985393,-1.6283349,0.05326941,1.2762961,32.421154,0.25267547,-7.716764,-1.5086205,22.831635,0.5877253,-13.582363,-0.9842507,-10.164864,17.172043,0.019241283,0.003523935,0.026707796,1.2987013,2.2367196,0.21833333,0.17150478,0.20875,0.1782861,-38.4723,o,Ses04M_impro03,Ses04M_impro03_M023
458,24.737194,0.09994198,23.218779,24.437983,26.256449,3.0376701,72.34338,81.74087,44.84135,93.424965,0.10486077,0.6336008,0.05303471,0.0923304,0.14077307,0.087738365,0.7128444,0.5658071,0.4537026,0.24362886,0.01936485,1.0182306,28.127125,0.32571414,-2.99144,-3.21522,20.013214,0.48505145,-8.572467,-0.95048624,0.011182029,0.9726003,1.1824306,0.5687371,3.8150675,0.44176605,-0.19605646,-48.961254,17.789854,0.4103498,528.75836,0.39754838,1329.2555,0.1668808,-135.22433,-0.67084503,1583.6154,0.14310041,984.50494,0.2892523,-138.28008,-0.6160457,2569.324,0.08745791,995.11896,0.3124407,-139.35472,-0.6005591,-13.091978,-0.29032555,20.74265,0.2470021,0.032734536,0.5015308,-0.005721285,-2.053259,0.026048947,0.95453924,34.85915,0.1324017,-8.197133,-1.0839947,24.3491,0.47326422,-9.040962,-1.0983459,-11.757921,20.244291,0.010154148,0.00376628,0.016113978,1.1621151,2.039627,0.15314285,0.12253912,0.30805555,0.29717013,-46.808952,o,Ses04M_impro03,Ses04M_impro03_M024
459,28.96825,0.21657304,23.673887,26.19603,36.269337,12.595449,204.31557,251.71692,36.131485,31.310984,0.2114455,1.0194503,0.06686745,0.14095071,0.28218144,0.215314,6.087711,4.8646336,2.8758502,2.4340785,0.053040396,1.573766,25.584385,0.4257737,-7.4642615,-1.4902847,18.886477,0.59388906,-13.496848,-0.7519988,0.01481704,1.0826892,1.1638874,0.6037328,4.477756,0.6271164,1.7444019,5.9720817,17.23329,0.4189855,581.3537,0.39899072,1322.0468,0.16077365,-126.62164,-0.73112804,1620.1383,0.1533897,1007.32697,0.23010051,-124.10534,-0.7157628,2630.3494,0.09888986,926.78735,0.2816385,-125.66934,-0.6916427,-11.4765005,-0.40388647,19.659523,0.26549172,0.044600643,0.4271148,-0.009972164,-1.2947553,0.08666147,1.2859672,30.67999,0.22961646,-10.562238,-1.1119143,18.943136,0.7676443,-17.882158,-0.6379143,-8.841746,16.771183,0.015583136,0.0043075727,0.030449701,1.2583892,2.611626,0.14516129,0.12039909,0.23928571,0.35169926,-36.92465,s,Ses04M_impro03,Ses04M_impro03_M025
460,34.263676,0.13472855,32.462975,35.756374,36.785927,4.3229523,77.60548,87.50934,101.480865,103.343895,0.32233167,0.89580506,0.069280155,0.22569315,0.5758663,0.50658613,4.7119975,3.01545,4.2540536,2.7493804,0.09040455,1.1929942,25.973694,0.3492916,-7.336105,-1.965476,16.761179,0.7440495,-16.67941,-0.72873497,0.020075735,1.9306989,1.0903835,0.7803894,6.763234,0.45884863,2.911124,3.6660728,17.717356,0.46249244,543.18256,0.32706466,1377.3884,0.15303136,-124.87284,-0.7446054,1560.2076,0.12365356,1000.8,0.2562573,-109.20341,-0.8310501,2655.01,0.07841944,937.2251,0.31185502,-112.899475,-0.7689385,-10.491275,-0.52063876,21.02436,0.28665394,0.05036643,0.38471708,-0.008921075,-1.1559725,0.15465634,0.7686851,29.056229,0.27611858,-13.079092,-1.1405473,15.532279,1.0333308,-22.905313,-0.5889952,-9.818601,17.412403,0.013683516,0.0041591115,0.032790907,2.0325203,2.4896266,0.185,0.116726175,0.19333334,0.14278966,-32.94003,q,Ses04M_impro03,Ses04M_impro03_F020
461,38.94866,0.009843521,38.622044,38.951553,39.27644,0.65439606,0.0,0.0,-0.24931526,0.0,0.10113629,0.48100808,0.050209966,0.10643735,0.14339432,0.09318435,1.0666677,0.8436499,0.6241892,0.38818195,0.019824138,0.82294255,23.357342,0.28038716,-4.3761487,-1.1338148,18.709957,0.34756443,-10.582297,-0.5363949,0.017985975,0.10238816,2.7148974,0.19457528,4.69078,0.0528415,5.7353992,0.9972114,23.877544,0.17245668,592.7469,0.30758083,1432.6998,0.06587099,-198.14801,-0.10439906,1596.0437,0.10934135,1120.1565,0.023639478,-195.7902,-0.13573544,2489.309,0.06501243,1034.4469,0.20759527,-195.94606,-0.1318927,-13.916594,-0.033954337,24.080845,0.031610746,0.015339616,0.1726503,0.0035449048,0.36250576,0.038986996,0.08981313,22.789967,0.092127435,2.6059878,1.1234467,16.712002,0.06159897,-17.494368,-0.16697745,-10.060911,17.87181,0.02093166,0.005498204,0.01993897,3.448276,0.71428573,0.03,0.0,0.66999996,0.37,-50.352562,ans,Ses04M_impro03,Ses04M_impro03_M026
462,38.865456,0.18812548,32.82975,36.11708,45.981964,13.152214,45.51616,25.635624,54.879635,30.903309,0.36848292,0.7547924,0.097939186,0.31789425,0.5582491,0.46030992,5.4809012,3.8712792,4.899374,2.96263,0.12613212,1.1398817,25.978224,0.33903736,-12.377128,-1.2781824,15.174059,1.0208073,-18.87415,-0.8543445,0.02015041,1.5544987,1.0479349,0.635111,8.286994,0.4385603,6.351316,1.3539889,17.667854,0.56106156,703.86664,0.378,1287.6188,0.21901606,-93.24822,-0.9942364,1703.8185,0.14207815,1082.2578,0.3527013,-86.12622,-0.99451345,2743.2808,0.08634952,986.76794,0.38687828,-89.681496,-0.92523694,-8.335601,-0.73737305,19.1124,0.4178276,0.050209835,0.50258946,-0.008162566,-1.7881539,0.17069128,0.8986802,28.638947,0.31569046,-17.963198,-0.7730549,13.400589,1.3433156,-25.726528,-0.5585485,-10.214668,17.39457,0.022003777,0.00035067895,0.054196723,3.5629454,2.1634617,0.27888888,0.21966867,0.1611111,0.17546411,-30.915943,o,Ses04M_impro03,Ses04M_impro03_F021
463,35.56801,0.13770644,31.285889,33.237194,40.860466,9.574577,10.880791,15.024511,26.552023,9.457382,0.24563648,0.81208956,0.07748941,0.17273706,0.41191447,0.33442506,5.7109594,5.393908,1.7189851,1.6247082,0.07225111,1.2834753,22.680727,0.47539306,-3.6445923,-3.2245622,15.362378,0.64355123,-10.290904,-1.2903812,0.023188196,1.1832803,1.0507749,0.5967147,7.902073,0.3424762,9.468951,0.6881576,21.560713,0.26866218,600.1338,0.33920896,1389.6229,0.14761825,-148.35707,-0.5675469,1599.6162,0.111771874,1075.3684,0.35108864,-146.04611,-0.56047416,2673.842,0.08403904,957.86,0.4882822,-148.45934,-0.52657664,-12.240737,-0.501749,21.656435,0.27690512,0.041919988,0.46099275,-0.010016343,-1.1484946,0.12597297,0.8888428,30.72017,0.21634163,-8.547299,-1.3637682,12.136036,0.8548928,-17.482325,-0.85470265,-9.4002,17.301176,0.015223047,-0.0012893623,0.0472724,2.4169185,1.5432099,0.18399999,0.13184841,0.444,0.40232325,-34.420685,ag,Ses04M_impro03,Ses04M_impro03_M027
464,37.801605,0.11217257,33.80596,37.83627,41.505047,7.699085,103.52613,111.34874,50.489067,45.11796,0.37712014,0.6982061,0.14520995,0.31852993,0.5743674,0.42915744,5.955023,4.051933,4.031949,2.4064922,0.124420896,1.1192319,22.854261,0.51319724,-8.974633,-1.5165949,17.569792,0.88473004,-17.913754,-0.88343287,0.021205587,1.0125074,1.0058281,0.55961066,7.307228,0.48081172,6.9131145,1.1855967,17.303776,0.5487155,701.40155,0.3855661,1322.3499,0.1922026,-97.52358,-0.93578357,1729.8951,0.14338952,1068.708,0.3602746,-88.52272,-0.95255435,2755.325,0.10887691,1023.2821,0.41673025,-90.072754,-0.92451113,-9.382387,-0.72529453,18.42473,0.4682145,0.048653893,0.39454672,-0.0102787735,-1.3548272,0.16287182,0.9203616,25.83845,0.4205823,-12.164377,-1.1462129,17.93224,0.98623365,-22.632084,-0.7190938,-7.0015545,14.9382105,0.020356953,0.0024319838,0.063276894,3.5561879,2.4355302,0.24470589,0.20702706,0.14470588,0.16967504,-31.718433,o,Ses04M_impro03,Ses04M_impro03_F022
465,34.934216,0.19935419,26.956448,34.662895,41.542492,14.586044,131.56697,107.53699,52.71657,45.96504,0.26043254,0.9754307,0.06461492,0.17281729,0.40052325,0.33590832,5.101397,4.166088,3.601813,2.39606,0.08626038,1.6062003,24.652582,0.36583665,-7.321781,-1.7080125,19.374958,0.7517945,-13.531912,-0.9011057,0.022083513,0.9965966,1.1201813,0.53589606,5.9167447,0.55868983,4.8169074,1.6306981,18.486158,0.4429636,673.8853,0.36495426,1336.9907,0.15569171,-131.83029,-0.6768338,1701.8807,0.13749675,1111.4918,0.33327088,-125.28085,-0.6899867,2686.1287,0.096853755,983.1602,0.28307116,-126.58532,-0.67112565,-9.500172,-0.588776,18.74455,0.39490038,0.044070747,0.45644084,-0.008027325,-1.5543345,0.1480052,1.2057838,29.191458,0.27675882,-12.130674,-1.0875394,17.196045,1.0955517,-18.31251,-0.81639785,-9.502036,17.473242,0.015325126,0.002241964,0.044170942,2.6279392,2.3676882,0.16470589,0.088525005,0.23647058,0.44619882,-33.342396,s,Ses04M_impro03,Ses04M_impro03_M028
466,33.765667,0.093611166,31.522018,33.69681,35.455627,3.933609,34.974556,3.5543041,7.661564,20.73933,0.36165312,0.88188,0.09177085,0.22636822,0.7244058,0.632635,3.7539768,3.8039806,5.2275352,4.8360076,0.121702105,1.123441,25.806854,0.491519,-8.156537,-2.054643,15.554732,0.93985474,-17.79941,-0.8631803,0.023157949,1.122103,1.4805983,0.47951582,3.9021757,0.73554707,0.6474668,9.761071,15.98757,0.49626246,718.28467,0.34702253,1305.1799,0.16305883,-106.487625,-0.89044744,1780.4266,0.18703717,979.4198,0.30396295,-104.124565,-0.86939293,2795.1943,0.1068821,960.3447,0.27235746,-107.79721,-0.8064491,-10.502178,-0.8539569,20.208784,0.37249094,0.051136553,0.33593485,-0.021468772,-1.2600429,0.2012449,0.7166173,33.967037,0.2531772,-15.947211,-1.1047801,12.727928,1.4022974,-28.473816,-0.46837386,-8.358939,14.951556,0.009844996,0.009635812,0.03209921,2.3255816,3.0120482,0.16,0.0883176,0.1875,0.16299923,-32.066257,oth,Ses04M_impro03,Ses04M_impro03_F023
467,37.26168,0.13594823,33.723083,37.930897,40.6893,6.966217,200.52846,238.06006,107.30544,93.14523,0.41618928,0.85131973,0.11102354,0.30789426,0.71708846,0.6060649,10.143642,6.0035324,4.799525,2.6521976,0.1447145,1.2492322,23.808325,0.4008956,-10.686999,-1.3501959,13.484624,0.88993233,-20.090092,-0.7390715,0.023298511,1.2396336,1.2922919,0.51489913,5.6368923,0.56831574,3.6094587,2.134458,15.23854,0.4455781,652.65356,0.4151869,1355.6578,0.16757084,-124.9131,-0.72822535,1668.5383,0.18659961,1023.39514,0.2716883,-107.204544,-0.8365055,2698.9612,0.11137915,935.9742,0.28689906,-109.6003,-0.7968758,-8.743538,-0.7260417,17.580719,0.37529132,0.051816184,0.3750306,-0.0144947525,-1.2534379,0.22677392,0.9144399,26.72623,0.339609,-16.71663,-0.87001795,11.954508,1.2189976,-27.751127,-0.5296955,-8.640512,16.732489,0.026032953,-0.00036821456,0.06389691,2.8318584,2.5044725,0.19071428,0.18599017,0.2023077,0.23813872,-29.778214,s,Ses04M_impro03,Ses04M_impro03_M029
468,41.099194,0.13276525,36.249195,40.77372,44.819687,8.570492,90.24132,64.77294,69.36589,80.98744,0.59905374,0.77750885,0.17182711,0.48102114,1.0375158,0.8656887,12.900282,5.560491,7.85731,4.178647,0.24973479,1.1413859,19.00863,0.39998364,-15.807052,-0.9230137,10.436933,1.3473483,-23.143066,-0.606737,0.02591571,1.3464886,1.1670362,0.63085586,6.802548,0.4984115,5.559552,1.5659364,14.788075,0.44257605,671.5269,0.42177477,1323.7516,0.2033241,-123.6947,-0.7154692,1660.3146,0.1676579,1076.9757,0.39613035,-97.1762,-0.9056147,2703.466,0.09979402,942.8516,0.29618487,-99.96653,-0.85633284,-6.872281,-0.79586065,16.215065,0.38463008,0.06702683,0.34469935,-0.011311513,-1.1427649,0.3292697,0.75980854,20.725195,0.385688,-19.84288,-0.754645,9.820364,1.6172987,-29.46574,-0.47850615,-5.8758936,15.057801,0.03727144,0.0011178543,0.16327941,3.084833,3.3854167,0.15307692,0.1897117,0.13,0.17161003,-26.192368,o,Ses04M_impro03,Ses04M_impro03_F024
469,40.756058,0.17983942,35.400604,39.84285,47.2217,11.8210945,366.4764,377.8291,52.886375,88.81402,0.3948408,1.0198518,0.060908455,0.26710266,0.6457142,0.5848058,12.7989,8.525136,5.793234,4.0692554,0.16787075,1.4572616,23.741999,0.3774361,-11.3139715,-1.1858927,8.696255,1.7407517,-18.837399,-0.82154495,0.029894356,1.2321471,1.3558701,0.5883424,5.7168527,0.6779288,4.280555,2.1711025,18.17584,0.45452756,791.09576,0.35325724,1265.2216,0.21190615,-146.0941,-0.5720777,1756.1528,0.16602391,1189.0525,0.42409605,-133.0345,-0.6468175,2791.0935,0.104329586,942.6478,0.335681,-136.07086,-0.60297817,-6.1684375,-1.0130556,19.429447,0.3668314,0.065774955,0.33278665,-0.0059815096,-2.5007954,0.30139825,0.84625524,24.92139,0.44019887,-20.430931,-0.63403517,0.5279797,33.37673,-25.391584,-0.7288386,-9.292535,19.02494,0.021558657,0.0013175857,0.098264016,2.1341465,3.2258065,0.10047618,0.09332362,0.20842105,0.27326992,-28.106577,ag,Ses04M_impro03,Ses04M_impro03_M030
470,37.81141,0.15161146,32.731865,37.975166,44.206566,11.474701,159.53627,123.86788,36.869667,40.276775,0.4166772,0.80433345,0.09543489,0.34230006,0.6506226,0.5551877,10.621831,8.79919,4.0786343,2.1673915,0.16018355,1.137932,25.900408,0.35455522,-11.093105,-1.1467844,10.318679,1.6656188,-20.876404,-0.8639103,0.027923359,0.9874074,1.3318089,0.54144406,5.3981733,0.73487943,2.7553325,3.3189273,18.136028,0.54663813,800.4869,0.3597071,1257.7882,0.203516,-124.78443,-0.7388815,1777.4161,0.16130583,1181.1758,0.36961955,-116.53738,-0.7737248,2807.8594,0.109628744,937.24536,0.3524854,-119.98822,-0.7196673,-6.2516,-0.9435701,19.850933,0.3874361,0.059544925,0.2700417,-0.0074369176,-2.0782983,0.23973832,0.7372246,27.688755,0.39832944,-19.222782,-0.6206783,2.962681,6.640686,-25.856441,-0.7974069,-10.547196,19.406239,0.026203265,-0.0042815413,0.10373237,2.4456522,3.3057852,0.12333333,0.106405936,0.17272727,0.18978892,-28.860405,s,Ses04M_impro03,Ses04M_impro03_F025
471,30.086775,0.24588013,24.36469,27.81844,40.51579,16.151098,76.09733,29.538149,21.062319,8.456471,0.146484,0.97396153,0.05996511,0.110787705,0.17398727,0.11402216,4.290005,5.261182,1.4677103,1.7052197,0.031188311,1.8907518,21.43429,0.5605399,-3.3458545,-2.4822752,17.301294,0.50705063,-11.993669,-0.681632,0.02048749,1.4096171,1.1538717,0.4455551,4.5504723,0.49295864,1.6701784,4.8473506,17.91415,0.49619964,669.6845,0.4114546,1325.7876,0.20186073,-150.8657,-0.53896827,1704.6,0.16813105,1049.7583,0.23950551,-149.08682,-0.5289885,2744.3555,0.09248698,960.8602,0.41709635,-150.47829,-0.509695,-12.270534,-0.3502552,21.043842,0.27986646,0.031267457,0.61084175,-0.003141955,-4.4416637,0.048316695,1.5987583,28.889553,0.37643313,-2.5743985,-3.441898,18.037025,0.67027074,-13.811979,-0.7285224,-7.6123157,15.756081,0.010740779,0.008311479,0.024535501,0.6060606,2.1374047,0.12214286,0.08099193,0.30333334,0.27707195,-40.878986,q,Ses04M_impro03,Ses04M_impro03_M031
472,35.965424,0.036032304,34.851418,35.55307,37.4559,2.6044807,11.831411,4.7678766,28.952648,9.936096,0.14255717,0.876685,0.0747791,0.1056737,0.17363033,0.098851226,0.7081785,0.3474243,1.4084734,0.9445685,0.12948455,2.5131242,21.001719,0.35896948,4.4950986,1.913634,21.191162,0.44862035,-8.518328,-1.4675322,0.015536175,0.54301065,1.2941278,0.4418838,5.1526327,0.15340233,3.775711,2.461256,14.053616,0.45287615,522.6519,0.1533851,1318.4242,0.06778089,-176.3558,-0.3490964,1749.0018,0.05277238,916.2157,0.28281108,-176.52393,-0.33080757,2629.328,0.048510652,1205.8575,0.46158564,-176.04138,-0.3386453,-12.967414,-0.2133158,17.399698,0.23067561,0.0041569252,3.5495434,-0.013666507,-0.52929246,0.038913436,0.32369387,24.805624,0.053382937,-0.4254757,-14.826852,29.853024,0.14427535,-23.153385,-0.28759512,-15.970478,24.151024,-0.022343758,-0.0011700483,0.14916553,1.1627908,1.1976048,0.105,0.015,0.47,0.51231503,-25.38235,s,Ses05F_impro03,Ses05F_impro03_F000
473,27.03495,0.020631677,26.61807,26.856358,27.669205,1.0511341,39.408684,0.0,-6.8658123,22.93869,0.14237447,0.82946867,0.080170915,0.10622618,0.13877766,0.058606744,1.5006044,1.2347362,0.8704857,1.031026,0.037584838,1.7601522,20.388086,0.40332383,-3.0896032,-2.187826,13.06234,0.55962753,-12.673399,-0.8104911,0.053387288,0.5598208,2.3077283,0.38325363,3.3821921,0.72544867,1.3214295,2.9167285,23.051928,0.22067165,801.0163,0.20165679,1383.8119,0.14809369,-183.21329,-0.28382415,1944.8368,0.11777513,1247.8182,0.17469893,-184.9027,-0.25358233,2971.18,0.08223185,956.15643,0.2315921,-184.65266,-0.25829646,-19.314852,-0.26886287,29.441156,0.1918859,0.012605493,1.600755,-0.02114683,-1.1513714,0.089001685,0.743251,33.735046,0.23150577,10.3749075,0.64660835,18.364878,0.37971473,-9.694743,-1.5854199,-7.28101,16.366741,0.0043887375,0.0042608157,0.033317726,1.6806724,0.877193,0.099999994,0.0,0.505,0.155,-39.34243,q,Ses05F_impro03,Ses05F_impro03_M000
474,34.963097,0.104347475,32.12896,33.729004,38.727657,6.5986977,36.405987,19.59142,46.612507,5.433301,0.16682002,1.0166597,0.06303154,0.08211535,0.21774064,0.1547091,6.10354,9.395578,1.3600531,0.6140474,0.054147307,1.7181304,24.58329,0.28087267,-3.8417468,-2.0762367,13.521792,0.8449724,-16.021141,-0.8450071,0.047772296,1.376311,1.0961846,0.61102223,5.8424087,0.4458495,1.3615152,7.610148,18.262533,0.60187817,637.581,0.33041126,1271.1515,0.12981379,-156.53242,-0.5060904,1731.0533,0.1676205,983.4579,0.22530115,-155.04466,-0.49637628,2781.4534,0.101586744,909.8494,0.30675507,-155.86115,-0.4842293,-12.218595,-0.42651016,20.951567,0.3883975,0.03553164,0.7006016,-0.021042371,-0.5900352,0.1369475,0.8711885,32.215706,0.19346127,-7.105652,-1.5374464,9.059484,2.0295749,-29.34419,-0.5629233,-10.623194,19.18186,0.005598886,0.0046721343,0.027137501,1.0666667,1.3513514,0.176,0.13245377,0.45166668,0.6243507,-36.66305,q,Ses05F_impro03,Ses05F_impro03_M001
475,35.868515,0.11845188,32.14663,33.92436,40.055798,7.9091682,38.37782,26.196573,43.111027,0.0,0.16620062,0.96127015,0.06432591,0.099095084,0.20893946,0.14461356,0.7155318,0.29830515,1.1324295,0.90243304,0.058179934,1.8753539,24.13396,0.22865213,-5.3588133,-1.6486964,15.480182,0.9235668,-18.1739,-0.84995496,0.051856443,1.4536401,1.2994833,0.55182785,5.40525,0.50165004,2.1767004,5.668555,15.989156,0.83971006,665.29346,0.32479617,1240.9924,0.13995124,-149.48758,-0.55211335,1835.721,0.13075602,935.72784,0.27445891,-145.08987,-0.55978084,2779.854,0.11040808,980.2459,0.24558163,-145.31807,-0.5554299,-11.441693,-0.3932972,18.604769,0.45581466,0.031695444,0.8836828,-0.023412805,-0.53680414,0.12438896,1.1689147,28.471634,0.1312444,-9.487759,-1.3147202,10.558461,2.1232483,-29.804686,-0.55585176,-10.723186,19.426392,0.009323658,0.0015815683,0.031850353,1.0695187,2.1978023,0.1275,0.10084021,0.24399999,0.19303884,-35.929516,ans,Ses05F_impro03,Ses05F_impro03_F001
476,31.637945,0.19932567,23.778126,34.159912,37.15909,13.380962,199.28166,114.89174,33.304794,1.9888401,0.3150582,0.78980416,0.0642828,0.25798982,0.5216369,0.4573541,2.764187,1.6226032,3.4644663,4.3120227,0.09330684,1.1246424,19.426762,0.86968404,-15.142329,-0.7644538,17.206812,0.68918204,-21.793371,-0.6584434,0.03218741,0.74683976,1.2645564,0.43160135,1.116679,1.8376855,-1.1586723,-9.328774,9.247097,0.7377967,518.2479,0.33147165,1347.1196,0.12425542,-145.43742,-0.5957892,1542.0272,0.15290494,920.1492,0.10352324,-141.02359,-0.60780257,2666.785,0.08446315,851.5068,0.56888664,-143.23726,-0.57551044,-8.341565,-0.42534256,17.456202,0.1850569,0.02602201,0.556777,-0.019877663,-0.49399287,0.13995834,0.75089276,28.501865,0.14127016,-23.90655,-0.46090627,12.156068,0.8786329,-37.61619,-0.30725423,-2.8343165,11.336686,0.007982262,0.008057441,0.07814488,2.222222,2.34375,0.12333333,0.07542472,0.28333333,0.2049932,-34.633633,c,Ses05F_impro03,Ses05F_impro03_M002
477,32.309822,0.16192378,30.475342,32.57811,35.90879,5.433449,185.544,124.605736,29.10746,1.1687002,0.32954234,0.837918,0.105345726,0.24182203,0.4684663,0.3631206,4.2085614,1.4602563,2.545952,1.7955949,0.09556967,0.97127473,27.527027,0.21604502,-14.429462,-1.0750531,15.048455,0.70138246,-20.964203,-0.98303264,0.023648737,0.63240135,1.2841598,0.5857875,3.7664654,1.1282438,1.565376,7.1715775,14.920194,0.8148361,632.10315,0.36789563,1355.9872,0.1299446,-118.15686,-0.7652889,1690.6685,0.16806844,965.2423,0.14242145,-114.65163,-0.7600696,2794.8167,0.087277964,988.128,0.56632483,-118.06121,-0.7097063,-12.998154,-0.69027716,21.572727,0.35855627,0.018556017,1.0312511,-0.0139509365,-0.95889384,0.11928103,0.69251955,29.61298,0.21070878,-13.091665,-1.5866647,17.153704,0.7969211,-20.037664,-1.4187889,-7.648695,16.547935,0.0053558024,-0.0023540948,0.06320866,1.7857143,3.738318,0.114999995,0.07533259,0.17333333,0.07318166,-31.209764,ag,Ses05F_impro03,Ses05F_impro03_F002
478,34.320797,0.0830664,32.066494,32.472393,37.32362,5.257126,335.87613,444.4138,14.2827425,18.21069,0.45684087,0.7447221,0.08978616,0.3581401,0.84243405,0.7526479,2.4926126,0.65933233,2.2179496,0.54603696,0.12426085,0.9430535,27.828892,0.30870628,-5.2744536,-2.6520033,19.734358,0.6230096,-20.673105,-0.9072593,0.015395297,1.5964907,0.73735076,0.85258496,8.789797,0.4099159,1.8753378,5.288592,21.06668,0.5007482,702.1798,0.28423345,1348.1714,0.19427212,-86.389786,-1.0507687,1795.5985,0.1383279,996.7204,0.40338734,-84.101456,-1.0104942,2820.7227,0.08659929,937.5066,0.5187934,-85.41668,-0.9857543,-15.189628,-0.5122796,20.970814,0.3744636,0.050480194,0.61496854,-0.02667442,-0.7310608,0.16109054,0.68210334,32.55314,0.22643644,-2.664394,-6.1837234,18.96234,0.5933986,-24.13876,-0.86665976,-9.064762,17.53199,0.006567491,0.0001642299,0.06971641,1.8750001,1.9354839,0.32,0.3470831,0.13,0.083666,-26.947317,s,Ses05F_impro03,Ses05F_impro03_M003
479,36.06743,0.078999884,32.877804,36.92665,38.913616,6.0358124,496.76477,467.43353,19.898342,16.87081,0.38078362,0.8005576,0.083287664,0.3223353,0.7648636,0.68157595,1.7407355,0.6979875,2.0630965,0.61261404,0.11923976,1.0802,25.234081,0.29007724,-10.189466,-1.1862682,18.157248,0.740854,-20.871319,-0.62291706,0.022994075,1.3277928,0.7333426,0.66510063,7.0046515,0.5616616,0.19324018,61.39553,18.973495,0.60970974,678.7611,0.3130404,1399.6915,0.22390974,-111.18316,-0.8360243,1756.4777,0.12702854,1117.4846,0.40114155,-107.16196,-0.8322209,2756.7932,0.09139578,1110.6271,0.4153845,-107.63798,-0.82370275,-12.989105,-0.54278135,19.374077,0.38770556,0.058373503,0.52684987,-0.024659803,-0.53380406,0.17799152,0.71950376,30.055153,0.24319692,-10.543377,-1.5185385,15.45846,0.7810922,-27.642588,-0.30027843,-8.732686,17.156134,0.009083691,0.0007016552,0.071982644,1.7857143,2.8037386,0.17,0.13589211,0.16666666,0.13767917,-29.020348,ag,Ses05F_impro03,Ses05F_impro03_F003
480,38.541172,0.11169405,36.86394,39.32947,42.51431,5.6503677,28.084654,19.637663,53.79225,17.917875,0.3530049,0.9798571,0.10750134,0.21758133,0.5242691,0.41676778,1.8245578,0.90147907,3.2446022,1.334465,0.120026425,1.2732688,22.378664,0.5014159,-9.258497,-1.4109707,13.041299,1.104676,-19.433268,-0.61803925,0.02834908,1.8514647,1.153286,0.5485179,8.797602,0.4996552,-0.93856806,-12.815929,12.438759,0.91947156,768.97314,0.29267648,1236.949,0.22515878,-109.86477,-0.8147319,1740.045,0.13260749,1092.8124,0.40603745,-107.33317,-0.8106143,2799.137,0.10860214,971.85205,0.3644851,-111.105156,-0.75074226,-10.669395,-0.55388093,22.089966,0.399306,0.030875118,0.5618818,-0.003967101,-2.8015354,0.15816694,0.9809252,26.757784,0.3742113,-12.168604,-1.1963199,11.031979,1.4775707,-23.729965,-0.47635612,-6.9334555,14.256205,0.012739586,0.0022319597,0.088929504,1.2195122,3.1645572,0.152,0.108701415,0.144,0.14867413,-29.826563,q,Ses05F_impro03,Ses05F_impro03_M004
481,40.21556,0.08139322,38.906166,39.71082,43.667664,4.7614975,9.527588,6.5158353,35.87438,0.0,0.20370087,0.65864676,0.0713782,0.17933601,0.3175017,0.2461235,1.4074448,1.026253,1.5582986,1.1890161,0.054365564,1.0234841,24.84701,0.46365303,-7.839491,-1.0989702,7.1598344,1.5729008,-19.228018,-0.5787134,0.02704245,2.116024,1.171545,0.553869,9.822234,0.4295643,-2.801728,-4.558733,16.386059,0.52216053,777.33185,0.24189423,1270.0964,0.22112747,-109.64466,-0.8299382,1725.2103,0.12404188,1017.31793,0.363329,-107.85558,-0.81134415,2845.948,0.102175795,943.81506,0.3986816,-113.19784,-0.72676104,-11.924216,-0.48336017,25.122368,0.31028664,0.026970096,0.6388805,9.13973e-05,75.5362,0.08726469,0.7044619,29.07425,0.32508084,-9.097577,-1.1540775,6.2957234,2.3550594,-22.768343,-0.4908626,-6.7527547,15.765132,0.013352263,0.007237492,0.023598729,2.5641026,1.7857143,0.28,0.04,0.17,0.13735598,-33.23048,ans,Ses05F_impro03,Ses05F_impro03_F004
482,38.651203,0.14714219,32.52113,39.63616,44.698376,12.177246,42.88767,51.320744,44.606434,12.0794935,0.565315,0.6634938,0.15984762,0.5801056,0.88221246,0.72236484,6.5050187,4.5409555,5.3524547,2.455111,0.20889981,1.1810545,27.532677,0.2728883,-11.554568,-0.9567143,14.271051,1.182878,-23.320667,-1.0069427,0.019695826,2.7827053,0.70648515,0.54345787,10.210354,0.3777269,9.6845255,1.1067214,19.49825,0.3474387,681.38464,0.36469084,1252.6583,0.14416714,-68.33017,-1.2701887,1748.0254,0.16280885,983.1605,0.30928802,-63.494495,-1.1904006,2739.82,0.11669223,872.6044,0.28972593,-64.32532,-1.1673423,-12.428748,-0.42567113,19.194788,0.31944454,0.05041652,0.44387585,-0.014474032,-1.0894355,0.23954275,0.89871126,28.107193,0.29691496,-12.251628,-0.9647939,12.108047,1.4948232,-27.323196,-0.93040264,-9.876233,18.896767,0.012397857,-0.00045061507,0.12999885,2.8391168,1.923077,0.38166666,0.46052203,0.114999995,0.12606215,-24.904533,q,Ses05F_impro03,Ses05F_impro03_M005
483,34.059814,0.08932286,32.160122,32.786194,33.803226,1.6431046,17.690245,11.273757,20.85115,10.934106,0.39595667,0.7800759,0.12161171,0.25377935,0.73297685,0.61136514,6.307788,3.5191646,4.9498277,2.274689,0.10992183,0.9372611,31.320131,0.1731184,-10.966337,-0.6766908,20.958008,0.51775604,-15.296533,-0.88060063,0.012035461,0.8789409,0.91816497,0.5516902,7.8813443,0.30277038,3.2911289,3.7389207,19.258158,0.307463,572.45325,0.38071334,1245.7557,0.099529676,-96.130936,-0.98354965,1616.4629,0.13465522,917.37726,0.17417847,-88.23488,-0.98492867,2645.0945,0.115182504,887.6917,0.27930763,-91.05091,-0.9315791,-11.940457,-0.3115851,19.101332,0.2413554,0.039201412,0.49906892,-0.015818575,-0.75609976,0.14315127,0.6166579,33.55696,0.15809746,-12.445323,-0.5989466,21.552755,0.5239864,-15.656594,-1.0564947,-10.795884,19.765327,0.010346374,-0.0065712207,0.0676538,3.1578948,2.7027028,0.21399999,0.27251422,0.136,0.108,-29.260021,ans,Ses05F_impro03,Ses05F_impro03_F005
484,31.686724,0.11012947,28.953583,31.483152,34.78896,5.8353767,26.520252,1.1546135,40.846336,2.9353547,0.30118442,0.9127189,0.06085922,0.19765958,0.62323064,0.56237143,4.250319,2.2085721,3.1945407,1.9353893,0.09499894,1.1657622,23.231642,0.4475414,-4.607958,-2.340704,14.978769,0.6640615,-21.633863,-0.8041729,0.029624613,1.0275751,1.4770079,0.77049404,4.651506,0.612992,1.0460844,7.726174,12.339667,0.5129555,644.99255,0.3880269,1289.3566,0.18665858,-143.43394,-0.5943278,1699.3365,0.20554918,1075.0549,0.2230075,-139.68736,-0.60143745,2651.929,0.12478699,921.59656,0.44068187,-140.12167,-0.5948367,-11.383124,-0.41819435,18.726114,0.23736534,0.03892059,0.62621486,-0.029635306,-0.640545,0.20989807,0.52419645,30.998093,0.18111292,-11.640793,-1.1250712,15.191628,0.82599974,-35.56355,-0.51882064,-9.020779,17.744299,0.008331834,0.0036187659,0.042666912,1.980198,2.030457,0.1525,0.11053845,0.25399998,0.17828067,-32.213684,s,Ses05F_impro03,Ses05F_impro03_M006
485,37.760586,0.21697283,29.202806,33.218285,48.209946,19.00714,32.710625,11.567507,143.94807,0.0,0.26798204,0.8767799,0.08259758,0.1632378,0.41532803,0.33273044,4.385536,2.3180926,4.9939995,5.3239694,0.07453772,1.2739662,19.108192,0.46763685,-5.4689474,-1.9249886,16.056404,0.7832425,-16.782085,-0.67391044,0.025316369,1.0128657,1.3606002,0.5542264,6.6853204,0.47355765,5.500939,1.3930695,11.438542,0.49154216,686.5991,0.44298244,1372.9425,0.21382755,-148.32874,-0.54224014,1634.3252,0.15402968,1108.5156,0.27740237,-142.08507,-0.57426995,2631.5745,0.12528712,1049.9585,0.32311118,-143.35295,-0.55599487,-10.329564,-0.32804647,19.707363,0.20065834,0.039744657,0.59781295,-0.008309626,-2.0759914,0.11850635,0.9946067,23.720877,0.23131819,-11.363625,-0.9798061,14.909649,0.9283941,-19.533615,-0.47319955,-6.9887323,14.783745,0.015374697,0.0051109595,0.04505011,1.5544041,2.673797,0.11,0.05899152,0.24399999,0.1908507,-33.77316,oth,Ses05F_impro03,Ses05F_impro03_F006
486,29.95365,0.21976279,25.694063,27.637808,32.514843,6.82078,184.80957,156.13538,64.59753,73.457214,0.35530868,0.77022606,0.12563711,0.28411543,0.558306,0.43266886,5.924367,4.1759367,4.0816584,3.174637,0.11728559,1.1617638,26.006004,0.4351328,-8.412113,-1.4538631,29.001812,0.52255386,-10.1875305,-1.4792138,0.024810854,0.9279131,1.1838481,0.7301574,5.406119,0.4732215,4.34653,1.9272581,17.91849,0.4266255,591.00635,0.4394667,1271.0485,0.18500362,-97.30765,-0.9404921,1621.6752,0.12738183,951.89294,0.35497525,-98.75972,-0.88199663,2595.0742,0.09388908,896.57996,0.26079068,-99.538445,-0.86797607,-11.206111,-0.39639014,17.88604,0.2642365,0.03719065,0.6531822,-0.011834194,-1.3312953,0.15577686,0.8628512,30.608526,0.23711774,-9.978303,-1.2481513,33.167324,0.49376357,-11.759085,-1.3961488,-7.3102674,14.431271,0.005048314,0.0051719,0.07058538,3.6324787,3.030303,0.17285715,0.10463737,0.16,0.16995098,-30.354277,o,Ses05F_impro03,Ses05F_impro03_M007
487,39.910297,0.14375441,34.287807,38.555546,48.571377,14.283569,139.44531,149.61511,166.5504,40.84773,0.2275963,0.6657246,0.10358476,0.19996893,0.3479153,0.24433053,2.9953337,1.5825497,0.28379267,1.000333,0.053093296,0.775977,28.128931,0.17909563,-16.45485,-0.7417221,19.442213,0.74102175,-26.686705,-0.8019025,0.03835298,0.9578738,1.5685303,0.42058337,5.647289,0.7080064,0.5029954,29.068665,11.939139,0.76360136,670.0283,0.33670986,1258.784,0.13581388,-132.23782,-0.6659942,1721.3865,0.12017987,1139.9838,0.43719053,-124.680695,-0.6819318,2721.511,0.08936456,900.04803,0.2723305,-124.825035,-0.68002146,-9.431337,-0.58761346,18.377535,0.33413368,0.038912117,0.5220853,-0.020879172,-0.79236203,0.0633359,0.6771646,28.598438,0.22173886,-19.659332,-0.5387957,14.574036,0.7495588,-39.316284,-0.17455198,-9.938617,17.512018,0.015203782,-0.00093792286,0.0439073,2.3529413,4.2424245,0.087142855,0.04430875,0.12857142,0.12999214,-36.547436,ag,Ses05F_impro03,Ses05F_impro03_F007
488,37.34701,0.14397848,33.75603,33.97354,42.75948,9.0034485,12.524759,4.704507,177.45114,29.946991,0.27313355,0.5680741,0.15079322,0.22091872,0.37194997,0.22115675,2.9207664,1.9301203,1.4363867,0.74643064,0.056865357,0.7243955,26.918808,0.41017696,-14.919576,-0.6464855,13.604224,0.71054584,-27.706163,-0.48451802,0.02200772,1.1385652,1.0994477,0.63627243,7.31381,0.49528086,1.9333043,6.658134,20.016312,0.35030627,602.316,0.28494027,1370.9296,0.21400313,-109.57241,-0.85058373,1620.4977,0.12930696,1085.553,0.17221646,-108.8795,-0.7955012,2671.3413,0.08543217,922.086,0.35548294,-110.772484,-0.7649953,-12.7441225,-0.36011723,21.447918,0.2738603,0.03585688,0.45327428,-0.02348131,-0.682362,0.07634634,0.61813366,33.64831,0.22836533,-12.019204,-0.8976492,10.967904,0.8930214,-30.459026,-0.41862077,-4.3122244,11.90669,0.01570201,-0.0011399264,0.038874604,2.1739132,3.3519554,0.14,0.15864004,0.13833332,0.0949415,-34.520805,s,Ses05F_impro03,Ses05F_impro03_M008
489,34.608826,0.13970286,30.63401,34.58322,37.41925,6.78524,95.59081,91.53141,48.77496,25.58415,0.3341604,0.8504551,0.1484099,0.22343248,0.5107335,0.36232358,4.543438,6.1625257,4.2910056,3.5278442,0.10017813,1.3640434,25.274145,0.29226172,-11.993153,-0.8583863,19.025515,0.70866364,-26.510262,-0.5068223,0.022067798,1.0892359,1.2505144,0.5690411,5.413142,0.46762338,1.7927438,5.554694,16.93862,0.48452964,621.5906,0.35860336,1342.2529,0.19680695,-95.7673,-0.9775367,1663.317,0.13479942,980.1822,0.26234034,-90.39777,-0.96778196,2697.407,0.0901548,888.54034,0.36167464,-91.256676,-0.9519324,-10.522782,-0.37068516,17.824617,0.26591507,0.04499199,0.48781842,-0.0151980715,-0.7834722,0.1203073,1.2508978,28.001884,0.2044758,-13.578878,-0.77007014,19.39733,0.71654624,-30.706717,-0.3856901,-7.69457,14.893845,0.019469475,-0.0038039966,0.07189205,1.9148937,3.448276,0.16,0.11842719,0.125,0.096417986,-30.983679,o,Ses05F_impro03,Ses05F_impro03_F008
490,33.31481,0.10923113,31.207628,34.060272,35.172913,3.9652843,111.09236,48.286613,41.220974,24.47975,0.45254195,0.8011562,0.17813993,0.26550803,0.7158373,0.5376974,6.456515,7.095464,6.117236,3.449444,0.16120791,1.1479298,27.162468,0.18881656,-11.458938,-0.7443627,17.675373,0.9401525,-28.795156,-0.41191974,0.023456471,1.0939078,1.3264853,0.65111136,4.9092894,0.53760403,-0.04334694,-199.57564,16.203445,0.58748823,575.0936,0.35197672,1323.4075,0.16875546,-72.75842,-1.2115142,1626.8522,0.13058259,950.21576,0.31260234,-70.69682,-1.1225297,2666.074,0.07679163,820.0251,0.26684386,-72.146866,-1.0920664,-10.934868,-0.28307348,19.130262,0.21449772,0.045279596,0.5175563,-0.015753781,-0.7026937,0.16678563,1.170231,27.525444,0.19726714,-11.609467,-0.79834765,18.274908,0.8795695,-29.252344,-0.42995408,-9.970283,17.583918,0.03592204,-0.017272152,0.16777703,2.5641026,4.2328043,0.15375,0.11499321,0.07,0.030237157,-28.218382,ag,Ses05F_impro03,Ses05F_impro03_M009
491,28.202217,0.21007343,23.059458,26.597488,31.091356,8.0318985,117.02729,89.98527,67.31428,72.70568,0.39974812,0.55250776,0.19033298,0.38520044,0.58515805,0.39482507,4.564172,2.596165,3.8323345,1.7554061,0.11238443,0.7093508,31.019459,0.2869804,-14.095391,-0.7873293,25.678421,0.47389796,-14.099724,-1.0456886,0.02822081,2.407335,1.1938295,0.60666436,3.9894836,0.7129256,2.8376815,2.0784762,18.413874,0.41258833,680.965,0.39772364,1279.789,0.17274676,-78.91446,-1.1228051,1665.7518,0.14257054,1006.41986,0.30207255,-78.04525,-1.0811727,2672.0786,0.10877117,911.1646,0.3596182,-80.544495,-1.0261757,-9.099862,-0.54266435,17.297695,0.3585472,0.039371755,0.5160484,-0.011852012,-1.0678494,0.1339731,0.57622117,34.026737,0.20570412,-15.703877,-0.72484815,25.657497,0.4794924,-15.5900345,-0.93499625,-7.2372847,15.435346,0.018715128,-0.0019436162,0.0767826,3.521127,4.092527,0.14782609,0.103502005,0.091578946,0.07795162,-32.595367,s,Ses05F_impro03,Ses05F_impro03_M010
492,23.7311,0.09090917,22.420643,22.9952,24.41037,1.989727,117.1793,106.12349,26.579641,16.943193,0.40498686,0.42487198,0.19174835,0.44140208,0.5734327,0.38168433,2.9780054,2.2343576,2.81887,0.8878204,0.10171176,0.48165065,32.17263,0.19278814,-18.509861,-0.481526,31.17221,0.41478056,-8.1988325,-1.5424006,0.046312783,2.5644395,0.95024973,0.4790026,2.3479543,0.77996457,3.7341008,1.0021644,15.88698,0.42824334,735.3043,0.4102485,1268.5817,0.1833867,-76.56239,-1.1722215,1692.9777,0.13532081,1118.6979,0.38816103,-77.54142,-1.1327615,2651.1592,0.11093722,987.5359,0.263708,-80.19848,-1.073841,-7.1879673,-0.54113644,15.238048,0.3132718,0.03555644,0.46065405,-0.010605152,-0.9706422,0.12129397,0.33129653,34.850838,0.11145387,-20.211569,-0.46101797,32.064793,0.36478436,-10.656313,-1.0805229,-6.430184,15.429498,0.020097833,-0.0014812679,0.07765771,4.605263,3.4013608,0.176,0.1132431,0.08,0.05259911,-33.920746,ag,Ses05F_impro03,Ses05F_impro03_F009
493,32.413795,0.19877,25.408709,34.965466,37.560665,12.151957,111.94637,64.92065,99.22999,81.031944,0.40345237,0.60624397,0.18416013,0.34259644,0.61598766,0.43182755,4.7003818,3.1443324,2.7009873,2.364875,0.10941177,0.84547454,29.589016,0.18029408,-19.304152,-0.46291623,21.95607,0.59135646,-23.335163,-0.48593414,0.019233735,1.4569366,1.2331419,0.47426015,4.3882294,0.63016945,3.4089189,2.2809706,14.633432,0.5006748,607.04486,0.38956246,1320.4983,0.21495283,-64.123985,-1.3332182,1621.6041,0.13383117,983.32446,0.23900701,-60.09419,-1.3051112,2606.7937,0.086467884,981.37134,0.33127412,-62.203876,-1.2406383,-7.296837,-0.4729549,14.715823,0.36869416,0.037272334,0.55913526,-0.011002626,-0.93698186,0.12120598,0.77566046,29.730764,0.18372408,-21.002064,-0.42615953,22.772867,0.60908526,-25.573603,-0.3901294,-7.4148884,16.547909,0.026551824,-0.0030901718,0.08307542,2.5210085,3.7037036,0.18846153,0.15245913,0.07272727,0.049191814,-33.33315,q,Ses05F_impro03,Ses05F_impro03_F010
494,31.23103,0.12329398,27.713272,31.672241,34.948143,7.234871,97.39811,101.97855,29.646402,14.444818,0.40136293,0.70588505,0.13817447,0.3250919,0.7134384,0.5752639,5.6912637,6.1841226,4.6690903,4.9456573,0.11114236,0.8934359,24.986166,0.43986577,-9.214685,-1.2912618,22.255646,0.6513022,-14.96974,-1.008347,0.021175662,1.7717613,1.0717255,0.7099852,6.1074276,0.4854441,3.6466427,2.4612525,16.418114,0.46804774,583.7429,0.38951597,1292.0579,0.2045399,-98.81729,-0.9553736,1616.203,0.14764842,957.0392,0.29892007,-98.703,-0.9054807,2638.9182,0.09263562,866.55194,0.2697878,-100.13521,-0.88069284,-10.655817,-0.5948717,18.519407,0.39996848,0.04021444,0.62297416,-0.014345566,-1.0592306,0.15750326,0.6440636,29.686972,0.26736355,-10.126519,-1.2744505,24.521574,0.70952976,-18.625187,-0.94087297,-6.310979,14.914692,0.011003074,0.002862572,0.056526244,3.409091,2.1032505,0.25181818,0.23540364,0.20363635,0.23902349,-30.93243,ans,Ses05F_impro03,Ses05F_impro03_M011
495,31.239494,0.1007283,28.637114,30.546534,32.686855,4.0497417,29.438084,17.215563,31.90092,2.7827215,0.53529316,0.5881034,0.1692165,0.58009726,0.8340579,0.6648414,3.8905761,1.1191711,1.7570343,1.7575135,0.13232712,0.7040544,23.809902,0.46664554,-9.686979,-1.0415481,16.117,0.6983785,-18.618723,-0.8985651,0.025475914,2.3341377,0.9795564,0.83668506,6.1498156,0.5055014,2.0833015,3.313588,15.221352,0.39347845,586.6469,0.31462222,1256.24,0.14730076,-93.664856,-1.028084,1623.5219,0.16248211,982.49524,0.19768143,-94.42059,-0.9711251,2652.1409,0.077580385,850.1638,0.2592694,-96.27162,-0.9381785,-9.76333,-0.43411306,18.013208,0.32335466,0.04375039,0.58558846,-0.023685206,-0.64256203,0.18948655,0.38763952,28.034275,0.34111056,-7.8544016,-0.9462306,15.291323,0.8252555,-24.001244,-0.8355218,-4.2270417,13.235555,0.0023518705,0.0022666638,0.06305809,2.8735633,1.7857144,0.30666664,0.30739045,0.355,0.035,-28.985771,ap,Ses05F_impro03,Ses05F_impro03_F011
496,29.073454,0.1148301,25.922743,28.148289,32.193348,6.270605,98.10852,133.67879,50.4814,38.922985,0.43160188,0.47240284,0.22757797,0.4009745,0.62687063,0.39929265,5.3367333,2.213875,4.487656,2.0354264,0.14517665,0.697523,29.447067,0.3589445,-4.8331165,-2.70494,23.867146,0.69569516,-18.977726,-1.0890617,0.034165457,1.3680211,1.2999066,0.5676768,4.923043,0.50357723,1.9095947,3.5785873,16.664936,0.44553235,563.5248,0.41506574,1251.6716,0.17708372,-47.01509,-1.5857317,1618.2931,0.18056214,918.8091,0.30168086,-52.907745,-1.2845072,2616.9436,0.10823124,893.40564,0.40469947,-53.93955,-1.2512217,-12.331294,-0.4124055,20.049156,0.32129407,0.0364347,0.56657714,-0.01779566,-1.0032814,0.15591496,0.6277756,32.21897,0.21979639,-6.2773104,-1.8955088,24.537973,0.6978032,-19.66523,-1.053946,-8.374087,14.959119,0.016610784,-0.003471267,0.11434214,5.0458713,3.023256,0.25538462,0.19149677,0.059166662,0.03639101,-30.633568,q,Ses05F_impro03,Ses05F_impro03_M012
497,34.950542,0.13275498,32.18565,34.787415,36.752003,4.566353,141.50691,180.54227,21.255054,15.011204,0.12924172,0.8106563,0.05733334,0.09998962,0.17607717,0.11874384,2.4639711,2.8263943,1.181665,1.5458633,0.02541198,1.1796459,28.913061,0.19446345,-9.091783,-1.0279803,13.507535,0.79166764,-14.581008,-0.8656039,0.015723202,1.0706052,1.1445417,0.45336714,6.6738176,0.3587347,0.87612885,8.945587,15.548853,0.37253287,619.73724,0.28621256,1295.4563,0.1500907,-121.90701,-0.75510585,1618.8378,0.1270918,1143.8884,0.2775213,-119.55955,-0.75432724,2645.5676,0.076628156,986.2454,0.44121817,-122.91966,-0.70198715,-11.994584,-0.38173515,22.79138,0.21172741,0.0111046545,1.2369049,-0.004234261,-2.5068908,0.03775452,1.0071881,32.50142,0.124186255,-12.776938,-0.8137708,12.5743685,1.0959395,-22.045412,-0.5033479,-11.227563,21.312592,-0.0015199783,0.008471717,0.016288307,1.1188812,1.6901408,0.24666665,0.1781541,0.325,0.39265123,-43.28497,ans,Ses05F_impro03,Ses05F_impro03_F012
498,34.81958,0.15906788,30.557522,35.92868,39.476967,8.919445,123.057335,85.624794,13.318628,14.291148,0.26866165,0.63109684,0.12424294,0.25332916,0.35883445,0.23459151,3.348295,2.183898,3.0786245,1.8152093,0.08222068,0.82839054,24.523996,0.5302987,3.551809,3.2490063,15.784073,0.90442747,-15.708235,-0.9108573,0.01954093,0.9616741,1.2250196,0.86492234,7.9574113,0.44800043,8.741908,1.1997067,23.157696,0.36331272,584.2775,0.3396291,1379.4609,0.14542426,-115.25604,-0.77430207,1657.2949,0.15177995,1012.40594,0.27838933,-112.65132,-0.733586,2709.5166,0.09177382,965.9158,0.39062607,-114.6259,-0.70255935,-15.288344,-0.4255909,24.147968,0.28282192,0.04206535,0.55470407,-0.017964162,-0.6129088,0.112083815,0.66252595,31.087946,0.27713412,1.0838733,10.47158,16.619316,0.9977122,-20.289654,-0.72813016,-9.824487,17.427784,0.009983755,-0.0026879385,0.055178467,3.8369303,3.8929439,0.118125,0.09328845,0.12466666,0.11757929,-33.65339,o,Ses05F_impro03,Ses05F_impro03_M013
499,29.510725,0.1919165,24.518736,26.687607,35.51714,10.998404,117.39664,82.19658,25.309795,2.4991798,0.30423412,0.7674385,0.10943599,0.18351436,0.54810256,0.43866658,5.6494393,3.0193129,3.3541589,1.6080592,0.086126365,0.93213737,28.624699,0.31617537,-2.7739031,-4.713013,18.256857,0.66599095,-25.329374,-0.6209596,0.0194018,0.614495,1.1852968,0.48848763,4.368793,0.50702643,6.6024847,1.212318,21.252045,0.35171688,514.4932,0.38333803,1253.4149,0.09413603,-111.360504,-0.8358128,1574.1046,0.1911323,937.1941,0.19987628,-110.08715,-0.7976484,2632.644,0.10602751,876.86786,0.5317224,-112.54134,-0.75755453,-13.102281,-0.3894872,21.180143,0.21391584,0.037984207,0.44216147,-0.0217724,-0.6739976,0.11059116,0.8658403,31.925816,0.16198643,-3.2197306,-3.1014557,18.212036,0.6751263,-30.036163,-0.58170134,-10.426384,18.069191,0.0123915505,-0.009883788,0.06769553,2.1052632,3.2432435,0.14166667,0.090077125,0.12428571,0.10026496,-34.04381,o,Ses05F_impro03,Ses05F_impro03_F013
500,27.159742,0.09590834,25.341093,26.49855,26.994547,1.6534538,12.230286,7.832739,53.16982,45.041782,0.25484157,0.98540986,0.076379865,0.11268547,0.49768272,0.42130286,5.3622947,3.4203725,3.6544583,1.9520142,0.07382988,1.1937696,28.91514,0.2275578,-7.3976545,-1.6145275,23.52917,0.37103987,-15.479329,-1.0562881,0.016599385,0.8131932,1.0601255,0.5948047,4.6375813,0.47245613,3.737165,1.9302773,19.862192,0.3766603,580.0139,0.35666755,1212.9851,0.104717314,-138.39862,-0.6386473,1678.8164,0.19200744,893.6736,0.2483404,-142.53745,-0.5813386,2693.1028,0.124554075,824.31866,0.36653113,-143.00601,-0.573604,-13.726847,-0.4142784,19.983511,0.24776702,0.040485725,0.50062704,-0.023820508,-0.64141953,0.14727506,0.68748343,34.422802,0.11552227,-2.8479145,-4.3477726,23.990107,0.54699457,-28.50246,-0.6471256,-9.6256,18.134518,-0.00015841062,0.0045302124,0.043771055,2.0,1.3793104,0.225,0.085,0.31666666,0.37712362,-34.409794,o,Ses05F_impro03,Ses05F_impro03_M014
501,30.89242,0.1570755,24.804419,31.612875,34.55502,9.750601,29.173756,0.8386562,19.31352,5.3435397,0.114440404,0.3965958,0.0807734,0.10692853,0.14131343,0.060540035,0.66874,0.35979244,0.7744758,0.8857725,0.02029556,1.0165601,23.893322,0.41690734,0.46523917,19.12897,12.926111,0.66975963,-13.314172,-0.79913527,0.012190388,0.8337695,1.0972537,0.40725264,5.667669,0.40330362,2.5575168,3.44995,21.396637,0.37306988,557.315,0.2545395,1341.9916,0.13281234,-116.81739,-0.7926609,1600.9379,0.10110033,1114.132,0.22229116,-118.58325,-0.73707324,2628.4766,0.08434787,1042.4285,0.37135243,-121.63339,-0.6914636,-14.966474,-0.28234398,24.692335,0.1844467,0.01388588,1.3500402,-0.011439671,-0.8087058,0.021221625,0.41271794,29.565432,0.19027297,-0.6363717,-14.741921,11.017904,0.76517224,-17.627302,-0.61226904,-9.76495,17.703775,0.0025713514,0.004846499,0.019554177,2.75,2.5316458,0.16700001,0.12578155,0.18818182,0.18702543,-47.881626,s,Ses05F_impro03,Ses05F_impro03_F014
502,24.77631,0.1441089,22.540989,23.421824,27.286936,4.745947,456.36435,740.8324,46.94769,61.34223,0.15329477,0.48671976,0.088647805,0.12958893,0.20865846,0.12001065,1.1853108,0.907344,0.9576838,0.64652383,0.028566629,0.66355795,25.296305,0.63321954,3.1055956,3.2972975,19.212349,0.6569251,-11.502584,-1.0280485,0.021169629,1.4721122,1.0685574,0.5630155,4.4984665,0.4801184,6.636818,0.6840738,24.823727,0.37531403,559.9954,0.30731463,1302.0966,0.14715217,-90.64105,-1.0018275,1636.0764,0.12499941,1135.2625,0.39870176,-96.990326,-0.874119,2631.2615,0.09161613,1048.3114,0.4508006,-99.538376,-0.8311966,-17.10607,-0.37420657,25.337955,0.3054163,0.004089815,4.162033,-0.01240288,-1.2591592,0.03477925,0.62584716,33.789436,0.26584807,2.7639027,4.172762,24.347816,0.49201578,-10.077267,-1.3705907,-6.5480986,12.971203,-0.0065452904,0.0046895784,0.020499187,2.7777777,2.201258,0.25285715,0.20858121,0.17999999,0.16656187,-42.50305,o,Ses05F_impro03,Ses05F_impro03_M015
503,30.83005,0.14022529,27.239983,31.990442,33.873688,6.633705,45.672966,51.375263,168.98926,246.93562,0.12063282,0.7314566,0.062366754,0.09665679,0.1545601,0.09219335,1.031857,0.81449944,0.907368,0.8901713,0.023796314,1.3892236,28.834627,0.2550408,-2.75252,-2.905449,13.662126,0.62538934,-12.38198,-0.86988336,0.018953288,1.5196258,1.1302792,0.5180036,5.081521,0.39581892,0.4135189,16.273296,18.525537,0.4719311,536.3236,0.22813927,1295.4622,0.14756294,-119.31869,-0.76602846,1601.7881,0.10679927,1109.7495,0.34027404,-122.02339,-0.7080357,2599.8135,0.07945416,1068.368,0.37288514,-124.67031,-0.6695669,-13.993702,-0.33249724,23.054596,0.25857663,0.012346399,1.4394387,-0.015079879,-0.89806676,0.033478767,1.3410257,32.201813,0.23939003,-4.526473,-2.1096368,13.676446,0.8211271,-18.237734,-0.56983894,-12.943879,22.541899,-0.0034977365,0.0039763693,0.015650494,1.3927577,3.0855541,0.12863636,0.12549159,0.17545454,0.32187983,-42.56888,s,Ses05F_impro03,Ses05F_impro03_F015
504,30.225826,0.16106421,24.995827,31.506277,35.195133,10.1993065,56.86227,0.0,12.245823,25.346704,0.25276062,0.8085042,0.089873835,0.17237383,0.4501921,0.36031824,3.7369573,2.7589436,2.8976967,1.4954854,0.075647436,1.0843978,28.407978,0.3618387,-6.14344,-1.4900769,16.604181,0.8208068,-18.21565,-0.7025919,0.030669836,1.3377651,1.0560814,0.46783546,4.0677795,0.59222245,-2.2713366,-2.7489905,17.16798,0.47082546,512.7878,0.2827447,1263.6849,0.13075553,-104.74972,-0.90268165,1576.7778,0.14126962,990.5945,0.39167902,-108.62151,-0.82569665,2596.9185,0.061657414,913.2761,0.29818457,-111.89834,-0.7727708,-12.112002,-0.36716616,21.392271,0.25625327,0.031357896,0.5320985,-0.022804113,-0.65735614,0.11516837,0.8130846,33.455837,0.2173361,-8.800835,-1.2857955,17.73888,0.9918791,-26.807686,-0.44098607,-10.082496,18.48701,0.0042696414,0.00022024252,0.04211155,2.8985507,3.0303032,0.1525,0.031124748,0.1575,0.10034316,-34.76748,b,Ses05F_impro03,Ses05F_impro03_M016
505,30.773058,0.08655412,30.730148,31.313015,31.993998,1.2638493,193.11197,136.15216,20.886393,0.9832282,0.107550025,0.8257422,0.061622903,0.08089509,0.11929725,0.05767435,0.50970006,0.22131157,0.35812777,1.1546357,0.022701763,1.036179,27.652855,0.2892748,-0.80762905,-8.961118,15.340372,0.5748105,-9.267203,-1.0344405,0.017242504,1.2666461,1.1013479,0.45569164,5.1176853,0.3820358,1.0630382,8.076091,19.40109,0.52251405,561.76135,0.28690153,1302.3712,0.11145549,-142.18597,-0.60977757,1580.6687,0.12395724,1213.5643,0.26809403,-144.00565,-0.5719479,2585.7954,0.100537896,1044.7838,0.32843593,-145.84392,-0.5460589,-15.172132,-0.27876106,25.118324,0.20884551,0.004893659,3.5923188,-0.012024564,-0.7931096,0.033280104,1.024759,33.895664,0.17283878,-3.5126884,-2.8337226,9.906326,1.19014,-14.398901,-0.82736564,-13.385308,21.989704,-0.012541024,0.006669176,0.016637597,0.6315789,1.7057569,0.1725,0.18626258,0.45142856,0.4349525,-43.540413,s,Ses05F_impro03,Ses05F_impro03_F016
506,28.776773,0.11232388,26.770218,27.79277,31.181625,4.4114075,23.92487,10.515884,10.701331,17.13094,0.1744677,0.6991465,0.07029589,0.13661411,0.2809667,0.2106708,2.216531,1.5284768,2.074255,1.1171695,0.046205796,0.7459564,32.98356,0.34703934,1.942307,3.7940438,17.474426,0.86298174,-5.9560504,-1.7002809,0.01797722,1.0709989,1.1511519,0.602797,6.710831,0.28174967,6.758558,0.93262136,30.7234,0.23086438,653.1141,0.3290804,1347.8356,0.12194234,-111.69916,-0.82242817,1652.3439,0.15444645,1159.8892,0.23460236,-115.67776,-0.7440784,2727.075,0.11255997,1047.5822,0.31302503,-119.84336,-0.681115,-16.634998,-0.3512126,28.753107,0.28866398,0.01846074,0.9011884,-0.012163172,-0.9257236,0.073578835,0.337374,40.58322,0.20204905,2.288249,4.033649,15.464705,1.1723671,-4.2697515,-2.8751023,-13.767448,22.722248,-0.0072264513,0.0032410147,0.02345355,2.857143,1.7857144,0.26,0.17281975,0.2075,0.16588776,-38.029327,q,Ses05F_impro03,Ses05F_impro03_M017
507,34.39582,0.045867648,33.485977,34.702824,35.45319,1.9672127,19.194193,12.872773,13.679886,0.0,0.100428976,0.43704194,0.060657024,0.075409204,0.15326366,0.092606634,0.5310454,0.3368296,0.27026853,0.15319173,0.023211183,0.564222,30.042715,0.2549199,-0.8815216,-12.406828,13.739737,0.679249,-7.104952,-1.6545689,0.043227483,0.77215767,1.4675164,0.59360904,8.205529,0.16409801,2.300261,1.5628154,25.322502,0.36271328,647.89764,0.34775388,1445.7906,0.14061768,-152.98178,-0.48619527,1694.9812,0.16525099,1234.0569,0.1595156,-150.43987,-0.47300074,2778.4653,0.093828924,1113.7382,0.1687717,-152.7665,-0.44293502,-21.240408,-0.15131128,34.69077,0.12826338,0.00097157236,25.19605,-0.005193102,-2.595165,0.03353853,0.52667993,37.897575,0.15473422,7.9950933,0.44672814,15.092254,0.5775646,-2.1746943,-3.7599316,-12.763064,23.759497,-0.009805861,0.0097291395,0.018717496,4.032258,3.3613448,0.08,0.06363961,0.1925,0.16678953,-46.341118,ans,Ses05F_impro03,Ses05F_impro03_F017
508,26.8753,0.18178621,24.16545,24.872168,30.925652,6.7602024,133.44453,115.299576,94.28313,77.04513,0.19144139,0.5784288,0.09160757,0.16494164,0.28696498,0.19535741,2.1055915,1.7153008,1.2107632,0.87187964,0.0410587,0.7997529,32.955894,0.3166143,-2.7774038,-3.5809798,14.247184,0.81789774,-15.534763,-0.910628,0.03293458,2.4669735,1.1365931,0.7232782,5.1897383,0.513207,5.18436,1.5021948,25.972918,0.2289704,648.796,0.29399556,1385.4156,0.14221407,-88.8519,-1.0447803,1672.8783,0.16476443,1136.0503,0.19895016,-92.77802,-0.9311287,2732.06,0.10012134,948.89886,0.31357086,-97.10262,-0.85278434,-14.3261,-0.35389203,25.18117,0.22348686,0.018181233,1.0750176,-0.01584137,-1.1541426,0.05285297,0.65947783,38.805473,0.1956099,-3.0500233,-3.423244,14.495525,0.921488,-16.921478,-0.9266048,-10.37886,20.136564,-0.0029914828,0.006250208,0.024936695,2.8508773,2.4444444,0.23181817,0.21238123,0.172,0.216,-39.31388,q,Ses05F_impro03,Ses05F_impro03_M018
509,30.843699,0.21901909,23.173157,35.330666,36.226807,13.05365,124.34402,36.17633,136.3923,51.847927,0.13383573,0.5898051,0.05865944,0.12236951,0.1908761,0.13221666,1.2715011,0.72018474,0.8352671,0.39645165,0.030139932,0.9856046,30.809765,0.2654659,-0.22560124,-24.793634,11.825153,0.8601133,-15.313455,-0.87035096,0.037829388,2.4818802,1.1948783,0.5528568,5.2482214,0.67582804,1.2081543,6.4063897,25.4227,0.22928572,608.53534,0.27716067,1411.0538,0.1284702,-100.27997,-0.9378688,1626.5543,0.135772,1185.3976,0.19535184,-101.836624,-0.8532241,2717.0688,0.09333764,981.86615,0.23866177,-106.745346,-0.77307826,-14.487973,-0.23991862,25.95265,0.18477626,0.021590961,0.832725,-0.011279593,-1.2535976,0.041777372,0.8426261,35.3557,0.18569165,-0.8746343,-7.3430796,9.99524,1.3154583,-20.572685,-0.67230994,-12.642263,22.660183,-0.0007864788,0.0059453733,0.017546555,2.5547445,2.9739776,0.17125,0.19598709,0.1425,0.15817316,-42.887875,o,Ses05F_impro03,Ses05F_impro03_F018
510,29.087137,0.17534925,25.005974,28.54773,33.73572,8.729748,41.73057,14.487681,27.00341,26.86417,0.25783885,0.6575843,0.092639,0.21774194,0.40512693,0.31248793,3.608969,2.5909576,2.6828344,1.3487804,0.06973442,0.9049235,29.126135,0.36331552,-1.2506385,-11.9870615,25.371496,0.56977606,-9.411124,-1.4205688,0.020510644,1.5406626,0.9587581,0.6569979,6.9864674,0.39316025,6.364399,1.4524779,21.857489,0.46828988,581.84503,0.37988648,1296.5012,0.23135088,-95.855644,-0.9683269,1657.0573,0.16020945,977.59625,0.325133,-100.16223,-0.8615215,2642.2412,0.10095889,966.19604,0.33773023,-101.43615,-0.8373866,-14.466847,-0.5048111,22.73364,0.36868128,0.03220919,0.7782748,-0.012524242,-1.0361284,0.08944305,0.69507354,33.532124,0.26288417,-3.3551438,-5.3070827,25.894659,0.6270911,-12.450296,-1.2220627,-12.043009,19.143465,0.0034638403,0.0034158886,0.045788825,3.125,2.5787966,0.20666665,0.14329456,0.17,0.18531372,-34.017273,q,Ses05F_impro03,Ses05F_impro03_M019
511,36.381424,0.10982118,34.813408,37.50574,39.398254,4.5848465,32.00569,7.7734704,-4.7494583,26.026249,0.20501564,0.7553426,0.099420175,0.1634194,0.25659114,0.15717097,3.4560993,2.7832575,0.50603527,2.8925977,0.051402144,1.1468312,28.323269,0.25119954,-7.7675767,-1.4602317,13.137729,0.69829303,-15.025092,-0.8456558,0.016654175,0.89927346,1.1089981,0.79971415,7.2151313,0.43066135,1.14797,8.704784,19.65563,0.38500714,672.67365,0.27089792,1315.3219,0.15464252,-87.63881,-1.0285181,1721.3638,0.11219404,1032.7551,0.32492197,-91.53848,-0.90232944,2756.5254,0.09052575,891.7161,0.30296287,-94.58114,-0.8503606,-13.995135,-0.45842418,23.622763,0.28341523,0.025781905,0.93304557,-0.010629124,-0.96122694,0.06454132,1.0395725,30.935425,0.17990972,-6.8724,-1.5936642,13.537801,0.7404551,-18.787588,-0.6903298,-9.6325655,17.71565,0.007282132,0.0019858335,0.02765813,2.631579,3.5874438,0.15875,0.09279513,0.099999994,0.085293606,-37.91379,ans,Ses05F_impro03,Ses05F_impro03_F019
512,30.485914,0.16291957,26.269762,27.607706,36.41245,10.142687,63.31816,0.0,19.05968,41.91752,0.21322869,0.9494059,0.058478646,0.1358853,0.37098047,0.31250182,3.0916207,2.3497753,4.596373,2.74706,0.06728216,1.1980647,27.958094,0.31126782,-7.758002,-1.3657124,18.848969,0.6514258,-7.7188807,-1.2957425,0.09909023,1.8180459,1.284751,1.1269625,4.0227365,0.44098538,7.90334,1.1166577,20.754278,0.41341892,514.39343,0.3253931,1290.8098,0.087825045,-145.2577,-0.5866766,1604.3309,0.103471294,927.939,0.19879806,-148.14546,-0.5320112,2583.8848,0.0820194,1014.9492,0.15780665,-147.96364,-0.53581405,-13.230917,-0.49846637,19.617624,0.3648317,0.040216736,0.663683,-0.016885288,-0.6943435,0.17115086,0.40896115,35.549355,0.13595304,-9.270997,-1.3637625,31.206207,0.4741389,-9.597902,-1.4361689,-9.819904,17.886404,0.007405844,0.002832841,0.02798811,3.267974,2.027027,0.13333333,0.08653837,0.2525,0.21568204,-36.238136,q,Ses05F_impro03,Ses05F_impro03_M020
513,40.137135,0.20413844,33.76002,37.717293,46.755596,12.995575,160.04375,126.37176,179.53656,136.81857,0.36596885,0.6571201,0.08050534,0.37417513,0.59268665,0.5121813,3.0730028,1.5185405,2.6676645,0.9751166,0.11744885,0.7861268,28.224949,0.3155444,-11.874816,-1.6183034,3.9866734,3.1866698,-20.89439,-0.6992592,0.035359632,1.5241541,1.1311923,0.6846464,6.8463144,0.6282832,6.821813,1.2611332,25.59638,0.49196687,759.5807,0.3394472,1314.7444,0.21903527,-102.539055,-0.9258241,1790.436,0.16539954,1172.2201,0.20264694,-91.343094,-0.94764054,2819.1536,0.10608727,999.9356,0.24093159,-94.97892,-0.8765381,-10.960611,-0.7882822,24.287502,0.38301742,0.049749464,0.62997806,-0.015375986,-1.0244796,0.1654069,0.46627218,29.888994,0.32593757,-14.45132,-1.506928,-1.0783662,-9.742404,-25.638659,-0.4991345,-10.040958,20.779299,0.0050685825,0.0043619615,0.04331146,3.4810128,2.2580645,0.25714284,0.1403785,0.22799999,0.2675369,-31.688387,ans,Ses05F_impro03,Ses05F_impro03_F020
514,39.398285,0.18365149,34.039642,37.59527,43.040123,9.000481,201.22014,149.87128,95.83692,46.03056,0.40023902,0.5490146,0.16620445,0.38344246,0.6034587,0.43725425,3.1009474,1.3334228,2.6690824,1.2151628,0.12660423,0.6864391,27.653757,0.47464526,-7.291477,-2.8236217,1.8561316,7.568579,-21.022745,-0.65800935,0.030225608,1.5746493,1.0675524,0.6962013,7.4939737,0.5405349,7.5791063,1.0735096,27.185532,0.48493028,760.12244,0.33888105,1340.5115,0.20690991,-71.18097,-1.2132243,1782.5559,0.16065009,1199.7272,0.20985068,-65.3603,-1.1342819,2842.1777,0.10458787,1020.608,0.23238967,-71.11344,-0.9934235,-12.535737,-0.695468,26.799038,0.3705025,0.04958211,0.6642229,-0.013734555,-1.1342243,0.1526906,0.532338,31.02861,0.3253684,-9.475486,-2.2148778,-1.6749612,-8.022678,-22.7,-0.6329611,-7.2613745,16.785803,0.010583145,0.003710176,0.055176646,3.2894738,3.3557048,0.21299998,0.15722913,0.105,0.052519836,-31.055656,ag,Ses05F_impro03,Ses05F_impro03_M021
515,36.71432,0.11856244,31.903168,38.515427,39.68265,7.779484,239.57643,173.61124,66.31252,62.070995,0.20574316,0.4941502,0.1068855,0.1867572,0.27648228,0.16959679,4.023153,2.543277,2.2579818,2.5873356,0.046582796,0.8826918,24.674103,0.5379523,-4.4501,-3.5714695,8.688303,1.50862,-20.514177,-0.89332056,0.012620253,1.088881,1.1892803,0.7194077,7.338479,0.5096199,-0.3714533,-23.4175,19.297495,0.48196635,623.85333,0.3092557,1382.0913,0.13405785,-92.4821,-1.0067444,1630.0035,0.13232286,1181.9597,0.29117012,-82.02152,-1.0516115,2702.2358,0.09541545,977.60187,0.32491353,-87.94462,-0.9282917,-11.294297,-0.5848887,23.751013,0.3181653,0.017204806,1.0278562,-0.012134116,-0.8514683,0.047920004,0.58014417,31.306023,0.16412432,-10.96325,-1.3520645,5.9123926,2.5221472,-26.738705,-0.6309221,-7.5503397,15.22034,-0.0009077047,0.00069777603,0.03502592,2.173913,3.5714285,0.16624999,0.16408363,0.12166667,0.05580223,-39.5224,o,Ses05F_impro03,Ses05F_impro03_F021
516,29.144108,0.10150097,26.074732,31.61141,31.87887,5.804138,72.12234,37.809868,29.275614,10.514753,0.21714522,0.86891925,0.08009149,0.14639302,0.2868036,0.20671211,5.130823,3.446573,3.2516181,2.7567956,0.06556423,1.2687017,26.386763,0.40855756,-1.9845034,-4.3519716,16.06353,0.41278377,-17.778702,-0.9916397,0.009905526,0.7705232,1.5629663,0.81207544,4.084129,0.52823615,-0.5374224,-8.259159,13.122947,0.522456,571.6022,0.2910226,1308.2028,0.15232196,-119.24466,-0.7864897,1651.9818,0.15726678,1151.3489,0.33791164,-123.454056,-0.71351683,2586.1072,0.1057178,1048.5234,0.38702416,-123.99215,-0.70613235,-11.946396,-0.25926113,18.683725,0.27949968,0.020940784,0.9511633,-0.02540746,-0.707396,0.1004122,1.0410174,30.74842,0.17590983,-5.270198,-1.6946324,16.464474,0.5383105,-25.591295,-0.7321884,-11.625915,18.767262,-0.0032640942,-0.0075415345,0.04681573,2.6548672,2.777778,0.14,0.061644137,0.19999999,0.11343133,-35.17493,s,Ses05F_impro03,Ses05F_impro03_M022
517,31.422506,0.09433755,28.252487,32.18133,34.54139,6.2889023,70.57911,68.49557,74.44577,87.49913,0.21660721,0.77446485,0.091691785,0.14876181,0.4079268,0.316235,4.744039,4.994496,1.5499789,1.6158658,0.055047493,1.1434954,31.493994,0.14615059,-12.545583,-0.56126887,14.474231,1.1485106,-13.867041,-0.9723246,0.014142049,0.7196594,1.2151426,0.4687969,4.946726,0.5625981,-2.8607109,-2.7671201,14.816036,0.430579,600.51733,0.35635266,1218.5842,0.115792036,-105.59713,-0.8824757,1648.7587,0.12190532,982.83875,0.21724391,-109.02382,-0.8083121,2695.2153,0.088473186,959.0981,0.34923005,-112.1202,-0.7610687,-10.850564,-0.33708385,19.52762,0.22339289,0.021701314,1.0807836,-0.009401373,-0.9924623,0.08113734,0.87956834,33.58702,0.120696284,-14.223358,-0.5089236,18.895025,1.0533366,-12.384841,-1.3302771,-10.362623,21.29175,0.0033406115,-0.0015828867,0.024731765,3.2608697,3.3519554,0.13666667,0.12064641,0.14166667,0.10350791,-35.98019,o,Ses05F_impro03,Ses05F_impro03_F022
518,27.345419,0.085335076,24.809055,27.214685,28.942654,4.1335983,23.073256,11.90865,27.568579,21.116215,0.24168529,0.6776702,0.08035606,0.195275,0.3925562,0.31220013,4.369627,4.4413457,1.87697,1.5637326,0.061760265,0.89943904,33.47544,0.29609114,-5.8799067,-1.6006246,15.240333,1.131523,-6.107111,-1.8383312,0.01889987,1.2288165,1.1236364,0.6294553,5.230592,0.54459435,3.2450123,1.6302301,23.226034,0.27589747,513.21173,0.38987488,1294.848,0.16356388,-84.70716,-1.0851444,1522.3154,0.14462194,1041.5216,0.2470725,-88.20553,-0.9959776,2551.4268,0.10126645,1103.712,0.372371,-94.475204,-0.87816286,-11.909037,-0.4220573,23.629911,0.3119757,0.02904088,0.72997266,-0.01089082,-0.8150016,0.089713044,0.61655015,39.86207,0.12572607,-8.632668,-1.0434376,18.39237,1.1157898,-4.2641144,-2.798508,-11.68551,22.5645,-0.0014121467,0.0028507449,0.022400564,2.6785715,1.826484,0.3225,0.22174028,0.162,0.1355581,-35.48684,q,Ses05F_impro03,Ses05F_impro03_M023
519,38.421936,0.18050583,36.96376,41.172115,42.976284,6.0125237,23.12479,0.0,-138.17917,0.0,0.13353384,0.74307525,0.06071776,0.07885254,0.19916283,0.13844506,1.5237048,1.4768816,1.7045934,1.0352625,0.031726792,0.8806261,28.46733,0.22741568,-3.9910614,-1.8301404,9.79549,1.1051013,-17.833057,-0.9729878,0.019176241,0.57329,1.1779573,0.44128564,5.9014187,0.50852835,8.651216,1.3982918,25.68051,0.2622989,572.6599,0.27843606,1381.717,0.14527322,-175.21822,-0.35250774,1474.2214,0.10297842,1270.8497,0.20897014,-162.17285,-0.4458707,2712.0852,0.06680641,722.53326,0.29991922,-164.45525,-0.41257483,-10.587703,-0.37410846,25.722656,0.15326786,0.018325614,0.75547254,-0.010894702,-0.7987993,0.06590596,0.4761026,33.009632,0.11433207,-10.096658,-0.8922508,-4.175879,-2.1022718,-41.524136,-0.2964479,-12.764266,23.803423,-0.00394725,0.0029555801,0.01967241,2.3952096,2.5477707,0.07,0.041231055,0.39999998,0.25152865,-43.943466,ans,Ses05F_impro03,Ses05F_impro03_F023
520,21.990309,0.05313621,20.664293,22.340265,23.10494,2.4406471,53.70528,0.0,10.368139,12.633792,0.13715301,0.82986796,0.060221765,0.07782736,0.22836678,0.16814502,2.4953182,0.95414335,1.881485,1.3702527,0.030301763,0.91870093,29.388216,0.19457118,-6.3540487,-0.8362316,16.45702,0.50292796,-13.050772,-0.78986084,0.022853313,0.730265,0.9594866,0.6244151,0.3461035,6.4586315,7.0335298,0.40372568,24.701122,0.111830525,429.39804,0.14713444,1353.8818,0.074045375,-166.69452,-0.4384575,1299.235,0.07335741,1077.5729,0.08800307,-166.30803,-0.44424012,2392.4683,0.06382587,1215.485,0.46275914,-169.54295,-0.39481103,-6.569875,-0.334419,21.664602,0.17606613,0.024520056,0.34975693,-0.02232743,-0.4359878,0.07919376,0.2750911,40.072285,0.0451586,-12.8647,-0.5249722,5.128785,0.5059146,-31.615952,-0.21073517,-11.81726,21.266083,-0.0030399414,0.00030889534,0.020901473,2.3809524,0.82644635,0.19999999,0.0,0.48999998,0.02,-43.7019,ag,Ses05F_impro03,Ses05F_impro03_M024
521,33.12692,0.10752677,30.328806,31.728912,36.582245,6.253439,149.2209,89.3231,4.5423546,7.360947,0.09077147,0.42258745,0.058098763,0.075792015,0.1208213,0.062722534,0.7943571,0.43224666,-0.11548252,0.464516,0.016354041,0.564608,28.5844,0.20986214,-4.1617985,-1.3551418,13.531387,0.7553721,-11.992677,-0.8422028,0.014065608,1.002621,1.2787158,0.51324034,5.7844872,0.32083446,1.3746077,4.6178975,19.085281,0.2680072,571.597,0.28925976,1346.1433,0.13158399,-146.70918,-0.5612098,1568.3304,0.14329524,1041.2983,0.16214755,-145.53998,-0.55574286,2636.2966,0.07992556,902.93243,0.2788741,-148.7652,-0.5094414,-13.00121,-0.23949854,25.336151,0.2086466,0.012837745,1.0195199,-0.010735005,-0.8448029,0.022647338,0.3769676,33.422775,0.14634758,-6.612404,-1.0318207,7.6242867,1.9565933,-23.034283,-0.37636882,-12.951344,22.578003,-0.004221958,0.004954427,0.013124944,2.259887,2.8653295,0.093,0.07470609,0.21363635,0.22764698,-50.680664,s,Ses05F_impro03,Ses05F_impro03_F024
522,36.399708,0.0783614,33.309406,37.843468,38.30821,4.998802,31.518507,9.091364,13.989006,18.930973,0.15764776,0.7964234,0.055541426,0.076942794,0.28285044,0.22730902,2.8039036,1.5207539,2.978724,1.2926506,0.055252057,1.1248904,28.388836,0.3786292,-0.39811894,-20.74449,15.712013,0.7124599,-8.456454,-0.94703406,0.036646355,1.0686275,0.9814767,0.67631304,9.150799,0.23235382,13.721975,0.5115362,32.504868,0.2696644,722.81744,0.30957532,1296.6932,0.12718286,-142.17567,-0.5987196,1807.1118,0.16562918,1061.4806,0.19623984,-136.8843,-0.58855665,2886.9746,0.107917495,1039.4238,0.21508065,-139.07745,-0.5583109,-17.60801,-0.26468554,29.09878,0.22502077,0.043965496,0.57967716,-0.013642957,-1.2079014,0.11276319,0.54504097,36.99752,0.28344217,1.3179953,8.275707,12.810348,1.3539811,-13.229629,-0.7225297,-12.35161,21.771128,-0.0016992663,0.0113565605,0.023908066,3.9548023,1.7441862,0.20333333,0.122836836,0.26,0.22616366,-36.88713,q,Ses05F_impro03,Ses05F_impro03_M025
523,32.95697,0.1934949,26.782597,32.748158,39.91455,13.131954,6.94616,11.336328,22.310932,0.0,0.15704796,0.71003157,0.073367275,0.123302065,0.19900931,0.12564203,2.2454293,3.4419987,0.8803868,0.72721195,0.033408858,1.0491767,29.67203,0.29180977,-5.8885946,-1.4236234,11.977705,1.200626,-14.441034,-0.78018254,0.016597597,0.97666603,1.2273908,0.42989075,5.412683,0.48498625,4.8922195,1.8095853,18.958992,0.37160885,553.7584,0.38096982,1359.962,0.10915436,-95.913925,-0.96036613,1543.7922,0.15761295,1087.4982,0.1869229,-91.73755,-0.965272,2589.3757,0.10806779,1091.1725,0.3180213,-97.76889,-0.8522399,-10.423457,-0.3299874,21.984241,0.2257499,0.017273964,0.92220604,-0.006875682,-1.6023285,0.044425808,0.8992911,33.30667,0.23397881,-8.991159,-0.89362204,8.829727,1.8631965,-19.465528,-0.5924713,-11.554028,21.705143,-0.0061738766,0.008669435,0.013689544,3.0,3.1088083,0.17666666,0.113822475,0.125,0.10920165,-41.249283,ans,Ses05F_impro03,Ses05F_impro03_F025
524,26.38746,0.16996866,22.498123,24.949167,30.942602,8.444479,211.87318,0.0,3.6225948,15.27458,0.19261691,0.65875673,0.08422207,0.14984162,0.3143281,0.23010603,3.0748966,3.5595138,1.3029101,0.68051636,0.044794116,0.9176395,31.12156,0.29691982,-5.7604523,-1.569336,15.079538,0.9653692,-14.0064,-1.061479,0.017514708,0.9202981,1.2130905,0.48404154,3.6010313,0.6673537,4.455319,0.89573634,21.281359,0.3107397,486.01114,0.25692803,1324.1035,0.11184911,-123.92169,-0.74193734,1488.7296,0.13860989,1019.26556,0.16525179,-123.26307,-0.7259043,2595.3086,0.06928373,1100.635,0.3856348,-128.32191,-0.64990175,-10.377963,-0.26669243,22.598751,0.2182218,0.021119745,0.734442,-0.013155866,-0.8720765,0.06836088,0.7481539,36.8068,0.20212933,-8.031392,-1.1130841,11.918581,1.4917277,-23.261234,-0.46922508,-11.029446,20.345472,-0.0014832714,-0.002605307,0.027835084,3.968254,3.3057854,0.1125,0.094439134,0.17,0.115542196,-39.265766,ag,Ses05F_impro03,Ses05F_impro03_M026
525,34.600716,0.14226218,32.18401,36.057938,38.266804,6.082794,99.41837,79.865524,27.101452,0.029473305,0.22248404,0.60387874,0.10710483,0.19347328,0.301621,0.19451615,2.7278144,0.9581802,0.0021945,1.0520048,0.06925102,1.1996572,30.337074,0.3032932,-8.329466,-1.6245465,7.372067,2.171423,-19.992998,-0.9180676,0.029672347,1.2474953,1.3422618,0.6929622,5.9917364,0.80956423,2.0630064,5.46075,25.30884,0.65713197,645.3108,0.25902408,1371.8678,0.10083869,-125.86808,-0.7168034,1732.3369,0.115848966,1113.6124,0.19941358,-118.895035,-0.72109663,2817.5051,0.096602015,1030.424,0.23149006,-122.961525,-0.6617139,-12.620762,-0.520713,25.291914,0.32378644,0.03441363,0.64933485,-0.017144052,-1.1078979,0.0792993,0.80034137,32.434025,0.28261542,-8.644681,-1.8856916,7.261467,1.7883443,-33.047337,-0.52467,-8.736778,19.435127,0.006242425,0.00030958446,0.032372307,3.968254,4.2016807,0.096,0.052383203,0.14999999,0.1262933,-35.08693,b,Ses05F_impro03,Ses05F_impro03_F026
526,28.862041,0.27200627,21.705244,26.096699,38.341454,16.63621,40.468082,3.5483751,30.226442,11.907432,0.22362395,0.688894,0.084796384,0.19566454,0.3337682,0.2489718,3.6928363,2.4058948,2.249335,1.6139114,0.06942683,1.3065712,29.215332,0.37670225,-8.31978,-1.282127,15.935994,1.0671148,-17.87621,-0.73024386,0.022905989,0.99024135,1.3602029,0.66243106,4.5272746,0.8122917,7.523623,1.0666167,25.896275,0.5034055,538.43787,0.4225487,1318.0564,0.1279117,-125.63405,-0.7335015,1560.1527,0.18615632,1056.2913,0.2698726,-124.79753,-0.708114,2670.16,0.11938693,913.7289,0.2874593,-129.03622,-0.64597064,-12.070926,-0.4871192,25.866005,0.33383143,0.04213291,0.57079375,-0.012430448,-1.3623364,0.097521596,0.74562657,37.563496,0.21808665,-8.607338,-1.4243444,10.333564,1.7834146,-24.09118,-0.56103575,-8.564646,17.695103,0.013102422,0.0013968768,0.050969563,3.2098768,2.777778,0.13545455,0.12294592,0.20454545,0.22046907,-36.181137,o,Ses05F_impro03,Ses05F_impro03_M027
527,33.61116,0.12770595,31.738693,32.68743,34.75801,3.0193176,325.16577,495.29865,62.123657,42.71613,0.16994095,0.6948,0.101995684,0.13335639,0.20447212,0.10247644,2.4424791,3.3042424,1.1536661,2.5066383,0.039947223,1.435163,29.703323,0.23060316,-5.458996,-1.8642168,16.729116,0.7490118,-18.596634,-0.6867592,0.015295403,1.050664,1.1444626,0.47021076,6.594451,0.34331867,0.7170885,13.385982,18.582693,0.38195345,575.22943,0.29850537,1364.433,0.16390052,-82.26522,-1.0852835,1596.9875,0.11620661,1096.8757,0.27812058,-84.806,-0.9838937,2651.023,0.08387213,966.9323,0.36132953,-89.02648,-0.90044236,-13.701486,-0.29097885,23.27242,0.21970499,0.017312601,1.1967448,-0.011761556,-0.94423664,0.039025113,1.6111087,31.58051,0.20983116,-5.0711317,-2.0890677,14.041187,0.89250374,-20.569588,-0.6234835,-11.87706,18.824507,0.015725855,-0.009135359,0.03917339,1.8348624,3.2357473,0.18571427,0.14555547,0.103333324,0.083798714,-39.290775,o,Ses05F_impro03,Ses05F_impro03_F027
528,32.84216,0.13062753,29.694324,33.095436,35.956352,6.2620277,89.71995,92.12823,26.07495,15.384073,0.28836498,0.72545046,0.10575153,0.23642267,0.46379393,0.35804242,3.7782705,2.2663748,4.1624365,2.3091578,0.098335505,1.0616974,26.135826,0.3390302,-8.611815,-1.5453889,18.053566,0.76027393,-8.776365,-1.3271488,0.03256242,1.3009994,1.550716,0.68857247,5.137965,0.63568544,8.253917,0.95496017,19.915833,0.59713185,593.44586,0.3783607,1314.9424,0.16461341,-129.9059,-0.6841073,1633.2853,0.13927951,941.17664,0.1794855,-126.454765,-0.6784046,2670.6628,0.10273087,935.1038,0.2036241,-127.67134,-0.6603426,-12.727534,-0.5659735,21.463577,0.3959956,0.030499524,0.8540553,-0.012473489,-1.088754,0.15789084,0.7899474,28.253914,0.3287447,-4.437185,-3.6410277,20.087973,0.79604256,-10.333095,-1.3561579,-7.5053062,16.886913,0.0026784576,0.0046922234,0.059469063,3.0588236,2.1428573,0.18333334,0.13174048,0.26333332,0.30397364,-33.27931,o,Ses05F_impro03,Ses05F_impro03_M028
529,28.291359,0.016353462,27.991993,28.123808,28.414589,0.42259598,25.071463,18.756739,-3.527314,8.720642,0.21367006,0.88519907,0.07090029,0.100310884,0.3793112,0.3084109,4.981879,2.904909,5.1011353,2.8012664,0.051361803,1.1190882,24.172523,0.37429214,-9.711732,-0.99591976,23.227459,0.44174013,-10.857197,-0.91231436,0.016945494,0.74023724,1.2721473,0.94845927,5.2317553,0.4411929,5.841149,1.1351613,16.997862,0.2627639,614.8125,0.44648364,1315.1703,0.19100462,-167.18771,-0.4048659,1628.7588,0.15753455,978.63824,0.19676697,-165.46768,-0.41104284,2636.166,0.11774224,877.4266,0.24614353,-165.61227,-0.40860108,-10.814807,-0.43854767,15.531661,0.2813464,0.02106966,1.1080253,-0.0054185935,-2.238436,0.11677803,0.49433938,28.964853,0.2882739,-5.541654,-1.6518084,30.898912,0.245803,-0.6383522,-19.842209,-7.1710944,14.916557,0.00074908487,0.0084427195,0.03212986,2.4,2.5210085,0.06666666,0.059066817,0.31,0.37532207,-37.538387,ag,Ses05F_impro03,Ses05F_impro03_F028
530,30.771433,0.20487292,26.121881,29.529226,33.89376,7.771879,453.17004,679.6667,96.48775,90.12023,0.36589155,0.4905039,0.22812217,0.34158146,0.5083826,0.28026044,4.781384,3.0230315,4.509958,1.9068532,0.10900035,0.5959657,26.892649,0.4907967,-9.228109,-1.7295824,23.000832,0.5686699,-12.475716,-1.120697,0.024252344,1.0755109,1.1287115,0.55003685,5.031096,0.5715514,4.4717793,1.7951968,16.344831,0.61766624,579.90247,0.3992115,1346.0952,0.13932921,-78.46912,-1.1294849,1601.3524,0.14752375,976.6159,0.29599705,-77.62276,-1.0671086,2581.543,0.09937039,919.8731,0.2815458,-79.70132,-1.0194097,-10.95052,-0.4876783,18.151333,0.32674852,0.034680434,0.5580705,-0.01361244,-1.1592171,0.13336296,0.45386848,31.561804,0.24953082,-11.833958,-1.3625579,22.030634,0.64714986,-12.967846,-1.1827197,-5.9175363,12.76558,0.015842745,0.00049229874,0.06371108,5.555556,3.3898306,0.18583333,0.10144442,0.08916667,0.08381113,-33.41255,q,Ses05F_impro03,Ses05F_impro03_M029
531,35.749825,0.17242299,31.07222,34.82258,40.56032,9.488102,355.79965,583.51105,106.01902,110.6398,0.2806478,0.73296905,0.15229242,0.23553294,0.3342772,0.1819848,4.5992503,6.6326656,1.4953262,3.1915288,0.08979674,1.6776649,26.149025,0.3146198,-15.071174,-0.7675723,11.229815,1.3471106,-29.9878,-0.42332494,0.032497596,1.4785317,1.3480787,0.4564972,5.187941,0.68547404,2.6487377,4.0831056,14.787226,0.679478,577.71045,0.3606678,1346.0205,0.16113953,-95.68515,-1.0130326,1597.9451,0.14251278,1027.3109,0.23021303,-86.03279,-1.0618521,2629.1191,0.08616458,990.52563,0.39802304,-89.49783,-0.98849964,-10.394152,-0.35695952,19.824783,0.27951336,0.032405075,0.63788396,-0.015021545,-0.8271353,0.09207527,1.2982368,28.879667,0.18366653,-18.80212,-0.49388564,8.304516,1.7563009,-33.63809,-0.3384143,-8.543412,16.052187,0.025149526,-0.008726525,0.08104417,2.1311476,2.3178809,0.24714284,0.16263144,0.16428572,0.09904647,-32.626896,ans,Ses05F_impro03,Ses05F_impro03_F029
532,34.690598,0.128858,30.10484,35.54546,38.10921,8.004372,229.34746,205.13145,36.97762,20.062489,0.4423826,0.6891636,0.19672605,0.31602705,0.6616161,0.46489003,8.161412,7.812855,4.9261127,4.3578444,0.17995243,1.2992729,25.905155,0.2924343,-9.498095,-1.0316125,10.793347,1.276192,-25.546778,-0.43704614,0.027643634,1.2173882,1.2518541,0.58961266,5.3690357,0.69857436,5.809005,2.1718402,17.278753,0.43285906,521.43365,0.32597083,1293.1818,0.11505056,-71.08618,-1.2375617,1559.3582,0.14772916,984.05914,0.18508175,-62.283283,-1.2273902,2590.4854,0.106944665,960.2097,0.3405943,-66.0357,-1.1266875,-11.406699,-0.30126047,20.142132,0.16951369,0.048458226,0.47417554,-0.0167146,-0.60893023,0.17768629,1.0033915,27.120079,0.20626804,-10.533121,-0.78395146,11.588245,1.178276,-26.943266,-0.38198742,-9.405668,18.221485,0.02633541,-0.010536192,0.20437495,2.183406,3.5714285,0.19624999,0.16844417,0.07142857,0.04356558,-27.749275,oth,Ses05F_impro03,Ses05F_impro03_M030
533,32.537033,0.15327603,27.880085,32.773815,37.32271,9.442623,166.19002,216.78288,39.905613,15.264183,0.38741225,0.5589262,0.19632225,0.31306025,0.55356395,0.3572417,3.7756498,3.7607594,3.764095,2.5930095,0.11064532,0.7927387,27.523106,0.28878677,-10.168302,-1.0248796,21.907005,0.70995736,-17.546095,-0.78927684,0.025322592,1.1052828,1.2135868,0.50172997,5.025842,0.6543492,6.7460766,1.8138753,16.553385,0.44297212,540.5842,0.40866265,1273.7382,0.15297754,-56.58275,-1.4126961,1595.4769,0.13967043,1011.79596,0.3172513,-52.667576,-1.3216866,2584.91,0.10726717,995.19165,0.30068648,-55.016468,-1.2438718,-10.615726,-0.3807484,18.92314,0.22236083,0.040409837,0.58701485,-0.015364006,-0.7190624,0.12842385,0.72326773,28.538786,0.2097648,-11.793201,-0.78354925,22.584536,0.7339011,-18.659521,-0.75817645,-9.147633,17.27042,0.020904822,-0.0052757286,0.05134308,2.745098,3.2128513,0.2375,0.24226792,0.06285714,0.045892503,-31.575882,o,Ses05F_impro03,Ses05F_impro03_F030
534,27.401136,0.11817191,24.211803,26.5674,30.503098,6.291294,11.574026,17.258598,20.939625,3.7132883,0.28739005,0.8654567,0.0633334,0.21861207,0.47110623,0.40777284,5.2096953,4.107173,2.6034336,1.325374,0.07519112,1.0406505,30.045414,0.18308696,-11.220375,-0.9554208,26.199186,0.61491597,-5.6140623,-2.4470358,0.0164042,0.5577376,1.2102767,0.45787346,3.9163496,0.55458474,3.2780397,1.8769804,16.516565,0.4335956,585.07025,0.4673507,1246.6167,0.18984155,-111.48722,-0.8591696,1585.7312,0.13745116,1102.3887,0.40286034,-110.54287,-0.84678686,2561.1003,0.10107133,911.4457,0.19027103,-111.91339,-0.82397926,-9.3452635,-0.49530163,17.55283,0.2749225,0.0235593,0.75663006,-0.013352973,-0.71709263,0.11319454,0.71004975,33.978054,0.08229612,-16.730967,-0.5554846,30.942892,0.689446,-9.779726,-1.8289177,-12.311569,20.624664,-0.006729889,0.009685183,0.044514555,2.3809524,0.61349696,0.77,0.0,0.83,0.0,-34.552128,s,Ses05F_impro03,Ses05F_impro03_M031
535,28.30832,0.004048274,28.224514,28.312166,28.392895,0.16838074,0.0,0.0,-0.09354401,0.0,0.12553659,0.7375126,0.058349434,0.06863023,0.23306698,0.17471755,2.5884554,1.434821,2.443837,1.8291245,0.026139721,0.79599124,20.52536,0.56423515,-1.0558741,-7.2379026,21.020554,0.31054515,-3.1202364,-2.108277,0.066234864,0.0,0.3808346,0.0,5.669009,0.051102392,-10.748038,-0.09295484,-2.011066,-0.15161316,404.26797,0.034085613,1100.9056,0.032075487,-196.5192,-0.12081146,1424.8209,0.002844027,642.51044,0.040363096,-196.85847,-0.11147658,2427.9666,0.002434576,802.4824,0.006722406,-196.73259,-0.11495669,-5.867964,-0.23301584,14.708524,0.11877087,-0.007669292,-0.2141831,-0.0074456916,-0.11319816,0.047933407,0.04619493,17.398169,0.017680958,-6.048243,-0.36302143,29.077494,0.07813678,2.2222455,1.2152008,-10.808229,18.452724,-0.011846746,0.010997282,0.025348525,1.5503876,0.8064516,0.02,0.0,0.59499997,0.385,-46.905914,ag,Ses05F_impro03,Ses05F_impro03_F031
536,26.808874,0.11720013,23.926498,26.519821,29.466003,5.539505,90.94841,25.85417,13.783098,3.6173801,0.21665946,0.6034913,0.06757162,0.22333488,0.3277131,0.2601415,2.5775146,1.2405133,2.1502798,1.5257568,0.057848323,0.85264915,23.743576,0.64934105,5.6623807,2.1607182,24.943268,0.5073425,-7.7967787,-1.7596701,0.016988838,1.0188296,1.0117688,0.6869152,5.915335,0.39679068,5.232559,1.3483663,25.845024,0.33792457,570.7803,0.43454984,1327.0865,0.14128506,-116.76721,-0.7749814,1650.4648,0.18569201,994.6731,0.2734384,-120.14753,-0.69237304,2681.8892,0.11090631,919.2952,0.26386073,-121.5903,-0.67096514,-17.359251,-0.42870274,26.173342,0.29800752,0.018419065,1.4352564,-0.010769655,-1.5641316,0.084752955,0.63314265,32.943417,0.3051905,7.0023055,1.8109704,28.302542,0.54050726,-9.702474,-1.9210923,-7.95815,15.367473,-0.0077114888,0.0067570335,0.036627088,3.9106145,3.1161473,0.13727273,0.13267122,0.177,0.11619381,-36.296116,q,Ses05F_impro03,Ses05F_impro03_M032
537,24.09571,0.087568834,21.98653,24.078033,26.215782,4.229252,0.53775764,0.0,0.0,0.0,0.0966968,0.91793865,0.05807542,0.06189882,0.0866645,0.028589077,0.5737958,0.0,0.9011829,0.0,0.020708103,1.0807899,29.115301,0.1916385,-0.7495607,-5.3909664,15.5866585,0.3500058,-6.9924617,-1.6205266,0.010579362,0.6369861,1.3244034,0.1256514,3.714412,0.22538815,8.542446,0.34648085,26.58402,0.111114584,649.41266,0.40595657,1202.721,0.19195995,-185.92198,-0.250891,1658.8236,0.28590047,981.6527,0.091443285,-186.6407,-0.24074745,2805.6172,0.092058055,640.7698,0.18983236,-187.5827,-0.22200413,-11.615797,-0.37557048,25.476202,0.25916505,-0.0041780137,-5.7146144,-0.026246622,-0.6403034,0.05198982,0.23435281,39.85464,0.03396273,-4.31809,-1.6479118,11.617343,0.58347535,-30.088715,-0.5185184,-14.3415,24.541359,-0.010000703,0.011071329,0.013734903,0.0,1.980198,0.03,0.0,0.9,0.0,-44.90661,ans,Ses05F_impro03,Ses05F_impro03_F032
538,26.157082,0.11848799,23.707829,25.116201,27.763172,4.0553436,41.573963,2.8698845,10.530769,10.855155,0.32654145,0.75645477,0.07925363,0.26517683,0.55971706,0.48046345,1.6213232,1.3496184,4.1748624,2.2044446,0.072495505,1.0017103,28.21853,0.42068958,-6.9069405,-1.5777408,17.562609,0.78023505,-18.800623,-0.9546293,0.040077668,1.8614385,1.2663058,0.9193493,4.8404446,0.4706232,4.3127203,1.0057474,16.343874,0.3082234,623.3737,0.35361272,1336.4274,0.18535368,-100.21094,-0.97227716,1693.1508,0.24066988,992.949,0.34987816,-101.8418,-0.9212886,2672.0112,0.09140079,928.8216,0.43841416,-105.05533,-0.86435694,-10.464596,-0.437143,21.451868,0.19029549,0.03589627,0.45219192,-0.02742261,-0.731879,0.11585546,0.6767904,35.180573,0.16970332,-10.7231045,-0.9876076,10.876057,1.155396,-32.483223,-0.46983048,-8.921217,18.505861,-0.0056862156,0.009883007,0.030286722,1.6853933,1.734104,0.28666666,0.1943079,0.19999999,0.07968688,-33.32624,q,Ses05F_impro03,Ses05F_impro03_M033
539,31.876167,0.08119456,29.247446,32.4468,33.308388,4.0609417,24.802505,20.129456,16.984457,0.0,0.17564203,1.114866,0.06971005,0.08306258,0.27865946,0.20894942,3.876287,1.5977747,1.9678116,1.5174539,0.037833735,1.3397539,29.84937,0.19674017,-4.528896,-1.9289384,19.208693,0.6034307,-11.4990425,-0.7823545,0.04325636,1.8285497,1.2758163,0.8194223,5.379193,0.41729638,2.260802,5.36824,17.2188,0.43155068,488.06448,0.27857348,1349.2812,0.16632996,-128.81535,-0.70119715,1464.4818,0.1036903,1052.5713,0.2826415,-131.53581,-0.6557378,2564.9429,0.06893319,916.69226,0.29443717,-133.91714,-0.6220754,-11.720418,-0.37834,21.768429,0.22739387,0.02113565,1.2285777,-0.008250369,-1.2622359,0.07346518,0.9553865,33.595646,0.12193814,-9.134049,-1.1268669,16.809868,0.8631245,-16.928877,-0.5965262,-13.216867,22.074825,-0.0015762007,0.0064763417,0.015082773,0.50505054,2.6041667,0.13399999,0.08014986,0.29,0.10770329,-38.051533,ans,Ses05F_impro03,Ses05F_impro03_F033
540,25.32388,0.21004899,21.172411,23.16998,28.97501,7.802599,38.886333,32.904358,26.813648,36.387455,0.22300535,0.6936526,0.076280534,0.19046557,0.33929375,0.2630132,2.5546007,1.3403288,2.1283073,1.2618054,0.04915139,0.81358105,27.423008,0.48883626,-3.7462714,-3.2426271,21.188156,0.7579785,-11.215706,-1.0144873,0.01861543,1.0812716,0.9484446,0.8015091,4.8570137,0.5287377,5.4932604,0.93420804,21.044043,0.40686822,609.79376,0.39562908,1268.0629,0.16443714,-115.648445,-0.81201845,1629.1958,0.16462058,986.83185,0.311176,-117.74344,-0.76021296,2661.9033,0.119796515,908.446,0.31681392,-119.73985,-0.7294326,-12.29223,-0.43422654,22.466597,0.36488116,0.027426261,0.7382721,-0.012301415,-1.1557599,0.073882714,0.55227107,36.212517,0.21277876,-7.971781,-1.5741265,24.543453,0.7962483,-13.773059,-1.0604739,-8.447138,17.025982,0.002678428,0.006915772,0.029744117,2.9103608,1.9906323,0.21470588,0.15763387,0.26705882,0.3474912,-37.498844,ag,Ses05F_impro03,Ses05F_impro03_M034
541,36.274117,0.18421796,37.513073,39.277554,39.678837,2.1657639,14.322104,8.482267,16.287462,0.0,0.1342844,0.7775036,0.064983875,0.08854138,0.18329841,0.118314534,1.8550938,1.6721864,2.0310755,1.8023518,0.02732542,1.0106506,25.18759,0.36976102,-2.808611,-4.0157833,17.38428,0.36025396,-12.945938,-0.70854366,0.025341617,0.80524373,1.1608778,0.30799723,6.8247237,0.41173607,5.528394,1.6852684,17.424503,0.361529,667.0357,0.30416,1316.7599,0.15072931,-143.68835,-0.57978994,1687.691,0.12549649,1094.0962,0.35711113,-138.3766,-0.5925072,2681.315,0.10075309,978.24475,0.3921992,-140.07277,-0.5692644,-14.144486,-0.31988144,24.089417,0.22166838,0.012405185,1.396423,-0.006142064,-1.7859008,0.033862684,0.9031822,31.234098,0.15030213,-6.766724,-1.9306365,17.82422,0.35280028,-19.24048,-0.5211229,-10.608833,18.40144,0.0024908937,0.0061121965,0.02356026,2.7303755,2.777778,0.113749996,0.07279036,0.19999999,0.17243357,-44.029488,s,Ses05F_impro03,Ses05F_impro03_F034
542,0.0,0.0,0.0,0.0,0.0,0.0,0.0,0.0,0.0,0.0,0.120590866,0.51595426,0.058439855,0.10206685,0.1974921,0.13905224,0.8076978,0.55579054,1.5072012,2.220955,0.020956572,0.58791375,22.346958,0.23353933,-14.844288,-0.7722502,9.860224,0.5781152,-12.088564,-0.57741785,0.0,0.0,0.0,0.0,0.0,0.0,0.0,0.0,0.0,0.0,0.0,0.0,0.0,0.0,-201.0,0.0,0.0,0.0,0.0,0.0,-201.0,0.0,0.0,0.0,0.0,0.0,-201.0,0.0,0.0,0.0,0.0,0.0,0.0,0.0,0.0,0.0,0.0,0.0,0.0,0.0,0.0,0.0,0.0,0.0,0.0,0.0,-5.257297,15.74922,-0.003040549,0.014199527,0.021270808,1.7857143,0.0,0.0,0.0,2.18,0.0,-51.657627,oth,Ses05F_impro03,Ses05F_impro03_M035
543,25.58328,0.11165297,23.081732,25.664005,28.298721,5.2169895,82.012985,68.72939,10.340746,10.480649,0.1696304,0.5822499,0.067016825,0.15782855,0.24818859,0.18117176,2.12341,1.432777,1.667894,0.8364488,0.04030945,0.70356566,29.35987,0.4602472,1.7262468,6.6361427,21.253553,0.5541292,-4.9401484,-2.715539,0.01984675,2.080708,1.0529548,0.68752414,5.4183087,0.44909137,5.4545517,1.1076226,28.016102,0.25877693,596.5809,0.37771377,1353.7582,0.17598557,-104.043396,-0.88700694,1665.2559,0.1644435,1044.9192,0.29943407,-109.48383,-0.7837021,2664.3623,0.113804795,1024.985,0.341387,-112.1545,-0.74179757,-16.029406,-0.3859523,25.645586,0.2849698,0.02272395,0.97740096,-0.00979608,-1.745926,0.053074416,0.5018143,36.113384,0.29388076,2.4974792,5.0248365,23.773779,0.58557117,-6.3840485,-2.4582472,-10.819859,19.882845,-0.0052709924,0.00931846,0.027894594,3.412463,2.690583,0.17944445,0.1598427,0.16263159,0.15436941,-39.840294,o,Ses05F_impro03,Ses05F_impro03_M036
544,28.657408,0.16979648,25.155748,25.945,36.22606,11.070311,25.669338,6.3821225,34.72293,5.3168344,0.16591117,1.047978,0.057195734,0.08297929,0.2524267,0.19523098,1.8354297,1.4892304,-1.1964663,2.9769998,0.039977416,1.410461,27.363575,0.22131693,-2.7558224,-3.8484383,23.018661,0.5216128,-6.860218,-1.5268856,0.015123505,0.5421453,1.2178273,0.41821355,4.744149,0.583784,5.369923,1.1470631,18.737528,0.30511457,491.47818,0.43569198,1348.4044,0.18654953,-127.98733,-0.7242149,1588.3048,0.11918009,874.0462,0.35089982,-128.69696,-0.6753195,2487.4165,0.074417144,1203.3312,0.5091383,-127.843895,-0.6871898,-12.995958,-0.36601877,19.839235,0.20787908,0.017213864,1.3603148,-0.0076469057,-1.2084681,0.07349644,0.9934043,26.114122,0.33000466,-0.2106405,-70.106285,31.069845,0.4929649,-4.516053,-3.2045436,-13.390535,21.537596,-0.0019448774,0.0064346245,0.011719939,1.6528927,1.7391305,0.22,0.099999994,0.33499998,0.044999998,-39.14958,g,Ses05F_impro03,Ses05F_impro03_F035
545,27.042725,0.18156712,24.325285,25.955223,28.430935,4.10565,42.115288,50.065033,85.40528,141.36038,0.26676685,0.7035228,0.09015535,0.21210475,0.4414389,0.35128355,3.2496362,2.1107066,2.3548827,1.7760727,0.06839395,0.90000844,30.6634,0.36916667,-5.5413284,-2.5782406,18.734068,0.7306025,-9.544507,-1.5349987,0.021176776,1.5057886,1.1284978,0.81268954,5.055335,0.49975902,6.247975,0.947344,23.634306,0.38097808,590.4101,0.39672336,1331.6802,0.1583412,-97.07143,-0.9554471,1612.8038,0.16754778,1030.3217,0.25950098,-99.29347,-0.8871493,2632.6897,0.11989026,988.51294,0.36080354,-102.2137,-0.8358256,-12.58218,-0.52070034,23.114403,0.30622733,0.027861819,0.82181853,-0.011441999,-1.2733333,0.09227944,0.69698787,36.164944,0.25161436,-6.8418307,-2.4266794,19.767153,0.79091734,-10.9894285,-1.4689798,-10.153192,19.048159,0.001641707,0.0039053126,0.0384862,3.2341526,2.8645835,0.18181817,0.12186566,0.1547619,0.17605788,-35.21717,o,Ses05F_impro03,Ses05F_impro03_M037
546,32.850643,0.2289632,28.467205,31.172094,32.442863,3.9756584,40.700157,40.31346,78.88524,59.476246,0.56607,0.43022892,0.31653896,0.6012618,0.81210005,0.4955611,7.024425,3.5099795,6.2028737,3.4879892,0.22263692,0.61578906,29.29018,0.40031508,-11.947733,-1.236255,1.6686718,6.174223,-25.0562,-0.4671804,0.045757826,1.5371841,1.5359915,0.5486539,3.4100904,0.9402101,0.29170382,28.126986,21.590185,0.22901812,609.48126,0.36263692,1423.7971,0.13272554,-65.50777,-1.3462754,1533.0999,0.16475567,1198.5411,0.17831136,-67.04931,-1.2116992,2636.234,0.110376865,967.622,0.38789153,-75.461945,-1.0070133,-10.838653,-0.4515057,24.28127,0.19560969,0.04330242,0.44430035,-0.01981569,-0.6862671,0.26232082,0.51641744,33.6021,0.2634353,-10.859619,-1.2511712,-0.6280015,-14.103695,-25.989897,-0.48086268,-3.609296,14.757134,0.011037095,-0.0027998758,0.12323542,7.8817735,3.0456855,0.22166665,0.27516156,0.086666666,0.049553562,-28.169956,oth,Ses05F_impro03,Ses05F_impro03_F036
547,30.858488,0.0411494,29.843601,31.117313,31.85217,2.0085697,52.352226,22.526377,36.753796,16.699677,0.4928567,0.63033324,0.10785764,0.55706936,0.7867718,0.6789141,7.829152,3.1931005,7.501855,2.969449,0.19804037,0.77467144,31.368546,0.26001477,-8.981026,-0.9853537,8.40819,1.1460392,-14.816597,-0.7369508,0.025671858,0.75686145,1.2617675,0.39808166,4.075389,0.8323423,-3.588311,-1.3071158,19.260305,0.17584957,524.1038,0.3029695,1451.6195,0.12737264,-97.524864,-0.97437257,1447.4706,0.12362161,1271.1366,0.1707219,-97.59734,-0.924042,2491.1465,0.09066778,1083.2264,0.3219806,-103.286026,-0.82446194,-12.773018,-0.19266105,25.307419,0.13828833,0.042773835,0.43235657,-0.021016901,-0.445625,0.30775738,0.36042562,36.57302,0.0948905,-7.8424983,-0.9461123,1.9247532,3.6833763,-19.13819,-0.5215394,-8.748487,19.20733,0.00263089,0.006642095,0.07253067,7.936508,1.6304349,0.32999998,0.39673668,0.195,0.21277922,-28.218807,oth,Ses05F_impro03,Ses05F_impro03_M038
548,41.545795,0.1467455,33.345192,43.225273,45.47216,12.126968,38.928463,21.434187,50.411823,9.967369,0.2393149,0.62474424,0.11302087,0.20436579,0.33435476,0.22133389,4.1731853,4.0320587,1.1833763,2.2492323,0.06382394,1.072191,25.437817,0.29818732,-14.482492,-0.92482865,6.2599697,2.1028993,-24.100906,-0.6094387,0.02779681,1.0050442,1.4587003,0.57932544,6.258472,0.5829036,8.198281,1.700751,20.204765,0.46402955,723.54895,0.30387682,1361.0302,0.15878157,-87.86652,-1.0879289,1713.2758,0.14568686,1183.8191,0.23356576,-80.7658,-1.0715531,2750.6084,0.10291514,1012.97986,0.39311007,-84.93264,-0.98157555,-9.114911,-0.550223,21.643234,0.2846198,0.020854993,0.9520092,-0.002287496,-6.987101,0.08271802,0.9483703,27.040442,0.2478477,-18.533699,-0.70868796,3.5020525,3.9922256,-31.717428,-0.36537972,-8.854978,20.26284,-9.9575984e-05,0.008523439,0.02951162,2.1008403,3.004292,0.20142856,0.13850513,0.108571425,0.12642655,-36.02778,s,Ses05F_impro03,Ses05F_impro03_F037
549,26.372643,0.20397405,22.157877,24.586535,30.705797,8.54792,100.721085,77.05863,15.392522,12.608363,0.21576586,0.71524554,0.073957324,0.1847537,0.3253679,0.25141057,3.3231204,2.6666217,2.304014,1.6189568,0.064252526,1.0067875,32.819317,0.3502715,-2.2018328,-4.491636,18.16697,0.74745065,-9.131979,-1.5901209,0.024871234,0.9519412,1.2521034,0.7628592,4.5652657,0.63350594,4.4634485,1.4280093,26.964615,0.30474284,625.94696,0.34502482,1337.4214,0.15785466,-103.66546,-0.8963046,1656.5588,0.15169102,1064.1885,0.2707626,-107.40841,-0.8133792,2717.1687,0.11340067,1005.1433,0.29061338,-111.128426,-0.7545319,-15.00806,-0.39789078,25.52605,0.25525957,0.026644787,0.8773214,-0.013815739,-1.2617654,0.08953481,0.84275943,38.933544,0.1842105,-2.9764097,-3.7633545,18.57759,0.87402433,-10.010604,-1.7155325,-11.565038,20.909266,0.00152568,0.0019382893,0.038582668,3.0548067,2.6173286,0.18551724,0.11903597,0.18214284,0.18745203,-35.8584,o,Ses05F_impro03,Ses05F_impro03_M039
550,35.02081,0.09150759,32.627518,35.07121,37.2068,4.579281,97.75125,152.97481,30.936386,37.99607,0.22485113,0.86731124,0.10108074,0.181602,0.2692581,0.16817737,2.3835034,2.1316965,2.0304801,2.3857458,0.061344087,1.4090534,27.879473,0.1807262,-9.801944,-1.2889737,16.40582,0.7488889,-21.154955,-0.63486177,0.015410816,0.822794,1.1986983,0.4277889,6.0496173,0.45486596,-6.200999,-1.5617527,13.827454,0.5265412,592.79974,0.29305246,1335.9916,0.14095847,-91.92434,-1.0100588,1647.6593,0.105222344,1067.484,0.30805773,-93.43065,-0.9363905,2672.91,0.07972525,1008.60834,0.38313663,-96.167915,-0.8855643,-11.453326,-0.45027548,21.112309,0.29069912,0.020907842,1.1124401,-0.01427896,-0.8271906,0.06980185,1.3060007,29.554216,0.15332451,-14.231006,-0.87850076,13.63695,0.89121735,-26.713882,-0.43024915,-11.615879,20.084606,0.00723658,-0.004398583,0.046880595,1.2939003,3.364486,0.16055556,0.13496798,0.11666667,0.1363818,-35.778908,o,Ses05F_impro03,Ses05F_impro03_F038
551,31.728876,0.096501686,29.880005,32.182217,34.917435,5.03743,47.99542,43.18127,64.27479,48.892876,0.41029304,0.70709574,0.20162761,0.24788027,0.6491679,0.44754028,2.956506,2.2318997,5.335859,0.5334835,0.13624011,1.00414,26.196114,0.21874438,-11.528472,-0.90522915,22.480396,0.44230872,-22.761347,-0.66437703,0.018488422,0.8090511,1.1332986,0.4355555,4.4127617,0.5856695,-6.208132,-1.0862912,10.826414,0.547056,545.6594,0.34228906,1287.2003,0.14971967,-84.82361,-1.0644501,1649.5284,0.119374745,854.0483,0.13180447,-89.39811,-0.94388175,2617.9036,0.088376544,1002.7398,0.35811064,-89.10122,-0.94995904,-10.055131,-0.40157387,16.721012,0.3182877,0.046418212,0.51390725,-0.02522439,-0.32538003,0.15714034,0.8900674,27.061495,0.17015317,-13.550333,-0.7114246,21.31318,0.47160432,-27.238577,-0.5333424,-9.817712,15.828129,0.024249978,-0.017327327,0.117783636,2.238806,5.46875,0.09857142,0.048529394,0.07666666,0.057057474,-30.866419,ag,Ses05F_impro03,Ses05F_impro03_M040
552,32.138195,0.05625599,30.804535,32.371563,33.44512,2.6405869,169.99432,223.16377,27.88171,20.94084,0.44287133,0.646384,0.16911754,0.3965754,0.66840976,0.49929222,8.876239,3.8577895,6.724298,2.572893,0.190986,0.80013424,28.722843,0.2877568,-5.672581,-1.8803713,12.489333,0.96280307,-11.481099,-1.1369355,0.03514963,0.7810284,1.3414254,0.4646525,4.329987,0.5534989,-2.5739775,-2.7377107,15.339456,0.38810468,541.4087,0.3071635,1408.4191,0.12102396,-101.8499,-0.86578894,1522.3829,0.12517317,1099.7683,0.16580276,-98.13631,-0.8623257,2535.858,0.10117602,1006.2842,0.22526866,-101.50939,-0.8053283,-12.0547495,-0.38326773,22.894789,0.26474184,0.035812777,0.5707552,-0.016406717,-0.49157286,0.27909774,0.5107052,31.54002,0.18532827,-7.567644,-1.5053387,9.630647,1.3424921,-14.8242235,-0.9553066,-11.094452,20.248524,0.008887776,-0.0022704406,0.093228236,6.034483,4.4052863,0.117,0.08820997,0.09888889,0.1348616,-29.172382,ag,Ses05F_impro03,Ses05F_impro03_M041
553,35.15839,0.24766564,24.950668,40.914486,43.419353,18.468685,9.436988,11.578301,34.477325,27.07695,0.2534005,0.5795131,0.12681517,0.20202413,0.4127604,0.28594524,1.5800172,0.9912678,1.2350038,0.54312503,0.05016748,0.7230316,24.70304,0.46260592,-12.038049,-0.8709165,10.814483,1.169692,-21.288546,-0.4992703,0.012865915,0.95786756,0.92608243,0.6384413,6.1712427,0.43251392,8.497514,0.699586,21.245384,0.4778031,678.8313,0.42482936,1295.604,0.18332873,-131.98048,-0.69919217,1591.1135,0.17505299,1137.7072,0.265175,-122.34405,-0.76999676,2684.006,0.07866367,997.0743,0.29915875,-127.13227,-0.6963204,-6.475558,-0.93571466,19.528887,0.55893403,0.027977949,0.5033468,-0.012089059,-1.1669952,0.08244851,0.4017955,29.912394,0.470311,-16.834946,-0.82327664,2.5302956,5.1011066,-26.351599,-0.3048544,-7.085136,14.425232,0.016483538,0.00063866447,0.02736326,2.1551726,1.3274336,0.29333332,0.18838495,0.44,0.2501999,-37.834133,ap,Ses05F_impro03,Ses05F_impro03_F039
554,26.127825,0.19407733,22.016361,24.322443,30.563217,8.546856,198.81755,164.37494,38.737278,49.37077,0.23222962,0.6346285,0.07291215,0.20163947,0.3937652,0.32085305,2.917021,2.3620608,2.6370301,1.5504779,0.05916335,0.7953039,31.119638,0.3536522,-4.619724,-1.9782591,14.584012,0.9360904,-16.321707,-0.8602495,0.02113803,0.91997355,1.1605982,0.7594122,4.82487,0.57206714,4.613245,1.290722,25.756859,0.27050382,640.77454,0.38868394,1279.6428,0.13404693,-118.18979,-0.78189737,1633.1509,0.2014373,1031.9318,0.19289964,-119.83473,-0.74270886,2727.6746,0.10088156,902.55164,0.47706598,-124.33618,-0.67425907,-13.292547,-0.29287863,26.054167,0.22095127,0.03253295,0.57695097,-0.016798962,-0.90780425,0.08795135,0.5201044,39.015247,0.1800738,-5.039163,-1.7307758,14.142057,1.1920989,-20.169788,-0.8047579,-11.063801,20.536743,0.008427432,0.001289244,0.03859802,4.0636044,2.688172,0.15066667,0.16163608,0.2323077,0.43598083,-36.47697,o,Ses05F_impro03,Ses05F_impro03_M042
555,32.148285,0.3516141,21.995184,30.86133,39.721935,17.726751,122.73418,37.058857,-62.92701,160.64873,0.24819593,0.60668075,0.117595956,0.21168947,0.33236587,0.21476991,3.5051339,2.1549265,1.7021991,1.5189002,0.0682589,0.75613993,32.186325,0.19122607,-9.540335,-0.8954157,11.340114,0.9928784,-21.56759,-0.4915925,0.050438594,1.3127166,1.4751989,0.5646982,4.1671,0.78185236,4.0319276,2.7537575,20.292572,0.39097455,653.6235,0.30109534,1307.6276,0.11161297,-126.45103,-0.68390214,1696.9807,0.13286358,960.93976,0.17643,-122.39115,-0.6879897,2793.9749,0.06420986,976.2228,0.47537968,-126.05086,-0.6363806,-12.877055,-0.2887243,23.950457,0.25328618,0.02283979,0.9635619,-0.013822565,-0.917273,0.07687545,0.7439971,32.56863,0.2061277,-9.052377,-1.0830975,13.334532,1.0327768,-24.72849,-0.461695,-11.055018,22.716722,0.01911341,-0.008045565,0.0564758,4.878049,5.0632915,0.07375,0.053604454,0.12,0.047207747,-37.144405,s,Ses05F_impro03,Ses05F_impro03_F040
556,33.583477,0.11696971,31.013075,32.979424,37.83282,6.819746,60.741158,75.111824,97.763145,155.20764,0.6282082,0.6725595,0.14887562,0.62273765,1.0367246,0.887849,11.418446,4.528074,8.343865,4.648464,0.31648627,0.93596363,28.739307,0.29718602,-9.614518,-0.93830216,11.783638,1.2054738,-17.676384,-0.71186924,0.024570629,0.79716927,1.2596331,0.5513164,5.3781357,0.48754263,3.3120825,2.5284996,21.55204,0.31146193,684.0548,0.31839797,1323.2926,0.15244205,-97.39374,-0.947511,1673.5442,0.12653206,1050.0481,0.22294055,-90.656425,-0.9608965,2705.7578,0.09664899,920.42645,0.27214253,-94.455444,-0.89211065,-11.1517105,-0.4181023,21.98874,0.2777411,0.05676838,0.4080616,-0.019810805,-0.50764114,0.41235125,0.6614491,32.021698,0.18512386,-12.033051,-0.7328976,11.281372,1.3180271,-19.807535,-0.62345123,-9.303963,19.672049,0.013839134,-0.005199472,0.18981813,5.741627,2.9055688,0.19333334,0.288627,0.12,0.11408498,-24.75595,s,Ses05F_impro03,Ses05F_impro03_M043
557,43.851513,0.15632835,37.53343,48.087936,50.003662,12.470234,96.772354,90.21391,46.01308,0.0,0.17106913,0.5255282,0.09538959,0.13554241,0.2379253,0.14253572,2.1324978,1.9604832,1.042305,0.49364024,0.03888661,0.65850157,21.734447,0.22348405,-5.5170026,-1.1107138,13.72986,0.46797484,-9.987725,-0.6773191,0.035305418,0.3911085,1.1981232,0.26947543,7.029495,0.36266664,8.787273,0.8332117,15.384018,0.5926361,871.4087,0.23731941,1377.3125,0.17367195,-146.56184,-0.5455909,1736.4473,0.13944952,1068.6768,0.17770204,-138.28334,-0.5988038,2837.2354,0.09258254,820.16394,0.41920665,-141.7508,-0.55204475,-9.933525,-0.4146983,22.210318,0.2578972,0.045586158,0.5622563,0.00093197625,6.9387245,0.06286826,0.36156285,21.213799,0.2444922,-8.231096,-0.80013645,7.990558,0.56574005,-15.330501,-0.37429395,-9.765358,19.646437,0.00599493,0.007460351,0.02768961,3.2258065,2.0,0.16333334,0.11085525,0.235,0.1751428,-41.973167,oth,Ses05F_impro03,Ses05F_impro03_F041
558,33.77541,0.20325905,26.152618,32.72796,41.40211,15.249493,497.88284,447.10486,42.95439,19.369394,0.3236687,0.7773807,0.10772712,0.25163817,0.5272387,0.41951162,4.9741464,4.126064,2.9883146,1.3932905,0.09633133,0.95939267,20.383488,0.6774039,-7.593374,-1.2879267,15.303635,1.2012352,-7.3594637,-1.177124,0.022225967,1.0233558,1.1699387,0.6096514,6.7928843,0.6275326,8.183844,1.5153303,23.438196,0.40868697,647.33856,0.39597392,1260.3279,0.14185776,-134.91936,-0.6537823,1626.2395,0.14897451,1020.7663,0.18244947,-130.45894,-0.6575638,2699.4255,0.11473248,949.126,0.23459949,-133.66185,-0.61101747,-11.379897,-0.44734746,24.18086,0.3100608,0.037217747,0.5313172,-0.008574355,-1.3780022,0.16081735,0.6383388,28.71052,0.25689435,-6.8169665,-1.606525,8.444764,2.7054048,-9.875352,-1.0301521,-4.121311,15.346575,0.015921183,0.0093773715,0.06012392,2.281369,2.7131784,0.13,0.066975474,0.19,0.25436196,-30.693958,o,Ses05F_impro03,Ses05F_impro03_M044
559,29.272285,0.26652113,24.281828,26.06466,39.573143,15.291315,212.80699,121.136604,108.408104,94.5979,0.20887263,0.9019977,0.05672107,0.15355358,0.3244856,0.26776454,3.348648,2.266284,1.9970996,1.433527,0.05102514,1.0139303,27.874264,0.30514136,-7.3468695,-1.4686154,17.023048,0.51390815,-15.214748,-1.0606967,0.032913126,1.7968831,1.3054918,0.7430616,4.0386453,0.6725221,4.828757,1.8218619,17.977417,0.26991215,640.48395,0.3670994,1272.8339,0.15256564,-155.74649,-0.5048795,1666.4749,0.1760735,1039.3811,0.24620107,-150.48573,-0.5346179,2657.8628,0.09530159,940.0909,0.4371376,-152.229,-0.50963074,-9.809108,-0.4334641,17.879578,0.26500073,0.035509028,0.5465149,-0.01234221,-1.0329274,0.09391079,0.67289233,32.579037,0.16455655,-14.7476015,-0.62912405,16.621975,0.75839597,-27.419106,-0.58658195,-10.977143,19.502844,0.0016135112,0.004014702,0.03623052,2.0325203,2.469136,0.09583333,0.065505505,0.31454545,0.49703416,-37.756767,o,Ses05F_impro03,Ses05F_impro03_M045
560,36.34894,0.21036413,32.137764,39.371895,41.46982,9.332054,223.52461,59.030373,173.64496,85.36122,0.22434342,0.5756884,0.13134257,0.18385594,0.31656316,0.18522058,1.7658333,0.8542983,1.4072477,1.0187527,0.05017274,0.7912821,27.681345,0.319027,-13.008452,-0.79990274,19.9315,0.474533,-24.08741,-0.5111503,0.049872093,1.4013069,1.2963995,0.37005362,5.310365,0.55838186,6.1179256,2.2772095,18.760878,0.44852856,627.4827,0.34423855,1292.447,0.13548514,-123.50539,-0.71403193,1682.375,0.13571598,1013.8263,0.27475876,-111.91307,-0.766557,2710.8303,0.07318324,973.50726,0.27527407,-113.19212,-0.7482883,-11.682412,-0.28319943,19.828445,0.2520782,0.029278755,0.56870496,-0.016435115,-0.70029,0.047539353,0.5934084,30.75754,0.19590713,-13.259837,-0.58836156,18.986452,0.5683398,-32.007416,-0.2503973,-7.277941,14.368054,0.017827243,-0.0038704814,0.052937787,2.1978023,4.519774,0.095,0.0736546,0.10375,0.07498958,-40.25602,ag,Ses05F_impro03,Ses05F_impro03_F042
561,20.514755,0.097912386,19.150755,19.713629,20.89646,1.7457047,196.51794,0.0,12.234969,12.7247715,0.13567148,0.67032886,0.060700264,0.12136392,0.17633185,0.11563158,1.8428338,1.180145,1.607538,1.056434,0.029475886,0.892591,27.044903,0.2734746,-7.2039027,-0.8817303,25.248213,0.28033325,-10.709712,-0.7109052,0.018122558,0.37587357,0.58978724,0.41405204,2.244089,0.4568413,4.9155836,0.35556197,25.137455,0.19776796,546.311,0.261583,1333.8594,0.1636782,-171.1375,-0.38854462,1601.5819,0.107998684,1134.7354,0.3127209,-173.43056,-0.3534903,2523.227,0.11600328,1223.4132,0.41222876,-173.85898,-0.34659633,-16.874216,-0.22385414,22.249975,0.20803592,0.027603304,0.31322291,-0.02029509,-0.5112126,0.045256704,0.30888617,38.653103,0.06203296,-3.190528,-2.6411583,29.72077,0.12127901,-15.414892,-0.3347368,-9.927866,17.467127,0.0038928338,-0.0004138721,0.027492514,2.5000002,1.9354839,0.06666666,0.059066817,0.32,0.2178302,-44.80529,o,Ses05F_impro03,Ses05F_impro03_M046
562,19.628424,0.030858835,19.122715,19.549212,19.820852,0.6981373,196.51794,0.0,0.13771701,4.170722,0.10465269,0.79082906,0.057317384,0.063778564,0.15348448,0.096167095,1.8194075,1.6393831,1.6541635,1.1423591,0.021575607,1.0791895,26.662416,0.21753265,-6.2749286,-0.8416287,21.264303,0.3297777,-7.7607546,-0.8065655,0.018865539,0.34795555,0.59065235,0.43706653,2.1705737,0.50665677,4.558705,0.37720826,26.660728,0.15040182,568.7911,0.25947973,1347.8892,0.17642525,-183.8174,-0.29058456,1611.2087,0.11606145,1163.9027,0.32983708,-185.1658,-0.26560923,2575.5925,0.11370437,1106.0347,0.39505398,-185.49835,-0.25925356,-18.10436,-0.15806982,23.561022,0.16998574,0.030440215,0.20769596,-0.018525291,-0.5634125,0.04121158,0.27694774,38.237236,0.06333524,-0.2512912,-22.664038,29.789703,0.12943494,-15.829373,-0.35238376,-11.03885,20.10615,0.000672658,0.005497352,0.020022452,1.3100437,0.89285713,0.085,0.065,0.67333335,0.76525956,-46.714058,o,Ses05F_impro03,Ses05F_impro03_F043
563,28.029337,0.037249386,27.160015,27.863218,28.548122,1.3881073,179.6816,0.0,2.016871,8.708274,0.16022374,0.972424,0.05589903,0.06744018,0.2565573,0.20065826,2.0871303,1.1280111,2.5722613,1.1300865,0.0400347,1.3346394,26.176168,0.3521497,1.927125,4.9336658,18.763487,0.5249527,-14.547997,-1.1470995,0.012553056,0.78365904,1.390378,0.76364607,5.933177,0.37359405,-0.8045381,-5.953705,22.609554,0.32026854,578.19543,0.36037475,1332.784,0.14607792,-146.15332,-0.5780881,1644.1791,0.18149611,1040.3379,0.45489448,-146.95734,-0.5377661,2691.3076,0.08636815,856.87427,0.44585103,-147.68121,-0.5275077,-14.884468,-0.525162,19.707922,0.43793622,0.031753313,0.5772515,-0.029803203,-0.7766404,0.09970922,0.6642965,32.377,0.34019664,7.283538,1.3401152,22.899826,0.6577891,-31.596447,-0.62220955,-11.454242,19.709242,0.002568585,0.006858329,0.015692422,3.0487804,1.8867925,0.14999999,0.05715476,0.26749998,0.2161452,-37.400032,q,Ses05F_impro03,Ses05F_impro03_M047
564,34.24181,0.006156472,34.080677,34.165886,34.43601,0.35533142,3.4607782,0.0,5.9612913,0.0,0.07203874,0.31605893,0.054995585,0.0669925,0.08144915,0.026453566,0.41031238,0.34644938,0.13454786,0.19412407,0.013345594,0.343329,26.246264,0.24773143,2.3692777,2.569852,14.195511,0.59023815,-9.449128,-1.1880043,0.00996545,1.0472858,0.8983216,0.56193304,7.8937335,0.3523716,-7.851359,-1.5864395,25.846918,0.1215494,513.8811,0.3258698,1421.5466,0.099269584,-174.18835,-0.37173426,1539.0453,0.13832547,1497.4536,0.19820337,-174.62567,-0.35001948,2532.5999,0.08192361,1346.6714,0.2738071,-175.74515,-0.3325411,-20.028038,-0.14312859,32.7233,0.19815758,0.005046161,2.6389568,-0.023247821,-0.8374116,0.020097204,0.2596644,35.652534,0.11294247,1.6241908,0.82557195,6.236943,2.0984743,-29.630735,-0.44065478,-13.894952,21.865564,-3.611677e-05,0.007831242,0.012390768,2.5477707,1.3157895,0.099999994,0.06,0.42333332,0.5002888,-52.19161,ans,Ses05F_impro03,Ses05F_impro03_F044
565,29.361914,0.18409063,23.02896,32.999775,34.21315,11.184191,89.4391,0.0,11.7147665,19.00867,0.17282212,0.87620115,0.07139189,0.10847914,0.23089598,0.15950409,1.5899799,1.1591954,0.7247675,0.5641257,0.03328996,0.8951519,30.222523,0.18892457,-3.111663,-2.5233016,17.7689,0.78180504,-17.991226,-0.7986379,0.010542823,0.9071912,0.88728213,0.5330041,5.562603,0.496022,-3.5795588,-2.4790466,18.827776,0.36101308,546.5344,0.41648936,1315.9878,0.1549287,-99.90211,-0.9532235,1546.928,0.13947314,1174.5709,0.29926813,-99.204926,-0.8979353,2615.1055,0.08312216,1020.7448,0.3420551,-101.74106,-0.85446745,-14.304159,-0.39916936,24.802391,0.3800561,0.020370161,1.0751863,-0.014323969,-1.009028,0.04816588,0.6817375,32.925858,0.14195083,-6.9094114,-1.223745,18.113422,0.92753154,-25.921738,-0.5720261,-14.335299,23.4002,-0.006404197,0.0017810334,0.018540867,3.1746032,3.3333335,0.1525,0.07980445,0.1275,0.06905613,-39.590645,q,Ses05F_impro03,Ses05F_impro03_M048
566,28.232912,0.18732947,22.843756,25.143461,33.109203,10.265448,46.004086,30.713196,17.362223,3.3283138,0.13683324,1.0112762,0.06006909,0.075781904,0.14280453,0.08273544,1.3255497,0.8787295,0.805918,0.6415591,0.025557099,1.079481,26.236727,0.26764062,-1.4297843,-5.680583,17.515549,0.6356085,-11.870889,-0.9731649,0.011588707,0.76427615,0.9463662,0.5149515,4.336279,0.38173878,0.6764614,9.616671,16.927689,0.37747487,554.4985,0.42891997,1288.1383,0.15694751,-144.58931,-0.59949714,1572.7137,0.1358801,1062.5692,0.26033595,-141.79053,-0.5969205,2632.3547,0.08463399,928.4737,0.32614464,-142.85081,-0.5819051,-12.005435,-0.35394832,20.785183,0.34492502,0.025360193,0.7894452,-0.007999879,-1.0383943,0.052473687,0.6596633,31.328455,0.12615411,-9.492831,-0.797712,23.60711,0.5873879,-22.710787,-0.6194525,-13.226537,22.049768,-0.0035670835,0.004256876,0.013832222,2.259887,1.7441862,0.17,0.080415584,0.285,0.30211753,-41.222103,ans,Ses05F_impro03,Ses05F_impro03_F045
567,24.861345,0.0746904,23.029957,25.064674,26.217915,3.1879578,79.22417,118.92804,17.635668,7.8963327,0.17827013,0.6952542,0.06864142,0.14957508,0.25247952,0.1838381,2.6679382,1.3754839,1.8838202,1.0756185,0.038973,0.776885,27.827227,0.4543424,1.8370752,4.436808,20.615444,0.5987834,-15.867014,-0.89862823,0.02135685,1.4384922,1.1376587,0.5165918,4.506373,0.3576553,5.061019,0.9397313,24.397121,0.33042476,720.81976,0.3379014,1337.8612,0.15307008,-107.247055,-0.87132215,1797.3633,0.18882664,1081.3622,0.30543956,-111.09993,-0.7909204,2768.792,0.10075672,897.92224,0.3490336,-112.86011,-0.7638407,-13.955722,-0.35598922,22.62985,0.30318618,0.02921137,0.75847244,-0.01351509,-1.16669,0.058707833,0.53005624,35.963284,0.17921592,-0.31657362,-22.761639,22.779015,0.6107264,-23.032194,-0.6812282,-9.720555,17.775225,0.001262701,0.007713217,0.021215172,3.3163266,2.3255816,0.20111111,0.1627844,0.187,0.14170745,-40.329082,o,Ses05F_impro03,Ses05F_impro03_M049
568,34.890797,0.10076087,31.073978,34.618473,38.49839,7.424412,23.967264,9.7535095,19.3457,10.831814,0.12020455,0.42391133,0.07803491,0.10993734,0.15651941,0.078484505,0.6744809,0.30917794,0.5928694,0.3142146,0.022539971,0.5398668,31.47271,0.16153216,-4.3627415,-1.8754072,17.019194,0.6374857,-16.209608,-0.62428725,0.017307354,0.7826532,1.1691204,0.49010062,6.796154,0.33793396,-0.76042837,-10.4872675,18.407131,0.48899567,641.5062,0.2652769,1353.524,0.124564834,-90.51625,-1.0030725,1706.0688,0.11502095,1073.2471,0.23298131,-94.6365,-0.87558603,2713.1448,0.07626265,982.5938,0.33452612,-97.03022,-0.8336058,-14.49862,-0.36052874,23.56126,0.24012126,0.015510585,0.83141786,-0.009920815,-1.2839134,0.02497906,0.45508552,32.865784,0.1369541,-5.5562224,-1.5870019,17.562862,0.6762841,-20.12164,-0.43754044,-13.703514,22.798735,0.0033491112,-0.0006014156,0.017897567,3.8690476,3.6363637,0.1525,0.119312264,0.1025,0.11113992,-45.6091,s,Ses05F_impro03,Ses05F_impro03_F046
569,31.47929,0.09911139,28.936693,31.459118,33.03393,4.0972385,225.2032,236.9701,29.649576,12.782342,0.2546848,0.5914075,0.14053254,0.21100838,0.39810202,0.2575695,1.8169152,1.5050703,1.288756,0.6273852,0.066466205,1.005923,26.803581,0.38022888,-4.0857177,-2.9217806,20.207932,0.63067293,-16.212755,-0.69089556,0.033576358,2.2051222,1.0394242,0.40353075,6.3561954,0.37463456,1.6457479,4.795835,23.59564,0.3637419,587.844,0.34717524,1304.5736,0.14455618,-98.2792,-0.97657585,1659.7272,0.12307713,1041.2012,0.28968492,-102.504845,-0.85951585,2703.0215,0.09506025,936.836,0.3985934,-104.55077,-0.8235945,-15.017991,-0.31553194,24.374779,0.24657978,0.02947202,0.7007438,-0.012962032,-1.1128176,0.06253679,1.0334306,31.108644,0.20916255,-1.6036052,-4.9249797,21.019617,0.6828922,-19.374395,-0.6330823,-6.700452,13.676487,0.014191994,-0.003099276,0.074165456,2.0408163,1.6666667,0.315,0.22209232,0.21,0.09230385,-36.27223,ag,Ses05F_impro03,Ses05F_impro03_M050
570,31.254623,0.10516684,28.823528,31.033173,32.767967,3.944439,185.55687,226.83548,30.129509,13.177033,0.26147875,0.608945,0.13026723,0.2084538,0.40539843,0.2751312,2.6116655,1.2020844,2.9408982,2.265936,0.07317624,0.97384083,26.526115,0.40095678,-4.991032,-2.5038457,19.514078,0.60187024,-17.664576,-0.6241985,0.03372627,2.4929755,1.2758766,0.5437236,5.405743,0.47872186,2.7174213,2.5932965,23.898287,0.34671345,582.29803,0.36130178,1305.4679,0.15644026,-101.21892,-0.93774486,1654.0546,0.1402178,1073.6472,0.30023354,-104.54273,-0.84165597,2667.3508,0.104253665,1008.32587,0.39622,-107.1138,-0.79904914,-13.715421,-0.37573302,22.792566,0.27489445,0.032799352,0.66815877,-0.013275814,-1.0725216,0.07791411,1.005165,30.957085,0.22413512,-3.8065147,-2.6153407,17.392632,0.7227358,-20.239384,-0.58654314,-7.1783175,13.159474,0.0152545525,-0.0049848673,0.06830139,2.739726,3.1358886,0.15555555,0.17639041,0.16,0.09912114,-36.171604,o,Ses05F_impro03,Ses05F_impro03_F047
571,29.14885,0.14730096,25.427406,28.154934,31.984432,6.557026,66.50551,58.79015,38.28068,8.898274,0.2594223,0.5671675,0.10721655,0.24213865,0.39486036,0.2876438,3.3812296,1.9697658,3.6217372,2.136917,0.07908817,0.8028879,30.66216,0.41437757,-5.244562,-2.3822205,17.388367,0.9092465,-14.982925,-0.858274,0.019552466,0.7450577,1.4814693,0.78187656,4.3186035,0.630229,3.9637613,1.9800661,22.589672,0.3218253,642.1297,0.3884537,1250.8759,0.129366,-106.24834,-0.8596238,1609.7191,0.13800327,1052.5637,0.31887352,-104.84995,-0.8386643,2680.4065,0.11976907,971.5825,0.46386424,-109.21067,-0.765571,-9.666118,-0.6082973,22.189657,0.3859627,0.035919677,0.6371479,-0.0064937007,-2.6586752,0.11080608,0.53584826,35.50138,0.27985877,-7.381916,-1.5562127,16.542864,1.2133611,-16.32119,-0.8215106,-9.155308,18.11869,0.008355227,0.0014300882,0.048849024,3.8759692,3.5573123,0.13444445,0.093584314,0.13875,0.109366074,-36.496387,q,Ses05F_impro03,Ses05F_impro03_M051
572,30.091955,0.12863137,26.401138,29.404892,34.892593,8.491455,29.626514,3.6578493,13.013738,10.335364,0.16103633,0.84086156,0.08888516,0.119749986,0.16797258,0.07908742,0.52782196,0.4890682,1.171249,0.828291,0.03595763,1.0064862,32.803745,0.18462616,-7.7574706,-1.2057985,11.033029,1.1494045,-15.252279,-0.752382,0.019739658,0.9816726,1.153167,0.6005953,4.2659297,0.80093396,4.575885,0.9313346,18.912092,0.2919643,617.0333,0.35941944,1325.7458,0.12236126,-118.65393,-0.7677962,1616.868,0.17998874,1110.4615,0.2698349,-120.14258,-0.74272174,2618.3306,0.08786287,935.1072,0.29317108,-123.76487,-0.6863082,-11.236243,-0.52777034,22.288698,0.27016595,0.009664294,1.9534711,-0.006799317,-2.016639,0.05432958,0.8964565,34.881546,0.12769273,-9.215621,-1.2957499,14.530122,1.1174753,-19.267633,-0.67708284,-11.160374,24.406952,0.0020761979,0.0031002713,0.023084674,0.9661836,1.980198,0.21,0.105593555,0.218,0.24465486,-41.007946,ans,Ses05F_impro03,Ses05F_impro03_F048
573,29.485487,0.1548333,24.954418,27.076027,34.898125,9.9437065,33.284363,0.0,9.1623335,14.747826,0.20070496,0.9717206,0.06371455,0.1168331,0.33217332,0.26845878,0.94504285,0.5637199,1.3903205,0.0,0.04777936,1.088739,30.513205,0.15474044,-3.4545362,-3.083856,22.505941,0.38893288,-14.951039,-0.79210746,0.022246467,0.9302835,1.2733815,0.67692703,5.721192,0.5993555,5.5246067,0.7976248,17.518375,0.33050644,674.93896,0.3687176,1402.6165,0.10208466,-92.55447,-0.9770362,1715.0536,0.18410629,1160.7626,0.32626143,-95.78692,-0.90728354,2619.6995,0.097819485,892.8787,0.16384104,-97.1658,-0.87881845,-13.512494,-0.46329567,20.036448,0.32527444,0.017877774,0.988764,-0.012345389,-0.8373248,0.07564177,0.7603669,33.808983,0.11235638,-4.7743964,-2.851121,25.618408,0.39473882,-19.769438,-0.71243805,-13.572554,23.013361,-0.009552406,0.0048891744,0.016630273,1.1235955,2.3809524,0.235,0.044999998,0.16499999,0.145,-37.92349,q,Ses05F_impro03,Ses05F_impro03_M052
574,33.232574,0.059256338,31.195465,32.99189,35.593903,4.3984375,-17.412746,0.0,12.809122,0.0,0.1096892,0.46009812,0.06201172,0.09609724,0.16746879,0.10545707,0.669526,0.23954104,0.6953201,0.35310888,0.021852018,0.65217215,30.956728,0.14321296,-8.411893,-0.7056628,11.723232,0.87600696,-16.210041,-0.6704836,0.016771076,0.8638227,1.291308,0.3339293,5.8567567,0.46103796,-8.243572,-1.2172912,17.150728,0.33554074,541.89716,0.24217123,1382.439,0.13420391,-137.46822,-0.6329688,1602.8533,0.13140823,1055.5507,0.15755434,-136.12086,-0.62302744,2704.361,0.09808706,1030.0612,0.2528479,-138.97504,-0.5840252,-13.673097,-0.21394874,25.128582,0.26177177,0.018572247,0.73126966,-0.01645814,-0.70154804,0.03598167,0.40346158,33.886242,0.09784912,-14.307761,-0.2928092,4.899918,2.4819098,-28.05529,-0.3011616,-12.822555,21.197649,-0.0027609032,0.00046100083,0.015328461,4.379562,3.0303032,0.1025,0.12090802,0.16399999,0.074993335,-47.286537,ans,Ses05F_impro03,Ses05F_impro03_F049
575,24.805435,0.07505306,21.950912,25.737177,26.20167,4.250757,6.080697,2.2064788,4.213093,4.90254,0.17259838,0.49932316,0.06657123,0.17023551,0.23830388,0.17173266,0.77401793,0.5959308,0.88863486,0.34193543,0.027057033,0.55470365,27.787315,0.6799725,-0.13586438,-102.70152,11.808683,0.7652291,-17.522068,-0.72542006,0.006913488,0.81202716,0.68353856,0.69075775,5.741455,0.39345273,6.3008294,0.512541,26.782417,0.28470868,481.43903,0.17036833,1380.3212,0.13257615,-101.668816,-0.9526352,1406.5022,0.09861206,1146.1399,0.18145865,-105.19706,-0.882353,2609.491,0.07900899,957.63464,0.22342628,-111.7981,-0.7719975,-12.684485,-0.3952933,24.568975,0.25918442,0.015508106,0.8824919,-0.021457823,-0.52406615,0.03482196,0.36629677,42.03578,0.09831244,-7.4753647,-1.702909,9.237058,1.229151,-26.777096,-0.42967486,-6.4365954,12.841961,-0.004967516,0.006646126,0.020894544,2.142857,1.4814814,0.32999998,0.16,0.21333334,0.13274871,-43.127922,o,Ses05F_impro03,Ses05F_impro03_M053
576,28.5408,0.0090116095,28.283642,28.613417,28.689087,0.4054451,24.582672,0.0,11.12369,11.99297,0.12610458,0.50865483,0.077823415,0.10674481,0.1651023,0.08727889,0.9339543,0.5093817,0.34584323,0.59536433,0.024056464,0.58565277,13.718987,1.1915228,7.5872974,1.1460524,17.112118,0.37372252,-8.06123,-0.98422736,0.0404632,0.090294644,2.2878287,0.2328985,6.7435513,0.122724734,3.5714145,1.288373,23.30159,0.16693929,728.59796,0.3871587,1552.8904,0.19699857,-185.29544,-0.2533802,1731.6913,0.13434745,1120.55,0.057466663,-186.01843,-0.23985608,2844.3254,0.08705533,929.6799,0.21101448,-186.68954,-0.22808014,-17.470985,-0.18803613,27.102966,0.105452396,0.00015052993,118.41712,0.0072296625,0.93594646,0.027569978,0.442424,29.285599,0.23609933,4.5563254,0.5814837,25.062065,0.24156994,2.9218578,1.1133682,-6.287213,12.1577015,-0.0029674382,0.0063576754,0.023101414,2.7272727,1.923077,0.035,0.005,0.465,0.355,-48.075268,ag,Ses05F_impro03,Ses05F_impro03_F050
577,25.397533,0.108748086,22.820257,23.51147,28.57508,5.7548237,118.445206,0.0,12.822574,15.763205,0.14142065,0.8067332,0.06602128,0.09098387,0.18657705,0.12055577,1.060362,0.54777247,0.94918746,0.39848742,0.026241945,0.89485955,19.61409,0.6433214,-4.514807,-1.6141753,16.649178,0.48881498,-12.310053,-1.0971494,0.0254842,0.5647301,1.3447555,0.6604859,4.8717275,0.41521552,5.406914,0.9891624,27.964853,0.26029533,614.2956,0.38635653,1429.0955,0.1682679,-184.2745,-0.2753169,1629.1047,0.14448878,1131.0106,0.16708961,-185.40976,-0.2549183,2741.1128,0.11381162,1123.4415,0.31108305,-186.1967,-0.24026771,-16.829117,-0.29205382,29.68585,0.106568836,0.012013962,1.4165503,-0.0045607877,-2.8058417,0.039145257,0.46827948,38.67395,0.21370961,1.8123444,2.8710089,20.026527,0.8215238,-6.262436,-2.2997499,-7.2508483,15.261444,-0.003667707,0.009017312,0.025218895,1.4285715,1.1594204,0.065,0.018027756,0.62,0.8951201,-46.727295,o,Ses05F_impro03,Ses05F_impro03_M054
578,32.69707,0.13322338,28.256681,33.403233,35.92775,7.671068,91.773636,75.46301,101.46819,54.310467,0.35878664,0.70078397,0.13357379,0.2798978,0.5906167,0.45704293,3.9108574,2.765934,2.9537642,1.7731888,0.10482966,0.88837326,27.662912,0.34131786,-14.591859,-1.0049981,11.191034,1.253508,-21.497725,-0.6933422,0.03699115,1.3743423,1.2115932,0.49621713,4.480741,0.813603,-2.971869,-3.6267016,13.103606,0.6857691,602.5927,0.42981455,1298.032,0.15096962,-96.29356,-0.975503,1593.3002,0.14461115,1085.4423,0.22170117,-89.32872,-1.0293257,2601.977,0.11022809,995.9543,0.30559814,-93.46812,-0.9466137,-9.824164,-0.46838543,20.114714,0.3099819,0.033226237,0.6931639,-0.012699304,-0.98075116,0.11888532,0.8064909,30.672325,0.19951491,-17.646156,-0.76525164,9.862817,1.6415501,-23.084925,-0.6637659,-6.9228992,15.197805,0.014625875,-0.0031411657,0.0853187,2.2988505,3.030303,0.17846152,0.14346515,0.13,0.1181264,-33.56992,o,Ses05F_impro03,Ses05F_impro03_F051
579,30.758152,0.14883783,26.444834,30.799551,35.125446,8.680613,29.42843,14.755855,75.71952,36.405148,0.47444367,0.626884,0.119203016,0.44687405,0.78790605,0.668703,4.4092155,3.1468928,4.1869707,1.2434876,0.15266612,0.7210771,30.52343,0.2995586,-14.862233,-1.1669996,13.781595,1.0357226,-18.31947,-0.7636606,0.028717319,1.0407656,1.2993542,0.4736747,3.00023,1.1210258,0.39774767,22.36978,15.468671,0.6160158,593.958,0.46448523,1315.4196,0.16583236,-96.74858,-0.95426416,1585.4574,0.1548091,1105.9637,0.26376164,-90.851494,-0.9968417,2597.1094,0.10306457,1006.6086,0.2684646,-95.184135,-0.9146361,-9.190946,-0.62942046,19.950281,0.38556457,0.034214508,0.60563016,-0.01212627,-0.99695176,0.16975519,0.66204166,32.76176,0.15952072,-18.447268,-0.8464456,14.973902,1.0997844,-19.740515,-0.72322387,-8.758051,19.307392,0.02060151,-0.0041575413,0.1378624,2.7322404,3.9325843,0.13428572,0.07228063,0.118333325,0.07945998,-31.582054,q,Ses05F_impro03,Ses05F_impro03_M055
580,30.914045,0.12455564,27.7141,30.098238,33.41107,5.696972,126.91643,94.73306,65.66212,64.05311,0.2592175,0.8750866,0.061605614,0.17942668,0.4600305,0.3984249,5.119279,3.3903208,3.0990129,1.8244587,0.07089125,1.0607687,25.25027,0.3891362,-6.0542603,-1.6384734,21.612188,0.83074975,-8.281924,-1.1547576,0.03036893,1.7343907,1.2246096,0.6978209,5.351155,0.77278966,0.59653676,12.094988,16.765455,0.5252696,563.0346,0.5103969,1266.7799,0.16198915,-131.15302,-0.69598645,1593.6553,0.14988874,879.1631,0.3116826,-129.83261,-0.6739806,2618.3381,0.123950996,958.3556,0.39105818,-130.5997,-0.6619637,-10.222023,-0.41003948,18.432693,0.41829142,0.047147095,0.52860004,-0.015856741,-0.71531016,0.13221014,0.5394409,30.421904,0.23827654,-10.377218,-1.1055706,22.763302,1.0621951,-11.232075,-1.0664116,-9.169936,16.626352,0.008986698,0.0035539432,0.03630069,2.739726,2.4390244,0.14571428,0.08295561,0.24428572,0.27845782,-34.90355,q,Ses05F_impro03,Ses05F_impro03_M056
581,32.1792,0.14812574,27.198994,31.906155,38.412693,11.213699,29.736105,8.105935,217.19917,220.99133,0.25373977,1.1400826,0.055900577,0.12467235,0.38176683,0.32586625,0.7599614,0.6330464,2.3358688,0.9059187,0.061773524,1.3428694,28.405458,0.13633922,-10.365772,-0.8713328,14.871842,0.61954844,-19.274689,-0.6896001,0.03621611,1.4209384,1.2489136,0.56714165,4.3406496,0.626728,2.4114006,3.7977178,14.232179,0.4581471,515.58154,0.3169532,1319.7633,0.15808266,-122.20161,-0.77753913,1542.6616,0.12993947,978.7592,0.2814305,-117.64133,-0.7853376,2590.223,0.090413325,885.9113,0.28227198,-120.32074,-0.7418053,-9.049057,-0.4680076,18.816422,0.25917143,0.03852963,0.5337664,-0.015879408,-0.6676322,0.119134165,0.8543441,28.590624,0.14712887,-16.188206,-0.5316373,16.432497,0.69452685,-29.54129,-0.2351365,-12.3855,22.685583,0.0021726007,0.0044313106,0.020202119,0.78125,2.3904383,0.17,0.17330128,0.225,0.21592823,-35.021454,ans,Ses05F_impro03,Ses05F_impro03_F052
582,31.12858,0.1437858,27.127766,29.17939,37.29986,10.172092,30.696486,11.1846,291.82547,237.7993,0.44494343,0.7204143,0.17674583,0.22350287,0.8296589,0.6529131,0.96643305,0.6693296,2.5231786,0.71860904,0.11064678,0.88754606,29.544535,0.15040082,-17.910292,-0.35222635,12.197967,0.95834637,-28.769989,-0.25869244,0.035734676,1.4788238,1.1705027,0.6235003,4.0117426,0.7047204,1.8135626,3.964928,13.40661,0.49498188,516.47943,0.32013685,1336.0961,0.16520193,-52.556538,-1.5922861,1521.8329,0.12884776,965.9836,0.2783506,-51.008926,-1.535059,2601.788,0.08695939,860.51074,0.25540546,-57.08738,-1.3170695,-7.754586,-0.4311754,18.146751,0.26889187,0.041181974,0.5009434,-0.017246028,-0.59425735,0.13956986,0.7228529,28.567732,0.1603275,-19.062687,-0.32192853,14.636234,0.7853157,-30.283226,-0.21340495,-7.9488974,23.260876,0.017262347,-0.0028024511,0.039992947,1.6260163,3.3898306,0.21499999,0.1937137,0.07666666,0.026246693,-31.874691,b,Ses05F_impro03,Ses05F_impro03_M057
583,27.978361,0.11244305,25.686708,26.459791,31.4259,5.739191,6.6921234,0.0,20.74783,12.530268,0.21119262,0.5184157,0.1122888,0.15981975,0.339638,0.22734919,0.89990735,0.6107353,0.7165547,0.18508881,0.03690514,0.45324838,34.19712,0.117027044,-14.1119375,-0.48464411,12.139154,0.8138579,-18.619982,-0.47481605,0.014531145,0.72569567,0.9631237,0.50208664,4.297157,0.37245923,3.4073067,1.7453163,17.805424,0.20833753,507.33362,0.17915247,1281.3062,0.15008189,-61.069164,-1.4195276,1496.9337,0.07261131,1038.4795,0.21196994,-65.38577,-1.2844043,2535.6602,0.06417393,976.1325,0.41241875,-71.84115,-1.1103266,-10.341379,-0.28523242,19.945854,0.23073585,0.026133945,0.4705368,-0.015531761,-0.44422927,0.0432744,0.34388542,36.11552,0.06885096,-15.031505,-0.50681096,13.702721,0.81203544,-20.211946,-0.37529948,-10.329232,22.977654,-0.001772241,-0.0010444296,0.026163489,2.3809524,2.4793391,0.27333334,0.22065559,0.103333324,0.03858612,-41.89702,ag,Ses05F_impro03,Ses05F_impro03_M058
584,27.978361,0.11244305,25.686708,26.459791,31.4259,5.739191,6.6921234,0.0,20.74783,12.530268,0.17158444,0.64659,0.07699553,0.12719432,0.32192516,0.24492964,0.6186997,0.35896945,0.67721575,0.20450927,0.029671818,0.6102208,29.378544,0.30335662,-10.575232,-0.8008697,12.707408,0.66959614,-14.656486,-0.6703166,0.014531145,0.72569567,0.9631237,0.50208664,4.297157,0.37245923,3.4073067,1.7453163,17.805424,0.20833753,507.33362,0.17915247,1281.3062,0.15008189,-103.37383,-0.93655,1496.9337,0.07261131,1038.4795,0.21196994,-106.14843,-0.8837155,2535.6602,0.06417393,976.1325,0.41241875,-110.66346,-0.80608356,-10.341379,-0.28523242,19.945854,0.23073585,0.026133945,0.4705368,-0.015531761,-0.44422927,0.0432744,0.34388542,36.11552,0.06885096,-15.031505,-0.50681096,13.702721,0.81203544,-20.211946,-0.37529948,-9.59939,20.867643,-0.004590807,0.009549311,0.017763985,1.6853933,1.734104,0.27333334,0.22065559,0.21,0.22814468,-43.347733,s,Ses05F_impro03,Ses05F_impro03_F053
585,0.0,0.0,0.0,0.0,0.0,0.0,0.0,0.0,0.0,0.0,0.07756265,0.38024813,0.05563859,0.06499828,0.09729685,0.04165826,0.013844995,0.0,0.13763967,0.0,0.011983158,0.3315052,22.240582,0.29365116,-5.3196235,-0.73297805,18.882902,0.15582585,-11.707999,-0.8229946,0.0,0.0,0.0,0.0,0.0,0.0,0.0,0.0,0.0,0.0,0.0,0.0,0.0,0.0,-201.0,0.0,0.0,0.0,0.0,0.0,-201.0,0.0,0.0,0.0,0.0,0.0,-201.0,0.0,0.0,0.0,0.0,0.0,0.0,0.0,0.0,0.0,0.0,0.0,0.0,0.0,0.0,0.0,0.0,0.0,0.0,0.0,-8.681277,16.579325,-0.0050996295,0.013410419,0.012275522,0.0,0.0,0.0,0.0,1.03,0.0,-56.702934,ag,Ses05F_impro03,Ses05F_impro03_F054
586,23.84111,0.06688967,22.669153,23.723133,25.29594,2.6267872,21.249332,5.370339,33.897533,23.32424,0.18082769,0.7177828,0.057626907,0.13887909,0.28816357,0.23053667,2.7590864,1.6315575,2.1433952,1.0203704,0.040522393,0.75820124,29.006498,0.3997135,-3.1323493,-3.654794,20.57766,0.5967278,-5.7257104,-1.7779582,0.020420812,0.83987594,0.98479927,0.5515451,3.5972118,0.5235346,6.8227243,0.599569,22.74022,0.3641293,591.38196,0.4498096,1319.744,0.13108698,-122.278694,-0.751409,1598.9305,0.19791782,1025.7316,0.3619946,-124.5053,-0.712042,2616.9653,0.12419708,909.448,0.40319273,-126.590935,-0.6806267,-12.075645,-0.4222153,21.423618,0.27800933,0.028812118,0.6209447,-0.009763884,-1.3798108,0.06844253,0.39815995,37.76696,0.16546935,-8.500602,-1.3105317,23.559484,0.67694414,-10.096024,-1.2590994,-11.720607,19.617697,-0.0025218164,0.008465016,0.022511886,3.5256412,2.2801304,0.16857143,0.095233336,0.2175,0.16528384,-40.33053,o,Ses05F_impro03,Ses05F_impro03_M059
587,41.33255,0.22024314,31.95017,40.844585,52.683136,20.732965,72.52312,43.129837,57.090485,52.101284,0.34076545,0.7719681,0.1049173,0.2664039,0.57124424,0.46632695,4.8926344,2.449817,4.7410836,2.4793215,0.11014294,1.0792074,22.741642,0.39061135,-18.035496,-0.9354277,10.969187,0.9240201,-21.46818,-0.6704943,0.030283058,0.7959669,1.4464499,0.3556745,4.1380596,0.70347553,2.74581,3.7513072,18.437687,0.35830358,647.3235,0.34121028,1372.8241,0.18074946,-140.95934,-0.6328954,1612.7443,0.11429893,1160.1693,0.24486966,-120.732956,-0.77169293,2673.4387,0.088298425,889.97,0.3813741,-123.60084,-0.72152984,-5.287462,-1.6328552,18.863493,0.25066483,0.03151408,0.61243576,-0.0067387703,-1.90245,0.19596037,0.6673835,23.64334,0.4096094,-25.661587,-0.7613462,4.7266054,1.8237075,-28.158045,-0.47105327,-7.1526875,15.834031,0.011547247,0.0038724209,0.05229124,3.1111112,2.022472,0.19444445,0.12971002,0.31125,0.24328159,-33.531395,s,Ses05F_impro03,Ses05F_impro03_F055
588,32.730396,0.19011803,28.49773,31.13945,32.860928,4.3631973,75.6417,0.0,66.63506,12.043296,0.43646201,0.40056986,0.26625526,0.43065047,0.6113683,0.34511304,5.803953,2.443547,4.357203,2.3197613,0.14277896,0.5164127,30.054203,0.18964425,-17.73205,-0.6668994,8.96052,0.68810594,-21.005812,-0.60692215,0.034103382,0.91793585,1.3313923,0.441982,3.7074783,0.773289,1.3881452,4.9173417,18.40577,0.31890202,539.3659,0.28626937,1393.9683,0.13682117,-123.35187,-0.7373703,1502.097,0.11072924,1194.0863,0.25169882,-116.11327,-0.7527003,2484.6746,0.09146558,924.23254,0.28706497,-118.97561,-0.7102637,-11.14779,-0.37924945,21.158262,0.23357089,0.037343945,0.5692903,-0.011355253,-0.9615136,0.1832263,0.35071236,33.120422,0.12772445,-10.709579,-1.0303223,10.238488,0.52309555,-15.913006,-0.59861946,-6.1011443,16.94044,0.022844123,-0.00073068024,0.117020376,6.9182396,3.9215686,0.105,0.072284155,0.1925,0.17210098,-32.535168,oth,Ses05F_impro03,Ses05F_impro03_M060
589,25.83939,0.15314005,23.730148,24.621115,27.27941,3.549261,94.75495,100.465164,526.5905,707.4334,0.2624259,0.817045,0.07321393,0.18588316,0.42780167,0.35458773,3.189976,2.2771926,2.6195955,1.5981915,0.059482206,0.9704627,28.396885,0.3188385,-9.193714,-1.4086479,25.681595,0.61461234,-19.50055,-0.6443392,0.015590622,0.91811895,0.96295345,0.4764701,3.803586,0.4941481,8.935079,0.44261512,21.026516,0.4450985,635.43445,0.393944,1339.8594,0.12331027,-119.87071,-0.7618318,1645.0491,0.1764639,1064.3196,0.20204146,-120.36339,-0.7282746,2673.2993,0.10436151,991.468,0.3789913,-122.03369,-0.7045748,-9.555281,-0.522278,18.410692,0.45470637,0.014616417,1.1304705,-0.014370597,-0.82584983,0.07021292,0.5493293,32.762115,0.29294017,-8.495471,-1.7134784,22.81976,0.64134413,-22.994703,-0.5363891,-7.9888635,15.617676,0.013581721,-0.0008724022,0.05404565,2.415459,2.970297,0.13499999,0.093941465,0.15428571,0.1146245,-36.68392,o,Ses05F_impro03,Ses05F_impro03_M061
590,27.240826,0.2168457,21.513292,25.815943,34.17742,12.664129,33.71682,14.515027,70.78433,37.53443,0.27023453,0.77363026,0.09994596,0.20600311,0.38701248,0.28706652,3.7585862,2.6004145,2.259422,1.8749758,0.059470683,0.879482,29.073147,0.36706406,-7.894682,-1.4622223,23.679564,0.68286306,-22.759474,-0.55034417,0.014560195,0.77869827,1.0653543,0.36408132,4.1632686,0.41452023,6.173045,1.0649844,20.22271,0.27777514,491.84216,0.29947957,1379.5645,0.14438699,-111.29038,-0.8404577,1425.7266,0.14594951,1094.2325,0.26998854,-113.973785,-0.7764062,2526.3655,0.05673034,848.0042,0.426499,-116.444786,-0.73735464,-10.969016,-0.45729142,18.935402,0.34705216,0.02054304,0.58052194,-0.016440177,-0.66973376,0.059787,0.6567074,33.608997,0.23647723,-7.3670673,-1.3614142,20.057508,0.69308364,-25.397085,-0.4785319,-7.385749,15.282029,0.018762622,-0.008028095,0.060489915,2.843602,3.3980584,0.12571429,0.078895435,0.12875,0.107405476,-36.88567,o,Ses05F_impro03,Ses05F_impro03_F056
591,23.972569,0.22434697,20.286274,21.541313,31.82375,11.537476,31.21605,0.0,5.686466,24.80763,0.16260743,0.60000193,0.0837133,0.13077295,0.2587238,0.1750105,2.6368883,2.1114964,1.51368,0.6580653,0.030889243,0.6715528,25.401937,0.49406734,-4.3282647,-1.9520649,21.789364,0.51974857,-14.942798,-0.9639784,0.01634126,1.0592612,1.1618671,0.54087913,3.6117992,0.45787996,5.463655,0.9054041,19.018124,0.24568914,468.55444,0.34659272,1271.0393,0.1326633,-141.1317,-0.61138153,1401.3729,0.15487672,946.2349,0.14063473,-142.94194,-0.5879792,2546.6904,0.06701375,800.68787,0.46234542,-145.16806,-0.55533105,-10.279177,-0.4060078,18.63192,0.3162609,0.018450843,0.52879065,-0.01784169,-0.6406385,0.052592084,0.42047507,35.031376,0.08160779,-9.408629,-0.823104,18.696793,0.7102559,-24.688564,-0.7238394,-7.708757,14.817834,0.002408194,0.0030922336,0.023261994,5.0000005,2.5806453,0.107499994,0.0481534,0.26,0.1457738,-43.43777,o,Ses05F_impro03,Ses05F_impro03_M062
592,35.09815,0.26719207,26.6548,32.29418,45.361645,18.706844,119.74863,138.04231,98.759674,82.10636,0.23990077,0.6562737,0.10933276,0.17919093,0.426638,0.31730524,2.9960475,2.3947573,1.3710476,0.924486,0.07050739,0.934128,25.183548,0.4038235,-5.451397,-2.4144926,18.076376,0.78348106,-17.638426,-0.839196,0.026109295,0.8313007,1.3195966,0.48617098,6.274428,0.5178658,9.595724,0.9269996,22.08842,0.42621154,680.804,0.42244962,1279.6542,0.16315477,-138.68149,-0.5986584,1715.7599,0.14340405,1010.21234,0.23131406,-128.6963,-0.64133245,2697.6472,0.09901737,991.6038,0.35069352,-130.39896,-0.6200721,-12.179349,-0.46130583,20.192986,0.33303294,0.035824027,0.48899007,-0.008961801,-2.0489354,0.08971577,0.7077738,28.341503,0.32769272,-7.3651447,-1.9086261,18.563236,1.0176046,-19.915073,-0.6924355,-9.659991,16.89359,0.010372268,0.00041775397,0.053421106,3.9772727,4.733728,0.0725,0.029047374,0.11875,0.124542914,-36.927547,o,Ses05F_impro03,Ses05F_impro03_M063
593,34.095757,0.216424,26.845896,33.454742,42.559467,15.713572,97.38596,98.23045,101.85118,104.58984,0.43769133,0.6692645,0.19697724,0.35066462,0.6276457,0.4306684,5.674867,3.5344963,4.690285,3.8663912,0.14535601,0.98202306,26.624798,0.3010123,-13.424616,-0.9563676,19.36416,0.797339,-22.651533,-0.6817033,0.032367546,1.3823667,1.2958984,0.4717973,5.159369,0.6019693,5.3463874,1.869961,17.775267,0.52538353,642.3925,0.39722493,1346.4568,0.1784626,-81.44058,-1.0783098,1667.4094,0.13248512,1045.8271,0.26705733,-74.57999,-1.0967958,2664.3516,0.09225984,983.27295,0.34511626,-77.71173,-1.0261031,-9.448136,-0.48529482,18.185303,0.31009907,0.037971202,0.4496872,-0.011905445,-1.0453764,0.15216832,0.95227563,27.801487,0.25871563,-16.052523,-0.7793777,19.390429,0.9155094,-25.735544,-0.56384045,-8.4140415,15.153892,0.024159042,-0.009359467,0.12620899,3.4313726,4.9751244,0.122999996,0.119042,0.06052631,0.05103907,-30.613232,o,Ses05F_impro03,Ses05F_impro03_F057
594,31.569653,0.21131648,25.026186,29.37711,39.72329,14.6971035,148.7878,147.16702,112.48655,107.90438,0.5647693,0.50401044,0.3212093,0.48842502,0.84581375,0.52460444,5.01516,2.4771135,4.615081,2.874023,0.17979908,0.7541692,28.343298,0.2513397,-19.59969,-0.45329586,22.102873,0.7735503,-27.16663,-0.5188605,0.042308096,1.3683889,1.3319968,0.44471332,3.5673673,0.82877034,2.6938956,2.7551906,15.9092455,0.41415122,646.9648,0.3810816,1347.4678,0.14767487,-57.16181,-1.3886602,1653.5939,0.120434925,1039.9736,0.23395143,-55.56928,-1.3380141,2648.0737,0.08172289,926.4567,0.30268228,-58.78396,-1.2324997,-8.138925,-0.39662424,16.428188,0.24980563,0.03878902,0.41758794,-0.014863508,-0.5622763,0.1891758,0.7235709,30.40242,0.15229143,-21.698963,-0.34333253,25.501461,0.6974153,-27.673832,-0.5078687,-6.0705605,13.015436,0.035602875,-0.01277966,0.19958954,4.571429,5.0000005,0.14,0.12835498,0.04428571,0.02060315,-29.470587,o,Ses05F_impro03,Ses05F_impro03_M064
595,34.4865,0.09432112,31.499367,34.23246,36.7998,5.300434,92.85144,143.82785,44.792736,19.347712,0.42462406,0.7234109,0.17791744,0.3326779,0.64660543,0.468688,10.102276,6.1227465,6.4179635,3.9619818,0.1750121,0.96739626,29.05431,0.36540437,-6.688017,-1.6800172,17.319344,0.8064577,-14.615573,-0.99336165,0.030877374,1.054804,1.322378,0.7546005,6.4088454,0.49692842,5.424586,1.9028434,23.11173,0.48804525,581.2946,0.37032884,1361.9196,0.15781541,-98.69366,-0.9057716,1617.0236,0.1492893,1048.2166,0.28585646,-93.80386,-0.8901316,2672.663,0.1112807,1032.6016,0.41721833,-97.280846,-0.83058155,-13.289819,-0.4260096,24.69324,0.35769573,0.045780756,0.50802696,-0.011247549,-0.95032,0.21817523,0.7854694,32.24591,0.29988313,-5.550064,-2.2500656,14.929469,1.0383586,-16.732613,-0.9355272,-8.486411,16.55146,0.01174365,-0.0008628472,0.11967549,4.712042,3.9893618,0.138,0.10153489,0.10692307,0.11309523,-29.335499,q,Ses05F_impro03,Ses05F_impro03_M065
596,35.343185,0.14328054,30.763552,33.307003,42.831722,12.068171,50.16848,23.47673,89.85496,97.759476,0.25164178,0.63701123,0.10026902,0.21289623,0.36456636,0.26429734,4.5213494,3.7326124,3.1221778,2.104243,0.087203205,1.0280288,32.046474,0.19071431,-4.164552,-2.5231254,19.914497,0.597083,-13.333936,-1.041882,0.028304787,1.3337121,1.1373011,0.8982092,7.6106763,0.38439262,8.588014,1.1690657,26.030613,0.21019658,609.0977,0.33246872,1395.3,0.19458236,-109.9408,-0.82623446,1638.7612,0.13052496,1071.6195,0.28737387,-103.151726,-0.825404,2686.0752,0.099329986,830.68243,0.23301774,-106.73554,-0.76928157,-15.175187,-0.33587003,24.17136,0.23174545,0.039002053,0.606887,-0.0051417393,-2.2334683,0.123212345,0.8396532,32.61957,0.19919913,-2.9452596,-3.2409592,22.267908,0.6813736,-14.474589,-1.1630423,-12.618958,21.605436,0.016892234,-0.0010587298,0.047585774,4.347826,3.0303032,0.17,0.12267844,0.14,0.11202678,-33.654205,ans,Ses05F_impro03,Ses05F_impro03_F058
597,34.84813,0.11616424,31.95472,34.08761,39.059914,7.105194,74.0072,21.629307,135.7262,188.65848,0.23762804,0.72931516,0.067223735,0.20437503,0.41863543,0.3514117,4.1937346,1.8121798,3.53135,2.244232,0.09457727,1.0142787,30.427485,0.30943364,0.18966737,45.694584,9.973063,1.2741748,-10.297124,-0.97337145,0.02964494,0.7490542,1.4006315,0.7400358,6.810687,0.3542117,9.353589,1.1184107,31.969866,0.2610887,711.6351,0.41475815,1289.8173,0.14254247,-130.60747,-0.6470316,1730.9746,0.17301136,1146.5988,0.27133656,-126.54049,-0.64556193,2860.9795,0.11356476,965.5577,0.34154826,-130.70499,-0.58808583,-13.388718,-0.38543704,29.40696,0.2599256,0.04650829,0.34409404,-0.007820378,-2.534836,0.16208327,0.585827,35.61624,0.24439278,0.20643832,41.607113,4.9087825,3.2291467,-12.57581,-1.0477971,-12.813981,23.219204,0.015486791,0.0014452428,0.05211192,3.2467532,4.0268455,0.09333333,0.02981424,0.114285715,0.12981933,-33.898434,q,Ses05F_impro03,Ses05F_impro03_M066
598,37.393944,0.071763165,35.383663,36.941807,40.401657,5.017994,186.60002,252.34117,25.800201,13.970484,0.19662713,0.74943334,0.05576249,0.19429599,0.2941545,0.23839201,3.0532067,2.3533373,1.3845531,2.4051628,0.06182028,1.110921,27.788828,0.26551542,-5.9971137,-1.9690788,11.433382,0.9845415,-13.500426,-1.12411,0.021407109,0.68844116,1.3252221,0.6170506,6.185871,0.6230803,7.748594,1.4221019,22.256353,0.42042598,682.0106,0.35901114,1381.5789,0.25548923,-137.72572,-0.61894745,1650.143,0.15616821,1204.6981,0.32565227,-122.37867,-0.71732736,2687.7776,0.1052817,915.5395,0.24778406,-125.744514,-0.6680379,-11.854642,-0.5383825,23.59502,0.2932052,0.030123888,0.63501,-0.0060729557,-1.5594791,0.094414994,0.7661126,30.522936,0.2715354,-8.994988,-1.6087772,7.4263406,1.6790584,-21.269106,-0.85809505,-11.50727,21.141611,0.0005378897,0.008289169,0.030463904,2.9850748,2.5641026,0.156,0.101705454,0.265,0.3194135,-36.526505,ans,Ses05F_impro03,Ses05F_impro03_F059
599,34.266827,0.15370375,30.661457,33.103973,36.166573,5.5051155,106.73341,66.31128,6.9710608,7.2031913,0.26649353,0.4586852,0.17294145,0.25422576,0.33587086,0.16292942,3.3596885,2.2056117,2.166442,1.2273191,0.081241585,0.7032531,29.88516,0.32231492,-5.9179773,-1.6373134,11.79641,1.1734658,-14.290314,-0.9002747,0.022512352,0.8259389,1.285004,0.7309801,6.7632885,0.44642448,8.951751,1.2211102,22.26975,0.3908659,644.41864,0.3455733,1305.5531,0.2356997,-91.81085,-0.97137564,1630.3861,0.14585792,1060.2117,0.38563633,-91.05038,-0.9072799,2684.8865,0.10377719,919.3153,0.30758908,-95.85204,-0.8225573,-13.78024,-0.4537164,24.815823,0.28802073,0.037481107,0.6159954,-0.0069920965,-1.554929,0.103707254,0.58060247,33.672684,0.27894366,-3.4674823,-3.039637,14.046115,1.1580986,-11.483042,-1.1884674,-9.187064,19.624327,0.01819125,0.0024932937,0.05038912,4.1860466,3.3333335,0.17285715,0.13487712,0.0925,0.060981553,-35.07746,q,Ses05F_impro03,Ses05F_impro03_M067
600,33.808754,0.17309478,30.538956,32.134415,34.889996,4.35104,17.578049,9.453339,380.154,0.0,0.22183299,0.41023767,0.14412594,0.21024509,0.29997653,0.15585059,2.4418087,1.3077295,2.2186017,1.2096295,0.059282213,0.59202707,28.573948,0.30420157,-5.6185594,-1.3920811,13.262492,0.9922772,-13.222935,-0.9566454,0.0231378,0.8264114,1.4552867,0.7232789,6.633928,0.39703244,8.058384,1.4302069,21.986855,0.44017088,573.365,0.32954517,1264.181,0.12608203,-108.84107,-0.8416477,1573.4504,0.13101116,1025.0776,0.4075692,-109.51861,-0.7761129,2616.0186,0.096544474,868.14886,0.26042238,-112.79284,-0.7249862,-13.689398,-0.41886887,23.494843,0.31520778,0.035209857,0.5852153,-0.009075407,-1.2165767,0.08117528,0.45950606,33.287106,0.26212838,-3.4693024,-2.2532036,15.59432,1.0254226,-9.827569,-1.3931489,-9.559507,18.691586,0.017212741,0.0007063163,0.039123,6.666667,3.6842105,0.12714286,0.12903091,0.12428571,0.11056442,-37.900883,oth,Ses05F_impro03,Ses05F_impro03_F060
601,36.453587,0.0750605,33.058563,36.838165,39.271797,6.213234,26.648272,12.572185,34.01318,39.61601,0.25400275,0.7896415,0.07500193,0.18173511,0.44670677,0.37170485,2.6973634,1.4986224,1.8864251,1.1086454,0.06875824,0.92954284,16.386381,0.8526553,1.0379809,13.267891,15.298346,1.0294409,-10.281909,-1.3954841,0.030389601,1.0068922,1.2913797,0.7086569,6.027172,0.6991107,9.998545,0.8459792,20.902575,0.49111512,721.52893,0.33066186,1448.6395,0.23702529,-138.73378,-0.6280288,1692.1198,0.12609814,1002.1668,0.26580128,-136.7208,-0.6240939,2763.6167,0.087288074,921.7666,0.28001478,-138.39557,-0.5971705,-8.792652,-0.909539,19.509708,0.43267515,0.047034293,0.42186478,-0.013601444,-1.2330745,0.12461655,0.514684,22.991926,0.39705288,-7.402592,-1.7475575,10.14735,2.134211,-21.966982,-0.7876667,-7.928379,15.451595,-0.0033092813,0.009276138,0.0414725,3.030303,2.2123895,0.146,0.122245654,0.23666665,0.27170247,-35.275368,o,Ses05F_impro03,Ses05F_impro03_M068
602,27.914719,0.02479567,27.141718,27.963673,28.64564,1.5039215,0.0,0.0,-0.15669711,0.0,0.08705916,0.39136374,0.0635946,0.076235205,0.09605599,0.03246139,0.40940285,0.4020835,0.3225758,0.22442317,0.016149033,0.74242795,23.522476,0.26607063,-0.7771343,-5.463493,14.018348,0.40979436,-13.151214,-0.58522093,0.0127024315,0.4196036,1.2799525,0.47398436,4.6436386,0.43109962,-1.2674992,-4.0203667,25.652718,0.14219236,521.605,0.29967648,1523.7864,0.22134644,-189.43475,-0.23361544,1608.4094,0.19365981,1231.5078,0.13536094,-189.58704,-0.2212948,2643.3784,0.06716321,1058.5135,0.33173203,-190.0545,-0.2121066,-17.566824,-0.20861773,28.067928,0.14712371,0.031114189,0.3321738,-0.02238344,-0.35950196,0.037091434,0.3707225,36.40735,0.16106233,8.199364,0.48998514,13.744848,0.28482208,-30.646006,-0.19041842,-10.722054,19.783007,0.0026393055,0.0037737447,0.014944764,2.0618558,0.52910054,0.11,0.0,0.875,0.255,-51.72464,q,Ses05M_impro03,Ses05M_impro03_M000
603,37.769756,0.029726265,36.78254,37.789516,38.867798,2.0852585,0.0,0.0,-0.29561552,0.0,0.08558077,0.6920836,0.060012728,0.0644391,0.0775402,0.017527469,0.34462735,0.2433504,0.40952903,0.2416929,0.015522818,0.8312882,23.673311,0.14224961,-1.27397,-3.4531457,13.742222,0.30933985,-11.366571,-0.52299273,0.01233046,0.22058775,1.5115955,0.5496385,8.136073,0.23966672,1.3053304,7.1373262,25.499363,0.28635797,668.5248,0.19145778,1449.8774,0.10372833,-189.57108,-0.2323318,1673.9915,0.07945049,1073.0868,0.20456442,-185.09879,-0.26725155,2828.9993,0.04569897,958.1297,0.24166167,-186.45998,-0.24224213,-12.277428,-0.34530073,27.222425,0.18837628,0.017508317,1.560671,-0.0029420685,-2.4925718,0.03955439,0.29360795,30.032307,0.0631389,-2.9668005,-3.002209,5.4222245,1.0284454,-12.394708,-0.5098364,-11.897929,21.424368,-0.0032137763,0.0017581875,0.013596358,0.6993007,0.7246377,0.11,0.0,0.62,0.17,-50.269405,q,Ses05M_impro03,Ses05M_impro03_F000
604,35.366623,0.09311172,32.321823,35.05801,37.772976,5.451153,86.41103,36.072582,152.47058,145.48373,0.11196508,0.5259295,0.0618808,0.08504019,0.16664058,0.10475978,0.910275,0.50085336,0.699933,0.5428834,0.02196524,0.61938494,23.781912,0.24516909,-2.1472366,-3.5619078,19.93016,0.59177953,-9.34956,-0.84562755,0.022302486,0.847864,1.3319877,0.59199446,6.857092,0.50073755,15.081621,0.55128694,25.394318,0.3382928,575.8003,0.34294242,1368.2008,0.10216018,-166.35498,-0.42756423,1594.4207,0.11123903,1071.2441,0.16813451,-160.49431,-0.45344728,2595.3933,0.10530266,1043.3337,0.22752017,-161.7133,-0.43624842,-14.381292,-0.31626388,23.78438,0.28419963,0.0327651,0.49111152,-0.0006137957,-17.210629,0.033141155,0.25442,30.552444,0.14432538,-1.687624,-5.4653807,16.342556,0.7011491,-9.018609,-1.1416242,-11.119227,19.582878,-0.0027721704,0.0029031897,0.018597836,2.4096386,1.5337423,0.136,0.14164744,0.49599996,0.6588049,-47.845768,ans,Ses05M_impro03,Ses05M_impro03_M001
605,48.285366,0.14177467,43.340042,49.1639,54.142605,10.802563,192.27397,302.5479,264.86023,288.69434,0.39896032,0.7433014,0.14397049,0.27250552,0.73614216,0.59217167,3.0983238,1.3248887,2.517815,1.245761,0.15494934,1.2026223,19.148794,0.37204942,-12.15813,-1.5367228,8.762278,2.136356,-27.26872,-0.73087656,0.035259943,1.4706477,1.1719738,0.5557072,9.195245,0.4917936,10.755641,0.7462419,13.118299,0.95439255,784.94293,0.30157056,1197.1719,0.17282645,-115.61541,-0.7868109,1826.4736,0.10898667,903.4894,0.21908103,-92.78961,-0.8962128,2855.8687,0.08515968,869.79517,0.3343635,-93.93482,-0.87029105,-9.372579,-0.6529201,19.069109,0.42661807,0.045789067,0.6205692,-0.013558765,-0.97656703,0.22428474,0.94325805,17.858543,0.4021704,-20.224949,-0.9869791,3.1023402,6.6989994,-37.1051,-0.47814682,-12.81019,20.43997,0.015898487,-0.0059443302,0.057747148,2.2624433,3.255814,0.17571428,0.1520204,0.125,0.097253956,-28.281824,q,Ses05M_impro03,Ses05M_impro03_F001
606,47.951447,0.12650669,42.34769,47.249622,53.935486,11.587795,55.394917,23.41807,29.159885,25.264874,0.45294878,0.6138551,0.19916756,0.31843206,0.765403,0.5662354,2.7972972,1.5565463,2.6924305,1.1574115,0.17075281,1.0318377,18.499369,0.3819924,-13.822541,-1.3598864,9.645128,1.801454,-31.186653,-0.5860305,0.03618316,1.3095667,1.1330696,0.64250803,9.115316,0.43971664,10.180685,0.7401667,12.23437,0.85637426,736.60144,0.31750342,1274.2153,0.16826332,-98.3636,-0.9081964,1782.4551,0.11137308,949.5577,0.38907441,-73.48215,-1.0154271,2796.3381,0.0872154,903.02563,0.4088859,-73.98993,-1.0007246,-10.719561,-0.53453237,17.9933,0.38233018,0.041971087,0.7012436,-0.016395487,-0.84051645,0.19988617,0.97536945,17.516417,0.37167108,-17.893887,-1.0906414,7.7570796,2.3962529,-35.67739,-0.4910689,-12.833686,19.633028,0.03352862,-0.016081268,0.08261832,3.3175356,3.902439,0.17375,0.101481214,0.098,0.046647616,-28.06049,ans,Ses05M_impro03,Ses05M_impro03_M002
607,46.755035,0.09726349,43.63607,44.782776,51.670357,8.0342865,37.34657,24.174938,35.899155,4.6711264,0.400753,0.7182382,0.1643021,0.2860756,0.745635,0.58133286,2.2335033,0.19430895,2.339253,0.6684943,0.14717264,1.0389727,23.373253,0.25097668,-14.958006,-1.1587293,9.538189,1.4475844,-31.653414,-0.52665687,0.04629681,1.310885,0.82565,0.68130034,10.230238,0.4044045,8.890869,0.769881,13.098181,0.65809,870.5665,0.2800303,1236.83,0.16589427,-73.76928,-1.1343086,1846.5096,0.09680356,1039.3673,0.40008226,-65.13257,-1.1090488,2918.0474,0.07854537,830.5416,0.40872136,-67.920784,-1.0392011,-12.673865,-0.4957116,22.466932,0.27354673,0.045683105,0.5338397,-0.014512403,-1.0278878,0.19076344,0.8439375,22.675144,0.2896218,-19.975073,-0.89329594,8.081081,1.6538012,-34.511948,-0.4777151,-12.755358,20.563955,0.013023494,-0.0064316313,0.038215715,1.980198,2.1052632,0.355,0.255,0.099999994,0.03,-29.425863,q,Ses05M_impro03,Ses05M_impro03_F002
608,35.758606,0.15195312,31.002926,34.334335,41.803413,10.8004875,24.198626,0.0,16.347122,15.222452,0.16653891,0.546079,0.071933776,0.1613987,0.25171858,0.1797848,1.1670299,0.40047392,1.0413876,0.508736,0.03826534,0.67266595,24.832054,0.29474548,0.67403424,13.426143,16.459496,0.6890549,-16.117455,-1.0081066,0.018666925,1.0098538,1.0381873,0.6243469,7.886968,0.44877222,1.6718371,4.729681,16.245916,0.46807837,610.73157,0.46939906,1362.6068,0.13952734,-130.92877,-0.67134047,1565.3091,0.21020615,1064.3977,0.18366349,-125.46418,-0.6874701,2693.1606,0.10460041,898.5556,0.45476705,-128.75772,-0.6380557,-12.779927,-0.47971287,22.260601,0.3061891,0.030493895,0.591847,-0.011092588,-1.4087316,0.048420068,0.43675956,27.059374,0.23770496,0.47949573,18.858904,13.153065,1.0905695,-25.91754,-0.6081899,-13.017678,21.216799,0.0018491221,0.0006076858,0.03226521,2.7237356,2.777778,0.13857143,0.05841442,0.20142856,0.2990666,-41.39546,ans,Ses05M_impro03,Ses05M_impro03_M003
609,45.625374,0.10197875,43.567997,46.401848,48.4894,4.921402,19.32974,12.733862,64.01967,40.463146,0.296784,0.67375267,0.14410639,0.24959226,0.42188805,0.27778167,4.226359,3.3982816,2.599316,1.2587149,0.07152222,0.9094148,24.10027,0.30080268,-14.436619,-1.0338897,4.870355,3.9473338,-32.141315,-0.47298107,0.012873993,1.0716243,0.87069935,0.76927584,11.252382,0.41989848,8.6040745,1.2463791,20.207464,0.5655085,803.62744,0.2579237,1355.299,0.21992451,-76.539635,-1.2159,1765.5588,0.13583082,1102.6786,0.26915827,-74.06511,-1.1017156,2833.8096,0.11553041,822.8166,0.35483497,-78.005066,-1.0106602,-8.265198,-0.9176965,22.320957,0.34147736,0.044968497,0.44748032,-0.0027938555,-5.8241143,0.08754321,0.7985656,26.18844,0.25338873,-19.24658,-0.7141493,-1.1737272,-15.883458,-38.776714,-0.27286845,-8.715048,17.64061,0.0070143593,0.000507558,0.03964076,2.6162791,2.0833335,0.3228571,0.4092053,0.13428572,0.11574074,-35.00583,q,Ses05M_impro03,Ses05M_impro03_F003
610,34.183434,0.19289948,27.173717,34.897182,41.329445,14.155727,153.4043,246.76707,48.260742,33.41278,0.34085903,0.9008301,0.12732644,0.213005,0.50949883,0.3821724,6.7093635,4.9096947,3.651221,3.0740516,0.10975776,1.4904531,22.26037,0.3981271,-10.249993,-1.5137174,19.604448,0.6781784,-22.661604,-0.7667849,0.019396985,1.0466758,1.2296219,0.5620884,5.4833555,0.61241883,2.9816642,2.9932845,16.515907,0.52320224,666.1846,0.3563652,1391.0908,0.15663947,-109.76596,-0.83834094,1657.4335,0.13462058,1026.7683,0.25038964,-104.413155,-0.84896195,2690.3225,0.092639774,888.134,0.27067903,-106.12912,-0.8190111,-9.614986,-0.5152581,18.336863,0.29585144,0.03539451,0.6695431,-0.009972991,-1.518757,0.16332856,1.2016232,25.562544,0.28841645,-14.103688,-1.1743817,18.422731,0.8440812,-29.633768,-0.62934595,-7.1022887,14.1862335,0.015492097,-0.0015041451,0.056335296,2.266289,3.2951288,0.14608696,0.11262632,0.14857142,0.16415107,-31.67273,ans,Ses05M_impro03,Ses05M_impro03_M004
611,35.989113,0.09307024,33.62978,36.143036,38.574165,4.9443855,179.30534,255.20049,53.134056,33.767086,0.5132611,0.73789227,0.18670568,0.35360885,0.84979445,0.6630888,8.992885,4.4959216,4.6789937,3.5824425,0.20034201,1.129238,22.00485,0.38487864,-14.482861,-1.0449141,16.286324,0.82219243,-31.51238,-0.5558904,0.02343778,1.1316888,1.2528882,0.6019403,5.742853,0.5107529,-1.1143359,-9.495856,15.466812,0.4919373,660.7475,0.35746032,1401.6368,0.17246743,-95.59431,-0.95574903,1664.2512,0.13407537,1013.0613,0.2362809,-89.353676,-0.9628825,2714.0317,0.08730542,932.15564,0.28098848,-91.1117,-0.9284295,-9.422052,-0.47229543,18.311422,0.3306382,0.047593437,0.51650935,-0.017120713,-0.83586705,0.2730478,0.8999633,24.558218,0.26671615,-17.219812,-0.94495505,15.444621,0.9800267,-38.66144,-0.43605396,-6.3237095,13.184419,0.026905263,-0.00961317,0.10139966,2.919708,4.089219,0.13454545,0.10325287,0.096,0.107814655,-28.21807,o,Ses05M_impro03,Ses05M_impro03_F004
612,31.06773,0.26236254,24.507444,27.265862,42.729893,18.222448,15.787312,41.709034,15.139725,6.375883,0.117918834,0.39450198,0.08168845,0.11075816,0.14503747,0.06334902,0.7952705,0.5330505,0.49079633,0.30913684,0.021497315,0.5590226,26.545769,0.2952992,-2.011674,-4.4646463,21.279501,0.529844,-14.374761,-0.94588876,0.019067539,0.76254755,1.1602256,0.50696635,4.8843584,0.5822095,7.006409,1.2722355,23.292967,0.29951528,664.5671,0.35229096,1349.2452,0.18052474,-133.9088,-0.6606302,1656.7968,0.16327834,1059.7747,0.22169247,-131.7125,-0.6496844,2725.9724,0.10704215,951.2258,0.34100488,-133.79602,-0.61989284,-13.280047,-0.31545234,22.981577,0.22898772,0.01680846,1.0951636,-0.0040886854,-2.7664382,0.024003565,0.51488376,31.775108,0.15856254,-3.3768337,-2.0251887,18.320385,0.7417584,-17.78748,-0.92088884,-10.670974,18.037014,0.0029479975,0.0036218935,0.02017146,2.9457364,2.3437502,0.14999999,0.14979985,0.25533333,0.15978596,-48.089,s,Ses05M_impro03,Ses05M_impro03_M005
613,38.060837,0.24393296,24.41143,42.935444,45.462486,21.051056,100.59698,118.095985,6.2483144,0.0,0.10978484,0.4430016,0.062188715,0.10576535,0.12993374,0.06774503,0.8442153,0.7376119,0.32505816,0.12621933,0.016539149,0.59435165,28.286966,0.1836335,-4.635125,-1.5379921,16.195835,0.50406146,-21.84368,-0.6154046,0.018452363,0.6074078,1.0911851,0.47466996,6.228991,0.56668556,7.259278,1.5169271,21.409126,0.25824288,690.80444,0.2955565,1251.0253,0.15634641,-115.03279,-0.83381414,1715.4788,0.17121305,1078.7463,0.24521285,-110.94727,-0.8068908,2786.986,0.10511385,887.2686,0.30210635,-113.64565,-0.7637627,-13.2433605,-0.2605179,22.52452,0.24288134,0.016454339,0.9247261,-0.010548323,-0.8797877,0.020125955,0.62175643,31.680613,0.10519144,-4.4728837,-1.4157176,11.750696,0.5665405,-33.174755,-0.28144702,-11.290411,19.937386,0.0010043246,0.0034469801,0.01366847,2.0618558,1.5873016,0.29999998,0.25390288,0.45999998,0.14,-49.13662,b,Ses05M_impro03,Ses05M_impro03_F005
614,27.386225,0.0987586,25.533154,27.0439,28.76033,3.2271767,146.76323,163.77641,91.55845,119.20854,0.10823345,0.46476233,0.0570825,0.10004701,0.14966154,0.09257904,0.7547601,0.4492218,0.57092583,0.293313,0.02142671,0.53388,29.16646,0.24155758,-1.6948706,-5.938996,19.622253,0.59188443,-11.440567,-1.0313419,0.021455184,1.5764828,1.245586,0.4570159,4.294549,0.48801884,6.947207,1.2273973,24.721596,0.3532909,597.9817,0.3774556,1340.8427,0.16688487,-148.44221,-0.54764885,1634.077,0.16171603,1048.029,0.24930312,-150.38615,-0.5095514,2681.398,0.10597243,980.7957,0.39567485,-151.80338,-0.4901075,-15.886002,-0.3633443,25.267164,0.3176013,0.017189106,1.1030009,-0.009188201,-1.4853157,0.027269458,0.37567213,34.15095,0.17429434,0.13472506,86.952736,20.920507,0.72280186,-13.955142,-1.065013,-12.185013,21.08351,0.0012261476,0.0011168891,0.019290982,2.6484752,2.6591458,0.09454545,0.074958205,0.26090908,0.2936124,-48.43885,s,Ses05M_impro03,Ses05M_impro03_M006
615,28.043179,0.1257515,26.0277,27.239393,29.65499,3.6272888,111.89114,134.16364,18.573574,14.7396145,0.10919674,0.40340862,0.0684309,0.1022774,0.14666642,0.07823552,0.9093911,0.43885145,0.5717836,0.2760639,0.021530937,0.51009655,29.764416,0.25865856,-0.3716867,-27.661556,15.414582,0.6583707,-12.789604,-0.95060134,0.014809437,0.9535369,1.3175334,0.5568902,4.6615386,0.52670515,5.50403,1.4871145,26.177574,0.3035251,610.6955,0.35797516,1367.22,0.14618085,-130.84065,-0.67860126,1641.2037,0.17240895,1127.7615,0.23356417,-133.60666,-0.62434995,2682.0725,0.103346206,934.9753,0.3501974,-136.17682,-0.58866876,-15.906941,-0.38894358,25.800402,0.25506404,0.022473615,0.83982825,-0.013801355,-1.1445949,0.028057706,0.33463907,35.260513,0.15287909,0.9233847,13.278434,15.484653,0.6758373,-18.065825,-0.7929051,-12.012279,21.650644,0.0008579733,0.0011636576,0.017763445,2.8328612,2.9439697,0.114838704,0.11198706,0.21133333,0.32168034,-47.82359,s,Ses05M_impro03,Ses05M_impro03_M007
616,31.347218,0.109764,27.721855,30.102396,35.43627,7.7144165,26.55065,1.159323,28.65539,13.518591,0.11018115,0.44247672,0.06951334,0.09423915,0.15953518,0.09002184,1.0713475,0.49662396,0.3149848,0.34150812,0.023343142,0.5280566,34.325855,0.17265508,-0.46886382,-16.61485,10.958628,1.3647459,-6.6287103,-1.4707028,0.02131806,0.8898921,1.0888087,0.53575236,7.025021,0.3237677,2.2240574,3.3309925,22.723127,0.4218004,642.63574,0.3253086,1474.5895,0.15677035,-115.48101,-0.7736685,1653.417,0.13938192,1289.1925,0.2210121,-119.45766,-0.70805174,2656.9724,0.14183891,1249.8873,0.3631859,-123.06096,-0.6579328,-17.008982,-0.3677149,29.979935,0.20638236,0.0002460612,51.66484,-0.0032708975,-3.2559836,0.02718513,0.43365237,37.730274,0.08653124,1.4944115,6.349085,12.010554,1.2785653,-5.986247,-1.7004025,-12.840483,26.51778,-0.004455381,0.0011517965,0.019653855,2.919708,2.2900765,0.19333334,0.077602975,0.22333333,0.14613539,-45.91727,b,Ses05M_impro03,Ses05M_impro03_F006
617,31.321342,0.1118373,27.726675,31.180588,34.848465,7.12179,109.55726,135.07927,41.950043,27.38057,0.14197622,0.4116426,0.0917131,0.13263439,0.18236762,0.09065452,1.1261997,0.63568455,0.727383,0.36500654,0.0321338,0.53379244,31.507215,0.28232315,-3.1772547,-3.2749467,19.152773,0.64214075,-9.3807125,-1.2110386,0.017645065,0.7505191,1.2101344,0.47607765,5.8014555,0.47763094,2.086681,4.3669114,23.812714,0.361278,564.9286,0.33706534,1414.4397,0.13374513,-130.55174,-0.68225443,1591.3519,0.12925397,1165.3787,0.24603459,-131.01025,-0.6401802,2615.0522,0.10565222,1094.1642,0.2649788,-133.7675,-0.60204273,-15.432892,-0.2917759,25.87338,0.22909838,0.025562108,0.8177991,-0.009693022,-1.4260774,0.036847446,0.4901531,36.487347,0.15885085,-2.7564912,-3.2951093,14.415324,0.93133444,-11.750967,-1.0071813,-12.136951,19.974806,0.011088924,-0.0018645307,0.02947882,3.4515822,2.6974952,0.13321428,0.10382173,0.2175,0.17502296,-44.670307,s,Ses05M_impro03,Ses05M_impro03_M008
618,29.339697,0.14054203,24.772518,28.947874,33.762753,8.990234,340.8454,337.832,50.64414,88.829124,0.1287289,0.53538734,0.07097804,0.1076628,0.17928532,0.10830728,1.0990875,0.69048846,0.6616746,0.44495177,0.026673071,0.71775043,28.62847,0.29330224,-4.5191293,-2.4436269,16.716997,0.7721142,-14.522019,-0.84999096,0.01704463,1.0506767,1.268754,0.5064581,4.3472443,0.67578405,1.3975149,5.835162,20.145569,0.43544456,553.3451,0.38417146,1311.774,0.13734968,-156.22388,-0.5014281,1558.5891,0.16930495,1060.4474,0.29250115,-156.7994,-0.47924778,2609.853,0.103745945,932.9049,0.37501165,-158.56303,-0.4546767,-12.8059,-0.42603657,24.064384,0.2900262,0.02355234,0.79244995,-0.009232706,-1.8118873,0.040163487,0.5719437,33.11383,0.19366243,-3.5098515,-3.1311805,12.651867,1.2874044,-19.609789,-0.65220463,-10.8227625,19.705627,0.0050119893,-0.0016240086,0.022595817,2.6535256,2.0547945,0.10555555,0.0875313,0.34785712,0.2962908,-46.233063,s,Ses05M_impro03,Ses05M_impro03_M009
619,26.116306,0.099374354,23.975437,26.488432,27.934284,3.958847,73.72515,87.71628,10.583164,18.479652,0.111704804,0.44054633,0.062389284,0.104678705,0.15502454,0.09263526,0.8599858,0.48471916,0.67016935,0.36748254,0.021168822,0.51214534,29.734585,0.22517714,-6.3412127,-1.2189858,19.898071,0.5377463,-12.695553,-0.928096,0.0149626685,1.0278242,1.2610656,0.47857505,3.4024513,0.48976937,5.145974,1.30886,19.434772,0.41231835,538.4958,0.3401557,1347.1877,0.14548627,-143.13391,-0.58833057,1553.7076,0.15253994,1096.7301,0.26731,-143.88815,-0.5639002,2582.0774,0.08878878,985.4436,0.36108768,-145.95267,-0.5348241,-12.053635,-0.34899056,21.424685,0.24140286,0.013474211,1.5564917,-0.009775897,-1.3326279,0.027391255,0.39976504,34.460735,0.13983583,-6.9172635,-1.1735193,19.387064,0.68901485,-17.626842,-0.7909803,-11.357688,20.2046,-0.0027303125,0.0017307432,0.018541368,3.052065,2.795311,0.09935484,0.085833125,0.23774192,0.23910736,-48.734196,s,Ses05M_impro03,Ses05M_impro03_M010
620,32.236523,0.33197963,24.378084,27.662554,45.96284,21.584757,96.7774,87.13626,55.621376,86.73804,0.13153024,1.2836174,0.054901637,0.085638836,0.12544489,0.07054325,2.3131802,2.7774336,0.63026845,1.5371938,0.03413082,2.0482192,25.978998,0.33888716,-0.94439435,-12.807355,19.283157,0.603226,-12.858421,-0.96512115,0.021991944,1.5384067,1.2203397,0.5826053,5.582396,0.900624,9.519823,0.8393914,23.521978,0.42763492,672.8359,0.3676016,1307.3665,0.19962953,-161.23656,-0.46207088,1691.9739,0.13968892,1102.996,0.37859136,-159.8553,-0.45499575,2703.0464,0.11417942,932.227,0.387092,-160.714,-0.4424596,-12.423182,-0.6939715,23.277035,0.29252946,0.019261753,1.4277666,-0.0056926114,-2.1648755,0.0882391,1.4297271,30.228842,0.252623,-6.223051,-2.8090749,16.294823,1.2080153,-18.335653,-1.0300162,-12.879177,20.884274,-0.0017883865,0.0013650308,0.017947042,0.58224165,1.6800585,0.12565216,0.19003034,0.44869563,0.44572657,-36.244114,s,Ses05M_impro03,Ses05M_impro03_M011
621,44.938667,0.18054429,36.760284,46.70125,50.93666,14.176376,83.58085,79.95479,58.438824,31.920362,0.5717324,0.5759996,0.25183958,0.5527299,0.8670671,0.6152275,6.6723986,4.113412,3.5577354,1.7759495,0.21619453,0.9876787,22.186533,0.3564107,-25.042234,-0.71123713,6.669943,2.5568564,-27.413591,-0.6061232,0.018546402,0.9091028,1.0564929,0.5915922,8.704838,0.54538184,11.237202,0.7533999,17.36926,0.5393882,889.6247,0.247367,1305.8346,0.2668928,-61.861214,-1.2946208,1795.1549,0.10563554,1030.5575,0.24915294,-53.76714,-1.3039511,2872.576,0.08188646,828.557,0.46942514,-58.805813,-1.1481616,-6.410084,-1.1018239,18.708963,0.38905323,0.0522699,0.6042922,-0.0028066048,-5.1548038,0.22036041,0.9086049,22.900484,0.29825053,-26.512905,-0.69292545,5.4747925,3.2961195,-28.340628,-0.59018576,-5.1733418,14.380982,0.047971815,-0.0019768805,0.21154758,3.073286,2.8776977,0.26666665,0.22231111,0.08,0.049888764,-27.471018,o,Ses05M_impro03,Ses05M_impro03_F007
622,41.448017,0.17345454,34.718414,40.68521,48.639095,13.920681,153.38553,154.28458,35.205265,15.206256,0.44691262,0.5996923,0.18091059,0.41237244,0.66032785,0.47941726,3.455328,2.4016352,2.3375704,1.520485,0.12779284,0.977716,25.31124,0.31268358,-17.507153,-0.82961816,12.40464,1.2021416,-28.760023,-0.5751988,0.01952902,1.7288766,0.989198,0.73313963,9.422841,0.4364257,5.4188166,1.829991,16.645077,0.5096563,807.60394,0.3256041,1342.0657,0.21828982,-82.75221,-1.0987663,1745.9415,0.15114933,1067.8629,0.29891425,-73.99678,-1.1429788,2832.746,0.09469342,880.1927,0.44289142,-78.60455,-1.0333222,-8.911254,-0.59189636,19.190792,0.30138028,0.061097763,0.44020513,-0.010746311,-1.3772069,0.16214067,0.81958115,25.976044,0.267501,-20.648422,-0.7432945,8.9775715,1.5192217,-33.979626,-0.4461629,-7.509739,15.857229,0.020547174,-0.0028676665,0.058787756,2.3415978,2.2222223,0.294375,0.264598,0.16461538,0.17265418,-28.986055,s,Ses05M_impro03,Ses05M_impro03_M012
623,42.68258,0.19662417,31.996998,47.87628,50.33766,18.340664,185.16435,152.48949,1.2571207,44.31879,0.4374933,0.6644698,0.15407592,0.3566452,0.69628024,0.5422043,4.2626243,3.0306768,0.7534789,0.8484233,0.12495159,0.8481117,23.463974,0.4034801,-12.4463215,-0.9837548,16.481377,0.88642627,-24.483324,-0.61843973,0.027757032,1.9081032,1.0227208,0.7951175,10.822547,0.45982954,4.281677,2.0295637,14.332337,0.6189909,870.7636,0.28054488,1270.1672,0.20497555,-90.16366,-1.001608,1869.1678,0.15135555,984.11127,0.36249804,-86.30901,-0.9741843,2882.9744,0.12234472,868.631,0.31624997,-87.78234,-0.94092715,-12.187767,-0.2876853,20.490679,0.22261283,0.06757004,0.48662966,-0.017962195,-0.87938076,0.1685101,0.6357043,25.445913,0.31014422,-15.414398,-0.83734304,11.973039,0.95773596,-30.813848,-0.420526,-8.004418,15.637833,0.015161514,-0.0053166933,0.058369633,1.8348624,2.347418,0.26,0.23315232,0.146,0.108738214,-26.535427,o,Ses05M_impro03,Ses05M_impro03_F008
624,37.032455,0.17539246,31.165829,36.123936,42.67621,11.51038,13.99473,47.44831,19.40291,0.0,0.43545035,0.60656846,0.17722018,0.38550743,0.66137993,0.48415977,3.3530498,1.6856596,2.032509,0.8129503,0.14080486,1.1621522,26.939781,0.2570673,-14.012423,-0.8522337,10.598883,1.4294708,-33.8216,-0.5442411,0.017010437,1.1109757,0.9776767,0.664566,7.1448574,0.36349952,5.937857,1.7451366,20.355028,0.42591614,657.7421,0.3788817,1334.2462,0.15208532,-91.89191,-1.0234777,1616.0299,0.1480827,1110.1406,0.3002943,-80.05958,-1.0952235,2759.2468,0.06792537,860.576,0.4988462,-85.33174,-0.98163223,-8.676859,-0.5344063,19.96116,0.25746545,0.053359453,0.36312196,-0.012149991,-0.92548925,0.18444341,1.01044,27.370108,0.20475987,-16.493208,-0.76407284,8.816573,1.9184679,-41.529343,-0.39233518,-8.981804,18.5901,0.025001362,-0.0045883236,0.07382303,3.2128513,3.2921813,0.18124999,0.22008164,0.13333333,0.09620579,-30.851257,o,Ses05M_impro03,Ses05M_impro03_F009
625,37.549076,0.0945544,35.23243,38.83603,40.061752,4.829323,4.031849,0.0,21.051939,0.0,0.2640455,0.56046,0.1312647,0.22980042,0.43460706,0.30334234,0.6101005,0.3774902,1.062266,0.31423265,0.042799175,0.53782785,33.949226,0.15853322,-15.826576,-0.5597473,9.85445,1.8762181,-28.68313,-0.59095347,0.016492458,2.045316,0.84331894,0.8869736,10.169266,0.33998415,-3.703929,-1.9696546,18.594843,0.331891,734.82764,0.2228785,1415.5188,0.11786823,-77.68654,-1.2224147,1674.7358,0.13519193,1297.7917,0.13886581,-78.15262,-1.1055444,2782.041,0.10892258,964.89996,0.49916178,-83.21199,-0.9921174,-9.009935,-0.5824793,23.802992,0.15873525,0.023962652,0.7557122,-0.014286988,-0.6146853,0.056039147,0.30658394,37.366215,0.06719639,-16.781044,-0.5636472,1.2635771,12.798058,-38.438267,-0.3261964,-7.4886746,16.054712,0.0053740265,0.0043888176,0.020858023,1.5384616,0.8,0.82,0.0,0.19999999,0.0,-36.919155,b,Ses05M_impro03,Ses05M_impro03_F010
626,32.931854,0.21627565,25.741394,30.713665,41.176132,15.434738,253.78697,284.76697,136.73875,129.97964,0.17745627,0.48044065,0.10212503,0.16083,0.26424953,0.16212451,1.6149892,0.59860116,0.6676013,0.4467735,0.029264744,0.53488606,27.78202,0.33434817,-6.2032557,-2.273387,17.442106,0.98059285,-20.232115,-0.73807967,0.027150286,1.9442085,1.0281126,0.62964416,6.935171,0.6422411,3.1747086,2.5945969,17.94952,0.42360818,693.0602,0.34405887,1334.6415,0.26792896,-100.25778,-0.934215,1676.6847,0.1424663,1037.6218,0.23539136,-102.60087,-0.8564856,2759.732,0.11481092,858.5136,0.2934999,-104.41549,-0.8237776,-11.23262,-0.43051487,21.229155,0.2564835,0.01956212,1.2080966,-0.010256984,-1.0553697,0.033477187,0.42333576,31.765947,0.19507039,-10.268946,-1.2557988,14.640584,1.3854386,-25.780123,-0.62428135,-10.027574,18.54566,0.001998707,-0.0015151609,0.02289278,1.7142857,2.906977,0.174,0.14150618,0.16777778,0.19526492,-42.53967,s,Ses05M_impro03,Ses05M_impro03_M013
627,34.780922,0.18472263,28.551346,35.293545,40.944595,12.3932495,295.44806,249.86661,25.303349,20.505726,0.20582864,0.487833,0.11044578,0.1992168,0.28994086,0.17949508,2.0774436,1.1718198,1.9864905,1.6662658,0.03874867,0.64735574,28.535282,0.37004313,-2.6239488,-4.463797,16.731546,0.9034857,-25.546946,-0.6880554,0.019414946,2.0025156,0.8677369,0.7057639,9.006786,0.4546347,4.3760304,1.9320928,22.1474,0.3818439,698.0728,0.29208246,1358.7386,0.13319905,-82.56385,-1.1023782,1746.5991,0.12665164,1047.8688,0.36569145,-87.68859,-0.9521882,2853.5884,0.093179025,865.1931,0.36025634,-90.09933,-0.90544724,-14.290547,-0.32980534,23.231617,0.234687,0.02805196,0.9065425,-0.017203989,-0.7391225,0.047102794,0.5179907,32.380917,0.18644865,-4.6447997,-2.5456824,16.042368,1.0971793,-33.344193,-0.4857878,-10.67463,18.083782,0.0013049595,-0.0033065397,0.025455117,3.9267015,2.6666667,0.225,0.14115594,0.14333333,0.15613385,-39.78464,q,Ses05M_impro03,Ses05M_impro03_F011
628,28.240517,0.18943858,23.203022,28.333826,33.931076,10.728054,333.55304,184.49658,41.156097,24.467726,0.13083468,0.655626,0.06939802,0.10696177,0.16747421,0.09807619,0.92209786,0.5244462,0.66364354,0.4519581,0.024549345,0.71043664,26.36885,0.33965126,-2.3727667,-4.125362,20.880808,0.50652635,-12.416111,-0.93930477,0.03962933,2.7395148,1.0192422,0.63037336,5.702106,0.6384076,-0.5681255,-10.275486,19.780003,0.3773767,645.82745,0.33581862,1364.8402,0.12971374,-154.08429,-0.5250883,1692.8901,0.14067252,1018.15674,0.273248,-156.18985,-0.48952228,2739.977,0.103839315,929.72546,0.31866747,-157.31453,-0.47291782,-14.377382,-0.27179044,22.616274,0.2400943,0.020503301,1.0814177,-0.013701408,-1.2959667,0.043661907,0.50777817,32.45516,0.21060613,-2.5896587,-3.8051097,20.488598,0.74576795,-19.288147,-0.87112474,-11.158815,18.367992,0.00039440967,0.0007021591,0.018633435,2.1148036,1.52207,0.14899999,0.1350148,0.44272727,0.67866296,-43.63776,ans,Ses05M_impro03,Ses05M_impro03_M014
629,35.249973,0.15972607,31.43284,35.143215,41.18138,9.748541,176.13445,156.49619,57.245605,52.94252,0.18803865,0.8260809,0.06957282,0.13062422,0.2952413,0.22566848,2.6989315,2.816967,1.2076079,1.0364987,0.04455239,1.1006259,29.591927,0.2858403,-5.2123117,-2.279384,11.694163,0.8605967,-21.303202,-0.70291954,0.034077846,1.8528783,1.0584545,0.62238234,6.3344607,0.59818846,-1.501908,-4.1381116,18.844143,0.40139475,724.89276,0.25091755,1351.7542,0.114474855,-138.1982,-0.6427604,1693.511,0.12729672,1082.3773,0.25056043,-138.14812,-0.61687493,2826.2751,0.08294785,842.93353,0.37726536,-141.40457,-0.570898,-12.489323,-0.43891218,23.983988,0.2585639,0.024274888,0.75302297,-0.013051133,-1.1593292,0.07743742,0.888552,32.17405,0.24247228,-10.048007,-1.3095675,7.3610797,1.368758,-27.490654,-0.62511355,-12.44586,21.631454,0.0058891424,-0.005011863,0.028424237,1.9283748,1.6759777,0.19166666,0.15104266,0.32857144,0.2594185,-39.74534,ag,Ses05M_impro03,Ses05M_impro03_F012
630,36.292095,0.16995262,29.330008,38.54343,41.06574,11.735731,57.49521,39.525,-18.985788,47.045444,0.16660695,0.7631096,0.08336619,0.124053836,0.22149897,0.13813278,2.2564478,2.687803,1.0800866,1.1929368,0.03565652,1.2228594,30.224003,0.29472286,-4.4851966,-2.6861334,11.207651,1.0805869,-22.084003,-0.67514896,0.025559617,1.5465466,0.94675165,0.6566942,7.4982047,0.58958524,1.1684208,6.2202044,22.003494,0.3245259,741.32556,0.27386093,1379.3652,0.16983305,-131.4324,-0.68298393,1702.8806,0.13808402,1246.7152,0.36869022,-128.69238,-0.664378,2799.1318,0.10508423,957.37885,0.33239785,-131.96254,-0.6180529,-12.744264,-0.4632302,25.064,0.2158036,0.016592652,1.0907136,-0.008586139,-1.2070134,0.04980504,1.2575109,33.49683,0.2070353,-7.183003,-1.8770564,7.174727,1.9813809,-27.966772,-0.5698788,-11.995889,21.670488,0.006438024,-0.003973711,0.026710974,1.5283843,1.9867551,0.1911111,0.18621638,0.262,0.2788835,-41.822296,o,Ses05M_impro03,Ses05M_impro03_M015
631,37.671856,0.10125437,32.32883,39.893833,40.60884,8.28001,12.173685,7.175387,25.393837,7.9623957,0.13409041,0.39459932,0.088844985,0.12820446,0.17492534,0.08608036,0.8945241,0.3885521,0.6017064,0.4560831,0.027549502,0.66782546,30.418633,0.26507327,1.2386001,7.2714286,20.11366,0.6032498,-12.024867,-1.1710901,0.01593119,0.9229209,0.9819283,0.5890489,10.120501,0.25500613,9.122607,0.6035145,22.418543,0.37434834,688.72864,0.3123695,1345.7839,0.108799115,-72.89089,-1.1368946,1766.4957,0.12919474,980.14685,0.3343363,-72.00164,-1.0209467,2774.5806,0.08539135,952.0866,0.30452356,-74.56521,-0.96554637,-18.160254,-0.19326197,26.49713,0.22236727,0.014788651,1.0686704,-0.010421691,-1.0730925,0.029654294,0.61862075,32.34855,0.18914665,0.7985015,10.851794,20.634207,0.63903207,-15.487558,-0.95788485,-15.985376,26.196981,-0.010189484,0.0036129393,0.019769397,4.6082954,2.3809526,0.29999998,0.19442222,0.122499995,0.13754544,-43.08414,q,Ses05M_impro03,Ses05M_impro03_F013
632,28.326475,0.16611807,23.858551,26.9626,32.23926,8.380711,278.07532,397.31757,112.519325,167.9002,0.1085954,0.46642846,0.05895695,0.09866204,0.14860003,0.089643076,0.7551958,0.4797158,0.52007574,0.33988932,0.020993462,0.6633274,28.677122,0.29611644,-2.0871701,-4.6664443,16.063925,0.6156257,-13.959844,-0.9548731,0.020930517,1.7402884,1.174144,0.50990397,4.7714767,0.62668914,5.0396543,1.810938,22.497353,0.3869062,564.8397,0.33768404,1378.7192,0.15444818,-149.42178,-0.5534561,1580.5552,0.15945637,1119.2883,0.24001618,-149.63466,-0.5275284,2634.462,0.10076429,964.4187,0.32020748,-151.40149,-0.5034704,-15.262628,-0.35170123,24.865692,0.25292537,0.017293029,0.92063475,-0.016408877,-1.0663751,0.031101627,0.48702553,35.632812,0.15265708,-1.8964702,-6.1641192,14.925806,0.8771814,-20.637672,-0.8580575,-11.517206,20.73752,0.00011588791,0.0028903368,0.016986916,2.1892104,2.0424197,0.12653846,0.11190457,0.3430769,0.46147564,-47.438343,ans,Ses05M_impro03,Ses05M_impro03_M016
633,37.19137,0.2816255,23.491245,40.806152,49.87732,26.386074,127.090965,86.310265,32.20851,13.76135,0.16528502,0.6842778,0.06659023,0.12793799,0.24403697,0.17744675,0.8305987,0.5499288,0.88653284,0.5555465,0.029915893,0.7708669,27.002512,0.17451207,-10.299158,-1.1875646,14.653117,0.87899065,-16.972733,-0.7735959,0.026254378,1.2284855,1.0509846,0.70705086,7.0143027,0.72169644,4.4832735,1.5565734,19.31419,0.44610444,664.94147,0.38091552,1287.843,0.23524198,-120.3034,-0.76874155,1614.788,0.15378202,1059.9775,0.2879849,-121.514404,-0.7274982,2660.0427,0.09403453,849.6554,0.356721,-124.09812,-0.6879313,-9.04322,-0.55741,18.80054,0.35220066,0.033980995,0.6573157,-0.010290403,-1.1782382,0.04658427,0.46700203,27.006376,0.22807834,-15.178139,-1.0172449,9.819339,1.7467456,-25.73016,-0.4676155,-10.979123,20.1169,0.0019346456,0.0033934326,0.018617162,2.3346305,2.777778,0.14285713,0.08083745,0.19714284,0.26228195,-42.551636,ag,Ses05M_impro03,Ses05M_impro03_F014
634,38.25535,0.2608404,26.210571,42.30229,46.645554,20.434982,79.68848,83.89062,52.638313,17.184029,0.19474523,0.84984285,0.07440387,0.12603359,0.3081311,0.23372723,2.3771126,1.9312966,2.076933,2.7744641,0.045215994,1.5878853,25.795378,0.21281077,-11.622123,-0.9718467,18.757875,0.7741761,-18.562817,-0.83816063,0.015515046,0.92419034,0.997934,0.65983397,7.2117953,0.68274003,7.0022,1.0664947,17.04404,0.4735274,703.9203,0.35465795,1293.4983,0.23436652,-135.76962,-0.65552384,1698.1178,0.14861444,1008.39105,0.28992212,-134.32372,-0.63980865,2683.6143,0.098122716,917.20197,0.36185944,-135.67441,-0.6202405,-8.459944,-0.46973872,17.029184,0.3747817,0.037421145,0.65677834,-0.009055268,-1.1531609,0.07463996,1.2730585,25.71869,0.28403375,-18.39827,-0.7088713,12.139443,1.370157,-29.240763,-0.49977016,-10.380902,18.137371,0.0018241296,0.0033792553,0.02951555,1.7505472,2.2123895,0.151,0.08117265,0.25454545,0.29249287,-39.06153,s,Ses05M_impro03,Ses05M_impro03_M017
635,44.82488,0.04806484,43.825775,45.019096,46.278435,2.4526596,54.55983,36.464294,30.742598,15.412127,0.2438953,0.9051263,0.06927145,0.116425864,0.43100023,0.3617288,3.0212462,1.7610414,4.593178,2.5841138,0.071010366,1.5065681,23.921152,0.22981052,-14.859426,-0.608625,17.515814,0.6802239,-22.94034,-0.82183266,0.016541207,1.0885307,1.1465297,0.85876346,8.838443,0.50684977,11.73369,0.6141645,13.358113,0.39196202,822.80115,0.22713101,1350.1345,0.23631276,-157.18234,-0.5056823,1882.4755,0.11149018,990.5579,0.35331586,-150.12729,-0.53062916,2800.9355,0.08973272,1046.125,0.3780554,-149.96527,-0.53345954,-7.7938213,-0.43386793,14.444076,0.40936083,0.054899894,0.37723282,-0.0074228253,-1.064469,0.15242481,0.9471137,20.66673,0.25475198,-23.708057,-0.37589356,11.909957,1.0225996,-43.166885,-0.293388,-8.488872,15.798475,0.007064126,0.0016935241,0.042529184,2.2222223,1.7142857,0.14999999,0.06683312,0.3075,0.15690362,-36.141293,ag,Ses05M_impro03,Ses05M_impro03_F015
636,38.44801,0.19819684,28.206722,41.0665,45.441505,17.234783,68.119965,40.974865,33.24211,36.83076,0.15188499,0.79047257,0.07523517,0.099469565,0.20826805,0.13303287,1.8870405,2.0543194,1.1779703,1.0376266,0.029190933,0.9434468,25.47255,0.39013803,-2.5125394,-4.6805534,18.726128,0.71717566,-16.603302,-0.85904384,0.011262876,0.82015496,0.9276231,0.6632696,9.048022,0.47269014,3.6873648,2.6676996,21.6109,0.41822517,723.3768,0.29903698,1306.8691,0.18255104,-140.99408,-0.6148549,1746.9319,0.12362111,1026.808,0.23364805,-139.83873,-0.5891967,2813.0542,0.07805857,968.34894,0.38053623,-141.83308,-0.56187725,-13.505496,-0.5352753,23.057371,0.39239347,0.024333626,1.0417334,-0.005337646,-2.138682,0.047258582,0.8212842,29.679201,0.32271802,-7.288103,-1.950869,12.501891,1.2128906,-24.86832,-0.648856,-11.142097,18.588612,-0.00086425856,0.0054448443,0.01952747,1.1887072,1.7991004,0.17916666,0.21441619,0.35666668,0.30274668,-41.9098,s,Ses05M_impro03,Ses05M_impro03_M018
637,43.175735,0.1195702,40.943657,44.959503,46.53262,5.5889626,38.552353,20.921776,-8.72844,17.875254,0.27027288,0.65085226,0.07862957,0.29863364,0.44013393,0.36150438,2.6956923,1.8733629,1.7911915,0.8643229,0.06092738,0.743358,23.014915,0.4544834,-8.361804,-2.0806959,10.433884,1.2758687,-20.270105,-0.6919942,0.013088528,0.8371077,0.90089506,0.6008128,9.237246,0.39951745,7.7279186,1.1745018,16.942026,0.6193965,778.84906,0.26007286,1349.5388,0.15755534,-94.3828,-0.99545896,1791.5917,0.11483797,1067.7234,0.23762788,-86.740105,-0.9982141,2804.7734,0.07116956,1060.961,0.32700726,-89.94753,-0.93624103,-7.5323644,-1.0004466,19.050026,0.49677435,0.04459023,0.51004285,-0.004368024,-3.3882847,0.08782794,0.4441401,25.55379,0.37204784,-15.981527,-1.0353084,8.264787,1.8647048,-27.155476,-0.48603082,-9.635865,19.061262,-0.0023912494,0.006339637,0.020614116,2.7322404,1.6853933,0.35999998,0.2728858,0.1575,0.13235842,-36.77824,q,Ses05M_impro03,Ses05M_impro03_F016
638,34.79613,0.15509118,32.905266,37.525024,38.214035,5.308769,37.726746,21.375528,39.63571,11.809348,0.11958173,0.47840086,0.06355989,0.10959938,0.16258222,0.09902233,1.1420852,0.7129029,0.60020596,0.2799531,0.024766946,0.7386183,25.564161,0.3302411,-0.89398515,-10.120908,16.216942,0.57023007,-10.914928,-0.91613984,0.014803589,0.778627,1.0703443,0.5266365,7.5810575,0.48523438,4.626521,1.9453425,19.891428,0.3133179,777.6255,0.2968511,1317.6063,0.16104306,-156.24715,-0.48918268,1736.9766,0.13410823,1126.1167,0.16340803,-154.95432,-0.4831439,2793.776,0.098031186,851.35626,0.37086824,-156.70279,-0.45941195,-14.518048,-0.39252695,26.715395,0.171368,0.01849823,0.8182591,-0.0020809623,-5.979624,0.029862555,0.709237,29.761015,0.21032259,0.49544725,22.169111,13.528377,0.77811396,-14.780237,-0.8480731,-10.670648,21.019691,0.00070105295,0.0068658288,0.02315754,4.089219,1.9011408,0.126,0.059531502,0.38,0.12165525,-46.456196,ans,Ses05M_impro03,Ses05M_impro03_M019
639,36.12619,0.086498134,33.86972,36.61362,38.344875,4.475155,38.14313,21.924652,22.144094,9.732472,0.12550026,0.40334624,0.08069937,0.11828089,0.16800538,0.08730601,1.1687034,0.5807578,0.83893126,0.5008623,0.023205055,0.4324345,30.023066,0.22916734,-0.04639189,-196.72354,15.153163,0.726062,-15.973647,-0.81503296,0.017528461,0.8504203,0.9757423,0.60669136,8.720442,0.3016665,3.8977482,2.1397595,21.32708,0.3381838,745.1144,0.28393897,1354.9805,0.16845411,-112.25988,-0.77803844,1733.7369,0.15674873,1082.541,0.30501813,-111.15147,-0.7434738,2822.7195,0.08329953,829.6344,0.3459908,-114.01793,-0.70107836,-16.106066,-0.2990051,27.271597,0.16488789,0.016389312,0.80661565,-0.009059685,-1.5267535,0.026638746,0.38821468,31.661211,0.21079834,2.5300484,3.6464477,15.08608,0.83099663,-21.79979,-0.6526952,-12.011886,22.988325,-0.0014670293,0.0041628755,0.019487271,4.590164,3.6666667,0.1290909,0.13083331,0.12363636,0.11419862,-45.505806,s,Ses05M_impro03,Ses05M_impro03_F017
640,35.077396,0.12635075,31.650417,34.69149,40.68615,9.035732,40.109726,12.468066,253.45642,400.45462,0.16907431,0.7392374,0.09347443,0.14043008,0.19034722,0.09687279,1.0257418,0.7001623,0.8957355,0.62951595,0.040744275,0.78926516,27.171885,0.4368797,4.730515,2.383173,12.760781,0.8171137,-18.850094,-0.7409496,0.015341831,0.7323432,1.0607992,0.5138087,7.102089,0.3531654,2.1072907,4.522226,26.845066,0.26221448,614.5149,0.3835219,1309.887,0.1351438,-105.31236,-0.8861116,1666.8127,0.18803062,1002.5567,0.25189453,-106.27615,-0.8051477,2779.6943,0.092508174,913.3728,0.31629843,-110.57242,-0.7370675,-15.463715,-0.2634274,26.698977,0.24462105,0.023265362,0.74888223,-0.014319207,-0.95965993,0.054737892,0.67883426,32.484932,0.24194372,1.4522091,8.551858,11.127432,1.0016049,-23.614542,-0.7079266,-12.52734,21.26272,0.0017657402,-0.00089392596,0.027320104,2.4096386,3.2786884,0.14999999,0.08411302,0.13499999,0.08703447,-40.54172,ag,Ses05M_impro03,Ses05M_impro03_M020
641,35.350876,0.17699122,28.694613,37.27228,41.899464,13.204851,41.453968,0.0,-49.617672,0.0,0.20378476,0.85053045,0.0886558,0.1400837,0.26055452,0.17189872,1.6457549,0.62796706,0.7921218,0.44782478,0.04522375,0.9609509,19.626133,0.5761958,3.635543,3.8269353,13.884499,0.7449018,-13.281324,-1.1522019,0.016654119,0.7679104,0.7091228,0.4237347,7.4976697,0.40986836,-1.2098404,-4.8643494,22.457668,0.13575476,630.06445,0.38187525,1202.1693,0.10709105,-114.81821,-0.8522485,1704.2375,0.15290003,793.798,0.1695235,-120.42682,-0.7466237,2797.2422,0.092633285,840.20496,0.31981647,-124.256805,-0.68770075,-12.841726,-0.28384864,21.631136,0.24288547,0.023013681,0.7095253,-0.012224954,-0.99309397,0.07978788,0.5997008,27.671333,0.2581214,-6.407977,-2.4419,14.330851,0.8469053,-21.712727,-0.9074026,-10.474931,18.081135,-0.007070253,0.0051968577,0.022881085,0.877193,1.8518519,0.225,0.015,0.295,0.13499999,-38.35557,ag,Ses05M_impro03,Ses05M_impro03_F018
642,27.978363,0.004150606,27.892084,27.980268,28.077946,0.18586159,6.653182,0.17805088,4.0250783,0.0,0.08293882,0.42546138,0.060281057,0.074986614,0.09512588,0.03484482,1.2209929,0.6238026,0.2865624,0.08988267,0.01680692,0.7253966,27.320644,0.34481505,-0.70152915,-11.248823,13.37408,0.7363276,-6.145118,-1.3464847,0.014399514,0.42181483,1.0581518,0.22881931,5.0856752,0.12563153,0.90177006,4.138215,28.140062,0.10101499,651.3716,0.440762,1251.4666,0.07351877,-168.7972,-0.41068533,1657.1266,0.18928795,1062.331,0.15618487,-171.082,-0.3750636,2687.0828,0.12017537,989.0073,0.26248714,-172.4109,-0.3554496,-18.052925,-0.10772159,28.136782,0.09225118,0.016396182,0.9314331,0.006008463,0.50035375,0.020873668,0.1936095,34.99768,0.067478135,6.100227,0.46231848,22.9202,0.15181325,-3.777216,-0.9050199,-11.702936,22.975374,-0.010154786,0.009173151,0.0139645,1.8018018,0.9433963,0.17,0.0,0.42999998,0.25,-50.59471,o,Ses05M_impro03,Ses05M_impro03_M021
643,37.73917,0.16091856,27.1769,39.916275,42.933784,15.756884,22.1426,14.119832,144.70021,175.23524,0.19528267,0.5778468,0.0905625,0.18907261,0.26309273,0.17253023,2.5545645,1.9041321,1.1012492,0.6973868,0.03511301,1.0606636,26.040522,0.38759884,-7.301611,-1.7113792,13.226589,1.1286315,-23.00554,-0.73960114,0.014561038,1.7724724,0.8981843,0.81611186,9.605804,0.37930113,10.386622,0.7164168,19.686644,0.3666683,607.43756,0.32834354,1320.9934,0.15469144,-98.63692,-0.9672305,1651.8064,0.11585929,1003.46313,0.34480345,-90.815216,-0.97217256,2677.3457,0.10602084,1026.6919,0.53822273,-93.45842,-0.9230209,-11.994897,-0.39887005,21.427149,0.22612043,0.025513014,0.69692695,-0.016579486,-0.6461924,0.046922494,0.94680214,30.03966,0.24361238,-12.621445,-0.8600081,14.797885,1.1302676,-32.226166,-0.46702066,-10.32868,19.708174,-0.004896728,0.003586866,0.018744232,3.0405405,2.0689657,0.27666664,0.23858379,0.18666665,0.12578641,-40.428505,o,Ses05M_impro03,Ses05M_impro03_F019
644,31.264225,0.2070075,26.665375,26.9879,38.355015,11.68964,-4.9422674,0.0,13.964494,0.0,0.12152498,0.5211433,0.06684544,0.099063545,0.19022685,0.12338141,0.7258413,0.5272126,0.5777998,0.4022355,0.019851798,0.41561022,27.310326,0.26270536,-3.6072292,-2.5345466,20.77177,0.37150475,-15.091222,-0.9120478,0.013180569,1.9897101,0.84469324,0.53533936,7.3680196,0.504217,11.235135,0.58517534,21.155207,0.3304683,556.04443,0.4156436,1257.6583,0.16183795,-135.18849,-0.67467487,1613.4384,0.1321438,977.6841,0.34960136,-132.23433,-0.67401487,2584.6494,0.099272676,1012.22076,0.5122474,-133.79262,-0.6504825,-13.775567,-0.25600705,21.424084,0.18895726,0.026161278,0.72625273,-0.018641986,-0.6487901,0.027490282,0.26861668,32.75941,0.13508698,-9.215518,-1.1057941,22.9123,0.46604678,-23.846315,-0.5991818,-12.06748,20.134285,-0.008771829,0.005202641,0.015766831,2.283105,1.1547344,0.306,0.25160286,0.53999996,0.6198064,-45.85525,o,Ses05M_impro03,Ses05M_impro03_M022
645,38.16173,0.13643785,32.53801,41.77925,43.039528,10.501518,48.970306,29.069517,30.215315,0.0,0.1414243,0.5797175,0.05554983,0.13453421,0.22106218,0.16551235,0.5646774,0.20617397,0.4952154,0.10491124,0.025316441,0.50418544,28.95461,0.15908639,-1.6742438,-4.277556,6.9219565,1.7812462,-17.909204,-0.8461437,0.02753622,1.6528733,0.9273254,0.5567662,7.6642227,0.5824814,-5.858585,-1.4363678,16.548964,0.40812972,826.15405,0.16204233,1226.8696,0.18778192,-104.445526,-0.89602673,1805.177,0.114828095,1083.435,0.21757324,-108.50499,-0.79882586,2974.9834,0.07704004,775.60425,0.39837605,-111.847984,-0.7449066,-10.592213,-0.4660414,25.00266,0.20013003,0.016134469,1.3244994,-0.0013370934,-9.563474,0.03291302,0.30498463,31.089325,0.13146873,-5.1699867,-1.5354314,-0.121844895,-87.12646,-28.887741,-0.44775888,-13.101044,24.346909,-0.0077955048,0.0060587847,0.018954962,2.6086957,1.8181818,0.275,0.085,0.16666666,0.0047140447,-44.519176,b,Ses05M_impro03,Ses05M_impro03_F020
646,38.16173,0.13643785,32.53801,41.77925,43.039528,10.501518,48.970306,29.069517,30.215315,0.0,0.11886759,0.6642637,0.052315935,0.07949156,0.19734357,0.14502764,0.6751882,0.4243133,0.37729174,0.19220771,0.021031244,0.6155331,26.071136,0.26692846,-0.6306543,-10.402008,9.018575,1.2260444,-14.680673,-0.952743,0.02753622,1.6528733,0.9273254,0.5567662,7.6642227,0.5824814,-5.858585,-1.4363678,16.548964,0.40812972,826.15405,0.16204233,1226.8696,0.18778192,-132.76817,-0.678782,1805.177,0.114828095,1083.435,0.21757324,-134.93214,-0.62501353,2974.9834,0.07704004,775.60425,0.39837605,-137.31999,-0.5907322,-10.592213,-0.4660414,25.00266,0.20013003,0.016134469,1.3244994,-0.0013370934,-9.563474,0.03291302,0.30498463,31.089325,0.13146873,-5.1699867,-1.5354314,-0.121844895,-87.12646,-28.887741,-0.44775888,-12.507171,22.609259,-0.008647343,0.0071517066,0.014754121,2.5157235,1.2987013,0.275,0.085,0.31333333,0.2840579,-45.866943,s,Ses05M_impro03,Ses05M_impro03_M023
647,39.824036,0.04775852,38.013638,39.444252,42.093723,4.0800858,41.197655,41.918762,1.792762,9.971757,0.13259642,0.6263096,0.060747415,0.10857442,0.19981551,0.1390681,1.0645545,0.80771965,1.4836688,1.5222139,0.025921194,0.8586756,26.751593,0.35509577,-2.3739235,-4.2933044,16.490152,0.61543214,-20.372828,-0.7031943,0.016510885,0.9258797,0.8985944,0.5459851,9.5361395,0.29098696,7.8194394,1.1948531,20.70511,0.35527086,737.66455,0.23342334,1374.46,0.14026849,-127.64805,-0.7015109,1809.3073,0.1173129,1019.9162,0.30792505,-124.93052,-0.6790966,2845.0623,0.0655766,944.2182,0.36444765,-126.32695,-0.65924686,-14.990147,-0.32293737,23.265629,0.263298,0.025129514,0.8952455,-0.013433328,-0.92352617,0.030903846,0.648966,30.915764,0.18434568,-4.5261946,-2.4286366,17.32799,0.69453514,-28.014963,-0.5271946,-10.536787,19.041103,0.0039149653,0.00091316825,0.022897754,2.6128266,2.1634617,0.18777779,0.11745238,0.22799999,0.3042959,-43.540855,q,Ses05M_impro03,Ses05M_impro03_F021
648,38.035423,0.11585135,36.88356,38.661472,41.023186,4.1396255,465.2561,670.747,59.140293,27.176876,0.21379423,0.56481016,0.101725,0.18420184,0.32504454,0.22331955,2.0179768,1.3620988,1.2281713,0.78602767,0.046890736,0.7256421,27.515144,0.35793677,-4.137537,-2.4452705,12.878986,1.010534,-27.872103,-0.56348866,0.018270735,1.4526472,0.89630055,0.5845023,8.685722,0.3583027,8.023035,1.0018677,22.470629,0.32343045,789.688,0.17219906,1343.5885,0.16950433,-119.06789,-0.7671707,1894.7065,0.10598673,914.50256,0.36810032,-120.08852,-0.71352255,2896.4128,0.06794703,827.4823,0.32522702,-120.92658,-0.701465,-14.485887,-0.22203667,21.845228,0.20258978,0.039045565,0.558521,-0.028013516,-0.43030167,0.0624925,0.5846168,29.756649,0.24016862,-6.357941,-1.7226545,13.736521,0.9966724,-38.45227,-0.31584397,-10.773401,20.20796,0.017659811,-0.006181867,0.03555653,3.0303032,3.0726259,0.13454545,0.10974048,0.185,0.17454225,-38.67395,ans,Ses05M_impro03,Ses05M_impro03_M024
649,36.556965,0.11492302,36.6527,37.797047,38.729244,2.0765457,576.92035,741.46356,115.43456,104.41515,0.24837072,0.541312,0.103276335,0.23360923,0.38593066,0.28265432,2.5519817,1.2623202,1.4040686,0.84357435,0.056723233,0.6609777,26.761547,0.35113087,-4.5506544,-2.3722444,13.354913,0.99751556,-26.204939,-0.6118413,0.018128492,1.4674667,0.9244614,0.53968596,8.127748,0.33448032,8.673852,0.9877308,24.225122,0.20069075,763.23596,0.19007188,1368.1575,0.17415701,-114.04495,-0.8169416,1857.1722,0.117934346,891.876,0.2832699,-114.8891,-0.7578524,2897.087,0.075102165,790.5068,0.3183458,-116.3819,-0.7345866,-13.981308,-0.2301886,21.840864,0.1790788,0.049685903,0.37256983,-0.031314205,-0.38342148,0.08206752,0.38314056,29.75219,0.23032013,-7.1111856,-1.5920966,11.796672,1.082233,-37.839188,-0.3109231,-10.528406,18.869976,0.01592128,-0.004218103,0.037114855,3.1531532,3.2258067,0.13428572,0.06630172,0.17666666,0.16519348,-37.07833,q,Ses05M_impro03,Ses05M_impro03_F022
650,32.14741,0.18649225,26.765263,30.01681,39.56442,12.799156,619.1005,669.3099,43.355873,26.178507,0.13202073,0.43777695,0.082601756,0.12108494,0.18258575,0.09998399,0.75806534,0.37984508,0.5602705,0.24978398,0.025666537,0.5948826,28.889257,0.2815036,-4.411774,-2.538088,19.332834,0.5371135,-17.985828,-0.8661417,0.026827507,1.5542041,1.1940081,0.5263159,5.8431544,0.4919641,6.216456,1.308913,25.880566,0.32123902,770.3045,0.26118234,1264.4631,0.15976743,-138.24716,-0.63531995,1805.1317,0.14246576,1052.9553,0.34301457,-139.27222,-0.59555745,2839.532,0.09534879,887.8805,0.31221378,-141.74055,-0.56170416,-13.606508,-0.26910684,24.085781,0.24580894,0.02535107,0.69239676,-0.013419734,-1.1827447,0.029032473,0.38066185,35.15899,0.10146815,-4.2835298,-1.8534195,15.0520525,0.80569017,-24.122972,-0.6409246,-10.57674,18.144287,0.005231105,0.00012853723,0.024210975,2.444988,2.0910208,0.15117647,0.1757633,0.30588236,0.32789987,-46.52058,ans,Ses05M_impro03,Ses05M_impro03_M025
651,35.006535,0.19724165,27.921602,34.864723,42.75594,14.834337,168.12175,80.215515,12.451093,10.677803,0.20540668,0.8453958,0.08271569,0.14984623,0.25481778,0.1721021,3.3747084,2.8400285,1.7662977,2.1306374,0.04484309,1.1075175,27.1711,0.27440542,-7.50598,-1.6975864,19.860542,0.50169194,-16.718765,-0.8108003,0.01619367,0.9362931,0.9884516,0.5998939,8.126629,0.44426104,4.1102633,2.1087818,16.445484,0.39543995,745.6109,0.24613804,1343.1407,0.14576982,-119.421906,-0.75726146,1799.7518,0.112835675,965.215,0.263873,-114.81201,-0.7542928,2764.8357,0.085084684,937.84814,0.32110524,-115.55278,-0.7441344,-12.677667,-0.47314706,19.827305,0.39689597,0.028049264,0.9086476,-0.014711469,-0.7133595,0.06257861,0.9206847,29.470284,0.23249124,-8.417286,-1.9317557,19.53647,0.5230847,-23.724842,-0.579247,-10.884817,19.237654,0.0014318381,0.0035257167,0.02985635,2.8753996,2.5974026,0.1725,0.07154544,0.17,0.13896441,-37.91408,s,Ses05M_impro03,Ses05M_impro03_M026
652,43.45057,0.054463364,40.99971,43.454067,45.833347,4.833637,45.858604,14.619,2.79081,10.855831,0.30551276,0.65262395,0.13873003,0.22603579,0.5249699,0.38623983,4.5213714,2.801961,2.6980207,1.8537399,0.07865189,0.7630508,26.687597,0.31002152,-14.519615,-0.7956268,11.109555,1.3567224,-28.944542,-0.5080086,0.012332096,1.1758814,1.0496475,0.6899364,10.951269,0.28260577,14.917811,0.6594872,22.51402,0.57199943,774.6204,0.23223501,1333.2712,0.1481574,-121.28256,-0.75812304,1815.6079,0.105383575,969.81836,0.26432016,-112.628624,-0.77503103,2816.5645,0.08730471,975.22894,0.25610965,-113.84609,-0.7558362,-10.905367,-0.69527715,19.564945,0.52365977,0.04318069,0.49618107,-0.016826913,-0.94946295,0.10550339,0.5476981,26.547098,0.29475123,-17.655836,-0.7895494,7.436399,2.4646726,-37.702675,-0.36312997,-8.8496895,17.405792,0.017962525,-0.0033572244,0.056213252,3.0769231,2.631579,0.174,0.05122499,0.15333332,0.117141895,-34.715393,q,Ses05M_impro03,Ses05M_impro03_F023
653,37.245018,0.19153784,28.025896,37.741558,45.424427,17.398531,47.301723,4.1751437,65.091156,59.512325,0.26766154,0.6918328,0.12852243,0.19859862,0.41624647,0.28772405,2.2371593,1.8346575,0.92201865,0.40769953,0.05722136,0.7152964,28.498026,0.28543693,-9.599676,-1.5172142,15.170868,1.2812837,-23.155212,-0.8586414,0.016388707,1.8188981,0.96710473,0.6160116,8.2809725,0.5137817,7.4356747,1.4792303,25.390732,0.42242712,666.16473,0.32806823,1327.4537,0.1576421,-92.2403,-1.0148,1706.8612,0.14707522,1008.82184,0.30960634,-92.222015,-0.9286898,2766.6873,0.09335457,926.52014,0.4728706,-95.21116,-0.87210536,-12.573017,-0.6135293,23.075998,0.36432403,0.034971785,0.5642557,-0.011023429,-1.5754293,0.064980686,0.58729756,32.048325,0.17614943,-9.79391,-1.5634286,12.50722,1.7324855,-28.766724,-0.7142989,-8.450888,15.777054,0.017581388,0.0025133123,0.042650037,1.7421603,3.202847,0.17555554,0.11851968,0.17333333,0.08158158,-35.161102,ans,Ses05M_impro03,Ses05M_impro03_M027
654,35.420307,0.22255337,27.596651,38.271538,43.40071,15.80406,16.522055,12.467172,2114.4517,0.0,0.25252786,0.5330617,0.14439113,0.18853845,0.33870935,0.19431822,0.751735,0.59889364,0.7878813,0.098480254,0.054821465,0.60036445,29.156265,0.14137752,-13.982416,-1.0416174,27.724619,0.47810036,-16.226103,-0.83099645,0.023321727,1.7160306,1.0567216,0.4743375,5.3843036,0.40292728,4.311597,2.0163789,20.275682,0.30410832,638.59045,0.35655108,1294.8679,0.143974,-80.552376,-1.1045697,1687.5381,0.12464368,896.6714,0.20414107,-82.70651,-0.9933494,2702.816,0.087423936,915.9996,0.6266841,-85.4128,-0.9371759,-10.222871,-0.5499742,18.238583,0.2503606,0.026556522,0.57610834,-0.006516365,-2.256039,0.065460674,0.5430485,30.401426,0.11607687,-13.675348,-1.1917555,25.730627,0.5755044,-18.823414,-0.7898525,-7.4342384,14.630345,0.029311921,0.0022653565,0.040251683,1.5267177,4.7619047,0.12333333,0.13097923,0.095,0.074330345,-39.01905,q,Ses05M_impro03,Ses05M_impro03_F024
655,36.673702,0.09087056,35.162544,36.723457,37.7383,2.575756,66.00913,52.69152,62.05258,86.199646,0.4145631,0.68318355,0.12797303,0.34232956,0.75981164,0.6318386,4.117196,2.6640117,2.1529636,1.4286612,0.10169168,0.8216628,25.608065,0.435864,-6.71145,-2.290276,10.961323,1.9713246,-32.683514,-0.6501346,0.009640382,1.0927676,0.93339396,0.8092326,9.2977915,0.3718159,0.57661223,19.161722,20.82693,0.4944809,726.33405,0.31989163,1461.4572,0.19030261,-80.69941,-1.1956649,1742.4492,0.16444376,1082.2378,0.33091468,-77.39789,-1.1365776,2865.237,0.089282535,900.2215,0.42640758,-81.14599,-1.0431114,-9.813736,-0.6602719,22.681173,0.3397592,0.056320548,0.3494948,-0.01917518,-0.61536956,0.13287152,0.5839039,31.090414,0.22392567,-12.533663,-1.1616187,1.4938352,12.134007,-44.101624,-0.3347211,-8.744827,14.728318,0.0072078593,-0.0013989413,0.04848476,2.1367521,1.3100437,0.4933333,0.5071708,0.185,0.094472215,-30.630716,q,Ses05M_impro03,Ses05M_impro03_F025
656,32.748173,0.17878537,27.287676,33.998802,37.876633,10.588957,88.59405,39.073288,49.40183,68.47496,0.2108412,1.0160909,0.075536855,0.11783178,0.28254822,0.20701137,3.8600702,2.6200964,1.9753023,1.5427296,0.053529203,1.2718517,27.712025,0.29358286,-4.544852,-2.5001462,21.568882,0.7525821,-15.58046,-1.111193,0.018303515,1.3105261,1.1283139,0.5653667,6.24411,0.51693475,5.5188065,1.8733501,20.211626,0.39816558,632.9985,0.35857657,1388.6609,0.18259099,-127.03096,-0.7113844,1683.0101,0.16006666,965.84326,0.33365417,-123.925224,-0.7001286,2736.8813,0.10286366,919.2706,0.35155022,-125.140755,-0.6815091,-11.257977,-0.39261824,20.26709,0.31755725,0.03617729,0.71048766,-0.012284336,-1.2051746,0.095279165,0.8633478,31.080395,0.19273001,-9.607063,-1.1820728,19.181166,1.0348858,-25.602032,-0.7718157,-11.828208,19.546528,0.0013460116,0.0030922913,0.024159981,1.2820513,2.907916,0.13333333,0.17262676,0.19055554,0.19987419,-35.610207,ans,Ses05M_impro03,Ses05M_impro03_M028
657,34.60064,0.111605965,33.74083,34.78038,37.673706,3.9328766,26.069414,21.7673,19.43936,8.599796,0.26515836,0.7349526,0.10501723,0.16509499,0.46101394,0.35599673,3.7117822,1.8681263,2.5396543,1.8584554,0.06665206,0.9012021,30.432922,0.2623593,-11.717635,-1.2010111,14.003154,0.8331359,-20.137934,-0.67741704,0.0177558,1.6582445,1.1046715,0.5756216,7.1222596,0.44935673,1.4021308,7.4315877,18.16178,0.48105636,637.56915,0.2925431,1387.9348,0.15157972,-80.44425,-1.1352613,1664.8873,0.14303395,1036.4993,0.3166796,-80.35185,-1.0635206,2694.459,0.101337165,977.4478,0.32248774,-83.41775,-0.9977277,-10.419212,-0.37765926,19.202663,0.30772257,0.030754136,0.65562296,-0.014417435,-0.7846274,0.088258766,0.7210476,33.46908,0.20022781,-15.249049,-0.86870855,12.965378,1.0688039,-24.950762,-0.49319583,-10.462676,17.806488,0.011473198,-0.001737419,0.031253442,3.902439,3.0,0.20333333,0.15912957,0.09285714,0.095276184,-35.66511,q,Ses05M_impro03,Ses05M_impro03_F026
658,32.659992,0.19172816,24.88618,33.940178,39.016327,14.130146,183.09917,189.62067,23.306044,13.132426,0.17440028,0.7961341,0.07104303,0.13225697,0.22473292,0.15368989,2.000816,1.7948205,1.9389023,2.0313046,0.038394466,1.1076378,29.946224,0.2035746,-7.467849,-1.4029361,19.042665,0.6601133,-15.626967,-0.897133,0.016845137,2.1422303,1.1345375,0.55404353,6.2696157,0.55004215,5.3032613,1.4160503,21.88417,0.33576503,606.7359,0.34473836,1389.7794,0.13325085,-118.95508,-0.7874057,1605.346,0.13153674,1110.8802,0.26389307,-114.602875,-0.7842987,2638.9995,0.09848778,992.87415,0.4544124,-117.61999,-0.73661304,-11.76647,-0.4714032,21.166695,0.30505255,0.02879168,0.6679734,-0.0067763748,-1.5508806,0.056286052,0.88260293,32.68696,0.16603464,-9.399611,-1.3260335,16.347807,0.82010007,-21.457268,-0.6823854,-11.209821,19.069353,0.006101405,0.0019214546,0.02260439,2.148997,2.16763,0.20333333,0.14558692,0.25428572,0.3199713,-39.611423,ans,Ses05M_impro03,Ses05M_impro03_M029
659,38.60942,0.08244515,36.309486,39.318462,40.257275,3.9477882,41.616207,21.082363,36.833607,31.439445,0.26015502,0.5805944,0.12985948,0.21695855,0.3594607,0.22960123,2.347718,1.6302805,2.587975,1.909522,0.06113882,0.8307918,29.857397,0.23288435,-8.249687,-1.45486,13.739691,1.0032151,-22.863592,-0.58038926,0.021176713,1.8692023,0.99793035,0.6018866,9.001417,0.34142452,8.352673,1.0429815,23.990585,0.3093841,678.21185,0.3029784,1382.439,0.1318458,-70.667725,-1.2204859,1708.7124,0.10959054,1101.786,0.2957022,-65.99405,-1.1402959,2763.831,0.08677777,967.43097,0.4782948,-70.66062,-1.0258142,-12.347045,-0.41476512,22.710678,0.2737499,0.030515818,0.6151442,-0.016337665,-0.63874584,0.06711739,0.761105,31.464994,0.17040963,-10.199686,-1.17783,11.712783,1.1029367,-26.905743,-0.44302866,-11.371578,20.539034,0.013798404,-0.0036830918,0.045139384,3.4946237,3.5519128,0.19692308,0.14386877,0.06916666,0.06969676,-36.669514,q,Ses05M_impro03,Ses05M_impro03_F027
660,34.628155,0.18443803,28.732346,33.750004,40.955444,12.223099,203.35492,346.75647,75.55163,67.24238,0.17686303,0.7432383,0.083917,0.13876794,0.2296943,0.14577731,2.5931246,2.0857117,1.7620629,1.7519456,0.04643773,1.186386,29.142336,0.24103928,-7.173303,-1.500239,17.259768,0.6919442,-15.50807,-0.9017824,0.027515927,1.199266,1.2617937,0.64237,5.7406063,0.58683,5.0096674,1.6569147,20.711113,0.43417314,676.1369,0.3203989,1362.9252,0.13324901,-125.38133,-0.72232246,1695.0728,0.11513023,1005.528,0.25727472,-122.81116,-0.7057752,2753.4949,0.08590273,904.2379,0.31179324,-125.038246,-0.67257506,-12.6486,-0.42767224,21.890972,0.24149674,0.03215534,0.6488511,-0.011712431,-1.1731725,0.07419397,0.97620666,30.93721,0.24730204,-7.4289174,-1.6723353,16.76006,0.86971027,-21.583847,-0.7051987,-10.703004,19.662952,0.0069668866,0.001193238,0.02626896,2.442334,2.3224044,0.17470588,0.12658954,0.23470588,0.401411,-40.208813,ans,Ses05M_impro03,Ses05M_impro03_M030
661,36.692986,0.20099996,28.71111,39.931267,43.03495,14.323841,111.33314,38.692715,107.84564,85.598465,0.27152622,0.66796863,0.09035672,0.22834024,0.4415114,0.35115469,3.8376796,2.1521497,3.0278277,1.8571131,0.081337124,1.0061916,26.9994,0.2980031,-12.818879,-0.90442497,16.784134,0.7363682,-20.709084,-0.7422737,0.036891535,1.359979,1.4899831,0.773332,4.535215,0.78548187,4.20601,1.6745073,14.529325,0.6110196,755.5481,0.30503777,1385.6337,0.13877714,-111.363686,-0.83188456,1689.4529,0.12444471,968.7879,0.25036627,-107.08771,-0.8372476,2804.6548,0.079878256,824.5765,0.3491736,-110.47428,-0.7808737,-7.994996,-0.57774943,18.959393,0.27472505,0.039821718,0.52499413,-0.009398235,-1.2634151,0.13234602,0.6707123,26.326292,0.35253972,-15.877149,-0.77347946,12.708962,1.1152661,-31.141277,-0.41260287,-9.482015,16.841248,0.01219209,-0.0006343052,0.034426652,3.3057854,2.9535866,0.15857142,0.13206369,0.15714285,0.20491908,-36.36969,s,Ses05M_impro03,Ses05M_impro03_F028
662,32.943954,0.109162636,28.957842,32.63598,37.158504,8.200663,13.602503,5.4267764,-1.9422865,15.241551,0.12753291,0.33023557,0.09040919,0.13287455,0.16310799,0.0726988,0.5775962,0.34154797,0.5139444,0.34166133,0.023796443,0.49034062,30.518602,0.25243074,2.614788,3.7431705,15.157246,0.5444687,-10.252695,-0.88011664,0.020338781,0.7657788,0.9939776,0.401847,7.2514424,0.3541458,0.11346746,49.973732,23.186476,0.31761232,720.9116,0.3108479,1371.7195,0.14289539,-92.82693,-0.9613801,1693.1992,0.14963368,1180.2089,0.17907621,-92.709305,-0.8922016,2805.3633,0.096149124,967.13696,0.33470464,-98.13252,-0.8007606,-16.233925,-0.18217324,29.628002,0.13292101,0.009058,2.1386225,-3.6828675e-05,-186.96075,0.026155546,0.37714347,33.77758,0.16534783,4.597571,2.109188,12.35122,0.5402534,-11.439935,-0.8353065,-12.551683,21.767231,0.0013095365,0.004455449,0.020519545,3.9800994,1.5306123,0.39333332,0.1890914,0.1775,0.1184008,-45.21191,b,Ses05M_impro03,Ses05M_impro03_F029
663,30.619509,0.15519133,26.906748,29.56546,35.516502,8.609755,63.20981,34.942585,10.268266,9.898601,0.12269977,0.31088406,0.08931514,0.120689474,0.15601194,0.0666968,0.7326207,0.51631844,0.57812536,0.26881078,0.02281755,0.4304928,28.628801,0.2608339,-1.7444695,-5.414705,18.096907,0.5267528,-9.165956,-0.9994099,0.019152746,0.74197364,1.0504043,0.3907125,6.0261493,0.48128146,0.6922927,7.723723,23.105904,0.30471203,703.753,0.3368995,1347.9594,0.1430258,-135.26321,-0.63670695,1688.9951,0.15933296,1162.414,0.17523643,-133.79208,-0.6214781,2764.2546,0.10130032,994.24255,0.33376452,-137.11179,-0.57626706,-14.567387,-0.2649903,27.534462,0.18775581,0.014926779,1.3353126,0.0020681368,4.5345583,0.025488479,0.34292206,33.330208,0.15524252,1.2782842,7.967697,13.819868,0.6070176,-10.951304,-0.9109869,-10.797305,19.350603,0.010859481,0.005166967,0.021557882,4.6808515,2.1505375,0.16399999,0.18320481,0.28,0.2484351,-47.174618,s,Ses05M_impro03,Ses05M_impro03_M031
664,38.090843,0.05326861,36.972153,38.647675,39.633224,2.6610718,38.553482,26.342802,5.1846027,0.0,0.10995386,0.46079203,0.06461287,0.082424134,0.17187631,0.10726344,0.4080502,0.27078086,0.48816335,0.4752009,0.013801041,0.35404888,27.454597,0.26030058,-1.8917642,-3.700353,8.979002,0.9643652,-12.305363,-0.8247556,0.0179333,1.825411,0.89804804,0.8775933,9.615027,0.34128225,4.553099,1.1123071,21.014965,0.18216777,884.2309,0.14842382,1179.9667,0.15941733,-102.593636,-0.9110508,1871.2924,0.096662,1042.4403,0.10666704,-107.300606,-0.8150502,3005.8386,0.0633215,870.76404,0.16874656,-111.70371,-0.7457614,-11.413983,-0.49075493,27.378664,0.21902299,0.008426404,1.4582309,-0.004034889,-1.5934983,0.016625574,0.25251207,33.30355,0.093762904,-4.3938937,-1.871872,5.022182,1.6442933,-19.423578,-0.45593482,-11.495927,22.320042,-0.0043628938,0.011466593,0.011045439,1.863354,0.64102566,0.82,0.0,0.355,0.074999996,-48.406345,b,Ses05M_impro03,Ses05M_impro03_F030
665,37.01147,0.0808689,35.318253,37.493042,39.51866,4.200409,368.66986,579.38635,68.27432,86.428734,0.16157502,0.6782336,0.06991514,0.13174509,0.23299357,0.16307843,1.8476033,1.227215,1.2832848,1.2245456,0.029244138,0.89911044,25.317518,0.352173,-3.9145815,-2.5968268,13.268437,0.74795485,-16.781563,-0.89191765,0.01665491,1.5226287,0.9698682,0.7623783,8.601491,0.3924966,4.601188,1.6772199,20.851492,0.24008314,783.78186,0.23877977,1294.0586,0.16056997,-122.27491,-0.74998754,1788.8298,0.13161153,1054.067,0.2670667,-122.44896,-0.7109328,2882.8157,0.07572745,884.77826,0.26511526,-125.50346,-0.66638553,-11.762723,-0.4069238,24.368956,0.26262403,0.023235774,0.9124409,-0.012171467,-1.068635,0.040627684,0.70595384,32.87826,0.13560471,-6.565288,-1.4986972,10.638608,1.1367513,-25.934721,-0.63046736,-10.1857395,20.025137,-0.0041308077,0.008211066,0.020810163,2.077922,1.8421053,0.22571428,0.29041138,0.25875,0.51677936,-42.309887,o,Ses05M_impro03,Ses05M_impro03_M032
666,36.011044,0.11642608,32.001568,35.46027,39.87875,7.877182,109.75079,105.6059,68.74466,86.16008,0.21441995,0.55348164,0.11328734,0.17509395,0.31385016,0.20056283,1.6464666,1.0076963,1.8527212,1.5436122,0.041437667,0.6021306,26.92613,0.3767114,-3.9348814,-3.3924115,19.14988,0.6568062,-20.652008,-0.8460296,0.013701084,0.9010338,0.8960918,0.73928034,8.605494,0.37907076,4.6564527,2.0169284,22.100853,0.32814792,693.1662,0.24877165,1464.6027,0.16226646,-96.59809,-0.9529283,1725.3085,0.12311034,1042.233,0.3465234,-95.47425,-0.8986772,2789.0564,0.06945231,925.1211,0.4389745,-98.888504,-0.8388508,-12.858983,-0.4286178,22.126047,0.32761565,0.03128919,0.577391,-0.015830103,-0.7484048,0.047087405,0.51351106,30.600695,0.24384718,-5.0879903,-2.6426275,16.235102,0.8757664,-27.326223,-0.6415807,-9.172926,16.215067,0.00946179,0.00015380823,0.034625262,3.5483873,3.2894738,0.16499999,0.15088074,0.118999995,0.11776672,-40.131153,o,Ses05M_impro03,Ses05M_impro03_F031
667,32.2592,0.11752633,29.41277,31.541958,34.848274,5.435505,95.36984,0.0,-39.021812,38.708694,0.099263035,0.51979506,0.05623107,0.07886904,0.138789,0.08255793,0.7152133,0.3679453,0.81481016,0.58018947,0.020802058,0.660593,27.252653,0.33808872,1.4409113,5.6665196,21.923737,0.38333625,-6.291911,-1.8093537,0.028905999,1.4989761,1.1513857,0.7342062,7.9298472,0.3425118,4.31653,2.4720194,25.422413,0.41006336,715.0608,0.26740584,1499.9911,0.18176709,-150.47858,-0.53429747,1739.8445,0.08305201,922.4238,0.30018747,-150.45525,-0.5160957,2880.1577,0.058647923,827.6574,0.5832393,-152.46704,-0.48843735,-18.647112,-0.28299955,26.940977,0.23392291,0.019788321,0.746015,-0.0045506503,-3.0791416,0.028608536,0.4891071,31.834557,0.20492332,6.588828,0.6095665,25.959944,0.44253546,-7.7613897,-2.330546,-12.531147,21.216345,-0.0019770744,0.0031818144,0.01826226,1.869159,1.4354068,0.19,0.086023256,0.48666668,0.41523755,-46.020256,g,Ses05M_impro03,Ses05M_impro03_M033
