,F0semitoneFrom27.5Hz_sma3nz_amean,F0semitoneFrom27.5Hz_sma3nz_stddevNorm,F0semitoneFrom27.5Hz_sma3nz_percentile20.0,F0semitoneFrom27.5Hz_sma3nz_percentile50.0,F0semitoneFrom27.5Hz_sma3nz_percentile80.0,F0semitoneFrom27.5Hz_sma3nz_pctlrange0-2,F0semitoneFrom27.5Hz_sma3nz_meanRisingSlope,F0semitoneFrom27.5Hz_sma3nz_stddevRisingSlope,F0semitoneFrom27.5Hz_sma3nz_meanFallingSlope,F0semitoneFrom27.5Hz_sma3nz_stddevFallingSlope,loudness_sma3_amean,loudness_sma3_stddevNorm,loudness_sma3_percentile20.0,loudness_sma3_percentile50.0,loudness_sma3_percentile80.0,loudness_sma3_pctlrange0-2,loudness_sma3_meanRisingSlope,loudness_sma3_stddevRisingSlope,loudness_sma3_meanFallingSlope,loudness_sma3_stddevFallingSlope,spectralFlux_sma3_amean,spectralFlux_sma3_stddevNorm,mfcc1_sma3_amean,mfcc1_sma3_stddevNorm,mfcc2_sma3_amean,mfcc2_sma3_stddevNorm,mfcc3_sma3_amean,mfcc3_sma3_stddevNorm,mfcc4_sma3_amean,mfcc4_sma3_stddevNorm,jitterLocal_sma3nz_amean,jitterLocal_sma3nz_stddevNorm,shimmerLocaldB_sma3nz_amean,shimmerLocaldB_sma3nz_stddevNorm,HNRdBACF_sma3nz_amean,HNRdBACF_sma3nz_stddevNorm,logRelF0-H1-H2_sma3nz_amean,logRelF0-H1-H2_sma3nz_stddevNorm,logRelF0-H1-A3_sma3nz_amean,logRelF0-H1-A3_sma3nz_stddevNorm,F1frequency_sma3nz_amean,F1frequency_sma3nz_stddevNorm,F1bandwidth_sma3nz_amean,F1bandwidth_sma3nz_stddevNorm,F1amplitudeLogRelF0_sma3nz_amean,F1amplitudeLogRelF0_sma3nz_stddevNorm,F2frequency_sma3nz_amean,F2frequency_sma3nz_stddevNorm,F2bandwidth_sma3nz_amean,F2bandwidth_sma3nz_stddevNorm,F2amplitudeLogRelF0_sma3nz_amean,F2amplitudeLogRelF0_sma3nz_stddevNorm,F3frequency_sma3nz_amean,F3frequency_sma3nz_stddevNorm,F3bandwidth_sma3nz_amean,F3bandwidth_sma3nz_stddevNorm,F3amplitudeLogRelF0_sma3nz_amean,F3amplitudeLogRelF0_sma3nz_stddevNorm,alphaRatioV_sma3nz_amean,alphaRatioV_sma3nz_stddevNorm,hammarbergIndexV_sma3nz_amean,hammarbergIndexV_sma3nz_stddevNorm,slopeV0-500_sma3nz_amean,slopeV0-500_sma3nz_stddevNorm,slopeV500-1500_sma3nz_amean,slopeV500-1500_sma3nz_stddevNorm,spectralFluxV_sma3nz_amean,spectralFluxV_sma3nz_stddevNorm,mfcc1V_sma3nz_amean,mfcc1V_sma3nz_stddevNorm,mfcc2V_sma3nz_amean,mfcc2V_sma3nz_stddevNorm,mfcc3V_sma3nz_amean,mfcc3V_sma3nz_stddevNorm,mfcc4V_sma3nz_amean,mfcc4V_sma3nz_stddevNorm,alphaRatioUV_sma3nz_amean,hammarbergIndexUV_sma3nz_amean,slopeUV0-500_sma3nz_amean,slopeUV500-1500_sma3nz_amean,spectralFluxUV_sma3nz_amean,loudnessPeaksPerSec,VoicedSegmentsPerSec,MeanVoicedSegmentLengthSec,StddevVoicedSegmentLengthSec,MeanUnvoicedSegmentLength,StddevUnvoicedSegmentLength,equivalentSoundLevel_dBp,labels,filename,utt_label
0,25.931984,0.041854553,24.584656,26.297989,26.923042,2.3383865,27.320015,3.544906,8.498922,0.0,0.16601242,0.33690342,0.11500075,0.15067926,0.21568342,0.10068267,1.357994,0.65055645,0.6655947,0.45930624,0.037851777,0.46705154,24.351164,0.26790306,-4.066903,-1.8320044,16.316807,0.3314474,-7.5862145,-0.71155137,0.010641758,0.68506086,1.4805524,0.4003235,2.81894,0.5036572,-2.7054977,-1.3396826,16.254759,0.4425483,455.95297,0.3328554,1269.8068,0.11265412,-173.02657,-0.3871491,1451.5515,0.099417165,977.53076,0.13135988,-173.47742,-0.37432933,2462.619,0.079168364,930.3478,0.19121093,-174.62085,-0.35645387,-12.434486,-0.24221112,22.023817,0.21499641,0.020246858,0.656068,-0.0046218657,-1.3583388,0.06873712,0.23472853,35.671745,0.069382444,-7.4851108,-0.8578443,15.999414,0.399138,-4.9278684,-0.7069299,-9.487697,17.429245,-0.0020623396,0.0029416068,0.032775845,3.5897436,0.7792208,0.17666666,0.18624954,0.8125,0.8316963,-44.977222,q,Ses01F_impro04,Ses01F_impro04_M000
1,34.33052,0.1334511,33.094364,34.417522,35.822483,2.728119,8.264589,5.3173246,47.232235,25.209614,0.3923041,0.81951255,0.11535864,0.25965333,0.7118933,0.59653467,5.7788258,3.90891,4.270708,3.4356925,0.13830703,1.4779178,30.738684,0.29214674,-6.913544,-1.5898428,9.134206,1.3326625,-15.339111,-0.96382535,0.013906613,1.9772596,0.9891564,0.7524276,8.358416,0.39681086,3.2641952,2.040337,24.62613,0.35797292,676.9473,0.26157677,1443.3514,0.19335268,-124.98938,-0.7489711,1655.9642,0.12422914,1051.4136,0.2602871,-124.04978,-0.73032635,2787.92,0.09201683,995.3138,0.35366377,-129.49562,-0.6484353,-9.454977,-0.7299197,24.263205,0.27028912,0.03916779,0.56105286,-0.012397182,-1.1384913,0.2299445,1.172244,37.1237,0.18379062,-12.845104,-0.887245,3.5638099,4.2154374,-22.948355,-0.70622975,-11.141251,21.458061,0.004886006,-0.0022027767,0.07783296,2.5114155,1.8475751,0.20875,0.22385472,0.27666664,0.2728451,-28.387127,q,Ses01F_impro04,Ses01F_impro04_F000
2,31.908493,0.15606411,25.149668,34.736988,36.881214,11.731546,8.679728,5.057017,56.675632,0.0,0.27086705,0.69042367,0.11873367,0.21213034,0.39954305,0.28080937,4.291964,2.0301466,2.6355681,2.7563276,0.072348215,0.7027874,27.608742,0.34775662,-2.2305484,-3.505403,18.838257,0.3991698,-9.929803,-0.74096966,0.020200016,1.8819684,0.9744645,0.5736668,7.2814713,0.5618592,4.5829806,1.5666652,23.291023,0.34089416,609.83813,0.24718665,1354.927,0.14892936,-126.674416,-0.7237664,1674.5171,0.09231901,932.8071,0.29292178,-128.82722,-0.68035424,2752.137,0.06596059,888.18805,0.23287468,-132.38649,-0.6284181,-13.978722,-0.393098,21.64704,0.30540156,0.025990596,0.6429813,-0.016161982,-0.6396216,0.114767626,0.45805877,35.18234,0.15499471,-6.919256,-1.4326161,20.868938,0.38307396,-11.511804,-0.8779737,-11.658261,19.863543,-0.0056162514,-0.0019476805,0.048671555,3.6144578,1.863354,0.19999999,0.123288274,0.31666666,0.39135092,-34.40981,ag,Ses01F_impro04,Ses01F_impro04_M001
3,31.468086,0.10929895,28.633118,32.28362,34.897224,6.2641068,36.396008,63.271084,26.215675,8.33993,0.29199997,0.83428067,0.12518467,0.20488383,0.414812,0.2896273,4.1039176,3.042431,3.051325,2.1473591,0.1019087,0.89142996,29.363003,0.30923545,-3.9271274,-3.0407395,11.199431,0.7496881,-11.392512,-0.982751,0.022330796,0.98247236,1.3528224,0.49202648,4.706793,0.8062049,0.41776946,14.542812,21.77857,0.37993136,579.0127,0.34463423,1422.6859,0.11724534,-158.66069,-0.49406254,1558.2208,0.11698294,1138.9159,0.27443653,-158.37819,-0.48054358,2615.7874,0.09809829,1055.5199,0.25179505,-161.05127,-0.44291428,-10.089718,-0.63965225,23.945063,0.31900057,0.039277077,0.41829,-0.011804762,-0.9590439,0.21490736,0.4773585,36.274956,0.16992342,-12.892936,-1.1973352,7.6623826,1.1339841,-13.740532,-0.81085557,-11.762191,21.472488,0.009260617,-0.0065095336,0.06988454,3.6446471,1.6129034,0.12857142,0.09448031,0.545,0.35924688,-33.35799,o,Ses01F_impro04,Ses01F_impro04_F001
4,24.804836,0.06224645,23.423943,24.009207,26.170456,2.7465134,9.285849,4.5071177,33.39074,0.1332264,0.13363451,0.27822885,0.10002388,0.12420938,0.16854402,0.06852014,0.4583726,0.23006904,0.43690413,0.29276446,0.038484216,0.4716167,30.049147,0.15383433,1.3955282,3.7894368,15.85242,0.39223436,-7.2691507,-0.73014486,0.020933226,0.7925812,1.0797555,0.39638194,3.7371252,0.24712536,3.560788,2.7158632,28.990173,0.225451,508.29514,0.27426222,1407.9922,0.08171841,-171.12349,-0.3925488,1523.8422,0.11841206,1172.5751,0.15333144,-173.29088,-0.35939577,2610.1416,0.06941879,1039.9196,0.18872318,-174.7592,-0.33738807,-17.470516,-0.1325188,30.414167,0.08391326,0.008924649,1.0915775,-0.0047449325,-1.7343056,0.042564962,0.18350017,35.809685,0.06329814,5.4491487,0.62920636,16.07795,0.28863513,-4.3109183,-1.2215724,-14.397198,24.058638,-0.005274019,-0.0008007958,0.03824445,2.1538463,1.2500001,0.1125,0.05629165,0.532,0.39665604,-44.930744,dag,Ses01F_impro04,Ses01F_impro04_M002
5,30.607973,0.13215007,27.579792,28.678694,35.877876,8.298084,101.22252,105.847115,23.976328,11.156527,0.30948725,0.80892533,0.10371076,0.21778071,0.4734572,0.36974642,4.591649,3.074189,3.6651592,2.2856438,0.10344273,1.0914209,31.18532,0.28347346,-6.0566416,-1.8970953,13.746711,0.7449197,-8.331637,-1.2509408,0.020641612,1.6581653,1.0430853,0.66873896,5.996646,0.5280131,1.0670778,6.7015705,22.18759,0.40426415,586.78094,0.32614064,1444.2056,0.13717376,-128.42198,-0.72031933,1631.0588,0.113662146,1114.7444,0.28520492,-129.71439,-0.67328054,2667.9524,0.1092663,1138.6963,0.3503217,-132.16026,-0.6382646,-12.65705,-0.49928692,22.253008,0.386237,0.03978626,0.4659468,-0.017719116,-0.77092874,0.17608,0.7475715,37.69967,0.16683134,-9.033643,-1.4109529,13.130789,1.0210932,-11.036985,-1.1126978,-10.943782,19.900415,0.003202828,-0.0018827702,0.059021775,2.6872964,1.7988553,0.20363635,0.17864503,0.3173913,0.48318884,-32.119534,o,Ses01F_impro04,Ses01F_impro04_F002
6,27.571648,0.05676859,26.095924,27.729834,28.877485,2.781561,43.98215,37.00414,24.340216,6.5188475,0.27300414,0.606192,0.11880034,0.21761967,0.42011237,0.30131203,3.5375504,1.8657628,1.409552,1.1178967,0.08080934,0.7427786,32.011097,0.3296508,-0.53384227,-19.65781,13.223205,0.639889,-9.654592,-1.1461865,0.030184405,1.87014,1.0322906,0.49292177,4.395976,0.4959573,-0.7589911,-6.822064,20.722176,0.45595765,539.1586,0.33049816,1433.2651,0.12863325,-126.109764,-0.7286684,1587.8925,0.12951246,1122.6571,0.21191671,-128.58319,-0.6715747,2605.2363,0.119383015,1078.7982,0.4143714,-130.46379,-0.64667,-13.196519,-0.51951677,22.145687,0.4336885,0.03368412,0.6175513,-0.020985002,-0.6993756,0.131518,0.5275486,37.56043,0.1463079,-6.2143292,-1.7506989,10.045318,0.9695059,-12.526421,-1.0813615,-13.60089,22.805428,0.007702766,-0.0071871844,0.050204247,2.793296,3.468208,0.10166667,0.08008675,0.202,0.12859239,-36.02316,b,Ses01F_impro04,Ses01F_impro04_M003
7,23.943693,0.1395495,21.422703,22.88615,26.335155,4.9124527,264.82736,104.235535,103.703735,112.19699,0.15856984,0.3682951,0.11004801,0.14194086,0.20398746,0.09393945,0.9361162,0.7706886,0.52404714,0.38519615,0.035669394,0.41472363,28.648308,0.21215786,-4.6864486,-1.6798503,13.424986,0.5182791,-8.190252,-0.8211257,0.07140345,2.234827,1.2072864,0.35865137,2.6198878,0.4775005,10.489895,0.80547357,23.279526,0.37598872,504.0868,0.368562,1392.2954,0.11122076,-169.03525,-0.41341218,1510.207,0.12961663,1157.2787,0.25209516,-168.45305,-0.40856984,2504.2751,0.083945975,1080.0564,0.18335526,-169.40906,-0.3948333,-12.526589,-0.34603825,22.819551,0.2607682,0.011692042,0.8444042,-0.008283229,-1.027081,0.049389604,0.36170864,34.19616,0.13501047,-5.3351464,-1.6284105,13.939712,0.5997235,-5.618259,-1.2429997,-10.540968,18.987452,0.0036294628,0.00081554975,0.033163834,2.37581,1.3100437,0.12,0.090369605,0.5328571,0.3503759,-45.09817,s,Ses01F_impro04,Ses01F_impro04_M004
8,31.312994,0.082108006,28.56218,31.934166,32.574383,4.012203,24.5826,5.3932905,9.768221,26.477386,0.17494665,0.75627756,0.093249865,0.09849109,0.28038463,0.18713477,3.3611686,1.9657394,3.5772743,1.8315674,0.054299764,1.0636686,30.967354,0.22251403,-3.0080912,-2.0689328,12.612618,0.7608366,-10.118642,-0.59357494,0.0293845,0.9326812,1.3320143,0.43636107,5.562611,0.54561794,-0.17479646,-23.296803,25.008448,0.2661946,563.1872,0.29586515,1386.8456,0.10078746,-159.38911,-0.48634273,1617.9344,0.12066334,1184.799,0.5010593,-161.43036,-0.44950157,2655.669,0.0941192,1204.7843,0.24951708,-163.3611,-0.42188337,-15.997876,-0.31757355,27.511509,0.22626333,0.026034331,0.7293705,-0.021113029,-0.61040866,0.13628298,0.40687305,39.22448,0.20374712,-0.87115043,-11.553524,12.054779,1.3163997,-9.354472,-1.0483387,-12.005113,20.869164,-0.0037126685,-1.5811285e-05,0.032318182,2.1582735,1.098901,0.19,0.050990194,0.6933333,0.48002312,-37.796425,q,Ses01F_impro04,Ses01F_impro04_F003
9,24.5683,0.034909483,23.868462,24.401897,25.465559,1.5970974,50.725605,63.741817,6.892999,10.246705,0.13648775,0.30994672,0.10026987,0.12319603,0.16602577,0.0657559,0.49679765,0.21550833,0.5177135,0.27762324,0.032941673,0.38944918,32.659958,0.15719335,-0.11507105,-56.79003,16.17151,0.4903378,-6.485502,-0.8752757,0.016653651,0.7195684,1.1811419,0.33776334,4.0506296,0.2811569,4.5107703,1.7856745,26.795925,0.24261548,610.6967,0.35692668,1412.0385,0.1316875,-130.86371,-0.67379415,1648.4346,0.15591471,1058.213,0.17760698,-133.97514,-0.62461644,2714.2517,0.11000907,1108.2537,0.2764359,-136.36931,-0.5916788,-17.414368,-0.20158492,26.16052,0.15088364,0.0014165881,10.287014,-0.0102232825,-1.0018399,0.041754976,0.24384962,36.695324,0.12563173,2.7211246,3.0873637,19.70019,0.5312199,-3.9958332,-1.4451025,-13.159481,22.143847,0.0040565254,0.0014579153,0.028125256,2.102102,2.1341465,0.16428572,0.13584204,0.28142855,0.24198161,-44.43681,ans,Ses01F_impro04,Ses01F_impro04_M005
10,30.021164,0.11973974,25.365408,31.554056,33.121704,7.756296,12.415695,0.0,-93.301216,0.0,0.17446025,0.4898453,0.114235915,0.12893496,0.21523406,0.10099814,0.8530014,0.2606715,0.65740734,0.16888589,0.05119539,0.68245405,33.657146,0.18226372,-3.28285,-1.6941955,11.628304,0.51626974,-8.199304,-0.62112284,0.018115127,0.85282135,1.3115066,0.6453617,4.9433765,0.43119046,2.181669,2.4251661,29.088062,0.18760471,414.7523,0.18412495,1384.6323,0.1573829,-164.60466,-0.4452854,1455.2009,0.040741164,1017.14624,0.16591509,-164.4635,-0.42389685,2569.234,0.053132214,1147.6798,0.25074196,-167.02414,-0.38660923,-15.303437,-0.099694766,28.904358,0.11344799,0.026976991,0.6356086,-0.014775586,-0.3626736,0.097438015,0.31329826,41.93997,0.08270639,-3.5867705,-0.9136111,11.104669,0.55506283,-7.3098726,-0.8384217,-12.244378,22.706112,0.0022433794,-0.002373839,0.04049598,1.7543861,1.8072289,0.099999994,0.080415584,0.3225,0.2679902,-39.903187,q,Ses01F_impro04,Ses01F_impro04_F004
11,30.021164,0.11973974,25.365408,31.554056,33.121704,7.756296,12.415695,0.0,-93.301216,0.0,0.14666148,0.5019127,0.09937473,0.118012495,0.1764294,0.07705468,0.77154547,0.21409483,0.5880264,0.25697947,0.040535834,0.7381293,31.248156,0.1831901,-3.211869,-1.4717845,12.989668,0.41707408,-7.235079,-0.7895517,0.018115127,0.85282135,1.3115066,0.6453617,4.9433765,0.43119046,2.181669,2.4251661,29.088062,0.18760471,414.7523,0.18412495,1384.6323,0.1573829,-180.82162,-0.3179693,1455.2009,0.040741164,1017.14624,0.16591509,-180.57893,-0.3056114,2569.234,0.053132214,1147.6798,0.25074196,-182.01013,-0.28096324,-15.303437,-0.099694766,28.904358,0.11344799,0.026976991,0.6356086,-0.014775586,-0.3626736,0.097438015,0.31329826,41.93997,0.08270639,-3.5867705,-0.9136111,11.104669,0.55506283,-7.3098726,-0.8384217,-12.36545,21.837992,-0.0011681322,1.3921782e-05,0.03390756,1.6556292,1.010101,0.099999994,0.080415584,0.65,0.7925276,-42.022987,ans,Ses01F_impro04,Ses01F_impro04_M006
12,32.162617,0.03867774,31.037537,32.071342,33.624706,2.5871696,-15.905924,0.0,28.788158,0.0,0.15293822,0.4279355,0.11584037,0.13083692,0.1747679,0.05892753,1.2616842,1.2153038,1.5847527,1.2744683,0.035077345,0.8629105,24.295958,0.29305682,-5.750824,-1.8583382,10.947639,0.7901401,-3.7792501,-1.6495175,0.017987726,0.53027326,1.2934748,0.4471372,6.2274647,0.29641333,14.311393,0.8030524,25.939266,0.19756731,485.15005,0.2788335,1420.9462,0.14279962,-184.98242,-0.28253782,1692.7528,0.11935796,993.49194,0.19092622,-185.173,-0.26616722,2650.297,0.08972642,1499.4491,0.42985147,-185.16809,-0.26617298,-14.4528265,-0.4872547,20.77903,0.3378517,0.02513459,0.6491163,-0.0029618107,-2.507752,0.11533242,0.41226628,21.514067,0.39996165,10.192347,0.8508392,30.647953,0.20509975,-10.561052,-0.7806217,-7.9727225,17.743917,-0.0016028291,0.008834434,0.02749053,1.2552302,0.42735043,0.19999999,0.0,1.055,0.275,-42.8917,b,Ses01F_impro04,Ses01F_impro04_F005
13,38.15076,0.15796734,31.67018,38.884495,42.944096,11.273916,134.83551,162.6683,-24.918503,72.97465,0.5623552,0.734617,0.12953377,0.46923894,1.0197898,0.89025605,9.400564,5.2170463,6.705706,3.2451487,0.23911963,0.9656082,25.014927,0.24526459,-17.073975,-0.6079336,7.865256,1.6074325,-14.621876,-0.85676026,0.047539636,1.2428205,1.3516905,0.5844372,5.8875046,0.75431526,5.997323,1.5540776,18.900671,0.34371594,696.6122,0.3411796,1342.8502,0.13768604,-135.27739,-0.6538918,1695.2042,0.12373362,1023.279,0.24819952,-127.71587,-0.69295967,2778.6016,0.08346124,871.03754,0.28148204,-131.48976,-0.6378864,-8.013136,-0.6263635,19.192844,0.3306089,0.047402065,0.58370024,-0.013448438,-0.81569004,0.40669563,0.4498659,26.695353,0.24172562,-18.983921,-0.7287092,3.8194208,4.6747723,-23.513163,-0.47297147,-5.863035,15.35202,0.0149371475,0.0028864895,0.13893655,3.6723163,2.2922635,0.15875,0.09726735,0.255,0.34186983,-26.50885,s,Ses01F_impro04,Ses01F_impro04_F006
14,31.944208,0.24694163,26.02912,26.402485,42.086315,16.057196,0.8967365,0.0,0.0,0.0,0.40344024,0.9202662,0.22014107,0.28985447,0.42657068,0.20642962,6.938866,3.0773134,1.6165199,0.7235385,0.12758604,1.3038695,17.568823,0.3557398,-10.973584,-0.98381054,20.523827,0.47794843,-10.23099,-1.0613754,0.01748516,0.7214543,2.093627,0.7088167,4.9627395,0.3619444,4.0112805,3.49238,15.926688,0.40074033,746.1916,0.34251156,1444.4565,0.3238062,-173.30899,-0.35726205,1752.5406,0.12354144,1125.442,0.17540911,-168.9164,-0.37900135,2672.1204,0.07944612,963.6405,0.180011,-168.8486,-0.38055277,-10.6006155,-0.32883528,19.420027,0.18032047,0.021432795,0.6493054,0.0049135294,1.9059463,0.1612977,0.95157415,20.165998,0.22207792,-1.9270098,-3.6374385,28.633272,0.32431933,-9.806062,-1.6060114,-4.586112,12.710259,0.011962175,0.0027301298,0.08100363,1.6949153,2.6785715,0.056666665,0.004714045,0.29666665,0.19567546,-29.410383,q,Ses01F_impro04,Ses01F_impro04_M007
15,35.657757,0.104396366,31.806826,35.89566,38.33791,6.531084,35.038685,12.926471,68.69336,67.58797,0.73780423,0.7808009,0.22307111,0.5316355,1.3274043,1.1043332,12.72487,10.041259,6.7687407,3.4414115,0.32248187,0.9530989,26.599346,0.35983866,-17.17185,-1.0792888,13.036205,1.2992276,-17.990929,-0.69698465,0.022036951,1.4532794,1.3280329,0.64931035,5.2909217,0.52423996,1.1235664,7.472553,15.068625,0.56784874,677.29193,0.3204665,1408.421,0.13005693,-109.00075,-0.854429,1659.1093,0.13492398,1115.4728,0.29516226,-103.41365,-0.870905,2716.2683,0.07798944,967.3495,0.3637949,-107.036865,-0.80924416,-4.8029895,-1.4422919,17.17587,0.3689099,0.04269012,0.4415376,-0.005171452,-2.3534613,0.45000142,0.5714852,28.187588,0.3104456,-21.930296,-0.86275744,10.922904,1.7012717,-22.44612,-0.6217109,-5.866895,16.22204,0.01719781,-0.00070508895,0.19825482,3.1026254,3.3816426,0.14071427,0.051473197,0.14307693,0.12614915,-24.106789,ans,Ses01F_impro04,Ses01F_impro04_F007
16,0.0,0.0,0.0,0.0,0.0,0.0,0.0,0.0,0.0,0.0,0.16884935,0.73584706,0.09892333,0.10780575,0.220334,0.12141066,1.4417046,0.750521,1.2347788,0.33878252,0.053414084,0.90991974,30.252157,0.13760825,-6.0338216,-1.3904845,15.51523,0.329074,-12.593328,-0.57156956,0.0,0.0,0.0,0.0,0.0,0.0,0.0,0.0,0.0,0.0,0.0,0.0,0.0,0.0,-201.0,0.0,0.0,0.0,0.0,0.0,-201.0,0.0,0.0,0.0,0.0,0.0,-201.0,0.0,0.0,0.0,0.0,0.0,0.0,0.0,0.0,0.0,0.0,0.0,0.0,0.0,0.0,0.0,0.0,0.0,0.0,0.0,-13.187957,21.917318,0.0076397127,-0.004531479,0.05493299,1.8018018,0.0,0.0,0.0,1.05,0.0,-41.037613,b,Ses01F_impro04,Ses01F_impro04_M008
17,36.729984,0.13087714,32.71443,34.97076,39.555473,6.8410416,164.61148,0.0,14.634813,20.521614,0.46225587,1.0778712,0.09766709,0.1482518,0.997206,0.8995389,7.4398527,7.11758,7.1582437,5.0488133,0.21056025,1.3152367,25.788155,0.26517603,-10.872344,-1.2785733,17.052986,0.8824715,-19.4344,-0.5323908,0.024390472,1.081143,1.5558882,0.56432045,4.1076336,0.93879956,7.8732753,1.2127329,9.705148,0.5960985,762.6655,0.3555717,1452.8795,0.16450837,-163.60445,-0.43928754,1730.6879,0.12571491,1063.2384,0.31027487,-156.39427,-0.4896911,2680.5845,0.06679106,1094.42,0.3610772,-157.06244,-0.47771314,-3.9211938,-1.8907187,17.54775,0.20733891,0.04960516,0.43447724,-0.0068527143,-1.8404408,0.5219267,0.53865784,23.357037,0.37633368,-20.080399,-0.92767125,22.089254,1.0392027,-24.696238,-0.45953664,-10.261065,17.837252,0.013842176,-0.004829,0.127295,2.3255816,2.419355,0.086666666,0.062360957,0.22749999,0.16406934,-26.963371,q,Ses01F_impro04,Ses01F_impro04_F008
18,27.274647,0.17356336,23.753965,26.042572,32.539112,8.785147,56.61948,26.258362,67.50784,39.493782,0.18617854,0.3454951,0.13393703,0.18130995,0.22290511,0.08896808,1.0658599,0.52889925,1.2425411,0.733794,0.056345843,0.4715685,35.876858,0.15191157,0.1277944,48.370262,12.007024,0.5390275,-9.722453,-0.8045348,0.013947865,1.0478022,1.170908,0.51086485,4.646427,0.4133328,6.02576,2.0471334,25.57163,0.32957342,563.6627,0.33259243,1395.7389,0.14710838,-133.02786,-0.65097547,1603.1332,0.17620547,1129.304,0.20123242,-133.64842,-0.61390275,2653.6074,0.11758239,1097.6151,0.3974599,-136.79407,-0.57092345,-15.9137,-0.24953975,27.192503,0.1845331,0.016850302,0.86953527,-0.014154569,-1.0102384,0.06713245,0.31223777,39.607666,0.10479007,-1.1988374,-5.868489,10.670455,0.70858157,-10.808863,-0.8278582,-15.208659,25.359257,0.0064822845,-0.00649441,0.051487572,4.135339,3.8314178,0.086,0.069598846,0.14,0.13531108,-40.31545,q,Ses01F_impro04,Ses01F_impro04_M009
19,34.804817,0.035176326,33.51349,35.04672,35.99462,2.4811325,25.926699,0.0,-34.647984,0.0,0.19280069,0.8581537,0.09650084,0.10567861,0.25064412,0.15414327,0.77254355,0.4610599,0.6756652,0.45832914,0.058986958,1.0707805,32.432083,0.1739215,-5.6293607,-2.368922,13.31741,0.71019834,-7.770661,-1.0088192,0.019854793,0.916627,1.0283647,0.6291845,8.75259,0.30607247,7.43455,1.8481547,24.976997,0.3835805,583.51196,0.26707035,1396.6536,0.10025212,-172.01701,-0.3895532,1739.0641,0.08406694,1123.5558,0.1836382,-174.2237,-0.3548172,2750.8853,0.052239772,1090.6923,0.38152215,-174.79749,-0.34547907,-18.186377,-0.3826722,25.11123,0.25012147,0.024629014,1.0451941,-0.006322864,-0.7424738,0.12994826,0.47928566,35.305138,0.15363812,-1.012638,-22.325314,27.881203,0.46289384,-13.249505,-0.51834106,-11.264114,22.482044,-0.002985996,0.0013844483,0.048388917,0.729927,0.7575758,0.19,0.0,0.55,0.01,-36.91685,ans,Ses01F_impro04,Ses01F_impro04_F009
20,0.0,0.0,0.0,0.0,0.0,0.0,0.0,0.0,0.0,0.0,0.109628156,0.20835714,0.096963726,0.10226855,0.11855295,0.021589227,0.12466413,0.055724263,0.7211242,0.36572713,0.027179638,0.36179012,27.728931,0.15471777,0.12987334,27.75138,14.450045,0.23365204,-10.854514,-0.31071728,0.0,0.0,0.0,0.0,0.0,0.0,0.0,0.0,0.0,0.0,0.0,0.0,0.0,0.0,-201.0,0.0,0.0,0.0,0.0,0.0,-201.0,0.0,0.0,0.0,0.0,0.0,-201.0,0.0,0.0,0.0,0.0,0.0,0.0,0.0,0.0,0.0,0.0,0.0,0.0,0.0,0.0,0.0,0.0,0.0,0.0,0.0,-13.128608,21.574732,-0.0030155573,-0.0005738524,0.026030438,1.7241379,0.0,0.0,0.0,1.67,0.0,-47.86957,b,Ses01F_impro04,Ses01F_impro04_M010
21,34.516598,0.1064959,32.292686,34.482494,37.7323,5.4396133,128.73856,133.11543,55.4375,54.677708,0.47292092,0.9140153,0.105050564,0.35107076,0.7755674,0.67051685,6.8313007,4.4676905,5.23154,4.14444,0.19701077,1.2554512,29.685469,0.30435658,-6.1439624,-2.125034,20.137888,0.72045225,-14.335798,-0.821254,0.023602389,1.4239267,1.1858482,0.6643856,6.7518067,0.41404566,7.765783,1.5851036,22.075996,0.5713813,675.0548,0.35783023,1496.5233,0.16181873,-120.61532,-0.7571132,1682.4075,0.15110436,1178.848,0.34796628,-111.70787,-0.79619884,2702.2788,0.11088761,1030.4839,0.27275947,-114.755714,-0.747356,-10.033608,-0.6253387,21.472807,0.38851863,0.04014619,0.5453059,-0.009181684,-1.2754711,0.31550682,0.9112985,33.68012,0.2605657,-11.545604,-1.3314342,18.150574,0.8983119,-16.046886,-0.80809224,-11.754896,19.472095,0.008165163,-0.0020976155,0.08909801,2.0547945,2.0725389,0.22416666,0.1511323,0.23666665,0.28677323,-26.849403,q,Ses01F_impro04,Ses01F_impro04_F010
22,24.550556,0.06571895,23.693604,23.953447,25.37512,1.6815166,71.393555,100.77907,89.7905,128.35606,0.15269528,0.3086461,0.10301109,0.1516912,0.19623402,0.09322293,0.84962696,0.45947418,0.5624665,0.41143554,0.03956458,0.38113278,32.242397,0.18135275,1.1215641,5.458177,17.56172,0.45867676,-5.94736,-1.0962842,0.014202689,0.83476734,1.171864,0.46711993,3.9126904,0.33658263,5.483096,1.9583145,25.884108,0.37420082,501.83966,0.37511066,1351.3921,0.153067,-122.13306,-0.75030726,1527.0599,0.13709557,1096.6708,0.29638976,-127.08078,-0.6716516,2588.7961,0.10344131,1021.1404,0.26425794,-129.63853,-0.63631606,-16.797441,-0.2303727,27.041658,0.21207252,0.0071460567,2.4777415,-0.0076331776,-1.4634839,0.045094777,0.28295344,36.30695,0.09561544,1.1439959,6.2055774,20.287848,0.44824502,-3.313092,-2.032868,-13.769049,23.549103,-0.002031069,-0.0017473445,0.035900753,2.9023747,2.4064171,0.15888889,0.104609795,0.212,0.17853852,-43.00072,ans,Ses01F_impro04,Ses01F_impro04_M011
23,31.973171,0.13706425,31.626005,32.286766,34.424263,2.7982578,19.653742,0.0,-126.4116,0.0,0.35425144,0.96438104,0.098770335,0.23762901,0.5296528,0.43088245,4.6532307,4.1568494,4.5913815,2.5091765,0.13919885,1.2647564,31.681671,0.21331471,-6.6657777,-1.6186689,17.02802,0.7787906,-10.673048,-0.9293537,0.03461399,1.1551969,1.2789023,0.31584647,4.272481,0.63231564,2.6475537,1.9347521,23.262218,0.42338675,623.2352,0.37998584,1480.2208,0.104777105,-146.71286,-0.5621006,1603.5522,0.19695659,1253.2883,0.32383984,-142.0872,-0.58297086,2663.913,0.14898533,1200.2559,0.6327184,-145.01006,-0.5427057,-9.666713,-0.6906865,24.265469,0.298891,0.03378269,0.61527634,-0.009997614,-0.88764775,0.3074353,0.7476699,38.295944,0.20011997,-11.296415,-1.2708511,7.161619,2.073552,-8.838746,-1.2512865,-12.107699,20.30331,-0.00090173964,-0.0049688974,0.06678835,2.0,2.0689657,0.14333333,0.12657891,0.2375,0.11233321,-30.979706,q,Ses01F_impro04,Ses01F_impro04_F011
24,28.04819,0.15723437,26.055515,26.438374,33.052643,6.9971275,147.11356,92.29018,27.556969,2.8678887,0.15916826,0.60620373,0.09600413,0.11157385,0.20271361,0.10670948,0.7071795,0.28430906,1.1753801,0.9215728,0.045544516,0.61671114,30.992779,0.15561981,-1.4953233,-3.9969926,17.975786,0.48660505,-10.995686,-0.59875816,0.025625689,1.058975,1.4583261,0.5060649,4.365453,0.3528586,0.2823597,28.602335,23.72226,0.3227377,547.03357,0.33474556,1388.022,0.1551662,-169.54166,-0.4001454,1537.0585,0.13909587,1138.3159,0.37035272,-169.93127,-0.38520676,2573.936,0.08021511,991.0607,0.22163698,-171.43054,-0.36289558,-14.085854,-0.27347055,25.518715,0.2572784,0.023101851,0.58171946,-0.00054584263,-12.141846,0.0746439,0.19046484,36.78863,0.15764399,-2.9651303,-3.1434748,20.954136,0.5833644,-5.6186676,-1.2609682,-14.03392,23.416834,-0.0022524674,-0.0028217493,0.04047024,1.7167382,1.754386,0.085,0.048218254,0.37,0.38527912,-42.17312,q,Ses01F_impro04,Ses01F_impro04_M012
25,32.475666,0.1043686,29.888342,31.111963,35.910034,6.0216923,50.69879,0.0,10.842009,0.0,0.16698474,0.99015945,0.09342918,0.09743714,0.1562056,0.06277642,0.37575722,0.2553567,0.69076115,0.0,0.05237034,1.3203958,32.049072,0.16656159,-1.2326114,-5.19409,12.187907,0.60157776,-11.70362,-0.7392919,0.019284105,1.186294,0.8445533,0.58406794,6.3797135,0.35714412,4.1331177,1.5534083,29.375292,0.34017327,570.09393,0.30831406,1513.0818,0.11595464,-169.65598,-0.41451618,1621.7218,0.15039663,1299.1848,0.18060452,-169.4349,-0.3994097,2679.643,0.09388431,1155.5701,0.30916873,-171.4208,-0.36826688,-16.045229,-0.5962293,32.371292,0.18134855,0.031160818,0.53761905,-0.019965006,-0.7584532,0.18103555,0.45305324,42.109142,0.08184094,-0.9035879,-15.952739,8.72637,1.8006659,-17.152498,-1.0522768,-13.570961,23.727268,-0.0014075025,-8.220852e-05,0.02573319,0.3861004,0.39370078,0.44,0.0,1.035,0.375,-36.223892,ans,Ses01F_impro04,Ses01F_impro04_F012
26,23.685003,0.031482074,23.23062,23.496824,23.808052,0.57743263,4.6230316,0.0,8.748011,9.830429,0.13395998,0.36677855,0.09526506,0.113449365,0.1699318,0.07466674,2.1886709,1.8483245,1.1221443,0.66523945,0.03469425,0.48440877,31.46893,0.2095538,-1.6043108,-3.594951,13.295721,0.46412686,-10.206729,-0.54011685,0.015223607,0.58364207,1.0378406,0.4888024,3.503268,0.41116923,14.726203,0.38452426,33.765636,0.18028484,610.4349,0.29791883,1371.8851,0.118859686,-176.5949,-0.34590733,1723.1462,0.1701285,1156.9551,0.17645304,-178.42754,-0.31702605,2798.0842,0.12763366,1117.5099,0.19241022,-179.17952,-0.3053711,-19.826267,-0.16120833,29.27947,0.13389267,0.008663311,1.9222957,-0.019566458,-0.53224236,0.04655829,0.31616095,39.97062,0.0541687,3.890862,1.6566876,15.101488,0.5525794,-10.187485,-0.82188356,-12.964275,21.991653,-0.00012275475,-0.0031612185,0.03283553,2.6548674,1.1976048,0.095,0.118638106,0.574,0.64691883,-45.75517,o,Ses01F_impro04,Ses01F_impro04_M013
27,33.203285,0.08878591,30.268341,33.34515,36.172108,5.9037666,39.378056,18.973621,49.9659,23.091578,0.5174046,0.8616022,0.14572752,0.36901525,0.830467,0.6847395,6.1962,3.5363219,7.1470366,3.8101175,0.20981742,1.1568677,24.861403,0.3947785,-10.792375,-1.1912531,15.373824,0.66351223,-15.091378,-0.8150619,0.019512767,0.6796577,1.2684199,0.45644453,4.960347,0.5271931,2.023604,4.4192348,14.957509,0.5817385,633.0587,0.35474876,1386.1373,0.15771182,-129.92343,-0.68881184,1632.6293,0.13611493,1149.3643,0.31944495,-123.70885,-0.7206917,2674.4092,0.07801849,1070.2708,0.37500647,-125.7753,-0.69008064,-6.4429555,-0.88810235,17.551567,0.44856507,0.030793699,0.7035207,-0.012586542,-0.8990057,0.38484237,0.7182297,29.765442,0.26449814,-17.466366,-0.75659937,14.375376,0.90202254,-21.550304,-0.6331302,-7.865376,16.39046,0.003599944,0.0003864638,0.09347564,2.606635,2.1582735,0.17999999,0.10370899,0.236,0.35833502,-27.065992,s,Ses01F_impro04,Ses01F_impro04_F013
28,28.594698,0.0847915,26.388674,28.937597,30.742695,4.354021,49.283283,48.50065,21.20956,15.88853,0.2358369,0.5332922,0.11866755,0.20641287,0.33205816,0.21339062,1.7702856,1.2828265,1.0079007,0.51618224,0.06447627,0.7581133,30.111109,0.32542655,-3.69138,-2.7890413,16.918745,0.73966014,-10.609111,-0.7579686,0.016414078,0.95211786,1.2316623,0.5524197,4.909555,0.5832374,0.9827391,8.670226,21.124258,0.45928344,554.2628,0.36761105,1367.2234,0.12519814,-120.31189,-0.7653981,1583.9427,0.14876014,1058.1354,0.21905237,-122.45654,-0.71253043,2603.6174,0.09852477,1011.44946,0.30951926,-124.99139,-0.67529213,-14.190343,-0.40740043,23.921926,0.26903147,0.019099534,1.098305,-0.011971673,-0.98628837,0.085021295,0.65459824,35.73935,0.15010665,-4.077562,-2.8016248,19.583689,0.7912027,-11.157054,-0.9044697,-10.114598,19.429686,0.00527416,-0.0012353039,0.049600657,1.6993465,2.2368422,0.18117647,0.19940744,0.259375,0.32143173,-37.710453,o,Ses01F_impro04,Ses01F_impro04_M014
29,28.181957,0.10504335,25.55865,27.412827,31.009943,5.451294,86.44962,63.76788,22.496815,17.403786,0.34545115,0.47590038,0.22384465,0.32536545,0.43285006,0.20900542,2.643374,1.5317175,1.3167137,0.67852074,0.116744034,0.63936055,37.563828,0.12234585,-10.493163,-1.0795461,12.181309,0.9156456,-9.660766,-0.857283,0.021885235,0.7048656,1.625431,0.44448578,2.3354669,1.2620399,-0.029553268,-271.07382,17.979095,0.48446733,564.832,0.41674012,1316.4823,0.1089843,-96.74628,-0.9677647,1574.1371,0.1626003,1100.4429,0.21956839,-100.671455,-0.88866585,2610.8945,0.09515921,987.31116,0.31289777,-104.73171,-0.8195925,-11.256847,-0.45704576,22.24755,0.22732787,0.032219213,0.5768539,-0.013091928,-0.8686543,0.13937822,0.6045206,37.41657,0.13378221,-10.584794,-1.0362327,11.610286,1.0966098,-12.924347,-0.59205025,-10.875463,22.08246,0.016281882,-0.0053284867,0.09280747,2.7027028,2.7972028,0.17999999,0.10124228,0.12399999,0.0840476,-34.017254,ag,Ses01F_impro04,Ses01F_impro04_F014
30,36.31837,0.1374037,32.45399,36.047916,39.61316,7.1591682,62.86801,71.688354,121.870026,112.06826,0.52099586,0.6658358,0.20177642,0.4276801,0.81812763,0.61635125,7.806094,5.471749,5.562326,3.4413905,0.221925,0.8342865,29.599745,0.30069003,-11.436259,-1.0801595,16.171947,0.9649768,-14.304559,-1.0468539,0.025752211,1.2092608,1.3602258,0.62937784,6.641191,0.5343725,6.4880486,1.364704,20.755335,0.46297038,695.4654,0.3417267,1445.6736,0.20464021,-109.84507,-0.8195539,1707.3834,0.14164639,1099.8516,0.24719138,-106.10173,-0.8116633,2765.8992,0.10171481,998.0922,0.36527187,-109.47944,-0.75805753,-9.613729,-0.7951541,20.881493,0.34782425,0.038486455,0.51415044,-0.0077484255,-1.6688594,0.3145189,0.59988123,32.63413,0.23259984,-14.636176,-0.9215687,16.02199,1.1032782,-16.581799,-0.94037426,-9.04587,18.99034,0.013221792,-0.0023109436,0.1250381,4.1050906,3.1509123,0.15526316,0.13132396,0.14210527,0.15719846,-27.551884,o,Ses01F_impro04,Ses01F_impro04_F015
31,32.036083,0.16793047,27.396534,30.862762,38.40832,11.011787,55.644554,51.921978,117.066284,161.84004,0.36893928,0.96476096,0.1443603,0.22592928,0.500459,0.3560987,7.4951863,5.6687965,4.2101655,4.3003054,0.14122735,1.2824315,33.074074,0.22885782,-5.3123116,-2.5356052,16.799072,0.8105739,-9.390161,-0.8942381,0.014827208,0.9491829,1.2247218,0.54738814,5.9800715,0.5116471,2.1947594,4.6292577,20.373978,0.40713233,602.24164,0.3745742,1397.9409,0.15024376,-113.436615,-0.8069104,1609.4603,0.13152489,1104.0332,0.28091797,-113.11824,-0.76504207,2636.334,0.09797828,1022.3888,0.2773523,-115.86652,-0.7239376,-12.393931,-0.5524981,21.834387,0.3093766,0.027365047,0.6446736,-0.0084830355,-1.2946427,0.19847111,1.1262901,34.46474,0.16978683,-9.134742,-1.676851,18.975,0.823731,-9.800971,-0.9952437,-13.04573,23.206053,0.012413775,-0.0046149124,0.0855693,1.7416546,3.3674965,0.13173912,0.12554757,0.14521739,0.16116074,-28.905373,s,Ses01F_impro04,Ses01F_impro04_M015
32,36.472546,0.13219762,33.802406,37.602795,39.978916,6.17651,59.884632,8.990376,36.840946,42.867172,0.57417935,0.8397092,0.10524311,0.5108627,1.0137013,0.90845823,9.631702,4.6609416,7.395198,4.044246,0.23777461,1.028614,31.845856,0.24388836,-13.748254,-1.1008457,14.280462,0.67179024,-11.25664,-0.7668616,0.012176269,1.0860577,0.95707643,0.73648536,7.8505387,0.46385238,5.858567,1.774072,17.475527,0.48911038,709.77734,0.33375773,1388.4645,0.16311988,-127.89943,-0.7005237,1672.1849,0.13350995,1179.6033,0.2524292,-119.384254,-0.74652237,2734.4001,0.093042254,993.87103,0.24071378,-122.71243,-0.696054,-8.706795,-0.91133374,19.929352,0.3904526,0.03375939,0.4566761,-0.0054219617,-1.8532927,0.3888303,0.6379686,34.75198,0.19921535,-21.82988,-0.69367677,14.595122,0.78300047,-14.068762,-0.70662045,-11.328541,21.043797,0.008807703,-0.00401012,0.1264713,2.7624311,2.2408965,0.185,0.18774982,0.21333334,0.37205136,-25.35715,s,Ses01F_impro04,Ses01F_impro04_F016
33,31.885935,0.17212887,25.159458,35.51776,35.83794,10.678482,933.88586,883.4019,80.74958,57.57103,0.18146169,0.8658182,0.09810378,0.14379999,0.2172966,0.119192824,1.9469523,1.8061576,-0.99591017,2.078586,0.07505369,1.8026662,30.592686,0.24122576,0.29367983,27.037577,14.625551,0.58746237,-11.010121,-0.8813711,0.035099715,1.4828064,1.3494582,0.4657379,5.9539547,0.4698839,5.235608,1.5854682,27.70628,0.3034616,637.09406,0.38966033,1446.3247,0.13426465,-161.11417,-0.45414266,1657.7415,0.17306814,1236.3037,0.27646893,-159.86433,-0.4397921,2722.5513,0.1219736,1073.3463,0.26689547,-161.72688,-0.4141974,-18.043898,-0.4580922,30.80016,0.28426203,0.025623364,0.8887866,-0.008475868,-1.5417033,0.11964323,1.1316371,37.86861,0.14519177,2.4832284,5.6073117,13.406742,0.6978438,-7.6605687,-1.4416775,-13.684615,22.558832,0.003076949,-0.003218342,0.046801064,1.3468013,2.3972604,0.087142855,0.0638557,0.35666668,0.2919284,-34.193806,o,Ses01F_impro04,Ses01F_impro04_M016
34,40.12058,0.24635221,31.162731,37.29583,51.984627,20.821896,97.77644,21.944027,75.659134,145.60977,0.40177053,0.87680864,0.12160513,0.24875024,0.7081797,0.58657455,5.124118,2.823774,5.1245246,2.5950797,0.227916,1.2558277,26.442835,0.40256077,-6.913984,-1.9684105,11.101621,1.2064474,-13.529726,-1.0799323,0.036596194,1.0100935,1.5976325,0.80118024,6.8066683,0.6246042,6.946694,1.1847024,20.607779,0.66571045,897.70294,0.23441844,1286.5431,0.23241958,-150.78813,-0.51016897,1891.0126,0.12743571,1052.8287,0.2578986,-144.78232,-0.531425,2922.657,0.08721669,975.0925,0.31348562,-145.83923,-0.51145893,-12.940775,-0.8585371,26.271067,0.46022195,0.04536566,0.58992547,-0.010629237,-1.6320689,0.38520995,0.6300422,29.026236,0.42651463,-5.575771,-3.2030115,9.789461,1.7243772,-19.207846,-0.89998025,-9.332677,20.659384,0.009634102,2.5571262e-05,0.16252188,2.6717558,3.5019457,0.08222222,0.0421051,0.18333334,0.21463145,-27.460535,q,Ses01F_impro04,Ses01F_impro04_F017
35,34.687042,0.25491548,26.444452,28.542969,45.179737,18.735285,64.73328,42.224567,16.09453,10.033198,0.47548428,0.8004879,0.21227263,0.3495547,0.70954186,0.4972692,11.016628,10.41999,7.894832,5.25747,0.1891446,1.2690064,25.41931,0.46122167,-10.196775,-1.203263,12.541785,0.92604303,-14.438615,-0.7922126,0.022155043,1.1550181,1.2755466,0.60572237,5.689374,0.77303493,3.7448664,2.8208106,15.468988,0.6569461,636.96265,0.35722202,1270.814,0.13655955,-120.57356,-0.77771944,1628.2563,0.1299383,988.26074,0.22813092,-118.15682,-0.75494236,2673.609,0.083406284,920.6102,0.37980762,-120.98069,-0.71160394,-10.507487,-0.5913111,19.890688,0.34574974,0.041673347,0.57865405,-0.008410511,-1.2120717,0.26370755,0.96636623,29.362873,0.34047905,-13.34732,-0.98890406,12.325228,1.2418187,-17.239573,-0.8012931,-7.855023,17.296633,0.018882643,-0.003201654,0.123491295,2.857143,2.1818182,0.19333334,0.17810732,0.24166666,0.20521669,-27.272663,ans,Ses01F_impro04,Ses01F_impro04_M017
36,35.989857,0.16213101,30.253311,36.12884,40.315987,10.062675,79.81168,51.714016,41.173164,21.533258,0.53216004,0.6815113,0.20873222,0.46569598,0.85248506,0.6437528,9.370292,7.6826525,6.3413596,4.389962,0.21431866,0.97741586,26.821676,0.46124178,-10.301784,-1.2408122,13.484456,0.9946512,-12.492488,-0.9578654,0.025532704,1.6174701,1.1822009,0.76517946,6.729445,0.5714273,6.587781,1.4039006,20.314129,0.4834923,641.70685,0.3508173,1389.2081,0.13258877,-115.69075,-0.80163497,1644.2244,0.128089,1128.7314,0.22525732,-110.92452,-0.7989383,2644.445,0.09854884,1013.4107,0.28037396,-114.41644,-0.7430008,-9.603639,-0.65545684,20.717903,0.34330702,0.0459645,0.42125857,-0.010188126,-1.1659143,0.31833097,0.586993,32.50603,0.3467188,-14.328391,-0.8928931,10.009877,1.6385925,-14.992407,-0.9747016,-7.6993155,15.724946,0.014714648,-0.002856697,0.12022442,3.1690142,2.6642985,0.172,0.14697845,0.1942857,0.24959148,-26.902174,s,Ses01F_impro04,Ses01F_impro04_F018
37,34.233154,0.18199494,27.035812,35.997337,39.41999,12.384178,76.57601,80.721245,48.077305,27.4293,0.35291064,1.1757096,0.10507847,0.1507616,0.5950163,0.48993784,8.793845,10.70787,9.774877,4.5330324,0.14596306,1.6567742,24.62891,0.46444908,-1.9533213,-6.671738,15.257971,0.7066739,-11.233019,-0.69565237,0.028397853,1.3171225,1.2292247,0.5755117,5.4912295,0.5315518,6.759197,1.5491098,17.814936,0.54926205,678.124,0.37840006,1413.6675,0.1596307,-149.6795,-0.54057133,1706.4495,0.14584658,1150.2523,0.3414549,-142.45605,-0.5801648,2722.018,0.09379227,1075.4716,0.27974454,-144.11476,-0.5575701,-9.947793,-0.71566457,20.101585,0.47040814,0.032723952,0.8127551,-0.0132776685,-0.87784,0.31632435,1.0331769,29.67233,0.3885459,-9.86367,-1.8213435,17.267313,0.8886796,-12.654402,-0.7561626,-11.068379,18.815487,0.0055810595,-0.0034703964,0.067220934,1.3223141,2.0,0.14833333,0.122054175,0.35909092,0.52210164,-28.32638,ag,Ses01F_impro04,Ses01F_impro04_M018
38,33.12172,0.13141835,29.51738,32.092487,37.836586,8.319206,154.06319,180.48553,32.42237,25.52887,0.4770886,0.83812517,0.15693998,0.33547541,0.75298584,0.59604585,7.981863,7.7706513,5.2682147,3.9303014,0.19695689,1.1680375,27.023117,0.42092735,-5.587455,-2.540513,16.829329,0.7954725,-11.814975,-0.8917649,0.021291343,1.2034693,1.2794837,0.5534523,5.434308,0.52654743,3.7891388,2.4544034,20.02122,0.47132063,622.34314,0.36232644,1402.2778,0.17939483,-109.51284,-0.84878916,1670.0693,0.1301856,1066.6757,0.31910634,-106.19358,-0.8410877,2703.1013,0.098689556,1022.37854,0.2746748,-109.69438,-0.7841939,-10.557343,-0.63884085,20.525686,0.39546585,0.03877747,0.5583655,-0.0142861195,-0.8761014,0.28812528,0.90565354,31.909622,0.31397012,-9.966737,-1.6423386,16.670687,0.9497032,-12.445655,-0.96276975,-9.737635,17.209139,0.013385162,-0.0053747254,0.10552384,2.98103,2.728513,0.17549999,0.1179608,0.17842105,0.23658231,-27.454706,s,Ses01F_impro04,Ses01F_impro04_F019
39,31.484743,0.08992572,27.768553,32.59199,34.209698,6.441145,28.768356,18.398743,36.258347,12.486523,0.44847506,0.7547578,0.19912803,0.3082894,0.7498731,0.55074507,6.8378158,3.8486722,3.9887397,1.8807724,0.17024101,0.977643,30.795908,0.3073354,-11.59684,-1.0215069,14.509404,0.83192366,-11.922792,-0.7368541,0.010369328,0.690037,1.0860656,0.5582045,4.7220283,0.74522287,3.0408983,2.4499867,20.434093,0.40718573,588.5512,0.38786116,1374.3745,0.1152667,-117.3307,-0.77166414,1568.9926,0.13331474,1185.8881,0.27969736,-115.145935,-0.776626,2625.5151,0.1111013,1085.4746,0.2541356,-120.552765,-0.6939481,-9.356409,-0.62163144,21.03911,0.35819918,0.037145726,0.6175202,-0.004263692,-1.9694376,0.24293122,0.78685045,36.02124,0.24937995,-13.586166,-1.1188631,13.460438,1.0710566,-11.360986,-0.61322504,-8.153609,16.789688,0.013960656,-0.005771608,0.12354016,3.0769231,4.0,0.102,0.08255907,0.1575,0.17697103,-29.202927,b,Ses01F_impro04,Ses01F_impro04_M019
40,29.054285,0.12916665,24.590134,27.579618,32.724945,8.134811,31.50991,15.169716,126.890686,113.46942,0.35275966,0.96622884,0.15313314,0.21826719,0.48399654,0.33086342,14.69931,14.579304,6.453369,6.351868,0.13844882,1.4576609,30.677444,0.32187662,-6.6532454,-1.8510935,14.147554,0.51593447,-8.191505,-0.78368706,0.014005195,0.8201144,1.2113131,0.5408866,3.946091,0.43087152,0.68012476,12.96898,17.258131,0.3675999,470.21442,0.26128262,1323.4225,0.13996947,-113.41741,-0.81471187,1490.2609,0.10173898,1023.0927,0.18093807,-115.92422,-0.76656675,2538.2852,0.08607322,997.7785,0.16713388,-119.787636,-0.70876044,-10.481298,-0.5379026,20.850828,0.324944,0.028106749,0.79140437,-0.016675483,-0.7876695,0.22647491,1.2547184,36.176876,0.1781917,-12.643494,-1.0994011,11.148094,0.68600434,-9.818858,-0.701637,-11.312482,18.789757,0.011068958,-0.005396857,0.063511685,2.094241,3.783784,0.108571425,0.06534055,0.16,0.16921386,-30.037958,ag,Ses01F_impro04,Ses01F_impro04_M020
41,29.96832,0.069557905,28.390816,29.703669,32.025177,3.6343613,61.046604,43.29884,21.649347,15.974582,0.3355008,0.727887,0.14535908,0.27096713,0.48432457,0.33896548,5.5874453,4.341419,4.4213567,3.3699188,0.121596254,1.0746586,27.950308,0.39450198,-1.7898324,-7.727835,18.427197,0.6428614,-9.246616,-1.2256354,0.018346934,0.964373,1.1714107,0.5569654,5.379277,0.44172624,0.3706982,17.835083,21.108866,0.47510162,530.13153,0.32562166,1388.3544,0.1338445,-114.328125,-0.8147192,1607.4933,0.1292086,1041.3489,0.26286232,-117.93633,-0.73414296,2618.0613,0.09283941,1048.4365,0.2962412,-119.5364,-0.71034706,-12.534272,-0.52729595,20.581738,0.44612703,0.035775553,0.5603549,-0.014377027,-0.890817,0.18055153,0.91533744,33.598373,0.2578682,-4.4406657,-3.3365831,21.558466,0.6439672,-11.408484,-1.1628383,-10.815131,18.571087,0.006324455,-0.00440559,0.07473768,3.1914895,2.945114,0.1440909,0.111626774,0.18333334,0.19596729,-32.133377,o,Ses01F_impro04,Ses01F_impro04_F020
42,26.324444,0.11940117,23.701109,25.571554,27.715683,4.014574,71.749954,48.229557,35.213593,52.619473,0.20091656,0.4001109,0.13797916,0.18644522,0.24741879,0.10943963,1.6911796,1.4971752,1.1937325,1.16602,0.061139356,0.5791018,32.738583,0.22131445,-0.12550528,-58.683334,20.204445,0.5440646,-7.5701814,-1.2664865,0.01631375,0.94058824,1.1435713,0.6265186,4.442068,0.35882694,1.1505464,6.102301,24.205166,0.30116564,507.48492,0.36553404,1402.3209,0.13546105,-119.32264,-0.77345264,1564.225,0.13334538,1063.9332,0.22545965,-124.01142,-0.68927634,2592.9265,0.09498351,1011.7246,0.25830686,-126.09095,-0.6591106,-15.99584,-0.2472784,24.431614,0.20030507,0.01771254,0.95989704,-0.007908911,-1.4902477,0.06697051,0.5576968,35.93032,0.13850205,-0.32082546,-24.024214,22.375235,0.5403634,-5.5272593,-1.8390294,-13.885023,22.54444,0.006769292,-0.004657354,0.057141826,2.777778,2.7921407,0.14148149,0.09728552,0.18928571,0.25341845,-39.42461,o,Ses01F_impro04,Ses01F_impro04_M021
43,25.891548,0.084287174,24.090075,25.453865,26.94732,2.8572464,50.490795,29.475794,52.423195,62.23261,0.22335859,0.43475857,0.14564224,0.21120667,0.27973208,0.13408984,2.2944057,1.9248658,1.3753467,1.7190596,0.07416282,0.6014329,34.907288,0.16548124,-0.14511871,-44.99444,18.420074,0.5470075,-6.8031917,-1.5508493,0.017974896,0.73994374,1.1121651,0.5863817,3.9464462,0.35300606,-0.73986256,-9.73485,23.547628,0.34605858,575.3207,0.37092724,1413.0345,0.100546956,-110.576744,-0.8374386,1619.5085,0.1438252,1070.176,0.20298314,-114.40927,-0.7616613,2670.8262,0.09804888,1017.2111,0.23110689,-117.62632,-0.71203816,-14.887438,-0.28668654,23.701649,0.21230876,0.018851474,1.0007635,-0.00675864,-2.0532537,0.07564488,0.6720166,35.772438,0.13612178,-1.9829731,-4.064804,19.124039,0.59205383,-5.244217,-2.118869,-15.914267,25.208145,0.01237959,-0.008562467,0.07340106,2.98103,3.0303032,0.14545454,0.115236014,0.17999999,0.27491817,-37.90128,o,Ses01F_impro04,Ses01F_impro04_F021
44,0.0,0.0,0.0,0.0,0.0,0.0,0.0,0.0,0.0,0.0,0.14775293,0.36291483,0.097707644,0.1412757,0.18085922,0.08315158,1.3104109,1.2772632,0.8419251,0.5463391,0.046835456,0.6757218,25.885517,0.31731772,1.57648,3.902634,15.876517,0.69082916,-8.118274,-1.0624448,0.0,0.0,0.0,0.0,0.0,0.0,0.0,0.0,0.0,0.0,0.0,0.0,0.0,0.0,-201.0,0.0,0.0,0.0,0.0,0.0,-201.0,0.0,0.0,0.0,0.0,0.0,-201.0,0.0,0.0,0.0,0.0,0.0,0.0,0.0,0.0,0.0,0.0,0.0,0.0,0.0,0.0,0.0,0.0,0.0,0.0,0.0,-12.920787,21.962566,0.0007008437,0.0007031798,0.04757735,4.0,0.0,0.0,0.0,1.6899999,0.0,-44.366364,dag,Ses01F_impro04,Ses01F_impro04_F022
45,23.060827,0.20206079,24.438076,24.946022,25.36804,0.92996407,415.23508,0.0,-5.858939,0.0,0.12673739,0.29287913,0.09642328,0.115427874,0.15845968,0.062036395,1.1415476,0.81294984,0.84746206,0.59416133,0.033881716,0.4350144,28.274206,0.169296,-1.8799852,-2.2833288,17.073969,0.3478836,-6.2869773,-0.9253629,0.025979672,0.6663259,1.3144342,0.62193054,1.574372,0.96400464,-2.5110803,-2.1660156,20.42699,0.32002398,572.38025,0.42416072,1294.946,0.1501966,-185.47931,-0.26119155,1622.1047,0.111171074,952.7551,0.2505965,-186.38492,-0.24364312,2607.2654,0.08911367,1016.0298,0.20754819,-186.84161,-0.235468,-16.231369,-0.16467229,23.827274,0.11542188,0.006636616,2.8243015,-0.0046747224,-1.2704517,0.0562873,0.22496866,34.08586,0.09012394,0.14179133,36.14132,27.950417,0.17559911,-1.1226285,-3.8716295,-12.977219,22.355255,-0.0064948825,0.00057008944,0.032316085,4.366812,1.3392857,0.049999997,0.021602469,0.505,0.43849173,-46.714626,o,Ses01F_impro04,Ses01F_impro04_M022
46,27.7383,0.15148562,24.68994,25.504032,33.775143,9.085203,50.87025,59.723953,20.800451,15.999172,0.17429212,0.79927385,0.10463561,0.12968975,0.19604579,0.091410175,3.940111,4.39786,3.878184,3.692886,0.059100185,1.4839981,28.599977,0.25323117,-1.444137,-6.288539,16.78789,0.6629468,-7.077793,-0.9770052,0.021233404,0.67610127,1.3289906,0.47638205,3.8706603,0.73199475,7.6835637,1.6754916,22.612162,0.3930372,524.30066,0.31975845,1442.0875,0.13485514,-169.47299,-0.39811075,1570.3606,0.1284226,1034.8438,0.18743205,-170.37439,-0.37516668,2616.582,0.09567356,1116.2891,0.41466874,-171.28975,-0.36153832,-13.8595495,-0.4652648,24.0009,0.27831766,0.017697653,1.258529,-0.004656863,-1.8316851,0.12559721,1.2266525,33.944405,0.19160116,-1.6349335,-7.857332,18.752716,0.93681985,-5.037334,-1.5689375,-12.268318,21.149122,-0.0023915712,-0.0010279282,0.04505046,1.3100437,1.9911505,0.07444444,0.05678637,0.36599997,0.3954794,-36.81772,o,Ses01F_impro04,Ses01F_impro04_M023
47,30.654066,0.088168845,28.457338,29.824198,33.805695,5.3483562,38.830738,30.581066,33.619114,12.256834,0.26487687,0.6294232,0.12701854,0.22152956,0.3619185,0.23489997,4.778659,3.83438,3.1044872,2.4085143,0.09480615,0.9506819,32.817093,0.25944513,-1.4601582,-8.093686,18.516338,0.7681628,-4.9654846,-1.9787265,0.01841514,0.9303939,1.2701038,0.5829864,6.285603,0.44163972,4.690198,2.2987378,25.037077,0.34327516,495.01498,0.35915715,1390.5419,0.10948309,-113.80961,-0.82372797,1602.2091,0.108968765,1024.8419,0.30928555,-118.39495,-0.73010296,2658.166,0.0994318,1076.5859,0.3864195,-121.0909,-0.689815,-15.088517,-0.3736066,25.341934,0.266799,0.0356302,0.604197,-0.011981707,-0.83155465,0.12984362,0.7549824,36.755302,0.18865685,-2.4448564,-4.360434,23.218777,0.687277,-6.4156213,-1.8251197,-12.69657,23.23108,0.0011321075,-0.00042702936,0.06793053,2.7972028,2.8301888,0.14999999,0.123962365,0.16846153,0.20041671,-33.715687,q,Ses01F_impro04,Ses01F_impro04_F023
48,30.345121,0.1365391,29.005896,31.171783,32.13692,3.1310253,92.66785,62.736465,134.18443,123.80806,0.18516953,0.6638484,0.10763556,0.13752294,0.23580673,0.12817118,1.4766054,0.91182834,0.23428458,1.714903,0.050776847,0.7356194,31.058424,0.23763359,-1.8745487,-3.9865072,17.019987,0.58992326,-5.336719,-1.1644484,0.02115682,0.81297135,1.2144372,0.5079303,5.911273,0.53709304,7.13829,0.74343944,24.83194,0.30976054,577.9348,0.32601672,1431.517,0.100160256,-157.36186,-0.49162576,1660.294,0.10344517,1092.093,0.2687554,-158.89035,-0.4586297,2709.9744,0.09915711,1248.3414,0.35941866,-160.33012,-0.43983698,-15.131039,-0.37057889,24.726374,0.2890903,0.024953648,0.73045534,-0.014516611,-0.4654145,0.093350776,0.39914665,38.56878,0.15114702,-3.1917286,-3.369082,20.075241,0.8247669,-6.689019,-1.1609986,-12.762047,21.711895,-0.0033548218,0.0012691666,0.034553222,1.8348624,2.3584907,0.088,0.07386474,0.31599998,0.29587835,-38.292282,dag,Ses01F_impro04,Ses01F_impro04_M024
49,30.82606,0.07851999,29.194868,31.372145,32.88726,3.6923923,198.65779,228.18037,52.24706,51.902622,0.25687218,0.6137537,0.12621422,0.19627146,0.3775895,0.25137526,3.6532779,2.55492,2.5749438,0.96948606,0.08051254,0.77418387,31.609192,0.29979828,-4.8894205,-1.7615563,17.533546,0.64057547,-6.9422846,-1.0223193,0.015623954,0.61808115,1.0988222,0.41843992,5.9458184,0.44922507,3.894172,1.432676,24.296476,0.3529092,496.7357,0.29989117,1359.1755,0.09503541,-129.10594,-0.7180686,1587.5155,0.08818204,993.11633,0.16441819,-133.00972,-0.6543112,2639.343,0.06660976,1270.0995,0.31840166,-135.93727,-0.6128237,-13.122916,-0.32810083,22.793495,0.27713466,0.0334311,0.49050656,-0.012314722,-0.7490278,0.13132451,0.47994357,37.66241,0.16164586,-7.4562774,-1.2442244,21.947145,0.62649804,-4.703978,-1.7675706,-11.178043,20.34638,0.0043718815,-0.002292114,0.052950025,3.809524,1.4634147,0.24,0.26919633,0.315,0.16007811,-35.600967,s,Ses01F_impro04,Ses01F_impro04_F024
50,28.865078,0.16970293,23.39692,33.12873,33.287167,9.890247,9.741974,0.0,200.91646,0.0,0.14111798,0.42977852,0.100419015,0.11777634,0.16918421,0.06876519,0.9627516,0.5081702,0.823808,0.47161824,0.03685713,0.5980431,29.96168,0.22125219,-2.0382733,-2.7783961,13.949805,0.42746118,-8.788306,-0.5487197,0.013576342,0.4485377,1.0588348,0.28314626,5.1423693,0.5893137,7.883372,0.44201982,23.676256,0.22601523,399.2078,0.08259423,1224.9854,0.04073836,-195.16008,-0.1608595,1525.7601,0.046586808,814.907,0.18147224,-195.60461,-0.14775391,2577.5002,0.010968956,1160.4281,0.38241717,-195.73427,-0.14460166,-13.024788,-0.13131915,19.473537,0.19242093,0.025292775,0.5143671,-0.010649185,-0.29888734,0.050622735,0.17015938,34.171825,0.12660053,-5.746601,-0.7399687,22.199102,0.68757623,-6.320177,-0.4010161,-12.442311,21.352844,0.0042254594,-0.003048724,0.036872428,2.1943574,0.6369427,0.035,0.005,1.515,1.115,-44.626724,o,Ses01F_impro04,Ses01F_impro04_M025
51,32.078865,0.046455804,30.809748,32.4143,33.42391,2.6141605,52.510326,19.857199,25.07897,12.5481825,0.22901087,0.847007,0.09777054,0.13407885,0.3640338,0.26626325,2.9070747,2.0272386,3.52339,2.869592,0.07745538,1.1909504,29.051872,0.40253666,-2.88996,-4.3326273,11.5827875,0.73606163,-7.996727,-1.1897146,0.023469098,0.601817,1.1260182,0.64490473,4.8283334,0.9237138,4.454717,1.1505759,30.043308,0.4492024,631.92334,0.3630978,1515.1588,0.09648541,-171.06468,-0.3915435,1643.4246,0.18468012,1228.6034,0.092230104,-171.00272,-0.37911952,2746.5496,0.13382496,1130.4053,0.3181781,-172.88669,-0.350559,-15.996669,-0.6296058,31.616257,0.2901136,0.024884624,0.9238618,-0.0130577665,-1.1737251,0.18925077,0.66029865,42.746864,0.15051568,-2.416997,-7.516352,7.096482,1.9182522,-11.147728,-1.19377,-10.666167,19.676508,0.0040086214,-0.0014434728,0.05705695,1.5873016,1.2145749,0.12666667,0.08576453,0.505,0.26310644,-35.65694,q,Ses01F_impro04,Ses01F_impro04_F025
52,25.304306,0.08561364,23.290243,25.408188,25.867802,2.5775585,9.323629,0.0,49.735676,0.0,0.1409316,0.32887763,0.09633386,0.12805825,0.17414613,0.07781227,0.70832306,0.32823506,0.58158934,0.33802906,0.03686442,0.49619475,29.205557,0.32577124,1.3326005,5.5502777,12.865949,0.72813237,-5.9299865,-1.0189023,0.020683575,0.9056201,1.3986269,0.35395026,3.7737546,0.3036367,-2.0668974,-2.5898178,22.905693,0.13054146,436.45544,0.17474926,1354.0548,0.10151611,-172.71701,-0.38492343,1552.8795,0.040606167,1051.3948,0.1851277,-175.84195,-0.33552572,2570.1794,0.05769563,1397.3607,0.56776905,-176.31223,-0.32909048,-17.682758,-0.18763798,26.490261,0.15392677,0.0096814,1.7104125,-0.008128568,-0.8199655,0.044584244,0.20953815,33.776737,0.1449877,3.912354,1.1063881,25.34303,0.29355082,-1.4590505,-2.9420328,-12.67833,21.899233,0.0050437613,-0.0014862106,0.036065966,2.5104604,1.2820513,0.099999994,0.061644137,0.49249998,0.3006971,-44.975807,ans,Ses01F_impro04,Ses01F_impro04_M026
53,29.98921,0.082260035,27.995853,29.967072,32.6989,4.703045,71.46783,86.76082,12.676559,8.386394,0.25077248,0.6971202,0.120833814,0.20043106,0.28699252,0.1661587,5.2520776,5.2258987,1.0296137,0.8471943,0.07780859,1.1817542,30.246765,0.29707572,-0.90715814,-11.663031,21.206287,0.51238847,-7.299251,-1.040476,0.018755198,0.78160423,1.0572108,0.82437223,6.145482,0.39159212,4.8982024,1.5364388,24.53297,0.22235519,528.7903,0.34644917,1392.0198,0.14890367,-112.12924,-0.82200694,1604.7777,0.10904597,1016.24176,0.22490665,-115.53948,-0.7387949,2629.5828,0.07335453,1023.34985,0.29212388,-117.6301,-0.7068273,-15.591958,-0.3718351,24.685043,0.2738155,0.023108946,0.62995,-0.008861557,-1.2142781,0.1113381,1.069029,33.98189,0.24484321,-0.08772036,-132.89822,26.78771,0.4247148,-7.075326,-1.2713232,-11.802825,20.178839,0.0042523285,-0.00069159054,0.049243655,1.858736,3.0418253,0.14625,0.08788309,0.18428572,0.15637474,-33.89218,s,Ses01F_impro04,Ses01F_impro04_F026
54,28.268559,0.07248976,26.785614,27.637978,29.920715,3.1351013,61.965946,39.422222,7.38534,8.570183,0.18289597,0.4547331,0.11429382,0.17238706,0.22792855,0.11363473,2.0018976,2.8260527,1.363816,1.34002,0.04631793,0.6354449,30.392822,0.29611734,-1.5778278,-5.9329853,14.403099,0.54494506,-7.909601,-0.7593236,0.01856798,0.97167933,1.1426708,0.4361834,5.0799966,0.39728862,-1.558761,-3.5487576,24.124378,0.25256443,520.29944,0.31886205,1424.1063,0.10690354,-127.36502,-0.70762724,1540.9585,0.12742463,1141.7921,0.14932972,-131.27797,-0.64315444,2641.014,0.08372182,1002.4572,0.20535707,-134.81335,-0.59418035,-15.678684,-0.31667933,28.43197,0.19778481,0.02093365,0.73968446,-0.00988177,-1.0331852,0.057453267,0.50248414,38.190445,0.0871744,-1.6242754,-6.376335,12.062776,0.85555464,-8.901722,-0.78363353,-11.528263,19.913069,-0.0007837994,0.0002812802,0.040412415,3.773585,2.6923077,0.13142857,0.07356796,0.19125,0.17135033,-41.469154,ag,Ses01F_impro04,Ses01F_impro04_M027
55,30.195126,0.13735582,29.35895,32.078053,32.4697,3.1107502,192.39546,136.92075,61.17646,45.365242,0.1738753,0.55993176,0.09645268,0.13947672,0.24488418,0.1484315,2.3985238,1.4286345,1.7993201,1.0030718,0.04764205,0.82461435,25.679708,0.3574368,-0.04448732,-192.915,16.324017,0.4921741,-6.6915574,-0.84373766,0.030426238,0.8489415,1.6200185,0.75484914,5.550899,0.47136605,0.69636977,8.474219,23.230164,0.32957578,603.48267,0.2913378,1404.753,0.13135211,-173.06648,-0.36927688,1688.0121,0.13614231,911.27563,0.13082325,-174.5037,-0.34784612,2797.0645,0.075480476,990.3094,0.26542765,-175.93547,-0.32628065,-13.094247,-0.33918217,21.901539,0.372283,0.026667211,0.5498878,-0.01617849,-0.6037954,0.114911914,0.43072876,35.817547,0.20760083,-4.407014,-2.0809608,17.898903,0.6320914,-5.4326806,-1.0311484,-11.624868,19.61343,-0.0011716287,-0.00086559885,0.036949012,2.5316458,1.607717,0.08,0.04049691,0.4333333,0.379195,-40.937565,a,Ses01F_impro04,Ses01F_impro04_F027
56,31.082869,0.045499034,29.36489,31.865313,32.26617,2.9012814,-0.22780101,0.0,17.025177,0.0,0.19447531,0.58787805,0.10946095,0.15341444,0.25352794,0.14406699,2.0674093,1.0468628,0.89261943,1.4650096,0.05676729,0.82949275,28.719782,0.3221333,-1.5780603,-5.760462,14.883804,0.5443673,-5.142918,-0.9896024,0.014866706,1.092448,2.2545347,0.7014788,5.3074994,0.44351265,-0.6639551,-2.9459245,20.463305,0.4994476,630.934,0.24200022,1417.6465,0.07589237,-159.79263,-0.47350872,1636.3203,0.09237543,1102.54,0.34739494,-160.2505,-0.45819584,2716.5408,0.09710851,894.885,0.20871772,-162.57956,-0.42664376,-11.664982,-0.36082724,21.254122,0.43584633,0.029588047,0.45416802,-0.017081304,-0.30107114,0.1250599,0.43386534,37.755272,0.21399741,-6.720678,-1.4025905,10.453162,0.881893,-3.5753653,-1.1981827,-12.442373,20.573118,-0.0037060622,0.00019150751,0.03918625,2.4390244,1.6949153,0.12,0.0,0.29666665,0.23471023,-39.505432,b,Ses01F_impro04,Ses01F_impro04_M028
57,27.579504,0.08256908,24.981483,27.683168,29.96339,4.981907,11.432244,3.5942283,12.101557,2.6291556,0.16014743,0.35582194,0.09907523,0.15054606,0.20990786,0.11083263,1.1888068,0.56731266,0.8602022,0.46532732,0.03959571,0.48228112,30.578474,0.259059,0.15848944,50.152813,17.222525,0.4696499,-6.537025,-1.1204947,0.014881788,0.7139591,1.2387066,0.48795405,4.8551764,0.33725536,-3.1571212,-1.9469366,21.821337,0.31017068,510.42523,0.36580256,1320.496,0.09784511,-115.69623,-0.82498956,1541.7935,0.13573013,1068.0579,0.18532299,-121.04791,-0.72880477,2592.3257,0.092946865,1013.41754,0.22898665,-124.46462,-0.6778713,-15.580349,-0.23665996,26.319347,0.18034825,0.025663786,0.5949033,-0.0038913162,-2.3813345,0.04906865,0.34814164,36.852413,0.113674924,-1.4206218,-5.667043,16.87502,0.5489726,-4.1898746,-2.025109,-12.680518,20.391432,0.0020568008,0.000778081,0.03272575,3.6613274,1.8518519,0.225,0.15386683,0.2611111,0.21819688,-42.794876,s,Ses01F_impro04,Ses01F_impro04_M029
58,35.505264,0.29400066,24.930933,35.376312,45.40107,20.470137,71.21856,51.852234,84.53655,0.0,0.28812522,0.85771245,0.105682954,0.21041459,0.43978044,0.3340975,2.9431295,1.8194834,3.6079872,3.809152,0.11255624,1.3581203,23.873312,0.44048658,-3.7617588,-3.0399785,16.43441,0.8933957,-10.978656,-0.85349536,0.039501093,0.80169743,1.3717169,0.68008864,4.942084,0.5214672,6.389576,1.5819212,19.571827,0.34711897,609.4838,0.3687779,1351.251,0.12810671,-146.87288,-0.55104715,1637.6676,0.11957998,997.31683,0.16990858,-142.84955,-0.55217254,2656.9766,0.09280297,959.5294,0.28397107,-144.71101,-0.5281471,-11.695986,-0.48315182,20.898983,0.2727296,0.038250167,0.6131436,-0.011314582,-1.3554045,0.19447595,0.75817317,30.133896,0.2679048,-10.391018,-1.0070974,16.496418,1.1017637,-12.237621,-1.052614,-9.915027,17.160336,0.0026887623,-0.001681061,0.07737678,2.0,3.0769231,0.095,0.06020797,0.20666665,0.19601586,-32.294292,dag,Ses01F_impro04,Ses01F_impro04_F028
59,26.950329,0.18312325,24.114357,24.883083,27.96267,3.8483124,21.92737,13.948915,24.576584,16.973114,0.21376492,0.6135047,0.113247976,0.1817011,0.26092908,0.1476811,2.2305486,1.9960256,1.1386147,1.05763,0.062362906,1.0965446,28.065334,0.3744248,-2.3029113,-3.6334314,19.300575,0.5468468,-6.4750257,-1.2177335,0.020181056,0.8331773,1.2473978,0.56300926,3.8335114,0.46282393,3.2292733,2.635993,22.974878,0.2912668,492.0117,0.34098938,1358.4032,0.12424236,-132.32623,-0.66832346,1524.7819,0.13317023,996.69824,0.16769527,-134.72803,-0.6193854,2588.5808,0.0896505,980.69006,0.24456671,-137.53499,-0.5802247,-13.635899,-0.32438728,23.186872,0.2684363,0.020378131,1.0529096,-0.005188603,-2.8254573,0.08801009,1.0573887,34.440487,0.21422507,-3.7149405,-2.225787,19.41244,0.6158579,-5.0427837,-1.939741,-11.4346895,18.791515,0.0022660359,-0.0009954692,0.048070583,2.0,2.898551,0.11399999,0.08151073,0.1909091,0.24452011,-36.675156,s,Ses01F_impro04,Ses01F_impro04_M030
60,44.45872,0.18944652,37.63172,46.210403,51.419632,13.78791,110.35768,52.39916,-75.91942,102.28536,0.31532598,1.066835,0.09859367,0.1313886,0.5491114,0.45051777,10.168593,6.6317368,5.0299125,3.197951,0.1496424,1.8113612,22.913424,0.3587664,-10.632256,-1.002178,12.385572,0.76886207,-14.463141,-0.8803511,0.034123544,0.970418,1.4291538,0.6463239,6.409065,0.61333936,2.225051,2.5243175,10.883603,1.3424354,833.87274,0.2938627,1317.8799,0.24508063,-172.64822,-0.3757219,1826.8057,0.16417901,1118.2421,0.33067483,-164.05704,-0.42146957,2808.0317,0.110586755,1069.7155,0.37994224,-164.8102,-0.41202593,-7.758914,-0.8077494,18.884323,0.50058043,0.064602084,0.40979424,-0.012978003,-1.4541582,0.46668214,0.772874,24.73443,0.51548475,-18.908472,-0.61319184,6.062288,2.3564632,-29.531637,-0.5002189,-7.6913424,15.876154,0.004146564,0.0028015587,0.072635114,1.904762,1.9354839,0.095,0.059651766,0.47599998,0.49431163,-28.612877,q,Ses01F_impro04,Ses01F_impro04_F029
61,23.990482,0.060268708,23.621735,24.061607,24.35954,0.7378063,4.269807,0.0,-388.4181,0.0,0.1127377,0.21631613,0.09385708,0.103445195,0.13016388,0.0363068,0.45862266,0.3273985,0.30600527,0.22855766,0.027526867,0.29652023,31.112576,0.13312727,0.73691046,5.610707,16.970583,0.29584375,-6.0058846,-0.80846953,0.025281224,1.6309432,1.2317904,0.36189678,3.2869349,0.3558648,8.102789,0.7272192,31.33707,0.19767769,639.4409,0.3242797,1443.3597,0.1303624,-149.61742,-0.5483182,1662.0752,0.14645597,1163.6396,0.1519183,-152.22978,-0.50752395,2737.143,0.1036683,1056.6752,0.19713977,-154.08202,-0.48221526,-17.693521,-0.15262453,27.578314,0.14934853,-0.00029110943,-39.03369,-0.005563381,-1.394999,0.034057155,0.21841927,35.85653,0.07568558,3.3471637,1.2620792,18.869242,0.33574787,-2.5056682,-2.028493,-14.23103,22.811829,-0.0038435073,-0.0005609217,0.02524074,4.2105265,1.4285715,0.17999999,0.09354143,0.39799997,0.22903273,-47.385307,ans,Ses01F_impro04,Ses01F_impro04_M031
62,43.049484,0.15923594,35.064114,45.696365,48.648365,13.584251,78.296616,31.692137,81.536026,67.32449,0.74318534,0.9896009,0.103057966,0.5599513,1.2131697,1.1101117,8.341833,4.543999,6.6821675,3.809503,0.41442788,1.267011,21.54736,0.5529336,-13.575468,-1.1076448,10.34163,2.009375,-19.002914,-0.8285523,0.036236655,1.4423397,1.2515565,0.656703,7.0749083,0.57245034,7.8829556,1.3538638,17.19103,0.743566,762.3803,0.33377245,1293.7114,0.18934768,-142.5037,-0.58666116,1744.611,0.15193269,1046.1083,0.19807054,-129.32701,-0.6557436,2774.9192,0.11688859,1044.7872,0.3508231,-131.60327,-0.62338537,-5.2245746,-1.3749017,19.253696,0.5964995,0.06783097,0.3622933,-0.005482618,-2.745026,0.8048053,0.69250405,24.280336,0.44979742,-24.615692,-0.4961805,4.5677733,6.1625223,-29.995605,-0.5214894,-7.55113,15.330167,0.016773501,-0.0021781896,0.17591543,1.8927445,2.8846154,0.12555555,0.12374805,0.19888888,0.23192167,-21.11854,o,Ses01F_impro04,Ses01F_impro04_F030
63,33.105434,0.11669506,27.208967,34.890167,36.352757,9.143789,136.72873,47.135735,18.29614,20.653315,0.33915162,1.3780816,0.10263344,0.13217376,0.46086216,0.3582287,11.554398,8.387682,4.986291,4.3938975,0.16450329,1.8479466,27.706581,0.27342212,-3.4928455,-2.6294498,17.391542,0.66690433,-9.861021,-1.1157255,0.026447324,1.0055543,1.3354759,0.5813633,6.6259713,0.35529798,5.7778563,2.505823,23.227396,0.26183826,540.3155,0.33329317,1400.4729,0.19478145,-164.02324,-0.45263448,1607.0953,0.0947671,991.2616,0.2392783,-161.38103,-0.4540998,2641.002,0.075425744,980.83215,0.17101163,-162.37885,-0.44055638,-12.364851,-0.44886094,21.302458,0.2445184,0.050887357,0.60783947,-0.012517112,-0.95178,0.5797864,0.7759473,31.338171,0.2257387,-8.235658,-1.5849683,18.354366,0.9839221,-17.55818,-1.0677173,-11.928549,20.360027,0.0030855124,-0.0027074863,0.04926261,1.4760147,1.509434,0.1325,0.079490565,0.51,0.2786575,-24.34653,b,Ses01F_impro04,Ses01F_impro04_M032
64,31.080147,0.0935277,28.201176,31.46667,33.273937,5.0727615,129.19264,103.664276,8.937257,18.646553,0.5483669,0.75950617,0.21639583,0.46046257,0.769168,0.55277216,8.80651,6.3278174,5.4371314,2.6206634,0.24148245,1.0087422,31.602957,0.2957339,-7.2978873,-1.7351791,16.802034,0.8379347,-7.968042,-1.5470501,0.02241328,1.0940924,1.2252821,0.5751033,5.835568,0.52115613,3.6466496,2.8122184,18.749765,0.45151618,520.2634,0.37079388,1347.4193,0.15957242,-101.5619,-0.9448568,1580.7507,0.118822515,948.7421,0.22345343,-102.06172,-0.88017786,2568.2717,0.09773717,1034.4182,0.29622388,-103.87845,-0.849008,-11.073583,-0.5509391,19.055218,0.35005006,0.044905998,0.49095204,-0.01720658,-0.7037762,0.36143515,0.76954293,34.90834,0.20586564,-11.025886,-1.1772817,20.145184,0.85361135,-6.9465604,-2.1572387,-11.050583,19.853918,0.017303579,-0.00788319,0.113826,3.4168565,2.5345623,0.19818182,0.13861774,0.17636363,0.18499498,-24.35462,o,Ses01F_impro04,Ses01F_impro04_F031
65,30.887798,0.05322764,30.35282,31.294134,31.878979,1.5261593,154.08443,134.15488,-7.4552693,12.5930805,0.5761137,0.44358692,0.38140255,0.51878685,0.7787513,0.39734876,5.4726768,3.4556038,6.402369,3.7866712,0.23287429,0.522411,33.757687,0.27469176,-10.575007,-1.2967321,16.11705,0.7863495,-1.6923022,-6.6092925,0.018322494,0.9434951,1.2937149,0.54827785,5.2432404,0.5187066,1.8840652,3.296866,16.976896,0.47614366,566.3893,0.34583154,1336.4219,0.13104866,-76.96973,-1.1750302,1545.3608,0.0972457,1031.0073,0.18997397,-78.34047,-1.0848002,2540.639,0.09079517,1026.1255,0.3452748,-81.39629,-1.0191357,-8.623862,-0.6135353,16.361761,0.42354292,0.03973983,0.49163064,-0.016167272,-0.7592721,0.27718756,0.4432651,37.936726,0.18561128,-15.216663,-0.6784427,17.06211,0.84039694,0.8457326,12.706506,-10.782348,17.961992,0.026595632,-0.014479002,0.16923499,6.015038,3.125,0.19749999,0.14720309,0.08,0.046043456,-27.496012,dag,Ses01F_impro04,Ses01F_impro04_M033
66,28.3007,0.055682685,26.60502,28.87009,29.383497,2.7784767,175.63458,176.80096,22.428158,3.9574223,0.31657583,0.7333371,0.13402522,0.22073305,0.48446202,0.3504368,6.189379,3.5652514,1.9648252,1.5236726,0.12211092,0.9866969,32.640263,0.20802037,-3.6048167,-2.7019646,12.426915,1.030103,-9.494311,-1.0042269,0.022633635,0.7832479,1.364744,0.5253515,3.8003714,0.77687854,-1.4741895,-2.7736697,22.093277,0.34648544,520.04004,0.34488243,1364.0729,0.11592345,-137.52489,-0.6465878,1550.8319,0.110164285,968.64325,0.20573479,-138.90009,-0.6097372,2614.8982,0.10237558,943.38684,0.19423518,-141.71303,-0.5712933,-12.229905,-0.35274538,23.215834,0.24858978,0.0444301,0.4364848,-0.012843206,-0.73293793,0.20387001,0.64460766,36.261623,0.14291565,-6.286214,-1.6713076,15.141135,1.0159894,-10.044455,-1.3054141,-12.656753,22.46506,0.015495962,-0.004802721,0.0858037,3.3457248,2.6515152,0.11285714,0.112085976,0.24285714,0.31918263,-32.4808,s,Ses01F_impro04,Ses01F_impro04_M034
67,28.46368,0.04117053,27.12339,28.728783,29.34439,2.2210007,139.05132,172.16553,22.10469,12.899097,0.3051041,0.7222181,0.14808634,0.23287575,0.40033773,0.2522514,5.0939484,3.1689727,2.6274617,1.1454128,0.1145518,0.9865333,32.214317,0.28865492,-0.47659686,-21.690538,11.748552,1.1497982,-8.901816,-1.0708181,0.021595754,0.77593887,1.314605,0.52101403,4.230098,0.6698573,-1.8996787,-2.2843506,24.036795,0.32473508,538.42993,0.30910262,1416.7664,0.10687738,-133.19035,-0.6751646,1567.3997,0.11012706,1038.0168,0.20940119,-135.27773,-0.6290243,2662.8743,0.10005194,986.93726,0.20417036,-138.68294,-0.5825002,-13.331649,-0.35407218,24.973297,0.25439698,0.036799353,0.47832605,-0.012818121,-0.8536113,0.16165671,0.8356989,37.37816,0.12588666,-4.181698,-2.5393784,13.4517,1.1161883,-10.799336,-1.1978323,-12.6665125,22.863478,0.012462498,-0.0053862464,0.092157595,4.49827,2.8268552,0.113749996,0.113130175,0.22,0.2570992,-33.078037,o,Ses01F_impro04,Ses01F_impro04_F032
68,28.76988,0.12581559,25.134405,27.93001,32.815018,7.6806126,29.726809,21.15355,-3.8503392,14.290976,0.31510136,1.0166975,0.12994328,0.17497902,0.43808132,0.30813804,4.7450013,3.8302119,3.8535817,4.403199,0.104938395,1.2993646,31.314484,0.2600393,-4.958223,-2.6896431,16.679493,0.6861382,-10.451169,-0.81981754,0.012463382,0.8045702,1.0553868,0.5069109,5.1385045,0.45073542,2.9069686,3.0421617,22.339924,0.4453136,630.73254,0.37411517,1435.4034,0.12885399,-100.03037,-0.9314111,1643.8455,0.15205558,1120.2507,0.1741736,-102.362206,-0.87192124,2731.63,0.096629314,1156.1713,0.34283182,-106.82904,-0.7954518,-13.106842,-0.5400148,25.121529,0.3198875,0.024085058,0.8620269,-0.0043650423,-3.034583,0.14512737,1.1543941,34.701073,0.17268461,-5.623326,-2.784351,16.46637,0.87660164,-10.915071,-0.8590019,-10.588345,19.046728,0.005907544,-0.0010249938,0.051058013,1.5625,2.3809524,0.21333334,0.114212275,0.18666665,0.13055436,-31.453907,c,Ses01F_impro04,Ses01F_impro04_M035
69,30.264399,0.11624223,27.106236,30.446493,33.871513,6.765278,39.68678,27.394655,25.87098,8.086561,0.34718898,0.87738955,0.11822751,0.22456992,0.5182774,0.4000499,5.4082355,2.7941365,4.7117825,3.1348078,0.1271389,1.0950781,26.866219,0.425176,-4.59773,-3.009415,16.08603,0.7651855,-8.553615,-1.1867826,0.019217778,0.9220944,1.1050346,0.5614221,5.4627576,0.5686619,5.422304,1.6713845,20.63623,0.5133056,676.5144,0.35229003,1419.285,0.2152719,-143.01582,-0.59234166,1674.5427,0.14699832,1117.691,0.3192591,-142.02171,-0.5891882,2689.6968,0.11485317,1079.4406,0.34809747,-144.17178,-0.5590568,-12.062663,-0.6873015,22.273764,0.388903,0.0327847,0.7595049,-0.0062457337,-1.8851734,0.2467434,0.7040349,34.043095,0.17424202,-9.825179,-1.8086857,21.347712,0.7730034,-10.287297,-1.1373643,-9.335861,17.4181,0.012060804,-0.0015722956,0.07450274,2.915952,2.0761247,0.14166667,0.100152664,0.34818178,0.57415265,-30.021873,o,Ses01F_impro04,Ses01F_impro04_F033
70,23.903667,0.00995024,23.71468,23.847183,24.03193,0.3172512,6.055413,0.0,6.209006,0.0,0.13354231,0.25211084,0.10307441,0.124062516,0.16599514,0.06292073,0.44208494,0.16898112,0.35244223,0.18627203,0.029260429,0.27445334,26.397741,0.19235542,-2.260044,-1.9585376,15.967139,0.38689074,-7.323257,-0.73442113,0.009097199,0.52299446,1.0259173,0.32421193,3.8256657,0.21161829,13.92925,0.4210147,32.971416,0.15248749,652.6436,0.26505122,1493.2748,0.099335805,-179.2168,-0.33531862,1640.1522,0.13054173,1342.4355,0.14380608,-180.85638,-0.30708662,2622.8428,0.08166075,1090.2812,0.20840693,-181.755,-0.29159924,-16.033335,-0.12090674,28.499569,0.10672549,0.0016053114,4.5090446,-0.018840697,-0.6812698,0.037295014,0.12611629,37.183716,0.10379353,3.611464,0.66232365,6.064594,1.1005609,-13.613185,-0.56083965,-11.593436,19.946041,-0.005680359,0.0020378334,0.028534703,3.783784,0.5555556,0.19,0.0,0.78999996,0.089999996,-47.44291,q,Ses01F_impro04,Ses01F_impro04_M036
71,37.356308,0.02967744,36.16093,37.812588,38.303047,2.1421165,39.38778,32.515003,8.159604,7.51638,0.16917163,0.56296605,0.110471435,0.11863607,0.23430121,0.123829775,1.1208565,0.96547776,1.1692351,0.5883767,0.051492583,0.72282046,29.643589,0.15696602,-1.0382459,-6.857528,14.599231,0.38399312,-7.7634015,-0.7203385,0.017818863,0.76654065,1.0487932,0.40301248,8.295999,0.2531863,7.1372466,1.5455421,22.371132,0.32988945,727.3196,0.23453149,1454.2064,0.16845503,-165.40752,-0.4306412,1760.6443,0.114516705,1010.5517,0.19171232,-162.15277,-0.4393082,2815.7717,0.085190475,1019.38385,0.3553321,-164.21863,-0.4099927,-15.672293,-0.4049609,25.117552,0.2321407,0.016501948,0.9686501,-0.009489419,-1.0315391,0.09679837,0.3114951,35.11042,0.0921477,-5.0159216,-2.4309208,15.338374,0.53764343,-9.605832,-0.72463024,-13.622452,24.956696,-0.0076547735,0.00090874726,0.03940722,1.1320755,1.1538461,0.17999999,0.15297058,0.4975,0.45157364,-39.853477,o,Ses01M_impro04,Ses01M_impro04_F000
72,23.695969,0.09411578,22.23462,22.839577,25.666143,3.4315243,15.939541,7.2668843,318.29858,227.1132,0.1666331,0.52122617,0.10868121,0.12529075,0.22553943,0.11685822,0.7092094,0.66511655,1.1827872,0.53908163,0.043033786,0.56691015,26.29279,0.31025493,-0.7406157,-7.13701,15.107764,0.4283813,-9.48742,-0.5543669,0.013795868,0.85161334,1.0298232,0.4755604,3.0830963,0.27503112,9.20476,0.4201312,25.37906,0.26482618,473.97095,0.12388072,1210.7893,0.16261086,-177.52719,-0.34181947,1519.5961,0.057245973,911.5233,0.14883167,-178.89354,-0.31901902,2654.5054,0.03247754,705.73584,0.20692731,-179.7362,-0.30533025,-14.992349,-0.2794282,24.70139,0.17616022,0.00264735,3.2142105,-0.017229877,-0.29440683,0.07558277,0.43488392,36.504616,0.09418773,-2.050869,-3.9655623,12.48243,0.79204255,-6.6319036,-0.74216896,-11.656511,21.63724,-0.0046964837,-0.0008402421,0.039285097,2.0408163,1.0471205,0.105,0.065,0.55,0.3766519,-42.993057,o,Ses01M_impro04,Ses01M_impro04_M000
73,39.029,0.1155065,35.608833,35.73983,45.06748,9.458645,0.6602282,0.0,0.0,0.0,0.1485471,0.37695825,0.115940474,0.12397615,0.16778104,0.051840566,0.65408576,0.40091676,0.93880063,0.55551326,0.040284462,0.52257955,27.470318,0.2759927,-1.7225916,-2.0516331,13.894248,0.44527763,-9.576736,-0.7134766,0.014273656,0.6488673,1.6349132,0.3186007,7.953194,0.18302268,6.6925063,0.6730718,28.98833,0.1389929,781.58685,0.17819408,1751.6494,0.2844736,-189.51099,-0.22041434,1663.8442,0.06987518,1430.5487,0.07286292,-187.02954,-0.23814179,2818.0142,0.051480196,1176.1902,0.27094296,-188.28067,-0.21514054,-12.031786,-0.2509025,28.311333,0.11524745,0.0005246196,24.997515,-0.00354465,-2.1602886,0.0628913,0.33573997,37.474487,0.10666802,-5.473433,-0.59015006,2.9853544,1.9538413,-10.407487,-1.5057645,-11.954732,23.226048,-0.0034451294,0.0010381986,0.038960144,2.1739132,1.1173185,0.06,0.02,0.53999996,0.30626786,-44.629803,q,Ses01M_impro04,Ses01M_impro04_F001
74,30.39253,0.0717215,29.039267,30.576103,32.011944,2.9726772,43.501194,15.1509075,30.692184,18.87526,0.30295205,0.53066576,0.1520082,0.2805042,0.4387548,0.2867466,3.4881382,1.8588622,3.0814843,1.4125124,0.10840596,0.7895699,27.599953,0.36734164,-0.59322476,-13.156061,14.950982,0.94315517,-10.901311,-0.8292767,0.025605675,0.83206606,1.329558,0.787514,5.7964664,0.40261942,2.7308397,3.7632003,22.865719,0.34646618,571.6086,0.33301675,1318.7849,0.17113832,-142.07759,-0.58767873,1611.5656,0.15353978,1062.4607,0.2566778,-143.77438,-0.55443937,2639.6682,0.08553892,1006.20447,0.2493523,-146.27267,-0.51960754,-14.584074,-0.42824608,25.60531,0.29102245,0.017816624,0.9920641,-0.018244773,-0.63816494,0.15998282,0.44396132,34.41195,0.24962656,0.7339664,11.555088,14.124481,1.1835767,-7.1265745,-1.2022326,-10.851927,20.61261,0.006771579,-0.005757344,0.086301394,4.0767384,2.4271846,0.121,0.059573483,0.269,0.33131403,-33.406223,ans,Ses01M_impro04,Ses01M_impro04_M001
75,30.133999,0.069464065,27.676903,30.12333,32.572323,4.89542,40.43012,0.0,79.55314,0.0,0.15333982,0.4389662,0.10852174,0.120429784,0.19618347,0.087661736,1.8150359,1.2671629,0.86912215,0.4035586,0.04248845,0.64207506,26.831453,0.25716642,-1.82773,-3.1074882,13.319474,0.34836826,-8.591236,-0.70085555,0.040561587,0.23465236,0.5491606,0.13750276,5.0970564,0.30910495,-2.1569805,-0.8826745,23.331898,0.15600564,577.06433,0.20505413,1401.8372,0.08933843,-185.87155,-0.26467678,1633.3303,0.10303161,1515.1589,0.41665897,-187.44702,-0.23479527,2589.3032,0.1367696,1122.8365,0.22738734,-187.68985,-0.23029816,-15.31186,-0.22414191,24.89441,0.24567424,0.013146528,1.3518316,-0.023769079,-0.46166712,0.10561951,0.21489823,34.812267,0.21837696,1.5840458,4.2771006,12.442348,0.6354519,-11.756444,-0.49572778,-11.777178,22.230145,-0.0049168463,0.0002012538,0.037769407,2.3584907,0.9661836,0.07,0.03,0.62666667,0.3963444,-43.04504,o,Ses01M_impro04,Ses01M_impro04_M002
76,34.657043,0.013102904,34.27841,34.42329,35.263557,0.98514557,8.657297,5.341371,2.7463214,2.875412,0.12179748,0.22962913,0.10339256,0.10763334,0.1477498,0.04435724,0.29330936,0.24607116,0.35939154,0.23768947,0.034417458,0.39508325,30.121023,0.12214073,1.0561979,4.170045,15.316218,0.45408463,-8.372729,-0.51406723,0.019842006,0.3909664,0.9973129,0.46067294,8.028012,0.2835791,16.332516,0.22126013,34.280205,0.17065202,713.99567,0.3395742,1526.8324,0.11867074,-175.6587,-0.34835398,1822.2806,0.1663896,1194.1519,0.16372155,-175.28577,-0.33529854,2975.509,0.098071925,1141.5641,0.33053905,-176.11977,-0.32154047,-21.931778,-0.1859235,35.707092,0.09145021,0.012653791,1.1268431,-0.0016319056,-2.206257,0.05001983,0.22964509,36.601013,0.051395558,8.344963,0.56463194,17.267271,0.47859457,-3.8493476,-1.2538601,-14.001501,25.116903,-0.002152104,0.0007940664,0.03212917,2.7173915,1.1173185,0.125,0.005,0.49666667,0.33628687,-43.643818,q,Ses01M_impro04,Ses01M_impro04_F002
77,28.214722,0.09712038,25.550577,28.144554,30.830667,5.2800903,119.1175,151.73589,23.611317,14.869069,0.3344706,0.79117805,0.10936779,0.23021053,0.5631697,0.45380193,3.9633791,1.9806095,4.397726,2.3822458,0.1230371,1.0333486,30.41582,0.30573705,-3.4920697,-2.7295122,15.398717,0.804706,-6.877729,-1.4735956,0.02425863,1.3236773,1.1639674,0.5481229,5.09317,0.5604772,5.0848465,1.6729105,22.59876,0.37654364,605.82294,0.3965467,1351.5448,0.15171063,-130.92172,-0.6967156,1624.9247,0.16060182,1036.3547,0.2600192,-130.28123,-0.6793385,2672.6536,0.10163353,978.6692,0.37024906,-133.33455,-0.6344439,-11.992965,-0.4553967,23.393053,0.2803847,0.024515055,0.6929921,-0.01156618,-1.0972233,0.22144973,0.55417496,36.82752,0.1965565,-7.2777476,-1.7402446,15.394281,1.1473581,-5.1144876,-2.6871927,-11.559389,21.887035,-2.2142662e-05,0.00016815381,0.06456478,2.455357,1.5712683,0.22999999,0.16856536,0.35999998,0.51585525,-29.836092,s,Ses01M_impro04,Ses01M_impro04_M003
78,32.16265,0.0357948,30.785074,32.41298,33.094345,2.3092709,54.638542,10.524881,5.077175,5.321287,0.13691881,0.28845492,0.106067665,0.11635579,0.17452909,0.068461426,0.58580273,0.3118778,0.6109358,0.41167015,0.035999868,0.40789098,30.998234,0.20376939,-0.37893227,-14.342648,11.35602,0.4429954,-9.482236,-0.5657624,0.018910535,0.89806855,1.1861039,0.4263443,5.0564184,0.36454618,3.1676154,2.881528,31.651497,0.17554818,560.29285,0.24896324,1462.3881,0.08992112,-160.23727,-0.47865048,1581.2161,0.08641504,1182.7333,0.11554626,-161.36415,-0.44528493,2717.982,0.0626562,1145.0903,0.5525125,-163.6655,-0.41317663,-18.111446,-0.22258392,31.522163,0.13230309,0.018455649,0.8473912,-0.010971477,-0.74451536,0.05534311,0.22362757,38.553356,0.08140789,3.3136013,2.2121336,10.941757,0.68643624,-11.901026,-0.5016523,-13.017239,24.823166,-0.0019009352,-0.00021538453,0.030788498,2.8125002,1.2698413,0.16499999,0.08046739,0.48,0.43418887,-44.971268,s,Ses01M_impro04,Ses01M_impro04_F003
79,29.689606,0.14285792,25.611822,29.506271,34.32855,8.716726,116.93286,122.78675,47.565804,41.64946,0.3144645,0.870701,0.11442374,0.1866917,0.49339145,0.3789677,6.631022,6.6078324,4.2523417,2.654258,0.120538734,1.2891102,29.340425,0.34047988,-2.2443573,-4.245939,16.108643,0.7455717,-10.229269,-0.94217354,0.027620427,1.4745921,1.0600307,0.7761011,5.665212,0.60099393,4.600798,2.0006897,23.76699,0.42026213,518.2617,0.36461803,1347.5088,0.16949241,-143.23508,-0.59893966,1550.1451,0.1296948,1008.2299,0.31336656,-143.97687,-0.5651319,2613.602,0.08948178,946.0148,0.3693744,-145.95706,-0.538643,-13.517982,-0.40777677,23.790329,0.32070133,0.029226674,0.64122456,-0.015348105,-0.85181874,0.24566685,0.8023941,37.193913,0.21210644,-5.924196,-2.2515457,17.940756,1.0134484,-8.306152,-1.6418803,-11.754614,21.812649,0.00038950428,-0.0019793771,0.06538526,1.9716089,2.1377673,0.13481481,0.139692,0.3122222,0.44989163,-29.427317,s,Ses01M_impro04,Ses01M_impro04_M004
80,31.305155,0.033138204,30.317825,30.886824,32.521236,2.203411,6.4988513,4.5204163,9.801711,0.0,0.15440875,0.32829735,0.10857227,0.14318185,0.20934093,0.10076866,0.67477,0.36057502,0.64908695,0.32586142,0.037224352,0.3838585,28.934889,0.22593893,-3.2451255,-1.8789966,14.006345,0.38582206,-7.6903567,-0.60664344,0.02129472,0.99800193,1.2836584,0.44290793,4.5747967,0.33755025,-1.9775077,-2.6875339,16.527401,0.25283536,583.5591,0.25250107,1502.3837,0.08289411,-167.8133,-0.41535896,1556.3202,0.089493126,1180.243,0.13155147,-169.15337,-0.3957091,2626.0518,0.0792394,1031.1595,0.17498468,-170.77953,-0.37148368,-12.269256,-0.27881253,23.736717,0.19472243,0.0012846115,7.0353904,-0.0025106252,-2.1931334,0.0419613,0.3531515,35.39534,0.085909836,-6.7822137,-1.0639915,15.915456,0.36024988,-2.1506183,-1.7618246,-11.666852,21.726278,-0.0015087372,-0.00078980613,0.036728915,2.5547445,1.1152416,0.14666666,0.09392668,0.545,0.4776243,-45.433807,s,Ses01M_impro04,Ses01M_impro04_F004
81,29.470247,0.080342844,27.519915,29.912476,31.436916,3.9170017,28.41596,16.436567,23.343758,18.867956,0.45670754,0.62123525,0.14719556,0.415545,0.727878,0.5806824,6.7016177,3.931695,5.0351605,3.1527646,0.15790087,0.777353,31.939808,0.30078617,-4.8935847,-2.66204,18.516972,0.6892307,-7.049185,-1.189886,0.018162332,1.2281111,1.0844058,0.7268884,6.0018196,0.45777,1.3919241,6.481203,18.925673,0.5726907,566.08075,0.37872475,1309.9257,0.12998052,-90.346725,-1.0231348,1610.3098,0.14443487,973.4309,0.27412894,-93.66995,-0.9269599,2638.6357,0.094511054,943.3318,0.27798855,-96.05476,-0.88391286,-12.78979,-0.44551384,21.219978,0.34669995,0.026786463,0.66080445,-0.015926601,-0.7662669,0.20227763,0.58024836,35.424286,0.22593483,-6.4347224,-2.2552202,19.792322,0.7432193,-6.50421,-1.4675287,-11.3815565,21.167023,0.002474004,-0.0024211027,0.09858738,3.7845707,2.4835646,0.22470587,0.27179396,0.15735294,0.19555816,-29.112223,s,Ses01M_impro04,Ses01M_impro04_M005
82,34.12772,0.14777742,32.651993,34.727554,36.847313,4.19532,87.8021,50.029087,239.69781,312.47284,0.36342728,0.963553,0.13287802,0.27224138,0.46561825,0.33274025,9.27087,10.721859,6.3423104,4.891234,0.16278036,1.5343661,30.466639,0.23160459,-4.392999,-2.5294735,16.55865,0.65939885,-11.842864,-0.77714187,0.018882075,0.84339124,1.2180444,0.5026214,6.493297,0.49181503,7.3527284,1.6168903,22.020035,0.5372192,624.77386,0.35595778,1389.6902,0.139108,-112.407265,-0.8047345,1698.362,0.14040361,1030.0735,0.19458394,-110.68098,-0.76793295,2728.882,0.10398296,1069.7712,0.24391723,-113.1653,-0.7309812,-14.120944,-0.4543715,22.96007,0.34477076,0.024261296,0.86950684,-0.011753345,-0.98583,0.22045183,1.3497922,32.711384,0.19664595,-5.832666,-2.2204416,17.973875,0.7642847,-12.887008,-0.8617598,-12.350924,22.026386,0.004123974,-0.006225888,0.101829365,2.1276596,3.4055727,0.13727273,0.1328082,0.13636364,0.0940283,-27.171854,q,Ses01M_impro04,Ses01M_impro04_F005
83,31.979513,0.19601049,24.242874,34.512287,38.109886,13.867012,40.94526,30.619968,44.935757,19.783855,0.46638495,0.9174357,0.11102649,0.35086626,0.7793638,0.66833735,10.848704,10.524062,7.2731285,4.627766,0.23486514,1.2563921,31.608133,0.26717433,-4.1714683,-3.2145572,14.101785,0.6250607,-11.437614,-0.918348,0.018743902,0.87778515,1.0393565,0.5426585,6.375473,0.5214306,5.0750747,1.1493183,24.889124,0.35206777,619.93384,0.35573745,1346.2532,0.1498385,-122.22715,-0.7431436,1667.5562,0.16113617,1016.60693,0.207546,-122.93457,-0.6987421,2740.954,0.109495565,972.33124,0.2551931,-125.16111,-0.66740066,-14.772542,-0.53244615,24.711311,0.3769777,0.025387723,0.7811402,-0.016866054,-0.666361,0.364595,0.8884357,37.26477,0.15617202,-8.0955925,-2.1066206,13.913582,0.8288775,-13.40906,-1.0316576,-13.399273,24.086609,5.0188617e-05,-0.00425953,0.14385664,2.4793391,2.5316458,0.16,0.07745967,0.18285714,0.19403344,-25.384027,q,Ses01M_impro04,Ses01M_impro04_M006
84,37.32765,0.11498559,34.607075,35.496254,42.2295,7.622425,36.385254,16.960766,123.033646,103.22011,0.2581107,0.9881592,0.11262453,0.16063029,0.32094187,0.20831734,4.5674915,6.158086,3.3675485,5.3259683,0.110026695,1.5670125,30.849222,0.2109447,-2.0291657,-5.5009007,12.382161,0.93179727,-9.263051,-1.1929625,0.027602354,0.9162881,1.2840513,0.5262064,7.6087737,0.49336642,8.794117,1.0760554,26.828934,0.38435945,739.83496,0.26838315,1347.8892,0.14564392,-154.65079,-0.4940414,1732.0431,0.10943879,1091.5962,0.20673487,-151.05022,-0.49849397,2849.778,0.07498536,899.7387,0.24387164,-153.7365,-0.462391,-15.192538,-0.42735264,28.798328,0.3029298,0.01319105,1.7635956,-0.009780156,-0.9777992,0.21160641,1.2635154,36.531628,0.16088066,-5.153371,-2.250262,8.703178,2.0137837,-11.6398535,-1.4306694,-14.351573,25.719648,-0.003645639,-0.0025032577,0.07085823,1.3677812,2.45023,0.105624996,0.07905447,0.28125,0.32169232,-31.117048,ans,Ses01M_impro04,Ses01M_impro04_F006
85,38.83095,0.12591688,34.58764,36.956577,43.962154,9.374516,32.863987,4.5445547,24.958855,18.258497,0.44008794,0.8906784,0.13558888,0.24011219,0.85108256,0.7154937,7.8665266,6.76937,6.7123547,6.5928516,0.2243087,1.2420592,32.28645,0.20713724,-5.6381125,-2.4154313,10.797339,1.5854236,-12.22496,-1.2776439,0.020830723,0.91310585,1.2478589,0.6446458,8.412908,0.51552594,11.43952,0.88599664,29.301765,0.41393802,707.91364,0.32916716,1325.5522,0.17295253,-120.965576,-0.72063184,1705.5758,0.13237187,1081.6665,0.17146817,-113.77409,-0.7345416,2828.066,0.08999747,920.933,0.22410323,-118.036514,-0.670529,-15.345574,-0.46824625,28.991793,0.34896928,0.025842834,0.9028698,-0.00977271,-1.1760134,0.33198342,1.0000292,35.146122,0.20661041,-5.0739107,-2.5147686,4.3277783,5.059495,-15.301912,-1.3239022,-12.455812,21.524069,0.0061198575,-0.0031066048,0.13246505,2.0202022,3.626943,0.12571429,0.1027976,0.13,0.13352367,-26.310852,q,Ses01M_impro04,Ses01M_impro04_M007
86,33.509014,0.10012952,31.158281,34.300247,36.448334,5.2900524,80.24736,130.05373,36.615414,56.747807,0.77737045,0.6049874,0.34213862,0.7298205,1.1192772,0.7771386,11.703146,7.9244394,8.917733,4.130418,0.40344724,0.795772,32.157402,0.3185181,-5.234498,-2.3761308,15.909845,1.0850881,-12.211063,-1.0544258,0.025335718,1.4475818,1.1002098,0.6085884,6.7655034,0.43776128,4.3506227,2.3473434,21.765076,0.42764768,580.0715,0.38746592,1322.3644,0.17702615,-78.24533,-1.1111909,1618.6884,0.16138616,982.71796,0.23664047,-76.128395,-1.0275515,2664.2874,0.09753219,927.54266,0.26952183,-79.85159,-0.95027024,-12.811735,-0.51085377,23.107708,0.3453437,0.03999492,0.5892668,-0.018162724,-0.7735237,0.48060796,0.68354726,33.945656,0.27661765,-6.4706655,-1.9596388,16.550308,1.1214238,-13.372792,-1.0143807,-11.275073,22.490267,0.014996827,-0.0073011406,0.25560477,4.116223,4.1666665,0.1535294,0.12564848,0.07266667,0.043888748,-20.928534,ans,Ses01M_impro04,Ses01M_impro04_M008
87,33.115475,0.078769095,32.037502,32.877213,35.24364,3.2061386,225.63097,262.7602,8.898784,7.0415115,0.3175373,0.86986524,0.13584559,0.21128683,0.3806264,0.24478082,5.1159678,4.489752,3.7161121,4.1036615,0.13966349,1.4634058,34.836487,0.23224956,-0.021048803,-352.3011,14.335814,0.6679577,-6.934795,-1.5072579,0.015982613,0.78549415,1.1127636,0.46365297,7.0311465,0.33698338,4.8959637,1.8160601,27.783463,0.24123079,569.90497,0.27322018,1433.1793,0.121506765,-93.85097,-0.97104627,1624.03,0.112534106,1046.5256,0.2252181,-95.42123,-0.88113666,2717.8982,0.080493204,931.42914,0.22602953,-101.292564,-0.7825848,-17.197622,-0.31633252,28.644777,0.173444,0.02186178,1.2458532,-0.017118976,-0.8203976,0.18774931,1.2911602,39.589565,0.10446202,-0.29804623,-29.603691,13.857217,0.6766196,-7.000366,-1.875846,-14.146276,25.31593,-0.008841016,-0.0028025792,0.052355155,2.1148036,2.7777777,0.20222221,0.19937557,0.17428571,0.18668973,-26.172634,q,Ses01M_impro04,Ses01M_impro04_F007
88,29.955557,0.11729871,26.962059,29.234232,32.872375,5.9103165,45.66408,28.329773,19.492113,11.064413,0.6921932,0.55305564,0.39585724,0.6035549,0.9032011,0.5073439,7.8806243,4.1427174,6.1239347,3.4638875,0.29575518,0.8129288,33.408695,0.4019291,-6.9034057,-1.7257614,15.949924,1.1765225,-10.368828,-1.0858113,0.017225085,0.94970334,1.1711273,0.6592382,5.9861546,0.431403,1.4341532,5.902345,22.091553,0.40859264,704.54425,0.36987677,1310.8838,0.21401098,-57.21688,-1.4573421,1744.1389,0.15763557,1049.7228,0.29613712,-61.786648,-1.2229905,2761.6838,0.10455189,977.1109,0.27152285,-65.744446,-1.116002,-11.400429,-0.5162692,23.030388,0.34340158,0.036386967,0.5259597,-0.015019713,-0.791662,0.33638132,0.75505364,36.345158,0.26214305,-8.256893,-1.5053514,13.964339,1.4226317,-9.818547,-1.2131295,-8.070179,16.649368,0.012864822,-0.005761921,0.18181755,3.9783003,2.5547445,0.28428572,0.28984514,0.08066666,0.05347481,-22.86456,o,Ses01M_impro04,Ses01M_impro04_M009
89,30.093382,0.17109536,26.615288,26.986359,34.56582,7.950531,23.30843,3.9519744,161.02232,0.0,0.26940304,0.72232246,0.10903234,0.19742246,0.4500064,0.34097406,0.95559883,0.5444621,1.7387298,0.96355945,0.07325579,0.7844422,30.005457,0.2516573,-5.180155,-1.3194743,19.374836,0.50543237,-8.116056,-1.0462096,0.01432378,1.1101111,0.95739496,0.64396805,5.9491796,0.3562993,2.7154233,1.9474514,16.859814,0.27511546,550.51624,0.5037128,1364.4257,0.22155955,-145.61113,-0.5954224,1657.4053,0.16702743,994.7277,0.3274766,-144.93634,-0.5704342,2550.4426,0.09112021,1065.3231,0.19478154,-145.04771,-0.57032955,-10.649244,-0.3847936,17.763815,0.3046681,0.026862228,0.42686373,-0.013725255,-0.60505366,0.123641774,0.48107922,33.852123,0.14375603,-11.24893,-0.6476239,27.52064,0.44520077,-6.353578,-1.7226781,-12.533989,22.545765,-0.0012913683,-0.0034311872,0.053650353,1.7621145,1.8018018,0.1575,0.16887495,0.3775,0.39047247,-34.679726,ag,Ses01M_impro04,Ses01M_impro04_F008
90,34.622288,0.043638762,33.45858,35.085426,35.83733,2.3787498,107.82698,95.32472,5.5673356,6.906796,0.20161496,0.43184692,0.11365263,0.18016665,0.28755495,0.17390232,1.63011,0.8365775,1.1990067,1.0955087,0.0520802,0.44578546,29.663189,0.17611732,-3.641416,-2.2400992,19.317078,0.4386752,-6.955304,-1.040655,0.015043947,0.93666714,1.0754591,0.5498656,7.8034544,0.36512542,8.017606,1.4141659,20.0607,0.4484565,589.45105,0.34928155,1403.4865,0.15467022,-140.4937,-0.6172953,1674.5692,0.093800366,1034.5157,0.29590434,-141.61725,-0.573202,2701.192,0.084651686,1025.7733,0.2814799,-142.58704,-0.5597711,-15.128238,-0.36091533,22.666796,0.29545796,0.017271552,1.0875759,-0.0059648696,-1.1757467,0.06328133,0.27602398,33.37815,0.13131207,-4.6394405,-2.306814,25.648954,0.25192472,-4.2882395,-1.6420373,-12.240584,21.287981,0.0025035378,-0.0023902722,0.046302937,3.4642034,1.869159,0.16749999,0.13799909,0.3077778,0.3520031,-39.489876,o,Ses01M_impro04,Ses01M_impro04_F009
91,29.077286,0.083708756,26.109318,29.697674,31.613914,5.5045967,115.43176,159.1762,43.6142,43.148716,0.29677314,0.71753687,0.11504305,0.23196614,0.4731993,0.35815626,2.8801243,1.8264996,2.7544756,1.6560646,0.102303796,0.98604244,28.47545,0.3760332,-1.0322332,-8.737279,16.801733,0.8305582,-5.860435,-1.7443696,0.01903823,1.5532869,0.9454185,0.48037818,5.983445,0.54798853,8.199581,1.4524714,27.316408,0.32489172,536.0,0.4066223,1399.7468,0.2043061,-146.23476,-0.589336,1563.5107,0.13989536,1052.1188,0.3302735,-146.11594,-0.5649158,2630.5027,0.0982286,1053.1406,0.33870953,-148.75441,-0.527713,-14.664737,-0.38851166,26.508959,0.26575688,0.022500277,0.76789504,-0.0073003494,-1.6939254,0.19383374,0.5180328,38.250397,0.18727112,-2.9896953,-3.291703,17.461771,1.1672829,3.4448876,3.361223,-10.80393,19.667646,0.0005003676,-0.00043031765,0.06536701,2.7718549,1.0775863,0.266,0.27586955,0.5333333,0.48102897,-30.377598,o,Ses01M_impro04,Ses01M_impro04_M010
92,30.123127,0.10172422,27.820957,30.193287,32.40933,4.5883713,95.14503,129.30153,32.026546,20.99516,0.31521657,0.708674,0.13763808,0.21620291,0.50395185,0.36631376,5.0192356,3.5917172,3.9261804,2.2310693,0.12322997,0.9670986,32.21351,0.25482258,-3.1625404,-3.164756,17.53539,0.683411,-7.395485,-1.1157951,0.024258465,0.8892911,1.4277083,0.59934574,4.7258043,0.52105904,1.085529,7.734629,21.323172,0.30759698,566.1965,0.38036367,1355.7979,0.13718827,-136.66974,-0.64028007,1610.0812,0.14927228,1052.7069,0.25957486,-136.77232,-0.6088633,2631.3076,0.09667629,962.57513,0.24475317,-139.18842,-0.57521397,-12.806946,-0.42602947,23.132318,0.31022176,0.026259625,0.7302264,-0.010336892,-0.9764731,0.20100184,0.6664718,36.79791,0.20286176,-6.5156474,-1.7798026,16.833471,0.95195156,-6.5827694,-1.6067474,-12.886943,21.889309,0.006730433,-0.005641208,0.08114367,2.739726,2.7568922,0.11636364,0.07980348,0.22545454,0.25218546,-31.618206,o,Ses01M_impro04,Ses01M_impro04_F010
93,29.608158,0.12046002,27.339851,29.374529,32.77471,5.43486,33.183033,17.50166,26.070202,11.759243,0.37249362,0.612181,0.14875694,0.31985173,0.565252,0.41649508,5.6336184,3.4125872,4.1144056,1.9773715,0.14931971,0.791516,33.386696,0.28909737,-1.7992764,-5.746854,16.651503,0.83528054,-7.436496,-1.2963191,0.022252068,0.89418775,1.3249565,0.66620624,5.212966,0.5731228,1.5097841,5.3146954,24.163792,0.30871361,593.1952,0.40508246,1356.8636,0.14348896,-111.61975,-0.8223293,1627.17,0.1649435,1070.7662,0.31950095,-113.94273,-0.75524867,2678.884,0.11083317,1001.2055,0.3758208,-117.25552,-0.7049612,-14.435128,-0.42627823,25.672651,0.3003949,0.026700994,0.70185715,-0.01072767,-0.995016,0.20475264,0.5700765,37.944298,0.18548505,-3.1858454,-3.6744354,18.00724,0.9563794,-5.829197,-1.9376732,-12.404576,23.01546,0.0040035103,-0.0033396606,0.100276925,3.738318,3.0913978,0.1447826,0.10214524,0.16454546,0.19935639,-30.173529,q,Ses01M_impro04,Ses01M_impro04_M011
94,31.408075,0.10147917,30.005074,31.477083,33.954643,3.9495697,88.15663,108.01986,20.933697,19.423538,0.23977809,0.5378809,0.12845223,0.21350162,0.32545334,0.19700111,2.37352,1.202072,1.1950333,1.1916711,0.06659379,0.61341417,29.183598,0.26810485,-3.1870112,-3.3083425,13.624926,0.69355625,-6.953816,-1.1262257,0.017473923,0.8621432,1.2565991,0.536142,5.7152433,0.4107802,3.1251683,2.565603,21.48761,0.44451892,601.0852,0.32249936,1422.096,0.15166573,-143.23419,-0.58971727,1626.4299,0.12219007,1088.8783,0.24679045,-143.55849,-0.5692022,2686.434,0.09258792,1073.8539,0.3777327,-146.2671,-0.5312753,-13.154522,-0.5116806,24.407516,0.28241086,0.011905587,1.4770722,-0.008697116,-1.1682303,0.093099356,0.5323952,32.88762,0.19343425,-3.5613368,-3.7566054,14.072097,0.831027,-5.58483,-1.6403661,-11.631502,21.795599,0.0010370404,-0.004275292,0.054483123,2.1416805,2.0678246,0.1416,0.09958635,0.33499998,0.3457721,-37.2984,o,Ses01M_impro04,Ses01M_impro04_F011
95,30.493362,0.06747002,28.155663,31.307518,32.782288,4.626625,91.46678,76.99979,3.934276,8.225017,0.36224163,0.5613018,0.20042804,0.30974337,0.44577795,0.24534991,1.6517771,0.24025168,0.63782996,0.52000314,0.09163707,0.6196987,22.181797,0.39268538,-0.58729726,-13.131717,11.474382,0.6283192,-7.7516284,-0.9014807,0.019492578,0.67282546,1.1709962,0.5029235,6.7564034,0.27189413,3.7129276,1.8347188,24.514904,0.43738845,631.7832,0.29757324,1509.555,0.1788932,-144.87157,-0.5904939,1620.0531,0.12892595,1193.2114,0.15964639,-147.04196,-0.5544487,2731.6892,0.09900135,947.3712,0.14388919,-149.81514,-0.51508707,-14.087324,-0.4920047,26.253086,0.27488908,0.017618787,1.0240484,-0.01310654,-0.809901,0.15115765,0.43947724,29.10335,0.23092212,3.910775,2.717821,10.6697855,0.86528397,-7.3200083,-0.9170138,-7.5611095,16.4285,0.0055896766,-0.0007554391,0.06742874,2.259887,1.1695907,0.24499999,0.085,0.59,0.0,-33.47948,b,Ses01M_impro04,Ses01M_impro04_M012
96,31.70907,0.092611186,28.335407,32.815506,34.337193,6.0017853,54.104538,13.323057,19.78568,14.689266,0.2619289,0.79958856,0.10620631,0.123401195,0.41774827,0.31154197,4.643183,4.119645,4.4717946,2.3943582,0.0948296,1.0073456,28.685032,0.292298,-2.013236,-4.4202147,16.121986,0.6940987,-6.130709,-1.1899045,0.021681871,0.5335064,1.3227708,0.5210696,6.674726,0.4128012,4.9225826,1.9940257,25.17025,0.23075734,588.99664,0.28179392,1498.853,0.13872012,-159.44531,-0.4679779,1654.9016,0.10522151,1186.781,0.4830452,-159.93916,-0.4416605,2634.5254,0.098620296,1119.8134,0.29396433,-160.85768,-0.42943534,-14.646478,-0.5020149,24.013767,0.39329648,0.0145385545,1.0817612,-0.0118457535,-1.3783625,0.19591244,0.3801097,36.032738,0.26511627,-1.6254935,-5.478768,20.362236,0.9487085,-2.5724869,-4.4809318,-12.053401,22.351116,-0.004192137,-0.0013791646,0.06610775,1.8348624,1.8779343,0.114999995,0.042720016,0.31599998,0.30123743,-33.187588,q,Ses01M_impro04,Ses01M_impro04_M013
97,0.0,0.0,0.0,0.0,0.0,0.0,0.0,0.0,0.0,0.0,0.1368648,0.5098701,0.10358365,0.10741931,0.14535694,0.04177329,1.4348556,1.7017719,0.79856855,0.3173956,0.038137887,0.7750979,28.91312,0.08555117,-4.9426727,-0.9625521,10.6509905,0.66390187,-12.440843,-0.7552649,0.0,0.0,0.0,0.0,0.0,0.0,0.0,0.0,0.0,0.0,0.0,0.0,0.0,0.0,-201.0,0.0,0.0,0.0,0.0,0.0,-201.0,0.0,0.0,0.0,0.0,0.0,-201.0,0.0,0.0,0.0,0.0,0.0,0.0,0.0,0.0,0.0,0.0,0.0,0.0,0.0,0.0,0.0,0.0,0.0,0.0,0.0,-12.405232,23.458168,0.00039851145,-0.0024126181,0.038716797,1.1235955,0.0,0.0,0.0,1.7199999,0.0,-45.18874,ans,Ses01M_impro04,Ses01M_impro04_F012
98,30.493652,0.014953174,30.051834,30.508577,30.93152,0.87968636,0.0,0.0,-0.2399147,0.0,0.16236995,0.77794075,0.10552899,0.11029481,0.16438633,0.058857344,1.412426,1.2080965,2.509148,1.9390666,0.060487095,1.2648182,29.479877,0.23281412,-0.7093493,-7.1038303,12.376191,0.43978378,-8.848933,-0.87614655,0.0865805,0.0,4.9441943,0.11943735,4.0052366,0.21436068,-4.826692,-1.0345135,32.233585,0.038359992,714.584,0.14740063,1372.8794,0.07663692,-193.2383,-0.17473568,1765.073,0.10073531,1207.9971,0.05756371,-194.07742,-0.15473582,2799.9668,0.053969473,958.0368,0.063364364,-194.34584,-0.14919455,-22.104412,-0.21971367,32.235764,0.17408672,1.1590123e-05,1206.7968,-0.019364983,-0.77858853,0.14067914,0.4770991,36.794186,0.2014174,11.854608,0.6206169,17.257545,0.06988932,-10.980986,-0.81628823,-13.170325,24.323606,-0.0057525206,-0.00329458,0.059053894,1.5748031,0.8196721,0.04,0.0,0.575,0.114999995,-37.911144,q,Ses01M_impro04,Ses01M_impro04_M014
99,38.58698,0.110146224,33.518906,39.649193,41.859024,8.340118,129.75833,3.5159564,226.86302,297.92313,0.2437487,0.755518,0.11236445,0.20364822,0.33460522,0.22224078,1.8292555,0.56887794,1.7222131,1.4750769,0.085445784,1.3369094,28.471745,0.25925654,-6.1525507,-1.3139919,14.540005,0.6850041,-13.369643,-0.7968261,0.0203142,1.0068549,1.3997626,0.49930403,7.4422774,0.35422266,8.541616,0.9675435,22.996716,0.38622993,657.80963,0.36208388,1442.9458,0.16019806,-170.34311,-0.3999922,1623.2467,0.12385362,1139.4478,0.21516,-162.01746,-0.44585684,2705.052,0.082327016,996.8492,0.40944293,-163.87263,-0.41915187,-11.860229,-0.4539321,23.516455,0.30511057,0.024039855,0.6422135,-0.008371723,-0.99370676,0.112452686,0.54776984,33.31033,0.2032626,-11.679626,-0.9665978,10.576421,1.3256845,-17.49557,-0.7644226,-11.956806,22.02753,0.0036489333,-0.005028863,0.07884984,1.7964072,1.8145161,0.10555555,0.09154368,0.42333332,0.42121518,-34.99214,ans,Ses01M_impro04,Ses01M_impro04_F013
100,32.79857,0.10010416,29.722366,32.642887,36.01363,6.2912636,52.794655,25.521523,59.215065,107.50185,0.53523743,0.6715246,0.25088143,0.42302978,0.7933322,0.5424508,7.346093,4.818654,5.1966,2.9471295,0.24537438,1.0706451,26.432264,0.46524048,-1.9402243,-6.5600433,17.703142,0.9297519,-8.551283,-1.3491298,0.023759684,1.1254493,1.2369765,0.6054445,6.514367,0.4149403,4.789231,2.2967033,22.4196,0.38163936,629.5708,0.3911519,1356.8002,0.16203448,-105.98151,-0.86961824,1661.9617,0.15092517,998.11633,0.28416315,-102.863525,-0.8416532,2741.748,0.11140814,992.48975,0.3138261,-105.91727,-0.79226655,-12.800029,-0.43867692,23.513165,0.3317007,0.025569322,0.88436997,-0.014093242,-0.9355073,0.30792144,0.9132476,32.358955,0.3053776,-3.3619115,-3.7950933,17.415161,1.1330534,-7.2270756,-1.8247104,-8.60683,16.182474,0.012075486,-0.0057007917,0.17679487,3.6842105,2.4822695,0.20857143,0.15146226,0.20333333,0.25110865,-24.861143,c,Ses01M_impro04,Ses01M_impro04_M015
101,35.03874,0.111707956,30.632166,36.036224,38.251472,7.6193066,58.9197,5.6167064,22.768867,7.9294434,0.21191356,0.5702006,0.10645747,0.17666581,0.29644144,0.18998396,2.9639587,1.8379749,1.3646288,0.9874785,0.06130124,0.6843665,29.60065,0.2716544,-1.1688774,-7.147585,13.457248,0.98201823,-8.312073,-0.79503,0.01601722,0.99850786,1.1562371,0.55746436,7.3940535,0.32218465,2.6489332,3.5838914,22.728004,0.38193804,594.4395,0.29511002,1375.8773,0.12770912,-139.34853,-0.62711126,1622.4363,0.10162048,965.7014,0.25068662,-137.79115,-0.6053779,2732.5386,0.07760168,902.6084,0.16641815,-140.63348,-0.5666974,-13.240491,-0.34326428,24.000425,0.2823003,0.016231524,0.97020906,-0.012165633,-0.7147686,0.08989324,0.47068125,33.481197,0.18744652,-4.8866706,-2.1269574,12.569944,1.5049402,-8.628462,-0.7881005,-13.270956,23.787186,-0.0012692327,-0.0033226125,0.04741689,3.0612247,2.0761247,0.15666667,0.07760297,0.30333334,0.4390773,-37.570515,o,Ses01M_impro04,Ses01M_impro04_F014
102,29.278307,0.13727053,27.481266,28.809647,30.126774,2.6455078,470.43936,954.7451,118.73607,169.38966,0.3935584,0.6834991,0.11677711,0.35144594,0.6208358,0.50405866,5.699743,3.2230642,4.2605305,2.035773,0.14682144,0.81689787,33.16141,0.23632313,-3.6225133,-2.6812568,11.1256275,1.1421182,-10.397423,-0.99293697,0.022698611,1.4490639,1.2821556,0.5292375,5.3945093,0.43407595,-1.2956927,-6.245408,20.028713,0.39430687,606.34326,0.3569641,1352.8851,0.13418327,-101.404495,-0.9394537,1651.3799,0.16494858,1089.137,0.24744537,-104.60027,-0.84834903,2698.1265,0.112916686,1072.5974,0.33896437,-108.53124,-0.78339773,-12.533955,-0.3938745,24.78543,0.2152621,0.028212152,0.6397796,-0.02291978,-0.6029777,0.21754752,0.51784503,36.9805,0.17935356,-5.7398243,-2.0592375,8.84321,1.7465676,-11.997973,-0.9957604,-13.483897,23.936975,-0.0064435205,-0.0054241256,0.07035512,3.7234044,2.1505377,0.23416665,0.17978962,0.2290909,0.33713916,-29.546766,ag,Ses01M_impro04,Ses01M_impro04_M016
103,33.816643,0.14004979,25.948978,34.88272,37.956463,12.007484,54.04181,10.432737,-1.8026619,19.092964,0.35199243,0.72759056,0.16217609,0.238541,0.51289284,0.35071677,3.8292387,3.3321273,4.379422,5.1335554,0.15317026,1.0539078,31.07263,0.36619723,0.31833583,23.0702,15.77415,0.78539723,-11.019595,-0.93831587,0.018215831,0.8661706,1.2804258,0.50769985,7.052584,0.3958576,9.860694,0.95255554,27.550161,0.25972596,641.4943,0.35264072,1425.741,0.18258806,-134.94102,-0.6369988,1626.1273,0.15726535,1104.159,0.2293369,-130.29652,-0.64720935,2709.095,0.09835682,990.8779,0.26676857,-134.45961,-0.58677393,-13.464743,-0.35389873,28.104748,0.24001703,0.021988988,0.91643226,-0.01213732,-1.4872123,0.22943912,0.9350112,35.05345,0.29545256,-3.417381,-2.199111,9.911437,1.3795708,-11.730108,-1.0739216,-14.445012,23.208815,-0.0031513232,-0.0110297445,0.1063135,3.524229,3.6036036,0.09625,0.048973847,0.18285714,0.10052921,-29.48235,o,Ses01M_impro04,Ses01M_impro04_F015
104,35.453487,0.07304412,33.660202,34.75419,37.775394,4.1151924,47.831116,2.9854345,39.203045,4.127434,0.37056628,0.7786764,0.12314826,0.25553083,0.5753185,0.45217025,4.1457567,3.4934864,7.917081,5.0626254,0.16931951,1.1246085,22.114975,0.55944186,3.2599885,2.538748,20.379242,0.5998714,-6.9271736,-1.4099313,0.05423226,1.1848091,1.2984754,0.54096335,7.7396812,0.35502693,15.396848,0.6386998,23.170374,0.34738412,737.36914,0.38389573,1435.6465,0.25796407,-147.50911,-0.5355623,1721.3513,0.15954019,1056.0508,0.28821677,-139.68513,-0.57557416,2817.1528,0.111153774,978.3576,0.17484736,-141.489,-0.5504538,-14.360975,-0.424046,23.671106,0.32196748,0.019254146,1.2553765,-0.005150364,-2.2723186,0.32659397,0.6915911,28.13945,0.31629375,-0.6182012,-12.959403,24.163153,0.7157627,-3.6106615,-4.0466576,-10.507148,17.975008,0.0013556402,0.00012028441,0.09358258,2.9411767,2.4242425,0.1325,0.03269174,0.206,0.17602274,-28.394016,q,Ses01M_impro04,Ses01M_impro04_M017
105,37.506443,0.111996345,32.667538,41.10116,41.162445,8.494907,-1.7763138,0.0,212.55122,0.0,0.177496,0.6096094,0.107621774,0.11725618,0.26480657,0.1571848,1.8658391,0.7480572,0.6303591,0.022577465,0.053750668,0.6211782,25.189991,0.4104315,-1.2053498,-9.671968,15.179806,0.39877275,-9.170655,-0.78744954,0.029902818,0.03996526,1.9473649,0.37447256,5.8614817,0.36483568,8.277564,1.0923682,14.617778,0.32250148,539.4461,0.23526019,1378.7548,0.076236285,-196.8557,-0.11842526,1401.8556,0.14665332,2052.5574,0.4044602,-192.23143,-0.17211486,2237.5044,0.10740557,981.00085,0.11605546,-192.25284,-0.17182462,-12.220744,-0.34222147,21.02638,0.1710808,-0.012945938,-0.25985357,-0.01061834,-0.4816654,0.071241505,0.12301242,30.842554,0.13554153,-9.542873,-0.9446196,24.671822,0.3874463,-18.731771,-0.62490326,-11.683904,21.705204,-0.009982532,1.9194693e-05,0.053518284,1.3513514,1.3986014,0.024999999,0.005,0.4433333,0.2215601,-42.832096,ag,Ses01M_impro04,Ses01M_impro04_F016
106,35.523884,0.10431724,32.521427,35.258705,38.005444,5.4840164,57.35583,44.179123,108.289604,130.67578,0.6275282,0.8010734,0.12098853,0.5193546,0.98705614,0.8660676,10.567615,6.298146,6.9951215,4.6864476,0.41660824,1.2669418,29.79924,0.33034322,-4.7905703,-1.8333166,11.669702,1.3002796,-12.110931,-0.8744973,0.026466714,1.131707,1.2775593,0.64221936,6.9371996,0.46819645,5.7412257,1.7764032,23.58257,0.42438194,703.5866,0.3237568,1413.1534,0.20995705,-134.72679,-0.62576634,1752.2689,0.13089165,1105.0688,0.30469632,-129.487,-0.6356134,2771.266,0.10202434,1026.7067,0.26693743,-131.87552,-0.60358673,-14.009605,-0.4094438,24.720858,0.28923926,0.038679592,0.4864051,-0.018076373,-0.6610331,0.5878169,0.8095529,32.67514,0.22492756,-5.45013,-1.8209182,13.084734,1.3160323,-11.954229,-0.866975,-10.562,22.262362,0.0111603895,-0.009032379,0.31068724,3.1047866,3.2679741,0.111999996,0.106658325,0.1732,0.3189071,-19.894552,c,Ses01M_impro04,Ses01M_impro04_M018
107,37.401684,0.08737519,34.83545,36.9576,40.44605,5.6105995,55.90502,33.97389,110.82219,144.6977,0.8204773,0.6941826,0.14263356,0.790832,1.2924145,1.149781,12.276272,6.3729796,9.003869,4.498956,0.61160105,1.0483518,29.933092,0.2559782,-5.7960653,-1.2967906,11.251402,1.5702742,-13.544841,-0.8357261,0.024154617,0.9835105,1.2238017,0.6536567,8.066224,0.39852548,9.866051,0.9843041,22.219213,0.48477077,695.17413,0.34553376,1416.1982,0.21431199,-128.53171,-0.6544942,1734.4893,0.12744227,1096.9105,0.34825376,-119.37411,-0.6967509,2739.3376,0.107039616,1001.3052,0.2733206,-121.46356,-0.6675026,-14.087478,-0.40671635,24.35222,0.31488022,0.04452345,0.35327214,-0.021471914,-0.46215096,0.7852111,0.6505828,29.910233,0.1966312,-6.7403417,-1.3640896,15.02485,1.3209908,-13.537002,-0.7864027,-10.993161,23.746475,0.0180393,-0.013056587,0.47574311,3.7783375,3.5714288,0.117857136,0.09711397,0.132,0.21578383,-17.369343,s,Ses01M_impro04,Ses01M_impro04_F017
108,34.568504,0.093174085,32.458538,34.105267,37.408207,4.949669,97.132416,168.3109,39.528393,43.955055,0.57000476,1.0494503,0.17302147,0.29576406,0.8749022,0.7018807,12.798999,10.137942,10.145502,9.825003,0.30673236,1.5658029,29.525482,0.33129215,-4.9445615,-2.5333197,14.743241,1.0986618,-14.234488,-0.9080238,0.025449073,1.145651,1.2379586,0.56679696,6.3886366,0.4627208,5.8135357,1.7376148,22.546501,0.4230407,671.81714,0.34600076,1355.903,0.19408524,-118.54001,-0.764505,1748.1112,0.1291071,1065.061,0.29794064,-116.598854,-0.72711194,2757.2659,0.089884974,1033.3574,0.33357298,-118.20745,-0.7049949,-13.318167,-0.51018393,22.222136,0.3670639,0.02596716,0.92461336,-0.016172584,-0.81165147,0.41055956,1.2896807,31.919935,0.27883586,-5.276871,-2.6391737,16.766756,1.018677,-15.646382,-0.8779682,-9.760333,19.883387,0.009009802,-0.006483704,0.21866752,1.660281,3.2133677,0.136,0.11095945,0.16782607,0.20627032,-21.46841,o,Ses01M_impro04,Ses01M_impro04_F018
109,36.29226,0.10228847,33.119713,35.756386,40.45277,7.3330574,61.362743,40.440704,45.101257,57.542534,0.8427373,0.9039562,0.21430662,0.48046347,1.5079455,1.293639,14.793341,11.408882,12.418924,9.695791,0.4824407,1.321981,26.452118,0.3419455,-9.563654,-1.2505033,13.867501,1.3999064,-18.645971,-0.82631356,0.026025072,1.1112775,1.1915594,0.59582907,7.2460704,0.46560785,6.768955,1.5328813,17.669773,0.5322418,701.15375,0.37928614,1258.3224,0.21272203,-123.70293,-0.73332614,1773.2977,0.13788423,1001.71204,0.3564292,-114.44294,-0.7555824,2754.6611,0.0924554,1048.6553,0.34471595,-114.649506,-0.75400555,-10.727055,-0.6364732,19.136497,0.46073514,0.031952187,0.80693823,-0.020632155,-0.7096894,0.6818716,0.9869405,27.572884,0.3354202,-11.174932,-1.2904027,17.020653,1.1855509,-21.270342,-0.76622134,-7.3264813,17.857285,0.012659206,-0.00589378,0.31206053,2.898551,3.2352943,0.13636364,0.10083945,0.16700001,0.211,-18.365625,o,Ses01M_impro04,Ses01M_impro04_M019
110,31.082563,0.16956294,26.132893,27.968102,35.835636,9.702744,101.349655,78.5527,35.52822,36.557327,0.25037187,0.621726,0.10813475,0.19266698,0.41848338,0.31034863,2.7316637,1.4178994,2.9777935,1.921252,0.08758875,0.8876982,24.034576,0.43451315,2.3323078,3.9645114,16.618334,0.7490319,-8.175315,-0.86990136,0.017861132,0.80813336,1.3861924,1.0423255,5.6680284,0.35788664,5.384683,1.5579814,25.635994,0.31616238,592.96783,0.38393447,1340.6687,0.13329533,-170.20772,-0.39353326,1698.3544,0.15881306,992.958,0.3103793,-169.04027,-0.3794659,2709.1143,0.112927794,1011.0381,0.17450422,-169.4705,-0.37430757,-17.6796,-0.33638525,25.646029,0.34222716,0.0132710105,1.0982769,-0.013543958,-0.74490076,0.15985811,0.3071218,34.28971,0.13131632,3.4680378,2.5707293,22.830635,0.72519463,-5.436264,-1.5148062,-10.41954,19.47986,-0.006163241,0.001815859,0.074296296,3.846154,1.4778326,0.11666667,0.06944222,0.4025,0.24066314,-34.98263,dag,Ses01M_impro04,Ses01M_impro04_M020
111,33.495777,0.04330609,32.41422,32.95526,34.541653,2.1274338,13.118984,5.6164937,20.258123,17.975885,0.18062012,0.41703215,0.10912582,0.1652969,0.23942527,0.13029945,1.4711596,0.7377231,1.0156441,0.6246574,0.05232813,0.4685757,29.615509,0.21509688,0.35958415,24.012922,19.569002,0.34105718,-10.052456,-0.6586521,0.02082239,0.780273,1.5001726,0.45981684,6.437319,0.29144993,3.7456543,2.6875103,24.598627,0.38570154,590.59625,0.28980953,1434.9324,0.12403481,-153.5436,-0.50262696,1685.4204,0.110879794,1093.7192,0.2837995,-154.66647,-0.4716123,2740.311,0.09335574,1041.8972,0.27611282,-156.59027,-0.44604406,-16.629162,-0.3754722,25.889435,0.2708178,0.007836222,2.0477688,-0.014247881,-0.6258107,0.07103594,0.31213334,33.938812,0.13813543,0.3822588,32.26328,20.049643,0.3339854,-9.249223,-0.75443834,-14.046715,23.438812,-0.0028483854,-0.0036373432,0.04634686,2.7295287,2.763819,0.08454545,0.061254114,0.235,0.2565963,-41.028107,s,Ses01M_impro04,Ses01M_impro04_F019
112,32.931206,0.041111827,31.784632,32.717175,34.06467,2.2800388,24.991798,11.08047,14.117913,5.5779753,0.16857632,0.55491877,0.10404607,0.11059547,0.28945383,0.18540776,0.9642437,0.63347524,0.93266237,0.5305679,0.046826247,0.66263735,32.187077,0.19278325,-3.644676,-1.5284799,14.893697,0.60019535,-8.630667,-0.72049546,0.011565491,0.8557161,1.1402264,0.74974734,6.8274007,0.3320706,3.0882294,3.2342792,20.681524,0.5015053,586.6138,0.3457212,1427.5397,0.09838883,-153.72412,-0.5275531,1619.5615,0.12824413,1146.9769,0.1804194,-154.47945,-0.50180876,2545.4429,0.13695821,1263.6173,0.47374102,-155.9289,-0.481104,-14.216043,-0.39290234,23.750154,0.22079137,0.017727436,1.023338,-0.01589911,-0.70328593,0.08412585,0.26456162,41.00079,0.10568552,-6.928576,-1.3657309,12.12922,1.1339539,-4.414007,-1.9921051,-13.235255,23.520126,-0.0017604171,-0.00027519712,0.03468569,1.6877638,1.2931035,0.18666665,0.077602975,0.56,0.37744755,-40.39069,o,Ses01M_impro04,Ses01M_impro04_F020
113,31.618406,0.12936352,29.128323,33.19576,34.462425,5.3341026,42.05526,34.06593,17.93819,0.0,0.19286583,0.3690854,0.1269186,0.18171531,0.2581057,0.1311871,1.6146605,0.92356104,1.4383578,0.59350204,0.05547967,0.5842589,28.303913,0.33374512,-0.68610704,-8.935754,16.49529,0.5694221,-6.856621,-0.8973905,0.02036666,0.67039716,1.2404057,0.38621935,6.1176515,0.3580778,7.1619477,1.3423438,26.33022,0.21112184,542.86993,0.22126205,1431.8427,0.13251874,-155.50618,-0.5138949,1625.8159,0.075388476,1025.6012,0.18504466,-157.27519,-0.475284,2659.8845,0.07133191,1002.8801,0.20432061,-158.60127,-0.45681304,-16.664684,-0.24035229,25.149055,0.10407978,0.01309996,1.0878634,-0.017456237,-0.44951028,0.08993617,0.21752335,40.36404,0.07070456,-3.6026413,-1.7632601,17.511946,0.7069444,-4.566046,-1.6213703,-11.558335,20.396786,-0.007932813,-0.0034376655,0.044563286,4.848485,1.2500001,0.185,0.114999995,0.39333332,0.16539514,-40.147896,ag,Ses01M_impro04,Ses01M_impro04_M021
114,32.643055,0.10879902,32.244904,33.30285,35.018333,2.7734299,73.19756,10.606454,25.779055,13.960634,0.20502475,0.3262396,0.14645399,0.18910332,0.2630597,0.116605714,1.3592434,0.9617176,1.155593,0.77274907,0.05544005,0.5339142,24.594831,0.38184488,0.117569916,59.560326,19.708847,0.44513163,-8.754594,-0.7411654,0.026036134,0.71143574,1.3273472,0.35200703,5.8079305,0.33875337,8.016547,1.1259836,23.368551,0.35558066,547.84436,0.33626372,1406.8138,0.14578164,-156.21765,-0.48769435,1632.7806,0.109410025,1056.7126,0.19477625,-157.0805,-0.45382047,2604.4744,0.09019616,1004.56323,0.19268994,-157.7944,-0.44372636,-15.53037,-0.29935077,23.779953,0.16748552,0.0069911676,2.2652094,-0.012776055,-0.69457847,0.084074885,0.23580332,33.41928,0.27534404,0.20590648,44.148415,20.747208,0.54310244,-6.279509,-1.0557863,-10.437373,18.200504,-0.0043861736,-0.0028325717,0.046860784,3.9145908,2.8985507,0.074999996,0.08746427,0.2211111,0.17323358,-40.631077,o,Ses01M_impro04,Ses01M_impro04_F021
115,0.0,0.0,0.0,0.0,0.0,0.0,0.0,0.0,0.0,0.0,0.1794588,0.5128118,0.10821782,0.13349903,0.25612566,0.14790784,0.4532909,0.21765575,0.29162103,0.13301434,0.043763388,0.5547181,24.632317,0.1659459,-4.761954,-1.0875229,11.174401,0.6288494,-15.116279,-0.35324535,0.0,0.0,0.0,0.0,0.0,0.0,0.0,0.0,0.0,0.0,0.0,0.0,0.0,0.0,-201.0,0.0,0.0,0.0,0.0,0.0,-201.0,0.0,0.0,0.0,0.0,0.0,-201.0,0.0,0.0,0.0,0.0,0.0,0.0,0.0,0.0,0.0,0.0,0.0,0.0,0.0,0.0,0.0,0.0,0.0,0.0,0.0,-10.171888,20.183846,-0.00017125529,-0.0038173397,0.044488043,0.56497175,0.0,0.0,0.0,1.7099999,0.0,-45.246857,oth,Ses01M_impro04,Ses01M_impro04_M022
116,33.047276,0.053828206,31.700928,33.179493,34.608284,2.9073563,30.34017,23.277258,28.907896,29.008574,0.16967593,0.3409695,0.11049484,0.16717505,0.21641248,0.10591765,1.1711353,0.8948829,0.79355353,0.5308845,0.048004065,0.52386916,30.067661,0.24403028,1.7635053,3.7884805,18.490393,0.5036233,-9.083477,-0.9615125,0.017944785,0.6175678,1.2074946,0.45461255,7.058668,0.2751249,11.185542,0.86837083,27.163641,0.27314395,602.8769,0.3533179,1480.6183,0.12390209,-140.78903,-0.60272014,1685.8867,0.12208713,1160.8569,0.23741074,-140.57481,-0.56306523,2714.0225,0.11598431,1070.3988,0.3426706,-141.88817,-0.5459863,-18.408175,-0.2395708,27.198483,0.2239538,0.009741006,1.6765947,-0.008277188,-1.0237327,0.059096817,0.3800138,35.576046,0.12649001,2.9935436,2.3424501,22.721455,0.4603769,-6.3043265,-1.5410935,-13.457521,23.007034,0.003107807,-0.0035583135,0.04190204,2.2590363,2.2761762,0.14266667,0.06942301,0.27533332,0.25492132,-40.64657,o,Ses01M_impro04,Ses01M_impro04_F022
117,32.69893,0.10771867,29.566568,32.867397,35.211414,5.644846,110.38557,117.456955,24.920671,18.732996,0.6495462,0.7919829,0.16663978,0.525976,1.0202479,0.85360813,12.976446,10.062321,8.416785,3.9877007,0.3391678,1.2194182,24.195686,0.500446,-2.6078007,-4.271464,16.946323,0.7582721,-13.854836,-0.93464303,0.033885285,1.8686262,1.1827527,0.62295246,5.9794526,0.5302451,5.5149255,2.015089,21.602373,0.43652982,651.643,0.37937418,1288.2689,0.17946531,-126.746475,-0.70920616,1696.3774,0.17611618,979.6557,0.32729766,-124.33183,-0.6919473,2736.5664,0.1046542,881.7739,0.31086713,-126.151405,-0.6652573,-10.790012,-0.51030815,21.208067,0.34541357,0.03757398,0.61133534,-0.013261068,-1.1242476,0.54322845,0.91090155,30.084023,0.313046,-4.5884805,-2.8966675,15.808228,1.0250022,-15.105107,-1.1374741,-8.018567,16.166332,0.007827402,-0.0013862336,0.19892192,3.0206678,2.724359,0.14352942,0.06995302,0.20235294,0.28745392,-21.60792,o,Ses01M_impro04,Ses01M_impro04_M023
118,35.148617,0.0035600117,35.03172,35.132366,35.272644,0.24092484,0.0657074,0.0,0.0,0.0,0.16431694,0.4882039,0.10641802,0.13937798,0.20234583,0.09592781,1.9982318,1.4997572,0.46197036,0.3602122,0.034219928,0.545479,20.93974,0.32103562,-3.147843,-0.96215504,17.180372,0.25372574,-11.581142,-0.5870404,0.040346656,0.091837056,2.2465074,0.55597335,6.7723155,0.104445554,13.555454,0.053354483,24.726719,0.074544765,394.23856,0.015674284,1250.7866,0.029928783,-197.40355,-0.121668376,1542.7339,0.0104859695,746.3849,0.08716622,-197.84998,-0.10629148,2647.665,0.006212777,835.3305,0.07849673,-197.84666,-0.106275864,-12.023284,-0.060365,20.994446,0.056762993,0.036796354,0.135214,-0.018696878,-0.1952852,0.12858354,0.09771512,30.449556,0.040965363,-4.141639,-0.5195326,24.292875,0.18494608,-10.362841,-0.4662966,-9.206792,17.389051,-0.0016463301,0.0020329065,0.03286518,0.7092199,0.36101082,0.04,0.0,1.35,0.02,-45.96858,oth,Ses01M_impro04,Ses01M_impro04_F023
119,35.01708,0.097409055,32.970013,33.568386,38.070103,5.10009,29.24189,13.601614,63.959507,27.107233,0.5815427,0.893485,0.10440683,0.35732833,1.1526039,1.048197,8.818568,5.6858587,6.3285813,2.4655545,0.30889863,1.1126528,32.932312,0.17096001,-9.410137,-0.9819586,10.410877,1.8426739,-16.112564,-0.6927244,0.027038025,0.81986547,1.205854,0.47100714,6.116798,0.4190634,1.6748071,5.901866,23.113255,0.38034397,609.3517,0.42672795,1393.0923,0.20811647,-116.48865,-0.8063274,1627.8246,0.19389145,1098.1251,0.4171002,-111.18539,-0.80603975,2702.797,0.097589836,949.8355,0.38554943,-114.73036,-0.7483455,-9.237948,-0.43942258,23.989573,0.28463057,0.043173257,0.36712164,-0.018076915,-0.43946046,0.51405114,0.6615513,36.648174,0.12102859,-15.189198,-0.57180804,9.98865,2.4240599,-21.57308,-0.5211672,-12.207478,24.09009,-0.0015608541,-0.0022816698,0.09785126,3.8709679,2.6666667,0.17,0.0969536,0.185,0.17385337,-23.114004,b,Ses01M_impro04,Ses01M_impro04_F024
120,33.612858,0.07578198,32.00171,33.40858,34.61202,2.6103096,19.299274,7.2549534,66.180115,60.845745,0.49598658,0.81155384,0.16470298,0.36416423,0.7841065,0.6194035,8.8033495,5.225949,6.4207573,4.411742,0.24472052,1.0649775,32.696564,0.27428585,-1.3653722,-8.85141,11.331205,1.3569901,-12.4401865,-0.81544524,0.022193164,0.9801943,1.2126122,0.55282944,6.515314,0.3986949,1.6610906,5.677125,23.916807,0.4181948,570.10645,0.36710814,1336.3319,0.12547044,-111.337456,-0.8178539,1570.1698,0.1604596,1122.6313,0.27254245,-111.034744,-0.7722548,2670.6013,0.09862578,917.87036,0.37768197,-115.04357,-0.71121466,-13.203385,-0.4632708,26.145596,0.29707962,0.032282617,0.59339637,-0.016628832,-0.52564013,0.3831948,0.75234145,37.26915,0.17272046,-5.0881763,-2.7613084,9.518563,1.9554545,-14.220265,-0.7064339,-13.181916,23.373812,0.0047476776,-0.008165101,0.118727274,3.6619718,3.4285715,0.13416667,0.09953712,0.1375,0.11000947,-25.331003,o,Ses01M_impro04,Ses01M_impro04_M024
121,35.145866,0.09786411,30.51895,36.617245,38.010147,7.4911976,-3.0266314,9.22338,23.433725,0.0,0.15552625,0.35575178,0.108057916,0.13576256,0.20857903,0.10052112,0.6577592,0.63080966,0.64545,0.373801,0.045181822,0.48675036,32.367947,0.17282504,-0.0110681215,-467.9081,14.144721,0.40722165,-10.592519,-0.5541352,0.019371543,0.9690611,1.1541625,0.6212659,7.6932344,0.3715194,7.2735667,1.361369,30.694181,0.28410125,632.7659,0.32114494,1383.5432,0.15014905,-153.44089,-0.52029866,1677.8973,0.15634684,1259.6664,0.32099065,-154.67085,-0.48123312,2737.9448,0.11597546,1052.6317,0.39217573,-156.71935,-0.45461783,-18.645111,-0.21600607,29.947119,0.19860454,0.025623456,0.7626771,-0.011870763,-0.38061228,0.06620466,0.32663983,38.553867,0.07775879,1.1875385,6.259843,13.476945,0.63688534,-14.956981,-0.49707553,-14.363202,25.555624,-0.002171125,-0.0009683587,0.038551655,2.4767802,1.8867925,0.12833333,0.09227073,0.3257143,0.34972876,-41.48521,q,Ses01M_impro04,Ses01M_impro04_F025
122,0.0,0.0,0.0,0.0,0.0,0.0,0.0,0.0,0.0,0.0,0.12623553,0.35528088,0.10486283,0.11151192,0.12550351,0.020640679,0.4366903,0.23083742,0.36252812,0.30972886,0.03144329,0.59268177,26.488667,0.22031733,-0.2979489,-13.645092,15.004124,0.21156465,-8.8088665,-0.40819335,0.0,0.0,0.0,0.0,0.0,0.0,0.0,0.0,0.0,0.0,0.0,0.0,0.0,0.0,-201.0,0.0,0.0,0.0,0.0,0.0,-201.0,0.0,0.0,0.0,0.0,0.0,-201.0,0.0,0.0,0.0,0.0,0.0,0.0,0.0,0.0,0.0,0.0,0.0,0.0,0.0,0.0,0.0,0.0,0.0,0.0,0.0,-12.970449,23.292921,-0.002707996,0.0003287889,0.031646185,0.66225165,0.0,0.0,0.0,1.4499999,0.0,-46.808468,s,Ses01M_impro04,Ses01M_impro04_M025
123,24.954798,0.09468897,22.646475,24.672693,27.214672,4.5681973,84.9261,113.59224,16.193628,7.932053,0.30273452,0.5881158,0.102800265,0.28758577,0.46469623,0.36189598,3.1585243,2.3322177,2.3391376,1.1454315,0.064879045,0.6294118,24.964262,0.5048823,1.6102455,7.0874753,25.091766,0.50356597,-11.539412,-1.0350555,0.01791322,1.4322368,1.0163183,0.81042886,5.3250375,0.34856045,4.0537415,0.66364896,23.637844,0.36067978,516.7518,0.42437688,1408.2039,0.2610717,-85.43011,-1.0883651,1542.3921,0.16014554,973.5192,0.3044637,-90.789764,-0.9629955,2621.1016,0.09328479,869.4188,0.33533958,-93.07448,-0.91869587,-13.360219,-0.49674782,21.139837,0.32051244,0.02687724,0.7165742,-0.008163921,-1.5973525,0.082073964,0.4374284,31.43811,0.23962356,2.2409832,5.0748625,28.976355,0.49496633,-13.961457,-0.8402868,-6.719886,15.111274,-0.004680248,0.012638354,0.040745385,2.9885058,1.627907,0.35999998,0.4372969,0.20375,0.1959552,-35.184067,q,Ses02F_impro04,Ses02F_impro04_M000
124,34.055233,0.10867446,32.37543,33.512882,37.12443,4.7490005,535.166,721.9643,47.96143,53.19675,0.103948526,0.38497335,0.06877187,0.09294614,0.13388173,0.065109864,0.5974972,0.4154223,0.3946157,0.31348693,0.021545194,0.42180493,29.716295,0.23420034,-1.3901204,-6.079523,17.654337,0.45946774,-5.767259,-1.3366711,0.034724835,2.6016884,1.411927,0.384525,5.1916966,0.335002,8.023291,1.0789151,24.31208,0.3139608,605.7279,0.31618005,1443.1145,0.20025522,-168.83128,-0.41259015,1688.3905,0.10197216,1088.7031,0.3130614,-167.70993,-0.39963004,2671.4265,0.10214646,998.5219,0.42225316,-168.70761,-0.38508072,-13.541739,-0.3258932,20.24727,0.3174659,0.026711637,0.5784264,-0.009253766,-1.2273656,0.026814159,0.26280046,34.179993,0.10009997,-6.798268,-1.268512,17.044401,0.51298547,-9.52011,-0.9027761,-13.542196,22.758467,0.006550237,0.003682777,0.020460792,2.662407,2.0342612,0.07789473,0.07647352,0.3735,0.44569355,-49.655712,ans,Ses02F_impro04,Ses02F_impro04_F000
125,26.489147,0.22249864,21.773914,25.390675,30.073025,8.29911,37.30423,12.631094,64.701805,57.08758,0.2191484,0.6109527,0.10145273,0.18604556,0.3146671,0.21321437,3.308267,2.161087,2.8701322,2.0016794,0.05934132,0.81355226,28.13566,0.36686498,1.753327,6.180792,23.498415,0.5423275,-3.5128112,-3.9013119,0.017053453,1.3981003,1.0523401,0.75131005,5.054158,0.5066464,3.4258442,1.2241781,26.578575,0.27136868,590.9744,0.3801339,1333.0417,0.18499567,-108.26896,-0.8524995,1632.3754,0.1450865,1000.4972,0.3294626,-113.05045,-0.76179224,2678.5876,0.09869824,883.2131,0.37298298,-115.21034,-0.72899324,-14.903562,-0.4482921,22.924791,0.33189133,0.02549863,0.8780406,-0.008269769,-1.8509047,0.07688496,0.716556,31.959139,0.26467663,3.4249816,3.011038,25.254902,0.62113136,-4.78354,-3.5394423,-11.578436,20.578201,0.006405311,0.0041929334,0.044027776,3.980892,2.8892455,0.15777777,0.1390266,0.16722222,0.109382376,-36.591515,o,Ses02F_impro04,Ses02F_impro04_M001
126,36.24765,0.108033046,33.378593,36.6477,39.444183,6.06559,56.152313,55.833458,11.05707,2.6100774,0.12087248,0.363937,0.08694248,0.11115482,0.15195955,0.065017074,0.8615288,0.7210143,0.7267864,0.58754945,0.025973955,0.42539057,32.8766,0.17328447,-2.9813564,-2.813192,16.144775,0.67546546,-9.776934,-0.9392657,0.015802806,0.5995505,1.4394177,0.5874094,6.598719,0.37185824,8.858401,1.0670627,25.540476,0.33573517,593.71027,0.28272632,1348.9908,0.15268928,-136.6644,-0.6405324,1675.885,0.12239156,1011.5496,0.25839362,-133.69994,-0.622148,2715.679,0.08211685,1026.855,0.40785745,-136.04628,-0.5884949,-14.918831,-0.32840028,24.37666,0.24147585,0.022893792,0.7367896,-0.008818838,-1.3511096,0.029475613,0.47286478,35.760338,0.12923102,-4.2737255,-1.7732608,13.721934,1.0239125,-14.232357,-0.6116648,-13.908995,22.041187,0.012979459,-0.002929039,0.02436603,2.7972028,3.301887,0.10071428,0.06891654,0.16933332,0.16739042,-46.897003,s,Ses02F_impro04,Ses02F_impro04_F001
127,32.309723,0.1323213,31.70092,32.850056,34.181076,2.480156,368.53247,484.81805,19.661322,8.044275,0.13019967,0.5400428,0.08057319,0.11070735,0.15800905,0.077435866,0.5531177,0.22323728,0.36399156,0.18015605,0.025679115,0.5956157,31.522602,0.18066636,-4.585469,-1.8940008,16.843107,0.5830012,-9.149951,-0.87222695,0.015241783,0.8548247,1.3265665,0.4654753,4.9067287,0.35286477,5.2537045,1.5350829,21.698153,0.39987776,625.8073,0.33214557,1377.0013,0.12951596,-149.10233,-0.5537814,1640.1786,0.14958473,1129.8741,0.27267823,-148.91466,-0.5284772,2657.4849,0.09439837,985.46405,0.32058144,-150.56018,-0.5059474,-11.747556,-0.38273957,22.377285,0.2610083,0.015739202,0.8265535,-0.004719533,-2.5201757,0.026278062,0.44250432,33.540585,0.18374793,-5.37091,-1.9532096,13.717589,0.88813925,-10.842261,-0.8477293,-12.45814,21.069784,0.010462344,-0.00075502216,0.025708415,1.5280136,2.3972604,0.10785714,0.06189606,0.26933333,0.24618332,-45.510395,s,Ses02F_impro04,Ses02F_impro04_F002
128,23.187506,0.12703206,20.723446,22.976067,26.417524,5.6940784,126.734085,127.41038,5.7438655,10.77802,0.31328171,0.7788199,0.119534194,0.22955033,0.49631527,0.37678108,2.9544644,2.3570602,1.6946604,0.9441083,0.0663785,0.7879175,27.31779,0.4691149,-1.3895155,-7.665144,23.102026,0.54493636,-5.3722205,-2.1282506,0.0119617,1.0547996,0.9052871,0.6805506,4.9000444,0.4129336,4.11925,0.9158404,24.088305,0.3071899,507.5638,0.4642386,1290.9207,0.15118319,-89.31694,-1.0603459,1519.466,0.18295698,896.6542,0.25529465,-91.90072,-0.9831351,2608.4033,0.112624034,864.7648,0.2872473,-96.499435,-0.89638245,-11.508578,-0.51201916,21.788197,0.30376798,0.024897333,0.65832955,-0.0047435015,-2.7273185,0.08650065,0.6400923,32.77313,0.24648103,-1.8668894,-4.722708,24.922108,0.58611643,-6.0369534,-2.2028658,-7.718541,15.844111,-0.0033421328,0.009158007,0.039841786,2.6748972,1.8711019,0.2988889,0.2564477,0.19299999,0.10798611,-33.62434,s,Ses02F_impro04,Ses02F_impro04_M002
129,35.822285,0.21513641,29.18719,37.856236,43.181522,13.994333,183.98909,129.8319,194.97237,262.76276,0.14512964,0.5405176,0.07674304,0.12969872,0.20398252,0.12723948,1.1614575,0.5615158,0.72373134,0.38450253,0.035262156,0.5635622,32.498344,0.1690531,-4.5406446,-2.4304159,11.778891,1.1104985,-9.406705,-1.0242051,0.029417383,1.3213409,1.3102865,0.46090204,5.275549,0.5734604,6.4005446,1.1539024,25.606144,0.34188098,690.19495,0.28805327,1451.0364,0.15905812,-153.97147,-0.52398384,1631.4371,0.12163824,1090.616,0.21901247,-150.02959,-0.5326273,2791.5352,0.09169687,861.42535,0.43861043,-153.08177,-0.49048734,-9.657059,-0.5913233,25.159319,0.29227483,0.028742244,0.5975751,-0.0010045194,-11.098755,0.047720186,0.4103789,35.236168,0.14954296,-10.202851,-1.1209115,2.099699,6.930393,-13.217689,-0.6978311,-13.011556,23.34369,0.011077692,-0.0002865738,0.030819569,2.5139666,2.2503517,0.109375,0.06923409,0.29588234,0.40946245,-44.17675,o,Ses02F_impro04,Ses02F_impro04_F003
130,27.835308,0.12479182,24.83974,28.051281,29.006878,4.167137,142.78493,162.46896,47.53643,67.758675,0.18341543,0.76360786,0.06872909,0.14528395,0.24573141,0.17700233,3.334753,3.3167386,1.7180928,1.047913,0.053465787,0.90187705,30.433556,0.2691198,4.015885,2.4743605,18.213655,0.6341032,-4.842796,-2.4193077,0.019219521,0.7060199,1.0978999,0.5439446,6.058813,0.40015897,9.49837,0.8090449,29.658451,0.3100722,601.1544,0.43066275,1356.3582,0.15214881,-151.70099,-0.52607554,1676.805,0.17212069,1019.37616,0.4242911,-152.90811,-0.4956462,2756.9292,0.09797938,900.52594,0.36584988,-153.84189,-0.48225734,-17.184324,-0.40222877,26.593248,0.31411493,0.022063525,1.0555385,-0.007077622,-1.4728634,0.08376601,0.71971923,31.976263,0.34483922,9.259043,1.278289,23.227512,0.63832474,-5.1617665,-2.5493546,-13.967845,24.39182,0.003265912,0.0013726503,0.042452954,2.359882,2.0958085,0.11857142,0.05591539,0.39333332,0.49597266,-37.727715,dag,Ses02F_impro04,Ses02F_impro04_M003
131,32.339474,0.1735877,27.09521,31.657278,37.821213,10.726004,238.10599,253.76624,76.21291,83.00209,0.19978248,0.9050672,0.0758987,0.12788002,0.29319635,0.21729764,2.2772105,1.5316037,1.1096725,1.375175,0.05260962,1.0872067,29.429049,0.23181842,-1.2641212,-7.9810486,20.506216,0.55452466,-10.045021,-1.0872052,0.016697131,0.83748645,1.0933355,0.46195325,5.9062905,0.42453733,9.09474,1.181859,23.168612,0.38693124,591.0811,0.32350817,1367.8228,0.15804373,-144.75974,-0.59104943,1661.6968,0.13675623,940.50433,0.32136086,-144.60326,-0.56880736,2713.7908,0.08227353,889.87427,0.3736259,-145.87894,-0.5502686,-12.619732,-0.48829207,21.59798,0.3452578,0.03361267,0.5620581,-0.009160656,-1.0369318,0.082265526,0.7372631,32.93053,0.21488054,-6.363702,-1.880328,21.031103,0.74461657,-14.922185,-0.6553519,-13.722051,21.321072,0.011060347,-0.0017724453,0.03897997,2.0637898,1.9047619,0.14899999,0.09954396,0.354,0.4022238,-36.852077,o,Ses02F_impro04,Ses02F_impro04_F004
132,27.154598,0.13942128,23.75196,26.748844,30.074524,6.322563,120.566574,170.72264,72.00673,126.93318,0.29196686,0.6873639,0.108065315,0.247232,0.4620071,0.3539418,4.722708,2.5341675,3.1474073,2.0486693,0.08608788,0.8745074,27.668478,0.4146314,1.3952177,8.435553,22.688265,0.6401025,-7.855858,-1.6950504,0.023242397,1.2259809,1.1460459,0.701847,5.1134396,0.49380225,5.7884607,1.0268807,24.286526,0.35483122,576.66815,0.39899033,1313.128,0.16746433,-113.542366,-0.8222356,1618.2172,0.16486898,938.51544,0.35482028,-116.49752,-0.75409037,2674.8984,0.10421532,864.6632,0.41019103,-117.997406,-0.7302232,-12.653609,-0.4991888,21.250902,0.35811928,0.033379328,0.67224175,-0.00953227,-1.3639275,0.11301681,0.5205514,31.09821,0.29357415,1.5303884,7.9681215,24.805874,0.7134336,-10.289358,-1.4481481,-10.689857,19.138111,0.0084238,0.0010753408,0.063836224,3.1660233,2.3255816,0.188,0.17582944,0.22862068,0.1872436,-33.968357,o,Ses02F_impro04,Ses02F_impro04_M004
133,33.628983,0.10558635,30.861828,35.32601,36.46481,5.6029816,229.21489,312.411,124.41645,199.6069,0.1313064,0.7076827,0.07812878,0.10521385,0.15024939,0.072120614,1.4961364,1.8112084,1.6489222,1.9347571,0.029936867,1.0642152,29.729053,0.23380043,-0.3601697,-24.018509,18.13537,0.5284958,-8.76732,-0.89913386,0.028444828,1.8565087,1.2304907,0.44141856,5.505711,0.38072747,13.394557,0.85436076,29.254745,0.21759497,632.7169,0.36031923,1424.3737,0.15819718,-162.7766,-0.448915,1680.0957,0.14584823,1105.4148,0.26144105,-161.63,-0.4372288,2714.4255,0.105647154,965.8391,0.2716271,-162.8658,-0.41955024,-14.876456,-0.3396201,24.44536,0.26110676,0.035318263,0.5997225,-0.004289904,-2.8448806,0.052021567,0.99745727,32.907074,0.20529164,-0.334445,-27.708792,17.320238,0.84073424,-11.475036,-0.77124995,-13.454633,21.897902,0.009868509,0.00048657035,0.024147535,0.8333333,2.511628,0.07481481,0.06876533,0.3025926,0.25141954,-41.104317,s,Ses02F_impro04,Ses02F_impro04_F005
134,25.897108,0.15783699,22.96944,25.23807,28.949905,5.980465,37.812893,30.260695,124.19978,190.10027,0.26791403,0.6786348,0.099152684,0.2312259,0.3985597,0.299407,4.125972,2.456475,3.3418415,2.1092181,0.070759155,0.807715,25.307291,0.42883277,2.6376712,3.7270153,21.811462,0.60495734,-5.1432023,-2.1669497,0.020593058,1.0217397,1.2712617,0.6802091,4.6479936,0.5425228,4.8213243,1.0740926,21.883652,0.3784312,538.06085,0.41739655,1303.1785,0.16102599,-119.248146,-0.7730739,1576.8839,0.16898416,900.34875,0.29965457,-122.270744,-0.7184498,2658.045,0.099708185,832.1086,0.35835436,-124.10009,-0.6906547,-12.753409,-0.49927333,20.886278,0.361538,0.031759568,0.6540171,-0.007770228,-1.5980955,0.096072555,0.61896795,30.595915,0.23476334,1.8653486,5.908046,23.149733,0.613101,-5.441122,-2.5509963,-10.124081,17.647554,0.009321971,0.002993453,0.052846484,3.9473684,2.65252,0.1495,0.11842612,0.21789473,0.2295666,-35.483265,o,Ses02F_impro04,Ses02F_impro04_M005
135,35.550934,0.14514509,30.005491,36.805065,39.136982,9.131491,35.5468,23.85482,168.3601,177.2864,0.20076157,0.87215173,0.08930145,0.14312832,0.24578765,0.1564862,3.1044204,2.7726827,2.4140892,2.2281923,0.050959434,1.1053121,28.456831,0.22911707,-4.8293076,-2.23128,19.806404,0.6547789,-12.108106,-0.825381,0.019114837,1.1234788,1.3088598,0.5003222,6.3036933,0.36096907,9.4304695,1.0173839,21.159327,0.38556102,641.6958,0.32446158,1393.8684,0.19069853,-141.54517,-0.60315096,1692.0203,0.11900195,1001.6357,0.35405588,-135.20383,-0.62221366,2714.0337,0.088219374,933.1479,0.37362158,-136.19426,-0.6087181,-11.854986,-0.3940806,19.600653,0.29606575,0.038177796,0.5205062,-0.009835634,-1.1107514,0.07197794,0.94365567,30.193214,0.20295589,-7.439136,-1.4894711,20.349825,0.7407081,-16.984251,-0.59734184,-11.671366,19.608458,0.016683605,0.00036808132,0.03963436,2.4128687,2.9622982,0.10939394,0.07045047,0.22096774,0.22391465,-37.436405,o,Ses02F_impro04,Ses02F_impro04_F006
136,25.38992,0.22617173,20.811152,22.832998,30.03537,9.224218,110.68022,171.25005,55.060783,108.0256,0.2820521,0.79788226,0.09178234,0.2166745,0.43680367,0.34502134,3.1764138,1.3457808,2.2951875,1.3747457,0.07577839,1.0803111,28.036192,0.32304242,-1.2980881,-9.52272,20.354939,0.6332988,-16.181541,-1.0903959,0.018652538,1.3028867,1.076307,0.71142554,4.354536,0.54259086,4.1795387,1.5118948,22.196083,0.39548454,552.1693,0.39689377,1328.487,0.16520564,-111.992874,-0.8501846,1573.4911,0.17452122,962.00586,0.29706866,-114.3535,-0.7914992,2659.7097,0.10422439,776.202,0.36812234,-116.08929,-0.7618916,-12.197849,-0.5657456,20.63291,0.3295119,0.03235032,0.700003,-0.011943755,-1.323262,0.09296725,0.67525214,30.942972,0.28236523,0.5261999,27.569162,22.189146,0.6903451,-19.884382,-1.0083978,-10.289338,19.005756,0.010369507,0.002143468,0.062122505,2.6143792,2.1052632,0.209375,0.23982985,0.23058823,0.21005519,-34.316826,s,Ses02F_impro04,Ses02F_impro04_M006
137,25.963118,0.19559172,21.597012,26.082317,29.332216,7.7352047,35.191116,21.525301,16.585096,9.136715,0.35818624,0.6819299,0.15568715,0.2987044,0.53253037,0.3768432,5.062083,3.038758,4.238758,2.5554795,0.10469166,0.8375384,30.44645,0.31341243,-0.51990473,-22.0578,18.669785,0.9008901,-14.177386,-1.0043795,0.020396821,1.1886094,1.1382996,0.7817944,4.4927177,0.58750546,3.1223612,1.8997931,23.147238,0.3775971,586.1189,0.38474205,1321.8,0.15940276,-78.789764,-1.1578627,1592.3654,0.1623937,979.1054,0.35577,-83.6706,-1.024992,2687.994,0.10279898,792.7183,0.43948364,-86.87672,-0.9578398,-12.129462,-0.5041171,21.980303,0.345604,0.03659595,0.5970708,-0.01239298,-1.1883678,0.12829003,0.72273654,32.417248,0.2708528,0.6850044,18.072472,17.82786,1.0609937,-16.126852,-0.9765692,-9.921192,18.911922,0.0132498555,-0.0018516298,0.0668148,3.6656892,2.8064992,0.21368422,0.15691802,0.12157895,0.09337323,-31.241264,o,Ses02F_impro04,Ses02F_impro04_M007
138,34.594677,0.12008507,33.407845,35.583195,37.358196,3.9503517,93.773796,90.346436,20.481718,26.663836,0.1278737,0.5458429,0.07483556,0.11475891,0.1587945,0.083958946,1.2535763,1.3856872,0.9531146,0.9640099,0.025530951,0.71696085,30.557552,0.17342895,-5.8665247,-1.642878,17.006031,0.57568824,-11.376765,-0.885347,0.017003706,1.3637872,1.1660435,0.46486446,6.2398953,0.39231953,6.676632,1.628837,22.20776,0.40443882,617.9612,0.34276292,1407.2325,0.1408513,-125.21039,-0.7367281,1642.2078,0.12938207,1085.1497,0.27335644,-122.20247,-0.7215985,2666.0898,0.09280295,984.0894,0.307481,-124.38469,-0.6884159,-12.105285,-0.43068722,21.33766,0.30733564,0.030642375,0.5433954,-0.0039146137,-2.55231,0.029622924,0.6714929,33.086,0.13004588,-9.56311,-1.102861,15.131036,0.81502104,-15.627664,-0.6319877,-12.735276,20.652805,0.011715183,0.0005442887,0.022792667,2.0386267,2.6968718,0.146,0.10059821,0.19653846,0.19798878,-45.835693,s,Ses02F_impro04,Ses02F_impro04_F007
139,20.680964,0.12074219,17.897976,21.275023,22.638752,4.740776,136.01256,222.97807,19.465857,18.854889,0.22072029,0.6299689,0.09272115,0.20054433,0.31986466,0.22714351,2.397706,1.4511173,2.6258242,1.4587559,0.05087075,0.7401456,28.0191,0.38835368,-0.81697017,-13.077495,22.593828,0.6264178,-7.658791,-1.6110699,0.01678726,0.68426526,0.98372585,0.7242842,3.5175655,0.5172863,4.0378923,0.8297613,22.865198,0.30036935,555.50616,0.3888321,1342.362,0.15640688,-101.411964,-0.93072593,1571.6495,0.15420349,984.03845,0.31502736,-107.216225,-0.8244499,2628.983,0.098760985,822.3438,0.28974378,-108.781845,-0.7981447,-13.134374,-0.4488927,20.759462,0.32139271,0.019695409,0.89855075,-0.009209099,-1.5818838,0.06654059,0.43155706,33.91875,0.24565452,0.51679504,17.913328,26.137005,0.6485336,-9.275964,-1.6198187,-8.979614,17.1164,0.0048921,0.009420853,0.03576678,2.8925622,2.2964509,0.21181817,0.14658651,0.18583333,0.17731601,-37.4726,ag,Ses02F_impro04,Ses02F_impro04_M008
140,39.28615,0.11543636,35.705376,38.93115,43.423027,7.7176514,239.34297,466.97922,88.455505,114.48915,0.13894153,0.46288228,0.08404274,0.1308066,0.18751733,0.10347459,1.1455803,0.89315116,0.7142644,0.6758719,0.029077495,0.6649596,29.217024,0.24064703,-7.8393946,-1.420062,14.202634,0.7911624,-14.825677,-0.6839671,0.022140108,0.99402505,1.3494323,0.39583662,6.3041363,0.36731708,7.7610993,1.2337567,21.313686,0.4171401,670.0291,0.30651,1441.332,0.17245252,-145.53728,-0.5678452,1678.7389,0.11600572,1133.4521,0.32411265,-136.77036,-0.60303986,2699.341,0.0871265,1004.3648,0.35735986,-138.54883,-0.5779078,-10.2638645,-0.48401693,20.539907,0.31798092,0.031125685,0.6165334,-0.004031133,-2.997708,0.036586028,0.528315,31.947075,0.16345812,-13.5376,-0.7146294,11.268245,1.2394326,-20.981121,-0.43699095,-11.312445,20.223618,0.015623922,0.0026738446,0.025266265,1.9458545,3.2285473,0.09763157,0.08694929,0.19157894,0.20553558,-46.23436,o,Ses02F_impro04,Ses02F_impro04_F008
141,22.510334,0.12446296,20.480476,21.454042,23.879807,3.3993301,47.039474,59.18017,208.7243,307.20306,0.19950074,0.7816796,0.078407906,0.1400435,0.3096845,0.23127657,2.3405871,1.4743932,2.278879,1.4760268,0.050922386,0.8717312,30.311995,0.30842835,-0.86596704,-11.581065,17.777115,0.5983549,-12.274743,-1.0063082,0.023187205,0.96455914,1.3421783,0.6205639,2.8435247,0.6882318,4.0235868,2.474839,22.493944,0.24148135,525.0011,0.39189506,1337.2723,0.12849453,-136.4968,-0.66312414,1509.6019,0.18036686,986.53925,0.2317372,-139.50148,-0.61451364,2616.957,0.08102698,719.09796,0.28485325,-141.57886,-0.58390635,-12.190829,-0.4775129,21.967222,0.2604958,0.028366745,0.61835265,-0.009685245,-1.7191703,0.076698415,0.56495553,33.75723,0.28214768,0.4490853,26.72899,19.38591,0.6779843,-19.752108,-0.7296129,-11.488169,21.327143,0.004481023,0.003545977,0.03905198,3.3216784,1.5873016,0.19555555,0.16866213,0.372,0.4271487,-38.45408,q,Ses02F_impro04,Ses02F_impro04_M009
142,23.908024,0.11525017,21.333391,23.50519,25.29549,3.962099,14.017264,0.0,-19.719622,0.0,0.2084238,0.7203533,0.07782699,0.16363406,0.3201034,0.24227642,1.8495775,0.60887456,3.054281,1.6675531,0.052186888,0.8539803,28.647928,0.40448624,0.8245335,9.868709,15.143169,0.5580154,-14.179796,-0.89154595,0.02413856,1.304724,1.321432,0.6712951,3.710378,0.5980062,2.0274477,1.6233351,24.931307,0.14291875,571.8706,0.41936088,1378.8198,0.11842336,-133.91003,-0.6913281,1538.3165,0.19818583,1081.7229,0.22296877,-136.2348,-0.6408588,2666.148,0.08619286,874.9771,0.50960857,-139.27039,-0.5964666,-11.950679,-0.47290713,24.137745,0.22540152,0.03855859,0.31447947,-0.010627294,-1.5291666,0.0913375,0.42117798,36.976208,0.22406536,-0.6381514,-13.55644,14.606818,0.6929276,-22.013783,-0.69691294,-10.735539,20.262335,0.0069841146,0.004290927,0.033332247,2.183406,1.3392857,0.24666665,0.14383632,0.3575,0.5270377,-37.63538,o,Ses02F_impro04,Ses02F_impro04_F009
143,22.433296,0.11299729,20.410002,22.135439,24.65326,4.2432575,132.872,206.67703,26.12599,13.79079,0.24385333,0.6226418,0.1066045,0.21383941,0.36797374,0.26136923,3.4100256,2.1055791,2.8963082,1.5524651,0.05952218,0.74038476,29.658884,0.38713753,0.4373757,26.425137,23.834517,0.5979956,-6.9126654,-1.7349225,0.021217538,1.2065079,1.2310586,0.76246107,3.9395077,0.51322323,2.8446362,1.1565477,24.354498,0.37504724,563.24835,0.40880826,1347.4883,0.18817005,-97.36097,-0.9712622,1598.1283,0.16113098,1011.3194,0.34522772,-103.564926,-0.84989154,2646.6604,0.11227069,922.23346,0.43910408,-105.38248,-0.81943154,-13.879214,-0.46732652,22.048742,0.3737531,0.022835301,0.81643134,-0.006427351,-1.9797629,0.07465657,0.5703806,33.836037,0.24388842,1.1341327,10.84498,27.383722,0.62055445,-7.7545896,-1.6746297,-10.214266,18.624523,0.0033679963,0.004023365,0.043381434,3.8084877,2.297593,0.22095238,0.11726668,0.185,0.16196941,-36.71231,dag,Ses02F_impro04,Ses02F_impro04_M010
144,24.27141,0.17819615,21.018322,23.848019,26.263054,5.244732,54.61117,26.172504,20.479717,6.9683814,0.26370192,0.60993576,0.104296796,0.24850492,0.4085856,0.3042888,3.1548727,1.9761889,2.5844424,1.3557905,0.06899349,0.7233906,27.528639,0.4763065,4.6273327,2.5344954,21.406614,0.56649154,-3.803506,-2.6943913,0.017344393,0.76419634,0.8098889,0.61021465,4.8758054,0.45731303,5.817157,0.9149161,27.730232,0.3525273,604.90125,0.4356466,1293.4436,0.18279678,-99.70925,-0.9436781,1645.6986,0.18801434,1010.6445,0.36412755,-103.805016,-0.8488188,2688.1443,0.116042055,947.3667,0.40326008,-106.203735,-0.808123,-15.352112,-0.4782863,24.276134,0.3565492,0.02365066,0.87372386,-0.005711042,-2.1257663,0.08981579,0.527178,31.813269,0.33469805,5.135745,2.5431597,23.550476,0.5887926,-2.435869,-4.448314,-10.711126,19.195475,0.00085732335,0.0046621524,0.046568017,3.6850922,2.1996617,0.23153846,0.26886788,0.21916665,0.24424915,-33.82579,o,Ses02F_impro04,Ses02F_impro04_M011
145,34.746563,0.14643487,33.102516,34.76819,39.321526,6.2190094,130.93895,63.043182,20.085096,5.1832657,0.12413097,0.6690637,0.07365693,0.108082436,0.1478184,0.07416147,1.7328031,2.0117238,1.564705,1.9615536,0.024158599,0.9156115,29.19589,0.19206545,-3.289158,-1.9508734,19.50382,0.4517226,-12.092417,-0.7939726,0.021068403,0.59845215,1.2657111,0.39704937,5.479617,0.33368012,7.4597554,1.3411659,22.680742,0.2875485,588.27673,0.36006552,1371.743,0.13620569,-146.38654,-0.57215834,1623.1333,0.13231763,1084.7163,0.22700158,-141.69792,-0.57230926,2637.5,0.092043206,949.0999,0.32898152,-143.26302,-0.55018675,-13.280745,-0.32495052,21.75233,0.20195623,0.023048788,0.7748087,-0.0056113712,-1.4602422,0.035478152,0.9784162,31.824928,0.14847831,-4.8797126,-1.2085783,18.378344,0.62268925,-13.744047,-0.62885875,-12.768246,20.916634,0.009575608,0.0008090827,0.018939592,0.96774197,2.601626,0.114999995,0.07097535,0.248125,0.279133,-44.9606,q,Ses02F_impro04,Ses02F_impro04_F010
146,27.923891,0.15977082,24.046984,27.82124,31.813086,7.766102,42.415432,50.305477,28.657143,26.670046,0.32836124,0.6927505,0.10565193,0.29089934,0.51093626,0.40528435,3.818051,2.0629933,3.3987422,2.3882186,0.08532079,0.8348297,28.37042,0.40827593,1.8353883,6.8461704,21.02149,0.6609211,-9.653007,-1.34592,0.016186794,1.3104095,0.9377292,0.8819678,6.5960026,0.46088985,5.6490817,1.2185464,26.001696,0.35647994,542.64105,0.39433375,1326.7524,0.16681448,-93.13728,-1.0216557,1578.3126,0.16789933,985.69855,0.3254609,-97.11412,-0.90999174,2665.4634,0.097562745,835.20325,0.38167498,-99.84387,-0.8604005,-14.560575,-0.4815602,23.738834,0.36165076,0.04020071,0.55061126,-0.009675873,-1.4211506,0.11523449,0.5936355,32.758526,0.30693042,4.3018637,2.7867868,21.608683,0.71538156,-12.318714,-1.2078843,-9.32899,19.26438,0.0026013914,0.008338652,0.04655187,3.4090908,1.5954417,0.34607142,0.27502385,0.26,0.3330916,-32.11435,ans,Ses02F_impro04,Ses02F_impro04_M012
147,36.607914,0.115369566,34.46199,36.031525,38.935303,4.4733124,280.0227,481.73547,101.61309,156.92726,0.11994832,0.47316727,0.07725344,0.107891165,0.15293486,0.075681426,0.86782867,0.38410884,0.50457084,0.42955923,0.024724593,0.6186999,29.331905,0.1975124,-2.7369576,-3.3126554,18.816278,0.5130652,-11.230371,-0.8306861,0.0212171,1.2107338,1.3604696,0.4224917,5.9389844,0.3823303,7.412173,1.2736894,20.999882,0.3991502,619.91284,0.30997342,1414.634,0.1384762,-152.19472,-0.52826345,1661.9879,0.1179752,1113.9731,0.32696933,-147.40192,-0.535179,2649.8977,0.08984909,984.6606,0.34255165,-148.5114,-0.519801,-12.695963,-0.3577399,20.992838,0.2575677,0.030031268,0.5580401,-0.005274801,-1.8468229,0.028208597,0.48062474,31.53742,0.15460463,-6.969766,-1.4105629,17.981049,0.64724714,-16.97457,-0.5218504,-13.428117,22.051056,0.011291475,0.002082884,0.023372965,1.8404908,2.7678113,0.094814815,0.08623268,0.2461111,0.24548075,-47.56026,o,Ses02F_impro04,Ses02F_impro04_F011
148,25.56578,0.15624116,22.477837,25.041267,27.72424,5.2464027,209.63405,303.45856,28.08013,26.160479,0.32730386,0.7009313,0.120615184,0.2855647,0.49276817,0.37215298,4.131864,2.3544562,3.4487805,1.8682445,0.08944004,0.8089285,28.027668,0.36095005,-0.2777063,-39.724247,24.414907,0.5853642,-7.206982,-1.7385336,0.01908846,1.0854743,1.0736338,0.72811174,4.600272,0.5203432,4.553754,1.1364448,22.87422,0.38416612,558.06915,0.40709525,1300.1632,0.16500378,-91.54018,-1.0310956,1617.3005,0.17050974,956.0689,0.3630393,-97.17341,-0.9087869,2656.4165,0.10611001,900.61743,0.41096413,-98.397156,-0.886544,-13.199708,-0.5090681,21.31143,0.38878614,0.03115021,0.628773,-0.009314901,-1.5205141,0.11314366,0.6275257,31.691916,0.28222457,1.7241516,6.4249573,24.267826,0.6660073,-7.9204926,-1.8628953,-9.315128,17.530773,0.0068737087,0.004232331,0.06010756,3.5007613,2.36822,0.22677419,0.15861064,0.18689655,0.14210495,-32.85443,o,Ses02F_impro04,Ses02F_impro04_M013
149,33.003223,0.15109262,31.714264,34.36626,37.444645,5.730381,51.569473,35.70212,21.10732,0.0,0.19748206,0.74451673,0.09049969,0.14210327,0.30199337,0.21149367,2.013017,1.3582842,1.0031227,0.9260946,0.037904017,0.8109512,31.13373,0.17377585,-10.31541,-1.0298693,15.8962755,0.91167784,-10.135177,-1.0111139,0.012190253,0.8121268,1.325961,0.4535052,4.6413918,0.48757035,3.8272436,2.0690997,22.647968,0.2867965,598.9892,0.30097827,1354.18,0.12704515,-121.08422,-0.77742004,1594.7688,0.13123976,1075.732,0.19479468,-121.2533,-0.7467191,2628.7976,0.08856209,1052.6029,0.447865,-125.19436,-0.6865946,-11.157836,-0.45547307,24.282684,0.2153588,0.023706941,0.6887541,-0.003118179,-2.5293813,0.04129794,0.77768165,35.460335,0.08254884,-10.237685,-0.819462,7.52526,1.0043138,-13.896232,-0.7405631,-8.41548,18.186377,0.011286664,0.0052730027,0.036470316,1.7937219,2.293578,0.172,0.18583864,0.20166665,0.14915502,-41.269436,o,Ses02F_impro04,Ses02F_impro04_F012
150,25.36714,0.05278553,23.701468,26.253609,26.472158,2.770691,44.820885,8.03343,21.884745,11.85447,0.13113874,0.7808318,0.06347044,0.07770917,0.19894427,0.13547383,2.1485162,1.3547685,1.7845773,1.5761813,0.034347113,0.92761254,27.800875,0.2290484,0.18340406,59.782276,18.05945,0.64655685,-6.9431615,-1.3703206,0.01729854,0.75509614,1.1364465,0.43800834,3.8238492,0.597961,9.086449,0.48243898,25.360888,0.20118214,678.823,0.29536274,1337.9807,0.20097177,-186.64755,-0.2587243,1770.1002,0.14357205,787.3111,0.4368742,-187.12927,-0.24965727,2911.577,0.10343896,841.66064,0.18538445,-187.7102,-0.23915851,-10.486834,-0.38354883,21.357948,0.25320765,0.033781897,0.3782859,-0.022441994,-0.5155466,0.08043128,0.26321882,32.422276,0.28984323,0.6899892,14.535921,17.39799,1.4693992,-20.768616,-0.46219057,-12.899178,23.419422,0.00027994573,0.0050169243,0.03108003,2.811245,0.81135905,0.08,0.041231055,0.904,0.62182313,-42.765934,dag,Ses02F_impro04,Ses02F_impro04_M014
151,38.130867,0.12249934,34.77909,37.550194,41.379707,6.6006165,84.72184,88.72149,53.733612,40.66164,0.11923043,0.47322685,0.06443963,0.10573581,0.17050885,0.106069215,0.82547784,0.44571874,0.58735645,0.28167847,0.024568265,0.62728435,30.615866,0.17875133,-5.3170915,-1.7890385,15.739436,0.61425793,-11.429631,-1.0174633,0.017648416,0.80021137,1.3103293,0.44428793,6.613551,0.38400704,6.3624983,1.3278732,20.037151,0.4739753,717.6977,0.295327,1405.7893,0.17245327,-150.00671,-0.5447247,1721.7432,0.13199809,1136.8877,0.29692402,-146.00453,-0.5522455,2728.1528,0.08575833,970.9002,0.3271003,-147.47293,-0.53170896,-11.459013,-0.44416106,20.814085,0.31009096,0.032970205,0.6443061,-0.002544704,-4.425109,0.034365173,0.49501878,33.127903,0.15952715,-11.602202,-0.87252873,12.235728,1.0068412,-17.544502,-0.7368621,-13.172873,22.453903,0.0075851385,0.003339043,0.020509081,2.5699599,2.3482246,0.116341464,0.094939165,0.296,0.3276111,-47.296852,o,Ses02F_impro04,Ses02F_impro04_F013
152,26.220848,0.13646495,23.00499,25.638763,29.61559,6.6105995,93.83723,103.11178,20.734129,10.456756,0.26795408,0.5975023,0.117411375,0.24864957,0.40516925,0.28775787,3.6845057,2.9166873,2.5404043,1.8071108,0.072302595,0.80077434,29.458279,0.37421495,3.3300812,3.40376,19.820023,0.69323695,-8.34011,-1.7965101,0.018624902,1.1630964,0.9822526,0.73587453,5.5454845,0.48955724,4.1204157,1.4511199,27.699577,0.3396224,558.02924,0.3970022,1353.9562,0.16693276,-99.7937,-0.9382633,1602.4073,0.1758729,1019.0408,0.31566617,-104.43056,-0.83254415,2701.0842,0.10842716,886.99365,0.35928124,-107.44389,-0.7828447,-15.297654,-0.48102665,24.909483,0.32738632,0.030510921,0.6325887,-0.010384453,-1.520424,0.0912767,0.702804,34.189217,0.26689872,5.103328,2.197071,19.975405,0.79900885,-11.023691,-1.5655191,-10.902383,20.63487,0.0023025526,0.0056462795,0.05158855,3.2131662,2.5963807,0.19424242,0.16331844,0.17030303,0.16260168,-34.861923,dag,Ses02F_impro04,Ses02F_impro04_M015
153,32.530346,0.19596669,26.160006,32.426632,37.23208,11.072073,184.89464,174.98228,63.545723,51.936916,0.16284552,0.7435536,0.082722805,0.11495767,0.20735626,0.124633454,1.5982339,1.0948704,1.4980984,1.311564,0.03840491,0.964006,32.959347,0.19223775,-3.860018,-2.398655,15.585276,0.60083693,-11.696339,-0.738296,0.02893881,1.4675189,1.4996452,0.65330225,5.3649287,0.44677293,5.911175,1.5012373,25.37589,0.29415908,594.2159,0.32824576,1415.9226,0.13891359,-120.14738,-0.7713551,1611.5667,0.1363406,1135.0944,0.22043574,-119.69827,-0.7310511,2670.3496,0.08953191,975.9654,0.3664326,-122.921776,-0.68266356,-14.183937,-0.34875363,24.803253,0.21223716,0.032712333,0.5397274,-0.008546818,-1.4909971,0.052772224,0.81823945,36.147938,0.1641207,-4.282544,-2.466443,13.708871,0.8257893,-16.035994,-0.555288,-13.042362,22.916748,0.010199166,0.0012900804,0.027526801,2.0558002,2.6627219,0.155,0.106314525,0.18947369,0.119976915,-40.26384,o,Ses02F_impro04,Ses02F_impro04_F014
154,28.494556,0.23027764,22.186619,23.730906,35.395462,13.208843,177.03476,0.0,110.72609,57.97847,0.16786458,0.7040636,0.09154648,0.121295586,0.18995817,0.09841169,0.9997861,0.31429258,0.7815864,0.9175344,0.03816091,0.8865359,34.74926,0.15860255,-5.987902,-1.3093259,14.573535,0.5823786,-10.440147,-0.7244862,0.022244489,0.693316,1.3650652,0.3877252,4.466037,0.76186717,7.518029,1.5489311,29.574972,0.2501928,763.25073,0.23578137,1335.8639,0.10439349,-156.68654,-0.48664942,1768.0469,0.07634815,1131.3645,0.21217734,-158.96504,-0.45591387,2963.2373,0.053719364,854.79736,0.23906328,-161.01016,-0.4275047,-14.57078,-0.3622531,29.630274,0.12946828,0.02811627,0.4686125,-0.0055629034,-1.7083807,0.047757,0.67175645,39.611412,0.20176063,-3.8324878,-2.180625,13.074487,0.42206448,-15.7439785,-0.5803178,-11.779091,22.637764,0.019760465,-0.0044638976,0.037944373,2.7272727,2.970297,0.06666666,0.03091206,0.25,0.029439203,-40.795242,b,Ses02F_impro04,Ses02F_impro04_M016
155,27.721529,0.17538762,24.018427,26.751602,28.126472,4.1080456,50.113007,50.6388,48.144344,24.752691,0.21104847,0.65267444,0.093055286,0.17756394,0.32132298,0.2282677,2.2890718,1.3148557,1.8334914,1.3494879,0.052388556,0.7923999,34.265797,0.18718071,-1.8332322,-5.296878,17.830906,0.54676783,-14.619363,-0.6725739,0.018225698,1.2524031,1.3461828,0.53818244,4.9397326,0.4689813,2.8365805,1.4517971,26.025381,0.2624969,566.01654,0.35498476,1419.3828,0.15280358,-96.56518,-0.98261154,1568.373,0.1586355,1138.9427,0.21295573,-101.29071,-0.8762898,2617.7734,0.08400433,1036.6456,0.45777923,-105.16174,-0.8104386,-14.695318,-0.32271138,25.095688,0.20993206,0.038007673,0.4863496,-0.012903242,-1.3729179,0.07116812,0.5665336,36.16747,0.20696826,-0.043907557,-259.46817,17.868353,0.68173474,-20.10562,-0.45372626,-13.606768,24.441307,0.012139583,-8.52927e-05,0.031920947,2.970297,2.5380712,0.202,0.12253978,0.172,0.14998667,-37.730103,s,Ses02F_impro04,Ses02F_impro04_M017
156,37.651047,0.08610904,34.415615,37.61587,39.836395,5.42078,138.5404,247.58394,67.56929,80.18481,0.13121346,0.36631382,0.08779932,0.1261178,0.16446966,0.07667034,0.7848675,0.4162486,0.5626784,0.29246512,0.026076969,0.46098542,29.502441,0.17336638,-7.2685122,-1.1039667,18.528763,0.4653691,-10.6042385,-0.72564566,0.017872157,0.82099366,1.3328096,0.42479244,6.273012,0.36058787,8.311392,1.0547853,20.876507,0.38295728,654.42584,0.29692423,1389.8298,0.121655874,-143.63614,-0.58672976,1707.1699,0.09838849,1068.9929,0.25704196,-139.21245,-0.58825976,2716.03,0.0823282,994.5671,0.34692854,-140.54237,-0.56880516,-12.846429,-0.37803638,20.555002,0.22406462,0.027807726,0.6233365,-0.0072081764,-1.448869,0.03010276,0.36824656,32.739353,0.1185472,-9.716886,-0.83953506,17.087622,0.56803286,-14.564296,-0.4294116,-11.318299,20.846067,0.0081903795,0.0032718456,0.024218528,2.9850748,2.8785982,0.10695652,0.08353259,0.21083334,0.20991895,-47.61375,o,Ses02F_impro04,Ses02F_impro04_F015
157,22.525526,0.10887527,20.736477,22.931839,24.570007,3.8335304,144.52017,186.26794,24.53991,17.848162,0.20403591,0.6636468,0.08290667,0.16559945,0.3033017,0.22039503,2.7466025,1.7454863,1.773186,0.90031856,0.04386627,0.7547344,25.061583,0.5102132,0.8881483,13.585582,21.152893,0.5023962,-6.429072,-1.7496006,0.014068581,0.873189,0.85025424,0.82419497,4.1421943,0.5496725,2.9525616,1.3979894,23.653961,0.3267884,482.42395,0.37395558,1322.7852,0.14017501,-135.27446,-0.6659353,1520.144,0.15277794,962.2238,0.21478042,-138.68811,-0.6126365,2598.943,0.07953045,898.10297,0.37600628,-140.76453,-0.58294517,-13.356281,-0.48616096,23.116594,0.2868538,0.022905558,0.8050944,-0.004965503,-2.320161,0.063716434,0.4879765,33.73173,0.20631664,0.07656891,161.73418,24.225126,0.54144245,-7.7290983,-1.7880701,-9.187493,18.030703,-0.0008267411,0.0075571323,0.034307174,3.007519,1.8358531,0.1717647,0.14777707,0.33277777,0.34073132,-38.901455,s,Ses02F_impro04,Ses02F_impro04_M018
158,31.908438,0.1964484,22.511427,34.56098,36.438305,13.926878,370.8144,497.24838,57.871956,45.47639,0.10799207,0.6250868,0.06523786,0.085937336,0.124216616,0.05897876,0.8452429,1.2149438,0.86902165,1.5644842,0.024698574,0.78734076,32.57103,0.20687838,-0.27998424,-22.328037,13.365055,0.6450588,-10.326627,-0.8448783,0.02100363,0.7659837,1.4737693,0.49843028,5.2939615,0.3856383,7.7853255,0.8224016,31.708717,0.22265214,616.3898,0.3316781,1438.0371,0.14069794,-162.14706,-0.4570131,1600.089,0.1711934,1223.9474,0.24393864,-159.80164,-0.45257124,2741.604,0.09503821,1042.1544,0.34148782,-162.04576,-0.42076692,-15.236276,-0.3099608,29.033358,0.16397353,0.023578322,0.69883317,-0.006290879,-1.982606,0.032740146,0.6710226,38.71244,0.099754825,-0.45615482,-15.865963,8.69699,1.2059892,-16.079502,-0.7080259,-14.0367155,25.173471,0.0044317446,0.005009186,0.022530258,1.0178118,2.1766965,0.09352941,0.06850857,0.3261111,0.31041437,-45.48714,o,Ses02F_impro04,Ses02F_impro04_F016
159,25.440897,0.32574135,19.71431,22.343056,26.858196,7.1438866,301.16238,484.92368,42.125496,43.602802,0.1941968,0.700708,0.09065382,0.15800343,0.2596078,0.16895397,3.2795405,2.0363631,2.062351,1.5913923,0.050251443,0.72833955,32.713654,0.2415886,-2.2554889,-4.2851777,16.167566,0.6703664,-9.815175,-0.9838716,0.024643565,0.71154076,1.425661,0.5425808,4.026014,0.734517,5.1788926,0.8216199,23.056084,0.37549254,509.76358,0.40431616,1346.0085,0.1680734,-128.40364,-0.70944655,1496.9868,0.15299024,1018.2821,0.28174445,-129.68723,-0.66670513,2602.343,0.08193835,851.77423,0.44168222,-131.85036,-0.6357422,-14.342178,-0.34526765,23.954138,0.29594266,0.024262324,0.8955033,-0.0068759737,-1.8698117,0.06805299,0.6503677,34.713394,0.22324707,-1.5415092,-7.4271827,20.348442,0.5958117,-10.232295,-1.0827236,-12.137336,22.897902,0.005315671,0.001122878,0.039329574,2.621723,2.2770398,0.15916666,0.12990114,0.23923077,0.26231107,-38.794518,o,Ses02F_impro04,Ses02F_impro04_M019
160,41.424736,0.08235883,37.950306,42.145813,44.095345,6.1450386,91.67274,78.6092,89.55474,93.11439,0.13619122,0.52663016,0.0673661,0.12296552,0.1954128,0.12804669,0.8554988,0.44226295,0.6859625,0.45169535,0.02979047,0.7323224,27.278742,0.19187748,-8.286516,-1.1627048,14.352045,0.7829901,-18.113592,-0.6782561,0.026639057,1.6125163,1.315519,0.46468285,6.8234606,0.39225754,6.924673,1.2584305,19.71904,0.43043646,717.84064,0.26073328,1412.6655,0.16307253,-158.6542,-0.47513258,1726.8789,0.11517471,1126.0068,0.3564234,-150.00508,-0.51507336,2743.8086,0.08715207,930.956,0.3259271,-151.23087,-0.49812374,-9.45224,-0.5970903,19.597591,0.3465301,0.027618323,0.6979907,-0.0026541282,-4.89486,0.042936508,0.50583935,29.313084,0.17958029,-13.691789,-0.7796556,11.074022,1.3073133,-26.538872,-0.42590714,-10.791171,19.633724,0.0080247,0.00309335,0.024830228,2.209414,2.6061778,0.09703704,0.09091367,0.25678572,0.59075046,-46.340355,s,Ses02F_impro04,Ses02F_impro04_F017
161,21.717094,0.041636605,20.738089,21.675678,22.767979,2.02989,15.085814,0.0,-24.651718,0.0,0.07525881,0.41679397,0.055746675,0.058180615,0.10173942,0.045992747,0.43825608,0.33879623,0.60396576,0.35370553,0.016054196,0.5548691,29.541725,0.2166337,0.23673451,17.969496,14.7273655,0.28431273,-7.634557,-0.41871995,0.011458682,0.5525293,0.9348306,0.6331984,4.3952074,0.24791661,2.736018,1.164466,31.96915,0.13053341,656.7347,0.33405387,1484.3176,0.0855469,-165.93733,-0.43404216,1724.6989,0.17561261,1150.851,0.14888333,-168.64009,-0.39415702,2886.4268,0.105088495,872.9823,0.24068874,-169.52094,-0.38102305,-20.638676,-0.10008812,29.409506,0.10210774,-0.00036304796,-38.157093,-0.009591085,-0.5958196,0.026779793,0.18653597,40.781937,0.07600748,7.354273,0.4772952,21.072042,0.15532124,-8.692068,-0.4648374,-13.443657,25.290655,-0.014978164,0.00932127,0.014118948,2.222222,0.7692308,0.22999999,0.0,0.52,0.07,-49.51142,s,Ses02F_impro04,Ses02F_impro04_M020
162,25.038376,0.10268283,24.393488,25.87604,26.875988,2.4825,6.9046764,3.618957,11.788995,0.0,0.091748126,0.3268722,0.06690535,0.07957069,0.121049464,0.054144114,0.83012414,0.77205706,0.5340206,0.41610646,0.017021617,0.491571,27.066557,0.26668724,-0.6766944,-9.586045,18.15068,0.35897133,-5.070667,-1.2421242,0.014218551,0.6770395,1.1350249,0.4744009,4.87003,0.35445687,9.622183,0.76116514,30.05493,0.18614632,688.86664,0.32720363,1438.3993,0.116464235,-147.39351,-0.55941147,1683.9003,0.13335882,1223.1914,0.18601686,-149.77792,-0.5226997,2708.0076,0.080650136,1022.02905,0.22601108,-151.47662,-0.4993497,-16.766493,-0.23496331,27.68549,0.12932317,0.00815714,1.9389898,-0.00041204225,-21.857252,0.0222954,0.27822024,34.863403,0.1322069,3.1295834,1.8312794,20.196823,0.3455655,-2.4306219,-2.8798633,-11.012065,20.124643,0.00079748314,0.007986068,0.01508504,3.654485,1.3513514,0.2025,0.18046814,0.5125,0.36210322,-49.415302,ans,Ses02M_impro04,Ses02M_impro04_M001
163,30.627548,0.16549484,25.742403,29.03842,36.602726,10.860323,39.121605,30.862309,50.094776,33.985893,0.22511393,0.42656088,0.14738481,0.21315813,0.289919,0.14253418,1.8812048,0.94513416,1.4763901,0.9591178,0.05323758,0.6783874,29.459982,0.20273598,-7.53381,-1.2719115,11.541797,1.1697779,-12.470752,-0.9096442,0.015694425,0.62869245,1.0639857,0.5470143,4.6253896,0.5619237,4.5983424,1.5180087,22.214502,0.3617565,591.94073,0.40091142,1329.5986,0.14543343,-113.21518,-0.7998166,1592.9039,0.16384359,1123.7579,0.26558027,-114.090576,-0.75582,2640.6948,0.10331657,981.4714,0.24208549,-117.2823,-0.70623934,-12.423657,-0.3355861,23.266422,0.25962824,0.02759464,0.6399386,-0.007130669,-1.8111488,0.053834815,0.57264644,32.792194,0.11463742,-4.3816085,-1.9634496,15.875132,0.754668,-12.571238,-0.8998505,-7.813393,19.654964,0.015923217,-0.002883891,0.05336898,3.7190084,2.9535866,0.15142857,0.08305395,0.145,0.17073372,-39.958527,s,Ses02M_impro04,Ses02M_impro04_M002
164,38.359596,0.10419457,34.83402,39.062218,40.665985,5.8319664,40.252163,17.171421,105.17774,158.26675,0.2880835,0.45701286,0.15706193,0.2840548,0.416993,0.25993106,3.1551018,1.5732964,2.2563598,1.4257658,0.07218782,0.5748138,32.595966,0.2943839,-10.338988,-1.197708,8.270157,1.7761031,-16.24789,-0.63461745,0.037130248,1.5133386,0.99674016,0.8594723,9.367287,0.35436484,7.61052,0.9238856,22.08783,0.46308488,680.1736,0.3056208,1381.5815,0.14862706,-74.78356,-1.144909,1711.7555,0.13280614,1012.32306,0.3156816,-73.59049,-1.061328,2755.696,0.09051552,971.47644,0.35485616,-77.72768,-0.97180706,-14.290483,-0.48540273,24.728224,0.3703653,0.049518947,0.4029047,-0.01592922,-0.6033997,0.08305093,0.4660139,35.334145,0.2175694,-10.417757,-1.2114615,8.424277,1.8834411,-19.088417,-0.5295892,-8.911419,19.795565,0.02962624,0.000523572,0.04831046,3.858521,1.9607843,0.35333332,0.19610088,0.11571428,0.08295561,-34.990295,q,Ses02M_impro04,Ses02M_impro04_F001
165,27.471327,0.15412085,25.792536,26.851824,31.477358,5.684822,379.47412,385.90536,63.351963,21.06618,0.11112957,0.39216587,0.06717565,0.10010805,0.15298276,0.08580711,0.8360557,0.76031363,0.4620526,0.21590765,0.02408462,0.634175,29.059282,0.1863708,-0.7083406,-8.167777,16.523565,0.53406876,-9.676995,-0.9099386,0.017762503,1.0013528,1.3023182,0.5465044,4.059097,0.41334772,4.2392735,1.8663502,25.79281,0.20124817,487.23755,0.28292054,1396.1956,0.14788759,-155.62088,-0.49793023,1522.4045,0.08842247,1021.52136,0.20308077,-157.33502,-0.46304026,2635.5764,0.056679033,997.13055,0.33966687,-159.36325,-0.43604553,-14.650275,-0.20171994,26.065086,0.13333108,0.017142786,0.77473384,-0.0066189826,-1.7869434,0.026702719,0.37489098,32.28272,0.14663637,1.8046823,3.3657978,17.499464,0.6364291,-9.912925,-1.0403056,-12.654083,22.215002,0.011582805,-0.0027165883,0.023522109,2.240326,2.6748972,0.07923077,0.08194385,0.25428572,0.30044523,-48.278976,ans,Ses02M_impro04,Ses02M_impro04_M003
166,37.620243,0.098446846,35.554405,37.691273,40.29778,4.743374,101.34053,55.034134,26.293463,34.22529,0.29336157,0.5601823,0.15798962,0.25629434,0.3882028,0.23021317,4.0708585,3.1818688,2.0491204,1.2240142,0.0677645,0.707507,26.6807,0.4124713,-4.3436193,-3.2635686,19.897968,0.7635492,-19.798,-0.76107645,0.020139791,2.2038703,0.9486519,0.86195034,9.140544,0.35748744,8.08471,1.1542945,22.318085,0.34629172,623.44507,0.2848012,1390.0767,0.14381877,-75.25134,-1.2016736,1737.2897,0.10592353,1025.5223,0.3880589,-77.83527,-1.0350125,2711.9324,0.08694358,969.16315,0.41031408,-80.3054,-0.9815444,-13.218638,-0.34154585,19.58271,0.35700494,0.04347476,0.4053138,-0.018196639,-0.54951465,0.077886745,0.58039105,31.325129,0.264426,-8.562407,-1.58616,20.675146,0.8096379,-25.059593,-0.538031,-10.429167,16.55807,0.019117206,-0.0042783343,0.04954002,3.10559,2.2082021,0.29999998,0.25579008,0.13285714,0.085975796,-35.654644,o,Ses02M_impro04,Ses02M_impro04_F002
167,30.469816,0.18494311,26.272343,28.115479,33.955914,7.683571,141.34396,101.23774,30.619839,33.682247,0.19375193,0.74307317,0.096459106,0.1658511,0.23662508,0.14016597,2.7234335,2.8258271,0.83793205,1.5509608,0.04339161,0.9196075,29.004354,0.24085073,-1.7787392,-6.017437,17.918873,0.6265396,-12.720441,-1.0737966,0.022246188,2.8664796,1.145048,0.4634127,5.47575,0.50583386,2.700753,2.8522155,23.906168,0.35078135,585.91644,0.34867677,1365.309,0.16335839,-88.56717,-1.0465103,1631.9751,0.13404152,1073.4408,0.26416454,-92.4793,-0.9186671,2692.5647,0.08662437,929.88245,0.29160482,-95.96466,-0.8570928,-14.201366,-0.30092588,23.913029,0.27251062,0.03029278,0.5686094,-0.012325197,-1.243697,0.051717225,0.7452098,31.300371,0.20033227,-0.5804832,-20.96149,17.620483,0.7278601,-16.06777,-0.86944604,-11.167304,20.074705,0.0082456665,-0.0002213255,0.02913271,1.7142857,2.321083,0.24833333,0.17723963,0.14923076,0.253057,-39.422115,s,Ses02M_impro04,Ses02M_impro04_M004
168,35.88224,0.06807704,34.056393,35.29352,38.22228,4.165886,62.10459,86.11007,26.772339,11.698881,0.19324422,0.51092994,0.10049607,0.17592949,0.29015526,0.1896592,2.2799609,1.2478175,1.8561056,0.8196147,0.040560134,0.63277435,25.302862,0.55226415,-0.7133246,-17.309134,17.632854,0.53392893,-17.09619,-0.7201568,0.021853432,1.0312165,1.0791379,0.7600826,8.923134,0.29820976,7.433353,1.1269827,25.02513,0.2589047,688.9751,0.24742275,1341.152,0.12050965,-92.53922,-0.9870219,1772.6261,0.095582955,1031.0829,0.32047692,-97.5002,-0.85304666,2806.7166,0.071578644,911.38654,0.4037125,-100.203674,-0.8057877,-14.797033,-0.44124717,23.077114,0.31714925,0.036833793,0.53505665,-0.015287771,-0.8388305,0.051410098,0.46083337,32.475132,0.28703147,-2.9937823,-4.0255885,17.688398,0.5577294,-21.875395,-0.5665023,-7.5776057,13.867351,0.004806464,0.0018559674,0.02648489,4.249292,2.586207,0.21666665,0.08969083,0.13399999,0.07927169,-40.14726,o,Ses02M_impro04,Ses02M_impro04_F003
169,32.6091,0.11559416,29.442495,32.47603,35.895885,6.45339,108.31876,145.2512,45.372,35.78663,0.1366704,0.39692312,0.089659706,0.13122813,0.17451476,0.08485505,0.9165465,0.5613961,0.58469373,0.3149753,0.030449428,0.54921377,27.373877,0.315352,0.04247736,257.32758,11.984281,0.96641064,-9.976178,-1.1846882,0.018355524,0.7019211,1.4822754,0.45147505,4.8152304,0.38806495,5.0815682,1.7744124,24.909918,0.32560155,659.0221,0.3519648,1427.7947,0.1587778,-139.43065,-0.6152856,1640.9258,0.15724202,1206.382,0.27065527,-137.99431,-0.59549063,2706.8125,0.096385375,951.2919,0.2856553,-140.34474,-0.563491,-11.528571,-0.41352957,23.920502,0.2622786,0.034657214,0.594113,-0.0041320873,-2.8069944,0.03972197,0.42691344,31.86413,0.2114384,-2.704151,-3.7354248,8.237543,1.5226729,-12.994584,-1.0509146,-11.554214,20.431602,0.007508678,-0.000583303,0.025716402,3.1645572,2.7113237,0.11764705,0.104629844,0.21777779,0.26939344,-46.109364,o,Ses02M_impro04,Ses02M_impro04_M005
170,38.699337,0.14242275,34.275784,37.90296,44.35389,10.078106,45.569477,14.39766,148.85728,203.61992,0.28369284,0.7205631,0.11410472,0.23517743,0.4323305,0.31822577,2.7690482,1.7810582,2.7847981,2.1263554,0.08686525,0.97965103,30.552355,0.24608496,-5.499312,-2.5409596,13.206804,0.94475865,-20.183987,-0.6859757,0.03760161,2.1979358,1.0569043,0.6388025,8.354537,0.48627543,10.994962,0.9928437,23.42825,0.46067813,663.44037,0.33043092,1349.1558,0.14095688,-90.63828,-0.9903232,1723.6146,0.14825794,1080.8596,0.3094644,-93.04933,-0.8794838,2755.1067,0.08788047,1018.28455,0.42145413,-96.369705,-0.82079273,-15.200685,-0.5364,25.59047,0.31660935,0.05013327,0.39661962,-0.012278007,-1.0009254,0.0961404,0.83772874,32.221,0.22048885,-5.2382054,-3.1643662,13.399908,1.0810429,-22.36477,-0.5622449,-11.072561,22.605564,0.022822075,0.00019121099,0.07703892,2.3809526,3.4602077,0.16499999,0.16421022,0.102,0.10675205,-34.12925,q,Ses02M_impro04,Ses02M_impro04_F004
171,38.726673,0.14201175,34.199894,37.8383,44.255684,10.05579,49.45337,12.755503,115.18961,149.74222,0.25219473,0.78647715,0.07915088,0.19112131,0.3825519,0.30340102,2.8360786,2.0552301,2.906046,2.0772078,0.07414399,1.1285167,28.087044,0.31127584,-6.400759,-2.0496004,13.596423,0.8580388,-19.812965,-0.65939975,0.02415005,1.3836573,0.9489791,0.65387625,8.494997,0.45629275,10.905975,1.0028893,23.541153,0.4458478,673.8804,0.29487634,1387.6683,0.15520224,-116.285934,-0.7883593,1733.6455,0.13011353,1041.117,0.24918632,-113.34778,-0.74814975,2783.1914,0.08170659,977.1691,0.3310792,-115.94979,-0.7091991,-15.427549,-0.5258266,25.57965,0.31809098,0.050425813,0.3905652,-0.012428601,-0.971648,0.097409464,0.8482347,31.93875,0.22825216,-4.78319,-3.5074384,13.525609,1.0807524,-22.19378,-0.56557167,-8.893494,18.913982,0.014567175,0.0039901063,0.05431102,1.9662921,2.8490028,0.16299999,0.1691183,0.16799998,0.29889128,-34.9556,q,Ses02M_impro04,Ses02M_impro04_M006
172,26.052078,0.15359224,22.397432,25.102192,27.643133,5.245701,84.57836,99.43565,61.89871,49.878357,0.12244004,0.51385576,0.074795306,0.10891209,0.15207946,0.07728416,0.6603756,0.54265344,0.455813,0.24571052,0.024562014,0.63844895,27.576946,0.32906795,-1.2223542,-6.7686896,15.548708,0.6775044,-9.682891,-1.0064498,0.019510731,1.95115,1.2477763,0.41203508,3.4127867,0.5865021,5.3768015,1.496152,22.815567,0.27943274,536.2498,0.33316225,1345.6078,0.14576954,-158.74979,-0.48239216,1525.6917,0.14635329,1086.0835,0.26340303,-159.80196,-0.46079415,2596.1345,0.08821874,982.3348,0.2516208,-161.5449,-0.43632215,-13.131595,-0.27539504,23.577396,0.2196393,0.0140118105,1.1544522,-0.009620473,-1.1415691,0.03568845,0.5730781,33.223343,0.2194671,-1.7964991,-5.133542,14.665401,0.91081053,-12.598201,-0.93544793,-11.611033,20.990711,0.006333682,0.00021125056,0.021494342,1.7774343,1.784329,0.11434783,0.08721917,0.40791667,0.3478383,-46.452736,ans,Ses02M_impro04,Ses02M_impro04_M007
173,35.902687,0.06988678,34.144493,35.60266,38.194443,4.0499496,34.69301,16.771458,22.880701,17.923433,0.25586116,0.53343415,0.12924837,0.24930777,0.36391458,0.23466621,3.1041398,1.8967918,2.22542,1.2774451,0.053679362,0.69586563,28.16005,0.42468855,-5.680077,-2.3963258,18.496328,0.6601078,-17.316122,-0.6160568,0.017339284,1.4014727,0.89903194,0.87763906,9.316033,0.3146303,7.4636645,0.83048564,23.335817,0.34812126,619.53986,0.2684835,1411.6643,0.13181363,-75.30724,-1.1955583,1706.8905,0.09722606,1040.428,0.33976,-80.68896,-1.0206938,2708.9993,0.082908794,982.09015,0.33139038,-83.61322,-0.9595876,-13.118477,-0.462502,20.3666,0.4007111,0.046302784,0.38914245,-0.017685637,-0.63045716,0.06273713,0.5733692,33.48301,0.23428431,-7.8227463,-1.7770603,18.806084,0.70193815,-19.41612,-0.5142265,-7.2342005,14.316689,0.013146535,-0.0021346672,0.035190348,3.7257824,2.2590363,0.28333333,0.17253661,0.138,0.14091133,-37.46301,o,Ses02M_impro04,Ses02M_impro04_F005
174,27.261822,0.12157899,25.62981,26.722666,28.336338,2.7065277,87.4875,104.87687,21.893246,45.166447,0.12718228,0.4286881,0.0809905,0.114625305,0.15951079,0.07852029,0.98033166,0.7542625,0.6979782,0.5386086,0.0248293,0.5987808,29.533047,0.16126923,-1.8050224,-3.1935244,19.65493,0.53807306,-10.654322,-0.804078,0.020153701,1.3489758,1.127507,0.51699317,4.555206,0.47898522,4.4701943,1.4048635,23.527374,0.22914277,569.73126,0.36575806,1389.4929,0.17158933,-129.98363,-0.68891525,1604.2815,0.13235089,1040.5852,0.2241751,-132.95346,-0.63533235,2666.7896,0.07754109,953.135,0.3492845,-134.9983,-0.60564834,-13.819097,-0.23161595,23.296822,0.18155198,0.022942757,0.6423354,-0.005518798,-2.54902,0.031949453,0.52819735,31.245872,0.14134847,0.3352925,15.410164,22.832352,0.51354367,-13.267449,-0.7341573,-11.801288,21.257502,0.007010565,-0.00074422,0.020913381,2.9739776,2.2514071,0.15583333,0.14551394,0.26666665,0.33417395,-46.027122,o,Ses02M_impro04,Ses02M_impro04_M008
175,27.493113,0.110683635,25.312637,27.306412,30.54583,5.2331924,70.260635,121.30793,46.241833,41.019356,0.14205655,0.41287783,0.09114566,0.1306016,0.18458322,0.09343756,0.9179727,0.50943244,0.66319513,0.33255428,0.030641442,0.5689103,26.737492,0.26550043,-0.17506629,-46.450283,18.771378,0.627828,-7.6124377,-1.2831455,0.015349199,0.6921175,1.211528,0.4252494,4.2946067,0.4668947,3.046765,2.4019718,21.89018,0.32032573,534.9147,0.3759964,1327.7289,0.15328029,-129.68947,-0.6925902,1580.8644,0.13870157,1030.6744,0.3416933,-131.44241,-0.6495496,2612.1917,0.07761683,981.3954,0.2688375,-133.34697,-0.62210655,-13.635543,-0.29938614,22.706732,0.2674217,0.024868373,0.66830754,-0.008107027,-1.3744433,0.038488958,0.40355074,30.583218,0.16504991,0.28947663,23.151154,19.343948,0.7020554,-10.401561,-1.0315162,-11.555462,19.785336,0.008461964,0.00059979956,0.026151981,2.6798308,2.2727273,0.15625,0.14264795,0.24764705,0.19744036,-45.36586,o,Ses02M_impro04,Ses02M_impro04_M009
176,37.457428,0.06945279,34.957336,37.290478,39.637268,4.6799316,106.48679,103.36641,16.778479,20.364424,0.25076818,0.5673087,0.11544143,0.21656823,0.3879427,0.2725013,3.0527406,1.4689968,1.9155147,0.787854,0.056439914,0.81255436,25.233368,0.45687625,-5.686494,-2.0681887,10.71234,1.4875909,-20.482075,-0.61211765,0.016885737,2.1030092,0.8888655,0.86792845,9.4379835,0.3583219,7.5591455,1.1718286,24.180454,0.3684602,594.5091,0.29499272,1459.5929,0.13200156,-99.063644,-0.94686496,1629.627,0.121051416,1106.8485,0.2744316,-93.277504,-0.92628354,2683.369,0.103400595,1054.299,0.41567165,-97.86765,-0.8445139,-11.677184,-0.51084256,22.179907,0.33605814,0.048878964,0.39012396,-0.013161329,-0.9908255,0.07362564,0.6163103,31.497221,0.23584352,-9.454161,-1.3210611,8.732268,2.166054,-26.36851,-0.42904526,-7.8643856,16.409863,0.016251044,0.0033778157,0.033535015,4.1509438,2.857143,0.19466667,0.117010914,0.13399999,0.1361274,-37.053535,o,Ses02M_impro04,Ses02M_impro04_F006
177,28.181532,0.23966059,22.05896,26.120352,37.24771,15.188751,246.25763,371.85184,78.21247,87.60051,0.19651078,0.73517054,0.092481,0.13566208,0.28669724,0.19421624,2.396776,1.936411,1.8218074,1.8046224,0.042187355,0.95217687,24.699257,0.4022954,0.67613876,14.274819,14.533062,0.82008666,-13.418873,-0.8596275,0.013148421,0.8873289,1.0694759,0.5719796,4.7567635,0.77172434,8.353671,1.2987118,22.040836,0.31023243,646.0943,0.3176867,1400.3083,0.14665374,-117.27039,-0.78505975,1662.0479,0.15794137,1075.5032,0.28540123,-118.00765,-0.7433506,2722.1445,0.092323296,933.50104,0.34101605,-120.73925,-0.7018172,-11.347036,-0.5107397,21.034557,0.28461596,0.027943414,0.8372317,-0.011614058,-1.160953,0.062552564,0.7165863,28.238289,0.2745543,-1.0377094,-11.484948,13.045124,1.144383,-17.617573,-0.7519344,-10.421849,18.693237,0.009917041,0.00089599245,0.026316432,1.7133956,2.9827316,0.13947368,0.11417778,0.16649999,0.22174926,-38.932693,o,Ses02M_impro04,Ses02M_impro04_M010
178,38.36667,0.13717936,33.55287,39.220642,42.923355,9.370483,71.91532,99.95103,126.351135,77.42416,0.16418137,0.8658815,0.05837452,0.09723044,0.261183,0.20280847,3.0814896,1.8026837,1.3705413,0.6512337,0.03778169,1.1794647,25.520582,0.36156023,-3.4467847,-2.6943057,15.371153,0.62573606,-10.964337,-0.9407747,0.023732012,1.4782887,0.95159477,0.7430073,9.785217,0.3948595,9.232071,0.80282146,23.10085,0.31714013,680.53,0.2831,1448.6066,0.118483156,-146.81903,-0.55973136,1694.7391,0.11129329,1210.7622,0.36445636,-140.77203,-0.57065964,2700.3098,0.09492466,974.30975,0.26761934,-142.01328,-0.5542881,-14.791935,-0.44191068,22.983786,0.34087774,0.040527314,0.47231537,-0.013261272,-0.8319076,0.06921888,0.7216331,31.347946,0.24667469,-6.526573,-1.7670927,13.732624,0.8872654,-19.777798,-0.6263376,-10.915718,19.278849,-0.0012875241,0.00438883,0.02211102,2.036199,2.3041477,0.137,0.07563729,0.2509091,0.52286714,-39.114998,o,Ses02M_impro04,Ses02M_impro04_F007
179,31.664217,0.23637754,23.904324,33.817802,39.208626,15.304302,162.3021,320.31122,63.580235,54.48138,0.16313934,0.6975895,0.08289724,0.121389024,0.21841489,0.13551766,1.8829763,1.7384831,1.1699723,0.8550261,0.034363043,0.9241513,30.329916,0.25930214,-2.677127,-3.5303748,17.464739,0.70486706,-10.958365,-0.9814464,0.018403472,1.5413941,0.9809226,0.6803184,6.726912,0.65889776,5.720372,1.617652,23.52479,0.34943724,580.46045,0.329424,1357.245,0.14537059,-130.68544,-0.6747534,1615.4362,0.12407834,1083.6138,0.27660903,-130.38342,-0.6402032,2644.9197,0.08711925,962.3964,0.37039027,-132.6449,-0.6085006,-14.067546,-0.37913203,23.90341,0.2700664,0.03187973,0.64543605,-0.011146443,-1.1090213,0.048372768,0.7879105,33.165993,0.22081856,-3.3212407,-3.3577037,15.389505,0.97466534,-16.735357,-0.7342547,-11.898847,21.078337,0.011330643,-0.00080116326,0.025748484,1.7415216,2.946593,0.122499995,0.095786214,0.19060606,0.2088923,-40.35586,dag,Ses02M_impro04,Ses02M_impro04_M011
180,35.005844,0.12641443,32.65956,35.657913,38.676228,6.0166664,228.13947,307.7529,28.46125,20.261051,0.19158763,0.5768039,0.08840943,0.17082186,0.28237045,0.19396102,1.9203869,1.154262,1.5984967,0.7795234,0.03618624,0.72011185,29.157728,0.44378257,-1.8817062,-5.8512053,15.347099,0.8840499,-14.541286,-0.7106394,0.01382985,0.96884966,0.87411004,0.7643595,9.358488,0.3717813,7.360557,1.2883959,26.110922,0.25915733,630.98694,0.29698095,1471.2129,0.15514593,-95.80867,-0.9608243,1681.8263,0.1183894,1102.1134,0.24574137,-98.688385,-0.8653481,2740.5767,0.08299551,1026.9071,0.44926786,-102.80462,-0.7934691,-14.151746,-0.44649523,25.16029,0.26729557,0.040268708,0.47001076,-0.011144575,-0.99754953,0.04681677,0.57716006,35.28506,0.25450692,-4.5407643,-2.700106,13.626965,1.1737938,-18.017937,-0.61103135,-9.841892,18.047806,0.005612432,0.00062724133,0.022884393,3.04414,2.4539878,0.2225,0.16161296,0.15470588,0.18455406,-39.469696,o,Ses02M_impro04,Ses02M_impro04_F008
181,27.004969,0.0734466,25.852287,27.013092,28.537457,2.6851692,35.89963,35.596214,126.85359,257.58267,0.15133727,0.49329308,0.076248504,0.13563323,0.21608087,0.13983238,1.1972226,0.7343286,0.794295,0.47753385,0.032375395,0.70549345,29.642014,0.19463132,-3.849889,-1.9554609,17.373823,0.7498536,-12.989745,-0.8703679,0.015851704,1.0435582,1.2254006,0.4582385,4.366887,0.45520955,2.4604802,2.17617,21.351347,0.32836038,462.97537,0.2672394,1305.5371,0.120285384,-115.80801,-0.8137528,1472.1465,0.11175124,1009.3642,0.20357999,-118.32549,-0.7549224,2547.6194,0.06560452,922.7711,0.3085712,-121.8623,-0.7008693,-13.32695,-0.27138206,23.456734,0.21551675,0.02568912,0.6435334,-0.0080955,-1.2930125,0.038571976,0.52636427,33.348984,0.13658628,-2.0281239,-3.7457192,17.395721,0.9329221,-15.670581,-0.8302647,-10.414157,19.552217,0.007970204,0.0023314843,0.027838692,2.6760564,1.9858156,0.21357143,0.19207913,0.25133333,0.1973108,-43.94463,o,Ses02M_impro04,Ses02M_impro04_M012
182,27.8826,0.14343971,24.255589,27.295277,31.679586,7.423998,151.77103,235.09804,14.53824,14.782012,0.12173124,0.42431712,0.07485414,0.10952195,0.15735035,0.0824962,0.77867746,0.4616821,0.6183993,0.48424983,0.023349006,0.6677525,26.24172,0.3999612,2.6558743,3.9489694,15.754071,0.7329182,-8.9222975,-1.2403867,0.0115974,0.9378055,1.0216321,0.54238915,5.7784543,0.52695405,6.4363256,1.5216246,25.521318,0.29775706,542.8875,0.325534,1375.3323,0.13178699,-117.58587,-0.7785328,1584.1099,0.1633545,1130.879,0.26411432,-120.83997,-0.7153717,2624.2214,0.10054739,985.5297,0.2764544,-123.950966,-0.6679865,-16.38088,-0.4038337,27.359251,0.22756657,0.018990012,0.8906357,-0.0067007155,-1.9065096,0.03052896,0.44245905,33.53729,0.17810823,4.0353484,2.7617607,15.138658,0.94491124,-11.026561,-1.1942766,-9.800134,18.03314,0.0032821158,0.0047094477,0.017923906,2.4024024,2.1180031,0.19999999,0.13049357,0.23466666,0.22644693,-45.518166,s,Ses02M_impro04,Ses02M_impro04_M013
183,32.148483,0.16803649,24.670256,35.509415,36.028442,11.358187,185.54607,131.11067,79.63709,52.761524,0.14797926,0.53213036,0.07088629,0.13704868,0.21344815,0.14256185,0.5134467,0.26301497,0.73025507,0.26664042,0.030791555,0.8569057,28.095133,0.35136247,-2.418575,-3.4661689,12.682203,0.6126108,-11.575575,-0.6616177,0.05670548,2.2147644,1.0086528,0.49034256,6.0358186,0.53574383,9.424521,0.8377806,25.685946,0.28849325,615.1735,0.36898467,1410.3286,0.1798722,-123.18917,-0.7293336,1625.8293,0.17481862,1124.9358,0.26041216,-119.87887,-0.71942633,2726.7344,0.112382725,981.33124,0.41397974,-123.76017,-0.6626641,-15.813984,-0.2316222,27.241205,0.19237515,0.028148675,0.6664851,-0.0054250653,-1.390115,0.050334707,0.55921614,34.759186,0.22400695,0.8139057,10.838661,14.000674,0.62925667,-15.346696,-0.4642578,-8.2641325,16.40663,0.0070633176,0.004911396,0.015694844,2.2099447,1.7045455,0.25666666,0.16996731,0.22999999,0.12124355,-41.819065,ap,Ses02M_impro04,Ses02M_impro04_F009
184,28.799309,0.19779591,24.559355,27.068947,35.600937,11.041582,111.75081,137.572,49.422153,48.748093,0.12109922,0.5365391,0.07006178,0.09313653,0.17350094,0.10343916,0.68821365,0.32975563,0.40904263,0.27904284,0.02297347,0.7419726,29.416618,0.29016253,0.28390726,25.190676,16.160616,0.54611874,-9.189154,-0.8220194,0.021688161,2.3632903,1.0513726,0.5055378,5.9712443,0.57043093,6.7851915,1.0630417,25.599506,0.25893897,572.2869,0.36424285,1396.2607,0.13985622,-121.18131,-0.7569337,1583.8733,0.1599791,1149.0421,0.24962859,-123.33754,-0.6990111,2642.5027,0.0946047,996.1773,0.3546986,-126.541595,-0.6521432,-15.942092,-0.20889913,26.763296,0.16941626,0.02226946,0.72035223,-0.0070797796,-1.2382092,0.033538673,0.6055756,34.92056,0.19471256,2.0568004,3.690948,16.231802,0.68910396,-12.502015,-0.6934997,-11.636231,20.356916,0.0060676243,0.005153319,0.015202061,2.1857924,1.8382353,0.225,0.18901058,0.2709091,0.2667806,-43.890663,s,Ses02M_impro04,Ses02M_impro04_M014
185,25.539818,0.20982856,22.817902,23.272938,25.84819,3.0302887,98.90244,0.0,-4.1559424,9.092915,0.09304214,0.6511632,0.058418103,0.07116891,0.09187101,0.033452906,0.86850744,0.8613256,0.79383963,1.5618974,0.015516983,0.7342418,22.954971,0.40106678,-2.0811946,-2.1135035,19.037497,0.35654107,-6.986586,-0.6866683,0.015389419,0.78192836,1.0899764,0.43909666,3.6428735,0.8809356,12.540568,0.65184814,23.059593,0.16197708,553.6476,0.3123878,1358.1425,0.15358408,-180.9146,-0.3063879,1610.9827,0.11087879,1085.1848,0.17779908,-181.23163,-0.29047215,2605.2065,0.07447864,1017.52295,0.28537554,-181.61243,-0.2842294,-16.44437,-0.18498053,25.178402,0.15191576,0.009327421,1.4441737,-0.0015536606,-4.1326847,0.023352588,0.8749466,30.252918,0.109906666,3.0268867,1.4703481,24.533829,0.3796069,-7.5042834,-0.69298583,-10.230086,18.939924,0.0020907945,0.0061410363,0.014641913,1.5317287,1.3274336,0.07333333,0.042687498,0.5642857,0.2935914,-50.50487,o,Ses02M_impro04,Ses02M_impro04_M015
186,29.29527,0.1711986,25.439726,27.74658,32.982365,7.542639,47.8585,38.709373,50.422928,63.01176,0.2117228,0.61293197,0.10655151,0.1478173,0.31148192,0.20493041,2.1805391,1.7548547,1.0904101,0.91769356,0.045544896,0.73511446,30.291945,0.21568373,-1.0537155,-8.5608635,13.209129,1.0005887,-14.29074,-0.90648735,0.018555218,1.6043229,1.1424847,0.5811466,5.4636416,0.55865914,3.5567272,2.0594792,22.708315,0.30994454,572.325,0.340968,1361.274,0.18226719,-76.05093,-1.1714476,1594.5994,0.1339525,1082.9185,0.2802057,-81.14046,-1.0287849,2645.2766,0.09597876,1008.4917,0.41728058,-85.88689,-0.92810124,-13.438169,-0.30611327,23.888603,0.21954241,0.029403236,0.60636324,-0.010992978,-0.9618809,0.05205156,0.6336714,31.637476,0.17191428,-1.8840373,-4.512074,11.846652,1.2367043,-17.154291,-0.78240937,-12.57596,21.696587,0.012659979,-0.002097212,0.03450427,2.142857,3.0630631,0.20176469,0.17054361,0.103529416,0.092159785,-38.590378,o,Ses02M_impro04,Ses02M_impro04_M016
187,29.856092,0.19563615,25.583508,28.598475,31.698633,6.1151257,33.077106,8.67695,16.315413,10.537063,0.18404755,0.55658,0.11851828,0.16128904,0.22090198,0.1023837,1.745261,1.4272256,1.0227,1.1311793,0.04300446,0.690792,28.27265,0.24827248,2.379347,4.4615254,16.035751,0.8731632,-12.244492,-1.1871893,0.018161023,0.9079807,1.1781999,0.4909949,5.401078,0.49941057,3.0743518,2.7915397,24.527006,0.33127016,603.76,0.3891383,1359.5447,0.14325398,-81.83078,-1.1124675,1657.9231,0.16503075,1057.1499,0.2754609,-87.70621,-0.95363736,2720.094,0.10286213,994.846,0.4168263,-91.380264,-0.884977,-15.348522,-0.3612714,25.81727,0.25166562,0.031415742,0.6813867,-0.010300383,-1.5193965,0.05038562,0.6383311,30.749542,0.20893314,4.019978,2.715889,15.120433,1.0077192,-14.668525,-1.0748773,-11.267961,19.963467,0.008647652,-8.804976e-05,0.029365921,2.4657536,2.2099447,0.274375,0.26497567,0.16799998,0.12302845,-40.23012,o,Ses02M_impro04,Ses02M_impro04_M017
188,35.791916,0.14913332,33.066166,34.899117,40.318676,7.25251,36.330475,11.556261,21.489357,14.193732,0.24203965,0.57527936,0.12519826,0.20482506,0.3365639,0.21136563,2.787208,1.7572125,2.0429707,1.1720974,0.05141195,0.74207133,29.2271,0.32211417,-5.318932,-2.5547135,18.663776,0.6894512,-17.797203,-0.74097997,0.019127544,1.9481701,0.92778426,0.8513602,8.986914,0.3327379,7.4085946,1.0322758,22.002441,0.3764426,650.92285,0.3454547,1439.6626,0.20307867,-77.67892,-1.1406121,1721.5332,0.14214633,1038.7148,0.27676746,-79.76599,-1.0097882,2766.1147,0.097808264,1014.53876,0.378675,-81.97549,-0.9662515,-13.969418,-0.5101722,21.793568,0.37531224,0.040990222,0.4257509,-0.0123504875,-0.89380246,0.06047711,0.61458904,33.240376,0.20335437,-6.963366,-1.989665,18.682102,0.74911624,-20.076864,-0.6976097,-9.045092,16.119219,0.014846521,-0.0023423012,0.03424431,3.6832414,2.4163568,0.26846153,0.17810307,0.13333333,0.099191174,-37.45551,o,Ses02M_impro04,Ses02M_impro04_F010
189,35.22903,0.09096749,32.52657,34.99865,38.00679,5.480221,106.71896,109.108215,54.0512,102.86578,0.22555244,0.59940434,0.105029725,0.20162493,0.3354659,0.23043618,2.8825486,1.697988,1.7464083,0.9986829,0.045206163,0.70021945,29.613922,0.32055378,-6.3803515,-2.081753,18.747927,0.61552864,-17.880684,-0.7776743,0.0188486,1.8012064,0.92346513,0.82188904,8.730626,0.34294787,6.6077595,1.2747176,21.400589,0.41198057,643.5233,0.2845236,1442.9137,0.13213383,-86.56584,-1.0588753,1713.8368,0.12575811,1098.1172,0.3452288,-88.89965,-0.95496684,2723.74,0.083961256,1040.7057,0.3817118,-91.217545,-0.9098686,-12.520337,-0.48863405,20.11281,0.3703394,0.03959605,0.46111706,-0.013809701,-0.7751678,0.056396365,0.55172783,33.614574,0.21760891,-9.161677,-1.5356517,18.924656,0.6947716,-22.525972,-0.6416413,-10.393347,18.05126,0.013788134,0.0003439171,0.02790876,2.9580154,2.3969321,0.24719998,0.17528306,0.155,0.15885003,-38.977203,o,Ses02M_impro04,Ses02M_impro04_F011
190,33.94118,0.12912098,33.295704,35.007214,36.742672,3.446968,103.07398,91.32418,38.10847,28.500029,0.20387164,0.45369655,0.12611404,0.20431715,0.2750624,0.14894837,2.1282575,2.2379627,1.3677734,0.65738255,0.04326684,0.59700227,26.419107,0.44270906,-0.21187592,-59.693314,19.804312,0.50794274,-15.286684,-0.70156336,0.033591736,2.3618014,1.1104805,0.6163569,7.3366747,0.5016383,7.5439987,1.0121673,21.024254,0.3089039,622.4043,0.27443227,1427.9973,0.1577266,-95.91671,-0.94402814,1693.4191,0.117052644,1013.5047,0.3018509,-98.89854,-0.85102683,2668.741,0.07439341,942.7668,0.3547124,-100.195656,-0.8259071,-13.383126,-0.39390033,19.934336,0.30975237,0.037929088,0.47852588,-0.014001204,-0.56142265,0.047216557,0.5237397,31.318707,0.2920507,-4.063106,-2.8923028,20.750313,0.46163318,-18.273243,-0.5102044,-10.148565,17.690794,0.014137011,-0.002920786,0.039530456,3.3519554,3.6827195,0.14307693,0.12608816,0.10692307,0.08174865,-40.991394,o,Ses02M_impro04,Ses02M_impro04_F012
191,28.313921,0.11790402,25.500322,27.39794,31.462212,5.9618893,69.03971,69.986565,32.424576,31.26179,0.15088987,0.458016,0.082101315,0.14339103,0.20588887,0.12378755,0.98055667,0.5093695,0.764822,0.46629602,0.031390738,0.6224642,29.258419,0.2895328,1.9788028,4.404469,16.090405,0.7088728,-12.003787,-0.8908106,0.019988691,2.5279477,1.1287136,0.5104441,5.1839104,0.43208158,1.0917004,5.421034,22.925827,0.29712197,561.1755,0.33843055,1355.0074,0.15789622,-106.187775,-0.8847231,1574.4856,0.15855299,1074.6401,0.2607243,-109.82109,-0.8004766,2652.959,0.08470098,926.4787,0.41700652,-113.41948,-0.7429826,-14.000687,-0.31640333,24.338684,0.24977393,0.024238406,0.74155533,-0.008817368,-1.3606181,0.035422545,0.37766236,32.901802,0.22437946,1.8858464,4.463572,15.070286,0.9239556,-16.4918,-0.6935698,-12.546203,21.586313,0.008582969,0.002467452,0.027644668,2.944063,2.366864,0.20041665,0.15183541,0.21954545,0.2159646,-44.15075,o,Ses02M_impro04,Ses02M_impro04_M018
192,38.511917,0.124891624,34.952072,38.61469,42.388798,7.4367256,83.7179,113.174835,175.19127,285.94565,0.37408516,0.7889897,0.14339665,0.27818173,0.525019,0.38162234,3.3522336,2.2722092,3.0966837,2.829458,0.0908226,1.0472361,27.960583,0.31313354,-10.242381,-1.4913203,17.360014,0.8048926,-18.955872,-0.73566145,0.0286362,2.255708,0.88547516,0.63828504,8.600398,0.41485667,7.907226,1.1470011,17.283888,0.56568676,729.5271,0.30177957,1413.3262,0.17657289,-62.894127,-1.3047804,1761.4286,0.1288269,966.8988,0.24514341,-62.775326,-1.2068797,2791.9778,0.09343443,1021.2451,0.39853728,-65.6936,-1.1294848,-10.858969,-0.6465918,19.071243,0.45781928,0.040841296,0.41017467,-0.009220185,-1.2492477,0.10814338,0.93392354,30.106827,0.21585776,-12.443076,-1.2558638,17.22892,0.85434955,-20.824545,-0.66441935,-9.267572,16.646553,0.020589864,-2.451242e-05,0.04059749,2.857143,2.08,0.3523077,0.41930625,0.114999995,0.072284155,-32.45894,o,Ses02M_impro04,Ses02M_impro04_F013
193,38.03163,0.13449201,34.67953,38.38202,42.33489,7.6553574,51.60948,52.71212,79.57751,47.92228,0.5305606,0.62216055,0.24880184,0.44507894,0.84954166,0.60073984,4.2343793,2.0731091,4.0927753,3.0247684,0.13350454,0.84769505,29.138876,0.3061848,-14.990577,-1.1068013,13.750174,1.0558636,-20.00733,-0.6618241,0.030991925,2.3730042,0.9476139,0.6632471,7.4318814,0.44043007,5.3117757,1.7258872,16.520645,0.6125702,715.678,0.29435477,1407.5686,0.18209489,-30.070902,-1.9793952,1713.0219,0.11558226,1034.9658,0.25214335,-32.195168,-1.6551651,2784.3423,0.07087049,988.4639,0.3511169,-36.856167,-1.4152459,-8.57272,-0.7700023,17.997496,0.49708208,0.04166417,0.38366377,-0.0092483545,-1.2748653,0.14575146,0.7777581,30.849867,0.21135218,-17.638958,-0.85170966,13.875156,1.0704057,-21.891813,-0.57298553,-9.138859,16.33763,0.0020586394,0.0034521238,0.035868067,3.6697247,0.621118,1.4549999,1.285,0.125,0.015,-30.143589,o,Ses02M_impro04,Ses02M_impro04_M019
194,38.877995,0.098089956,35.128952,39.52691,42.069656,6.9407043,56.672176,57.839157,58.794666,62.209393,0.2241878,0.5683187,0.11011216,0.19678968,0.32365656,0.2135444,2.7163393,1.7064652,2.020185,1.4322064,0.051333267,0.7061065,25.864594,0.38030997,-4.33846,-3.001757,20.75012,0.5841114,-18.292099,-0.7075583,0.028142152,1.3863437,1.0481169,0.8219283,9.260119,0.32344854,10.179227,0.7092116,19.160877,0.45921108,695.21387,0.2899089,1395.2239,0.14352177,-99.592155,-0.9081042,1779.3904,0.11638615,965.99774,0.33024436,-98.393936,-0.852566,2765.6873,0.088562,1033.0615,0.37052748,-98.991066,-0.84072,-13.089144,-0.49435884,20.597477,0.42614162,0.037930824,0.48494327,-0.012236132,-0.92741114,0.06738593,0.5297129,30.132772,0.24044439,-8.7507,-1.5707595,21.320293,0.6688297,-23.844177,-0.5027389,-10.423639,17.50436,0.011213172,0.00083932426,0.029954642,4.0419164,2.5641026,0.21588236,0.18585443,0.15294118,0.11781165,-38.73781,o,Ses02M_impro04,Ses02M_impro04_F014
195,35.951355,0.06320846,34.306313,35.2514,38.153057,3.8467445,65.224785,76.14242,28.051678,20.898157,0.20419043,0.84187794,0.072419584,0.14586896,0.30093756,0.22851798,2.7298255,1.3670509,2.1655164,1.7004135,0.0464346,0.9278736,25.212841,0.41728693,-1.664109,-7.8118024,16.921196,0.7061692,-14.031318,-0.955747,0.024971137,2.8579655,1.1046739,0.8897634,8.442773,0.32761088,7.3425336,1.1429931,22.151608,0.4274682,637.48175,0.33163387,1433.558,0.13136977,-124.032364,-0.7320481,1683.1376,0.1306848,1141.4973,0.3783564,-122.292465,-0.70432967,2731.2944,0.098671086,1009.1904,0.42183176,-123.69064,-0.6840082,-11.877924,-0.60250974,20.52314,0.4460673,0.042321507,0.4578095,-0.008200111,-1.4406736,0.074266456,0.54740304,30.053389,0.30781183,-6.1702547,-2.4828897,17.476799,0.87075794,-21.841139,-0.66009474,-10.879049,19.159143,0.002067978,0.0044375067,0.025474012,2.8263795,2.4390244,0.16833334,0.13508227,0.20947368,0.25398868,-38.478218,o,Ses02M_impro04,Ses02M_impro04_F015
196,23.78481,0.082314186,21.804985,24.137756,25.467527,3.6625423,27.002329,23.256712,7.6190205,2.0336583,0.090390205,0.4138419,0.06150256,0.07637843,0.1159036,0.05440104,0.2873883,0.27256864,0.21720271,0.12117806,0.01629063,0.4739473,28.754025,0.17501667,-3.200412,-2.162737,16.859192,0.3917395,-6.0671754,-0.87172014,0.013004548,0.91744405,1.1302463,0.45947722,3.5545702,0.43906933,2.677571,2.5962033,20.289799,0.37834153,460.45364,0.27918494,1357.2959,0.1491443,-158.3014,-0.49224836,1456.6095,0.122379884,1067.0962,0.20169218,-160.71622,-0.45736134,2502.8362,0.06857008,921.8687,0.4424306,-162.155,-0.4367582,-13.643741,-0.38138932,23.702341,0.20453304,0.014303447,1.0489917,-0.00069262215,-11.5407095,0.023384811,0.33791578,33.35889,0.1591143,-1.1531272,-9.159263,19.472115,0.45711994,-6.6488256,-1.0033138,-11.7741,21.73124,-0.0019679128,0.0062069525,0.014378625,1.3717421,1.3812156,0.148,0.06896376,0.50454545,0.5224308,-51.12693,s,Ses02M_impro04,Ses02M_impro04_M020
197,35.58695,0.1292675,33.11411,36.06807,39.891766,6.7776566,39.178566,36.618523,23.947144,10.2236,0.16097449,0.6295847,0.069635816,0.11981009,0.26094136,0.19130555,2.0573726,1.3435522,1.8578346,1.2090907,0.030724544,0.69636095,27.373524,0.39732224,-2.834407,-3.5735478,15.95605,0.76946753,-12.591782,-0.9592938,0.016875325,1.2168442,1.0953208,0.857029,9.237642,0.37425196,6.9014173,1.1091349,23.832052,0.33738366,673.10895,0.27312344,1437.0205,0.121142514,-122.36827,-0.74074376,1706.4602,0.12572324,1032.6737,0.26999494,-122.169624,-0.7055469,2752.7744,0.08263901,871.36646,0.28536373,-125.05947,-0.6635695,-13.576923,-0.35031787,23.715649,0.2938445,0.03064242,0.6464749,-0.012709955,-0.8636369,0.046651736,0.42136392,33.754498,0.30668053,-4.395537,-2.9164197,14.070569,1.0977541,-19.84395,-0.6820684,-10.125014,18.911196,0.0009042907,0.0060104425,0.018773453,3.4274194,2.03666,0.205,0.18320753,0.2409091,0.32035363,-41.40561,o,Ses02M_impro04,Ses02M_impro04_F016
198,0.0,0.0,0.0,0.0,0.0,0.0,0.0,0.0,0.0,0.0,0.07123777,0.15518238,0.06158247,0.068565816,0.07973291,0.018150441,0.2154508,0.15825358,0.18941039,0.17647266,0.01305653,0.3222623,26.16587,0.08333512,-2.2629173,-1.3719355,17.442003,0.22873516,-6.84147,-0.51837856,0.0,0.0,0.0,0.0,0.0,0.0,0.0,0.0,0.0,0.0,0.0,0.0,0.0,0.0,-201.0,0.0,0.0,0.0,0.0,0.0,-201.0,0.0,0.0,0.0,0.0,0.0,-201.0,0.0,0.0,0.0,0.0,0.0,0.0,0.0,0.0,0.0,0.0,0.0,0.0,0.0,0.0,0.0,0.0,0.0,0.0,0.0,-11.968636,21.508577,-0.0011538976,0.006625014,0.013104737,4.0,0.0,0.0,0.0,2.19,0.0,-56.151646,q,Ses02M_impro04,Ses02M_impro04_M021
199,36.367508,0.13783015,33.20766,36.189274,40.240536,7.032875,202.15297,446.29697,68.00249,75.2871,0.17367755,0.5914808,0.07340646,0.15602136,0.2517127,0.17830625,1.9578482,1.4271681,1.5922794,1.0012555,0.033240847,0.77007395,28.329473,0.34608212,-3.0051954,-3.8458607,20.408134,0.58942574,-15.094271,-0.7707711,0.02221842,1.7641732,0.97079265,0.89075977,9.385992,0.2922781,7.253067,1.0303578,21.41917,0.36088774,685.4822,0.30706072,1400.0626,0.14841226,-102.97826,-0.9063997,1754.3417,0.1318475,1013.5933,0.2982318,-105.19762,-0.82272077,2777.0037,0.08939782,913.029,0.34586537,-106.76827,-0.7961731,-14.058628,-0.41334096,21.882992,0.31562126,0.03440399,0.4862953,-0.010964065,-0.96940756,0.04330646,0.6198022,33.082993,0.22066909,-5.817372,-2.2504177,20.879162,0.6897463,-19.597809,-0.64473414,-10.9147215,18.664076,0.0065853884,0.003538606,0.021929437,3.492334,1.8819505,0.27454546,0.1882389,0.23590909,0.27708972,-41.01913,ans,Ses02M_impro04,Ses02M_impro04_F017
200,0.0,0.0,0.0,0.0,0.0,0.0,0.0,0.0,0.0,0.0,0.062288683,0.062588766,0.059430543,0.061203822,0.065074496,0.0056439526,0.1363996,0.06320036,0.121771194,0.048752107,0.010867608,0.23160794,26.814293,0.06700536,-2.4291494,-0.98557293,17.160124,0.15549634,-5.9589148,-0.5736193,0.0,0.0,0.0,0.0,0.0,0.0,0.0,0.0,0.0,0.0,0.0,0.0,0.0,0.0,-201.0,0.0,0.0,0.0,0.0,0.0,-201.0,0.0,0.0,0.0,0.0,0.0,-201.0,0.0,0.0,0.0,0.0,0.0,0.0,0.0,0.0,0.0,0.0,0.0,0.0,0.0,0.0,0.0,0.0,0.0,0.0,0.0,-12.615438,21.799206,-0.0051373537,0.0072550424,0.010944186,8.038586,0.0,0.0,0.0,3.05,0.0,-57.785664,a,Ses02M_impro04,Ses02M_impro04_M022
201,39.67871,0.05348528,36.816452,39.80008,42.210663,5.394211,33.33737,30.541382,33.343136,15.561963,0.07014733,0.4298122,0.046604957,0.059408445,0.088932715,0.042327758,0.3692473,0.2927021,0.091571935,0.16020969,0.010562983,0.57852995,22.719437,0.19933644,-5.262776,-1.3127401,13.979585,0.54593873,-10.243481,-0.70734406,0.013370555,0.88382584,1.1196908,0.28644755,6.44288,0.27143383,8.294705,1.6546019,14.348804,0.61594075,522.72974,0.28966108,1385.7994,0.12073042,-192.75813,-0.19141732,1553.1514,0.13213137,1067.2504,0.24121365,-183.85985,-0.2810916,2544.059,0.08922145,1048.3851,0.19358902,-183.98439,-0.27916783,-9.2158985,-0.44680935,18.394049,0.36686584,0.013769834,1.0918227,-0.0027374814,-3.330987,0.015581793,0.29352275,22.906204,0.34252053,-6.7713284,-1.644296,10.490461,1.286577,-17.340601,-0.48228714,-10.075856,19.631393,0.0006119639,0.010535358,0.00984352,1.590106,0.89126563,0.09199999,0.04118252,0.84,0.90136933,-56.41673,s,Ses03F_impro04,Ses03F_impro04_F000
202,28.95539,0.19779392,25.236752,26.75181,30.788494,5.5517426,104.59541,16.26345,14.905644,16.805521,0.10324918,0.5969016,0.052282423,0.082956,0.15628557,0.10400315,1.2108397,1.0625645,1.0073363,0.689168,0.019525055,0.8856926,25.415672,0.39303377,-1.5031399,-5.7860622,16.34232,0.779571,-10.995995,-0.7765721,0.025060428,0.9564808,1.1687008,0.6482942,5.332845,0.4058883,4.3074718,1.4719137,26.758465,0.28696227,485.22668,0.32435828,1358.5928,0.1404849,-148.26892,-0.5782641,1543.228,0.1483218,1024.5585,0.29326805,-151.26875,-0.5228277,2564.8882,0.0900205,1005.66907,0.27925977,-152.77643,-0.5016042,-15.087202,-0.29327646,24.731213,0.2504721,0.03801112,0.51251197,-0.015955338,-0.7693382,0.03758327,0.5684902,33.375374,0.24518794,1.405527,5.2342615,21.500307,0.7337436,-15.78092,-0.63614213,-9.07102,17.997444,0.0092683965,0.009191527,0.013277992,3.23741,1.4652015,0.175,0.099373035,0.38799998,0.17232528,-47.05035,o,Ses03F_impro04,Ses03F_impro04_M000
203,38.951057,0.19259611,36.356194,42.990803,43.631977,7.2757835,68.64191,77.55983,81.7741,57.900166,0.08600862,0.5394542,0.05234384,0.069183335,0.113359354,0.061015513,0.4932772,0.43090537,0.3045728,0.15815401,0.014467951,0.9128672,27.509783,0.20430684,-5.6326365,-1.4235265,11.019579,0.8445066,-13.014781,-0.84928274,0.019688984,0.8049866,1.0912374,0.7138878,7.911933,0.41758484,10.107745,0.8034152,24.26812,0.36433312,661.95026,0.30147225,1373.8602,0.11776411,-171.8048,-0.3815005,1665.2195,0.12402323,1177.2458,0.3002859,-166.34148,-0.40400788,2708.23,0.090961285,1013.33,0.35032105,-167.60457,-0.38555655,-13.263662,-0.42928737,24.254202,0.25938267,0.023531646,0.6560556,-0.0022424008,-4.3879538,0.019666722,0.4650281,31.952684,0.16345687,-7.3588686,-1.2101488,9.137635,1.5542558,-20.72826,-0.42000708,-10.398202,20.418583,0.0078075067,0.006665702,0.01324927,1.8404908,1.545595,0.108,0.11651609,0.42416668,0.360242,-50.914825,o,Ses03F_impro04,Ses03F_impro04_F001
204,21.84298,0.11185467,19.033108,22.665487,24.396194,5.3630867,276.79083,193.60173,38.65734,6.58737,0.09276321,0.64263725,0.04785728,0.06084582,0.14217971,0.09432243,0.7064282,0.41827074,0.45365056,0.12569024,0.01510906,0.66553664,29.263199,0.1931303,-5.9043283,-1.3704069,13.551182,0.47916034,-13.042236,-1.0530776,0.012270748,0.63801414,1.1463981,1.0152842,3.0640373,0.4250847,5.2803802,0.88392687,19.204561,0.45373613,438.00284,0.18632393,1273.9857,0.19061168,-169.40833,-0.40799347,1417.724,0.08826749,1037.105,0.2308535,-170.64354,-0.3899173,2518.78,0.063623816,859.1966,0.343192,-172.02307,-0.3691582,-10.901452,-0.5717609,18.728905,0.41163555,0.023184747,0.39913997,-0.011689774,-0.58107084,0.027612241,0.37188226,36.347706,0.09117597,-10.543778,-1.2955968,17.957045,0.4167021,-17.217655,-0.7234288,-10.104735,20.018408,0.007637054,0.0025950482,0.012956201,1.4492754,1.4760147,0.0975,0.05584577,0.44599998,0.25160286,-50.431755,dag,Ses03F_impro04,Ses03F_impro04_M001
205,24.97386,0.16103284,20.71747,24.963673,29.033394,8.315924,76.58458,21.040411,15.898265,12.421274,0.11770029,0.68100554,0.05477467,0.0827889,0.17775795,0.12298328,1.537157,0.64846325,1.3108302,0.98870116,0.026869547,0.9355532,25.113575,0.40344006,2.089112,4.3771405,15.012732,0.7605164,-9.025441,-1.1712797,0.020535901,0.79072183,1.4155471,0.6367089,3.9728305,0.75344193,0.26065567,18.29822,26.599781,0.2460483,556.5557,0.3680019,1343.2216,0.17527568,-138.11888,-0.65162003,1603.1201,0.1451062,1012.155,0.37019408,-143.24637,-0.5754805,2674.4028,0.112214476,862.1138,0.3009637,-144.29413,-0.5610232,-15.849631,-0.32188848,23.940123,0.24050133,0.047510996,0.43628758,-0.012244432,-1.2553703,0.052811753,0.49629653,34.509964,0.2093651,2.4812236,4.4576025,19.892612,0.75939655,-14.299022,-1.0366129,-10.587362,19.478518,0.006382367,0.009635009,0.015527943,2.8795812,1.856764,0.15857142,0.104530044,0.31375,0.2705983,-42.960865,s,Ses03F_impro04,Ses03F_impro04_M002
206,24.475033,0.17494603,20.72695,24.79258,25.814522,5.087572,31.30144,19.638412,27.564001,5.1578655,0.10865593,0.6178067,0.049519032,0.080452055,0.17627555,0.12675652,0.86784476,0.7360529,1.0820129,0.597579,0.019306945,0.785335,27.981546,0.2722308,-2.8299382,-3.059029,19.140759,0.5501434,-4.890074,-1.5386537,0.014172191,0.91861236,0.9105437,0.53100306,5.060488,0.4171596,2.7935555,2.415013,27.879448,0.23458418,458.85074,0.3800189,1347.0908,0.13146435,-124.971664,-0.77276045,1527.3545,0.10080556,989.4324,0.29758793,-130.13449,-0.6766992,2590.453,0.0844842,976.77826,0.33225036,-132.13425,-0.64757174,-16.195318,-0.294976,25.827911,0.21940085,0.03692552,0.57546365,-0.0013788645,-7.813261,0.030789552,0.46443662,34.6303,0.16087861,0.361034,25.021696,27.247746,0.40949795,-1.9586779,-4.8306575,-10.256041,19.957932,0.0060611526,0.010930027,0.012686731,2.795031,1.2618297,0.2925,0.2112315,0.382,0.24111408,-45.068424,o,Ses03F_impro04,Ses03F_impro04_M003
207,35.834183,0.14100893,36.80727,38.282368,39.153137,2.3458672,136.62148,53.775173,107.49054,98.68671,0.09581082,0.46173805,0.058032017,0.08452474,0.11814621,0.060114194,0.7561551,0.44710025,0.902669,0.71197265,0.0156005975,0.70838326,24.031845,0.2530404,-5.859037,-2.1376467,14.421868,0.69558066,-11.210058,-0.74614555,0.011795656,0.86781126,1.1748854,0.6340375,5.264099,0.36366853,1.4396814,6.519405,13.566519,0.57185435,545.17365,0.32699847,1281.1328,0.13322005,-158.2477,-0.47911015,1594.8223,0.09334473,1029.7397,0.23391058,-144.52354,-0.573655,2583.9429,0.072907224,1089.1566,0.36966676,-144.7466,-0.57069623,-7.0172963,-0.70144504,16.024248,0.39509732,0.027825177,0.5036779,-0.0010301584,-5.141881,0.021678237,0.60428387,27.18703,0.14607719,-17.14005,-0.8353938,15.535729,0.8822157,-16.048649,-0.5612794,-10.222989,18.101528,0.0050440864,0.006155453,0.013628886,3.3175356,2.9126215,0.089999996,0.065828055,0.19857143,0.1459382,-51.253803,o,Ses03F_impro04,Ses03F_impro04_F004
208,24.320606,0.034597915,23.657494,24.331966,25.187595,1.5301018,29.530632,0.0,-22.508884,0.0,0.060705874,0.4774145,0.046208248,0.0493289,0.06332303,0.01711478,0.7809291,0.6703965,0.95504904,0.7504362,0.010416731,0.7255848,27.498974,0.17664987,-3.4127069,-1.4226544,13.939246,0.38983998,-2.6888351,-2.1645362,0.020236712,0.5027755,0.60173476,0.6114741,4.2852163,0.30187014,-1.8666437,-0.9342499,29.356737,0.1744385,366.5848,0.05347198,1256.8372,0.13529041,-183.42314,-0.30665502,1455.2124,0.045154613,931.7496,0.28464574,-185.54294,-0.26647046,2404.1545,0.046081193,923.43756,0.13262561,-186.01909,-0.2575063,-19.76492,-0.22115901,28.22441,0.18640842,0.024206763,0.5102481,0.006213701,0.6514962,0.02234914,0.22980516,36.659367,0.088547155,6.4776645,0.8097502,26.609064,0.16433595,9.888709,0.5673371,-11.208483,22.408485,0.002800994,0.01214265,0.009464517,1.8348624,0.46948358,0.17,0.0,0.965,0.125,-53.634033,o,Ses03F_impro04,Ses03F_impro04_M004
209,27.142094,0.03694147,26.794636,26.979849,28.175192,1.3805561,16.853258,9.1914,7.398213,7.1713586,0.11272183,0.790839,0.04888488,0.060905878,0.1816353,0.13275042,1.754083,1.2412769,1.5284972,0.8930475,0.02275372,0.9523418,25.70691,0.32807702,-1.116295,-8.431489,14.170364,0.591402,-6.132409,-1.3337438,0.01479729,0.78708154,1.2121843,0.8920463,5.5937862,0.40027338,3.4794137,1.4663051,25.954823,0.24906737,633.4614,0.37446716,1369.8793,0.12197717,-146.40419,-0.59797573,1603.9481,0.14786236,1146.6119,0.24829465,-147.23444,-0.56796193,2673.9402,0.09815396,824.5529,0.24962157,-149.12447,-0.53976667,-13.605027,-0.48831642,24.010643,0.23937464,0.04739713,0.3775212,-0.00068079156,-21.251879,0.046198964,0.47910044,33.93863,0.19419153,-1.2891638,-9.774141,15.672772,0.7665169,-9.506979,-1.3802722,-10.113336,19.819736,0.0067467666,0.011060647,0.0139243435,2.8985507,1.1070111,0.24666665,0.105303794,0.475,0.36211184,-44.18321,s,Ses03F_impro04,Ses03F_impro04_M006
210,36.419327,0.040041413,36.054688,36.628044,37.215122,1.1604347,127.0177,111.14201,14.804558,1.7523572,0.06791342,0.39847675,0.04833885,0.058077265,0.084056534,0.035717685,0.67800367,0.38844517,0.4721528,0.40303847,0.010087332,0.76420015,26.102009,0.2031748,-6.5746036,-1.2034162,11.918458,0.7382474,-8.599678,-0.8371241,0.011528352,0.76337606,1.1406726,0.3911843,6.172994,0.31526694,-8.150792,-1.6327425,14.098052,0.7183653,610.78204,0.26465636,1337.4924,0.12728494,-185.72978,-0.26569322,1632.1584,0.10509179,1174.7297,0.28951123,-184.89656,-0.26731318,2665.8408,0.07811625,1092.6752,0.30233353,-185.5944,-0.25432992,-10.6882305,-0.4262785,21.925005,0.26016948,0.009599358,2.1086297,-0.0021418699,-3.3656862,0.0180694,0.48384354,32.085217,0.12431292,-13.321499,-0.95008326,5.868689,2.9056463,-15.792254,-0.58282703,-10.18807,19.467411,0.0024658237,0.009652954,0.009310232,1.8604652,1.1214954,0.06333333,0.044409707,0.74230766,1.1240939,-55.09528,ag,Ses03F_impro04,Ses03F_impro04_F006
211,23.729692,0.1902798,21.232784,23.097599,23.674885,2.4421005,100.64612,0.0,3.7154741,4.729859,0.079423055,0.4037817,0.051124573,0.06731122,0.11305221,0.06192764,0.41963392,0.2888236,0.32863513,0.25356793,0.0153339,0.5806347,30.730942,0.20505781,-1.2972159,-6.3814816,15.868262,0.61705786,-5.8178835,-1.2844359,0.017743355,0.48351365,0.9179397,0.47967282,4.2280507,0.2454073,6.597112,0.45700517,32.915188,0.20492421,512.83264,0.35259277,1395.809,0.12190578,-157.38235,-0.5161432,1606.825,0.1511581,1201.9877,0.27898026,-159.11218,-0.4647065,2648.2493,0.12328188,1152.755,0.21248724,-160.31802,-0.44894797,-19.891079,-0.20484827,29.994677,0.17105936,0.019795904,1.0616721,-0.005783724,-1.5597584,0.024249144,0.29575434,39.142895,0.10656519,6.3055716,0.82624745,19.868046,0.6117698,-4.5157065,-2.0619059,-12.405278,22.247265,0.0039848904,0.0068762507,0.012906927,3.4632034,1.3274336,0.16333334,0.16110729,0.42499998,0.26129484,-49.906864,s,Ses03F_impro04,Ses03F_impro04_M007
212,33.743607,0.07861681,31.559841,33.08792,36.274807,4.714966,37.154873,21.72589,30.111786,25.2659,0.093596056,0.79747766,0.055305656,0.06738006,0.08876582,0.033460166,1.3346007,0.94922614,1.5373079,1.1715984,0.018016184,1.0817736,29.642014,0.16711009,-5.5565295,-1.2803974,15.269012,0.6218617,-8.826204,-0.9204457,0.025645383,1.8253387,1.2554306,0.7252412,6.959813,0.3124215,4.1689587,2.1088464,24.852877,0.27992287,502.50513,0.3640996,1379.6764,0.12467199,-174.51933,-0.36977494,1490.6123,0.15850025,1097.826,0.19167535,-170.03131,-0.38866544,2498.335,0.10781483,912.37744,0.22337699,-171.15796,-0.37171096,-13.09376,-0.29948497,23.183266,0.26935786,0.045696862,0.41333476,-0.009052953,-1.0802081,0.05273039,0.5055644,37.136906,0.124699436,-6.007024,-1.1769347,11.432877,1.3776907,-12.046374,-0.9019978,-11.712379,20.503527,0.0028041764,0.0055887704,0.011089605,1.3761468,1.1600928,0.13,0.1189958,0.585,0.671708,-45.54059,o,Ses03F_impro04,Ses03F_impro04_F007
213,29.697842,0.094123915,27.067944,29.231747,32.307617,5.2396736,41.860577,18.322441,113.49145,264.15488,0.14479795,0.7246561,0.048846018,0.11117529,0.23372267,0.18487665,2.0376418,1.4204779,1.6566083,0.78627294,0.03155109,0.8146701,31.53336,0.21705382,-4.2986856,-1.8338237,18.244423,0.7637173,-4.2930355,-2.102418,0.019555492,1.0257728,1.1738257,0.79900634,6.024945,0.38176617,2.1371176,2.867162,22.801344,0.36792263,527.00903,0.35095644,1318.2618,0.13940063,-113.40584,-0.84353316,1563.7225,0.13018759,969.77045,0.2678309,-117.34744,-0.7626474,2578.5803,0.106959194,933.1595,0.2913253,-118.836754,-0.73999214,-13.233048,-0.37693375,21.212572,0.28399345,0.044207096,0.40434834,-0.007436873,-1.3260276,0.047635205,0.5098941,35.440407,0.1453006,-5.9202332,-1.5963156,22.51408,0.79617625,-5.871477,-1.9482938,-11.999424,21.889097,0.008017596,0.0070741093,0.018861676,3.0837004,1.923077,0.22384614,0.17933804,0.27461538,0.35797754,-42.318607,dag,Ses03F_impro04,Ses03F_impro04_M008
214,32.40232,0.17934448,25.911692,34.57549,38.03249,12.120798,23.71714,16.58377,18.11261,17.58413,0.124984436,0.5485478,0.057315417,0.11289673,0.17353706,0.116221644,1.0457618,0.74411273,0.61259246,0.36950338,0.020066874,0.705011,27.801086,0.27093434,-10.799808,-1.0949078,15.539034,0.85970634,-11.834571,-1.0921603,0.013780713,0.878823,1.185141,0.45317754,4.839152,0.39715886,0.3398772,25.512037,14.163232,0.91428334,567.7385,0.30568364,1351.5168,0.16341658,-119.666145,-0.7773065,1584.4563,0.1182134,1071.4246,0.22788024,-114.42581,-0.7887588,2573.9812,0.08096713,981.49994,0.2787034,-116.49209,-0.75449324,-7.7895217,-0.79459226,17.064316,0.4192691,0.024865037,0.76211786,-0.0046870713,-2.6567595,0.02858372,0.5479497,31.310726,0.23885603,-14.7733755,-0.8861588,13.8937645,1.1691688,-13.782155,-1.0682876,-9.092102,17.468273,0.0087841805,0.005889522,0.013017281,2.6123302,2.8391166,0.15074073,0.13856207,0.18884614,0.35550964,-47.221535,o,Ses03F_impro04,Ses03F_impro04_F008
215,26.258093,0.13359533,23.942799,25.808683,27.342756,3.3999577,21.90115,14.298778,25.058567,18.644066,0.1375766,0.5717004,0.056890134,0.12338787,0.2002036,0.14331347,1.401293,0.9954819,0.72049326,0.57569164,0.023468744,0.6163319,32.11655,0.25997993,-5.291779,-1.9349756,14.412075,0.9316631,-6.7644897,-1.441535,0.014097017,1.0850711,0.9038442,0.70333105,4.9985337,0.45574996,3.7271547,1.5336019,23.325876,0.3830186,551.54083,0.32089975,1417.3005,0.16136426,-95.99533,-1.0020378,1555.0831,0.12998703,1087.3745,0.24980204,-100.6191,-0.898864,2592.47,0.09162249,958.5342,0.41207847,-103.81886,-0.84157586,-13.176813,-0.45298767,21.97573,0.29504135,0.031372517,0.5339676,-0.009143455,-1.088574,0.030973297,0.42261952,36.892918,0.16009007,-4.319503,-2.3443944,15.377813,1.1011107,-7.0876427,-1.5679852,-9.687748,19.95109,0.0054334337,0.0075843087,0.015295079,2.6143792,1.7621145,0.295,0.18513508,0.25,0.36721927,-44.764072,c,Ses03F_impro04,Ses03F_impro04_M009
216,37.582996,0.07248296,35.05556,37.873543,38.5027,3.4471397,26.360798,13.838395,41.97924,0.0,0.10235054,0.5845564,0.05187564,0.07935615,0.16150412,0.10962848,0.7634707,0.4169576,0.7023483,0.4185788,0.016234726,0.746672,26.263908,0.18036807,-14.38758,-0.86737144,14.053127,0.7875793,-8.971731,-1.0498388,0.011338006,0.7031872,1.1193148,0.4074824,5.2149334,0.48569545,0.73507404,19.397934,7.9416437,1.1967046,655.61334,0.3971333,1415.2906,0.26082703,-181.06662,-0.30812255,1673.8525,0.14472894,1054.1298,0.20927149,-171.9073,-0.3836058,2623.2607,0.1488604,1382.5599,0.38336793,-172.13744,-0.38077754,-4.358518,-0.96779597,13.083241,0.36309177,0.029048385,0.60255045,-0.0058798776,-1.9638238,0.026983391,0.4004113,28.555626,0.1840869,-23.400862,-0.4661145,14.907656,1.019,-14.013389,-0.8903835,-7.6818247,17.017239,0.008393894,0.007452157,0.014597773,2.5641026,1.4925374,0.089999996,0.043011628,0.555,0.37957212,-51.409817,s,Ses03F_impro04,Ses03F_impro04_F009
217,30.557901,0.094117425,29.190754,29.9963,31.29969,2.1089363,13.399319,6.1689076,15.954188,12.583058,0.15883021,0.61036366,0.059070196,0.1462314,0.2522027,0.19313249,1.3198225,0.6701712,1.168372,0.5554579,0.030460047,0.70636564,31.085678,0.23523986,-9.912523,-1.2246546,11.779157,1.2039365,-8.656237,-1.1513752,0.022098169,1.4940305,1.0626755,0.61613506,5.861265,0.4899384,-2.5625386,-1.6757215,22.040798,0.36159387,556.95557,0.33101705,1453.5364,0.16936156,-121.12856,-0.79217815,1577.5319,0.12142841,1159.0382,0.24600624,-123.932304,-0.7285592,2633.017,0.09527997,971.5425,0.25968343,-127.54352,-0.67304957,-12.322099,-0.5331849,22.02907,0.23781458,0.043188136,0.45262727,-0.007300117,-1.7210548,0.041978713,0.38547269,36.521168,0.15873946,-7.798797,-1.8394122,9.050953,2.0147772,-13.298881,-0.8060347,-8.222955,17.007019,0.01572442,0.0044050263,0.023490733,2.9520295,1.8796993,0.206,0.061514225,0.25333333,0.17317301,-43.26131,s,Ses03F_impro04,Ses03F_impro04_F010
218,28.47721,0.12929958,26.417583,28.581331,30.393545,3.9759617,383.09064,527.64325,32.594215,19.20885,0.15055858,0.59904283,0.07478739,0.12715058,0.21674296,0.14195557,1.9664085,0.88089764,1.1465899,0.63535184,0.030715933,0.66008776,29.945688,0.30737844,-5.936883,-2.1446052,14.369823,0.92839694,-9.088626,-1.2279589,0.02392302,1.5716486,1.115106,0.7077789,5.296182,0.49222142,-1.0152249,-4.927971,21.759068,0.4074739,559.9869,0.35898802,1355.3235,0.11772157,-126.4797,-0.72890234,1597.538,0.15439917,1122.882,0.36033845,-130.05562,-0.66364694,2630.1277,0.09472108,972.5691,0.31157574,-132.05206,-0.6346314,-12.996628,-0.47742692,21.357674,0.28551632,0.044725183,0.4418027,-0.007768887,-1.5626822,0.042229876,0.39706665,35.20394,0.1705601,-4.9890637,-2.723947,15.134128,1.1822106,-13.089407,-0.94661313,-9.561023,17.904978,0.019086739,0.0032712242,0.024025789,3.9697542,2.8625956,0.121999994,0.07816222,0.19375,0.1871121,-43.83795,o,Ses03F_impro04,Ses03F_impro04_M010
219,44.290676,0.28057992,28.82856,52.765354,54.501442,25.672882,57.507042,0.9522895,193.53488,0.0,0.11120124,0.57393783,0.05163727,0.097009465,0.15317085,0.101533584,1.6252391,1.0835545,1.1332269,1.2824746,0.023160895,0.69251627,29.209217,0.13635504,-9.493019,-0.75206083,11.83615,0.83932334,-13.781598,-0.7164881,0.02980667,0.42904136,1.5387297,0.35054225,7.824469,0.51322854,2.3943574,1.51784,8.955228,1.6469325,586.2025,0.37296334,1438.5419,0.2445733,-180.80406,-0.28558224,1590.0002,0.09641317,1013.07477,0.28506544,-163.71341,-0.40967995,2678.6768,0.083485216,917.1656,0.22237474,-163.02681,-0.4136116,-14.316769,-0.28676558,23.876595,0.36996454,0.037931774,0.8265158,-0.01538172,-0.80109656,0.031494282,0.4540937,29.211657,0.12251766,-10.603404,-0.7991792,12.214522,1.3834269,-21.47998,-0.49786228,-11.02343,19.207624,0.014189086,-0.004212895,0.021448318,3.7974684,2.6143792,0.0725,0.056734025,0.37666667,0.20805982,-48.492813,q,Ses03F_impro04,Ses03F_impro04_F011
220,32.889057,0.35062772,24.43156,28.849491,39.74205,15.31049,58.898243,0.0,1019.46783,0.0,0.087999195,0.79135233,0.048332985,0.05441765,0.108176336,0.05984335,2.0107906,1.0379381,1.4950079,1.6730597,0.01574328,1.0054871,27.031279,0.08773565,-8.922666,-0.77383685,14.31117,0.55007005,-6.5984707,-1.2381656,0.024137054,0.3977905,1.4330541,0.32465428,4.25413,0.6455909,1.5153248,1.6970553,11.277756,1.5766422,476.63245,0.33546767,1428.0173,0.20839804,-185.69984,-0.25557622,1606.2896,0.10202667,944.1662,0.24315149,-181.26196,-0.28465638,2643.632,0.12773149,1213.887,0.45486036,-181.18674,-0.28608862,-13.489199,-0.43370828,19.213032,0.4690973,0.025493493,1.0960702,-0.010037921,-1.6442858,0.030097384,0.5750079,28.935005,0.14126796,-5.807512,-1.8644332,28.546139,0.38303795,-14.319638,-0.8869868,-9.578646,19.563354,0.0011980262,0.0060335225,0.014744492,1.4814814,2.3076923,0.036666665,0.012472192,0.56,0.31,-50.893642,ans,Ses03F_impro04,Ses03F_impro04_M011
221,27.560198,0.14868544,23.690948,28.962906,29.922844,6.2318954,1.279233,18.10948,92.606804,77.75942,0.094331,0.77040344,0.04717238,0.059967965,0.13622512,0.08905274,0.97178847,0.73501164,1.0572388,0.82829475,0.017061835,1.1166503,25.660456,0.2937386,-4.3508124,-1.9160457,16.089687,0.67949307,-7.3483043,-0.88717824,0.016056083,0.7771189,1.0471755,0.6670876,5.535753,0.4664736,2.934091,2.9537983,24.10881,0.42940283,633.51196,0.33615795,1308.4287,0.15331279,-163.28676,-0.46508846,1689.303,0.11725802,960.3916,0.21969481,-165.2098,-0.42910612,2672.6245,0.09857321,891.0794,0.20351596,-165.32266,-0.42788786,-15.985361,-0.45245606,22.664446,0.34755597,0.040361952,0.69332016,-0.01113744,-1.1278884,0.04360216,0.4894554,32.657387,0.2908618,0.6061376,18.654062,27.539963,0.51175106,-6.740119,-1.3536818,-9.750582,19.6623,0.0014831901,0.009846571,0.010935951,1.330377,1.1210762,0.162,0.07413501,0.59,0.61495256,-44.547363,o,Ses03F_impro04,Ses03F_impro04_F012
222,29.225687,0.28842676,21.12455,27.116074,42.118927,20.994377,179.53703,149.74226,151.50853,240.4667,0.12587129,0.650366,0.048652932,0.10144609,0.19230449,0.14365156,1.2633336,0.6257374,1.0607471,0.674342,0.025730608,0.8265773,29.372517,0.2849483,-3.4816482,-3.0281904,16.874205,0.82983434,-10.244279,-0.9372518,0.023004146,0.85799164,1.3178136,0.6540891,4.7627196,0.6862405,4.8004594,1.6863793,24.437687,0.37451524,660.8637,0.33734742,1348.1718,0.15791583,-130.90395,-0.68112946,1723.7681,0.12857391,1038.4705,0.3474386,-129.9083,-0.6466947,2736.2527,0.09898539,885.0236,0.24821399,-130.65143,-0.63647777,-15.29402,-0.41583583,23.014854,0.31599197,0.03499044,0.650296,-0.010560462,-1.1270254,0.038895592,0.5273446,33.121872,0.2694058,-2.3326929,-5.618963,19.712194,0.9087008,-12.5760355,-0.9332361,-11.673924,21.21128,0.009425385,0.005175726,0.017824251,2.8708134,3.215434,0.1105,0.07151748,0.18842106,0.25980282,-43.261055,q,Ses03F_impro04,Ses03F_impro04_M012
223,33.988186,0.2857914,22.444073,41.038002,43.050278,20.606205,322.62714,189.11037,177.82498,205.08151,0.13520007,0.6094454,0.05156544,0.115933634,0.20717959,0.15561415,1.0669773,0.52265173,0.75848866,0.7140447,0.026366811,0.7771718,30.453312,0.23510954,-9.393301,-1.1514766,8.8725815,1.4316236,-15.241045,-0.65569,0.020141896,0.6783451,1.2750096,0.4419284,4.536132,0.82452977,7.0237246,1.1971453,22.98776,0.36930972,712.23016,0.2728935,1389.4816,0.15363441,-131.00647,-0.65245575,1756.5386,0.13809332,1106.0586,0.26946664,-122.39477,-0.67961156,2764.155,0.082719736,1005.5592,0.3427268,-124.31354,-0.6527134,-12.42783,-0.39064842,21.843515,0.28843814,0.03107828,0.5423132,-0.010099808,-1.0899847,0.034451175,0.5691808,33.401936,0.23713604,-9.897849,-1.1984102,8.419865,1.969258,-19.640142,-0.50026757,-10.67622,20.714048,0.014854826,0.0021308288,0.02110823,2.930403,4.104478,0.092727266,0.07174335,0.12545455,0.13760044,-45.492508,ans,Ses03F_impro04,Ses03F_impro04_F013
224,36.267048,0.045268238,35.217323,35.776176,36.402138,1.1848145,-0.18738641,0.0,17.00964,0.0,0.06344834,0.44323164,0.047204148,0.051531553,0.071840934,0.024636786,0.33514422,0.20613174,0.18216488,0.15222132,0.009466683,0.5998793,26.860266,0.12802473,-5.684626,-1.037704,9.152497,1.1098626,-9.478798,-0.93906254,0.011159763,0.44882533,1.2151761,0.2842726,5.4818206,0.3112741,-9.420364,-0.9812735,15.298028,0.79005104,610.58734,0.19092901,1381.8777,0.10874279,-188.93538,-0.23460674,1630.1548,0.104120985,1236.9941,0.097547695,-187.03334,-0.24930832,2699.4912,0.054462876,1243.299,0.33817735,-187.85086,-0.23261537,-7.7076163,-0.86141247,24.842737,0.16281688,0.020905446,0.40563035,0.0010224351,6.6022453,0.016374717,0.35244897,30.898092,0.081012115,-13.666967,-0.6153381,-4.5750146,-2.2031121,-28.889677,-0.1972183,-10.618257,21.629585,0.0023232263,0.009512306,0.008883186,1.5686275,0.4,0.14,0.0,0.76666665,0.42050233,-56.82068,o,Ses03F_impro04,Ses03F_impro04_F014
225,36.796417,0.08352715,33.991966,35.894436,40.190147,6.198181,137.29115,160.02754,25.461065,18.139362,0.08751942,0.54973894,0.04930989,0.069446,0.12072299,0.0714131,0.8408853,0.62890637,0.482839,0.29860848,0.013225229,0.65702486,26.840147,0.14679022,-10.392408,-1.125879,13.856743,0.55353755,-12.196383,-0.9137586,0.023211269,0.8728369,1.3001752,0.3456262,4.7849007,0.44010386,-0.9250054,-8.085403,10.896488,0.6671917,644.1795,0.3198762,1292.924,0.12297299,-173.3906,-0.3654968,1646.4078,0.12478676,1076.2864,0.27322465,-170.22339,-0.38595724,2661.324,0.08884183,1063.5698,0.3556656,-170.9769,-0.37437522,-7.533174,-0.83056194,18.1226,0.31966108,0.014964356,1.1332794,0.00063269626,17.951323,0.018654097,0.46909112,28.8325,0.11775275,-18.668978,-0.7017675,16.936098,0.5459742,-17.186045,-0.62594724,-9.778959,19.946371,0.004374102,0.007243062,0.012241025,2.496715,1.5873016,0.089999996,0.055527773,0.44285712,0.45519897,-53.94651,o,Ses03F_impro04,Ses03F_impro04_F015
226,22.632486,0.12127295,20.284363,21.81285,25.266623,4.9822598,119.19161,108.030525,31.7651,30.310617,0.076233834,0.5060611,0.046583597,0.056606524,0.10547112,0.058887523,0.98835653,1.0024753,0.7886312,0.42954683,0.012888557,0.7334711,25.773312,0.3786543,-1.2143213,-7.5020685,14.444971,0.89446527,-4.804401,-0.98457706,0.021855846,0.5931766,1.2997857,0.9501614,3.0106833,0.6814871,1.1537582,3.2129042,20.180847,0.26381755,458.17914,0.20684013,1318.1613,0.10597656,-164.44246,-0.44736102,1626.025,0.071249634,822.90643,0.3766369,-167.58987,-0.4006488,2588.6685,0.08472138,1220.4338,0.44025475,-167.42973,-0.40331745,-13.897761,-0.29794315,18.846384,0.26894942,0.032831162,0.45616412,-0.0052645355,-1.1754802,0.025812311,0.54263777,32.09376,0.20771635,-1.4463154,-7.473389,34.707073,0.4765592,-5.8442693,-1.0603888,-10.166003,20.010765,0.0056712287,0.010537788,0.01019988,2.9239767,1.7804155,0.09166667,0.096162476,0.3842857,0.40499935,-52.375313,o,Ses03F_impro04,Ses03F_impro04_M013
227,36.017998,0.0497518,34.474205,35.60747,37.356247,2.882042,16.986649,7.360044,9.285858,26.7566,0.07122947,0.44145516,0.047427148,0.062367883,0.089093536,0.04166639,0.39249367,0.2690398,0.39126092,0.22553702,0.010395788,0.52732456,25.922956,0.22556157,-5.7975216,-1.4449339,11.712056,0.7265363,-8.763272,-0.84671307,0.023246491,1.0473121,1.2272286,0.3710578,5.6638703,0.3603781,-1.8879412,-5.924857,13.07568,0.8445672,644.3796,0.3641907,1325.8994,0.13179308,-181.64832,-0.29485434,1645.5569,0.156149,1123.3507,0.1546808,-178.64722,-0.31487527,2628.111,0.09191989,1173.9619,0.48080087,-179.18085,-0.30682087,-9.935092,-0.5804528,20.305052,0.36095116,0.013640799,1.5304759,0.0008482249,11.277284,0.01703903,0.5034542,30.42279,0.15871726,-13.955164,-0.9638336,14.285388,0.8584386,-16.72307,-0.6629519,-10.435967,20.647116,0.0018131238,0.0092113875,0.009523634,1.7075773,1.3948498,0.07230769,0.0709446,0.53599995,0.8411721,-56.063393,o,Ses03F_impro04,Ses03F_impro04_F016
228,28.201366,0.20459725,24.72446,26.80116,28.254545,3.5300846,20.979183,16.194992,14.552164,15.483505,0.13501151,0.72912693,0.049665857,0.107683755,0.1944082,0.14474234,1.6292189,1.0117648,1.5502443,0.93401426,0.027759,0.97674364,27.661846,0.35146484,-2.4188178,-5.353283,18.358747,0.8372727,-7.2304187,-1.0893532,0.016583566,0.7568759,1.1991262,0.78106743,5.308807,0.52291554,3.3952456,1.4481846,25.983055,0.33182794,480.75485,0.3705427,1295.1173,0.16668864,-108.414764,-0.8867614,1497.7126,0.10295144,922.09753,0.25917748,-114.16058,-0.7727357,2568.7751,0.08282014,893.37286,0.2442688,-117.01582,-0.7297869,-14.301519,-0.46988916,23.80158,0.297985,0.029750172,0.5573015,-0.0038252575,-2.8576744,0.043956608,0.7166737,32.452812,0.2080913,-0.1719396,-76.84511,26.276028,0.6118825,-6.4179735,-1.5422928,-8.554107,19.18978,0.0042535914,0.010790086,0.014096611,2.3648648,2.4054985,0.18571427,0.16007651,0.18249999,0.20333162,-42.899395,q,Ses03F_impro04,Ses03F_impro04_M014
229,35.04247,0.17155376,28.39741,36.20883,38.51934,10.121931,30.060066,18.504375,36.063423,0.0,0.07888996,0.40233663,0.051188514,0.06883108,0.09860009,0.047411576,0.5207505,0.51501757,0.30742282,0.20155345,0.011717848,0.5546308,28.390848,0.21453355,-7.470413,-1.6412238,7.5206366,1.2393072,-8.655723,-0.9904766,0.018131265,0.97690046,1.309915,0.65295804,6.508024,0.2981043,-0.93321824,-11.62579,21.07486,0.57846045,627.394,0.3037351,1335.5897,0.12833562,-161.14772,-0.46822414,1622.9503,0.13217522,1150.8152,0.23257843,-160.18695,-0.45833182,2691.195,0.07877433,904.86005,0.18505596,-162.51268,-0.42547473,-11.907548,-0.6501909,24.609592,0.28150284,0.014922712,1.289253,0.0009974609,11.80691,0.016108498,0.39702633,33.122974,0.18757285,-5.8184595,-2.872204,5.375001,2.6053421,-12.292043,-1.0108075,-9.083607,20.01758,0.004839681,0.009977941,0.01059277,2.255639,2.030457,0.0975,0.033819374,0.42714286,0.5342742,-53.98874,ans,Ses03F_impro04,Ses03F_impro04_F017
230,35.21025,0.00068076764,35.192715,35.210983,35.227936,0.0352211,0.0,0.0,-0.019566854,0.0,0.057350066,0.25624448,0.046209354,0.051703602,0.06727708,0.021067727,0.3140739,0.18717577,0.2146671,0.13943228,0.0082177725,0.29702,25.723766,0.11598075,-4.506291,-1.3201281,13.878661,0.40953866,-6.4870067,-0.72750676,0.012566676,0.0,2.3559523,0.006424774,3.5898714,0.059404153,-1.4997199,-0.33901373,9.372825,0.068127066,442.34094,0.016984861,1138.4005,0.032712635,-199.87662,-0.06364744,1476.1671,0.009162948,987.0237,0.049880654,-199.97551,-0.057944138,2380.269,0.021191748,1081.2648,0.041125365,-199.92766,-0.060738504,-8.9687,-0.061845325,16.518274,0.09970067,0.01333946,0.27700484,-0.009689081,-0.4034968,0.016503762,0.0535119,34.14801,0.007223848,-18.417912,-0.06589765,7.198775,0.09037028,-9.368111,-0.056646626,-11.059731,20.706291,0.0011099674,0.01047378,0.008187807,1.9784173,0.18148822,0.02,0.0,2.73,1.93,-59.5711,o,Ses03F_impro04,Ses03F_impro04_F018
231,23.938623,0.04492692,23.223803,23.731033,24.538502,1.3146992,87.37812,112.44699,15.0091505,11.548653,0.093649164,0.6398522,0.047456376,0.06591704,0.14527301,0.09781664,1.6857324,1.0061208,1.1435726,0.5767304,0.01708346,0.8603318,27.547588,0.30061638,-0.85592437,-10.724724,15.311396,0.7400034,-8.058432,-1.1675346,0.01693767,0.79900014,1.3089269,0.6837721,3.8473995,0.5218229,2.2595775,1.6391449,22.93295,0.3245779,495.84854,0.30939335,1333.5001,0.14991194,-141.55678,-0.624285,1528.0955,0.14930381,1055.5822,0.32839146,-146.09367,-0.5560748,2524.647,0.08805935,862.05237,0.2182795,-147.17989,-0.5417808,-14.693982,-0.36422816,21.92392,0.28289962,0.03387731,0.4678976,-0.010881642,-1.0626783,0.03203944,0.53970957,34.04223,0.21139617,2.0365674,5.9137287,20.459068,0.8613258,-12.200431,-1.161933,-10.738833,20.84002,0.0010325654,0.010161391,0.011016448,2.5404158,1.4018693,0.205,0.10259142,0.48499998,0.38608074,-47.907223,q,Ses03F_impro04,Ses03F_impro04_M015
232,0.0,0.0,0.0,0.0,0.0,0.0,0.0,0.0,0.0,0.0,0.063981704,0.25728324,0.047517896,0.06204971,0.07944585,0.03192795,0.3642133,0.27433753,0.1924543,0.1039216,0.008995988,0.2645958,25.54422,0.12475539,-5.859776,-0.84554476,11.229202,0.3455697,-7.3285365,-0.6150641,0.0,0.0,0.0,0.0,0.0,0.0,0.0,0.0,0.0,0.0,0.0,0.0,0.0,0.0,-201.0,0.0,0.0,0.0,0.0,0.0,-201.0,0.0,0.0,0.0,0.0,0.0,-201.0,0.0,0.0,0.0,0.0,0.0,0.0,0.0,0.0,0.0,0.0,0.0,0.0,0.0,0.0,0.0,0.0,0.0,0.0,0.0,-9.357222,19.5317,0.0018586206,0.011213524,0.009064131,3.6363637,0.0,0.0,0.0,3.24,0.0,-59.257732,ans,Ses03F_impro04,Ses03F_impro04_F019
233,34.48913,0.039971896,33.95316,34.261787,35.486263,1.533104,13.1743965,5.524447,5.5984755,6.5007195,0.08910554,0.57671744,0.049260538,0.07248532,0.11029709,0.061036553,0.6561907,0.33874205,0.50195485,0.3436977,0.01312938,0.6187019,25.982058,0.18427984,-7.6809583,-1.441659,15.91036,0.55316156,-12.474132,-0.8627747,0.012570564,1.0642664,1.1095254,0.40315923,5.120072,0.37510216,-2.0227768,-4.9294944,10.721139,1.013167,494.44855,0.26780248,1317.7277,0.18276082,-158.24222,-0.48950526,1538.9475,0.11852514,1067.8004,0.2528191,-154.67725,-0.5024106,2516.7527,0.07864343,1047.5646,0.31150937,-155.17853,-0.49564898,-7.9091587,-0.7816547,15.605209,0.433204,0.020680761,0.847659,-0.003461178,-3.2682817,0.02011604,0.51835734,28.132967,0.15747449,-17.014603,-0.8549778,18.447664,0.61383504,-21.175676,-0.5203464,-10.777782,19.836197,0.0037560172,0.0065159146,0.010966237,2.3688664,2.2184303,0.09923077,0.069775626,0.32999998,0.33766162,-53.183975,s,Ses03F_impro04,Ses03F_impro04_F020
234,30.550114,0.19860172,24.842192,30.120623,36.396763,11.554571,-34.790714,74.15156,239.33284,0.0,0.10356796,1.0444579,0.047604654,0.051307917,0.14916553,0.101560876,1.3114972,0.7365212,2.1842363,1.2126862,0.030696737,1.5652876,25.48584,0.23868713,-0.9409997,-6.014546,10.811324,0.64897275,-7.8602204,-1.3397074,0.0290266,0.6251489,1.8294504,0.4282401,4.190416,0.6867499,2.2804399,3.626831,21.865381,0.3070254,488.98105,0.35821187,1312.8611,0.13900629,-176.17545,-0.3606924,1538.5222,0.16414109,871.9349,0.17167406,-172.28975,-0.36686867,2708.5876,0.096342064,775.74713,0.26532468,-172.89601,-0.35779703,-14.916943,-0.37909058,25.252157,0.29668635,0.05390111,0.5255097,-0.0066928216,-2.0480964,0.11713245,0.51814103,29.666573,0.32262188,3.3442445,2.379022,15.855921,0.69527984,-9.868773,-1.4151862,-10.966392,22.134224,0.0043847784,0.011123825,0.015317771,1.4981275,1.5267177,0.0925,0.085841425,0.53749996,0.4633236,-40.7088,s,Ses03F_impro04,Ses03F_impro04_M016
235,34.862926,0.006336363,34.781086,34.829113,35.07011,0.28902435,0.0,0.0,-0.06786416,0.0,0.056314994,0.38441992,0.046773605,0.048587844,0.054692276,0.007918671,0.03637821,0.020295402,0.09739855,0.0,0.008721292,0.3339268,26.074408,0.09767071,-4.8066616,-1.54381,12.686711,0.5796846,-5.6338134,-0.8902207,0.008087244,0.37194407,0.86249006,0.29902643,2.2287314,0.8798931,-0.5239825,-9.579423,5.810104,0.465321,592.56464,0.2429303,1485.4427,0.08766603,-193.07518,-0.19405484,1549.9105,0.11030062,1489.8516,0.21729717,-193.0782,-0.19403727,2357.22,0.083404966,1873.1156,0.46286908,-193.26512,-0.18901269,-1.128051,-2.1809788,13.414639,0.34045795,0.021331167,0.52288055,0.009950194,0.8318019,0.016308302,0.07071968,33.847553,0.08920292,-29.672895,-0.18334834,-2.8958685,-3.1231472,-5.0630736,-1.1115336,-11.350775,21.858335,-0.004892324,0.013470247,0.008495407,0.35211268,0.35842294,0.099999994,0.0,1.3299999,0.0,-59.400505,b,Ses03F_impro04,Ses03F_impro04_F021
236,0.0,0.0,0.0,0.0,0.0,0.0,0.0,0.0,0.0,0.0,0.052821293,0.16761237,0.04648434,0.049195215,0.058730762,0.0122464225,0.20122807,0.16093658,0.121520415,0.07369792,0.007596376,0.2222812,26.108784,0.12011959,-4.294663,-1.0083053,10.664452,0.4198942,-5.202031,-0.804471,0.0,0.0,0.0,0.0,0.0,0.0,0.0,0.0,0.0,0.0,0.0,0.0,0.0,0.0,-201.0,0.0,0.0,0.0,0.0,0.0,-201.0,0.0,0.0,0.0,0.0,0.0,-201.0,0.0,0.0,0.0,0.0,0.0,0.0,0.0,0.0,0.0,0.0,0.0,0.0,0.0,0.0,0.0,0.0,0.0,0.0,0.0,-11.024921,22.01708,-0.0022924559,0.012531425,0.0075834524,3.3333333,0.0,0.0,0.0,5.3399997,0.0,-60.57925,o,Ses03F_impro04,Ses03F_impro04_F022
237,26.593168,0.16053796,22.7215,26.316101,29.750214,7.028713,49.235516,31.082113,86.54029,50.616108,0.10892771,0.96092963,0.046542116,0.05051894,0.16488919,0.11834707,1.513877,0.8959491,1.9559435,0.9563889,0.023367127,1.416058,25.589012,0.33595312,-1.4909042,-3.8566499,18.3558,0.84962326,-8.381289,-0.92274886,0.030575799,1.1804833,1.3260564,0.62740916,3.7382154,0.5755948,6.997931,1.0202442,18.863665,0.31148854,510.47757,0.44151402,1309.2378,0.1733732,-157.0154,-0.50647146,1598.5726,0.14059798,925.6803,0.41191423,-159.09732,-0.46440485,2548.6663,0.084602915,935.9349,0.3177266,-158.28691,-0.47618112,-12.186604,-0.38238972,17.33541,0.3526483,0.03944117,0.43845227,-0.019051433,-0.450481,0.058222093,0.8081771,29.79935,0.3080487,-1.010894,-7.1350617,36.59568,0.5665218,-15.078867,-0.6341879,-10.591937,20.943254,0.0030062785,0.009970135,0.013543155,2.1680217,1.6483517,0.12833333,0.08629729,0.39142856,0.45464048,-44.16355,o,Ses03F_impro04,Ses03F_impro04_M017
238,0.0,0.0,0.0,0.0,0.0,0.0,0.0,0.0,0.0,0.0,0.053789362,0.21962969,0.046993308,0.049871143,0.054708537,0.007715229,0.5669758,0.48450914,0.359841,0.40498778,0.0075945305,0.47509173,26.010355,0.0909855,-4.151285,-1.2803974,10.192507,0.35468072,-5.477665,-1.0406018,0.0,0.0,0.0,0.0,0.0,0.0,0.0,0.0,0.0,0.0,0.0,0.0,0.0,0.0,-201.0,0.0,0.0,0.0,0.0,0.0,-201.0,0.0,0.0,0.0,0.0,0.0,-201.0,0.0,0.0,0.0,0.0,0.0,0.0,0.0,0.0,0.0,0.0,0.0,0.0,0.0,0.0,0.0,0.0,0.0,0.0,0.0,-10.798034,21.963545,-0.0031462582,0.012652392,0.007153831,1.7094017,0.0,0.0,0.0,2.28,0.0,-59.594284,ag,Ses03F_impro04,Ses03F_impro04_F023
239,24.586428,0.064988606,23.182613,24.543213,25.632158,2.449545,45.74818,59.812073,33.451107,32.437737,0.11724063,0.72086066,0.049217537,0.09501305,0.17490634,0.1256888,1.2902701,0.60746473,1.4104353,0.80074483,0.021616021,0.9577446,27.384933,0.38117537,-0.040216755,-271.46506,17.93079,0.6722098,-4.538525,-2.2875736,0.012376819,0.78254235,1.0037053,0.80634975,4.74715,0.47644094,3.5032167,1.5490811,22.690123,0.41862422,496.5156,0.38633397,1326.0555,0.15071394,-126.02642,-0.7496188,1538.637,0.13765638,1049.8607,0.39385232,-131.05128,-0.670452,2532.8992,0.10504644,960.3381,0.23055533,-131.91853,-0.6580027,-14.130608,-0.4429122,22.08345,0.33727047,0.037088647,0.4913179,-0.0042155865,-2.5742056,0.033586998,0.700798,34.437756,0.19548899,-1.3935868,-9.227202,26.316763,0.51737654,-1.0314827,-12.2737665,-10.49197,20.057688,0.0040206998,0.0095978705,0.014829917,2.283105,1.6166282,0.22142856,0.13881421,0.32874998,0.19738525,-44.66084,o,Ses03F_impro04,Ses03F_impro04_M018
240,0.0,0.0,0.0,0.0,0.0,0.0,0.0,0.0,0.0,0.0,0.058884073,0.268895,0.046816934,0.053562928,0.07064055,0.023823615,0.17237891,0.07613979,0.24369523,0.1853318,0.0077320975,0.23094426,23.542149,0.254905,-4.6631317,-1.6393588,12.990938,0.32130125,-7.8394327,-0.844873,0.0,0.0,0.0,0.0,0.0,0.0,0.0,0.0,0.0,0.0,0.0,0.0,0.0,0.0,-201.0,0.0,0.0,0.0,0.0,0.0,-201.0,0.0,0.0,0.0,0.0,0.0,-201.0,0.0,0.0,0.0,0.0,0.0,0.0,0.0,0.0,0.0,0.0,0.0,0.0,0.0,0.0,0.0,0.0,0.0,0.0,0.0,-9.120317,19.38595,0.0015029042,0.013893016,0.0077476297,1.863354,0.0,0.0,0.0,1.55,0.0,-60.325855,ag,Ses03F_impro04,Ses03F_impro04_F024
241,23.332973,0.047353197,21.884346,23.549913,24.386967,2.5026207,19.611252,0.0,4.6189566,9.910687,0.06775822,0.3979386,0.04771911,0.055581644,0.085653625,0.037934516,0.92183346,0.6572111,0.65887934,0.55463105,0.011696281,0.7452242,25.104471,0.2874929,-0.5828474,-12.147679,13.386528,0.57345885,-6.2406354,-0.852142,0.016827935,1.2939513,1.1000834,0.68712395,4.2100377,0.48475856,3.0539963,1.295518,26.361238,0.29996195,470.46344,0.32333463,1413.5724,0.13668586,-177.0887,-0.35401186,1555.1877,0.117475756,1085.8477,0.309744,-179.2691,-0.3185257,2502.5876,0.11451971,1107.9755,0.30280122,-179.63846,-0.31302682,-17.312613,-0.33075985,25.405087,0.20921062,0.040099658,0.46726003,-0.0016684704,-4.5339923,0.023639012,0.6129083,35.754646,0.10330707,3.857345,2.3767664,27.714487,0.30706504,-5.022069,-2.1467276,-10.409906,20.834435,0.003762509,0.012890628,0.010239506,3.5928144,0.9118541,0.12,0.09201449,0.715,0.68718624,-52.90627,o,Ses03F_impro04,Ses03F_impro04_M019
242,46.723003,0.061364762,43.470844,49.160896,49.212368,5.7415237,203.65677,0.0,-2.8368633,0.0,0.06565852,0.2972917,0.05140213,0.05689643,0.078701675,0.027299546,0.24980207,0.14378396,0.15192863,0.13323084,0.009182621,0.52030915,21.778816,0.19210972,-7.5073223,-0.59490615,14.119472,0.41618854,-8.949564,-1.2898974,0.04917181,0.5240933,2.3828669,0.42795813,6.343063,0.21182758,15.112936,0.17953436,17.83149,0.24366556,780.83344,0.2075398,1191.0354,0.12068508,-196.30492,-0.12699476,1928.7759,0.11965454,851.77167,0.40193474,-194.72781,-0.14400265,2918.9917,0.063728735,812.4643,0.17550796,-194.7514,-0.14356843,-13.172571,-0.16950516,17.875559,0.21417187,0.031771656,0.55147254,-0.009992979,-0.46476686,0.013978743,0.1043669,26.314104,0.07835782,-7.934923,-0.6267476,15.910428,0.107004985,-30.342705,-0.19152749,-8.244476,17.81642,0.0063972627,0.011375533,0.009112222,1.980198,1.0152285,0.024999999,0.005,0.62333333,0.35984564,-58.474396,g,Ses03F_impro04,Ses03F_impro04_F025
243,26.195398,0.0012985197,26.16999,26.183525,26.218435,0.048444748,0.0,0.0,-0.026913961,0.0,0.06795455,0.45048454,0.050287098,0.058846503,0.076453716,0.026166618,1.4616436,1.7106546,0.20160122,0.109821655,0.009980765,1.0248553,21.196905,0.23465097,-7.0578747,-0.7500435,13.644339,0.47403803,-3.0560203,-1.6899582,0.0,0.0,4.018297,0.0,1.5188769,0.2333113,3.2655773,0.28260976,20.201342,0.01742883,684.6091,0.08029455,1248.9751,0.032463163,-197.19391,-0.11263698,1581.8867,0.03161895,1289.6277,0.07134078,-197.28084,-0.11003827,2580.23,0.025570897,794.5367,0.07690455,-197.46262,-0.10473511,-9.27859,-0.05315511,19.69017,0.027527506,0.015273452,0.18155679,0.014362166,0.1122349,0.03837406,0.60759753,20.859549,0.107934095,1.6874876,1.74088,10.964851,0.4115929,2.7034605,0.48777977,-7.127937,18.041624,0.002204848,0.015600138,0.009467593,1.2903227,0.6666667,0.02,0.0,0.72499996,0.065,-56.015182,oth,Ses03F_impro04,Ses03F_impro04_M020
244,0.0,0.0,0.0,0.0,0.0,0.0,0.0,0.0,0.0,0.0,0.05810119,0.19386551,0.050244674,0.052117098,0.06894869,0.01870402,0.47960275,0.4155147,0.41346115,0.35716984,0.007793228,0.2781439,22.927721,0.11383608,-7.777988,-0.4737306,11.231865,0.21998535,-4.3490033,-0.95267314,0.0,0.0,0.0,0.0,0.0,0.0,0.0,0.0,0.0,0.0,0.0,0.0,0.0,0.0,-201.0,0.0,0.0,0.0,0.0,0.0,-201.0,0.0,0.0,0.0,0.0,0.0,-201.0,0.0,0.0,0.0,0.0,0.0,0.0,0.0,0.0,0.0,0.0,0.0,0.0,0.0,0.0,0.0,0.0,0.0,0.0,0.0,-8.153471,18.825607,0.0004986142,0.016118135,0.0077444185,3.6036036,0.0,0.0,0.0,1.05,0.0,-60.769978,oth,Ses03F_impro04,Ses03F_impro04_F026
245,42.74206,0.055358283,40.171577,42.853592,44.181877,4.0102997,30.227158,5.8689384,3.513772,21.874514,0.09784963,0.58285785,0.051261567,0.07164157,0.13937819,0.08811662,1.2559448,0.7138062,1.072203,0.5505642,0.014867209,0.7218323,22.8277,0.34282967,-5.303939,-1.8272163,8.040963,1.0062395,-11.8783865,-0.8375855,0.01794545,1.0922647,0.9613962,0.5837016,9.710323,0.16312146,5.05594,0.8465799,18.429419,0.26326516,828.5218,0.19340712,1405.0895,0.17907469,-145.6605,-0.5834858,1717.2148,0.08029568,1138.2373,0.21938051,-138.92352,-0.60522234,2850.6147,0.069289684,812.11615,0.35021594,-141.69443,-0.56754893,-10.713494,-0.5527786,21.982573,0.39482093,0.03438314,0.5694252,0.003793526,3.0566068,0.025697095,0.45145735,28.63617,0.19570288,-13.1828375,-0.78277546,5.4891562,1.8683183,-21.258045,-0.46311545,-8.992311,18.81053,0.0030650296,0.013752826,0.00974527,4.56621,1.4018693,0.23333333,0.21452789,0.3425,0.2843743,-50.183628,q,Ses03M_impro04,Ses03M_impro04_F000
246,0.0,0.0,0.0,0.0,0.0,0.0,0.0,0.0,0.0,0.0,0.06244303,0.2927348,0.04987914,0.056423903,0.06854457,0.018665425,0.21193065,0.14019285,0.18981841,0.13137689,0.009207022,0.3531731,25.401173,0.23760203,-4.5015225,-1.5965036,9.505159,0.6225576,-7.4058485,-0.73339236,0.0,0.0,0.0,0.0,0.0,0.0,0.0,0.0,0.0,0.0,0.0,0.0,0.0,0.0,-201.0,0.0,0.0,0.0,0.0,0.0,-201.0,0.0,0.0,0.0,0.0,0.0,-201.0,0.0,0.0,0.0,0.0,0.0,0.0,0.0,0.0,0.0,0.0,0.0,0.0,0.0,0.0,0.0,0.0,0.0,0.0,0.0,-10.347177,20.606018,-0.0006096726,0.00997904,0.009255694,2.5396826,0.0,0.0,0.0,3.09,0.0,-58.318176,ans,Ses03M_impro04,Ses03M_impro04_M000
247,37.704815,0.056123234,36.10792,37.38338,38.703342,2.5954208,43.81648,30.262627,3.4025834,10.84405,0.12257544,0.5224624,0.059793383,0.11015161,0.17455444,0.114761055,1.4250546,0.7892464,1.135482,0.5594599,0.020215742,0.5977142,28.367435,0.3039816,-9.13432,-1.0342512,13.351739,0.8824794,-11.811648,-0.6836661,0.023902675,1.3096738,1.1396844,0.61549604,8.310681,0.33178064,8.367459,1.0531998,19.776947,0.41184103,615.14514,0.3410783,1370.4471,0.10381986,-120.333664,-0.7552133,1674.4471,0.11055035,1131.8638,0.28211555,-114.82275,-0.75237215,2620.395,0.093940206,1065.5696,0.1871015,-116.311356,-0.73041755,-9.8741,-0.61553043,18.510307,0.40400198,0.040432755,0.4561775,-0.005115525,-1.8354993,0.026040444,0.46591553,31.984642,0.19920038,-12.997046,-0.8079591,12.082335,1.1890689,-13.341494,-0.64647675,-9.173925,16.680779,0.018345958,0.0041872286,0.015627697,3.7463977,3.2163744,0.13636364,0.07946099,0.15272726,0.16684729,-48.033436,q,Ses03M_impro04,Ses03M_impro04_F001
248,30.625235,0.07492691,28.698753,30.23307,32.068367,3.3696136,38.380833,36.20847,26.778646,26.216757,0.103112645,0.46452004,0.05754825,0.09204788,0.14183791,0.084289655,0.78210944,0.19919671,0.64178205,0.3139181,0.018385036,0.6046658,27.944468,0.32600075,-0.29771262,-36.04769,18.293547,0.900072,-13.229405,-0.8389556,0.013501165,0.9016391,1.1111417,0.5084204,6.433108,0.3222246,5.877875,1.536247,23.39174,0.4120666,578.1489,0.34468883,1408.0957,0.13466386,-123.6694,-0.7304631,1655.5864,0.16172321,1006.14606,0.2662322,-125.475136,-0.6759223,2700.0562,0.10374428,985.9575,0.30997247,-126.517815,-0.6608078,-15.241218,-0.43476948,23.061451,0.3571286,0.018846432,1.0805044,-0.0072368383,-1.8475329,0.025550298,0.4251955,33.08291,0.21029502,2.5643265,4.3531537,24.603773,0.7868163,-17.194323,-0.83132595,-9.855378,17.752296,0.0037078105,0.007019755,0.0133855175,2.2792022,2.0231214,0.19999999,0.08652002,0.23875,0.29972643,-47.74737,ans,Ses03M_impro04,Ses03M_impro04_M001
249,35.763554,0.07483451,34.569416,36.24362,37.867455,3.2980385,26.744633,25.462265,23.67752,21.98397,0.14635931,0.6402603,0.05665062,0.11446193,0.23349315,0.17684253,2.0473316,1.1676594,1.185397,0.6273814,0.025539981,0.7721249,26.345415,0.34446162,-8.0975065,-1.4882133,12.64292,0.90332824,-14.257006,-0.6910005,0.011682525,1.0764884,1.0005188,0.61658114,8.197657,0.46258968,8.127561,1.80914,18.473585,0.5301928,546.5929,0.32044363,1381.8604,0.1398327,-126.18047,-0.7264323,1594.6746,0.118630506,1055.7216,0.2760686,-116.73693,-0.76992565,2578.085,0.0993565,1184.3015,0.40571564,-119.24259,-0.7302701,-10.015499,-0.6796975,19.067013,0.4353639,0.043397028,0.53741616,-0.0059518786,-1.7204103,0.03621466,0.5534668,29.731434,0.23709339,-12.118737,-1.0866386,14.397448,0.9847255,-17.713474,-0.60434467,-8.774625,17.26147,0.01351779,0.0049197283,0.017088644,2.9411767,2.5531917,0.16499999,0.1387744,0.20666665,0.21642296,-43.51088,ag,Ses03M_impro04,Ses03M_impro04_F002
250,24.867746,0.18520616,20.34615,22.922354,29.376862,9.030712,34.838318,0.0,8.667729,4.2141447,0.08987619,0.46682426,0.062316682,0.0790427,0.105248585,0.042931903,0.68264765,0.5548736,0.39465037,0.31511286,0.014563903,0.65654534,27.36223,0.2905248,-2.3009732,-4.233708,15.959585,0.6689407,-12.525488,-0.7644918,0.016916614,0.95928335,1.1872686,0.42249867,2.9263878,0.64636993,5.955784,1.9420862,23.29318,0.36680087,570.58826,0.32590875,1372.8835,0.13926084,-153.34903,-0.52217656,1557.7172,0.16622269,1092.7314,0.18778351,-154.46577,-0.5052158,2622.1133,0.09599661,958.5104,0.3090732,-156.42133,-0.4767228,-12.969562,-0.3446971,23.617521,0.21998952,0.008621467,2.232984,-0.0036283298,-3.0727348,0.018478306,0.6024436,32.588245,0.15256926,-3.2110786,-2.823047,15.302175,0.84119177,-14.699933,-0.6719264,-10.907747,19.540026,0.0042107604,0.0049648792,0.012878038,2.6446283,1.8333334,0.12545455,0.07011207,0.3658333,0.32296696,-51.401756,o,Ses03M_impro04,Ses03M_impro04_M002
251,40.334774,0.11331355,39.339935,40.976753,41.86869,2.5287552,4.115734,30.538187,182.50441,0.0,0.1759725,0.5199145,0.07675186,0.17439695,0.24830164,0.17154978,1.6285939,0.9726945,2.4080641,1.4973813,0.03919004,0.77136534,25.915249,0.31728145,-7.04017,-1.4329324,13.660806,0.88374275,-21.080433,-0.5748106,0.029031921,1.5606358,1.2519755,0.79792696,8.037192,0.47135356,9.986322,0.8486457,20.563002,0.51902795,673.9316,0.32315138,1360.6149,0.21582732,-135.13258,-0.6364872,1731.9523,0.14132631,1069.784,0.23260222,-120.42086,-0.7003105,2806.2017,0.08038707,995.8778,0.3204295,-121.92845,-0.6789734,-13.69287,-0.46104032,22.439922,0.28349456,0.02825405,0.65419924,-0.014152544,-0.76414907,0.046246767,0.4553423,30.24142,0.26852548,-8.778052,-1.3238412,14.1114645,0.923512,-28.334064,-0.40686765,-9.11215,17.163292,0.016709913,0.002004317,0.03427483,4.7058825,3.0487804,0.138,0.16773789,0.21,0.1405347,-42.82144,q,Ses03M_impro04,Ses03M_impro04_F003
252,33.409374,0.21409445,27.329695,30.451385,41.09996,13.770266,175.28072,85.6,12.997279,12.522223,0.13621035,0.56902015,0.07289385,0.117933445,0.18964624,0.11675239,1.3444934,0.9385113,1.3387674,1.3224956,0.03027394,0.87172246,27.81924,0.2620608,-3.5990539,-2.7042553,10.355855,0.8178501,-16.883732,-0.6345061,0.022775626,0.8652356,1.4299933,0.6411267,5.4982095,0.54126585,8.582461,1.0858742,21.114117,0.40203118,610.56635,0.36463213,1422.0925,0.17728406,-151.94574,-0.51223177,1585.0708,0.15046223,1164.9365,0.21373117,-144.48994,-0.5473078,2638.3145,0.09513266,970.4648,0.28172386,-146.51385,-0.51912963,-12.136811,-0.38247937,22.215406,0.24839054,0.025916563,0.66378695,-0.004969125,-1.611593,0.03294619,0.6560942,30.088558,0.2314436,-5.9432087,-1.8449868,13.5861635,0.75447685,-18.438284,-0.5624058,-11.4544325,21.007145,0.021037139,-0.00015456179,0.029772704,3.0211482,3.0674846,0.091,0.089938864,0.23666665,0.24904262,-45.63734,s,Ses03M_impro04,Ses03M_impro04_M003
253,36.32348,0.15357439,29.645838,38.486263,40.555553,10.909716,40.704914,28.917627,111.64511,149.87224,0.15443678,0.68710756,0.051682368,0.1315145,0.22963923,0.17795686,2.187205,1.6233858,1.6651928,0.8199089,0.03484641,0.8677708,28.411533,0.2294255,-5.7113776,-1.7847034,4.089824,2.215715,-18.525116,-0.7957265,0.020781294,0.7797748,1.33946,0.61475015,6.3506594,0.50383127,8.333727,0.85183465,23.014116,0.49085906,615.61035,0.32951993,1526.974,0.14878014,-129.5631,-0.6917918,1608.4653,0.18423218,1224.5697,0.30478215,-113.303734,-0.7881964,2666.726,0.12687622,1135.2153,0.31892282,-117.24096,-0.72741413,-11.912471,-0.6342691,23.581696,0.34235293,0.033857964,0.6257045,-0.010924812,-1.2396898,0.05339705,0.58475727,30.850163,0.22737825,-6.6959314,-1.9087646,3.641967,2.761273,-24.682306,-0.6346976,-9.768178,20.281395,0.009045633,0.0051831384,0.018186603,3.524229,1.8099548,0.255,0.18714967,0.2775,0.20425169,-43.063126,b,Ses03M_impro04,Ses03M_impro04_F004
254,35.287228,0.18020137,29.316385,38.317493,41.33458,12.018194,20.35205,3.4097528,144.4134,151.21182,0.15102586,0.66948545,0.055900678,0.12947764,0.20644334,0.15054266,1.9134246,1.6730846,1.7941631,0.95278966,0.032302488,0.8497084,29.244894,0.22569901,-7.0160313,-1.3104607,6.398785,1.1014649,-14.286191,-0.92800844,0.017461617,0.76652306,1.1769063,0.34513405,5.8751793,0.57184935,7.829856,0.83649284,19.13787,0.5183096,620.13477,0.3084136,1486.5242,0.15685208,-124.381935,-0.7303538,1594.785,0.17243212,1217.6377,0.35178494,-114.33587,-0.7925257,2607.144,0.11647506,1100.9054,0.34977686,-117.89708,-0.7365423,-10.102845,-0.71465296,21.291533,0.33431447,0.029564189,0.675005,-0.008805695,-1.5024198,0.05074164,0.59566003,29.20842,0.24031864,-8.810834,-1.356947,5.1240573,1.7187413,-21.638613,-0.6337793,-9.434582,22.559082,0.0043076235,0.009121206,0.01762863,3.468208,1.1904762,0.385,0.185,0.28666666,0.19938795,-43.699627,s,Ses03M_impro04,Ses03M_impro04_M004
255,32.452812,0.13232923,28.318104,32.117535,35.775936,7.4578323,44.109543,25.484882,34.566563,12.451543,0.10955545,1.0262996,0.048561007,0.0703381,0.1361296,0.087568596,2.6252635,2.671342,2.6005883,2.9007115,0.022114854,1.4320604,26.2637,0.29102242,-3.6888335,-3.116494,14.05633,0.78515536,-10.552838,-0.9596197,0.019527087,0.86850226,1.1095144,0.5847698,5.817664,0.4832632,2.7046165,2.743102,18.878946,0.5003971,673.569,0.36772117,1383.7683,0.14860344,-170.8419,-0.3926323,1723.0144,0.14951801,1021.72345,0.29781464,-168.71063,-0.39550793,2763.7568,0.108623706,989.4707,0.29298106,-169.05658,-0.39088693,-11.961432,-0.57878715,20.523289,0.43469164,0.026212215,0.7997299,-0.006099926,-1.9355592,0.057458278,1.0054712,32.21314,0.21967095,-8.807427,-1.7288551,22.828049,0.7541379,-18.764076,-0.84993553,-10.907742,20.12057,-0.0012907056,0.005642596,0.014543266,0.8083141,1.1614403,0.145,0.1307096,0.696,1.0807885,-44.81334,q,Ses03M_impro04,Ses03M_impro04_M006
256,35.669777,0.0039124256,35.53968,35.655117,35.818974,0.27929306,9.834957,2.191614,3.8984473,0.0,0.06805914,0.55369604,0.04719099,0.05029755,0.07423663,0.027045641,0.11660874,0.122249864,0.23316823,0.109642684,0.010079687,0.42718676,25.38962,0.16094291,-2.7804112,-2.6823158,16.551666,0.55083156,-7.682175,-0.987794,0.02016077,0.44527736,1.0799485,0.502738,7.6024323,0.25081515,-4.991437,-1.2159914,1.249845,6.091,863.52014,0.21612512,1369.8221,0.1698971,-176.70607,-0.33685508,1875.5206,0.11651001,847.5916,0.5475349,-176.58952,-0.33874527,2851.3806,0.07126668,896.4954,0.35806873,-176.45026,-0.34098884,-11.641557,-0.5634869,19.742361,0.38673243,-5.3741674e-05,-194.76949,-2.822108e-05,-228.15039,0.01798833,0.20824762,22.485048,0.1235282,-3.1342194,-4.8949933,36.717472,0.22649328,-18.473883,-0.6079464,-11.764798,21.281832,-0.004169031,0.008824841,0.00906759,1.2658229,0.6535948,0.19999999,0.0,0.65,0.099999994,-54.140354,ans,Ses03M_impro04,Ses03M_impro04_F007
257,24.555866,0.046901423,23.386494,24.147316,25.757435,2.3709412,46.04454,46.501427,6.615468,7.1065946,0.08914645,0.4833917,0.049166825,0.07998969,0.116180435,0.06701361,0.8271191,0.47989842,0.4164661,0.25112897,0.014391693,0.6637633,24.426987,0.27021632,-3.4087305,-2.3293521,13.282365,0.73335224,-10.393304,-1.0660766,0.015151384,1.0826766,1.3668518,0.43126667,2.9586735,0.57344246,5.748367,1.4449505,16.99233,0.5117514,568.36414,0.39510784,1327.404,0.22540739,-172.1901,-0.3813185,1556.4951,0.15640801,1064.8168,0.2748006,-172.60689,-0.37190315,2650.095,0.07281921,825.6789,0.33116156,-173.48225,-0.35845026,-10.783007,-0.2888518,20.133783,0.19240215,0.013179282,1.2926048,-0.0045081615,-2.8362322,0.020467518,0.47290358,29.936419,0.09746129,-5.485341,-1.112724,18.439255,0.9413542,-20.818672,-0.7322697,-9.725797,18.776241,0.0043164967,0.0061401683,0.013253492,2.3510973,1.5822786,0.08399999,0.07102112,0.4790909,0.43248656,-52.321087,s,Ses03M_impro04,Ses03M_impro04_M007
258,35.34942,0.036913995,34.97866,35.622013,35.839848,0.861187,-0.069618225,0.0,19.515217,0.0,0.10747482,0.4889082,0.06454994,0.09269826,0.1454443,0.080894366,0.9852771,0.30617064,0.49252486,0.3837232,0.015944503,0.511534,26.644373,0.26973635,-7.134521,-2.2382555,12.927412,0.5777421,-7.4424367,-1.5203177,0.010992685,0.81604517,0.94391495,1.2867513,9.967801,0.21826395,-1.0165206,-8.839067,16.604553,0.64763206,625.8019,0.2912107,1380.0378,0.14964482,-149.99178,-0.53973377,1709.7594,0.15512842,1107.3943,0.26261523,-150.67807,-0.51533294,2658.2537,0.092221625,966.81,0.21879637,-151.55232,-0.5029394,-14.968773,-0.46688634,23.902262,0.27058667,0.026822671,0.44402313,-0.005843899,-1.7848296,0.021393212,0.2095198,34.585335,0.07078241,-5.9514723,-2.8103213,18.633413,0.50773877,-16.272915,-0.7613581,-7.4331985,16.05372,-3.0491039e-05,0.009942276,0.012888931,2.419355,1.7094017,0.155,0.13499999,0.26999998,0.13638182,-48.30636,ag,Ses03M_impro04,Ses03M_impro04_F008
259,33.248966,0.036730595,32.20195,33.17129,34.057644,1.8556938,23.668037,16.752516,3.9268417,8.648857,0.12346733,0.50713223,0.06999407,0.103555806,0.18128733,0.111293264,0.82225543,0.32988903,0.62158394,0.32962924,0.021304956,0.64422286,27.81883,0.2814054,-5.3834376,-2.1878192,7.8371196,1.3047649,-14.391791,-0.9140595,0.015589968,1.1173548,1.1886951,0.5127414,6.4354606,0.37639567,-3.869248,-2.058357,17.868378,0.5024035,629.7042,0.32971513,1363.2844,0.11804512,-114.97588,-0.8148827,1620.0503,0.16343738,1077.3921,0.14427373,-112.59682,-0.80751175,2699.9595,0.08558821,927.36487,0.34129366,-117.46139,-0.7297109,-9.773341,-0.6277105,22.024893,0.23542222,0.023028558,0.79639286,-0.0033682983,-3.632124,0.028437942,0.44939288,33.19889,0.11656605,-8.883537,-1.3364072,6.954421,1.8876605,-16.89989,-0.77861255,-9.311196,19.50112,0.0052704103,0.0022279336,0.015763126,2.7303755,2.4305556,0.18285714,0.18835485,0.20857143,0.27889723,-47.22149,o,Ses03M_impro04,Ses03M_impro04_M008
260,37.44565,0.12046525,35.204853,36.830322,41.269665,6.0648117,60.9782,43.51538,44.90799,24.556099,0.17065108,0.868836,0.048158154,0.120781586,0.2833709,0.23521276,2.5846014,1.9551504,2.8278732,1.8915054,0.04599391,1.3291644,27.000763,0.29640085,-3.0470808,-3.9415836,14.09795,0.87289095,-20.35902,-0.7027032,0.020662567,1.2313763,1.1774079,0.7298624,8.80215,0.39511245,7.0413094,1.3266423,22.327011,0.580242,722.5379,0.30659288,1372.5641,0.139988,-115.480156,-0.779407,1804.9285,0.13398094,1056.1177,0.30589044,-114.62176,-0.7387925,2836.345,0.074608274,995.88275,0.33798686,-115.57887,-0.7239623,-14.978485,-0.4685597,24.882067,0.36293387,0.041248355,0.6809098,-0.00965097,-1.460854,0.07177116,0.9992992,29.829205,0.3037406,-3.8893268,-3.6375675,15.888037,1.0116656,-27.383972,-0.52201355,-12.062385,21.301918,0.0070201736,0.0038503075,0.022766111,2.6041667,2.110818,0.22375,0.18960074,0.20333333,0.25113076,-38.304012,q,Ses03M_impro04,Ses03M_impro04_F009
261,34.08966,0.24751034,24.14827,39.94571,40.58398,16.43571,53.72473,0.0,-6.6741943,0.0,0.09358131,0.65786713,0.048339237,0.07849238,0.11061099,0.062271755,0.9526863,0.90854454,0.922918,1.6887943,0.016620366,1.066919,28.592768,0.25912717,-5.4905925,-1.6530179,8.376682,1.0957751,-12.623303,-0.84701777,0.016795466,1.2374738,1.204081,0.6164666,7.8710895,0.5827736,4.6831555,1.653661,20.755697,0.46425387,654.65625,0.37123904,1259.7554,0.12905297,-182.45497,-0.29572287,1652.5742,0.16245876,1153.666,0.1704614,-181.15527,-0.298461,2727.201,0.109681934,860.8208,0.2905914,-181.78093,-0.28782302,-14.278514,-0.4285421,27.449026,0.23592265,0.01951616,0.87855995,-0.0061769136,-1.8421131,0.037006646,0.76189137,33.10624,0.16273111,-4.4606752,-1.83969,4.0218253,1.6660625,-21.35803,-0.7773021,-9.464541,19.782536,0.008471293,0.004686894,0.013270337,2.122016,0.8130082,0.12666667,0.08730534,0.81,0.68589354,-46.151478,ans,Ses03M_impro04,Ses03M_impro04_M009
262,37.65013,0.18051548,34.004147,40.233463,42.447292,8.443146,185.1755,104.22743,60.91603,0.0,0.12925066,0.677295,0.04922403,0.094515696,0.21839659,0.16917256,1.4435561,0.6439202,1.5084445,1.55171,0.025799837,0.9485943,27.490847,0.26152495,-3.6668425,-2.387764,17.156635,0.65751195,-17.183361,-0.86720884,0.02855083,1.2630811,1.0915382,0.6183187,8.648899,0.475683,7.6555085,1.2741967,16.315475,0.6449379,699.32336,0.31588274,1320.0863,0.13822597,-118.38622,-0.7571784,1821.1025,0.11778494,919.9193,0.33426705,-115.357834,-0.7295745,2790.1003,0.08604225,1031.5247,0.33495194,-114.50862,-0.74408096,-14.899328,-0.44528133,22.663836,0.40200114,0.029518321,0.79143876,-0.013538699,-0.74344426,0.039890904,0.5562093,27.682299,0.32978123,-2.0289814,-5.076296,19.469645,0.6879512,-26.922855,-0.57899165,-11.559826,20.18234,0.004624925,0.0043690396,0.013378304,3.211009,1.8779343,0.2525,0.24943687,0.206,0.20323387,-42.376972,q,Ses03M_impro04,Ses03M_impro04_F010
263,21.959436,0.17826734,20.087276,20.377934,21.850197,1.7629204,-8.212648,0.0,265.0834,0.0,0.06595078,0.45650944,0.04692906,0.059303418,0.070528425,0.023599364,0.31019256,0.23436579,0.12657209,0.12041314,0.010132024,0.66945916,26.844656,0.28984714,-2.3448987,-2.958207,11.224079,0.65111756,-10.816548,-0.75085884,0.01201588,0.6847478,1.1698066,0.5607044,2.7854674,0.39830753,10.148095,0.6598221,26.816137,0.37212023,693.0998,0.38393953,1421.6202,0.25845328,-176.33812,-0.3379139,1605.9612,0.17990309,1201.0142,0.2989448,-176.53778,-0.33469203,2689.6375,0.102537416,950.6162,0.45888418,-177.51738,-0.31999037,-15.083006,-0.3787196,27.442078,0.17047952,0.0020556413,10.909911,0.0018529842,6.3769364,0.016824488,0.58781457,33.241272,0.10362994,-2.3513644,-4.817922,14.969642,0.8353838,-11.016703,-1.2992595,-11.000291,20.747232,-8.4858766e-05,0.0060198223,0.009291529,1.1029412,1.4981275,0.07,0.047434162,0.452,0.3834266,-54.51267,ans,Ses03M_impro04,Ses03M_impro04_M010
264,36.110477,0.15584862,34.220535,36.258137,39.724083,5.5035477,77.86136,57.40078,43.431244,26.145683,0.20128317,0.6210687,0.089443564,0.17457798,0.3026507,0.21320713,2.2503254,1.9154431,2.8189366,1.5903246,0.044768624,0.9650154,25.508896,0.40964264,-10.947987,-1.2256233,14.893011,1.2050278,-23.577755,-0.64299095,0.023704408,1.5605081,1.1668935,0.6591625,6.906106,0.54619145,4.0281825,1.9403354,15.505653,0.6924817,706.2512,0.33371913,1377.171,0.16234334,-101.63703,-0.9084933,1723.1566,0.14017987,1100.9323,0.33182427,-96.25587,-0.9134185,2725.6294,0.11286061,978.205,0.25148764,-98.11286,-0.8779028,-7.741453,-0.86294025,17.921509,0.47527543,0.039371505,0.4754675,-0.0043055355,-2.9732327,0.05503282,0.8093233,28.105776,0.3179307,-14.66739,-0.93268675,13.967776,1.3817323,-26.098555,-0.5367348,-6.462978,15.459077,0.019654913,0.0036588504,0.03301003,3.8659794,3.1413612,0.16916665,0.12874123,0.12916666,0.15483637,-41.2554,o,Ses03M_impro04,Ses03M_impro04_F011
265,36.016052,0.10293303,35.047718,36.59175,38.2653,3.2175827,53.14547,34.454372,34.483276,43.16674,0.18166468,0.77992404,0.06759758,0.14549044,0.2525682,0.1849706,2.3068519,1.4835606,2.1771116,1.3429037,0.035733446,0.9983205,26.099218,0.2899776,-11.426283,-1.0807092,14.905797,1.038106,-14.763223,-0.9152287,0.016664993,1.8826957,1.0933579,0.6700866,7.4968433,0.45675308,4.8602276,2.1375673,13.9442,0.7380281,647.8406,0.319411,1363.7551,0.13414507,-111.42644,-0.8157028,1692.1885,0.13158071,1067.9556,0.32469115,-107.37718,-0.8186092,2653.9473,0.09693094,1006.186,0.27602708,-108.67475,-0.7969149,-7.4646955,-0.9015669,16.531454,0.467878,0.039778,0.46210572,-0.0035583568,-3.8686247,0.051406443,0.77900815,28.430489,0.24653943,-15.925928,-0.8857717,17.140644,1.0897006,-18.97539,-0.7853523,-8.252796,17.276403,0.0138996905,0.0051321355,0.020439535,2.606635,3.3492825,0.14,0.14508618,0.13344827,0.19599922,-41.63051,o,Ses03M_impro04,Ses03M_impro04_F013
266,27.47691,0.15258859,22.745092,26.99766,33.896534,11.151442,32.301067,0.0,34.818756,24.93767,0.078253254,0.5389709,0.047636073,0.063090794,0.10361365,0.05597758,1.0769991,0.7653902,0.7112495,0.5919766,0.01312331,0.5767072,31.30102,0.13681616,-4.548692,-1.4397738,14.926218,0.46534124,-8.214507,-0.7678452,0.04296553,1.8915796,1.3224225,0.37688422,3.31977,0.45818013,2.7510602,1.1193762,17.521694,0.42152214,498.2974,0.22205454,1359.6194,0.13554041,-146.72243,-0.56909627,1566.6709,0.10471052,1132.3729,0.29205763,-149.6585,-0.52847546,2520.1191,0.06951595,1072.9025,0.19338107,-150.48462,-0.51806384,-11.7749,-0.46352538,18.99488,0.44868556,0.024103232,0.8296877,-0.013121637,-0.5536266,0.02039451,0.494847,34.257435,0.13365024,-8.792323,-1.1108414,15.810149,0.5600077,-8.132395,-0.7381135,-13.480311,22.612425,0.0056373645,0.0025367218,0.01075796,2.094241,2.688172,0.09199999,0.05635601,0.26,0.27480903,-53.260757,q,Ses03M_impro04,Ses03M_impro04_M014
267,35.915813,0.05128394,33.8383,35.11056,38.010124,4.1718254,10.269047,5.5165467,16.167713,6.177853,0.1343071,1.0338378,0.047035508,0.062072832,0.2060824,0.15904689,1.382119,0.8745636,1.5716203,1.1069732,0.025458533,1.2519757,27.813992,0.25342324,-10.956497,-1.4164398,8.682384,0.7965668,-10.892547,-0.8573011,0.015836004,1.5205092,1.1402197,0.88735026,7.16947,0.47800428,4.3822064,1.7179078,16.809343,0.7944571,637.2022,0.2791076,1412.4736,0.17862156,-147.76459,-0.5791783,1635.888,0.106644735,1217.2087,0.1709931,-142.23457,-0.6021321,2638.728,0.08115097,1081.6523,0.3010188,-144.27307,-0.5728574,-5.5734754,-1.4495597,16.75436,0.6099087,0.037555102,0.4507273,-0.0017009475,-8.487602,0.05099993,0.8059082,30.547544,0.29650652,-20.855696,-1.0722259,7.519001,1.1427591,-18.574345,-0.5935171,-10.093289,19.917953,0.0031792924,0.0082874065,0.015000542,1.4440433,1.8382353,0.156,0.10131139,0.305,0.3595715,-43.66059,ans,Ses03M_impro04,Ses03M_impro04_F014
268,31.445793,0.0031223272,31.355278,31.452692,31.540407,0.18512917,0.0,0.0,-0.04683876,0.0,0.06877687,0.33222854,0.05133708,0.059294835,0.08109154,0.02975446,0.47576448,0.5304126,0.40183273,0.3682637,0.01138209,0.4721922,30.35593,0.1610794,-6.3622236,-0.98214066,9.168958,0.67734426,-9.062091,-0.693027,0.019409671,0.4137057,1.0142415,0.158741,0.6061709,2.711701,-16.50117,-0.19404237,10.950029,0.08022772,391.33356,0.021776032,1274.0278,0.09658297,-195.42334,-0.15051301,1333.726,0.036088604,1067.7429,0.17252244,-195.4488,-0.14962463,2331.6528,0.034477167,959.6846,0.33864114,-195.81903,-0.13954206,-13.557206,-0.064991236,27.559776,0.07470966,0.027147522,0.15449081,-0.0023859758,-1.1755718,0.012118569,0.1012622,35.789337,0.0072452617,-5.747218,-0.26310942,6.1479383,0.28289622,-16.020884,-0.16851191,-10.2297125,20.833313,0.0069844862,0.0040989905,0.01147374,2.8846154,0.49261084,0.049999997,0.0,0.97499996,0.60499996,-56.64247,s,Ses03M_impro04,Ses03M_impro04_M015
269,38.33532,0.06966796,35.64034,38.61796,40.33904,4.6987,37.22239,16.477276,23.308332,15.921869,0.12172839,0.8406738,0.048433807,0.087547354,0.17375952,0.12532571,2.5501807,2.8624995,1.7064261,0.7373819,0.026060933,1.2700893,27.664595,0.23778254,-7.63468,-1.3649861,13.358611,0.9375756,-16.800783,-0.7822767,0.02602354,1.8133845,1.0218072,0.802019,9.638101,0.33510375,13.507583,0.5349872,25.494093,0.33874348,630.8376,0.281716,1459.3662,0.12485161,-149.15761,-0.55633456,1694.1321,0.11065608,1175.8411,0.34301278,-143.71962,-0.560519,2713.3293,0.09347205,1042.4188,0.35456777,-144.63327,-0.5484717,-14.255481,-0.53488046,23.875124,0.45178804,0.042893473,0.4245355,-0.008788419,-1.432016,0.038928825,0.7943285,31.830254,0.22539285,-6.6859174,-2.0974376,19.541687,0.83004075,-25.03954,-0.4681886,-8.746091,18.839901,0.010732047,0.008139958,0.02059623,2.6946108,1.5197569,0.202,0.15942396,0.36166668,0.36771438,-44.72812,s,Ses03M_impro04,Ses03M_impro04_F015
270,29.497482,0.17622168,22.30472,30.754957,33.9929,11.688181,78.39896,60.93974,67.77477,85.3235,0.095641434,0.9448807,0.04975505,0.06529056,0.10471546,0.054960407,0.50039667,0.343149,0.24611688,0.22693922,0.019300481,1.5518105,28.690256,0.19981797,-4.2751026,-2.1046798,10.219599,1.0601974,-9.977733,-1.1219547,0.025657311,1.5392605,1.371406,0.4561036,3.905427,0.7022164,2.5199997,4.883495,23.119253,0.45328254,660.56116,0.3953978,1353.9965,0.11274876,-154.77274,-0.51475257,1672.4694,0.17371835,1133.5566,0.21538894,-154.4923,-0.5012961,2772.7454,0.10989766,921.6735,0.21917939,-156.68285,-0.47045395,-12.938132,-0.45370263,25.203014,0.21529828,0.026851604,0.8731427,-0.007024423,-2.1335266,0.04093589,1.0678233,32.862213,0.18095747,-5.835639,-2.4417746,4.701034,3.5902805,-16.204353,-0.98965836,-11.162353,20.972721,0.0069768536,0.0068132896,0.012397857,0.82372326,1.9933555,0.11416667,0.08693467,0.33846152,0.35068825,-45.821934,o,Ses03M_impro04,Ses03M_impro04_M016
271,27.517244,0.082545936,25.078503,26.669447,29.296757,4.218254,56.660023,66.49345,12.215377,6.1228266,0.10284747,0.6428254,0.048345603,0.0718957,0.1674474,0.1191018,0.86459607,0.5274929,0.5210288,0.28352535,0.015675247,0.8202494,28.94865,0.17373751,-7.612452,-1.024618,12.241828,0.76804644,-13.212183,-0.8060854,0.011477843,1.2922539,1.0424745,0.5058757,4.60594,0.36734977,0.9115887,6.339694,14.242785,0.4738771,516.5261,0.33084786,1303.9409,0.14760928,-129.99449,-0.706952,1477.88,0.1505107,1041.7877,0.17179921,-129.1126,-0.7036989,2567.0054,0.08315891,839.7696,0.27480876,-132.71294,-0.6493877,-9.111852,-0.502598,20.474592,0.19726878,0.016880604,1.1285261,-0.005806313,-1.9305216,0.026037397,0.5882365,33.20351,0.13193758,-11.080592,-0.92190987,9.76972,1.3548566,-20.50877,-0.6503995,-10.244462,19.365742,0.004443822,0.009421531,0.009689025,1.8461539,1.2500001,0.29,0.2046949,0.39,0.24462216,-49.133125,s,Ses03M_impro04,Ses03M_impro04_M017
272,26.625486,0.053119846,25.420294,27.151773,27.784773,2.364479,118.23295,89.90036,4.898236,3.640376,0.10118919,0.5457872,0.04877451,0.086202085,0.14653541,0.0977609,0.80659485,0.4958929,0.5990632,0.25250572,0.014985753,0.6953533,28.529535,0.2739731,-8.614943,-1.1030993,18.98347,0.8310506,-9.925309,-0.8319523,0.011770987,1.00961,1.019398,0.46280938,4.612442,0.37660906,4.7129045,1.2991259,18.122194,0.3258273,562.6914,0.42718324,1308.0365,0.14710657,-132.79414,-0.6710401,1593.3187,0.14508854,927.91595,0.2203544,-133.18935,-0.642577,2603.46,0.09327709,958.8616,0.344936,-134.0495,-0.62973166,-11.3864355,-0.30872077,19.860147,0.24322067,0.023018844,0.7385042,-0.006225656,-1.6434947,0.020783408,0.49967375,34.18495,0.14513253,-9.518345,-0.9273209,24.730585,0.7574739,-15.817012,-0.61275804,-8.658863,17.186848,0.0031251851,0.0074418746,0.011970169,2.6119404,2.281369,0.14999999,0.06271629,0.22857143,0.19584459,-50.106438,s,Ses03M_impro04,Ses03M_impro04_M018
273,42.10096,0.07373858,39.95186,41.544415,43.670696,3.7188377,108.69121,101.20177,35.62311,30.583115,0.13922478,0.53926903,0.07194171,0.12035155,0.19296888,0.121027164,2.0281923,1.4551094,1.7508705,1.0428278,0.02865264,0.77983755,22.896118,0.44492197,-3.964939,-2.8259494,12.8897295,1.1083148,-18.621159,-0.66533077,0.025501367,1.0510652,1.2721076,0.7903488,9.5131855,0.32598498,11.241701,0.6667086,17.029722,0.61092925,699.2159,0.30453113,1413.8535,0.17622724,-141.75111,-0.5737582,1734.9321,0.116193116,1058.795,0.322773,-122.2598,-0.6824987,2746.7688,0.115272805,1066.1721,0.40546808,-123.06037,-0.67072856,-11.37022,-0.597437,19.367739,0.44516543,0.032704625,0.6193455,-0.008876816,-1.3233911,0.038508546,0.6686633,25.446705,0.32408664,-7.3694863,-1.6957783,14.892608,1.1801418,-22.663284,-0.45307344,-9.249365,16.777628,0.02145123,-0.0010764902,0.021108413,4.1407866,3.3472805,0.121874996,0.07212998,0.155625,0.14361271,-44.96833,o,Ses03M_impro04,Ses03M_impro04_F016
274,33.033844,0.20429486,24.958862,34.71154,41.697136,16.738274,57.28311,38.15619,43.983047,5.3053436,0.11560607,0.6639367,0.05136555,0.09487963,0.14506362,0.09369807,1.2430629,0.8720044,1.2243892,0.9935102,0.019008428,0.8550119,23.405916,0.38603383,-4.627397,-2.1673167,17.146921,0.5408891,-10.913325,-0.94993424,0.03829545,1.9507524,1.4059364,0.39794618,4.223237,0.51790005,3.5389276,1.5496604,13.636804,0.62992966,555.8339,0.35965726,1374.9319,0.13954006,-161.63087,-0.4645641,1595.6211,0.12031982,984.8135,0.25976875,-157.9011,-0.47709635,2593.35,0.088629104,1011.16724,0.24627785,-158.21384,-0.47334427,-8.889261,-0.56433576,15.738058,0.49490327,0.018738557,0.65942365,-0.0027942972,-2.8078032,0.02680627,0.61471283,28.923796,0.21858978,-10.31678,-1.028066,20.483133,0.49171394,-13.126926,-0.7087064,-9.102505,16.996746,0.010805195,0.0038492472,0.017045217,2.8132994,1.8134716,0.117142856,0.09735271,0.4142857,0.5084109,-48.94918,s,Ses03M_impro04,Ses03M_impro04_M021
275,40.98815,0.17496087,31.306177,44.829033,47.396233,16.090055,114.15086,73.03308,121.99048,90.32994,0.14561722,0.7287848,0.05010174,0.10211821,0.25929284,0.2091911,2.0227923,1.6647354,2.0133455,2.061525,0.031333856,1.0550408,22.750849,0.36793378,-4.830856,-2.3951643,13.91725,0.7923288,-11.608459,-1.0568422,0.038730297,1.8986262,1.1414498,0.5245888,8.551967,0.48751494,10.99371,0.5087733,20.56205,0.54195553,810.5443,0.24595243,1383.5981,0.14799848,-145.02625,-0.57130414,1808.184,0.1107976,1066.0697,0.2523884,-141.64575,-0.56870633,2809.7673,0.06222962,1026.542,0.4463953,-143.44934,-0.54449487,-11.737243,-0.4788225,21.408504,0.21915019,0.05431093,0.5378275,0.0035251677,4.2711997,0.044482313,0.43065894,23.86952,0.3264905,-7.6977344,-1.4335854,10.176157,1.4565247,-22.095417,-0.6557808,-9.779797,18.554256,0.0074483724,0.0075290785,0.025850512,2.5,2.5547445,0.11857142,0.09326285,0.25,0.25489494,-43.38321,q,Ses03M_impro04,Ses03M_impro04_F019
276,38.304695,0.22251873,27.653963,42.50255,46.677128,19.023165,116.17468,72.26091,139.01878,72.98201,0.12137774,0.78790385,0.05179796,0.07935607,0.18289343,0.13109547,2.1322305,1.6552988,1.9544832,2.1064217,0.024684437,1.1808772,22.511148,0.36516574,-3.0790915,-3.4165523,13.51991,0.72339606,-9.946048,-1.0848879,0.033369455,2.000555,1.1856362,0.5444491,7.820023,0.51945394,9.829964,0.66453844,22.368818,0.48927787,789.42505,0.26059848,1410.1007,0.14845686,-153.41187,-0.51283586,1790.4948,0.111004665,1109.6063,0.24533275,-151.42326,-0.50579107,2813.1357,0.06619255,1077.9009,0.43011624,-153.15472,-0.48260656,-12.619196,-0.43643704,22.952412,0.23889244,0.047501367,0.64853686,0.0022973842,6.062406,0.03851354,0.5513173,25.548836,0.31494266,-5.109328,-2.2373903,10.132654,1.3631035,-19.492924,-0.73268616,-10.341068,19.43582,0.0027599637,0.00867249,0.019711768,1.7114916,2.227723,0.11333333,0.083133094,0.31333333,0.2957852,-44.925938,ans,Ses03M_impro04,Ses03M_impro04_M022
277,46.89309,0.08378011,42.414047,48.972027,49.53077,7.116722,30.8241,9.49034,10.003172,0.0,0.10413307,0.7040336,0.04923916,0.06271925,0.17848112,0.12924196,1.3046131,0.8361032,1.3352007,0.80280143,0.017527467,0.9586707,22.973007,0.31558827,-8.428142,-1.0697414,9.076828,1.1446575,-17.311625,-0.6858638,0.02619588,1.3195859,0.9778833,0.6529987,12.332966,0.31022358,10.544636,0.7136264,19.206415,0.51022655,919.3966,0.14206289,1248.873,0.27001068,-145.09799,-0.582941,1907.1367,0.0977997,1182.2921,0.43529797,-146.49315,-0.5433028,2915.1885,0.07189831,874.8527,0.28144532,-147.44432,-0.52536565,-12.585356,-0.620685,26.016825,0.33754846,0.06311796,0.4575264,0.000227844,52.076588,0.036790185,0.48685235,29.12219,0.22813979,-15.523755,-0.7171367,0.9483388,13.666947,-30.31688,-0.41295666,-8.790133,17.458454,0.0027503413,0.0103283,0.009029816,3.3175356,0.97087383,0.315,0.13499999,0.45999998,0.34068558,-46.11803,q,Ses03M_impro04,Ses03M_impro04_F020
278,30.94377,0.0988679,28.50083,30.511469,33.733295,5.2324657,170.86182,99.911125,51.27651,88.82938,0.071017765,0.27813864,0.052652463,0.06688316,0.0891841,0.036531635,0.40324494,0.22989105,0.24207053,0.12694024,0.0112328315,0.43513668,24.812094,0.34168813,0.7344593,10.774462,11.454427,0.730803,-8.377098,-0.86424476,0.010299414,0.64852506,1.1646776,0.54478145,4.4698763,0.34260052,0.9002197,11.342047,22.795702,0.32459813,568.7347,0.36061108,1397.4099,0.15567805,-187.96358,-0.24251357,1530.8861,0.14960769,1138.3341,0.16208775,-187.15533,-0.24189629,2608.498,0.09133715,1070.976,0.2665719,-187.9881,-0.22667035,-11.579019,-0.34321484,24.913206,0.20145743,0.019569527,0.70404655,0.0063411095,1.9300447,0.014162749,0.18844372,32.749596,0.15219909,-0.80057317,-12.16622,7.9377027,1.0706854,-8.47198,-0.84432095,-11.156511,20.743097,0.00302727,0.006107995,0.01104671,2.9649596,0.9497965,0.06714286,0.06496467,0.84375,0.5696257,-55.9324,ans,Ses03M_impro04,Ses03M_impro04_M023
279,37.506397,0.06488596,35.289955,37.326492,39.89739,4.6074333,46.820698,21.375008,23.100735,14.039431,0.13174197,0.6225004,0.052346162,0.11217198,0.20789656,0.15555039,2.372278,1.6689299,2.01817,1.0266821,0.02588779,0.81157047,26.009945,0.49946928,-1.9465156,-6.2473464,10.118551,1.1730009,-14.455604,-0.7296696,0.020661814,0.97705126,1.1898644,0.7919133,8.763225,0.33025363,7.5842447,1.0030862,26.833569,0.43687278,662.6332,0.28930578,1452.0061,0.15243872,-136.4375,-0.6322035,1735.9817,0.13473645,1152.2051,0.20433459,-129.42793,-0.6406212,2792.508,0.104439035,1131.5531,0.25257552,-132.32489,-0.5998964,-13.82797,-0.6038115,25.525946,0.4377825,0.042316798,0.56174093,-0.009206499,-1.0083643,0.039233632,0.5334519,32.48666,0.3787945,-3.30534,-4.5167284,4.9711933,2.641631,-18.018652,-0.6408709,-9.639987,17.186707,0.0073244465,0.0008743067,0.0175889,4.178273,2.824859,0.132,0.051341992,0.18272728,0.18978892,-44.78392,s,Ses03M_impro04,Ses03M_impro04_F021
280,26.772081,0.001015227,26.752163,26.772606,26.792107,0.039943695,0.0,0.0,-0.022190094,0.0,0.065798976,0.535551,0.046417765,0.04879344,0.08215242,0.035734653,0.24705169,0.13783865,0.20385383,0.09014161,0.011095838,0.9286029,27.67739,0.11668899,-7.1884828,-0.8400407,9.356498,0.57837415,-13.876792,-0.6151422,0.0,0.0,4.5110555,0.0,1.8963877,0.22610822,5.74573,0.033307914,12.089572,0.15765204,664.73157,0.15588847,1270.226,0.023783991,-198.83061,-0.08921558,1717.1106,0.07206488,1090.449,0.014748528,-198.91896,-0.08601197,2735.3074,0.020309266,875.34436,0.029042106,-198.98717,-0.08291077,-8.300936,-0.045953512,20.87065,0.043686133,0.019883806,0.4369452,0.004365965,1.2476948,0.015439416,0.20706312,18.699812,0.13890326,-1.4648429,-0.6753369,5.839359,0.23239885,-14.995647,-0.27460656,-10.128385,19.759224,0.004391604,0.0047470797,0.011174887,1.0169492,0.3448276,0.02,0.0,1.425,0.015,-55.161255,ag,Ses03M_impro04,Ses03M_impro04_M024
281,38.685444,0.086654305,36.41217,38.559044,41.479305,5.067135,55.280914,6.7515054,29.45671,19.38416,0.20888199,0.7333633,0.055741403,0.18855985,0.33590627,0.28016487,2.8363595,1.8136653,2.619855,1.5687655,0.047902107,0.8989475,20.231512,0.47580925,-6.095223,-1.8661536,21.448498,0.5517066,-17.670647,-0.7880445,0.032831978,0.89380485,1.2361516,0.53031564,6.564792,0.3877904,14.558899,0.61653525,12.325423,0.58913255,652.3428,0.38776398,1355.2163,0.23494962,-146.88594,-0.54983115,1732.8177,0.1216325,821.27423,0.34679878,-129.43045,-0.65002435,2726.905,0.07039125,1020.18427,0.3714069,-127.90532,-0.6734966,-8.421313,-0.6404201,14.168821,0.50300133,0.047780886,0.40839344,-0.013986179,-0.7104685,0.084797025,0.434788,21.574945,0.38346452,-8.476799,-0.9831361,29.094044,0.40507427,-29.794641,-0.43655357,-7.541154,16.352242,0.003186593,0.007104659,0.024890114,3.9156628,2.4464831,0.1525,0.14947826,0.23375,0.26381513,-40.10779,o,Ses03M_impro04,Ses03M_impro04_F022
282,39.256977,0.08440738,37.557304,39.404087,41.69198,4.134674,52.263428,7.10328,21.083015,25.800175,0.25497887,0.61976296,0.09246773,0.24277344,0.3647669,0.27229917,3.5835443,1.7646561,3.0060499,1.2660409,0.061661445,0.7202507,21.726,0.46390522,-6.5507956,-1.7436793,22.408878,0.56331295,-20.761337,-0.74811393,0.03305591,0.9160895,1.2530069,0.50929564,6.5554714,0.38552794,16.77306,0.3893203,12.182126,0.6020509,666.81537,0.38259348,1350.7457,0.24781679,-128.63902,-0.6711795,1747.9738,0.12707758,832.4096,0.36623633,-105.22086,-0.810043,2732.3816,0.07477193,1029.2213,0.3628759,-102.86176,-0.85281503,-8.298177,-0.64299434,13.896657,0.5098257,0.04883299,0.38880956,-0.013549952,-0.73566866,0.08830021,0.4338193,22.169846,0.36055428,-9.452256,-0.86526,28.778315,0.44170177,-31.134373,-0.43496454,-10.011318,19.245916,0.006576097,0.006195395,0.030692967,4.761905,2.9268293,0.17166665,0.16767198,0.14666666,0.14522013,-38.59545,s,Ses03M_impro04,Ses03M_impro04_M025
283,0.0,0.0,0.0,0.0,0.0,0.0,0.0,0.0,0.0,0.0,0.05036103,0.122385256,0.045716744,0.048107397,0.055565774,0.0098490305,0.108844064,0.051219396,0.10034833,0.053648405,0.0073946444,0.25707623,27.541851,0.08484208,-5.3888655,-0.60362107,10.837114,0.25187352,-8.550171,-0.37196365,0.0,0.0,0.0,0.0,0.0,0.0,0.0,0.0,0.0,0.0,0.0,0.0,0.0,0.0,-201.0,0.0,0.0,0.0,0.0,0.0,-201.0,0.0,0.0,0.0,0.0,0.0,-201.0,0.0,0.0,0.0,0.0,0.0,0.0,0.0,0.0,0.0,0.0,0.0,0.0,0.0,0.0,0.0,0.0,0.0,0.0,0.0,-10.628483,20.908344,-0.0010977574,0.009229483,0.0073837726,5.960265,0.0,0.0,0.0,1.4499999,0.0,-61.25703,dag,Ses03M_impro04,Ses03M_impro04_M026
284,40.409348,0.0710187,38.35974,40.19611,42.859528,4.4997864,24.441336,11.090984,28.03415,14.574868,0.21516968,0.8768594,0.056770183,0.17516416,0.30591002,0.24913985,1.989461,1.0599072,1.5707185,0.86703056,0.04909594,1.1716212,24.564253,0.28021228,-15.380662,-0.7995709,6.533206,1.7711592,-16.384676,-0.7485678,0.012926299,1.0609988,1.0930392,0.7702977,8.104129,0.41500476,5.268096,1.6882849,21.734858,0.545758,808.7762,0.23326121,1394.335,0.1556005,-120.2903,-0.7860611,1729.2639,0.110471115,1225.7404,0.2664643,-112.22043,-0.82487047,2831.9636,0.06438364,866.0614,0.22927862,-116.8808,-0.7481343,-5.3322697,-1.5553707,20.56301,0.39277324,0.04541213,0.50659037,0.0038207993,3.6830783,0.07906137,0.7950464,28.094881,0.23000628,-22.587831,-0.60234076,-0.19177504,-70.35556,-23.89284,-0.44807056,-7.419618,17.326727,0.010849264,0.0072954167,0.025297493,2.0242915,2.0661159,0.21399999,0.17488281,0.305,0.41955334,-38.372993,ag,Ses03M_impro04,Ses03M_impro04_F024
285,37.268387,0.106203325,35.851173,37.02671,40.694927,4.843754,21.385809,11.166002,30.582397,16.89989,0.18728273,0.8190763,0.06796658,0.12817197,0.30033767,0.23237109,3.6644955,2.1734474,2.5753186,1.8682803,0.03719458,1.4686745,26.361462,0.35584226,-13.445506,-1.1683743,14.401028,0.8459369,-17.062119,-0.68381816,0.019483643,1.7749548,1.0739921,0.6301669,8.039012,0.45014945,3.9822273,2.5574439,14.453147,0.73981017,663.68414,0.2968972,1423.5665,0.1502367,-115.03639,-0.81580424,1672.5403,0.12081034,1180.3152,0.3342486,-109.35156,-0.83214486,2651.8865,0.085942805,990.3797,0.25772515,-110.91013,-0.80738646,-8.203635,-0.8371178,16.660534,0.52272326,0.041540522,0.4956935,-0.0074901073,-1.5615795,0.060373593,1.156069,30.831228,0.24776354,-21.018545,-0.75364405,13.957628,1.0239921,-21.890888,-0.5515125,-8.548848,16.927216,0.0053608944,0.0039210115,0.015508252,2.6890757,1.3559322,0.35375,0.29184487,0.3222222,0.30374616,-40.54424,o,Ses03M_impro04,Ses03M_impro04_F025
286,32.007225,0.19394256,23.979565,35.25152,37.493973,13.514408,-0.4091978,0.0,51.7413,0.0,0.09613548,0.6516445,0.06038934,0.07264315,0.11256319,0.052173853,1.443921,1.0292426,1.0382837,0.697999,0.016248357,0.7563017,26.783636,0.31967837,-1.3034868,-6.7375536,12.524397,0.9552867,-14.590884,-0.8953626,0.014090266,0.9994261,1.1849443,0.46770898,6.224833,0.5601914,5.749363,1.9007941,21.731892,0.43097237,583.4393,0.24684641,1450.806,0.10159059,-153.66199,-0.5156917,1582.7345,0.16673866,1025.9692,0.28651607,-153.07138,-0.5077684,2671.5876,0.07714126,916.9823,0.20019771,-155.52217,-0.47403577,-10.022193,-0.5783972,21.549507,0.3569614,0.024561439,1.1297778,-0.00819703,-1.3955033,0.032000326,0.49982128,33.689556,0.19408554,-8.249821,-1.4723307,19.176207,0.92809385,-25.258049,-0.63940823,-11.354756,22.036333,-0.0031923284,0.0038282163,0.011336932,1.9736842,1.3605443,0.185,0.105,0.35,0.36249137,-49.115196,o,Ses03M_impro04,Ses03M_impro04_M030
287,44.83675,0.24347048,35.688904,40.038334,57.88229,22.193386,100.289696,104.44717,59.52342,13.718036,0.17230447,1.138806,0.049216297,0.08267685,0.23653854,0.18732224,2.7105086,1.9661212,2.1119926,1.7741693,0.052811157,1.8198239,22.954166,0.48206243,-8.721588,-1.4483526,5.2818522,2.4152117,-13.898677,-0.9099204,0.025956845,1.2288566,1.3216429,0.7607367,9.325756,0.5196643,4.518639,1.7780168,16.586596,0.5345349,794.6194,0.29378435,1240.9132,0.21582584,-164.976,-0.4324611,1774.0675,0.1398101,1140.3218,0.3152478,-152.30193,-0.5041649,2828.9558,0.101956025,884.31177,0.43074244,-153.00172,-0.48536667,-8.6461525,-0.73602057,22.18715,0.2995558,0.031223144,0.73637,-0.0069216653,-1.869804,0.14374182,0.98868734,23.533459,0.5457324,-20.535467,-0.6712087,-5.289286,-2.8058934,-26.778675,-0.50269735,-9.306049,18.799953,0.005031867,0.00463947,0.019370394,1.6806723,2.20339,0.11461538,0.099507675,0.31769228,0.30298907,-34.667465,o,Ses03M_impro04,Ses03M_impro04_F026
288,35.320656,0.16487047,35.536087,36.19496,39.955692,4.4196053,-120.88904,0.0,30.488676,0.0,0.08762394,0.6137816,0.048708405,0.06470009,0.10991078,0.061202373,0.82171607,0.81404155,0.84571886,0.38859266,0.013950859,0.6100075,27.328003,0.23343834,-5.5480947,-1.161787,13.728129,0.5755532,-10.226103,-0.837438,0.019378062,0.64909774,1.7074664,0.38168892,6.196926,0.46879858,3.0621161,1.677567,18.033773,0.4626965,762.41846,0.2617232,1373.7675,0.14296602,-170.49342,-0.38162073,1765.7206,0.14557715,1149.9657,0.1830696,-171.93137,-0.3603704,2736.803,0.09874959,895.3796,0.22785845,-172.87115,-0.3472111,-8.418136,-0.63888186,19.307512,0.30725482,0.012287039,1.0962884,0.001036457,15.465925,0.022271158,0.2824354,29.543402,0.22993298,-12.290175,-0.6034494,12.469795,0.7831594,-15.875198,-0.7190793,-10.708585,20.282784,0.0043506594,0.004100752,0.012774138,3.030303,1.8750001,0.07666666,0.028674418,0.325,0.20548722,-51.481724,s,Ses03M_impro04,Ses03M_impro04_M031
289,27.311533,0.016168874,26.88298,27.532875,27.686079,0.8030987,0.0,0.0,-0.11159203,0.0,0.0643995,0.3606561,0.048263043,0.053871937,0.07914983,0.030886784,0.27056128,0.2593788,0.17653328,0.14203265,0.009759944,0.5358361,27.00348,0.21183826,-7.8813267,-0.51343733,9.362587,0.59707606,-10.082954,-0.49975282,0.01315066,0.61962223,0.87961143,0.34909746,3.3011768,0.3806455,7.388766,0.21249807,18.152428,0.10841307,478.6813,0.12988266,1234.6351,0.11008864,-192.8197,-0.19383866,1492.7258,0.02965242,988.7497,0.07649499,-193.08066,-0.18759058,2695.1836,0.044990763,980.0797,0.17365769,-193.59096,-0.17521031,-9.922452,-0.20505527,25.647758,0.048181005,0.011405984,0.27622727,-0.009623348,-0.6448638,0.023955053,0.15951705,37.45841,0.026416812,-15.681468,-0.18706551,2.278328,3.5112207,-15.362126,-0.24074277,-9.140757,21.086687,-0.00023090564,0.00993114,0.009227397,1.4925374,0.38022816,0.099999994,0.0,1.25,0.52,-56.816147,s,Ses03M_impro04,Ses03M_impro04_M032
290,38.14868,0.08138735,36.235237,37.830307,40.139606,3.9043694,103.26619,79.89628,10.417673,4.9395995,0.18960215,0.9043232,0.05279427,0.13440543,0.28157735,0.22878307,3.3006713,2.264026,2.6930113,2.0935326,0.03756344,1.2636466,24.101572,0.42384893,-9.4377985,-1.6058421,11.306926,1.1118919,-16.533173,-0.7366573,0.011900098,1.0199429,1.0423015,0.7832859,9.394326,0.30654106,6.109576,1.8069849,17.392063,0.5709305,684.7076,0.2871396,1410.4827,0.14202413,-120.7389,-0.7760714,1703.2129,0.11283436,1138.9001,0.28419665,-113.860405,-0.78807795,2708.0645,0.0837529,1046.9058,0.39603117,-115.906624,-0.7559357,-8.571461,-0.8122046,19.177479,0.4203192,0.040536787,0.56275624,-0.004110909,-2.754473,0.058533996,0.78442806,27.792667,0.31112278,-15.91288,-1.0132842,10.135246,1.5880129,-23.5709,-0.53653985,-8.75207,17.50656,0.0065244576,0.006230924,0.019448644,2.4367385,1.9774011,0.22761905,0.16100591,0.2459091,0.3693318,-39.36437,q,Ses03M_impro04,Ses03M_impro04_F027
291,28.40586,0.17678131,23.862053,27.657063,35.843056,11.981003,126.986084,0.0,93.14558,120.34074,0.083697185,0.5218777,0.050108716,0.069664836,0.10249761,0.05238889,0.5502523,0.4494256,0.28697056,0.15004608,0.014080345,0.8126839,23.696926,0.2854809,-4.271756,-2.0988977,13.548247,0.67187715,-9.170212,-0.8087764,0.037711456,0.99830973,1.3167188,0.43235952,3.6753817,1.1180605,3.3384154,2.149998,16.969332,0.34001285,742.82825,0.30742082,1375.0497,0.14379248,-190.88336,-0.21095718,1668.149,0.12387014,1111.171,0.06451873,-190.71336,-0.21174474,2757.0676,0.10292998,831.2647,0.20367639,-191.2157,-0.20033917,-10.61693,-0.60706586,25.933746,0.22226153,0.01483959,0.7380452,-0.0007093317,-9.538175,0.03454087,0.6587395,33.465233,0.105158836,-10.679551,-0.796361,6.421108,3.2811797,-8.647715,-0.9006728,-9.8072405,19.215836,6.892619e-06,0.006615974,0.0130839385,1.8556701,0.8333334,0.055,0.044999998,1.125,0.7795672,-52.47986,ans,Ses03M_impro04,Ses03M_impro04_M033
292,28.253847,0.30786166,21.203306,24.956888,40.517094,19.313787,2124.8394,0.0,14.605772,3.9836318,0.114046894,1.0583116,0.057088584,0.0749263,0.11813384,0.06104526,1.9565872,2.4074073,3.791191,4.0447617,0.02742565,1.7810972,29.389479,0.24500784,-5.4976916,-1.9147197,8.361134,1.0865088,-17.061205,-0.8400116,0.014373584,1.0592548,1.6451167,0.4953115,3.7498186,0.8008934,1.6309811,4.928935,18.471283,0.5702133,671.2524,0.34536394,1252.4398,0.13596204,-157.70851,-0.49297655,1651.0687,0.1843475,1086.0977,0.1850814,-156.10378,-0.49391806,2722.0688,0.086319245,835.2638,0.26353657,-158.68011,-0.4569457,-8.113399,-0.93345815,23.322535,0.25640157,0.023654006,0.509038,-0.0031562224,-4.7005453,0.0630969,1.4188638,33.19616,0.22574048,-13.398108,-1.1568393,4.2505407,2.1020296,-29.047737,-0.4057678,-11.370501,23.198053,0.0032961539,0.0029615092,0.01709519,1.2578617,2.2364218,0.09428571,0.07575471,0.29,0.40456766,-42.209904,s,Ses03M_impro04,Ses03M_impro04_M034
293,36.151623,0.064631864,34.669537,35.73067,39.060875,4.3913383,44.97392,10.541276,8.652071,0.0,0.16032192,0.90789664,0.06120699,0.114228785,0.20868084,0.14747384,2.5090938,1.4991975,2.3991392,2.1659455,0.029717956,1.0444328,24.228651,0.33621642,-9.39416,-1.2214646,15.666948,0.7696486,-17.550022,-0.61080426,0.012430799,1.0057726,1.011038,0.57604593,8.144439,0.40970585,3.4896386,3.066011,14.024362,0.7209403,537.2975,0.37152928,1391.7091,0.16944969,-160.9376,-0.48371544,1604.9362,0.12785728,1012.0884,0.35407975,-145.84586,-0.5737119,2602.082,0.09338728,1028.874,0.28736833,-146.401,-0.56656855,-8.461817,-0.63633025,17.386454,0.4980403,0.045677308,0.5231066,-0.0066800015,-1.5508728,0.059772145,0.6653626,27.017994,0.33564398,-15.220557,-0.7885292,20.506554,0.8250904,-24.82493,-0.4477979,-8.607402,17.452106,0.011155721,0.0034450046,0.017753024,2.2801304,0.9933775,0.28666666,0.3347968,0.5225,0.49073288,-42.842842,o,Ses03M_impro04,Ses03M_impro04_F030
294,24.34473,0.08877278,22.528345,23.918797,27.20358,4.6752357,0.76061255,0.0,50.798798,0.0,0.0644711,0.32036886,0.048698097,0.053170007,0.081598565,0.032900468,0.32531536,0.1766329,0.30336466,0.21759109,0.010034233,0.41780654,26.352255,0.19217439,-3.9560635,-1.5554277,13.587715,0.55679995,-8.06837,-0.87066585,0.017596198,1.6005856,1.0327057,0.5907159,2.5338836,0.39418623,7.0634685,1.3214027,23.909492,0.19110075,779.32947,0.27571794,1343.2367,0.12057935,-190.44281,-0.21166618,1685.1782,0.14701724,1033.7107,0.15955791,-190.5594,-0.20917462,2801.2434,0.07947703,800.4416,0.23703717,-190.9937,-0.19938254,-9.495208,-0.3857121,21.177322,0.13810878,0.017887581,0.7783876,0.006351175,1.8197846,0.016626595,0.23389451,30.965908,0.26111132,-6.033078,-2.1186426,14.6201105,0.54687953,-13.591631,-1.0101762,-11.176284,20.78298,0.0032949354,0.0067235506,0.009730453,2.2082021,0.9615385,0.046666663,0.01699673,0.72749996,0.5694899,-57.007812,s,Ses03M_impro04,Ses03M_impro04_M037
295,35.233513,0.053319853,33.741566,34.54344,37.31641,3.5748444,-25.69027,0.0,48.506382,0.0,0.090702504,0.6233347,0.04840799,0.06702338,0.13350579,0.085097805,1.5021256,1.2510046,0.7915136,0.6006366,0.013850844,0.9732643,19.382399,0.43015826,-6.5745597,-1.1832076,15.350808,0.60206795,-8.799667,-0.78902036,0.026085744,0.31412986,0.99375534,0.41247943,7.81092,0.1440243,12.183549,1.3233025,13.649232,0.6680184,708.2759,0.37401628,1416.9827,0.10784312,-190.98763,-0.20837149,1732.1453,0.06520196,1128.8779,0.24972332,-189.33662,-0.21791299,2783.9412,0.041150253,939.27246,0.23959263,-189.18648,-0.22090505,-10.728468,-0.43645823,18.178186,0.36017406,0.024456335,1.2316755,-0.00072838203,-12.342853,0.03421507,0.5479579,22.383404,0.36354607,-6.362454,-1.5487198,27.545094,0.3060372,-13.101462,-0.8714169,-7.050179,16.133219,0.0040413938,0.010072634,0.012459874,2.419355,0.8230453,0.07,0.01,0.7466666,0.367907,-51.573036,dag,Ses03M_impro04,Ses03M_impro04_F031
296,23.166256,0.0024285044,23.130856,23.172846,23.217222,0.08636665,7.88517,0.0,-2.7450562,0.0,0.08225151,0.4335561,0.052090798,0.06812732,0.11684008,0.064749286,0.51110154,0.29563043,0.3226423,0.21510832,0.010785477,0.36711967,21.705633,0.3358795,-9.568894,-0.7927876,14.621413,0.47240487,-8.883125,-0.7433155,0.014675365,0.30395415,0.7891356,0.4443148,2.5358388,0.059629362,14.036373,0.00931649,26.224348,0.06606088,467.47543,0.13603732,1274.4753,0.058482934,-196.6079,-0.1347419,1647.2264,0.019996682,1033.5192,0.06848982,-196.92776,-0.12434278,2336.8994,0.060711954,1594.3131,0.23212717,-196.98874,-0.12274164,-14.697499,-0.078976914,21.207619,0.035173472,0.027282875,0.3113005,-0.015811637,-0.054592006,0.013631006,0.039638624,30.102259,0.029297072,-2.128881,-2.2758896,29.586946,0.12333066,-24.37184,-0.16950493,-6.3792653,16.310534,0.0054571847,0.010953488,0.0108483955,2.586207,0.44052863,0.04,0.0,1.1,0.22999999,-57.040966,s,Ses03M_impro04,Ses03M_impro04_M038
297,27.518188,0.1525596,25.262241,26.797354,27.089132,1.826891,1516.8674,0.0,-3.2382507,17.671284,0.0701109,0.36494234,0.047155105,0.06412003,0.09524835,0.048093244,0.2922503,0.20145527,0.25707528,0.046160996,0.011612771,0.5307876,29.044992,0.18182659,-5.4802623,-0.7755009,12.319056,0.474308,-10.544293,-0.6564012,0.012183051,0.68224037,1.1395761,0.6644411,2.8625,0.9843369,1.9119146,2.7991135,21.488619,0.2966361,523.6987,0.4552852,1545.4894,0.24425504,-177.1833,-0.34777996,1483.8081,0.19997494,1180.361,0.123034395,-178.00409,-0.3291908,2604.2747,0.051484045,1013.9097,0.12722227,-179.0451,-0.31167194,-13.127686,-0.27797627,24.979586,0.13555403,0.021209572,0.7767165,-0.0018884201,-6.220798,0.02223622,0.3126165,34.22593,0.13971025,-4.8751125,-1.0919154,13.860439,0.6274116,-17.481821,-0.549866,-10.740905,21.647318,-0.0007220224,0.0073504485,0.0102705015,2.197802,1.119403,0.099999994,0.092736185,0.5775,0.12813567,-54.799496,s,Ses03M_impro04,Ses03M_impro04_M039
298,37.363956,0.11237757,32.667248,36.863045,41.25992,8.59267,21.197504,8.630802,36.119198,0.0,0.09192863,0.9837623,0.046820343,0.048333712,0.12842022,0.08159988,0.9631818,0.45517114,1.7469478,1.0989616,0.018003533,1.3414782,28.391794,0.14970273,-7.81363,-1.0755609,13.371687,0.5248466,-12.252368,-1.0341107,0.025780622,0.71573126,1.0205804,0.5866242,6.8023667,0.28445205,4.6752243,1.6603361,17.337305,0.48929143,660.24133,0.3459072,1344.1997,0.12533893,-157.75774,-0.49751565,1695.5751,0.14171773,1007.1757,0.22580998,-152.19408,-0.5201516,2734.8691,0.08544921,995.22406,0.4251172,-153.03922,-0.50819874,-10.267361,-0.44493148,20.547958,0.35583705,0.030366361,0.65792257,-0.009466269,-1.2713698,0.0448495,0.77069694,31.842524,0.13517165,-16.24043,-0.74011797,18.319304,0.5699664,-26.63069,-0.64668113,-11.829684,21.712667,-0.0022268689,0.008860455,0.00856281,1.6949153,0.86580086,0.29999998,0.24,0.825,0.035,-47.33432,q,Ses03M_impro04,Ses03M_impro04_F032
299,22.306816,0.06897684,20.08992,22.615463,23.777945,3.6880245,30.659506,8.472092,8.602736,6.756857,0.07635229,0.49842945,0.047679994,0.06390297,0.10062511,0.05294512,0.5638346,0.2877155,0.41276532,0.2947959,0.013222206,0.6875424,30.340288,0.1493277,-4.287594,-1.7721621,12.116732,0.47478092,-10.752623,-0.8221873,0.0090756565,0.48407325,1.10285,0.46506527,1.9736856,0.6485186,7.957068,0.92384917,24.435625,0.28209263,526.08716,0.27452713,1300.623,0.13097546,-176.72371,-0.35088778,1514.8931,0.13437626,1051.9358,0.16121,-177.6402,-0.3365712,2564.6553,0.06650169,921.2423,0.38047078,-178.77356,-0.31772688,-11.892302,-0.47235292,23.710667,0.19168012,0.023748478,0.84635246,-0.005139371,-2.0297253,0.017847467,0.32391056,34.326595,0.098558925,-6.1144705,-1.7956759,12.047421,0.70197374,-18.74976,-0.4561,-11.8839035,22.228008,0.005761221,0.004651232,0.012686615,1.968504,1.192843,0.09166667,0.04139914,0.62142855,0.53735936,-53.39751,q,Ses03M_impro04,Ses03M_impro04_M040
300,30.619352,0.2226856,24.353146,31.169352,33.29428,8.941135,69.725914,28.170818,68.75096,56.295837,0.1112782,0.72820985,0.055149067,0.085223645,0.14546594,0.09031688,1.2792101,1.384374,0.7981139,0.9757557,0.019774608,1.1204623,21.772083,0.4343348,-5.8832693,-1.3714851,13.743398,0.7449137,-12.657133,-0.9002494,0.01493752,0.5859526,0.9628453,0.41347364,5.0267587,0.769846,3.8044457,2.8425376,17.915407,0.4768508,702.9826,0.30822465,1357.9845,0.11287301,-171.11528,-0.3913451,1724.2206,0.13911287,1117.6667,0.3199925,-168.92802,-0.40134895,2735.2986,0.092774786,992.0683,0.32159755,-169.80864,-0.38803443,-11.278681,-0.5566441,20.319168,0.24180609,0.02763039,0.64456725,-6.3986677e-06,-1968.5994,0.027810415,0.80783165,31.23378,0.21559049,-7.225127,-1.3083614,19.209105,0.8814357,-15.488859,-1.1209419,-7.6224627,16.316128,0.012461357,0.0065560034,0.018291634,1.2612613,1.0909091,0.14833333,0.1262823,0.64,0.63100827,-48.14447,s,Ses03M_impro04,Ses03M_impro04_M041
301,24.855776,0.10760991,22.310547,24.4047,27.987207,5.6766605,17.675245,12.772239,22.789572,8.732258,0.13458611,0.8697035,0.05723706,0.08002484,0.18292068,0.12568362,1.0416534,0.56362724,1.1382674,0.5950348,0.024350313,1.0086614,24.493496,0.3865469,-3.3723066,-1.9843636,21.482944,0.537549,-7.144641,-1.0392301,0.011269204,0.67016023,0.9154161,0.5175899,5.2513256,0.37782505,2.1015372,2.8417773,18.698523,0.33061036,584.8243,0.40160325,1438.639,0.2594831,-149.10614,-0.5784331,1718.3828,0.14897056,999.6542,0.42092657,-151.9976,-0.5263176,2617.7026,0.08562804,1008.1437,0.19970666,-151.32222,-0.5358035,-13.102252,-0.2799445,19.392096,0.23315147,0.04016516,0.57446295,-0.01789315,-0.68843424,0.05375559,0.5143687,34.884033,0.1934906,-7.7688117,-1.1548277,32.5221,0.4123767,-11.744684,-0.85434777,-9.676374,16.437807,0.0059636296,0.005839248,0.014129522,1.3667426,0.92165905,0.2775,0.23090853,0.62799996,0.658161,-41.3897,c,Ses04F_impro04,Ses04F_impro04_M000
302,34.438477,0.07479494,31.081327,35.06559,37.137077,6.05575,665.35266,0.0,2.5258598,44.469776,0.08688903,0.4349388,0.06252277,0.07017705,0.11182064,0.04929787,0.51137155,0.40383232,0.4620361,0.33209532,0.014252696,0.74879026,20.468578,0.41441214,-2.9336557,-1.8323057,12.056398,0.53274286,-10.4309635,-0.75489336,0.019708255,0.47608587,1.822041,0.19953653,3.9516356,0.2927751,-14.891017,-0.71220595,13.03627,0.86863077,608.843,0.27229708,1356.7666,0.07517896,-193.24716,-0.17995968,1649.236,0.08600995,942.3916,0.1406663,-192.47105,-0.18418619,2759.1008,0.024229972,961.6927,0.58716613,-192.94354,-0.17392582,-9.582535,-0.31432292,23.563278,0.10228796,0.042592887,0.3554277,-0.017726773,-0.58587295,0.04414505,0.3883132,29.259392,0.0949912,-17.019035,-0.28067797,-2.6104786,-1.9648436,-27.903118,-0.2377104,-9.425479,18.037697,0.0046438174,0.005132125,0.012929351,1.5789474,1.0666667,0.03,0.0070710676,0.8825,0.8479202,-53.35266,o,Ses04F_impro04,Ses04F_impro04_F000
303,38.25115,0.08536169,34.837166,38.739048,41.24932,6.412155,60.85559,45.534866,39.025322,31.583282,0.10451153,0.5890236,0.055113424,0.077227704,0.16111977,0.106006354,0.73581386,0.5220358,0.4349183,0.23682843,0.019315043,0.7809904,25.767658,0.2755115,-5.7978816,-1.5721896,13.610507,0.7475407,-10.086842,-0.93736386,0.016695358,1.1034813,1.1462495,0.48702013,7.692065,0.4216958,9.024846,0.97103655,21.43808,0.38743484,725.7025,0.27817455,1418.8506,0.13262087,-158.76671,-0.48422012,1728.0948,0.11353412,1128.9962,0.28343058,-150.96713,-0.52642626,2795.9768,0.09710827,1057.4473,0.31642663,-152.93361,-0.49899596,-10.875656,-0.49096033,21.102371,0.35108787,0.021864794,0.7814986,-0.003060743,-3.2934303,0.032825563,0.5155584,31.619877,0.17639634,-12.721975,-0.83182466,12.67532,1.2075001,-17.603085,-0.6089493,-11.053553,19.157742,0.0051394007,0.0064152093,0.014357475,1.923077,1.3963481,0.18461537,0.20052297,0.4742857,1.048187,-47.82365,o,Ses04F_impro04,Ses04F_impro04_F001
304,24.197071,0.07635703,23.27893,24.446115,25.29681,2.0178795,33.231865,32.81482,49.315125,54.065685,0.13779105,0.71177554,0.056236897,0.08481952,0.2339799,0.177743,1.1617049,0.70726484,1.6611382,1.1688528,0.027753329,0.7690083,28.724787,0.38064393,-6.3178473,-1.1045803,20.625614,0.41815045,-4.6585684,-1.325351,0.016654355,0.94825786,1.0467916,0.6845685,4.6625404,0.36882284,2.3227146,1.2087004,22.20318,0.16759275,608.4282,0.38932905,1399.0898,0.1396015,-146.41833,-0.58809507,1635.0946,0.12594579,1171.3694,0.3764768,-149.44183,-0.5385168,2594.1082,0.09104991,1052.3823,0.24677493,-150.62154,-0.5218927,-11.992692,-0.30697924,19.582039,0.23089689,0.024120847,0.77190286,-0.010679557,-1.0644548,0.04970342,0.326663,39.0272,0.22457954,-12.087805,-0.52712685,24.437843,0.5478275,-3.1284027,-2.396026,-11.315265,18.82979,-0.00021039322,0.0063238014,0.019986214,1.9607843,1.6611296,0.156,0.056780275,0.35333332,0.38138637,-42.794,o,Ses04F_impro04,Ses04F_impro04_M001
305,40.317577,0.110189766,34.65898,41.34633,44.473198,9.814217,34.393772,25.77166,20.84901,2.303605,0.0967305,0.70368624,0.05402116,0.062374055,0.12820196,0.0741808,0.73636734,0.36730736,0.5765084,0.38712817,0.017922612,0.9031084,23.850906,0.21179247,-5.8386974,-1.4624089,13.469164,0.52536005,-8.923244,-1.0314373,0.018798856,0.781613,1.3350916,0.42417553,7.0035105,0.33698204,8.542957,1.0543646,20.048376,0.39432746,681.45996,0.31799075,1434.6205,0.14916742,-168.7392,-0.41756028,1755.0537,0.13329373,1064.2029,0.23207761,-161.61255,-0.45441103,2708.481,0.09364549,1116.1327,0.26089668,-162.37532,-0.44349223,-10.818029,-0.5899474,19.362677,0.31187466,0.03367443,0.55203164,-0.006650845,-1.5947789,0.03856117,0.49177286,25.348612,0.25678742,-9.998713,-1.3311788,12.198726,1.0250121,-20.824862,-0.55205095,-10.7168665,18.814486,0.00019514354,0.008202267,0.0124568725,1.3913044,1.0526316,0.19333334,0.11352924,0.73333335,1.0283103,-49.399967,dag,Ses04F_impro04,Ses04F_impro04_F002
306,38.80248,0.12119689,33.99205,39.48262,42.213924,8.221874,109.57914,140.9866,31.878757,59.00271,0.14501634,0.5772801,0.065834254,0.12712026,0.20442839,0.13859414,1.1993186,0.74855417,0.7123666,0.4100949,0.03016924,0.87623364,28.681307,0.22947966,-9.884436,-1.1571492,9.154225,1.4381636,-16.20609,-0.76058775,0.019054145,1.0254873,1.1336602,0.427098,7.1563945,0.43664384,4.8367414,1.8699462,20.179873,0.48854062,687.81274,0.30879906,1381.3894,0.14625841,-111.50689,-0.8420267,1684.7109,0.12249212,1135.21,0.25424433,-104.44402,-0.84942156,2717.9448,0.083677135,985.4081,0.2660044,-107.57501,-0.7971793,-11.047289,-0.5219793,22.48391,0.32317704,0.031036435,0.7739896,-0.007122943,-1.618257,0.04262626,0.68574315,31.051453,0.20256609,-14.616245,-0.8357198,5.300165,2.9317284,-21.927437,-0.5729584,-11.265782,19.495531,0.010689177,0.0028480187,0.016744006,2.0868115,2.0955575,0.2404,0.15092991,0.23391303,0.27915618,-43.952385,s,Ses04F_impro04,Ses04F_impro04_F003
307,25.774187,0.09394817,23.448936,26.35059,27.881311,4.432375,33.30286,13.750066,15.961322,31.722754,0.13648398,0.75887746,0.053113837,0.087419316,0.23921639,0.18610255,0.8158167,0.5401232,1.1197467,0.6162379,0.02411177,0.9283492,25.075794,0.57697815,-4.1367574,-2.3255763,20.57541,0.5599632,-8.687267,-0.85274446,0.026280819,1.6495575,0.92281514,0.811127,5.0905404,0.5348046,1.450974,2.832879,21.505678,0.23154518,655.5167,0.36133963,1340.8273,0.17026573,-144.10654,-0.61476433,1707.2532,0.13621517,997.668,0.30895436,-147.13744,-0.56458515,2675.8232,0.083780065,882.5955,0.25098544,-147.42511,-0.56037825,-13.523854,-0.34961984,20.59806,0.23428315,0.037162386,0.54209065,-0.013982,-0.8285312,0.046809796,0.51479524,38.641376,0.18884438,-10.190306,-1.1322981,26.856901,0.61810875,-8.900781,-1.1907581,-8.18247,14.745781,0.0056799245,0.0072130626,0.015182794,1.590106,0.89126563,0.31399998,0.23516801,0.655,0.41108596,-43.12175,o,Ses04F_impro04,Ses04F_impro04_M002
308,28.551758,0.18711938,23.434135,28.806631,31.11713,7.682995,33.877113,17.754284,188.3021,130.79118,0.21798202,0.95772356,0.053095195,0.13688768,0.33816257,0.28506738,2.1100743,1.0226625,2.0732536,1.4721823,0.050597236,1.0577703,31.047956,0.3278907,-8.569097,-1.3619418,21.278315,0.705327,-10.090028,-1.0450834,0.025374103,1.7312124,0.9081266,0.7595606,4.9992003,0.6717217,3.2276688,2.0016947,20.694138,0.33051518,678.1942,0.3569339,1320.0421,0.15146676,-122.419075,-0.7690962,1734.5658,0.14540334,959.91205,0.35607386,-123.78514,-0.7113496,2702.2568,0.09508469,976.88873,0.34249207,-124.471634,-0.7005631,-11.056519,-0.4398969,18.399185,0.26578012,0.037111845,0.5884485,-0.016384788,-0.81627184,0.08547765,0.65356535,36.97067,0.25141928,-11.961867,-1.0856335,24.107418,0.8227698,-14.090596,-0.80500877,-11.078104,18.515575,0.0056113903,0.004400885,0.026880184,1.5695068,2.2675738,0.173,0.14346078,0.24599999,0.28288513,-35.262627,o,Ses04F_impro04,Ses04F_impro04_M003
309,40.345066,0.08175946,39.00162,41.678932,42.54043,3.538807,64.248146,43.18013,39.512794,29.788553,0.21269277,0.7052327,0.054994382,0.15936275,0.35387415,0.29887977,1.6916026,0.7304771,1.4836273,1.0819517,0.05181696,0.8287178,27.240208,0.30713475,-12.609194,-1.2367483,11.9486265,0.96349263,-13.798421,-0.80090195,0.014240742,0.8024323,1.361001,0.38196036,6.278724,0.3076706,4.6718082,1.8640994,19.952986,0.32835764,716.7548,0.3100449,1377.3308,0.14663114,-143.86899,-0.60605735,1697.8569,0.13980263,1212.7682,0.27526128,-120.90294,-0.75202364,2728.7473,0.1050104,988.21405,0.22801213,-124.24949,-0.7012737,-6.5190873,-0.6072786,18.590298,0.29279357,0.018059043,1.0713533,-0.0062077497,-1.5394707,0.0769197,0.46222815,31.052088,0.13798988,-23.471722,-0.48312134,5.9652843,2.1419663,-20.582954,-0.5339762,-10.276491,18.145737,0.004854962,0.0029941583,0.034664765,3.1914895,2.7322404,0.14199999,0.098468274,0.204,0.25834858,-40.198967,o,Ses04F_impro04,Ses04F_impro04_M004
310,37.987984,0.1089068,34.685364,38.93082,41.787994,7.1026306,55.998142,35.449738,142.66621,322.8554,0.21384665,0.6084016,0.09591006,0.1852485,0.3250423,0.22913225,2.14974,1.1428924,1.2437623,0.73520595,0.05070089,1.0514011,27.191141,0.2745544,-14.907088,-0.9161801,11.666316,1.167165,-17.100725,-0.796094,0.018510018,1.2704375,1.2464995,0.42498654,6.1080527,0.46437514,1.7896308,5.805717,16.36313,0.55341357,669.16315,0.31345174,1379.4365,0.15345141,-109.06492,-0.8724309,1658.2816,0.12888327,1150.9004,0.24675977,-95.44214,-0.95320976,2666.7441,0.092316486,1018.30896,0.32858503,-98.620445,-0.89417243,-7.596016,-0.7293727,19.233843,0.3136899,0.02300575,0.85680073,-0.004713194,-2.5405843,0.0600623,0.8093263,29.679941,0.18165608,-19.991884,-0.68664527,8.142798,1.8283383,-21.868803,-0.5366503,-8.214189,16.763798,0.012620344,0.0006898067,0.039699968,2.4390244,2.4520257,0.21565217,0.18377267,0.17130433,0.1697134,-39.315605,s,Ses04F_impro04,Ses04F_impro04_F004
311,27.415066,0.06811537,26.147457,27.047796,29.523188,3.3757305,194.41248,151.79631,23.299036,26.629087,0.15012567,0.82682085,0.05693008,0.08178437,0.26954147,0.21261139,1.5318966,0.44098768,0.81811124,0.34341937,0.034237657,1.0722655,29.664246,0.26496112,-5.275737,-1.1849179,28.003237,0.4361803,-9.224131,-0.7311469,0.027915731,1.757262,0.7439522,0.7538791,5.54646,0.5136824,-2.692679,-1.108784,19.836124,0.35756895,579.6237,0.31752688,1347.7881,0.17523792,-149.49513,-0.568938,1666.3363,0.118980534,985.42694,0.3725697,-151.3705,-0.52537715,2602.365,0.07528854,971.3094,0.3294489,-150.97816,-0.5316406,-14.281991,-0.27138567,19.049643,0.25451207,0.049238887,0.31520557,-0.025597185,-0.34377503,0.056810837,0.65256095,37.135654,0.10619992,-7.216769,-1.1843723,36.108856,0.2827741,-12.213021,-0.562978,-11.7900915,17.738037,0.01562326,0.0015385696,0.026865765,1.6,1.632653,0.1525,0.08347904,0.35,0.13281566,-40.147472,c,Ses04F_impro04,Ses04F_impro04_M005
312,39.927288,0.12216512,35.773556,39.27371,44.819523,9.045967,194.55743,354.7456,76.44816,74.34294,0.23977563,0.5875464,0.1309534,0.21460418,0.3170159,0.18606248,1.6220751,1.0869617,1.2375339,0.59025496,0.06304104,0.95960766,23.64651,0.31149298,-14.691444,-0.91429037,7.698849,1.9991828,-18.782803,-0.66519684,0.025420522,1.3006454,1.3808233,0.45292354,5.468397,0.6569014,4.81904,1.9322282,16.922386,0.6239809,766.2913,0.31593946,1354.6123,0.16909482,-99.79686,-0.9374837,1718.8046,0.12911858,1155.5062,0.29132217,-91.18844,-0.9870833,2765.8562,0.07102734,953.18,0.2992326,-95.174866,-0.9096984,-6.7528543,-0.8677629,18.909681,0.34644368,0.037408363,0.5071336,0.0011557633,13.108096,0.0777103,0.85829145,24.562151,0.29828516,-18.24299,-0.75474435,4.0810585,3.8923275,-22.940657,-0.47830895,-7.316494,15.970271,0.024161309,0.0034439382,0.04444715,2.9126213,2.3529413,0.23583333,0.24567792,0.15538462,0.10838786,-39.111473,o,Ses04F_impro04,Ses04F_impro04_F005
313,27.081057,0.16258208,23.006756,26.46379,31.104225,8.097469,414.41638,378.5089,14.685567,11.874941,0.28486544,0.6855762,0.1044845,0.2300039,0.46674332,0.36225882,3.730798,1.946226,2.2314312,1.4366037,0.065982126,0.8470823,34.155197,0.30854106,-9.296792,-1.1293703,23.30645,0.61213535,-9.285213,-0.9576752,0.013859477,1.0980871,0.9115271,0.9125317,5.946722,0.39575496,1.6931163,2.8310747,19.663366,0.38737294,626.1144,0.42051384,1252.9674,0.16193123,-86.16607,-1.1348246,1680.4968,0.16137134,893.092,0.2982049,-91.89532,-0.9864066,2664.5356,0.11129233,944.2249,0.30737245,-92.46798,-0.97682166,-12.000363,-0.42598727,18.939571,0.35630396,0.054356433,0.35135314,-0.023347218,-0.7076724,0.08728607,0.6664744,39.180004,0.23301503,-12.86148,-0.84022933,24.104889,0.60606784,-12.127117,-0.83020955,-10.566588,17.18468,0.021045672,0.0013479458,0.03887173,2.6143792,1.6611296,0.338,0.24358982,0.20166665,0.096162476,-34.79854,o,Ses04F_impro04,Ses04F_impro04_M006
314,34.173786,0.15599595,30.26867,34.358917,36.44422,6.1755524,59.456047,86.830025,89.36979,103.78556,0.33911058,0.48962882,0.19276178,0.3363982,0.46559644,0.27283466,3.051948,1.6119615,2.17958,1.1644844,0.091573045,0.5721436,29.356598,0.27988622,-9.116693,-1.4690505,19.898949,1.0376437,-17.551348,-0.8389522,0.019329917,1.2340294,1.1245183,0.50709504,6.6146936,0.45761156,8.443672,1.2858565,21.57461,0.3030178,675.3807,0.41333473,1295.4738,0.18449093,-74.57735,-1.2103121,1732.4901,0.15455039,916.5389,0.3293024,-74.85737,-1.1024957,2718.5208,0.108688846,969.8146,0.41829103,-76.45775,-1.0631709,-11.085093,-0.3913492,19.991625,0.26462793,0.05092429,0.4242591,-0.012575577,-1.0306263,0.10598095,0.46621358,30.498363,0.25948822,-9.312412,-1.3373417,22.267614,1.0125669,-19.385895,-0.8365474,-9.649056,19.316267,0.029721731,-0.0035621508,0.064735375,3.8356166,2.5,0.2622222,0.255072,0.105,0.09156964,-33.916645,q,Ses04F_impro04,Ses04F_impro04_F006
315,33.830288,0.19729027,28.4171,32.37264,36.95972,8.54262,93.439476,103.322334,69.000656,65.92804,0.3691028,0.399339,0.2135646,0.37530935,0.48377204,0.27020743,2.5130231,0.9793558,1.2146305,0.89594674,0.096927114,0.5177546,30.130703,0.24672504,-14.820767,-0.81526923,14.3489065,1.282329,-17.511425,-0.7286703,0.021229293,1.4316165,1.1951816,0.48863742,6.033761,0.5075443,6.0478253,1.6686467,20.362175,0.29950434,651.1376,0.40316352,1319.0802,0.1996463,-71.97622,-1.2557011,1687.3091,0.14970936,902.8265,0.24697597,-72.64076,-1.1514094,2697.0999,0.10711196,940.66956,0.4663465,-75.38351,-1.0862577,-9.57565,-0.4330671,18.592236,0.24401137,0.05121333,0.4405171,-0.010723885,-0.96789956,0.10784806,0.47708938,30.890924,0.2527318,-13.980503,-0.8323256,18.46934,1.063874,-16.956886,-0.8282785,-7.653791,19.543688,0.038186107,-0.0101327505,0.08062395,3.125,2.673797,0.24399999,0.20499755,0.089999996,0.092736185,-34.210255,s,Ses04F_impro04,Ses04F_impro04_M007
316,30.80922,0.17023245,24.63301,32.568794,35.323925,10.690914,39.487164,47.990154,48.73887,29.976765,0.28056777,0.527383,0.14710031,0.2691713,0.39826575,0.25116545,2.8355236,1.4537606,2.7098892,1.1471404,0.06825952,0.66973513,29.59834,0.36120427,-4.0165906,-3.2076776,28.737959,0.6836442,-8.653348,-1.6689788,0.019559082,1.8509064,1.0157906,0.62166667,6.9517665,0.49476466,8.754052,0.90314233,21.73162,0.2925021,598.4171,0.42839098,1318.9276,0.17243153,-56.770985,-1.4680632,1700.2727,0.14297941,890.21716,0.3881167,-62.35179,-1.1986939,2657.7175,0.108847074,1031.4259,0.32320616,-62.23551,-1.1980581,-13.217102,-0.34945434,19.904352,0.25456563,0.039954003,0.60643464,-0.012174241,-1.0427042,0.07850151,0.57397634,32.823708,0.2515271,-6.3167996,-1.9743125,30.51319,0.6982332,-10.334474,-1.5194783,-10.380623,16.939291,0.015925575,0.002218738,0.03990529,4.6808515,2.3655913,0.31,0.25215435,0.092727266,0.056422256,-34.58445,o,Ses04F_impro04,Ses04F_impro04_M008
317,31.354359,0.1362237,27.88379,30.301699,35.082047,7.1982574,47.068012,27.805819,94.09062,85.23281,0.38110703,0.6525605,0.13199492,0.3470024,0.6337907,0.50179577,4.102655,2.3918796,2.3971627,1.4819475,0.11039536,0.83386153,28.926939,0.3097056,-12.587815,-0.9730545,25.549807,0.61890197,-14.326714,-0.8171172,0.04371555,1.8583305,1.2993307,0.6618453,4.520111,0.6945458,4.4430823,1.4793413,17.297037,0.39274493,598.08295,0.37278152,1279.6542,0.14732505,-83.985565,-1.1221428,1655.9528,0.122831985,947.31647,0.4516344,-85.83511,-1.0062648,2613.114,0.08560681,940.68665,0.27670196,-84.55624,-1.033555,-9.626536,-0.38829184,16.036627,0.39182898,0.046382416,0.43694198,-0.01890679,-0.656874,0.1346018,0.6532025,32.79199,0.22420406,-13.758357,-0.87185276,27.920244,0.64179206,-17.155903,-0.70652544,-7.804787,14.389272,0.020295661,-0.004538524,0.07138053,3.4582133,2.3460412,0.255,0.24489793,0.15124999,0.13559476,-32.814518,o,Ses04F_impro04,Ses04F_impro04_F007
318,29.584778,0.17148624,24.89235,29.21142,33.06319,8.170841,95.66865,137.92366,68.57239,74.07035,0.36265475,0.54593736,0.18252937,0.33626282,0.51578677,0.33325738,3.405925,1.9231302,3.0166879,1.4794409,0.09246384,0.7959612,27.96686,0.44826126,-9.866259,-1.5396669,28.84028,0.622763,-11.9065695,-1.0924722,0.027179483,2.1338558,1.0998524,0.7263487,5.1810284,0.5781102,5.207085,1.3204421,18.007029,0.3585217,636.5948,0.39903393,1295.3071,0.16959094,-71.09417,-1.2829477,1698.1206,0.130047,935.33234,0.45868978,-75.26622,-1.1084919,2641.052,0.09373398,959.61926,0.34420297,-73.53059,-1.1495436,-9.864239,-0.5115007,16.021263,0.37642106,0.04156414,0.4861933,-0.017102914,-0.8703906,0.10223258,0.7036186,32.902546,0.24548557,-11.637354,-1.1294849,31.465986,0.61523265,-13.466117,-1.0406773,-5.549866,11.587399,0.021725453,-0.003092479,0.07428358,3.188406,2.0437956,0.32142857,0.32418817,0.13733333,0.08417969,-33.63477,s,Ses04F_impro04,Ses04F_impro04_M009
319,38.253605,0.14782241,34.186707,38.095818,42.722637,8.535931,125.23035,154.7218,33.246544,24.006945,0.19206755,0.5938575,0.095768526,0.16751683,0.2670545,0.17128597,1.6730922,0.76526475,1.106874,0.83996284,0.041352868,0.829241,27.669682,0.25186607,-14.314693,-1.062956,10.158323,1.5904756,-17.365482,-0.8442773,0.01894922,1.1488948,1.152357,0.44395906,6.442229,0.55478704,5.02647,1.872386,19.758259,0.49714175,717.22986,0.32678014,1356.2579,0.16271411,-94.89659,-0.99553365,1721.4258,0.14042075,1116.6604,0.22446819,-89.35649,-0.98382556,2743.8503,0.10397164,1037.2004,0.3395135,-92.95336,-0.91168845,-7.8728247,-0.8503581,20.098352,0.3704144,0.03267346,0.6580587,2.1903646e-05,706.8456,0.05054454,0.6921608,29.32587,0.21242583,-18.001026,-0.8417641,7.0943513,2.552985,-21.728172,-0.70948213,-8.902974,18.411993,0.016177826,0.0037281127,0.028459843,2.3094687,3.2457497,0.17214285,0.12143067,0.118536584,0.13058145,-41.61399,s,Ses04F_impro04,Ses04F_impro04_F008
320,25.106382,0.07943104,23.521355,24.846622,26.65575,3.1343956,40.897934,16.345192,32.075222,23.26985,0.13382621,0.85879624,0.055110842,0.06856278,0.20321208,0.14810124,1.3718468,0.71511424,1.2256994,0.8442655,0.02722949,1.1891834,29.197357,0.29170176,-8.114774,-1.0694652,19.129305,0.5906432,-6.935457,-1.0409307,0.021335779,0.9512076,1.2178965,0.740725,4.369067,0.59950626,1.1933281,2.1368396,22.567293,0.32359758,580.4678,0.39832127,1394.5638,0.1363821,-147.95561,-0.5828938,1665.9468,0.15386625,1050.7682,0.35153726,-149.65425,-0.5482826,2597.858,0.10688659,1056.6744,0.35324624,-150.53954,-0.5356757,-13.14898,-0.35565868,19.75899,0.2905494,0.039892957,0.4653683,-0.015795704,-0.8556639,0.06429647,0.60865283,40.70914,0.092688456,-10.618171,-1.069049,27.69634,0.60504705,-9.119357,-1.0998902,-9.922086,17.04258,0.0055244793,0.008513549,0.013731627,2.0594966,0.92592597,0.285,0.11169154,0.77,0.49694064,-41.92261,s,Ses04F_impro04,Ses04F_impro04_M010
321,44.33291,0.078897886,41.573944,43.73464,47.993843,6.419899,22.350597,5.243842,5.0945387,6.5413785,0.14681435,0.83244663,0.05454057,0.105892226,0.21706507,0.16252449,1.2627151,0.59600747,1.1458513,0.92921513,0.032798626,1.1577077,23.42776,0.29740316,-10.401115,-1.4502665,8.697377,1.4625713,-12.286952,-0.8807428,0.024018059,1.6320306,1.0986544,0.37419242,8.965145,0.30118975,7.4379745,0.83842474,20.357262,0.5293189,874.47156,0.18999895,1361.0194,0.31081432,-144.46649,-0.5895822,1850.8673,0.090972595,1055.2716,0.21973357,-139.25893,-0.61223865,2866.3958,0.07370241,948.7349,0.24142793,-141.61136,-0.5772075,-9.88529,-0.7667073,19.847244,0.35071233,0.044963513,0.51760024,0.00017322313,85.05816,0.06517746,0.7405041,23.488558,0.26871508,-18.185001,-1.0740135,4.416447,2.909207,-23.018925,-0.41040516,-8.467833,17.424313,0.009590396,0.0077485405,0.016523605,2.1505377,1.3623979,0.236,0.15344055,0.39666668,0.39032748,-42.81759,s,Ses04F_impro04,Ses04F_impro04_F009
322,28.607191,0.18443164,22.630838,28.267452,35.01819,12.38735,31.04996,16.863668,107.73962,0.0,0.21231131,1.0463027,0.0603094,0.08648157,0.3596383,0.2993289,0.9107504,0.6334539,0.99144655,0.0,0.068951555,1.411297,26.340733,0.35312435,-6.799697,-1.3622969,21.132454,0.6538268,-6.775297,-1.1663984,0.046848826,0.90401554,0.9768674,1.1008588,4.5124907,0.65629816,6.716733,1.5616823,18.612885,0.55525094,685.1318,0.47420263,1197.6482,0.14193241,-150.91953,-0.5457393,1768.1267,0.20599195,867.93695,0.3297847,-146.60258,-0.56014025,2740.31,0.15591918,973.2036,0.40374947,-145.79482,-0.57263774,-11.566358,-0.34956792,18.934294,0.34387046,0.07036858,0.27287516,-0.012785857,-0.6357458,0.16860722,0.60400563,37.077732,0.16839325,-16.213398,-0.5829397,32.767773,0.4388789,-10.223231,-1.030322,-9.979296,17.440878,0.012610008,0.006877038,0.031608112,0.7751938,1.6129032,0.17,0.03,0.28333333,0.20005554,-32.796074,ag,Ses04F_impro04,Ses04F_impro04_M011
323,38.75563,0.11425521,34.090668,39.137524,43.08439,8.993721,139.1476,137.35684,57.852856,19.51051,0.2963346,0.867508,0.056825705,0.2601937,0.45710066,0.40027496,3.2868826,1.9731699,2.3622093,2.061899,0.085913345,1.1637747,24.292192,0.354858,-14.510498,-1.0492377,9.365641,1.5383605,-23.565851,-0.9155754,0.03394049,1.4956638,1.4557405,0.65349025,4.083909,1.0275732,1.8193423,5.9533978,17.053263,0.54782087,783.8906,0.27189487,1352.9277,0.25807402,-143.81064,-0.6014598,1806.7019,0.15239736,1148.0588,0.28904998,-133.3447,-0.64765114,2813.4075,0.07780104,875.1636,0.35833973,-134.59738,-0.6301872,-8.153941,-0.69487387,17.562387,0.41596407,0.048245274,0.40920812,-0.011978763,-1.2015325,0.13673209,0.63751316,26.92458,0.29636604,-22.527443,-0.6451101,-0.44291016,-31.999699,-39.29481,-0.5265028,-7.880693,15.0641165,0.015470254,0.0025086175,0.05643912,2.9126215,2.9605265,0.108888894,0.056262173,0.20666665,0.23166068,-34.167664,o,Ses04F_impro04,Ses04F_impro04_F010
324,34.224026,0.18469034,28.972918,34.253326,37.541462,8.568544,50.50542,32.29816,71.66967,7.642914,0.43187824,0.5543916,0.23614134,0.40515333,0.6192129,0.3830716,3.4647605,2.37576,2.367309,2.2244437,0.12430335,0.82532567,22.55386,0.5364887,-15.353421,-0.96072793,17.073404,0.9413657,-17.654343,-0.69750565,0.026862092,1.4590653,1.138107,0.7182051,5.2346816,0.7379957,1.7341621,5.4565535,12.257222,0.70351386,741.8529,0.3676414,1304.7083,0.1633927,-125.71965,-0.71487874,1764.3103,0.13829552,999.4576,0.32844153,-117.72875,-0.75802326,2706.363,0.10439246,914.6618,0.20316626,-118.23602,-0.7518101,-6.5688834,-0.8262785,13.332654,0.53253645,0.06170075,0.2718069,-0.00885086,-1.3865548,0.14028032,0.67756635,26.737465,0.408795,-20.360937,-0.6490986,18.852507,0.96477354,-19.082792,-0.5269691,-5.0265665,10.887677,0.03186714,-0.0020534657,0.11558135,2.966102,3.478261,0.114999995,0.08674676,0.1525,0.05868347,-32.367813,ap,Ses04F_impro04,Ses04F_impro04_M012
325,33.138794,0.14856666,30.59285,32.09963,36.21489,5.62204,43.609848,34.373035,38.081013,25.945744,0.2957367,0.5250263,0.16142708,0.23846488,0.4506721,0.289245,1.9446834,1.4360367,1.8168529,0.8508786,0.06836346,0.8071333,26.359451,0.3737711,-10.190236,-1.1282979,17.135263,1.0535479,-16.315332,-0.66157776,0.01813818,1.6129588,1.0139085,0.5407535,5.386732,0.6560817,2.5118647,3.2425838,14.8989525,0.5825634,636.0121,0.4066595,1379.6498,0.17860097,-92.69605,-1.0098124,1644.9401,0.12342484,1066.1726,0.26393488,-87.50704,-1.0109459,2590.3335,0.111828856,1032.634,0.23065488,-88.805244,-0.9856148,-7.794333,-0.62067485,16.467669,0.43878877,0.047770467,0.49185178,-0.010563135,-1.0974315,0.065968804,0.8222047,28.866112,0.31717128,-14.598038,-0.70197064,18.590302,1.0839964,-15.660705,-0.66518456,-9.440107,16.949558,0.041388858,-0.007370948,0.07479961,3.1358886,2.8368795,0.20125,0.123939246,0.14857142,0.06468132,-36.70748,o,Ses04F_impro04,Ses04F_impro04_F011
326,29.410088,0.14590412,26.369848,30.087612,33.052734,6.682886,46.450928,33.397972,82.656876,72.648026,0.26287362,0.5862616,0.12358181,0.23469022,0.41601065,0.29242885,2.7721882,1.5125057,2.4197145,1.1420867,0.061075576,0.7668524,33.814205,0.28285477,-9.724756,-1.2446412,17.255571,0.82491195,-13.22726,-0.9315776,0.0116613805,1.2455802,0.915859,0.7328935,5.9308395,0.6754733,3.1736102,1.683615,21.3009,0.3636788,635.35895,0.3691508,1396.7198,0.17472748,-91.70276,-1.0357233,1674.1736,0.16060182,1109.4978,0.3470886,-94.89264,-0.9266966,2637.7805,0.11739953,970.36316,0.34825784,-96.54968,-0.8968125,-12.485083,-0.5026129,19.814688,0.29902992,0.048267264,0.33282182,-0.017494893,-0.9240868,0.07589105,0.5547454,38.24536,0.17515923,-12.353047,-1.1207186,18.044138,0.9525912,-14.6049795,-0.91168135,-11.073658,19.005789,0.019001622,-0.004561807,0.044093754,3.4210527,3.2,0.16666666,0.09159088,0.12583333,0.146598,-35.41181,o,Ses04F_impro04,Ses04F_impro04_M013
327,43.840057,0.052928064,41.551342,43.456837,46.486576,4.935234,62.25656,65.70283,12.17628,6.6204095,0.09462349,0.6853106,0.05335109,0.059061922,0.13920593,0.08585484,0.7694099,0.6327679,0.55241406,0.3318284,0.016757946,0.83649504,25.931679,0.19296578,-6.454719,-1.2892232,12.278244,0.68312204,-10.773203,-1.1332628,0.018658953,1.1234124,1.1017889,0.4462978,8.503222,0.35444966,7.5144196,0.7713297,18.122017,0.5636101,763.6309,0.33712935,1397.5507,0.25205454,-171.84842,-0.3823378,1745.9913,0.14942886,1118.8202,0.24895217,-158.66614,-0.47400105,2765.7156,0.09445741,966.659,0.35294414,-160.34416,-0.44973013,-9.926462,-0.55653983,20.458494,0.35858095,0.04071054,0.5356787,-0.00035542776,-45.09154,0.03478916,0.5078519,25.401474,0.28873983,-12.944708,-1.0622839,5.6799016,2.00879,-24.261127,-0.65636826,-11.309448,19.273932,0.0061797923,0.0077042473,0.011467668,1.5037595,1.3282733,0.16285715,0.123023145,0.56714284,0.5175137,-49.348827,q,Ses04F_impro04,Ses04F_impro04_F012
328,34.665733,0.19412404,30.247316,32.522835,35.061436,4.8141193,114.357956,82.823524,93.02205,58.812527,0.33728975,0.77989197,0.06808464,0.32435852,0.6123755,0.54429084,3.2761133,1.4429665,1.7340848,0.6657971,0.092297405,0.8753921,26.644949,0.30241808,-13.98477,-0.83393365,22.2233,0.62470436,-12.182828,-0.51717985,0.02323369,0.75405556,1.313187,0.4058378,3.1706977,0.71268916,5.8958945,1.6009325,14.427669,0.43647152,556.2576,0.4019565,1270.4496,0.20698173,-128.175,-0.71145916,1608.4369,0.12768768,871.9585,0.30994764,-123.666595,-0.714083,2578.927,0.063135594,919.1518,0.18447685,-123.73955,-0.71307296,-6.101814,-0.7375518,12.5093775,0.31108585,0.05541041,0.24178183,-0.013056771,-1.3846372,0.15681161,0.3305041,28.82571,0.34208822,-21.145733,-0.47722274,26.762827,0.7088847,-15.137668,-0.36518788,-8.992404,14.996427,0.01775199,0.0020058742,0.05222209,2.4752476,2.5380712,0.152,0.122212924,0.18333334,0.18318176,-34.729126,ans,Ses04F_impro04,Ses04F_impro04_M014
329,40.510773,0.17504445,32.93117,42.634575,47.112625,14.181454,80.91978,92.298225,90.33501,74.93844,0.37155226,0.62320215,0.1641431,0.30593935,0.59446627,0.43032318,3.1508594,1.4434357,1.994129,1.0942134,0.11253219,0.8726968,26.197615,0.32564503,-17.568169,-0.7788909,15.344497,1.1545367,-20.924873,-0.59418356,0.02613343,1.2995132,1.3048078,0.46277738,6.459852,0.61065614,7.2584534,1.1650891,15.621814,0.78908193,746.0314,0.35537896,1335.9113,0.21882406,-89.94217,-1.0174735,1733.4684,0.1472512,1017.90814,0.28831634,-81.569756,-1.032898,2722.0405,0.08972392,935.151,0.30443382,-83.20302,-0.9966772,-8.0044155,-0.8777807,17.334469,0.3564165,0.05752647,0.35072908,-0.0032295024,-5.9773135,0.13256548,0.76170075,26.632235,0.35295072,-19.997234,-0.6975659,14.056205,1.3871222,-24.186018,-0.5258238,-8.747427,16.601198,0.033384237,-0.0021062207,0.079615854,2.6874118,3.133903,0.19454546,0.14852998,0.11842105,0.12049297,-32.55818,o,Ses04F_impro04,Ses04F_impro04_F013
330,36.864323,0.15942538,30.983227,34.85237,44.756126,13.7729,88.23065,120.4526,87.876,93.52962,0.4745915,0.5472299,0.20394099,0.46973118,0.6939923,0.49005133,3.852963,1.2753451,2.0845363,1.2571665,0.15708587,0.81400824,31.565287,0.2282533,-17.920149,-0.8368211,16.811476,1.0599735,-21.696827,-0.64391947,0.026565848,1.3944676,1.2260301,0.5717582,6.40626,0.60558844,6.619584,1.1986792,19.563463,0.58991474,733.2312,0.31408134,1346.8668,0.16672188,-85.25463,-1.0554444,1743.7357,0.15259402,1073.5157,0.27266362,-80.08481,-1.0222874,2711.873,0.09985807,956.2556,0.27989054,-81.59832,-0.99036247,-10.345482,-0.74031293,19.74497,0.3130741,0.05467446,0.39323992,-0.011883845,-1.6045022,0.1846145,0.7215711,33.377415,0.22089685,-18.793365,-0.8306872,14.175444,1.2614744,-24.95163,-0.56588686,-9.593268,17.465467,0.035031144,-0.0014536533,0.112055205,2.996255,4.2145596,0.14454545,0.11404654,0.098749995,0.08852083,-29.626715,s,Ses04F_impro04,Ses04F_impro04_M015
331,44.313698,0.043705694,42.450275,44.24974,46.39904,3.9487648,27.194422,10.036209,5.811332,13.87081,0.19803305,0.58843577,0.09055204,0.17226668,0.27645984,0.18590781,1.8295798,1.258032,1.0022215,0.38795647,0.047882702,0.8774876,23.270609,0.2114714,-12.076656,-1.0189555,13.91889,0.88731277,-20.291893,-0.6735842,0.03011924,1.0465298,1.2564735,0.39945725,7.8589635,0.36182585,6.6147594,1.2308505,17.11984,0.36692122,872.5664,0.22881936,1320.2794,0.17484906,-123.30853,-0.7214344,1820.7666,0.108211614,1074.1328,0.21509956,-117.566536,-0.7365326,2880.8245,0.054067023,840.4805,0.37389988,-119.50518,-0.70834035,-7.6469817,-0.918061,20.536442,0.23342186,0.042165276,0.43635848,0.0083637135,2.5224972,0.07360564,0.6576502,23.105232,0.15571146,-17.92123,-0.74000907,5.0138316,2.4582212,-26.835415,-0.52236897,-9.629055,17.292017,0.020901449,0.001185444,0.028295165,2.5641026,2.631579,0.16399999,0.111463,0.16166666,0.12102571,-41.14947,o,Ses04F_impro04,Ses04F_impro04_F014
332,37.155384,0.16988695,31.12445,37.8684,43.247955,12.123505,104.893364,171.25365,42.026104,17.838474,0.33973467,0.6424463,0.15175655,0.28620088,0.5031598,0.35140327,2.645161,1.3961905,1.9299618,0.98215747,0.08245229,0.76308423,26.32509,0.3653972,-16.85175,-0.7734128,11.958701,1.4314922,-17.364412,-0.741651,0.02486554,2.1848965,1.1530583,0.6001772,6.4759846,0.59857845,2.759997,3.5893853,17.878448,0.51158434,805.2846,0.33812034,1308.6454,0.17742635,-87.885704,-1.0465043,1783.696,0.13824958,1114.7875,0.30520654,-80.026855,-1.0952544,2800.7764,0.09895477,1019.2864,0.35883185,-83.851616,-1.010919,-7.382286,-0.7226275,19.03671,0.28705633,0.045844693,0.51902956,-0.0054713367,-2.281246,0.1044565,0.56207794,30.002573,0.24557601,-20.857637,-0.57023317,11.354787,1.6148283,-20.183556,-0.702466,-5.0114164,14.262587,0.020234793,0.0044327816,0.04523845,2.7118645,2.910959,0.20705883,0.14603645,0.11647058,0.10139851,-32.39951,o,Ses04F_impro04,Ses04F_impro04_F015
333,31.664291,0.20185722,25.233639,31.227167,38.91705,13.683411,24.794031,28.329708,30.237396,20.78855,0.34888867,0.6924123,0.14095189,0.28787518,0.58100337,0.4400515,2.2649014,0.77762234,1.7756326,0.8400041,0.07619398,0.7556996,29.245686,0.32136405,-11.694155,-1.0287234,19.501968,0.91750526,-10.534603,-1.1846886,0.010580721,0.99832577,0.90299135,0.706133,7.3128247,0.41185024,4.273043,2.0765395,20.921755,0.31946525,755.4392,0.4031851,1340.4713,0.1892573,-83.03695,-1.1222646,1769.0663,0.14399388,1071.2572,0.34988242,-79.58179,-1.1025233,2748.843,0.105575316,1040.4427,0.39285418,-81.48679,-1.0591344,-10.319676,-0.5093857,19.06236,0.2680253,0.04815331,0.46802902,-0.011542447,-0.7003568,0.1013659,0.5503838,32.713764,0.18230224,-14.526688,-0.8097381,22.608437,0.85138106,-11.10774,-1.3297453,-5.720813,14.493528,0.017086852,0.000829997,0.03588302,2.4590166,2.7700832,0.219,0.17683043,0.121999994,0.09734474,-31.047857,o,Ses04F_impro04,Ses04F_impro04_M016
334,28.130661,0.14368843,24.869595,27.521072,31.617523,6.7479286,175.26797,155.40955,40.290245,39.78627,0.25231215,0.719624,0.07193157,0.23320083,0.38585877,0.3139272,1.2273964,1.017228,2.8572037,2.2858977,0.07305966,0.89248246,29.68754,0.3573056,-3.7219107,-3.1095457,20.257198,0.84636205,-8.496386,-1.4417919,0.015062802,0.79075766,1.2670659,0.57131183,4.9285774,0.5557785,7.1658382,1.0252043,23.981554,0.27112007,682.368,0.39999923,1349.627,0.111928,-115.78743,-0.7840244,1716.3619,0.12697525,944.2761,0.35798904,-119.18861,-0.7213472,2704.424,0.120218866,1057.2141,0.40448436,-119.33411,-0.7209329,-12.302615,-0.38169754,18.212852,0.30095807,0.033865336,0.6639636,-0.012199726,-0.8457788,0.11251372,0.5864378,32.547794,0.28668177,-6.012393,-1.7042483,30.202888,0.59646225,-5.484382,-2.0228367,-10.534288,19.921658,0.012239356,-0.0066068536,0.044847414,2.4390244,3.5353537,0.11571428,0.07345691,0.14714286,0.17862283,-34.961536,ag,Ses04F_impro04,Ses04F_impro04_F016
335,29.44524,0.22027022,24.599293,27.018599,31.822311,7.2230186,179.26762,283.0893,40.13625,30.187698,0.31621447,0.6706925,0.09709109,0.273494,0.49313793,0.39604682,2.106924,0.9526675,2.2219098,1.2261916,0.080285974,0.82199657,29.487476,0.32885596,-10.534213,-1.1913338,17.354105,0.9447779,-10.698503,-1.1964669,0.020125248,1.9566628,1.0601683,0.6498342,5.2894216,0.7119656,2.7805414,2.136352,19.59762,0.37290716,705.6327,0.37209526,1334.6235,0.16741127,-101.32105,-0.9348954,1697.3441,0.14200315,1072.8038,0.32267636,-102.1911,-0.89116275,2688.8486,0.10031366,977.0947,0.40549433,-104.38512,-0.85297465,-9.258056,-0.54716605,17.924831,0.30947044,0.04164429,0.44919682,-0.007895515,-2.0505927,0.10729535,0.542448,32.841053,0.2772012,-14.354306,-0.87990236,18.272593,1.064774,-10.7253275,-1.27124,-8.893584,17.54092,0.015956368,0.0002792401,0.052740846,2.2222223,2.7586207,0.1775,0.14480591,0.15470588,0.12930208,-34.20758,s,Ses04F_impro04,Ses04F_impro04_M017
336,29.837542,0.24323651,24.31325,26.781546,32.40412,8.090872,211.02742,295.969,36.23343,28.017881,0.36791527,0.57153934,0.18094699,0.3332689,0.5760509,0.39510387,2.1410701,0.9371156,2.1971157,1.0126473,0.088789895,0.7244065,30.729752,0.30423146,-14.535526,-0.81118137,15.032097,1.0782391,-12.623283,-1.0309674,0.021770315,2.056183,0.99239606,0.6633225,5.380593,0.7637774,0.9571539,4.1813416,17.994238,0.39059943,716.1359,0.35722658,1326.9534,0.18512072,-84.31003,-1.1167188,1694.2771,0.14822176,1118.8683,0.3026008,-84.60694,-1.0679319,2690.2532,0.09292496,947.92206,0.39723265,-88.20383,-0.9930048,-8.126787,-0.5858434,17.8187,0.310488,0.044517215,0.35939357,-0.0063586654,-2.7950482,0.10445538,0.5246187,33.082146,0.27200085,-17.540586,-0.68616915,13.365155,1.3240918,-12.850127,-1.0820109,-7.790721,17.267513,0.019406648,0.00090549886,0.068476036,2.2038567,2.793296,0.205,0.16977926,0.12,0.06480741,-33.643745,q,Ses04F_impro04,Ses04F_impro04_F017
337,38.99879,0.13366698,34.563644,40.05651,43.74881,9.185165,79.35028,67.02542,41.85279,27.747185,0.2426634,0.5423714,0.12602162,0.23414047,0.33144948,0.20542786,1.7112265,0.66166645,1.1805717,0.61433935,0.055169865,0.82717717,24.07659,0.29689962,-15.777473,-0.89274895,14.995525,1.1467788,-19.341824,-0.7671675,0.025601257,1.422531,1.1764237,0.4563357,5.948872,0.552233,6.4738293,1.4987878,15.382405,0.5607204,756.798,0.3238926,1358.9893,0.15319537,-85.162384,-1.078064,1739.8541,0.12101091,1059.298,0.27771068,-78.061134,-1.1057435,2740.7556,0.08457795,1017.83124,0.35446933,-80.94676,-1.0390096,-6.980113,-0.8276295,17.24459,0.31396312,0.036441837,0.54412305,0.0021466385,6.30837,0.06823726,0.68155926,25.5918,0.27373037,-19.078293,-0.73389965,13.54142,1.4673111,-23.988249,-0.5709193,-7.430942,14.837824,0.017419921,0.004373584,0.03183807,2.9027576,2.1929827,0.28733334,0.15575479,0.13875,0.12902883,-38.566628,o,Ses04F_impro04,Ses04F_impro04_F018
338,27.663054,0.21423829,24.046587,26.1622,28.610844,4.5642567,61.535126,61.74495,68.981964,112.08533,0.27387002,0.62704575,0.097843125,0.26860145,0.4142983,0.3164552,2.3135912,1.5041587,2.494029,1.7369624,0.063731566,0.8678181,31.384108,0.31410688,-6.9076347,-1.6470526,26.406097,0.7806017,-8.754252,-1.5638744,0.012601277,1.2459171,0.9549997,0.8181529,6.2297754,0.4585597,4.018839,2.2350352,20.70332,0.3702858,642.64764,0.39648142,1345.3202,0.19140887,-78.347946,-1.1876878,1709.5873,0.13730319,946.2536,0.3864552,-83.79689,-1.0278747,2671.6482,0.10332498,937.0888,0.2447026,-83.40365,-1.0352285,-13.299398,-0.42514423,20.194279,0.29617336,0.04117011,0.538672,-0.0150172375,-0.9347564,0.07845928,0.6535071,35.52693,0.21952191,-8.411859,-1.3796173,30.794039,0.7335777,-8.163913,-1.9638547,-10.067686,16.923307,0.013877084,0.0030122008,0.039178554,2.5604553,2.2922635,0.265,0.21699654,0.14999999,0.16255768,-34.836758,q,Ses04F_impro04,Ses04F_impro04_M018
339,30.446983,0.29349378,24.066408,25.407387,34.044773,9.978365,68.85715,58.46664,96.15005,118.43146,0.23082228,0.78411806,0.06338907,0.16803467,0.3737592,0.31037015,1.158999,0.64792824,1.9100009,1.3983622,0.057660848,1.0365674,29.396324,0.2789484,-7.465462,-1.4503454,15.143603,1.2457426,-12.462118,-1.2297521,0.016613826,1.1883297,1.1682043,0.5957219,5.7716956,0.6012953,4.127952,2.5053399,21.744265,0.43034744,668.68054,0.37225586,1321.3286,0.17389771,-107.74768,-0.88819665,1670.7065,0.13560392,1065.848,0.34803605,-112.681755,-0.7895266,2712.3335,0.10997091,893.1272,0.20024955,-114.28883,-0.76410335,-12.076537,-0.48269668,22.600096,0.31307185,0.040544346,0.56520444,-0.0104653705,-1.0895996,0.08270396,0.6472091,34.26705,0.13884918,-9.86165,-1.0893008,18.903284,1.2490335,-13.898058,-1.3729599,-9.982376,19.129946,0.013944006,0.0023047023,0.036680322,1.9830029,2.2988505,0.19749999,0.17020208,0.19222221,0.30644116,-36.494644,ans,Ses04F_impro04,Ses04F_impro04_F019
340,25.083986,0.047980502,23.916882,25.044323,26.033936,2.117054,55.01256,96.97397,35.054478,45.80976,0.20449212,0.7315499,0.055660956,0.17301579,0.34370244,0.28804147,1.5514382,1.1679455,1.805352,0.71582276,0.036585245,0.83399975,28.000683,0.38590908,-5.4488845,-1.7382401,29.197979,0.4942743,-6.1026955,-1.4353456,0.011550501,1.0488622,0.8520724,0.70880777,5.7232013,0.3961196,1.400491,4.2788553,19.665825,0.3669334,501.9609,0.39028284,1306.4971,0.1771861,-102.02523,-0.984302,1606.4692,0.115724504,856.31226,0.29825553,-107.60628,-0.86077625,2586.4856,0.092913106,984.30707,0.32702664,-107.37577,-0.864788,-12.620646,-0.411893,18.5641,0.32973257,0.03793069,0.64526844,-0.02019306,-0.6387498,0.055440705,0.48716518,34.293106,0.22107649,-8.121682,-1.3657323,37.833763,0.36146146,-6.228017,-1.788112,-9.266713,15.709163,0.007730872,0.0040263077,0.018338516,2.0920503,1.0593221,0.45799997,0.4401545,0.3866667,0.3348963,-38.104992,q,Ses04F_impro04,Ses04F_impro04_M019
341,28.724249,0.17306761,25.699657,26.879196,33.981506,8.281849,14.134133,12.854107,144.31929,7.2444606,0.2726443,0.62205666,0.086930946,0.25017115,0.44414368,0.35721272,2.3211854,1.5935099,1.5167092,0.9270532,0.056098815,0.8645607,31.389519,0.25782627,-9.9863615,-1.3041705,22.935617,0.7920547,-12.017294,-0.985272,0.01159322,1.111432,0.89187294,0.66988844,6.219923,0.51231885,-0.8337248,-9.230202,18.105242,0.5055076,536.16815,0.3809968,1303.089,0.168791,-79.578865,-1.2217826,1623.7251,0.13296714,970.5218,0.38299775,-83.957726,-1.0732437,2590.4749,0.09408563,946.73083,0.27141035,-85.55825,-1.036853,-12.151512,-0.5318823,19.812563,0.23448114,0.041193288,0.55821425,-0.02075362,-0.883278,0.072675146,0.6619092,34.917458,0.20628294,-12.529359,-1.1535397,25.037392,0.8261532,-13.85873,-0.9579541,-10.48719,18.66182,0.010852391,0.0025336125,0.029235732,2.8947368,1.8716577,0.31857142,0.19430672,0.274,0.3180943,-35.54109,ans,Ses04F_impro04,Ses04F_impro04_F020
342,26.660158,0.1285545,24.094341,25.84584,28.29742,4.203079,455.12616,740.2261,25.740711,28.335665,0.33366668,0.60032773,0.14145476,0.3283944,0.4999128,0.35845804,3.39913,1.8895324,1.5249326,0.988247,0.07816631,0.8582535,32.773964,0.23273106,-12.301224,-0.9173812,31.177034,0.57097614,-7.758912,-1.6865878,0.011932464,0.9322782,0.90395176,0.69357204,5.4278603,0.5234892,0.8967769,4.523146,17.42662,0.37427485,517.1319,0.44320795,1241.6494,0.13162476,-76.80109,-1.2456332,1634.743,0.13335764,810.9131,0.42242965,-83.38192,-1.0485046,2582.0823,0.09961637,975.071,0.3857458,-81.89116,-1.0815811,-10.562614,-0.5351789,15.924073,0.31914338,0.047190513,0.4487226,-0.021434626,-0.7263756,0.092605844,0.6657849,35.717815,0.1700591,-13.522872,-0.8882822,37.47918,0.45059928,-8.27219,-1.7492493,-9.473997,17.03768,0.020907532,0.0017468863,0.056552317,3.1707318,2.469136,0.242,0.22466864,0.1290909,0.17148837,-34.108063,q,Ses04F_impro04,Ses04F_impro04_M020
343,32.26051,0.19480422,24.960178,31.795599,36.17231,11.2121315,451.42078,707.3024,41.44585,27.158224,0.56781775,0.5409262,0.28199056,0.5006406,0.8950801,0.61308956,5.4330354,2.9215963,3.9699783,3.1563272,0.1541213,0.6847029,29.665932,0.30260056,-20.471119,-0.5930036,25.619186,0.6732193,-11.755288,-1.0244269,0.017439716,1.879232,1.0459505,0.6342897,5.2970753,0.6407119,3.8365579,1.6895701,15.351793,0.3313997,666.814,0.4291432,1224.7058,0.1546918,-63.49172,-1.3570409,1712.9042,0.13839345,902.26544,0.30330724,-59.09316,-1.3190715,2672.38,0.096710265,935.1528,0.39467853,-59.16233,-1.3157791,-6.30859,-0.66605216,12.776959,0.3289931,0.06106479,0.37500763,-0.009865394,-1.3191463,0.16818598,0.602745,31.520151,0.26270545,-21.945179,-0.54609716,26.446032,0.62827474,-13.041719,-0.98881483,-5.532996,13.613593,0.04273943,0.0044089635,0.11371195,3.180212,3.6101084,0.195,0.20963062,0.07,0.06666666,-29.261423,ans,Ses04F_impro04,Ses04F_impro04_F021
344,31.481386,0.23034176,24.240643,30.457434,40.289364,16.048721,239.8685,232.47523,72.95463,91.54061,0.26597968,0.4997373,0.1363386,0.24502629,0.37861326,0.24227466,1.8671818,0.9301029,1.4782393,1.3643818,0.054929066,0.5866818,27.370602,0.46748796,-7.1699452,-1.75119,22.722092,0.7642828,-16.922836,-0.90589386,0.013899423,1.0631503,0.99349225,0.6231005,6.10317,0.49666977,4.3750033,1.6406769,19.14845,0.3875333,625.02527,0.38119406,1337.0332,0.17825347,-75.90694,-1.1906666,1651.8453,0.13509409,1011.0281,0.31657776,-77.79863,-1.0506588,2668.5999,0.09375299,915.7855,0.3301309,-78.32676,-1.0412928,-10.637226,-0.52862895,18.216955,0.39662683,0.031954013,0.52536625,-0.0141266165,-0.82116747,0.05898326,0.55646336,31.094805,0.27971667,-9.949289,-1.118623,21.51403,0.8744758,-19.910063,-0.8120562,-6.895176,13.256792,0.02548002,-0.002445988,0.047196735,2.534113,3.9447734,0.1575,0.12553385,0.08764706,0.046466865,-37.8993,s,Ses04F_impro04,Ses04F_impro04_F022
345,30.593063,0.2159621,24.773827,30.652351,35.687027,10.9132,205.75243,229.05566,59.122383,87.923225,0.42574075,0.6528588,0.20428528,0.32929885,0.6254253,0.42114002,3.9580855,2.6194887,3.43608,2.841014,0.103714935,0.8616539,24.932041,0.45880887,-11.471803,-1.3661076,30.669428,0.58881,-13.185058,-0.94165,0.015208423,1.6543342,1.0996544,0.69449335,5.1983275,0.5509882,3.7704523,1.7470863,14.77098,0.4329561,569.3124,0.46154422,1266.6498,0.20593801,-70.17749,-1.2674803,1629.1039,0.12955773,860.77094,0.34821802,-67.23545,-1.1833513,2597.0427,0.084168464,901.966,0.27900994,-65.54066,-1.2301068,-7.0912714,-0.6525702,12.913742,0.43942264,0.049872816,0.49013558,-0.014016394,-0.9050667,0.118696846,0.76733434,27.60564,0.31432295,-14.840591,-0.9678805,31.467474,0.615415,-15.196917,-0.79080635,-6.064269,11.438871,0.030234087,-0.0045453114,0.07032189,3.0303032,4.022989,0.1652381,0.15441497,0.072222225,0.04275973,-31.614765,o,Ses04F_impro04,Ses04F_impro04_M021
346,29.95251,0.21025147,23.721067,30.465607,35.808624,12.087557,203.11563,141.50343,49.434784,49.667995,0.1940659,0.73264724,0.07571002,0.14116839,0.3136071,0.23789707,1.6223383,0.8727172,1.3787944,0.9891891,0.04325447,1.0069026,26.198917,0.5455851,-3.2872536,-3.4935496,13.317188,0.9182365,-11.97117,-1.0200268,0.017016672,0.99287105,1.0724475,0.5803852,4.9523244,0.5364956,4.432481,1.6238766,22.391064,0.30582756,697.2038,0.34289768,1378.4823,0.13770705,-116.30266,-0.8001815,1717.4243,0.1604648,1073.6449,0.24401614,-116.3451,-0.763982,2736.7258,0.094270416,965.92834,0.3135602,-119.020164,-0.72319233,-11.298626,-0.43329114,20.872738,0.31694266,0.03284449,0.61696565,-0.010215553,-1.352893,0.05539919,0.71437174,33.91585,0.28249696,-7.79527,-1.3106656,12.830258,1.1801095,-15.836629,-0.82814044,-7.785445,15.101884,0.010575481,0.0031703943,0.03407065,2.4916945,2.8475714,0.14823529,0.101647325,0.18176469,0.19674516,-39.37694,s,Ses04F_impro04,Ses04F_impro04_M022
347,32.65216,0.1274058,28.23182,34.271484,36.051678,7.8198586,386.66937,450.8683,53.830196,52.103897,0.23741525,0.74714273,0.081466496,0.17202798,0.3941655,0.312699,2.5283499,1.2768221,2.427029,2.3313081,0.05693702,1.0418687,25.320225,0.51874566,-7.37973,-1.8743645,12.824144,1.303621,-14.031197,-0.86182916,0.017005764,0.8278354,1.2187005,0.546919,4.7446847,0.5332005,2.9832163,2.4745853,19.110342,0.37007102,640.9138,0.39466366,1331.144,0.13964872,-123.12278,-0.7477034,1651.9324,0.15970117,1130.7881,0.32067686,-121.130325,-0.73143315,2638.893,0.09892428,1000.9433,0.33966953,-123.47759,-0.69587743,-8.560635,-0.40535894,18.271067,0.37965003,0.03622727,0.5679733,-0.00702198,-1.758277,0.07099048,0.79826844,31.284958,0.29722664,-11.556682,-1.0491238,13.110139,1.6747671,-17.70926,-0.7610948,-6.5654693,14.612501,0.013350837,0.0023593074,0.045580823,3.0516434,3.0952382,0.12615384,0.111668356,0.17692308,0.14958324,-37.972736,o,Ses04F_impro04,Ses04F_impro04_F023
348,28.373186,0.13457526,25.284006,28.831306,31.57354,6.2895336,24.016373,14.285452,67.13374,48.72196,0.23131284,0.72328746,0.07672791,0.17429146,0.3878998,0.3111719,2.300693,1.1074328,2.6704311,2.3440714,0.052264206,0.95908266,27.545193,0.45068946,-5.0453787,-2.7308488,26.875637,0.59287083,-10.107865,-0.9146689,0.015954865,1.1377742,0.9793124,0.8504133,5.935927,0.400769,4.3499575,1.8967116,20.53004,0.37131825,618.9441,0.41045958,1291.7607,0.18943106,-108.163445,-0.8832105,1703.0536,0.14771558,930.2047,0.43519396,-110.61398,-0.8033387,2646.8413,0.10448258,989.0819,0.27726355,-110.17914,-0.80845755,-12.952898,-0.5761627,18.65121,0.38176066,0.043736782,0.468166,-0.01694453,-1.0274991,0.073089965,0.6428255,33.734592,0.30892867,-6.8901978,-2.2891614,31.581785,0.5897893,-10.861543,-0.9649009,-8.97041,15.746891,0.011989031,0.0025104953,0.03324141,2.514793,2.3845007,0.195,0.19019726,0.216,0.13310647,-37.241936,o,Ses04F_impro04,Ses04F_impro04_M023
349,32.73444,0.15334353,30.695333,33.049355,36.00333,5.3079967,258.77274,327.24582,215.25803,387.66052,0.28055495,0.935483,0.06270915,0.21628891,0.42443585,0.3617267,4.051607,3.2251103,2.8857946,2.1506627,0.076692484,1.3855559,27.161842,0.27886155,-10.918958,-0.95112866,19.361483,0.871932,-20.184029,-0.8302114,0.02162173,1.3524561,1.1940329,0.5240553,4.9543014,0.66282785,1.7692213,5.2647934,16.534998,0.44230658,580.73834,0.37968567,1297.0182,0.1952723,-112.7035,-0.85447395,1617.0566,0.16847719,1016.3515,0.3795511,-108.00308,-0.85227007,2618.0889,0.092015184,878.53076,0.30823445,-109.718796,-0.82163996,-8.878026,-0.55205816,18.077156,0.33073252,0.039898247,0.53815705,-0.015789645,-0.9195811,0.10824882,0.97396725,30.33722,0.23585057,-14.579028,-0.7713535,17.628906,1.1323557,-27.187492,-0.68440723,-8.983537,15.738065,0.01738765,0.0009877679,0.047422905,2.2164278,1.8372704,0.25714284,0.21214645,0.24866666,0.42938507,-32.814167,o,Ses04F_impro04,Ses04F_impro04_F024
350,35.103024,0.15457815,31.11116,33.458794,40.356163,9.245003,249.05287,334.57632,149.66667,170.87433,0.3581475,0.7889136,0.10129429,0.27853346,0.56157357,0.4602793,4.899664,2.878474,3.3657658,2.0528047,0.11443674,1.0947491,24.43339,0.4106825,-10.765182,-1.1246126,20.738726,0.8477296,-24.044031,-0.68657464,0.03335974,1.3936172,1.3628576,0.61433345,5.2111263,0.6996529,2.7904754,3.3174202,15.7961035,0.51594454,664.68164,0.35162458,1280.8516,0.17280361,-110.03489,-0.8623662,1738.8801,0.14819965,989.3487,0.42073554,-106.67954,-0.82723343,2715.6475,0.091841,881.8835,0.3329025,-106.66527,-0.82635456,-9.480174,-0.57801276,17.336185,0.36231962,0.04718219,0.46578795,-0.018091744,-0.7881086,0.14503156,0.8504264,27.789078,0.29172933,-12.129298,-0.9568172,20.270533,0.96631217,-29.106651,-0.6368054,-6.589193,12.714109,0.025739985,-0.0057043657,0.084687345,2.6771655,2.857143,0.16833334,0.18255135,0.16055556,0.13364431,-31.30283,c,Ses04F_impro04,Ses04F_impro04_M024
351,34.12777,0.1926394,27.7073,33.034115,37.956734,10.2494335,61.53789,26.586906,161.29172,171.22813,0.41713667,0.6907,0.13539529,0.34779793,0.6683545,0.5329592,5.277501,2.8810647,5.8158364,3.9972067,0.14201851,0.92859715,26.216055,0.45078042,-13.257966,-1.1636131,17.124516,0.9706328,-16.282967,-0.84209484,0.042385325,1.4825968,1.3171344,0.5605366,5.3860216,0.5686508,3.5712054,2.7974708,13.392948,0.5518055,719.8069,0.34165207,1258.7563,0.16721633,-101.81764,-0.91808486,1743.4702,0.14654152,959.7675,0.30787605,-95.17194,-0.9277985,2728.5906,0.103342295,888.38336,0.29337984,-96.072975,-0.909246,-9.299986,-0.45881495,17.337708,0.3463926,0.04919329,0.49432153,-0.011705208,-1.0953993,0.1822741,0.7191787,29.936113,0.308072,-16.598276,-0.90950507,15.944663,1.1642433,-17.510794,-0.86181533,-6.7567286,13.680085,0.030534606,-0.0039612683,0.09316621,3.15534,3.2098768,0.16538462,0.10731803,0.13416667,0.08128737,-30.064777,s,Ses04F_impro04,Ses04F_impro04_F025
352,31.34236,0.23790488,24.892132,29.325737,37.142395,12.250263,91.34038,73.94904,135.11452,178.02931,0.3769577,0.6021438,0.20968838,0.32156357,0.4887731,0.27908474,4.0776753,3.0265675,4.33702,3.7939692,0.1182705,0.88798374,32.18077,0.29645324,-14.816314,-0.8805581,20.795792,0.9265007,-13.502087,-1.2256073,0.029883858,1.6465744,1.1803032,0.60776365,5.0184784,0.5917766,3.9349186,2.1561148,17.024342,0.4773197,700.72424,0.36331064,1321.0155,0.17610246,-62.04829,-1.3537977,1704.1864,0.15026852,1022.488,0.25758353,-61.852474,-1.2499818,2690.757,0.10799672,955.14355,0.3134196,-63.803234,-1.1927032,-10.474281,-0.5136828,18.139313,0.37678653,0.044492573,0.4876264,-0.010397512,-1.2850575,0.12730029,0.816796,33.770344,0.25012812,-16.602064,-0.83132416,19.976809,1.0007986,-13.541976,-1.1931598,-8.919152,16.556255,0.033217672,-0.0030475953,0.0962087,3.3043478,3.6842105,0.18904762,0.14118224,0.07111111,0.035572913,-31.39916,o,Ses04F_impro04,Ses04F_impro04_M025
353,35.898846,0.21222043,28.727139,37.31744,42.753143,14.026005,105.538124,88.09165,118.856186,213.79747,0.2099738,0.5014342,0.11059457,0.18473952,0.31197354,0.20137897,1.6744069,0.72611547,1.2412586,0.6875406,0.04746452,0.68990976,30.238913,0.24417907,-12.6283,-1.1186444,11.996327,1.313559,-17.612822,-0.8426719,0.020476094,1.2241551,1.2194496,0.52202755,6.1327634,0.6187703,4.3589535,1.8928688,20.72596,0.42468682,720.72186,0.32714206,1367.0339,0.17390063,-90.10445,-1.0187222,1713.293,0.13891824,1120.8716,0.21221986,-88.64023,-0.9640268,2734.9182,0.09989486,981.50793,0.3191285,-91.9339,-0.9010363,-11.479476,-0.5540115,21.499155,0.34913185,0.031415507,0.62070644,-0.0058065066,-2.1295893,0.04929606,0.6302735,31.817614,0.22860384,-13.268911,-1.0752592,10.751881,1.5262957,-18.546425,-0.80940807,-10.087797,19.617512,0.029443461,-0.00038809708,0.044106446,3.489933,3.112314,0.1852174,0.17754044,0.12090909,0.08638756,-41.190586,o,Ses04F_impro04,Ses04F_impro04_F026
354,27.644026,0.18820737,23.306236,26.619467,31.502602,8.196365,86.08956,72.151405,58.35677,48.398087,0.28606427,0.5806122,0.14653896,0.23571107,0.41732422,0.27078527,3.4499319,1.6407682,2.523841,1.4004562,0.06927775,0.72493213,32.26322,0.24980423,-13.068772,-0.9550411,23.747921,0.72128224,-8.747051,-1.4304411,0.019266779,1.288986,1.3637561,0.5863916,4.363079,0.58628035,3.9418874,1.6555798,15.953046,0.517833,601.1916,0.38524628,1277.4314,0.16686565,-78.083534,-1.159888,1646.0151,0.15683347,952.30725,0.37275147,-82.56508,-1.0451506,2611.6843,0.1033259,934.161,0.2842582,-83.38286,-1.0258443,-9.117944,-0.5891804,16.436079,0.33293843,0.032469932,0.6942176,-0.01321986,-1.1757259,0.084897175,0.64251584,34.730305,0.18220477,-15.428162,-0.8912477,24.126907,0.7939638,-9.401532,-1.4465292,-9.510942,15.830226,0.02015875,-0.007001801,0.04436205,3.7815127,3.6093419,0.16235293,0.09680358,0.08888889,0.058108024,-35.781776,o,Ses04F_impro04,Ses04F_impro04_M026
355,34.020023,0.17270428,30.454264,34.835495,39.10524,8.650976,94.41499,84.25921,53.230247,57.837254,0.30356738,0.46286726,0.18452975,0.27581775,0.40101254,0.21648279,2.7712395,1.7268062,2.058853,1.3286555,0.07828812,0.74249446,28.818352,0.26474494,-15.05661,-0.8284545,17.22122,1.0059137,-19.522114,-0.6890326,0.018693596,1.4790671,1.2214909,0.47578794,5.383856,0.53664124,-0.58593166,-12.949328,13.214048,0.56160015,678.1177,0.3428043,1302.7261,0.1639585,-69.194496,-1.2482582,1700.8318,0.1485186,1052.8611,0.370571,-68.96877,-1.1782337,2677.6597,0.09648009,882.42676,0.23486367,-72.053024,-1.0995098,-8.285523,-0.68065625,17.731615,0.3386257,0.036202677,0.5846368,-0.0072816485,-2.0317013,0.08957824,0.7081265,30.029255,0.2411607,-17.215956,-0.71002376,14.4984,1.2058004,-21.67231,-0.5930496,-8.723581,16.427475,0.022900939,-0.0046613896,0.05401434,2.777778,3.6717062,0.17941177,0.096495695,0.076875,0.061818156,-35.814568,s,Ses04F_impro04,Ses04F_impro04_F027
356,32.5436,0.12705578,29.639053,33.003178,35.33566,5.6966057,44.965282,20.69604,-32.087425,69.06023,0.31321934,0.54564947,0.15554044,0.2792064,0.4370513,0.28151086,3.1567123,2.2323973,2.427439,1.4422479,0.09393756,0.82562554,28.099918,0.59477824,-8.003711,-1.871423,17.497635,0.800385,-15.126145,-0.8694079,0.05369858,1.7873276,1.3950019,0.7460497,5.0213175,0.5648748,-2.6784937,-2.9645348,16.968592,0.5423368,744.9365,0.28818172,1314.5317,0.19397043,-86.42523,-1.0591946,1766.0431,0.10928005,1026.0223,0.28889135,-86.41295,-1.0053679,2739.218,0.08967437,859.8556,0.20244122,-88.46051,-0.9644407,-9.848317,-0.5568432,17.120708,0.35814518,0.050634872,0.35713902,-0.012125822,-1.1225641,0.12494482,0.6594942,34.25083,0.27930278,-15.778518,-0.7458666,15.767889,0.96908015,-14.758376,-0.8197958,-6.313658,11.682776,0.019374134,-0.002457071,0.051419247,3.5353537,3.1088083,0.18666665,0.093035236,0.136,0.119766444,-33.84439,o,Ses04F_impro04,Ses04F_impro04_M027
357,35.643135,0.07347654,33.33921,35.031464,37.925907,4.5866966,13.417248,6.497226,21.239452,15.895671,0.17955117,0.4806775,0.114246346,0.1632107,0.23670311,0.12245677,1.4787449,0.8196019,0.99106765,0.5222226,0.035760194,0.70690924,27.37201,0.40433106,-9.876276,-1.6361681,13.870292,1.1876016,-25.979115,-0.6090545,0.0141456975,0.9636005,1.1121995,0.43943265,6.189177,0.5076815,4.2284904,2.0912232,20.620855,0.4132727,692.9118,0.37350693,1356.1116,0.16102074,-86.84853,-1.0870147,1747.3225,0.16615708,1127.202,0.2582677,-85.017975,-1.0105964,2722.6511,0.09282937,997.9821,0.26338083,-86.53063,-0.9784864,-10.141881,-0.61108196,20.254923,0.35931304,0.03438456,0.5075692,-0.0062251296,-2.0502567,0.041005507,0.63523996,31.386967,0.17371188,-12.640939,-1.255815,14.5826,1.2200706,-29.705616,-0.46454155,-4.3050604,14.01359,0.016724119,0.002995262,0.02809803,3.0162413,2.347418,0.257,0.24576616,0.13454545,0.13391745,-43.710033,o,Ses04F_impro04,Ses04F_impro04_F028
358,31.310482,0.2383081,25.13018,29.968678,33.490795,8.360615,32.08466,7.9601636,38.205917,23.808723,0.29626378,0.5399241,0.15786701,0.26826584,0.43280548,0.27493846,2.9105294,1.6804024,1.4834768,0.9466742,0.07947512,0.8124822,29.906681,0.4737598,-5.8147845,-2.4671602,21.898895,0.83855575,-10.430735,-1.2252655,0.016628763,1.2981199,0.76192635,0.6737156,7.242759,0.42718694,3.2905579,2.102463,19.47124,0.4115825,678.01587,0.38126016,1363.4294,0.20549415,-69.9281,-1.2427264,1756.943,0.14396052,916.8473,0.33168635,-73.7219,-1.0916919,2711.3518,0.11205802,1037.0128,0.2798099,-74.35891,-1.0750325,-13.738486,-0.4763284,18.992243,0.36114272,0.04649581,0.54967463,-0.015382829,-0.93217486,0.08733283,0.7194318,35.0202,0.30295897,-8.189058,-1.7716366,26.01798,0.75043523,-9.992537,-1.3924073,-6.570565,13.99632,0.017553763,0.008131588,0.05396472,3.5460994,2.536232,0.2642857,0.25150162,0.11,0.093503244,-34.133247,o,Ses04F_impro04,Ses04F_impro04_M028
359,43.34719,0.17882384,43.074356,45.703125,48.90002,5.8256645,33.57881,14.323049,80.496155,128.0923,0.22324204,0.63509756,0.060669344,0.212051,0.36180425,0.3011349,2.252613,0.96890175,1.40832,0.697067,0.059788108,0.93721306,25.366684,0.30631015,-16.601992,-0.8313665,4.875192,3.6216927,-15.007299,-0.94372696,0.018646669,1.0541674,1.1686165,0.51347554,8.271278,0.4322796,6.8805513,1.2584058,20.634735,0.43512952,776.20386,0.305162,1301.7806,0.16237472,-110.73124,-0.8529122,1724.4775,0.116396755,1099.6195,0.25448543,-100.692505,-0.89629626,2741.929,0.08756137,978.12616,0.35176072,-104.95764,-0.8234206,-8.036867,-0.7308805,20.659096,0.3634138,0.05377206,0.47667167,0.005638471,2.6952004,0.088768154,0.59984165,27.357689,0.2915258,-21.750751,-0.59434456,0.6773003,31.429737,-21.579292,-0.6973551,-7.1763225,16.308659,0.016960489,0.011586713,0.027400538,2.5157235,1.9017433,0.2725,0.18175647,0.23333333,0.30814856,-38.19026,s,Ses04F_impro04,Ses04F_impro04_F029
360,29.09796,0.12213803,26.635641,28.81746,32.26878,5.6331387,46.229763,17.17902,243.82881,412.40216,0.16919005,0.9395748,0.05263011,0.06593291,0.3447181,0.29208797,1.8678801,1.3456687,1.7625415,1.17173,0.03740438,1.1321435,28.68522,0.3787129,-7.6495214,-1.2971314,17.677544,0.5901983,-7.785026,-1.2076148,0.0374574,1.6934742,1.2061456,0.78096694,5.3553305,0.55312043,1.2534279,2.895595,17.905096,0.42956838,601.4066,0.368872,1272.1338,0.17789933,-146.47023,-0.5988464,1672.9171,0.1686711,934.9339,0.30465516,-147.41618,-0.5669104,2659.3943,0.10741422,895.787,0.2564172,-148.28287,-0.55440444,-11.090771,-0.4650664,17.672981,0.37919825,0.04247495,0.3979805,-0.02063505,-0.81997013,0.08108244,0.48292017,38.948715,0.20107546,-15.847119,-0.7168965,21.316624,0.7537611,-11.343671,-1.2906686,-10.213886,17.88994,0.0056673423,0.0074595283,0.020407334,1.9202363,0.8928572,0.30833334,0.23010261,0.67714286,0.4565621,-39.783253,q,Ses04F_impro04,Ses04F_impro04_M029
361,38.784046,0.19801734,31.07622,40.269505,46.342384,15.266165,99.73401,101.77711,89.400795,76.18355,0.3936648,1.0054632,0.06173192,0.24670522,0.6631543,0.60142237,4.412706,3.195869,3.043186,1.5041771,0.121333905,1.1674005,26.053331,0.27262384,-17.292645,-0.88496673,8.349338,1.7389616,-17.322523,-0.7454232,0.028217368,1.6376039,1.406146,0.4831542,4.7953906,0.75721955,5.3955717,1.476474,20.198479,0.37979782,773.7718,0.32247025,1301.0999,0.17728288,-110.941154,-0.8871838,1732.434,0.14533857,1147.6334,0.21251632,-104.29148,-0.9041997,2724.7935,0.08522222,970.74646,0.27168268,-107.74999,-0.8427597,-4.8402405,-1.3503133,17.349447,0.43903005,0.049871616,0.36780244,0.0017747591,10.145726,0.20672655,0.7162575,27.47204,0.27233866,-24.975536,-0.6205222,5.2221804,3.2222042,-22.053432,-0.6377748,-8.490091,18.42564,0.011102352,0.007234039,0.038652554,1.7828201,1.7973857,0.2681818,0.274187,0.292,0.3290532,-30.45417,ans,Ses04F_impro04,Ses04F_impro04_F030
362,35.802467,0.2070258,30.347305,33.145374,45.680443,15.3331375,124.5869,105.27228,98.89058,82.57239,0.5923655,0.78131384,0.10592524,0.448852,1.0400411,0.9341158,5.738419,2.870716,3.114795,1.6214124,0.18703751,0.9016004,25.758785,0.34830227,-20.808882,-0.76443565,9.658847,1.5309548,-15.634429,-0.6445151,0.027975049,1.9576521,1.2332599,0.37773627,4.1895165,0.8475073,4.685349,1.7288812,17.89325,0.3908146,769.71515,0.33189264,1289.6733,0.18654862,-83.48106,-1.1629181,1739.0269,0.15764539,1119.478,0.15975296,-78.340065,-1.1820922,2704.1099,0.087501444,1010.2144,0.23166686,-82.65032,-1.08189,-4.1993494,-1.2962734,14.245232,0.48033425,0.048895244,0.3671673,0.00053741346,23.242687,0.26562124,0.6041957,27.36706,0.31598338,-25.584484,-0.57414454,9.165384,1.5558391,-15.982967,-0.6699632,-6.142424,16.205042,0.016209945,0.007594217,0.07018412,2.3809526,2.0761247,0.29,0.3349627,0.2525,0.2667747,-27.716925,s,Ses04F_impro04,Ses04F_impro04_M030
363,28.511568,0.21444564,22.532562,27.987585,36.206245,13.673683,310.0529,571.68066,48.409676,22.662521,0.24014083,0.61216605,0.12810859,0.20663822,0.3209915,0.1928829,2.3676276,1.3619822,1.6670202,1.2205732,0.060016587,0.8910495,29.29403,0.40443522,-5.505282,-2.1832736,21.328974,0.7123533,-15.878205,-0.9313298,0.022093212,1.4031994,1.2346988,0.53804064,4.1689997,0.5774378,-0.02785087,-315.62424,15.787808,0.38790298,636.348,0.38120508,1273.0286,0.16690432,-97.6482,-0.95527077,1732.7522,0.17079572,919.3505,0.37109712,-98.03093,-0.8880008,2690.002,0.098656125,980.2972,0.34032103,-98.050934,-0.88703275,-12.494582,-0.4393313,19.186462,0.26268756,0.044805866,0.44435513,-0.020088168,-0.9753225,0.0718564,0.8080075,33.43923,0.25592697,-7.2005687,-1.6743476,23.168255,0.7306672,-18.498573,-0.9144498,-8.747273,16.150658,0.021739932,-0.003048316,0.046714522,2.5,3.9548023,0.12928571,0.09910054,0.11230769,0.10467193,-37.671753,o,Ses04F_impro04,Ses04F_impro04_F031
364,27.56687,0.17844224,22.964869,26.17866,31.018257,8.053389,93.43219,33.498646,-19.038397,38.351334,0.2707829,0.6773347,0.0906979,0.2132536,0.44590035,0.35520244,1.9972006,1.4151788,2.5528378,1.6843883,0.061757367,0.8358048,29.568943,0.31930932,-5.9488997,-1.9673201,24.556658,0.71044964,-11.477666,-1.3728915,0.020973304,1.9128896,0.92272526,0.5932757,4.8562355,0.62183255,0.44188133,9.285765,17.347162,0.344164,554.4157,0.38472262,1314.7501,0.29192963,-96.54358,-1.0107455,1631.7544,0.17699452,901.4103,0.47362834,-99.847145,-0.891583,2559.6597,0.09393337,974.5718,0.3844994,-98.08314,-0.9243121,-12.323469,-0.46207643,17.662296,0.279912,0.049827438,0.36358792,-0.018861458,-0.99910057,0.082979605,0.62550867,33.535347,0.2542375,-7.542489,-1.6154829,27.91416,0.73518544,-15.415016,-1.2094277,-10.436394,17.532495,0.013325574,0.0018275396,0.036219914,2.6666667,3.196347,0.15857142,0.09612916,0.13428572,0.116356246,-35.75785,o,Ses04F_impro04,Ses04F_impro04_M031
365,24.996157,0.17613974,22.109297,23.165613,29.115963,7.006666,172.26482,180.92307,19.879017,17.053343,0.19484392,0.5929595,0.09699194,0.16828918,0.27102023,0.17402829,1.99143,1.0528411,1.2917482,1.1283836,0.042101443,1.0107609,27.630445,0.54921097,-6.5377684,-1.9275929,21.360125,0.69513893,-11.16945,-1.0802563,0.015626295,0.8389411,1.0816954,0.6608738,3.9461315,0.4395964,-0.1302681,-42.36267,16.364805,0.39909726,640.6695,0.4154883,1293.7816,0.1516608,-107.222496,-0.8806791,1668.8429,0.1674999,959.81366,0.2891434,-110.36966,-0.81476665,2645.1633,0.11097324,892.2024,0.26049584,-110.77497,-0.8075313,-11.97773,-0.38675925,17.976988,0.29559338,0.039122988,0.5191863,-0.01864891,-0.8378237,0.055074308,0.85327166,36.584717,0.16911894,-12.086899,-0.93601906,25.519295,0.68002206,-13.521467,-1.030653,-6.4814186,12.041871,0.010361735,-0.0030644767,0.03136328,3.3333335,3.1168833,0.14333333,0.14596424,0.1575,0.13748485,-39.955784,o,Ses04F_impro04,Ses04F_impro04_M032
366,37.14881,0.18316665,32.572414,36.805458,43.720173,11.1477585,119.70721,116.834404,46.375008,32.170055,0.25599602,0.6085737,0.114213504,0.23664105,0.37384266,0.25962916,1.8143963,0.7947931,1.4396447,0.5510439,0.06209013,0.8877414,24.724096,0.3466472,-15.407643,-0.8894035,14.818717,1.2045672,-24.353127,-0.59487087,0.02443716,1.5383372,1.3178048,0.43376517,5.3306756,0.5720842,2.621993,3.7489429,14.76913,0.60981894,739.4092,0.36693087,1383.4437,0.24323313,-96.24243,-0.9905086,1716.0691,0.1480329,1100.3982,0.2846695,-87.19301,-1.0256654,2713.0928,0.1025509,954.4301,0.28843707,-89.1489,-0.9850179,-7.5516953,-0.624909,17.091679,0.3694328,0.04779091,0.4593586,-0.0032827307,-4.1676826,0.0769689,0.6938684,27.511703,0.27771127,-20.231647,-0.6283344,15.26479,1.2791512,-28.727655,-0.46835512,-7.3085966,15.162547,0.024760703,0.0029250071,0.04115467,2.7811368,2.676399,0.21272728,0.16343422,0.17823529,0.22216144,-37.872334,o,Ses04F_impro04,Ses04F_impro04_F032
367,34.12576,0.26658818,25.649572,31.331951,46.35607,20.7065,69.89297,50.876663,67.10342,40.86289,0.35173333,0.4953321,0.19418344,0.31039834,0.50894004,0.3147566,2.2843018,0.73672515,1.6014503,0.40292197,0.09009262,0.66445863,26.911491,0.37477547,-14.787779,-1.0251733,20.353065,0.8966556,-19.869934,-0.5576355,0.031033246,1.4167951,1.2517954,0.4692936,5.1358256,0.584432,2.7802756,3.3520539,16.919693,0.43206328,757.06854,0.37325078,1357.716,0.2117936,-92.267204,-1.0150002,1768.7673,0.15406707,1013.6142,0.26102898,-89.47487,-0.979312,2739.7043,0.10781387,949.9533,0.3149489,-90.63884,-0.9576211,-9.268768,-0.3783447,17.413694,0.26014256,0.056504108,0.4371545,-0.0038388795,-4.452639,0.0978352,0.5149226,30.174362,0.30604067,-16.579258,-0.90032727,23.282747,0.7930181,-19.79719,-0.61551285,-7.2922163,13.985047,0.043960515,-0.0017880214,0.083798885,4.0,2.739726,0.20666665,0.10994947,0.13499999,0.06873863,-34.78949,s,Ses04F_impro04,Ses04F_impro04_M033
368,22.98991,0.18355519,20.296906,21.078648,24.835896,4.53899,47.313553,36.58721,13.238143,5.5013866,0.110313624,0.8029129,0.052169822,0.062410902,0.16747433,0.11530451,0.92392105,0.62314296,0.41893205,0.59126866,0.018054463,0.9775966,25.513441,0.36646765,-5.125554,-1.4181029,23.653696,0.6855602,-6.674681,-1.1050482,0.012741847,0.8004822,0.7472063,0.5159428,4.45922,0.3832587,0.7376199,4.477974,16.641073,0.28523585,542.9309,0.3538152,1249.8591,0.1660325,-147.15173,-0.6041136,1658.8843,0.10870557,824.00183,0.48554483,-151.82523,-0.5323429,2545.96,0.07488826,962.17096,0.18086842,-150.27641,-0.55473405,-12.355175,-0.25766668,16.441992,0.22747263,0.030235257,0.5710696,-0.010776872,-1.0513644,0.036803022,0.6021423,33.72758,0.24505953,-7.9556065,-1.4048797,43.27323,0.4301514,-5.1240253,-2.1169593,-9.397207,16.926676,0.0048563746,0.009332218,0.011114194,1.7412935,1.0101011,0.25,0.11090536,0.71999997,0.73147106,-45.314056,s,Ses04F_impro04,Ses04F_impro04_M034
369,32.411102,0.115087986,31.669899,33.466957,34.73416,3.0642624,137.85661,48.641636,83.48707,106.63317,0.11738281,0.41385797,0.070102006,0.10715225,0.17362243,0.10352042,0.96588737,0.7184658,0.6353128,0.34808517,0.019064398,0.48845485,28.43767,0.28705224,-3.5046453,-2.538683,17.574902,0.7689358,-5.5416822,-1.770797,0.020205675,1.2147084,1.0520285,0.5384682,6.7809157,0.3669531,1.3254354,6.4698944,21.750015,0.3489666,643.3567,0.38167968,1417.9392,0.15456079,-107.82563,-0.8696748,1681.7747,0.14021783,1090.684,0.27002808,-110.76959,-0.78880334,2757.3438,0.098361574,1083.8412,0.3126937,-113.43373,-0.748568,-14.156491,-0.36317262,25.831337,0.27751076,0.024127794,0.83846766,-0.0046877083,-1.9733503,0.024653416,0.33449566,33.83783,0.19549666,-2.0016663,-4.48206,15.650779,1.0830451,-7.586465,-1.5868845,-9.949516,16.87673,0.0055422196,0.00818508,0.0140859615,2.5735295,1.8726593,0.258,0.22666274,0.256,0.22005455,-47.200092,o,Ses04F_impro04,Ses04F_impro04_F033
370,28.840687,0.12037317,25.897425,28.564676,31.890272,5.9928474,35.40937,19.920015,18.895704,20.395872,0.123158045,0.46942878,0.07235281,0.110339805,0.17268914,0.10033633,0.8809575,0.55461395,0.55719763,0.25507495,0.020884655,0.64682335,25.290173,0.3404409,-5.239997,-1.8720152,15.122569,0.6990851,-9.907163,-0.931843,0.013373764,1.6167248,1.0416589,0.4848053,5.449927,0.5263539,2.8440151,3.0380895,20.438606,0.41489658,611.1243,0.34783122,1384.8353,0.14154686,-141.22922,-0.61930436,1626.3986,0.14235441,1098.8068,0.21065332,-140.6591,-0.60086226,2634.1113,0.095443204,1009.55084,0.38979807,-142.72057,-0.57048076,-12.016824,-0.41518155,22.640224,0.2528008,0.030397417,0.6550535,-0.0056081987,-2.474651,0.031019086,0.49131745,33.667267,0.1766274,-7.2724705,-1.5769821,13.117767,1.0989155,-11.331768,-1.1726094,-8.938198,16.76694,0.009188243,0.005742259,0.01619812,2.5179856,1.8066847,0.1685,0.13070099,0.34714285,0.4034157,-46.95475,s,Ses04M_impro04,Ses04M_impro04_M000
371,30.265163,0.07173483,28.27185,30.629768,31.863537,3.5916862,13.208949,4.5697093,111.84486,172.42195,0.124731936,0.5489821,0.05068922,0.120981455,0.1843937,0.13370448,1.0233805,0.5118745,0.69105196,0.35854614,0.02547149,0.6671672,30.807701,0.22184576,-3.702797,-2.9556637,22.015406,0.564848,-8.979184,-1.1873517,0.015763044,1.43354,1.1475495,0.49482238,5.7228723,0.4959498,8.242643,1.2367412,22.232214,0.29399714,577.5397,0.40824965,1362.8802,0.18089864,-116.85639,-0.8004031,1665.3063,0.16071612,1013.88696,0.23358648,-119.07328,-0.7302782,2623.9744,0.100826,989.98254,0.3123876,-119.63261,-0.7215969,-14.120297,-0.36338633,21.492527,0.24984573,0.027492289,0.6165136,-0.0070290635,-1.8891032,0.036428872,0.42005593,34.75002,0.1849724,-4.095601,-3.0663514,26.942701,0.5113332,-8.6883955,-1.5728201,-12.426562,20.67139,0.007562041,0.0023049957,0.01658074,2.9447854,1.7283952,0.25285715,0.18862012,0.28466666,0.30865014,-44.986736,ans,Ses04M_impro04,Ses04M_impro04_M002
372,30.086954,0.058629066,28.313812,30.164993,31.935913,3.6221008,17.521439,6.0830545,104.76251,204.28635,0.11673853,0.50541544,0.051945724,0.10953868,0.1747455,0.12279978,0.85183007,0.59005207,0.67501354,0.30422148,0.023983795,0.679518,26.97951,0.24606316,0.94005066,9.890866,26.172897,0.4499864,-9.478175,-0.97602725,0.01833631,1.0253919,1.1619253,0.5440412,6.2138715,0.42074174,6.06072,1.79616,22.466639,0.37139672,555.3943,0.3556298,1348.0408,0.15482247,-124.2766,-0.7394264,1708.8246,0.13867874,935.532,0.43317053,-127.968124,-0.6616065,2638.669,0.08778605,1053.1389,0.31280768,-127.29464,-0.6704731,-15.540954,-0.32734513,21.347591,0.29455474,0.025217045,0.7000995,-0.008242351,-1.4851203,0.033486165,0.50090927,30.693935,0.20363595,2.883318,3.9897017,32.53164,0.3526037,-9.317036,-1.3425772,-12.48693,20.361492,0.003456833,0.0023293027,0.017645553,2.527646,1.7515924,0.22454545,0.18082456,0.29833335,0.29571474,-45.095806,s,Ses04M_impro04,Ses04M_impro04_M003
373,37.53356,0.071612515,35.046978,37.93585,40.147034,5.1000557,42.910805,23.768837,29.347065,17.973066,0.28872427,0.84766906,0.06373875,0.21755078,0.47311112,0.4093724,4.7032447,3.2271783,4.0100284,1.3177098,0.07336651,0.8397212,26.87073,0.32011935,-7.4954147,-1.8506439,12.82064,1.159502,-18.472399,-0.89143866,0.015693942,1.0673864,1.100363,0.88927436,8.68334,0.3343676,5.007423,2.0839484,21.15019,0.4374662,631.8396,0.32397312,1379.362,0.18967126,-115.786125,-0.78692627,1666.0021,0.15265965,1127.8894,0.32003126,-103.84097,-0.8511596,2708.9597,0.08727184,1067.7831,0.3577462,-107.507515,-0.7885939,-10.247979,-0.6048842,22.484432,0.3473248,0.043146774,0.61364055,-0.0077800415,-1.2422346,0.11313985,0.49594623,29.26488,0.28474525,-13.6237545,-1.1503167,8.976774,1.8861371,-26.514933,-0.710561,-10.621966,19.713528,0.0122023495,0.0047132494,0.030388964,2.7272727,2.8037386,0.17833334,0.20383134,0.188,0.17255723,-34.183846,q,Ses04M_impro04,Ses04M_impro04_F001
374,31.669804,0.1766833,27.848358,29.90972,33.64027,5.791912,63.897964,98.36117,38.34681,37.031597,0.16427308,0.6845828,0.0736841,0.13849942,0.22769703,0.15401293,1.7446041,1.1382663,1.4832114,1.6404742,0.03710913,1.1290375,31.206429,0.2966491,-4.263915,-2.9779837,17.482214,0.6108939,-10.299104,-1.0759351,0.015610331,0.90460616,1.1656394,0.60341656,6.0697637,0.6263172,5.378543,1.8331599,20.553293,0.37881532,608.4083,0.3733084,1379.336,0.16400822,-101.96058,-0.9074367,1643.0304,0.15996316,1072.3428,0.265267,-103.20284,-0.83382505,2646.1553,0.10168254,987.33685,0.2966913,-105.27433,-0.7992594,-14.120973,-0.37550187,22.793865,0.27160287,0.02992348,0.75928646,-0.006671597,-1.9416336,0.04499128,1.0253013,34.391514,0.19259283,-5.911965,-2.0502877,19.647205,0.5867835,-12.057229,-1.0254886,-11.564324,20.606052,0.010252359,0.001686952,0.028348323,2.1943574,3.0462186,0.1662069,0.13568254,0.1467857,0.2732222,-40.679234,ans,Ses04M_impro04,Ses04M_impro04_M005
375,34.989502,0.14908218,31.456205,32.408524,40.27231,8.816103,77.57449,30.608887,9.037526,4.9583077,0.28199682,0.6611932,0.14980231,0.25292504,0.37156302,0.2217607,3.45581,3.6654375,2.8619556,1.8552872,0.06421381,0.9741683,29.520468,0.46088317,-1.7258785,-8.482799,17.135727,0.9861059,-19.009869,-0.71998274,0.012095625,1.211283,0.7789667,0.9326029,9.102297,0.44348586,7.4558387,0.9882849,24.729517,0.4941378,709.9788,0.2732877,1421.1039,0.14765632,-64.595276,-1.2793406,1758.1827,0.11841955,1052.8386,0.30438682,-68.264,-1.1027133,2835.108,0.083686285,1008.2661,0.3244541,-73.068375,-0.9912027,-13.512217,-0.6099914,23.305925,0.445664,0.03572141,0.56606036,-0.014195568,-1.0684819,0.07236681,0.9350655,32.736256,0.3588892,-2.5916655,-5.7795844,17.386984,1.0660349,-22.921347,-0.57613736,-8.6747465,17.301619,0.010335452,0.0023215048,0.043472998,3.250478,2.5096526,0.28384614,0.21087869,0.09461538,0.06271,-33.34958,s,Ses04M_impro04,Ses04M_impro04_F003
376,35.5341,0.09573018,32.484398,34.882355,39.0667,6.582302,70.13603,72.56755,75.49891,52.221245,0.35667676,0.5101075,0.20370369,0.31669334,0.4882814,0.28457773,3.2292595,2.6747012,3.0997996,1.8675203,0.10867077,0.7243344,28.269043,0.28895274,-9.583184,-1.258178,20.596598,0.64959353,-12.205369,-0.93722177,0.030659791,0.9311925,1.1539218,0.49949032,5.338538,0.4876039,9.469419,0.7713124,18.9426,0.4232224,595.8317,0.4284795,1384.3578,0.19395775,-125.804085,-0.6904378,1604.5686,0.13780625,1065.0518,0.24240172,-110.55783,-0.7810249,2650.732,0.11100351,989.7067,0.23679802,-112.6572,-0.7491654,-10.808887,-0.41140598,19.055191,0.2870184,0.04711541,0.35012162,-0.010691034,-1.071786,0.11505328,0.49011147,30.665163,0.23956467,-11.311981,-0.8301077,23.573612,0.4729484,-15.041486,-0.81003064,-9.209433,17.999182,0.034623396,-0.003919177,0.10584229,3.90625,4.0,0.111999996,0.103324726,0.118,0.087040216,-34.61174,o,Ses04M_impro04,Ses04M_impro04_F004
377,35.06757,0.10099863,32.144527,33.621235,38.959164,6.814636,88.18029,88.601074,-13.316874,48.713547,0.3675993,0.5087042,0.22627929,0.31717393,0.50175637,0.27547708,3.28679,2.8811781,3.4125736,1.642986,0.108971566,0.7838135,30.019745,0.23232514,-7.9775167,-1.5168991,23.094482,0.6144304,-15.311403,-0.749802,0.024310948,1.1245092,0.95973915,0.64204973,6.171326,0.53137976,8.058167,0.7833499,18.578133,0.4057188,622.2295,0.39084738,1381.6154,0.18758975,-100.78202,-0.8954767,1661.1005,0.13924181,998.4021,0.30220595,-87.83506,-0.9652423,2706.8926,0.102829754,933.8744,0.22326799,-90.06597,-0.9236976,-11.115745,-0.42130828,17.884087,0.29677436,0.043427102,0.41266933,-0.014755691,-0.74567515,0.10350517,0.62222904,30.88445,0.22885981,-9.694685,-1.0698802,26.83749,0.4530313,-18.878586,-0.6016358,-11.503803,19.753834,0.03659229,-0.008262241,0.11587318,4.109589,3.2710283,0.17714284,0.115104206,0.108571425,0.090147264,-34.18723,ag,Ses04M_impro04,Ses04M_impro04_M006
378,30.741226,0.062495243,29.295828,30.644806,32.313087,3.0172596,50.76596,39.10034,18.16583,13.580124,0.16224521,0.5237306,0.09588324,0.14126392,0.21588558,0.12000234,1.0486455,0.46166277,0.67376655,0.24667883,0.03904605,0.7729047,29.904715,0.3219027,-2.798053,-4.596481,17.221275,0.87281746,-13.429173,-0.80619943,0.024684653,1.1159701,1.2785679,0.51353955,5.4571133,0.51004976,9.627265,0.8292235,25.31585,0.3010933,647.9323,0.36751857,1398.7134,0.1434757,-126.0114,-0.706201,1724.127,0.17707409,1080.7455,0.2261915,-127.70161,-0.6517159,2694.4453,0.10856092,1018.1798,0.3253837,-128.8396,-0.63562596,-14.743163,-0.4189314,23.967686,0.27267945,0.024010563,0.75806177,-0.00541614,-2.3577642,0.045683254,0.68682975,33.26666,0.250291,-0.6462221,-19.889383,21.102,0.84514153,-13.462318,-0.8761709,-10.696689,20.33809,0.011124559,0.0016934269,0.03496941,2.4,3.0645163,0.12315789,0.084918074,0.18210526,0.21833287,-42.405354,o,Ses04M_impro04,Ses04M_impro04_M007
379,30.860762,0.10412397,26.637877,31.63504,33.990128,7.352251,86.490845,100.28207,17.222172,10.467419,0.12208256,0.5574056,0.058487974,0.10525929,0.17893793,0.12044995,1.0107199,0.5489437,0.6701126,0.3622658,0.024690606,0.7632402,28.310947,0.28066862,-2.5060222,-4.2038655,19.808674,0.53773004,-9.216086,-0.9916672,0.016548352,0.9464751,1.2685549,0.5444912,5.351789,0.4839687,7.157165,1.1916552,20.84879,0.36890253,596.80664,0.3589291,1388.8766,0.15573618,-135.71207,-0.6504546,1653.6976,0.1420462,1018.4469,0.25185588,-135.76825,-0.62100273,2646.3416,0.09685215,997.59674,0.3065586,-137.0937,-0.60209876,-12.335071,-0.4133184,20.140295,0.2615205,0.029751267,0.5295541,-0.005435079,-1.9315839,0.035538223,0.54046047,32.430614,0.23163073,-4.9570403,-2.597395,21.12779,0.6152499,-10.932986,-1.0456547,-12.026719,19.994614,0.0070032743,0.003331957,0.01888217,2.6629937,2.2140222,0.15041667,0.16811404,0.28041667,0.44358838,-46.17431,dag,Ses04M_impro04,Ses04M_impro04_M009
380,35.643795,0.11048894,32.13392,34.77272,38.123837,5.9899178,58.87624,29.303257,18.717936,15.57965,0.17676163,0.61473435,0.06836489,0.15857859,0.26785532,0.19949043,1.99228,1.3783463,1.8338048,1.2064928,0.050413605,0.89029866,30.296097,0.33278853,1.5469251,6.4473715,22.09223,0.56786376,-12.961696,-0.9680213,0.023110604,1.2375523,0.8601542,0.67270786,9.443683,0.30923507,12.633882,0.38111165,26.721811,0.44189498,553.0325,0.33985513,1424.0958,0.17737125,-123.54656,-0.73119456,1681.355,0.11568285,1058.3112,0.40258896,-123.57398,-0.66280514,2696.1255,0.08963316,1130.7744,0.2767562,-124.586655,-0.6488581,-17.97277,-0.3469446,26.424053,0.32169133,0.04829442,0.45411578,-0.014266266,-0.73105705,0.070763774,0.73459935,32.884228,0.29020143,3.819774,2.9886515,23.445297,0.65971833,-14.639716,-1.0171674,-13.094478,21.998102,0.017480018,-0.002321075,0.03577061,3.5573123,2.419355,0.17666666,0.13161391,0.21333334,0.17613125,-37.462685,o,Ses04M_impro04,Ses04M_impro04_F006
381,33.1018,0.069838814,32.724945,33.054585,33.546055,0.8211098,435.45398,543.35693,161.7719,159.73207,0.3321738,0.3992654,0.2108027,0.32753098,0.46198395,0.25118124,2.9780488,1.5081369,2.2695293,1.0787648,0.07018354,0.6264722,28.117386,0.3605421,-7.8506093,-1.320927,23.035395,0.8342351,-21.65699,-0.5933811,0.01386759,1.7660079,0.9135597,0.76499236,6.426556,0.5919105,7.007357,0.8591323,20.943031,0.42266533,606.95514,0.32815015,1417.0586,0.17239244,-62.44299,-1.3612238,1664.0504,0.10551627,1017.40845,0.3585045,-67.37915,-1.1688172,2713.5852,0.084260784,1014.96075,0.26813903,-70.24857,-1.0993541,-9.53467,-0.57614166,18.450102,0.42404172,0.04196816,0.4199754,-0.014329174,-1.0283707,0.07282992,0.61358374,28.317131,0.33383533,-8.055203,-1.2710677,26.06041,0.7212075,-26.227484,-0.47246397,-8.859444,20.03857,0.027431477,0.0028498417,0.07014466,3.6036036,2.7649772,0.25166667,0.1436914,0.089999996,0.03,-36.710213,dag,Ses04M_impro04,Ses04M_impro04_M010
382,36.612194,0.13854685,32.934452,34.644356,43.134377,10.199924,380.0757,714.3705,219.27815,282.72702,0.32076368,0.61737883,0.12394234,0.30570707,0.48427185,0.3603295,3.2473218,1.7852876,2.6154416,1.2595079,0.08599012,0.8615883,26.527378,0.38995826,-7.8372607,-1.649371,16.866253,1.022083,-23.628527,-0.6631132,0.014867316,1.0459247,0.9911657,0.73330647,7.666576,0.5206671,6.096915,1.2803587,18.248512,0.65060806,694.7769,0.3299461,1352.6172,0.17168577,-89.649574,-1.0354118,1722.3656,0.14200267,1036.0074,0.31065404,-89.08789,-0.9647862,2752.8865,0.08754753,957.36926,0.28028804,-91.08085,-0.9261522,-10.221929,-0.6453824,19.882673,0.407481,0.05062368,0.4401746,-0.010028018,-1.6426338,0.1109062,0.6854615,28.180233,0.32978818,-11.168387,-1.2388471,17.083754,1.1462694,-29.823284,-0.5249388,-10.189663,19.390976,0.018956028,0.001897296,0.049090717,3.3527699,2.5,0.23411764,0.2081023,0.154375,0.17947732,-34.369625,o,Ses04M_impro04,Ses04M_impro04_F007
383,35.139336,0.1599707,29.609522,34.24001,42.520824,12.911303,295.80563,681.51965,209.21426,308.00967,0.24744287,0.6614632,0.119648665,0.18896748,0.3554993,0.23585063,2.2217922,1.6092948,1.8498061,1.5239478,0.07095272,0.96303344,28.326372,0.34434992,-4.1893406,-3.5998714,15.9128475,0.9856931,-17.661865,-0.99613994,0.01636373,0.9214022,1.2186357,0.518418,6.785814,0.49398452,6.414766,1.5174717,21.101313,0.5294572,665.47363,0.37865728,1371.2678,0.17415191,-86.0669,-1.0517893,1709.3612,0.16449413,1050.1168,0.2600699,-85.24795,-0.9666155,2723.3328,0.09308476,987.7216,0.30481443,-87.51217,-0.9207215,-13.176431,-0.46239078,22.809351,0.2816979,0.039139617,0.7504527,-0.0071608927,-2.5480409,0.084635064,0.89402086,31.05055,0.27025026,-7.979852,-1.8768991,14.774981,1.2053958,-20.764784,-0.91888183,-12.14598,20.550634,0.023417292,0.0004908342,0.049581215,3.215434,3.4035656,0.17666666,0.13202932,0.1015,0.06318821,-35.735332,s,Ses04M_impro04,Ses04M_impro04_M011
384,33.517403,0.12448118,29.72644,33.258137,35.8934,6.166958,40.502907,25.035646,76.659584,74.25825,0.16067459,0.64108974,0.06584008,0.14817987,0.21706244,0.15122236,1.4313568,0.75035125,0.8862972,1.141964,0.037999436,1.0190754,28.028728,0.3064107,-4.7500153,-2.6678581,19.13319,0.6554795,-9.907659,-1.2945002,0.022849265,1.7955042,1.2235157,0.5068885,6.274087,0.5101909,9.384501,0.90043646,21.465185,0.36180362,633.7559,0.41160473,1374.1368,0.18488374,-132.02327,-0.66913587,1675.2867,0.15389262,1041.3319,0.3075342,-127.63411,-0.6700174,2677.088,0.10488106,966.17316,0.32890472,-129.24547,-0.6467309,-12.25392,-0.45738107,20.080784,0.31878477,0.030407948,0.63586354,-0.0043394603,-3.6375916,0.05135901,0.78998786,30.130384,0.28042123,-6.3469944,-2.1615162,21.31305,0.65998363,-11.2325325,-1.3751671,-11.264473,20.25677,0.009075478,0.002163492,0.028214475,2.511628,2.8063612,0.13233334,0.10035547,0.21068965,0.2454683,-41.027172,s,Ses04M_impro04,Ses04M_impro04_M012
385,37.71113,0.11228108,33.889225,36.75838,41.93467,8.0454445,61.422318,101.945076,152.53821,388.56046,0.27869248,0.57081884,0.13848773,0.24757296,0.41233355,0.27384582,3.1961627,1.6925558,2.36854,1.4280668,0.06839879,0.7639213,25.240282,0.4423573,-3.4825006,-4.1804214,17.900831,1.038648,-19.27997,-0.8213691,0.020915968,1.9499996,0.8856446,0.735831,9.64182,0.37390232,10.785131,0.743758,19.758583,0.5798801,712.15344,0.3547156,1383.0251,0.17218518,-75.291504,-1.1278617,1727.48,0.13699473,995.986,0.2829568,-70.83661,-1.0906168,2817.6226,0.0912773,917.2978,0.34336346,-74.34746,-1.0080189,-12.696635,-0.5849817,22.987448,0.37229314,0.042140905,0.50023353,-0.0059368187,-2.1402645,0.07970827,0.62015194,27.946918,0.34848985,-4.985575,-2.925344,19.571436,0.9842114,-22.699827,-0.68604285,-8.700895,17.948027,0.013893595,0.0038675435,0.0405246,3.7190084,2.2845275,0.30636364,0.3335422,0.1205,0.15717745,-35.28529,o,Ses04M_impro04,Ses04M_impro04_F008
386,29.901714,0.095451705,26.76277,32.268158,32.47736,5.71459,0.0,0.0,-0.36872554,0.0,0.07798169,0.4117611,0.050829675,0.065893725,0.099384405,0.04855473,0.43050107,0.25886527,0.16899972,0.16701521,0.014285479,0.38829428,18.186352,0.6440147,6.2894034,1.705637,17.903582,0.3682965,-6.344445,-0.8369387,0.023870936,0.53137577,1.4081875,0.49910605,5.2720113,0.3225888,13.511825,0.6802746,24.573833,0.21844684,519.7391,0.36712468,1483.1427,0.31315994,-188.91992,-0.23213063,1570.0508,0.10823271,915.5598,0.20152146,-189.98071,-0.21017748,2621.2861,0.059295014,932.5129,0.15591232,-189.99443,-0.20993668,-15.892812,-0.21498132,22.329899,0.21965453,-0.008742698,-1.0066253,0.00940831,0.64044565,0.01662696,0.15799548,16.79926,0.27868405,20.68581,0.40148404,22.078358,0.4730304,3.0340104,2.220289,-11.769389,20.034985,-0.009530313,0.008499681,0.014207561,1.9305019,0.78740156,0.07,0.01,0.78333336,0.36279777,-53.550987,o,Ses04M_impro04,Ses04M_impro04_M013
387,36.696243,0.07824769,33.443512,37.1618,39.61404,6.1705284,31.4521,15.481716,21.111975,7.6807446,0.28889015,0.8825828,0.058561146,0.24076782,0.43957737,0.38101622,5.809405,4.3317547,4.964964,3.3578568,0.079156816,1.2685921,23.489939,0.3891678,-6.1749177,-2.4749997,18.662846,0.8649891,-18.352318,-0.7373168,0.019688366,1.0332508,1.0385412,0.67321837,8.052287,0.42237285,7.547002,1.2191803,16.499926,0.4856878,729.92456,0.3027077,1355.439,0.14876783,-97.01616,-0.9512394,1779.7238,0.1308281,1017.87305,0.32567245,-95.30714,-0.92153245,2803.9585,0.08392738,934.06665,0.3328389,-96.2634,-0.89962643,-9.961739,-0.8098143,19.507479,0.3792748,0.043329254,0.46317482,-0.0075378967,-1.7903296,0.123090245,0.9185156,26.34686,0.2950898,-10.086454,-1.8190781,21.341154,0.89321387,-25.421392,-0.5377608,-9.200744,18.393494,0.0038684034,0.008820498,0.02053599,3.3003302,1.3422818,0.42499998,0.15074813,0.23799999,0.21018086,-34.476635,s,Ses04M_impro04,Ses04M_impro04_F009
388,31.797802,0.10549607,27.540867,33.338364,34.949883,7.4090157,146.33057,113.58688,2.372326,17.136345,0.1018881,0.6397358,0.052605685,0.06826069,0.1480753,0.09546961,0.77628016,0.8375958,0.56223357,0.23781022,0.023810046,0.98544955,23.728212,0.4190192,4.2237597,1.9670626,15.547938,0.5957657,-7.822554,-0.7877964,0.026348652,0.9003026,1.4676442,0.56111383,6.149983,0.31218505,8.539383,1.4928409,28.668325,0.13166572,610.37964,0.31841686,1475.8214,0.09797012,-159.48099,-0.47937503,1680.413,0.14319202,1096.3219,0.20165297,-157.84076,-0.46776554,2683.9707,0.08825208,1060.385,0.22196022,-159.25056,-0.4476881,-16.207937,-0.24526216,27.62982,0.21644707,0.034901537,0.5723905,0.004340515,1.8996912,0.051715992,0.58452636,32.473106,0.23743178,2.266716,3.7817872,18.861776,0.72610855,-8.290707,-0.7349199,-12.230242,21.266287,0.0012361326,0.007104378,0.0155637255,2.3255816,1.904762,0.114999995,0.07762087,0.31,0.20552371,-44.75532,o,Ses04M_impro04,Ses04M_impro04_M014
389,36.254128,0.11571446,33.049316,34.540165,39.984177,6.93486,76.04761,0.0,16.922781,0.0,0.10662505,0.6730428,0.04798898,0.07514649,0.15723129,0.109242305,1.9810148,1.1820154,1.2770349,0.77130425,0.028980423,0.9318846,23.647472,0.4396258,4.472613,2.073888,20.858994,0.521124,-9.957425,-1.2931433,0.10682473,1.3159477,0.9183791,0.8070482,7.469643,0.31350008,13.291106,0.45856172,23.086893,0.38254136,651.1938,0.29832265,1377.4183,0.10660511,-149.89258,-0.5166372,1777.3718,0.11199448,1002.09076,0.37390256,-148.76463,-0.4977165,2738.2036,0.08439377,1094.6544,0.20181276,-148.20816,-0.5059376,-16.390173,-0.32945818,23.499598,0.34833726,0.035957683,0.6123203,-0.010145662,-1.0021547,0.0581543,0.4837924,25.658289,0.33046842,7.9197636,1.7106849,32.099045,0.38315248,-19.370565,-0.83504504,-12.80016,20.783682,0.0036267177,0.0058676125,0.017639402,5.3435116,2.3809524,0.12,0.10677078,0.2075,0.12336429,-44.164467,q,Ses04M_impro04,Ses04M_impro04_F010
390,32.62217,0.10696289,29.334244,32.004887,34.6065,5.272255,59.682423,70.84507,130.82057,360.0932,0.21867515,0.66647714,0.10265136,0.19474126,0.30133715,0.1986858,2.5992017,2.2306788,1.8097521,1.8388939,0.05436672,0.80202776,27.347786,0.37424472,-2.0483384,-6.7862706,23.604973,0.6269081,-8.021146,-1.7477477,0.023186821,2.114334,1.1272709,0.53503984,6.823147,0.36636987,10.24047,0.9435872,22.282204,0.41214588,631.5286,0.4138445,1335.6829,0.20278886,-96.86642,-0.9594708,1677.0166,0.14083026,965.59973,0.30951825,-94.57994,-0.9071073,2677.0679,0.10120348,993.7222,0.32061678,-95.69744,-0.8860096,-12.730461,-0.39157388,21.339281,0.31370655,0.03449535,0.58466905,-0.0068401373,-2.0697627,0.06617974,0.55832094,30.584105,0.30243447,-4.6893477,-3.0893977,25.943077,0.65664077,-9.211255,-1.7326006,-11.533015,19.149677,0.012582818,0.002853864,0.03567829,2.3622048,2.4669604,0.22749999,0.14448492,0.15785713,0.1646502,-37.968998,ans,Ses04M_impro04,Ses04M_impro04_M015
391,38.852062,0.13639666,34.48275,37.731457,40.693615,6.210865,33.298164,9.980557,120.957924,183.29866,0.42884818,0.5602942,0.2310384,0.39763084,0.59705514,0.36601675,4.299169,1.8893605,3.9390512,1.613863,0.12899421,0.7145934,23.851326,0.33878437,-9.055695,-1.7115107,20.975454,0.77230185,-20.89735,-0.84881175,0.025602823,1.018676,1.190002,0.6020893,7.502895,0.40505964,5.449294,1.5319183,12.925058,0.6460888,699.2404,0.43471017,1301.9591,0.20998795,-101.31977,-0.88824594,1748.3163,0.16587858,1008.7181,0.36623654,-82.512115,-0.9892877,2745.3398,0.101231575,1030.5284,0.3402603,-82.821884,-0.9813264,-9.483854,-0.52821404,17.051851,0.3658584,0.04776204,0.40609717,-0.014222585,-1.0056181,0.15136404,0.6453895,24.598993,0.29723293,-11.791913,-1.3730558,22.790428,0.78258926,-26.264952,-0.70317465,-9.163877,17.553776,0.027931517,-0.00416997,0.09046536,4.797048,3.773585,0.162,0.0873842,0.0911111,0.045324616,-31.12099,q,Ses04M_impro04,Ses04M_impro04_F011
392,39.22833,0.21331826,34.269844,34.644836,49.651386,15.381542,22.880474,11.515857,93.7065,0.0,0.30924168,0.8370645,0.065504394,0.24862662,0.4836409,0.4181365,3.0595317,1.1745672,2.6449013,1.3001657,0.09033568,1.2012514,25.287542,0.28285086,-9.624083,-1.377435,20.17763,0.58637434,-16.294163,-1.009641,0.02417252,0.8652198,1.2344625,0.39776006,6.7223783,0.37093693,3.8400967,1.9610666,10.385123,0.81937724,702.8096,0.41202852,1256.521,0.21571967,-112.83,-0.825334,1768.5636,0.16354257,1053.5703,0.47750837,-107.409584,-0.8147665,2716.0698,0.1185971,1098.6011,0.2446607,-108.28175,-0.799465,-10.140906,-0.27283695,17.186975,0.21140604,0.04309391,0.49183348,-0.02093062,-0.6983205,0.15092364,0.8295599,25.890675,0.27212176,-12.7845955,-1.1567498,19.584919,0.65286195,-23.623001,-0.842064,-9.964661,17.030436,0.02317754,-0.0007185756,0.034452036,2.4096386,3.10559,0.154,0.08731552,0.18249999,0.107558124,-31.691864,ans,Ses04M_impro04,Ses04M_impro04_M016
393,37.075165,0.071312875,35.462036,36.623714,39.942745,4.480709,68.96447,61.33765,-24.446823,39.492012,0.28566167,0.9009733,0.06406923,0.20917542,0.4542693,0.39020008,4.571122,3.181074,4.7450595,2.4295847,0.07673358,0.9546048,25.314041,0.22441103,-8.598503,-1.3871747,8.646097,1.7059432,-21.017712,-0.7648808,0.023752537,0.9847836,1.3114083,0.6464648,6.656981,0.4558041,1.5364337,5.6226892,18.281607,0.4458474,561.4933,0.4163607,1369.2595,0.13083121,-139.15654,-0.62856907,1600.8413,0.1434009,1062.0775,0.20064633,-116.64468,-0.78749555,2685.651,0.11304179,1180.4656,0.35489127,-120.88993,-0.7214775,-6.111679,-0.7327406,18.582485,0.2947055,0.05241319,0.38670802,-0.006389043,-2.031787,0.13072869,0.534264,25.29046,0.24719565,-17.207962,-0.78480625,6.7143407,1.9985024,-26.724947,-0.44356167,-9.949991,21.25949,0.020119598,-0.0003964029,0.037741892,3.3898306,2.3391814,0.1775,0.14219265,0.182,0.16129476,-35.248882,o,Ses04M_impro04,Ses04M_impro04_F012
394,30.282846,0.04297785,29.255058,30.402323,31.340424,2.0853653,31.054747,0.0,22.339508,33.218044,0.17165224,0.69967234,0.06588567,0.120692134,0.29341146,0.2275258,1.0334452,0.45991638,0.9561163,0.42256665,0.045159828,1.034237,24.380203,0.31443596,-6.890917,-1.479858,12.62517,1.4352857,-17.687372,-0.93107045,0.0145180365,0.6550056,1.9312695,0.601961,4.6450324,0.44071195,2.822013,3.466961,21.54696,0.25064257,662.9221,0.44282398,1353.7806,0.17053564,-162.54704,-0.46285716,1727.7118,0.11873363,961.6226,0.4007151,-162.77026,-0.44143397,2768.9868,0.11182023,917.3489,0.22847556,-162.7318,-0.4430685,-11.185375,-0.39774767,19.241755,0.32309547,0.040075902,0.54661304,-0.011869852,-1.7414143,0.06764255,0.57105696,28.167482,0.22506899,-5.446915,-1.5577793,31.069176,0.83616984,-20.226198,-0.6869823,-7.185524,18.064903,0.016243964,-0.0030534058,0.041337192,1.5748031,1.6393442,0.114999995,0.055,0.31333333,0.19223827,-40.8747,ag,Ses04M_impro04,Ses04M_impro04_M017
395,35.002243,0.055662677,32.871937,35.046814,36.70867,3.8367348,30.092127,16.973577,12.489587,18.035149,0.26311105,0.8510489,0.050747782,0.21115151,0.38446257,0.33371478,3.3442073,2.2536244,3.142376,2.2918072,0.06080985,1.0355804,27.103323,0.2587661,-2.9213932,-5.2478848,25.813635,0.63728446,-18.413214,-0.78295225,0.014797644,1.0783818,0.83897483,0.73871654,8.89231,0.39357078,12.414982,0.69957197,19.946138,0.5839553,530.53625,0.3984853,1382.4644,0.22846213,-101.14291,-0.92288023,1604.6469,0.17016852,1060.509,0.45740053,-90.98884,-0.9321495,2612.664,0.11917545,984.72186,0.32192114,-90.9369,-0.93105555,-13.631733,-0.570449,20.704033,0.41861144,0.044834983,0.4953487,-0.010931423,-1.0583643,0.082841866,0.76395905,29.29031,0.24684736,-4.11344,-4.6865134,29.578098,0.61454874,-24.58292,-0.6169647,-12.6521845,21.222212,0.00983548,0.006300127,0.027794372,2.4096386,1.8348624,0.325,0.32003906,0.19666666,0.2607468,-35.17444,s,Ses04M_impro04,Ses04M_impro04_F013
396,28.361345,0.10787856,25.51956,27.45834,30.92096,5.4013996,47.527847,49.210747,20.063192,6.1124988,0.13950686,0.5131592,0.068108134,0.1280876,0.19800639,0.12989825,1.425282,1.260458,0.82321465,0.51283544,0.02912157,0.78846097,27.42187,0.35801074,-1.7001876,-6.1894083,17.977234,0.7139395,-11.066896,-1.1098628,0.010994034,0.9249098,1.2754565,0.56959814,5.236801,0.41907752,0.52609754,16.843418,20.552473,0.3441256,626.94525,0.38186127,1363.2904,0.14628567,-115.91147,-0.812202,1664.878,0.16062905,1020.3791,0.23424476,-118.48453,-0.74343026,2685.0847,0.09385575,908.91364,0.3612048,-120.176125,-0.71780586,-13.27938,-0.3163499,22.050283,0.22092773,0.035373744,0.5467724,-0.0073905396,-2.2898302,0.041349214,0.62730813,33.6551,0.19202915,-5.768771,-1.6022362,18.973879,0.7940667,-15.021353,-1.0402522,-11.032712,18.793554,0.010805166,0.0043156235,0.01971102,2.9882605,2.7896996,0.14846154,0.12161391,0.1825926,0.21460718,-43.67072,s,Ses04M_impro04,Ses04M_impro04_M018
397,29.948181,0.08996281,27.559595,29.221792,32.520855,4.96126,118.21494,186.08817,8.767229,12.453692,0.17377801,0.5917336,0.085217535,0.15647614,0.24013609,0.15491855,1.6615764,1.8405622,1.2007082,1.3416559,0.039740864,0.9863788,28.177895,0.34588602,-5.5007625,-2.0421534,22.423338,0.76413363,-8.468105,-1.500365,0.017202858,1.2934924,1.1894449,0.5053845,5.7138824,0.43039566,7.9189606,1.3585984,22.771376,0.36427113,665.5142,0.39908782,1307.6145,0.18156472,-106.397415,-0.8891581,1722.3682,0.14478554,972.0891,0.36614624,-109.349884,-0.8078085,2697.7874,0.094328426,960.13135,0.29336226,-109.93721,-0.7983265,-12.587608,-0.38153416,20.497522,0.36189687,0.031486847,0.77085996,-0.010667448,-1.5555354,0.052388802,0.7062141,34.08666,0.19679543,-7.296191,-1.3785754,24.981945,0.83787316,-10.49248,-1.4947126,-9.506398,17.064775,0.009623248,0.0037689744,0.02758265,2.0050125,2.1437578,0.22294116,0.1782848,0.22235294,0.20351411,-40.722313,o,Ses04M_impro04,Ses04M_impro04_M019
398,36.529804,0.117019325,33.60792,35.012363,38.316788,4.708866,275.49515,533.47876,106.81752,148.90117,0.33869582,0.6901498,0.12751184,0.28805673,0.5142305,0.38671863,4.765975,2.395444,3.5733707,1.9170089,0.09858398,1.2012159,25.006853,0.41752872,-8.412035,-1.6318638,20.751013,0.9174315,-21.053616,-0.8238397,0.019166904,1.2032387,1.0107076,0.7693548,8.359657,0.33031407,6.985441,1.2912425,17.28432,0.5245228,573.67645,0.41996714,1337.3372,0.1809322,-94.37111,-0.9892345,1626.4822,0.13442326,950.02454,0.28846568,-84.87583,-1.0218924,2671.856,0.1021205,1031.0386,0.3565759,-87.33597,-0.9718989,-9.557613,-0.73732716,19.019238,0.46842322,0.051258452,0.4364899,-0.011742968,-1.1065454,0.13242523,1.0305146,28.372845,0.3178422,-13.485777,-1.0132722,23.397783,0.8799203,-22.147503,-0.76064205,-7.706318,16.73341,0.017807584,-0.003622836,0.04615773,3.3505156,1.8372704,0.33142856,0.33090475,0.16749999,0.1607599,-33.410873,o,Ses04M_impro04,Ses04M_impro04_F014
399,35.219868,0.19152668,29.537521,32.226643,43.177948,13.640427,30.993608,29.128702,68.61169,63.59908,0.21477704,0.7119625,0.09259732,0.18661451,0.28055146,0.18795414,4.2764373,4.117001,5.184612,6.771414,0.059996758,1.1055908,25.005505,0.36283106,-1.8420845,-4.870888,22.054907,0.6443246,-16.278849,-1.1357707,0.018497514,1.0432067,1.1158063,0.5409815,7.017285,0.5854651,7.743643,1.0595268,14.889117,0.7112122,693.2601,0.40791947,1379.8909,0.21186796,-114.044685,-0.8051645,1735.7177,0.15381646,928.2055,0.29019672,-111.299225,-0.7723911,2687.62,0.10365452,1033.711,0.37258664,-110.17189,-0.790223,-13.129976,-0.4245592,19.316961,0.3177692,0.042731956,0.5271941,-0.009963718,-1.300448,0.08567901,0.94225985,26.066645,0.3093413,-4.397798,-2.1942036,27.80766,0.47165504,-17.585016,-0.91768366,-11.031561,20.004148,0.017878527,-0.0027001188,0.032902386,2.295082,2.6755853,0.17625,0.11607513,0.1775,0.17224619,-36.299232,q,Ses04M_impro04,Ses04M_impro04_M020
400,39.86443,0.09539703,36.380474,39.5251,43.444626,7.064152,29.394884,14.513974,49.0289,57.546074,0.19143096,0.72653663,0.081805944,0.15454414,0.27430144,0.1924955,2.9399462,2.7485423,2.8531206,1.873676,0.05147937,1.0838538,25.352642,0.40711692,0.05363258,225.12654,19.962976,0.75400376,-14.796133,-0.96020895,0.022312636,1.0539834,1.0638715,0.8628393,10.344288,0.2770696,12.978176,0.566652,17.98955,0.6640248,731.1173,0.3543853,1434.656,0.18637255,-117.62124,-0.7246066,1747.4386,0.13312872,991.74567,0.26723683,-106.42357,-0.76735395,2789.6384,0.09540464,971.0699,0.32922563,-107.36941,-0.75246143,-14.560844,-0.48916143,24.181767,0.38467112,0.038675666,0.59086347,-0.0051756757,-1.965324,0.06953633,0.9512103,27.816278,0.3432627,-2.7820454,-4.6602726,20.88261,0.8483257,-20.081478,-0.74048513,-12.258711,20.374561,0.0142131215,0.003966384,0.030960431,2.8985507,3.3472805,0.1525,0.10461238,0.11823529,0.09906832,-37.324482,ans,Ses04M_impro04,Ses04M_impro04_F015
401,35.010536,0.19352497,33.65602,35.716698,40.723644,7.067623,85.36076,0.0,27.364498,41.43754,0.098609135,0.87382346,0.047468882,0.07049723,0.11542201,0.067953125,1.2992184,1.3684969,1.9775658,2.1209009,0.021764576,1.2555332,24.931444,0.30214602,2.300725,3.404531,15.849351,0.54909766,-6.5697,-1.0153772,0.041646007,1.1708746,1.1444788,0.79117525,7.5092764,0.5568863,15.519326,0.36541787,21.284122,0.48845088,673.0464,0.4321582,1296.9839,0.13424793,-182.44228,-0.29497626,1706.9613,0.15810883,1077.0626,0.4061566,-178.05638,-0.32312283,2741.0295,0.11045714,1080.2917,0.17666885,-178.17188,-0.3218776,-13.893117,-0.29764956,23.808086,0.28479397,0.04977102,0.47362965,-0.0042319666,-2.5518548,0.06980044,0.7041052,27.264591,0.24389821,-1.977534,-4.8780212,24.971601,0.5027863,-11.925067,-0.8224654,-13.341293,22.551281,0.0021719553,0.0072390265,0.0146952,1.3605443,0.9174312,0.13,0.13435028,0.75,0.5037062,-43.715942,dag,Ses04M_impro04,Ses04M_impro04_M021
402,37.32562,0.055582367,35.954372,36.61885,38.708046,2.7536736,69.97394,69.88244,19.874748,11.833531,0.17389444,0.8201479,0.04655817,0.12561013,0.28964308,0.24308491,3.1009283,1.5915624,3.020875,1.4501271,0.044133697,1.097603,25.49228,0.32994848,-1.2398424,-9.9707,16.325686,0.95075613,-14.666855,-0.8341132,0.026959602,1.4097377,1.4811088,0.9470652,8.808511,0.38684654,9.945179,1.1401833,20.35297,0.3514183,601.51746,0.4103449,1330.8855,0.17037818,-134.2093,-0.66327345,1637.35,0.16434261,995.26324,0.33233908,-123.02849,-0.7116157,2734.9016,0.101715356,1051.6642,0.3224556,-125.440956,-0.6746601,-12.07584,-0.49879435,22.740969,0.32346648,0.04862698,0.4116354,-0.0053407396,-1.9247057,0.07698687,0.6263894,27.85286,0.2837432,-5.141853,-2.6167386,20.781164,0.9778324,-21.322248,-0.6842158,-11.760062,21.524696,0.0073092296,0.009831891,0.02017696,3.6789298,1.3605443,0.3075,0.15204851,0.324,0.41190287,-39.04478,q,Ses04M_impro04,Ses04M_impro04_F016
403,31.870491,0.4571661,22.790651,23.126207,55.634888,32.84424,0.0,0.0,-3.0084062,0.0,0.08221859,0.7463365,0.046928763,0.05691846,0.105132245,0.05820348,1.2974777,1.8740448,1.6128567,2.1844444,0.015975576,1.3185942,23.207424,0.36523715,-1.5570456,-3.6644084,14.94139,0.41277584,-9.090888,-0.71458805,0.026193608,0.62046283,1.8397467,0.68956584,2.2488868,0.7599833,5.145301,1.2090055,16.363026,0.14226146,592.28766,0.40088508,1363.4419,0.15869112,-196.41844,-0.14535592,1620.4117,0.16783567,1059.4291,0.15785207,-195.1777,-0.15457724,2568.3127,0.07212213,1062.7035,0.24988872,-195.34167,-0.1505861,-8.574737,-0.19181272,15.924513,0.101153046,0.033824544,0.3423738,-0.003459167,-0.86672515,0.022156104,0.12440692,27.272093,0.12877999,-12.914733,-0.36730856,17.608704,0.41033,-14.975978,-0.19431408,-11.062498,19.974936,0.0052150944,0.0069978465,0.015953341,1.0840108,0.5494506,0.044999998,0.024999999,1.1666666,1.302135,-51.246155,ans,Ses04M_impro04,Ses04M_impro04_M022
404,0.0,0.0,0.0,0.0,0.0,0.0,0.0,0.0,0.0,0.0,0.095659785,0.8701308,0.049153578,0.062058527,0.11322959,0.06407601,1.965861,1.9850122,2.9620628,2.4292946,0.020262217,1.535472,18.424755,0.3905825,-0.90656704,-5.0318594,15.884967,0.36074936,-7.0884213,-1.0056934,0.0,0.0,0.0,0.0,0.0,0.0,0.0,0.0,0.0,0.0,0.0,0.0,0.0,0.0,-201.0,0.0,0.0,0.0,0.0,0.0,-201.0,0.0,0.0,0.0,0.0,0.0,-201.0,0.0,0.0,0.0,0.0,0.0,0.0,0.0,0.0,0.0,0.0,0.0,0.0,0.0,0.0,0.0,0.0,0.0,0.0,0.0,-9.265212,17.772179,0.00277747,0.008394279,0.020777572,1.3793104,0.0,0.0,0.0,1.39,0.0,-49.199326,oth,Ses04M_impro04,Ses04M_impro04_F017
405,45.03962,0.12098477,41.550713,46.87629,49.28038,7.7296677,18.882896,0.0,12.355709,7.387264,0.2074785,0.9282889,0.048119884,0.12582949,0.4032494,0.35512954,4.4027076,1.7735415,4.651368,1.4348032,0.056594927,1.1466824,20.276112,0.44028115,-3.8616512,-4.3771515,12.984019,1.1283306,-17.924963,-0.7321453,0.015906174,0.9767488,0.94784486,0.6064438,11.460045,0.31828216,9.313198,0.69562006,12.395192,1.0896419,834.4356,0.28842488,1306.1614,0.20938553,-113.916824,-0.80353063,1803.2737,0.10948554,1143.2883,0.39373115,-106.08693,-0.8221716,2804.195,0.07498221,948.02826,0.4044407,-107.30735,-0.79994154,-9.804576,-0.6760293,19.850899,0.3490465,0.06485529,0.4637233,0.0035125876,2.90324,0.09395261,0.72170675,17.93186,0.5067268,-9.335634,-2.277927,12.991523,1.5114051,-26.647501,-0.4381696,-12.310003,22.658167,0.0032363436,0.0111952275,0.016406799,3.2608695,1.4760147,0.35,0.16881943,0.24399999,0.23913175,-34.881516,q,Ses04M_impro04,Ses04M_impro04_F018
406,32.578648,0.26535428,24.983307,30.970757,40.395065,15.411758,183.11333,200.06912,376.12592,209.8961,0.1161211,0.65684354,0.06379659,0.095165014,0.14780279,0.0840062,2.9126458,3.784983,1.0613849,1.1827455,0.02433004,1.217017,22.535284,0.40258175,-2.3057241,-4.3465004,16.088621,0.5535821,-6.965448,-1.0687594,0.023364795,0.7405822,1.306447,0.4922336,5.436595,0.5686066,4.978361,1.601056,18.771809,0.31575218,572.8934,0.42971063,1378.335,0.14634834,-186.1446,-0.26344776,1591.4441,0.1626875,1073.8851,0.21450256,-181.81279,-0.29235536,2616.7517,0.10729283,966.7316,0.20877981,-182.27266,-0.28450003,-13.063621,-0.25908974,21.320576,0.16950543,0.033944957,0.5538747,-0.0008206582,-11.838794,0.047597177,1.0798188,29.098412,0.26563454,-4.248904,-2.1028981,18.32379,0.6187025,-8.962797,-0.98316807,-9.387841,17.65414,0.009903873,0.0064576007,0.021730183,1.5931373,1.1097411,0.08444445,0.053564314,0.71599996,0.6664113,-46.978256,ans,Ses04M_impro04,Ses04M_impro04_M023
407,34.356007,0.033913083,32.762886,34.94813,35.323605,2.5607185,5.5031705,0.0,-42.226955,0.0,0.079857305,0.41067994,0.06187611,0.07085475,0.083588116,0.021712005,0.21486382,0.13818024,0.12215481,0.09908033,0.01273411,0.39573273,22.03587,0.19934142,-1.8007538,-2.6709495,15.384905,0.27974483,-7.563178,-0.5521106,0.03825055,0.44766644,1.2928619,0.30638912,5.921279,0.3788961,3.2175548,1.4283948,18.432627,0.17929398,799.56104,0.20600976,1329.3384,0.14771025,-193.24203,-0.17916828,1839.189,0.07716667,1107.7484,0.19814372,-193.1279,-0.17171606,2813.7698,0.05168593,864.6646,0.15693678,-193.14748,-0.17153001,-17.542507,-0.121396855,28.535631,0.12488666,-0.0019559036,-5.0813627,-0.00089826755,-8.175617,0.01276939,0.23714778,27.818258,0.057541244,5.8774695,0.2905719,17.760105,0.41203398,-10.324501,-0.30222234,-10.624284,19.427357,-0.00030706747,0.007598306,0.01278145,0.65645516,0.6637168,0.06,0.008164966,1.0675,1.241418,-55.7239,s,Ses05F_impro04,Ses05F_impro04_F000
408,27.288927,0.07687112,25.823437,26.323795,28.464708,2.6412716,23.272675,12.425191,21.682491,13.044763,0.10690206,0.72794425,0.056977544,0.061859712,0.17048986,0.11351232,1.3799652,0.93840146,1.2072095,1.0805069,0.02286759,0.99384296,28.570585,0.2840752,-1.5619317,-3.831304,15.396658,0.41392624,-8.030322,-1.1102736,0.016181508,0.98116106,1.0522106,0.76527435,6.006813,0.2979639,1.0511342,3.6722946,26.04748,0.17057838,465.41705,0.24982546,1301.7466,0.12521078,-154.75725,-0.52964014,1451.8372,0.11728247,1065.5426,0.3125984,-156.95036,-0.49169356,2609.7231,0.07990784,980.3446,0.3326242,-159.71414,-0.45255208,-15.523801,-0.2025587,27.338274,0.17136472,0.03288652,0.44365904,-0.016029129,-0.7219015,0.050887045,0.4850953,39.448505,0.15508051,1.653512,3.700109,15.687771,0.7073259,-16.881165,-0.791328,-12.274835,22.266644,-0.004293118,0.009700768,0.014254827,2.240326,0.617284,0.38,0.10614455,0.91249996,0.6834243,-44.252888,s,Ses05F_impro04,Ses05F_impro04_M000
409,35.251217,0.05994521,34.513466,35.71674,36.849667,2.3362007,112.056404,163.6855,19.231634,22.880566,0.07611952,0.26648033,0.055739168,0.07205689,0.095397875,0.039658707,0.36475736,0.22117746,0.28720897,0.25075442,0.013063303,0.3674493,27.788792,0.21121645,-0.41552612,-15.097686,15.004876,0.42405885,-10.761966,-0.79604423,0.017448472,0.7488595,1.2675668,0.40678644,6.532086,0.31416243,4.500986,2.0292997,23.040775,0.2948615,696.73,0.2523849,1356.0417,0.14152572,-145.38641,-0.56803966,1755.7532,0.12251797,1204.5715,0.26355156,-146.66678,-0.52393705,2773.487,0.08891708,1026.1133,0.30285355,-147.9827,-0.50662535,-16.895876,-0.22023806,26.678686,0.2009773,0.0100690015,1.9493747,-0.0043689916,-2.0002956,0.01594814,0.30561647,32.74373,0.12582587,-0.12116396,-58.716133,13.805649,0.6195726,-17.103842,-0.51069534,-13.121256,22.648872,-0.004039241,0.00844725,0.011800473,2.5,2.3188407,0.12333333,0.0949415,0.28625,0.3416603,-53.095432,o,Ses05F_impro04,Ses05F_impro04_F001
410,27.088297,0.1728351,22.72182,26.757757,31.068665,8.346844,29.218836,13.911283,29.24235,28.950375,0.1732293,0.58894825,0.08063904,0.14234526,0.26941046,0.18877143,2.6438563,1.4564571,1.9783796,1.073279,0.042341784,0.80430627,33.908867,0.26561362,-2.8920171,-2.5028985,18.292223,0.72595346,-8.509572,-1.539104,0.019304601,0.93471783,1.237432,0.61822575,5.022466,0.45339584,4.5018992,1.3955716,24.288515,0.29317585,556.29333,0.38467315,1336.0426,0.14710464,-89.07521,-1.031709,1590.0393,0.15263419,1054.3094,0.23466848,-94.76244,-0.9049341,2612.608,0.10876395,1062.9087,0.29287896,-98.19471,-0.8466982,-15.117405,-0.25665006,25.249943,0.22008295,0.02220129,0.91588515,-0.009004475,-1.4549967,0.055074543,0.67514485,38.044903,0.1728443,-2.36346,-3.3079033,21.583826,0.72286737,-7.142862,-2.1947634,-11.636561,22.636166,0.0024886462,0.0041900086,0.025388125,4.1584163,2.204409,0.25636363,0.21743433,0.17727272,0.24702194,-39.70401,q,Ses05F_impro04,Ses05F_impro04_M001
411,33.20677,0.17832074,23.70951,36.070858,37.4242,13.714687,19.741978,9.469044,15.957939,4.6175656,0.10974739,0.5368801,0.059987254,0.092234015,0.14314151,0.08315425,1.2661489,1.1122277,0.95033294,0.7760341,0.020732377,0.7026029,30.423817,0.22518262,-4.852007,-1.8355185,12.111978,0.7959486,-11.836421,-0.8296238,0.019113017,0.88739294,1.3069474,0.46358657,5.7266006,0.40024048,2.0337381,4.637461,22.97422,0.31388542,644.5716,0.28362924,1370.7009,0.12761822,-118.662155,-0.7849507,1661.3226,0.12898509,1109.5513,0.16745964,-121.82508,-0.72008985,2741.0327,0.07942222,1027.2637,0.41938362,-125.60491,-0.66414744,-13.889025,-0.3355144,25.750093,0.18945347,0.015512196,1.200248,-0.0062629087,-1.7210757,0.028979003,0.53662115,35.120346,0.14605881,-6.117025,-1.5594115,9.781016,1.2158221,-17.734016,-0.5600912,-11.90711,22.034367,0.0027031219,0.0070456164,0.014660385,2.3121388,2.0378458,0.20214285,0.14842884,0.26857144,0.4215932,-47.094383,ans,Ses05F_impro04,Ses05F_impro04_F002
412,27.803417,0.20894897,23.682564,26.145168,30.50361,6.821047,38.205963,36.12664,20.116777,7.1708364,0.12369319,0.54000974,0.061255444,0.11023447,0.18684395,0.1255885,1.2051876,0.59506905,1.4098268,0.7646975,0.025168179,0.7456841,26.69055,0.4068482,-1.6842957,-5.240633,18.31618,0.4809349,-6.901694,-1.1771501,0.018795878,0.9365091,1.0466074,0.502844,5.9046865,0.40609127,3.2657533,1.3174176,25.064068,0.26775214,564.44293,0.32955357,1304.9701,0.16907829,-135.76886,-0.64898556,1595.6598,0.12786777,1090.0326,0.2534807,-140.78658,-0.57595485,2642.9258,0.07961118,921.16797,0.26933244,-142.95515,-0.54681593,-16.345892,-0.26437166,26.364985,0.23387723,0.01701684,0.99603015,-0.0140313385,-0.9063593,0.03897163,0.52632016,36.240303,0.19636634,0.42062768,20.423975,20.191818,0.49434844,-11.730256,-0.76821226,-10.213648,19.767408,-0.006317327,0.010564629,0.018363409,3.9923956,1.9193858,0.166,0.07825599,0.33299997,0.44984552,-44.4881,s,Ses05F_impro04,Ses05F_impro04_M002
413,36.89424,0.14040954,31.802011,39.55457,40.271923,8.469912,131.84187,167.99518,8.40063,6.5958486,0.11348681,0.43553865,0.07448611,0.10255929,0.13837096,0.063884854,0.81678665,0.51247466,0.6989717,0.6261494,0.02336509,0.62463367,30.52292,0.26439667,-0.88073164,-7.606633,12.604303,0.73481184,-16.370724,-0.6449522,0.020170001,0.90176857,1.1983578,0.41399327,7.4916034,0.29953557,5.824669,1.5092344,26.220566,0.23993191,625.80756,0.31541947,1344.2966,0.12713331,-127.36638,-0.70095456,1627.6741,0.1422413,1118.5067,0.17780323,-121.78133,-0.6956314,2724.6616,0.0778238,932.8174,0.29595822,-125.393875,-0.6433055,-15.754867,-0.18262899,27.59295,0.19902417,0.014973327,1.0010055,-0.009593716,-0.908017,0.028002268,0.5671754,35.078312,0.17671716,-2.5588977,-2.5774133,10.024285,0.9886877,-20.977982,-0.4671554,-13.330954,22.968174,0.0039720912,-0.0010036891,0.02006354,2.9055688,2.6960785,0.15454544,0.10534477,0.21499999,0.13109158,-45.98396,q,Ses05F_impro04,Ses05F_impro04_F003
414,25.84308,0.14108342,22.732985,24.417362,29.395687,6.6627026,45.675365,41.252872,22.55494,18.959188,0.11781455,0.6311924,0.05385799,0.077857375,0.18666661,0.13280863,1.4461566,1.2166283,1.4713265,0.96981806,0.027176045,0.7936895,30.163647,0.3586134,-1.6567533,-5.9370675,16.997656,0.55441767,-6.2978663,-1.6543294,0.02495011,1.0470717,1.2622309,0.7447032,4.327773,0.5641569,6.383302,0.9228078,27.318258,0.30126005,576.4822,0.3473523,1336.013,0.1421881,-136.35556,-0.64547527,1638.3602,0.15115656,1080.472,0.3018809,-139.66429,-0.5861886,2660.4832,0.10474304,1006.64606,0.27135092,-141.3784,-0.56275123,-16.11875,-0.46950176,26.122507,0.29326499,0.021694295,0.6961141,-0.013223579,-1.3258755,0.047725014,0.36681685,38.9537,0.20311925,0.0027671505,5192.9863,19.993584,0.6201569,-8.323846,-1.834652,-11.716422,21.99494,-0.006102613,0.009671885,0.016825553,2.9239767,1.968504,0.16399999,0.132,0.322,0.4734089,-44.04084,ans,Ses05F_impro04,Ses05F_impro04_M003
415,35.870316,0.12451196,33.123108,35.949837,39.54174,6.4186325,236.56404,478.8069,38.61628,54.93375,0.11645388,0.4636133,0.07095028,0.10525232,0.15341018,0.082459904,1.0316104,0.78380615,0.74487543,0.74657077,0.024644602,0.75572836,28.54167,0.2598126,-1.1637589,-7.356745,12.191566,1.0481358,-15.944362,-0.8381314,0.017863078,1.1476282,1.1904893,0.45857316,7.1256104,0.3497365,3.191489,3.1764953,24.034376,0.37314287,633.3357,0.3145516,1403.1464,0.13174765,-123.771515,-0.73106545,1666.6698,0.14471486,1187.8026,0.2551634,-122.09874,-0.6934268,2707.9263,0.08929863,1045.6625,0.34112802,-124.73093,-0.65493757,-15.068076,-0.34679753,25.979053,0.22870848,0.0163742,1.231395,-0.008961928,-1.3683621,0.03125183,0.7019892,32.083702,0.19927037,-1.4756019,-6.364652,10.043832,1.4723568,-21.41654,-0.63478214,-12.56413,21.818829,0.0012484778,0.0018206937,0.019341145,2.542874,2.9097388,0.1410204,0.09383539,0.19,0.18802445,-45.846127,o,Ses05F_impro04,Ses05F_impro04_F004
416,30.754265,0.3032583,23.705544,26.42698,44.802097,21.096554,95.487015,27.985992,31.809717,20.756464,0.16329865,0.43309757,0.10440991,0.14144956,0.21378821,0.1093783,1.2020949,0.50077134,1.325845,0.7101836,0.040533163,0.54647243,30.206966,0.2787457,-1.0906876,-14.303806,14.5677185,0.9462561,-18.189312,-0.70409894,0.022980198,0.86517763,1.4583719,0.6208652,5.063951,0.47966477,6.7905784,0.42839926,27.792547,0.22316058,644.81976,0.34225726,1379.435,0.12506865,-114.84599,-0.786387,1658.6941,0.17996474,1086.0565,0.18770747,-117.684,-0.7243467,2755.7134,0.08278747,911.5031,0.31972325,-121.25476,-0.6697548,-14.569382,-0.5367892,25.59905,0.21058299,0.023634981,0.90891653,-0.00807809,-2.2397614,0.053079627,0.41551867,34.265903,0.23366737,-1.0681505,-17.175228,11.205098,1.3030181,-17.49012,-0.8522602,-12.801411,21.591663,0.0051694512,-0.005542067,0.031583685,4.6153846,3.6842105,0.114285715,0.046860628,0.13571428,0.09037338,-42.50478,dag,Ses05F_impro04,Ses05F_impro04_M004
417,39.167667,0.26892847,28.088907,44.93005,47.95883,19.869925,54.246456,36.631607,148.52191,81.33988,0.16750735,0.35119045,0.112664275,0.16607957,0.21031052,0.097646244,1.399487,0.3555946,0.7225636,0.52620476,0.042665698,0.50064915,29.715528,0.24015015,-8.794151,-1.7866318,11.323257,1.4559656,-20.812685,-0.7602903,0.0273172,0.75463563,1.5143496,0.60068464,6.378898,0.49365702,13.167957,0.5674358,25.06379,0.31214958,804.76495,0.16401751,1334.9994,0.1641219,-124.5461,-0.73661816,1836.6531,0.09691625,978.7602,0.23361517,-122.6515,-0.7042342,2868.9949,0.056101087,798.7781,0.3275225,-124.38156,-0.6774565,-14.594475,-0.4710382,24.317846,0.19855452,0.035264418,0.6794551,-0.002957652,-6.7641325,0.04874974,0.47514802,30.617758,0.20848723,-9.493375,-1.806617,13.766651,1.1766621,-26.714825,-0.67741084,-10.158939,19.746346,0.0111199245,-0.0054102996,0.038353425,3.726708,2.5806453,0.1575,0.054025456,0.21,0.0587367,-42.93352,o,Ses05F_impro04,Ses05F_impro04_F005
418,29.028967,0.124910355,25.289644,28.64692,32.05364,6.763994,69.27754,35.134705,36.533905,20.452269,0.22610374,0.46347833,0.12134284,0.21028097,0.32014465,0.19880182,2.5587451,1.5618523,1.5922097,0.8928892,0.06677567,0.6333872,36.407246,0.29093286,-3.0509667,-4.612929,13.92437,1.0683961,-9.928365,-1.4518807,0.023162711,1.153311,1.122801,0.7517766,6.009991,0.51439136,4.358351,1.7812341,28.546545,0.31475767,562.38806,0.36024395,1390.1713,0.12693666,-89.219086,-1.0246726,1578.7745,0.15612623,1049.9501,0.23920012,-94.2933,-0.89307463,2700.7593,0.11052572,1011.8583,0.30149373,-99.45585,-0.80480486,-16.49513,-0.36732063,28.478348,0.21141656,0.027377734,0.7251562,-0.012136691,-1.0512884,0.07673184,0.5708142,41.249752,0.16378516,0.49068308,20.454393,16.16816,1.0311705,-7.5270376,-1.6610887,-10.683824,20.417862,0.016621025,-0.0032886707,0.051634874,4.0511727,2.826087,0.19923076,0.11938699,0.13307692,0.100719295,-37.22536,o,Ses05F_impro04,Ses05F_impro04_M005
419,39.24784,0.16615807,33.524067,42.10713,45.340416,11.816349,86.00513,88.46755,124.82074,157.81978,0.19719097,0.45383653,0.10953242,0.19797285,0.27361563,0.16408321,1.2636678,0.74444705,1.2392061,0.89335185,0.047760982,0.6572335,28.817482,0.26802045,-14.25466,-0.9351279,11.660988,1.1374631,-24.474096,-0.66290987,0.019795807,1.0585469,1.1071302,0.47667983,6.7874746,0.5978588,4.7291527,2.481018,18.128592,0.67532295,712.5568,0.31553063,1301.451,0.13390905,-126.01247,-0.7180759,1738.5387,0.12912613,1076.2175,0.25592116,-117.37079,-0.7444977,2749.339,0.09375697,974.75806,0.3435284,-119.288734,-0.71410555,-10.774461,-0.54018056,20.720116,0.29726583,0.023927884,0.67068774,-0.0096759675,-1.3479424,0.056324635,0.5268257,29.862194,0.27869904,-15.705214,-0.8278252,11.274371,1.2775352,-27.3972,-0.57928216,-9.165102,19.337873,0.015417731,-0.002863304,0.04194525,3.357314,3.3980584,0.12214286,0.071031034,0.15214285,0.09929599,-41.596466,o,Ses05F_impro04,Ses05F_impro04_F006
420,26.19325,0.019858055,25.713045,26.272758,26.701338,0.9882927,20.243622,0.0,-3.4686956,16.56436,0.09205883,0.9628631,0.054376338,0.05985833,0.07576736,0.021391023,0.45887804,0.2775691,0.60935277,0.0,0.022289177,1.3334587,28.460022,0.19708721,-3.9821467,-1.4618022,18.507502,0.32548708,-1.8628516,-3.077205,0.026567189,0.56682545,1.2428894,0.3148259,3.4162998,0.74543566,8.678431,0.5193197,24.56816,0.42286703,482.66287,0.25668272,1360.5428,0.12612154,-165.41074,-0.4449533,1562.5591,0.07886526,1064.0256,0.13852999,-168.35481,-0.40052503,2460.044,0.10280483,1207.3036,0.21565285,-168.77498,-0.3948312,-16.210577,-0.35373265,22.918234,0.23447709,0.0077868113,2.1863856,-0.014654472,-0.87478375,0.07228256,0.57619107,38.30393,0.10874659,-5.418289,-2.1579003,22.494043,0.42795482,-2.9705834,-3.4519353,-12.698851,22.18972,-0.00757402,0.0131483665,0.012115275,0.7936508,0.82644635,0.21,0.0,0.48499998,0.035,-44.86173,b,Ses05F_impro04,Ses05F_impro04_M006
421,38.568596,0.09554811,35.523216,37.276546,42.609978,7.0867615,22.149315,18.301727,5.536817,9.287551,0.12777393,0.49136582,0.062092163,0.11433431,0.18747434,0.12538218,1.0241355,0.50190103,0.69986206,0.3175986,0.026057985,0.67275375,29.159863,0.24160035,-6.612336,-1.8233101,12.054061,1.0601579,-15.316574,-0.9285912,0.016370086,0.9608649,1.1478592,0.6289566,7.8509097,0.35541797,6.5110645,1.7188803,21.99007,0.41086528,671.6903,0.28510168,1372.6257,0.13590637,-111.06364,-0.8284585,1709.0149,0.112163134,1114.2811,0.2581251,-105.15602,-0.82652,2754.0889,0.092273906,953.2896,0.402668,-108.756805,-0.7681078,-13.314974,-0.48757675,24.412884,0.25473043,0.022255696,0.8702863,-0.0038974269,-3.250587,0.032920886,0.47196218,31.211164,0.2039241,-8.885541,-1.5959407,12.043618,1.2238213,-22.577875,-0.5617499,-11.634815,21.937525,0.003208473,0.00676843,0.017955702,2.7504914,2.9821074,0.166,0.12674382,0.15928571,0.20101401,-45.804226,s,Ses05F_impro04,Ses05F_impro04_F007
422,27.665972,0.22285256,23.54065,25.451141,31.447058,7.9064083,73.11218,35.23585,17.359695,16.795557,0.1772244,0.47476724,0.09250119,0.1699461,0.25644472,0.16394353,2.194262,1.2080697,1.8284645,1.009367,0.044789832,0.67727107,32.450054,0.37525865,0.9521276,10.607073,16.407997,0.7083869,-10.638012,-1.2529712,0.023793183,1.1233793,1.2644769,0.70709044,4.715167,0.5816601,4.5356674,1.2414311,26.936214,0.28550196,609.8616,0.3870933,1341.0701,0.13527441,-85.30013,-1.0311542,1628.9456,0.17512615,1065.1804,0.26452094,-89.56364,-0.9156533,2690.3738,0.10835836,924.6156,0.26696545,-94.536316,-0.8282963,-15.399513,-0.31224257,26.584509,0.28540996,0.02550814,0.83581585,-0.007989954,-1.8436992,0.0555581,0.5492822,36.97351,0.26100516,0.38328105,26.03961,16.467989,0.80897427,-11.49722,-1.2221867,-11.908923,20.568481,0.0045072488,0.0047013257,0.027887588,5.133929,4.0632057,0.1411111,0.07593044,0.085,0.08814445,-40.24342,o,Ses05F_impro04,Ses05F_impro04_M007
423,34.473083,0.13430047,32.071663,34.79773,36.449623,4.37796,143.00977,231.09814,24.598652,25.204021,0.14634766,0.4542739,0.090978295,0.13106972,0.20143998,0.11046168,1.23441,0.65624046,0.8506361,0.44297227,0.031634174,0.7728766,29.160368,0.3161906,-3.3083644,-3.7964318,7.3110623,1.5197897,-18.233046,-0.70996815,0.018103264,1.1758156,1.2895689,0.5307319,6.0931897,0.45516312,1.4047159,6.944374,21.505526,0.42549393,647.3144,0.2723205,1415.7772,0.1374021,-93.48,-0.9839719,1634.692,0.14497362,1197.2448,0.26914185,-94.11617,-0.92003876,2720.382,0.084477864,953.8668,0.31507045,-99.4942,-0.8248442,-12.858052,-0.43287662,25.670456,0.2406627,0.019421784,0.89464545,-0.009928082,-1.5853803,0.038585186,0.7150105,32.568485,0.24104853,-5.4850535,-2.2643743,4.2595263,2.7578535,-23.109846,-0.49304724,-12.228388,21.411709,0.00796176,-0.0007651681,0.02263943,3.7288134,3.2478633,0.16736841,0.09187188,0.11947368,0.12227982,-43.87605,s,Ses05F_impro04,Ses05F_impro04_F008
424,26.259798,0.111396186,24.160313,25.954361,27.929241,3.7689285,51.318554,35.015972,49.37908,57.6378,0.1811072,0.51644707,0.0848316,0.17320645,0.26878697,0.18395537,2.5337791,1.4779993,1.8098544,0.83411217,0.046034954,0.7018186,33.919132,0.3628712,-0.06708073,-154.81454,18.010035,0.6876062,-5.1699896,-2.006081,0.022196015,1.1807988,1.0694052,0.8461651,5.0965333,0.49634886,3.5004096,1.7099355,26.219671,0.29256397,509.65656,0.32813036,1359.1409,0.16130784,-85.33204,-1.0712681,1542.3834,0.12592395,1053.0693,0.22775023,-92.00611,-0.9269535,2567.341,0.09713657,1062.8776,0.32556805,-96.316185,-0.850004,-16.179464,-0.3396572,25.331402,0.24869548,0.025581349,0.7265406,-0.011948257,-1.0650165,0.057685178,0.5314624,39.12077,0.18854877,-0.6356884,-17.323261,19.747347,0.7092737,-3.789638,-3.202528,-11.537564,20.829357,0.002671338,0.0029774806,0.029927641,4.6153846,2.586207,0.22133332,0.12779498,0.144,0.16823791,-39.64014,o,Ses05F_impro04,Ses05F_impro04_M008
425,35.92697,0.11582108,31.92847,36.27405,39.792366,7.8638954,81.534485,89.49866,19.679718,13.868382,0.1255761,0.52108824,0.0587105,0.11232728,0.18221958,0.12350908,1.1705714,0.80290043,0.5747837,0.23281682,0.027494274,0.7263486,30.450691,0.21872756,-5.0456805,-2.1150966,14.710548,0.7871448,-15.605068,-0.78006697,0.018776588,1.0039788,1.1920998,0.4824009,7.3788733,0.3771258,5.318002,1.8523751,21.908653,0.36750725,682.87915,0.2850721,1408.3175,0.15430556,-122.06347,-0.7404432,1712.0203,0.1374237,1136.228,0.27952924,-119.87705,-0.71472144,2751.6543,0.091605015,958.79364,0.31440035,-122.262314,-0.67930996,-15.191098,-0.36044505,25.063452,0.25671688,0.020689733,0.78966063,-0.012443737,-0.8455958,0.035117414,0.5227957,33.88913,0.16723467,-6.1206985,-2.0635326,15.339892,0.88827986,-21.276928,-0.58642113,-12.263774,21.79154,0.00334896,0.003418844,0.021215566,2.216749,2.3083265,0.18607143,0.1833291,0.2189655,0.39105818,-45.252457,o,Ses05F_impro04,Ses05F_impro04_F009
426,29.234213,0.27518046,23.435717,24.859377,39.37425,15.938532,160.90367,101.471504,127.87897,210.64961,0.22801605,0.5545013,0.09823657,0.21477288,0.34146756,0.243231,2.8548255,1.8620768,2.2326114,0.9874692,0.05968499,0.64059937,32.696537,0.2891987,-7.1508813,-1.7624239,15.6195545,0.856176,-12.194734,-1.1423156,0.025840279,1.5077609,1.2974896,0.5306833,3.5359778,0.9539174,6.4110866,0.756235,25.611515,0.29872608,626.9725,0.34729788,1386.9652,0.1718657,-101.08758,-0.89705145,1605.0691,0.14921191,1138.6415,0.19250427,-97.906204,-0.8815547,2662.7517,0.11095306,1016.9909,0.33856544,-102.951805,-0.79748017,-11.06494,-0.586931,22.81796,0.2925809,0.017203089,1.0650009,-0.0074242423,-2.0434396,0.0788725,0.40254152,37.206676,0.21653077,-10.724383,-1.3484553,12.578483,1.0991384,-13.357116,-1.1674805,-11.542225,19.860733,0.004675875,0.0005797704,0.038342364,4.1666665,4.239402,0.12,0.07707903,0.106,0.13865064,-38.442497,dag,Ses05F_impro04,Ses05F_impro04_M009
427,35.301834,0.24616905,24.22396,34.37521,45.2561,21.032139,134.95895,83.56579,115.273445,186.01903,0.19036113,0.56583905,0.08707274,0.17344995,0.28052887,0.19345614,1.6277531,1.359151,1.5242449,1.0357008,0.045163136,0.73164845,30.472824,0.27854788,-8.757469,-1.3685786,10.369389,1.2677687,-19.23746,-0.70576835,0.024913123,1.3136901,1.2967441,0.5072129,5.574296,0.6562644,7.2744713,1.1323245,22.634909,0.35832748,672.90796,0.28015947,1376.4202,0.12683903,-104.52653,-0.87962514,1676.6165,0.13677831,1071.7114,0.2378649,-101.1715,-0.8553855,2736.2168,0.09108038,941.6039,0.35369685,-105.460205,-0.7830939,-11.749593,-0.429822,22.960308,0.25491023,0.023037268,0.7846922,-0.008531482,-1.5153797,0.053822834,0.59821564,32.647346,0.2502701,-10.68984,-1.1704719,10.571577,1.3910671,-23.87166,-0.5108506,-10.9823065,21.325863,0.009986779,0.00010902954,0.035906736,3.238342,3.6505868,0.13785714,0.087438025,0.128,0.19644848,-41.321278,q,Ses05F_impro04,Ses05F_impro04_F010
428,26.078827,0.09763336,23.957989,25.745478,27.641016,3.6830273,48.58978,15.474298,66.888596,96.3826,0.12221533,0.8529461,0.054863162,0.062192805,0.17601918,0.121156015,2.0595403,1.608683,1.7204252,1.513372,0.03093386,1.1716511,30.572447,0.30514872,-2.0070708,-4.0948544,18.228024,0.5124131,-3.4412947,-2.4473596,0.03448912,1.4836375,0.92160434,0.67471194,4.5258446,0.65031826,6.0085473,1.0051136,28.868,0.305452,605.82477,0.3292924,1370.7344,0.1481871,-143.07652,-0.5953977,1640.4181,0.15563893,1047.2919,0.20276284,-144.52393,-0.5629121,2703.2825,0.11478082,921.29614,0.23442554,-146.59142,-0.5341747,-17.669338,-0.37646192,26.849663,0.2499583,0.021534275,1.1422608,-0.010747556,-1.2133654,0.066109665,0.61641043,42.123463,0.12195038,-0.72110224,-17.992346,20.191393,0.65917075,-3.8329127,-3.6088216,-12.257122,21.23534,-0.004051853,0.011342318,0.015385866,2.1164021,1.3404826,0.22399999,0.20828827,0.41666666,0.2920426,-41.50787,ans,Ses05F_impro04,Ses05F_impro04_M010
429,40.3435,0.13972434,31.782251,42.622673,44.753643,12.971392,37.70115,14.907507,-37.617645,37.06285,0.0793326,0.4341375,0.054578084,0.060610544,0.1169072,0.062329117,0.41689038,0.28709072,0.3271065,0.16518955,0.016037958,0.711858,25.923702,0.18139265,-1.3005697,-4.387401,17.421999,0.45232055,-10.219839,-1.291598,0.020160036,0.5381272,1.2464063,0.44309613,7.956119,0.37185538,13.115805,0.6099056,20.900187,0.41263002,693.4036,0.2419257,1386.4966,0.087759994,-171.95926,-0.38418192,1805.168,0.11609525,1048.8978,0.18698572,-165.16223,-0.41168302,2796.5813,0.07443043,926.2233,0.2632849,-165.51364,-0.40650058,-17.427155,-0.20070705,25.652578,0.16913979,0.018984372,0.97906053,-0.0055719125,-2.0508354,0.026761768,0.32138914,29.766874,0.1500627,-0.51097953,-16.08112,17.664925,0.58305246,-21.926561,-0.40422472,-12.782491,21.299759,-0.0024266525,0.008863275,0.013413348,1.8181819,1.111111,0.17666666,0.13474256,0.525,0.3642458,-51.080124,o,Ses05F_impro04,Ses05F_impro04_F011
430,28.781052,0.20297359,23.62963,28.559082,32.621655,8.992025,43.41339,25.913467,23.194946,22.273212,0.17399034,0.5858383,0.07174977,0.16167872,0.25109333,0.17934355,1.9020739,1.2758336,1.5329136,0.8916195,0.048209343,0.794048,33.404034,0.27522218,-0.19206423,-58.25972,19.032764,0.8031713,-13.125947,-1.3258828,0.01971951,1.1321497,1.0894237,0.809707,6.1520944,0.46044037,5.235672,1.3772366,27.59947,0.23030026,541.4531,0.32085404,1369.9612,0.14311273,-100.7841,-0.9234265,1589.0062,0.1418485,1089.36,0.3151328,-108.79596,-0.7823794,2629.1306,0.1059502,957.80475,0.3232066,-111.18061,-0.743964,-17.454348,-0.3560084,26.146635,0.24677183,0.025237706,0.70822823,-0.013158072,-1.1115333,0.057862435,0.55175734,37.941875,0.18056111,2.028641,6.0125055,23.38288,0.66470855,-12.20325,-1.3987538,-14.212585,23.279411,0.008904953,-0.0007211683,0.0364101,3.544304,2.5773196,0.191,0.11184363,0.175,0.18429595,-39.496998,o,Ses05F_impro04,Ses05F_impro04_M011
431,39.24186,0.21576047,37.71072,41.119843,45.67556,7.96484,47.79174,22.860455,60.961945,55.20577,0.1667698,0.50532645,0.09329231,0.14517057,0.23936829,0.14607598,1.6604742,0.87749666,0.8772514,0.48303556,0.042448092,0.78820217,28.530378,0.27205682,-9.620984,-1.586027,8.2266445,1.6143794,-21.600111,-0.71157855,0.021607794,0.65818924,1.3236061,0.47978675,6.9348817,0.4666013,10.558561,1.001392,26.601292,0.29178944,627.14136,0.30336344,1388.1012,0.13206843,-134.47247,-0.6686852,1655.4722,0.12949288,1166.1753,0.32121477,-117.31511,-0.757571,2692.2424,0.08750452,973.22723,0.29132694,-120.47621,-0.70776325,-12.30014,-0.38322127,24.496593,0.19205616,0.019634316,0.70539886,-0.007410719,-1.662938,0.052713875,0.5574312,31.390627,0.19859894,-16.90606,-0.9987842,4.398289,3.2556965,-25.28391,-0.48404428,-12.556622,21.452919,0.009819528,-0.007025324,0.035166536,3.3426185,2.840909,0.147,0.11009541,0.18299998,0.16793153,-42.51251,dag,Ses05F_impro04,Ses05F_impro04_F012
432,29.704756,0.08425654,28.028372,28.899242,30.546879,2.518507,28.612778,15.879835,24.749989,30.180412,0.13387291,0.7393546,0.056185834,0.083374046,0.2263411,0.17015526,2.453523,2.1656373,2.0896845,1.229566,0.041275255,0.99920547,31.801659,0.29008257,1.371795,5.87005,17.94704,0.54220766,-4.131289,-2.2724192,0.025968872,1.0095036,1.3905754,0.7453972,6.894849,0.3047136,5.536265,1.8564354,29.109465,0.23445505,563.15485,0.37255952,1302.9369,0.11112448,-138.35931,-0.6363599,1630.3849,0.13779204,981.19836,0.16358571,-140.08018,-0.58042276,2670.8523,0.11568974,1027.1461,0.25435257,-142.00816,-0.55427825,-19.593441,-0.27428943,28.67758,0.2237873,0.027243664,1.0600433,-0.00968515,-1.4743937,0.08006986,0.5092426,39.121582,0.21296029,4.8340077,2.119321,22.572763,0.5940583,-0.40956676,-28.635862,-14.162419,23.814253,0.0011087095,0.0063275467,0.02171288,3.3536587,1.5479876,0.21399999,0.16119552,0.34166667,0.42033386,-39.17684,q,Ses05F_impro04,Ses05F_impro04_M012
433,37.569084,0.102155186,37.030872,37.445446,40.458534,3.427662,13.951326,0.36578542,32.068447,0.0,0.09223322,0.57476753,0.05477463,0.06340697,0.1299659,0.075191274,0.77958155,0.6213021,0.66072476,0.38788763,0.016492313,0.61757064,28.378033,0.15766841,-5.283219,-1.4420133,13.8517065,0.4120832,-12.786326,-0.9541365,0.014638471,1.0543239,1.0118556,0.4812441,8.336745,0.35130164,4.0672626,2.4116142,20.499802,0.47450945,657.18976,0.27734,1346.5668,0.13823166,-157.46628,-0.5022183,1706.676,0.10892084,1089.6299,0.20356901,-152.08957,-0.5158496,2710.1575,0.10046628,914.6835,0.2621008,-153.29651,-0.500073,-13.574468,-0.43659985,22.058643,0.349487,0.026273936,0.7802718,-0.012644665,-0.85118014,0.02754982,0.39453143,30.416061,0.18055552,-10.447644,-1.1096451,11.386418,0.6567018,-24.56373,-0.60222566,-13.2161455,22.176685,-0.0018672884,0.0057427776,0.0127133215,2.0100503,1.7811706,0.13857143,0.10105565,0.465,0.3816521,-49.395657,ans,Ses05F_impro04,Ses05F_impro04_F013
434,32.597267,0.16810699,27.924347,31.969812,38.36078,10.436432,76.62589,34.31492,39.73172,21.288105,0.16111253,0.8024725,0.054713868,0.10902144,0.255759,0.20104513,1.8340598,1.5913268,1.7809342,1.4123724,0.0422434,1.0394515,28.48671,0.3322901,-2.9919972,-3.570363,16.769812,0.66670334,-9.290766,-1.3241436,0.023740109,1.2551994,1.2129238,0.7043437,5.707826,0.4871397,5.180818,1.772436,23.30327,0.3940856,547.90125,0.36141142,1315.2786,0.12236214,-135.79074,-0.6473549,1596.1372,0.15023759,1027.0844,0.25214887,-132.91855,-0.63476074,2606.776,0.1000001,984.9376,0.25117427,-135.07695,-0.6049421,-12.962382,-0.37763244,22.828205,0.3274155,0.026006281,0.68503195,-0.012585412,-0.94510466,0.07762601,0.60531265,34.009487,0.28579065,-4.143251,-3.0471556,18.502064,0.9083906,-15.477066,-1.1020541,-11.90009,20.494251,0.0029708017,0.006122508,0.021820161,2.1164021,2.419355,0.14444445,0.12763761,0.27875,0.3885691,-40.19505,q,Ses05F_impro04,Ses05F_impro04_M013
435,36.756798,0.09566802,34.45261,37.4308,39.290432,4.837822,24.957924,20.98104,24.83627,12.927217,0.16207258,0.46414632,0.09771351,0.15037249,0.2219478,0.1242343,1.242937,0.5751445,0.88089454,0.4829566,0.038686458,0.6843196,30.182688,0.241472,-7.297259,-1.5750551,14.753245,0.8801691,-21.065342,-0.6465011,0.019960314,1.1731685,1.241519,0.45662087,6.700862,0.39679685,4.8505177,2.2759488,20.97817,0.41485488,617.31946,0.29194486,1367.1323,0.13468935,-105.31051,-0.8880546,1685.5491,0.13332038,1089.29,0.29892737,-101.09026,-0.8506522,2661.8394,0.09562347,1054.099,0.41036192,-103.52252,-0.8087959,-12.931777,-0.37540957,21.800892,0.24854271,0.027451713,0.62914604,-0.014446275,-0.9009417,0.046134405,0.56064755,32.572834,0.20393196,-8.080974,-1.5318651,13.702913,1.0431504,-23.771183,-0.582351,-11.363017,19.609682,0.011770318,-0.004589962,0.030257028,3.2894738,3.178808,0.16208334,0.13589147,0.13166666,0.15839471,-43.25233,ans,Ses05F_impro04,Ses05F_impro04_F014
436,27.036572,0.13656734,24.097252,26.618889,29.910706,5.8134537,70.802574,78.721634,41.254005,28.841051,0.1856257,0.6460897,0.06270887,0.16704033,0.28594851,0.22323965,2.9525266,1.537545,2.2357504,1.5902627,0.049311765,0.8699454,30.44907,0.3959659,-1.192209,-8.721267,21.345112,0.63433975,-6.2352047,-1.8945531,0.029093143,1.2448037,1.2455467,0.6693461,5.0057755,0.540469,4.690114,1.3619787,24.186163,0.31248906,538.9935,0.37201944,1316.586,0.18870221,-105.74331,-0.8780928,1575.9233,0.15118751,985.1294,0.30220583,-109.96983,-0.79162705,2592.125,0.11166686,993.4375,0.2856641,-112.533356,-0.75139177,-15.218489,-0.34784922,23.891949,0.27059206,0.026465623,0.7639077,-0.010628356,-1.3020922,0.07204368,0.60757184,37.819023,0.20814104,-2.798451,-3.9249232,25.140984,0.62257266,-5.3715086,-2.6248314,-11.070386,19.469303,0.0001084667,0.0069769216,0.027005805,3.5206501,2.4456522,0.195,0.13977164,0.20411764,0.30449688,-38.643578,o,Ses05F_impro04,Ses05F_impro04_M014
437,32.193027,0.17901334,26.808533,32.977364,38.440365,11.631832,147.63309,87.287865,37.946724,28.873426,0.13863005,0.84649575,0.05709095,0.09055787,0.20274226,0.14565131,2.6075046,1.7967031,2.0623507,1.90411,0.033950176,1.242274,27.287863,0.35055318,-0.11625756,-84.60348,16.159945,0.6211786,-10.418918,-1.0497065,0.026228534,1.0978202,1.2004919,0.48845017,5.876582,0.57485896,2.1997309,3.5533166,20.896957,0.32521915,649.2375,0.32905182,1334.1392,0.20880231,-134.69756,-0.64752537,1708.8334,0.14802538,1057.3384,0.28856102,-136.98593,-0.5970635,2690.5378,0.096813776,935.3417,0.31853077,-138.1844,-0.58035296,-15.523005,-0.36464226,23.81135,0.2676316,0.022821022,0.9964121,-0.012333658,-1.1635816,0.05983276,0.91832083,33.433704,0.2217903,-1.0356243,-10.968694,19.20379,0.6182549,-15.6428795,-0.8030932,-12.045924,20.280998,-0.0017338452,0.0050473707,0.019917766,1.4925373,2.5404158,0.13090909,0.076983415,0.2538095,0.4646604,-41.384026,s,Ses05F_impro04,Ses05F_impro04_F015
438,37.538933,0.07163496,36.199932,38.256897,39.366787,3.1668549,36.9297,32.497204,18.707964,22.157545,0.08506152,0.35757056,0.057359356,0.07616952,0.110875495,0.05351614,0.52763134,0.32071573,0.41231433,0.3066124,0.015866864,0.5166876,28.103619,0.25752428,-2.2233684,-3.0256426,11.184574,0.71781933,-11.485604,-0.937273,0.016073503,0.6969208,1.251316,0.5419814,6.5734825,0.34520003,1.6974661,5.3229804,25.086887,0.21009375,642.1306,0.3248643,1421.6553,0.15157343,-155.01308,-0.51034087,1594.2997,0.1482307,1276.8972,0.29417363,-152.33841,-0.50074315,2674.2048,0.09010366,962.46625,0.19302738,-154.62758,-0.4699424,-14.817001,-0.19737327,26.514772,0.1310767,0.018224256,0.8323259,-0.0064203953,-1.3011305,0.022298973,0.39889777,34.635555,0.11308552,-3.8894002,-1.7529012,7.9596505,1.3716463,-20.797329,-0.41209963,-12.5457115,21.697115,-0.0011592598,0.0055657458,0.013639797,3.5805628,2.0725389,0.12,0.09246621,0.30333334,0.3063404,-51.742226,q,Ses05F_impro04,Ses05F_impro04_F016
439,26.656172,0.09913199,24.605433,26.137766,29.327393,4.72196,54.624268,39.10609,41.681496,29.768078,0.1734144,0.72083336,0.061751574,0.14127918,0.26053998,0.1987884,2.7176468,1.7064393,2.1793246,1.2104027,0.04691892,0.8900349,30.118109,0.36800376,-1.060466,-9.080269,21.003378,0.5457791,-7.1826673,-1.833838,0.023735322,0.98721343,1.2683531,0.7655361,4.9704537,0.42402604,2.940542,1.8427789,23.796898,0.31822765,564.79395,0.38419184,1315.1226,0.1449192,-120.432014,-0.74995834,1595.7474,0.17475471,979.92847,0.2573697,-122.81691,-0.697877,2617.3782,0.113498606,890.5551,0.3187837,-125.14458,-0.6636229,-14.993331,-0.34210053,24.020308,0.22841555,0.025853809,0.8065893,-0.011012867,-1.245245,0.07237496,0.5895615,37.835346,0.17588076,-2.834214,-3.9088678,24.207792,0.56133175,-9.703397,-1.7476436,-11.870287,20.392275,0.0014309033,0.0064335302,0.028711319,3.6061027,3.0726259,0.1290909,0.0926827,0.192,0.2612202,-39.23552,ans,Ses05F_impro04,Ses05F_impro04_M015
440,34.700897,0.03711156,33.65169,34.487045,35.650352,1.998661,14.545415,13.286828,29.234762,23.260437,0.08076306,0.29853818,0.058396846,0.074762955,0.10015925,0.041762404,0.4428027,0.27956548,0.27559435,0.12966657,0.014359455,0.4094483,28.83981,0.1938375,-1.805284,-3.13085,12.117065,0.72657156,-10.867789,-0.79485464,0.013844227,0.9184053,1.150369,0.3865369,5.788193,0.30423632,-3.0370204,-2.6484592,19.930748,0.2951725,597.59717,0.25364232,1392.784,0.14979938,-157.46037,-0.4950174,1614.895,0.13095915,1267.1434,0.16702841,-159.5048,-0.45396706,2623.3694,0.07943039,1063.715,0.26821265,-160.89354,-0.4340419,-15.324798,-0.24931674,25.586506,0.14475472,0.0047850977,3.8343658,-0.009898231,-0.921461,0.017204056,0.31014922,33.834114,0.14476575,-2.0517504,-2.9108973,8.307485,1.1126585,-19.202196,-0.3535886,-13.256924,22.089909,-0.0015706178,0.003400405,0.013585594,2.2260275,1.7271158,0.12399999,0.121835954,0.39454544,0.42078632,-53.11898,o,Ses05F_impro04,Ses05F_impro04_F017
441,25.93124,0.070291474,24.70994,25.408188,26.906025,2.196085,82.67885,75.45458,15.066597,13.270716,0.14033182,0.6382914,0.05617171,0.113823146,0.2256902,0.16951849,2.1068306,1.1623735,1.6799451,0.818443,0.035168316,0.8113246,32.380447,0.35680252,0.11972176,70.41447,15.007846,0.6860142,-8.476517,-1.487882,0.014388289,0.9628973,0.9656398,0.7077663,5.099853,0.41954592,4.2262425,1.0755066,29.811111,0.2228123,565.6085,0.36293325,1413.1913,0.13910787,-127.92294,-0.7087867,1565.8055,0.16504852,1089.075,0.21360959,-130.64351,-0.6553394,2663.4355,0.11527055,986.3683,0.25113356,-134.51639,-0.60034096,-15.841226,-0.35189852,26.911531,0.2744906,0.024695916,0.69713175,-0.011779537,-1.3340472,0.05486369,0.47309148,40.938904,0.22496134,1.3761234,6.710392,15.686087,0.86028814,-7.357217,-2.2703161,-12.130357,21.670452,-0.0016298365,0.0036908223,0.023259271,3.409091,2.1276598,0.17076923,0.130116,0.25857142,0.33888167,-41.699364,o,Ses05F_impro04,Ses05F_impro04_M016
442,36.31153,0.05477077,34.694107,35.754684,37.694366,3.0002594,49.02711,62.195843,12.02402,6.009473,0.09284119,0.41995573,0.055587795,0.08938658,0.12522614,0.06963834,0.46267235,0.21627451,0.5276321,0.35174388,0.016681954,0.47563174,31.039297,0.15673634,-4.989997,-1.2146376,12.880544,0.58578026,-11.572852,-0.89170253,0.015038303,0.7548216,1.1370751,0.37561253,6.7761455,0.2372186,0.9976488,8.804789,20.68604,0.34212375,666.00336,0.21727356,1423.417,0.12643608,-113.07846,-0.83044106,1676.5232,0.10398892,1248.9742,0.30745322,-115.8489,-0.7501616,2726.524,0.089834765,1023.8114,0.4647302,-119.44357,-0.6972544,-14.000379,-0.25534058,25.125069,0.17876615,0.009782599,1.8301187,-0.0056045596,-1.6362351,0.021681778,0.33952808,35.034935,0.0776857,-6.091717,-1.2375231,10.298817,0.90205026,-19.26062,-0.5199105,-13.267491,23.49983,-0.010266647,0.009468658,0.012583421,2.21519,1.9292605,0.235,0.23893863,0.2242857,0.29927802,-50.347088,o,Ses05F_impro04,Ses05F_impro04_F018
443,24.363369,0.1010196,22.681416,23.963737,26.628353,3.9469376,23.498745,7.7593427,8.753,4.6875944,0.1119036,0.80332994,0.053750932,0.057521358,0.18750927,0.13375834,1.9245157,1.7133459,1.574168,1.0728799,0.024774672,0.9831095,29.417067,0.3363206,-3.2117507,-2.1464558,16.137589,0.6870504,-8.3046055,-1.3582708,0.015241382,0.8532665,0.85238564,0.6038824,4.5356464,0.5689881,6.622724,0.5981557,26.008589,0.21923652,578.9063,0.37462747,1401.838,0.14597026,-153.58826,-0.52837026,1566.0841,0.16835542,1147.0289,0.28173926,-154.99222,-0.5035071,2689.3586,0.10072474,989.96765,0.33570033,-157.62224,-0.46625307,-13.182751,-0.41507015,26.715286,0.23088995,0.016735667,1.1945618,-0.012737734,-1.3429183,0.045877382,0.47417215,41.173946,0.14154017,-4.5075865,-1.9407604,15.74794,1.2088628,-14.144349,-1.0876985,-12.278102,22.53222,-0.008531027,0.008217776,0.0181688,1.5625,1.1286682,0.21,0.1721627,0.545,0.38365567,-43.843613,o,Ses05F_impro04,Ses05F_impro04_M017
444,0.0,0.0,0.0,0.0,0.0,0.0,0.0,0.0,0.0,0.0,0.057653986,0.09814084,0.05333242,0.055500906,0.061719775,0.008387357,0.10513637,0.05953647,0.08316555,0.04975825,0.010245143,0.22719799,25.224714,0.16859438,-1.7768986,-1.7794104,16.6502,0.2000953,-4.7944694,-0.83654153,0.0,0.0,0.0,0.0,0.0,0.0,0.0,0.0,0.0,0.0,0.0,0.0,0.0,0.0,-201.0,0.0,0.0,0.0,0.0,0.0,-201.0,0.0,0.0,0.0,0.0,0.0,-201.0,0.0,0.0,0.0,0.0,0.0,0.0,0.0,0.0,0.0,0.0,0.0,0.0,0.0,0.0,0.0,0.0,0.0,0.0,0.0,-12.954404,22.820002,-0.007830271,0.011082602,0.01023848,6.6350713,0.0,0.0,0.0,2.05,0.0,-58.252266,o,Ses05F_impro04,Ses05F_impro04_F019
445,27.932549,0.14986369,23.619022,27.808453,31.348652,7.7296295,69.197685,133.44632,64.717865,77.38733,0.17028677,0.61100256,0.058641694,0.15270251,0.2598768,0.20123509,2.5039392,1.455061,2.2245696,1.2521946,0.045812137,0.79079735,31.927279,0.3720925,-0.9086148,-11.892434,18.226345,0.7701931,-7.4871745,-1.6473691,0.027363798,1.5473078,1.1666814,0.7212167,5.377297,0.54409057,4.5293107,1.6909305,25.98915,0.33667436,568.4052,0.37732446,1361.2146,0.16652308,-110.352715,-0.8380939,1587.3989,0.16219756,1069.2952,0.2733953,-113.43869,-0.7642984,2645.4478,0.11536311,989.725,0.29965642,-116.77582,-0.71333784,-15.734009,-0.41532925,26.300741,0.3050534,0.026517687,0.77133644,-0.010438179,-1.5537134,0.065223865,0.5182376,38.77421,0.21356252,-0.9902637,-12.8282,19.278101,0.8584914,-8.221355,-1.7916862,-11.652791,20.42639,-8.239677e-05,0.004724063,0.027913177,4.082442,2.3828435,0.19333334,0.14070852,0.22,0.34681717,-39.704266,o,Ses05F_impro04,Ses05F_impro04_M018
446,46.206264,0.1738855,32.48889,49.194798,52.621326,20.132435,19.661442,9.501199,258.76996,71.93283,0.117103085,0.6417425,0.05615963,0.079820335,0.18617414,0.13001451,0.67667073,0.30322862,0.4456066,0.25539556,0.029993493,1.0008433,25.065056,0.20251408,-7.119328,-1.4995717,13.969004,0.63834524,-11.89198,-1.3308157,0.021228366,0.5637611,1.3817867,0.52621603,9.402482,0.39410216,7.218606,0.9135957,8.026236,1.1515529,720.69116,0.4248484,1439.189,0.15956129,-171.06918,-0.3815823,1728.2122,0.1437678,1066.0809,0.3482941,-155.79192,-0.47856018,2684.8767,0.08497083,1141.2737,0.51174366,-156.06679,-0.47472993,-13.025165,-0.25857252,20.02096,0.2332729,0.045579378,0.5713746,-0.011233306,-1.3722309,0.053037874,0.62041605,26.843487,0.20189072,-12.402366,-0.8908918,16.589178,0.49446422,-23.020239,-0.72363925,-11.172947,19.006323,0.005569557,0.0044727167,0.022645282,1.8726593,1.5267177,0.1575,0.05494315,0.4725,0.35265952,-44.78726,s,Ses05F_impro04,Ses05F_impro04_F020
447,32.505585,0.17251211,28.383339,33.711937,37.03706,8.653721,20.194073,5.7385144,57.02049,27.291924,0.17005004,0.6604177,0.057010517,0.15109985,0.28461975,0.22760923,3.0495515,2.2287467,2.351973,1.2843158,0.05568067,1.0031195,26.932602,0.45761558,1.3970344,6.773554,23.66124,0.5350175,-4.271703,-2.7017317,0.024390845,0.78430283,1.1548543,0.5942491,7.681837,0.38105154,11.324951,0.7790873,26.40212,0.25910679,609.1776,0.3480612,1395.8754,0.17254405,-132.16287,-0.6588367,1710.6881,0.12555511,986.05536,0.29339704,-130.0887,-0.6293967,2752.5752,0.09563897,1101.1788,0.32789835,-130.76701,-0.6212167,-18.865145,-0.38914105,25.862082,0.32640234,0.029751593,0.7620088,-0.011150859,-1.4184159,0.08844194,0.6065158,34.006687,0.248806,3.9293642,2.7219634,29.216736,0.48971882,-4.16119,-3.2071383,-10.880564,19.044619,-0.0012265721,0.006867454,0.0341261,3.8004751,2.1634617,0.17888889,0.1347792,0.2611111,0.39873257,-37.19812,o,Ses05F_impro04,Ses05F_impro04_M019
448,42.144547,0.069769785,38.9361,43.05263,45.207817,6.271717,30.310583,18.339308,47.370575,9.2817,0.09055328,0.49798712,0.0547537,0.07181051,0.13366924,0.078915544,0.432696,0.30211875,0.44595647,0.2027214,0.018463662,0.67059726,28.105963,0.13223623,-4.967572,-1.242577,12.40745,0.7260725,-14.494081,-0.79592186,0.024273379,0.829362,1.4936013,0.47402763,7.221019,0.3943738,9.351497,1.7670344,22.061554,0.42631534,686.87463,0.22716622,1299.0864,0.11478445,-171.43495,-0.3854566,1693.8398,0.1289143,1003.2896,0.19292668,-165.22037,-0.4144884,2768.9294,0.11492497,845.423,0.30609253,-166.82124,-0.3914604,-13.46924,-0.49549752,26.357061,0.2214928,0.021481894,0.66438305,-0.0039378563,-3.4230523,0.03236132,0.38419756,31.748371,0.10338072,-7.799784,-1.134486,7.3771315,1.702145,-26.344292,-0.26005584,-13.215615,22.922508,-0.0007938829,0.0038286024,0.015426545,1.8248175,1.858736,0.096,0.044090815,0.35,0.3444319,-50.045643,q,Ses05F_impro04,Ses05F_impro04_F021
449,28.627848,0.16106321,24.016582,28.468317,32.111065,8.094482,206.10786,343.97406,24.769724,13.797152,0.16406408,0.7864867,0.056610882,0.11983322,0.25537577,0.19876489,3.088324,2.1834903,2.1362307,1.4294453,0.041067638,0.9485655,29.386131,0.37522608,-0.492007,-23.214773,19.465532,0.6600557,-7.031522,-1.4580011,0.02546404,1.5119561,1.2065635,0.79143775,6.2532907,0.53457654,6.2598677,1.1977265,24.67355,0.3384679,560.1881,0.3784042,1358.2758,0.15202479,-128.19547,-0.69903284,1588.6934,0.15811114,1066.2991,0.29175484,-129.5383,-0.65351284,2620.3184,0.11522969,936.16064,0.29055288,-131.5052,-0.62551486,-15.758998,-0.47234893,24.374868,0.3377896,0.021934507,0.93236434,-0.00821519,-1.3665293,0.071397476,0.5501572,35.84743,0.23863776,-0.51415515,-27.085066,25.06756,0.6344121,-6.8671064,-1.9384902,-12.031233,21.05765,-0.0013578548,0.0062186304,0.021238869,2.8211284,2.1084337,0.17914285,0.13106969,0.28294116,0.55704325,-39.165688,ans,Ses05F_impro04,Ses05F_impro04_M020
450,39.96365,0.13330403,31.123732,42.3657,43.669727,12.545996,34.28817,21.849974,41.37092,8.3065815,0.114209145,0.42125872,0.07279423,0.10481959,0.1472532,0.07445897,1.2531173,1.1730555,0.66403973,0.53231394,0.023337021,0.7069111,27.12957,0.2952141,-2.1463394,-4.725883,14.563893,0.6277408,-12.192831,-0.63095826,0.0154016325,0.4911636,1.1374341,0.49847475,9.236805,0.38613907,13.001443,0.6614203,18.384615,0.66882694,612.8769,0.36239672,1350.6002,0.17923482,-161.25969,-0.4466654,1646.8943,0.11976409,1121.1434,0.30525172,-149.05736,-0.514806,2604.0474,0.1164761,1043.9319,0.39370167,-150.57655,-0.49562812,-15.245655,-0.23013069,22.581768,0.19960059,0.018439224,1.1096698,-0.007919996,-1.2718148,0.029747097,0.6639098,30.41286,0.1647629,-5.4827633,-1.8367047,13.858289,0.70012987,-15.380104,-0.43577808,-12.769055,21.630404,0.0048992513,0.00081739994,0.02130459,3.6697247,2.8169017,0.09166667,0.08254627,0.20714284,0.15115878,-46.164646,o,Ses05F_impro04,Ses05F_impro04_F022
451,31.371777,0.19637457,22.655334,33.28804,36.06342,13.408085,46.47345,18.507847,48.07713,56.45044,0.15900436,0.6336907,0.06581306,0.13640308,0.23093829,0.16512522,2.6445577,1.5645504,2.0669827,1.6401306,0.04655913,0.8669145,28.553255,0.41253597,-0.23486084,-42.151794,19.46203,0.6731257,-8.519417,-1.4453806,0.031734888,1.2278168,1.4600953,0.7125624,6.2222276,0.5150913,8.779814,1.0187426,27.182411,0.27978888,604.1452,0.35244247,1387.7554,0.15580797,-138.42137,-0.6162265,1642.7273,0.15760033,1061.5865,0.26866165,-137.66943,-0.58873343,2682.3628,0.112398945,998.88666,0.26079467,-139.9895,-0.5577609,-15.329759,-0.4081106,25.774855,0.28909445,0.031406753,0.6770646,-0.008414695,-1.6927243,0.07512397,0.58992356,35.832203,0.20425856,-2.1097393,-4.9987354,18.383745,0.9842739,-9.971188,-1.3926972,-11.656896,20.362648,0.004247329,0.0044593895,0.031409454,3.8834953,2.7732465,0.11764705,0.078179985,0.2217647,0.23941682,-39.98591,o,Ses05F_impro04,Ses05F_impro04_M021
452,37.292793,0.07421188,34.845383,36.552666,39.414608,4.5692253,24.09346,12.962447,15.243599,7.981557,0.104917176,0.49530134,0.056895006,0.09137054,0.14588177,0.08898677,0.8420875,0.5617696,0.56606513,0.40103203,0.018508479,0.55396855,29.843111,0.15791035,-5.1992373,-1.7555596,14.447317,0.623989,-16.708143,-0.7397591,0.016048899,1.0804653,1.0494131,0.51624656,8.346012,0.30299792,3.3365376,3.3741672,21.159363,0.32690123,650.37054,0.25201926,1372.1508,0.123258665,-115.62222,-0.8152088,1723.8826,0.11936322,1112.5846,0.27295828,-113.58801,-0.7733966,2720.761,0.09101301,1005.7933,0.3825959,-115.93396,-0.7359079,-14.377566,-0.37696606,24.11766,0.2079634,0.021114377,0.7922076,-0.011086402,-1.0331966,0.024751524,0.43805823,33.00572,0.11969705,-8.520497,-1.3072565,12.863468,0.8296948,-24.655079,-0.4483229,-13.84099,23.41225,-0.005570059,0.004934363,0.012986513,2.3972604,2.0725389,0.22166665,0.106366776,0.22153847,0.31203663,-48.084484,o,Ses05F_impro04,Ses05F_impro04_F023
453,27.84769,0.082325175,26.113705,28.019178,30.058186,3.944481,32.480305,9.451716,25.267519,2.0752583,0.12424502,0.7349229,0.057534594,0.07506996,0.19543144,0.13789685,2.0269458,1.5476319,1.4895802,0.9870515,0.031800386,1.0195835,30.689066,0.24216774,-2.0447986,-3.8210902,16.348118,0.60443217,-8.213981,-1.4439915,0.024025649,0.93195,1.2012032,0.71814054,5.486443,0.3836644,3.3660355,1.845529,24.974464,0.26432046,545.9839,0.36505288,1356.9236,0.15246722,-145.72939,-0.5793515,1580.4296,0.13915123,1037.6667,0.22506136,-147.78972,-0.5379415,2610.2607,0.117616005,992.79974,0.22302535,-149.44814,-0.51481664,-15.594338,-0.33629075,24.72195,0.21115187,0.026717972,0.8144372,-0.0068812645,-1.6584529,0.061204873,0.5071325,37.178944,0.18235573,-1.5711752,-7.07649,21.567568,0.60131556,-4.750921,-2.9658568,-13.446796,23.112204,-0.0010034932,0.0027685792,0.01993159,3.3078883,1.5463918,0.18166666,0.11991894,0.38,0.31300387,-42.514297,o,Ses05F_impro04,Ses05F_impro04_M022
454,36.46568,0.08110118,34.035187,36.04555,38.465126,4.4299393,35.080486,24.65164,21.667986,16.707918,0.17440392,0.46318734,0.094439276,0.1668515,0.24920398,0.15476471,1.467385,0.7082344,0.94235724,0.39810103,0.03518444,0.6255204,27.945375,0.20278305,-11.710461,-0.9446307,18.822834,0.7330924,-29.844404,-0.52922904,0.015714176,1.1609483,1.2377603,0.44704947,6.1733565,0.3673392,-0.7251878,-14.7013855,15.4854765,0.56993765,645.6378,0.286465,1371.1381,0.15177053,-95.02379,-0.9958159,1714.3354,0.13155556,1132.962,0.37138343,-92.57921,-0.94909656,2677.8035,0.08655513,1017.6649,0.42360637,-94.10797,-0.9202162,-10.637979,-0.37154508,18.919773,0.3357554,0.026642242,0.68830705,-0.013815576,-0.7921528,0.043535143,0.49112955,30.033335,0.1619384,-14.564727,-0.7678728,19.032398,0.80643123,-36.344902,-0.35239723,-10.085913,18.206602,0.007300614,-0.0018000597,0.023962634,3.5015447,2.173913,0.25904763,0.2550799,0.17999999,0.22099341,-43.986248,o,Ses05F_impro04,Ses05F_impro04_F024
455,28.546257,0.041726556,27.343046,28.67981,29.345463,2.0024166,67.75899,38.35693,8.441253,14.263008,0.07794034,0.5368579,0.05426737,0.058972903,0.08727731,0.03300994,0.7553774,0.7049125,0.99731153,0.70058733,0.019014964,1.0828134,25.545036,0.19043785,0.51548743,15.076903,20.551516,0.4809064,-4.0939946,-1.5665146,0.020153645,0.36808455,2.3399034,0.7667748,6.9553595,0.24137932,16.530102,0.34216157,28.095873,0.10331481,840.0042,0.26476985,1334.6338,0.115925305,-181.81454,-0.2783263,1916.4146,0.08289126,968.9484,0.24186063,-180.50708,-0.2873704,2911.869,0.07910863,1109.277,0.5103013,-180.4354,-0.28907597,-21.67254,-0.36412892,29.677614,0.3235763,-0.014990149,-1.4146495,0.0007584639,8.452416,0.053414777,0.448318,26.528494,0.26846436,16.258022,0.5477214,38.511986,0.304586,3.5254626,2.64869,-13.1219635,21.06759,-0.004618908,0.007611477,0.014531968,1.5789474,1.0810812,0.105,0.074999996,0.53,0.3466987,-46.227497,dag,Ses05F_impro04,Ses05F_impro04_M023
456,41.00231,0.07601878,38.871933,41.313797,43.485775,4.613842,40.338894,23.282694,31.757757,43.908737,0.24085647,0.6136875,0.07167785,0.22877036,0.35897464,0.28729677,2.1897347,1.3699118,1.2700108,0.50257766,0.06842274,1.004948,25.65625,0.21745822,-17.753614,-0.7425257,12.489333,1.297301,-30.85138,-0.60947394,0.023608364,1.1293504,1.3198208,0.48857975,6.11026,0.52726036,6.170087,2.2664385,16.245756,0.62058276,676.3122,0.359604,1387.1141,0.15783606,-117.97939,-0.8116581,1706.5153,0.13616818,1148.3591,0.29671338,-94.26984,-0.9736796,2685.3494,0.10216276,1020.85144,0.3473598,-96.54928,-0.9295775,-7.9244943,-0.638511,17.320127,0.42474812,0.027694143,0.64080006,-0.011278275,-1.2915788,0.08984255,0.76273596,26.762089,0.20609431,-24.159168,-0.49103457,12.124854,1.4769074,-38.65332,-0.3567424,-9.533976,19.176468,0.010865982,-0.0023719731,0.043451514,2.4390244,2.295082,0.23214285,0.16116443,0.17066666,0.2116118,-37.042202,s,Ses05F_impro04,Ses05F_impro04_F025
457,26.663256,0.091192886,25.70887,26.493933,28.212606,2.5037365,44.41298,15.1876545,23.831263,43.83546,0.15988071,0.82170063,0.0542393,0.10551728,0.2498922,0.1956529,2.6842968,1.8181808,2.3792398,1.3584663,0.039389223,0.9223501,33.360058,0.26187178,-3.1484118,-2.599111,15.978412,0.5291024,-8.307967,-1.5065372,0.014868249,0.91027945,0.96797407,0.7912419,5.884616,0.41588178,3.911138,1.6672765,26.372776,0.3393181,569.31,0.37810168,1398.205,0.20031051,-120.70096,-0.77611834,1559.9463,0.17344575,1084.674,0.20238428,-124.33118,-0.7097266,2653.6008,0.1101433,866.0859,0.28254688,-127.61301,-0.6618299,-16.361189,-0.33089417,26.34746,0.22956859,0.030335145,0.677719,-0.014550036,-0.88842624,0.07302778,0.45221516,41.44118,0.11384719,-1.1874132,-8.931114,17.334091,0.6886176,-12.482772,-1.4434352,-12.566844,22.786852,-0.00764824,0.007994858,0.015854957,3.6407769,1.2285013,0.332,0.30055946,0.45799997,0.32884037,-39.116936,o,Ses05F_impro04,Ses05F_impro04_M024
458,33.065742,0.14312088,27.226435,34.314426,38.370052,11.143618,22.927553,10.075374,64.25114,7.397911,0.17883156,0.7540107,0.053478006,0.13978802,0.299383,0.24590501,2.6065173,2.0131822,2.156685,1.0099107,0.049040716,0.993604,27.727709,0.36897126,1.2754678,7.992206,17.490784,0.66148865,-11.372406,-1.2808683,0.016809424,1.1844947,1.1231651,0.62679595,7.7589207,0.28309608,4.3512616,1.8516979,26.172716,0.25913906,589.02264,0.3280485,1311.3505,0.15722647,-123.485405,-0.71912646,1656.5035,0.15158029,889.30884,0.250301,-127.03665,-0.64613837,2728.7354,0.09489209,935.1685,0.285186,-128.67615,-0.62248313,-15.156294,-0.24869697,24.289602,0.24297999,0.035113357,0.6005569,-0.019883323,-0.7330668,0.074452564,0.65713227,33.433453,0.26630363,2.667514,3.127636,18.525446,0.89575166,-16.849161,-1.1372453,-12.221299,21.052666,0.002430106,0.0037984143,0.032465134,3.5928144,3.1250002,0.12399999,0.045869377,0.21249999,0.24933662,-37.726917,s,Ses05F_impro04,Ses05F_impro04_F026
459,27.225193,0.17509606,22.141317,27.252478,30.466873,8.325556,74.950264,105.07337,25.75645,17.248938,0.14439678,0.63773185,0.055384796,0.12315369,0.22185397,0.16646917,2.4385827,1.7486079,1.6399808,0.91604215,0.034846332,0.87974125,30.893005,0.33990374,-1.1858656,-7.6424613,21.593409,0.5751453,-9.737651,-1.2642198,0.018735433,1.0705199,1.0054737,0.7757712,6.0817504,0.4550894,1.9725064,3.1859343,25.55179,0.29082188,560.39874,0.32188642,1365.7458,0.19729246,-129.99571,-0.69354886,1642.4658,0.14795521,996.97095,0.27379563,-134.69107,-0.61597574,2654.1682,0.102716,1077.9725,0.40321904,-136.21136,-0.5947399,-16.799358,-0.30905235,25.510582,0.2795341,0.02945532,0.6779498,-0.016355978,-0.99459964,0.048990045,0.6228272,38.34725,0.19853204,1.0047411,8.8590145,23.61529,0.67483515,-12.635743,-1.2806168,-11.911455,20.42982,0.0023492821,0.0031649875,0.026888372,3.7617557,2.281668,0.15172413,0.11197504,0.2848148,0.46297243,-41.334885,o,Ses05F_impro04,Ses05F_impro04_M025
460,0.0,0.0,0.0,0.0,0.0,0.0,0.0,0.0,0.0,0.0,0.055443656,0.07118902,0.052736547,0.054457676,0.057195254,0.004458707,0.12395968,0.059508365,0.11979911,0.06914471,0.009906604,0.25343964,26.044497,0.057745792,-2.849183,-0.9684656,16.497704,0.16951334,-5.280572,-0.6250471,0.0,0.0,0.0,0.0,0.0,0.0,0.0,0.0,0.0,0.0,0.0,0.0,0.0,0.0,-201.0,0.0,0.0,0.0,0.0,0.0,-201.0,0.0,0.0,0.0,0.0,0.0,-201.0,0.0,0.0,0.0,0.0,0.0,0.0,0.0,0.0,0.0,0.0,0.0,0.0,0.0,0.0,0.0,0.0,0.0,0.0,0.0,-13.198922,22.586761,-0.007380311,0.008025342,0.009961713,8.542713,0.0,0.0,0.0,1.93,0.0,-58.481403,g,Ses05F_impro04,Ses05F_impro04_F027
461,29.438038,0.16325836,24.95049,27.706678,33.23347,8.28298,81.949394,57.345688,67.09877,70.00639,0.14885247,0.6251171,0.05673995,0.13630486,0.20177439,0.14503443,2.135292,2.1789937,1.2544605,0.7746727,0.034149755,0.8843937,29.067423,0.29834473,-6.341084,-1.3292909,16.594799,1.0143969,-11.256238,-0.9614496,0.027290916,1.0523248,1.3505106,0.66080546,4.099994,0.58024484,2.478325,3.3830845,20.55576,0.34218556,585.7556,0.30189344,1371.4017,0.1513147,-139.52309,-0.6171946,1621.3578,0.11803687,1078.2424,0.35168886,-140.0453,-0.5825517,2635.588,0.08758148,1058.7709,0.3903596,-141.81158,-0.5579566,-12.352052,-0.35160488,22.772417,0.24961735,0.01514592,1.1049943,-0.011355556,-0.96925163,0.05111331,0.7021178,34.33453,0.20349623,-5.390612,-1.855228,16.920046,1.2716821,-13.518859,-0.87419075,-10.687356,20.023827,-0.0007599446,0.002766544,0.026190918,3.0737705,2.6915114,0.113846146,0.084629364,0.22,0.21676189,-42.845886,o,Ses05F_impro04,Ses05F_impro04_M026
462,31.892145,0.13450938,27.2888,32.0352,35.859417,8.570618,80.50251,55.28807,46.534412,61.056656,0.19989677,0.58498937,0.11646367,0.1647007,0.2694148,0.15295115,2.3767202,1.6192621,1.9587209,2.0595546,0.049572043,0.8699741,31.043755,0.28049853,-5.0945234,-1.9953793,13.4551325,1.1594689,-17.12823,-0.6881635,0.020882137,1.2060356,1.1495562,0.5166866,5.57667,0.5289149,-1.3747127,-7.0149965,20.00159,0.36580396,588.5638,0.27772963,1386.4304,0.14941794,-100.632576,-0.92107844,1620.8009,0.11548343,1108.3029,0.300658,-103.37256,-0.8377237,2659.901,0.08822449,1003.9341,0.36841306,-107.00958,-0.77798724,-13.449564,-0.28811255,24.064926,0.22414006,0.019134438,0.9883787,-0.014129089,-0.79985344,0.05490997,0.8376994,34.76689,0.16631676,-5.9301405,-1.4640911,13.3267355,1.186367,-18.084831,-0.65277326,-11.29274,20.623777,0.007805325,-0.0055867787,0.04395312,2.6666667,3.0769231,0.163125,0.1581818,0.15066667,0.12135164,-39.25492,o,Ses05F_impro04,Ses05F_impro04_F028
463,30.711588,0.1425386,27.156578,29.971466,35.302914,8.146336,29.611597,16.98822,101.122955,132.46619,0.223579,0.6425966,0.09096316,0.18309642,0.32665113,0.23568797,2.56077,1.2989506,2.4912426,1.8763025,0.05935073,0.8284951,30.047377,0.30256453,-2.566927,-3.8553345,15.301148,0.842359,-13.204301,-1.0240562,0.015942706,1.1973155,1.0456303,0.55026704,6.1512003,0.4045456,-0.1911832,-42.86153,20.32472,0.3552445,528.97687,0.29649207,1378.454,0.16840203,-102.12358,-0.9189802,1569.8114,0.121730104,1075.8529,0.2544819,-105.97033,-0.82686436,2577.829,0.1015494,967.0382,0.27870902,-108.9397,-0.77796113,-14.131086,-0.36099324,23.681105,0.25606963,0.028158411,0.7423003,-0.015968211,-0.9021425,0.0781084,0.6116996,34.75357,0.18366411,-3.7340925,-2.9903533,14.928479,1.0236598,-15.358346,-0.983168,-11.460755,21.37451,0.007119452,0.0006443881,0.04146688,3.7406485,2.777778,0.17636363,0.1484632,0.16363636,0.20114547,-37.36894,q,Ses05F_impro04,Ses05F_impro04_M027
464,26.752092,0.03202889,25.975637,26.56539,27.392715,1.417078,28.199543,30.888412,18.113441,8.643131,0.18636413,0.7082056,0.05629912,0.14683925,0.33427513,0.277976,2.0687912,0.8593947,2.982236,0.887968,0.045515507,0.76279074,32.301334,0.19513075,-7.3493533,-0.9465892,25.585003,0.50076175,-1.8214246,-5.4591722,0.014174602,0.78592813,0.9689929,0.44745162,5.614945,0.283091,1.139314,3.5991328,19.491339,0.32328126,641.5489,0.38873848,1455.5885,0.29694793,-127.553185,-0.72297513,1618.717,0.11008829,982.825,0.20638995,-127.8444,-0.69424015,2626.8772,0.104299955,958.7586,0.36294264,-128.7499,-0.68086034,-10.682316,-0.33048394,17.180035,0.34176046,0.041763894,0.4818837,-0.0045392034,-2.9002864,0.07381599,0.30911118,37.812622,0.11942965,-12.553665,-0.4906126,30.30597,0.48087093,-3.6657345,-3.6640928,-13.1065445,23.093115,-0.0019078822,0.009027901,0.028177192,4.205608,1.9138757,0.1925,0.06905613,0.305,0.34731108,-39.191532,ans,Ses05F_impro04,Ses05F_impro04_F029
465,28.962198,0.1306558,26.0539,26.95977,33.488926,7.435026,9.71278,0.0,-5.0108724,0.0,0.20166627,0.5928868,0.06529037,0.18171377,0.3289056,0.26361525,1.8858601,0.8106278,2.7221649,1.1482035,0.04767183,0.6858254,30.81922,0.3530729,-5.600383,-1.653184,27.694988,0.4680652,-3.2148383,-3.7211883,0.015204651,0.7747944,0.8974911,0.46832868,6.8500705,0.37498507,5.5733414,1.4708792,20.520475,0.2882858,598.8777,0.4000371,1396.9033,0.279675,-106.81542,-0.884124,1609.9761,0.10585119,961.5479,0.24610677,-106.0476,-0.8367027,2602.3926,0.10003789,1028.3696,0.38412547,-107.18002,-0.818216,-12.880161,-0.3936047,19.64337,0.37329435,0.03821369,0.5007401,-0.0021523875,-5.8940463,0.063966215,0.4110046,37.11989,0.11871847,-8.474486,-1.0790062,31.768442,0.42448047,-0.83575636,-14.980535,-9.903343,18.718822,0.00607899,0.008474818,0.033148017,4.5248866,2.314815,0.212,0.07304793,0.196,0.14430523,-38.82712,q,Ses05F_impro04,Ses05F_impro04_M028
466,35.753147,0.08224578,34.12995,35.182377,36.229774,2.099823,43.590343,26.705173,107.993935,105.703384,0.13117148,0.45175722,0.07721744,0.11970597,0.20202394,0.1248065,0.69359785,0.39898467,0.33321497,0.15061961,0.023795104,0.68073934,28.958351,0.28467727,-7.567485,-1.588726,14.723895,0.70409244,-19.540522,-0.6450622,0.014727356,0.8789747,1.0758435,0.39883584,7.079283,0.37325513,1.1833901,7.955148,19.485922,0.38482806,605.0923,0.25733167,1399.3245,0.14272095,-104.30472,-0.90035355,1662.6605,0.111047395,1142.4985,0.29929546,-105.81515,-0.8213075,2644.3826,0.098875485,1145.5781,0.4382262,-108.812096,-0.77273214,-14.375456,-0.30515862,23.899206,0.20278852,0.019999055,0.869533,-0.008187738,-1.1006647,0.024928832,0.5480062,32.680668,0.10304397,-8.565945,-1.3852813,14.443718,0.8069309,-22.008282,-0.5762688,-9.986577,19.460434,0.0059284046,0.0016692778,0.023071732,1.4492755,2.647059,0.18777779,0.11592889,0.17,0.11661903,-46.581863,ans,Ses05F_impro04,Ses05F_impro04_F030
467,28.766113,0.18152013,25.436657,25.863014,34.724594,9.287937,52.699238,0.0,16.735855,5.952339,0.22637959,0.5801726,0.08000197,0.23082843,0.32024804,0.24024606,2.7736561,1.8561502,1.8890202,1.6123357,0.052976742,0.6569958,30.383198,0.2853763,-9.214658,-1.4930161,19.967884,0.63116336,-10.73083,-1.2724948,0.013163496,0.8682036,1.2021544,0.5341076,4.946474,0.49955234,-1.1548367,-4.9317484,15.477089,0.4892824,582.3552,0.30631757,1359.4916,0.12832141,-91.75731,-1.0369905,1586.6035,0.09854068,1082.1396,0.20906053,-95.75893,-0.937055,2553.7532,0.10630088,922.8574,0.249226,-96.43234,-0.92702264,-10.285385,-0.32012525,17.773203,0.20952518,0.029377243,0.61740756,-0.0076802145,-1.607815,0.069990225,0.46421045,34.214798,0.13287473,-15.445236,-0.72096735,23.278006,0.6803137,-12.023909,-1.1834767,-12.153405,20.610006,0.001234291,0.0028560592,0.03251201,2.9411764,3.0769231,0.17,0.07968688,0.13499999,0.121757954,-39.028915,q,Ses05F_impro04,Ses05F_impro04_M029
468,29.22191,0.2043229,25.41544,26.226814,34.904892,9.489452,40.220413,3.14707,26.832277,27.44609,0.26307485,0.46550083,0.14863974,0.24788082,0.33524725,0.18660751,3.2473464,2.0382822,2.564241,1.3208307,0.06214634,0.5619695,29.53986,0.36341065,-8.415477,-1.6142689,21.736885,0.50850534,-14.814127,-1.0516927,0.013312928,0.83891934,1.1438823,0.4661716,5.0173388,0.44302902,0.655237,11.51878,17.083496,0.41154203,600.94385,0.28669205,1329.1713,0.113854535,-77.63787,-1.170151,1626.8743,0.10663436,1009.84155,0.22104211,-82.323,-1.0403516,2592.944,0.103022814,889.0802,0.25944552,-83.8008,-1.0124427,-10.704298,-0.3166351,17.430544,0.2321227,0.029049218,0.5984939,-0.010151475,-1.2771012,0.07128182,0.5146641,33.822483,0.16130233,-14.211238,-0.7560394,23.91495,0.5523415,-14.875801,-0.9780678,-8.799776,15.201137,0.017278526,-0.0013999599,0.04843772,3.6458335,3.804348,0.15428571,0.054734983,0.08857142,0.033563826,-37.70101,ans,Ses05F_impro04,Ses05F_impro04_F031
469,30.499844,0.27550617,25.324272,26.705986,33.218796,7.8945236,123.02803,101.52327,15.8807955,18.0381,0.22925624,0.49658749,0.12896405,0.21152024,0.3108261,0.18186204,3.0112658,2.2941363,1.8290642,1.0344976,0.05893888,0.6411678,33.631653,0.3438992,-5.5027356,-1.8023944,14.210648,0.9074446,-18.756596,-0.8185418,0.027439533,1.4466761,1.0036466,0.588758,5.5996237,0.40683132,0.9943557,8.809791,25.457014,0.3800802,680.58136,0.29556212,1315.7578,0.11091322,-92.45152,-1.0122899,1695.5142,0.12219787,1143.2827,0.3987008,-98.01676,-0.8798516,2714.8918,0.09740205,890.9979,0.29827592,-101.158516,-0.8279624,-14.770621,-0.4957194,25.153744,0.40189466,0.040605534,0.38430557,-0.018314753,-1.1396084,0.071321495,0.5574937,38.61276,0.21550192,-4.4406734,-2.4440646,15.548845,1.0130831,-20.057793,-0.81412345,-9.523319,18.368929,0.021130165,-0.0034412963,0.045198474,4.188482,3.2258065,0.16333334,0.09122621,0.10714286,0.08030554,-37.73779,q,Ses05F_impro04,Ses05F_impro04_M030
470,31.831171,0.24792525,25.092314,29.357592,38.991074,13.89876,85.75691,71.426704,241.38083,256.30054,0.21650527,0.43133703,0.14306396,0.19401267,0.28790963,0.14484566,2.1677563,1.7040825,1.7080263,1.0218897,0.055374045,0.57559055,32.14039,0.34808332,-2.9595966,-3.7200098,18.230207,0.8797967,-17.44019,-0.95563626,0.027976835,1.1328756,1.1520448,0.66575456,5.9266467,0.5359045,3.5299358,2.734305,23.149614,0.45670393,618.16284,0.34896594,1345.5803,0.13394192,-89.826614,-1.0328339,1652.5243,0.1295213,1066.3951,0.40723634,-95.36822,-0.8811965,2676.9985,0.09512275,934.31244,0.30401498,-97.24135,-0.8498201,-14.070839,-0.4652716,23.459957,0.43015403,0.03244875,0.5654567,-0.014025637,-1.173647,0.06245875,0.5516908,34.208702,0.2721754,-2.7238395,-3.6774476,20.419737,0.91791004,-17.451866,-1.0269141,-11.394807,20.275787,0.019426333,-0.007078333,0.04688769,3.125,3.6,0.15222222,0.05730576,0.12,0.084557675,-38.97646,ans,Ses05F_impro04,Ses05F_impro04_F032
471,29.57186,0.18286918,24.873987,26.261625,36.049076,11.175089,82.493164,69.0444,149.64313,229.66475,0.17741434,0.5983589,0.06708207,0.16019751,0.2533755,0.18629342,2.1624095,1.3418834,2.0229602,1.1709188,0.043490123,0.76300764,30.209358,0.29753664,-2.999054,-3.0713334,27.849789,0.5707821,-6.123357,-2.3195972,0.019269189,0.8778702,1.0948817,0.7216824,6.22008,0.50951886,3.7894952,1.974184,22.370676,0.41024828,574.195,0.42004168,1324.0596,0.15986228,-111.33278,-0.831313,1627.8958,0.14406204,984.4445,0.3435546,-112.9005,-0.76141405,2645.1113,0.10261119,917.55194,0.27786693,-114.19169,-0.7426846,-14.202166,-0.42644656,21.34541,0.42108917,0.024596173,0.70404214,-0.005448917,-2.5629559,0.056832053,0.55040586,33.727364,0.2307119,-2.3859055,-3.9810452,30.500847,0.5864166,-7.7318687,-2.2906446,-11.873017,19.589386,0.0020315007,0.0052475175,0.0321351,3.508772,3.0456855,0.14916667,0.08577668,0.14615385,0.18432988,-40.226685,q,Ses05F_impro04,Ses05F_impro04_M031
472,33.779274,0.08914182,30.634617,32.982864,36.657585,6.0229683,35.495163,28.56425,32.824642,31.949144,0.093061216,0.45665556,0.05704696,0.07951204,0.11745956,0.060412597,0.55373156,0.3603008,0.46270937,0.2599544,0.016882276,0.62008566,29.194403,0.21987972,-2.0073705,-4.364151,10.280635,0.7877994,-13.961995,-0.8224365,0.01877013,1.8927064,1.1291616,0.46474364,5.6340356,0.37070146,-0.6221809,-12.920134,24.246775,0.3011908,553.74695,0.25239414,1389.8461,0.13835487,-125.72593,-0.74616086,1584.0787,0.10452561,1161.9716,0.2219749,-127.289635,-0.68114877,2669.131,0.07259317,965.349,0.28566477,-129.96394,-0.6416042,-15.431472,-0.2351028,25.485933,0.17746216,0.024660964,0.6457,-0.013672801,-0.7427826,0.021488586,0.49168482,34.081238,0.1294275,-4.005411,-2.1399035,7.724902,1.1692809,-23.655094,-0.3613983,-13.27661,22.860844,-0.0007338921,0.0042028264,0.013956895,2.7675276,2.234637,0.16916665,0.13493568,0.2376923,0.2508188,-50.25995,ans,Ses05F_impro04,Ses05F_impro04_F033
473,26.93281,0.14824982,23.446636,24.777382,31.704535,8.257898,67.34568,64.19326,13.565581,2.0191193,0.19395414,0.76008224,0.05693108,0.13798065,0.32717815,0.27024707,2.7856445,2.008025,2.8165636,1.8026427,0.049554948,0.90024847,30.652092,0.2739967,-9.897789,-1.0939442,14.558633,0.7467968,-14.463472,-0.9929465,0.022699874,1.0440137,1.3452603,0.59013206,3.1284645,0.80833644,0.4796513,12.795187,20.72249,0.38277367,628.1744,0.33367452,1350.7347,0.12735166,-135.21124,-0.64849997,1603.4033,0.16140176,1142.5555,0.2434421,-136.75127,-0.6165838,2665.095,0.11197442,811.9662,0.2885302,-139.08427,-0.5840402,-12.14439,-0.4386122,22.391342,0.30615336,0.031598628,0.6286185,-0.014982782,-1.2671398,0.0846386,0.49133953,37.402573,0.16190717,-9.295195,-1.3761544,15.45652,1.0001496,-21.907206,-0.8141606,-9.87041,19.5382,0.0028498743,0.007285317,0.03256517,3.5040433,2.7322404,0.114999995,0.0975961,0.20909089,0.2182765,-39.729588,q,Ses05F_impro04,Ses05F_impro04_M032
474,28.942884,0.14694297,23.742254,31.098679,32.71373,8.971476,18.467285,0.0,15.092603,0.0,0.21689251,0.70976275,0.05694813,0.21356206,0.37019086,0.31324273,2.7447646,1.6199074,2.8326442,1.8885909,0.05597339,0.86514956,30.546953,0.3108435,-11.242362,-0.9503287,11.606936,1.0025136,-18.069748,-0.75087684,0.01945074,0.73939925,1.460918,0.56868136,2.923631,0.93922734,-1.9659468,-3.1802807,17.83846,0.4411575,538.786,0.27680668,1361.705,0.13648263,-132.89479,-0.66195,1515.3652,0.13551946,1129.4152,0.259165,-134.43274,-0.63048244,2599.029,0.11781534,869.2974,0.2751904,-137.58937,-0.585787,-10.451522,-0.46011388,22.241888,0.3554546,0.03436669,0.49385086,-0.019089788,-0.7809831,0.09776044,0.4648859,36.957684,0.18716112,-14.2067,-0.89477,8.824612,1.6865345,-28.245756,-0.4151118,-9.469958,18.950787,0.005100512,0.0050352598,0.035920642,3.3492825,3.4313726,0.09142857,0.090147264,0.15625,0.20278914,-39.272465,ans,Ses05F_impro04,Ses05F_impro04_F034
475,24.232307,0.10898489,22.255852,23.537674,25.164154,2.9083023,98.50665,69.13285,15.7602415,5.973913,0.16008973,0.58817893,0.058315076,0.14372237,0.23824161,0.17992654,2.5076866,1.3504899,2.2310529,1.3486246,0.036106367,0.7688788,24.995916,0.4382627,-0.60078305,-19.299938,20.785666,0.78954244,-7.481163,-1.5372201,0.016046122,0.95595306,1.3983177,0.5567746,3.6485257,0.52834255,1.5330693,2.526813,18.576105,0.32228214,586.68097,0.3792596,1278.8961,0.15756112,-132.74883,-0.6689556,1621.847,0.1187826,895.38727,0.27731898,-134.86768,-0.62065786,2582.9453,0.10577798,958.2851,0.39929947,-134.87656,-0.6205518,-12.669789,-0.3163786,18.573177,0.30969685,0.032720465,0.42988154,-0.009623083,-1.505292,0.059599947,0.41127476,32.515575,0.21150024,-5.038864,-1.6722876,32.323555,0.62558204,-6.7784834,-2.1797657,-10.462697,18.14553,0.00574877,0.004551092,0.024082942,4.424779,2.994012,0.109,0.08653901,0.18545453,0.21029691,-42.096428,q,Ses05F_impro04,Ses05F_impro04_M033
476,29.82826,0.22000945,22.265425,31.754562,36.598625,14.3332,74.70536,0.0,5.8432,6.8085275,0.15054399,0.5455991,0.068068884,0.14225198,0.21293831,0.14486942,1.828538,1.1481401,1.7650641,1.3312145,0.0327704,0.7750366,28.127754,0.34393397,-3.7150617,-3.3325818,12.186703,0.8945727,-12.710004,-0.9403637,0.010994101,0.75108737,1.1125135,0.5263715,5.5890994,0.5420762,-1.0422083,-5.961193,20.592829,0.3396353,583.6404,0.3064142,1379.0565,0.13795611,-121.30873,-0.7750286,1610.8864,0.11310903,1073.9177,0.1978631,-123.16998,-0.7200939,2622.721,0.09994968,1074.6925,0.3320185,-125.92554,-0.6781085,-13.593166,-0.3331356,22.814756,0.2803528,0.037039176,0.32354608,-0.014740015,-0.77804166,0.04612452,0.54889834,35.722485,0.15243292,-10.188957,-1.1222906,10.270263,1.3738542,-18.74795,-0.65843254,-11.801991,20.161,0.005819477,0.0016019332,0.024406435,3.7288134,2.4137933,0.16142856,0.16496134,0.2025,0.19155613,-43.311897,ans,Ses05F_impro04,Ses05F_impro04_F035
477,33.233013,0.04979604,31.876663,33.01699,34.3235,2.4468384,74.24209,69.797585,15.405123,11.542845,0.079077765,0.33330065,0.055698026,0.067303024,0.104813576,0.04911555,0.35183597,0.19900241,0.3305845,0.19951303,0.013348049,0.40923476,29.907528,0.19073053,-4.4492397,-1.252722,10.359396,0.8225094,-11.376822,-0.8533441,0.015796324,1.3122319,1.208555,0.4129687,5.484217,0.3278937,-0.9934788,-6.2270555,20.283777,0.2860282,575.2548,0.21831296,1437.2842,0.17982806,-138.55869,-0.63675636,1585.869,0.119292565,1271.4894,0.20934686,-139.7206,-0.5970212,2620.2559,0.085840195,1069.8368,0.35457212,-142.51686,-0.55767894,-14.889603,-0.19515912,27.021269,0.16739833,0.008643338,1.6433506,-0.011149878,-0.7347588,0.017394267,0.23812771,35.84682,0.088785514,-4.538403,-1.354105,6.979663,1.6615087,-20.728691,-0.34942237,-11.9581175,21.895094,-0.0017003979,0.007004567,0.011415754,2.4456522,1.9151847,0.16428572,0.12110882,0.33642855,0.36466438,-53.07421,s,Ses05F_impro04,Ses05F_impro04_F036
478,25.411295,0.08317506,23.585043,25.985556,26.987286,3.4022427,34.184742,17.277737,3.5769348,22.501436,0.10277077,0.8554914,0.054480635,0.05783079,0.14414847,0.089667834,2.0049407,1.3728881,1.9746258,1.9529747,0.024224555,1.2427965,28.364262,0.256305,-4.055342,-1.5533305,16.506588,0.5409868,-6.1492925,-1.3843253,0.018243877,0.73104554,1.4019551,0.5649516,3.9966881,0.5053287,2.012386,2.3376193,22.338243,0.29105,534.18933,0.34698358,1372.3077,0.12632428,-165.65685,-0.43840316,1524.7341,0.13609585,1066.2797,0.22906215,-167.3265,-0.41216156,2499.7896,0.11646592,899.9962,0.2920208,-168.24197,-0.39811236,-14.195175,-0.37258214,22.145754,0.2917368,0.030943822,0.68755805,-0.008230568,-1.4317262,0.065086514,0.73849016,36.085754,0.24201451,-3.1263556,-2.7226152,20.382597,0.7269114,-9.941471,-1.3490082,-12.028611,21.339191,-0.0041990164,0.008645397,0.015483949,1.6819572,1.3867489,0.12,0.046904158,0.522,0.58999664,-43.873512,q,Ses05F_impro04,Ses05F_impro04_M034
479,28.323849,0.11431625,25.407158,26.572721,31.983982,6.576824,57.21175,41.076412,24.732468,23.344275,0.1768044,0.864415,0.056143135,0.107364,0.29046956,0.23432642,3.1995587,2.185479,3.4727032,1.6197513,0.057210322,1.1366163,29.271389,0.31961733,0.81546533,9.8001375,20.31423,0.44021702,-6.343341,-1.4673531,0.020224467,1.0852274,1.3249843,0.60043687,5.525218,0.4009227,0.4808359,11.074314,26.225767,0.2502385,598.2526,0.4079045,1263.7732,0.1762779,-143.17906,-0.5975542,1643.4633,0.14606486,974.1451,0.20827895,-144.73993,-0.5537913,2672.2593,0.10277209,916.2417,0.2783898,-146.36705,-0.5313277,-15.3559475,-0.39792883,24.77823,0.2712122,0.036395654,0.77383626,-0.009102628,-1.3405792,0.12115033,0.54879314,33.224583,0.30165273,1.9147346,5.321426,24.584522,0.598906,-5.445915,-2.1493564,-13.536909,23.12409,-0.0037213515,0.0070293397,0.02866465,3.10559,2.5806453,0.11,0.040620193,0.2575,0.3139566,-36.98343,ans,Ses05F_impro04,Ses05F_impro04_F037
480,28.153477,0.12235585,25.10951,26.374514,32.02632,6.916811,41.148975,33.51291,55.099937,46.533356,0.15444589,0.7907348,0.059750177,0.10944877,0.21772306,0.15797287,2.973266,1.5633539,2.581978,1.8971026,0.04791047,1.0721573,29.203318,0.3358303,1.2845789,7.3821206,19.496923,0.60742205,-7.2099113,-1.3942367,0.02387632,1.0054281,1.4417592,0.7486171,5.4804606,0.41760743,4.033862,1.8254372,28.940979,0.24222957,606.8409,0.36406338,1330.8628,0.15970507,-146.63075,-0.5568889,1657.0597,0.13698983,1050.4402,0.254,-149.8265,-0.5034746,2729.894,0.09954914,902.2653,0.2401406,-151.03012,-0.48707044,-18.22072,-0.37066707,27.28291,0.265152,0.027595837,0.9650188,-0.010369255,-1.4779313,0.09401649,0.623723,34.525764,0.29925564,7.0348644,1.4742237,25.940727,0.56260645,-7.015562,-1.9803933,-12.959515,22.852695,-0.0011308315,0.0036303373,0.029969363,3.4700317,2.5641026,0.10375,0.06632071,0.23555554,0.23542447,-38.777943,q,Ses05F_impro04,Ses05F_impro04_M035
481,32.650005,0.02604898,31.870167,33.0261,33.318405,1.4482384,11.57776,0.0,-2.877967,5.170829,0.085906304,0.29906204,0.06125691,0.08039123,0.10634594,0.045089025,0.4146241,0.15459922,0.04622976,0.33683005,0.014839069,0.4338609,26.933601,0.25653604,-2.6954565,-1.841704,11.900899,0.6116806,-8.869571,-0.8689402,0.0130163785,0.64494246,1.3019568,0.46170998,6.041878,0.26988626,-1.7031583,-4.9784293,25.201544,0.26827604,552.74866,0.22429055,1429.095,0.09903372,-167.3658,-0.42528713,1597.3888,0.13961285,1397.3533,0.5626343,-169.69772,-0.38601825,2672.792,0.08599049,1045.9679,0.32679707,-171.43694,-0.36083415,-17.453304,-0.1679824,28.507757,0.15261456,0.0124052875,0.9488141,-0.019042758,-0.54422,0.018075677,0.2706251,37.060555,0.081047036,-0.22293407,-26.529829,5.756033,1.7055874,-19.375946,-0.3650043,-11.229927,20.374031,-0.0042213853,0.005364253,0.013568199,3.3582091,1.5209126,0.1025,0.040233694,0.42599997,0.42967895,-52.746796,ans,Ses05F_impro04,Ses05F_impro04_F038
482,22.659065,0.014405467,22.374786,22.674969,22.949705,0.57491875,0.0,0.0,-0.2069478,0.0,0.09339648,0.5751658,0.057381045,0.067378886,0.13392995,0.076548904,0.7438528,0.48152933,0.42136326,0.42541596,0.01999888,0.9419461,25.456448,0.42776752,-1.7072917,-3.2495239,15.268266,0.48967534,-9.356025,-0.9758634,0.0,0.0,4.688302,0.0,0.97758347,0.5968347,1.6492863,0.27918968,29.151089,0.058718164,863.9717,0.064327605,1190.3982,0.02141509,-195.9479,-0.141514,1977.4961,0.024148671,980.402,0.00551207,-196.5106,-0.12533772,3035.871,0.021557162,787.01483,0.043920618,-196.62971,-0.121865846,-17.975378,-0.28685227,26.200584,0.116066165,0.030459343,0.20495619,-0.028559351,-0.4808815,0.045549262,0.39761153,37.09167,0.1294459,5.130675,0.5733418,8.710396,0.23468311,-20.180147,-0.17992675,-11.2987795,20.443241,-0.001720261,0.0050196797,0.019857826,2.4242425,0.62500006,0.03,0.0,0.77,0.16,-48.308212,ag,Ses05F_impro04,Ses05F_impro04_M036
483,33.41644,0.027749624,32.547905,33.23047,34.014442,1.4665375,16.359741,5.9255977,9.7031975,0.5786834,0.07634637,0.39234275,0.056332834,0.06269038,0.08976414,0.033431306,0.4637728,0.47350848,0.30486646,0.22478794,0.012963309,0.51166666,26.732126,0.24240114,-4.3527026,-1.1410261,13.613931,0.47433415,-7.982876,-1.2434714,0.016069798,0.723933,1.33994,0.53413635,6.8365865,0.32455248,0.48382297,13.766608,23.46886,0.27406558,721.8036,0.2737693,1361.8052,0.15353946,-155.67142,-0.5163087,1709.0199,0.112054035,1166.5712,0.20976721,-157.47975,-0.4811881,2835.472,0.08818738,976.3652,0.27435932,-160.07655,-0.4452404,-17.369436,-0.24477226,30.892418,0.1642787,0.008123636,2.032276,-0.009473232,-1.5122529,0.02132466,0.33584884,36.02454,0.115444265,-3.1749318,-2.5376263,7.5135484,1.3342478,-16.403103,-0.90151477,-11.216837,20.407515,-0.0056773974,0.008945195,0.010445855,2.6717558,0.77821016,0.29999998,0.12,0.64,0.37094474,-52.343456,b,Ses05F_impro04,Ses05F_impro04_F039
484,22.254566,0.031397514,21.69408,22.012947,22.811302,1.1172218,41.124104,33.418983,6.3304963,6.3688254,0.121998295,0.54693824,0.06131213,0.10157922,0.17443508,0.11312295,1.6145021,0.708452,1.7683952,1.2372355,0.025023622,0.77418935,28.76274,0.36743155,-4.6900163,-2.0121531,18.078482,0.56791043,-9.887766,-0.9559847,0.018329395,0.827495,1.1616983,0.7917304,3.172341,0.4418469,4.346356,0.6086814,21.982954,0.3409795,632.3547,0.37028638,1402.7671,0.16606312,-143.78629,-0.60528123,1665.8752,0.1462896,1110.3181,0.2543355,-147.3439,-0.5495588,2644.8984,0.11286365,982.2575,0.3131774,-148.30974,-0.5365263,-14.233811,-0.29487294,22.339167,0.2896356,0.03204381,0.48172835,-0.0136205,-0.88056785,0.03870972,0.5617345,38.405956,0.11155087,-7.229081,-1.1991369,22.132084,0.6557344,-12.606729,-1.1244612,-10.232613,19.184914,0.002808257,0.005468344,0.020163912,4.8850574,1.7492713,0.155,0.10531698,0.33857143,0.26599833,-46.18221,o,Ses05F_impro04,Ses05F_impro04_M037
485,30.438292,0.008655089,30.148376,30.561537,30.689587,0.5412102,0.0,0.0,-0.09126445,0.0,0.0666654,0.25873232,0.054658026,0.057975173,0.08337779,0.028719768,0.33648595,0.13950197,0.1575476,0.05604012,0.010806759,0.37602222,25.759972,0.28152508,-3.6471992,-1.0920529,14.71538,0.3712264,-9.276655,-0.78793913,0.028100967,0.5407498,1.0068266,0.48864973,4.1650643,0.14004384,7.7516847,0.6665823,22.748075,0.062680066,722.2046,0.061016403,1334.6426,0.064406544,-190.8064,-0.19871859,1872.5657,0.04185238,1190.828,0.11392851,-191.75339,-0.17913556,2820.574,0.031421334,1039.1217,0.133379,-192.16878,-0.17060013,-16.489367,-0.08905401,24.818409,0.051997535,0.009894698,0.8133301,-0.024725527,-0.40747693,0.02052734,0.12904802,36.632614,0.054146484,-3.7242355,-0.6171061,8.044458,0.07339339,-21.614073,-0.09681824,-11.614586,20.25585,-0.0048384517,0.0075238054,0.01043566,1.388889,1.438849,0.024999999,0.005,0.42999998,0.3001111,-56.677406,ag,Ses05F_impro04,Ses05F_impro04_F040
486,22.752527,0.04256304,22.14306,22.743568,23.524734,1.3816738,10.172431,0.0,-5.9191737,14.59599,0.093743734,0.6400716,0.05396558,0.056974158,0.13854103,0.084575444,1.5804572,1.0582443,2.378382,1.1892775,0.01763738,1.0251747,23.009626,0.4767632,-0.8767928,-10.179964,15.190992,0.38023126,-8.673173,-1.0870277,0.014734905,0.586436,1.1472145,0.32613805,2.5880883,0.6556093,4.479203,0.7783344,18.736506,0.32828978,597.1098,0.3843656,1330.6155,0.095078096,-174.73825,-0.3615399,1649.167,0.1855337,994.92334,0.15578914,-176.32043,-0.3362966,2578.9456,0.122712076,877.6037,0.23426667,-176.3001,-0.33747813,-12.530892,-0.3339013,17.59889,0.33117783,0.027943239,0.50492996,-0.014700986,-0.80814385,0.048437417,0.49686903,32.489693,0.18018568,-2.2324467,-4.256433,25.884554,0.14264323,-14.38475,-1.0477443,-9.764163,18.230701,-0.0021191083,0.00991668,0.013308108,2.2522523,1.3824886,0.086666666,0.049888767,0.45999998,0.33037856,-49.072243,q,Ses05F_impro04,Ses05F_impro04_M038
487,34.560627,0.03809167,33.150234,34.355286,35.703773,2.5535393,15.176239,1.4340968,59.403244,38.304485,0.06552149,0.20426536,0.054563083,0.058771744,0.0792311,0.024668016,0.21719363,0.11905486,0.14517325,0.054203644,0.010990891,0.29931638,27.776186,0.14252071,-2.293592,-1.6237295,15.82205,0.34583247,-6.4904733,-1.0631794,0.02139383,0.71294445,1.7260157,0.39427656,6.0600286,0.24000217,-0.060718935,-114.93089,20.74328,0.2899575,697.7024,0.3038803,1373.9231,0.10170821,-167.17932,-0.40286952,1793.9542,0.12623863,1122.7354,0.21495444,-167.85245,-0.3796932,2827.4167,0.10102652,1117.0831,0.27492446,-168.84065,-0.36570314,-16.323353,-0.16219077,24.596872,0.15145709,0.004912784,2.835926,-0.006130115,-1.5295105,0.014005176,0.16848738,32.438965,0.08830127,0.35317537,12.148647,14.125799,0.5195377,-12.434293,-0.47014585,-12.932406,21.788248,-0.005590579,0.009428274,0.010466975,2.3622048,2.4096386,0.068333335,0.040994577,0.27857143,0.2997346,-55.803596,ans,Ses05F_impro04,Ses05F_impro04_F041
488,25.983467,0.12128705,23.595554,25.457363,29.31059,5.7150364,40.11466,54.28554,43.78487,39.450512,0.11145584,0.69266844,0.05470221,0.067826785,0.17397606,0.11927386,1.9116939,1.1130487,1.6799877,1.4650192,0.025163572,0.9239075,30.599941,0.26624113,-2.5592425,-3.241258,17.510431,0.6771408,-6.4584546,-1.7205975,0.019519456,0.96450406,1.1814127,0.7823963,4.998665,0.47329876,3.522386,1.4866114,26.648788,0.30582523,552.84406,0.369565,1415.0271,0.17397174,-147.29918,-0.57263744,1584.0424,0.14173234,1072.3599,0.30002066,-150.50865,-0.5197591,2640.438,0.108913586,1060.492,0.34771043,-152.07378,-0.49828884,-15.863868,-0.34706822,25.106808,0.30487743,0.02713323,0.727931,-0.012610438,-1.1220226,0.046363287,0.5556997,39.251183,0.16357134,-1.7388482,-6.2372966,23.053785,0.76250106,-9.315905,-1.6038787,-12.382254,21.975983,-0.0014243351,0.0073027564,0.017121146,2.686818,1.7706578,0.14714286,0.12220758,0.3790909,0.4947994,-44.76084,s,Ses05F_impro04,Ses05F_impro04_M039
489,29.903973,0.13948092,24.922125,31.682465,34.066277,9.144152,157.72693,122.01864,30.730068,16.709618,0.08897176,0.8302882,0.053469718,0.058670532,0.09496569,0.04149597,3.0965447,2.2339897,1.3562199,1.1370022,0.018365806,1.1837596,28.648865,0.20300382,-2.3473017,-2.5076668,16.75204,0.58417165,-7.5889797,-1.1306007,0.02035559,1.2219869,1.2720335,0.6125137,5.4302707,0.34506676,1.8900499,3.550273,24.636051,0.280817,690.7961,0.31725562,1311.1624,0.1678339,-167.96889,-0.4096236,1764.3059,0.118992105,1048.3245,0.2712825,-169.11743,-0.38419166,2795.3394,0.085127726,940.67725,0.35441595,-169.76749,-0.3753335,-16.317095,-0.2711621,24.468222,0.27788484,0.017445067,1.2899474,-0.010778538,-1.0075245,0.03700546,0.90288085,34.571537,0.19148746,-0.745875,-11.164692,23.7353,0.6788167,-13.293929,-0.94671285,-12.97859,22.493979,-0.0020696628,0.0052020773,0.014004278,0.9512485,1.6766468,0.09428571,0.075943045,0.44799998,1.080606,-46.45624,q,Ses05F_impro04,Ses05F_impro04_F042
490,28.599537,0.15206991,24.679308,26.442642,34.02637,9.347063,126.93728,131.70712,22.787529,19.986074,0.14573462,0.7222747,0.05947281,0.10648496,0.21248952,0.1530167,2.9163234,1.998878,2.106969,1.1022921,0.035217855,0.9212166,29.967674,0.2708736,-2.76141,-2.8825765,22.471087,0.5722278,-8.427094,-1.3449519,0.019745091,1.4696393,1.3816196,0.6652706,5.18257,0.35712227,0.8415783,7.0977187,23.098476,0.30154422,693.33997,0.3447709,1219.5109,0.1407648,-137.8195,-0.6259604,1757.6051,0.12910311,940.6386,0.29249987,-139.91147,-0.57914436,2785.4346,0.09571039,810.93677,0.26043522,-140.79039,-0.5677986,-14.889694,-0.30862713,22.046665,0.30615476,0.025286408,0.96986586,-0.012946312,-0.8493291,0.054222368,0.6835275,34.76762,0.2193649,-3.768294,-2.29919,27.684881,0.6213774,-13.605884,-1.0195556,-12.932261,21.35902,0.0053116395,0.001690905,0.026776714,2.8753996,2.922078,0.104444444,0.0830142,0.195,0.19376531,-41.878075,q,Ses05F_impro04,Ses05F_impro04_M040
491,34.90939,0.022639956,34.169586,35.24504,35.55782,1.3882332,38.78498,0.0,-17.370987,0.0,0.08252046,0.7397798,0.054169104,0.05950377,0.08286031,0.02869121,2.8369763,2.001734,0.32356882,0.0,0.01909015,1.1877958,28.754845,0.10772463,-3.4319444,-0.81593883,18.501534,0.26456082,-3.4060335,-1.3393234,0.022083512,0.2408716,2.2844496,0.5787059,6.9784985,0.23292106,12.113867,0.13930573,27.339226,0.0739833,524.922,0.3470613,1259.1835,0.069970585,-186.6674,-0.2590494,1571.1755,0.124485776,972.16675,0.09088914,-186.74806,-0.24530604,2514.3125,0.08588839,851.16077,0.10129496,-186.95241,-0.24218619,-15.3914585,-0.14173357,22.908875,0.11938546,0.052728124,0.19277194,-0.00836129,-0.6192525,0.08773289,0.31762576,32.09647,0.13207376,-3.5902984,-1.5242648,24.743559,0.122368366,-11.987171,-0.27544558,-13.628784,23.335627,-0.0064475243,0.007836385,0.013831674,0.7692308,0.8,0.089999996,0.0,1.13,0.0,-46.759285,ans,Ses05F_impro04,Ses05F_impro04_F043
492,28.178196,0.10840986,25.192583,28.45488,29.806217,4.613634,114.3823,107.177864,12.01197,5.603381,0.07648748,0.54015857,0.05492012,0.059138082,0.08218845,0.027268331,1.1754111,0.9203991,0.9134423,0.44590256,0.016511371,0.8368713,29.176374,0.19824034,-1.8320072,-3.3364832,15.358853,0.37244055,-6.4574704,-1.3904449,0.02660903,0.55784756,1.7730199,0.74140483,4.713331,0.37591046,1.6506056,2.1984708,25.859043,0.19376077,569.613,0.29516608,1439.802,0.124533415,-174.86647,-0.35374486,1603.4581,0.13955244,1165.6733,0.12924178,-176.23898,-0.3291357,2608.7732,0.11757205,1207.5537,0.34138507,-177.25847,-0.31412786,-17.18527,-0.23190913,25.217003,0.22798069,0.018910974,1.1416004,-0.00975922,-1.424534,0.038145307,0.5282392,37.76761,0.18296988,0.47149685,18.306835,16.473629,0.41647425,-9.084222,-1.5296719,-13.307839,22.565289,-0.0031912595,0.006920978,0.013076211,1.4150944,1.6706444,0.07285714,0.043985154,0.44125,0.58456045,-49.99751,s,Ses05F_impro04,Ses05F_impro04_M041
493,27.06162,0.3015047,17.394264,28.909225,35.256207,17.861942,0.0,0.0,-2.731272,0.0,0.06712206,0.29298082,0.055690452,0.060604107,0.07135946,0.01566901,0.5929643,0.47580644,0.6231493,0.4894389,0.013707738,0.60992366,28.994797,0.12008456,-0.91253185,-4.554906,17.89547,0.37311384,-4.3836813,-1.4777524,0.16766648,0.7568546,1.5715195,0.17455591,3.630443,0.5454476,-5.0989413,-1.8532331,19.141518,0.11533615,811.5439,0.22687745,1424.3606,0.08417623,-193.30916,-0.17313254,1862.6167,0.12582073,1094.1022,0.109044746,-192.58287,-0.179219,2962.7969,0.09361211,1028.207,0.14240324,-192.60791,-0.17804955,-19.68789,-0.0072787143,30.271236,0.05585651,-0.013571718,-0.6494487,0.0038284906,1.6051676,0.014121194,0.09175115,31.981403,0.025557576,6.2598367,0.075661264,20.380556,0.070539534,-5.443388,-0.8964584,-14.626849,24.07831,-0.0053229243,0.0069303587,0.013911914,2.0408165,0.70422536,0.06,0.0,0.66499996,0.195,-53.105736,g,Ses05F_impro04,Ses05F_impro04_F044
494,24.015476,0.06670941,22.779642,23.523993,25.888264,3.1086216,39.504566,36.762474,23.190434,16.366188,0.13797428,0.7500957,0.056183178,0.093179286,0.21782176,0.16163859,2.0713644,1.5082549,1.7764734,0.9793656,0.030565938,0.8202404,29.81818,0.2570642,-5.007688,-1.4795002,21.644886,0.5447361,-7.640089,-1.3348637,0.017407674,0.8120439,1.4793129,0.6913692,3.1899521,0.5565065,3.257468,1.7154863,19.356983,0.43429378,518.2344,0.368139,1360.8169,0.14765798,-136.06413,-0.6483812,1508.266,0.11136751,1035.7874,0.3343757,-139.32837,-0.6004624,2542.7964,0.09497892,889.4493,0.22622073,-140.49054,-0.5842143,-11.512953,-0.37365738,19.684706,0.37676218,0.029130941,0.54677224,-0.006795342,-1.5682336,0.05646194,0.41345462,35.440033,0.18555294,-8.932178,-1.1168406,27.492321,0.6159935,-9.515326,-1.3947053,-12.640605,20.923897,-0.0029921667,0.0056059468,0.01824776,2.7944114,2.6209676,0.115384616,0.119718604,0.22785714,0.3236881,-43.207672,q,Ses05F_impro04,Ses05F_impro04_M042
495,23.026028,0.02564169,22.61938,23.016876,23.572063,0.9526825,48.851906,40.32534,13.845526,17.840956,0.17965965,0.51066804,0.09185245,0.1671226,0.27140817,0.17955571,1.9821419,1.1155555,1.8172766,1.0479759,0.03883996,0.53424436,31.593163,0.32902932,-6.0931144,-1.3889098,20.786694,0.50551593,-11.658246,-0.9580536,0.017630596,0.7947028,1.4488322,0.6564433,2.8303406,0.5605242,5.199432,0.6531373,20.337952,0.31636494,536.72894,0.35361373,1395.912,0.12849915,-100.6572,-0.9141669,1485.0548,0.10960884,1131.0211,0.3192083,-104.59171,-0.84278023,2526.8752,0.0984114,838.87726,0.1810006,-107.7576,-0.78960335,-10.912935,-0.26451296,20.367798,0.31652477,0.029067433,0.48813263,-0.006548398,-1.5744871,0.053577345,0.3187053,36.947323,0.17187233,-10.667369,-0.69549394,22.196184,0.61372626,-11.676864,-1.0444025,-11.159267,19.052364,0.009545245,0.0022102655,0.025842575,4.455446,4.060914,0.114999995,0.1360147,0.09777778,0.087911285,-42.25475,ans,Ses05F_impro04,Ses05F_impro04_F045
496,27.054415,0.15369268,24.136246,26.58425,27.296854,3.1606083,11.952147,0.0,27.834131,0.0,0.12626913,0.67301416,0.059634972,0.074308544,0.21962886,0.15999389,0.9103546,0.7753502,0.48528582,1.0513597,0.026105795,0.78560567,31.954292,0.21848257,-0.34417668,-16.270803,21.091303,0.6236506,-12.511817,-1.2693945,0.018503398,0.934143,1.009786,0.5439688,5.507662,0.5066512,2.9440253,1.1987088,22.941666,0.2649692,628.7105,0.36863175,1436.8751,0.19252399,-125.908394,-0.7542544,1642.9166,0.1625735,1040.7191,0.27383754,-129.63264,-0.66932726,2733.792,0.09486809,933.5323,0.23077737,-130.63838,-0.6537923,-17.340847,-0.26460695,24.891073,0.28129318,0.033881657,0.68479604,-0.02776845,-0.85686326,0.04552661,0.4714711,38.270367,0.18417364,1.2564067,5.51788,22.187157,0.90536076,-21.608698,-0.93839526,-15.034852,23.198683,-0.012562799,0.00551163,0.013071472,3.3333333,1.388889,0.275,0.185,0.42499998,0.195,-42.42072,g,Ses05F_impro04,Ses05F_impro04_F046
497,26.74735,0.15957019,23.599653,26.545353,27.287273,3.6876202,7.324791,0.0,27.834131,0.0,0.11198945,0.7094656,0.054451242,0.06963203,0.18695384,0.1325026,1.090974,0.70361704,1.2228358,0.78056365,0.02263271,0.84279776,29.581013,0.2710661,-0.74986964,-8.18048,17.975683,0.6417607,-11.7485,-1.2382785,0.01828777,0.89396435,1.0145936,0.5304885,5.346567,0.5253509,3.2212937,1.1321276,22.694315,0.26584315,621.04364,0.36889133,1432.9213,0.1872889,-144.27432,-0.61088556,1632.3163,0.16090657,1035.3696,0.2678071,-146.79686,-0.5534476,2718.803,0.09694488,919.8051,0.23575377,-147.49556,-0.5429085,-17.123758,-0.26731977,24.59999,0.28240225,0.034162536,0.6631788,-0.026838677,-0.8810801,0.045032248,0.46704406,38.25279,0.17962365,0.8255232,8.519902,22.06816,0.88770336,-21.707703,-0.912052,-13.013106,21.856241,-0.0058157,0.0066496185,0.013609654,2.4390244,1.0,0.29,0.19999999,0.45666668,0.4008602,-43.68239,o,Ses05F_impro04,Ses05F_impro04_M043
498,32.32802,0.053827733,31.37928,33.031284,33.393406,2.0141258,22.95736,15.01033,76.75729,56.16867,0.08106901,0.48098433,0.058707003,0.06667348,0.0957937,0.0370867,0.3696712,0.32513413,0.22696894,0.18039536,0.015434311,0.876622,22.760002,0.28275213,-0.5400565,-10.708965,15.272236,0.3480008,-9.441858,-0.610979,0.014399092,0.4959758,1.1698493,0.5374046,6.610124,0.20560777,0.9525946,8.366886,25.745846,0.18277325,513.7748,0.43324918,1516.961,0.1909024,-192.82808,-0.18866073,1453.3456,0.15896167,1174.7576,0.17194211,-192.04552,-0.19422764,2576.4966,0.09481201,873.1538,0.18404998,-192.59032,-0.18121386,-15.612943,-0.22977504,26.385109,0.12698112,0.021263797,0.5246076,-0.010472155,-0.9586444,0.041309245,0.45076907,36.26435,0.15035972,1.7813867,2.4814572,16.335648,0.5439188,-13.07846,-0.75853676,-11.401534,20.67269,-0.005225463,0.0053426437,0.014067938,1.0652463,0.536193,0.082499996,0.09175375,1.408,1.686006,-50.858955,s,Ses05M_impro04,Ses05M_impro04_M000
499,40.001873,0.05434534,37.846428,40.715607,41.828365,3.9819374,11.125311,0.0,-32.133694,0.0,0.07552173,0.413207,0.05505988,0.05914197,0.10218491,0.047125027,0.34346837,0.19268844,0.6629878,0.49737772,0.014518993,0.507313,26.201035,0.14381625,0.38903102,12.430467,18.64373,0.451371,-9.661099,-0.9818195,0.020001734,0.53556126,0.84475493,0.4367849,11.063997,0.109169096,18.114998,0.3526161,19.12921,0.33263376,721.52814,0.27508488,1503.5477,0.10720083,-170.14539,-0.37809798,1879.7379,0.13719231,1085.5997,0.33310544,-157.31728,-0.4594679,2844.0574,0.088863015,1118.676,0.26722494,-157.40907,-0.4590332,-20.990837,-0.19371118,29.813543,0.21674706,0.0031644297,3.6238804,-0.0037712539,-1.5318726,0.024532553,0.2258773,29.781382,0.1777637,6.5709934,0.47797802,28.476618,0.34081322,-17.209793,-0.87779105,-13.343204,23.610888,-0.010785695,0.006007192,0.011122788,2.1739132,0.55865926,0.45999998,0.0,0.65,0.16,-48.878292,q,Ses05M_impro04,Ses05M_impro04_F000
500,30.676401,0.13651551,27.511929,29.19292,35.505814,7.993885,30.075914,17.990583,152.47629,283.42844,0.12662487,0.5536242,0.05887654,0.11603006,0.17275216,0.11387561,1.0034906,0.6424469,0.701129,0.47731802,0.02512922,0.7115869,31.270218,0.19634,-4.44243,-1.6649798,16.980097,0.6790368,-10.39948,-1.2118819,0.017914379,1.6431295,1.1301485,0.49057874,5.7901707,0.4515978,3.268508,2.6819017,23.260347,0.30329013,553.22144,0.34543994,1355.3486,0.16942531,-124.003914,-0.7392852,1565.0563,0.13003084,1092.2323,0.2971093,-125.28286,-0.69080037,2635.9355,0.09180323,1019.6913,0.32521915,-128.82857,-0.63981146,-13.376655,-0.3104008,24.083149,0.22512613,0.023053885,0.86446816,-0.0072458046,-1.7122538,0.033868797,0.5775621,35.767838,0.1300365,-4.793739,-1.815231,17.06178,0.82043755,-14.651918,-1.0493906,-11.939269,22.242516,0.0014827922,0.0048838085,0.01864485,1.9501626,2.3991275,0.16181818,0.09763738,0.24571428,0.3258479,-44.991077,ans,Ses05M_impro04,Ses05M_impro04_M001
501,34.338905,0.13302633,29.01517,35.50795,38.74535,9.730181,47.77897,20.085918,-21.994226,55.59568,0.17761937,0.5105448,0.09036426,0.1442936,0.26659477,0.1762305,1.064697,0.6985886,1.0112995,0.5893626,0.038537327,0.67495114,33.775723,0.21313336,-2.9027438,-3.1423187,8.784636,1.3077749,-20.407204,-0.63777214,0.024920613,1.7436986,1.0850422,0.5393939,6.5892696,0.469321,2.495287,4.1975145,24.52122,0.25657174,593.8599,0.31918335,1386.1207,0.11572401,-88.796036,-1.0290167,1608.6222,0.12894493,1139.9552,0.22556812,-88.87152,-0.936048,2736.5068,0.08974058,1000.47095,0.36640063,-95.44609,-0.82162845,-12.774623,-0.4025339,26.120277,0.20236185,0.027713766,0.73247576,-0.011663213,-0.7877847,0.045585364,0.58415496,37.026344,0.124024205,-5.138989,-1.707878,8.158965,1.5803627,-22.682598,-0.5928171,-12.224108,23.336218,0.009426712,-0.00307124,0.028702341,2.5641026,3.0567687,0.19142856,0.104530044,0.11285714,0.08030554,-41.094173,q,Ses05M_impro04,Ses05M_impro04_F001
502,31.38322,0.14549658,27.292534,31.91409,35.204075,7.911541,72.546165,70.87538,39.97801,42.146046,0.11854784,0.5037044,0.05673577,0.10919957,0.16784444,0.111108676,0.8875256,0.61957437,0.6813749,0.4040467,0.02414983,0.67214084,29.625908,0.2700826,-2.3402295,-3.7514226,17.490738,0.6267516,-11.864582,-0.8852385,0.0142379,1.0255468,1.0664756,0.5291847,6.1429033,0.45722222,2.695926,2.6769438,20.531805,0.39188787,564.1648,0.38676655,1327.8602,0.1714182,-134.81691,-0.6612663,1591.1086,0.1579663,1021.8827,0.30223772,-133.89064,-0.6361359,2632.3965,0.10091975,927.369,0.2976747,-135.8095,-0.6090561,-13.781148,-0.2947033,23.457937,0.2606256,0.023111485,0.876509,-0.009597317,-1.4375514,0.033501152,0.50442755,33.574806,0.16845344,-2.5081446,-3.7908716,20.341305,0.6819014,-15.337054,-0.8313836,-12.137989,22.462416,0.0013619368,0.0030803087,0.018840773,2.1400778,1.8572826,0.18789475,0.18208091,0.32947367,0.37623444,-46.241905,ans,Ses05M_impro04,Ses05M_impro04_M002
503,35.61877,0.037500326,34.324646,35.638035,36.99819,2.6735458,14.2023325,0.0,-19.123337,0.0,0.08619851,0.48866495,0.052215382,0.056666274,0.13622291,0.08400753,0.14404458,0.09382902,0.12835324,0.0,0.014035331,0.4407314,24.73171,0.19110729,0.5887074,10.242497,15.832284,0.31200325,-12.744527,-0.6137133,0.013397765,0.434168,0.7269477,0.39269614,9.351279,0.17709519,-3.1438038,-1.1603546,14.720236,0.3576888,824.8857,0.24589744,1361.7056,0.10393503,-156.9719,-0.48638552,1770.756,0.1350205,1376.8478,0.28161946,-153.67523,-0.4912465,2842.0015,0.080401056,725.1085,0.32133174,-154.08577,-0.4853225,-17.090828,-0.21266744,27.390953,0.1859486,0.007057467,1.800164,-0.001653403,-6.121039,0.021572825,0.22894289,28.57173,0.17796801,8.329996,0.76532906,11.439316,0.61267245,-20.405306,-0.25409603,-11.799368,20.919428,-0.012595168,0.0111323055,0.011597191,0.6849315,0.7092199,0.38,0.0,0.5,0.17999999,-49.287315,b,Ses05M_impro04,Ses05M_impro04_F002
504,28.411901,0.062920704,27.51733,28.525446,30.270733,2.7534027,199.21379,187.27837,5.8380437,11.176185,0.08355822,0.62267405,0.05320342,0.0601456,0.10742376,0.05422034,0.21428216,0.11451946,0.21584892,0.13059732,0.014975841,0.6931227,26.071478,0.27953076,-1.651957,-4.3871737,18.683664,0.41663674,-6.763881,-1.3735832,0.00849048,0.79862016,1.0242535,0.49920434,4.834227,0.39320797,3.5329208,0.9597961,22.204489,0.24388044,511.74872,0.3331173,1397.6489,0.1044777,-171.36008,-0.39482242,1503.1674,0.12729472,1099.0283,0.11996282,-172.59851,-0.37632287,2580.1284,0.09703328,1124.4052,0.35707137,-174.05072,-0.35369644,-11.776852,-0.42039612,21.035303,0.2024886,0.018790685,0.77692693,-0.010893163,-0.73709977,0.030663965,0.57470816,33.462723,0.20797352,-5.145417,-2.1047785,14.271214,0.8568656,-19.400253,-0.71674657,-12.663577,21.78198,-0.011008645,0.0076553687,0.012304244,0.7853403,1.061008,0.1325,0.109630056,0.63,0.27451774,-50.523773,s,Ses05M_impro04,Ses05M_impro04_M003
505,36.553135,0.06884651,33.9811,37.453396,38.143433,4.1623344,20.517271,4.835519,22.009867,12.172116,0.10307682,0.65049136,0.053155623,0.05713238,0.1731869,0.120031275,1.4154894,0.90354735,1.6146302,0.7099869,0.021329971,0.78595185,28.282734,0.2437224,-0.18364169,-38.855038,18.179073,0.48826993,-9.571545,-1.1179614,0.018876707,1.2297807,1.0920764,0.5638265,9.623022,0.27005196,10.567666,1.1428955,26.47494,0.321213,636.2276,0.27488244,1373.875,0.15524748,-129.85583,-0.69390446,1723.0735,0.084942564,1045.21,0.22236943,-130.689,-0.64025307,2756.6794,0.062130794,996.82404,0.46171576,-132.89699,-0.6096596,-18.199282,-0.36674544,28.598309,0.25081682,0.02861509,0.6883415,-0.011386525,-0.7394655,0.036412146,0.454056,33.551144,0.18325032,1.4149648,6.8690257,20.470675,0.5621449,-18.513727,-0.5799846,-13.85947,25.453564,-0.013149258,0.0074824537,0.011615404,2.6785715,0.913242,0.435,0.015,0.42333332,0.27353647,-44.600918,q,Ses05M_impro04,Ses05M_impro04_F003
506,28.473167,0.14123608,26.283636,27.359222,29.895266,3.6116295,363.7738,618.36835,61.98986,80.87414,0.11759978,0.37326512,0.078712195,0.113992564,0.15335736,0.07464516,0.6199295,0.23683824,0.61718017,0.32525992,0.023025287,0.5030266,32.261566,0.22002496,-2.9085155,-2.828733,19.335852,0.59089595,-8.63677,-1.523971,0.02185853,1.4217532,1.0422252,0.5799002,4.9192305,0.5979303,5.181454,1.3493372,24.163675,0.28302774,706.9424,0.34666556,1381.483,0.1495358,-111.39644,-0.8185515,1705.9607,0.15282649,1137.18,0.2439675,-112.64804,-0.76592875,2745.3557,0.11269685,997.27747,0.27886382,-115.68889,-0.7195951,-14.874556,-0.3965552,25.244482,0.26265857,0.017171672,1.0890096,-0.004394687,-3.1024904,0.02620834,0.4306778,35.65116,0.14101629,-1.873929,-4.5124354,19.670341,0.6857663,-9.374309,-1.6547801,-12.098945,21.428612,0.0056187385,0.002518213,0.020305205,3.2915363,3.0015798,0.15157895,0.12175313,0.1605263,0.1531588,-46.70321,ans,Ses05M_impro04,Ses05M_impro04_M004
507,31.515158,0.18018839,26.306627,30.823654,36.20298,9.896353,175.40027,190.0842,139.57973,152.68323,0.12926714,0.42391384,0.07634967,0.124770805,0.16849895,0.09214928,1.0329312,0.46854317,0.5574852,0.22593933,0.02888829,0.54860556,28.941807,0.23712759,-1.2332804,-7.3937397,18.56976,0.5957281,-15.094117,-0.8199407,0.020645346,0.8991774,1.3302617,0.5319914,5.175737,0.5307789,1.9517645,4.088427,22.814707,0.4274097,637.30865,0.3075139,1403.0486,0.1351411,-142.66379,-0.5911427,1656.1301,0.16162598,1125.8848,0.21685885,-142.34901,-0.55501914,2684.5366,0.08839748,923.33795,0.25358036,-143.94164,-0.534113,-14.255082,-0.25206238,23.339277,0.29875484,0.028966911,0.7126838,-0.0074937004,-1.6795802,0.034815375,0.4246386,31.370205,0.19890095,-0.7453209,-11.496464,17.060423,0.814694,-19.96078,-0.6068593,-12.587438,21.46966,0.0064254883,0.0005446258,0.026461786,3.1914895,3.44086,0.083749995,0.069720425,0.17529412,0.15530303,-46.01436,s,Ses05M_impro04,Ses05M_impro04_M005
508,33.67939,0.13367529,30.772738,35.847996,37.05445,6.2817135,2.2015164,0.0,28.994286,0.0,0.16864589,0.34042895,0.11613932,0.15467983,0.22245409,0.10631476,0.9959123,0.3028514,0.78774506,0.19462574,0.034191076,0.4458753,31.364874,0.1656159,-5.594095,-1.7723163,11.917785,0.9461719,-23.116455,-0.5449562,0.015360353,0.9393815,1.1849552,0.52682644,6.2346244,0.5491135,-2.2369251,-3.4427812,18.85539,0.4330533,673.81366,0.26070255,1427.4889,0.14045253,-121.03156,-0.75250846,1714.8179,0.18509793,1188.9261,0.23683816,-122.18211,-0.69547355,2718.136,0.081110075,981.05316,0.24922006,-125.04629,-0.6540062,-14.004939,-0.17417972,23.298477,0.25451887,0.03319636,0.60732347,-0.011769814,-1.2369684,0.034807846,0.385812,31.718258,0.14992177,-1.6999354,-4.6969404,8.669368,1.4503152,-26.632164,-0.42241964,-9.922316,19.16642,0.01907304,-0.0053849844,0.035729732,3.90625,3.2520325,0.122499995,0.101827055,0.13,0.04857983,-44.676197,ag,Ses05M_impro04,Ses05M_impro04_F004
509,29.617842,0.15173355,25.278908,30.395649,32.203354,6.924446,151.23242,166.1123,79.87879,87.35167,0.09621341,0.4495405,0.056301598,0.08402034,0.13479121,0.07848962,0.755932,0.67662555,0.6081619,0.46838412,0.01950021,0.6811826,25.469322,0.34526357,-1.6276411,-5.6292896,17.519108,0.37052608,-10.40305,-0.82927895,0.01793766,0.68810415,1.4460446,0.39711744,4.542733,0.5464008,7.399197,1.4034718,23.767704,0.32263538,601.8332,0.34735575,1402.8353,0.13652992,-172.80519,-0.37376446,1617.0626,0.15639262,1100.4773,0.16204378,-172.08548,-0.36583707,2637.9797,0.11018117,928.0545,0.19940238,-172.62172,-0.35783866,-14.49877,-0.3453983,22.456537,0.24252526,0.021060957,0.94907814,-0.0024584676,-3.529142,0.034185752,0.5170093,31.274673,0.19832055,-0.2238718,-57.006584,20.134441,0.36253768,-13.913438,-0.7557626,-11.600341,20.551456,-0.0012156643,0.0044194213,0.016832136,2.1303258,1.5132409,0.09583333,0.08901857,0.5023077,0.47665748,-49.46865,s,Ses05M_impro04,Ses05M_impro04_M006
510,34.729176,0.05139388,32.67361,35.20763,36.24318,3.5695686,40.37285,0.0,-41.27907,0.0,0.077095084,0.50369185,0.05395925,0.056718245,0.094312005,0.040352754,0.3759313,0.37417945,0.48784706,0.351982,0.018799491,0.95376647,25.398966,0.18271853,-2.395332,-1.3843565,22.201115,0.53884816,-5.7326317,-0.7618096,0.030818818,0.26563168,1.7804654,0.33536884,6.2980776,0.15272506,15.980079,0.2833075,19.168629,0.6594781,690.22925,0.25245893,1497.1881,0.15600681,-187.45332,-0.24016146,1729.0264,0.10297175,1156.879,0.4162108,-184.53204,-0.26025575,2736.3035,0.079968765,999.34235,0.17197143,-184.58511,-0.2591977,-15.832349,-0.29664913,24.070839,0.34249008,0.013132522,1.1696025,0.00022365269,26.085932,0.05484644,0.32103863,33.728462,0.27578565,1.3972417,3.7713928,30.193056,0.6080652,-4.664259,-1.2198792,-12.885868,22.164309,-0.0050087725,0.0078017176,0.015271194,1.9607843,1.0050251,0.085,0.035,0.59,0.42237422,-49.385197,q,Ses05M_impro04,Ses05M_impro04_M007
511,34.15508,0.072540276,31.81013,33.646088,36.354755,4.544626,24.683834,12.076906,14.579928,11.911105,0.16395113,0.5821134,0.065740146,0.15176016,0.24875768,0.18301752,1.9640098,1.0089027,1.6155214,0.8827869,0.02977577,0.72053885,30.919363,0.33582735,-1.9806948,-5.5251584,15.3956,0.7384955,-14.328352,-0.93058586,0.0133950645,1.2063864,0.91726637,0.8576902,9.416263,0.2540026,-1.3784654,-6.0177755,22.208492,0.41066012,630.1569,0.2937104,1401.892,0.14771256,-91.72166,-1.0004982,1676.1477,0.12252187,1107.1101,0.3055345,-95.96109,-0.8888266,2752.7878,0.08657058,969.24835,0.35298717,-100.395775,-0.81416786,-14.9974165,-0.3884183,25.521122,0.2947534,0.027655412,0.66109914,-0.014433308,-0.76021254,0.03951879,0.5497484,36.67332,0.18158613,-3.780276,-2.9113915,16.310217,0.83619,-19.444683,-0.721753,-11.608931,22.230398,-0.0023069712,0.0062564765,0.016349394,3.6916394,2.074236,0.27210525,0.20682001,0.18894736,0.22268446,-41.140327,ans,Ses05M_impro04,Ses05M_impro04_F005
512,32.222244,0.17809068,26.390394,34.061367,36.447712,10.057318,51.80236,16.410912,13.020413,6.037978,0.17418824,0.7125678,0.0697427,0.14325795,0.22891474,0.15917203,1.4690859,0.8305467,1.1489938,0.7859972,0.038829062,1.1955289,29.05398,0.35188404,-8.090347,-1.802542,18.171013,0.8463748,-11.317073,-1.1123247,0.02820479,1.1739696,1.2268347,0.7662002,6.207898,0.5548691,2.9111912,2.5360317,20.281445,0.4143284,786.0745,0.28088683,1346.4905,0.1454844,-122.12167,-0.7460214,1726.5293,0.13486011,1131.0826,0.2786215,-123.310455,-0.716539,2797.352,0.10448772,869.69867,0.33188984,-126.325,-0.6709302,-10.570611,-0.65853685,23.284952,0.32811624,0.02329578,0.8206625,-0.00052349246,-17.660923,0.064586505,0.96218884,34.390266,0.21510622,-10.177844,-1.3811895,19.666927,0.8887113,-17.199732,-0.80240315,-9.617393,18.49651,0.005512666,0.008915607,0.019806674,2.647059,2.0895524,0.19142856,0.16915154,0.26714283,0.3031131,-40.716393,q,Ses05M_impro04,Ses05M_impro04_M008
513,33.787064,0.08182129,31.664968,33.02469,35.73561,4.0706425,30.602304,17.41009,19.914257,14.727757,0.16403143,0.69320697,0.06611777,0.13251904,0.24593297,0.1798152,1.7043943,1.0518261,1.287464,0.89291203,0.035537884,1.0786386,29.272038,0.39026842,-2.1402483,-6.0828404,12.556545,0.8603507,-13.682633,-0.87585604,0.02070763,1.236796,1.12716,0.8448184,7.6808305,0.37780845,-3.5402653,-1.7822751,19.532055,0.3735293,641.14136,0.29675958,1402.6879,0.12885027,-107.687706,-0.84941745,1646.3751,0.12817353,1121.4475,0.24115568,-109.26589,-0.7953867,2732.7434,0.09466555,958.68896,0.43914858,-113.62594,-0.7271554,-13.447493,-0.50119317,26.103708,0.2664941,0.020901946,0.9024314,-0.009596374,-0.9979061,0.052232694,0.89304614,35.366947,0.20896542,-5.009169,-2.6512012,12.011547,0.9847742,-18.700445,-0.6091126,-10.59157,20.324593,-0.002182208,0.003016259,0.018835753,2.887538,2.45023,0.19687499,0.13377774,0.17941177,0.16913171,-41.398605,ans,Ses05M_impro04,Ses05M_impro04_F006
514,31.775347,0.013772925,31.428457,31.816147,32.093292,0.664835,30.202242,31.295155,8.541733,0.14490557,0.15341298,0.7194718,0.058194637,0.09345852,0.30004168,0.24184704,1.9002248,1.3478628,0.8946543,0.19406006,0.02870578,0.86027795,30.228832,0.21069235,-9.474521,-0.8511489,12.323191,0.34814513,-16.636879,-0.5929555,0.008267014,0.7183875,0.7272421,0.5390469,6.9593425,0.24866734,-4.2496257,-0.6386299,18.307838,0.19252385,488.58353,0.16503368,1342.4875,0.09211314,-131.9379,-0.69871753,1506.2115,0.06348132,979.8549,0.068974674,-134.33028,-0.64996195,2658.269,0.04382255,700.34894,0.1363734,-137.33847,-0.6066165,-11.9133005,-0.19802019,23.397776,0.075247064,0.029987374,0.4703873,-0.020440487,-0.54916847,0.051821936,0.43929395,37.313786,0.097754076,-12.794079,-0.5534371,9.110067,0.52647805,-28.131605,-0.2262431,-10.386288,20.750166,0.0008319871,0.0027211206,0.01891021,1.1111112,2.3529413,0.14,0.02,0.265,0.125,-42.99047,b,Ses05M_impro04,Ses05M_impro04_M009
515,33.396812,0.029464362,32.234406,33.465538,34.27528,2.0408745,10.7973,2.8059947,19.438824,1.3575735,0.15045312,0.635229,0.056060158,0.139049,0.25266272,0.19660255,1.680113,1.2743386,1.3081062,0.37475395,0.033638854,0.78209966,31.775898,0.27962083,-2.3096075,-4.5690823,8.049593,1.1817713,-10.450471,-0.9982351,0.021177929,0.9038727,1.3153803,0.49059603,6.2877235,0.44879565,-6.8036427,-0.5865864,21.563663,0.33074388,581.46924,0.34672564,1337.9076,0.08623181,-110.08868,-0.8392014,1531.8917,0.13956466,1067.5625,0.105717435,-112.018265,-0.7905567,2686.7996,0.09488766,924.4802,0.22929958,-118.28076,-0.696273,-12.818705,-0.36313316,28.251137,0.1914829,0.030025586,0.4567773,-0.010521148,-1.0012977,0.056435835,0.37074,38.216537,0.18871897,-6.553081,-1.7532275,4.4898286,1.5239787,-17.134438,-0.53293175,-12.590853,23.106182,-0.0047707534,0.004003877,0.014491031,2.0408163,2.1505377,0.21499999,0.024999999,0.14999999,0.05715476,-42.103172,b,Ses05M_impro04,Ses05M_impro04_M010
516,34.358982,0.0984561,31.909515,34.06112,37.239994,5.3304787,29.79579,15.938867,33.906467,75.729996,0.13163993,0.4200898,0.081351966,0.12297545,0.17101336,0.08966139,0.8457928,0.43844676,0.72009534,0.29603064,0.030073356,0.52847195,31.216427,0.2156773,-3.6378136,-2.4193485,20.607273,0.6147786,-11.576683,-0.99280906,0.019062448,0.74112415,1.2779241,0.49764457,6.135034,0.37945917,6.876367,1.4013981,26.629229,0.22308435,585.2511,0.36866868,1417.1486,0.19137609,-157.45993,-0.48792225,1616.1743,0.15878044,1177.067,0.3331825,-156.63188,-0.46612746,2640.809,0.10142342,976.0105,0.28939041,-158.0851,-0.44627604,-16.167551,-0.21594572,26.306274,0.18075116,0.029139895,0.6649281,-0.011878249,-1.0064158,0.039493956,0.48257715,35.454475,0.12565437,0.11766124,48.46274,16.159885,0.8139722,-17.10828,-0.8927886,-12.448418,20.625254,0.0068961633,-0.0031877328,0.027232355,3.3175356,2.2292995,0.101428576,0.11488237,0.30466667,0.28321645,-45.621845,s,Ses05M_impro04,Ses05M_impro04_M011
517,37.086864,0.07770715,34.3127,36.97602,40.069206,5.756508,55.92311,44.166046,96.30627,67.2502,0.15647477,0.45288235,0.093933955,0.13439898,0.22187346,0.1279395,0.9719136,0.43712497,0.7853732,0.3182501,0.035546828,0.5300594,32.039356,0.13732256,-5.956365,-1.0811107,22.374378,0.6173389,-13.436603,-0.88839,0.023099547,0.70296067,1.320047,0.4195935,5.827583,0.3219833,10.450128,0.7820363,24.590332,0.22407316,606.6928,0.31544247,1386.6383,0.1375089,-132.96259,-0.6658704,1685.2267,0.1098249,1080.3395,0.28332567,-131.4628,-0.63239545,2655.0203,0.10752284,1015.4925,0.33313766,-132.87457,-0.6109211,-15.692974,-0.19416514,23.61555,0.1753056,0.035216548,0.53128237,-0.0144107705,-0.57226455,0.049805027,0.3886539,33.13315,0.1370595,-2.2911274,-2.0406203,19.332996,0.64783084,-20.58095,-0.7014666,-11.746079,19.99139,0.011788701,-0.0062735844,0.027634569,2.95858,2.4390244,0.14999999,0.1433527,0.19,0.16161683,-43.14085,q,Ses05M_impro04,Ses05M_impro04_F007
518,29.247856,0.14378029,25.573738,27.973328,34.47675,8.903011,67.36904,68.34325,25.970476,26.685122,0.13165289,0.44751203,0.07432156,0.12228855,0.18517749,0.11085593,0.86040044,0.47882196,0.6632871,0.38028872,0.025585372,0.59533155,30.49819,0.23602277,-5.074711,-2.0752857,21.571966,0.5527062,-10.409471,-1.1130857,0.015975235,0.8373504,1.0471835,0.51963186,4.9110417,0.5517291,5.095877,1.440382,21.603235,0.4324556,601.49725,0.42999572,1313.768,0.14623815,-116.49124,-0.79560524,1616.7404,0.15730076,1054.0459,0.231913,-118.83099,-0.7341841,2646.6738,0.121352375,979.2303,0.35189095,-121.00947,-0.7023562,-13.073589,-0.48974276,22.918407,0.3875809,0.024667846,0.8156182,-0.0036576865,-3.3712964,0.030149655,0.47903132,33.636715,0.16517858,-6.4486094,-1.8555129,21.417,0.6284187,-12.933415,-1.010632,-11.637199,20.54016,0.006887948,0.0016759747,0.022124372,3.096774,2.5974026,0.1625,0.12127963,0.2015,0.19453214,-46.03458,ans,Ses05M_impro04,Ses05M_impro04_M012
519,38.26922,0.118470654,33.952496,37.58136,41.355076,7.4025803,38.443428,12.832581,57.59513,44.049698,0.2846597,0.64668775,0.076661885,0.31337017,0.4473312,0.3706693,2.430139,1.7397795,1.6027832,0.89377785,0.07306133,0.8472553,27.673246,0.22813624,-8.051875,-1.345039,12.006966,1.3064278,-21.084105,-0.6633479,0.025521094,0.9825674,1.2344937,0.62204504,6.338735,0.54178756,6.704341,1.8138157,19.7603,0.4145424,631.8967,0.282598,1384.2394,0.13610677,-97.13758,-0.95190424,1676.4966,0.12459199,1064.9905,0.24664673,-86.88965,-1.0041585,2682.5024,0.09728624,1037.4246,0.35128707,-90.25831,-0.93750376,-11.7562,-0.4262218,21.350058,0.2270169,0.052643012,0.3574028,-0.017132362,-0.6146642,0.10808297,0.5065839,29.539858,0.22654474,-9.31567,-1.415594,5.763763,2.8477955,-26.392437,-0.49423614,-10.75267,19.330317,0.001778936,0.0037343577,0.01955852,3.7974684,1.724138,0.35,0.30339742,0.21,0.18124568,-35.14255,s,Ses05M_impro04,Ses05M_impro04_M013
520,35.81786,0.09865722,32.772057,35.75745,37.846355,5.074299,32.29295,16.175066,33.420692,37.882362,0.26804307,0.587289,0.10886228,0.25437993,0.40725067,0.2983884,2.329181,1.3047023,2.141575,1.0888662,0.061617866,0.7421098,29.067938,0.30938244,-5.6742268,-2.4163728,13.43601,1.1638358,-20.299309,-0.7877355,0.019133316,1.2755622,1.0283983,0.6088329,7.372757,0.5144047,3.072492,3.511412,19.089237,0.4309729,623.03094,0.29191163,1433.6841,0.1538481,-73.32778,-1.2007008,1649.2069,0.13100843,1099.3691,0.30523455,-72.88893,-1.1147746,2674.7268,0.09627487,977.3599,0.3354873,-76.93335,-1.020975,-12.217649,-0.4982566,21.528454,0.33818054,0.040725846,0.50263095,-0.016085127,-0.70380664,0.076668404,0.5821286,31.396751,0.26874262,-7.9667044,-1.78212,11.938461,1.4213167,-24.51488,-0.6761976,-11.202454,20.736542,0.0042028045,0.0014571287,0.02835152,3.4653466,2.1170611,0.31941175,0.22654621,0.125,0.14229274,-36.504284,q,Ses05M_impro04,Ses05M_impro04_F008
521,32.409004,0.081882104,30.8231,31.81841,34.991245,4.168146,39.7841,37.99881,36.329536,31.180508,0.18159476,0.5319837,0.097366795,0.15959579,0.26225042,0.16488363,1.5241481,0.8474419,0.9996697,0.51941246,0.043901924,0.6144732,32.975563,0.19685355,-5.090601,-2.043033,16.29029,0.9074998,-13.479278,-1.0483936,0.0214154,1.179633,1.1429334,0.46817684,5.166803,0.5760105,-0.6908663,-9.989533,20.320248,0.4700231,630.4723,0.34486973,1382.7179,0.15550894,-109.04314,-0.84230804,1644.8346,0.1605332,1122.0072,0.26254252,-111.014244,-0.77540183,2678.2422,0.10614437,932.67316,0.2692234,-113.994606,-0.7309543,-13.467724,-0.4427536,23.31582,0.29966748,0.027566032,0.73092103,-0.013023749,-1.0887007,0.05470622,0.46431768,35.24399,0.17170103,-5.246006,-2.224377,13.408558,1.0989544,-15.94847,-0.9746966,-11.467239,21.58892,0.007217028,0.0012817149,0.03386646,3.3112583,3.0666666,0.15130435,0.117891036,0.16045454,0.19433983,-41.468376,ans,Ses05M_impro04,Ses05M_impro04_M014
522,33.964817,0.11471079,30.415802,34.69347,36.875244,6.459442,40.658005,24.567936,76.424255,81.27148,0.3048957,0.4987269,0.18545942,0.26349822,0.43456545,0.24910603,2.4394946,1.584004,1.8684167,1.1195773,0.07758789,0.8168123,28.362032,0.3627016,-8.534447,-1.4577371,19.141533,0.5929798,-22.99161,-0.6759725,0.017594546,1.2286195,1.2046499,0.5018095,6.1352825,0.41940224,3.0011723,3.154549,18.613913,0.37119976,628.9309,0.33051682,1372.436,0.1886401,-58.199966,-1.405813,1650.7405,0.13290791,1037.9274,0.28784546,-61.9425,-1.2206414,2653.1443,0.09508822,941.4157,0.32319796,-65.1222,-1.1348324,-11.379679,-0.346617,19.642298,0.27133876,0.04023293,0.4645923,-0.012696434,-1.0244178,0.081964985,0.6959316,30.637646,0.2294503,-9.319861,-1.138378,20.558847,0.5659253,-23.927412,-0.6678096,-7.5599127,14.89886,0.015269437,-0.006173854,0.053213626,3.7549407,2.4,0.30333334,0.35819763,0.100909084,0.071153425,-36.186756,q,Ses05M_impro04,Ses05M_impro04_M015
523,35.76877,0.08881216,34.314327,35.348507,37.198338,2.8840103,103.947266,145.79443,70.754166,70.00377,0.34118265,0.504266,0.20676228,0.3099502,0.49156475,0.28480247,2.790886,1.4047065,2.0083716,1.1729988,0.09156571,0.8282552,24.467344,0.478797,-4.503083,-3.5512025,16.38945,0.72971314,-25.987091,-0.6565765,0.021202283,1.3733422,1.1425159,0.48697796,6.751532,0.42937604,2.992945,3.5700736,17.885822,0.41999516,660.2918,0.3194408,1373.48,0.15189883,-68.54899,-1.2393752,1701.629,0.13474916,1022.4099,0.30246043,-69.83628,-1.1188846,2723.2644,0.092266336,950.66113,0.4056763,-72.218636,-1.0616645,-11.6267805,-0.43360427,20.286863,0.29462957,0.042767424,0.4558199,-0.014157746,-0.8918314,0.10484437,0.6671551,27.800768,0.27313167,-7.0466137,-1.9412799,18.351686,0.6882802,-30.05862,-0.49735796,-7.400364,14.694074,0.01450951,-0.003981274,0.06294859,3.9260972,2.5700936,0.2690909,0.24850295,0.099999994,0.11020641,-34.813232,ans,Ses05M_impro04,Ses05M_impro04_F009
524,33.742565,0.0964223,30.423893,34.799427,36.523113,6.0992203,29.322794,18.057901,28.127924,19.883347,0.2831361,0.6114916,0.13869,0.25363627,0.41051152,0.27182153,2.9894898,2.1204915,2.2789807,1.1880001,0.072550826,0.7726377,29.924534,0.18935823,-7.4326863,-1.5632093,19.17423,0.7781543,-21.441862,-0.84477365,0.013494921,0.92606467,1.1131648,0.62392837,6.808718,0.42297465,3.5258124,3.7131271,18.419813,0.5387259,595.6882,0.31393984,1431.3102,0.12564535,-80.829575,-1.1008928,1614.1846,0.12528288,1116.8771,0.2770215,-78.51852,-1.0504367,2666.7625,0.088913895,878.4033,0.25678658,-81.36175,-0.9893478,-11.69313,-0.42154294,19.927258,0.2922649,0.0404802,0.4893145,-0.012204857,-1.0004469,0.0886809,0.6653081,31.531956,0.15822628,-10.8091955,-1.122965,17.146343,0.93236524,-26.49465,-0.6046211,-14.656038,23.026688,0.00088883383,-0.0013445956,0.043033727,3.6101084,3.3210332,0.18888889,0.16999635,0.09222222,0.10695563,-35.969044,q,Ses05M_impro04,Ses05M_impro04_F010
525,33.3985,0.10333917,30.432762,33.303238,36.661892,6.22913,50.891953,38.11703,34.98149,23.714235,0.20937778,0.78764164,0.059933726,0.15242586,0.33487806,0.27494434,2.2934852,1.7898984,1.7129115,1.36402,0.052643403,1.0036802,28.251972,0.25135568,-5.869862,-1.9923084,20.266132,0.7725427,-15.196075,-1.0288612,0.020284308,1.6516602,1.1535301,0.6022773,6.247909,0.48596433,4.03742,2.914712,20.096231,0.4771865,591.36206,0.34166202,1405.5884,0.13996617,-124.790054,-0.72662663,1598.0065,0.13283868,1064.8251,0.26333517,-122.21544,-0.7161552,2668.6023,0.08634088,929.0125,0.36697218,-124.736046,-0.6766342,-11.510814,-0.47883394,21.517294,0.29407823,0.032235954,0.67849004,-0.010627168,-1.2167025,0.08637664,0.6979227,32.26293,0.17178987,-10.53362,-1.2678305,16.323343,1.1488991,-23.288162,-0.7490119,-11.912391,20.366936,0.0036605385,0.0030938752,0.027930519,2.615063,2.7339642,0.14538461,0.17167121,0.20799999,0.29697135,-38.05955,q,Ses05M_impro04,Ses05M_impro04_M016
526,33.631695,0.10015872,30.86443,33.220238,37.01484,6.1504097,50.5542,42.54828,29.062372,12.332664,0.2546569,0.647965,0.09581947,0.22070223,0.38597313,0.29015365,2.63023,1.3182498,1.8281956,1.1065217,0.061127413,0.935171,31.53292,0.32211345,-7.108339,-1.9360691,11.509932,1.3073937,-21.94565,-0.63749844,0.020186888,1.902387,0.96983856,0.6954285,7.133171,0.48025787,-2.5248053,-3.7939904,19.692003,0.49127483,582.1973,0.29480097,1370.81,0.1277966,-63.34521,-1.3591359,1586.881,0.12999353,1065.5616,0.21844974,-65.494774,-1.231974,2682.0522,0.087770246,981.28687,0.39666963,-72.78299,-1.0446649,-11.61923,-0.48421314,24.439157,0.26750386,0.028718872,0.668847,-0.013983027,-0.8359845,0.07561103,0.7722978,35.24339,0.17660454,-11.392935,-1.13227,9.430401,1.6795241,-26.25473,-0.49017546,-11.118982,20.158157,-0.0026342422,0.0035102246,0.023571575,3.3407574,2.2573364,0.31,0.2860769,0.113,0.09550392,-36.69588,ans,Ses05M_impro04,Ses05M_impro04_F011
527,32.601818,0.14365573,29.302286,32.966087,36.21225,6.9099636,63.301216,30.537407,118.81265,57.02546,0.17760815,0.47823483,0.08461809,0.17353567,0.24708296,0.16246487,1.5085523,0.70926803,1.0137459,0.6775201,0.04495794,0.697704,31.35359,0.23508629,-6.808658,-1.6624107,16.98008,0.9383014,-15.950753,-0.8347466,0.026077917,1.2462668,1.2368822,0.49512452,5.548385,0.5379401,6.3329463,1.5212767,24.336918,0.33198944,632.2903,0.34187636,1356.017,0.14538348,-117.25966,-0.78875256,1642.4528,0.1566434,1025.933,0.22125953,-114.59018,-0.77531105,2691.7563,0.10470238,934.7579,0.27582118,-117.88308,-0.723525,-13.215233,-0.38151312,23.188225,0.27146798,0.028323231,0.6647187,-0.008232259,-1.3616323,0.052187264,0.52209234,34.0578,0.17717987,-6.4416285,-1.7242794,17.345535,0.9576294,-18.011824,-0.72495013,-10.446053,20.494968,0.008843137,-0.0017720792,0.039631385,3.1512606,2.3354564,0.19,0.1472166,0.21818182,0.2764653,-41.643154,q,Ses05M_impro04,Ses05M_impro04_M017
528,35.16134,0.091499306,32.15983,34.69102,38.070335,5.910507,31.000574,15.813658,26.702381,15.058973,0.20699932,0.56848073,0.10539596,0.19705491,0.29061648,0.18522052,2.34127,2.068102,1.8439237,0.96284705,0.051187824,0.82728946,34.11262,0.23603131,-5.2567863,-2.3813107,10.912154,1.3726875,-19.197208,-0.66105825,0.019958876,1.5028051,1.0594622,0.7512463,7.933533,0.3975733,0.13840398,68.530426,22.156548,0.2882714,673.9884,0.2782192,1400.7614,0.13652545,-66.68468,-1.2660401,1701.2124,0.13430043,1123.3362,0.21387091,-71.97444,-1.0890216,2778.16,0.09234507,1072.8425,0.40041178,-77.991875,-0.95315915,-13.520262,-0.50056136,26.104317,0.22458237,0.025133088,0.71209925,-0.0146442335,-0.77311224,0.061718956,0.7165599,36.99047,0.16806813,-7.6831236,-1.7261423,9.111,1.8253827,-22.32355,-0.5682423,-14.205534,23.903769,-0.0019381167,-0.0005124451,0.026818909,4.139434,2.4229076,0.28454545,0.23569484,0.118,0.17145261,-38.666332,q,Ses05M_impro04,Ses05M_impro04_F012
529,35.337196,0.08689327,33.049263,35.502205,37.434437,4.385174,58.04566,42.975353,53.44609,54.21009,0.20457594,0.64100707,0.091746956,0.1784342,0.2968039,0.20505694,1.8240262,1.0995854,1.3819326,0.86730003,0.050427493,0.8245608,32.73071,0.22603284,-6.357986,-1.7775471,9.738425,1.3720952,-17.043764,-0.6385418,0.0199807,1.7074203,1.0591265,0.5008825,6.9552217,0.45553493,1.3769408,6.872254,22.99278,0.43177876,605.777,0.34222448,1421.4562,0.13439576,-92.623985,-1.0055727,1608.6478,0.15699211,1158.0784,0.28048202,-87.77218,-0.993149,2684.869,0.10121899,1025.3303,0.2542802,-93.90636,-0.8762017,-11.897372,-0.508661,25.18884,0.29163772,0.033793464,0.5257348,-0.008496961,-1.2714226,0.06151463,0.71944815,35.776768,0.15769647,-9.18515,-1.3037996,7.54483,1.9787102,-20.86613,-0.49899298,-12.265079,23.445015,0.007030323,0.0012563675,0.03453516,2.7223232,2.5641026,0.22714284,0.17749964,0.14285713,0.22188891,-39.734894,ans,Ses05M_impro04,Ses05M_impro04_M018
530,35.575237,0.0885638,34.089146,34.90358,38.114002,4.0248566,71.58232,40.59762,89.842766,69.96201,0.27966836,0.64473355,0.08764434,0.2685979,0.40401638,0.31637204,2.362202,1.411909,1.7345705,0.7368315,0.07134645,0.78544784,28.208273,0.24137221,-9.971505,-1.4637027,12.892946,1.2146027,-16.514349,-0.8656613,0.02991055,1.8080456,1.1936941,0.36460152,5.2667785,0.6059056,3.6747324,3.2683074,16.147457,0.5008004,667.57367,0.35549876,1355.0631,0.13273706,-89.940834,-1.0311763,1693.5979,0.16556947,1048.4321,0.26797587,-80.012955,-1.1145631,2703.3535,0.10761949,955.7501,0.21305947,-84.21888,-1.0176519,-7.8134046,-0.8188881,19.701551,0.33022264,0.03505276,0.45458663,-0.006924742,-1.7979206,0.095271066,0.58474225,31.410328,0.14559025,-15.026194,-0.97831804,11.280633,1.6526961,-21.531576,-0.6527201,-12.065043,21.008343,0.008536791,0.0017692832,0.029793981,4.3209877,1.9108281,0.32333332,0.10143415,0.17999999,0.12569804,-36.728615,s,Ses05M_impro04,Ses05M_impro04_F013
531,33.9059,0.087938346,31.183363,34.170433,36.667328,5.483965,47.712784,33.830517,19.543608,13.004066,0.17177798,0.6581103,0.062340487,0.14236036,0.29030246,0.22796197,1.8881108,0.78181887,1.4610415,0.8384081,0.033912234,0.83332294,30.478354,0.2879987,-4.2441916,-2.4466624,15.323716,0.76616514,-15.882741,-0.8299683,0.019001268,1.4631126,0.9792809,0.7974613,8.579938,0.3812878,0.9083162,10.909552,21.589085,0.37011597,596.4842,0.3195782,1393.25,0.117815785,-98.80462,-0.9538077,1627.8695,0.14699382,1061.0708,0.21837774,-100.175354,-0.8852493,2693.2007,0.08960927,973.2598,0.31343466,-104.4799,-0.81106794,-13.571279,-0.39189115,24.945335,0.27318925,0.029836778,0.67283887,-0.01436723,-0.79265505,0.0479608,0.61578006,35.758175,0.16581222,-6.1813297,-1.9805125,13.935085,1.0492932,-21.755493,-0.6522687,-11.765093,20.82681,-0.0028570497,0.0039814757,0.016620178,3.3112583,1.6722409,0.32,0.24617067,0.28555554,0.2660038,-40.806633,o,Ses05M_impro04,Ses05M_impro04_F014
532,32.526417,0.20726676,27.320475,30.61108,37.04817,9.727694,131.34506,0.0,7.4103465,0.0,0.2014915,0.94734573,0.08504653,0.13977933,0.21646242,0.13141589,3.0520225,5.379143,1.5580424,1.6128746,0.060447857,1.6344364,28.552778,0.24777803,-7.1839056,-2.1808064,15.499511,0.81027204,-12.354929,-1.2599916,0.024231741,0.7224978,1.2892976,0.48403805,5.4006405,0.5489973,3.997482,1.5747172,20.983429,0.2700763,716.66583,0.2847771,1339.7476,0.12055414,-112.89541,-0.8096479,1732.6611,0.12278297,1061.5043,0.19062853,-110.80804,-0.787996,2765.6763,0.09009537,878.7953,0.2756645,-113.29554,-0.7491806,-13.304657,-0.485477,23.41787,0.28432515,0.025696503,1.0777735,-0.0034575788,-3.824275,0.092322946,1.4327314,32.538113,0.16594125,-9.382684,-2.0097075,20.331146,0.63557833,-13.912392,-1.18673,-9.577449,20.392242,0.004376385,0.0031215036,0.023526158,2.4096386,2.5000002,0.19,0.10931605,0.38,0.19,-37.610954,q,Ses05M_impro04,Ses05M_impro04_M019
533,37.675716,0.12289137,33.91161,36.757954,39.98193,6.07032,34.59211,21.928562,149.73639,155.74136,0.36388364,0.56215864,0.16997693,0.32434788,0.5407447,0.37076777,4.1369047,3.7172446,1.9967455,0.9170852,0.102020346,0.8196562,27.184402,0.28556752,-15.8314,-0.9869997,6.785019,1.7105076,-22.389896,-0.6542837,0.023578595,1.1775479,1.149415,0.5497853,5.00658,0.66597646,0.21890406,49.001,15.168433,0.5060307,679.70483,0.30970272,1409.4884,0.14010319,-89.29266,-1.0413227,1630.4058,0.106749915,1087.7994,0.24170505,-82.48506,-1.0736654,2718.3481,0.08244209,902.2775,0.33122364,-88.37415,-0.95211834,-6.5025234,-0.67156935,17.984074,0.2625493,0.041667104,0.53379864,-0.0068989713,-1.3659786,0.13596502,0.64735514,26.801088,0.26576257,-19.858828,-0.82438177,7.614293,1.5440558,-26.770834,-0.5106983,-8.445254,21.04956,0.017848685,-0.0030952687,0.05061928,3.0303032,2.3166025,0.25833333,0.21114106,0.13,0.1103242,-35.11435,ans,Ses05M_impro04,Ses05M_impro04_F015
534,33.709866,0.16331679,29.541231,33.298832,37.710567,8.169336,74.888,62.708107,117.54598,90.3204,0.21788718,0.76687413,0.0797817,0.15999092,0.37360087,0.29381916,2.5569446,1.5381165,1.8351978,2.0142574,0.050257508,0.9234915,28.524954,0.26789662,-8.175737,-1.3744295,16.96501,0.7715406,-13.24234,-1.0453694,0.0205586,1.4316169,1.1546457,0.4472125,4.830464,0.5203723,2.713744,3.5558462,17.276037,0.48358628,648.4985,0.3713949,1365.9076,0.12967311,-118.3303,-0.77776533,1614.716,0.13893913,1070.3121,0.2509403,-113.169945,-0.79376245,2670.536,0.10154371,909.5822,0.31927067,-116.32532,-0.74412197,-9.163662,-0.4718473,18.959625,0.29586348,0.03495088,0.5512347,-0.003857086,-2.911918,0.07598556,0.68110424,30.20479,0.24577606,-12.93533,-0.9262644,18.229279,0.74438184,-18.89647,-0.8081478,-11.035915,20.734835,0.009548618,0.0036845896,0.028526388,2.342606,2.6548674,0.16555555,0.17879915,0.21374999,0.29348925,-39.358,o,Ses05M_impro04,Ses05M_impro04_M020
535,38.044895,0.16225854,32.326622,37.369934,44.056187,11.729565,68.97348,41.712135,273.25595,80.89519,0.27805904,0.7535538,0.060739115,0.24041282,0.48370877,0.42296964,2.5213296,1.5967727,3.077494,2.3709767,0.0698806,0.81547654,29.511759,0.19487405,-10.178085,-0.9574663,16.985323,0.7423855,-22.038015,-0.6776857,0.027478514,1.5416031,1.2155755,0.412497,5.330719,0.4324527,6.194222,1.6113175,17.355783,0.4427525,621.2043,0.32662418,1321.0427,0.12479185,-109.33671,-0.86262125,1637.3871,0.12380723,1030.005,0.24691753,-99.93294,-0.8805183,2685.1174,0.08271522,891.62964,0.36824858,-102.50775,-0.8367894,-10.271713,-0.405054,19.271984,0.3385896,0.040999293,0.5009358,-0.012164449,-0.6119211,0.10530072,0.4636707,29.951982,0.19583394,-14.426075,-0.64694977,17.624426,0.85388386,-31.486053,-0.42335925,-12.037809,22.72888,0.006607042,0.0064294296,0.030193275,3.1578948,3.2608697,0.15666667,0.18633899,0.19,0.14177448,-36.624336,q,Ses05M_impro04,Ses05M_impro04_F016
536,32.2034,0.1678875,26.930517,31.454454,38.149734,11.219217,757.2223,731.4868,9.257855,38.542076,0.101492554,0.6661352,0.052904293,0.07921113,0.14229959,0.0893953,0.95237345,0.6042043,0.64406246,0.35706586,0.022868672,0.7647374,28.583767,0.24217765,-1.4656925,-5.71684,15.819384,0.5996817,-11.575159,-0.9165221,0.014842203,0.7803547,1.3179227,0.42632544,5.832552,0.4331006,4.194031,2.2200198,21.294708,0.49479023,568.5192,0.36280647,1323.8789,0.13316506,-171.09538,-0.3831548,1590.5548,0.14834125,1054.4916,0.15689808,-166.03001,-0.4067851,2634.1604,0.107674375,943.34235,0.29601166,-167.1793,-0.39088202,-13.590575,-0.36080685,23.70242,0.30176556,0.02381916,0.6722294,-0.007619549,-1.5988648,0.040147655,0.48334175,32.002533,0.2296117,-4.1463995,-3.1242769,15.7590275,0.8772445,-16.891483,-0.64824057,-13.791851,24.162712,0.00023059297,0.0033513375,0.019000813,1.7628206,2.2617123,0.07428571,0.05407855,0.34642857,0.4202823,-46.93576,ans,Ses05M_impro04,Ses05M_impro04_M021
537,35.13605,0.08854814,32.03009,34.920715,37.342117,5.312027,108.47443,136.6643,39.106552,25.65094,0.1857568,0.88777184,0.053397372,0.13454343,0.2894906,0.23609324,1.9827571,0.93633896,2.1586933,1.0905055,0.042520177,1.3565617,29.827784,0.2169493,-5.642761,-2.4326665,16.157602,0.64768094,-17.640764,-0.8124753,0.01955841,1.6191235,0.7539517,0.738861,8.51444,0.4281552,-0.5159934,-17.650148,20.22149,0.3501582,699.5242,0.2639366,1387.8365,0.136251,-112.24019,-0.83920205,1746.8586,0.108791605,1086.4824,0.30973002,-114.87861,-0.7721706,2823.4924,0.06880731,912.9068,0.3431292,-118.42976,-0.716504,-13.587843,-0.5438701,24.355286,0.3075947,0.031574577,0.6670124,-0.015288867,-0.77795416,0.07029909,1.0171866,33.79518,0.18104273,-9.503328,-1.7790303,16.888813,0.85358566,-24.904905,-0.618502,-13.15459,23.359701,-4.6668683e-05,0.0023433722,0.018541675,2.2160666,1.4044944,0.32799998,0.2146066,0.30166665,0.3037223,-39.32656,o,Ses05M_impro04,Ses05M_impro04_F017
538,28.97583,0.099165514,27.082214,29.199747,31.89688,4.814665,83.96671,134.23416,41.747204,55.064224,0.13207884,0.5022933,0.05546514,0.12645765,0.19681703,0.14135188,0.95099765,0.47768354,0.86552423,0.35046196,0.026077293,0.6154982,27.336668,0.32588226,-3.6320899,-3.4192374,19.678246,0.66689533,-11.772577,-0.98743105,0.016853219,0.7896495,1.1399179,0.56066924,4.621488,0.4719005,3.832451,2.1105213,20.636925,0.37261143,630.31024,0.40101838,1337.5175,0.14646187,-145.4251,-0.56993103,1609.881,0.15706618,1096.1278,0.28071797,-144.33748,-0.5567671,2614.9326,0.097899884,924.41583,0.31047136,-145.9383,-0.5352051,-11.79348,-0.40876234,21.237309,0.20296742,0.022874186,0.900861,-0.001118316,-11.675555,0.03779526,0.3385656,31.85754,0.21865144,-5.7906423,-2.0054877,24.298336,0.6829822,-12.385384,-1.2665136,-10.6954565,20.74119,0.0024585752,0.0042261225,0.021245116,3.1894934,2.4621212,0.115384616,0.06912813,0.25071427,0.29824406,-46.011,o,Ses05M_impro04,Ses05M_impro04_M022
539,36.833874,0.15924874,34.100555,35.335495,44.617188,10.516632,50.191093,0.0,62.071133,45.781162,0.2058133,0.46259496,0.102786295,0.20515418,0.2921296,0.1893433,2.0375516,0.7669112,1.6796772,1.8763264,0.051057063,0.7732446,27.461561,0.31700128,-7.41429,-1.589922,15.436857,0.7474724,-21.134163,-0.77693385,0.020928027,1.1321316,1.0939236,0.53814864,7.355898,0.47058758,9.038333,0.90816253,19.839666,0.3397838,584.3021,0.42043114,1406.1631,0.19403432,-135.28114,-0.6572088,1589.5232,0.19224079,1015.88086,0.19447225,-124.71831,-0.7045667,2579.4507,0.0795675,996.4445,0.34430164,-126.68023,-0.67620635,-9.411284,-0.33499184,18.290642,0.30397907,0.04950646,0.29799965,-0.0028966772,-2.9145799,0.06238292,0.28331918,31.487396,0.24338064,-16.40506,-0.4131239,15.303693,0.60079896,-26.74861,-0.5533876,-10.769861,19.847132,0.013108309,0.0022200812,0.043933917,4.9586782,2.586207,0.14666666,0.062360957,0.21333334,0.13474254,-41.22152,b,Ses05M_impro04,Ses05M_impro04_F018
540,32.404972,0.15404908,27.60794,32.326633,36.931355,9.323414,93.49289,82.777374,127.79884,126.1208,0.19970094,0.56520957,0.11073316,0.16343671,0.2771567,0.16642356,1.9122013,1.9872947,1.4700929,1.295888,0.043815035,0.7195012,27.981913,0.31134954,-5.415468,-2.4207723,21.475632,0.7942001,-19.527067,-0.69386894,0.019888435,1.3741484,1.2132174,0.5182742,6.0075197,0.48085725,6.4352946,1.38601,20.185865,0.38264257,636.3912,0.33704582,1372.8986,0.16178477,-120.62248,-0.7494627,1670.319,0.1536386,1028.2196,0.34958965,-119.33629,-0.7207821,2676.797,0.08876632,929.40607,0.28982526,-120.68607,-0.6993441,-11.858173,-0.43351924,20.530476,0.31449553,0.027240211,0.9180196,-0.008646308,-1.4820626,0.05415998,0.570694,31.925644,0.19182286,-7.688106,-1.7177829,22.593744,0.8587609,-21.026497,-0.6784945,-9.52715,17.306643,0.011355797,-0.0025607413,0.03576446,3.0701756,2.9498527,0.14199999,0.12209014,0.18578947,0.19577955,-41.35601,o,Ses05M_impro04,Ses05M_impro04_M023
541,33.52748,0.110841,29.38375,34.08353,37.188286,7.804535,101.02568,53.697136,213.72115,132.03752,0.284218,0.46911743,0.15559083,0.2683046,0.415974,0.26038316,1.6909332,1.0671443,1.5281047,0.45666268,0.06403802,0.55370903,27.156137,0.3789823,-6.462003,-2.4193547,19.195456,0.5953852,-19.750006,-0.6431839,0.028111454,1.4204634,1.2779094,0.51230645,5.4118996,0.4247484,4.475872,1.6456373,19.822866,0.39775905,590.1413,0.33800963,1365.2267,0.13882554,-91.80363,-1.0060627,1646.3743,0.1352232,1097.2062,0.41301635,-91.073906,-0.92379254,2604.368,0.10184475,956.96436,0.20303454,-92.70791,-0.89141107,-11.170141,-0.39983314,18.89292,0.29292893,0.039819386,0.3294659,-0.011751874,-0.7370832,0.07419642,0.4555948,31.956743,0.19010805,-12.018706,-1.1050847,21.163805,0.5082731,-22.569036,-0.498112,-8.58825,15.645045,0.01972724,-0.0043993285,0.04869544,3.030303,3.773585,0.14999999,0.08869423,0.116000004,0.07059745,-38.293983,ag,Ses05M_impro04,Ses05M_impro04_F019
542,30.901258,0.18249239,29.419298,32.843967,34.724564,5.3052654,125.83218,64.00554,52.358532,56.11494,0.121805206,0.46909797,0.07210266,0.11001557,0.16294487,0.09084221,0.98318154,0.5169004,0.8653131,0.39963946,0.021126037,0.6749116,27.019133,0.4077821,1.7089494,5.409888,17.276672,0.61384517,-13.764053,-0.62759525,0.019979035,1.5848908,1.1102077,0.63860524,7.1020174,0.44113287,0.7606437,5.8189964,22.665537,0.26462945,667.8295,0.32360423,1405.199,0.30486542,-106.086136,-0.8680392,1705.2538,0.13746515,1120.5918,0.3333183,-111.3926,-0.7671143,2707.2034,0.08083219,938.44806,0.55678135,-113.99999,-0.7264756,-15.775294,-0.21354717,24.42451,0.23249029,0.019644523,0.82671136,-0.011976467,-0.8860801,0.023672434,0.53621805,32.092613,0.1995959,1.6482025,4.1148467,20.064146,0.5239446,-16.68507,-0.49138957,-11.00048,19.896025,0.0003450567,7.089157e-05,0.015738504,3.4334764,3.0837004,0.15142857,0.07491492,0.15285714,0.08971611,-46.261738,o,Ses05M_impro04,Ses05M_impro04_F020
543,31.077328,0.15124044,27.971008,29.993822,36.152363,8.1813545,270.19073,474.67786,28.54067,28.994495,0.16856387,0.74246114,0.06108603,0.14067307,0.24322668,0.18214065,1.8590618,1.311592,0.62420046,0.5644492,0.03706694,0.8435859,27.748228,0.32670107,-4.3075323,-2.198689,18.945272,0.6164919,-11.104879,-1.2657576,0.017256489,1.2939796,1.2891191,0.65669245,5.8878765,0.5330024,3.231648,2.4711182,20.606136,0.42178622,671.3059,0.40162036,1336.6945,0.18069693,-125.639145,-0.73154855,1695.22,0.16500044,1034.3433,0.2764543,-125.14442,-0.7009731,2709.2856,0.12350188,949.7372,0.32843703,-127.23993,-0.67081064,-12.156709,-0.43088552,22.591364,0.27981025,0.031812456,0.5980103,-0.007278708,-1.9129475,0.0549202,0.58626163,33.53236,0.2076438,-7.012927,-1.6059077,19.759977,0.76253283,-13.472912,-1.156309,-11.188922,19.681345,0.0013717868,0.0034280117,0.024837116,2.2471912,1.920904,0.20411764,0.16915216,0.29647058,0.4073435,-40.438004,q,Ses05M_impro04,Ses05M_impro04_M024
544,37.420338,0.11416057,37.978367,39.071003,39.707306,1.728939,17.948935,11.265698,27.400532,0.0,0.27578938,0.6289327,0.13299526,0.18970533,0.52050906,0.38751382,1.668752,0.9920805,1.1360809,0.3796057,0.051049683,0.79061216,24.396694,0.55994844,-6.655586,-1.8783798,12.2103815,0.9943827,-10.158547,-1.1723254,0.00869053,1.0240778,1.2510822,1.1533778,9.073978,0.4797166,8.493111,1.1447226,22.61983,0.35472327,845.67633,0.27115178,1311.5863,0.17101097,-113.568954,-0.8146796,1763.0188,0.13064587,1117.6456,0.20039865,-111.450165,-0.80663085,2923.88,0.10601949,901.1982,0.31648025,-117.66162,-0.7099478,-8.850584,-0.80158323,26.052483,0.2772025,0.03130794,0.47181773,-0.0050184163,-1.673134,0.079558566,0.51521295,36.32508,0.18641755,-15.402593,-0.7165229,7.2547383,1.7417384,-11.910771,-1.0410099,-6.653883,13.727831,0.009730418,0.005208112,0.02758061,2.189781,1.5151516,0.31,0.22999999,0.21666665,0.16679995,-35.17569,b,Ses05M_impro04,Ses05M_impro04_F021
545,31.725006,0.08539182,29.03778,31.732132,34.258892,5.2211113,48.153812,41.951424,19.990616,5.1713004,0.24572076,0.708576,0.11162309,0.18426347,0.3729909,0.2613678,3.0859969,1.7400172,1.9908011,1.1119609,0.057982396,0.7923397,29.970558,0.28620788,-13.819465,-0.9847519,13.557449,0.8485633,-20.22551,-0.62483394,0.01877239,1.0172102,1.2504274,0.6986003,5.44584,0.571492,-2.9709063,-2.3335686,14.175442,0.64135915,617.3763,0.31496236,1421.524,0.090533145,-107.78292,-0.8575414,1604.1577,0.13296473,1198.925,0.23738506,-107.12124,-0.84113044,2674.1353,0.104249924,1030.8816,0.4415957,-111.887665,-0.7624865,-9.182585,-0.79419667,21.69168,0.2902234,0.020553552,0.76240396,-0.0065323217,-2.150492,0.07695641,0.61066025,32.968277,0.22660117,-13.121771,-1.0917373,11.63006,1.1351637,-21.403563,-0.6359485,-7.217464,16.10319,0.0007723244,0.0007140174,0.04051833,3.4334764,3.0701754,0.15142857,0.045803484,0.13374999,0.07983381,-38.498886,q,Ses05M_impro04,Ses05M_impro04_F022
546,30.09153,0.09468622,27.286137,30.26045,31.833302,4.547165,335.4286,209.21829,18.113886,38.43918,0.2375327,0.6587011,0.12513746,0.1843043,0.3431763,0.21803884,2.6281605,1.827302,1.9178934,1.471767,0.059174154,0.9283401,29.180801,0.2791781,-10.740651,-1.0636966,17.96255,0.71570987,-15.423075,-0.9178704,0.02864771,1.1368657,1.3227724,0.6122636,4.22196,0.6577066,-0.5531363,-12.320378,17.19299,0.5738065,621.4441,0.3353267,1420.77,0.13873908,-130.66985,-0.67783445,1635.8605,0.14007257,1140.0693,0.21100827,-131.25313,-0.6522014,2660.372,0.09276509,934.89874,0.2552516,-133.56386,-0.6193297,-10.553387,-0.5120755,20.723022,0.31428576,0.029307803,0.60600305,-0.01323773,-1.3264982,0.07488201,0.77559376,33.344894,0.24850181,-10.610456,-1.0809807,15.187024,0.8531663,-22.126831,-0.75864637,-8.168767,16.473923,0.014448622,-0.0016840709,0.05101296,2.9411767,3.2835822,0.102727264,0.06981676,0.18181817,0.13992324,-38.275223,ans,Ses05M_impro04,Ses05M_impro04_M025
547,32.415703,0.08350188,30.970894,32.05342,35.051674,4.08078,371.7749,222.80737,19.302576,48.72782,0.31900385,0.58109367,0.16254918,0.24405333,0.48508382,0.32253462,2.9407682,1.3165998,2.7008605,1.6836767,0.0859635,0.8231532,24.759327,0.27729356,-9.612999,-1.0171198,22.729132,0.56561303,-15.787329,-1.1598101,0.03947749,1.2428534,1.3160597,0.62402916,4.750262,0.5888377,-4.1602426,-1.6423037,12.864506,0.6358486,667.6795,0.36074734,1429.26,0.16634297,-135.1237,-0.64523494,1724.3983,0.11494252,1024.8774,0.23474915,-137.08905,-0.6101805,2752.7075,0.078812085,878.7757,0.20269322,-138.48175,-0.59162134,-8.698333,-0.3543212,15.627791,0.3194443,0.03534788,0.39810246,-0.020928273,-0.88020104,0.11766671,0.58601063,25.110247,0.26107144,-12.555085,-0.7569167,20.805325,0.5525389,-28.655306,-0.7130319,-8.500424,16.09639,0.028538823,-0.0065112594,0.07406708,3.6764705,3.8167942,0.078,0.06997142,0.16399999,0.06406247,-35.472546,s,Ses05M_impro04,Ses05M_impro04_F023
548,30.154797,0.08636957,27.150286,29.915825,33.286858,6.136572,4.9173613,0.0,17.083778,0.0,0.21927641,0.54471725,0.11241788,0.1849483,0.33410096,0.22168308,2.4876971,1.2556657,1.4750446,0.73643476,0.048095312,0.7113372,25.116842,0.39314464,-5.16376,-2.5331678,22.330753,0.6566483,-10.737679,-0.94448197,0.010866402,0.75745136,0.9995603,0.44274455,5.9738617,0.40084362,-0.4085398,-22.274721,17.444664,0.6515588,607.00494,0.32644948,1315.4507,0.16211122,-106.06223,-0.892708,1675.2573,0.11279518,986.7274,0.20269144,-107.47182,-0.85668284,2698.032,0.11443192,1035.0001,0.2774107,-110.59975,-0.80495876,-11.089419,-0.30228332,18.93591,0.23152198,0.028628414,0.5919347,-0.012817959,-1.260699,0.06643016,0.57739127,30.2782,0.19874777,-8.257534,-1.7863406,18.070175,0.89228106,-12.477078,-1.0460645,-8.468369,16.074038,0.003443561,0.007853644,0.031912107,2.777778,2.189781,0.21333334,0.026246693,0.16499999,0.098615415,-39.92713,o,Ses05M_impro04,Ses05M_impro04_F024
549,32.51795,0.12960292,29.571655,31.613485,37.918713,8.347057,66.841965,13.516743,35.96733,28.876743,0.25029585,0.7610079,0.102236964,0.18267468,0.40388677,0.3016498,3.4847307,1.8412046,1.5916693,0.8393142,0.063923776,1.2568402,25.264502,0.3290602,-7.4139266,-1.6592155,22.731451,0.7176204,-14.592642,-0.95815516,0.013870011,0.836628,0.981792,0.4280782,6.1837864,0.5318795,4.529614,2.9556842,15.755417,0.67742455,686.8503,0.32547238,1302.9675,0.15407246,-116.295364,-0.7860535,1717.9253,0.10173608,1027.7632,0.5599597,-116.92521,-0.7658837,2741.7031,0.10616068,955.7887,0.37526226,-119.0357,-0.7326425,-10.689683,-0.3260407,18.237473,0.22355847,0.0316773,0.6084081,-0.012857879,-1.2871798,0.092381075,0.91396046,27.317343,0.24521403,-8.911856,-1.5510014,22.488987,0.69940084,-18.293612,-0.9090769,-8.460081,17.012972,0.009395806,0.0056355637,0.042006142,2.1551726,2.6548672,0.15833333,0.06792562,0.295,0.3256148,-36.437695,o,Ses05M_impro04,Ses05M_impro04_M026
550,36.856934,0.12031823,34.820957,38.21271,39.391365,4.570408,141.58435,104.44658,107.16987,103.50138,0.18149714,1.062719,0.062022805,0.08990098,0.3009911,0.23896828,1.1275557,0.6751011,0.9421735,0.64695996,0.050838992,1.5904889,23.019926,0.27342233,-2.5363216,-4.2585616,23.04206,0.4297248,-14.991528,-0.9403805,0.039804425,1.9042232,0.8360951,0.44921812,7.9004645,0.54019475,13.155163,0.95084965,14.518866,0.5295288,821.00653,0.21221085,1359.545,0.15413867,-156.9262,-0.47356603,1776.3768,0.059846837,1014.95984,0.7169224,-155.00706,-0.4844572,2844.6003,0.07760471,753.2196,0.4933785,-155.67697,-0.47510687,-13.143642,-0.38196987,20.375273,0.25774124,0.030432073,0.6798059,-0.010682339,-1.3680857,0.11118684,0.901941,23.150257,0.16006282,-6.100136,-1.7917855,30.560223,0.2758897,-25.12131,-0.6362534,-11.792916,20.557556,-0.0012530463,0.0014058967,0.031148072,1.2552302,1.7094017,0.14,0.12206555,0.42,0.5651106,-37.06405,s,Ses05M_impro04,Ses05M_impro04_F025
551,34.632847,0.02244232,33.73096,34.769703,35.460594,1.7296333,-2.399826,0.0,7.9904385,0.0,0.15822558,1.2451569,0.059026703,0.07917233,0.16196342,0.102936715,1.154158,0.42827415,0.97632486,0.9265278,0.026806397,1.2059566,24.960798,0.2587027,-6.9350996,-1.601414,14.062079,0.6660795,-13.303467,-0.8443721,0.0066469987,0.8077566,0.6825264,0.50906473,8.375075,0.3607297,-6.6319866,-0.81134176,4.2199116,2.0442932,631.7175,0.25365558,1418.2324,0.06436255,-170.43683,-0.4039954,1602.4733,0.072728574,1466.8307,0.4009535,-169.0657,-0.4169993,2507.6802,0.16392954,976.51074,0.36618882,-170.29305,-0.39812547,-6.0113072,-0.64569783,18.085436,0.33488885,0.01603019,1.0246308,0.00019163618,42.531483,0.084142946,0.5283626,29.893927,0.075158924,-22.6821,-0.40545556,12.806098,0.70802706,-28.516674,-0.41134694,-10.238796,20.336205,-0.0033191761,0.0047373334,0.01601732,1.0752689,0.5524862,0.29,0.0,0.745,0.175,-39.389404,g,Ses05M_impro04,Ses05M_impro04_M027
552,36.110252,0.110582724,32.687225,36.57222,38.667107,5.9798813,116.60897,219.1715,63.099087,41.900772,0.16377047,0.83689445,0.05810925,0.094753474,0.2860953,0.22798604,1.2755201,0.6205695,1.4301612,0.9485918,0.03089027,0.9538032,27.851578,0.3919257,-2.1755733,-5.4562597,12.926145,0.8587198,-13.475846,-1.3548695,0.016900823,1.7687349,0.79835755,0.78181803,9.803626,0.3287143,4.5110593,2.4899929,22.45677,0.39375037,655.54803,0.35601366,1408.728,0.1650715,-121.26695,-0.76532316,1657.4352,0.15726309,1164.5989,0.33257467,-117.23781,-0.75591975,2757.4722,0.10669007,955.23816,0.31190476,-121.20468,-0.69534487,-13.704965,-0.37891912,25.269575,0.2796876,0.035162076,0.6921053,-0.015995016,-0.9351394,0.051895186,0.60790884,34.575573,0.24685436,-7.2424088,-1.8309262,10.691814,1.2479352,-25.37556,-0.7964228,-12.920121,21.433249,-0.006866798,0.0043524345,0.013323209,1.8387554,1.5669515,0.28363636,0.21419077,0.33272728,0.2466905,-39.356514,q,Ses05M_impro04,Ses05M_impro04_F026
553,37.606197,0.16116998,30.373817,38.28999,43.450554,13.076736,36.087788,7.8046722,11.686907,9.675385,0.1338134,0.620963,0.057410732,0.10490935,0.21134979,0.15393905,1.4847236,0.9630438,0.6877406,0.834097,0.029199755,0.67563313,27.319986,0.2254529,-5.797295,-1.694474,24.708883,0.5449186,-8.95199,-1.3044258,0.016032027,0.9545156,1.2087944,0.5990444,8.429805,0.4577831,7.2873535,1.1660258,19.99637,0.29500332,694.1073,0.33751246,1420.8131,0.23039742,-155.16577,-0.5127704,1690.1895,0.12000623,1088.6598,0.21869306,-150.69803,-0.52852184,2658.6392,0.10058004,952.10443,0.33602628,-151.48572,-0.5168566,-9.969508,-0.6032967,18.787745,0.3185232,0.032170445,0.48462954,-0.0012249526,-11.539842,0.050369628,0.30048358,30.164228,0.18649752,-13.285866,-0.9051564,20.117958,0.9372161,-19.026104,-0.80938256,-13.125038,20.177376,6.293171e-05,0.003907819,0.021582067,3.0612247,1.3840832,0.1875,0.114972815,0.51,0.2806243,-44.58902,o,Ses05M_impro04,Ses05M_impro04_M028
554,38.221535,0.08444435,35.237934,37.82732,41.961037,6.7231026,32.783215,19.472607,30.755924,19.961658,0.18377769,0.6235938,0.0766979,0.15827413,0.28554365,0.20884575,2.2453327,1.8878204,2.4236543,1.5077376,0.038761806,0.76690733,25.968872,0.37373927,-2.8481226,-4.725462,15.073164,0.8273764,-18.58717,-0.8522794,0.016828423,1.1618552,1.0019433,0.69115394,9.492471,0.30197674,6.796172,1.6554092,21.765984,0.25127473,707.3094,0.24612468,1361.838,0.119692095,-106.39812,-0.86622727,1739.0985,0.113801554,1034.5426,0.33351,-104.05622,-0.8355531,2806.4731,0.08231401,819.0884,0.3829601,-107.15905,-0.7835494,-12.234121,-0.43917477,21.249645,0.292486,0.033859897,0.5820476,-0.0129249105,-1.1427327,0.05485405,0.53252465,29.32625,0.26525918,-7.8487034,-1.6652092,14.602094,0.8988407,-27.959457,-0.4537738,-12.469837,20.811567,0.0041342843,0.00034001967,0.02108399,3.468208,2.529183,0.20076923,0.15081632,0.18666665,0.23651403,-40.4346,q,Ses05M_impro04,Ses05M_impro04_F027
555,27.579813,0.060027663,25.927555,28.245651,29.359907,3.432352,54.160248,0.0,12.683649,0.78054005,0.10325862,0.799361,0.053277854,0.06071621,0.14409852,0.09082067,0.9226155,0.7732462,0.14760971,0.37640098,0.020934016,1.0366821,25.668903,0.18584901,-4.774837,-1.2510186,19.439291,0.34994364,-10.470721,-1.1879345,0.034029935,0.3449371,1.73925,0.4164128,2.6895711,0.38465813,1.8362193,3.4411356,17.314445,0.4049473,863.0155,0.22509928,1219.2493,0.15968317,-178.86531,-0.32449847,1991.572,0.11621891,1012.4806,0.3067219,-180.4749,-0.29731894,2857.2634,0.07377314,839.0645,0.26588207,-180.18108,-0.30232212,-11.120062,-0.34835947,16.859589,0.16062638,0.024276331,0.5524972,-0.011109574,-1.6417272,0.04050547,0.29848564,30.920511,0.17846026,-6.0290446,-0.992711,26.923676,0.1893358,-20.76462,-0.94989777,-11.701673,20.293367,0.00010147482,0.0042837737,0.018587824,1.8433181,1.4150944,0.07,0.03559026,0.45999998,0.35616007,-48.122776,ans,Ses05M_impro04,Ses05M_impro04_M029
556,38.825665,0.09488661,34.741547,39.907646,41.50234,6.760792,22.15585,11.542636,52.202374,31.86996,0.2029689,0.7819842,0.06614807,0.15229449,0.28019187,0.2140438,2.8623135,2.501228,2.0277302,0.9270264,0.051446076,1.0946543,29.383678,0.27246627,-7.7159424,-1.6540978,12.531092,1.1011868,-20.332897,-0.86731094,0.022272015,1.6343096,1.0831442,0.71949863,9.076787,0.31208748,5.4500365,1.8643923,22.663918,0.38310286,669.0124,0.28625888,1461.2638,0.14621167,-99.56989,-0.93845063,1679.7871,0.1264513,1093.903,0.3001518,-93.1601,-0.9301164,2784.5457,0.07420838,914.1412,0.34812555,-97.46747,-0.85266364,-13.044398,-0.4526533,24.63446,0.31489825,0.02984119,0.65163237,-0.013798642,-0.7820752,0.07363423,0.8704904,32.70386,0.21634395,-10.961448,-1.3228146,11.069056,1.4502689,-29.553091,-0.5235905,-11.571609,21.709167,-0.0036283408,0.0049047093,0.020764409,3.2786887,1.9390582,0.2957143,0.12937841,0.17375,0.20639388,-38.025486,o,Ses05M_impro04,Ses05M_impro04_F028
557,36.637566,0.11449213,34.73341,37.130455,40.547356,5.813946,102.34831,60.94016,69.025185,47.928066,0.33935273,0.7090684,0.12358232,0.30024296,0.4902243,0.366642,4.36704,1.8727763,3.6079113,1.6944157,0.10751294,0.9993459,25.874235,0.29034963,-13.319357,-1.0170642,16.660992,0.69020844,-21.773485,-0.7265989,0.036277153,1.6958978,1.2669029,0.5425699,4.9108725,0.6196737,5.5224743,1.623699,15.63629,0.48977965,654.91394,0.3877318,1384.7777,0.16045919,-111.82332,-0.8355033,1676.0012,0.11627038,1173.4077,0.29492643,-100.50059,-0.87770003,2693.6057,0.1245029,1096.0648,0.33218905,-101.74071,-0.85574454,-7.6270647,-0.5448269,15.241201,0.3976147,0.043645374,0.4642829,-0.016355539,-0.5965483,0.139621,0.7574813,26.877008,0.3069472,-16.672186,-0.7895648,15.190882,0.85635453,-27.085457,-0.642897,-9.630163,17.805712,0.010818206,-0.0026753321,0.075286746,3.7500002,3.2467532,0.156,0.10613199,0.132,0.084947035,-34.73422,s,Ses05M_impro04,Ses05M_impro04_M030
558,39.8564,0.13757427,35.94444,40.157997,45.73515,9.79071,90.187256,57.958122,168.38733,160.65396,0.30294392,0.70128554,0.13068491,0.24879472,0.41321573,0.2825308,3.6857066,1.8694435,3.3545618,1.8079987,0.09176705,1.0242486,26.358372,0.2927665,-11.640744,-1.2518494,11.127055,1.1314068,-22.910152,-0.621233,0.030295243,1.6265101,1.2656333,0.57201064,6.7969456,0.5521858,9.369497,0.97852564,18.628624,0.43472382,681.5535,0.3278698,1377.4915,0.1460385,-94.55361,-0.9682643,1687.706,0.1099569,1110.8651,0.27138612,-87.37877,-0.9455578,2731.8418,0.10555421,971.7722,0.39066786,-89.73552,-0.90142703,-10.33977,-0.53589785,18.506525,0.37025675,0.043596648,0.46210098,-0.013492566,-0.8200409,0.10734897,0.86594665,27.618519,0.27212265,-14.558836,-0.9617725,10.691451,1.2045237,-26.692785,-0.5772157,-10.098679,18.667202,0.021759212,-0.004267267,0.07312893,3.9473684,4.5045047,0.12699999,0.09685556,0.08222222,0.022986846,-35.790745,q,Ses05M_impro04,Ses05M_impro04_F029
559,35.7298,0.21247338,29.960909,33.018147,45.513985,15.553076,113.23546,94.93759,54.168385,42.512585,0.31344834,0.784929,0.12304366,0.21949184,0.44865784,0.32561418,3.3100255,3.5511396,3.1148908,3.009549,0.08838,1.122607,27.410078,0.30402812,-12.636281,-1.0936106,12.8171215,1.03418,-24.164888,-0.7049581,0.022806808,1.487109,1.1914136,0.53104573,6.112377,0.6607562,3.6436117,2.8899403,16.116438,0.61347616,688.1917,0.35363063,1345.645,0.17701054,-116.41899,-0.8030008,1665.7687,0.16749641,1062.2317,0.25070435,-111.01001,-0.8238712,2704.6775,0.103982694,926.8059,0.36566374,-114.60815,-0.76368237,-8.97164,-0.6349066,18.904026,0.3174645,0.04537051,0.55860937,-0.011214604,-1.0498194,0.12815808,0.9152336,29.154024,0.22006412,-18.339607,-0.6392492,10.460916,1.3382237,-31.375225,-0.48035166,-9.062705,17.683332,0.021182831,-0.0026768208,0.054199602,2.3066485,2.8688526,0.15333332,0.12612666,0.18249999,0.17302819,-33.681313,ans,Ses05M_impro04,Ses05M_impro04_M031
560,35.320915,0.21339999,30.564802,32.673046,42.674366,12.109564,146.20346,120.17633,0.0662632,32.46039,0.45792097,0.59307104,0.21009873,0.37832236,0.73651713,0.5264184,5.3159037,4.2260456,4.439557,2.9507625,0.13694167,0.8819037,27.02603,0.23163764,-19.387127,-0.50132436,12.527643,1.1582016,-29.905018,-0.5329903,0.022331879,1.7891614,1.1226647,0.5706676,5.7989736,0.73824996,-2.1720185,-3.567374,10.78841,0.6081454,684.6927,0.3597858,1333.7399,0.18383634,-95.866135,-0.98819995,1652.4368,0.16389097,1072.3639,0.29959542,-90.49301,-1.0219126,2701.755,0.09523922,915.3904,0.3697023,-95.261604,-0.9238924,-6.41093,-0.6793284,17.19483,0.28311718,0.05267124,0.49151576,-0.013509244,-0.8497829,0.18342544,0.6848555,27.254833,0.23270719,-22.710573,-0.40011403,8.389173,1.6808479,-37.95699,-0.31630123,-7.617625,16.385525,0.03392337,-0.0021103693,0.07998804,2.493075,3.0898876,0.17272727,0.15392388,0.14299999,0.15046926,-30.888298,q,Ses05M_impro04,Ses05M_impro04_F030
561,36.121265,0.15931532,31.321724,36.29799,41.55983,10.238106,100.35411,108.44787,83.02922,52.184044,0.17362522,0.63508654,0.06416192,0.14715628,0.28014326,0.21598133,1.8941828,0.9331683,0.8416739,0.8361874,0.04202354,0.905984,27.14648,0.2152011,-8.037634,-1.1604339,14.054272,1.104163,-19.428152,-0.6451084,0.01570091,0.91070735,1.2335421,0.5422604,6.0750637,0.73058957,5.431906,2.3045845,17.81052,0.5816367,629.8488,0.3113361,1338.6256,0.16221,-145.36488,-0.57810926,1621.0602,0.16804363,1033.8896,0.31424794,-140.45567,-0.59691894,2697.423,0.113676086,875.1115,0.23155324,-142.4389,-0.56875587,-10.401251,-0.46929422,20.672783,0.29992872,0.029193448,0.71672,-0.007869926,-1.3902795,0.063715376,0.5591088,30.172987,0.14082049,-12.455576,-0.8284909,10.08226,1.7322326,-28.093603,-0.40460122,-10.1838875,19.641363,0.0042717187,0.00097614294,0.031443164,2.4834437,2.173913,0.13923076,0.12073248,0.30076924,0.29967833,-42.018944,ans,Ses05M_impro04,Ses05M_impro04_M032
562,39.25647,0.08429319,36.51694,38.299393,42.67408,6.157139,27.252558,15.663194,25.456226,8.321315,0.1986746,0.6766572,0.08347729,0.13625747,0.36055732,0.27708003,1.754506,1.1003997,1.7063742,0.9221113,0.039913878,0.8743429,25.04418,0.24175183,-10.31591,-1.2105132,13.696222,0.8857804,-20.97156,-0.63660467,0.013794688,1.1954632,1.1723033,0.9985225,8.83988,0.35215905,3.895757,1.8885367,16.259176,0.56452674,649.93115,0.32759637,1402.3983,0.12992653,-125.74982,-0.7327578,1686.5702,0.13438348,1088.5516,0.3053275,-121.23667,-0.7360465,2656.3135,0.08735593,996.0656,0.291929,-122.62061,-0.7159725,-9.528293,-0.4686539,17.124205,0.34871334,0.036642615,0.45652327,-0.011223488,-0.9044188,0.065286666,0.61721975,28.000278,0.19234878,-16.552649,-0.76793975,9.940816,1.5099515,-30.631601,-0.40274483,-9.386229,16.829786,0.0076867174,-0.0006390575,0.022109771,3.3898306,2.3391814,0.1725,0.107558124,0.235,0.13425721,-41.236588,ag,Ses05M_impro04,Ses05M_impro04_F031
563,36.210262,0.04315745,34.19056,36.337303,37.696358,3.5057983,63.021088,0.0,8.362921,6.122189,0.13258353,0.8213461,0.059264857,0.08576009,0.17964979,0.12038493,0.54985607,0.19697073,1.0446976,0.577088,0.025284473,0.86216027,25.55856,0.18666828,-1.7033712,-6.7068195,16.168484,0.4505712,-13.206999,-0.8426416,0.01310822,1.0709947,1.1440777,0.74556357,7.5071845,0.29678687,0.20710906,21.561327,19.920218,0.6043447,563.3535,0.3118135,1413.712,0.13779187,-153.61562,-0.5329848,1638.6672,0.10398754,1113.0271,0.26062313,-153.76187,-0.5101471,2612.0225,0.0685043,1095.74,0.23382309,-154.85869,-0.4964796,-10.739433,-0.5025197,17.124949,0.486432,0.041197885,0.37193826,-0.0154305305,-0.52256745,0.054358568,0.4577007,28.1383,0.22070423,-11.916901,-1.4453676,10.989811,0.95854247,-24.78485,-0.48835495,-13.528859,22.000286,0.0039788703,0.00093578943,0.017108368,2.1276596,2.2058823,0.103333324,0.05312459,0.32999998,0.23846732,-44.590916,o,Ses05M_impro04,Ses05M_impro04_M033
564,35.398266,0.100859664,32.052063,34.80926,38.821934,6.7698708,67.6337,53.760017,26.723608,24.080507,0.17277193,0.71955746,0.05956386,0.12235425,0.2948448,0.23528095,1.825982,1.027607,1.8834693,0.8809413,0.03482678,0.88461536,30.633078,0.25046703,-8.56145,-1.3029089,16.752558,0.59340346,-17.121456,-0.8324438,0.015570145,1.4643284,0.90509933,0.75169945,8.674653,0.32059526,-1.265476,-6.5880604,17.98408,0.4248242,657.5153,0.30113226,1384.7142,0.13966165,-113.34581,-0.8263944,1676.8971,0.1404321,1089.3607,0.25214776,-115.02439,-0.77550256,2715.6992,0.09580348,1020.5208,0.28745532,-118.15045,-0.72678864,-11.264413,-0.5014274,21.771482,0.28060508,0.025603523,0.6360566,-0.014105929,-0.8770223,0.053692147,0.6075445,35.35142,0.18582241,-15.139341,-0.81484777,16.157179,0.8047155,-25.052141,-0.613442,-12.991209,22.33475,-0.002431374,0.00021360294,0.019146312,2.7139876,1.8987342,0.23555554,0.14644764,0.24299999,0.17170033,-41.115177,s,Ses05M_impro04,Ses05M_impro04_F032
565,31.749939,0.013134372,31.333948,31.698202,32.154877,0.8209286,43.860752,59.841583,7.5274653,3.207905,0.14550379,0.63846445,0.062631845,0.093168415,0.26446408,0.20183223,1.8416284,0.780312,1.3572884,0.7786447,0.024977373,0.70101213,29.951693,0.32474074,-7.7209873,-1.3497081,19.500504,0.37569183,-13.641089,-0.8272491,0.009563382,0.62427056,0.8340494,0.6072645,8.225151,0.27127665,-3.171421,-1.3692968,17.121506,0.3255333,607.3429,0.32931837,1435.7784,0.10351904,-126.09685,-0.7192212,1569.7749,0.12721896,1188.9243,0.1445484,-128.16946,-0.68142754,2655.182,0.10898671,1011.5755,0.28120977,-131.72035,-0.62969166,-13.29742,-0.41661096,24.09976,0.26633406,0.025620664,0.6367441,-0.014017162,-0.70124024,0.03462762,0.37130925,39.11809,0.083706595,-12.9149885,-0.93901426,16.72289,0.5066517,-16.69141,-0.79625,-11.482654,19.628172,-0.0011859747,-0.0024335592,0.019796671,3.3557048,2.0833335,0.17999999,0.0725718,0.28,0.20016658,-44.48344,b,Ses05M_impro04,Ses05M_impro04_M034
566,36.9219,0.113858655,35.035458,37.01132,38.875698,3.8402405,28.560043,8.18074,98.638855,103.22169,0.19726568,0.8981611,0.060653526,0.13479318,0.3170723,0.25641876,2.7531593,2.575494,2.3977108,2.2000422,0.05108987,1.3556466,25.916965,0.32950294,-6.932002,-1.6952363,14.115062,0.8003941,-17.096207,-0.96282125,0.022960477,0.9469898,1.2444105,0.7708568,7.75689,0.5589867,6.412316,1.5256057,22.617414,0.35196528,752.5093,0.28834808,1374.218,0.22467102,-146.9559,-0.56764436,1752.6559,0.14437285,1059.2452,0.1817705,-144.19482,-0.5649705,2842.4512,0.0908856,954.5738,0.5428897,-145.98799,-0.5398475,-12.082801,-0.5350542,23.585732,0.29676062,0.038658455,0.5150221,-0.016021015,-0.78345406,0.11353659,0.8397139,30.936174,0.21874954,-11.980411,-1.3948917,9.826476,1.4497514,-33.248104,-0.49832827,-10.083926,18.467884,0.0023165625,0.00015864635,0.023938106,1.8087856,1.8324608,0.16,0.11161157,0.31875,0.27103677,-37.376446,q,Ses05M_impro04,Ses05M_impro04_F033
567,28.778149,0.098745644,26.37172,26.671791,32.10486,5.733139,26.932175,0.0,-6.417599,0.0,0.075255126,0.48997995,0.05259048,0.055144373,0.10026321,0.04767273,0.5395056,0.5190323,0.28749874,0.16701622,0.014624835,0.6805258,27.491879,0.24088907,-1.7862065,-2.6998215,21.047379,0.4674642,-6.741816,-1.0277034,0.0110963825,0.82463384,1.3646212,0.26294142,5.855811,0.24489357,3.3382313,2.0352159,25.135935,0.20796226,815.19244,0.2769165,1329.8007,0.1170627,-169.37273,-0.4045392,1749.707,0.104964055,1109.3007,0.25565445,-170.0179,-0.38928592,2774.0266,0.075524144,791.39044,0.19431992,-170.47952,-0.38240755,-14.119767,-0.2689505,20.65692,0.34030524,0.025950372,0.69987446,-0.010401562,-1.5341706,0.03141245,0.34200373,36.987434,0.16355114,-5.792764,-1.29449,32.04416,0.4459554,-7.3420367,-1.9647055,-13.585002,23.115852,-0.009144939,0.006483728,0.011386504,1.357466,0.92592597,0.175,0.024999999,0.58666664,0.37464058,-50.703518,ag,Ses05M_impro04,Ses05M_impro04_M035
568,33.872158,0.068960324,31.324968,34.158115,35.874043,4.549074,17.395206,1.8840158,21.395346,11.3799095,0.15247712,0.910947,0.05288408,0.07231499,0.25707084,0.20418677,2.0097587,1.5300792,1.7354431,1.2138433,0.029338555,1.1445376,29.799223,0.28140593,-4.965869,-2.3608105,11.82006,0.9643427,-10.728317,-0.8915699,0.010130517,0.7770349,0.90576273,0.7687848,8.517983,0.30739444,-3.7180007,-1.7972163,18.276121,0.3705858,688.6908,0.2419732,1464.5767,0.14934981,-128.70619,-0.71123284,1672.782,0.091847576,1134.1271,0.339714,-129.93547,-0.6780111,2761.0254,0.09247474,969.35345,0.36824253,-133.66405,-0.62485427,-12.418845,-0.42947495,22.465443,0.2631038,0.023714928,0.6831306,-0.014181241,-0.8663855,0.052469466,0.7643168,37.021095,0.1616909,-12.968825,-1.0434624,9.318663,1.5843495,-17.05769,-0.6669848,-13.604924,23.868889,-0.0070413738,0.0049194256,0.015536748,1.6393443,1.3333334,0.2775,0.18899404,0.35999998,0.30893365,-40.80614,o,Ses05M_impro04,Ses05M_impro04_F034
569,24.9866,0.041674536,24.128395,24.63402,26.325079,2.196684,0.0,0.0,-0.22761962,0.0,0.0760878,0.5677821,0.05233574,0.0556746,0.08850672,0.03617098,0.48065305,0.34642786,0.54134256,0.33950397,0.013139949,0.6579532,23.703024,0.27081764,-1.8472171,-4.176173,16.813229,0.31378648,-11.183531,-0.6942894,0.0088752415,0.87500215,1.4084166,0.5666407,2.4898858,0.286719,1.5460082,0.85673225,14.417446,0.17133948,680.0483,0.38548866,1303.1842,0.09308746,-190.07106,-0.22105631,1605.3026,0.13633317,1406.5864,0.58856064,-190.45456,-0.21260105,2611.011,0.07240102,734.9836,0.14573969,-190.60623,-0.20923209,-11.383119,-0.13428582,18.368353,0.09705228,0.03992795,0.3474065,-0.009470905,-0.6874196,0.031460315,0.27922654,31.449894,0.114137925,-12.736931,-0.78014344,23.768358,0.46634677,-23.830061,-0.5325862,-11.876094,21.028809,-0.005757833,0.006067989,0.012133922,1.2396696,0.8438819,0.055,0.024999999,0.7366666,0.5177086,-53.62031,o,Ses05M_impro04,Ses05M_impro04_M036
570,35.494034,0.08522902,33.169575,35.438904,38.052303,4.8827286,15.325605,8.021798,27.611593,15.987748,0.16075483,0.78701216,0.055437542,0.1306993,0.22526391,0.16982636,2.1940017,1.7340496,1.8111233,0.952271,0.032117907,1.0153422,28.389177,0.27520886,-4.810275,-2.51372,18.464966,0.65927905,-15.160318,-0.9100644,0.013739225,1.1761779,0.9505875,0.72146547,8.9348345,0.3026707,5.194803,2.0728595,20.400274,0.36157295,653.09644,0.3032164,1419.6802,0.1665195,-110.375374,-0.84823316,1685.0721,0.12057611,1068.0504,0.32275456,-110.69641,-0.8037469,2729.0469,0.08931084,974.4053,0.40852928,-113.442795,-0.7592558,-13.087302,-0.43814456,22.560335,0.27447087,0.03005333,0.5579633,-0.011794289,-1.1033381,0.049487036,0.7674178,32.785507,0.18992768,-8.712431,-1.5691551,19.745543,0.7626242,-22.460922,-0.63924724,-12.22576,21.20859,-0.0026989211,0.0039370554,0.015227926,2.5609756,1.7177914,0.27785715,0.2118348,0.26466668,0.5299669,-41.441998,q,Ses05M_impro04,Ses05M_impro04_F035
571,33.70567,0.11336956,30.03851,32.707256,36.647194,6.6086845,26.544966,19.243904,31.257454,9.9628,0.13229363,0.6850775,0.05881352,0.10963479,0.17609316,0.11727964,0.9569699,0.70725846,1.294182,1.2794282,0.025347237,0.8564112,29.82259,0.21119982,-5.078496,-1.6920303,18.834095,0.6261491,-10.783261,-1.0747873,0.017475003,1.054595,1.1080035,0.5866691,7.4697447,0.37233436,3.5077424,2.4772048,19.336231,0.26519683,647.013,0.30359495,1367.5397,0.124255784,-115.740425,-0.79910725,1655.0742,0.13372307,1082.5283,0.23358496,-116.838356,-0.7627622,2683.2632,0.08819234,854.3412,0.26598364,-120.21376,-0.71128297,-13.084989,-0.33011562,22.320833,0.22413124,0.025251955,0.6286463,-0.008745327,-1.3363814,0.036558125,0.7561275,33.461823,0.14040847,-7.89618,-1.3426319,16.130398,0.8509643,-17.730976,-0.6988083,-12.156106,21.608805,-0.001001191,0.007612338,0.01661397,2.5179856,1.8315018,0.24,0.16504546,0.28599998,0.26725268,-44.035755,ans,Ses05M_impro04,Ses05M_impro04_M037
572,36.983986,0.091823205,34.072887,36.350704,39.76067,5.6877823,60.536663,86.02719,19.81761,11.387628,0.16052501,0.7784607,0.056083817,0.119966306,0.26034534,0.20426153,1.6911049,1.0105717,1.6060743,1.0756521,0.031921744,0.94091517,30.249466,0.18670292,-7.424856,-1.5399898,15.157483,0.6593923,-15.60481,-0.85643655,0.018202286,1.3623118,1.0562444,0.90414983,8.873845,0.33852464,4.4994063,2.1459455,18.760466,0.37013298,646.82294,0.28792,1416.4711,0.13955083,-121.47003,-0.7638839,1685.0696,0.124166526,1090.8357,0.26267615,-117.5284,-0.75748503,2671.0542,0.09913356,1026.0991,0.31904793,-120.13828,-0.71724445,-12.115742,-0.45699352,21.738644,0.30458212,0.026589189,0.63243586,-0.013599708,-0.89062244,0.05086806,0.6547343,32.982307,0.15982711,-12.849207,-1.0489752,15.033317,0.8683049,-23.825579,-0.6035821,-13.226759,23.248037,-0.002146426,0.003021295,0.016195493,2.1251476,1.6627078,0.26357144,0.16654502,0.296,0.36711124,-41.804657,o,Ses05M_impro04,Ses05M_impro04_F036
573,35.220383,0.062431905,32.55368,36.107983,36.851994,4.298313,30.15482,21.016008,18.223404,11.522435,0.2017708,0.5155138,0.10717161,0.15435039,0.3129933,0.20582168,1.9435931,1.0306191,1.3328227,0.59236073,0.040271312,0.5966679,28.322666,0.37545335,-6.5350184,-2.163186,15.787787,0.72225803,-18.194624,-0.709846,0.015380674,0.8860676,1.1648629,0.7403373,7.519923,0.37964198,3.364368,3.6218746,18.134077,0.3802161,616.40717,0.27553314,1387.6732,0.14922136,-99.33848,-0.918215,1638.8716,0.13800305,1066.627,0.27834296,-101.41058,-0.85112727,2622.0708,0.099914536,972.93207,0.2882817,-104.90783,-0.79266924,-11.591777,-0.33228907,20.2423,0.26312783,0.033052582,0.49947226,-0.010349291,-0.77632564,0.04939958,0.5270403,30.570578,0.2626494,-9.601139,-1.4089124,18.717056,0.64585227,-23.253489,-0.4932742,-10.604498,20.037796,0.0037145682,-0.0008900851,0.02953932,4.0404043,3.6458335,0.13857143,0.05816935,0.11571428,0.06630172,-41.497063,o,Ses05M_impro04,Ses05M_impro04_M038
574,31.925297,0.15982775,27.824715,32.84909,36.322998,8.498283,104.94115,132.88116,91.23307,64.03738,0.12939149,0.52422726,0.06662767,0.11172548,0.17666073,0.110033065,1.0994782,0.86255705,1.2836084,0.71072376,0.026112773,0.5614914,25.091307,0.44204122,3.2712555,2.7656205,24.23731,0.55160177,-12.654407,-1.026864,0.02391506,1.2878022,1.0994793,0.71638066,6.94954,0.42573777,4.7753477,2.3593876,21.450558,0.2947032,566.90875,0.28246439,1328.7936,0.120551735,-125.28925,-0.71353644,1668.1191,0.12034979,993.4805,0.3214336,-128.90044,-0.64242566,2640.2078,0.0839473,934.5857,0.28787258,-129.4741,-0.6342112,-14.887184,-0.23990041,21.923452,0.26227546,0.026321668,0.75798017,-0.014610904,-0.7069341,0.03494044,0.39191973,29.666775,0.27698395,1.8831213,4.7078133,28.061901,0.51563835,-20.867239,-0.60966706,-12.706858,20.819471,-0.004083014,0.001000807,0.021087173,3.3742332,3.1152647,0.12,0.065726705,0.181,0.1976082,-44.869335,s,Ses05M_impro04,Ses05M_impro04_F037
575,27.184137,0.16411841,21.116264,27.364862,32.243366,11.127102,94.858925,62.34313,55.176292,0.0,0.07823056,0.35900593,0.055276114,0.06621296,0.103241324,0.04796521,0.4358008,0.23486389,0.29588273,0.18493384,0.015903823,0.47321823,25.126581,0.24772727,2.522734,2.858326,21.412924,0.5207047,-5.2194853,-1.2775633,0.03460397,0.7936864,1.3735124,0.5600017,4.518141,0.4119626,3.6122487,1.6582588,24.292032,0.2503292,605.5997,0.2899172,1485.7925,0.10890691,-173.00325,-0.360748,1560.9326,0.11266978,1217.2345,0.3961131,-175.02275,-0.33125013,2587.981,0.08913232,922.8001,0.27145776,-175.36613,-0.32644972,-15.791091,-0.13033763,22.846277,0.19293876,0.007066992,2.5060077,-0.010224595,-0.6711802,0.023966089,0.20560442,27.337925,0.30296823,8.910863,0.74481285,25.44055,0.70116806,-13.349822,-0.5534512,-14.194568,23.359545,-0.009567119,0.0049820915,0.015091489,3.3112583,2.0547945,0.06333333,0.032998316,0.4033333,0.32785496,-51.467785,s,Ses05M_impro04,Ses05M_impro04_M039
576,27.737509,0.15519221,26.225954,30.206045,30.585278,4.3593235,255.04599,0.0,13.359587,35.137756,0.0841199,0.5950376,0.053012256,0.05618115,0.120007716,0.06699546,0.5535936,0.4518331,0.5214598,0.22534779,0.018441187,0.84690315,28.843119,0.19388479,-1.0647043,-5.2671194,17.796524,0.31119785,-5.765929,-0.9376322,0.025284654,0.77544236,1.9336969,0.24832414,2.2606044,1.4381336,4.884626,1.7576299,28.956675,0.23933868,600.47986,0.30159992,1542.8761,0.15753247,-179.91696,-0.3154233,1659.2783,0.11215075,1195.8917,0.23026745,-181.47498,-0.28872678,2647.9814,0.09570374,1345.0496,0.4051801,-182.18683,-0.277293,-17.98103,-0.23397735,26.383104,0.16465913,0.020081839,0.75255483,-0.012266431,-1.0871843,0.04067855,0.3967149,35.18571,0.18370295,3.9942482,2.2663581,21.724041,0.27317017,-8.54004,-0.622196,-14.177542,24.756079,-0.007166458,0.0026605257,0.015992617,1.5503876,1.1857708,0.08333333,0.08259674,0.5525,0.42575666,-47.502403,g,Ses05M_impro04,Ses05M_impro04_M040
577,34.42978,0.04342268,32.982212,34.087368,36.007343,3.0251312,44.047256,45.70979,19.010828,11.851446,0.09353918,0.79046744,0.05384678,0.056714308,0.11031168,0.0564649,0.882348,0.9206554,0.81387407,0.76227015,0.016461663,0.7348125,27.355726,0.21324594,-2.9032605,-2.3946326,17.269663,0.47343433,-9.416849,-1.1094983,0.014757911,1.1709706,0.912753,0.63865733,8.6542845,0.17844306,-5.911569,-1.0982866,15.6800785,0.44566,662.65137,0.1947092,1391.9797,0.10652793,-157.32669,-0.5015828,1737.2604,0.0670566,1141.2021,0.31548303,-160.20264,-0.45966095,2749.1487,0.076698646,992.0814,0.39082703,-161.3332,-0.44369397,-14.141513,-0.24288091,22.123968,0.21917261,0.013640595,1.4723921,-0.0183792,-0.585206,0.033368774,0.43520534,33.000435,0.16123147,-6.637977,-1.5172946,17.467321,0.8471542,-22.927135,-0.5698036,-13.395361,23.409733,-0.007534977,0.0055193836,0.011674037,1.312336,1.0638298,0.2025,0.13808964,0.57199997,0.4435493,-47.423313,ap,Ses05M_impro04,Ses05M_impro04_F038
578,26.834833,0.006797783,26.699768,26.720427,27.035095,0.33532715,8.138117,0.0,-2.6159286,0.0,0.06253554,0.29114553,0.05266921,0.054753214,0.070008054,0.017338846,0.36136472,0.42898273,0.31942537,0.1128887,0.011886322,0.31481424,27.466,0.09940631,-3.27737,-1.1083663,20.261045,0.4073131,-6.0060453,-1.0288904,0.030313035,0.50633025,1.8941534,0.2923082,4.1386337,0.11903225,5.4933596,0.8594517,21.260708,0.11178696,728.5074,0.25193703,1349.9849,0.11426225,-190.75822,-0.20359181,1729.8268,0.08071202,1159.7742,0.24141042,-191.17467,-0.19554609,2591.5288,0.07743527,992.23676,0.09459359,-191.10162,-0.19681549,-13.781023,-0.08340332,19.717144,0.065961264,0.02040423,0.5147445,-0.0019497208,-2.857765,0.015840266,0.2020832,31.996231,0.08286915,-5.5726895,-0.18215317,36.55886,0.11060077,-3.3162248,-1.2062225,-13.539579,22.94507,-0.0058859875,0.0052459287,0.011800061,1.4423077,0.9852217,0.044999998,0.005,0.63,0.44143704,-56.14143,s,Ses05M_impro04,Ses05M_impro04_M041
